county,office,district,party,candidate,votes
Autauga,Attorney General,,REP,Jay Mitchell,3134
Autauga,Attorney General,,REP,Katherine Robertson,2709
Autauga,Attorney General,,REP,Pamela L. Casey,1721
Autauga,Autauga County Sheriff,,REP,Kevin McNatt,861
Autauga,Autauga County Sheriff,,REP,Mark B. Harrell,3739
Autauga,Autauga County Sheriff,,REP,Nicholas Cognasi,215
Autauga,Autauga County Sheriff,,REP,Ty Thompson,3121
Autauga,"Circuit Court Judge, 19th Judicial Circuit, Place No. 5",,REP,Ali Patterson,589
Autauga,"Circuit Court Judge, 19th Judicial Circuit, Place No. 5",,REP,Bradley Earl Ekdahl,3595
Autauga,"Circuit Court Judge, 19th Judicial Circuit, Place No. 5",,REP,Carol Cook Carter,3251
Autauga,Commissioner of Agriculture and Industries,,REP,Christina Woerner McInnis,2544
Autauga,Commissioner of Agriculture and Industries,,REP,Cory Hill,2614
Autauga,Commissioner of Agriculture and Industries,,REP,Jack Williams,1890
Autauga,Governor,,DEM,"Chad ""Chig"" Martin",97
Autauga,Governor,,DEM,Doug Jones,2301
Autauga,Governor,,DEM,Jamel J. Brown,260
Autauga,Governor,,DEM,"Nathan ""Nate"" Mathis",36
Autauga,Governor,,DEM,Will Boyd,440
Autauga,Governor,,DEM,Yolanda Rochelle Flowers,167
Autauga,Governor,,REP,"""Alabama"" Will Santivasci",368
Autauga,Governor,,REP,Ken McFeeters,604
Autauga,Governor,,REP,Thomas Tuberville,6937
Autauga,Lieutenant Governor,,DEM,Darryl D. Perryman,1219
Autauga,Lieutenant Governor,,DEM,Phillip Ensler,1967
Autauga,Lieutenant Governor,,REP,George Childress,131
Autauga,Lieutenant Governor,,REP,John Wahl,2412
Autauga,Lieutenant Governor,,REP,Nicole Jones Wadsworth,411
Autauga,Lieutenant Governor,,REP,Pat Bishop,155
Autauga,Lieutenant Governor,,REP,Rick Pate,1204
Autauga,Lieutenant Governor,,REP,Stewart Hill Tankersley,389
Autauga,Lieutenant Governor,,REP,Wes Allen,2958
Autauga,"Public Service Commission, Place No. 1",,REP,Jeremy H. Oden,1724
Autauga,"Public Service Commission, Place No. 1",,REP,Matt Gentry,5157
Autauga,"Public Service Commission, Place No. 2",,REP,Brent Woodall,1336
Autauga,"Public Service Commission, Place No. 2",,REP,Chris Beeker,1404
Autauga,"Public Service Commission, Place No. 2",,REP,Jim Zig Zeigler,3392
Autauga,"Public Service Commission, Place No. 2",,REP,Priscilla Andrews,833
Autauga,"Public Service Commissioner, Place 1",,DEM,James O. Gordon,1837
Autauga,"Public Service Commissioner, Place 1",,DEM,Jeff Ramsey,772
Autauga,"Public Service Commissioner, Place 1",,DEM,John Northrop,486
Autauga,Secretary of State,,REP,Caroleene Dobson,5098
Autauga,Secretary of State,,REP,Christopher Christian Horn,1409
Autauga,Secretary of State,,REP,Glenda S. Jackson,645
Autauga,State Auditor,,REP,Andrew Sorrell,4661
Autauga,State Auditor,,REP,Derek Chen,2573
Autauga,State Democratic Executive Committee,,DEM,Elanour Graham,527
Autauga,State Democratic Executive Committee,,DEM,Jo Celeste Pettway,1076
Autauga,State House,69,DEM,Kelvin J Lawrence,1131
Autauga,State House,69,DEM,Marshae R. Madison,471
Autauga,"State Republican Execuive Committee, Autauga County, Place No.2",,REP,Carol Monfee Jahns,2385
Autauga,"State Republican Execuive Committee, Autauga County, Place No.2",,REP,Josh Pendergrass,4236
Autauga,State Treasurer,,REP,Steve Lolley,1666
Autauga,State Treasurer,,REP,Young Boozer,5794
Autauga,U.S. House,6,REP,Case Dixon,1667
Autauga,U.S. House,6,REP,Gary Palmer,5421
Autauga,U.S. Senate,,DEM,Dakarai Larriett,952
Autauga,U.S. Senate,,DEM,Everett Wess,1267
Autauga,U.S. Senate,,DEM,Kyle Sweetser,403
Autauga,U.S. Senate,,DEM,Mark S. Wheeler II,523
Autauga,U.S. Senate,,REP,Barry Moore,3791
Autauga,U.S. Senate,,REP,Dale Shelton Deas Jr.,111
Autauga,U.S. Senate,,REP,Jared Hudson,1520
Autauga,U.S. Senate,,REP,Morgan Murphy,69
Autauga,U.S. Senate,,REP,Rodney Walker,203
Autauga,U.S. Senate,,REP,Seth Burton,161
Autauga,U.S. Senate,,REP,Steve Marshall,1929
Baldwin,Attorney General,,REP,Jay Mitchell,9357
Baldwin,Attorney General,,REP,Katherine Robertson,14016
Baldwin,Attorney General,,REP,Pamela L. Casey,7352
Baldwin,Baldwin County Sheriff,,REP,Anthony E. Lowery,16540
Baldwin,Baldwin County Sheriff,,REP,Matt Mckenzie,15345
Baldwin,"Circuit Court Judge, 28th Judicial Circuit, Place No. 7",,REP,Jeremiah Giles,11243
Baldwin,"Circuit Court Judge, 28th Judicial Circuit, Place No. 7",,REP,Kristi Hagood,18906
Baldwin,Commissioner of Agriculture and Industries,,REP,Christina Woerner McInnis,18866
Baldwin,Commissioner of Agriculture and Industries,,REP,Cory Hill,5742
Baldwin,Commissioner of Agriculture and Industries,,REP,Jack Williams,5277
Baldwin,"District Court Judge, Baldwin County, Place No. 1",,REP,Grant Blackburn,14674
Baldwin,"District Court Judge, Baldwin County, Place No. 1",,REP,"William ""Liam"" Scully",14264
Baldwin,Governor,,DEM,"Chad ""Chig"" Martin",137
Baldwin,Governor,,DEM,Doug Jones,5401
Baldwin,Governor,,DEM,Jamel J. Brown,138
Baldwin,Governor,,DEM,"Nathan ""Nate"" Mathis",70
Baldwin,Governor,,DEM,Will Boyd,557
Baldwin,Governor,,DEM,Yolanda Rochelle Flowers,335
Baldwin,Governor,,REP,"""Alabama"" Will Santivasci",1956
Baldwin,Governor,,REP,Ken McFeeters,3704
Baldwin,Governor,,REP,Thomas Tuberville,27062
Baldwin,Lieutenant Governor,,DEM,Darryl D. Perryman,2394
Baldwin,Lieutenant Governor,,DEM,Phillip Ensler,3766
Baldwin,Lieutenant Governor,,REP,George Childress,1252
Baldwin,Lieutenant Governor,,REP,John Wahl,15102
Baldwin,Lieutenant Governor,,REP,Nicole Jones Wadsworth,2329
Baldwin,Lieutenant Governor,,REP,Pat Bishop,1198
Baldwin,Lieutenant Governor,,REP,Rick Pate,1923
Baldwin,Lieutenant Governor,,REP,Stewart Hill Tankersley,698
Baldwin,Lieutenant Governor,,REP,Wes Allen,8874
Baldwin,"Member, Baldwin County Board of Education, District No.5",,REP,Jason P. Woerner,2269
Baldwin,"Member, Baldwin County Board of Education, District No.5",,REP,Whitney Scapecchi,1243
Baldwin,"Member, Baldwin County Commission, District No. 1",,REP,"James E. ""Jeb"" Ball",13266
Baldwin,"Member, Baldwin County Commission, District No. 1",,REP,Richard Cox,14203
Baldwin,"Member, Baldwin County Commission, District No. 2",,REP,Angelo Fermo,14211
Baldwin,"Member, Baldwin County Commission, District No. 2",,REP,Kyle J. Henderson,13893
Baldwin,"Member, Baldwin County Commission, District No. 3",,REP,Billie Jo Underwood,15521
Baldwin,"Member, Baldwin County Commission, District No. 3",,REP,Kevin Brock,8133
Baldwin,"Member, Baldwin County Commission, District No. 3",,REP,Philip Dembowski,5244
Baldwin,"Member, Baldwin County Commission, District No. 4",,REP,Brett Gaar,8263
Baldwin,"Member, Baldwin County Commission, District No. 4",,REP,"John ""Tater"" Harris",13592
Baldwin,"Member, Baldwin County Commission, District No. 4",,REP,Tracey Gambill,6816
Baldwin,"Public Service Commission, Place No. 1",,REP,Jeremy H. Oden,5239
Baldwin,"Public Service Commission, Place No. 1",,REP,Matt Gentry,22510
Baldwin,"Public Service Commission, Place No. 2",,REP,Brent Woodall,4743
Baldwin,"Public Service Commission, Place No. 2",,REP,Chris Beeker,4762
Baldwin,"Public Service Commission, Place No. 2",,REP,Jim Zig Zeigler,15091
Baldwin,"Public Service Commission, Place No. 2",,REP,Priscilla Andrews,4113
Baldwin,"Public Service Commissioner, Place 1",,DEM,James O. Gordon,2812
Baldwin,"Public Service Commissioner, Place 1",,DEM,Jeff Ramsey,1850
Baldwin,"Public Service Commissioner, Place 1",,DEM,John Northrop,1318
Baldwin,Secretary of State,,REP,Caroleene Dobson,20566
Baldwin,Secretary of State,,REP,Christopher Christian Horn,5884
Baldwin,Secretary of State,,REP,Glenda S. Jackson,2855
Baldwin,State Auditor,,REP,Andrew Sorrell,18971
Baldwin,State Auditor,,REP,Derek Chen,9775
Baldwin,State Democratic Executive Committee,,DEM,Ashley Sharpe,856
Baldwin,State Democratic Executive Committee,,DEM,Edward Harris,97
Baldwin,State Democratic Executive Committee,,DEM,Jason Tollefson,706
Baldwin,State Democratic Executive Committee,,DEM,Joannee P. Barnes,47
Baldwin,State Democratic Executive Committee,,DEM,Kenny Nelson,101
Baldwin,State Democratic Executive Committee,,DEM,Larry Washington,100
Baldwin,State Democratic Executive Committee,,DEM,Michelle Tollefson,729
Baldwin,State Democratic Executive Committee,,DEM,Pam Skaggs,270
Baldwin,State Democratic Executive Committee,,DEM,Sebrena Williams,1075
Baldwin,State Democratic Executive Committee,,DEM,Talika Palmer,114
Baldwin,State Democratic Executive Committee,,DEM,Tony L. Cherry,54
Baldwin,State Democratic Executive Committee,,DEM,Willie J Williams II,1077
Baldwin,"State Executive Committee, Baldwin County, Place No.1",,REP,Asa Goode,11640
Baldwin,"State Executive Committee, Baldwin County, Place No.1",,REP,John Leo Lake,13347
Baldwin,"State Executive Committee, Baldwin County, Place No.3",,REP,Deborah Hunter,10206
Baldwin,"State Executive Committee, Baldwin County, Place No.3",,REP,Tracy Gatewood,14283
Baldwin,"State Executive Committee, Baldwin County, Place No.5",,REP,Jack Green,12728
Baldwin,"State Executive Committee, Baldwin County, Place No.5",,REP,Lauren Goode,12032
Baldwin,"State Executive Committee, Baldwin County, Place No.7",,REP,Bill Roberts,7804
Baldwin,"State Executive Committee, Baldwin County, Place No.7",,REP,Carl L. Gustafson Jr.,5618
Baldwin,"State Executive Committee, Baldwin County, Place No.7",,REP,Danielle R. Duggar,12517
Baldwin,"State Executive Committee, Baldwin County, Place No.8",,REP,Angelo Fermo,14633
Baldwin,"State Executive Committee, Baldwin County, Place No.8",,REP,Barbara Wheeler,12380
Baldwin,State House,65,REP,Dee Ann Campbell,436
Baldwin,State House,65,REP,John Knapp,450
Baldwin,State House,95,REP,Elijah Davidson,1451
Baldwin,State House,95,REP,Frances Holk-Jones,3238
Baldwin,State House,95,REP,Joe Freeman,2935
Baldwin,State House,96,REP,Danielle Duggar,2957
Baldwin,State House,96,REP,Matt Simpson,2796
Baldwin,State Senate,22,REP,Greg Albritton,3491
Baldwin,State Senate,22,REP,Terry L. Waters,5607
Baldwin,State Senate,32,REP,Chris Elliott,14594
Baldwin,State Senate,32,REP,Mike Vandenheuvel,5460
Baldwin,State Treasurer,,REP,Steve Lolley,9322
Baldwin,State Treasurer,,REP,Young Boozer,20812
Baldwin,U.S. House,1,REP,Austin Sidwell,3556
Baldwin,U.S. House,1,REP,James (Jimmy) Dees,1571
Baldwin,U.S. House,1,REP,James Richardson,664
Baldwin,U.S. House,1,REP,Jerry Carl,15095
Baldwin,U.S. House,1,REP,John Mills,908
Baldwin,U.S. House,1,REP,Joshua McKee,2332
Baldwin,U.S. House,1,REP,Rhett Marques,6966
Baldwin,U.S. Senate,,DEM,Dakarai Larriett,1977
Baldwin,U.S. Senate,,DEM,Everett Wess,1616
Baldwin,U.S. Senate,,DEM,Kyle Sweetser,1329
Baldwin,U.S. Senate,,DEM,Mark S. Wheeler II,1266
Baldwin,U.S. Senate,,REP,Barry Moore,16123
Baldwin,U.S. Senate,,REP,Dale Shelton Deas Jr.,1166
Baldwin,U.S. Senate,,REP,Jared Hudson,5797
Baldwin,U.S. Senate,,REP,Morgan Murphy,604
Baldwin,U.S. Senate,,REP,Rodney Walker,1307
Baldwin,U.S. Senate,,REP,Seth Burton,1051
Baldwin,U.S. Senate,,REP,Steve Marshall,5422
Barbour,Attorney General,,REP,Jay Mitchell,671
Barbour,Attorney General,,REP,Katherine Robertson,759
Barbour,Attorney General,,REP,Pamela L. Casey,225
Barbour,Commissioner of Agriculture and Industries,,REP,Christina Woerner McInnis,499
Barbour,Commissioner of Agriculture and Industries,,REP,Cory Hill,648
Barbour,Commissioner of Agriculture and Industries,,REP,Jack Williams,418
Barbour,Governor,,DEM,"Chad ""Chig"" Martin",44
Barbour,Governor,,DEM,Doug Jones,1405
Barbour,Governor,,DEM,Jamel J. Brown,320
Barbour,Governor,,DEM,"Nathan ""Nate"" Mathis",55
Barbour,Governor,,DEM,Will Boyd,233
Barbour,Governor,,DEM,Yolanda Rochelle Flowers,259
Barbour,Governor,,REP,"""Alabama"" Will Santivasci",58
Barbour,Governor,,REP,Ken McFeeters,78
Barbour,Governor,,REP,Thomas Tuberville,1585
Barbour,Lieutenant Governor,,DEM,Darryl D. Perryman,950
Barbour,Lieutenant Governor,,DEM,Phillip Ensler,1091
Barbour,Lieutenant Governor,,REP,George Childress,27
Barbour,Lieutenant Governor,,REP,John Wahl,860
Barbour,Lieutenant Governor,,REP,Nicole Jones Wadsworth,37
Barbour,Lieutenant Governor,,REP,Pat Bishop,32
Barbour,Lieutenant Governor,,REP,Rick Pate,89
Barbour,Lieutenant Governor,,REP,Stewart Hill Tankersley,19
Barbour,Lieutenant Governor,,REP,Wes Allen,598
Barbour,"Public Service Commission, Place No. 1",,REP,Jeremy H. Oden,263
Barbour,"Public Service Commission, Place No. 1",,REP,Matt Gentry,1250
Barbour,"Public Service Commission, Place No. 2",,REP,Brent Woodall,216
Barbour,"Public Service Commission, Place No. 2",,REP,Chris Beeker,380
Barbour,"Public Service Commission, Place No. 2",,REP,Jim Zig Zeigler,795
Barbour,"Public Service Commission, Place No. 2",,REP,Priscilla Andrews,156
Barbour,"Public Service Commissioner, Place 1",,DEM,James O. Gordon,1284
Barbour,"Public Service Commissioner, Place 1",,DEM,Jeff Ramsey,428
Barbour,"Public Service Commissioner, Place 1",,DEM,John Northrop,281
Barbour,Secretary of State,,REP,Caroleene Dobson,1206
Barbour,Secretary of State,,REP,Christopher Christian Horn,314
Barbour,Secretary of State,,REP,Glenda S. Jackson,94
Barbour,State Auditor,,REP,Andrew Sorrell,1147
Barbour,State Auditor,,REP,Derek Chen,418
Barbour,State Democratic Executive Committee,,DEM,Courtney Lane,882
Barbour,State Democratic Executive Committee,,DEM,Harriet M Tolbert,1117
Barbour,State Democratic Executive Committee,,DEM,Jermaine Phillips,589
Barbour,State Democratic Executive Committee,,DEM,Ralph McKinnon,1544
Barbour,State House,84,DEM,Berry Forte,1373
Barbour,State House,84,DEM,Brittani O'Hara-Grant,992
Barbour,State Treasurer,,REP,Steve Lolley,414
Barbour,State Treasurer,,REP,Young Boozer,1200
Barbour,U.S. Senate,,DEM,Dakarai Larriett,585
Barbour,U.S. Senate,,DEM,Everett Wess,734
Barbour,U.S. Senate,,DEM,Kyle Sweetser,275
Barbour,U.S. Senate,,DEM,Mark S. Wheeler II,417
Barbour,U.S. Senate,,REP,Barry Moore,1025
Barbour,U.S. Senate,,REP,Dale Shelton Deas Jr.,23
Barbour,U.S. Senate,,REP,Jared Hudson,242
Barbour,U.S. Senate,,REP,Morgan Murphy,20
Barbour,U.S. Senate,,REP,Rodney Walker,35
Barbour,U.S. Senate,,REP,Seth Burton,33
Barbour,U.S. Senate,,REP,Steve Marshall,310
Bibb,Attorney General,,REP,Jay Mitchell,989
Bibb,Attorney General,,REP,Katherine Robertson,1217
Bibb,Attorney General,,REP,Pamela L. Casey,584
Bibb,Commissioner of Agriculture and Industries,,REP,Christina Woerner McInnis,789
Bibb,Commissioner of Agriculture and Industries,,REP,Cory Hill,1046
Bibb,Commissioner of Agriculture and Industries,,REP,Jack Williams,834
Bibb,Governor,,DEM,"Chad ""Chig"" Martin",15
Bibb,Governor,,DEM,Doug Jones,646
Bibb,Governor,,DEM,Jamel J. Brown,46
Bibb,Governor,,DEM,"Nathan ""Nate"" Mathis",4
Bibb,Governor,,DEM,Will Boyd,65
Bibb,Governor,,DEM,Yolanda Rochelle Flowers,17
Bibb,Governor,,REP,"""Alabama"" Will Santivasci",131
Bibb,Governor,,REP,Ken McFeeters,184
Bibb,Governor,,REP,Thomas Tuberville,2655
Bibb,Lieutenant Governor,,DEM,Darryl D. Perryman,244
Bibb,Lieutenant Governor,,DEM,Phillip Ensler,492
Bibb,Lieutenant Governor,,REP,George Childress,35
Bibb,Lieutenant Governor,,REP,John Wahl,932
Bibb,Lieutenant Governor,,REP,Nicole Jones Wadsworth,93
Bibb,Lieutenant Governor,,REP,Pat Bishop,58
Bibb,Lieutenant Governor,,REP,Rick Pate,119
Bibb,Lieutenant Governor,,REP,Stewart Hill Tankersley,22
Bibb,Lieutenant Governor,,REP,Wes Allen,1682
Bibb,"Member, Bibb County Board of Education, District No. 1",,REP,Candice Deerman Rice,424
Bibb,"Member, Bibb County Board of Education, District No. 1",,REP,Heath Johnson,213
Bibb,"Member, Bibb County Commission, District No. 2",,REP,Charles Caddell,136
Bibb,"Member, Bibb County Commission, District No. 2",,REP,Gary Uber,368
Bibb,"Member, Bibb County Commission, District No. 2",,REP,Jarred Keith Kornegay,209
Bibb,"Member, Bibb County Commission, District No. 2",,REP,Keith Watkins,167
Bibb,"Member, Bibb County Commission, District No. 4",,REP,Corkey Mcfarland,182
Bibb,"Member, Bibb County Commission, District No. 4",,REP,Ty Corbell,385
Bibb,"Public Service Commission, Place No. 1",,REP,Jeremy H. Oden,696
Bibb,"Public Service Commission, Place No. 1",,REP,Matt Gentry,1944
Bibb,"Public Service Commission, Place No. 2",,REP,Brent Woodall,377
Bibb,"Public Service Commission, Place No. 2",,REP,Chris Beeker,812
Bibb,"Public Service Commission, Place No. 2",,REP,Jim Zig Zeigler,1269
Bibb,"Public Service Commission, Place No. 2",,REP,Priscilla Andrews,240
Bibb,"Public Service Commissioner, Place 1",,DEM,James O. Gordon,455
Bibb,"Public Service Commissioner, Place 1",,DEM,Jeff Ramsey,176
Bibb,"Public Service Commissioner, Place 1",,DEM,John Northrop,111
Bibb,Secretary of State,,REP,Caroleene Dobson,1741
Bibb,Secretary of State,,REP,Christopher Christian Horn,607
Bibb,Secretary of State,,REP,Glenda S. Jackson,315
Bibb,State Auditor,,REP,Andrew Sorrell,1825
Bibb,State Auditor,,REP,Derek Chen,910
Bibb,State Democratic Executive Committee,,DEM,Curtis L. Travis,274
Bibb,State Democratic Executive Committee,,DEM,Jonathan Rossell,84
Bibb,State Democratic Executive Committee,,DEM,Ke'Undra Quintez Cox,59
Bibb,State House,72,DEM,Curtis L Travis,315
Bibb,State House,72,DEM,Michael Williams,103
Bibb,State Treasurer,,REP,Steve Lolley,804
Bibb,State Treasurer,,REP,Young Boozer,1953
Bibb,"Superintendent, Bibb County Board of Education",,REP,Kevin Cotner,1769
Bibb,"Superintendent, Bibb County Board of Education",,REP,Lane Watts Lightsey,1167
Bibb,U.S. House,6,REP,Case Dixon,487
Bibb,U.S. House,6,REP,Gary Palmer,2348
Bibb,U.S. Senate,,DEM,Dakarai Larriett,160
Bibb,U.S. Senate,,DEM,Everett Wess,379
Bibb,U.S. Senate,,DEM,Kyle Sweetser,66
Bibb,U.S. Senate,,DEM,Mark S. Wheeler II,144
Bibb,U.S. Senate,,REP,Barry Moore,881
Bibb,U.S. Senate,,REP,Dale Shelton Deas Jr.,37
Bibb,U.S. Senate,,REP,Jared Hudson,958
Bibb,U.S. Senate,,REP,Morgan Murphy,31
Bibb,U.S. Senate,,REP,Rodney Walker,45
Bibb,U.S. Senate,,REP,Seth Burton,82
Bibb,U.S. Senate,,REP,Steve Marshall,861
Blount,Attorney General,,REP,Jay Mitchell,1806
Blount,Attorney General,,REP,Katherine Robertson,1799
Blount,Attorney General,,REP,Pamela L. Casey,5222
Blount,Commissioner of Agriculture and Industries,,REP,Christina Woerner McInnis,2065
Blount,Commissioner of Agriculture and Industries,,REP,Cory Hill,3521
Blount,Commissioner of Agriculture and Industries,,REP,Jack Williams,2275
Blount,Governor,,DEM,"Chad ""Chig"" Martin",70
Blount,Governor,,DEM,Doug Jones,556
Blount,Governor,,DEM,Jamel J. Brown,10
Blount,Governor,,DEM,"Nathan ""Nate"" Mathis",7
Blount,Governor,,DEM,Will Boyd,78
Blount,Governor,,DEM,Yolanda Rochelle Flowers,40
Blount,Governor,,REP,"""Alabama"" Will Santivasci",349
Blount,Governor,,REP,Ken McFeeters,648
Blount,Governor,,REP,Thomas Tuberville,7809
Blount,Lieutenant Governor,,DEM,Darryl D. Perryman,270
Blount,Lieutenant Governor,,DEM,Phillip Ensler,433
Blount,Lieutenant Governor,,REP,George Childress,140
Blount,Lieutenant Governor,,REP,John Wahl,3288
Blount,Lieutenant Governor,,REP,Nicole Jones Wadsworth,341
Blount,Lieutenant Governor,,REP,Pat Bishop,309
Blount,Lieutenant Governor,,REP,Rick Pate,514
Blount,Lieutenant Governor,,REP,Stewart Hill Tankersley,201
Blount,Lieutenant Governor,,REP,Wes Allen,3517
Blount,"Member, Blount County Board of Education, District No. 3",,REP,Curtis Hawkins,549
Blount,"Member, Blount County Board of Education, District No. 3",,REP,Matthew Fallin,663
Blount,"Member, Blount County Commission, District No. 1",,REP,Allen Armstrong,1757
Blount,"Member, Blount County Commission, District No. 1",,REP,Kyle Ellison,1075
Blount,"Member, Blount County Commission, District No. 3",,REP,Chase Moore,1259
Blount,"Member, Blount County Commission, District No. 3",,REP,"Daniel ""Danno"" Taylor",758
Blount,"Public Service Commission, Place No. 1",,REP,Jeremy H. Oden,1980
Blount,"Public Service Commission, Place No. 1",,REP,Matt Gentry,6074
Blount,"Public Service Commission, Place No. 2",,REP,Brent Woodall,1352
Blount,"Public Service Commission, Place No. 2",,REP,Chris Beeker,2372
Blount,"Public Service Commission, Place No. 2",,REP,Jim Zig Zeigler,3063
Blount,"Public Service Commission, Place No. 2",,REP,Priscilla Andrews,933
Blount,"Public Service Commissioner, Place 1",,DEM,James O. Gordon,222
Blount,"Public Service Commissioner, Place 1",,DEM,Jeff Ramsey,307
Blount,"Public Service Commissioner, Place 1",,DEM,John Northrop,156
Blount,Secretary of State,,REP,Caroleene Dobson,4711
Blount,Secretary of State,,REP,Christopher Christian Horn,2157
Blount,Secretary of State,,REP,Glenda S. Jackson,808
Blount,State Auditor,,REP,Andrew Sorrell,5341
Blount,State Auditor,,REP,Derek Chen,2509
Blount,State Board of Education,6,REP,Cathi Bradford,4073
Blount,State Board of Education,6,REP,Marie Manning,3293
Blount,State Democratic Executive Committee,,DEM,Darian McDerment,147
Blount,State Democratic Executive Committee,,DEM,Teresa Smiley,399
Blount,"State Republican Executive Committee, Blount County, Place No. 1",,REP,Patrick G. Hubauer,3159
Blount,"State Republican Executive Committee, Blount County, Place No. 1",,REP,Steven King,4635
Blount,State Treasurer,,REP,Steve Lolley,2862
Blount,State Treasurer,,REP,Young Boozer,5076
Blount,U.S. House,4,DEM,Amanda N. Pusczek,478
Blount,U.S. House,4,DEM,Shane Weaver,212
Blount,U.S. House,4,REP,Robert B. Aderholt,6779
Blount,U.S. House,4,REP,Tommy Barnes,1592
Blount,U.S. Senate,,DEM,Dakarai Larriett,213
Blount,U.S. Senate,,DEM,Everett Wess,159
Blount,U.S. Senate,,DEM,Kyle Sweetser,179
Blount,U.S. Senate,,DEM,Mark S. Wheeler II,160
Blount,U.S. Senate,,REP,Barry Moore,2005
Blount,U.S. Senate,,REP,Dale Shelton Deas Jr.,141
Blount,U.S. Senate,,REP,Jared Hudson,4020
Blount,U.S. Senate,,REP,Morgan Murphy,54
Blount,U.S. Senate,,REP,Rodney Walker,199
Blount,U.S. Senate,,REP,Seth Burton,142
Blount,U.S. Senate,,REP,Steve Marshall,2130
Bullock,Attorney General,,REP,Jay Mitchell,68
Bullock,Attorney General,,REP,Katherine Robertson,101
Bullock,Attorney General,,REP,Pamela L. Casey,50
Bullock,Commissioner of Agriculture and Industries,,REP,Christina Woerner McInnis,64
Bullock,Commissioner of Agriculture and Industries,,REP,Cory Hill,100
Bullock,Commissioner of Agriculture and Industries,,REP,Jack Williams,47
Bullock,Governor,,DEM,"Chad ""Chig"" Martin",90
Bullock,Governor,,DEM,Doug Jones,1552
Bullock,Governor,,DEM,Jamel J. Brown,395
Bullock,Governor,,DEM,"Nathan ""Nate"" Mathis",34
Bullock,Governor,,DEM,Will Boyd,165
Bullock,Governor,,DEM,Yolanda Rochelle Flowers,181
Bullock,Governor,,REP,"""Alabama"" Will Santivasci",3
Bullock,Governor,,REP,Ken McFeeters,11
Bullock,Governor,,REP,Thomas Tuberville,210
Bullock,Lieutenant Governor,,DEM,Darryl D. Perryman,943
Bullock,Lieutenant Governor,,DEM,Phillip Ensler,1161
Bullock,Lieutenant Governor,,REP,George Childress,2
Bullock,Lieutenant Governor,,REP,John Wahl,61
Bullock,Lieutenant Governor,,REP,Nicole Jones Wadsworth,0
Bullock,Lieutenant Governor,,REP,Pat Bishop,2
Bullock,Lieutenant Governor,,REP,Rick Pate,22
Bullock,Lieutenant Governor,,REP,Stewart Hill Tankersley,16
Bullock,Lieutenant Governor,,REP,Wes Allen,112
Bullock,"Public Service Commission, Place No. 1",,REP,Jeremy H. Oden,41
Bullock,"Public Service Commission, Place No. 1",,REP,Matt Gentry,163
Bullock,"Public Service Commission, Place No. 2",,REP,Brent Woodall,23
Bullock,"Public Service Commission, Place No. 2",,REP,Chris Beeker,48
Bullock,"Public Service Commission, Place No. 2",,REP,Jim Zig Zeigler,115
Bullock,"Public Service Commission, Place No. 2",,REP,Priscilla Andrews,18
Bullock,"Public Service Commissioner, Place 1",,DEM,James O. Gordon,1218
Bullock,"Public Service Commissioner, Place 1",,DEM,Jeff Ramsey,410
Bullock,"Public Service Commissioner, Place 1",,DEM,John Northrop,339
Bullock,Secretary of State,,REP,Caroleene Dobson,183
Bullock,Secretary of State,,REP,Christopher Christian Horn,23
Bullock,Secretary of State,,REP,Glenda S. Jackson,6
Bullock,State Auditor,,REP,Andrew Sorrell,118
Bullock,State Auditor,,REP,Derek Chen,90
Bullock,State Democratic Executive Committee,,DEM,Courtney Lane,903
Bullock,State Democratic Executive Committee,,DEM,Harriet M Tolbert,1136
Bullock,State Democratic Executive Committee,,DEM,Jermaine Phillips,1050
Bullock,State Democratic Executive Committee,,DEM,Ralph McKinnon,947
Bullock,State House,84,DEM,Berry Forte,1352
Bullock,State House,84,DEM,Brittani O'Hara-Grant,921
Bullock,State Treasurer,,REP,Steve Lolley,28
Bullock,State Treasurer,,REP,Young Boozer,181
Bullock,U.S. Senate,,DEM,Dakarai Larriett,477
Bullock,U.S. Senate,,DEM,Everett Wess,849
Bullock,U.S. Senate,,DEM,Kyle Sweetser,252
Bullock,U.S. Senate,,DEM,Mark S. Wheeler II,471
Bullock,U.S. Senate,,REP,Barry Moore,129
Bullock,U.S. Senate,,REP,Dale Shelton Deas Jr.,4
Bullock,U.S. Senate,,REP,Jared Hudson,32
Bullock,U.S. Senate,,REP,Morgan Murphy,1
Bullock,U.S. Senate,,REP,Rodney Walker,6
Bullock,U.S. Senate,,REP,Seth Burton,3
Bullock,U.S. Senate,,REP,Steve Marshall,42
Butler,Attorney General,,REP,Jay Mitchell,768
Butler,Attorney General,,REP,Katherine Robertson,960
Butler,Attorney General,,REP,Pamela L. Casey,799
Butler,Butler County Sheriff,,REP,Adam Smith,97
Butler,Butler County Sheriff,,REP,David Scruggs,2288
Butler,Butler County Sheriff,,REP,Kenneth Harden,333
Butler,Commissioner of Agriculture and Industries,,REP,Christina Woerner McInnis,899
Butler,Commissioner of Agriculture and Industries,,REP,Cory Hill,722
Butler,Commissioner of Agriculture and Industries,,REP,Jack Williams,724
Butler,Governor,,DEM,"Chad ""Chig"" Martin",28
Butler,Governor,,DEM,Doug Jones,813
Butler,Governor,,DEM,Jamel J. Brown,194
Butler,Governor,,DEM,"Nathan ""Nate"" Mathis",8
Butler,Governor,,DEM,Will Boyd,690
Butler,Governor,,DEM,Yolanda Rochelle Flowers,39
Butler,Governor,,REP,"""Alabama"" Will Santivasci",55
Butler,Governor,,REP,Ken McFeeters,114
Butler,Governor,,REP,Thomas Tuberville,2478
Butler,Lieutenant Governor,,DEM,Darryl D. Perryman,439
Butler,Lieutenant Governor,,DEM,Phillip Ensler,1233
Butler,Lieutenant Governor,,REP,George Childress,38
Butler,Lieutenant Governor,,REP,John Wahl,705
Butler,Lieutenant Governor,,REP,Nicole Jones Wadsworth,80
Butler,Lieutenant Governor,,REP,Pat Bishop,62
Butler,Lieutenant Governor,,REP,Rick Pate,437
Butler,Lieutenant Governor,,REP,Stewart Hill Tankersley,58
Butler,Lieutenant Governor,,REP,Wes Allen,1134
Butler,"Public Service Commission, Place No. 1",,REP,Jeremy H. Oden,543
Butler,"Public Service Commission, Place No. 1",,REP,Matt Gentry,1707
Butler,"Public Service Commission, Place No. 2",,REP,Brent Woodall,353
Butler,"Public Service Commission, Place No. 2",,REP,Chris Beeker,491
Butler,"Public Service Commission, Place No. 2",,REP,Jim Zig Zeigler,1247
Butler,"Public Service Commission, Place No. 2",,REP,Priscilla Andrews,229
Butler,"Public Service Commissioner, Place 1",,DEM,James O. Gordon,1397
Butler,"Public Service Commissioner, Place 1",,DEM,Jeff Ramsey,184
Butler,"Public Service Commissioner, Place 1",,DEM,John Northrop,94
Butler,Secretary of State,,REP,Caroleene Dobson,2119
Butler,Secretary of State,,REP,Christopher Christian Horn,279
Butler,Secretary of State,,REP,Glenda S. Jackson,118
Butler,State Auditor,,REP,Andrew Sorrell,1551
Butler,State Auditor,,REP,Derek Chen,872
Butler,State Treasurer,,REP,Steve Lolley,543
Butler,State Treasurer,,REP,Young Boozer,1938
Butler,U.S. Senate,,DEM,Dakarai Larriett,252
Butler,U.S. Senate,,DEM,Everett Wess,1151
Butler,U.S. Senate,,DEM,Kyle Sweetser,123
Butler,U.S. Senate,,DEM,Mark S. Wheeler II,146
Butler,U.S. Senate,,REP,Barry Moore,1249
Butler,U.S. Senate,,REP,Dale Shelton Deas Jr.,17
Butler,U.S. Senate,,REP,Jared Hudson,314
Butler,U.S. Senate,,REP,Morgan Murphy,17
Butler,U.S. Senate,,REP,Rodney Walker,46
Butler,U.S. Senate,,REP,Seth Burton,34
Butler,U.S. Senate,,REP,Steve Marshall,923
Calhoun,Attorney General,,REP,Jay Mitchell,3501
Calhoun,Attorney General,,REP,Katherine Robertson,4027
Calhoun,Attorney General,,REP,Pamela L. Casey,2363
Calhoun,Calhoun County Revenue Commissioner,,REP,Jakob Williamson,3088
Calhoun,Calhoun County Revenue Commissioner,,REP,Tim Hodges,6928
Calhoun,Calhoun County Sheriff,,REP,Chris Apple,1172
Calhoun,Calhoun County Sheriff,,REP,Darrell Collins,1038
Calhoun,Calhoun County Sheriff,,REP,Falon Hurst,8071
Calhoun,Commissioner of Agriculture and Industries,,REP,Christina Woerner McInnis,2891
Calhoun,Commissioner of Agriculture and Industries,,REP,Cory Hill,3550
Calhoun,Commissioner of Agriculture and Industries,,REP,Jack Williams,2879
Calhoun,Governor,,DEM,"Chad ""Chig"" Martin",127
Calhoun,Governor,,DEM,Doug Jones,4297
Calhoun,Governor,,DEM,Jamel J. Brown,147
Calhoun,Governor,,DEM,"Nathan ""Nate"" Mathis",30
Calhoun,Governor,,DEM,Will Boyd,547
Calhoun,Governor,,DEM,Yolanda Rochelle Flowers,283
Calhoun,Governor,,REP,"""Alabama"" Will Santivasci",806
Calhoun,Governor,,REP,Ken McFeeters,901
Calhoun,Governor,,REP,Thomas Tuberville,8861
Calhoun,Lieutenant Governor,,DEM,Darryl D. Perryman,1987
Calhoun,Lieutenant Governor,,DEM,Phillip Ensler,3076
Calhoun,Lieutenant Governor,,REP,George Childress,241
Calhoun,Lieutenant Governor,,REP,John Wahl,4294
Calhoun,Lieutenant Governor,,REP,Nicole Jones Wadsworth,499
Calhoun,Lieutenant Governor,,REP,Pat Bishop,304
Calhoun,Lieutenant Governor,,REP,Rick Pate,795
Calhoun,Lieutenant Governor,,REP,Stewart Hill Tankersley,221
Calhoun,Lieutenant Governor,,REP,Wes Allen,3671
Calhoun,"Member, Calhoun County Commission, District No. 2",,REP,Bud Turner,1392
Calhoun,"Member, Calhoun County Commission, District No. 2",,REP,Danny Shears,1630
Calhoun,"Member, Calhoun County Commission, District No. 4",,REP,Terry Howell,1430
Calhoun,"Member, Calhoun County Commission, District No. 4",,REP,Tobi Burt,1452
Calhoun,"Public Service Commission, Place No. 1",,REP,Jeremy H. Oden,2615
Calhoun,"Public Service Commission, Place No. 1",,REP,Matt Gentry,6433
Calhoun,"Public Service Commission, Place No. 2",,REP,Brent Woodall,1619
Calhoun,"Public Service Commission, Place No. 2",,REP,Chris Beeker,2448
Calhoun,"Public Service Commission, Place No. 2",,REP,Jim Zig Zeigler,3832
Calhoun,"Public Service Commission, Place No. 2",,REP,Priscilla Andrews,1312
Calhoun,"Public Service Commissioner, Place 1",,DEM,James O. Gordon,2813
Calhoun,"Public Service Commissioner, Place 1",,DEM,Jeff Ramsey,1398
Calhoun,"Public Service Commissioner, Place 1",,DEM,John Northrop,781
Calhoun,Secretary of State,,REP,Caroleene Dobson,5306
Calhoun,Secretary of State,,REP,Christopher Christian Horn,2430
Calhoun,Secretary of State,,REP,Glenda S. Jackson,1407
Calhoun,State Auditor,,REP,Andrew Sorrell,6291
Calhoun,State Auditor,,REP,Derek Chen,3122
Calhoun,State Board of Education,6,REP,Cathi Bradford,4685
Calhoun,State Board of Education,6,REP,Marie Manning,4219
Calhoun,State Democratic Executive Committee,,DEM,Alberta McCrory,325
Calhoun,State Democratic Executive Committee,,DEM,Barbara Bigsby Boyd,1393
Calhoun,State Democratic Executive Committee,,DEM,Christina Ray Dunbar,229
Calhoun,State Democratic Executive Committee,,DEM,Debra Huffman-Church,387
Calhoun,State Democratic Executive Committee,,DEM,Destry Gilmore,131
Calhoun,State Democratic Executive Committee,,DEM,Harry Gilliam,214
Calhoun,State Democratic Executive Committee,,DEM,Jesse J. Frazier,828
Calhoun,State Democratic Executive Committee,,DEM,Kelsey Girdwood,47
Calhoun,State Democratic Executive Committee,,DEM,Mark Henderson,147
Calhoun,State Democratic Executive Committee,,DEM,Michael Dunbar,129
Calhoun,State Democratic Executive Committee,,DEM,Michelle D Jones,160
Calhoun,State Democratic Executive Committee,,DEM,Pam Lowery,396
Calhoun,State Democratic Executive Committee,,DEM,Randy Kelley,157
Calhoun,State Democratic Executive Committee,,DEM,Sheila Degan Gilbert,219
Calhoun,State Democratic Executive Committee,,DEM,Spencer Lowery,473
Calhoun,State Democratic Executive Committee,,DEM,Thelma O. Jones,550
Calhoun,State House,32,DEM,David E. Reddick,618
Calhoun,State House,32,DEM,Debra D Foster,1327
Calhoun,State House,40,REP,Bill Lester,457
Calhoun,State House,40,REP,Bill McAdams,715
Calhoun,State House,40,REP,Chad Robertson,1203
Calhoun,State House,40,REP,Kaycee Cavender,748
Calhoun,"State Republican Executive Committee, Blount County, Place No. 5",,REP,Ed Isom,4757
Calhoun,"State Republican Executive Committee, Blount County, Place No. 5",,REP,"Peter ""The Patriot"" Leavitt",4454
Calhoun,State Treasurer,,REP,Steve Lolley,3042
Calhoun,State Treasurer,,REP,Young Boozer,6273
Calhoun,U.S. House,3,REP,Mike Rogers,8476
Calhoun,U.S. House,3,REP,Terri LaPoint,1994
Calhoun,U.S. Senate,,DEM,Dakarai Larriett,1385
Calhoun,U.S. Senate,,DEM,Everett Wess,2125
Calhoun,U.S. Senate,,DEM,Kyle Sweetser,611
Calhoun,U.S. Senate,,DEM,Mark S. Wheeler II,966
Calhoun,U.S. Senate,,REP,Barry Moore,3232
Calhoun,U.S. Senate,,REP,Dale Shelton Deas Jr.,168
Calhoun,U.S. Senate,,REP,Jared Hudson,2615
Calhoun,U.S. Senate,,REP,Morgan Murphy,141
Calhoun,U.S. Senate,,REP,Rodney Walker,705
Calhoun,U.S. Senate,,REP,Seth Burton,232
Calhoun,U.S. Senate,,REP,Steve Marshall,3208
Chambers,Attorney General,,REP,Jay Mitchell,1312
Chambers,Attorney General,,REP,Katherine Robertson,800
Chambers,Attorney General,,REP,Pamela L. Casey,526
Chambers,Chambers County Coroner,,REP,David Gerald Smith,505
Chambers,Chambers County Coroner,,REP,Glenn Johnson,663
Chambers,Chambers County Coroner,,REP,Jonathan Brown,388
Chambers,Chambers County Coroner,,REP,Levi Richardson,814
Chambers,Chambers County Coroner,,REP,Sam Thrower,402
Chambers,Commissioner of Agriculture and Industries,,REP,Christina Woerner McInnis,731
Chambers,Commissioner of Agriculture and Industries,,REP,Cory Hill,854
Chambers,Commissioner of Agriculture and Industries,,REP,Jack Williams,877
Chambers,Governor,,DEM,"Chad ""Chig"" Martin",37
Chambers,Governor,,DEM,Doug Jones,1203
Chambers,Governor,,DEM,Jamel J. Brown,159
Chambers,Governor,,DEM,"Nathan ""Nate"" Mathis",25
Chambers,Governor,,DEM,Will Boyd,510
Chambers,Governor,,DEM,Yolanda Rochelle Flowers,171
Chambers,Governor,,REP,"""Alabama"" Will Santivasci",117
Chambers,Governor,,REP,Ken McFeeters,207
Chambers,Governor,,REP,Thomas Tuberville,2582
Chambers,Lieutenant Governor,,DEM,Darryl D. Perryman,1059
Chambers,Lieutenant Governor,,DEM,Phillip Ensler,943
Chambers,Lieutenant Governor,,REP,George Childress,106
Chambers,Lieutenant Governor,,REP,John Wahl,1296
Chambers,Lieutenant Governor,,REP,Nicole Jones Wadsworth,140
Chambers,Lieutenant Governor,,REP,Pat Bishop,132
Chambers,Lieutenant Governor,,REP,Rick Pate,224
Chambers,Lieutenant Governor,,REP,Stewart Hill Tankersley,66
Chambers,Lieutenant Governor,,REP,Wes Allen,716
Chambers,"Member, Chambers County Board of Education, District No. 4",,REP,Jody Jennings,210
Chambers,"Member, Chambers County Board of Education, District No. 4",,REP,Mary Slay Terry,137
Chambers,"Member, Chambers County Commission, District No. 3",,REP,"James ""Moto"" Williams",303
Chambers,"Member, Chambers County Commission, District No. 3",,REP,John Benefield,543
Chambers,"Member, Chambers County Commission, District No. 5",,REP,"James ""Toby"" Boyd",173
Chambers,"Member, Chambers County Commission, District No. 5",,REP,Sara Crutchfield,381
Chambers,"Public Service Commission, Place No. 1",,REP,Jeremy H. Oden,541
Chambers,"Public Service Commission, Place No. 1",,REP,Matt Gentry,1852
Chambers,"Public Service Commission, Place No. 2",,REP,Brent Woodall,461
Chambers,"Public Service Commission, Place No. 2",,REP,Chris Beeker,497
Chambers,"Public Service Commission, Place No. 2",,REP,Jim Zig Zeigler,1173
Chambers,"Public Service Commission, Place No. 2",,REP,Priscilla Andrews,335
Chambers,"Public Service Commissioner, Place 1",,DEM,James O. Gordon,964
Chambers,"Public Service Commissioner, Place 1",,DEM,Jeff Ramsey,838
Chambers,"Public Service Commissioner, Place 1",,DEM,John Northrop,190
Chambers,Secretary of State,,REP,Caroleene Dobson,1218
Chambers,Secretary of State,,REP,Christopher Christian Horn,796
Chambers,Secretary of State,,REP,Glenda S. Jackson,451
Chambers,State Auditor,,REP,Andrew Sorrell,1823
Chambers,State Auditor,,REP,Derek Chen,613
Chambers,State House,37,REP,Donna Bailey McKay,296
Chambers,State House,37,REP,Jeff Monroe,532
Chambers,State House,37,REP,John Jacobs,332
Chambers,State House,38,DEM,Christopher F. Davis,295
Chambers,State House,38,DEM,Hazel Floyd,995
Chambers,State Senate,13,REP,Gerald Dial,998
Chambers,State Senate,13,REP,Randy Price,1863
Chambers,State Treasurer,,REP,Steve Lolley,1093
Chambers,State Treasurer,,REP,Young Boozer,1445
Chambers,U.S. House,3,REP,Mike Rogers,2403
Chambers,U.S. House,3,REP,Terri LaPoint,411
Chambers,U.S. Senate,,DEM,Dakarai Larriett,724
Chambers,U.S. Senate,,DEM,Everett Wess,719
Chambers,U.S. Senate,,DEM,Kyle Sweetser,235
Chambers,U.S. Senate,,DEM,Mark S. Wheeler II,313
Chambers,U.S. Senate,,REP,Barry Moore,1199
Chambers,U.S. Senate,,REP,Dale Shelton Deas Jr.,64
Chambers,U.S. Senate,,REP,Jared Hudson,449
Chambers,U.S. Senate,,REP,Morgan Murphy,55
Chambers,U.S. Senate,,REP,Rodney Walker,242
Chambers,U.S. Senate,,REP,Seth Burton,148
Chambers,U.S. Senate,,REP,Steve Marshall,514
Cherokee,Attorney General,,REP,Jay Mitchell,1232
Cherokee,Attorney General,,REP,Katherine Robertson,1275
Cherokee,Attorney General,,REP,Pamela L. Casey,706
Cherokee,Commissioner of Agriculture and Industries,,REP,Christina Woerner McInnis,923
Cherokee,Commissioner of Agriculture and Industries,,REP,Cory Hill,1229
Cherokee,Commissioner of Agriculture and Industries,,REP,Jack Williams,968
Cherokee,Governor,,DEM,"Chad ""Chig"" Martin",19
Cherokee,Governor,,DEM,Doug Jones,317
Cherokee,Governor,,DEM,Jamel J. Brown,13
Cherokee,Governor,,DEM,"Nathan ""Nate"" Mathis",5
Cherokee,Governor,,DEM,Will Boyd,47
Cherokee,Governor,,DEM,Yolanda Rochelle Flowers,35
Cherokee,Governor,,REP,"""Alabama"" Will Santivasci",144
Cherokee,Governor,,REP,Ken McFeeters,258
Cherokee,Governor,,REP,Thomas Tuberville,3060
Cherokee,Lieutenant Governor,,DEM,Darryl D. Perryman,131
Cherokee,Lieutenant Governor,,DEM,Phillip Ensler,264
Cherokee,Lieutenant Governor,,REP,George Childress,79
Cherokee,Lieutenant Governor,,REP,John Wahl,1377
Cherokee,Lieutenant Governor,,REP,Nicole Jones Wadsworth,165
Cherokee,Lieutenant Governor,,REP,Pat Bishop,84
Cherokee,Lieutenant Governor,,REP,Rick Pate,243
Cherokee,Lieutenant Governor,,REP,Stewart Hill Tankersley,61
Cherokee,Lieutenant Governor,,REP,Wes Allen,1299
Cherokee,"Public Service Commission, Place No. 1",,REP,Jeremy H. Oden,922
Cherokee,"Public Service Commission, Place No. 1",,REP,Matt Gentry,2078
Cherokee,"Public Service Commission, Place No. 2",,REP,Brent Woodall,639
Cherokee,"Public Service Commission, Place No. 2",,REP,Chris Beeker,853
Cherokee,"Public Service Commission, Place No. 2",,REP,Jim Zig Zeigler,1197
Cherokee,"Public Service Commission, Place No. 2",,REP,Priscilla Andrews,364
Cherokee,"Public Service Commissioner, Place 1",,DEM,James O. Gordon,170
Cherokee,"Public Service Commissioner, Place 1",,DEM,Jeff Ramsey,132
Cherokee,"Public Service Commissioner, Place 1",,DEM,John Northrop,84
Cherokee,Secretary of State,,REP,Caroleene Dobson,1694
Cherokee,Secretary of State,,REP,Christopher Christian Horn,801
Cherokee,Secretary of State,,REP,Glenda S. Jackson,510
Cherokee,State Auditor,,REP,Andrew Sorrell,2131
Cherokee,State Auditor,,REP,Derek Chen,1001
Cherokee,State Board of Education,6,REP,Cathi Bradford,1597
Cherokee,State Board of Education,6,REP,Marie Manning,1371
Cherokee,State Senate,10,REP,Amy Dozier Minton,1548
Cherokee,State Senate,10,REP,Andrew Jones,1757
Cherokee,State Treasurer,,REP,Steve Lolley,1042
Cherokee,State Treasurer,,REP,Young Boozer,2063
Cherokee,U.S. House,3,REP,Mike Rogers,2947
Cherokee,U.S. House,3,REP,Terri LaPoint,428
Cherokee,U.S. Senate,,DEM,Dakarai Larriett,90
Cherokee,U.S. Senate,,DEM,Everett Wess,134
Cherokee,U.S. Senate,,DEM,Kyle Sweetser,71
Cherokee,U.S. Senate,,DEM,Mark S. Wheeler II,104
Cherokee,U.S. Senate,,REP,Barry Moore,1259
Cherokee,U.S. Senate,,REP,Dale Shelton Deas Jr.,43
Cherokee,U.S. Senate,,REP,Jared Hudson,733
Cherokee,U.S. Senate,,REP,Morgan Murphy,35
Cherokee,U.S. Senate,,REP,Rodney Walker,177
Cherokee,U.S. Senate,,REP,Seth Burton,95
Cherokee,U.S. Senate,,REP,Steve Marshall,1016
Chilton,Attorney General,,REP,Jay Mitchell,1876
Chilton,Attorney General,,REP,Katherine Robertson,2603
Chilton,Attorney General,,REP,Pamela L. Casey,1301
Chilton,Chilton County Revenue Commissioner,,REP,Brad Carter,2390
Chilton,Chilton County Revenue Commissioner,,REP,Evan Wyatt,1182
Chilton,Chilton County Revenue Commissioner,,REP,Michele Porter Headley,2540
Chilton,"Circuit Court Judge, 19th Judicial Circuit, Place No. 5",,REP,Ali Patterson,1948
Chilton,"Circuit Court Judge, 19th Judicial Circuit, Place No. 5",,REP,Bradley Earl Ekdahl,1477
Chilton,"Circuit Court Judge, 19th Judicial Circuit, Place No. 5",,REP,Carol Cook Carter,2338
Chilton,Commissioner of Agriculture and Industries,,REP,Christina Woerner McInnis,1570
Chilton,Commissioner of Agriculture and Industries,,REP,Cory Hill,2312
Chilton,Commissioner of Agriculture and Industries,,REP,Jack Williams,1650
Chilton,Governor,,DEM,"Chad ""Chig"" Martin",35
Chilton,Governor,,DEM,Doug Jones,879
Chilton,Governor,,DEM,Jamel J. Brown,44
Chilton,Governor,,DEM,"Nathan ""Nate"" Mathis",10
Chilton,Governor,,DEM,Will Boyd,121
Chilton,Governor,,DEM,Yolanda Rochelle Flowers,38
Chilton,Governor,,REP,"""Alabama"" Will Santivasci",234
Chilton,Governor,,REP,Ken McFeeters,341
Chilton,Governor,,REP,Thomas Tuberville,5577
Chilton,Lieutenant Governor,,DEM,Darryl D. Perryman,408
Chilton,Lieutenant Governor,,DEM,Phillip Ensler,638
Chilton,Lieutenant Governor,,REP,George Childress,98
Chilton,Lieutenant Governor,,REP,John Wahl,1973
Chilton,Lieutenant Governor,,REP,Nicole Jones Wadsworth,251
Chilton,Lieutenant Governor,,REP,Pat Bishop,164
Chilton,Lieutenant Governor,,REP,Rick Pate,461
Chilton,Lieutenant Governor,,REP,Stewart Hill Tankersley,83
Chilton,Lieutenant Governor,,REP,Wes Allen,2824
Chilton,"Public Service Commission, Place No. 1",,REP,Jeremy H. Oden,1255
Chilton,"Public Service Commission, Place No. 1",,REP,Matt Gentry,4145
Chilton,"Public Service Commission, Place No. 2",,REP,Brent Woodall,1068
Chilton,"Public Service Commission, Place No. 2",,REP,Chris Beeker,1764
Chilton,"Public Service Commission, Place No. 2",,REP,Jim Zig Zeigler,2158
Chilton,"Public Service Commission, Place No. 2",,REP,Priscilla Andrews,506
Chilton,"Public Service Commissioner, Place 1",,DEM,James O. Gordon,608
Chilton,"Public Service Commissioner, Place 1",,DEM,Jeff Ramsey,277
Chilton,"Public Service Commissioner, Place 1",,DEM,John Northrop,156
Chilton,Secretary of State,,REP,Caroleene Dobson,3413
Chilton,Secretary of State,,REP,Christopher Christian Horn,1228
Chilton,Secretary of State,,REP,Glenda S. Jackson,733
Chilton,State Auditor,,REP,Andrew Sorrell,3738
Chilton,State Auditor,,REP,Derek Chen,1813
Chilton,State Treasurer,,REP,Steve Lolley,1669
Chilton,State Treasurer,,REP,Young Boozer,3946
Chilton,"Superintendent, Chilton County Board of Education",,REP,Corey Clements,5018
Chilton,"Superintendent, Chilton County Board of Education",,REP,Jamie Gault,1021
Chilton,U.S. House,6,REP,Case Dixon,948
Chilton,U.S. House,6,REP,Gary Palmer,4972
Chilton,U.S. Senate,,DEM,Dakarai Larriett,316
Chilton,U.S. Senate,,DEM,Everett Wess,447
Chilton,U.S. Senate,,DEM,Kyle Sweetser,142
Chilton,U.S. Senate,,DEM,Mark S. Wheeler II,155
Chilton,U.S. Senate,,REP,Barry Moore,1753
Chilton,U.S. Senate,,REP,Dale Shelton Deas Jr.,98
Chilton,U.S. Senate,,REP,Jared Hudson,1903
Chilton,U.S. Senate,,REP,Morgan Murphy,60
Chilton,U.S. Senate,,REP,Rodney Walker,146
Chilton,U.S. Senate,,REP,Seth Burton,95
Chilton,U.S. Senate,,REP,Steve Marshall,1931
Choctaw,Attorney General,,REP,Jay Mitchell,700
Choctaw,Attorney General,,REP,Katherine Robertson,361
Choctaw,Attorney General,,REP,Pamela L. Casey,544
Choctaw,Commissioner of Agriculture and Industries,,REP,Christina Woerner McInnis,499
Choctaw,Commissioner of Agriculture and Industries,,REP,Cory Hill,636
Choctaw,Commissioner of Agriculture and Industries,,REP,Jack Williams,389
Choctaw,Governor,,DEM,"Chad ""Chig"" Martin",26
Choctaw,Governor,,DEM,Doug Jones,978
Choctaw,Governor,,DEM,Jamel J. Brown,140
Choctaw,Governor,,DEM,"Nathan ""Nate"" Mathis",21
Choctaw,Governor,,DEM,Will Boyd,217
Choctaw,Governor,,DEM,Yolanda Rochelle Flowers,130
Choctaw,Governor,,REP,"""Alabama"" Will Santivasci",57
Choctaw,Governor,,REP,Ken McFeeters,77
Choctaw,Governor,,REP,Thomas Tuberville,1597
Choctaw,Lieutenant Governor,,DEM,Darryl D. Perryman,606
Choctaw,Lieutenant Governor,,DEM,Phillip Ensler,719
Choctaw,Lieutenant Governor,,REP,George Childress,37
Choctaw,Lieutenant Governor,,REP,John Wahl,740
Choctaw,Lieutenant Governor,,REP,Nicole Jones Wadsworth,35
Choctaw,Lieutenant Governor,,REP,Pat Bishop,59
Choctaw,Lieutenant Governor,,REP,Rick Pate,95
Choctaw,Lieutenant Governor,,REP,Stewart Hill Tankersley,16
Choctaw,Lieutenant Governor,,REP,Wes Allen,670
Choctaw,"Member, Choctaw County Commission, District No. 4",,REP,Johnathan Mayfield,224
Choctaw,"Member, Choctaw County Commission, District No. 4",,REP,Kelley Briggs,205
Choctaw,"Member, Choctaw County Commission, District No. 4",,REP,Marlon R. Lucus,234
Choctaw,"Public Service Commission, Place No. 1",,REP,Jeremy H. Oden,251
Choctaw,"Public Service Commission, Place No. 1",,REP,Matt Gentry,1232
Choctaw,"Public Service Commission, Place No. 2",,REP,Brent Woodall,227
Choctaw,"Public Service Commission, Place No. 2",,REP,Chris Beeker,281
Choctaw,"Public Service Commission, Place No. 2",,REP,Jim Zig Zeigler,879
Choctaw,"Public Service Commission, Place No. 2",,REP,Priscilla Andrews,146
Choctaw,"Public Service Commissioner, Place 1",,DEM,James O. Gordon,857
Choctaw,"Public Service Commissioner, Place 1",,DEM,Jeff Ramsey,264
Choctaw,"Public Service Commissioner, Place 1",,DEM,John Northrop,168
Choctaw,Secretary of State,,REP,Caroleene Dobson,943
Choctaw,Secretary of State,,REP,Christopher Christian Horn,343
Choctaw,Secretary of State,,REP,Glenda S. Jackson,199
Choctaw,State Auditor,,REP,Andrew Sorrell,1203
Choctaw,State Auditor,,REP,Derek Chen,289
Choctaw,State Democratic Executive Committee,,DEM,Edward Harris,205
Choctaw,State Democratic Executive Committee,,DEM,Joannee P. Barnes,699
Choctaw,State Democratic Executive Committee,,DEM,Talika Palmer,568
Choctaw,State Democratic Executive Committee,,DEM,Tony L. Cherry,1295
Choctaw,State House,65,REP,Dee Ann Campbell,1249
Choctaw,State House,65,REP,John Knapp,482
Choctaw,State Treasurer,,REP,Steve Lolley,496
Choctaw,State Treasurer,,REP,Young Boozer,1043
Choctaw,"Superintendent, Choctaw County Board of Education",,REP,Jacqui James,529
Choctaw,"Superintendent, Choctaw County Board of Education",,REP,Jeremy D. Adams,1156
Choctaw,U.S. Senate,,DEM,Dakarai Larriett,306
Choctaw,U.S. Senate,,DEM,Everett Wess,656
Choctaw,U.S. Senate,,DEM,Kyle Sweetser,132
Choctaw,U.S. Senate,,DEM,Mark S. Wheeler II,231
Choctaw,U.S. Senate,,REP,Barry Moore,908
Choctaw,U.S. Senate,,REP,Dale Shelton Deas Jr.,38
Choctaw,U.S. Senate,,REP,Jared Hudson,226
Choctaw,U.S. Senate,,REP,Morgan Murphy,26
Choctaw,U.S. Senate,,REP,Rodney Walker,64
Choctaw,U.S. Senate,,REP,Seth Burton,62
Choctaw,U.S. Senate,,REP,Steve Marshall,293
Clarke,Attorney General,,REP,Jay Mitchell,680
Clarke,Attorney General,,REP,Katherine Robertson,995
Clarke,Attorney General,,REP,Pamela L. Casey,444
Clarke,Commissioner of Agriculture and Industries,,REP,Christina Woerner McInnis,711
Clarke,Commissioner of Agriculture and Industries,,REP,Cory Hill,578
Clarke,Commissioner of Agriculture and Industries,,REP,Jack Williams,684
Clarke,Governor,,DEM,"Chad ""Chig"" Martin",28
Clarke,Governor,,DEM,Doug Jones,2433
Clarke,Governor,,DEM,Jamel J. Brown,141
Clarke,Governor,,DEM,"Nathan ""Nate"" Mathis",16
Clarke,Governor,,DEM,Will Boyd,241
Clarke,Governor,,DEM,Yolanda Rochelle Flowers,83
Clarke,Governor,,REP,"""Alabama"" Will Santivasci",76
Clarke,Governor,,REP,Ken McFeeters,115
Clarke,Governor,,REP,Thomas Tuberville,2062
Clarke,Lieutenant Governor,,DEM,Darryl D. Perryman,1957
Clarke,Lieutenant Governor,,DEM,Phillip Ensler,931
Clarke,Lieutenant Governor,,REP,George Childress,32
Clarke,Lieutenant Governor,,REP,John Wahl,964
Clarke,Lieutenant Governor,,REP,Nicole Jones Wadsworth,69
Clarke,Lieutenant Governor,,REP,Pat Bishop,59
Clarke,Lieutenant Governor,,REP,Rick Pate,111
Clarke,Lieutenant Governor,,REP,Stewart Hill Tankersley,13
Clarke,Lieutenant Governor,,REP,Wes Allen,913
Clarke,"Member, Clarke County Commission, District No. 3",,REP,Barry Chancey,387
Clarke,"Member, Clarke County Commission, District No. 3",,REP,Joe Parden,325
Clarke,"Public Service Commission, Place No. 1",,REP,Jeremy H. Oden,389
Clarke,"Public Service Commission, Place No. 1",,REP,Matt Gentry,1524
Clarke,"Public Service Commission, Place No. 2",,REP,Brent Woodall,284
Clarke,"Public Service Commission, Place No. 2",,REP,Chris Beeker,550
Clarke,"Public Service Commission, Place No. 2",,REP,Jim Zig Zeigler,980
Clarke,"Public Service Commission, Place No. 2",,REP,Priscilla Andrews,171
Clarke,"Public Service Commissioner, Place 1",,DEM,James O. Gordon,2171
Clarke,"Public Service Commissioner, Place 1",,DEM,Jeff Ramsey,406
Clarke,"Public Service Commissioner, Place 1",,DEM,John Northrop,203
Clarke,Secretary of State,,REP,Caroleene Dobson,1609
Clarke,Secretary of State,,REP,Christopher Christian Horn,262
Clarke,Secretary of State,,REP,Glenda S. Jackson,175
Clarke,State Auditor,,REP,Andrew Sorrell,1307
Clarke,State Auditor,,REP,Derek Chen,692
Clarke,State Democratic Executive Committee,,DEM,Edward Harris,338
Clarke,State Democratic Executive Committee,,DEM,Joannee P. Barnes,682
Clarke,State Democratic Executive Committee,,DEM,Talika Palmer,329
Clarke,State Democratic Executive Committee,,DEM,Tony L. Cherry,669
Clarke,State House,65,REP,Dee Ann Campbell,350
Clarke,State House,65,REP,John Knapp,914
Clarke,State Treasurer,,REP,Steve Lolley,641
Clarke,State Treasurer,,REP,Young Boozer,1410
Clarke,U.S. Senate,,DEM,Dakarai Larriett,459
Clarke,U.S. Senate,,DEM,Everett Wess,1759
Clarke,U.S. Senate,,DEM,Kyle Sweetser,183
Clarke,U.S. Senate,,DEM,Mark S. Wheeler II,368
Clarke,U.S. Senate,,REP,Barry Moore,781
Clarke,U.S. Senate,,REP,Dale Shelton Deas Jr.,64
Clarke,U.S. Senate,,REP,Jared Hudson,805
Clarke,U.S. Senate,,REP,Morgan Murphy,16
Clarke,U.S. Senate,,REP,Rodney Walker,72
Clarke,U.S. Senate,,REP,Seth Burton,44
Clarke,U.S. Senate,,REP,Steve Marshall,418
Clay,Attorney General,,REP,Jay Mitchell,683
Clay,Attorney General,,REP,Katherine Robertson,919
Clay,Attorney General,,REP,Pamela L. Casey,422
Clay,Commissioner of Agriculture and Industries,,REP,Christina Woerner McInnis,526
Clay,Commissioner of Agriculture and Industries,,REP,Cory Hill,760
Clay,Commissioner of Agriculture and Industries,,REP,Jack Williams,640
Clay,Governor,,DEM,"Chad ""Chig"" Martin",18
Clay,Governor,,DEM,Doug Jones,337
Clay,Governor,,DEM,Jamel J. Brown,23
Clay,Governor,,DEM,"Nathan ""Nate"" Mathis",1
Clay,Governor,,DEM,Will Boyd,35
Clay,Governor,,DEM,Yolanda Rochelle Flowers,17
Clay,Governor,,REP,"""Alabama"" Will Santivasci",96
Clay,Governor,,REP,Ken McFeeters,123
Clay,Governor,,REP,Thomas Tuberville,1930
Clay,Lieutenant Governor,,DEM,Darryl D. Perryman,176
Clay,Lieutenant Governor,,DEM,Phillip Ensler,204
Clay,Lieutenant Governor,,REP,George Childress,45
Clay,Lieutenant Governor,,REP,John Wahl,853
Clay,Lieutenant Governor,,REP,Nicole Jones Wadsworth,61
Clay,Lieutenant Governor,,REP,Pat Bishop,44
Clay,Lieutenant Governor,,REP,Rick Pate,180
Clay,Lieutenant Governor,,REP,Stewart Hill Tankersley,29
Clay,Lieutenant Governor,,REP,Wes Allen,840
Clay,"Public Service Commission, Place No. 1",,REP,Jeremy H. Oden,467
Clay,"Public Service Commission, Place No. 1",,REP,Matt Gentry,1424
Clay,"Public Service Commission, Place No. 2",,REP,Brent Woodall,248
Clay,"Public Service Commission, Place No. 2",,REP,Chris Beeker,589
Clay,"Public Service Commission, Place No. 2",,REP,Jim Zig Zeigler,890
Clay,"Public Service Commission, Place No. 2",,REP,Priscilla Andrews,228
Clay,"Public Service Commissioner, Place 1",,DEM,James O. Gordon,196
Clay,"Public Service Commissioner, Place 1",,DEM,Jeff Ramsey,125
Clay,"Public Service Commissioner, Place 1",,DEM,John Northrop,58
Clay,Secretary of State,,REP,Caroleene Dobson,1161
Clay,Secretary of State,,REP,Christopher Christian Horn,528
Clay,Secretary of State,,REP,Glenda S. Jackson,231
Clay,State Auditor,,REP,Andrew Sorrell,1330
Clay,State Auditor,,REP,Derek Chen,629
Clay,State Democratic Executive Committee,,DEM,Destry Gilmore,162
Clay,State Democratic Executive Committee,,DEM,Harry Gilliam,217
Clay,State Senate,13,REP,Gerald Dial,890
Clay,State Senate,13,REP,Randy Price,1229
Clay,State Treasurer,,REP,Steve Lolley,620
Clay,State Treasurer,,REP,Young Boozer,1332
Clay,U.S. House,3,REP,Mike Rogers,1848
Clay,U.S. House,3,REP,Terri LaPoint,268
Clay,U.S. Senate,,DEM,Dakarai Larriett,105
Clay,U.S. Senate,,DEM,Everett Wess,147
Clay,U.S. Senate,,DEM,Kyle Sweetser,47
Clay,U.S. Senate,,DEM,Mark S. Wheeler II,96
Clay,U.S. Senate,,REP,Barry Moore,527
Clay,U.S. Senate,,REP,Dale Shelton Deas Jr.,27
Clay,U.S. Senate,,REP,Jared Hudson,494
Clay,U.S. Senate,,REP,Morgan Murphy,19
Clay,U.S. Senate,,REP,Rodney Walker,461
Clay,U.S. Senate,,REP,Seth Burton,28
Clay,U.S. Senate,,REP,Steve Marshall,584
Cleburne,Attorney General,,REP,Jay Mitchell,1148
Cleburne,Attorney General,,REP,Katherine Robertson,910
Cleburne,Attorney General,,REP,Pamela L. Casey,795
Cleburne,Cleburne County Sheriff,,REP,Jon Daniel,2376
Cleburne,Cleburne County Sheriff,,REP,Patrick  Nolen,940
Cleburne,Commissioner of Agriculture and Industries,,REP,Christina Woerner McInnis,723
Cleburne,Commissioner of Agriculture and Industries,,REP,Cory Hill,966
Cleburne,Commissioner of Agriculture and Industries,,REP,Jack Williams,996
Cleburne,Governor,,DEM,"Chad ""Chig"" Martin",12
Cleburne,Governor,,DEM,Doug Jones,115
Cleburne,Governor,,DEM,Jamel J. Brown,8
Cleburne,Governor,,DEM,"Nathan ""Nate"" Mathis",4
Cleburne,Governor,,DEM,Will Boyd,13
Cleburne,Governor,,DEM,Yolanda Rochelle Flowers,6
Cleburne,Governor,,REP,"""Alabama"" Will Santivasci",278
Cleburne,Governor,,REP,Ken McFeeters,288
Cleburne,Governor,,REP,Thomas Tuberville,2640
Cleburne,Lieutenant Governor,,DEM,Darryl D. Perryman,66
Cleburne,Lieutenant Governor,,DEM,Phillip Ensler,82
Cleburne,Lieutenant Governor,,REP,George Childress,98
Cleburne,Lieutenant Governor,,REP,John Wahl,1251
Cleburne,Lieutenant Governor,,REP,Nicole Jones Wadsworth,123
Cleburne,Lieutenant Governor,,REP,Pat Bishop,120
Cleburne,Lieutenant Governor,,REP,Rick Pate,284
Cleburne,Lieutenant Governor,,REP,Stewart Hill Tankersley,58
Cleburne,Lieutenant Governor,,REP,Wes Allen,1011
Cleburne,"Member, Cleburne County Board of Education, At Large",,REP,Alexis McMahan Simmons,605
Cleburne,"Member, Cleburne County Board of Education, At Large",,REP,Misty Cobb,2596
Cleburne,"Member, Cleburne County Commission, District No. 3",,REP,Justin Johnson,118
Cleburne,"Member, Cleburne County Commission, District No. 3",,REP,Mike Pollard,578
Cleburne,"Member, Cleburne County Commission, District No. 3",,REP,Ron Hendrix,249
Cleburne,"Public Service Commission, Place No. 1",,REP,Jeremy H. Oden,668
Cleburne,"Public Service Commission, Place No. 1",,REP,Matt Gentry,1954
Cleburne,"Public Service Commission, Place No. 2",,REP,Brent Woodall,564
Cleburne,"Public Service Commission, Place No. 2",,REP,Chris Beeker,639
Cleburne,"Public Service Commission, Place No. 2",,REP,Jim Zig Zeigler,1035
Cleburne,"Public Service Commission, Place No. 2",,REP,Priscilla Andrews,403
Cleburne,"Public Service Commissioner, Place 1",,DEM,James O. Gordon,48
Cleburne,"Public Service Commissioner, Place 1",,DEM,Jeff Ramsey,57
Cleburne,"Public Service Commissioner, Place 1",,DEM,John Northrop,34
Cleburne,Secretary of State,,REP,Caroleene Dobson,1172
Cleburne,Secretary of State,,REP,Christopher Christian Horn,813
Cleburne,Secretary of State,,REP,Glenda S. Jackson,655
Cleburne,State Auditor,,REP,Andrew Sorrell,2055
Cleburne,State Auditor,,REP,Derek Chen,685
Cleburne,State House,40,REP,Bill Lester,49
Cleburne,State House,40,REP,Bill McAdams,252
Cleburne,State House,40,REP,Chad Robertson,2278
Cleburne,State House,40,REP,Kaycee Cavender,699
Cleburne,State Senate,13,REP,Gerald Dial,1230
Cleburne,State Senate,13,REP,Randy Price,1907
Cleburne,State Treasurer,,REP,Steve Lolley,986
Cleburne,State Treasurer,,REP,Young Boozer,1726
Cleburne,U.S. House,3,REP,Mike Rogers,2659
Cleburne,U.S. House,3,REP,Terri LaPoint,482
Cleburne,U.S. Senate,,DEM,Dakarai Larriett,29
Cleburne,U.S. Senate,,DEM,Everett Wess,39
Cleburne,U.S. Senate,,DEM,Kyle Sweetser,30
Cleburne,U.S. Senate,,DEM,Mark S. Wheeler II,51
Cleburne,U.S. Senate,,REP,Barry Moore,859
Cleburne,U.S. Senate,,REP,Dale Shelton Deas Jr.,66
Cleburne,U.S. Senate,,REP,Jared Hudson,587
Cleburne,U.S. Senate,,REP,Morgan Murphy,68
Cleburne,U.S. Senate,,REP,Rodney Walker,746
Cleburne,U.S. Senate,,REP,Seth Burton,96
Cleburne,U.S. Senate,,REP,Steve Marshall,573
Coffee,Attorney General,,REP,Jay Mitchell,2348
Coffee,Attorney General,,REP,Katherine Robertson,1903
Coffee,Attorney General,,REP,Pamela L. Casey,2000
Coffee,Coffee County Sheriff,,REP,Jason Burch,1073
Coffee,Coffee County Sheriff,,REP,Scott Byrd,5537
Coffee,Commissioner of Agriculture and Industries,,REP,Christina Woerner McInnis,1901
Coffee,Commissioner of Agriculture and Industries,,REP,Cory Hill,2259
Coffee,Commissioner of Agriculture and Industries,,REP,Jack Williams,1755
Coffee,Governor,,DEM,"Chad ""Chig"" Martin",159
Coffee,Governor,,DEM,Doug Jones,1069
Coffee,Governor,,DEM,Jamel J. Brown,109
Coffee,Governor,,DEM,"Nathan ""Nate"" Mathis",24
Coffee,Governor,,DEM,Will Boyd,259
Coffee,Governor,,DEM,Yolanda Rochelle Flowers,119
Coffee,Governor,,REP,"""Alabama"" Will Santivasci",278
Coffee,Governor,,REP,Ken McFeeters,500
Coffee,Governor,,REP,Thomas Tuberville,5851
Coffee,Lieutenant Governor,,DEM,Darryl D. Perryman,717
Coffee,Lieutenant Governor,,DEM,Phillip Ensler,917
Coffee,Lieutenant Governor,,REP,George Childress,125
Coffee,Lieutenant Governor,,REP,John Wahl,2584
Coffee,Lieutenant Governor,,REP,Nicole Jones Wadsworth,280
Coffee,Lieutenant Governor,,REP,Pat Bishop,166
Coffee,Lieutenant Governor,,REP,Rick Pate,358
Coffee,Lieutenant Governor,,REP,Stewart Hill Tankersley,211
Coffee,Lieutenant Governor,,REP,Wes Allen,2684
Coffee,"Public Service Commission, Place No. 1",,REP,Jeremy H. Oden,1324
Coffee,"Public Service Commission, Place No. 1",,REP,Matt Gentry,4350
Coffee,"Public Service Commission, Place No. 2",,REP,Brent Woodall,1356
Coffee,"Public Service Commission, Place No. 2",,REP,Chris Beeker,1000
Coffee,"Public Service Commission, Place No. 2",,REP,Jim Zig Zeigler,2834
Coffee,"Public Service Commission, Place No. 2",,REP,Priscilla Andrews,711
Coffee,"Public Service Commissioner, Place 1",,DEM,James O. Gordon,871
Coffee,"Public Service Commissioner, Place 1",,DEM,Jeff Ramsey,487
Coffee,"Public Service Commissioner, Place 1",,DEM,John Northrop,245
Coffee,Secretary of State,,REP,Caroleene Dobson,3335
Coffee,Secretary of State,,REP,Christopher Christian Horn,1610
Coffee,Secretary of State,,REP,Glenda S. Jackson,818
Coffee,State Auditor,,REP,Andrew Sorrell,4386
Coffee,State Auditor,,REP,Derek Chen,1542
Coffee,State Democratic Executive Committee,,DEM,Allie Bell-Reddick,907
Coffee,State Democratic Executive Committee,,DEM,Harriet Hubbard,14
Coffee,State Democratic Executive Committee,,DEM,Jackie R. Woods,16
Coffee,State Democratic Executive Committee,,DEM,Jerrold A. Whitehurst,923
Coffee,State Democratic Executive Committee,,DEM,Patrick E Wise,673
Coffee,State Democratic Executive Committee,,DEM,Steve Hubbard,9
Coffee,State Democratic Executive Committee,,DEM,Sylvia Wallace-Patton,11
Coffee,State Democratic Executive Committee,,DEM,Vassina L Deetion,697
Coffee,State House,91,REP,Jody Linton,3265
Coffee,State House,91,REP,Rod Morgan,1989
Coffee,State Treasurer,,REP,Steve Lolley,2035
Coffee,State Treasurer,,REP,Young Boozer,4050
Coffee,U.S. House,1,REP,Austin Sidwell,187
Coffee,U.S. House,1,REP,James (Jimmy) Dees,202
Coffee,U.S. House,1,REP,James Richardson,140
Coffee,U.S. House,1,REP,Jerry Carl,501
Coffee,U.S. House,1,REP,John Mills,237
Coffee,U.S. House,1,REP,Joshua McKee,995
Coffee,U.S. House,1,REP,Rhett Marques,4130
Coffee,U.S. Senate,,DEM,Dakarai Larriett,540
Coffee,U.S. Senate,,DEM,Everett Wess,569
Coffee,U.S. Senate,,DEM,Kyle Sweetser,200
Coffee,U.S. Senate,,DEM,Mark S. Wheeler II,335
Coffee,U.S. Senate,,REP,Barry Moore,5046
Coffee,U.S. Senate,,REP,Dale Shelton Deas Jr.,61
Coffee,U.S. Senate,,REP,Jared Hudson,769
Coffee,U.S. Senate,,REP,Morgan Murphy,38
Coffee,U.S. Senate,,REP,Rodney Walker,122
Coffee,U.S. Senate,,REP,Seth Burton,134
Coffee,U.S. Senate,,REP,Steve Marshall,543
Colbert,Attorney General,,REP,Jay Mitchell,1894
Colbert,Attorney General,,REP,Katherine Robertson,1706
Colbert,Attorney General,,REP,Pamela L. Casey,1062
Colbert,Commissioner of Agriculture and Industries,,REP,Christina Woerner McInnis,1381
Colbert,Commissioner of Agriculture and Industries,,REP,Cory Hill,1691
Colbert,Commissioner of Agriculture and Industries,,REP,Jack Williams,1391
Colbert,Governor,,DEM,"Chad ""Chig"" Martin",84
Colbert,Governor,,DEM,Doug Jones,1962
Colbert,Governor,,DEM,Jamel J. Brown,77
Colbert,Governor,,DEM,"Nathan ""Nate"" Mathis",16
Colbert,Governor,,DEM,Will Boyd,502
Colbert,Governor,,DEM,Yolanda Rochelle Flowers,74
Colbert,Governor,,REP,"""Alabama"" Will Santivasci",226
Colbert,Governor,,REP,Ken McFeeters,441
Colbert,Governor,,REP,Thomas Tuberville,4256
Colbert,Lieutenant Governor,,DEM,Darryl D. Perryman,850
Colbert,Lieutenant Governor,,DEM,Phillip Ensler,1689
Colbert,Lieutenant Governor,,REP,George Childress,49
Colbert,Lieutenant Governor,,REP,John Wahl,2442
Colbert,Lieutenant Governor,,REP,Nicole Jones Wadsworth,222
Colbert,Lieutenant Governor,,REP,Pat Bishop,110
Colbert,Lieutenant Governor,,REP,Rick Pate,236
Colbert,Lieutenant Governor,,REP,Stewart Hill Tankersley,86
Colbert,Lieutenant Governor,,REP,Wes Allen,1704
Colbert,"Public Service Commission, Place No. 1",,REP,Jeremy H. Oden,1239
Colbert,"Public Service Commission, Place No. 1",,REP,Matt Gentry,3051
Colbert,"Public Service Commission, Place No. 2",,REP,Brent Woodall,1319
Colbert,"Public Service Commission, Place No. 2",,REP,Chris Beeker,841
Colbert,"Public Service Commission, Place No. 2",,REP,Jim Zig Zeigler,1798
Colbert,"Public Service Commission, Place No. 2",,REP,Priscilla Andrews,509
Colbert,"Public Service Commissioner, Place 1",,DEM,James O. Gordon,1495
Colbert,"Public Service Commissioner, Place 1",,DEM,Jeff Ramsey,647
Colbert,"Public Service Commissioner, Place 1",,DEM,John Northrop,376
Colbert,Secretary of State,,REP,Caroleene Dobson,2973
Colbert,Secretary of State,,REP,Christopher Christian Horn,1009
Colbert,Secretary of State,,REP,Glenda S. Jackson,463
Colbert,State Auditor,,REP,Andrew Sorrell,3792
Colbert,State Auditor,,REP,Derek Chen,998
Colbert,State Democratic Executive Committee,,DEM,Brenda Hampton,242
Colbert,State Democratic Executive Committee,,DEM,Marcus Echols,134
Colbert,State Democratic Executive Committee,,DEM,Melvina Taylor Watkins,208
Colbert,State Democratic Executive Committee,,DEM,Mose Jones Jr.,324
Colbert,State Treasurer,,REP,Steve Lolley,1812
Colbert,State Treasurer,,REP,Young Boozer,2716
Colbert,U.S. House,4,DEM,Amanda N. Pusczek,1237
Colbert,U.S. House,4,DEM,Shane Weaver,940
Colbert,U.S. House,4,REP,Robert B. Aderholt,3082
Colbert,U.S. House,4,REP,Tommy Barnes,1854
Colbert,U.S. Senate,,DEM,Dakarai Larriett,608
Colbert,U.S. Senate,,DEM,Everett Wess,1205
Colbert,U.S. Senate,,DEM,Kyle Sweetser,367
Colbert,U.S. Senate,,DEM,Mark S. Wheeler II,389
Colbert,U.S. Senate,,REP,Barry Moore,2065
Colbert,U.S. Senate,,REP,Dale Shelton Deas Jr.,64
Colbert,U.S. Senate,,REP,Jared Hudson,1172
Colbert,U.S. Senate,,REP,Morgan Murphy,67
Colbert,U.S. Senate,,REP,Rodney Walker,222
Colbert,U.S. Senate,,REP,Seth Burton,129
Colbert,U.S. Senate,,REP,Steve Marshall,1099
Conecuh,Attorney General,,REP,Jay Mitchell,362
Conecuh,Attorney General,,REP,Katherine Robertson,562
Conecuh,Attorney General,,REP,Pamela L. Casey,496
Conecuh,Commissioner of Agriculture and Industries,,REP,Christina Woerner McInnis,469
Conecuh,Commissioner of Agriculture and Industries,,REP,Cory Hill,518
Conecuh,Commissioner of Agriculture and Industries,,REP,Jack Williams,384
Conecuh,Conecuh County Sheriff,,REP,Maxwell (Mike) Blackmon,619
Conecuh,Conecuh County Sheriff,,REP,Randal Cleveland Brown,976
Conecuh,Governor,,DEM,"Chad ""Chig"" Martin",23
Conecuh,Governor,,DEM,Doug Jones,1033
Conecuh,Governor,,DEM,Jamel J. Brown,157
Conecuh,Governor,,DEM,"Nathan ""Nate"" Mathis",15
Conecuh,Governor,,DEM,Will Boyd,234
Conecuh,Governor,,DEM,Yolanda Rochelle Flowers,58
Conecuh,Governor,,REP,"""Alabama"" Will Santivasci",60
Conecuh,Governor,,REP,Ken McFeeters,83
Conecuh,Governor,,REP,Thomas Tuberville,1428
Conecuh,Lieutenant Governor,,DEM,Darryl D. Perryman,784
Conecuh,Lieutenant Governor,,DEM,Phillip Ensler,650
Conecuh,Lieutenant Governor,,REP,George Childress,38
Conecuh,Lieutenant Governor,,REP,John Wahl,609
Conecuh,Lieutenant Governor,,REP,Nicole Jones Wadsworth,55
Conecuh,Lieutenant Governor,,REP,Pat Bishop,78
Conecuh,Lieutenant Governor,,REP,Rick Pate,153
Conecuh,Lieutenant Governor,,REP,Stewart Hill Tankersley,19
Conecuh,Lieutenant Governor,,REP,Wes Allen,515
Conecuh,"Public Service Commission, Place No. 1",,REP,Jeremy H. Oden,275
Conecuh,"Public Service Commission, Place No. 1",,REP,Matt Gentry,989
Conecuh,"Public Service Commission, Place No. 2",,REP,Brent Woodall,226
Conecuh,"Public Service Commission, Place No. 2",,REP,Chris Beeker,257
Conecuh,"Public Service Commission, Place No. 2",,REP,Jim Zig Zeigler,667
Conecuh,"Public Service Commission, Place No. 2",,REP,Priscilla Andrews,156
Conecuh,"Public Service Commissioner, Place 1",,DEM,James O. Gordon,1019
Conecuh,"Public Service Commissioner, Place 1",,DEM,Jeff Ramsey,219
Conecuh,"Public Service Commissioner, Place 1",,DEM,John Northrop,175
Conecuh,Secretary of State,,REP,Caroleene Dobson,1217
Conecuh,Secretary of State,,REP,Christopher Christian Horn,163
Conecuh,Secretary of State,,REP,Glenda S. Jackson,78
Conecuh,State Auditor,,REP,Andrew Sorrell,786
Conecuh,State Auditor,,REP,Derek Chen,564
Conecuh,State Treasurer,,REP,Steve Lolley,428
Conecuh,State Treasurer,,REP,Young Boozer,967
Conecuh,U.S. Senate,,DEM,Dakarai Larriett,397
Conecuh,U.S. Senate,,DEM,Everett Wess,666
Conecuh,U.S. Senate,,DEM,Kyle Sweetser,162
Conecuh,U.S. Senate,,DEM,Mark S. Wheeler II,175
Conecuh,U.S. Senate,,REP,Barry Moore,654
Conecuh,U.S. Senate,,REP,Dale Shelton Deas Jr.,33
Conecuh,U.S. Senate,,REP,Jared Hudson,249
Conecuh,U.S. Senate,,REP,Morgan Murphy,22
Conecuh,U.S. Senate,,REP,Rodney Walker,114
Conecuh,U.S. Senate,,REP,Seth Burton,53
Conecuh,U.S. Senate,,REP,Steve Marshall,345
Coosa,Attorney General,,REP,Jay Mitchell,523
Coosa,Attorney General,,REP,Katherine Robertson,513
Coosa,Attorney General,,REP,Pamela L. Casey,417
Coosa,Commissioner of Agriculture and Industries,,REP,Christina Woerner McInnis,402
Coosa,Commissioner of Agriculture and Industries,,REP,Cory Hill,464
Coosa,Commissioner of Agriculture and Industries,,REP,Jack Williams,526
Coosa,Governor,,DEM,"Chad ""Chig"" Martin",11
Coosa,Governor,,DEM,Doug Jones,639
Coosa,Governor,,DEM,Jamel J. Brown,52
Coosa,Governor,,DEM,"Nathan ""Nate"" Mathis",5
Coosa,Governor,,DEM,Will Boyd,73
Coosa,Governor,,DEM,Yolanda Rochelle Flowers,37
Coosa,Governor,,REP,"""Alabama"" Will Santivasci",54
Coosa,Governor,,REP,Ken McFeeters,75
Coosa,Governor,,REP,Thomas Tuberville,1381
Coosa,Lieutenant Governor,,DEM,Darryl D. Perryman,259
Coosa,Lieutenant Governor,,DEM,Phillip Ensler,513
Coosa,Lieutenant Governor,,REP,George Childress,28
Coosa,Lieutenant Governor,,REP,John Wahl,611
Coosa,Lieutenant Governor,,REP,Nicole Jones Wadsworth,71
Coosa,Lieutenant Governor,,REP,Pat Bishop,75
Coosa,Lieutenant Governor,,REP,Rick Pate,117
Coosa,Lieutenant Governor,,REP,Stewart Hill Tankersley,44
Coosa,Lieutenant Governor,,REP,Wes Allen,515
Coosa,"Member, Coosa County Board of Education, District No. 4",,REP,Kimberly D. Crowe,215
Coosa,"Member, Coosa County Board of Education, District No. 4",,REP,Sharon Coffman,244
Coosa,"Member, Coosa County Commission, District No. 4",,REP,Johnnie Schmidt,129
Coosa,"Member, Coosa County Commission, District No. 4",,REP,Matthew Reams,373
Coosa,"Member, Coosa County Commission, District No. 5",,REP,Dillon Adams,339
Coosa,"Member, Coosa County Commission, District No. 5",,REP,Lamar Daugherty,200
Coosa,"Public Service Commission, Place No. 1",,REP,Jeremy H. Oden,295
Coosa,"Public Service Commission, Place No. 1",,REP,Matt Gentry,1081
Coosa,"Public Service Commission, Place No. 2",,REP,Brent Woodall,138
Coosa,"Public Service Commission, Place No. 2",,REP,Chris Beeker,397
Coosa,"Public Service Commission, Place No. 2",,REP,Jim Zig Zeigler,739
Coosa,"Public Service Commission, Place No. 2",,REP,Priscilla Andrews,130
Coosa,"Public Service Commissioner, Place 1",,DEM,James O. Gordon,516
Coosa,"Public Service Commissioner, Place 1",,DEM,Jeff Ramsey,155
Coosa,"Public Service Commissioner, Place 1",,DEM,John Northrop,95
Coosa,Secretary of State,,REP,Caroleene Dobson,920
Coosa,Secretary of State,,REP,Christopher Christian Horn,288
Coosa,Secretary of State,,REP,Glenda S. Jackson,166
Coosa,State Auditor,,REP,Andrew Sorrell,969
Coosa,State Auditor,,REP,Derek Chen,439
Coosa,State Treasurer,,REP,Steve Lolley,418
Coosa,State Treasurer,,REP,Young Boozer,993
Coosa,U.S. House,6,REP,Case Dixon,292
Coosa,U.S. House,6,REP,Gary Palmer,1135
Coosa,U.S. Senate,,DEM,Dakarai Larriett,152
Coosa,U.S. Senate,,DEM,Everett Wess,429
Coosa,U.S. Senate,,DEM,Kyle Sweetser,72
Coosa,U.S. Senate,,DEM,Mark S. Wheeler II,122
Coosa,U.S. Senate,,REP,Barry Moore,528
Coosa,U.S. Senate,,REP,Dale Shelton Deas Jr.,13
Coosa,U.S. Senate,,REP,Jared Hudson,387
Coosa,U.S. Senate,,REP,Morgan Murphy,13
Coosa,U.S. Senate,,REP,Rodney Walker,104
Coosa,U.S. Senate,,REP,Seth Burton,57
Coosa,U.S. Senate,,REP,Steve Marshall,386
Covington,Attorney General,,REP,Jay Mitchell,1410
Covington,Attorney General,,REP,Katherine Robertson,1739
Covington,Attorney General,,REP,Pamela L. Casey,2276
Covington,Commissioner of Agriculture and Industries,,REP,Christina Woerner McInnis,1578
Covington,Commissioner of Agriculture and Industries,,REP,Cory Hill,1869
Covington,Commissioner of Agriculture and Industries,,REP,Jack Williams,1442
Covington,Covington County Sheriff,,REP,David Blake Turman,3484
Covington,Covington County Sheriff,,REP,Landon Thigpen,133
Covington,Covington County Sheriff,,REP,Mark Odom,2278
Covington,Governor,,DEM,"Chad ""Chig"" Martin",48
Covington,Governor,,DEM,Doug Jones,543
Covington,Governor,,DEM,Jamel J. Brown,78
Covington,Governor,,DEM,"Nathan ""Nate"" Mathis",14
Covington,Governor,,DEM,Will Boyd,114
Covington,Governor,,DEM,Yolanda Rochelle Flowers,50
Covington,Governor,,REP,"""Alabama"" Will Santivasci",245
Covington,Governor,,REP,Ken McFeeters,441
Covington,Governor,,REP,Thomas Tuberville,5104
Covington,Lieutenant Governor,,DEM,Darryl D. Perryman,284
Covington,Lieutenant Governor,,DEM,Phillip Ensler,509
Covington,Lieutenant Governor,,REP,George Childress,101
Covington,Lieutenant Governor,,REP,John Wahl,1742
Covington,Lieutenant Governor,,REP,Nicole Jones Wadsworth,222
Covington,Lieutenant Governor,,REP,Pat Bishop,144
Covington,Lieutenant Governor,,REP,Rick Pate,353
Covington,Lieutenant Governor,,REP,Stewart Hill Tankersley,87
Covington,Lieutenant Governor,,REP,Wes Allen,2764
Covington,"Member, Covington County Board of Education, Place No. 5",,REP,Amanda Inabinett,565
Covington,"Member, Covington County Board of Education, Place No. 5",,REP,Evan Robbins,452
Covington,"Member, Covington County Board of Education, Place No. 5",,REP,Jimmy Prestwood,699
Covington,"Member, Covington County Board of Education, Place No. 5",,REP,Micah J. Garner,2109
Covington,"Public Service Commission, Place No. 1",,REP,Jeremy H. Oden,1268
Covington,"Public Service Commission, Place No. 1",,REP,Matt Gentry,3441
Covington,"Public Service Commission, Place No. 2",,REP,Brent Woodall,849
Covington,"Public Service Commission, Place No. 2",,REP,Chris Beeker,1036
Covington,"Public Service Commission, Place No. 2",,REP,Jim Zig Zeigler,2479
Covington,"Public Service Commission, Place No. 2",,REP,Priscilla Andrews,574
Covington,"Public Service Commissioner, Place 1",,DEM,James O. Gordon,459
Covington,"Public Service Commissioner, Place 1",,DEM,Jeff Ramsey,174
Covington,"Public Service Commissioner, Place 1",,DEM,John Northrop,161
Covington,Secretary of State,,REP,Caroleene Dobson,3344
Covington,Secretary of State,,REP,Christopher Christian Horn,962
Covington,Secretary of State,,REP,Glenda S. Jackson,645
Covington,State Auditor,,REP,Andrew Sorrell,3277
Covington,State Auditor,,REP,Derek Chen,1704
Covington,State Democratic Executive Committee,,DEM,Harriet Hubbard,411
Covington,State Democratic Executive Committee,,DEM,Jackie R. Woods,587
Covington,State Democratic Executive Committee,,DEM,Steve Hubbard,238
Covington,State Democratic Executive Committee,,DEM,Sylvia Wallace-Patton,399
Covington,State Treasurer,,REP,Steve Lolley,1544
Covington,State Treasurer,,REP,Young Boozer,3596
Covington,U.S. House,1,REP,Austin Sidwell,690
Covington,U.S. House,1,REP,James (Jimmy) Dees,410
Covington,U.S. House,1,REP,James Richardson,304
Covington,U.S. House,1,REP,Jerry Carl,1224
Covington,U.S. House,1,REP,John Mills,372
Covington,U.S. House,1,REP,Joshua McKee,535
Covington,U.S. House,1,REP,Rhett Marques,1252
Covington,U.S. Senate,,DEM,Dakarai Larriett,205
Covington,U.S. Senate,,DEM,Everett Wess,339
Covington,U.S. Senate,,DEM,Kyle Sweetser,108
Covington,U.S. Senate,,DEM,Mark S. Wheeler II,147
Covington,U.S. Senate,,REP,Barry Moore,3407
Covington,U.S. Senate,,REP,Dale Shelton Deas Jr.,42
Covington,U.S. Senate,,REP,Jared Hudson,918
Covington,U.S. Senate,,REP,Morgan Murphy,53
Covington,U.S. Senate,,REP,Rodney Walker,435
Covington,U.S. Senate,,REP,Seth Burton,94
Covington,U.S. Senate,,REP,Steve Marshall,705
Crenshaw,Attorney General,,REP,Jay Mitchell,879
Crenshaw,Attorney General,,REP,Katherine Robertson,1014
Crenshaw,Attorney General,,REP,Pamela L. Casey,524
Crenshaw,Commissioner of Agriculture and Industries,,REP,Christina Woerner McInnis,607
Crenshaw,Commissioner of Agriculture and Industries,,REP,Cory Hill,992
Crenshaw,Commissioner of Agriculture and Industries,,REP,Jack Williams,680
Crenshaw,Crenshaw County Sheriff,,REP,Lee Simmons,1419
Crenshaw,Crenshaw County Sheriff,,REP,Terry Mears,1196
Crenshaw,Governor,,DEM,"Chad ""Chig"" Martin",12
Crenshaw,Governor,,DEM,Doug Jones,549
Crenshaw,Governor,,DEM,Jamel J. Brown,49
Crenshaw,Governor,,DEM,"Nathan ""Nate"" Mathis",4
Crenshaw,Governor,,DEM,Will Boyd,78
Crenshaw,Governor,,DEM,Yolanda Rochelle Flowers,18
Crenshaw,Governor,,REP,"""Alabama"" Will Santivasci",105
Crenshaw,Governor,,REP,Ken McFeeters,119
Crenshaw,Governor,,REP,Thomas Tuberville,2326
Crenshaw,Lieutenant Governor,,DEM,Darryl D. Perryman,193
Crenshaw,Lieutenant Governor,,DEM,Phillip Ensler,498
Crenshaw,Lieutenant Governor,,REP,George Childress,31
Crenshaw,Lieutenant Governor,,REP,John Wahl,562
Crenshaw,Lieutenant Governor,,REP,Nicole Jones Wadsworth,70
Crenshaw,Lieutenant Governor,,REP,Pat Bishop,53
Crenshaw,Lieutenant Governor,,REP,Rick Pate,245
Crenshaw,Lieutenant Governor,,REP,Stewart Hill Tankersley,61
Crenshaw,Lieutenant Governor,,REP,Wes Allen,1439
Crenshaw,"Member, Crenshaw County Commissionm, District No. 1",,REP,Raymond McGough,280
Crenshaw,"Member, Crenshaw County Commissionm, District No. 1",,REP,Ricky McElwain,436
Crenshaw,"Public Service Commission, Place No. 1",,REP,Jeremy H. Oden,500
Crenshaw,"Public Service Commission, Place No. 1",,REP,Matt Gentry,1676
Crenshaw,"Public Service Commission, Place No. 2",,REP,Brent Woodall,324
Crenshaw,"Public Service Commission, Place No. 2",,REP,Chris Beeker,548
Crenshaw,"Public Service Commission, Place No. 2",,REP,Jim Zig Zeigler,1079
Crenshaw,"Public Service Commission, Place No. 2",,REP,Priscilla Andrews,271
Crenshaw,"Public Service Commissioner, Place 1",,DEM,James O. Gordon,510
Crenshaw,"Public Service Commissioner, Place 1",,DEM,Jeff Ramsey,113
Crenshaw,"Public Service Commissioner, Place 1",,DEM,John Northrop,65
Crenshaw,Secretary of State,,REP,Caroleene Dobson,1892
Crenshaw,Secretary of State,,REP,Christopher Christian Horn,299
Crenshaw,Secretary of State,,REP,Glenda S. Jackson,146
Crenshaw,State Auditor,,REP,Andrew Sorrell,1477
Crenshaw,State Auditor,,REP,Derek Chen,811
Crenshaw,State Senate,25,DEM,KK Middleton,119
Crenshaw,State Senate,25,DEM,Kirk Hatcher,380
Crenshaw,State Senate,25,DEM,Phadra Carson Foster,144
Crenshaw,State Treasurer,,REP,Steve Lolley,554
Crenshaw,State Treasurer,,REP,Young Boozer,1794
Crenshaw,U.S. Senate,,DEM,Dakarai Larriett,123
Crenshaw,U.S. Senate,,DEM,Everett Wess,491
Crenshaw,U.S. Senate,,DEM,Kyle Sweetser,51
Crenshaw,U.S. Senate,,DEM,Mark S. Wheeler II,91
Crenshaw,U.S. Senate,,REP,Barry Moore,1431
Crenshaw,U.S. Senate,,REP,Dale Shelton Deas Jr.,17
Crenshaw,U.S. Senate,,REP,Jared Hudson,318
Crenshaw,U.S. Senate,,REP,Morgan Murphy,18
Crenshaw,U.S. Senate,,REP,Rodney Walker,85
Crenshaw,U.S. Senate,,REP,Seth Burton,34
Crenshaw,U.S. Senate,,REP,Steve Marshall,587
Cullman,Attorney General,,REP,Jay Mitchell,4892
Cullman,Attorney General,,REP,Katherine Robertson,5255
Cullman,Attorney General,,REP,Pamela L. Casey,4279
Cullman,Commissioner of Agriculture and Industries,,REP,Christina Woerner McInnis,3772
Cullman,Commissioner of Agriculture and Industries,,REP,Cory Hill,5522
Cullman,Commissioner of Agriculture and Industries,,REP,Jack Williams,4091
Cullman,"Cullman County Republican Executive Committee, At Large",,REP,Champ Crocker,7541
Cullman,"Cullman County Republican Executive Committee, At Large",,REP,"Greg ""Tally"" Johnson",3744
Cullman,"Cullman County Republican Executive Committee, At Large",,REP,Gwen B. Parker,4476
Cullman,"Cullman County Republican Executive Committee, At Large",,REP,"Jeff ""Clem"" Clemons",6780
Cullman,"Cullman County Republican Executive Committee, At Large",,REP,Jeremy Cline,4207
Cullman,"Cullman County Republican Executive Committee, At Large",,REP,Jeremy H. Oden,5335
Cullman,"Cullman County Republican Executive Committee, At Large",,REP,Kelly Duke,5936
Cullman,"Cullman County Republican Executive Committee, At Large",,REP,Morris L. Williams,4015
Cullman,"Cullman County Republican Executive Committee, At Large",,REP,Rex Sorrow,5508
Cullman,"Cullman County Republican Executive Committee, At Large",,REP,Steve Cummings,6469
Cullman,"Cullman County Republican Executive Committee, City of Cullman",,REP,Alex J. Chaney,1316
Cullman,"Cullman County Republican Executive Committee, City of Cullman",,REP,G. Rhys Battles,708
Cullman,"Cullman County Republican Executive Committee, City of Cullman",,REP,Michael Sapp,1145
Cullman,"Cullman County Republican Executive Committee, City of Cullman",,REP,Waid Harbison,1246
Cullman,"Cullman County Republican Executive Committee, East Side",,REP,Carol Cline,3002
Cullman,"Cullman County Republican Executive Committee, East Side",,REP,Cathi Bradford,5860
Cullman,"Cullman County Republican Executive Committee, East Side",,REP,David W. Grissom,5177
Cullman,"Cullman County Republican Executive Committee, East Side",,REP,Jeff Lawson,6238
Cullman,"Cullman County Republican Executive Committee, West Side",,REP,Chatty Freeman,4607
Cullman,"Cullman County Republican Executive Committee, West Side",,REP,Jacqueline B. Schendel,4248
Cullman,"Cullman County Republican Executive Committee, West Side",,REP,Jamie Speakman,5916
Cullman,"Cullman County Republican Executive Committee, West Side",,REP,Tommy Wilkinson,5266
Cullman,Cullman County Revenue Commissioner,,REP,Kenneth Cornelius,6661
Cullman,Cullman County Revenue Commissioner,,REP,Mike Pitts,7738
Cullman,Cullman County Sheriff,,REP,Chad Whaley,10259
Cullman,Cullman County Sheriff,,REP,Tim Creel,5132
Cullman,Governor,,DEM,"Chad ""Chig"" Martin",41
Cullman,Governor,,DEM,Doug Jones,749
Cullman,Governor,,DEM,Jamel J. Brown,19
Cullman,Governor,,DEM,"Nathan ""Nate"" Mathis",13
Cullman,Governor,,DEM,Will Boyd,113
Cullman,Governor,,DEM,Yolanda Rochelle Flowers,40
Cullman,Governor,,REP,"""Alabama"" Will Santivasci",638
Cullman,Governor,,REP,Ken McFeeters,1170
Cullman,Governor,,REP,Thomas Tuberville,13434
Cullman,Lieutenant Governor,,DEM,Darryl D. Perryman,325
Cullman,Lieutenant Governor,,DEM,Phillip Ensler,550
Cullman,Lieutenant Governor,,REP,George Childress,247
Cullman,Lieutenant Governor,,REP,John Wahl,5840
Cullman,Lieutenant Governor,,REP,Nicole Jones Wadsworth,952
Cullman,Lieutenant Governor,,REP,Pat Bishop,1145
Cullman,Lieutenant Governor,,REP,Rick Pate,936
Cullman,Lieutenant Governor,,REP,Stewart Hill Tankersley,379
Cullman,Lieutenant Governor,,REP,Wes Allen,5017
Cullman,"Member Cullman County Republican Executive Committee, Fairview/District No. 2",,REP,Mike Ball,683
Cullman,"Member Cullman County Republican Executive Committee, Fairview/District No. 2",,REP,Todd Floyd,841
Cullman,"Member Cullman County Republican Executive Committee, West Point/District No. 1",,REP,J.R. Bowling,1313
Cullman,"Member Cullman County Republican Executive Committee, West Point/District No. 1",,REP,"Samuel ""Sam"" L. Roberts",886
Cullman,"Member, Cullman County Board of Education, Hanceville/District No. 4",,REP,Kenny Brockman,1055
Cullman,"Member, Cullman County Board of Education, Hanceville/District No. 4",,REP,Stephen McRea,923
Cullman,"Member, Cullman County Commission, District 1",,REP,Kenneth Walker,9900
Cullman,"Member, Cullman County Commission, District 1",,REP,Reburn Miller,3621
Cullman,"Member, Cullman County Commission, District 2",,REP,Josh Speakman,5458
Cullman,"Member, Cullman County Commission, District 2",,REP,Richard Barnett,8063
Cullman,"Public Service Commission, Place No. 1",,REP,Jeremy H. Oden,3277
Cullman,"Public Service Commission, Place No. 1",,REP,Matt Gentry,12201
Cullman,"Public Service Commission, Place No. 2",,REP,Brent Woodall,2676
Cullman,"Public Service Commission, Place No. 2",,REP,Chris Beeker,3394
Cullman,"Public Service Commission, Place No. 2",,REP,Jim Zig Zeigler,5371
Cullman,"Public Service Commission, Place No. 2",,REP,Priscilla Andrews,1787
Cullman,"Public Service Commissioner, Place 1",,DEM,James O. Gordon,317
Cullman,"Public Service Commissioner, Place 1",,DEM,Jeff Ramsey,330
Cullman,"Public Service Commissioner, Place 1",,DEM,John Northrop,226
Cullman,Secretary of State,,REP,Caroleene Dobson,8936
Cullman,Secretary of State,,REP,Christopher Christian Horn,2983
Cullman,Secretary of State,,REP,Glenda S. Jackson,1553
Cullman,State Auditor,,REP,Andrew Sorrell,9470
Cullman,State Auditor,,REP,Derek Chen,4073
Cullman,State Board of Education,6,REP,Cathi Bradford,8375
Cullman,State Board of Education,6,REP,Marie Manning,4695
Cullman,State Democratic Executive Committee,,DEM,Darron Mitchell,22
Cullman,State Democratic Executive Committee,,DEM,James Kinsman,20
Cullman,"State Republican Executive Committee, Cullman County, Place No. 2",,REP,Cathi Bradford,7903
Cullman,"State Republican Executive Committee, Cullman County, Place No. 2",,REP,Jamie Speakman,5360
Cullman,"State Republican Executive Committee, Cullman County, Place No. 4",,REP,Chatty Freeman,2341
Cullman,"State Republican Executive Committee, Cullman County, Place No. 4",,REP,J.R. Bowling,7541
Cullman,"State Republican Executive Committee, Cullman County, Place No. 4",,REP,"Samuel ""Sam"" L. Roberts",3526
Cullman,State Senate,4,REP,Garlan Gudger,8960
Cullman,State Senate,4,REP,J.R. Bowling,6326
Cullman,State Treasurer,,REP,Steve Lolley,4794
Cullman,State Treasurer,,REP,Young Boozer,8705
Cullman,U.S. House,4,DEM,Amanda N. Pusczek,541
Cullman,U.S. House,4,DEM,Shane Weaver,343
Cullman,U.S. House,4,REP,Robert B. Aderholt,11586
Cullman,U.S. House,4,REP,Tommy Barnes,3354
Cullman,U.S. Senate,,DEM,Dakarai Larriett,260
Cullman,U.S. Senate,,DEM,Everett Wess,181
Cullman,U.S. Senate,,DEM,Kyle Sweetser,193
Cullman,U.S. Senate,,DEM,Mark S. Wheeler II,252
Cullman,U.S. Senate,,REP,Barry Moore,3944
Cullman,U.S. Senate,,REP,Dale Shelton Deas Jr.,251
Cullman,U.S. Senate,,REP,Jared Hudson,5665
Cullman,U.S. Senate,,REP,Morgan Murphy,199
Cullman,U.S. Senate,,REP,Rodney Walker,821
Cullman,U.S. Senate,,REP,Seth Burton,275
Cullman,U.S. Senate,,REP,Steve Marshall,3751
Dale,Attorney General,,REP,Jay Mitchell,1316
Dale,Attorney General,,REP,Katherine Robertson,1971
Dale,Attorney General,,REP,Pamela L. Casey,1204
Dale,Commissioner of Agriculture and Industries,,REP,Christina Woerner McInnis,1515
Dale,Commissioner of Agriculture and Industries,,REP,Cory Hill,1600
Dale,Commissioner of Agriculture and Industries,,REP,Jack Williams,1100
Dale,Governor,,DEM,"Chad ""Chig"" Martin",91
Dale,Governor,,DEM,Doug Jones,1056
Dale,Governor,,DEM,Jamel J. Brown,155
Dale,Governor,,DEM,"Nathan ""Nate"" Mathis",29
Dale,Governor,,DEM,Will Boyd,232
Dale,Governor,,DEM,Yolanda Rochelle Flowers,133
Dale,Governor,,REP,"""Alabama"" Will Santivasci",222
Dale,Governor,,REP,Ken McFeeters,359
Dale,Governor,,REP,Thomas Tuberville,4053
Dale,Lieutenant Governor,,DEM,Darryl D. Perryman,741
Dale,Lieutenant Governor,,DEM,Phillip Ensler,902
Dale,Lieutenant Governor,,REP,George Childress,91
Dale,Lieutenant Governor,,REP,John Wahl,1777
Dale,Lieutenant Governor,,REP,Nicole Jones Wadsworth,198
Dale,Lieutenant Governor,,REP,Pat Bishop,110
Dale,Lieutenant Governor,,REP,Rick Pate,244
Dale,Lieutenant Governor,,REP,Stewart Hill Tankersley,76
Dale,Lieutenant Governor,,REP,Wes Allen,2088
Dale,"Public Service Commission, Place No. 1",,REP,Jeremy H. Oden,905
Dale,"Public Service Commission, Place No. 1",,REP,Matt Gentry,3186
Dale,"Public Service Commission, Place No. 2",,REP,Brent Woodall,794
Dale,"Public Service Commission, Place No. 2",,REP,Chris Beeker,860
Dale,"Public Service Commission, Place No. 2",,REP,Jim Zig Zeigler,1913
Dale,"Public Service Commission, Place No. 2",,REP,Priscilla Andrews,691
Dale,"Public Service Commissioner, Place 1",,DEM,James O. Gordon,880
Dale,"Public Service Commissioner, Place 1",,DEM,Jeff Ramsey,445
Dale,"Public Service Commissioner, Place 1",,DEM,John Northrop,302
Dale,Secretary of State,,REP,Caroleene Dobson,2331
Dale,Secretary of State,,REP,Christopher Christian Horn,1145
Dale,Secretary of State,,REP,Glenda S. Jackson,631
Dale,State Auditor,,REP,Andrew Sorrell,3150
Dale,State Auditor,,REP,Derek Chen,1106
Dale,State Democratic Executive Committee,,DEM,Jesse Kelley,66
Dale,State Democratic Executive Committee,,DEM,Sandra Mobley Scott,174
Dale,State House,93,REP,"""Stormin"" Norman Horton",1052
Dale,State House,93,REP,Steve Clouse,2507
Dale,State Senate,29,REP,Donnie Chesteen,2263
Dale,State Senate,29,REP,Val Glasgow Paul,157
Dale,State Senate,29,REP,Zachary J. Hurst,462
Dale,State Treasurer,,REP,Steve Lolley,1407
Dale,State Treasurer,,REP,Young Boozer,2961
Dale,U.S. House,1,REP,Austin Sidwell,201
Dale,U.S. House,1,REP,James (Jimmy) Dees,221
Dale,U.S. House,1,REP,James Richardson,243
Dale,U.S. House,1,REP,Jerry Carl,621
Dale,U.S. House,1,REP,John Mills,188
Dale,U.S. House,1,REP,Joshua McKee,764
Dale,U.S. House,1,REP,Rhett Marques,2101
Dale,U.S. Senate,,DEM,Dakarai Larriett,529
Dale,U.S. Senate,,DEM,Everett Wess,625
Dale,U.S. Senate,,DEM,Kyle Sweetser,189
Dale,U.S. Senate,,DEM,Mark S. Wheeler II,284
Dale,U.S. Senate,,REP,Barry Moore,3149
Dale,U.S. Senate,,REP,Dale Shelton Deas Jr.,67
Dale,U.S. Senate,,REP,Jared Hudson,519
Dale,U.S. Senate,,REP,Morgan Murphy,41
Dale,U.S. Senate,,REP,Rodney Walker,62
Dale,U.S. Senate,,REP,Seth Burton,79
Dale,U.S. Senate,,REP,Steve Marshall,777
Dallas,Attorney General,,REP,Jay Mitchell,259
Dallas,Attorney General,,REP,Katherine Robertson,1119
Dallas,Attorney General,,REP,Pamela L. Casey,176
Dallas,Commissioner of Agriculture and Industries,,REP,Christina Woerner McInnis,467
Dallas,Commissioner of Agriculture and Industries,,REP,Cory Hill,646
Dallas,Commissioner of Agriculture and Industries,,REP,Jack Williams,305
Dallas,Governor,,DEM,"Chad ""Chig"" Martin",122
Dallas,Governor,,DEM,Doug Jones,5466
Dallas,Governor,,DEM,Jamel J. Brown,551
Dallas,Governor,,DEM,"Nathan ""Nate"" Mathis",75
Dallas,Governor,,DEM,Will Boyd,408
Dallas,Governor,,DEM,Yolanda Rochelle Flowers,315
Dallas,Governor,,REP,"""Alabama"" Will Santivasci",29
Dallas,Governor,,REP,Ken McFeeters,51
Dallas,Governor,,REP,Thomas Tuberville,1481
Dallas,Lieutenant Governor,,DEM,Darryl D. Perryman,3031
Dallas,Lieutenant Governor,,DEM,Phillip Ensler,3577
Dallas,Lieutenant Governor,,REP,George Childress,30
Dallas,Lieutenant Governor,,REP,John Wahl,364
Dallas,Lieutenant Governor,,REP,Nicole Jones Wadsworth,38
Dallas,Lieutenant Governor,,REP,Pat Bishop,24
Dallas,Lieutenant Governor,,REP,Rick Pate,234
Dallas,Lieutenant Governor,,REP,Stewart Hill Tankersley,20
Dallas,Lieutenant Governor,,REP,Wes Allen,797
Dallas,"Public Service Commission, Place No. 1",,REP,Jeremy H. Oden,281
Dallas,"Public Service Commission, Place No. 1",,REP,Matt Gentry,1078
Dallas,"Public Service Commission, Place No. 2",,REP,Brent Woodall,203
Dallas,"Public Service Commission, Place No. 2",,REP,Chris Beeker,406
Dallas,"Public Service Commission, Place No. 2",,REP,Jim Zig Zeigler,674
Dallas,"Public Service Commission, Place No. 2",,REP,Priscilla Andrews,106
Dallas,"Public Service Commissioner, Place 1",,DEM,James O. Gordon,4638
Dallas,"Public Service Commissioner, Place 1",,DEM,Jeff Ramsey,1178
Dallas,"Public Service Commissioner, Place 1",,DEM,John Northrop,494
Dallas,Secretary of State,,REP,Caroleene Dobson,1164
Dallas,Secretary of State,,REP,Christopher Christian Horn,217
Dallas,Secretary of State,,REP,Glenda S. Jackson,64
Dallas,State Auditor,,REP,Andrew Sorrell,775
Dallas,State Auditor,,REP,Derek Chen,641
Dallas,State Treasurer,,REP,Steve Lolley,285
Dallas,State Treasurer,,REP,Young Boozer,1158
Dallas,U.S. Senate,,DEM,Dakarai Larriett,1361
Dallas,U.S. Senate,,DEM,Everett Wess,3379
Dallas,U.S. Senate,,DEM,Kyle Sweetser,514
Dallas,U.S. Senate,,DEM,Mark S. Wheeler II,1220
Dallas,U.S. Senate,,REP,Barry Moore,692
Dallas,U.S. Senate,,REP,Dale Shelton Deas Jr.,16
Dallas,U.S. Senate,,REP,Jared Hudson,218
Dallas,U.S. Senate,,REP,Morgan Murphy,13
Dallas,U.S. Senate,,REP,Rodney Walker,23
Dallas,U.S. Senate,,REP,Seth Burton,28
Dallas,U.S. Senate,,REP,Steve Marshall,530
DeKalb,Governor,,DEM,"Chad ""Chig"" Martin",79
DeKalb,Governor,,DEM,Doug Jones,730
DeKalb,Governor,,DEM,Jamel J. Brown,18
DeKalb,Governor,,DEM,"Nathan ""Nate"" Mathis",10
DeKalb,Governor,,DEM,Will Boyd,177
DeKalb,Governor,,DEM,Yolanda Rochelle Flowers,48
DeKalb,Lieutenant Governor,,DEM,Darryl D. Perryman,351
DeKalb,Lieutenant Governor,,DEM,Phillip Ensler,612
DeKalb,"Public Service Commissioner, Place 1",,DEM,James O. Gordon,333
DeKalb,"Public Service Commissioner, Place 1",,DEM,Jeff Ramsey,367
DeKalb,"Public Service Commissioner, Place 1",,DEM,John Northrop,253
DeKalb,U.S. House,4,DEM,Amanda N. Pusczek,600
DeKalb,U.S. House,4,DEM,Shane Weaver,357
DeKalb,U.S. Senate,,DEM,Dakarai Larriett,259
DeKalb,U.S. Senate,,DEM,Everett Wess,193
DeKalb,U.S. Senate,,DEM,Kyle Sweetser,253
DeKalb,U.S. Senate,,DEM,Mark S. Wheeler II,262
Dekalb,Attorney General,,REP,Jay Mitchell,2517
Dekalb,Attorney General,,REP,Katherine Robertson,2219
Dekalb,Attorney General,,REP,Pamela L. Casey,1830
Dekalb,Commissioner of Agriculture and Industries,,REP,Christina Woerner McInnis,1482
Dekalb,Commissioner of Agriculture and Industries,,REP,Cory Hill,2318
Dekalb,Commissioner of Agriculture and Industries,,REP,Jack Williams,2663
Dekalb,"Dekalb County Republican Executive Committee, At Large, Place No. 2",,REP,Blake Sisemore,1652
Dekalb,"Dekalb County Republican Executive Committee, At Large, Place No. 2",,REP,Jenny Wootten Mann,1999
Dekalb,"Dekalb County Republican Executive Committee, At Large, Place No. 2",,REP,Nick  Jones,2797
Dekalb,"Dekalb County Republican Executive Committee, Place No. 1, District No. 2",,REP,Chase Buttram,904
Dekalb,"Dekalb County Republican Executive Committee, Place No. 1, District No. 2",,REP,Monica Anderson,492
Dekalb,"Dekalb County Republican Executive Committee, Place No. 1, District No. 4",,REP,Lester Black,1404
Dekalb,"Dekalb County Republican Executive Committee, Place No. 1, District No. 4",,REP,Reggie Byrum,863
Dekalb,"Dekalb County Republican Executive Committee, Place No. 2, District No. 2",,REP,Brent Rhodes,838
Dekalb,"Dekalb County Republican Executive Committee, Place No. 2, District No. 2",,REP,Terry Harris,697
Dekalb,"Dekalb County Republican Executive Committee, Place No. 3, District No. 1",,REP,David Gulledge,654
Dekalb,"Dekalb County Republican Executive Committee, Place No. 3, District No. 1",,REP,Tyler Dalton,887
Dekalb,"Dekalb County Republican Executive Committee, Place No. 4, District No. 1",,REP,Cindy Holcomb,892
Dekalb,"Dekalb County Republican Executive Committee, Place No. 4, District No. 1",,REP,Lee Davis,646
Dekalb,"Dekalb County Republican Executive Committee, Place No. 5, District No. 4",,REP,Arlan Monk Blevins,1216
Dekalb,"Dekalb County Republican Executive Committee, Place No. 5, District No. 4",,REP,Regina Huber,898
Dekalb,"Dekalb County Republican Executive Committee, Place No. 7, District No. 2",,REP,John Chuck Ables,1092
Dekalb,"Dekalb County Republican Executive Committee, Place No. 7, District No. 2",,REP,Melissa Snyder,380
Dekalb,Governor,,REP,"""Alabama"" Will Santivasci",283
Dekalb,Governor,,REP,Ken McFeeters,546
Dekalb,Governor,,REP,Thomas Tuberville,6290
Dekalb,Lieutenant Governor,,REP,George Childress,122
Dekalb,Lieutenant Governor,,REP,John Wahl,2831
Dekalb,Lieutenant Governor,,REP,Nicole Jones Wadsworth,331
Dekalb,Lieutenant Governor,,REP,Pat Bishop,147
Dekalb,Lieutenant Governor,,REP,Rick Pate,785
Dekalb,Lieutenant Governor,,REP,Stewart Hill Tankersley,74
Dekalb,Lieutenant Governor,,REP,Wes Allen,2502
Dekalb,"Member, Dekalb County Commission, District No. 3",,REP,David Bowen,752
Dekalb,"Member, Dekalb County Commission, District No. 3",,REP,Larry Sanders,638
Dekalb,"Member, Dekalb County Commission, District No. 4",,REP,Dale Graben,303
Dekalb,"Member, Dekalb County Commission, District No. 4",,REP,Lester Black,1246
Dekalb,"Member, Dekalb County Commission, District No. 4",,REP,Reggie Byrum,739
Dekalb,"President, Dekalb County Commission",,REP,Brent Rhodes,2194
Dekalb,"President, Dekalb County Commission",,REP,Ron Saferite,4544
Dekalb,"Public Service Commission, Place No. 1",,REP,Jeremy H. Oden,1659
Dekalb,"Public Service Commission, Place No. 1",,REP,Matt Gentry,4364
Dekalb,"Public Service Commission, Place No. 2",,REP,Brent Woodall,1814
Dekalb,"Public Service Commission, Place No. 2",,REP,Chris Beeker,1424
Dekalb,"Public Service Commission, Place No. 2",,REP,Jim Zig Zeigler,2211
Dekalb,"Public Service Commission, Place No. 2",,REP,Priscilla Andrews,690
Dekalb,Secretary of State,,REP,Caroleene Dobson,3832
Dekalb,Secretary of State,,REP,Christopher Christian Horn,1428
Dekalb,Secretary of State,,REP,Glenda S. Jackson,909
Dekalb,State Auditor,,REP,Andrew Sorrell,4413
Dekalb,State Auditor,,REP,Derek Chen,1903
Dekalb,State Board of Education,8,REP,Connie Spears,1471
Dekalb,State Board of Education,8,REP,Emily Jones,2779
Dekalb,State Board of Education,8,REP,William Matthews,1746
Dekalb,State Senate,10,REP,Amy Dozier Minton,545
Dekalb,State Senate,10,REP,Andrew Jones,1308
Dekalb,State Treasurer,,REP,Steve Lolley,1883
Dekalb,State Treasurer,,REP,Young Boozer,4416
Dekalb,U.S. House,4,REP,Robert B. Aderholt,5246
Dekalb,U.S. House,4,REP,Tommy Barnes,1747
Dekalb,U.S. Senate,,REP,Barry Moore,2600
Dekalb,U.S. Senate,,REP,Dale Shelton Deas Jr.,68
Dekalb,U.S. Senate,,REP,Jared Hudson,1949
Dekalb,U.S. Senate,,REP,Morgan Murphy,48
Dekalb,U.S. Senate,,REP,Rodney Walker,174
Dekalb,U.S. Senate,,REP,Seth Burton,120
Dekalb,U.S. Senate,,REP,Steve Marshall,2065
Elmore,Attorney General,,REP,Jay Mitchell,4546
Elmore,Attorney General,,REP,Katherine Robertson,3649
Elmore,Attorney General,,REP,Pamela L. Casey,2656
Elmore,"Circuit Court Judge, 19th Judicial Circuit, Place No. 5",,REP,Ali Patterson,877
Elmore,"Circuit Court Judge, 19th Judicial Circuit, Place No. 5",,REP,Bradley Earl Ekdahl,4267
Elmore,"Circuit Court Judge, 19th Judicial Circuit, Place No. 5",,REP,Carol Cook Carter,4972
Elmore,Commissioner of Agriculture and Industries,,REP,Christina Woerner McInnis,3597
Elmore,Commissioner of Agriculture and Industries,,REP,Cory Hill,3950
Elmore,Commissioner of Agriculture and Industries,,REP,Jack Williams,2634
Elmore,"District Court Judge, Elmore County, Place No. 2",,REP,Desirae Lewis,5003
Elmore,"District Court Judge, Elmore County, Place No. 2",,REP,"Dwight ""Tray"" M. Richardson III",5413
Elmore,Governor,,DEM,"Chad ""Chig"" Martin",113
Elmore,Governor,,DEM,Doug Jones,3235
Elmore,Governor,,DEM,Jamel J. Brown,336
Elmore,Governor,,DEM,"Nathan ""Nate"" Mathis",26
Elmore,Governor,,DEM,Will Boyd,470
Elmore,Governor,,DEM,Yolanda Rochelle Flowers,247
Elmore,Governor,,REP,"""Alabama"" Will Santivasci",371
Elmore,Governor,,REP,Ken McFeeters,809
Elmore,Governor,,REP,Thomas Tuberville,10078
Elmore,Lieutenant Governor,,DEM,Darryl D. Perryman,1753
Elmore,Lieutenant Governor,,DEM,Phillip Ensler,2457
Elmore,Lieutenant Governor,,REP,George Childress,129
Elmore,Lieutenant Governor,,REP,John Wahl,3688
Elmore,Lieutenant Governor,,REP,Nicole Jones Wadsworth,416
Elmore,Lieutenant Governor,,REP,Pat Bishop,194
Elmore,Lieutenant Governor,,REP,Rick Pate,1545
Elmore,Lieutenant Governor,,REP,Stewart Hill Tankersley,788
Elmore,Lieutenant Governor,,REP,Wes Allen,4217
Elmore,"Public Service Commission, Place No. 1",,REP,Jeremy H. Oden,2260
Elmore,"Public Service Commission, Place No. 1",,REP,Matt Gentry,7566
Elmore,"Public Service Commission, Place No. 2",,REP,Brent Woodall,1869
Elmore,"Public Service Commission, Place No. 2",,REP,Chris Beeker,1996
Elmore,"Public Service Commission, Place No. 2",,REP,Jim Zig Zeigler,5165
Elmore,"Public Service Commission, Place No. 2",,REP,Priscilla Andrews,1023
Elmore,"Public Service Commissioner, Place 1",,DEM,James O. Gordon,2270
Elmore,"Public Service Commissioner, Place 1",,DEM,Jeff Ramsey,1193
Elmore,"Public Service Commissioner, Place 1",,DEM,John Northrop,623
Elmore,Secretary of State,,REP,Caroleene Dobson,7813
Elmore,Secretary of State,,REP,Christopher Christian Horn,1747
Elmore,Secretary of State,,REP,Glenda S. Jackson,817
Elmore,State Auditor,,REP,Andrew Sorrell,6623
Elmore,State Auditor,,REP,Derek Chen,3730
Elmore,State Democratic Executive Committee,,DEM,David S. Barley,217
Elmore,State Democratic Executive Committee,,DEM,"James R. Lawlor, IV",149
Elmore,State Democratic Executive Committee,,DEM,Lee Lindsay,311
Elmore,State Democratic Executive Committee,,DEM,Walter C. Lacey,1454
Elmore,State Democratic Executive Committee,,DEM,Willie J. Parker,527
Elmore,"State Republican Executive Committee, Elmore County, Place No. 1",,REP,Aaron Wright,2557
Elmore,"State Republican Executive Committee, Elmore County, Place No. 1",,REP,Randall V. Houston,7535
Elmore,"State Republican Executive Committee, Elmore County, Place No. 2",,REP,Art Faulkner,4772
Elmore,"State Republican Executive Committee, Elmore County, Place No. 2",,REP,Nick J. Carter,5116
Elmore,State Treasurer,,REP,Steve Lolley,2089
Elmore,State Treasurer,,REP,Young Boozer,8659
Elmore,U.S. House,6,REP,Case Dixon,2309
Elmore,U.S. House,6,REP,Gary Palmer,7862
Elmore,U.S. Senate,,DEM,Dakarai Larriett,1546
Elmore,U.S. Senate,,DEM,Everett Wess,1313
Elmore,U.S. Senate,,DEM,Kyle Sweetser,527
Elmore,U.S. Senate,,DEM,Mark S. Wheeler II,785
Elmore,U.S. Senate,,REP,Barry Moore,5779
Elmore,U.S. Senate,,REP,Dale Shelton Deas Jr.,138
Elmore,U.S. Senate,,REP,Jared Hudson,2205
Elmore,U.S. Senate,,REP,Morgan Murphy,89
Elmore,U.S. Senate,,REP,Rodney Walker,261
Elmore,U.S. Senate,,REP,Seth Burton,171
Elmore,U.S. Senate,,REP,Steve Marshall,2571
Escambia,Attorney General,,REP,Jay Mitchell,745
Escambia,Attorney General,,REP,Katherine Robertson,1697
Escambia,Attorney General,,REP,Pamela L. Casey,643
Escambia,Commissioner of Agriculture and Industries,,REP,Christina Woerner McInnis,1327
Escambia,Commissioner of Agriculture and Industries,,REP,Cory Hill,915
Escambia,Commissioner of Agriculture and Industries,,REP,Jack Williams,674
Escambia,Governor,,DEM,"Chad ""Chig"" Martin",28
Escambia,Governor,,DEM,Doug Jones,1052
Escambia,Governor,,DEM,Jamel J. Brown,152
Escambia,Governor,,DEM,"Nathan ""Nate"" Mathis",13
Escambia,Governor,,DEM,Will Boyd,373
Escambia,Governor,,DEM,Yolanda Rochelle Flowers,63
Escambia,Governor,,REP,"""Alabama"" Will Santivasci",125
Escambia,Governor,,REP,Ken McFeeters,184
Escambia,Governor,,REP,Thomas Tuberville,3003
Escambia,Lieutenant Governor,,DEM,Darryl D. Perryman,724
Escambia,Lieutenant Governor,,DEM,Phillip Ensler,870
Escambia,Lieutenant Governor,,REP,George Childress,86
Escambia,Lieutenant Governor,,REP,John Wahl,1476
Escambia,Lieutenant Governor,,REP,Nicole Jones Wadsworth,133
Escambia,Lieutenant Governor,,REP,Pat Bishop,82
Escambia,Lieutenant Governor,,REP,Rick Pate,278
Escambia,Lieutenant Governor,,REP,Stewart Hill Tankersley,42
Escambia,Lieutenant Governor,,REP,Wes Allen,1055
Escambia,"Member, Escambia County Commission, District No. 3",,REP,Billy Blair,646
Escambia,"Member, Escambia County Commission, District No. 3",,REP,Scottie Stewart,490
Escambia,"Public Service Commission, Place No. 1",,REP,Jeremy H. Oden,550
Escambia,"Public Service Commission, Place No. 1",,REP,Matt Gentry,2262
Escambia,"Public Service Commission, Place No. 2",,REP,Brent Woodall,470
Escambia,"Public Service Commission, Place No. 2",,REP,Chris Beeker,565
Escambia,"Public Service Commission, Place No. 2",,REP,Jim Zig Zeigler,1508
Escambia,"Public Service Commission, Place No. 2",,REP,Priscilla Andrews,376
Escambia,"Public Service Commissioner, Place 1",,DEM,James O. Gordon,1066
Escambia,"Public Service Commissioner, Place 1",,DEM,Jeff Ramsey,318
Escambia,"Public Service Commissioner, Place 1",,DEM,John Northrop,206
Escambia,Secretary of State,,REP,Caroleene Dobson,2211
Escambia,Secretary of State,,REP,Christopher Christian Horn,508
Escambia,Secretary of State,,REP,Glenda S. Jackson,277
Escambia,State Auditor,,REP,Andrew Sorrell,1870
Escambia,State Auditor,,REP,Derek Chen,1007
Escambia,State Democratic Executive Committee,,DEM,Harriet Hubbard,76
Escambia,State Democratic Executive Committee,,DEM,Jackie R. Woods,150
Escambia,State Democratic Executive Committee,,DEM,Kenny Nelson,459
Escambia,State Democratic Executive Committee,,DEM,Larry Washington,883
Escambia,State Democratic Executive Committee,,DEM,Steve Hubbard,64
Escambia,State Democratic Executive Committee,,DEM,Sylvia Wallace-Patton,136
Escambia,State Treasurer,,REP,Steve Lolley,859
Escambia,State Treasurer,,REP,Young Boozer,2160
Escambia,U.S. House,1,REP,Austin Sidwell,91
Escambia,U.S. House,1,REP,James (Jimmy) Dees,140
Escambia,U.S. House,1,REP,James Richardson,65
Escambia,U.S. House,1,REP,Jerry Carl,2169
Escambia,U.S. House,1,REP,John Mills,99
Escambia,U.S. House,1,REP,Joshua McKee,110
Escambia,U.S. House,1,REP,Rhett Marques,314
Escambia,U.S. Senate,,DEM,Dakarai Larriett,420
Escambia,U.S. Senate,,DEM,Everett Wess,776
Escambia,U.S. Senate,,DEM,Kyle Sweetser,164
Escambia,U.S. Senate,,DEM,Mark S. Wheeler II,246
Escambia,U.S. Senate,,REP,Barry Moore,1553
Escambia,U.S. Senate,,REP,Dale Shelton Deas Jr.,50
Escambia,U.S. Senate,,REP,Jared Hudson,453
Escambia,U.S. Senate,,REP,Morgan Murphy,35
Escambia,U.S. Senate,,REP,Rodney Walker,217
Escambia,U.S. Senate,,REP,Seth Burton,94
Escambia,U.S. Senate,,REP,Steve Marshall,765
Etowah,Attorney General,,REP,Jay Mitchell,3929
Etowah,Attorney General,,REP,Katherine Robertson,3908
Etowah,Attorney General,,REP,Pamela L. Casey,2926
Etowah,Commissioner of Agriculture and Industries,,REP,Christina Woerner McInnis,3073
Etowah,Commissioner of Agriculture and Industries,,REP,Corey Hill,3936
Etowah,Commissioner of Agriculture and Industries,,REP,Jack Williams,3110
Etowah,Etowah County Coroner,,REP,London Pearce,6001
Etowah,Etowah County Coroner,,REP,Nicholas Clanton,3997
Etowah,Etowah County Sheriff,,REP,John Henry Hill Jr.,1543
Etowah,Etowah County Sheriff,,REP,Jonathon W. Horton,9931
Etowah,Governor,,DEM,"Chad ""Chig"" Martin",121
Etowah,Governor,,DEM,Doug Jones,3193
Etowah,Governor,,DEM,Jamel J. Brown,117
Etowah,Governor,,DEM,"Nathan ""Nate"" Mathis",42
Etowah,Governor,,DEM,Will Boyd,437
Etowah,Governor,,DEM,Yolanda Rochelle Flowers,153
Etowah,Governor,,REP,"""Alabama"" Will Santivasci",574
Etowah,Governor,,REP,Ken McFeeters,885
Etowah,Governor,,REP,Thomas Tuberville,10081
Etowah,Lieutenant Governor,,DEM,Darryl D. Perryman,1105
Etowah,Lieutenant Governor,,DEM,Phillip Ensler,2766
Etowah,Lieutenant Governor,,REP,George Childress,237
Etowah,Lieutenant Governor,,REP,John Wahl,4646
Etowah,Lieutenant Governor,,REP,Nicole Jones Wadsworth,555
Etowah,Lieutenant Governor,,REP,Pat Bishop,297
Etowah,Lieutenant Governor,,REP,Rick Pate,686
Etowah,Lieutenant Governor,,REP,Stewart Hill Tankersley,196
Etowah,Lieutenant Governor,,REP,Wes Allen,4281
Etowah,"Member, Etowah County Board of Education, District No. 2",,REP,Ben Greene,5552
Etowah,"Member, Etowah County Board of Education, District No. 2",,REP,Scarlett Rains Farley,2761
Etowah,"Member, Etowah County Commission, District No. 4",,REP,Jeff Bynum,1049
Etowah,"Member, Etowah County Commission, District No. 4",,REP,Tim F. Ramsey,1237
Etowah,"Public Service Commission, Place No. 1",,REP,Jeremy H. Oden,2391
Etowah,"Public Service Commission, Place No. 1",,REP,Matt Gentry,7516
Etowah,"Public Service Commission, Place No. 2",,REP,Brent Woodall,1835
Etowah,"Public Service Commission, Place No. 2",,REP,Chris Beeker,2422
Etowah,"Public Service Commission, Place No. 2",,REP,Jim Zig Zeigler,4457
Etowah,"Public Service Commission, Place No. 2",,REP,Priscilla Andrews,1297
Etowah,"Public Service Commissioner, Place 1",,DEM,James O. Gordon,2392
Etowah,"Public Service Commissioner, Place 1",,DEM,Jeff Ramsey,977
Etowah,"Public Service Commissioner, Place 1",,DEM,John Northrop,454
Etowah,Secretary of State,,REP,Caroleene Dobson,5261
Etowah,Secretary of State,,REP,Christopher Christian Horn,2795
Etowah,Secretary of State,,REP,Glenda S. Jackson,1824
Etowah,State Auditor,,REP,Andrew Sorrell,7226
Etowah,State Auditor,,REP,Derek Chen,3008
Etowah,State Board of Education,6,REP,Cathi Bradford,5197
Etowah,State Board of Education,6,REP,Marie Manning,4335
Etowah,State Democratic Executive Committee,,DEM,Christina Ray Dunbar,282
Etowah,State Democratic Executive Committee,,DEM,Kyle Pierce,463
Etowah,State Democratic Executive Committee,,DEM,Larry J Avery Jr,2522
Etowah,State Democratic Executive Committee,,DEM,Mark Henderson,164
Etowah,State Democratic Executive Committee,,DEM,Michael Dunbar,135
Etowah,State Democratic Executive Committee,,DEM,Peggy Anderson,216
Etowah,State Democratic Executive Committee,,DEM,Randy Kelley,206
Etowah,State Democratic Executive Committee,,DEM,Shae Sanders,205
Etowah,State Democratic Executive Committee,,DEM,Sheila Degan Gilbert,208
Etowah,"State Republican Executive Committee, Etowah County, Place No. 2",,REP,Andrew Fuller,6059
Etowah,"State Republican Executive Committee, Etowah County, Place No. 2",,REP,Sydney Butler Gunter,3641
Etowah,"State Republican Executive Committee, Etowah County, Place No. 3",,REP,Aaron Lonnergan,2055
Etowah,"State Republican Executive Committee, Etowah County, Place No. 3",,REP,Mark Gidley,8058
Etowah,State Senate,10,REP,Amy Dozier Minton,5048
Etowah,State Senate,10,REP,Andrew Jones,5260
Etowah,State Treasurer,,REP,Steve Lolley,3365
Etowah,State Treasurer,,REP,Young Boozer,6827
Etowah,U.S. House,3,REP,Mike Rogers,9361
Etowah,U.S. House,3,REP,Terri LaPoint,1408
Etowah,U.S. Senate,,DEM,Dakarai Larriett,801
Etowah,U.S. Senate,,DEM,Everett Wess,2056
Etowah,U.S. Senate,,DEM,Kyle Sweetser,480
Etowah,U.S. Senate,,DEM,Mark S. Wheeler II,552
Etowah,U.S. Senate,,REP,Barry Moore,3214
Etowah,U.S. Senate,,REP,Dale Shelton Deas Jr.,160
Etowah,U.S. Senate,,REP,Jared Hudson,4076
Etowah,U.S. Senate,,REP,Morgan Murphy,127
Etowah,U.S. Senate,,REP,Rodney Walker,278
Etowah,U.S. Senate,,REP,Seth Burton,243
Etowah,U.S. Senate,,REP,Steve Marshall,3181
Fayette,Attorney General,,REP,Jay Mitchell,1383
Fayette,Attorney General,,REP,Katherine Robertson,1581
Fayette,Attorney General,,REP,Pamela L. Casey,923
Fayette,Commissioner of Agriculture and Industries,,REP,Christina Woerner McInnis,907
Fayette,Commissioner of Agriculture and Industries,,REP,Cory Hill,1723
Fayette,Commissioner of Agriculture and Industries,,REP,Jack Williams,1074
Fayette,Fayette County Coroner,,REP,"Daniel Ewald, III",1007
Fayette,Fayette County Coroner,,REP,"Timothy ""TK"" Kimbrell",3190
Fayette,Fayette County Revenue Commissioner,,REP,Carrie Edmonson,1268
Fayette,Fayette County Revenue Commissioner,,REP,Jeananne Edwards,1968
Fayette,Fayette County Revenue Commissioner,,REP,Jerry M. Nichols,1042
Fayette,Fayette County Sheriff,,REP,Byron Yerby,2959
Fayette,Fayette County Sheriff,,REP,Roger Morrison,1454
Fayette,Governor,,DEM,"Chad ""Chig"" Martin",4
Fayette,Governor,,DEM,Doug Jones,313
Fayette,Governor,,DEM,Jamel J. Brown,8
Fayette,Governor,,DEM,"Nathan ""Nate"" Mathis",3
Fayette,Governor,,DEM,Will Boyd,24
Fayette,Governor,,DEM,Yolanda Rochelle Flowers,14
Fayette,Governor,,REP,"""Alabama"" Will Santivasci",202
Fayette,Governor,,REP,Ken McFeeters,346
Fayette,Governor,,REP,Thomas Tuberville,3687
Fayette,Lieutenant Governor,,DEM,Darryl D. Perryman,105
Fayette,Lieutenant Governor,,DEM,Phillip Ensler,227
Fayette,Lieutenant Governor,,REP,George Childress,88
Fayette,Lieutenant Governor,,REP,John Wahl,1362
Fayette,Lieutenant Governor,,REP,Nicole Jones Wadsworth,229
Fayette,Lieutenant Governor,,REP,Pat Bishop,97
Fayette,Lieutenant Governor,,REP,Rick Pate,283
Fayette,Lieutenant Governor,,REP,Stewart Hill Tankersley,66
Fayette,Lieutenant Governor,,REP,Wes Allen,1875
Fayette,"Public Service Commission, Place No. 1",,REP,Jeremy H. Oden,1045
Fayette,"Public Service Commission, Place No. 1",,REP,Matt Gentry,2620
Fayette,"Public Service Commission, Place No. 2",,REP,Brent Woodall,554
Fayette,"Public Service Commission, Place No. 2",,REP,Chris Beeker,1030
Fayette,"Public Service Commission, Place No. 2",,REP,Jim Zig Zeigler,1639
Fayette,"Public Service Commission, Place No. 2",,REP,Priscilla Andrews,465
Fayette,"Public Service Commissioner, Place 1",,DEM,James O. Gordon,220
Fayette,"Public Service Commissioner, Place 1",,DEM,Jeff Ramsey,72
Fayette,"Public Service Commissioner, Place 1",,DEM,John Northrop,47
Fayette,Secretary of State,,REP,Caroleene Dobson,2056
Fayette,Secretary of State,,REP,Christopher Christian Horn,971
Fayette,Secretary of State,,REP,Glenda S. Jackson,573
Fayette,State Auditor,,REP,Andrew Sorrell,2613
Fayette,State Auditor,,REP,Derek Chen,1124
Fayette,State Treasurer,,REP,Steve Lolley,1674
Fayette,State Treasurer,,REP,Young Boozer,2130
Fayette,"Superintendent, Fayette County Board of Education",,REP,Jeremy Madden,1700
Fayette,"Superintendent, Fayette County Board of Education",,REP,Steve Herring,795
Fayette,"Superintendent, Fayette County Board of Education",,REP,Steve Sawyer,1829
Fayette,U.S. House,4,DEM,Amanda N. Pusczek,214
Fayette,U.S. House,4,DEM,Shane Weaver,116
Fayette,U.S. House,4,REP,Robert B. Aderholt,3271
Fayette,U.S. House,4,REP,Tommy Barnes,848
Fayette,U.S. Senate,,DEM,Dakarai Larriett,69
Fayette,U.S. Senate,,DEM,Everett Wess,166
Fayette,U.S. Senate,,DEM,Kyle Sweetser,40
Fayette,U.S. Senate,,DEM,Mark S. Wheeler II,59
Fayette,U.S. Senate,,REP,Barry Moore,1190
Fayette,U.S. Senate,,REP,Dale Shelton Deas Jr.,70
Fayette,U.S. Senate,,REP,Jared Hudson,1234
Fayette,U.S. Senate,,REP,Morgan Murphy,52
Fayette,U.S. Senate,,REP,Rodney Walker,184
Fayette,U.S. Senate,,REP,Seth Burton,109
Fayette,U.S. Senate,,REP,Steve Marshall,1163
Franklin,Attorney General,,REP,Jay Mitchell,1373
Franklin,Attorney General,,REP,Katherine Robertson,1222
Franklin,Attorney General,,REP,Pamela L. Casey,887
Franklin,Commissioner of Agriculture and Industries,,REP,Christina Woerner McInnis,837
Franklin,Commissioner of Agriculture and Industries,,REP,Cory Hill,1514
Franklin,Commissioner of Agriculture and Industries,,REP,Jack Williams,999
Franklin,Franklin County Coroner,,REP,Charles Adcox,875
Franklin,Franklin County Coroner,,REP,Jeff Clark,2661
Franklin,"Franklin County Executive Committee, Place 3",,REP,Joey Norton,1388
Franklin,"Franklin County Executive Committee, Place 3",,REP,Justine Baker,2045
Franklin,"Franklin County Executive Committee, Place 4",,REP,Gage Baker,1827
Franklin,"Franklin County Executive Committee, Place 4",,REP,Lisa Carroll Norton,1460
Franklin,"Franklin County Executive Committee, Place 6",,REP,Hillary Malone Hall,1599
Franklin,"Franklin County Executive Committee, Place 6",,REP,Teresa Thorn Lawler,1836
Franklin,"Franklin County Executive Committee, Place 7",,REP,Kristy Baker Davis,1679
Franklin,"Franklin County Executive Committee, Place 7",,REP,William Nale,1754
Franklin,"Franklin County Executive Committee, Place 8",,REP,Brian Kevin Davis,1363
Franklin,"Franklin County Executive Committee, Place 8",,REP,Jarrett Hovater,1981
Franklin,Franklin County Sheriff,,REP,Brian Shackelford,1009
Franklin,Franklin County Sheriff,,REP,Shannon Oliver,2962
Franklin,Governor,,DEM,"Chad ""Chig"" Martin",33
Franklin,Governor,,DEM,Doug Jones,354
Franklin,Governor,,DEM,Jamel J. Brown,18
Franklin,Governor,,DEM,"Nathan ""Nate"" Mathis",12
Franklin,Governor,,DEM,Will Boyd,82
Franklin,Governor,,DEM,Yolanda Rochelle Flowers,16
Franklin,Governor,,REP,"""Alabama"" Will Santivasci",220
Franklin,Governor,,REP,Ken McFeeters,306
Franklin,Governor,,REP,Thomas Tuberville,3295
Franklin,Lieutenant Governor,,DEM,Darryl D. Perryman,210
Franklin,Lieutenant Governor,,DEM,Phillip Ensler,266
Franklin,Lieutenant Governor,,REP,George Childress,75
Franklin,Lieutenant Governor,,REP,John Wahl,1583
Franklin,Lieutenant Governor,,REP,Nicole Jones Wadsworth,167
Franklin,Lieutenant Governor,,REP,Pat Bishop,162
Franklin,Lieutenant Governor,,REP,Rick Pate,121
Franklin,Lieutenant Governor,,REP,Stewart Hill Tankersley,44
Franklin,Lieutenant Governor,,REP,Wes Allen,1544
Franklin,"Member, Franklin County Commission, District 1",,REP,Curtis Baker,1549
Franklin,"Member, Franklin County Commission, District 1",,REP,Grayson Murray,988
Franklin,"Member, Franklin County Commission, District 1",,REP,Jeffery D. Fleming,614
Franklin,"Member, Franklin County Commission, District 1",,REP,Joey Norton,382
Franklin,"Member, Franklin County Commission, District 1",,REP,Judson MIles Gaston,237
Franklin,"Public Service Commission, Place No. 1",,REP,Jeremy H. Oden,970
Franklin,"Public Service Commission, Place No. 1",,REP,Matt Gentry,2219
Franklin,"Public Service Commission, Place No. 2",,REP,Brent Woodall,934
Franklin,"Public Service Commission, Place No. 2",,REP,Chris Beeker,660
Franklin,"Public Service Commission, Place No. 2",,REP,Jim Zig Zeigler,1280
Franklin,"Public Service Commission, Place No. 2",,REP,Priscilla Andrews,404
Franklin,"Public Service Commissioner, Place 1",,DEM,James O. Gordon,202
Franklin,"Public Service Commissioner, Place 1",,DEM,Jeff Ramsey,181
Franklin,"Public Service Commissioner, Place 1",,DEM,John Northrop,89
Franklin,"Republican State Executive Committee, Franklin County, Place 1",,REP,Hillary Malone Hall,1592
Franklin,"Republican State Executive Committee, Franklin County, Place 1",,REP,Kristy Baker Davis,1842
Franklin,Secretary of State,,REP,Caroleene Dobson,1755
Franklin,Secretary of State,,REP,Christopher Christian Horn,925
Franklin,Secretary of State,,REP,Glenda S. Jackson,552
Franklin,State Auditor,,REP,Andrew Sorrell,2537
Franklin,State Auditor,,REP,Derek Chen,876
Franklin,State Treasurer,,REP,Steve Lolley,1605
Franklin,State Treasurer,,REP,Young Boozer,1778
Franklin,U.S. House,4,DEM,Amanda N. Pusczek,290
Franklin,U.S. House,4,DEM,Shane Weaver,187
Franklin,U.S. House,4,REP,Robert B. Aderholt,3101
Franklin,U.S. House,4,REP,Tommy Barnes,757
Franklin,U.S. Senate,,DEM,Dakarai Larriett,114
Franklin,U.S. Senate,,DEM,Everett Wess,147
Franklin,U.S. Senate,,DEM,Kyle Sweetser,103
Franklin,U.S. Senate,,DEM,Mark S. Wheeler II,122
Franklin,U.S. Senate,,REP,Barry Moore,1970
Franklin,U.S. Senate,,REP,Dale Shelton Deas Jr.,35
Franklin,U.S. Senate,,REP,Jared Hudson,819
Franklin,U.S. Senate,,REP,Morgan Murphy,32
Franklin,U.S. Senate,,REP,Rodney Walker,133
Franklin,U.S. Senate,,REP,Seth Burton,91
Franklin,U.S. Senate,,REP,Steve Marshall,673
Geneva,Attorney General,,REP,Jay Mitchell,1613
Geneva,Attorney General,,REP,Katherine Robertson,1612
Geneva,Attorney General,,REP,Pamela L. Casey,1191
Geneva,Commissioner of Agriculture and Industries,,REP,Christina Woerner McInnis,1078
Geneva,Commissioner of Agriculture and Industries,,REP,Cory Hill,1899
Geneva,Commissioner of Agriculture and Industries,,REP,Jack Williams,1251
Geneva,Geneva County Sheriff,,REP,David Hall,4110
Geneva,Geneva County Sheriff,,REP,Tim Forehand,754
Geneva,Governor,,DEM,"Chad ""Chig"" Martin",49
Geneva,Governor,,DEM,Doug Jones,311
Geneva,Governor,,DEM,Jamel J. Brown,48
Geneva,Governor,,DEM,"Nathan ""Nate"" Mathis",108
Geneva,Governor,,DEM,Will Boyd,85
Geneva,Governor,,DEM,Yolanda Rochelle Flowers,43
Geneva,Governor,,REP,"""Alabama"" Will Santivasci",170
Geneva,Governor,,REP,Ken McFeeters,314
Geneva,Governor,,REP,Thomas Tuberville,4340
Geneva,Lieutenant Governor,,DEM,Darryl D. Perryman,235
Geneva,Lieutenant Governor,,DEM,Phillip Ensler,353
Geneva,Lieutenant Governor,,REP,George Childress,141
Geneva,Lieutenant Governor,,REP,John Wahl,1705
Geneva,Lieutenant Governor,,REP,Nicole Jones Wadsworth,217
Geneva,Lieutenant Governor,,REP,Pat Bishop,122
Geneva,Lieutenant Governor,,REP,Rick Pate,330
Geneva,Lieutenant Governor,,REP,Stewart Hill Tankersley,62
Geneva,Lieutenant Governor,,REP,Wes Allen,1955
Geneva,"Member, Geneva County Commission, District 1",,REP,Bryan Hatton,783
Geneva,"Member, Geneva County Commission, District 1",,REP,Kevin Watson,445
Geneva,"Public Service Commission, Place No. 1",,REP,Jeremy H. Oden,876
Geneva,"Public Service Commission, Place No. 1",,REP,Matt Gentry,3100
Geneva,"Public Service Commission, Place No. 2",,REP,Brent Woodall,810
Geneva,"Public Service Commission, Place No. 2",,REP,Chris Beeker,743
Geneva,"Public Service Commission, Place No. 2",,REP,Jim Zig Zeigler,1871
Geneva,"Public Service Commission, Place No. 2",,REP,Priscilla Andrews,756
Geneva,"Public Service Commissioner, Place 1",,DEM,James O. Gordon,331
Geneva,"Public Service Commissioner, Place 1",,DEM,Jeff Ramsey,173
Geneva,"Public Service Commissioner, Place 1",,DEM,John Northrop,85
Geneva,Secretary of State,,REP,Caroleene Dobson,2054
Geneva,Secretary of State,,REP,Christopher Christian Horn,1274
Geneva,Secretary of State,,REP,Glenda S. Jackson,679
Geneva,State Auditor,,REP,Andrew Sorrell,3357
Geneva,State Auditor,,REP,Derek Chen,906
Geneva,State Democratic Executive Committee,,DEM,Anita Dawkins,230
Geneva,State Democratic Executive Committee,,DEM,Jeff Scroggins,67
Geneva,State Democratic Executive Committee,,DEM,Linda Turner,56
Geneva,State Democratic Executive Committee,,DEM,Rufus Lee,464
Geneva,State Democratic Executive Committee,,DEM,Vickie Moore,344
Geneva,State Democratic Executive Committee,,DEM,Vincent Owens,100
Geneva,State Senate,29,REP,Donnie Chesteen,4263
Geneva,State Senate,29,REP,Val Glasgow Paul,85
Geneva,State Senate,29,REP,Zachary J. Hurst,400
Geneva,State Treasurer,,REP,Steve Lolley,1485
Geneva,State Treasurer,,REP,Young Boozer,2901
Geneva,U.S. House,1,REP,Austin Sidwell,139
Geneva,U.S. House,1,REP,James (Jimmy) Dees,273
Geneva,U.S. House,1,REP,James Richardson,232
Geneva,U.S. House,1,REP,Jerry Carl,624
Geneva,U.S. House,1,REP,John Mills,266
Geneva,U.S. House,1,REP,Joshua McKee,688
Geneva,U.S. House,1,REP,Rhett Maques,2098
Geneva,U.S. Senate,,DEM,Dakarai Larriett,123
Geneva,U.S. Senate,,DEM,Everett Wess,281
Geneva,U.S. Senate,,DEM,Kyle Sweetser,86
Geneva,U.S. Senate,,DEM,Mark S. Wheeler II,107
Geneva,U.S. Senate,,REP,Barry Moore,3671
Geneva,U.S. Senate,,REP,Dale Shelton Deas Jr.,40
Geneva,U.S. Senate,,REP,Jared Hudson,386
Geneva,U.S. Senate,,REP,Morgan Murphy,35
Geneva,U.S. Senate,,REP,Rodney Walker,95
Geneva,U.S. Senate,,REP,Seth Burton,70
Geneva,U.S. Senate,,REP,Steve Marshall,491
Greene,Attorney General,,REP,Jay Mitchell,59
Greene,Attorney General,,REP,Katherine Robertson,94
Greene,Attorney General,,REP,Pamela L. Casey,19
Greene,Commissioner of Agriculture and Industries,,REP,Christina Woerner McInnis,41
Greene,Commissioner of Agriculture and Industries,,REP,Cory Hill,59
Greene,Commissioner of Agriculture and Industries,,REP,Jack Williams,66
Greene,"District Court Judge, Greene County, Place 1",,DEM,"Robert J. Lee, Sr.",692
Greene,"District Court Judge, Greene County, Place 1",,DEM,Tonjula Carey,2217
Greene,Governor,,DEM,"Chad ""Chig"" Martin",41
Greene,Governor,,DEM,Doug Jones,2097
Greene,Governor,,DEM,Jamel J. Brown,230
Greene,Governor,,DEM,"Nathan ""Nate"" Mathis",63
Greene,Governor,,DEM,Will Boyd,129
Greene,Governor,,DEM,Yolanda Rochelle Flowers,234
Greene,Governor,,REP,"""Alabama"" Will Santivasci",2
Greene,Governor,,REP,Ken McFeeters,10
Greene,Governor,,REP,Thomas Tuberville,168
Greene,Lieutenant Governor,,DEM,Darryl D. Perryman,1153
Greene,Lieutenant Governor,,DEM,Phillip Ensler,1078
Greene,Lieutenant Governor,,REP,George Childress,4
Greene,Lieutenant Governor,,REP,John Wahl,53
Greene,Lieutenant Governor,,REP,Nicole Jones Wadsworth,6
Greene,Lieutenant Governor,,REP,Pat Bishop,7
Greene,Lieutenant Governor,,REP,Rick Pate,14
Greene,Lieutenant Governor,,REP,Stewart Hill Tankersley,1
Greene,Lieutenant Governor,,REP,Wes Allen,90
Greene,"Public Service Commission, Place No. 1",,REP,Jeremy H. Oden,52
Greene,"Public Service Commission, Place No. 1",,REP,Matt Gentry,109
Greene,"Public Service Commission, Place No. 2",,REP,Brent Woodall,2
Greene,"Public Service Commission, Place No. 2",,REP,Chris Beeker,138
Greene,"Public Service Commission, Place No. 2",,REP,Jim Zig Zeigler,33
Greene,"Public Service Commission, Place No. 2",,REP,Priscilla Andrews,5
Greene,"Public Service Commissioner, Place 1",,DEM,James O. Gordon,1346
Greene,"Public Service Commissioner, Place 1",,DEM,Jeff Ramsey,424
Greene,"Public Service Commissioner, Place 1",,DEM,John Northrop,350
Greene,Secretary of State,,REP,Caroleene Dobson,107
Greene,Secretary of State,,REP,Christopher Christian Horn,46
Greene,Secretary of State,,REP,Glenda S. Jackson,10
Greene,State Auditor,,REP,Andrew Sorrell,112
Greene,State Auditor,,REP,Derek Chen,58
Greene,State Democratic Executive Committee,,DEM,Curtis L. Travis,2060
Greene,State Democratic Executive Committee,,DEM,Jonathan Rossell,207
Greene,State Democratic Executive Committee,,DEM,Ke'Undra Quintez Cox,412
Greene,State House,72,DEM,Curtis L Travis,1786
Greene,State House,72,DEM,Michael Williams,1010
Greene,State Treasurer,,REP,Steve Lolley,57
Greene,State Treasurer,,REP,Young Boozer,110
Greene,U.S. Senate,,DEM,Dakarai Larriett,583
Greene,U.S. Senate,,DEM,Everett Wess,875
Greene,U.S. Senate,,DEM,Kyle Sweetser,313
Greene,U.S. Senate,,DEM,Mark S. Wheeler II,441
Greene,U.S. Senate,,REP,Barry Moore,57
Greene,U.S. Senate,,REP,Dale Shelton Deas Jr.,4
Greene,U.S. Senate,,REP,Jared Hudson,65
Greene,U.S. Senate,,REP,Morgan Murphy,1
Greene,U.S. Senate,,REP,Rodney Walker,4
Greene,U.S. Senate,,REP,Seth Burton,1
Greene,U.S. Senate,,REP,Steve Marshall,44
Hale,Attorney General,,REP,Jay Mitchell,264
Hale,Attorney General,,REP,Katherine Robertson,554
Hale,Attorney General,,REP,Pamela L. Casey,123
Hale,Commissioner of Agriculture and Industries,,REP,Christina Woerner McInnis,233
Hale,Commissioner of Agriculture and Industries,,REP,Cory Hill,463
Hale,Commissioner of Agriculture and Industries,,REP,Jack Williams,199
Hale,Governor,,DEM,"Chad ""Chig"" Martin",29
Hale,Governor,,DEM,Doug Jones,2012
Hale,Governor,,DEM,Jamel J. Brown,149
Hale,Governor,,DEM,"Nathan ""Nate"" Mathis",11
Hale,Governor,,DEM,Will Boyd,186
Hale,Governor,,DEM,Yolanda Rochelle Flowers,67
Hale,Governor,,REP,"""Alabama"" Will Santivasci",21
Hale,Governor,,REP,Ken McFeeters,27
Hale,Governor,,REP,Thomas Tuberville,929
Hale,Lieutenant Governor,,DEM,Darryl D. Perryman,637
Hale,Lieutenant Governor,,DEM,Phillip Ensler,1561
Hale,Lieutenant Governor,,REP,George Childress,5
Hale,Lieutenant Governor,,REP,John Wahl,342
Hale,Lieutenant Governor,,REP,Nicole Jones Wadsworth,26
Hale,Lieutenant Governor,,REP,Pat Bishop,15
Hale,Lieutenant Governor,,REP,Rick Pate,26
Hale,Lieutenant Governor,,REP,Stewart Hill Tankersley,6
Hale,Lieutenant Governor,,REP,Wes Allen,540
Hale,"Public Service Commission, Place No. 1",,REP,Jeremy H. Oden,172
Hale,"Public Service Commission, Place No. 1",,REP,Matt Gentry,706
Hale,"Public Service Commission, Place No. 2",,REP,Brent Woodall,67
Hale,"Public Service Commission, Place No. 2",,REP,Chris Beeker,540
Hale,"Public Service Commission, Place No. 2",,REP,Jim Zig Zeigler,264
Hale,"Public Service Commission, Place No. 2",,REP,Priscilla Andrews,56
Hale,"Public Service Commissioner, Place 1",,DEM,James O. Gordon,1651
Hale,"Public Service Commissioner, Place 1",,DEM,Jeff Ramsey,328
Hale,"Public Service Commissioner, Place 1",,DEM,John Northrop,174
Hale,Secretary of State,,REP,Caroleene Dobson,665
Hale,Secretary of State,,REP,Christopher Christian Horn,161
Hale,Secretary of State,,REP,Glenda S. Jackson,58
Hale,State Auditor,,REP,Andrew Sorrell,475
Hale,State Auditor,,REP,Derek Chen,430
Hale,State Democratic Executive Committee,,DEM,Curtis L. Travis,1936
Hale,State Democratic Executive Committee,,DEM,Jonathan Rossell,296
Hale,State Democratic Executive Committee,,DEM,Ke'Undra Quintez Cox,122
Hale,State House,72,DEM,Curtis L Travis,2018
Hale,State House,72,DEM,Michael Williams,389
Hale,State Treasurer,,REP,Steve Lolley,239
Hale,State Treasurer,,REP,Young Boozer,662
Hale,U.S. Senate,,DEM,Dakarai Larriett,388
Hale,U.S. Senate,,DEM,Everett Wess,1415
Hale,U.S. Senate,,DEM,Kyle Sweetser,156
Hale,U.S. Senate,,DEM,Mark S. Wheeler II,253
Hale,U.S. Senate,,REP,Barry Moore,297
Hale,U.S. Senate,,REP,Dale Shelton Deas Jr.,10
Hale,U.S. Senate,,REP,Jared Hudson,280
Hale,U.S. Senate,,REP,Morgan Murphy,2
Hale,U.S. Senate,,REP,Rodney Walker,20
Hale,U.S. Senate,,REP,Seth Burton,20
Hale,U.S. Senate,,REP,Steve Marshall,329
Henry,Attorney General,,REP,Jay Mitchell,940
Henry,Attorney General,,REP,Katherine Robertson,1359
Henry,Attorney General,,REP,Pamela L. Casey,638
Henry,Commissioner of Agriculture and Industries,,REP,Christina Woerner McInnis,771
Henry,Commissioner of Agriculture and Industries,,REP,Cory Hill,1331
Henry,Commissioner of Agriculture and Industries,,REP,Jack Williams,659
Henry,Governor,,DEM,"Chad ""Chig"" Martin",19
Henry,Governor,,DEM,Doug Jones,642
Henry,Governor,,DEM,Jamel J. Brown,122
Henry,Governor,,DEM,"Nathan ""Nate"" Mathis",24
Henry,Governor,,DEM,Will Boyd,129
Henry,Governor,,DEM,Yolanda Rochelle Flowers,78
Henry,Governor,,REP,"""Alabama"" Will Santivasci",106
Henry,Governor,,REP,Ken McFeeters,178
Henry,Governor,,REP,Thomas Tuberville,2878
Henry,"Henry County Board of Education, District 2",,REP,Micah Johnson,426
Henry,"Henry County Board of Education, District 2",,REP,Tyrone Watson,514
Henry,"Henry County Commission, District 2",,REP,Ashley Clemens,548
Henry,"Henry County Commission, District 2",,REP,Charles Money,179
Henry,"Henry County Commission, District 2",,REP,Clint Voak,139
Henry,"Henry County Commission, District 2",,REP,John Ralph Sanders,105
Henry,"Henry County Commission, District 2",,REP,Paxton Oakley,20
Henry,"Henry County Commission, District 3",,REP,Doug Goodlin,84
Henry,"Henry County Commission, District 3",,REP,Jason Hudspeth,231
Henry,"Henry County Commission, District 3",,REP,Randy Ketchum,291
Henry,"Henry County Commission, District 3",,REP,Shawn Hatfield,55
Henry,Lieutenant Governor,,DEM,Darryl D. Perryman,447
Henry,Lieutenant Governor,,DEM,Phillip Ensler,479
Henry,Lieutenant Governor,,REP,George Childress,54
Henry,Lieutenant Governor,,REP,John Wahl,1170
Henry,Lieutenant Governor,,REP,Nicole Jones Wadsworth,132
Henry,Lieutenant Governor,,REP,Pat Bishop,65
Henry,Lieutenant Governor,,REP,Rick Pate,282
Henry,Lieutenant Governor,,REP,Stewart Hill Tankersley,44
Henry,Lieutenant Governor,,REP,Wes Allen,1272
Henry,"Public Service Commission, Place No. 1",,REP,Jeremy H. Oden,534
Henry,"Public Service Commission, Place No. 1",,REP,Matt Gentry,2056
Henry,"Public Service Commission, Place No. 2",,REP,Brent Woodall,490
Henry,"Public Service Commission, Place No. 2",,REP,Chris Beeker,611
Henry,"Public Service Commission, Place No. 2",,REP,Jim Zig Zeigler,1251
Henry,"Public Service Commission, Place No. 2",,REP,Priscilla Andrews,385
Henry,"Public Service Commissioner, Place 1",,DEM,James O. Gordon,547
Henry,"Public Service Commissioner, Place 1",,DEM,Jeff Ramsey,265
Henry,"Public Service Commissioner, Place 1",,DEM,John Northrop,117
Henry,Secretary of State,,REP,Caroleene Dobson,1477
Henry,Secretary of State,,REP,Christopher Christian Horn,851
Henry,Secretary of State,,REP,Glenda S. Jackson,340
Henry,State Auditor,,REP,Andrew Sorrell,1971
Henry,State Auditor,,REP,Derek Chen,812
Henry,State Democratic Executive Committee,,DEM,Earl Jones,602
Henry,State Democratic Executive Committee,,DEM,Larry E Matthews,358
Henry,State Democratic Executive Committee,,DEM,Letetia Daniels Jackson,457
Henry,State Democratic Executive Committee,,DEM,Sherri Johnson,521
Henry,State House,85,REP,David Money,1309
Henry,State House,85,REP,Rick Rehm,1902
Henry,State Treasurer,,REP,Steve Lolley,838
Henry,State Treasurer,,REP,Young Boozer,2067
Henry,U.S. House,1,REP,Austin Sidwell,99
Henry,U.S. House,1,REP,James (Jimmy) Dees,151
Henry,U.S. House,1,REP,James Richardson,291
Henry,U.S. House,1,REP,Jerry Carl,359
Henry,U.S. House,1,REP,John Mills,109
Henry,U.S. House,1,REP,Joshua McKee,342
Henry,U.S. House,1,REP,Rhett Marques,1468
Henry,U.S. Senate,,DEM,Dakarai Larriett,301
Henry,U.S. Senate,,DEM,Everett Wess,339
Henry,U.S. Senate,,DEM,Kyle Sweetser,115
Henry,U.S. Senate,,DEM,Mark S. Wheeler II,182
Henry,U.S. Senate,,REP,Barry Moore,2197
Henry,U.S. Senate,,REP,Dale Shelton Deas Jr.,25
Henry,U.S. Senate,,REP,Jared Hudson,427
Henry,U.S. Senate,,REP,Morgan Murphy,27
Henry,U.S. Senate,,REP,Rodney Walker,63
Henry,U.S. Senate,,REP,Seth Burton,57
Henry,U.S. Senate,,REP,Steve Marshall,335
Houston,Attorney General,,REP,Jay Mitchell,3439
Houston,Attorney General,,REP,Katherine Robertson,4861
Houston,Attorney General,,REP,Pamela L. Casey,2083
Houston,"Chairman, Houston County Commission",,REP,Brandon Shoupe,6272
Houston,"Chairman, Houston County Commission",,REP,John Rogers,4400
Houston,Commissioner of Agriculture and Industries,,REP,Christina Woerner McInnis,3271
Houston,Commissioner of Agriculture and Industries,,REP,Cory Hill,3727
Houston,Commissioner of Agriculture and Industries,,REP,Jack Williams,2662
Houston,Governor,,DEM,"Chad ""Chig"" Martin",159
Houston,Governor,,DEM,Doug Jones,2724
Houston,Governor,,DEM,Jamel J. Brown,403
Houston,Governor,,DEM,"Nathan ""Nate"" Mathis",147
Houston,Governor,,DEM,Will Boyd,488
Houston,Governor,,DEM,Yolanda Rochelle Flowers,381
Houston,Governor,,REP,"""Alabama"" Will Santivasci",392
Houston,Governor,,REP,Ken McFeeters,741
Houston,Governor,,REP,Thomas Tuberville,9831
Houston,"Houston County Board of Education, District No. 2",,REP,Jessica L. Granger,176
Houston,"Houston County Board of Education, District No. 2",,REP,Ricky Moore,364
Houston,"Houston County Board of Education, District No. 2",,REP,Scott Long,545
Houston,Houston County Coroner,,REP,Kendall Glover,9217
Houston,Houston County Coroner,,REP,Tony Diaz,1491
Houston,Houston County Revenue Commissioner,,REP,Greg Holland,6944
Houston,Houston County Revenue Commissioner,,REP,Richard Talley,3414
Houston,Lieutenant Governor,,DEM,Darryl D. Perryman,2008
Houston,Lieutenant Governor,,DEM,Phillip Ensler,1951
Houston,Lieutenant Governor,,REP,George Childress,212
Houston,Lieutenant Governor,,REP,John Wahl,4528
Houston,Lieutenant Governor,,REP,Nicole Jones Wadsworth,475
Houston,Lieutenant Governor,,REP,Pat Bishop,288
Houston,Lieutenant Governor,,REP,Rick Pate,755
Houston,Lieutenant Governor,,REP,Stewart Hill Tankersley,204
Houston,Lieutenant Governor,,REP,Wes Allen,4115
Houston,"Member, Houston County Commission District 1",,REP,Bobby Lewis,480
Houston,"Member, Houston County Commission District 1",,REP,Jeffery A. Williams,566
Houston,"Member, Houston County Commission District 2",,REP,Chris Love,1201
Houston,"Member, Houston County Commission District 2",,REP,Tracy Adams,1385
Houston,"Member, Houston County Commission District 2",,REP,Whitney Ingram Strength,332
Houston,"Member, Houston County Commission District 3",,REP,Ashley E. Enfinger,1951
Houston,"Member, Houston County Commission District 3",,REP,Taylor Knight,1348
Houston,"Public Service Commission, Place No. 1",,REP,Jeremy H. Oden,1826
Houston,"Public Service Commission, Place No. 1",,REP,Matt Gentry,7344
Houston,"Public Service Commission, Place No. 2",,REP,Brent Woodall,2012
Houston,"Public Service Commission, Place No. 2",,REP,Chris Beeker,1761
Houston,"Public Service Commission, Place No. 2",,REP,Jim Zig Zeigler,4294
Houston,"Public Service Commission, Place No. 2",,REP,Priscilla Andrews,1639
Houston,"Public Service Commissioner, Place 1",,DEM,James O. Gordon,1976
Houston,"Public Service Commissioner, Place 1",,DEM,Jeff Ramsey,1285
Houston,"Public Service Commissioner, Place 1",,DEM,John Northrop,645
Houston,Secretary of State,,REP,Caroleene Dobson,5966
Houston,Secretary of State,,REP,Christopher Christian Horn,2488
Houston,Secretary of State,,REP,Glenda S. Jackson,1112
Houston,State Auditor,,REP,Andrew Sorrell,7701
Houston,State Auditor,,REP,Derek Chen,2247
Houston,State Democratic Executive Committee,,DEM,Anita Dawkins,279
Houston,State Democratic Executive Committee,,DEM,Earl Jones,1023
Houston,State Democratic Executive Committee,,DEM,Jeff Scroggins,81
Houston,State Democratic Executive Committee,,DEM,Larry E Matthews,805
Houston,State Democratic Executive Committee,,DEM,Letetia Daniels Jackson,1520
Houston,State Democratic Executive Committee,,DEM,Linda Turner,92
Houston,State Democratic Executive Committee,,DEM,Rufus Lee,153
Houston,State Democratic Executive Committee,,DEM,Sherri Johnson,321
Houston,State Democratic Executive Committee,,DEM,Vickie Moore,87
Houston,State Democratic Executive Committee,,DEM,Vincent Owens,208
Houston,State House,85,REP,David Money,709
Houston,State House,85,REP,Rick Rehm,627
Houston,State House,93,REP,Steve Clouse,890
Houston,State House,93,REP,Stormin' Norman Horton,242
Houston,State Senate,29,REP,Donnie Chesteen,7562
Houston,State Senate,29,REP,Val Glasgow Paul,288
Houston,State Senate,29,REP,Zachary J. Hurst,1097
Houston,State Treasurer,,REP,Steve Lolley,3060
Houston,State Treasurer,,REP,Young Boozer,7039
Houston,U.S. House,1,REP,Austin Sidwell,383
Houston,U.S. House,1,REP,James (Jimmy) Dees,508
Houston,U.S. House,1,REP,James Richardson,649
Houston,U.S. House,1,REP,Jerry Carl,1455
Houston,U.S. House,1,REP,John Mills,465
Houston,U.S. House,1,REP,Joshua McKee,1091
Houston,U.S. House,1,REP,Rhett Marques,5425
Houston,U.S. Senate,,DEM,Dakarai Larriett,1440
Houston,U.S. Senate,,DEM,Everett Wess,1137
Houston,U.S. Senate,,DEM,Kyle Sweetser,533
Houston,U.S. Senate,,DEM,Mark S. Wheeler II,864
Houston,U.S. Senate,,REP,Barry Moore,7766
Houston,U.S. Senate,,REP,Dale Shelton Deas Jr.,110
Houston,U.S. Senate,,REP,Jared Hudson,1385
Houston,U.S. Senate,,REP,Morgan Murphy,81
Houston,U.S. Senate,,REP,Rodney Walker,192
Houston,U.S. Senate,,REP,Seth Burton,196
Houston,U.S. Senate,,REP,Steve Marshall,1182
Jackson,Attorney General,,REP,Jay Mitchell,2430
Jackson,Attorney General,,REP,Katherine Robertson,2435
Jackson,Attorney General,,REP,Pamela L. Casey,1455
Jackson,"Chairman, Jackson County Commission",,REP,Bill Nance,4030
Jackson,"Chairman, Jackson County Commission",,REP,Zac Talley,2391
Jackson,Commissioner of Agriculture and Industries,,REP,Christina Woerner McInnis,1512
Jackson,Commissioner of Agriculture and Industries,,REP,Cory Hill,2532
Jackson,Commissioner of Agriculture and Industries,,REP,Jack Williams,1958
Jackson,Governor,,DEM,"Chad ""Chig"" Martin",37
Jackson,Governor,,DEM,Doug Jones,699
Jackson,Governor,,DEM,Jamel J. Brown,17
Jackson,Governor,,DEM,"Nathan ""Nate"" Mathis",7
Jackson,Governor,,DEM,Will Boyd,127
Jackson,Governor,,DEM,Yolanda Rochelle Flowers,44
Jackson,Governor,,REP,"""Alabama"" Will Santivasci",398
Jackson,Governor,,REP,Ken McFeeters,664
Jackson,Governor,,REP,Thomas Tuberville,5781
Jackson,"Jackson County Board of Education, District 4",,REP,Josh Fralick,1898
Jackson,"Jackson County Board of Education, District 4",,REP,"Robert ""Robbie"" King",2571
Jackson,"Jackson County Board of Education, District 4",,REP,Votes,4469
Jackson,Jackson County Coroner,,REP,John David Jordan,5119
Jackson,Jackson County Coroner,,REP,Tony Lee Watson,1316
Jackson,Jackson County Coroner,,REP,Votes,6435
Jackson,Jackson County Sheriff,,REP,Bradley James Talley,694
Jackson,Jackson County Sheriff,,REP,Craig Holcomb,3431
Jackson,Jackson County Sheriff,,REP,Eric Woodall,1698
Jackson,Jackson County Sheriff,,REP,Tony Baker,1221
Jackson,Lieutenant Governor,,DEM,Darryl D. Perryman,272
Jackson,Lieutenant Governor,,DEM,Phillip Ensler,586
Jackson,Lieutenant Governor,,REP,George Childress,183
Jackson,Lieutenant Governor,,REP,John Wahl,2631
Jackson,Lieutenant Governor,,REP,Nicole Jones Wadsworth,390
Jackson,Lieutenant Governor,,REP,Pat Bishop,216
Jackson,Lieutenant Governor,,REP,Rick Pate,544
Jackson,Lieutenant Governor,,REP,Stewart Hill Tankersley,185
Jackson,Lieutenant Governor,,REP,Wes Allen,2259
Jackson,"Member, Jackson County Commission, District 1",,REP,Chris Gulley,3696
Jackson,"Member, Jackson County Commission, District 1",,REP,David Keith Blizard,1677
Jackson,"Member, Jackson County Commission, District 1",,REP,John Peacock,1007
Jackson,"Public Service Commission, Place No. 1",,REP,Jeremy H. Oden,1348
Jackson,"Public Service Commission, Place No. 1",,REP,Matt Gentry,4432
Jackson,"Public Service Commission, Place No. 2",,REP,Brent Woodall,1871
Jackson,"Public Service Commission, Place No. 2",,REP,Chris Beeker,1287
Jackson,"Public Service Commission, Place No. 2",,REP,Jim Zig Zeigler,1992
Jackson,"Public Service Commission, Place No. 2",,REP,Priscilla Andrews,645
Jackson,"Public Service Commissioner, Place 1",,DEM,James O. Gordon,321
Jackson,"Public Service Commissioner, Place 1",,DEM,Jeff Ramsey,345
Jackson,"Public Service Commissioner, Place 1",,DEM,John Northrop,177
Jackson,Secretary of State,,REP,Caroleene Dobson,3232
Jackson,Secretary of State,,REP,Christopher Christian Horn,1542
Jackson,Secretary of State,,REP,Glenda S. Jackson,1041
Jackson,State Auditor,,REP,Andrew Sorrell,4257
Jackson,State Auditor,,REP,Derek Chen,1649
Jackson,State Board of Education,8,REP,Connie Spears,1605
Jackson,State Board of Education,8,REP,Emily Jones,2591
Jackson,State Board of Education,8,REP,William Matthews,1683
Jackson,State Treasurer,,REP,Steve Lolley,2478
Jackson,State Treasurer,,REP,Young Boozer,3419
Jackson,U.S. House,5,DEM,Andrew Sneed,378
Jackson,U.S. House,5,DEM,Candice Dollar Duvieilh,271
Jackson,U.S. House,5,DEM,Jeremy Devito,222
Jackson,U.S. Senate,,DEM,Dakarai Larriett,164
Jackson,U.S. Senate,,DEM,Everett Wess,236
Jackson,U.S. Senate,,DEM,Kyle Sweetser,209
Jackson,U.S. Senate,,DEM,Mark S. Wheeler II,259
Jackson,U.S. Senate,,REP,Barry Moore,2439
Jackson,U.S. Senate,,REP,Dale Shelton Deas Jr.,181
Jackson,U.S. Senate,,REP,Jared Hudson,1335
Jackson,U.S. Senate,,REP,Morgan Murphy,103
Jackson,U.S. Senate,,REP,Rodney Walker,216
Jackson,U.S. Senate,,REP,Seth Burton,300
Jackson,U.S. Senate,,REP,Steve Marshall,2016
Jefferson,Attorney General,,REP,Jay Mitchell,13639
Jefferson,Attorney General,,REP,Katherine Robertson,15104
Jefferson,Attorney General,,REP,Pamela L. Casey,9431
Jefferson,Commissioner of Agriculture and Industries,,REP,Christina Woerner McInnis,12695
Jefferson,Commissioner of Agriculture and Industries,,REP,Cory Hill,9688
Jefferson,Commissioner of Agriculture and Industries,,REP,Jack Williams,11902
Jefferson,"District Court Judge, Jefferson County, Place 7",,DEM,Hope Marshall,14972
Jefferson,"District Court Judge, Jefferson County, Place 7",,DEM,"Jimmy Ray Earley, Jr.",3276
Jefferson,"District Court Judge, Jefferson County, Place 7",,DEM,Tiffany Jones,41591
Jefferson,Governor,,DEM,"Chad ""Chig"" Martin",433
Jefferson,Governor,,DEM,Doug Jones,77396
Jefferson,Governor,,DEM,Jamel J. Brown,1430
Jefferson,Governor,,DEM,"Nathan ""Nate"" Mathis",333
Jefferson,Governor,,DEM,Will Boyd,6550
Jefferson,Governor,,DEM,Yolanda Rochelle Flowers,3329
Jefferson,Governor,,REP,"""Alabama"" Will Santivasci",1686
Jefferson,Governor,,REP,Ken McFeeters,4740
Jefferson,Governor,,REP,Thomas Tuberville,32933
Jefferson,Lieutenant Governor,,DEM,Darryl D. Perryman,38135
Jefferson,Lieutenant Governor,,DEM,Phillip Ensler,44904
Jefferson,Lieutenant Governor,,REP,George Childress,653
Jefferson,Lieutenant Governor,,REP,John Wahl,15162
Jefferson,Lieutenant Governor,,REP,Nicole Jones Wadsworth,2329
Jefferson,Lieutenant Governor,,REP,Pat Bishop,1195
Jefferson,Lieutenant Governor,,REP,Rick Pate,2486
Jefferson,Lieutenant Governor,,REP,Stewart Hill Tankersley,1444
Jefferson,Lieutenant Governor,,REP,Wes Allen,14843
Jefferson,"Public Service Commission, Place No. 1",,REP,Jeremy H. Oden,9189
Jefferson,"Public Service Commission, Place No. 1",,REP,Matt Gentry,24546
Jefferson,"Public Service Commission, Place No. 2",,REP,Brent Woodall,5239
Jefferson,"Public Service Commission, Place No. 2",,REP,Chris Beeker,10816
Jefferson,"Public Service Commission, Place No. 2",,REP,Jim Zig Zeigler,15115
Jefferson,"Public Service Commission, Place No. 2",,REP,Priscilla Andrews,3503
Jefferson,"Public Service Commissioner, Place 1",,DEM,James O. Gordon,39186
Jefferson,"Public Service Commissioner, Place 1",,DEM,Jeff Ramsey,26088
Jefferson,"Public Service Commissioner, Place 1",,DEM,John Northrop,14369
Jefferson,Secretary of State,,REP,Caroleene Dobson,23887
Jefferson,Secretary of State,,REP,Christopher Christian Horn,8019
Jefferson,Secretary of State,,REP,Glenda S. Jackson,3417
Jefferson,State Auditor,,REP,Andrew Sorrell,22702
Jefferson,State Auditor,,REP,Derek Chen,12806
Jefferson,State Democratic Executive Committee,,DEM,Andrea Winston,2194
Jefferson,State Democratic Executive Committee,,DEM,Antwon Bernard Womack,1378
Jefferson,State Democratic Executive Committee,,DEM,AshLeigh Meyer Dunham,3735
Jefferson,State Democratic Executive Committee,,DEM,Barbara E. Roberts,1266
Jefferson,State Democratic Executive Committee,,DEM,Bettie Nelson,3637
Jefferson,State Democratic Executive Committee,,DEM,Brandon McCray,1366
Jefferson,State Democratic Executive Committee,,DEM,Brianna Davis,5914
Jefferson,State Democratic Executive Committee,,DEM,Bruce L Taylor,1392
Jefferson,State Democratic Executive Committee,,DEM,Charles C Canady,757
Jefferson,State Democratic Executive Committee,,DEM,Christian Coleman,1375
Jefferson,State Democratic Executive Committee,,DEM,Christopher Mosley,1340
Jefferson,State Democratic Executive Committee,,DEM,Cleo King,2165
Jefferson,State Democratic Executive Committee,,DEM,Daisy Cooper,522
Jefferson,State Democratic Executive Committee,,DEM,Dakarai Larriett,2531
Jefferson,State Democratic Executive Committee,,DEM,Darron Mitchell,22
Jefferson,State Democratic Executive Committee,,DEM,Demetria Young Doughty,3972
Jefferson,State Democratic Executive Committee,,DEM,Destiny Shepherd,3505
Jefferson,State Democratic Executive Committee,,DEM,Donell Lewis,997
Jefferson,State Democratic Executive Committee,,DEM,Doug Hoffman,621
Jefferson,State Democratic Executive Committee,,DEM,Elias Hendricks Jr.,4182
Jefferson,State Democratic Executive Committee,,DEM,Eric Hall,1949
Jefferson,State Democratic Executive Committee,,DEM,Gaynell Hendricks,3892
Jefferson,State Democratic Executive Committee,,DEM,Gina Mallisham,548
Jefferson,State Democratic Executive Committee,,DEM,Grover Dunn,4151
Jefferson,State Democratic Executive Committee,,DEM,Haley C Lewis,1088
Jefferson,State Democratic Executive Committee,,DEM,James Fields IV,4098
Jefferson,State Democratic Executive Committee,,DEM,James Kinsman,15
Jefferson,State Democratic Executive Committee,,DEM,Joi L. Travis,560
Jefferson,State Democratic Executive Committee,,DEM,Jordan Pittman,1044
Jefferson,State Democratic Executive Committee,,DEM,Joshua J Raby,484
Jefferson,State Democratic Executive Committee,,DEM,Karen Dunn Burks,3154
Jefferson,State Democratic Executive Committee,,DEM,Keith Brown,2539
Jefferson,State Democratic Executive Committee,,DEM,Ken King,932
Jefferson,State Democratic Executive Committee,,DEM,Kevin Dunn,3177
Jefferson,State Democratic Executive Committee,,DEM,LaKeela Lowe,535
Jefferson,State Democratic Executive Committee,,DEM,Michel Eugene Miller,664
Jefferson,State Democratic Executive Committee,,DEM,Miguel Ferguson II,3034
Jefferson,State Democratic Executive Committee,,DEM,MonTerrius A Lowe,774
Jefferson,State Democratic Executive Committee,,DEM,Patricia Todd,3063
Jefferson,State Democratic Executive Committee,,DEM,Phyllis Oden-Jones,1131
Jefferson,State Democratic Executive Committee,,DEM,Ralph Young,1602
Jefferson,State Democratic Executive Committee,,DEM,Rodney Huntley,2107
Jefferson,State Democratic Executive Committee,,DEM,Rolanda Hollis,6512
Jefferson,State Democratic Executive Committee,,DEM,Sheila Tyson,5295
Jefferson,State Democratic Executive Committee,,DEM,Shelia Smoot,4936
Jefferson,State Democratic Executive Committee,,DEM,Silas Baldwin,1228
Jefferson,State Democratic Executive Committee,,DEM,Toni King,2296
Jefferson,State Democratic Executive Committee,,DEM,Velma Johnson,4214
Jefferson,State Democratic Executive Committee,,DEM,Ves Marable,2075
Jefferson,State Democratic Executive Committee,,DEM,"Walter ""Big Walt"" Wilson",3422
Jefferson,State Democratic Executive Committee,,DEM,Wanda F. Bryant,3299
Jefferson,State Democratic Executive Committee,,DEM,Yvette M. Richardson,1785
Jefferson,State House,45,REP,John Dawson,288
Jefferson,State House,45,REP,Susan Dubose,1209
Jefferson,State House,48,REP,Jim Carns,1914
Jefferson,State House,48,REP,Lloyd Peeples,2746
Jefferson,State House,48,REP,William Wentowski,314
Jefferson,State House,52,DEM,GiGi Hayes,3883
Jefferson,State House,52,DEM,Kelvin Datcher,1964
Jefferson,State House,52,DEM,LaTanya Millhouse,2097
Jefferson,State House,54,DEM,Joseph J. Holt,2162
Jefferson,State House,54,DEM,Neil Rafferty,5054
Jefferson,State House,55,DEM,Eric Major,1609
Jefferson,State House,55,DEM,"Jennifer ""Jenny"" Craig",1706
Jefferson,State House,55,DEM,Travis Hendrix,4371
Jefferson,State House,57,DEM,Mara Ruffin Blackmon,2929
Jefferson,State House,57,DEM,Patrick Sellers,5462
Jefferson,State House,57,DEM,Shamyia Atkins,541
Jefferson,State House,60,DEM,Alicia Escott Lumpkin,5081
Jefferson,State House,60,DEM,Juandalynn Givan,3261
Jefferson,State House,60,DEM,Nina Taylor,1380
Jefferson,"State Rebublican Executive Committee, Jefferson County, Place 1 District 3",,REP,Diana B Browning,2433
Jefferson,"State Rebublican Executive Committee, Jefferson County, Place 1 District 3",,REP,Johnny L Curry,5223
Jefferson,"State Rebublican Executive Committee, Jefferson County, Place 1 District 3",,REP,Susan Vawter,1120
Jefferson,"State Rebublican Executive Committee, Jefferson County, Place 1 District 4",,REP,Ben Foster,4695
Jefferson,"State Rebublican Executive Committee, Jefferson County, Place 1 District 4",,REP,Patricia Ellis,3077
Jefferson,"State Rebublican Executive Committee, Jefferson County, Place 1 District 5",,REP,Chris Brown,3071
Jefferson,"State Rebublican Executive Committee, Jefferson County, Place 1 District 5",,REP,Joseph B. Eason,1422
Jefferson,"State Rebublican Executive Committee, Jefferson County, Place 1 District 5",,REP,Laura J. Clark,3833
Jefferson,"State Rebublican Executive Committee, Jefferson County, Place 2 District 4",,REP,Danny Garrett,7211
Jefferson,"State Rebublican Executive Committee, Jefferson County, Place 2 District 4",,REP,Wayman A. Newton,1299
Jefferson,"State Rebublican Executive Committee, Jefferson County, Place 2 District 5",,REP,Matt Lembke,2666
Jefferson,"State Rebublican Executive Committee, Jefferson County, Place 2 District 5",,REP,Scott A. Gilliland,3865
Jefferson,"State Rebublican Executive Committee, Jefferson County, Place 2 District 5",,REP,Tyler C. Thrasher,1949
Jefferson,"State Rebublican Executive Committee, Jefferson County, Place 4 District 3",,REP,Eddie Webber Jr.,3354
Jefferson,"State Rebublican Executive Committee, Jefferson County, Place 4 District 3",,REP,Kevin Speed,4968
Jefferson,"State Rebublican Executive Committee, Jefferson County, Place 5 District 3",,REP,Alan D. Crisologo,2536
Jefferson,"State Rebublican Executive Committee, Jefferson County, Place 5 District 3",,REP,Riley McArdle,5747
Jefferson,"State Rebublican Executive Committee, Jefferson County, Place 6 District 3",,REP,Case Dixon,3623
Jefferson,"State Rebublican Executive Committee, Jefferson County, Place 6 District 3",,REP,Stephen Parker,5027
Jefferson,"State Rebublican Executive Committee, Jefferson County, Place 6 District 4",,REP,Reed Phillips,4527
Jefferson,"State Rebublican Executive Committee, Jefferson County, Place 6 District 4",,REP,Vincent Coker,3046
Jefferson,"State Rebublican Executive Committee, Jefferson County, Place 8 District 5",,REP,Joe Domnanovich,2888
Jefferson,"State Rebublican Executive Committee, Jefferson County, Place 8 District 5",,REP,Walter Jones,5307
Jefferson,State Senate,15,REP,Dan Roberts,3612
Jefferson,State Senate,15,REP,Scott Ortis,4102
Jefferson,State Senate,16,REP,"J.T. ""Jabo"" Waggoner",5121
Jefferson,State Senate,16,REP,Nate Carlson,3977
Jefferson,State Treasurer,,REP,Steve Lolley,11261
Jefferson,State Treasurer,,REP,Young Boozer,25043
Jefferson,U.S. House,6,REP,Case Dixon,3894
Jefferson,U.S. House,6,REP,Gary Palmer,20278
Jefferson,U.S. Senate,,DEM,Dakarai Larriett,22782
Jefferson,U.S. Senate,,DEM,Everett Wess,32108
Jefferson,U.S. Senate,,DEM,Kyle Sweetser,15391
Jefferson,U.S. Senate,,DEM,Mark S. Wheeler II,13032
Jefferson,U.S. Senate,,REP,Barry Moore,10057
Jefferson,U.S. Senate,,REP,Dale Shelton Deas Jr.,757
Jefferson,U.S. Senate,,REP,Jared Hudson,17654
Jefferson,U.S. Senate,,REP,Morgan Murphy,435
Jefferson,U.S. Senate,,REP,Rodney Walker,836
Jefferson,U.S. Senate,,REP,Seth Burton,756
Jefferson,U.S. Senate,,REP,Steve Marshall,8880
Lamar,Attorney General,,REP,Jay Mitchell,688
Lamar,Attorney General,,REP,Katherine Robertson,567
Lamar,Attorney General,,REP,Pamela L. Casey,461
Lamar,Commissioner of Agriculture and Industries,,REP,Christina Woerner McInnis,427
Lamar,Commissioner of Agriculture and Industries,,REP,Cory Hill,826
Lamar,Commissioner of Agriculture and Industries,,REP,Jack Williams,403
Lamar,Governor,,DEM,"Chad ""Chig"" Martin",8
Lamar,Governor,,DEM,Doug Jones,181
Lamar,Governor,,DEM,Jamel J. Brown,13
Lamar,Governor,,DEM,"Nathan ""Nate"" Mathis",2
Lamar,Governor,,DEM,Will Boyd,59
Lamar,Governor,,DEM,Yolanda Rochelle Flowers,11
Lamar,Governor,,REP,"""Alabama"" Will Santivasci",60
Lamar,Governor,,REP,Ken McFeeters,115
Lamar,Governor,,REP,Thomas Tuberville,1638
Lamar,Lamar County Coroner,,REP,Allen V. Chandler,1141
Lamar,Lamar County Coroner,,REP,Tommy Dunham,625
Lamar,Lieutenant Governor,,DEM,Darryl D. Perryman,97
Lamar,Lieutenant Governor,,DEM,Phillip Ensler,155
Lamar,Lieutenant Governor,,REP,George Childress,43
Lamar,Lieutenant Governor,,REP,John Wahl,658
Lamar,Lieutenant Governor,,REP,Nicole Jones Wadsworth,139
Lamar,Lieutenant Governor,,REP,Pat Bishop,60
Lamar,Lieutenant Governor,,REP,Rick Pate,54
Lamar,Lieutenant Governor,,REP,Stewart Hill Tankersley,14
Lamar,Lieutenant Governor,,REP,Wes Allen,800
Lamar,"Public Service Commission, Place No. 1",,REP,Jeremy H. Oden,274
Lamar,"Public Service Commission, Place No. 1",,REP,Matt Gentry,1347
Lamar,"Public Service Commission, Place No. 2",,REP,Brent Woodall,357
Lamar,"Public Service Commission, Place No. 2",,REP,Chris Beeker,452
Lamar,"Public Service Commission, Place No. 2",,REP,Jim Zig Zeigler,625
Lamar,"Public Service Commission, Place No. 2",,REP,Priscilla Andrews,184
Lamar,"Public Service Commissioner, Place 1",,DEM,James O. Gordon,136
Lamar,"Public Service Commissioner, Place 1",,DEM,Jeff Ramsey,64
Lamar,"Public Service Commissioner, Place 1",,DEM,John Northrop,48
Lamar,Secretary of State,,REP,Caroleene Dobson,962
Lamar,Secretary of State,,REP,Christopher Christian Horn,453
Lamar,Secretary of State,,REP,Glenda S. Jackson,205
Lamar,State Auditor,,REP,Andrew Sorrell,1092
Lamar,State Auditor,,REP,Derek Chen,566
Lamar,State House,17,REP,Kevin Bradford,484
Lamar,State House,17,REP,Michael Beck,685
Lamar,State House,17,REP,Phil Segraves,625
Lamar,State Treasurer,,REP,Steve Lolley,832
Lamar,State Treasurer,,REP,Young Boozer,838
Lamar,U.S. House,4,DEM,Amanda N. Pusczek,136
Lamar,U.S. House,4,DEM,Shane Weaver,108
Lamar,U.S. House,4,REP,Robert B. Aderholt,1448
Lamar,U.S. House,4,REP,Tommy Barnes,335
Lamar,U.S. Senate,,DEM,Dakarai Larriett,62
Lamar,U.S. Senate,,DEM,Everett Wess,95
Lamar,U.S. Senate,,DEM,Kyle Sweetser,35
Lamar,U.S. Senate,,DEM,Mark S. Wheeler II,57
Lamar,U.S. Senate,,REP,Barry Moore,696
Lamar,U.S. Senate,,REP,Dale Shelton Deas Jr.,38
Lamar,U.S. Senate,,REP,Jared Hudson,406
Lamar,U.S. Senate,,REP,Morgan Murphy,21
Lamar,U.S. Senate,,REP,Rodney Walker,94
Lamar,U.S. Senate,,REP,Seth Burton,50
Lamar,U.S. Senate,,REP,Steve Marshall,432
Lauderdale,Attorney General,,REP,Jay Mitchell,3391
Lauderdale,Attorney General,,REP,Katherine Robertson,3174
Lauderdale,Attorney General,,REP,Pamela L. Casey,2021
Lauderdale,Commissioner of Agriculture and Industries,,REP,Christina Woerner McInnis,2658
Lauderdale,Commissioner of Agriculture and Industries,,REP,Cory Hill,3088
Lauderdale,Commissioner of Agriculture and Industries,,REP,Jack Williams,2168
Lauderdale,Governor,,DEM,"Chad ""Chig"" Martin",83
Lauderdale,Governor,,DEM,Doug Jones,2637
Lauderdale,Governor,,DEM,Jamel J. Brown,52
Lauderdale,Governor,,DEM,"Nathan ""Nate"" Mathis",29
Lauderdale,Governor,,DEM,Will Boyd,634
Lauderdale,Governor,,DEM,Yolanda Rochelle Flowers,115
Lauderdale,Governor,,REP,"""Alabama"" Will Santivasci",488
Lauderdale,Governor,,REP,Ken McFeeters,932
Lauderdale,Governor,,REP,Thomas Tuberville,7680
Lauderdale,Lauderdale County Coroner,,REP,Bridget Burbank,2918
Lauderdale,Lauderdale County Coroner,,REP,Kim Edgil Jones,4707
Lauderdale,"Lauderdale County Republican Executive Committee, Place 12",,REP,Maurice McCaney,2561
Lauderdale,"Lauderdale County Republican Executive Committee, Place 12",,REP,Nathan R. Hunt,1404
Lauderdale,"Lauderdale County Republican Executive Committee, Place 14",,REP,Carmelo Anthony Parasiliti II,1305
Lauderdale,"Lauderdale County Republican Executive Committee, Place 14",,REP,Scott Jones,2457
Lauderdale,"Lauderdale County Republican Executive Committee, Place 18",,REP,Josh Dodd,4931
Lauderdale,"Lauderdale County Republican Executive Committee, Place 18",,REP,Mary Pettus,2908
Lauderdale,"Lauderdale County Republican Executive Committee, Place 2",,REP,Courtney Dennis Bowling,2065
Lauderdale,"Lauderdale County Republican Executive Committee, Place 2",,REP,Lynn Greer,2223
Lauderdale,"Lauderdale County Republican Executive Committee, Place 20",,REP,Ralph Long,4353
Lauderdale,"Lauderdale County Republican Executive Committee, Place 20",,REP,Rodney Pettus,4058
Lauderdale,"Lauderdale County Republican Executive Committee, Place 21",,REP,Billy Hammock,5301
Lauderdale,"Lauderdale County Republican Executive Committee, Place 21",,REP,Reid Melson,2775
Lauderdale,"Lauderdale County Republican Executive Committee, Place 24",,REP,Angela Broyles,3966
Lauderdale,"Lauderdale County Republican Executive Committee, Place 24",,REP,Morris T. Lentz,3745
Lauderdale,"Lauderdale County Republican Executive Committee, Place 4",,REP,Missy Hill,2462
Lauderdale,"Lauderdale County Republican Executive Committee, Place 4",,REP,Vicki Rikard,1343
Lauderdale,"Lauderdale County Republican Executive Committee, Place 5",,REP,Barry Morris,2239
Lauderdale,"Lauderdale County Republican Executive Committee, Place 5",,REP,Richard Herston,1878
Lauderdale,"Lauderdale County Republican Executive Committee, Place 9",,REP,Ann Marie Carney,2199
Lauderdale,"Lauderdale County Republican Executive Committee, Place 9",,REP,Logan Neil Morris,1298
Lauderdale,Lieutenant Governor,,DEM,Darryl D. Perryman,1205
Lauderdale,Lieutenant Governor,,DEM,Phillip Ensler,2072
Lauderdale,Lieutenant Governor,,REP,George Childress,117
Lauderdale,Lieutenant Governor,,REP,John Wahl,5141
Lauderdale,Lieutenant Governor,,REP,Nicole Jones Wadsworth,352
Lauderdale,Lieutenant Governor,,REP,Pat Bishop,204
Lauderdale,Lieutenant Governor,,REP,Rick Pate,363
Lauderdale,Lieutenant Governor,,REP,Stewart Hill Tankersley,168
Lauderdale,Lieutenant Governor,,REP,Wes Allen,2569
Lauderdale,"Public Service Commission, Place No. 1",,REP,Jeremy H. Oden,2353
Lauderdale,"Public Service Commission, Place No. 1",,REP,Matt Gentry,5365
Lauderdale,"Public Service Commission, Place No. 2",,REP,Brent Woodall,1766
Lauderdale,"Public Service Commission, Place No. 2",,REP,Chris Beeker,1553
Lauderdale,"Public Service Commission, Place No. 2",,REP,Jim Zig Zeigler,3584
Lauderdale,"Public Service Commission, Place No. 2",,REP,Priscilla Andrews,1044
Lauderdale,"Public Service Commissioner, Place 1",,DEM,James O. Gordon,1464
Lauderdale,"Public Service Commissioner, Place 1",,DEM,Jeff Ramsey,1047
Lauderdale,"Public Service Commissioner, Place 1",,DEM,John Northrop,644
Lauderdale,Secretary of State,,REP,Caroleene Dobson,5284
Lauderdale,Secretary of State,,REP,Christopher Christian Horn,1693
Lauderdale,Secretary of State,,REP,Glenda S. Jackson,1050
Lauderdale,State Auditor,,REP,Andrew Sorrell,6492
Lauderdale,State Auditor,,REP,Derek Chen,1910
Lauderdale,State Democratic Executive Committee,,DEM,Audrey D. Mitchell,1136
Lauderdale,State Democratic Executive Committee,,DEM,Bobby J. Pride,336
Lauderdale,State Democratic Executive Committee,,DEM,Caroline Self,490
Lauderdale,State Democratic Executive Committee,,DEM,Rick Pressnell,405
Lauderdale,State Democratic Executive Committee,,DEM,Sharon Johnson King,294
Lauderdale,State Democratic Executive Committee,,DEM,Traci Clay Reynolds,587
Lauderdale,State House,1,REP,Maurice McCaney,2914
Lauderdale,State House,1,REP,Phillip Pettus,2003
Lauderdale,"State Republican Executive Committee, Lauderdale County, Place 1",,REP,Maurice McCaney,4778
Lauderdale,"State Republican Executive Committee, Lauderdale County, Place 1",,REP,Phillip Pettus,4146
Lauderdale,"State Republican Executive Committee, Lauderdale County, Place 2",,REP,Tim Melson,4667
Lauderdale,"State Republican Executive Committee, Lauderdale County, Place 2",,REP,"William ""Will"" Smith",3818
Lauderdale,"State Republican Executive Committee, Lauderdale County, Place 3",,REP,Courtney Dennis Bowling,4044
Lauderdale,"State Republican Executive Committee, Lauderdale County, Place 3",,REP,Scott Jones,3885
Lauderdale,"State Republican Executive Committee, Lauderdale County, Place 4",,REP,Allen Long,4742
Lauderdale,"State Republican Executive Committee, Lauderdale County, Place 4",,REP,Rodney Pettus,3904
Lauderdale,State Treasurer,,REP,Steve Lolley,3095
Lauderdale,State Treasurer,,REP,Young Boozer,5032
Lauderdale,U.S. House,4,DEM,Amanda N. Pusczek,1858
Lauderdale,U.S. House,4,DEM,Shane Weaver,938
Lauderdale,U.S. House,4,REP,Robert B. Aderholt,5032
Lauderdale,U.S. House,4,REP,Tommy Barnes,2074
Lauderdale,U.S. House,5,DEM,Andrew Sneed,151
Lauderdale,U.S. House,5,DEM,Candice Dollar Duvieilh,140
Lauderdale,U.S. House,5,DEM,Jeremy Devito,91
Lauderdale,U.S. Senate,,DEM,Dakarai Larriett,1079
Lauderdale,U.S. Senate,,DEM,Everett Wess,920
Lauderdale,U.S. Senate,,DEM,Kyle Sweetser,604
Lauderdale,U.S. Senate,,DEM,Mark S. Wheeler II,671
Lauderdale,U.S. Senate,,REP,Barry Moore,3793
Lauderdale,U.S. Senate,,REP,Dale Shelton Deas Jr.,147
Lauderdale,U.S. Senate,,REP,Jared Hudson,1890
Lauderdale,U.S. Senate,,REP,Morgan Murphy,123
Lauderdale,U.S. Senate,,REP,Rodney Walker,542
Lauderdale,U.S. Senate,,REP,Seth Burton,248
Lauderdale,U.S. Senate,,REP,Steve Marshall,2123
Lawrence,Attorney General,,REP,Jay Mitchell,1784
Lawrence,Attorney General,,REP,Katherine Robertson,1992
Lawrence,Attorney General,,REP,Pamela L. Casey,874
Lawrence,Commissioner of Agriculture and Industries,,REP,Christina Woerner McInnis,1127
Lawrence,Commissioner of Agriculture and Industries,,REP,Cory Hill,1986
Lawrence,Commissioner of Agriculture and Industries,,REP,Jack Williams,1297
Lawrence,Governor,,DEM,"Chad ""Chig"" Martin",49
Lawrence,Governor,,DEM,Doug Jones,946
Lawrence,Governor,,DEM,Jamel J. Brown,31
Lawrence,Governor,,DEM,"Nathan ""Nate"" Mathis",30
Lawrence,Governor,,DEM,Will Boyd,217
Lawrence,Governor,,DEM,Yolanda Rochelle Flowers,51
Lawrence,Governor,,REP,"""Alabama"" Will Santivasci",235
Lawrence,Governor,,REP,Ken McFeeters,461
Lawrence,Governor,,REP,Thomas Tuberville,4357
Lawrence,Lawrence County Sheriff,,REP,Keith Ligon,2249
Lawrence,Lawrence County Sheriff,,REP,Stacy Rose,3024
Lawrence,Lieutenant Governor,,DEM,Darryl D. Perryman,446
Lawrence,Lieutenant Governor,,DEM,Phillip Ensler,791
Lawrence,Lieutenant Governor,,REP,George Childress,104
Lawrence,Lieutenant Governor,,REP,John Wahl,2247
Lawrence,Lieutenant Governor,,REP,Nicole Jones Wadsworth,205
Lawrence,Lieutenant Governor,,REP,Pat Bishop,123
Lawrence,Lieutenant Governor,,REP,Rick Pate,301
Lawrence,Lieutenant Governor,,REP,Stewart Hill Tankersley,108
Lawrence,Lieutenant Governor,,REP,Wes Allen,1718
Lawrence,"Member, Lawrence County Commission, District 1",,REP,Adam Terry,312
Lawrence,"Member, Lawrence County Commission, District 1",,REP,Jay Johnson,144
Lawrence,"Member, Lawrence County Commission, District 2",,REP,Brandon Kerby,637
Lawrence,"Member, Lawrence County Commission, District 2",,REP,Jonathan Bradford,184
Lawrence,"Member, Lawrence County Commission, District 2",,REP,Rickey Johnson,518
Lawrence,"Member, Lawrence County Commission, District 3",,REP,Anthony Alexander,421
Lawrence,"Member, Lawrence County Commission, District 3",,REP,Ben Logston,475
Lawrence,"Member, Lawrence County Commission, District 3",,REP,Dana Charles,195
Lawrence,"Member, Lawrence County Commission, District 4",,REP,Daniell Johnston,359
Lawrence,"Member, Lawrence County Commission, District 4",,REP,Gunnar Walling,1056
Lawrence,"Member, Lawrence County GOP Executive Commission, District 1, Place 3",,REP,Angelo Doc Mancuso,139
Lawrence,"Member, Lawrence County GOP Executive Commission, District 1, Place 3",,REP,Tim Guyse,305
Lawrence,"Member, Lawrence County GOP Executive Commission, District 3, Place 3",,REP,Brandon Johnson,525
Lawrence,"Member, Lawrence County GOP Executive Commission, District 3, Place 3",,REP,Crystal L. Yarbrough,362
Lawrence,"Public Service Commission, Place No. 1",,REP,Jeremy H. Oden,1437
Lawrence,"Public Service Commission, Place No. 1",,REP,Matt Gentry,2933
Lawrence,"Public Service Commission, Place No. 2",,REP,Brent Woodall,1081
Lawrence,"Public Service Commission, Place No. 2",,REP,Chris Beeker,978
Lawrence,"Public Service Commission, Place No. 2",,REP,Jim Zig Zeigler,1809
Lawrence,"Public Service Commission, Place No. 2",,REP,Priscilla Andrews,443
Lawrence,"Public Service Commissioner, Place 1",,DEM,James O. Gordon,714
Lawrence,"Public Service Commissioner, Place 1",,DEM,Jeff Ramsey,313
Lawrence,"Public Service Commissioner, Place 1",,DEM,John Northrop,180
Lawrence,Secretary of State,,REP,Caroleene Dobson,2433
Lawrence,Secretary of State,,REP,Christopher Christian Horn,1207
Lawrence,Secretary of State,,REP,Glenda S. Jackson,631
Lawrence,State Auditor,,REP,Andrew Sorrell,3473
Lawrence,State Auditor,,REP,Derek Chen,1084
Lawrence,State Democratic Executive Committee,,DEM,Brenda Hampton,574
Lawrence,State Democratic Executive Committee,,DEM,Marcus Echols,465
Lawrence,State Democratic Executive Committee,,DEM,Melvina Taylor Watkins,718
Lawrence,State Democratic Executive Committee,,DEM,Mose Jones Jr.,840
Lawrence,"State Republican Executive Committee, Lawrence County, Place 1",,REP,Angelo Doc Mancuso,1700
Lawrence,"State Republican Executive Committee, Lawrence County, Place 1",,REP,Ernie Yarbrough,3202
Lawrence,State Treasurer,,REP,Steve Lolley,1718
Lawrence,State Treasurer,,REP,Young Boozer,2720
Lawrence,U.S. House,5,DEM,Andrew Sneed,647
Lawrence,U.S. House,5,DEM,Candice Dollar Duvieilh,363
Lawrence,U.S. House,5,DEM,Jeremy Devito,219
Lawrence,U.S. Senate,,DEM,Dakarai Larriett,228
Lawrence,U.S. Senate,,DEM,Everett Wess,591
Lawrence,U.S. Senate,,DEM,Kyle Sweetser,187
Lawrence,U.S. Senate,,DEM,Mark S. Wheeler II,235
Lawrence,U.S. Senate,,REP,Barry Moore,1924
Lawrence,U.S. Senate,,REP,Dale Shelton Deas Jr.,64
Lawrence,U.S. Senate,,REP,Jared Hudson,1012
Lawrence,U.S. Senate,,REP,Morgan Murphy,82
Lawrence,U.S. Senate,,REP,Rodney Walker,237
Lawrence,U.S. Senate,,REP,Seth Burton,116
Lawrence,U.S. Senate,,REP,Steve Marshall,1421
Lee,Attorney General,,REP,Jay Mitchell,6532
Lee,Attorney General,,REP,Katherine Robertson,6509
Lee,Attorney General,,REP,Pamela L. Casey,3485
Lee,Commissioner of Agriculture and Industries,,REP,Christina Woerner McInnis,5519
Lee,Commissioner of Agriculture and Industries,,REP,Cory Hill,5518
Lee,Commissioner of Agriculture and Industries,,REP,Jack Williams,3996
Lee,Governor,,DEM,"Chad ""Chig"" Martin",162
Lee,Governor,,DEM,Doug Jones,6277
Lee,Governor,,DEM,Jamel J. Brown,547
Lee,Governor,,DEM,"Nathan ""Nate"" Mathis",84
Lee,Governor,,DEM,Will Boyd,850
Lee,Governor,,DEM,Yolanda Rochelle Flowers,656
Lee,Governor,,REP,"""Alabama"" Will Santivasci",935
Lee,Governor,,REP,Ken McFeeters,2612
Lee,Governor,,REP,Thomas Tuberville,14310
Lee,Lee County Coroner,,REP,Brian Allen,5051
Lee,Lee County Coroner,,REP,Daniel Sexton,9843
Lee,Lee County Sheriff,,REP,"Cameron ""Cam"" Hunt",9307
Lee,Lee County Sheriff,,REP,Jay Jones,9004
Lee,Lieutenant Governor,,DEM,Darryl D. Perryman,3635
Lee,Lieutenant Governor,,DEM,Phillip Ensler,4374
Lee,Lieutenant Governor,,REP,George Childress,479
Lee,Lieutenant Governor,,REP,John Wahl,6189
Lee,Lieutenant Governor,,REP,Nicole Jones Wadsworth,1376
Lee,Lieutenant Governor,,REP,Pat Bishop,811
Lee,Lieutenant Governor,,REP,Rick Pate,1928
Lee,Lieutenant Governor,,REP,Stewart Hill Tankersley,633
Lee,Lieutenant Governor,,REP,Wes Allen,5068
Lee,"Member, Lee County Commission, District 2",,REP,Angela Shepherd,1224
Lee,"Member, Lee County Commission, District 2",,REP,Ross Morris,1891
Lee,"Member, Lee County Commission, District 4",,REP,Harold Whatley,2463
Lee,"Member, Lee County Commission, District 4",,REP,Tony Langley,3145
Lee,"Public Service Commission, Place No. 1",,REP,Jeremy H. Oden,3656
Lee,"Public Service Commission, Place No. 1",,REP,Matt Gentry,10844
Lee,"Public Service Commission, Place No. 2",,REP,Brent Woodall,2885
Lee,"Public Service Commission, Place No. 2",,REP,Chris Beeker,3315
Lee,"Public Service Commission, Place No. 2",,REP,Jim Zig Zeigler,6472
Lee,"Public Service Commission, Place No. 2",,REP,Priscilla Andrews,2226
Lee,"Public Service Commissioner, Place 1",,DEM,James O. Gordon,3897
Lee,"Public Service Commissioner, Place 1",,DEM,Jeff Ramsey,2582
Lee,"Public Service Commissioner, Place 1",,DEM,John Northrop,1338
Lee,Secretary of State,,REP,Caroleene Dobson,8625
Lee,Secretary of State,,REP,Christopher Christian Horn,4066
Lee,Secretary of State,,REP,Glenda S. Jackson,2458
Lee,State Auditor,,REP,Andrew Sorrell,10236
Lee,State Auditor,,REP,Derek Chen,4760
Lee,State Democratic Executive Committee,,DEM,Ciara Thomas,685
Lee,State Democratic Executive Committee,,DEM,"Ira ""Jeffrey"" Moss",96
Lee,State Democratic Executive Committee,,DEM,Jacquelyn Carlisle,1116
Lee,State Democratic Executive Committee,,DEM,Johnny Cunningham,138
Lee,State Democratic Executive Committee,,DEM,Kennedie Clinton,206
Lee,State Democratic Executive Committee,,DEM,Patsy B Parker,1415
Lee,State House,37,REP,Donna Bailey McKay,462
Lee,State House,37,REP,Jeff Monroe,1106
Lee,State House,37,REP,John Jacobs,1054
Lee,State House,38,DEM,Christopher F. Davis,244
Lee,State House,38,DEM,Hazel Floyd,527
Lee,State House,82,DEM,Jamie Lowe,285
Lee,State House,82,DEM,Pebblin W. Warren,705
Lee,State House,82,DEM,"Sidney ""Doc"" Brown",238
Lee,State House,82,DEM,Terrence K. Johnson,202
Lee,"State Republican Executive Committee, Lee County, Place 2",,REP,Jay Jones,9579
Lee,"State Republican Executive Committee, Lee County, Place 2",,REP,Micah J. Messer,7037
Lee,State Senate,13,REP,Gerald Dial,2109
Lee,State Senate,13,REP,Randy Price,4220
Lee,State Senate,27,REP,Doug Cannon,3211
Lee,State Senate,27,REP,Jay Hovey,7743
Lee,State Treasurer,,REP,Steve Lolley,5626
Lee,State Treasurer,,REP,Young Boozer,10020
Lee,U.S. House,3,REP,Mike Rogers,13527
Lee,U.S. House,3,REP,Terri LaPoint,3500
Lee,U.S. Senate,,REP,Barry Moore,6370
Lee,U.S. Senate,,REP,Dale Shelton Deas Jr.,726
Lee,U.S. Senate,,REP,Jared Hudson,3173
Lee,U.S. Senate,,REP,Morgan Murphy,480
Lee,U.S. Senate,,REP,Rodney Walker,1187
Lee,U.S. Senate,,REP,Seth Burton,1081
Lee,U.S. Senate,,REP,Steve Marshall,3420
Limestone,Attorney General,,REP,Jay Mitchell,3292
Limestone,Attorney General,,REP,Katherine Robertson,4773
Limestone,Attorney General,,REP,Pamela L. Casey,2634
Limestone,"Chairman, Limestone County Commission",,REP,Collin Daly,5401
Limestone,"Chairman, Limestone County Commission",,REP,Johnny Turner,3726
Limestone,"Chairman, Limestone County Commission",,REP,Scott Craig,1615
Limestone,Commissioner of Agriculture and Industries,,REP,Christina Woerner McInnis,3263
Limestone,Commissioner of Agriculture and Industries,,REP,Cory Hill,4199
Limestone,Commissioner of Agriculture and Industries,,REP,Jack Williams,2419
Limestone,Governor,,DEM,"Chad ""Chig"" Martin",135
Limestone,Governor,,DEM,Doug Jones,4323
Limestone,Governor,,DEM,Jamel J. Brown,139
Limestone,Governor,,DEM,"Nathan ""Nate"" Mathis",44
Limestone,Governor,,DEM,Will Boyd,837
Limestone,Governor,,DEM,Yolanda Rochelle Flowers,360
Limestone,Governor,,REP,"""Alabama"" Will Santivasci",628
Limestone,Governor,,REP,Ken McFeeters,1234
Limestone,Governor,,REP,Thomas Tuberville,9215
Limestone,Lieutenant Governor,,DEM,Darryl D. Perryman,2155
Limestone,Lieutenant Governor,,DEM,Phillip Ensler,3374
Limestone,Lieutenant Governor,,REP,George Childress,167
Limestone,Lieutenant Governor,,REP,John Wahl,5231
Limestone,Lieutenant Governor,,REP,Nicole Jones Wadsworth,579
Limestone,Lieutenant Governor,,REP,Pat Bishop,282
Limestone,Lieutenant Governor,,REP,Rick Pate,414
Limestone,Lieutenant Governor,,REP,Stewart Hill Tankersley,185
Limestone,Lieutenant Governor,,REP,Wes Allen,4129
Limestone,"Member, Limestone County Commission, District 1",,REP,Bill Boldin,497
Limestone,"Member, Limestone County Commission, District 1",,REP,David Ruf,2094
Limestone,"Member, Limestone County Commission, District 1",,REP,Steve Garner,553
Limestone,"Public Service Commission, Place No. 1",,REP,Jeremy H. Oden,2826
Limestone,"Public Service Commission, Place No. 1",,REP,Matt Gentry,6812
Limestone,"Public Service Commission, Place No. 2",,REP,Brent Woodall,1974
Limestone,"Public Service Commission, Place No. 2",,REP,Chris Beeker,2423
Limestone,"Public Service Commission, Place No. 2",,REP,Jim Zig Zeigler,4143
Limestone,"Public Service Commission, Place No. 2",,REP,Priscilla Andrews,1185
Limestone,"Public Service Commissioner, Place 1",,DEM,James O. Gordon,2834
Limestone,"Public Service Commissioner, Place 1",,DEM,Jeff Ramsey,1612
Limestone,"Public Service Commissioner, Place 1",,DEM,John Northrop,906
Limestone,Secretary of State,,REP,Caroleene Dobson,6319
Limestone,Secretary of State,,REP,Christopher Christian Horn,2438
Limestone,Secretary of State,,REP,Glenda S. Jackson,1151
Limestone,State Auditor,,REP,Andrew Sorrell,7337
Limestone,State Auditor,,REP,Derek Chen,2855
Limestone,State Board of Education,8,REP,Connie Spears,1907
Limestone,State Board of Education,8,REP,Emily Jones,3929
Limestone,State Board of Education,8,REP,William Matthews,3837
Limestone,State Democratic Executive Committee,,DEM,Benard Simelton,468
Limestone,State Democratic Executive Committee,,DEM,Bobby J. Pride,308
Limestone,State Democratic Executive Committee,,DEM,Bryan A. Lorge,781
Limestone,State Democratic Executive Committee,,DEM,Carl Fallin,118
Limestone,State Democratic Executive Committee,,DEM,Caroline Self,203
Limestone,State Democratic Executive Committee,,DEM,Eddgra Hill Fallin,111
Limestone,State Democratic Executive Committee,,DEM,Guy Sotomayor,279
Limestone,State Democratic Executive Committee,,DEM,Janet Hunt,873
Limestone,State Democratic Executive Committee,,DEM,Joseph Rucker,137
Limestone,State Democratic Executive Committee,,DEM,Mike Bailey,2009
Limestone,State Democratic Executive Committee,,DEM,Rick Pressnell,278
Limestone,State Democratic Executive Committee,,DEM,Sharon Johnson King,393
Limestone,State Democratic Executive Committee,,DEM,Shirley Harvell Fletcher,1944
Limestone,State Democratic Executive Committee,,DEM,Wyndie Meyer,145
Limestone,State House,25,DEM,Allison T Montgomery,171
Limestone,State House,25,DEM,Damon Eubanks,91
Limestone,"State Republican Executive Committee, Limestone County, Place 1",,REP,Elizabeth Stewart,1462
Limestone,"State Republican Executive Committee, Limestone County, Place 1",,REP,Johnny Turner,5255
Limestone,"State Republican Executive Committee, Limestone County, Place 1",,REP,Martha C. Fisher,675
Limestone,"State Republican Executive Committee, Limestone County, Place 1",,REP,Michael S. Shelton,1481
Limestone,"State Republican Executive Committee, Limestone County, Place 1",,REP,Rosemary Stainbrook,521
Limestone,"State Republican Executive Committee, Limestone County, Place 2",,REP,Helen V Thompson,1890
Limestone,"State Republican Executive Committee, Limestone County, Place 2",,REP,Mark McEathron,1885
Limestone,"State Republican Executive Committee, Limestone County, Place 2",,REP,Wayne Reynolds,5046
Limestone,"State Republican Executive Committee, Limestone County, Place 3",,REP,Ben Harrison,7838
Limestone,"State Republican Executive Committee, Limestone County, Place 3",,REP,Jeriel Jammullamudy,1447
Limestone,"State Republican Executive Committee, Limestone County, Place 4",,REP,John Lee Sparks,4459
Limestone,"State Republican Executive Committee, Limestone County, Place 4",,REP,Sheila Banister,3908
Limestone,State Senate,2,DEM,Alex House,405
Limestone,State Senate,2,DEM,Guy Sotomayor,328
Limestone,State Senate,2,DEM,Rudolph Valentino Drake,387
Limestone,State Treasurer,,REP,Steve Lolley,3301
Limestone,State Treasurer,,REP,Young Boozer,6837
Limestone,U.S. House,5,DEM,Andrew Sneed,1824
Limestone,U.S. House,5,DEM,Candice Dollar Duvieilh,2127
Limestone,U.S. House,5,DEM,Jeremy Devito,1625
Limestone,U.S. Senate,,DEM,Dakarai Larriett,1981
Limestone,U.S. Senate,,DEM,Everett Wess,1811
Limestone,U.S. Senate,,DEM,Kyle Sweetser,751
Limestone,U.S. Senate,,DEM,Mark S. Wheeler II,1041
Limestone,U.S. Senate,,REP,Barry Moore,4292
Limestone,U.S. Senate,,REP,Dale Shelton Deas Jr.,294
Limestone,U.S. Senate,,REP,Jared Hudson,2917
Limestone,U.S. Senate,,REP,Morgan Murphy,117
Limestone,U.S. Senate,,REP,Rodney Walker,297
Limestone,U.S. Senate,,REP,Seth Burton,511
Limestone,U.S. Senate,,REP,Steve Marshall,2504
Lowndes,Attorney General,,REP,Jay Mitchell,143
Lowndes,Attorney General,,REP,Katherine Robertson,260
Lowndes,Attorney General,,REP,Pamela L. Casey,121
Lowndes,Commissioner of Agriculture and Industries,,REP,Christina Woerner McInnis,173
Lowndes,Commissioner of Agriculture and Industries,,REP,Cory Hill,176
Lowndes,Commissioner of Agriculture and Industries,,REP,Jack Williams,153
Lowndes,Governor,,DEM,"Chad ""Chig"" Martin",37
Lowndes,Governor,,DEM,Doug Jones,1986
Lowndes,Governor,,DEM,Jamel J. Brown,266
Lowndes,Governor,,DEM,"Nathan ""Nate"" Mathis",34
Lowndes,Governor,,DEM,Will Boyd,202
Lowndes,Governor,,DEM,Yolanda Rochelle Flowers,79
Lowndes,Governor,,REP,"""Alabama"" Will Santivasci",12
Lowndes,Governor,,REP,Ken McFeeters,20
Lowndes,Governor,,REP,Thomas Tuberville,502
Lowndes,Lieutenant Governor,,DEM,Darryl D. Perryman,968
Lowndes,Lieutenant Governor,,DEM,Phillip Ensler,1350
Lowndes,Lieutenant Governor,,REP,George Childress,5
Lowndes,Lieutenant Governor,,REP,John Wahl,79
Lowndes,Lieutenant Governor,,REP,Nicole Jones Wadsworth,7
Lowndes,Lieutenant Governor,,REP,Pat Bishop,5
Lowndes,Lieutenant Governor,,REP,Rick Pate,287
Lowndes,Lieutenant Governor,,REP,Stewart Hill Tankersley,21
Lowndes,Lieutenant Governor,,REP,Wes Allen,140
Lowndes,"Public Service Commission, Place No. 1",,REP,Jeremy H. Oden,120
Lowndes,"Public Service Commission, Place No. 1",,REP,Matt Gentry,354
Lowndes,"Public Service Commission, Place No. 2",,REP,Brent Woodall,89
Lowndes,"Public Service Commission, Place No. 2",,REP,Chris Beeker,114
Lowndes,"Public Service Commission, Place No. 2",,REP,Jim Zig Zeigler,238
Lowndes,"Public Service Commission, Place No. 2",,REP,Priscilla Andrews,50
Lowndes,"Public Service Commissioner, Place 1",,DEM,James O. Gordon,1632
Lowndes,"Public Service Commissioner, Place 1",,DEM,Jeff Ramsey,304
Lowndes,"Public Service Commissioner, Place 1",,DEM,John Northrop,185
Lowndes,Secretary of State,,REP,Caroleene Dobson,401
Lowndes,Secretary of State,,REP,Christopher Christian Horn,76
Lowndes,Secretary of State,,REP,Glenda S. Jackson,28
Lowndes,State Auditor,,REP,Andrew Sorrell,325
Lowndes,State Auditor,,REP,Derek Chen,176
Lowndes,State House,69,DEM,Kelvin J Lawrence,2146
Lowndes,State House,69,DEM,Marshae R. Madison,496
Lowndes,State Treasurer,,REP,Steve Lolley,96
Lowndes,State Treasurer,,REP,Young Boozer,423
Lowndes,U.S. Senate,,DEM,Dakarai Larriett,421
Lowndes,U.S. Senate,,DEM,Everett Wess,1138
Lowndes,U.S. Senate,,DEM,Kyle Sweetser,274
Lowndes,U.S. Senate,,DEM,Mark S. Wheeler II,347
Lowndes,U.S. Senate,,REP,Barry Moore,215
Lowndes,U.S. Senate,,REP,Dale Shelton Deas Jr.,8
Lowndes,U.S. Senate,,REP,Jared Hudson,92
Lowndes,U.S. Senate,,REP,Morgan Murphy,5
Lowndes,U.S. Senate,,REP,Rodney Walker,11
Lowndes,U.S. Senate,,REP,Seth Burton,12
Lowndes,U.S. Senate,,REP,Steve Marshall,199
Macon,Attorney General,,REP,Jay Mitchell,153
Macon,Attorney General,,REP,Katherine Robertson,184
Macon,Attorney General,,REP,Pamela L. Casey,79
Macon,Commissioner of Agriculture and Industries,,REP,Christina Woerner McInnis,124
Macon,Commissioner of Agriculture and Industries,,REP,Cory Hill,178
Macon,Commissioner of Agriculture and Industries,,REP,Jack Williams,94
Macon,Governor,,DEM,"Chad ""Chig"" Martin",88
Macon,Governor,,DEM,Doug Jones,2824
Macon,Governor,,DEM,Jamel J. Brown,524
Macon,Governor,,DEM,"Nathan ""Nate"" Mathis",60
Macon,Governor,,DEM,Will Boyd,491
Macon,Governor,,DEM,Yolanda Rochelle Flowers,320
Macon,Governor,,REP,"""Alabama"" Will Santivasci",17
Macon,Governor,,REP,Ken McFeeters,23
Macon,Governor,,REP,Thomas Tuberville,387
Macon,Lieutenant Governor,,DEM,Darryl D. Perryman,2304
Macon,Lieutenant Governor,,DEM,Phillip Ensler,1623
Macon,Lieutenant Governor,,REP,George Childress,8
Macon,Lieutenant Governor,,REP,John Wahl,156
Macon,Lieutenant Governor,,REP,Nicole Jones Wadsworth,12
Macon,Lieutenant Governor,,REP,Pat Bishop,11
Macon,Lieutenant Governor,,REP,Rick Pate,48
Macon,Lieutenant Governor,,REP,Stewart Hill Tankersley,23
Macon,Lieutenant Governor,,REP,Wes Allen,163
Macon,"Public Service Commission, Place No. 1",,REP,Jeremy H. Oden,100
Macon,"Public Service Commission, Place No. 1",,REP,Matt Gentry,284
Macon,"Public Service Commission, Place No. 2",,REP,Brent Woodall,82
Macon,"Public Service Commission, Place No. 2",,REP,Chris Beeker,104
Macon,"Public Service Commission, Place No. 2",,REP,Jim Zig Zeigler,172
Macon,"Public Service Commission, Place No. 2",,REP,Priscilla Andrews,37
Macon,"Public Service Commissioner, Place 1",,DEM,James O. Gordon,2162
Macon,"Public Service Commissioner, Place 1",,DEM,Jeff Ramsey,886
Macon,"Public Service Commissioner, Place 1",,DEM,John Northrop,621
Macon,Secretary of State,,REP,Caroleene Dobson,318
Macon,Secretary of State,,REP,Christopher Christian Horn,55
Macon,Secretary of State,,REP,Glenda S. Jackson,36
Macon,State Auditor,,REP,Andrew Sorrell,225
Macon,State Auditor,,REP,Derek Chen,168
Macon,State Democratic Executive Committee,,DEM,Jacquelyn Carlisle,3429
Macon,State Democratic Executive Committee,,DEM,Kennedie Clinton,523
Macon,State House,82,DEM,Jamie Lowe,251
Macon,State House,82,DEM,Pebblin W. Warren,2081
Macon,State House,82,DEM,"Sidney ""Doc"" Brown",1102
Macon,State House,82,DEM,Terrence K. Johnson,927
Macon,State Treasurer,,REP,Steve Lolley,101
Macon,State Treasurer,,REP,Young Boozer,311
Macon,U.S. Senate,,DEM,Dakarai Larriett,1183
Macon,U.S. Senate,,DEM,Everett Wess,1343
Macon,U.S. Senate,,DEM,Kyle Sweetser,465
Macon,U.S. Senate,,DEM,Mark S. Wheeler II,857
Macon,U.S. Senate,,REP,Barry Moore,185
Macon,U.S. Senate,,REP,Dale Shelton Deas Jr.,3
Macon,U.S. Senate,,REP,Jared Hudson,81
Macon,U.S. Senate,,REP,Morgan Murphy,4
Macon,U.S. Senate,,REP,Rodney Walker,14
Macon,U.S. Senate,,REP,Seth Burton,8
Macon,U.S. Senate,,REP,Steve Marshall,127
Madison,Attorney General,,REP,Jay Mitchell,9106
Madison,Attorney General,,REP,Katherine Robertson,13146
Madison,Attorney General,,REP,Pamela L. Casey,7429
Madison,Commissioner of Agriculture and Industries,,REP,Christina Woerner McInnis,10806
Madison,Commissioner of Agriculture and Industries,,REP,Cory Hill,10266
Madison,Commissioner of Agriculture and Industries,,REP,Jack Williams,6236
Madison,"District Court Judge, Madison County, Place 1",,REP,Michael Tewalt,9640
Madison,"District Court Judge, Madison County, Place 1",,REP,Tim Douthit,18114
Madison,Governor,,DEM,"Chad ""Chig"" Martin",568
Madison,Governor,,DEM,Doug Jones,27512
Madison,Governor,,DEM,Jamel J. Brown,779
Madison,Governor,,DEM,"Nathan ""Nate"" Mathis",225
Madison,Governor,,DEM,Will Boyd,3962
Madison,Governor,,DEM,Yolanda Rochelle Flowers,2153
Madison,Governor,,REP,"""Alabama"" Will Santivasci",2365
Madison,Governor,,REP,Ken McFeeters,5010
Madison,Governor,,REP,Thomas Tuberville,23857
Madison,Lieutenant Governor,,DEM,Darryl D. Perryman,12335
Madison,Lieutenant Governor,,DEM,Phillip Ensler,20362
Madison,Lieutenant Governor,,REP,George Childress,852
Madison,Lieutenant Governor,,REP,John Wahl,12450
Madison,Lieutenant Governor,,REP,Nicole Jones Wadsworth,2906
Madison,Lieutenant Governor,,REP,Pat Bishop,1206
Madison,Lieutenant Governor,,REP,Rick Pate,1423
Madison,Lieutenant Governor,,REP,Stewart Hill Tankersley,859
Madison,Lieutenant Governor,,REP,Wes Allen,10873
Madison,"Madison County Republican Executive Committee, District 1, Place 8",,REP,Christopher Drensek,916
Madison,"Madison County Republican Executive Committee, District 1, Place 8",,REP,Donald J Barnes,2819
Madison,"Madison County Republican Executive Committee, District 2, Place 3",,REP,Carol E. Johnson,1743
Madison,"Madison County Republican Executive Committee, District 2, Place 3",,REP,Casey Martin,1638
Madison,"Madison County Republican Executive Committee, District 3, Place 2",,REP,Bree Willbourn,2208
Madison,"Madison County Republican Executive Committee, District 3, Place 2",,REP,Keith Kizer,3053
Madison,"Public Service Commission, Place No. 1",,REP,Jeremy H. Oden,8263
Madison,"Public Service Commission, Place No. 1",,REP,Matt Gentry,18186
Madison,"Public Service Commission, Place No. 2",,REP,Brent Woodall,5122
Madison,"Public Service Commission, Place No. 2",,REP,Chris Beeker,6265
Madison,"Public Service Commission, Place No. 2",,REP,Jim Zig Zeigler,11995
Madison,"Public Service Commission, Place No. 2",,REP,Priscilla Andrews,3648
Madison,"Public Service Commissioner, Place 1",,DEM,James O. Gordon,15263
Madison,"Public Service Commissioner, Place 1",,DEM,Jeff Ramsey,9989
Madison,"Public Service Commissioner, Place 1",,DEM,John Northrop,6103
Madison,Secretary of State,,REP,Caroleene Dobson,18113
Madison,Secretary of State,,REP,Christopher Christian Horn,6407
Madison,Secretary of State,,REP,Glenda S. Jackson,3427
Madison,State Auditor,,REP,Andrew Sorrell,20379
Madison,State Auditor,,REP,Derek Chen,7829
Madison,State Board of Education,8,REP,Connie Spears,7190
Madison,State Board of Education,8,REP,Emily Jones,11055
Madison,State Board of Education,8,REP,William Matthews,8316
Madison,State Democratic Executive Committee,,DEM,Benard Simelton,1854
Madison,State Democratic Executive Committee,,DEM,Blake L. Fleming,1631
Madison,State Democratic Executive Committee,,DEM,Carl Fallin,2117
Madison,State Democratic Executive Committee,,DEM,Cindi Cassis Branham,1704
Madison,State Democratic Executive Committee,,DEM,Eddgra Hill Fallin,1979
Madison,State Democratic Executive Committee,,DEM,Eddie Sherrod,1265
Madison,State Democratic Executive Committee,,DEM,Forrest Satterfield,1769
Madison,State Democratic Executive Committee,,DEM,Guy Sotomayor,1121
Madison,State Democratic Executive Committee,,DEM,James Maxwell Bosley,1777
Madison,State Democratic Executive Committee,,DEM,Jason M. Jones,2632
Madison,State Democratic Executive Committee,,DEM,Joseph Rucker,1933
Madison,State Democratic Executive Committee,,DEM,Martha Lynn Sherrod,1394
Madison,State Democratic Executive Committee,,DEM,Richard Gonel,448
Madison,State Democratic Executive Committee,,DEM,Tom Ryan,1716
Madison,State Democratic Executive Committee,,DEM,Wyndie Meyer,2132
Madison,State House,20,REP,James Lomax,4472
Madison,State House,20,REP,Mo Brooks,2897
Madison,State House,25,DEM,Allison T Montgomery,2862
Madison,State House,25,DEM,Damon Eubanks,1355
Madison,"State Republican Executive Committee, District 1, Place 1",,REP,Gerald Alvis,1345
Madison,"State Republican Executive Committee, District 1, Place 1",,REP,Walt Hennessee,2544
Madison,"State Republican Executive Committee, District 2, Place 1",,REP,"Charles ""Chet"" Trupp",1053
Madison,"State Republican Executive Committee, District 2, Place 1",,REP,Charles B. Nailer,1127
Madison,"State Republican Executive Committee, District 2, Place 1",,REP,Timothy J Courson,1066
Madison,"State Republican Executive Committee, District 3, Place 3",,REP,Brad Taylor,3077
Madison,"State Republican Executive Committee, District 3, Place 3",,REP,Stephanie A Miles,2182
Madison,"State Republican Executive Committee, District 5, Place 2",,REP,Frances Taylor,2101
Madison,"State Republican Executive Committee, District 5, Place 2",,REP,Shannon Matthew Moore,2620
Madison,"State Republican Executive Committee, Districts 4 & 6, Place 2",,REP,Shannon Dempsey,2473
Madison,"State Republican Executive Committee, Districts 4 & 6, Place 2",,REP,Sydney Dean,2207
Madison,State Senate,2,DEM,Alex House,4229
Madison,State Senate,2,DEM,Guy Sotomayor,3694
Madison,State Senate,2,DEM,Rudolph Valentino Drake,4569
Madison,State Treasurer,,REP,Steve Lolley,7806
Madison,State Treasurer,,REP,Young Boozer,20936
Madison,U.S. House,5,DEM,Andrew Sneed,14548
Madison,U.S. House,5,DEM,Candice Dollar Duvieilh,11927
Madison,U.S. House,5,DEM,Jeremy Devito,7301
Madison,U.S. Senate,,DEM,Dakarai Larriett,12041
Madison,U.S. Senate,,DEM,Everett Wess,10153
Madison,U.S. Senate,,DEM,Kyle Sweetser,4520
Madison,U.S. Senate,,DEM,Mark S. Wheeler II,6558
Madison,U.S. Senate,,REP,Barry Moore,10584
Madison,U.S. Senate,,REP,Dale Shelton Deas Jr.,1086
Madison,U.S. Senate,,REP,Jared Hudson,6796
Madison,U.S. Senate,,REP,Morgan Murphy,470
Madison,U.S. Senate,,REP,Rodney Walker,1058
Madison,U.S. Senate,,REP,Seth Burton,2750
Madison,U.S. Senate,,REP,Steve Marshall,8114
Marengo,Attorney General,,REP,Jay Mitchell,325
Marengo,Attorney General,,REP,Katherine Robertson,389
Marengo,Attorney General,,REP,Pamela L. Casey,141
Marengo,Commissioner of Agriculture and Industries,,REP,Christina Woerner McInnis,286
Marengo,Commissioner of Agriculture and Industries,,REP,Cory Hill,327
Marengo,Commissioner of Agriculture and Industries,,REP,Jack Williams,184
Marengo,Governor,,DEM,"Chad ""Chig"" Martin",137
Marengo,Governor,,DEM,Doug Jones,2765
Marengo,Governor,,DEM,Jamel J. Brown,296
Marengo,Governor,,DEM,"Nathan ""Nate"" Mathis",68
Marengo,Governor,,DEM,Will Boyd,303
Marengo,Governor,,DEM,Yolanda Rochelle Flowers,109
Marengo,Governor,,REP,"""Alabama"" Will Santivasci",26
Marengo,Governor,,REP,Ken McFeeters,45
Marengo,Governor,,REP,Thomas Tuberville,843
Marengo,Lieutenant Governor,,DEM,Darryl D. Perryman,1259
Marengo,Lieutenant Governor,,DEM,Phillip Ensler,2178
Marengo,Lieutenant Governor,,REP,George Childress,26
Marengo,Lieutenant Governor,,REP,John Wahl,293
Marengo,Lieutenant Governor,,REP,Nicole Jones Wadsworth,42
Marengo,Lieutenant Governor,,REP,Pat Bishop,35
Marengo,Lieutenant Governor,,REP,Rick Pate,73
Marengo,Lieutenant Governor,,REP,Stewart Hill Tankersley,18
Marengo,Lieutenant Governor,,REP,Wes Allen,370
Marengo,"Public Service Commission, Place No. 1",,REP,Jeremy H. Oden,178
Marengo,"Public Service Commission, Place No. 1",,REP,Matt Gentry,611
Marengo,"Public Service Commission, Place No. 2",,REP,Brent Woodall,114
Marengo,"Public Service Commission, Place No. 2",,REP,Chris Beeker,285
Marengo,"Public Service Commission, Place No. 2",,REP,Jim Zig Zeigler,354
Marengo,"Public Service Commission, Place No. 2",,REP,Priscilla Andrews,64
Marengo,"Public Service Commissioner, Place 1",,DEM,James O. Gordon,2244
Marengo,"Public Service Commissioner, Place 1",,DEM,Jeff Ramsey,734
Marengo,"Public Service Commissioner, Place 1",,DEM,John Northrop,349
Marengo,Secretary of State,,REP,Caroleene Dobson,552
Marengo,Secretary of State,,REP,Christopher Christian Horn,194
Marengo,Secretary of State,,REP,Glenda S. Jackson,49
Marengo,State Auditor,,REP,Andrew Sorrell,506
Marengo,State Auditor,,REP,Derek Chen,305
Marengo,State Treasurer,,REP,Steve Lolley,295
Marengo,State Treasurer,,REP,Young Boozer,523
Marengo,U.S. Senate,,DEM,Dakarai Larriett,448
Marengo,U.S. Senate,,DEM,Everett Wess,2030
Marengo,U.S. Senate,,DEM,Kyle Sweetser,275
Marengo,U.S. Senate,,DEM,Mark S. Wheeler II,619
Marengo,U.S. Senate,,REP,Barry Moore,330
Marengo,U.S. Senate,,REP,Dale Shelton Deas Jr.,22
Marengo,U.S. Senate,,REP,Jared Hudson,348
Marengo,U.S. Senate,,REP,Morgan Murphy,6
Marengo,U.S. Senate,,REP,Rodney Walker,19
Marengo,U.S. Senate,,REP,Seth Burton,19
Marengo,U.S. Senate,,REP,Steve Marshall,154
Marion,Attorney General,,REP,Jay Mitchell,1588
Marion,Attorney General,,REP,Katherine Robertson,1533
Marion,Attorney General,,REP,Pamela L. Casey,1269
Marion,Commissioner of Agriculture and Industries,,REP,Christina Woerner McInnis,1152
Marion,Commissioner of Agriculture and Industries,,REP,Cory Hill,1230
Marion,Commissioner of Agriculture and Industries,,REP,Jack Williams,1783
Marion,Governor,,DEM,"Chad ""Chig"" Martin",21
Marion,Governor,,DEM,Doug Jones,229
Marion,Governor,,DEM,Jamel J. Brown,6
Marion,Governor,,DEM,"Nathan ""Nate"" Mathis",4
Marion,Governor,,DEM,Will Boyd,57
Marion,Governor,,DEM,Yolanda Rochelle Flowers,21
Marion,Governor,,REP,"""Alabama"" Will Santivasci",175
Marion,Governor,,REP,Ken McFeeters,352
Marion,Governor,,REP,Thomas Tuberville,4152
Marion,Lieutenant Governor,,DEM,Darryl D. Perryman,152
Marion,Lieutenant Governor,,DEM,Phillip Ensler,162
Marion,Lieutenant Governor,,REP,George Childress,98
Marion,Lieutenant Governor,,REP,John Wahl,2030
Marion,Lieutenant Governor,,REP,Nicole Jones Wadsworth,317
Marion,Lieutenant Governor,,REP,Pat Bishop,137
Marion,Lieutenant Governor,,REP,Rick Pate,320
Marion,Lieutenant Governor,,REP,Stewart Hill Tankersley,59
Marion,Lieutenant Governor,,REP,Wes Allen,1517
Marion,"Marion County Commission, District 1",,REP,Billy Earnest,260
Marion,"Marion County Commission, District 1",,REP,Jason W. Taylor,390
Marion,"Marion County Commission, District 1",,REP,Keith Nichols,465
Marion,"Public Service Commission, Place No. 1",,REP,Jeremy H. Oden,1045
Marion,"Public Service Commission, Place No. 1",,REP,Matt Gentry,3079
Marion,"Public Service Commission, Place No. 2",,REP,Brent Woodall,773
Marion,"Public Service Commission, Place No. 2",,REP,Chris Beeker,1155
Marion,"Public Service Commission, Place No. 2",,REP,Jim Zig Zeigler,1751
Marion,"Public Service Commission, Place No. 2",,REP,Priscilla Andrews,510
Marion,"Public Service Commissioner, Place 1",,DEM,James O. Gordon,115
Marion,"Public Service Commissioner, Place 1",,DEM,Jeff Ramsey,131
Marion,"Public Service Commissioner, Place 1",,DEM,John Northrop,68
Marion,Secretary of State,,REP,Caroleene Dobson,2245
Marion,Secretary of State,,REP,Christopher Christian Horn,1044
Marion,Secretary of State,,REP,Glenda S. Jackson,834
Marion,State Auditor,,REP,Andrew Sorrell,3085
Marion,State Auditor,,REP,Derek Chen,1166
Marion,State House,17,REP,Kevin Bradford,1111
Marion,State House,17,REP,Michael Beck,954
Marion,State House,17,REP,Phil Segraves,2649
Marion,State Senate,4,REP,Garlan Gudger,3403
Marion,State Senate,4,REP,J.R. Bowling,1100
Marion,State Treasurer,,REP,Steve Lolley,2526
Marion,State Treasurer,,REP,Young Boozer,1937
Marion,U.S. House,4,DEM,Amanda N. Pusczek,180
Marion,U.S. House,4,DEM,Shane Weaver,135
Marion,U.S. House,4,REP,Robert B. Aderholt,3710
Marion,U.S. House,4,REP,Tommy Barnes,961
Marion,U.S. Senate,,DEM,Dakarai Larriett,80
Marion,U.S. Senate,,DEM,Everett Wess,98
Marion,U.S. Senate,,DEM,Kyle Sweetser,59
Marion,U.S. Senate,,DEM,Mark S. Wheeler II,82
Marion,U.S. Senate,,REP,Barry Moore,1684
Marion,U.S. Senate,,REP,Dale Shelton Deas Jr.,87
Marion,U.S. Senate,,REP,Jared Hudson,1131
Marion,U.S. Senate,,REP,Morgan Murphy,64
Marion,U.S. Senate,,REP,Rodney Walker,144
Marion,U.S. Senate,,REP,Seth Burton,100
Marion,U.S. Senate,,REP,Steve Marshall,1282
Marshall,Attorney General,,REP,Jay Mitchell,3546
Marshall,Attorney General,,REP,Katherine Robertson,4509
Marshall,Attorney General,,REP,Pamela L. Casey,3256
Marshall,Commissioner of Agriculture and Industries,,REP,Christina Woerner McInnis,2061
Marshall,Commissioner of Agriculture and Industries,,REP,Cory Hill,7322
Marshall,Commissioner of Agriculture and Industries,,REP,Jack Williams,1660
Marshall,Governor,,DEM,"Chad ""Chig"" Martin",131
Marshall,Governor,,DEM,Doug Jones,1055
Marshall,Governor,,DEM,Jamel J. Brown,24
Marshall,Governor,,DEM,"Nathan ""Nate"" Mathis",11
Marshall,Governor,,DEM,Will Boyd,207
Marshall,Governor,,DEM,Yolanda Rochelle Flowers,58
Marshall,Governor,,REP,"""Alabama"" Will Santivasci",604
Marshall,Governor,,REP,Ken McFeeters,1108
Marshall,Governor,,REP,Thomas Tuberville,10197
Marshall,Lieutenant Governor,,DEM,Darryl D. Perryman,469
Marshall,Lieutenant Governor,,DEM,Phillip Ensler,913
Marshall,Lieutenant Governor,,REP,George Childress,181
Marshall,Lieutenant Governor,,REP,John Wahl,3771
Marshall,Lieutenant Governor,,REP,Nicole Jones Wadsworth,511
Marshall,Lieutenant Governor,,REP,Pat Bishop,275
Marshall,Lieutenant Governor,,REP,Rick Pate,607
Marshall,Lieutenant Governor,,REP,Stewart Hill Tankersley,227
Marshall,Lieutenant Governor,,REP,Wes Allen,5940
Marshall,Marshall County Coroner,,REP,Holly League,2480
Marshall,Marshall County Coroner,,REP,Mike McCormack,8131
Marshall,Marshall County Revenue Commissioner,,REP,Cody Nugent,3514
Marshall,Marshall County Revenue Commissioner,,REP,Michael Johnson,4495
Marshall,Marshall County Revenue Commissioner,,REP,Noah Craig Campbell,3228
Marshall,"Member, Marshall County Board of Education, at large",,REP,Bill Hancock,2613
Marshall,"Member, Marshall County Board of Education, at large",,REP,Brandon Evans,2873
Marshall,"Member, Marshall County Board of Education, at large",,REP,Truman Milner,699
Marshall,"Member, Marshall County Commission, District 1",,REP,Charles Whisenant,1999
Marshall,"Member, Marshall County Commission, District 1",,REP,Larry Bodine,1022
Marshall,"Member, Marshall County Commission, District 4",,REP,Jeff Hall,452
Marshall,"Member, Marshall County Commission, District 4",,REP,Joey Baker,1380
Marshall,"Member, Marshall County Commission, District 4",,REP,Kevin Ellis,420
Marshall,"Public Service Commission, Place No. 1",,REP,Jeremy H. Oden,2652
Marshall,"Public Service Commission, Place No. 1",,REP,Matt Gentry,7586
Marshall,"Public Service Commission, Place No. 2",,REP,Brent Woodall,2225
Marshall,"Public Service Commission, Place No. 2",,REP,Chris Beeker,2611
Marshall,"Public Service Commission, Place No. 2",,REP,Jim Zig Zeigler,3927
Marshall,"Public Service Commission, Place No. 2",,REP,Priscilla Andrews,1342
Marshall,"Public Service Commissioner, Place 1",,DEM,James O. Gordon,426
Marshall,"Public Service Commissioner, Place 1",,DEM,Jeff Ramsey,571
Marshall,"Public Service Commissioner, Place 1",,DEM,John Northrop,333
Marshall,Secretary of State,,REP,Caroleene Dobson,6185
Marshall,Secretary of State,,REP,Christopher Christian Horn,2537
Marshall,Secretary of State,,REP,Glenda S. Jackson,1525
Marshall,State Auditor,,REP,Andrew Sorrell,7338
Marshall,State Auditor,,REP,Derek Chen,3126
Marshall,State Board of Education,6,REP,Cathi Bradford,4775
Marshall,State Board of Education,6,REP,Marie Manning,4743
Marshall,"State Republican Executive Committee, Marshall County, Place 1",,REP,Carson M. Butler,3789
Marshall,"State Republican Executive Committee, Marshall County, Place 1",,REP,Cody Nugent,6586
Marshall,"State Republican Executive Committee, Marshall County, Place 2",,REP,Cynthia (Cyd) Watts,2230
Marshall,"State Republican Executive Committee, Marshall County, Place 2",,REP,Phil Sims,8908
Marshall,"State Republican Executive Committee, Marshall County, Place 3",,REP,Melanie L. Goff,4143
Marshall,"State Republican Executive Committee, Marshall County, Place 3",,REP,Seth Weaver,5481
Marshall,"State Republican Executive Committee, Marshall County, Place 4",,REP,Andy Blalock,3501
Marshall,"State Republican Executive Committee, Marshall County, Place 4",,REP,Noah Craig Campbell,6464
Marshall,State Treasurer,,REP,Steve Lolley,3565
Marshall,State Treasurer,,REP,Young Boozer,7051
Marshall,"Superintendent, Marshall County Board of Education",,REP,Cindy Saye Wigley,2610
Marshall,"Superintendent, Marshall County Board of Education",,REP,Clay Webber,3337
Marshall,"Superintendent, Marshall County Board of Education",,REP,Stephanie Gamble Wisener,1221
Marshall,U.S. House,4,DEM,Amanda N. Pusczek,946
Marshall,U.S. House,4,DEM,Shane Weaver,444
Marshall,U.S. House,4,REP,Robert B. Aderholt,9689
Marshall,U.S. House,4,REP,Tommy Barnes,2066
Marshall,U.S. Senate,,DEM,Dakarai Larriett,444
Marshall,U.S. Senate,,DEM,Everett Wess,216
Marshall,U.S. Senate,,DEM,Kyle Sweetser,360
Marshall,U.S. Senate,,DEM,Mark S. Wheeler II,378
Marshall,U.S. Senate,,REP,Barry Moore,2135
Marshall,U.S. Senate,,REP,Dale Shelton Deas Jr.,125
Marshall,U.S. Senate,,REP,Jared Hudson,2038
Marshall,U.S. Senate,,REP,Morgan Murphy,109
Marshall,U.S. Senate,,REP,Rodney Walker,255
Marshall,U.S. Senate,,REP,Seth Burton,380
Marshall,U.S. Senate,,REP,Steve Marshall,6972
Mobile,Attorney General,,REP,Jay Mitchell,8062
Mobile,Attorney General,,REP,Katherine Robertson,14395
Mobile,Attorney General,,REP,Pamela L. Casey,6596
Mobile,Commissioner of Agriculture and Industries,,REP,Christina Woerner McInnis,11223
Mobile,Commissioner of Agriculture and Industries,,REP,Cory Hill,4488
Mobile,Commissioner of Agriculture and Industries,,REP,Jack Williams,12407
Mobile,Governor,,DEM,"Chad ""Chig"" Martin",365
Mobile,Governor,,DEM,Doug Jones,28618
Mobile,Governor,,DEM,Jamel J. Brown,1118
Mobile,Governor,,DEM,"Nathan ""Nate"" Mathis",214
Mobile,Governor,,DEM,Will Boyd,1557
Mobile,Governor,,DEM,Yolanda Rochelle Flowers,2119
Mobile,Governor,,REP,"""Alabama"" Will Santivasci",1820
Mobile,Governor,,REP,Ken McFeeters,3058
Mobile,Governor,,REP,Thomas Tuberville,26078
Mobile,Lieutenant Governor,,DEM,Darryl D. Perryman,14735
Mobile,Lieutenant Governor,,DEM,Phillip Ensler,17163
Mobile,Lieutenant Governor,,REP,George Childress,775
Mobile,Lieutenant Governor,,REP,John Wahl,14839
Mobile,Lieutenant Governor,,REP,Nicole Jones Wadsworth,2131
Mobile,Lieutenant Governor,,REP,Pat Bishop,864
Mobile,Lieutenant Governor,,REP,Rick Pate,1552
Mobile,Lieutenant Governor,,REP,Stewart Hill Tankersley,634
Mobile,Lieutenant Governor,,REP,Wes Allen,8933
Mobile,Mobile County Sheriff,,REP,Paul Burch,22731
Mobile,Mobile County Sheriff,,REP,Paul Prine,8864
Mobile,"Public Service Commission, Place No. 1",,REP,Jeremy H. Oden,5458
Mobile,"Public Service Commission, Place No. 1",,REP,Matt Gentry,20089
Mobile,"Public Service Commission, Place No. 2",,REP,Brent Woodall,3742
Mobile,"Public Service Commission, Place No. 2",,REP,Chris Beeker,4418
Mobile,"Public Service Commission, Place No. 2",,REP,Jim Zig Zeigler,15232
Mobile,"Public Service Commission, Place No. 2",,REP,Priscilla Andrews,3798
Mobile,"Public Service Commissioner, Place 1",,DEM,James O. Gordon,24025
Mobile,"Public Service Commissioner, Place 1",,DEM,Jeff Ramsey,4770
Mobile,"Public Service Commissioner, Place 1",,DEM,John Northrop,3099
Mobile,Secretary of State,,REP,Caroleene Dobson,21889
Mobile,Secretary of State,,REP,Christopher Christian Horn,4531
Mobile,Secretary of State,,REP,Glenda S. Jackson,2107
Mobile,State Auditor,,REP,Andrew Sorrell,16862
Mobile,State Auditor,,REP,Derek Chen,10332
Mobile,State Democratic Executive Committee,,DEM,Abigail Hurt,598
Mobile,State Democratic Executive Committee,,DEM,Amelia R. Easterling,979
Mobile,State Democratic Executive Committee,,DEM,Ben Harris,4464
Mobile,State Democratic Executive Committee,,DEM,Brandy Crosby,1055
Mobile,State Democratic Executive Committee,,DEM,Bridgette Goode,2322
Mobile,State Democratic Executive Committee,,DEM,Bryan Fuenmayor,821
Mobile,State Democratic Executive Committee,,DEM,Carissa Foster,558
Mobile,State Democratic Executive Committee,,DEM,Charles Holloway,1631
Mobile,State Democratic Executive Committee,,DEM,"Charlie Staten, Jr.",721
Mobile,State Democratic Executive Committee,,DEM,Chris Watson,1931
Mobile,State Democratic Executive Committee,,DEM,Donald Dees,860
Mobile,State Democratic Executive Committee,,DEM,Elaine M. Smith,1430
Mobile,State Democratic Executive Committee,,DEM,Herman Thomas,4606
Mobile,State Democratic Executive Committee,,DEM,Jyl Hughes,1153
Mobile,State Democratic Executive Committee,,DEM,Laura Lyons,895
Mobile,State Democratic Executive Committee,,DEM,Lebarron Longmire,3105
Mobile,State Democratic Executive Committee,,DEM,"Levi Wright, Jr.",2394
Mobile,State Democratic Executive Committee,,DEM,Lillian Jane Thomas,2220
Mobile,State Democratic Executive Committee,,DEM,Mary Morris,2116
Mobile,State Democratic Executive Committee,,DEM,Matthew Rhodes,539
Mobile,State Democratic Executive Committee,,DEM,Maxine Walters,2001
Mobile,State Democratic Executive Committee,,DEM,"Napoleon Bracy, Jr.",5213
Mobile,State Democratic Executive Committee,,DEM,Pamela J. Laffitte,5096
Mobile,State Democratic Executive Committee,,DEM,Rhami Alsadek,699
Mobile,State Democratic Executive Committee,,DEM,Rhyann Chambliss,431
Mobile,State Democratic Executive Committee,,DEM,Robert Long,1185
Mobile,State Democratic Executive Committee,,DEM,Stephanie LaFleur,584
Mobile,State Democratic Executive Committee,,DEM,Tom Holmes,604
Mobile,State Democratic Executive Committee,,DEM,Wilecia Wright,1130
Mobile,State House,97,DEM,Adline C. Clarke,3398
Mobile,State House,97,DEM,Shalela Dowdy,2100
Mobile,State House,99,DEM,Jyl Hughes,513
Mobile,State House,99,DEM,"Levi Wright, Jr.",703
Mobile,State House,99,DEM,Sam Jones,5890
Mobile,State House,101,REP,Chris Pringle,3843
Mobile,State House,101,REP,Tim Manning,623
Mobile,"State Republican Executive Committee, Mobile County, Place 13",,REP,Donnie Brown,10067
Mobile,"State Republican Executive Committee, Mobile County, Place 13",,REP,Melissa Gates,13715
Mobile,"State Republican Executive Committee, Mobile County, Place 3",,REP,Karen J. Hamilton,13625
Mobile,"State Republican Executive Committee, Mobile County, Place 3",,REP,Linda B. Poiroux,9889
Mobile,"State Republican Executive Committee, Mobile County, Place 5",,REP,Angie Jones-Goudreault,4071
Mobile,"State Republican Executive Committee, Mobile County, Place 5",,REP,Mike Dean,17089
Mobile,"State Republican Executive Committee, Mobile County, Place 5",,REP,Teryn L. Colvin,4124
Mobile,"State Republican Executive Committee, Mobile County, Place 7",,REP,Roger McConnell,16279
Mobile,"State Republican Executive Committee, Mobile County, Place 7",,REP,Toni Keener,7582
Mobile,State Senate,22,REP,Greg Albritton,840
Mobile,State Senate,22,REP,Terry L. Waters,692
Mobile,State Senate,34,REP,Doug Harwell,6001
Mobile,State Senate,34,REP,Rusty Glover,7203
Mobile,State Treasurer,,REP,Steve Lolley,7986
Mobile,State Treasurer,,REP,Young Boozer,20355
Mobile,U.S. House,1,REP,Austin Sidwell,483
Mobile,U.S. House,1,REP,James (Jimmy) Dees,718
Mobile,U.S. House,1,REP,James Richardson,260
Mobile,U.S. House,1,REP,Jerry Carl,10666
Mobile,U.S. House,1,REP,John Mills,405
Mobile,U.S. House,1,REP,Joshua McKee,479
Mobile,U.S. House,1,REP,Rhett Maques,1481
Mobile,U.S. Senate,,DEM,Dakarai Larriett,9609
Mobile,U.S. Senate,,DEM,Everett Wess,13641
Mobile,U.S. Senate,,DEM,Kyle Sweetser,3494
Mobile,U.S. Senate,,DEM,Mark S. Wheeler II,4977
Mobile,U.S. Senate,,REP,Barry Moore,14465
Mobile,U.S. Senate,,REP,Dale Shelton Deas Jr.,915
Mobile,U.S. Senate,,REP,Jared Hudson,5250
Mobile,U.S. Senate,,REP,Morgan Murphy,555
Mobile,U.S. Senate,,REP,Rodney Walker,1204
Mobile,U.S. Senate,,REP,Seth Burton,1153
Mobile,U.S. Senate,,REP,Steve Marshall,6039
Monroe,Attorney General,,REP,Jay Mitchell,723
Monroe,Attorney General,,REP,Katherine Robertson,1011
Monroe,Attorney General,,REP,Pamela L. Casey,556
Monroe,Commissioner of Agriculture and Industries,,REP,Christina Woerner McInnis,839
Monroe,Commissioner of Agriculture and Industries,,REP,Cory Hill,666
Monroe,Commissioner of Agriculture and Industries,,REP,Jack Williams,720
Monroe,Governor,,DEM,"Chad ""Chig"" Martin",29
Monroe,Governor,,DEM,Doug Jones,1457
Monroe,Governor,,DEM,Jamel J. Brown,212
Monroe,Governor,,DEM,"Nathan ""Nate"" Mathis",18
Monroe,Governor,,DEM,Will Boyd,210
Monroe,Governor,,DEM,Yolanda Rochelle Flowers,82
Monroe,Governor,,REP,"""Alabama"" Will Santivasci",108
Monroe,Governor,,REP,Ken McFeeters,108
Monroe,Governor,,REP,Thomas Tuberville,2214
Monroe,Lieutenant Governor,,DEM,Darryl D. Perryman,1082
Monroe,Lieutenant Governor,,DEM,Phillip Ensler,853
Monroe,Lieutenant Governor,,REP,George Childress,70
Monroe,Lieutenant Governor,,REP,John Wahl,916
Monroe,Lieutenant Governor,,REP,Nicole Jones Wadsworth,92
Monroe,Lieutenant Governor,,REP,Pat Bishop,93
Monroe,Lieutenant Governor,,REP,Rick Pate,206
Monroe,Lieutenant Governor,,REP,Stewart Hill Tankersley,28
Monroe,Lieutenant Governor,,REP,Wes Allen,933
Monroe,"Member, Monroe County Commission, District 2",,REP,Calvin Casey,193
Monroe,"Member, Monroe County Commission, District 2",,REP,Justin Dean Sawyer,297
Monroe,Monroe County Sheriff,,REP,Brian Hamilton House,1697
Monroe,Monroe County Sheriff,,REP,Jeff Dunn,641
Monroe,"Public Service Commission, Place No. 1",,REP,Jeremy H. Oden,353
Monroe,"Public Service Commission, Place No. 1",,REP,Matt Gentry,1773
Monroe,"Public Service Commission, Place No. 2",,REP,Brent Woodall,397
Monroe,"Public Service Commission, Place No. 2",,REP,Chris Beeker,559
Monroe,"Public Service Commission, Place No. 2",,REP,Jim Zig Zeigler,1022
Monroe,"Public Service Commission, Place No. 2",,REP,Priscilla Andrews,206
Monroe,"Public Service Commissioner, Place 1",,DEM,James O. Gordon,1304
Monroe,"Public Service Commissioner, Place 1",,DEM,Jeff Ramsey,359
Monroe,"Public Service Commissioner, Place 1",,DEM,John Northrop,198
Monroe,Secretary of State,,REP,Caroleene Dobson,2169
Monroe,Secretary of State,,REP,Christopher Christian Horn,164
Monroe,Secretary of State,,REP,Glenda S. Jackson,62
Monroe,State Auditor,,REP,Andrew Sorrell,1329
Monroe,State Auditor,,REP,Derek Chen,895
Monroe,State Treasurer,,REP,Steve Lolley,687
Monroe,State Treasurer,,REP,Young Boozer,1584
Monroe,U.S. Senate,,DEM,Dakarai Larriett,435
Monroe,U.S. Senate,,DEM,Everett Wess,999
Monroe,U.S. Senate,,DEM,Kyle Sweetser,207
Monroe,U.S. Senate,,DEM,Mark S. Wheeler II,239
Monroe,U.S. Senate,,REP,Barry Moore,861
Monroe,U.S. Senate,,REP,Dale Shelton Deas Jr.,59
Monroe,U.S. Senate,,REP,Jared Hudson,440
Monroe,U.S. Senate,,REP,Morgan Murphy,43
Monroe,U.S. Senate,,REP,Rodney Walker,76
Monroe,U.S. Senate,,REP,Seth Burton,88
Monroe,U.S. Senate,,REP,Steve Marshall,783
Montgomery,Attorney General,,REP,Jay Mitchell,4161
Montgomery,Attorney General,,REP,Katherine Robertson,5271
Montgomery,Attorney General,,REP,Pamela L. Casey,2417
Montgomery,Commissioner of Agriculture and Industries,,REP,Christina Woerner McInnis,4431
Montgomery,Commissioner of Agriculture and Industries,,REP,Cory Hill,3467
Montgomery,Commissioner of Agriculture and Industries,,REP,Jack Williams,3178
Montgomery,Governor,,DEM,"Chad ""Chig"" Martin",486
Montgomery,Governor,,DEM,Doug Jones,26472
Montgomery,Governor,,DEM,Jamel J. Brown,2538
Montgomery,Governor,,DEM,"Nathan ""Nate"" Mathis",281
Montgomery,Governor,,DEM,Will Boyd,4015
Montgomery,Governor,,DEM,Yolanda Rochelle Flowers,1745
Montgomery,Governor,,REP,"""Alabama"" Will Santivasci",403
Montgomery,Governor,,REP,Ken McFeeters,1061
Montgomery,Governor,,REP,Thomas Tuberville,10533
Montgomery,Lieutenant Governor,,DEM,Darryl D. Perryman,10873
Montgomery,Lieutenant Governor,,DEM,Phillip Ensler,23741
Montgomery,Lieutenant Governor,,REP,George Childress,135
Montgomery,Lieutenant Governor,,REP,John Wahl,3158
Montgomery,Lieutenant Governor,,REP,Nicole Jones Wadsworth,410
Montgomery,Lieutenant Governor,,REP,Pat Bishop,212
Montgomery,Lieutenant Governor,,REP,Rick Pate,2105
Montgomery,Lieutenant Governor,,REP,Stewart Hill Tankersley,1701
Montgomery,Lieutenant Governor,,REP,Wes Allen,4324
Montgomery,"Member, Montgomery County Board of Education, District 5",,REP,Melissa B. Snowden,1899
Montgomery,"Member, Montgomery County Board of Education, District 5",,REP,Pamela G. Cloud,700
Montgomery,"Public Service Commission, Place No. 1",,REP,Jeremy H. Oden,2904
Montgomery,"Public Service Commission, Place No. 1",,REP,Matt Gentry,7559
Montgomery,"Public Service Commission, Place No. 2",,REP,Brent Woodall,1715
Montgomery,"Public Service Commission, Place No. 2",,REP,Chris Beeker,2504
Montgomery,"Public Service Commission, Place No. 2",,REP,Jim Zig Zeigler,5331
Montgomery,"Public Service Commission, Place No. 2",,REP,Priscilla Andrews,1237
Montgomery,"Public Service Commissioner, Place 1",,DEM,James O. Gordon,22092
Montgomery,"Public Service Commissioner, Place 1",,DEM,Jeff Ramsey,7023
Montgomery,"Public Service Commissioner, Place 1",,DEM,John Northrop,3860
Montgomery,Secretary of State,,REP,Caroleene Dobson,9629
Montgomery,Secretary of State,,REP,Christopher Christian Horn,1374
Montgomery,Secretary of State,,REP,Glenda S. Jackson,654
Montgomery,State Auditor,,REP,Andrew Sorrell,6484
Montgomery,State Auditor,,REP,Derek Chen,4829
Montgomery,State Democratic Executive Committee,,DEM,Brenda DeRamus-Coleman,5473
Montgomery,State Democratic Executive Committee,,DEM,"D'Linell Finley, Sr",3750
Montgomery,State Democratic Executive Committee,,DEM,David S. Barley,736
Montgomery,State Democratic Executive Committee,,DEM,Elanour Graham,637
Montgomery,State Democratic Executive Committee,,DEM,Glenn L. Allen,3374
Montgomery,State Democratic Executive Committee,,DEM,"James R. Lawlor, IV",528
Montgomery,State Democratic Executive Committee,,DEM,James R. Ward,1372
Montgomery,State Democratic Executive Committee,,DEM,Jo Celeste Pettway,934
Montgomery,State Democratic Executive Committee,,DEM,Joe L. Reed,4493
Montgomery,State Democratic Executive Committee,,DEM,Patricia Swayne,1228
Montgomery,State Democratic Executive Committee,,DEM,Willie D. Knight,4503
Montgomery,State Democratic Executive Committee,,DEM,Willie J. Parker,2493
Montgomery,State Democratic Executive Committee,,DEM,"Zack ""Chief"" Buckner",3289
Montgomery,State House,69,DEM,Kelvin J Lawrence,1175
Montgomery,State House,69,DEM,Marshae R. Madison,443
Montgomery,State House,74,DEM,Austin Smith,3346
Montgomery,State House,74,DEM,Jasmyne Crimiel,4052
Montgomery,State House,76,DEM,"Patrice ""Penni"" McClammy",6593
Montgomery,State House,76,DEM,"Terance ""Watchdog"" Dawson",1812
Montgomery,"State Republican Executive Committee, Montgomery County, Place 3",,REP,Greg Pool,4467
Montgomery,"State Republican Executive Committee, Montgomery County, Place 3",,REP,Perry O. Hooper Jr.,6661
Montgomery,"State Republican Executive Committee, Montgomery County, Place 8",,REP,J. Flynn Mozingo,3194
Montgomery,"State Republican Executive Committee, Montgomery County, Place 8",,REP,Tom Parker,7077
Montgomery,"State Republican Executive Committee, Montgomery County, Place 9",,REP,Connie Grier,4697
Montgomery,"State Republican Executive Committee, Montgomery County, Place 9",,REP,George Childress,4594
Montgomery,State Senate,25,DEM,KK Middleton,4441
Montgomery,State Senate,25,DEM,Kirk Hatcher,11892
Montgomery,State Senate,25,DEM,Phadra Carson Foster,5178
Montgomery,State Treasurer,,REP,Steve Lolley,1714
Montgomery,State Treasurer,,REP,Young Boozer,10138
Montgomery,U.S. Senate,,DEM,Dakarai Larriett,9754
Montgomery,U.S. Senate,,DEM,Everett Wess,14630
Montgomery,U.S. Senate,,DEM,Kyle Sweetser,3661
Montgomery,U.S. Senate,,DEM,Mark S. Wheeler II,5493
Montgomery,U.S. Senate,,REP,Barry Moore,5138
Montgomery,U.S. Senate,,REP,Dale Shelton Deas Jr.,182
Montgomery,U.S. Senate,,REP,Jared Hudson,2129
Montgomery,U.S. Senate,,REP,Morgan Murphy,121
Montgomery,U.S. Senate,,REP,Rodney Walker,293
Montgomery,U.S. Senate,,REP,Seth Burton,247
Montgomery,U.S. Senate,,REP,Steve Marshall,3959
Morgan,Attorney General,,REP,Jay Mitchell,5383
Morgan,Attorney General,,REP,Katherine Robertson,5955
Morgan,Attorney General,,REP,Pamela L. Casey,3659
Morgan,Commissioner of Agriculture and Industries,,REP,Christina Woerner McInnis,4194
Morgan,Commissioner of Agriculture and Industries,,REP,Cory Hill,5685
Morgan,Commissioner of Agriculture and Industries,,REP,Jack Williams,4064
Morgan,Governor,,DEM,"Chad ""Chig"" Martin",115
Morgan,Governor,,DEM,Doug Jones,3331
Morgan,Governor,,DEM,Jamel J. Brown,87
Morgan,Governor,,DEM,"Nathan ""Nate"" Mathis",52
Morgan,Governor,,DEM,Will Boyd,542
Morgan,Governor,,DEM,Yolanda Rochelle Flowers,207
Morgan,Governor,,REP,"""Alabama"" Will Santivasci",862
Morgan,Governor,,REP,Ken McFeeters,1639
Morgan,Governor,,REP,Thomas Tuberville,13596
Morgan,Lieutenant Governor,,DEM,Darryl D. Perryman,1437
Morgan,Lieutenant Governor,,DEM,Phillip Ensler,2590
Morgan,Lieutenant Governor,,REP,George Childress,357
Morgan,Lieutenant Governor,,REP,John Wahl,7019
Morgan,Lieutenant Governor,,REP,Nicole Jones Wadsworth,811
Morgan,Lieutenant Governor,,REP,Pat Bishop,429
Morgan,Lieutenant Governor,,REP,Rick Pate,859
Morgan,Lieutenant Governor,,REP,Stewart Hill Tankersley,578
Morgan,Lieutenant Governor,,REP,Wes Allen,5387
Morgan,"Member, Morgan County Board of Education, District 6",,REP,Christ A. Humphries,5345
Morgan,"Member, Morgan County Board of Education, District 6",,REP,Kenny Corder,3223
Morgan,"Member, Morgan County Commission, District 1",,REP,Blake White,6956
Morgan,"Member, Morgan County Commission, District 1",,REP,J.R. (Sonny) Westmoreland,2732
Morgan,"Member, Morgan County Commission, District 1",,REP,Vaughn Goodwin,5167
Morgan,Morgan County Revenue Commissioner,,REP,April Smith Hall,4250
Morgan,Morgan County Revenue Commissioner,,REP,John Holley,6598
Morgan,Morgan County Revenue Commissioner,,REP,Mark McCurry,4393
Morgan,Morgan County Sheriff,,REP,Ana Woodard Franklin,2975
Morgan,Morgan County Sheriff,,REP,Ron W. Puckett,13404
Morgan,"Public Service Commission, Place No. 1",,REP,Jeremy H. Oden,5303
Morgan,"Public Service Commission, Place No. 1",,REP,Matt Gentry,9249
Morgan,"Public Service Commission, Place No. 2",,REP,Brent Woodall,3438
Morgan,"Public Service Commission, Place No. 2",,REP,Chris Beeker,3513
Morgan,"Public Service Commission, Place No. 2",,REP,Jim Zig Zeigler,5472
Morgan,"Public Service Commission, Place No. 2",,REP,Priscilla Andrews,1517
Morgan,"Public Service Commissioner, Place 1",,DEM,James O. Gordon,2024
Morgan,"Public Service Commissioner, Place 1",,DEM,Jeff Ramsey,1231
Morgan,"Public Service Commissioner, Place 1",,DEM,John Northrop,701
Morgan,Secretary of State,,REP,Caroleene Dobson,8251
Morgan,Secretary of State,,REP,Christopher Christian Horn,3624
Morgan,Secretary of State,,REP,Glenda S. Jackson,2097
Morgan,State Auditor,,REP,Andrew Sorrell,10554
Morgan,State Auditor,,REP,Derek Chen,3832
Morgan,State Democratic Executive Committee,,DEM,Brenda Hampton,75
Morgan,State Democratic Executive Committee,,DEM,Debra Nelson,536
Morgan,State Democratic Executive Committee,,DEM,Earnestine Doubek,237
Morgan,State Democratic Executive Committee,,DEM,Julie Sledd Godwin,691
Morgan,State Democratic Executive Committee,,DEM,Marcus Echols,62
Morgan,State Democratic Executive Committee,,DEM,Melvina Taylor Watkins,139
Morgan,State Democratic Executive Committee,,DEM,Mose Jones Jr.,152
Morgan,State Democratic Executive Committee,,DEM,Veronda Sales,1462
Morgan,State House,8,REP,Kevin Davenport,1172
Morgan,State House,8,REP,Patrick Johnson,2323
Morgan,State Treasurer,,REP,Steve Lolley,5399
Morgan,State Treasurer,,REP,Young Boozer,8994
Morgan,"Superintendent, Morgan County Board of Education",,REP,Daniel Gullion,5075
Morgan,"Superintendent, Morgan County Board of Education",,REP,Tracie Turrentine,4070
Morgan,U.S. House,5,DEM,Andrew Sneed,1753
Morgan,U.S. House,5,DEM,Candice Dollar Duvieilh,1560
Morgan,U.S. House,5,DEM,Jeremy Devito,807
Morgan,U.S. Senate,,DEM,Dakarai Larriett,1107
Morgan,U.S. Senate,,DEM,Everett Wess,1375
Morgan,U.S. Senate,,DEM,Kyle Sweetser,675
Morgan,U.S. Senate,,DEM,Mark S. Wheeler II,904
Morgan,U.S. Senate,,REP,Barry Moore,5985
Morgan,U.S. Senate,,REP,Dale Shelton Deas Jr.,321
Morgan,U.S. Senate,,REP,Jared Hudson,4112
Morgan,U.S. Senate,,REP,Morgan Murphy,260
Morgan,U.S. Senate,,REP,Rodney Walker,521
Morgan,U.S. Senate,,REP,Seth Burton,480
Morgan,U.S. Senate,,REP,Steve Marshall,3967
Perry,Attorney General,,REP,Jay Mitchell,111
Perry,Attorney General,,REP,Katherine Robertson,221
Perry,Attorney General,,REP,Pamela L. Casey,73
Perry,Commissioner of Agriculture and Industries,,REP,Christina Woerner McInnis,120
Perry,Commissioner of Agriculture and Industries,,REP,Cory Hill,170
Perry,Commissioner of Agriculture and Industries,,REP,Jack Williams,92
Perry,"For Member, Perry County Commission, District No. 3",,REP,Brett Harrison,187
Perry,"For Member, Perry County Commission, District No. 3",,REP,Katie Crocker Burks,142
Perry,Governor,,DEM,"Chad ""Chig"" Martin",63
Perry,Governor,,DEM,Doug Jones,1951
Perry,Governor,,DEM,Jamel J. Brown,278
Perry,Governor,,DEM,"Nathan ""Nate"" Mathis",35
Perry,Governor,,DEM,Will Boyd,205
Perry,Governor,,DEM,Yolanda Rochelle Flowers,116
Perry,Governor,,REP,"""Alabama"" Will Santivasci",10
Perry,Governor,,REP,Ken McFeeters,18
Perry,Governor,,REP,Thomas Tuberville,403
Perry,Lieutenant Governor,,DEM,Darryl D. Perryman,866
Perry,Lieutenant Governor,,DEM,Phillip Ensler,1360
Perry,Lieutenant Governor,,REP,George Childress,3
Perry,Lieutenant Governor,,REP,John Wahl,119
Perry,Lieutenant Governor,,REP,Nicole Jones Wadsworth,12
Perry,Lieutenant Governor,,REP,Pat Bishop,10
Perry,Lieutenant Governor,,REP,Rick Pate,38
Perry,Lieutenant Governor,,REP,Stewart Hill Tankersley,7
Perry,Lieutenant Governor,,REP,Wes Allen,224
Perry,"Public Service Commission, Place No. 1",,REP,Jeremy H. Oden,88
Perry,"Public Service Commission, Place No. 1",,REP,Matt Gentry,287
Perry,"Public Service Commission, Place No. 2",,REP,Brent Woodall,64
Perry,"Public Service Commission, Place No. 2",,REP,Chris Beeker,116
Perry,"Public Service Commission, Place No. 2",,REP,Jim Zig Zeigler,184
Perry,"Public Service Commission, Place No. 2",,REP,Priscilla Andrews,17
Perry,"Public Service Commissioner, Place 1",,DEM,James O. Gordon,1433
Perry,"Public Service Commissioner, Place 1",,DEM,Jeff Ramsey,461
Perry,"Public Service Commissioner, Place 1",,DEM,John Northrop,239
Perry,Secretary of State,,REP,Caroleene Dobson,283
Perry,Secretary of State,,REP,Christopher Christian Horn,71
Perry,Secretary of State,,REP,Glenda S. Jackson,28
Perry,State Auditor,,REP,Andrew Sorrell,211
Perry,State Auditor,,REP,Derek Chen,173
Perry,State Treasurer,,REP,Steve Lolley,108
Perry,State Treasurer,,REP,Young Boozer,277
Perry,U.S. Senate,,DEM,Dakarai Larriett,386
Perry,U.S. Senate,,DEM,Everett Wess,1210
Perry,U.S. Senate,,DEM,Kyle Sweetser,224
Perry,U.S. Senate,,DEM,Mark S. Wheeler II,335
Perry,U.S. Senate,,REP,Barry Moore,177
Perry,U.S. Senate,,REP,Dale Shelton Deas Jr.,5
Perry,U.S. Senate,,REP,Jared Hudson,81
Perry,U.S. Senate,,REP,Morgan Murphy,2
Perry,U.S. Senate,,REP,Rodney Walker,8
Perry,U.S. Senate,,REP,Seth Burton,14
Perry,U.S. Senate,,REP,Steve Marshall,127
Pickens,Attorney General,,REP,Jay Mitchell,941
Pickens,Attorney General,,REP,Katherine Robertson,1034
Pickens,Attorney General,,REP,Pamela L. Casey,917
Pickens,Commissioner of Agriculture and Industries,,REP,Christina Woerner McInnis,674
Pickens,Commissioner of Agriculture and Industries,,REP,Cory Hill,1123
Pickens,Commissioner of Agriculture and Industries,,REP,Jack Williams,919
Pickens,"District Court Judge, Pickens County",,REP,John Morgan Owens,1887
Pickens,"District Court Judge, Pickens County",,REP,John Russell,1245
Pickens,"For Member, Pickens County Commission, District No. 1",,REP,Lucas Roger Swedenburg,418
Pickens,"For Member, Pickens County Commission, District No. 1",,REP,Nancy Ray,246
Pickens,"For Member, Pickens County Commission, District No. 2",,REP,Drew Elmore,472
Pickens,"For Member, Pickens County Commission, District No. 2",,REP,Rodney K Homan,495
Pickens,"For Member, Pickens County Commission, District No. 3",,REP,Jody McGee,377
Pickens,"For Member, Pickens County Commission, District No. 3",,REP,Lloyd Shirley,316
Pickens,Governor,,DEM,"Chad ""Chig"" Martin",20
Pickens,Governor,,DEM,Doug Jones,1204
Pickens,Governor,,DEM,Jamel J. Brown,119
Pickens,Governor,,DEM,"Nathan ""Nate"" Mathis",24
Pickens,Governor,,DEM,Will Boyd,467
Pickens,Governor,,DEM,Yolanda Rochelle Flowers,89
Pickens,Governor,,REP,"""Alabama"" Will Santivasci",110
Pickens,Governor,,REP,Ken McFeeters,196
Pickens,Governor,,REP,Thomas Tuberville,2741
Pickens,Lieutenant Governor,,DEM,Darryl D. Perryman,595
Pickens,Lieutenant Governor,,DEM,Phillip Ensler,1162
Pickens,Lieutenant Governor,,REP,George Childress,26
Pickens,Lieutenant Governor,,REP,John Wahl,1108
Pickens,Lieutenant Governor,,REP,Nicole Jones Wadsworth,88
Pickens,Lieutenant Governor,,REP,Pat Bishop,58
Pickens,Lieutenant Governor,,REP,Rick Pate,201
Pickens,Lieutenant Governor,,REP,Stewart Hill Tankersley,25
Pickens,Lieutenant Governor,,REP,Wes Allen,1449
Pickens,"Public Service Commission, Place No. 1",,REP,Jeremy H. Oden,568
Pickens,"Public Service Commission, Place No. 1",,REP,Matt Gentry,2134
Pickens,"Public Service Commission, Place No. 2",,REP,Brent Woodall,374
Pickens,"Public Service Commission, Place No. 2",,REP,Chris Beeker,1171
Pickens,"Public Service Commission, Place No. 2",,REP,Jim Zig Zeigler,963
Pickens,"Public Service Commission, Place No. 2",,REP,Priscilla Andrews,241
Pickens,"Public Service Commissioner, Place 1",,DEM,James O. Gordon,1212
Pickens,"Public Service Commissioner, Place 1",,DEM,Jeff Ramsey,309
Pickens,"Public Service Commissioner, Place 1",,DEM,John Northrop,219
Pickens,Secretary of State,,REP,Caroleene Dobson,1706
Pickens,Secretary of State,,REP,Christopher Christian Horn,695
Pickens,Secretary of State,,REP,Glenda S. Jackson,288
Pickens,State Auditor,,REP,Andrew Sorrell,1799
Pickens,State Auditor,,REP,Derek Chen,975
Pickens,State Treasurer,,REP,Steve Lolley,946
Pickens,State Treasurer,,REP,Young Boozer,1849
Pickens,U.S. Senate,,DEM,Dakarai Larriett,333
Pickens,U.S. Senate,,DEM,Everett Wess,928
Pickens,U.S. Senate,,DEM,Kyle Sweetser,224
Pickens,U.S. Senate,,DEM,Mark S. Wheeler II,270
Pickens,U.S. Senate,,REP,Barry Moore,888
Pickens,U.S. Senate,,REP,Dale Shelton Deas Jr.,60
Pickens,U.S. Senate,,REP,Jared Hudson,954
Pickens,U.S. Senate,,REP,Morgan Murphy,40
Pickens,U.S. Senate,,REP,Rodney Walker,102
Pickens,U.S. Senate,,REP,Seth Burton,73
Pickens,U.S. Senate,,REP,Steve Marshall,813
Pike,Attorney General,,REP,Jay Mitchell,946
Pike,Attorney General,,REP,Katherine Robertson,1130
Pike,Attorney General,,REP,Pamela L. Casey,945
Pike,Commissioner of Agriculture and Industries,,REP,Christina Woerner McInnis,704
Pike,Commissioner of Agriculture and Industries,,REP,Cory Hill,1350
Pike,Commissioner of Agriculture and Industries,,REP,Jack Williams,789
Pike,Governor,,DEM,"Chad ""Chig"" Martin",45
Pike,Governor,,DEM,Doug Jones,1711
Pike,Governor,,DEM,Jamel J. Brown,263
Pike,Governor,,DEM,"Nathan ""Nate"" Mathis",26
Pike,Governor,,DEM,Will Boyd,227
Pike,Governor,,DEM,Yolanda Rochelle Flowers,169
Pike,Governor,,REP,"""Alabama"" Will Santivasci",117
Pike,Governor,,REP,Ken McFeeters,175
Pike,Governor,,REP,Thomas Tuberville,2805
Pike,Lieutenant Governor,,DEM,Darryl D. Perryman,1193
Pike,Lieutenant Governor,,DEM,Phillip Ensler,1114
Pike,Lieutenant Governor,,REP,George Childress,13
Pike,Lieutenant Governor,,REP,John Wahl,303
Pike,Lieutenant Governor,,REP,Nicole Jones Wadsworth,34
Pike,Lieutenant Governor,,REP,Pat Bishop,27
Pike,Lieutenant Governor,,REP,Rick Pate,106
Pike,Lieutenant Governor,,REP,Stewart Hill Tankersley,34
Pike,Lieutenant Governor,,REP,Wes Allen,2614
Pike,"Public Service Commission, Place No. 1",,REP,Jeremy H. Oden,817
Pike,"Public Service Commission, Place No. 1",,REP,Matt Gentry,1871
Pike,"Public Service Commission, Place No. 2",,REP,Brent Woodall,437
Pike,"Public Service Commission, Place No. 2",,REP,Chris Beeker,779
Pike,"Public Service Commission, Place No. 2",,REP,Jim Zig Zeigler,1208
Pike,"Public Service Commission, Place No. 2",,REP,Priscilla Andrews,324
Pike,"Public Service Commissioner, Place 1",,DEM,James O. Gordon,1232
Pike,"Public Service Commissioner, Place 1",,DEM,Jeff Ramsey,718
Pike,"Public Service Commissioner, Place 1",,DEM,John Northrop,319
Pike,Secretary of State,,REP,Caroleene Dobson,2532
Pike,Secretary of State,,REP,Christopher Christian Horn,319
Pike,Secretary of State,,REP,Glenda S. Jackson,128
Pike,State Auditor,,REP,Andrew Sorrell,1643
Pike,State Auditor,,REP,Derek Chen,1224
Pike,State Democratic Executive Committee,,DEM,Jesse Kelley,708
Pike,State Democratic Executive Committee,,DEM,Sandra Mobley Scott,1561
Pike,State Treasurer,,REP,Steve Lolley,734
Pike,State Treasurer,,REP,Young Boozer,2217
Pike,U.S. Senate,,DEM,Dakarai Larriett,838
Pike,U.S. Senate,,DEM,Everett Wess,664
Pike,U.S. Senate,,DEM,Kyle Sweetser,236
Pike,U.S. Senate,,DEM,Mark S. Wheeler II,568
Pike,U.S. Senate,,REP,Barry Moore,1762
Pike,U.S. Senate,,REP,Dale Shelton Deas Jr.,27
Pike,U.S. Senate,,REP,Jared Hudson,415
Pike,U.S. Senate,,REP,Morgan Murphy,17
Pike,U.S. Senate,,REP,Rodney Walker,75
Pike,U.S. Senate,,REP,Seth Burton,49
Pike,U.S. Senate,,REP,Steve Marshall,737
Randolph,Attorney General,,REP,Jay Mitchell,1814
Randolph,Attorney General,,REP,Katherine Robertson,1018
Randolph,Attorney General,,REP,Pamela L. Casey,814
Randolph,Commissioner of Agriculture and Industries,,REP,Christina Woerner McInnis,915
Randolph,Commissioner of Agriculture and Industries,,REP,Cory Hill,1470
Randolph,Commissioner of Agriculture and Industries,,REP,Jack Williams,1073
Randolph,Governor,,DEM,"Chad ""Chig"" Martin",13
Randolph,Governor,,DEM,Doug Jones,294
Randolph,Governor,,DEM,Jamel J. Brown,36
Randolph,Governor,,DEM,"Nathan ""Nate"" Mathis",6
Randolph,Governor,,DEM,Will Boyd,59
Randolph,Governor,,DEM,Yolanda Rochelle Flowers,50
Randolph,Governor,,REP,"""Alabama"" Will Santivasci",221
Randolph,Governor,,REP,Ken McFeeters,339
Randolph,Governor,,REP,Thomas Tuberville,3574
Randolph,Lieutenant Governor,,DEM,Darryl D. Perryman,206
Randolph,Lieutenant Governor,,DEM,Phillip Ensler,218
Randolph,Lieutenant Governor,,REP,George Childress,295
Randolph,Lieutenant Governor,,REP,John Wahl,1467
Randolph,Lieutenant Governor,,REP,Nicole Jones Wadsworth,219
Randolph,Lieutenant Governor,,REP,Pat Bishop,174
Randolph,Lieutenant Governor,,REP,Rick Pate,327
Randolph,Lieutenant Governor,,REP,Stewart Hill Tankersley,58
Randolph,Lieutenant Governor,,REP,Wes Allen,1169
Randolph,"Public Service Commission, Place No. 1",,REP,Jeremy H. Oden,761
Randolph,"Public Service Commission, Place No. 1",,REP,Matt Gentry,2518
Randolph,"Public Service Commission, Place No. 2",,REP,Brent Woodall,675
Randolph,"Public Service Commission, Place No. 2",,REP,Chris Beeker,694
Randolph,"Public Service Commission, Place No. 2",,REP,Jim Zig Zeigler,1520
Randolph,"Public Service Commission, Place No. 2",,REP,Priscilla Andrews,480
Randolph,"Public Service Commissioner, Place 1",,DEM,James O. Gordon,196
Randolph,"Public Service Commissioner, Place 1",,DEM,Jeff Ramsey,143
Randolph,"Public Service Commissioner, Place 1",,DEM,John Northrop,83
Randolph,Randolph County Sheriff,,REP,Derek Farr,1676
Randolph,Randolph County Sheriff,,REP,Donnie Grant Jr,2708
Randolph,Secretary of State,,REP,Caroleene Dobson,1574
Randolph,Secretary of State,,REP,Christopher Christian Horn,1128
Randolph,Secretary of State,,REP,Glenda S. Jackson,637
Randolph,State Auditor,,REP,Andrew Sorrell,2295
Randolph,State Auditor,,REP,Derek Chen,1035
Randolph,State House,37,REP,Donna Bailey McKay,1393
Randolph,State House,37,REP,Jeff Monroe,1414
Randolph,State House,37,REP,John Jacobs,1386
Randolph,State Senate,13,REP,Gerald Dial,1767
Randolph,State Senate,13,REP,Randy Price,2271
Randolph,State Treasurer,,REP,Steve Lolley,1554
Randolph,State Treasurer,,REP,Young Boozer,1868
Randolph,U.S. House,3,REP,Mike Rogers,3239
Randolph,U.S. House,3,REP,Terri LaPoint,765
Randolph,U.S. Senate,,DEM,Dakarai Larriett,152
Randolph,U.S. Senate,,DEM,Everett Wess,134
Randolph,U.S. Senate,,DEM,Kyle Sweetser,65
Randolph,U.S. Senate,,DEM,Mark S. Wheeler II,82
Randolph,U.S. Senate,,REP,Barry Moore,1196
Randolph,U.S. Senate,,REP,Dale Shelton Deas Jr.,82
Randolph,U.S. Senate,,REP,Jared Hudson,793
Randolph,U.S. Senate,,REP,Morgan Murphy,105
Randolph,U.S. Senate,,REP,Rodney Walker,1007
Randolph,U.S. Senate,,REP,Seth Burton,173
Randolph,U.S. Senate,,REP,Steve Marshall,537
Russell,Attorney General,,REP,Jay Mitchell,1034
Russell,Attorney General,,REP,Katherine Robertson,515
Russell,Attorney General,,REP,Pamela L. Casey,414
Russell,Commissioner of Agriculture and Industries,,REP,Christina Woerner McInnis,708
Russell,Commissioner of Agriculture and Industries,,REP,Cory Hill,702
Russell,Commissioner of Agriculture and Industries,,REP,Jack Williams,451
Russell,Governor,,DEM,"Chad ""Chig"" Martin",62
Russell,Governor,,DEM,Doug Jones,2269
Russell,Governor,,DEM,Jamel J. Brown,313
Russell,Governor,,DEM,"Nathan ""Nate"" Mathis",94
Russell,Governor,,DEM,Will Boyd,490
Russell,Governor,,DEM,Yolanda Rochelle Flowers,548
Russell,Governor,,REP,"""Alabama"" Will Santivasci",86
Russell,Governor,,REP,Ken McFeeters,136
Russell,Governor,,REP,Thomas Tuberville,1833
Russell,Lieutenant Governor,,DEM,Darryl D. Perryman,2050
Russell,Lieutenant Governor,,DEM,Phillip Ensler,1562
Russell,Lieutenant Governor,,REP,George Childress,50
Russell,Lieutenant Governor,,REP,John Wahl,1063
Russell,Lieutenant Governor,,REP,Nicole Jones Wadsworth,125
Russell,Lieutenant Governor,,REP,Pat Bishop,118
Russell,Lieutenant Governor,,REP,Rick Pate,140
Russell,Lieutenant Governor,,REP,Stewart Hill Tankersley,38
Russell,Lieutenant Governor,,REP,Wes Allen,450
Russell,"Public Service Commission, Place No. 1",,REP,Jeremy H. Oden,341
Russell,"Public Service Commission, Place No. 1",,REP,Matt Gentry,1511
Russell,"Public Service Commission, Place No. 2",,REP,Brent Woodall,353
Russell,"Public Service Commission, Place No. 2",,REP,Chris Beeker,425
Russell,"Public Service Commission, Place No. 2",,REP,Jim Zig Zeigler,871
Russell,"Public Service Commission, Place No. 2",,REP,Priscilla Andrews,243
Russell,"Public Service Commissioner, Place 1",,DEM,James O. Gordon,2187
Russell,"Public Service Commissioner, Place 1",,DEM,Jeff Ramsey,877
Russell,"Public Service Commissioner, Place 1",,DEM,John Northrop,528
Russell,Secretary of State,,REP,Caroleene Dobson,1271
Russell,Secretary of State,,REP,Christopher Christian Horn,446
Russell,Secretary of State,,REP,Glenda S. Jackson,189
Russell,State Auditor,,REP,Andrew Sorrell,1290
Russell,State Auditor,,REP,Derek Chen,565
Russell,State Democratic Executive Committee,,DEM,Ciara Thomas,1009
Russell,State Democratic Executive Committee,,DEM,Courtney Lane,403
Russell,State Democratic Executive Committee,,DEM,Harriet M Tolbert,879
Russell,State Democratic Executive Committee,,DEM,Jermaine Phillips,799
Russell,State Democratic Executive Committee,,DEM,Patsy B Parker,685
Russell,State Democratic Executive Committee,,DEM,Ralph McKinnon,479
Russell,State House,84,DEM,Berry Forte,726
Russell,State House,84,DEM,Brittani O'Hara-Grant,543
Russell,State Senate,27,REP,Doug Cannon,209
Russell,State Senate,27,REP,Jay Hovey,543
Russell,State Treasurer,,REP,Steve Lolley,717
Russell,State Treasurer,,REP,Young Boozer,1180
Russell,U.S. Senate,,DEM,Dakarai Larriett,1424
Russell,U.S. Senate,,DEM,Everett Wess,1155
Russell,U.S. Senate,,DEM,Kyle Sweetser,359
Russell,U.S. Senate,,DEM,Mark S. Wheeler II,673
Russell,U.S. Senate,,REP,Barry Moore,880
Russell,U.S. Senate,,REP,Dale Shelton Deas Jr.,55
Russell,U.S. Senate,,REP,Jared Hudson,396
Russell,U.S. Senate,,REP,Morgan Murphy,53
Russell,U.S. Senate,,REP,Rodney Walker,103
Russell,U.S. Senate,,REP,Seth Burton,189
Russell,U.S. Senate,,REP,Steve Marshall,292
Shelby,Attorney General,,REP,Jay Mitchell,9210
Shelby,Attorney General,,REP,Katherine Robertson,9535
Shelby,Attorney General,,REP,Pamela L. Casey,5776
Shelby,Commissioner of Agriculture and Industries,,REP,Christina Woerner McInnis,8210
Shelby,Commissioner of Agriculture and Industries,,REP,Cory Hill,7240
Shelby,Commissioner of Agriculture and Industries,,REP,Jack Williams,6963
Shelby,"District Court Judge, Shelby County, Place No. 3",,REP,Ben Fuller,6836
Shelby,"District Court Judge, Shelby County, Place No. 3",,REP,"Jarred ""Jay"" Welborn",7737
Shelby,"District Court Judge, Shelby County, Place No. 3",,REP,Kendall Lee Cash,2738
Shelby,"District Court Judge, Shelby County, Place No. 3",,REP,Mark Wilson,5718
Shelby,Governor,,DEM,"Chad ""Chig"" Martin",147
Shelby,Governor,,DEM,Doug Jones,11054
Shelby,Governor,,DEM,Jamel J. Brown,181
Shelby,Governor,,DEM,"Nathan ""Nate"" Mathis",38
Shelby,Governor,,DEM,Will Boyd,1197
Shelby,Governor,,DEM,Yolanda Rochelle Flowers,467
Shelby,Governor,,REP,"""Alabama"" Will Santivasci",1280
Shelby,Governor,,REP,Ken McFeeters,3017
Shelby,Governor,,REP,Thomas Tuberville,21373
Shelby,Lieutenant Governor,,DEM,Darryl D. Perryman,5429
Shelby,Lieutenant Governor,,DEM,Phillip Ensler,6962
Shelby,Lieutenant Governor,,REP,George Childress,368
Shelby,Lieutenant Governor,,REP,John Wahl,9604
Shelby,Lieutenant Governor,,REP,Nicole Jones Wadsworth,1603
Shelby,Lieutenant Governor,,REP,Pat Bishop,860
Shelby,Lieutenant Governor,,REP,Rick Pate,1722
Shelby,Lieutenant Governor,,REP,Stewart Hill Tankersley,909
Shelby,Lieutenant Governor,,REP,Wes Allen,9693
Shelby,"Public Service Commission, Place No. 1",,REP,Jeremy H. Oden,5387
Shelby,"Public Service Commission, Place No. 1",,REP,Matt Gentry,16560
Shelby,"Public Service Commission, Place No. 2",,REP,Brent Woodall,3858
Shelby,"Public Service Commission, Place No. 2",,REP,Chris Beeker,6664
Shelby,"Public Service Commission, Place No. 2",,REP,Jim Zig Zeigler,9247
Shelby,"Public Service Commission, Place No. 2",,REP,Priscilla Andrews,2582
Shelby,"Public Service Commissioner, Place 1",,DEM,James O. Gordon,5479
Shelby,"Public Service Commissioner, Place 1",,DEM,Jeff Ramsey,4169
Shelby,"Public Service Commissioner, Place 1",,DEM,John Northrop,2485
Shelby,Secretary of State,,REP,Caroleene Dobson,15527
Shelby,Secretary of State,,REP,Christopher Christian Horn,4814
Shelby,Secretary of State,,REP,Glenda S. Jackson,2330
Shelby,"Shelby County Board of Education, Place No 1",,REP,Larry Haynes,6649
Shelby,"Shelby County Board of Education, Place No 1",,REP,Peg Hill,7308
Shelby,Shelby County Property Tax Commissioner,,REP,Demus Copeland,2635
Shelby,Shelby County Property Tax Commissioner,,REP,Jacob Tidmore,18651
Shelby,Shelby Sounty Sheriff,,REP,John Samaniego,17070
Shelby,Shelby Sounty Sheriff,,REP,"Ken ""Chief"" Bailey",7072
Shelby,State Auditor,,REP,Andrew Sorrell,15139
Shelby,State Auditor,,REP,Derek Chen,7952
Shelby,State Democratic Executive Committee,,DEM,Barbara E. Roberts,358
Shelby,State Democratic Executive Committee,,DEM,Donell Lewis,449
Shelby,State Democratic Executive Committee,,DEM,Doug Hoffman,541
Shelby,State Democratic Executive Committee,,DEM,Karen Dunn Burks,482
Shelby,State Democratic Executive Committee,,DEM,Marsha S Sturdevant,1233
Shelby,State Democratic Executive Committee,,DEM,Pam Hendrick,846
Shelby,State Democratic Executive Committee,,DEM,Prince Cleveland,724
Shelby,State Democratic Executive Committee,,DEM,Spencer Stone,518
Shelby,State Democratic Executive Committee,,DEM,Taylor Cook,787
Shelby,State House,45,REP,John Dawson,612
Shelby,State House,45,REP,Susan DuBose,2633
Shelby,State House,48,REP,Jim Carns,371
Shelby,State House,48,REP,Lloyd Peeples,622
Shelby,State House,48,REP,William Wentowski,65
Shelby,"State Republican Executive Committee, Shelby County Place 2",,REP,Demus Copeland,2925
Shelby,"State Republican Executive Committee, Shelby County Place 2",,REP,Paul Garris,6072
Shelby,"State Republican Executive Committee, Shelby County Place 2",,REP,Stephanie Smith,9701
Shelby,"State Republican Executive Committee, Shelby County Place 3",,REP,Alison Sinclair,8071
Shelby,"State Republican Executive Committee, Shelby County Place 3",,REP,Allen Meadows,7005
Shelby,"State Republican Executive Committee, Shelby County Place 3",,REP,Janey Whitney,3369
Shelby,"State Republican Executive Committee, Shelby County Place 7",,REP,Diane Caldwell,9365
Shelby,"State Republican Executive Committee, Shelby County Place 7",,REP,James Mathews,8691
Shelby,"State Republican Executive Committee, Shelby County Place 9",,REP,Bryan Taylor,9330
Shelby,"State Republican Executive Committee, Shelby County Place 9",,REP,Grady Thornton,8592
Shelby,"State Republican Executive Committee, Shleby County Place 6",,REP,Beth Webster,9217
Shelby,"State Republican Executive Committee, Shleby County Place 6",,REP,Gerrick D. Wilkins,5441
Shelby,"State Republican Executive Committee, Shleby County Place 6",,REP,Tereasa G. Rima,3328
Shelby,"State Republican Executive Committee, Shleby County Place 8",,REP,Charles Knight,6632
Shelby,"State Republican Executive Committee, Shleby County Place 8",,REP,Emma White,4923
Shelby,"State Republican Executive Committee, Shleby County Place 8",,REP,Noah Webster,6473
Shelby,State Senate,15,REP,Dan Roberts,4036
Shelby,State Senate,15,REP,Scott Ortis,4202
Shelby,State Senate,16,REP,"J.T. ""Jabo"" Waggoner",2585
Shelby,State Senate,16,REP,Nate Carlson,2549
Shelby,State Treasurer,,REP,Steve Lolley,6718
Shelby,State Treasurer,,REP,Young Boozer,16961
Shelby,"Superintendent, Shelby County Board of Education",,REP,Andrew Gunn,7517
Shelby,"Superintendent, Shelby County Board of Education",,REP,Joel C. Dixon,7152
Shelby,U.S. House,6,REP,Case Dixon,4848
Shelby,U.S. House,6,REP,Gary Palmer,20001
Shelby,U.S. Senate,,DEM,Dakarai Larriett,4786
Shelby,U.S. Senate,,DEM,Everett Wess,3578
Shelby,U.S. Senate,,DEM,Kyle Sweetser,1816
Shelby,U.S. Senate,,DEM,Mark S. Wheeler II,2386
Shelby,U.S. Senate,,REP,Barry Moore,7644
Shelby,U.S. Senate,,REP,Dale Shelton Deas Jr.,530
Shelby,U.S. Senate,,REP,Jared Hudson,9232
Shelby,U.S. Senate,,REP,Morgan Murphy,291
Shelby,U.S. Senate,,REP,Rodney Walker,687
Shelby,U.S. Senate,,REP,Seth Burton,607
Shelby,U.S. Senate,,REP,Steve Marshall,6261
St. Clair,Attorney General,,REP,Jay Mitchell,3381
St. Clair,Attorney General,,REP,Katherine Robertson,4166
St. Clair,Attorney General,,REP,Pamela L. Casey,3081
St. Clair,"Chairman, St Clair County Commission",,REP,David Evans,5347
St. Clair,"Chairman, St Clair County Commission",,REP,Stan Batemon,5275
St. Clair,Commissioner of Agriculture and Industries,,REP,Christina Woerner McInnis,3024
St. Clair,Commissioner of Agriculture and Industries,,REP,Cory Hill,3630
St. Clair,Commissioner of Agriculture and Industries,,REP,Jack Williams,3308
St. Clair,Governor,,DEM,"Chad ""Chig"" Martin",82
St. Clair,Governor,,DEM,Doug Jones,2655
St. Clair,Governor,,DEM,Jamel J. Brown,58
St. Clair,Governor,,DEM,"Nathan ""Nate"" Mathis",17
St. Clair,Governor,,DEM,Will Boyd,329
St. Clair,Governor,,DEM,Yolanda Rochelle Flowers,147
St. Clair,Governor,,REP,"""Alabama"" Will Santivasci",500
St. Clair,Governor,,REP,Ken McFeeters,740
St. Clair,Governor,,REP,Thomas Tuberville,9964
St. Clair,Lieutenant Governor,,DEM,Darryl D. Perryman,1538
St. Clair,Lieutenant Governor,,DEM,Phillip Ensler,1554
St. Clair,Lieutenant Governor,,REP,George Childress,203
St. Clair,Lieutenant Governor,,REP,John Wahl,4544
St. Clair,Lieutenant Governor,,REP,Nicole Jones Wadsworth,490
St. Clair,Lieutenant Governor,,REP,Pat Bishop,445
St. Clair,Lieutenant Governor,,REP,Rick Pate,687
St. Clair,Lieutenant Governor,,REP,Stewart Hill Tankersley,232
St. Clair,Lieutenant Governor,,REP,Wes Allen,4104
St. Clair,"Public Service Commission, Place No. 1",,REP,Jeremy H. Oden,2517
St. Clair,"Public Service Commission, Place No. 1",,REP,Matt Gentry,7472
St. Clair,"Public Service Commission, Place No. 2",,REP,Brent Woodall,1836
St. Clair,"Public Service Commission, Place No. 2",,REP,Chris Beeker,2985
St. Clair,"Public Service Commission, Place No. 2",,REP,Jim Zig Zeigler,3996
St. Clair,"Public Service Commission, Place No. 2",,REP,Priscilla Andrews,1206
St. Clair,"Public Service Commissioner, Place 1",,DEM,James O. Gordon,1398
St. Clair,"Public Service Commissioner, Place 1",,DEM,Jeff Ramsey,1110
St. Clair,"Public Service Commissioner, Place 1",,DEM,John Northrop,574
St. Clair,Secretary of State,,REP,Caroleene Dobson,6195
St. Clair,Secretary of State,,REP,Christopher Christian Horn,2542
St. Clair,Secretary of State,,REP,Glenda S. Jackson,1198
St. Clair,"St. Clair County Board of Education, Odenville",,REP,Allison G. Gray,2321
St. Clair,"St. Clair County Board of Education, Odenville",,REP,Greg Cobb,4275
St. Clair,"St. Clair County Commission, District 1",,REP,Adam Pardue,4013
St. Clair,"St. Clair County Commission, District 1",,REP,Katrina Hennings,4246
St. Clair,"St. Clair County Commission, District 1",,REP,Shane Thomas,2230
St. Clair,State Auditor,,REP,Andrew Sorrell,6795
St. Clair,State Auditor,,REP,Derek Chen,3341
St. Clair,State Board of Education,6,REP,Cathi Bradford,4496
St. Clair,State Board of Education,6,REP,Marie Manning,5988
St. Clair,State Democratic Executive Committee,,DEM,Debra Huffman-Church,153
St. Clair,State Democratic Executive Committee,,DEM,Donell Lewis,54
St. Clair,State Democratic Executive Committee,,DEM,Doug Hoffman,67
St. Clair,State Democratic Executive Committee,,DEM,Jesse J. Frazier,513
St. Clair,State Democratic Executive Committee,,DEM,Pam Lowery,134
St. Clair,State Democratic Executive Committee,,DEM,Peggy Anderson,209
St. Clair,State Democratic Executive Committee,,DEM,Shae Sanders,98
St. Clair,State Democratic Executive Committee,,DEM,Spencer Lowery,174
St. Clair,State Democratic Executive Committee,,DEM,Thelma O. Jones,410
St. Clair,State House,45,REP,John Dawson,101
St. Clair,State House,45,REP,Susan Dubose,327
St. Clair,State House,50,REP,Bill Morris,3414
St. Clair,State House,50,REP,Bryan K Newell,1481
St. Clair,"State Republican Executive Committee, St. Clair County, Place 3",,REP,Bill Morris,6037
St. Clair,"State Republican Executive Committee, St. Clair County, Place 3",,REP,Katherine Holloway,3792
St. Clair,"State Republican Executive Committee, St. Clair County, Place 4",,REP,Ashley Tortorigi Hilburn,2842
St. Clair,"State Republican Executive Committee, St. Clair County, Place 4",,REP,Cathy Wise Fine,6643
St. Clair,"State Republican Executive Committee, St. Clair County, Place No 1",,REP,Brandon Moseley,2850
St. Clair,"State Republican Executive Committee, St. Clair County, Place No 1",,REP,"Kathryn ""Kathy"" Burke",4751
St. Clair,"State Republican Executive Committee, St. Clair County, Place No 1",,REP,Matt Tortorice,1859
St. Clair,State Treasurer,,REP,Steve Lolley,3841
St. Clair,State Treasurer,,REP,Young Boozer,6399
St. Clair,U.S. House,3,REP,Mike Rogers,8594
St. Clair,U.S. House,3,REP,Terri LaPoint,2093
St. Clair,U.S. Senate,,DEM,Dakarai Larriett,1104
St. Clair,U.S. Senate,,DEM,Everett Wess,1003
St. Clair,U.S. Senate,,DEM,Kyle Sweetser,420
St. Clair,U.S. Senate,,DEM,Mark S. Wheeler II,601
St. Clair,U.S. Senate,,REP,Barry Moore,3225
St. Clair,U.S. Senate,,REP,Dale Shelton Deas Jr.,161
St. Clair,U.S. Senate,,REP,Jared Hudson,3822
St. Clair,U.S. Senate,,REP,Morgan Murphy,126
St. Clair,U.S. Senate,,REP,Rodney Walker,265
St. Clair,U.S. Senate,,REP,Seth Burton,216
St. Clair,U.S. Senate,,REP,Steve Marshall,3165
Sumter,Attorney General,,REP,Jay Mitchell,91
Sumter,Attorney General,,REP,Katherine Robertson,74
Sumter,Attorney General,,REP,Pamela L. Casey,29
Sumter,Commissioner of Agriculture and Industries,,REP,Christina Woerner McInnis,43
Sumter,Commissioner of Agriculture and Industries,,REP,Cory Hill,90
Sumter,Commissioner of Agriculture and Industries,,REP,Jack Williams,52
Sumter,"District Court Judge, Sumter County, Place 1",,DEM,Brian Smith,1407
Sumter,"District Court Judge, Sumter County, Place 1",,DEM,Tammy Jackson Montgomery,1863
Sumter,Governor,,DEM,"Chad ""Chig"" Martin",47
Sumter,Governor,,DEM,Doug Jones,1935
Sumter,Governor,,DEM,Jamel J. Brown,262
Sumter,Governor,,DEM,"Nathan ""Nate"" Mathis",78
Sumter,Governor,,DEM,Will Boyd,333
Sumter,Governor,,DEM,Yolanda Rochelle Flowers,251
Sumter,Governor,,REP,"""Alabama"" Will Santivasci",9
Sumter,Governor,,REP,Ken McFeeters,14
Sumter,Governor,,REP,Thomas Tuberville,184
Sumter,Lieutenant Governor,,DEM,Darryl D. Perryman,1211
Sumter,Lieutenant Governor,,DEM,Phillip Ensler,1292
Sumter,Lieutenant Governor,,REP,George Childress,1
Sumter,Lieutenant Governor,,REP,John Wahl,99
Sumter,Lieutenant Governor,,REP,Nicole Jones Wadsworth,4
Sumter,Lieutenant Governor,,REP,Pat Bishop,3
Sumter,Lieutenant Governor,,REP,Rick Pate,17
Sumter,Lieutenant Governor,,REP,Stewart Hill Tankersley,3
Sumter,Lieutenant Governor,,REP,Wes Allen,73
Sumter,"Public Service Commission, Place No. 1",,REP,Jeremy H. Oden,44
Sumter,"Public Service Commission, Place No. 1",,REP,Matt Gentry,132
Sumter,"Public Service Commission, Place No. 2",,REP,Brent Woodall,15
Sumter,"Public Service Commission, Place No. 2",,REP,Chris Beeker,97
Sumter,"Public Service Commission, Place No. 2",,REP,Jim Zig Zeigler,61
Sumter,"Public Service Commission, Place No. 2",,REP,Priscilla Andrews,14
Sumter,"Public Service Commissioner, Place 1",,DEM,James O. Gordon,1386
Sumter,"Public Service Commissioner, Place 1",,DEM,Jeff Ramsey,604
Sumter,"Public Service Commissioner, Place 1",,DEM,John Northrop,372
Sumter,Secretary of State,,REP,Caroleene Dobson,120
Sumter,Secretary of State,,REP,Christopher Christian Horn,56
Sumter,Secretary of State,,REP,Glenda S. Jackson,9
Sumter,State Auditor,,REP,Andrew Sorrell,106
Sumter,State Auditor,,REP,Derek Chen,81
Sumter,"State Republican Executive Committee, Sumter County, Place No 1",,REP,Michelle Springer,91
Sumter,"State Republican Executive Committee, Sumter County, Place No 1",,REP,Pierce Boyd,106
Sumter,State Treasurer,,REP,Steve Lolley,75
Sumter,State Treasurer,,REP,Young Boozer,116
Sumter,U.S. Senate,,DEM,Dakarai Larriett,559
Sumter,U.S. Senate,,DEM,Everett Wess,1198
Sumter,U.S. Senate,,DEM,Kyle Sweetser,326
Sumter,U.S. Senate,,DEM,Mark S. Wheeler II,432
Sumter,U.S. Senate,,REP,Barry Moore,67
Sumter,U.S. Senate,,REP,Dale Shelton Deas Jr.,6
Sumter,U.S. Senate,,REP,Jared Hudson,40
Sumter,U.S. Senate,,REP,Morgan Murphy,6
Sumter,U.S. Senate,,REP,Rodney Walker,14
Sumter,U.S. Senate,,REP,Seth Burton,15
Sumter,U.S. Senate,,REP,Steve Marshall,48
Talladega,Attorney General,,REP,Jay Mitchell,2282
Talladega,Attorney General,,REP,Katherine Robertson,2610
Talladega,Attorney General,,REP,Pamela L. Casey,1263
Talladega,Commissioner of Agriculture and Industries,,REP,Christina Woerner McInnis,1781
Talladega,Commissioner of Agriculture and Industries,,REP,Cory Hill,1954
Talladega,Commissioner of Agriculture and Industries,,REP,Jack Williams,2090
Talladega,"District Court Judge, Talladega County Place No 1",,REP,Huel M. Love III,1650
Talladega,"District Court Judge, Talladega County Place No 1",,REP,J. Scott Brewer,4442
Talladega,"District Court Judge, Talladega County, Place No 2",,REP,Angie Walker Slaten,1566
Talladega,"District Court Judge, Talladega County, Place No 2",,REP,Dale Price,3545
Talladega,"District Court Judge, Talladega County, Place No 2",,REP,Nicholas J. Beckham,972
Talladega,Governor,,DEM,"Chad ""Chig"" Martin",56
Talladega,Governor,,DEM,Doug Jones,4637
Talladega,Governor,,DEM,Jamel J. Brown,215
Talladega,Governor,,DEM,"Nathan ""Nate"" Mathis",27
Talladega,Governor,,DEM,Will Boyd,527
Talladega,Governor,,DEM,Yolanda Rochelle Flowers,214
Talladega,Governor,,REP,"""Alabama"" Will Santivasci",278
Talladega,Governor,,REP,Ken McFeeters,398
Talladega,Governor,,REP,Thomas Tuberville,5720
Talladega,Lieutenant Governor,,DEM,Darryl D. Perryman,2199
Talladega,Lieutenant Governor,,DEM,Phillip Ensler,3228
Talladega,Lieutenant Governor,,REP,George Childress,104
Talladega,Lieutenant Governor,,REP,John Wahl,2637
Talladega,Lieutenant Governor,,REP,Nicole Jones Wadsworth,270
Talladega,Lieutenant Governor,,REP,Pat Bishop,143
Talladega,Lieutenant Governor,,REP,Rick Pate,401
Talladega,Lieutenant Governor,,REP,Stewart Hill Tankersley,135
Talladega,Lieutenant Governor,,REP,Wes Allen,2534
Talladega,"Public Service Commission, Place No. 1",,REP,Jeremy H. Oden,1431
Talladega,"Public Service Commission, Place No. 1",,REP,Matt Gentry,4260
Talladega,"Public Service Commission, Place No. 2",,REP,Brent Woodall,661
Talladega,"Public Service Commission, Place No. 2",,REP,Chris Beeker,1521
Talladega,"Public Service Commission, Place No. 2",,REP,Jim Zig Zeigler,3212
Talladega,"Public Service Commission, Place No. 2",,REP,Priscilla Andrews,550
Talladega,"Public Service Commissioner, Place 1",,DEM,James O. Gordon,3589
Talladega,"Public Service Commissioner, Place 1",,DEM,Jeff Ramsey,1163
Talladega,"Public Service Commissioner, Place 1",,DEM,John Northrop,646
Talladega,Secretary of State,,REP,Caroleene Dobson,3569
Talladega,Secretary of State,,REP,Christopher Christian Horn,1569
Talladega,Secretary of State,,REP,Glenda S. Jackson,655
Talladega,State Auditor,,REP,Andrew Sorrell,3938
Talladega,State Auditor,,REP,Derek Chen,1960
Talladega,State Board of Education,6,REP,Cathi Bradford,2449
Talladega,State Board of Education,6,REP,Marie Manning,1772
Talladega,State Democratic Executive Committee,,DEM,Alberta McCrory,101
Talladega,State Democratic Executive Committee,,DEM,Barbara Bigsby Boyd,1936
Talladega,State Democratic Executive Committee,,DEM,Debra Huffman-Church,32
Talladega,State Democratic Executive Committee,,DEM,Destry Gilmore,352
Talladega,State Democratic Executive Committee,,DEM,Harry Gilliam,595
Talladega,State Democratic Executive Committee,,DEM,Jesse J. Frazier,59
Talladega,State Democratic Executive Committee,,DEM,Kelsey Girdwood,75
Talladega,State Democratic Executive Committee,,DEM,Michelle D Jones,233
Talladega,State Democratic Executive Committee,,DEM,Pam Lowery,19
Talladega,State Democratic Executive Committee,,DEM,Spencer Lowery,37
Talladega,State Democratic Executive Committee,,DEM,Thelma O. Jones,46
Talladega,State House,32,DEM,David E. Reddick,748
Talladega,State House,32,DEM,Debra D Foster,1527
Talladega,"State Republican Executive Committee, Talladega County Place No 2",,REP,Laura Barlow Heath,3137
Talladega,"State Republican Executive Committee, Talladega County Place No 2",,REP,Paxton Walker,2519
Talladega,"State Republican Executive Committee, Talladega County Place No 3",,REP,Jada R. Thomas Combs,1309
Talladega,"State Republican Executive Committee, Talladega County Place No 3",,REP,Phillip Morris,4284
Talladega,State Treasurer,,REP,Steve Lolley,2051
Talladega,State Treasurer,,REP,Young Boozer,3863
Talladega,"Talladega County Commission, District No 2",,REP,Kimberlee Davidson,577
Talladega,"Talladega County Commission, District No 2",,REP,Tony Haynes,943
Talladega,U.S. House,3,REP,Mike Rogers,5229
Talladega,U.S. House,3,REP,Terri LaPoint,770
Talladega,U.S. House,6,REP,Case Dixon,50
Talladega,U.S. House,6,REP,Gary Palmer,169
Talladega,U.S. Senate,,DEM,Dakarai Larriett,1213
Talladega,U.S. Senate,,DEM,Everett Wess,2951
Talladega,U.S. Senate,,DEM,Kyle Sweetser,439
Talladega,U.S. Senate,,DEM,Mark S. Wheeler II,835
Talladega,U.S. Senate,,REP,Barry Moore,1924
Talladega,U.S. Senate,,REP,Dale Shelton Deas Jr.,81
Talladega,U.S. Senate,,REP,Jared Hudson,1461
Talladega,U.S. Senate,,REP,Morgan Murphy,75
Talladega,U.S. Senate,,REP,Rodney Walker,624
Talladega,U.S. Senate,,REP,Seth Burton,138
Talladega,U.S. Senate,,REP,Steve Marshall,2008
Tallapoosa,Attorney General,,REP,Jay Mitchell,2174
Tallapoosa,Attorney General,,REP,Katherine Robertson,2121
Tallapoosa,Attorney General,,REP,Pamela L. Casey,1108
Tallapoosa,Commissioner of Agriculture and Industries,,REP,Christina Woerner McInnis,1693
Tallapoosa,Commissioner of Agriculture and Industries,,REP,Cory Hill,2063
Tallapoosa,Commissioner of Agriculture and Industries,,REP,Jack Williams,1291
Tallapoosa,Governor,,DEM,"Chad ""Chig"" Martin",44
Tallapoosa,Governor,,DEM,Doug Jones,1578
Tallapoosa,Governor,,DEM,Jamel J. Brown,204
Tallapoosa,Governor,,DEM,"Nathan ""Nate"" Mathis",24
Tallapoosa,Governor,,DEM,Will Boyd,279
Tallapoosa,Governor,,DEM,Yolanda Rochelle Flowers,87
Tallapoosa,Governor,,REP,"""Alabama"" Will Santivasci",192
Tallapoosa,Governor,,REP,Ken McFeeters,381
Tallapoosa,Governor,,REP,Thomas Tuberville,5185
Tallapoosa,Lieutenant Governor,,DEM,Darryl D. Perryman,762
Tallapoosa,Lieutenant Governor,,DEM,Phillip Ensler,1332
Tallapoosa,Lieutenant Governor,,REP,George Childress,151
Tallapoosa,Lieutenant Governor,,REP,John Wahl,1981
Tallapoosa,Lieutenant Governor,,REP,Nicole Jones Wadsworth,260
Tallapoosa,Lieutenant Governor,,REP,Pat Bishop,143
Tallapoosa,Lieutenant Governor,,REP,Rick Pate,492
Tallapoosa,Lieutenant Governor,,REP,Stewart Hill Tankersley,157
Tallapoosa,Lieutenant Governor,,REP,Wes Allen,2228
Tallapoosa,"Public Service Commission, Place No. 1",,REP,Jeremy H. Oden,1422
Tallapoosa,"Public Service Commission, Place No. 1",,REP,Matt Gentry,3410
Tallapoosa,"Public Service Commission, Place No. 2",,REP,Brent Woodall,748
Tallapoosa,"Public Service Commission, Place No. 2",,REP,Chris Beeker,1178
Tallapoosa,"Public Service Commission, Place No. 2",,REP,Jim Zig Zeigler,2490
Tallapoosa,"Public Service Commission, Place No. 2",,REP,Priscilla Andrews,536
Tallapoosa,"Public Service Commissioner, Place 1",,DEM,James O. Gordon,1271
Tallapoosa,"Public Service Commissioner, Place 1",,DEM,Jeff Ramsey,477
Tallapoosa,"Public Service Commissioner, Place 1",,DEM,John Northrop,298
Tallapoosa,Secretary of State,,REP,Caroleene Dobson,3510
Tallapoosa,Secretary of State,,REP,Christopher Christian Horn,998
Tallapoosa,Secretary of State,,REP,Glenda S. Jackson,564
Tallapoosa,State Auditor,,REP,Andrew Sorrell,3263
Tallapoosa,State Auditor,,REP,Derek Chen,1835
Tallapoosa,State Democratic Executive Committee,,DEM,"Ira ""Jeffrey"" Moss",826
Tallapoosa,State Democratic Executive Committee,,DEM,Johnny Cunningham,1259
Tallapoosa,"State Republican Executive Committee, Tallapoosa County Place 10",,REP,Derrick Blythe,3349
Tallapoosa,"State Republican Executive Committee, Tallapoosa County Place 10",,REP,Rachel Kring,1487
Tallapoosa,"State Republican Executive Committee, Tallapoosa County Place 2",,REP,Carder R. Lashley,1555
Tallapoosa,"State Republican Executive Committee, Tallapoosa County Place 2",,REP,Donnie Pritchard,3096
Tallapoosa,State Senate,27,REP,Doug Cannon,1518
Tallapoosa,State Senate,27,REP,Jay Hovey,2655
Tallapoosa,State Treasurer,,REP,Steve Lolley,1399
Tallapoosa,State Treasurer,,REP,Young Boozer,3823
Tallapoosa,"Tallapoosa County Commission, District 5",,REP,"George Carleton, Jr",987
Tallapoosa,"Tallapoosa County Commission, District 5",,REP,"Justin ""Rooster"" Nelson",763
Tallapoosa,"Tallapoosa County Commission, District No 4",,REP,Danny Robinson,213
Tallapoosa,"Tallapoosa County Commission, District No 4",,REP,Robert L McCollum,89
Tallapoosa,"Tallapoosa County Commission, District No 4",,REP,Rod Siggers,588
Tallapoosa,"Tallapoosa County Commission, District No 4",,REP,Shane West,374
Tallapoosa,U.S. House,3,REP,Mike Rogers,4861
Tallapoosa,U.S. House,3,REP,Terri LaPoint,650
Tallapoosa,U.S. Senate,,DEM,Dakarai Larriett,465
Tallapoosa,U.S. Senate,,DEM,Everett Wess,1032
Tallapoosa,U.S. Senate,,DEM,Kyle Sweetser,228
Tallapoosa,U.S. Senate,,DEM,Mark S. Wheeler II,356
Tallapoosa,U.S. Senate,,REP,Barry Moore,2389
Tallapoosa,U.S. Senate,,REP,Dale Shelton Deas Jr.,78
Tallapoosa,U.S. Senate,,REP,Jared Hudson,1208
Tallapoosa,U.S. Senate,,REP,Morgan Murphy,39
Tallapoosa,U.S. Senate,,REP,Rodney Walker,327
Tallapoosa,U.S. Senate,,REP,Seth Burton,122
Tallapoosa,U.S. Senate,,REP,Steve Marshall,1383
Tuscaloosa,Attorney General,,REP,Jay Mitchell,4097
Tuscaloosa,Attorney General,,REP,Katherine Robertson,5940
Tuscaloosa,Attorney General,,REP,Pamela L. Casey,2147
Tuscaloosa,Commissioner of Agriculture and Industries,,REP,Christina Woerner McInnis,3808
Tuscaloosa,Commissioner of Agriculture and Industries,,REP,Cory Hill,3954
Tuscaloosa,Commissioner of Agriculture and Industries,,REP,Jack Williams,3652
Tuscaloosa,Governor,,DEM,"Chad ""Chig"" Martin",164
Tuscaloosa,Governor,,DEM,Doug Jones,12878
Tuscaloosa,Governor,,DEM,Jamel J. Brown,408
Tuscaloosa,Governor,,DEM,"Nathan ""Nate"" Mathis",56
Tuscaloosa,Governor,,DEM,Will Boyd,1449
Tuscaloosa,Governor,,DEM,Yolanda Rochelle Flowers,487
Tuscaloosa,Governor,,REP,"""Alabama"" Will Santivasci",509
Tuscaloosa,Governor,,REP,Ken McFeeters,1164
Tuscaloosa,Governor,,REP,Thomas Tuberville,10883
Tuscaloosa,Lieutenant Governor,,DEM,Darryl D. Perryman,5402
Tuscaloosa,Lieutenant Governor,,DEM,Phillip Ensler,9143
Tuscaloosa,Lieutenant Governor,,REP,George Childress,117
Tuscaloosa,Lieutenant Governor,,REP,John Wahl,4317
Tuscaloosa,Lieutenant Governor,,REP,Nicole Jones Wadsworth,476
Tuscaloosa,Lieutenant Governor,,REP,Pat Bishop,240
Tuscaloosa,Lieutenant Governor,,REP,Rick Pate,634
Tuscaloosa,Lieutenant Governor,,REP,Stewart Hill Tankersley,171
Tuscaloosa,Lieutenant Governor,,REP,Wes Allen,6562
Tuscaloosa,"Public Service Commission, Place No. 1",,REP,Jeremy H. Oden,2857
Tuscaloosa,"Public Service Commission, Place No. 1",,REP,Matt Gentry,8404
Tuscaloosa,"Public Service Commission, Place No. 2",,REP,Brent Woodall,1394
Tuscaloosa,"Public Service Commission, Place No. 2",,REP,Chris Beeker,4804
Tuscaloosa,"Public Service Commission, Place No. 2",,REP,Jim Zig Zeigler,4670
Tuscaloosa,"Public Service Commission, Place No. 2",,REP,Priscilla Andrews,949
Tuscaloosa,"Public Service Commissioner, Place 1",,DEM,James O. Gordon,9433
Tuscaloosa,"Public Service Commissioner, Place 1",,DEM,Jeff Ramsey,3148
Tuscaloosa,"Public Service Commissioner, Place 1",,DEM,John Northrop,1820
Tuscaloosa,Secretary of State,,REP,Caroleene Dobson,8095
Tuscaloosa,Secretary of State,,REP,Christopher Christian Horn,2442
Tuscaloosa,Secretary of State,,REP,Glenda S. Jackson,1068
Tuscaloosa,State Auditor,,REP,Andrew Sorrell,7846
Tuscaloosa,State Auditor,,REP,Derek Chen,3899
Tuscaloosa,State Democratic Executive Committee,,DEM,Amy Clayton,385
Tuscaloosa,State Democratic Executive Committee,,DEM,Beverly K. Gordon,1093
Tuscaloosa,State Democratic Executive Committee,,DEM,Curtis L. Travis,1973
Tuscaloosa,State Democratic Executive Committee,,DEM,Jonathan Rossell,144
Tuscaloosa,State Democratic Executive Committee,,DEM,Ke'Undra Quintez Cox,349
Tuscaloosa,State Democratic Executive Committee,,DEM,Lisa M. Young,2239
Tuscaloosa,State Democratic Executive Committee,,DEM,Malea Benjamin,1091
Tuscaloosa,State House,72,DEM,Curtis L Travis,2048
Tuscaloosa,State House,72,DEM,Michael Williams,385
Tuscaloosa,"State Republican Executive Committtee, Tuscaloosa County, Place No 3",,REP,Dovel Rock,2304
Tuscaloosa,"State Republican Executive Committtee, Tuscaloosa County, Place No 3",,REP,Jackie Ray,7736
Tuscaloosa,"State Republican Executive Committtee, Tuscaloosa County, Place No 7",,REP,"J.W. (Billy) McFarland, Jr",7970
Tuscaloosa,"State Republican Executive Committtee, Tuscaloosa County, Place No 7",,REP,Lela Waters,2645
Tuscaloosa,State Treasurer,,REP,Steve Lolley,3138
Tuscaloosa,State Treasurer,,REP,Young Boozer,8809
Tuscaloosa,U.S. House,4,DEM,Amanda N. Pusczek,2621
Tuscaloosa,U.S. House,4,DEM,Shane Weaver,1517
Tuscaloosa,U.S. House,4,REP,Robert B Aderholt,5582
Tuscaloosa,U.S. House,4,REP,Tommy Barnes,1152
Tuscaloosa,U.S. Senate,,DEM,Dakarai Larriett,4128
Tuscaloosa,U.S. Senate,,DEM,Everett Wess,6547
Tuscaloosa,U.S. Senate,,DEM,Kyle Sweetser,1558
Tuscaloosa,U.S. Senate,,DEM,Mark S. Wheeler II,2406
Tuscaloosa,U.S. Senate,,REP,Barry Moore,4126
Tuscaloosa,U.S. Senate,,REP,Dale Shelton Deas Jr.,235
Tuscaloosa,U.S. Senate,,REP,Jared Hudson,4306
Tuscaloosa,U.S. Senate,,REP,Morgan Murphy,104
Tuscaloosa,U.S. Senate,,REP,Rodney Walker,250
Tuscaloosa,U.S. Senate,,REP,Seth Burton,233
Tuscaloosa,U.S. Senate,,REP,Steve Marshall,3254
Walker,Attorney General,,REP,Jay Mitchell,4609
Walker,Attorney General,,REP,Katherine Robertson,4979
Walker,Attorney General,,REP,Pamela L. Casey,3109
Walker,Commissioner of Agriculture and Industries,,REP,Christina Woerner McInnis,3454
Walker,Commissioner of Agriculture and Industries,,REP,Cory Hill,4655
Walker,Commissioner of Agriculture and Industries,,REP,Jack Williams,4038
Walker,Governor,,DEM,"Chad ""Chig"" Martin",43
Walker,Governor,,DEM,Doug Jones,655
Walker,Governor,,DEM,Jamel J. Brown,13
Walker,Governor,,DEM,"Nathan ""Nate"" Mathis",4
Walker,Governor,,DEM,Will Boyd,109
Walker,Governor,,DEM,Yolanda Rochelle Flowers,55
Walker,Governor,,REP,"""Alabama"" Will Santivasci",907
Walker,Governor,,REP,Ken McFeeters,1582
Walker,Governor,,REP,Thomas Tuberville,11235
Walker,Lieutenant Governor,,DEM,Darryl D. Perryman,361
Walker,Lieutenant Governor,,DEM,Phillip Ensler,443
Walker,Lieutenant Governor,,REP,George Childress,257
Walker,Lieutenant Governor,,REP,John Wahl,4326
Walker,Lieutenant Governor,,REP,Nicole Jones Wadsworth,1583
Walker,Lieutenant Governor,,REP,Pat Bishop,597
Walker,Lieutenant Governor,,REP,Rick Pate,1176
Walker,Lieutenant Governor,,REP,Stewart Hill Tankersley,313
Walker,Lieutenant Governor,,REP,Wes Allen,4770
Walker,"Public Service Commission, Place No. 1",,REP,Jeremy H. Oden,2932
Walker,"Public Service Commission, Place No. 1",,REP,Matt Gentry,9418
Walker,"Public Service Commission, Place No. 2",,REP,Brent Woodall,2391
Walker,"Public Service Commission, Place No. 2",,REP,Chris Beeker,3222
Walker,"Public Service Commission, Place No. 2",,REP,Jim Zig Zeigler,4624
Walker,"Public Service Commission, Place No. 2",,REP,Priscilla Andrews,1926
Walker,"Public Service Commissioner, Place 1",,DEM,James O. Gordon,356
Walker,"Public Service Commissioner, Place 1",,DEM,Jeff Ramsey,285
Walker,"Public Service Commissioner, Place 1",,DEM,John Northrop,158
Walker,Secretary of State,,REP,Caroleene Dobson,5971
Walker,Secretary of State,,REP,Christopher Christian Horn,3442
Walker,Secretary of State,,REP,Glenda S. Jackson,2592
Walker,State Auditor,,REP,Andrew Sorrell,8030
Walker,State Auditor,,REP,Derek Chen,4268
Walker,State Democratic Executive Committee,,DEM,Darron Mitchell,116
Walker,State Democratic Executive Committee,,DEM,James Kinsman,57
Walker,State Democratic Executive Committee,,DEM,Jerry L. Callahan,342
Walker,State Democratic Executive Committee,,DEM,Shelia Google,295
Walker,State Democratic Executive Committee,,DEM,Timothy Bowen,276
Walker,State Democratic Executive Committee,,DEM,Tina Bowen,324
Walker,State House,13,REP,Greg Barnes,4322
Walker,State House,13,REP,Mike Elliot,5883
Walker,"State Republican Executive Committee, Walker County, Place 1",,REP,Greg Fanin,5102
Walker,"State Republican Executive Committee, Walker County, Place 1",,REP,Tana Collins-Allred,7287
Walker,"State Republican Executive Committee, Walker County, Place 3",,REP,Allison M. Jones,8623
Walker,"State Republican Executive Committee, Walker County, Place 3",,REP,Iva Henderson,3569
Walker,State Treasurer,,REP,Steve Lolley,5633
Walker,State Treasurer,,REP,Young Boozer,6767
Walker,"Superintendent, Walker County Board of Education",,REP,Dennis R Willingham,9265
Walker,"Superintendent, Walker County Board of Education",,REP,Dianne Williams,4269
Walker,U.S. House,4,DEM,Amanda N. Pusczek,430
Walker,U.S. House,4,DEM,Shane Weaver,357
Walker,U.S. House,4,REP,Robert B. Aderholt,10424
Walker,U.S. House,4,REP,Tommy Barnes,3129
Walker,U.S. Senate,,DEM,Dakarai Larriett,301
Walker,U.S. Senate,,DEM,Everett Wess,144
Walker,U.S. Senate,,DEM,Kyle Sweetser,137
Walker,U.S. Senate,,DEM,Mark S. Wheeler II,233
Walker,U.S. Senate,,REP,Barry Moore,3684
Walker,U.S. Senate,,REP,Dale Shelton Deas Jr.,262
Walker,U.S. Senate,,REP,Jared Hudson,3867
Walker,U.S. Senate,,REP,Morgan Murphy,292
Walker,U.S. Senate,,REP,Rodney Walker,778
Walker,U.S. Senate,,REP,Seth Burton,380
Walker,U.S. Senate,,REP,Steve Marshall,3967
Walker,Walker County Coroner,,REP,Danielle Calloway,3217
Walker,Walker County Coroner,,REP,Trent McCluskey,10159
Walker,Walker County Sheriff,,REP,Allen Estell,176
Walker,Walker County Sheriff,,REP,"J.C. Poe, Jr.",4937
Walker,Walker County Sheriff,,REP,Jason Akins,5999
Walker,Walker County Sheriff,,REP,Nick Smith,3150
Washington,Attorney General,,REP,Jay Mitchell,1060
Washington,Attorney General,,REP,Katherine Robertson,1415
Washington,Attorney General,,REP,Pamela L. Casey,829
Washington,Commissioner of Agriculture and Industries,,REP,Christina Woerner McInnis,761
Washington,Commissioner of Agriculture and Industries,,REP,Cory Hill,770
Washington,Commissioner of Agriculture and Industries,,REP,Jack Williams,1796
Washington,Governor,,DEM,"Chad ""Chig"" Martin",9
Washington,Governor,,DEM,Doug Jones,636
Washington,Governor,,DEM,Jamel J. Brown,41
Washington,Governor,,DEM,"Nathan ""Nate"" Mathis",11
Washington,Governor,,DEM,Will Boyd,46
Washington,Governor,,DEM,Yolanda Rochelle Flowers,33
Washington,Governor,,REP,"""Alabama"" Will Santivasci",189
Washington,Governor,,REP,Ken McFeeters,341
Washington,Governor,,REP,Thomas Tuberville,3129
Washington,Lieutenant Governor,,DEM,Darryl D. Perryman,536
Washington,Lieutenant Governor,,DEM,Phillip Ensler,213
Washington,Lieutenant Governor,,REP,George Childress,160
Washington,Lieutenant Governor,,REP,John Wahl,1315
Washington,Lieutenant Governor,,REP,Nicole Jones Wadsworth,180
Washington,Lieutenant Governor,,REP,Pat Bishop,112
Washington,Lieutenant Governor,,REP,Rick Pate,179
Washington,Lieutenant Governor,,REP,Stewart Hill Tankersley,43
Washington,Lieutenant Governor,,REP,Wes Allen,1433
Washington,"Public Service Commission, Place No. 1",,REP,Jeremy H. Oden,674
Washington,"Public Service Commission, Place No. 1",,REP,Matt Gentry,2389
Washington,"Public Service Commission, Place No. 2",,REP,Brent Woodall,602
Washington,"Public Service Commission, Place No. 2",,REP,Chris Beeker,657
Washington,"Public Service Commission, Place No. 2",,REP,Jim Zig Zeigler,1458
Washington,"Public Service Commission, Place No. 2",,REP,Priscilla Andrews,438
Washington,"Public Service Commissioner, Place 1",,DEM,James O. Gordon,546
Washington,"Public Service Commissioner, Place 1",,DEM,Jeff Ramsey,104
Washington,"Public Service Commissioner, Place 1",,DEM,John Northrop,86
Washington,Secretary of State,,REP,Caroleene Dobson,2499
Washington,Secretary of State,,REP,Christopher Christian Horn,547
Washington,Secretary of State,,REP,Glenda S. Jackson,312
Washington,State Auditor,,REP,Andrew Sorrell,2197
Washington,State Auditor,,REP,Derek Chen,972
Washington,State Democratic Executive Committee,,DEM,Edward Harris,267
Washington,State Democratic Executive Committee,,DEM,Joannee P. Barnes,678
Washington,State Democratic Executive Committee,,DEM,Talika Palmer,90
Washington,State Democratic Executive Committee,,DEM,Tony L. Cherry,470
Washington,State House,65,REP,Dee Ann Campbell,1086
Washington,State House,65,REP,John Knapp,2429
Washington,State Senate,22,REP,Greg Albritton,1985
Washington,State Senate,22,REP,Terry L. Waters,1539
Washington,State Treasurer,,REP,Steve Lolley,1359
Washington,State Treasurer,,REP,Young Boozer,1934
Washington,U.S. Senate,,DEM,Dakarai Larriett,121
Washington,U.S. Senate,,DEM,Everett Wess,400
Washington,U.S. Senate,,DEM,Kyle Sweetser,80
Washington,U.S. Senate,,DEM,Mark S. Wheeler II,124
Washington,U.S. Senate,,REP,Barry Moore,1345
Washington,U.S. Senate,,REP,Dale Shelton Deas Jr.,95
Washington,U.S. Senate,,REP,Jared Hudson,799
Washington,U.S. Senate,,REP,Morgan Murphy,91
Washington,U.S. Senate,,REP,Rodney Walker,263
Washington,U.S. Senate,,REP,Seth Burton,171
Washington,U.S. Senate,,REP,Steve Marshall,624
Washington,Washington County Coroner,,REP,Allen Carpenter,1649
Washington,Washington County Coroner,,REP,Scott Giles,1949
Washington,Washington County Sheriff,,REP,Brad Warrick,1975
Washington,Washington County Sheriff,,REP,Deshone Holloway,537
Washington,Washington County Sheriff,,REP,Donald Wayne Crager,110
Washington,Washington County Sheriff,,REP,Jason McCuiston,876
Washington,Washington County Sheriff,,REP,Kesler Weaver Jr.,420
Washington,Washington County Sheriff,,REP,Tim Landrum,109
Wilcox,Attorney General,,REP,Jay Mitchell,137
Wilcox,Attorney General,,REP,Katherine Robertson,188
Wilcox,Attorney General,,REP,Pamela L. Casey,68
Wilcox,Commissioner of Agriculture and Industries,,REP,Christina Woerner McInnis,140
Wilcox,Commissioner of Agriculture and Industries,,REP,Cory Hill,133
Wilcox,Commissioner of Agriculture and Industries,,REP,Jack Williams,112
Wilcox,Governor,,DEM,"Chad ""Chig"" Martin",41
Wilcox,Governor,,DEM,Doug Jones,1829
Wilcox,Governor,,DEM,Jamel J. Brown,526
Wilcox,Governor,,DEM,"Nathan ""Nate"" Mathis",40
Wilcox,Governor,,DEM,Will Boyd,237
Wilcox,Governor,,DEM,Yolanda Rochelle Flowers,119
Wilcox,Governor,,REP,"""Alabama"" Will Santivasci",6
Wilcox,Governor,,REP,Ken McFeeters,11
Wilcox,Governor,,REP,Thomas Tuberville,392
Wilcox,Lieutenant Governor,,DEM,Darryl D. Perryman,2126
Wilcox,Lieutenant Governor,,DEM,Phillip Ensler,674
Wilcox,Lieutenant Governor,,REP,George Childress,7
Wilcox,Lieutenant Governor,,REP,John Wahl,139
Wilcox,Lieutenant Governor,,REP,Nicole Jones Wadsworth,11
Wilcox,Lieutenant Governor,,REP,Pat Bishop,10
Wilcox,Lieutenant Governor,,REP,Rick Pate,59
Wilcox,Lieutenant Governor,,REP,Stewart Hill Tankersley,8
Wilcox,Lieutenant Governor,,REP,Wes Allen,162
Wilcox,"Public Service Commission, Place No. 1",,REP,Jeremy H. Oden,63
Wilcox,"Public Service Commission, Place No. 1",,REP,Matt Gentry,312
Wilcox,"Public Service Commission, Place No. 2",,REP,Brent Woodall,56
Wilcox,"Public Service Commission, Place No. 2",,REP,Chris Beeker,115
Wilcox,"Public Service Commission, Place No. 2",,REP,Jim Zig Zeigler,183
Wilcox,"Public Service Commission, Place No. 2",,REP,Priscilla Andrews,26
Wilcox,"Public Service Commissioner, Place 1",,DEM,James O. Gordon,1523
Wilcox,"Public Service Commissioner, Place 1",,DEM,Jeff Ramsey,642
Wilcox,"Public Service Commissioner, Place 1",,DEM,John Northrop,252
Wilcox,Secretary of State,,REP,Caroleene Dobson,345
Wilcox,Secretary of State,,REP,Christopher Christian Horn,32
Wilcox,Secretary of State,,REP,Glenda S. Jackson,18
Wilcox,State Auditor,,REP,Andrew Sorrell,233
Wilcox,State Auditor,,REP,Derek Chen,146
Wilcox,State Democratic Executive Committee,,DEM,Elanour Graham,249
Wilcox,State Democratic Executive Committee,,DEM,Jo Celeste Pettway,1610
Wilcox,State House,69,DEM,Kelvin J Lawrence,858
Wilcox,State House,69,DEM,Marshae R. Madison,1322
Wilcox,State Treasurer,,REP,Steve Lolley,111
Wilcox,State Treasurer,,REP,Young Boozer,282
Wilcox,U.S. Senate,,DEM,Dakarai Larriett,380
Wilcox,U.S. Senate,,DEM,Everett Wess,1251
Wilcox,U.S. Senate,,DEM,Kyle Sweetser,246
Wilcox,U.S. Senate,,DEM,Mark S. Wheeler II,554
Wilcox,U.S. Senate,,REP,Barry Moore,176
Wilcox,U.S. Senate,,REP,Dale Shelton Deas Jr.,11
Wilcox,U.S. Senate,,REP,Jared Hudson,65
Wilcox,U.S. Senate,,REP,Morgan Murphy,4
Wilcox,U.S. Senate,,REP,Rodney Walker,10
Wilcox,U.S. Senate,,REP,Seth Burton,11
Wilcox,U.S. Senate,,REP,Steve Marshall,120
Winston,Attorney General,,REP,Jay Mitchell,1385
Winston,Attorney General,,REP,Katherine Robertson,1279
Winston,Attorney General,,REP,Pamela L. Casey,1207
Winston,Commissioner of Agriculture and Industries,,REP,Christina Woerner McInnis,1111
Winston,Commissioner of Agriculture and Industries,,REP,Cory Hill,1348
Winston,Commissioner of Agriculture and Industries,,REP,Jack Williams,1213
Winston,Governor,,DEM,"Chad ""Chig"" Martin",9
Winston,Governor,,DEM,Doug Jones,150
Winston,Governor,,DEM,Jamel J. Brown,5
Winston,Governor,,DEM,"Nathan ""Nate"" Mathis",3
Winston,Governor,,DEM,Will Boyd,24
Winston,Governor,,DEM,Yolanda Rochelle Flowers,8
Winston,Governor,,REP,"""Alabama"" Will Santivasci",207
Winston,Governor,,REP,Ken McFeeters,307
Winston,Governor,,REP,Thomas Tuberville,3622
Winston,Lieutenant Governor,,DEM,Darryl D. Perryman,64
Winston,Lieutenant Governor,,DEM,Phillip Ensler,117
Winston,Lieutenant Governor,,REP,George Childress,77
Winston,Lieutenant Governor,,REP,John Wahl,1649
Winston,Lieutenant Governor,,REP,Nicole Jones Wadsworth,555
Winston,Lieutenant Governor,,REP,Pat Bishop,167
Winston,Lieutenant Governor,,REP,Rick Pate,231
Winston,Lieutenant Governor,,REP,Stewart Hill Tankersley,59
Winston,Lieutenant Governor,,REP,Wes Allen,1278
Winston,"Member, Winston County Commission, District 2",,REP,Heath Tidwell,1005
Winston,"Member, Winston County Commission, District 2",,REP,Taylor Stults,895
Winston,"Public Service Commission, Place No. 1",,REP,Jeremy H. Oden,828
Winston,"Public Service Commission, Place No. 1",,REP,Matt Gentry,2943
Winston,"Public Service Commission, Place No. 2",,REP,Brent Woodall,689
Winston,"Public Service Commission, Place No. 2",,REP,Chris Beeker,1081
Winston,"Public Service Commission, Place No. 2",,REP,Jim Zig Zeigler,1498
Winston,"Public Service Commission, Place No. 2",,REP,Priscilla Andrews,438
Winston,"Public Service Commissioner, Place 1",,DEM,James O. Gordon,65
Winston,"Public Service Commissioner, Place 1",,DEM,Jeff Ramsey,79
Winston,"Public Service Commissioner, Place 1",,DEM,John Northrop,38
Winston,Secretary of State,,REP,Caroleene Dobson,2082
Winston,Secretary of State,,REP,Christopher Christian Horn,982
Winston,Secretary of State,,REP,Glenda S. Jackson,552
Winston,State Auditor,,REP,Andrew Sorrell,2589
Winston,State Auditor,,REP,Derek Chen,1143
Winston,State House,17,REP,Kevin Bradford,125
Winston,State House,17,REP,Michael Beck,297
Winston,State House,17,REP,Phil Segraves,342
Winston,State Senate,4,REP,Garlan Gudger,3067
Winston,State Senate,4,REP,J.R. Bowling,1013
Winston,State Treasurer,,REP,Steve Lolley,1547
Winston,State Treasurer,,REP,Young Boozer,2243
Winston,U.S. House,4,DEM,Amanda N. Pusczek,117
Winston,U.S. House,4,DEM,Shane Weaver,65
Winston,U.S. House,4,REP,Robert B. Aderholt,3219
Winston,U.S. House,4,REP,Tommy Barnes,955
Winston,U.S. Senate,,DEM,Dakarai Larriett,50
Winston,U.S. Senate,,DEM,Everett Wess,31
Winston,U.S. Senate,,DEM,Kyle Sweetser,57
Winston,U.S. Senate,,DEM,Mark S. Wheeler II,44
Winston,U.S. Senate,,REP,Barry Moore,1500
Winston,U.S. Senate,,REP,Dale Shelton Deas Jr.,73
Winston,U.S. Senate,,REP,Jared Hudson,1240
Winston,U.S. Senate,,REP,Morgan Murphy,33
Winston,U.S. Senate,,REP,Rodney Walker,117
Winston,U.S. Senate,,REP,Seth Burton,91
Winston,U.S. Senate,,REP,Steve Marshall,957
Winston,Winston County Sheriff,,REP,Caleb Snoddy,3241
Winston,Winston County Sheriff,,REP,Horace Moore,988
