county,precinct,office,district,party,candidate,votes
Lawrence,0001 HILLSBORO CITY HALL 1-1,Governor,,DEM,"Chad ""Chig"" Martin",2
Lawrence,0001 HILLSBORO CITY HALL 1-1,Governor,,DEM,Doug Jones,136
Lawrence,0001 HILLSBORO CITY HALL 1-1,Governor,,DEM,Jamel J. Brown,4
Lawrence,0001 HILLSBORO CITY HALL 1-1,Governor,,DEM,"Nathan ""Nate"" Mathis",6
Lawrence,0001 HILLSBORO CITY HALL 1-1,Governor,,DEM,Will Boyd,33
Lawrence,0001 HILLSBORO CITY HALL 1-1,Governor,,DEM,Yolanda Rochelle Flowers,7
Lawrence,0001 HILLSBORO CITY HALL 1-1,Lieutenant Governor,,DEM,Darryl D. Perryman,60
Lawrence,0001 HILLSBORO CITY HALL 1-1,Lieutenant Governor,,DEM,Phillip Ensler,112
Lawrence,0001 HILLSBORO CITY HALL 1-1,State Democratic Executive Committee,,DEM,Brenda Hampton,67
Lawrence,0001 HILLSBORO CITY HALL 1-1,State Democratic Executive Committee,,DEM,Marcus Echols,44
Lawrence,0001 HILLSBORO CITY HALL 1-1,State Democratic Executive Committee,,DEM,Melvina Taylor Watkins,119
Lawrence,0001 HILLSBORO CITY HALL 1-1,State Democratic Executive Committee,,DEM,Mose Jones Jr.,140
Lawrence,0001 HILLSBORO CITY HALL 1-1,U.S. House,5,DEM,Andrew Sneed,107
Lawrence,0001 HILLSBORO CITY HALL 1-1,U.S. House,5,DEM,Candice Dollar Duvieilh,50
Lawrence,0001 HILLSBORO CITY HALL 1-1,U.S. House,5,DEM,Jeremy Devito,24
Lawrence,0001 HILLSBORO CITY HALL 1-1,U.S. Senate,,DEM,Dakarai Larriett,31
Lawrence,0001 HILLSBORO CITY HALL 1-1,U.S. Senate,,DEM,Everett Wess,89
Lawrence,0001 HILLSBORO CITY HALL 1-1,U.S. Senate,,DEM,Kyle Sweetser,27
Lawrence,0001 HILLSBORO CITY HALL 1-1,U.S. Senate,,DEM,Mark S. Wheeler II,31
Lawrence,0001 HILLSBORO CITY HALL 1-1,Proposed Statewide Amendment 1,,,No,38
Lawrence,0001 HILLSBORO CITY HALL 1-1,Proposed Statewide Amendment 1,,,Yes,203
Lawrence,0001 HILLSBORO CITY HALL 1-1,Proposed Statewide Amendment 2,,,No,66
Lawrence,0001 HILLSBORO CITY HALL 1-1,Proposed Statewide Amendment 2,,,Yes,170
Lawrence,0001 HILLSBORO CITY HALL 1-1,Attorney General,,REP,Jay Mitchell,26
Lawrence,0001 HILLSBORO CITY HALL 1-1,Attorney General,,REP,Katherine Robertson,24
Lawrence,0001 HILLSBORO CITY HALL 1-1,Attorney General,,REP,Pamela L. Casey,9
Lawrence,0001 HILLSBORO CITY HALL 1-1,Governor,,REP,"""Alabama"" Will Santivasci",6
Lawrence,0001 HILLSBORO CITY HALL 1-1,Governor,,REP,Ken McFeeters,4
Lawrence,0001 HILLSBORO CITY HALL 1-1,Governor,,REP,Thomas Tuberville,54
Lawrence,0001 HILLSBORO CITY HALL 1-1,Lawrence County Sheriff,,REP,Keith Ligon,23
Lawrence,0001 HILLSBORO CITY HALL 1-1,Lawrence County Sheriff,,REP,Stacy Rose,39
Lawrence,0001 HILLSBORO CITY HALL 1-1,Lieutenant Governor,,REP,George Childress,0
Lawrence,0001 HILLSBORO CITY HALL 1-1,Lieutenant Governor,,REP,John Wahl,43
Lawrence,0001 HILLSBORO CITY HALL 1-1,Lieutenant Governor,,REP,Nicole Jones Wadsworth,1
Lawrence,0001 HILLSBORO CITY HALL 1-1,Lieutenant Governor,,REP,Pat Bishop,3
Lawrence,0001 HILLSBORO CITY HALL 1-1,Lieutenant Governor,,REP,Rick Pate,0
Lawrence,0001 HILLSBORO CITY HALL 1-1,Lieutenant Governor,,REP,Stewart Hill Tankersley,1
Lawrence,0001 HILLSBORO CITY HALL 1-1,Lieutenant Governor,,REP,Wes Allen,14
Lawrence,0001 HILLSBORO CITY HALL 1-1,"Member, Lawrence County Commission, District No. 1",,REP,Adam Terry,44
Lawrence,0001 HILLSBORO CITY HALL 1-1,"Member, Lawrence County Commission, District No. 1",,REP,Jay Johnson,16
Lawrence,0001 HILLSBORO CITY HALL 1-1,"Member, Lawrence County Gop Executive Committee, District No. 1",,REP,Tim Guyse,43
Lawrence,0001 HILLSBORO CITY HALL 1-1,"Member, Lawrence County Gop Executive Committee, District No. 1",,REP,Angelo Doc Mancuso,15
Lawrence,0001 HILLSBORO CITY HALL 1-1,"Public Service Commission, Place No. 2",,REP,Brent Woodall,22
Lawrence,0001 HILLSBORO CITY HALL 1-1,"Public Service Commission, Place No. 2",,REP,Chris Beeker,14
Lawrence,0001 HILLSBORO CITY HALL 1-1,"Public Service Commission, Place No. 2",,REP,Jim Zig Zeigler,15
Lawrence,0001 HILLSBORO CITY HALL 1-1,"Public Service Commission, Place No. 2",,REP,Priscilla Andrews,2
Lawrence,0001 HILLSBORO CITY HALL 1-1,Secretary of State,,REP,Caroleene Dobson,24
Lawrence,0001 HILLSBORO CITY HALL 1-1,Secretary of State,,REP,Christopher Christian Horn,17
Lawrence,0001 HILLSBORO CITY HALL 1-1,Secretary of State,,REP,Glenda S. Jackson,14
Lawrence,0001 HILLSBORO CITY HALL 1-1,State Auditor,,REP,Andrew Sorrell,46
Lawrence,0001 HILLSBORO CITY HALL 1-1,State Auditor,,REP,Derek Chen,10
Lawrence,0001 HILLSBORO CITY HALL 1-1,"State Republican Executive Committee, Lawrence County, Place 1",,REP,Angelo Doc Mancuso,16
Lawrence,0001 HILLSBORO CITY HALL 1-1,"State Republican Executive Committee, Lawrence County, Place 1",,REP,Ernie Yarbrough,46
Lawrence,0001 HILLSBORO CITY HALL 1-1,State Treasurer,,REP,Steve Lolley,22
Lawrence,0001 HILLSBORO CITY HALL 1-1,State Treasurer,,REP,Young Boozer,32
Lawrence,0001 HILLSBORO CITY HALL 1-1,U.S. Senate,,REP,Barry Moore,23
Lawrence,0001 HILLSBORO CITY HALL 1-1,U.S. Senate,,REP,Dale Shelton Deas Jr.,1
Lawrence,0001 HILLSBORO CITY HALL 1-1,U.S. Senate,,REP,Jared Hudson,14
Lawrence,0001 HILLSBORO CITY HALL 1-1,U.S. Senate,,REP,Morgan Murphy,1
Lawrence,0001 HILLSBORO CITY HALL 1-1,U.S. Senate,,REP,Rodney Walker,3
Lawrence,0001 HILLSBORO CITY HALL 1-1,U.S. Senate,,REP,Seth Burton,1
Lawrence,0001 HILLSBORO CITY HALL 1-1,U.S. Senate,,REP,Steve Marshall,17
Lawrence,0002 N. COUTLAND SR. CTR. 2-1,Governor,,DEM,"Chad ""Chig"" Martin",6
Lawrence,0002 N. COUTLAND SR. CTR. 2-1,Governor,,DEM,Doug Jones,130
Lawrence,0002 N. COUTLAND SR. CTR. 2-1,Governor,,DEM,Jamel J. Brown,7
Lawrence,0002 N. COUTLAND SR. CTR. 2-1,Governor,,DEM,"Nathan ""Nate"" Mathis",1
Lawrence,0002 N. COUTLAND SR. CTR. 2-1,Governor,,DEM,Will Boyd,36
Lawrence,0002 N. COUTLAND SR. CTR. 2-1,Governor,,DEM,Yolanda Rochelle Flowers,15
Lawrence,0002 N. COUTLAND SR. CTR. 2-1,Lieutenant Governor,,DEM,Darryl D. Perryman,67
Lawrence,0002 N. COUTLAND SR. CTR. 2-1,Lieutenant Governor,,DEM,Phillip Ensler,116
Lawrence,0002 N. COUTLAND SR. CTR. 2-1,State Democratic Executive Committee,,DEM,Brenda Hampton,97
Lawrence,0002 N. COUTLAND SR. CTR. 2-1,State Democratic Executive Committee,,DEM,Marcus Echols,43
Lawrence,0002 N. COUTLAND SR. CTR. 2-1,State Democratic Executive Committee,,DEM,Melvina Taylor Watkins,99
Lawrence,0002 N. COUTLAND SR. CTR. 2-1,State Democratic Executive Committee,,DEM,Mose Jones Jr.,151
Lawrence,0002 N. COUTLAND SR. CTR. 2-1,U.S. House,5,DEM,Andrew Sneed,76
Lawrence,0002 N. COUTLAND SR. CTR. 2-1,U.S. House,5,DEM,Candice Dollar Duvieilh,63
Lawrence,0002 N. COUTLAND SR. CTR. 2-1,U.S. House,5,DEM,Jeremy Devito,40
Lawrence,0002 N. COUTLAND SR. CTR. 2-1,U.S. Senate,,DEM,Dakarai Larriett,31
Lawrence,0002 N. COUTLAND SR. CTR. 2-1,U.S. Senate,,DEM,Everett Wess,116
Lawrence,0002 N. COUTLAND SR. CTR. 2-1,U.S. Senate,,DEM,Kyle Sweetser,20
Lawrence,0002 N. COUTLAND SR. CTR. 2-1,U.S. Senate,,DEM,Mark S. Wheeler II,17
Lawrence,0002 N. COUTLAND SR. CTR. 2-1,Proposed Statewide Amendment 1,,,No,33
Lawrence,0002 N. COUTLAND SR. CTR. 2-1,Proposed Statewide Amendment 1,,,Yes,165
Lawrence,0002 N. COUTLAND SR. CTR. 2-1,Proposed Statewide Amendment 2,,,No,51
Lawrence,0002 N. COUTLAND SR. CTR. 2-1,Proposed Statewide Amendment 2,,,Yes,144
Lawrence,0002 N. COUTLAND SR. CTR. 2-1,Attorney General,,REP,Jay Mitchell,7
Lawrence,0002 N. COUTLAND SR. CTR. 2-1,Attorney General,,REP,Katherine Robertson,2
Lawrence,0002 N. COUTLAND SR. CTR. 2-1,Attorney General,,REP,Pamela L. Casey,2
Lawrence,0002 N. COUTLAND SR. CTR. 2-1,Governor,,REP,"""Alabama"" Will Santivasci",0
Lawrence,0002 N. COUTLAND SR. CTR. 2-1,Governor,,REP,Ken McFeeters,0
Lawrence,0002 N. COUTLAND SR. CTR. 2-1,Governor,,REP,Thomas Tuberville,12
Lawrence,0002 N. COUTLAND SR. CTR. 2-1,Lawrence County Sheriff,,REP,Keith Ligon,6
Lawrence,0002 N. COUTLAND SR. CTR. 2-1,Lawrence County Sheriff,,REP,Stacy Rose,6
Lawrence,0002 N. COUTLAND SR. CTR. 2-1,Lieutenant Governor,,REP,George Childress,0
Lawrence,0002 N. COUTLAND SR. CTR. 2-1,Lieutenant Governor,,REP,John Wahl,5
Lawrence,0002 N. COUTLAND SR. CTR. 2-1,Lieutenant Governor,,REP,Nicole Jones Wadsworth,0
Lawrence,0002 N. COUTLAND SR. CTR. 2-1,Lieutenant Governor,,REP,Pat Bishop,0
Lawrence,0002 N. COUTLAND SR. CTR. 2-1,Lieutenant Governor,,REP,Rick Pate,0
Lawrence,0002 N. COUTLAND SR. CTR. 2-1,Lieutenant Governor,,REP,Stewart Hill Tankersley,0
Lawrence,0002 N. COUTLAND SR. CTR. 2-1,Lieutenant Governor,,REP,Wes Allen,7
Lawrence,0002 N. COUTLAND SR. CTR. 2-1,"Member, Lawrence County Commission, District No. 1",,REP,Adam Terry,6
Lawrence,0002 N. COUTLAND SR. CTR. 2-1,"Member, Lawrence County Commission, District No. 1",,REP,Jay Johnson,5
Lawrence,0002 N. COUTLAND SR. CTR. 2-1,"Member, Lawrence County Gop Executive Committee, District No. 1",,REP,Tim Guyse,7
Lawrence,0002 N. COUTLAND SR. CTR. 2-1,"Member, Lawrence County Gop Executive Committee, District No. 1",,REP,Angelo Doc Mancuso,5
Lawrence,0002 N. COUTLAND SR. CTR. 2-1,"Public Service Commission, Place No. 2",,REP,Brent Woodall,2
Lawrence,0002 N. COUTLAND SR. CTR. 2-1,"Public Service Commission, Place No. 2",,REP,Chris Beeker,3
Lawrence,0002 N. COUTLAND SR. CTR. 2-1,"Public Service Commission, Place No. 2",,REP,Jim Zig Zeigler,5
Lawrence,0002 N. COUTLAND SR. CTR. 2-1,"Public Service Commission, Place No. 2",,REP,Priscilla Andrews,1
Lawrence,0002 N. COUTLAND SR. CTR. 2-1,Secretary of State,,REP,Caroleene Dobson,10
Lawrence,0002 N. COUTLAND SR. CTR. 2-1,Secretary of State,,REP,Christopher Christian Horn,1
Lawrence,0002 N. COUTLAND SR. CTR. 2-1,Secretary of State,,REP,Glenda S. Jackson,1
Lawrence,0002 N. COUTLAND SR. CTR. 2-1,State Auditor,,REP,Andrew Sorrell,9
Lawrence,0002 N. COUTLAND SR. CTR. 2-1,State Auditor,,REP,Derek Chen,3
Lawrence,0002 N. COUTLAND SR. CTR. 2-1,"State Republican Executive Committee, Lawrence County, Place 1",,REP,Angelo Doc Mancuso,4
Lawrence,0002 N. COUTLAND SR. CTR. 2-1,"State Republican Executive Committee, Lawrence County, Place 1",,REP,Ernie Yarbrough,7
Lawrence,0002 N. COUTLAND SR. CTR. 2-1,State Treasurer,,REP,Steve Lolley,2
Lawrence,0002 N. COUTLAND SR. CTR. 2-1,State Treasurer,,REP,Young Boozer,9
Lawrence,0002 N. COUTLAND SR. CTR. 2-1,U.S. Senate,,REP,Barry Moore,6
Lawrence,0002 N. COUTLAND SR. CTR. 2-1,U.S. Senate,,REP,Dale Shelton Deas Jr.,0
Lawrence,0002 N. COUTLAND SR. CTR. 2-1,U.S. Senate,,REP,Jared Hudson,2
Lawrence,0002 N. COUTLAND SR. CTR. 2-1,U.S. Senate,,REP,Morgan Murphy,0
Lawrence,0002 N. COUTLAND SR. CTR. 2-1,U.S. Senate,,REP,Rodney Walker,0
Lawrence,0002 N. COUTLAND SR. CTR. 2-1,U.S. Senate,,REP,Seth Burton,0
Lawrence,0002 N. COUTLAND SR. CTR. 2-1,U.S. Senate,,REP,Steve Marshall,4
Lawrence,0003 RED BANK FIRE DEPT. 3-1,Governor,,DEM,"Chad ""Chig"" Martin",0
Lawrence,0003 RED BANK FIRE DEPT. 3-1,Governor,,DEM,Doug Jones,111
Lawrence,0003 RED BANK FIRE DEPT. 3-1,Governor,,DEM,Jamel J. Brown,3
Lawrence,0003 RED BANK FIRE DEPT. 3-1,Governor,,DEM,"Nathan ""Nate"" Mathis",2
Lawrence,0003 RED BANK FIRE DEPT. 3-1,Governor,,DEM,Will Boyd,27
Lawrence,0003 RED BANK FIRE DEPT. 3-1,Governor,,DEM,Yolanda Rochelle Flowers,0
Lawrence,0003 RED BANK FIRE DEPT. 3-1,Lieutenant Governor,,DEM,Darryl D. Perryman,22
Lawrence,0003 RED BANK FIRE DEPT. 3-1,Lieutenant Governor,,DEM,Phillip Ensler,109
Lawrence,0003 RED BANK FIRE DEPT. 3-1,State Democratic Executive Committee,,DEM,Brenda Hampton,51
Lawrence,0003 RED BANK FIRE DEPT. 3-1,State Democratic Executive Committee,,DEM,Marcus Echols,17
Lawrence,0003 RED BANK FIRE DEPT. 3-1,State Democratic Executive Committee,,DEM,Melvina Taylor Watkins,88
Lawrence,0003 RED BANK FIRE DEPT. 3-1,State Democratic Executive Committee,,DEM,Mose Jones Jr.,126
Lawrence,0003 RED BANK FIRE DEPT. 3-1,U.S. House,5,DEM,Andrew Sneed,86
Lawrence,0003 RED BANK FIRE DEPT. 3-1,U.S. House,5,DEM,Candice Dollar Duvieilh,28
Lawrence,0003 RED BANK FIRE DEPT. 3-1,U.S. House,5,DEM,Jeremy Devito,14
Lawrence,0003 RED BANK FIRE DEPT. 3-1,U.S. Senate,,DEM,Dakarai Larriett,12
Lawrence,0003 RED BANK FIRE DEPT. 3-1,U.S. Senate,,DEM,Everett Wess,101
Lawrence,0003 RED BANK FIRE DEPT. 3-1,U.S. Senate,,DEM,Kyle Sweetser,13
Lawrence,0003 RED BANK FIRE DEPT. 3-1,U.S. Senate,,DEM,Mark S. Wheeler II,9
Lawrence,0003 RED BANK FIRE DEPT. 3-1,Proposed Statewide Amendment 1,,,No,6
Lawrence,0003 RED BANK FIRE DEPT. 3-1,Proposed Statewide Amendment 1,,,Yes,176
Lawrence,0003 RED BANK FIRE DEPT. 3-1,Proposed Statewide Amendment 2,,,No,35
Lawrence,0003 RED BANK FIRE DEPT. 3-1,Proposed Statewide Amendment 2,,,Yes,145
Lawrence,0003 RED BANK FIRE DEPT. 3-1,Attorney General,,REP,Jay Mitchell,20
Lawrence,0003 RED BANK FIRE DEPT. 3-1,Attorney General,,REP,Katherine Robertson,16
Lawrence,0003 RED BANK FIRE DEPT. 3-1,Attorney General,,REP,Pamela L. Casey,3
Lawrence,0003 RED BANK FIRE DEPT. 3-1,Governor,,REP,"""Alabama"" Will Santivasci",0
Lawrence,0003 RED BANK FIRE DEPT. 3-1,Governor,,REP,Ken McFeeters,1
Lawrence,0003 RED BANK FIRE DEPT. 3-1,Governor,,REP,Thomas Tuberville,39
Lawrence,0003 RED BANK FIRE DEPT. 3-1,Lawrence County Sheriff,,REP,Keith Ligon,5
Lawrence,0003 RED BANK FIRE DEPT. 3-1,Lawrence County Sheriff,,REP,Stacy Rose,34
Lawrence,0003 RED BANK FIRE DEPT. 3-1,Lieutenant Governor,,REP,George Childress,0
Lawrence,0003 RED BANK FIRE DEPT. 3-1,Lieutenant Governor,,REP,John Wahl,23
Lawrence,0003 RED BANK FIRE DEPT. 3-1,Lieutenant Governor,,REP,Nicole Jones Wadsworth,0
Lawrence,0003 RED BANK FIRE DEPT. 3-1,Lieutenant Governor,,REP,Pat Bishop,1
Lawrence,0003 RED BANK FIRE DEPT. 3-1,Lieutenant Governor,,REP,Rick Pate,1
Lawrence,0003 RED BANK FIRE DEPT. 3-1,Lieutenant Governor,,REP,Stewart Hill Tankersley,0
Lawrence,0003 RED BANK FIRE DEPT. 3-1,Lieutenant Governor,,REP,Wes Allen,15
Lawrence,0003 RED BANK FIRE DEPT. 3-1,"Member, Lawrence County Commission, District No. 1",,REP,Adam Terry,22
Lawrence,0003 RED BANK FIRE DEPT. 3-1,"Member, Lawrence County Commission, District No. 1",,REP,Jay Johnson,12
Lawrence,0003 RED BANK FIRE DEPT. 3-1,"Member, Lawrence County Gop Executive Committee, District No. 1",,REP,Tim Guyse,23
Lawrence,0003 RED BANK FIRE DEPT. 3-1,"Member, Lawrence County Gop Executive Committee, District No. 1",,REP,Angelo Doc Mancuso,9
Lawrence,0003 RED BANK FIRE DEPT. 3-1,"Public Service Commission, Place No. 2",,REP,Brent Woodall,9
Lawrence,0003 RED BANK FIRE DEPT. 3-1,"Public Service Commission, Place No. 2",,REP,Chris Beeker,11
Lawrence,0003 RED BANK FIRE DEPT. 3-1,"Public Service Commission, Place No. 2",,REP,Jim Zig Zeigler,17
Lawrence,0003 RED BANK FIRE DEPT. 3-1,"Public Service Commission, Place No. 2",,REP,Priscilla Andrews,2
Lawrence,0003 RED BANK FIRE DEPT. 3-1,Secretary of State,,REP,Caroleene Dobson,24
Lawrence,0003 RED BANK FIRE DEPT. 3-1,Secretary of State,,REP,Christopher Christian Horn,11
Lawrence,0003 RED BANK FIRE DEPT. 3-1,Secretary of State,,REP,Glenda S. Jackson,0
Lawrence,0003 RED BANK FIRE DEPT. 3-1,State Auditor,,REP,Andrew Sorrell,30
Lawrence,0003 RED BANK FIRE DEPT. 3-1,State Auditor,,REP,Derek Chen,9
Lawrence,0003 RED BANK FIRE DEPT. 3-1,"State Republican Executive Committee, Lawrence County, Place 1",,REP,Angelo Doc Mancuso,7
Lawrence,0003 RED BANK FIRE DEPT. 3-1,"State Republican Executive Committee, Lawrence County, Place 1",,REP,Ernie Yarbrough,28
Lawrence,0003 RED BANK FIRE DEPT. 3-1,State Treasurer,,REP,Steve Lolley,6
Lawrence,0003 RED BANK FIRE DEPT. 3-1,State Treasurer,,REP,Young Boozer,31
Lawrence,0003 RED BANK FIRE DEPT. 3-1,U.S. Senate,,REP,Barry Moore,10
Lawrence,0003 RED BANK FIRE DEPT. 3-1,U.S. Senate,,REP,Dale Shelton Deas Jr.,1
Lawrence,0003 RED BANK FIRE DEPT. 3-1,U.S. Senate,,REP,Jared Hudson,18
Lawrence,0003 RED BANK FIRE DEPT. 3-1,U.S. Senate,,REP,Morgan Murphy,0
Lawrence,0003 RED BANK FIRE DEPT. 3-1,U.S. Senate,,REP,Rodney Walker,2
Lawrence,0003 RED BANK FIRE DEPT. 3-1,U.S. Senate,,REP,Seth Burton,0
Lawrence,0003 RED BANK FIRE DEPT. 3-1,U.S. Senate,,REP,Steve Marshall,9
Lawrence,0004 HILLBORO FIRE DEPT. 4-1,Governor,,DEM,"Chad ""Chig"" Martin",0
Lawrence,0004 HILLBORO FIRE DEPT. 4-1,Governor,,DEM,Doug Jones,68
Lawrence,0004 HILLBORO FIRE DEPT. 4-1,Governor,,DEM,Jamel J. Brown,1
Lawrence,0004 HILLBORO FIRE DEPT. 4-1,Governor,,DEM,"Nathan ""Nate"" Mathis",2
Lawrence,0004 HILLBORO FIRE DEPT. 4-1,Governor,,DEM,Will Boyd,11
Lawrence,0004 HILLBORO FIRE DEPT. 4-1,Governor,,DEM,Yolanda Rochelle Flowers,7
Lawrence,0004 HILLBORO FIRE DEPT. 4-1,Lieutenant Governor,,DEM,Darryl D. Perryman,34
Lawrence,0004 HILLBORO FIRE DEPT. 4-1,Lieutenant Governor,,DEM,Phillip Ensler,53
Lawrence,0004 HILLBORO FIRE DEPT. 4-1,State Democratic Executive Committee,,DEM,Brenda Hampton,39
Lawrence,0004 HILLBORO FIRE DEPT. 4-1,State Democratic Executive Committee,,DEM,Marcus Echols,32
Lawrence,0004 HILLBORO FIRE DEPT. 4-1,State Democratic Executive Committee,,DEM,Melvina Taylor Watkins,51
Lawrence,0004 HILLBORO FIRE DEPT. 4-1,State Democratic Executive Committee,,DEM,Mose Jones Jr.,58
Lawrence,0004 HILLBORO FIRE DEPT. 4-1,U.S. House,5,DEM,Andrew Sneed,48
Lawrence,0004 HILLBORO FIRE DEPT. 4-1,U.S. House,5,DEM,Candice Dollar Duvieilh,28
Lawrence,0004 HILLBORO FIRE DEPT. 4-1,U.S. House,5,DEM,Jeremy Devito,12
Lawrence,0004 HILLBORO FIRE DEPT. 4-1,U.S. Senate,,DEM,Dakarai Larriett,24
Lawrence,0004 HILLBORO FIRE DEPT. 4-1,U.S. Senate,,DEM,Everett Wess,42
Lawrence,0004 HILLBORO FIRE DEPT. 4-1,U.S. Senate,,DEM,Kyle Sweetser,5
Lawrence,0004 HILLBORO FIRE DEPT. 4-1,U.S. Senate,,DEM,Mark S. Wheeler II,15
Lawrence,0004 HILLBORO FIRE DEPT. 4-1,Proposed Statewide Amendment 1,,,No,33
Lawrence,0004 HILLBORO FIRE DEPT. 4-1,Proposed Statewide Amendment 1,,,Yes,142
Lawrence,0004 HILLBORO FIRE DEPT. 4-1,Proposed Statewide Amendment 2,,,No,57
Lawrence,0004 HILLBORO FIRE DEPT. 4-1,Proposed Statewide Amendment 2,,,Yes,113
Lawrence,0004 HILLBORO FIRE DEPT. 4-1,Attorney General,,REP,Jay Mitchell,38
Lawrence,0004 HILLBORO FIRE DEPT. 4-1,Attorney General,,REP,Katherine Robertson,27
Lawrence,0004 HILLBORO FIRE DEPT. 4-1,Attorney General,,REP,Pamela L. Casey,16
Lawrence,0004 HILLBORO FIRE DEPT. 4-1,Governor,,REP,"""Alabama"" Will Santivasci",3
Lawrence,0004 HILLBORO FIRE DEPT. 4-1,Governor,,REP,Ken McFeeters,8
Lawrence,0004 HILLBORO FIRE DEPT. 4-1,Governor,,REP,Thomas Tuberville,76
Lawrence,0004 HILLBORO FIRE DEPT. 4-1,Lawrence County Sheriff,,REP,Keith Ligon,19
Lawrence,0004 HILLBORO FIRE DEPT. 4-1,Lawrence County Sheriff,,REP,Stacy Rose,75
Lawrence,0004 HILLBORO FIRE DEPT. 4-1,Lieutenant Governor,,REP,George Childress,2
Lawrence,0004 HILLBORO FIRE DEPT. 4-1,Lieutenant Governor,,REP,John Wahl,40
Lawrence,0004 HILLBORO FIRE DEPT. 4-1,Lieutenant Governor,,REP,Nicole Jones Wadsworth,1
Lawrence,0004 HILLBORO FIRE DEPT. 4-1,Lieutenant Governor,,REP,Pat Bishop,4
Lawrence,0004 HILLBORO FIRE DEPT. 4-1,Lieutenant Governor,,REP,Rick Pate,3
Lawrence,0004 HILLBORO FIRE DEPT. 4-1,Lieutenant Governor,,REP,Stewart Hill Tankersley,1
Lawrence,0004 HILLBORO FIRE DEPT. 4-1,Lieutenant Governor,,REP,Wes Allen,32
Lawrence,0004 HILLBORO FIRE DEPT. 4-1,"Member, Lawrence County Commission, District No. 1",,REP,Adam Terry,81
Lawrence,0004 HILLBORO FIRE DEPT. 4-1,"Member, Lawrence County Commission, District No. 1",,REP,Jay Johnson,9
Lawrence,0004 HILLBORO FIRE DEPT. 4-1,"Member, Lawrence County Gop Executive Committee, District No. 1",,REP,Tim Guyse,49
Lawrence,0004 HILLBORO FIRE DEPT. 4-1,"Member, Lawrence County Gop Executive Committee, District No. 1",,REP,Angelo Doc Mancuso,31
Lawrence,0004 HILLBORO FIRE DEPT. 4-1,"Public Service Commission, Place No. 2",,REP,Brent Woodall,12
Lawrence,0004 HILLBORO FIRE DEPT. 4-1,"Public Service Commission, Place No. 2",,REP,Chris Beeker,33
Lawrence,0004 HILLBORO FIRE DEPT. 4-1,"Public Service Commission, Place No. 2",,REP,Jim Zig Zeigler,26
Lawrence,0004 HILLBORO FIRE DEPT. 4-1,"Public Service Commission, Place No. 2",,REP,Priscilla Andrews,4
Lawrence,0004 HILLBORO FIRE DEPT. 4-1,Secretary of State,,REP,Caroleene Dobson,50
Lawrence,0004 HILLBORO FIRE DEPT. 4-1,Secretary of State,,REP,Christopher Christian Horn,19
Lawrence,0004 HILLBORO FIRE DEPT. 4-1,Secretary of State,,REP,Glenda S. Jackson,9
Lawrence,0004 HILLBORO FIRE DEPT. 4-1,State Auditor,,REP,Andrew Sorrell,60
Lawrence,0004 HILLBORO FIRE DEPT. 4-1,State Auditor,,REP,Derek Chen,19
Lawrence,0004 HILLBORO FIRE DEPT. 4-1,"State Republican Executive Committee, Lawrence County, Place 1",,REP,Angelo Doc Mancuso,40
Lawrence,0004 HILLBORO FIRE DEPT. 4-1,"State Republican Executive Committee, Lawrence County, Place 1",,REP,Ernie Yarbrough,42
Lawrence,0004 HILLBORO FIRE DEPT. 4-1,State Treasurer,,REP,Steve Lolley,21
Lawrence,0004 HILLBORO FIRE DEPT. 4-1,State Treasurer,,REP,Young Boozer,56
Lawrence,0004 HILLBORO FIRE DEPT. 4-1,U.S. Senate,,REP,Barry Moore,22
Lawrence,0004 HILLBORO FIRE DEPT. 4-1,U.S. Senate,,REP,Dale Shelton Deas Jr.,1
Lawrence,0004 HILLBORO FIRE DEPT. 4-1,U.S. Senate,,REP,Jared Hudson,24
Lawrence,0004 HILLBORO FIRE DEPT. 4-1,U.S. Senate,,REP,Morgan Murphy,2
Lawrence,0004 HILLBORO FIRE DEPT. 4-1,U.S. Senate,,REP,Rodney Walker,10
Lawrence,0004 HILLBORO FIRE DEPT. 4-1,U.S. Senate,,REP,Seth Burton,1
Lawrence,0004 HILLBORO FIRE DEPT. 4-1,U.S. Senate,,REP,Steve Marshall,24
Lawrence,0005 TOWN CREEK COM. CTR. 5-1,Governor,,DEM,"Chad ""Chig"" Martin",0
Lawrence,0005 TOWN CREEK COM. CTR. 5-1,Governor,,DEM,Doug Jones,53
Lawrence,0005 TOWN CREEK COM. CTR. 5-1,Governor,,DEM,Jamel J. Brown,6
Lawrence,0005 TOWN CREEK COM. CTR. 5-1,Governor,,DEM,"Nathan ""Nate"" Mathis",4
Lawrence,0005 TOWN CREEK COM. CTR. 5-1,Governor,,DEM,Will Boyd,15
Lawrence,0005 TOWN CREEK COM. CTR. 5-1,Governor,,DEM,Yolanda Rochelle Flowers,0
Lawrence,0005 TOWN CREEK COM. CTR. 5-1,Lieutenant Governor,,DEM,Darryl D. Perryman,22
Lawrence,0005 TOWN CREEK COM. CTR. 5-1,Lieutenant Governor,,DEM,Phillip Ensler,50
Lawrence,0005 TOWN CREEK COM. CTR. 5-1,State Democratic Executive Committee,,DEM,Brenda Hampton,42
Lawrence,0005 TOWN CREEK COM. CTR. 5-1,State Democratic Executive Committee,,DEM,Marcus Echols,22
Lawrence,0005 TOWN CREEK COM. CTR. 5-1,State Democratic Executive Committee,,DEM,Melvina Taylor Watkins,35
Lawrence,0005 TOWN CREEK COM. CTR. 5-1,State Democratic Executive Committee,,DEM,Mose Jones Jr.,56
Lawrence,0005 TOWN CREEK COM. CTR. 5-1,U.S. House,5,DEM,Andrew Sneed,28
Lawrence,0005 TOWN CREEK COM. CTR. 5-1,U.S. House,5,DEM,Candice Dollar Duvieilh,23
Lawrence,0005 TOWN CREEK COM. CTR. 5-1,U.S. House,5,DEM,Jeremy Devito,16
Lawrence,0005 TOWN CREEK COM. CTR. 5-1,U.S. Senate,,DEM,Dakarai Larriett,18
Lawrence,0005 TOWN CREEK COM. CTR. 5-1,U.S. Senate,,DEM,Everett Wess,41
Lawrence,0005 TOWN CREEK COM. CTR. 5-1,U.S. Senate,,DEM,Kyle Sweetser,8
Lawrence,0005 TOWN CREEK COM. CTR. 5-1,U.S. Senate,,DEM,Mark S. Wheeler II,6
Lawrence,0005 TOWN CREEK COM. CTR. 5-1,Proposed Statewide Amendment 1,,,No,10
Lawrence,0005 TOWN CREEK COM. CTR. 5-1,Proposed Statewide Amendment 1,,,Yes,116
Lawrence,0005 TOWN CREEK COM. CTR. 5-1,Proposed Statewide Amendment 2,,,No,45
Lawrence,0005 TOWN CREEK COM. CTR. 5-1,Proposed Statewide Amendment 2,,,Yes,80
Lawrence,0005 TOWN CREEK COM. CTR. 5-1,Attorney General,,REP,Jay Mitchell,12
Lawrence,0005 TOWN CREEK COM. CTR. 5-1,Attorney General,,REP,Katherine Robertson,23
Lawrence,0005 TOWN CREEK COM. CTR. 5-1,Attorney General,,REP,Pamela L. Casey,9
Lawrence,0005 TOWN CREEK COM. CTR. 5-1,Governor,,REP,"""Alabama"" Will Santivasci",4
Lawrence,0005 TOWN CREEK COM. CTR. 5-1,Governor,,REP,Ken McFeeters,2
Lawrence,0005 TOWN CREEK COM. CTR. 5-1,Governor,,REP,Thomas Tuberville,41
Lawrence,0005 TOWN CREEK COM. CTR. 5-1,Lieutenant Governor,,REP,George Childress,2
Lawrence,0005 TOWN CREEK COM. CTR. 5-1,Lieutenant Governor,,REP,John Wahl,28
Lawrence,0005 TOWN CREEK COM. CTR. 5-1,Lieutenant Governor,,REP,Nicole Jones Wadsworth,0
Lawrence,0005 TOWN CREEK COM. CTR. 5-1,Lieutenant Governor,,REP,Pat Bishop,2
Lawrence,0005 TOWN CREEK COM. CTR. 5-1,Lieutenant Governor,,REP,Rick Pate,2
Lawrence,0005 TOWN CREEK COM. CTR. 5-1,Lieutenant Governor,,REP,Stewart Hill Tankersley,2
Lawrence,0005 TOWN CREEK COM. CTR. 5-1,Lieutenant Governor,,REP,Wes Allen,11
Lawrence,0005 TOWN CREEK COM. CTR. 5-1,"Member, Lawrence County Commission, District No. 1",,REP,Adam Terry,20
Lawrence,0005 TOWN CREEK COM. CTR. 5-1,"Member, Lawrence County Commission, District No. 1",,REP,Jay Johnson,25
Lawrence,0005 TOWN CREEK COM. CTR. 5-1,"Member, Lawrence County Gop Executive Committee, District No. 1",,REP,Tim Guyse,36
Lawrence,0005 TOWN CREEK COM. CTR. 5-1,"Member, Lawrence County Gop Executive Committee, District No. 1",,REP,Angelo Doc Mancuso,9
Lawrence,0005 TOWN CREEK COM. CTR. 5-1,"Public Service Commission, Place No. 2",,REP,Brent Woodall,14
Lawrence,0005 TOWN CREEK COM. CTR. 5-1,"Public Service Commission, Place No. 2",,REP,Chris Beeker,4
Lawrence,0005 TOWN CREEK COM. CTR. 5-1,"Public Service Commission, Place No. 2",,REP,Jim Zig Zeigler,17
Lawrence,0005 TOWN CREEK COM. CTR. 5-1,"Public Service Commission, Place No. 2",,REP,Priscilla Andrews,7
Lawrence,0005 TOWN CREEK COM. CTR. 5-1,Secretary of State,,REP,Caroleene Dobson,22
Lawrence,0005 TOWN CREEK COM. CTR. 5-1,Secretary of State,,REP,Christopher Christian Horn,11
Lawrence,0005 TOWN CREEK COM. CTR. 5-1,Secretary of State,,REP,Glenda S. Jackson,9
Lawrence,0005 TOWN CREEK COM. CTR. 5-1,State Auditor,,REP,Andrew Sorrell,40
Lawrence,0005 TOWN CREEK COM. CTR. 5-1,State Auditor,,REP,Derek Chen,6
Lawrence,0005 TOWN CREEK COM. CTR. 5-1,"State Republican Executive Committee, Lawrence County, Place 1",,REP,Angelo Doc Mancuso,9
Lawrence,0005 TOWN CREEK COM. CTR. 5-1,"State Republican Executive Committee, Lawrence County, Place 1",,REP,Ernie Yarbrough,38
Lawrence,0005 TOWN CREEK COM. CTR. 5-1,State Treasurer,,REP,Steve Lolley,16
Lawrence,0005 TOWN CREEK COM. CTR. 5-1,State Treasurer,,REP,Young Boozer,25
Lawrence,0005 TOWN CREEK COM. CTR. 5-1,U.S. Senate,,REP,Barry Moore,13
Lawrence,0005 TOWN CREEK COM. CTR. 5-1,U.S. Senate,,REP,Dale Shelton Deas Jr.,1
Lawrence,0005 TOWN CREEK COM. CTR. 5-1,U.S. Senate,,REP,Jared Hudson,17
Lawrence,0005 TOWN CREEK COM. CTR. 5-1,U.S. Senate,,REP,Morgan Murphy,1
Lawrence,0005 TOWN CREEK COM. CTR. 5-1,U.S. Senate,,REP,Rodney Walker,0
Lawrence,0005 TOWN CREEK COM. CTR. 5-1,U.S. Senate,,REP,Seth Burton,0
Lawrence,0005 TOWN CREEK COM. CTR. 5-1,U.S. Senate,,REP,Steve Marshall,12
Lawrence,0006 MCCARLEY CTR. 6-1,Governor,,DEM,"Chad ""Chig"" Martin",1
Lawrence,0006 MCCARLEY CTR. 6-1,Governor,,DEM,Doug Jones,36
Lawrence,0006 MCCARLEY CTR. 6-1,Governor,,DEM,Jamel J. Brown,2
Lawrence,0006 MCCARLEY CTR. 6-1,Governor,,DEM,"Nathan ""Nate"" Mathis",0
Lawrence,0006 MCCARLEY CTR. 6-1,Governor,,DEM,Will Boyd,5
Lawrence,0006 MCCARLEY CTR. 6-1,Governor,,DEM,Yolanda Rochelle Flowers,4
Lawrence,0006 MCCARLEY CTR. 6-1,Lieutenant Governor,,DEM,Darryl D. Perryman,16
Lawrence,0006 MCCARLEY CTR. 6-1,Lieutenant Governor,,DEM,Phillip Ensler,29
Lawrence,0006 MCCARLEY CTR. 6-1,State Democratic Executive Committee,,DEM,Brenda Hampton,25
Lawrence,0006 MCCARLEY CTR. 6-1,State Democratic Executive Committee,,DEM,Marcus Echols,21
Lawrence,0006 MCCARLEY CTR. 6-1,State Democratic Executive Committee,,DEM,Melvina Taylor Watkins,19
Lawrence,0006 MCCARLEY CTR. 6-1,State Democratic Executive Committee,,DEM,Mose Jones Jr.,25
Lawrence,0006 MCCARLEY CTR. 6-1,U.S. House,5,DEM,Andrew Sneed,30
Lawrence,0006 MCCARLEY CTR. 6-1,U.S. House,5,DEM,Candice Dollar Duvieilh,12
Lawrence,0006 MCCARLEY CTR. 6-1,U.S. House,5,DEM,Jeremy Devito,4
Lawrence,0006 MCCARLEY CTR. 6-1,U.S. Senate,,DEM,Dakarai Larriett,7
Lawrence,0006 MCCARLEY CTR. 6-1,U.S. Senate,,DEM,Everett Wess,13
Lawrence,0006 MCCARLEY CTR. 6-1,U.S. Senate,,DEM,Kyle Sweetser,13
Lawrence,0006 MCCARLEY CTR. 6-1,U.S. Senate,,DEM,Mark S. Wheeler II,9
Lawrence,0006 MCCARLEY CTR. 6-1,Proposed Statewide Amendment 1,,,No,31
Lawrence,0006 MCCARLEY CTR. 6-1,Proposed Statewide Amendment 1,,,Yes,104
Lawrence,0006 MCCARLEY CTR. 6-1,Proposed Statewide Amendment 2,,,No,45
Lawrence,0006 MCCARLEY CTR. 6-1,Proposed Statewide Amendment 2,,,Yes,81
Lawrence,0006 MCCARLEY CTR. 6-1,Attorney General,,REP,Jay Mitchell,31
Lawrence,0006 MCCARLEY CTR. 6-1,Attorney General,,REP,Katherine Robertson,40
Lawrence,0006 MCCARLEY CTR. 6-1,Attorney General,,REP,Pamela L. Casey,13
Lawrence,0006 MCCARLEY CTR. 6-1,Governor,,REP,"""Alabama"" Will Santivasci",8
Lawrence,0006 MCCARLEY CTR. 6-1,Governor,,REP,Ken McFeeters,10
Lawrence,0006 MCCARLEY CTR. 6-1,Governor,,REP,Thomas Tuberville,76
Lawrence,0006 MCCARLEY CTR. 6-1,Lieutenant Governor,,REP,George Childress,2
Lawrence,0006 MCCARLEY CTR. 6-1,Lieutenant Governor,,REP,John Wahl,48
Lawrence,0006 MCCARLEY CTR. 6-1,Lieutenant Governor,,REP,Nicole Jones Wadsworth,4
Lawrence,0006 MCCARLEY CTR. 6-1,Lieutenant Governor,,REP,Pat Bishop,1
Lawrence,0006 MCCARLEY CTR. 6-1,Lieutenant Governor,,REP,Rick Pate,7
Lawrence,0006 MCCARLEY CTR. 6-1,Lieutenant Governor,,REP,Stewart Hill Tankersley,2
Lawrence,0006 MCCARLEY CTR. 6-1,Lieutenant Governor,,REP,Wes Allen,26
Lawrence,0006 MCCARLEY CTR. 6-1,"Member, Lawrence County Commission, District No. 1",,REP,Adam Terry,67
Lawrence,0006 MCCARLEY CTR. 6-1,"Member, Lawrence County Commission, District No. 1",,REP,Jay Johnson,21
Lawrence,0006 MCCARLEY CTR. 6-1,"Member, Lawrence County Gop Executive Committee, District No. 1",,REP,Tim Guyse,62
Lawrence,0006 MCCARLEY CTR. 6-1,"Member, Lawrence County Gop Executive Committee, District No. 1",,REP,Angelo Doc Mancuso,33
Lawrence,0006 MCCARLEY CTR. 6-1,"Public Service Commission, Place No. 2",,REP,Brent Woodall,13
Lawrence,0006 MCCARLEY CTR. 6-1,"Public Service Commission, Place No. 2",,REP,Chris Beeker,11
Lawrence,0006 MCCARLEY CTR. 6-1,"Public Service Commission, Place No. 2",,REP,Jim Zig Zeigler,44
Lawrence,0006 MCCARLEY CTR. 6-1,"Public Service Commission, Place No. 2",,REP,Priscilla Andrews,13
Lawrence,0006 MCCARLEY CTR. 6-1,Secretary of State,,REP,Caroleene Dobson,46
Lawrence,0006 MCCARLEY CTR. 6-1,Secretary of State,,REP,Christopher Christian Horn,18
Lawrence,0006 MCCARLEY CTR. 6-1,Secretary of State,,REP,Glenda S. Jackson,13
Lawrence,0006 MCCARLEY CTR. 6-1,State Auditor,,REP,Andrew Sorrell,64
Lawrence,0006 MCCARLEY CTR. 6-1,State Auditor,,REP,Derek Chen,25
Lawrence,0006 MCCARLEY CTR. 6-1,"State Republican Executive Committee, Lawrence County, Place 1",,REP,Angelo Doc Mancuso,39
Lawrence,0006 MCCARLEY CTR. 6-1,"State Republican Executive Committee, Lawrence County, Place 1",,REP,Ernie Yarbrough,54
Lawrence,0006 MCCARLEY CTR. 6-1,State Treasurer,,REP,Steve Lolley,26
Lawrence,0006 MCCARLEY CTR. 6-1,State Treasurer,,REP,Young Boozer,52
Lawrence,0006 MCCARLEY CTR. 6-1,U.S. Senate,,REP,Barry Moore,34
Lawrence,0006 MCCARLEY CTR. 6-1,U.S. Senate,,REP,Dale Shelton Deas Jr.,0
Lawrence,0006 MCCARLEY CTR. 6-1,U.S. Senate,,REP,Jared Hudson,24
Lawrence,0006 MCCARLEY CTR. 6-1,U.S. Senate,,REP,Morgan Murphy,3
Lawrence,0006 MCCARLEY CTR. 6-1,U.S. Senate,,REP,Rodney Walker,8
Lawrence,0006 MCCARLEY CTR. 6-1,U.S. Senate,,REP,Seth Burton,1
Lawrence,0006 MCCARLEY CTR. 6-1,U.S. Senate,,REP,Steve Marshall,20
Lawrence,0007 DONALD BAPT. CH 7-1 8-1,Governor,,DEM,"Chad ""Chig"" Martin",4
Lawrence,0007 DONALD BAPT. CH 7-1 8-1,Governor,,DEM,Doug Jones,27
Lawrence,0007 DONALD BAPT. CH 7-1 8-1,Governor,,DEM,Jamel J. Brown,0
Lawrence,0007 DONALD BAPT. CH 7-1 8-1,Governor,,DEM,"Nathan ""Nate"" Mathis",3
Lawrence,0007 DONALD BAPT. CH 7-1 8-1,Governor,,DEM,Will Boyd,4
Lawrence,0007 DONALD BAPT. CH 7-1 8-1,Governor,,DEM,Yolanda Rochelle Flowers,1
Lawrence,0007 DONALD BAPT. CH 7-1 8-1,Lieutenant Governor,,DEM,Darryl D. Perryman,10
Lawrence,0007 DONALD BAPT. CH 7-1 8-1,Lieutenant Governor,,DEM,Phillip Ensler,23
Lawrence,0007 DONALD BAPT. CH 7-1 8-1,State Democratic Executive Committee,,DEM,Brenda Hampton,28
Lawrence,0007 DONALD BAPT. CH 7-1 8-1,State Democratic Executive Committee,,DEM,Marcus Echols,18
Lawrence,0007 DONALD BAPT. CH 7-1 8-1,State Democratic Executive Committee,,DEM,Melvina Taylor Watkins,9
Lawrence,0007 DONALD BAPT. CH 7-1 8-1,State Democratic Executive Committee,,DEM,Mose Jones Jr.,20
Lawrence,0007 DONALD BAPT. CH 7-1 8-1,U.S. House,5,DEM,Andrew Sneed,19
Lawrence,0007 DONALD BAPT. CH 7-1 8-1,U.S. House,5,DEM,Candice Dollar Duvieilh,5
Lawrence,0007 DONALD BAPT. CH 7-1 8-1,U.S. House,5,DEM,Jeremy Devito,8
Lawrence,0007 DONALD BAPT. CH 7-1 8-1,U.S. Senate,,DEM,Dakarai Larriett,3
Lawrence,0007 DONALD BAPT. CH 7-1 8-1,U.S. Senate,,DEM,Everett Wess,15
Lawrence,0007 DONALD BAPT. CH 7-1 8-1,U.S. Senate,,DEM,Kyle Sweetser,6
Lawrence,0007 DONALD BAPT. CH 7-1 8-1,U.S. Senate,,DEM,Mark S. Wheeler II,9
Lawrence,0007 DONALD BAPT. CH 7-1 8-1,Proposed Statewide Amendment 1,,,No,16
Lawrence,0007 DONALD BAPT. CH 7-1 8-1,Proposed Statewide Amendment 1,,,Yes,138
Lawrence,0007 DONALD BAPT. CH 7-1 8-1,Proposed Statewide Amendment 2,,,No,75
Lawrence,0007 DONALD BAPT. CH 7-1 8-1,Proposed Statewide Amendment 2,,,Yes,74
Lawrence,0007 DONALD BAPT. CH 7-1 8-1,Attorney General,,REP,Jay Mitchell,45
Lawrence,0007 DONALD BAPT. CH 7-1 8-1,Attorney General,,REP,Katherine Robertson,46
Lawrence,0007 DONALD BAPT. CH 7-1 8-1,Attorney General,,REP,Pamela L. Casey,21
Lawrence,0007 DONALD BAPT. CH 7-1 8-1,Governor,,REP,"""Alabama"" Will Santivasci",7
Lawrence,0007 DONALD BAPT. CH 7-1 8-1,Governor,,REP,Ken McFeeters,12
Lawrence,0007 DONALD BAPT. CH 7-1 8-1,Governor,,REP,Thomas Tuberville,99
Lawrence,0007 DONALD BAPT. CH 7-1 8-1,Lieutenant Governor,,REP,George Childress,3
Lawrence,0007 DONALD BAPT. CH 7-1 8-1,Lieutenant Governor,,REP,John Wahl,61
Lawrence,0007 DONALD BAPT. CH 7-1 8-1,Lieutenant Governor,,REP,Nicole Jones Wadsworth,3
Lawrence,0007 DONALD BAPT. CH 7-1 8-1,Lieutenant Governor,,REP,Pat Bishop,1
Lawrence,0007 DONALD BAPT. CH 7-1 8-1,Lieutenant Governor,,REP,Rick Pate,8
Lawrence,0007 DONALD BAPT. CH 7-1 8-1,Lieutenant Governor,,REP,Stewart Hill Tankersley,0
Lawrence,0007 DONALD BAPT. CH 7-1 8-1,Lieutenant Governor,,REP,Wes Allen,42
Lawrence,0007 DONALD BAPT. CH 7-1 8-1,"Member, Lawrence County Commission, District No. 1",,REP,Adam Terry,67
Lawrence,0007 DONALD BAPT. CH 7-1 8-1,"Member, Lawrence County Commission, District No. 1",,REP,Jay Johnson,52
Lawrence,0007 DONALD BAPT. CH 7-1 8-1,"Member, Lawrence County Gop Executive Committee, District No. 1",,REP,Tim Guyse,80
Lawrence,0007 DONALD BAPT. CH 7-1 8-1,"Member, Lawrence County Gop Executive Committee, District No. 1",,REP,Angelo Doc Mancuso,35
Lawrence,0007 DONALD BAPT. CH 7-1 8-1,"Public Service Commission, Place No. 2",,REP,Brent Woodall,26
Lawrence,0007 DONALD BAPT. CH 7-1 8-1,"Public Service Commission, Place No. 2",,REP,Chris Beeker,26
Lawrence,0007 DONALD BAPT. CH 7-1 8-1,"Public Service Commission, Place No. 2",,REP,Jim Zig Zeigler,43
Lawrence,0007 DONALD BAPT. CH 7-1 8-1,"Public Service Commission, Place No. 2",,REP,Priscilla Andrews,12
Lawrence,0007 DONALD BAPT. CH 7-1 8-1,Secretary of State,,REP,Caroleene Dobson,60
Lawrence,0007 DONALD BAPT. CH 7-1 8-1,Secretary of State,,REP,Christopher Christian Horn,32
Lawrence,0007 DONALD BAPT. CH 7-1 8-1,Secretary of State,,REP,Glenda S. Jackson,16
Lawrence,0007 DONALD BAPT. CH 7-1 8-1,State Auditor,,REP,Andrew Sorrell,92
Lawrence,0007 DONALD BAPT. CH 7-1 8-1,State Auditor,,REP,Derek Chen,21
Lawrence,0007 DONALD BAPT. CH 7-1 8-1,"State Republican Executive Committee, Lawrence County, Place 1",,REP,Angelo Doc Mancuso,35
Lawrence,0007 DONALD BAPT. CH 7-1 8-1,"State Republican Executive Committee, Lawrence County, Place 1",,REP,Ernie Yarbrough,83
Lawrence,0007 DONALD BAPT. CH 7-1 8-1,State Treasurer,,REP,Steve Lolley,55
Lawrence,0007 DONALD BAPT. CH 7-1 8-1,State Treasurer,,REP,Young Boozer,52
Lawrence,0007 DONALD BAPT. CH 7-1 8-1,U.S. Senate,,REP,Barry Moore,50
Lawrence,0007 DONALD BAPT. CH 7-1 8-1,U.S. Senate,,REP,Dale Shelton Deas Jr.,1
Lawrence,0007 DONALD BAPT. CH 7-1 8-1,U.S. Senate,,REP,Jared Hudson,23
Lawrence,0007 DONALD BAPT. CH 7-1 8-1,U.S. Senate,,REP,Morgan Murphy,0
Lawrence,0007 DONALD BAPT. CH 7-1 8-1,U.S. Senate,,REP,Rodney Walker,6
Lawrence,0007 DONALD BAPT. CH 7-1 8-1,U.S. Senate,,REP,Seth Burton,4
Lawrence,0007 DONALD BAPT. CH 7-1 8-1,U.S. Senate,,REP,Steve Marshall,36
Lawrence,0008 MT HOPE BAPT. FELLOW 9-1,Governor,,DEM,"Chad ""Chig"" Martin",0
Lawrence,0008 MT HOPE BAPT. FELLOW 9-1,Governor,,DEM,Doug Jones,4
Lawrence,0008 MT HOPE BAPT. FELLOW 9-1,Governor,,DEM,Jamel J. Brown,0
Lawrence,0008 MT HOPE BAPT. FELLOW 9-1,Governor,,DEM,"Nathan ""Nate"" Mathis",0
Lawrence,0008 MT HOPE BAPT. FELLOW 9-1,Governor,,DEM,Will Boyd,0
Lawrence,0008 MT HOPE BAPT. FELLOW 9-1,Governor,,DEM,Yolanda Rochelle Flowers,0
Lawrence,0008 MT HOPE BAPT. FELLOW 9-1,Lieutenant Governor,,DEM,Darryl D. Perryman,3
Lawrence,0008 MT HOPE BAPT. FELLOW 9-1,Lieutenant Governor,,DEM,Phillip Ensler,1
Lawrence,0008 MT HOPE BAPT. FELLOW 9-1,State Democratic Executive Committee,,DEM,Brenda Hampton,1
Lawrence,0008 MT HOPE BAPT. FELLOW 9-1,State Democratic Executive Committee,,DEM,Marcus Echols,4
Lawrence,0008 MT HOPE BAPT. FELLOW 9-1,State Democratic Executive Committee,,DEM,Melvina Taylor Watkins,3
Lawrence,0008 MT HOPE BAPT. FELLOW 9-1,State Democratic Executive Committee,,DEM,Mose Jones Jr.,0
Lawrence,0008 MT HOPE BAPT. FELLOW 9-1,U.S. House,5,DEM,Andrew Sneed,2
Lawrence,0008 MT HOPE BAPT. FELLOW 9-1,U.S. House,5,DEM,Candice Dollar Duvieilh,2
Lawrence,0008 MT HOPE BAPT. FELLOW 9-1,U.S. House,5,DEM,Jeremy Devito,0
Lawrence,0008 MT HOPE BAPT. FELLOW 9-1,U.S. Senate,,DEM,Dakarai Larriett,0
Lawrence,0008 MT HOPE BAPT. FELLOW 9-1,U.S. Senate,,DEM,Everett Wess,2
Lawrence,0008 MT HOPE BAPT. FELLOW 9-1,U.S. Senate,,DEM,Kyle Sweetser,2
Lawrence,0008 MT HOPE BAPT. FELLOW 9-1,U.S. Senate,,DEM,Mark S. Wheeler II,0
Lawrence,0008 MT HOPE BAPT. FELLOW 9-1,Proposed Statewide Amendment 1,,,No,16
Lawrence,0008 MT HOPE BAPT. FELLOW 9-1,Proposed Statewide Amendment 1,,,Yes,201
Lawrence,0008 MT HOPE BAPT. FELLOW 9-1,Proposed Statewide Amendment 2,,,No,82
Lawrence,0008 MT HOPE BAPT. FELLOW 9-1,Proposed Statewide Amendment 2,,,Yes,119
Lawrence,0008 MT HOPE BAPT. FELLOW 9-1,Attorney General,,REP,Jay Mitchell,69
Lawrence,0008 MT HOPE BAPT. FELLOW 9-1,Attorney General,,REP,Katherine Robertson,99
Lawrence,0008 MT HOPE BAPT. FELLOW 9-1,Attorney General,,REP,Pamela L. Casey,33
Lawrence,0008 MT HOPE BAPT. FELLOW 9-1,Governor,,REP,"""Alabama"" Will Santivasci",16
Lawrence,0008 MT HOPE BAPT. FELLOW 9-1,Governor,,REP,Ken McFeeters,13
Lawrence,0008 MT HOPE BAPT. FELLOW 9-1,Governor,,REP,Thomas Tuberville,200
Lawrence,0008 MT HOPE BAPT. FELLOW 9-1,Lieutenant Governor,,REP,George Childress,2
Lawrence,0008 MT HOPE BAPT. FELLOW 9-1,Lieutenant Governor,,REP,John Wahl,85
Lawrence,0008 MT HOPE BAPT. FELLOW 9-1,Lieutenant Governor,,REP,Nicole Jones Wadsworth,4
Lawrence,0008 MT HOPE BAPT. FELLOW 9-1,Lieutenant Governor,,REP,Pat Bishop,6
Lawrence,0008 MT HOPE BAPT. FELLOW 9-1,Lieutenant Governor,,REP,Rick Pate,13
Lawrence,0008 MT HOPE BAPT. FELLOW 9-1,Lieutenant Governor,,REP,Stewart Hill Tankersley,2
Lawrence,0008 MT HOPE BAPT. FELLOW 9-1,Lieutenant Governor,,REP,Wes Allen,100
Lawrence,0008 MT HOPE BAPT. FELLOW 9-1,"Member, Lawrence County Commission, District No. 2",,REP,Brandon Kerby,121
Lawrence,0008 MT HOPE BAPT. FELLOW 9-1,"Member, Lawrence County Commission, District No. 2",,REP,Jonathan Bradford,22
Lawrence,0008 MT HOPE BAPT. FELLOW 9-1,"Member, Lawrence County Commission, District No. 2",,REP,Rickey Johnson,98
Lawrence,0008 MT HOPE BAPT. FELLOW 9-1,"Public Service Commission, Place No. 2",,REP,Brent Woodall,37
Lawrence,0008 MT HOPE BAPT. FELLOW 9-1,"Public Service Commission, Place No. 2",,REP,Chris Beeker,65
Lawrence,0008 MT HOPE BAPT. FELLOW 9-1,"Public Service Commission, Place No. 2",,REP,Jim Zig Zeigler,68
Lawrence,0008 MT HOPE BAPT. FELLOW 9-1,"Public Service Commission, Place No. 2",,REP,Priscilla Andrews,13
Lawrence,0008 MT HOPE BAPT. FELLOW 9-1,Secretary of State,,REP,Caroleene Dobson,121
Lawrence,0008 MT HOPE BAPT. FELLOW 9-1,Secretary of State,,REP,Christopher Christian Horn,44
Lawrence,0008 MT HOPE BAPT. FELLOW 9-1,Secretary of State,,REP,Glenda S. Jackson,16
Lawrence,0008 MT HOPE BAPT. FELLOW 9-1,State Auditor,,REP,Andrew Sorrell,144
Lawrence,0008 MT HOPE BAPT. FELLOW 9-1,State Auditor,,REP,Derek Chen,51
Lawrence,0008 MT HOPE BAPT. FELLOW 9-1,"State Republican Executive Committee, Lawrence County, Place 1",,REP,Angelo Doc Mancuso,113
Lawrence,0008 MT HOPE BAPT. FELLOW 9-1,"State Republican Executive Committee, Lawrence County, Place 1",,REP,Ernie Yarbrough,100
Lawrence,0008 MT HOPE BAPT. FELLOW 9-1,State Treasurer,,REP,Steve Lolley,65
Lawrence,0008 MT HOPE BAPT. FELLOW 9-1,State Treasurer,,REP,Young Boozer,131
Lawrence,0008 MT HOPE BAPT. FELLOW 9-1,U.S. Senate,,REP,Barry Moore,78
Lawrence,0008 MT HOPE BAPT. FELLOW 9-1,U.S. Senate,,REP,Dale Shelton Deas Jr.,1
Lawrence,0008 MT HOPE BAPT. FELLOW 9-1,U.S. Senate,,REP,Jared Hudson,41
Lawrence,0008 MT HOPE BAPT. FELLOW 9-1,U.S. Senate,,REP,Morgan Murphy,5
Lawrence,0008 MT HOPE BAPT. FELLOW 9-1,U.S. Senate,,REP,Rodney Walker,11
Lawrence,0008 MT HOPE BAPT. FELLOW 9-1,U.S. Senate,,REP,Seth Burton,0
Lawrence,0008 MT HOPE BAPT. FELLOW 9-1,U.S. Senate,,REP,Steve Marshall,73
Lawrence,0009 WOLF SPRING BAPT. 10-1,Governor,,DEM,"Chad ""Chig"" Martin",5
Lawrence,0009 WOLF SPRING BAPT. 10-1,Governor,,DEM,Doug Jones,27
Lawrence,0009 WOLF SPRING BAPT. 10-1,Governor,,DEM,Jamel J. Brown,0
Lawrence,0009 WOLF SPRING BAPT. 10-1,Governor,,DEM,"Nathan ""Nate"" Mathis",1
Lawrence,0009 WOLF SPRING BAPT. 10-1,Governor,,DEM,Will Boyd,1
Lawrence,0009 WOLF SPRING BAPT. 10-1,Governor,,DEM,Yolanda Rochelle Flowers,1
Lawrence,0009 WOLF SPRING BAPT. 10-1,Lieutenant Governor,,DEM,Darryl D. Perryman,14
Lawrence,0009 WOLF SPRING BAPT. 10-1,Lieutenant Governor,,DEM,Phillip Ensler,18
Lawrence,0009 WOLF SPRING BAPT. 10-1,State Democratic Executive Committee,,DEM,Brenda Hampton,18
Lawrence,0009 WOLF SPRING BAPT. 10-1,State Democratic Executive Committee,,DEM,Marcus Echols,18
Lawrence,0009 WOLF SPRING BAPT. 10-1,State Democratic Executive Committee,,DEM,Melvina Taylor Watkins,15
Lawrence,0009 WOLF SPRING BAPT. 10-1,State Democratic Executive Committee,,DEM,Mose Jones Jr.,16
Lawrence,0009 WOLF SPRING BAPT. 10-1,U.S. House,5,DEM,Andrew Sneed,25
Lawrence,0009 WOLF SPRING BAPT. 10-1,U.S. House,5,DEM,Candice Dollar Duvieilh,6
Lawrence,0009 WOLF SPRING BAPT. 10-1,U.S. House,5,DEM,Jeremy Devito,1
Lawrence,0009 WOLF SPRING BAPT. 10-1,U.S. Senate,,DEM,Dakarai Larriett,2
Lawrence,0009 WOLF SPRING BAPT. 10-1,U.S. Senate,,DEM,Everett Wess,10
Lawrence,0009 WOLF SPRING BAPT. 10-1,U.S. Senate,,DEM,Kyle Sweetser,8
Lawrence,0009 WOLF SPRING BAPT. 10-1,U.S. Senate,,DEM,Mark S. Wheeler II,14
Lawrence,0009 WOLF SPRING BAPT. 10-1,Proposed Statewide Amendment 1,,,No,18
Lawrence,0009 WOLF SPRING BAPT. 10-1,Proposed Statewide Amendment 1,,,Yes,153
Lawrence,0009 WOLF SPRING BAPT. 10-1,Proposed Statewide Amendment 2,,,No,66
Lawrence,0009 WOLF SPRING BAPT. 10-1,Proposed Statewide Amendment 2,,,Yes,103
Lawrence,0009 WOLF SPRING BAPT. 10-1,Attorney General,,REP,Jay Mitchell,61
Lawrence,0009 WOLF SPRING BAPT. 10-1,Attorney General,,REP,Katherine Robertson,46
Lawrence,0009 WOLF SPRING BAPT. 10-1,Attorney General,,REP,Pamela L. Casey,26
Lawrence,0009 WOLF SPRING BAPT. 10-1,Governor,,REP,"""Alabama"" Will Santivasci",2
Lawrence,0009 WOLF SPRING BAPT. 10-1,Governor,,REP,Ken McFeeters,15
Lawrence,0009 WOLF SPRING BAPT. 10-1,Governor,,REP,Thomas Tuberville,126
Lawrence,0009 WOLF SPRING BAPT. 10-1,Lieutenant Governor,,REP,George Childress,3
Lawrence,0009 WOLF SPRING BAPT. 10-1,Lieutenant Governor,,REP,John Wahl,55
Lawrence,0009 WOLF SPRING BAPT. 10-1,Lieutenant Governor,,REP,Nicole Jones Wadsworth,4
Lawrence,0009 WOLF SPRING BAPT. 10-1,Lieutenant Governor,,REP,Pat Bishop,7
Lawrence,0009 WOLF SPRING BAPT. 10-1,Lieutenant Governor,,REP,Rick Pate,8
Lawrence,0009 WOLF SPRING BAPT. 10-1,Lieutenant Governor,,REP,Stewart Hill Tankersley,4
Lawrence,0009 WOLF SPRING BAPT. 10-1,Lieutenant Governor,,REP,Wes Allen,58
Lawrence,0009 WOLF SPRING BAPT. 10-1,"Member, Lawrence County Commission, District No. 2",,REP,Brandon Kerby,91
Lawrence,0009 WOLF SPRING BAPT. 10-1,"Member, Lawrence County Commission, District No. 2",,REP,Jonathan Bradford,11
Lawrence,0009 WOLF SPRING BAPT. 10-1,"Member, Lawrence County Commission, District No. 2",,REP,Rickey Johnson,54
Lawrence,0009 WOLF SPRING BAPT. 10-1,"Public Service Commission, Place No. 2",,REP,Brent Woodall,24
Lawrence,0009 WOLF SPRING BAPT. 10-1,"Public Service Commission, Place No. 2",,REP,Chris Beeker,25
Lawrence,0009 WOLF SPRING BAPT. 10-1,"Public Service Commission, Place No. 2",,REP,Jim Zig Zeigler,53
Lawrence,0009 WOLF SPRING BAPT. 10-1,"Public Service Commission, Place No. 2",,REP,Priscilla Andrews,13
Lawrence,0009 WOLF SPRING BAPT. 10-1,Secretary of State,,REP,Caroleene Dobson,55
Lawrence,0009 WOLF SPRING BAPT. 10-1,Secretary of State,,REP,Christopher Christian Horn,41
Lawrence,0009 WOLF SPRING BAPT. 10-1,Secretary of State,,REP,Glenda S. Jackson,16
Lawrence,0009 WOLF SPRING BAPT. 10-1,State Auditor,,REP,Andrew Sorrell,103
Lawrence,0009 WOLF SPRING BAPT. 10-1,State Auditor,,REP,Derek Chen,32
Lawrence,0009 WOLF SPRING BAPT. 10-1,"State Republican Executive Committee, Lawrence County, Place 1",,REP,Angelo Doc Mancuso,54
Lawrence,0009 WOLF SPRING BAPT. 10-1,"State Republican Executive Committee, Lawrence County, Place 1",,REP,Ernie Yarbrough,85
Lawrence,0009 WOLF SPRING BAPT. 10-1,State Treasurer,,REP,Steve Lolley,51
Lawrence,0009 WOLF SPRING BAPT. 10-1,State Treasurer,,REP,Young Boozer,75
Lawrence,0009 WOLF SPRING BAPT. 10-1,U.S. Senate,,REP,Barry Moore,45
Lawrence,0009 WOLF SPRING BAPT. 10-1,U.S. Senate,,REP,Dale Shelton Deas Jr.,0
Lawrence,0009 WOLF SPRING BAPT. 10-1,U.S. Senate,,REP,Jared Hudson,28
Lawrence,0009 WOLF SPRING BAPT. 10-1,U.S. Senate,,REP,Morgan Murphy,4
Lawrence,0009 WOLF SPRING BAPT. 10-1,U.S. Senate,,REP,Rodney Walker,5
Lawrence,0009 WOLF SPRING BAPT. 10-1,U.S. Senate,,REP,Seth Burton,5
Lawrence,0009 WOLF SPRING BAPT. 10-1,U.S. Senate,,REP,Steve Marshall,53
Lawrence,0010 FLAT ROCK-NEW ZION 11-1,Governor,,DEM,"Chad ""Chig"" Martin",0
Lawrence,0010 FLAT ROCK-NEW ZION 11-1,Governor,,DEM,Doug Jones,5
Lawrence,0010 FLAT ROCK-NEW ZION 11-1,Governor,,DEM,Jamel J. Brown,0
Lawrence,0010 FLAT ROCK-NEW ZION 11-1,Governor,,DEM,"Nathan ""Nate"" Mathis",0
Lawrence,0010 FLAT ROCK-NEW ZION 11-1,Governor,,DEM,Will Boyd,0
Lawrence,0010 FLAT ROCK-NEW ZION 11-1,Governor,,DEM,Yolanda Rochelle Flowers,0
Lawrence,0010 FLAT ROCK-NEW ZION 11-1,Lieutenant Governor,,DEM,Darryl D. Perryman,0
Lawrence,0010 FLAT ROCK-NEW ZION 11-1,Lieutenant Governor,,DEM,Phillip Ensler,3
Lawrence,0010 FLAT ROCK-NEW ZION 11-1,State Democratic Executive Committee,,DEM,Brenda Hampton,3
Lawrence,0010 FLAT ROCK-NEW ZION 11-1,State Democratic Executive Committee,,DEM,Marcus Echols,1
Lawrence,0010 FLAT ROCK-NEW ZION 11-1,State Democratic Executive Committee,,DEM,Melvina Taylor Watkins,2
Lawrence,0010 FLAT ROCK-NEW ZION 11-1,State Democratic Executive Committee,,DEM,Mose Jones Jr.,4
Lawrence,0010 FLAT ROCK-NEW ZION 11-1,U.S. House,5,DEM,Andrew Sneed,5
Lawrence,0010 FLAT ROCK-NEW ZION 11-1,U.S. House,5,DEM,Candice Dollar Duvieilh,0
Lawrence,0010 FLAT ROCK-NEW ZION 11-1,U.S. House,5,DEM,Jeremy Devito,0
Lawrence,0010 FLAT ROCK-NEW ZION 11-1,U.S. Senate,,DEM,Dakarai Larriett,0
Lawrence,0010 FLAT ROCK-NEW ZION 11-1,U.S. Senate,,DEM,Everett Wess,0
Lawrence,0010 FLAT ROCK-NEW ZION 11-1,U.S. Senate,,DEM,Kyle Sweetser,0
Lawrence,0010 FLAT ROCK-NEW ZION 11-1,U.S. Senate,,DEM,Mark S. Wheeler II,5
Lawrence,0010 FLAT ROCK-NEW ZION 11-1,Proposed Statewide Amendment 1,,,No,16
Lawrence,0010 FLAT ROCK-NEW ZION 11-1,Proposed Statewide Amendment 1,,,Yes,79
Lawrence,0010 FLAT ROCK-NEW ZION 11-1,Proposed Statewide Amendment 2,,,No,34
Lawrence,0010 FLAT ROCK-NEW ZION 11-1,Proposed Statewide Amendment 2,,,Yes,51
Lawrence,0010 FLAT ROCK-NEW ZION 11-1,Attorney General,,REP,Jay Mitchell,33
Lawrence,0010 FLAT ROCK-NEW ZION 11-1,Attorney General,,REP,Katherine Robertson,39
Lawrence,0010 FLAT ROCK-NEW ZION 11-1,Attorney General,,REP,Pamela L. Casey,12
Lawrence,0010 FLAT ROCK-NEW ZION 11-1,Governor,,REP,"""Alabama"" Will Santivasci",3
Lawrence,0010 FLAT ROCK-NEW ZION 11-1,Governor,,REP,Ken McFeeters,9
Lawrence,0010 FLAT ROCK-NEW ZION 11-1,Governor,,REP,Thomas Tuberville,77
Lawrence,0010 FLAT ROCK-NEW ZION 11-1,Lieutenant Governor,,REP,George Childress,0
Lawrence,0010 FLAT ROCK-NEW ZION 11-1,Lieutenant Governor,,REP,John Wahl,50
Lawrence,0010 FLAT ROCK-NEW ZION 11-1,Lieutenant Governor,,REP,Nicole Jones Wadsworth,5
Lawrence,0010 FLAT ROCK-NEW ZION 11-1,Lieutenant Governor,,REP,Pat Bishop,0
Lawrence,0010 FLAT ROCK-NEW ZION 11-1,Lieutenant Governor,,REP,Rick Pate,6
Lawrence,0010 FLAT ROCK-NEW ZION 11-1,Lieutenant Governor,,REP,Stewart Hill Tankersley,3
Lawrence,0010 FLAT ROCK-NEW ZION 11-1,Lieutenant Governor,,REP,Wes Allen,23
Lawrence,0010 FLAT ROCK-NEW ZION 11-1,"Member, Lawrence County Commission, District No. 2",,REP,Brandon Kerby,45
Lawrence,0010 FLAT ROCK-NEW ZION 11-1,"Member, Lawrence County Commission, District No. 2",,REP,Jonathan Bradford,8
Lawrence,0010 FLAT ROCK-NEW ZION 11-1,"Member, Lawrence County Commission, District No. 2",,REP,Rickey Johnson,37
Lawrence,0010 FLAT ROCK-NEW ZION 11-1,"Public Service Commission, Place No. 2",,REP,Brent Woodall,19
Lawrence,0010 FLAT ROCK-NEW ZION 11-1,"Public Service Commission, Place No. 2",,REP,Chris Beeker,9
Lawrence,0010 FLAT ROCK-NEW ZION 11-1,"Public Service Commission, Place No. 2",,REP,Jim Zig Zeigler,33
Lawrence,0010 FLAT ROCK-NEW ZION 11-1,"Public Service Commission, Place No. 2",,REP,Priscilla Andrews,11
Lawrence,0010 FLAT ROCK-NEW ZION 11-1,Secretary of State,,REP,Caroleene Dobson,48
Lawrence,0010 FLAT ROCK-NEW ZION 11-1,Secretary of State,,REP,Christopher Christian Horn,18
Lawrence,0010 FLAT ROCK-NEW ZION 11-1,Secretary of State,,REP,Glenda S. Jackson,6
Lawrence,0010 FLAT ROCK-NEW ZION 11-1,State Auditor,,REP,Andrew Sorrell,58
Lawrence,0010 FLAT ROCK-NEW ZION 11-1,State Auditor,,REP,Derek Chen,22
Lawrence,0010 FLAT ROCK-NEW ZION 11-1,"State Republican Executive Committee, Lawrence County, Place 1",,REP,Angelo Doc Mancuso,33
Lawrence,0010 FLAT ROCK-NEW ZION 11-1,"State Republican Executive Committee, Lawrence County, Place 1",,REP,Ernie Yarbrough,55
Lawrence,0010 FLAT ROCK-NEW ZION 11-1,State Treasurer,,REP,Steve Lolley,29
Lawrence,0010 FLAT ROCK-NEW ZION 11-1,State Treasurer,,REP,Young Boozer,51
Lawrence,0010 FLAT ROCK-NEW ZION 11-1,U.S. Senate,,REP,Barry Moore,33
Lawrence,0010 FLAT ROCK-NEW ZION 11-1,U.S. Senate,,REP,Dale Shelton Deas Jr.,5
Lawrence,0010 FLAT ROCK-NEW ZION 11-1,U.S. Senate,,REP,Jared Hudson,20
Lawrence,0010 FLAT ROCK-NEW ZION 11-1,U.S. Senate,,REP,Morgan Murphy,0
Lawrence,0010 FLAT ROCK-NEW ZION 11-1,U.S. Senate,,REP,Rodney Walker,0
Lawrence,0010 FLAT ROCK-NEW ZION 11-1,U.S. Senate,,REP,Seth Burton,1
Lawrence,0010 FLAT ROCK-NEW ZION 11-1,U.S. Senate,,REP,Steve Marshall,33
Lawrence,0011 LANDERSVILLE METH. 12-1,Governor,,DEM,"Chad ""Chig"" Martin",2
Lawrence,0011 LANDERSVILLE METH. 12-1,Governor,,DEM,Doug Jones,13
Lawrence,0011 LANDERSVILLE METH. 12-1,Governor,,DEM,Jamel J. Brown,1
Lawrence,0011 LANDERSVILLE METH. 12-1,Governor,,DEM,"Nathan ""Nate"" Mathis",1
Lawrence,0011 LANDERSVILLE METH. 12-1,Governor,,DEM,Will Boyd,3
Lawrence,0011 LANDERSVILLE METH. 12-1,Governor,,DEM,Yolanda Rochelle Flowers,1
Lawrence,0011 LANDERSVILLE METH. 12-1,Lieutenant Governor,,DEM,Darryl D. Perryman,4
Lawrence,0011 LANDERSVILLE METH. 12-1,Lieutenant Governor,,DEM,Phillip Ensler,17
Lawrence,0011 LANDERSVILLE METH. 12-1,State Democratic Executive Committee,,DEM,Brenda Hampton,5
Lawrence,0011 LANDERSVILLE METH. 12-1,State Democratic Executive Committee,,DEM,Marcus Echols,13
Lawrence,0011 LANDERSVILLE METH. 12-1,State Democratic Executive Committee,,DEM,Melvina Taylor Watkins,17
Lawrence,0011 LANDERSVILLE METH. 12-1,State Democratic Executive Committee,,DEM,Mose Jones Jr.,8
Lawrence,0011 LANDERSVILLE METH. 12-1,U.S. House,5,DEM,Andrew Sneed,14
Lawrence,0011 LANDERSVILLE METH. 12-1,U.S. House,5,DEM,Candice Dollar Duvieilh,4
Lawrence,0011 LANDERSVILLE METH. 12-1,U.S. House,5,DEM,Jeremy Devito,3
Lawrence,0011 LANDERSVILLE METH. 12-1,U.S. Senate,,DEM,Dakarai Larriett,8
Lawrence,0011 LANDERSVILLE METH. 12-1,U.S. Senate,,DEM,Everett Wess,10
Lawrence,0011 LANDERSVILLE METH. 12-1,U.S. Senate,,DEM,Kyle Sweetser,2
Lawrence,0011 LANDERSVILLE METH. 12-1,U.S. Senate,,DEM,Mark S. Wheeler II,2
Lawrence,0011 LANDERSVILLE METH. 12-1,Proposed Statewide Amendment 1,,,No,26
Lawrence,0011 LANDERSVILLE METH. 12-1,Proposed Statewide Amendment 1,,,Yes,132
Lawrence,0011 LANDERSVILLE METH. 12-1,Proposed Statewide Amendment 2,,,No,82
Lawrence,0011 LANDERSVILLE METH. 12-1,Proposed Statewide Amendment 2,,,Yes,72
Lawrence,0011 LANDERSVILLE METH. 12-1,Attorney General,,REP,Jay Mitchell,53
Lawrence,0011 LANDERSVILLE METH. 12-1,Attorney General,,REP,Katherine Robertson,59
Lawrence,0011 LANDERSVILLE METH. 12-1,Attorney General,,REP,Pamela L. Casey,29
Lawrence,0011 LANDERSVILLE METH. 12-1,Governor,,REP,"""Alabama"" Will Santivasci",5
Lawrence,0011 LANDERSVILLE METH. 12-1,Governor,,REP,Ken McFeeters,12
Lawrence,0011 LANDERSVILLE METH. 12-1,Governor,,REP,Thomas Tuberville,129
Lawrence,0011 LANDERSVILLE METH. 12-1,Lieutenant Governor,,REP,George Childress,2
Lawrence,0011 LANDERSVILLE METH. 12-1,Lieutenant Governor,,REP,John Wahl,75
Lawrence,0011 LANDERSVILLE METH. 12-1,Lieutenant Governor,,REP,Nicole Jones Wadsworth,6
Lawrence,0011 LANDERSVILLE METH. 12-1,Lieutenant Governor,,REP,Pat Bishop,1
Lawrence,0011 LANDERSVILLE METH. 12-1,Lieutenant Governor,,REP,Rick Pate,7
Lawrence,0011 LANDERSVILLE METH. 12-1,Lieutenant Governor,,REP,Stewart Hill Tankersley,4
Lawrence,0011 LANDERSVILLE METH. 12-1,Lieutenant Governor,,REP,Wes Allen,45
Lawrence,0011 LANDERSVILLE METH. 12-1,"Member, Lawrence County Commission, District No. 2",,REP,Brandon Kerby,67
Lawrence,0011 LANDERSVILLE METH. 12-1,"Member, Lawrence County Commission, District No. 2",,REP,Jonathan Bradford,10
Lawrence,0011 LANDERSVILLE METH. 12-1,"Member, Lawrence County Commission, District No. 2",,REP,Rickey Johnson,73
Lawrence,0011 LANDERSVILLE METH. 12-1,"Public Service Commission, Place No. 2",,REP,Brent Woodall,30
Lawrence,0011 LANDERSVILLE METH. 12-1,"Public Service Commission, Place No. 2",,REP,Chris Beeker,38
Lawrence,0011 LANDERSVILLE METH. 12-1,"Public Service Commission, Place No. 2",,REP,Jim Zig Zeigler,43
Lawrence,0011 LANDERSVILLE METH. 12-1,"Public Service Commission, Place No. 2",,REP,Priscilla Andrews,17
Lawrence,0011 LANDERSVILLE METH. 12-1,Secretary of State,,REP,Caroleene Dobson,69
Lawrence,0011 LANDERSVILLE METH. 12-1,Secretary of State,,REP,Christopher Christian Horn,32
Lawrence,0011 LANDERSVILLE METH. 12-1,Secretary of State,,REP,Glenda S. Jackson,26
Lawrence,0011 LANDERSVILLE METH. 12-1,State Auditor,,REP,Andrew Sorrell,107
Lawrence,0011 LANDERSVILLE METH. 12-1,State Auditor,,REP,Derek Chen,29
Lawrence,0011 LANDERSVILLE METH. 12-1,"State Republican Executive Committee, Lawrence County, Place 1",,REP,Angelo Doc Mancuso,54
Lawrence,0011 LANDERSVILLE METH. 12-1,"State Republican Executive Committee, Lawrence County, Place 1",,REP,Ernie Yarbrough,88
Lawrence,0011 LANDERSVILLE METH. 12-1,State Treasurer,,REP,Steve Lolley,59
Lawrence,0011 LANDERSVILLE METH. 12-1,State Treasurer,,REP,Young Boozer,74
Lawrence,0011 LANDERSVILLE METH. 12-1,U.S. Senate,,REP,Barry Moore,64
Lawrence,0011 LANDERSVILLE METH. 12-1,U.S. Senate,,REP,Dale Shelton Deas Jr.,2
Lawrence,0011 LANDERSVILLE METH. 12-1,U.S. Senate,,REP,Jared Hudson,27
Lawrence,0011 LANDERSVILLE METH. 12-1,U.S. Senate,,REP,Morgan Murphy,2
Lawrence,0011 LANDERSVILLE METH. 12-1,U.S. Senate,,REP,Rodney Walker,8
Lawrence,0011 LANDERSVILLE METH. 12-1,U.S. Senate,,REP,Seth Burton,2
Lawrence,0011 LANDERSVILLE METH. 12-1,U.S. Senate,,REP,Steve Marshall,34
Lawrence,0012 HATTON CH OF CHRIST 13-1,Governor,,DEM,"Chad ""Chig"" Martin",5
Lawrence,0012 HATTON CH OF CHRIST 13-1,Governor,,DEM,Doug Jones,20
Lawrence,0012 HATTON CH OF CHRIST 13-1,Governor,,DEM,Jamel J. Brown,0
Lawrence,0012 HATTON CH OF CHRIST 13-1,Governor,,DEM,"Nathan ""Nate"" Mathis",0
Lawrence,0012 HATTON CH OF CHRIST 13-1,Governor,,DEM,Will Boyd,5
Lawrence,0012 HATTON CH OF CHRIST 13-1,Governor,,DEM,Yolanda Rochelle Flowers,1
Lawrence,0012 HATTON CH OF CHRIST 13-1,Lieutenant Governor,,DEM,Darryl D. Perryman,14
Lawrence,0012 HATTON CH OF CHRIST 13-1,Lieutenant Governor,,DEM,Phillip Ensler,15
Lawrence,0012 HATTON CH OF CHRIST 13-1,State Democratic Executive Committee,,DEM,Brenda Hampton,16
Lawrence,0012 HATTON CH OF CHRIST 13-1,State Democratic Executive Committee,,DEM,Marcus Echols,14
Lawrence,0012 HATTON CH OF CHRIST 13-1,State Democratic Executive Committee,,DEM,Melvina Taylor Watkins,12
Lawrence,0012 HATTON CH OF CHRIST 13-1,State Democratic Executive Committee,,DEM,Mose Jones Jr.,16
Lawrence,0012 HATTON CH OF CHRIST 13-1,U.S. House,5,DEM,Andrew Sneed,13
Lawrence,0012 HATTON CH OF CHRIST 13-1,U.S. House,5,DEM,Candice Dollar Duvieilh,10
Lawrence,0012 HATTON CH OF CHRIST 13-1,U.S. House,5,DEM,Jeremy Devito,5
Lawrence,0012 HATTON CH OF CHRIST 13-1,U.S. Senate,,DEM,Dakarai Larriett,7
Lawrence,0012 HATTON CH OF CHRIST 13-1,U.S. Senate,,DEM,Everett Wess,6
Lawrence,0012 HATTON CH OF CHRIST 13-1,U.S. Senate,,DEM,Kyle Sweetser,6
Lawrence,0012 HATTON CH OF CHRIST 13-1,U.S. Senate,,DEM,Mark S. Wheeler II,8
Lawrence,0012 HATTON CH OF CHRIST 13-1,Proposed Statewide Amendment 1,,,No,42
Lawrence,0012 HATTON CH OF CHRIST 13-1,Proposed Statewide Amendment 1,,,Yes,358
Lawrence,0012 HATTON CH OF CHRIST 13-1,Proposed Statewide Amendment 2,,,No,199
Lawrence,0012 HATTON CH OF CHRIST 13-1,Proposed Statewide Amendment 2,,,Yes,187
Lawrence,0012 HATTON CH OF CHRIST 13-1,Attorney General,,REP,Jay Mitchell,140
Lawrence,0012 HATTON CH OF CHRIST 13-1,Attorney General,,REP,Katherine Robertson,156
Lawrence,0012 HATTON CH OF CHRIST 13-1,Attorney General,,REP,Pamela L. Casey,56
Lawrence,0012 HATTON CH OF CHRIST 13-1,Governor,,REP,"""Alabama"" Will Santivasci",20
Lawrence,0012 HATTON CH OF CHRIST 13-1,Governor,,REP,Ken McFeeters,41
Lawrence,0012 HATTON CH OF CHRIST 13-1,Governor,,REP,Thomas Tuberville,310
Lawrence,0012 HATTON CH OF CHRIST 13-1,Lieutenant Governor,,REP,George Childress,10
Lawrence,0012 HATTON CH OF CHRIST 13-1,Lieutenant Governor,,REP,John Wahl,169
Lawrence,0012 HATTON CH OF CHRIST 13-1,Lieutenant Governor,,REP,Nicole Jones Wadsworth,12
Lawrence,0012 HATTON CH OF CHRIST 13-1,Lieutenant Governor,,REP,Pat Bishop,11
Lawrence,0012 HATTON CH OF CHRIST 13-1,Lieutenant Governor,,REP,Rick Pate,27
Lawrence,0012 HATTON CH OF CHRIST 13-1,Lieutenant Governor,,REP,Stewart Hill Tankersley,7
Lawrence,0012 HATTON CH OF CHRIST 13-1,Lieutenant Governor,,REP,Wes Allen,125
Lawrence,0012 HATTON CH OF CHRIST 13-1,"Member, Lawrence County Commission, District No. 2",,REP,Brandon Kerby,181
Lawrence,0012 HATTON CH OF CHRIST 13-1,"Member, Lawrence County Commission, District No. 2",,REP,Jonathan Bradford,58
Lawrence,0012 HATTON CH OF CHRIST 13-1,"Member, Lawrence County Commission, District No. 2",,REP,Rickey Johnson,164
Lawrence,0012 HATTON CH OF CHRIST 13-1,"Public Service Commission, Place No. 2",,REP,Brent Woodall,82
Lawrence,0012 HATTON CH OF CHRIST 13-1,"Public Service Commission, Place No. 2",,REP,Chris Beeker,74
Lawrence,0012 HATTON CH OF CHRIST 13-1,"Public Service Commission, Place No. 2",,REP,Jim Zig Zeigler,122
Lawrence,0012 HATTON CH OF CHRIST 13-1,"Public Service Commission, Place No. 2",,REP,Priscilla Andrews,44
Lawrence,0012 HATTON CH OF CHRIST 13-1,Secretary of State,,REP,Caroleene Dobson,173
Lawrence,0012 HATTON CH OF CHRIST 13-1,Secretary of State,,REP,Christopher Christian Horn,87
Lawrence,0012 HATTON CH OF CHRIST 13-1,Secretary of State,,REP,Glenda S. Jackson,59
Lawrence,0012 HATTON CH OF CHRIST 13-1,State Auditor,,REP,Andrew Sorrell,264
Lawrence,0012 HATTON CH OF CHRIST 13-1,State Auditor,,REP,Derek Chen,74
Lawrence,0012 HATTON CH OF CHRIST 13-1,"State Republican Executive Committee, Lawrence County, Place 1",,REP,Angelo Doc Mancuso,112
Lawrence,0012 HATTON CH OF CHRIST 13-1,"State Republican Executive Committee, Lawrence County, Place 1",,REP,Ernie Yarbrough,260
Lawrence,0012 HATTON CH OF CHRIST 13-1,State Treasurer,,REP,Steve Lolley,135
Lawrence,0012 HATTON CH OF CHRIST 13-1,State Treasurer,,REP,Young Boozer,198
Lawrence,0012 HATTON CH OF CHRIST 13-1,U.S. Senate,,REP,Barry Moore,139
Lawrence,0012 HATTON CH OF CHRIST 13-1,U.S. Senate,,REP,Dale Shelton Deas Jr.,5
Lawrence,0012 HATTON CH OF CHRIST 13-1,U.S. Senate,,REP,Jared Hudson,81
Lawrence,0012 HATTON CH OF CHRIST 13-1,U.S. Senate,,REP,Morgan Murphy,8
Lawrence,0012 HATTON CH OF CHRIST 13-1,U.S. Senate,,REP,Rodney Walker,14
Lawrence,0012 HATTON CH OF CHRIST 13-1,U.S. Senate,,REP,Seth Burton,3
Lawrence,0012 HATTON CH OF CHRIST 13-1,U.S. Senate,,REP,Steve Marshall,114
Lawrence,0013 PLEASANT GRV 14-1 20-1 23-1 27,Governor,,DEM,"Chad ""Chig"" Martin",0
Lawrence,0013 PLEASANT GRV 14-1 20-1 23-1 27,Governor,,DEM,Doug Jones,12
Lawrence,0013 PLEASANT GRV 14-1 20-1 23-1 27,Governor,,DEM,Jamel J. Brown,0
Lawrence,0013 PLEASANT GRV 14-1 20-1 23-1 27,Governor,,DEM,"Nathan ""Nate"" Mathis",0
Lawrence,0013 PLEASANT GRV 14-1 20-1 23-1 27,Governor,,DEM,Will Boyd,3
Lawrence,0013 PLEASANT GRV 14-1 20-1 23-1 27,Governor,,DEM,Yolanda Rochelle Flowers,1
Lawrence,0013 PLEASANT GRV 14-1 20-1 23-1 27,Lieutenant Governor,,DEM,Darryl D. Perryman,12
Lawrence,0013 PLEASANT GRV 14-1 20-1 23-1 27,Lieutenant Governor,,DEM,Phillip Ensler,4
Lawrence,0013 PLEASANT GRV 14-1 20-1 23-1 27,State Democratic Executive Committee,,DEM,Brenda Hampton,9
Lawrence,0013 PLEASANT GRV 14-1 20-1 23-1 27,State Democratic Executive Committee,,DEM,Marcus Echols,10
Lawrence,0013 PLEASANT GRV 14-1 20-1 23-1 27,State Democratic Executive Committee,,DEM,Melvina Taylor Watkins,7
Lawrence,0013 PLEASANT GRV 14-1 20-1 23-1 27,State Democratic Executive Committee,,DEM,Mose Jones Jr.,6
Lawrence,0013 PLEASANT GRV 14-1 20-1 23-1 27,U.S. House,5,DEM,Andrew Sneed,13
Lawrence,0013 PLEASANT GRV 14-1 20-1 23-1 27,U.S. House,5,DEM,Candice Dollar Duvieilh,1
Lawrence,0013 PLEASANT GRV 14-1 20-1 23-1 27,U.S. House,5,DEM,Jeremy Devito,2
Lawrence,0013 PLEASANT GRV 14-1 20-1 23-1 27,U.S. Senate,,DEM,Dakarai Larriett,0
Lawrence,0013 PLEASANT GRV 14-1 20-1 23-1 27,U.S. Senate,,DEM,Everett Wess,6
Lawrence,0013 PLEASANT GRV 14-1 20-1 23-1 27,U.S. Senate,,DEM,Kyle Sweetser,1
Lawrence,0013 PLEASANT GRV 14-1 20-1 23-1 27,U.S. Senate,,DEM,Mark S. Wheeler II,9
Lawrence,0013 PLEASANT GRV 14-1 20-1 23-1 27,Proposed Statewide Amendment 1,,,No,29
Lawrence,0013 PLEASANT GRV 14-1 20-1 23-1 27,Proposed Statewide Amendment 1,,,Yes,290
Lawrence,0013 PLEASANT GRV 14-1 20-1 23-1 27,Proposed Statewide Amendment 2,,,No,141
Lawrence,0013 PLEASANT GRV 14-1 20-1 23-1 27,Proposed Statewide Amendment 2,,,Yes,156
Lawrence,0013 PLEASANT GRV 14-1 20-1 23-1 27,Attorney General,,REP,Jay Mitchell,103
Lawrence,0013 PLEASANT GRV 14-1 20-1 23-1 27,Attorney General,,REP,Katherine Robertson,115
Lawrence,0013 PLEASANT GRV 14-1 20-1 23-1 27,Attorney General,,REP,Pamela L. Casey,64
Lawrence,0013 PLEASANT GRV 14-1 20-1 23-1 27,Governor,,REP,"""Alabama"" Will Santivasci",13
Lawrence,0013 PLEASANT GRV 14-1 20-1 23-1 27,Governor,,REP,Ken McFeeters,23
Lawrence,0013 PLEASANT GRV 14-1 20-1 23-1 27,Governor,,REP,Thomas Tuberville,260
Lawrence,0013 PLEASANT GRV 14-1 20-1 23-1 27,Lieutenant Governor,,REP,George Childress,10
Lawrence,0013 PLEASANT GRV 14-1 20-1 23-1 27,Lieutenant Governor,,REP,John Wahl,135
Lawrence,0013 PLEASANT GRV 14-1 20-1 23-1 27,Lieutenant Governor,,REP,Nicole Jones Wadsworth,15
Lawrence,0013 PLEASANT GRV 14-1 20-1 23-1 27,Lieutenant Governor,,REP,Pat Bishop,5
Lawrence,0013 PLEASANT GRV 14-1 20-1 23-1 27,Lieutenant Governor,,REP,Rick Pate,14
Lawrence,0013 PLEASANT GRV 14-1 20-1 23-1 27,Lieutenant Governor,,REP,Stewart Hill Tankersley,7
Lawrence,0013 PLEASANT GRV 14-1 20-1 23-1 27,Lieutenant Governor,,REP,Wes Allen,98
Lawrence,0013 PLEASANT GRV 14-1 20-1 23-1 27,"Member, Lawrence County Commission, District No. 2",,REP,Brandon Kerby,5
Lawrence,0013 PLEASANT GRV 14-1 20-1 23-1 27,"Member, Lawrence County Commission, District No. 2",,REP,Jonathan Bradford,4
Lawrence,0013 PLEASANT GRV 14-1 20-1 23-1 27,"Member, Lawrence County Commission, District No. 2",,REP,Rickey Johnson,4
Lawrence,0013 PLEASANT GRV 14-1 20-1 23-1 27,"Member, Lawrence County Commission, District No. 3",,REP,Anthony Alexander,23
Lawrence,0013 PLEASANT GRV 14-1 20-1 23-1 27,"Member, Lawrence County Commission, District No. 3",,REP,Ben Logston,50
Lawrence,0013 PLEASANT GRV 14-1 20-1 23-1 27,"Member, Lawrence County Commission, District No. 3",,REP,Dana Charles,21
Lawrence,0013 PLEASANT GRV 14-1 20-1 23-1 27,"Member, Lawrence County Commission, District No. 4",,REP,Daniell Johnston,76
Lawrence,0013 PLEASANT GRV 14-1 20-1 23-1 27,"Member, Lawrence County Commission, District No. 4",,REP,Gunnar Walling,121
Lawrence,0013 PLEASANT GRV 14-1 20-1 23-1 27,"Member, Lawrence County Gop Executive Committee, District No. 3",,REP,Brandon Johnson,41
Lawrence,0013 PLEASANT GRV 14-1 20-1 23-1 27,"Member, Lawrence County Gop Executive Committee, District No. 3",,REP,Crystal L. Yarbrough,29
Lawrence,0013 PLEASANT GRV 14-1 20-1 23-1 27,"Public Service Commission, Place No. 2",,REP,Brent Woodall,52
Lawrence,0013 PLEASANT GRV 14-1 20-1 23-1 27,"Public Service Commission, Place No. 2",,REP,Chris Beeker,42
Lawrence,0013 PLEASANT GRV 14-1 20-1 23-1 27,"Public Service Commission, Place No. 2",,REP,Jim Zig Zeigler,125
Lawrence,0013 PLEASANT GRV 14-1 20-1 23-1 27,"Public Service Commission, Place No. 2",,REP,Priscilla Andrews,38
Lawrence,0013 PLEASANT GRV 14-1 20-1 23-1 27,Secretary of State,,REP,Caroleene Dobson,155
Lawrence,0013 PLEASANT GRV 14-1 20-1 23-1 27,Secretary of State,,REP,Christopher Christian Horn,65
Lawrence,0013 PLEASANT GRV 14-1 20-1 23-1 27,Secretary of State,,REP,Glenda S. Jackson,41
Lawrence,0013 PLEASANT GRV 14-1 20-1 23-1 27,State Auditor,,REP,Andrew Sorrell,209
Lawrence,0013 PLEASANT GRV 14-1 20-1 23-1 27,State Auditor,,REP,Derek Chen,68
Lawrence,0013 PLEASANT GRV 14-1 20-1 23-1 27,"State Republican Executive Committee, Lawrence County, Place 1",,REP,Angelo Doc Mancuso,101
Lawrence,0013 PLEASANT GRV 14-1 20-1 23-1 27,"State Republican Executive Committee, Lawrence County, Place 1",,REP,Ernie Yarbrough,192
Lawrence,0013 PLEASANT GRV 14-1 20-1 23-1 27,State Treasurer,,REP,Steve Lolley,97
Lawrence,0013 PLEASANT GRV 14-1 20-1 23-1 27,State Treasurer,,REP,Young Boozer,165
Lawrence,0013 PLEASANT GRV 14-1 20-1 23-1 27,U.S. Senate,,REP,Barry Moore,120
Lawrence,0013 PLEASANT GRV 14-1 20-1 23-1 27,U.S. Senate,,REP,Dale Shelton Deas Jr.,5
Lawrence,0013 PLEASANT GRV 14-1 20-1 23-1 27,U.S. Senate,,REP,Jared Hudson,55
Lawrence,0013 PLEASANT GRV 14-1 20-1 23-1 27,U.S. Senate,,REP,Morgan Murphy,5
Lawrence,0013 PLEASANT GRV 14-1 20-1 23-1 27,U.S. Senate,,REP,Rodney Walker,12
Lawrence,0013 PLEASANT GRV 14-1 20-1 23-1 27,U.S. Senate,,REP,Seth Burton,6
Lawrence,0013 PLEASANT GRV 14-1 20-1 23-1 27,U.S. Senate,,REP,Steve Marshall,89
Lawrence,0014 MT MORIAH FELLOW.15-1 21-1,Governor,,DEM,"Chad ""Chig"" Martin",2
Lawrence,0014 MT MORIAH FELLOW.15-1 21-1,Governor,,DEM,Doug Jones,11
Lawrence,0014 MT MORIAH FELLOW.15-1 21-1,Governor,,DEM,Jamel J. Brown,0
Lawrence,0014 MT MORIAH FELLOW.15-1 21-1,Governor,,DEM,"Nathan ""Nate"" Mathis",2
Lawrence,0014 MT MORIAH FELLOW.15-1 21-1,Governor,,DEM,Will Boyd,4
Lawrence,0014 MT MORIAH FELLOW.15-1 21-1,Governor,,DEM,Yolanda Rochelle Flowers,1
Lawrence,0014 MT MORIAH FELLOW.15-1 21-1,Lieutenant Governor,,DEM,Darryl D. Perryman,13
Lawrence,0014 MT MORIAH FELLOW.15-1 21-1,Lieutenant Governor,,DEM,Phillip Ensler,6
Lawrence,0014 MT MORIAH FELLOW.15-1 21-1,State Democratic Executive Committee,,DEM,Brenda Hampton,10
Lawrence,0014 MT MORIAH FELLOW.15-1 21-1,State Democratic Executive Committee,,DEM,Marcus Echols,14
Lawrence,0014 MT MORIAH FELLOW.15-1 21-1,State Democratic Executive Committee,,DEM,Melvina Taylor Watkins,9
Lawrence,0014 MT MORIAH FELLOW.15-1 21-1,State Democratic Executive Committee,,DEM,Mose Jones Jr.,6
Lawrence,0014 MT MORIAH FELLOW.15-1 21-1,U.S. House,5,DEM,Andrew Sneed,7
Lawrence,0014 MT MORIAH FELLOW.15-1 21-1,U.S. House,5,DEM,Candice Dollar Duvieilh,11
Lawrence,0014 MT MORIAH FELLOW.15-1 21-1,U.S. House,5,DEM,Jeremy Devito,1
Lawrence,0014 MT MORIAH FELLOW.15-1 21-1,U.S. Senate,,DEM,Dakarai Larriett,4
Lawrence,0014 MT MORIAH FELLOW.15-1 21-1,U.S. Senate,,DEM,Everett Wess,3
Lawrence,0014 MT MORIAH FELLOW.15-1 21-1,U.S. Senate,,DEM,Kyle Sweetser,6
Lawrence,0014 MT MORIAH FELLOW.15-1 21-1,U.S. Senate,,DEM,Mark S. Wheeler II,6
Lawrence,0014 MT MORIAH FELLOW.15-1 21-1,Proposed Statewide Amendment 1,,,No,31
Lawrence,0014 MT MORIAH FELLOW.15-1 21-1,Proposed Statewide Amendment 1,,,Yes,242
Lawrence,0014 MT MORIAH FELLOW.15-1 21-1,Proposed Statewide Amendment 2,,,No,123
Lawrence,0014 MT MORIAH FELLOW.15-1 21-1,Proposed Statewide Amendment 2,,,Yes,144
Lawrence,0014 MT MORIAH FELLOW.15-1 21-1,Attorney General,,REP,Jay Mitchell,98
Lawrence,0014 MT MORIAH FELLOW.15-1 21-1,Attorney General,,REP,Katherine Robertson,88
Lawrence,0014 MT MORIAH FELLOW.15-1 21-1,Attorney General,,REP,Pamela L. Casey,46
Lawrence,0014 MT MORIAH FELLOW.15-1 21-1,Governor,,REP,"""Alabama"" Will Santivasci",5
Lawrence,0014 MT MORIAH FELLOW.15-1 21-1,Governor,,REP,Ken McFeeters,23
Lawrence,0014 MT MORIAH FELLOW.15-1 21-1,Governor,,REP,Thomas Tuberville,219
Lawrence,0014 MT MORIAH FELLOW.15-1 21-1,Lieutenant Governor,,REP,George Childress,3
Lawrence,0014 MT MORIAH FELLOW.15-1 21-1,Lieutenant Governor,,REP,John Wahl,109
Lawrence,0014 MT MORIAH FELLOW.15-1 21-1,Lieutenant Governor,,REP,Nicole Jones Wadsworth,12
Lawrence,0014 MT MORIAH FELLOW.15-1 21-1,Lieutenant Governor,,REP,Pat Bishop,8
Lawrence,0014 MT MORIAH FELLOW.15-1 21-1,Lieutenant Governor,,REP,Rick Pate,24
Lawrence,0014 MT MORIAH FELLOW.15-1 21-1,Lieutenant Governor,,REP,Stewart Hill Tankersley,2
Lawrence,0014 MT MORIAH FELLOW.15-1 21-1,Lieutenant Governor,,REP,Wes Allen,79
Lawrence,0014 MT MORIAH FELLOW.15-1 21-1,"Member, Lawrence County Commission, District No. 2",,REP,Brandon Kerby,72
Lawrence,0014 MT MORIAH FELLOW.15-1 21-1,"Member, Lawrence County Commission, District No. 2",,REP,Jonathan Bradford,11
Lawrence,0014 MT MORIAH FELLOW.15-1 21-1,"Member, Lawrence County Commission, District No. 2",,REP,Rickey Johnson,40
Lawrence,0014 MT MORIAH FELLOW.15-1 21-1,"Member, Lawrence County Gop Executive Committee, District No. 3",,REP,Brandon Johnson,83
Lawrence,0014 MT MORIAH FELLOW.15-1 21-1,"Member, Lawrence County Gop Executive Committee, District No. 3",,REP,Crystal L. Yarbrough,33
Lawrence,0014 MT MORIAH FELLOW.15-1 21-1,"Public Service Commission, Place No. 2",,REP,Brent Woodall,55
Lawrence,0014 MT MORIAH FELLOW.15-1 21-1,"Public Service Commission, Place No. 2",,REP,Chris Beeker,60
Lawrence,0014 MT MORIAH FELLOW.15-1 21-1,"Public Service Commission, Place No. 2",,REP,Jim Zig Zeigler,81
Lawrence,0014 MT MORIAH FELLOW.15-1 21-1,"Public Service Commission, Place No. 2",,REP,Priscilla Andrews,17
Lawrence,0014 MT MORIAH FELLOW.15-1 21-1,Secretary of State,,REP,Caroleene Dobson,129
Lawrence,0014 MT MORIAH FELLOW.15-1 21-1,Secretary of State,,REP,Christopher Christian Horn,68
Lawrence,0014 MT MORIAH FELLOW.15-1 21-1,Secretary of State,,REP,Glenda S. Jackson,21
Lawrence,0014 MT MORIAH FELLOW.15-1 21-1,State Auditor,,REP,Andrew Sorrell,151
Lawrence,0014 MT MORIAH FELLOW.15-1 21-1,State Auditor,,REP,Derek Chen,77
Lawrence,0014 MT MORIAH FELLOW.15-1 21-1,"State Republican Executive Committee, Lawrence County, Place 1",,REP,Angelo Doc Mancuso,93
Lawrence,0014 MT MORIAH FELLOW.15-1 21-1,"State Republican Executive Committee, Lawrence County, Place 1",,REP,Ernie Yarbrough,153
Lawrence,0014 MT MORIAH FELLOW.15-1 21-1,State Treasurer,,REP,Steve Lolley,76
Lawrence,0014 MT MORIAH FELLOW.15-1 21-1,State Treasurer,,REP,Young Boozer,151
Lawrence,0014 MT MORIAH FELLOW.15-1 21-1,U.S. Senate,,REP,Barry Moore,100
Lawrence,0014 MT MORIAH FELLOW.15-1 21-1,U.S. Senate,,REP,Dale Shelton Deas Jr.,3
Lawrence,0014 MT MORIAH FELLOW.15-1 21-1,U.S. Senate,,REP,Jared Hudson,38
Lawrence,0014 MT MORIAH FELLOW.15-1 21-1,U.S. Senate,,REP,Morgan Murphy,2
Lawrence,0014 MT MORIAH FELLOW.15-1 21-1,U.S. Senate,,REP,Rodney Walker,20
Lawrence,0014 MT MORIAH FELLOW.15-1 21-1,U.S. Senate,,REP,Seth Burton,5
Lawrence,0014 MT MORIAH FELLOW.15-1 21-1,U.S. Senate,,REP,Steve Marshall,73
Lawrence,0015 NEW LIBERTY GROVE METH. 16-1,Governor,,DEM,"Chad ""Chig"" Martin",0
Lawrence,0015 NEW LIBERTY GROVE METH. 16-1,Governor,,DEM,Doug Jones,7
Lawrence,0015 NEW LIBERTY GROVE METH. 16-1,Governor,,DEM,Jamel J. Brown,0
Lawrence,0015 NEW LIBERTY GROVE METH. 16-1,Governor,,DEM,"Nathan ""Nate"" Mathis",0
Lawrence,0015 NEW LIBERTY GROVE METH. 16-1,Governor,,DEM,Will Boyd,1
Lawrence,0015 NEW LIBERTY GROVE METH. 16-1,Governor,,DEM,Yolanda Rochelle Flowers,0
Lawrence,0015 NEW LIBERTY GROVE METH. 16-1,Lieutenant Governor,,DEM,Darryl D. Perryman,5
Lawrence,0015 NEW LIBERTY GROVE METH. 16-1,Lieutenant Governor,,DEM,Phillip Ensler,3
Lawrence,0015 NEW LIBERTY GROVE METH. 16-1,State Democratic Executive Committee,,DEM,Brenda Hampton,2
Lawrence,0015 NEW LIBERTY GROVE METH. 16-1,State Democratic Executive Committee,,DEM,Marcus Echols,4
Lawrence,0015 NEW LIBERTY GROVE METH. 16-1,State Democratic Executive Committee,,DEM,Melvina Taylor Watkins,4
Lawrence,0015 NEW LIBERTY GROVE METH. 16-1,State Democratic Executive Committee,,DEM,Mose Jones Jr.,4
Lawrence,0015 NEW LIBERTY GROVE METH. 16-1,U.S. House,5,DEM,Andrew Sneed,6
Lawrence,0015 NEW LIBERTY GROVE METH. 16-1,U.S. House,5,DEM,Candice Dollar Duvieilh,1
Lawrence,0015 NEW LIBERTY GROVE METH. 16-1,U.S. House,5,DEM,Jeremy Devito,1
Lawrence,0015 NEW LIBERTY GROVE METH. 16-1,U.S. Senate,,DEM,Dakarai Larriett,1
Lawrence,0015 NEW LIBERTY GROVE METH. 16-1,U.S. Senate,,DEM,Everett Wess,1
Lawrence,0015 NEW LIBERTY GROVE METH. 16-1,U.S. Senate,,DEM,Kyle Sweetser,2
Lawrence,0015 NEW LIBERTY GROVE METH. 16-1,U.S. Senate,,DEM,Mark S. Wheeler II,4
Lawrence,0015 NEW LIBERTY GROVE METH. 16-1,Proposed Statewide Amendment 1,,,No,15
Lawrence,0015 NEW LIBERTY GROVE METH. 16-1,Proposed Statewide Amendment 1,,,Yes,120
Lawrence,0015 NEW LIBERTY GROVE METH. 16-1,Proposed Statewide Amendment 2,,,No,70
Lawrence,0015 NEW LIBERTY GROVE METH. 16-1,Proposed Statewide Amendment 2,,,Yes,58
Lawrence,0015 NEW LIBERTY GROVE METH. 16-1,Attorney General,,REP,Jay Mitchell,51
Lawrence,0015 NEW LIBERTY GROVE METH. 16-1,Attorney General,,REP,Katherine Robertson,42
Lawrence,0015 NEW LIBERTY GROVE METH. 16-1,Attorney General,,REP,Pamela L. Casey,26
Lawrence,0015 NEW LIBERTY GROVE METH. 16-1,Governor,,REP,"""Alabama"" Will Santivasci",11
Lawrence,0015 NEW LIBERTY GROVE METH. 16-1,Governor,,REP,Ken McFeeters,14
Lawrence,0015 NEW LIBERTY GROVE METH. 16-1,Governor,,REP,Thomas Tuberville,106
Lawrence,0015 NEW LIBERTY GROVE METH. 16-1,Lieutenant Governor,,REP,George Childress,3
Lawrence,0015 NEW LIBERTY GROVE METH. 16-1,Lieutenant Governor,,REP,John Wahl,57
Lawrence,0015 NEW LIBERTY GROVE METH. 16-1,Lieutenant Governor,,REP,Nicole Jones Wadsworth,9
Lawrence,0015 NEW LIBERTY GROVE METH. 16-1,Lieutenant Governor,,REP,Pat Bishop,3
Lawrence,0015 NEW LIBERTY GROVE METH. 16-1,Lieutenant Governor,,REP,Rick Pate,8
Lawrence,0015 NEW LIBERTY GROVE METH. 16-1,Lieutenant Governor,,REP,Stewart Hill Tankersley,4
Lawrence,0015 NEW LIBERTY GROVE METH. 16-1,Lieutenant Governor,,REP,Wes Allen,41
Lawrence,0015 NEW LIBERTY GROVE METH. 16-1,"Member, Lawrence County Commission, District No. 2",,REP,Brandon Kerby,44
Lawrence,0015 NEW LIBERTY GROVE METH. 16-1,"Member, Lawrence County Commission, District No. 2",,REP,Jonathan Bradford,55
Lawrence,0015 NEW LIBERTY GROVE METH. 16-1,"Member, Lawrence County Commission, District No. 2",,REP,Rickey Johnson,39
Lawrence,0015 NEW LIBERTY GROVE METH. 16-1,"Public Service Commission, Place No. 2",,REP,Brent Woodall,40
Lawrence,0015 NEW LIBERTY GROVE METH. 16-1,"Public Service Commission, Place No. 2",,REP,Chris Beeker,19
Lawrence,0015 NEW LIBERTY GROVE METH. 16-1,"Public Service Commission, Place No. 2",,REP,Jim Zig Zeigler,43
Lawrence,0015 NEW LIBERTY GROVE METH. 16-1,"Public Service Commission, Place No. 2",,REP,Priscilla Andrews,3
Lawrence,0015 NEW LIBERTY GROVE METH. 16-1,Secretary of State,,REP,Caroleene Dobson,50
Lawrence,0015 NEW LIBERTY GROVE METH. 16-1,Secretary of State,,REP,Christopher Christian Horn,35
Lawrence,0015 NEW LIBERTY GROVE METH. 16-1,Secretary of State,,REP,Glenda S. Jackson,21
Lawrence,0015 NEW LIBERTY GROVE METH. 16-1,State Auditor,,REP,Andrew Sorrell,95
Lawrence,0015 NEW LIBERTY GROVE METH. 16-1,State Auditor,,REP,Derek Chen,22
Lawrence,0015 NEW LIBERTY GROVE METH. 16-1,"State Republican Executive Committee, Lawrence County, Place 1",,REP,Angelo Doc Mancuso,40
Lawrence,0015 NEW LIBERTY GROVE METH. 16-1,"State Republican Executive Committee, Lawrence County, Place 1",,REP,Ernie Yarbrough,86
Lawrence,0015 NEW LIBERTY GROVE METH. 16-1,State Treasurer,,REP,Steve Lolley,47
Lawrence,0015 NEW LIBERTY GROVE METH. 16-1,State Treasurer,,REP,Young Boozer,62
Lawrence,0015 NEW LIBERTY GROVE METH. 16-1,U.S. Senate,,REP,Barry Moore,55
Lawrence,0015 NEW LIBERTY GROVE METH. 16-1,U.S. Senate,,REP,Dale Shelton Deas Jr.,1
Lawrence,0015 NEW LIBERTY GROVE METH. 16-1,U.S. Senate,,REP,Jared Hudson,23
Lawrence,0015 NEW LIBERTY GROVE METH. 16-1,U.S. Senate,,REP,Morgan Murphy,1
Lawrence,0015 NEW LIBERTY GROVE METH. 16-1,U.S. Senate,,REP,Rodney Walker,9
Lawrence,0015 NEW LIBERTY GROVE METH. 16-1,U.S. Senate,,REP,Seth Burton,6
Lawrence,0015 NEW LIBERTY GROVE METH. 16-1,U.S. Senate,,REP,Steve Marshall,31
Lawrence,0016 CHALYBEATE FIRE DEPT. 17-1,Governor,,DEM,"Chad ""Chig"" Martin",0
Lawrence,0016 CHALYBEATE FIRE DEPT. 17-1,Governor,,DEM,Doug Jones,15
Lawrence,0016 CHALYBEATE FIRE DEPT. 17-1,Governor,,DEM,Jamel J. Brown,0
Lawrence,0016 CHALYBEATE FIRE DEPT. 17-1,Governor,,DEM,"Nathan ""Nate"" Mathis",1
Lawrence,0016 CHALYBEATE FIRE DEPT. 17-1,Governor,,DEM,Will Boyd,3
Lawrence,0016 CHALYBEATE FIRE DEPT. 17-1,Governor,,DEM,Yolanda Rochelle Flowers,0
Lawrence,0016 CHALYBEATE FIRE DEPT. 17-1,Lieutenant Governor,,DEM,Darryl D. Perryman,10
Lawrence,0016 CHALYBEATE FIRE DEPT. 17-1,Lieutenant Governor,,DEM,Phillip Ensler,8
Lawrence,0016 CHALYBEATE FIRE DEPT. 17-1,State Democratic Executive Committee,,DEM,Brenda Hampton,9
Lawrence,0016 CHALYBEATE FIRE DEPT. 17-1,State Democratic Executive Committee,,DEM,Marcus Echols,9
Lawrence,0016 CHALYBEATE FIRE DEPT. 17-1,State Democratic Executive Committee,,DEM,Melvina Taylor Watkins,9
Lawrence,0016 CHALYBEATE FIRE DEPT. 17-1,State Democratic Executive Committee,,DEM,Mose Jones Jr.,9
Lawrence,0016 CHALYBEATE FIRE DEPT. 17-1,U.S. House,5,DEM,Andrew Sneed,5
Lawrence,0016 CHALYBEATE FIRE DEPT. 17-1,U.S. House,5,DEM,Candice Dollar Duvieilh,10
Lawrence,0016 CHALYBEATE FIRE DEPT. 17-1,U.S. House,5,DEM,Jeremy Devito,2
Lawrence,0016 CHALYBEATE FIRE DEPT. 17-1,U.S. Senate,,DEM,Dakarai Larriett,6
Lawrence,0016 CHALYBEATE FIRE DEPT. 17-1,U.S. Senate,,DEM,Everett Wess,4
Lawrence,0016 CHALYBEATE FIRE DEPT. 17-1,U.S. Senate,,DEM,Kyle Sweetser,3
Lawrence,0016 CHALYBEATE FIRE DEPT. 17-1,U.S. Senate,,DEM,Mark S. Wheeler II,5
Lawrence,0016 CHALYBEATE FIRE DEPT. 17-1,Proposed Statewide Amendment 1,,,No,31
Lawrence,0016 CHALYBEATE FIRE DEPT. 17-1,Proposed Statewide Amendment 1,,,Yes,273
Lawrence,0016 CHALYBEATE FIRE DEPT. 17-1,Proposed Statewide Amendment 2,,,No,127
Lawrence,0016 CHALYBEATE FIRE DEPT. 17-1,Proposed Statewide Amendment 2,,,Yes,159
Lawrence,0016 CHALYBEATE FIRE DEPT. 17-1,Attorney General,,REP,Jay Mitchell,94
Lawrence,0016 CHALYBEATE FIRE DEPT. 17-1,Attorney General,,REP,Katherine Robertson,110
Lawrence,0016 CHALYBEATE FIRE DEPT. 17-1,Attorney General,,REP,Pamela L. Casey,53
Lawrence,0016 CHALYBEATE FIRE DEPT. 17-1,Governor,,REP,"""Alabama"" Will Santivasci",12
Lawrence,0016 CHALYBEATE FIRE DEPT. 17-1,Governor,,REP,Ken McFeeters,24
Lawrence,0016 CHALYBEATE FIRE DEPT. 17-1,Governor,,REP,Thomas Tuberville,260
Lawrence,0016 CHALYBEATE FIRE DEPT. 17-1,Lieutenant Governor,,REP,George Childress,8
Lawrence,0016 CHALYBEATE FIRE DEPT. 17-1,Lieutenant Governor,,REP,John Wahl,121
Lawrence,0016 CHALYBEATE FIRE DEPT. 17-1,Lieutenant Governor,,REP,Nicole Jones Wadsworth,10
Lawrence,0016 CHALYBEATE FIRE DEPT. 17-1,Lieutenant Governor,,REP,Pat Bishop,5
Lawrence,0016 CHALYBEATE FIRE DEPT. 17-1,Lieutenant Governor,,REP,Rick Pate,12
Lawrence,0016 CHALYBEATE FIRE DEPT. 17-1,Lieutenant Governor,,REP,Stewart Hill Tankersley,5
Lawrence,0016 CHALYBEATE FIRE DEPT. 17-1,Lieutenant Governor,,REP,Wes Allen,108
Lawrence,0016 CHALYBEATE FIRE DEPT. 17-1,"Member, Lawrence County Gop Executive Committee, District No. 3",,REP,Brandon Johnson,146
Lawrence,0016 CHALYBEATE FIRE DEPT. 17-1,"Member, Lawrence County Gop Executive Committee, District No. 3",,REP,Crystal L. Yarbrough,93
Lawrence,0016 CHALYBEATE FIRE DEPT. 17-1,"Public Service Commission, Place No. 2",,REP,Brent Woodall,55
Lawrence,0016 CHALYBEATE FIRE DEPT. 17-1,"Public Service Commission, Place No. 2",,REP,Chris Beeker,48
Lawrence,0016 CHALYBEATE FIRE DEPT. 17-1,"Public Service Commission, Place No. 2",,REP,Jim Zig Zeigler,118
Lawrence,0016 CHALYBEATE FIRE DEPT. 17-1,"Public Service Commission, Place No. 2",,REP,Priscilla Andrews,16
Lawrence,0016 CHALYBEATE FIRE DEPT. 17-1,Secretary of State,,REP,Caroleene Dobson,150
Lawrence,0016 CHALYBEATE FIRE DEPT. 17-1,Secretary of State,,REP,Christopher Christian Horn,44
Lawrence,0016 CHALYBEATE FIRE DEPT. 17-1,Secretary of State,,REP,Glenda S. Jackson,38
Lawrence,0016 CHALYBEATE FIRE DEPT. 17-1,State Auditor,,REP,Andrew Sorrell,200
Lawrence,0016 CHALYBEATE FIRE DEPT. 17-1,State Auditor,,REP,Derek Chen,63
Lawrence,0016 CHALYBEATE FIRE DEPT. 17-1,"State Republican Executive Committee, Lawrence County, Place 1",,REP,Angelo Doc Mancuso,98
Lawrence,0016 CHALYBEATE FIRE DEPT. 17-1,"State Republican Executive Committee, Lawrence County, Place 1",,REP,Ernie Yarbrough,179
Lawrence,0016 CHALYBEATE FIRE DEPT. 17-1,State Treasurer,,REP,Steve Lolley,88
Lawrence,0016 CHALYBEATE FIRE DEPT. 17-1,State Treasurer,,REP,Young Boozer,157
Lawrence,0016 CHALYBEATE FIRE DEPT. 17-1,U.S. Senate,,REP,Barry Moore,105
Lawrence,0016 CHALYBEATE FIRE DEPT. 17-1,U.S. Senate,,REP,Dale Shelton Deas Jr.,4
Lawrence,0016 CHALYBEATE FIRE DEPT. 17-1,U.S. Senate,,REP,Jared Hudson,52
Lawrence,0016 CHALYBEATE FIRE DEPT. 17-1,U.S. Senate,,REP,Morgan Murphy,5
Lawrence,0016 CHALYBEATE FIRE DEPT. 17-1,U.S. Senate,,REP,Rodney Walker,20
Lawrence,0016 CHALYBEATE FIRE DEPT. 17-1,U.S. Senate,,REP,Seth Burton,1
Lawrence,0016 CHALYBEATE FIRE DEPT. 17-1,U.S. Senate,,REP,Steve Marshall,88
Lawrence,0017 PILGRAM MISS. BAPT. 18-1,Governor,,DEM,"Chad ""Chig"" Martin",3
Lawrence,0017 PILGRAM MISS. BAPT. 18-1,Governor,,DEM,Doug Jones,11
Lawrence,0017 PILGRAM MISS. BAPT. 18-1,Governor,,DEM,Jamel J. Brown,0
Lawrence,0017 PILGRAM MISS. BAPT. 18-1,Governor,,DEM,"Nathan ""Nate"" Mathis",1
Lawrence,0017 PILGRAM MISS. BAPT. 18-1,Governor,,DEM,Will Boyd,2
Lawrence,0017 PILGRAM MISS. BAPT. 18-1,Governor,,DEM,Yolanda Rochelle Flowers,1
Lawrence,0017 PILGRAM MISS. BAPT. 18-1,Lieutenant Governor,,DEM,Darryl D. Perryman,11
Lawrence,0017 PILGRAM MISS. BAPT. 18-1,Lieutenant Governor,,DEM,Phillip Ensler,6
Lawrence,0017 PILGRAM MISS. BAPT. 18-1,State Democratic Executive Committee,,DEM,Brenda Hampton,10
Lawrence,0017 PILGRAM MISS. BAPT. 18-1,State Democratic Executive Committee,,DEM,Marcus Echols,11
Lawrence,0017 PILGRAM MISS. BAPT. 18-1,State Democratic Executive Committee,,DEM,Melvina Taylor Watkins,5
Lawrence,0017 PILGRAM MISS. BAPT. 18-1,State Democratic Executive Committee,,DEM,Mose Jones Jr.,6
Lawrence,0017 PILGRAM MISS. BAPT. 18-1,U.S. House,5,DEM,Andrew Sneed,5
Lawrence,0017 PILGRAM MISS. BAPT. 18-1,U.S. House,5,DEM,Candice Dollar Duvieilh,4
Lawrence,0017 PILGRAM MISS. BAPT. 18-1,U.S. House,5,DEM,Jeremy Devito,6
Lawrence,0017 PILGRAM MISS. BAPT. 18-1,U.S. Senate,,DEM,Dakarai Larriett,4
Lawrence,0017 PILGRAM MISS. BAPT. 18-1,U.S. Senate,,DEM,Everett Wess,6
Lawrence,0017 PILGRAM MISS. BAPT. 18-1,U.S. Senate,,DEM,Kyle Sweetser,5
Lawrence,0017 PILGRAM MISS. BAPT. 18-1,U.S. Senate,,DEM,Mark S. Wheeler II,2
Lawrence,0017 PILGRAM MISS. BAPT. 18-1,Proposed Statewide Amendment 1,,,No,27
Lawrence,0017 PILGRAM MISS. BAPT. 18-1,Proposed Statewide Amendment 1,,,Yes,175
Lawrence,0017 PILGRAM MISS. BAPT. 18-1,Proposed Statewide Amendment 2,,,No,98
Lawrence,0017 PILGRAM MISS. BAPT. 18-1,Proposed Statewide Amendment 2,,,Yes,99
Lawrence,0017 PILGRAM MISS. BAPT. 18-1,Attorney General,,REP,Jay Mitchell,57
Lawrence,0017 PILGRAM MISS. BAPT. 18-1,Attorney General,,REP,Katherine Robertson,96
Lawrence,0017 PILGRAM MISS. BAPT. 18-1,Attorney General,,REP,Pamela L. Casey,27
Lawrence,0017 PILGRAM MISS. BAPT. 18-1,Governor,,REP,"""Alabama"" Will Santivasci",13
Lawrence,0017 PILGRAM MISS. BAPT. 18-1,Governor,,REP,Ken McFeeters,17
Lawrence,0017 PILGRAM MISS. BAPT. 18-1,Governor,,REP,Thomas Tuberville,163
Lawrence,0017 PILGRAM MISS. BAPT. 18-1,Lieutenant Governor,,REP,George Childress,5
Lawrence,0017 PILGRAM MISS. BAPT. 18-1,Lieutenant Governor,,REP,John Wahl,93
Lawrence,0017 PILGRAM MISS. BAPT. 18-1,Lieutenant Governor,,REP,Nicole Jones Wadsworth,12
Lawrence,0017 PILGRAM MISS. BAPT. 18-1,Lieutenant Governor,,REP,Pat Bishop,4
Lawrence,0017 PILGRAM MISS. BAPT. 18-1,Lieutenant Governor,,REP,Rick Pate,14
Lawrence,0017 PILGRAM MISS. BAPT. 18-1,Lieutenant Governor,,REP,Stewart Hill Tankersley,2
Lawrence,0017 PILGRAM MISS. BAPT. 18-1,Lieutenant Governor,,REP,Wes Allen,47
Lawrence,0017 PILGRAM MISS. BAPT. 18-1,"Member, Lawrence County Gop Executive Committee, District No. 3",,REP,Brandon Johnson,92
Lawrence,0017 PILGRAM MISS. BAPT. 18-1,"Member, Lawrence County Gop Executive Committee, District No. 3",,REP,Crystal L. Yarbrough,79
Lawrence,0017 PILGRAM MISS. BAPT. 18-1,"Public Service Commission, Place No. 2",,REP,Brent Woodall,48
Lawrence,0017 PILGRAM MISS. BAPT. 18-1,"Public Service Commission, Place No. 2",,REP,Chris Beeker,27
Lawrence,0017 PILGRAM MISS. BAPT. 18-1,"Public Service Commission, Place No. 2",,REP,Jim Zig Zeigler,72
Lawrence,0017 PILGRAM MISS. BAPT. 18-1,"Public Service Commission, Place No. 2",,REP,Priscilla Andrews,18
Lawrence,0017 PILGRAM MISS. BAPT. 18-1,Secretary of State,,REP,Caroleene Dobson,96
Lawrence,0017 PILGRAM MISS. BAPT. 18-1,Secretary of State,,REP,Christopher Christian Horn,37
Lawrence,0017 PILGRAM MISS. BAPT. 18-1,Secretary of State,,REP,Glenda S. Jackson,28
Lawrence,0017 PILGRAM MISS. BAPT. 18-1,State Auditor,,REP,Andrew Sorrell,127
Lawrence,0017 PILGRAM MISS. BAPT. 18-1,State Auditor,,REP,Derek Chen,40
Lawrence,0017 PILGRAM MISS. BAPT. 18-1,"State Republican Executive Committee, Lawrence County, Place 1",,REP,Angelo Doc Mancuso,67
Lawrence,0017 PILGRAM MISS. BAPT. 18-1,"State Republican Executive Committee, Lawrence County, Place 1",,REP,Ernie Yarbrough,115
Lawrence,0017 PILGRAM MISS. BAPT. 18-1,State Treasurer,,REP,Steve Lolley,69
Lawrence,0017 PILGRAM MISS. BAPT. 18-1,State Treasurer,,REP,Young Boozer,99
Lawrence,0017 PILGRAM MISS. BAPT. 18-1,U.S. Senate,,REP,Barry Moore,73
Lawrence,0017 PILGRAM MISS. BAPT. 18-1,U.S. Senate,,REP,Dale Shelton Deas Jr.,5
Lawrence,0017 PILGRAM MISS. BAPT. 18-1,U.S. Senate,,REP,Jared Hudson,33
Lawrence,0017 PILGRAM MISS. BAPT. 18-1,U.S. Senate,,REP,Morgan Murphy,3
Lawrence,0017 PILGRAM MISS. BAPT. 18-1,U.S. Senate,,REP,Rodney Walker,7
Lawrence,0017 PILGRAM MISS. BAPT. 18-1,U.S. Senate,,REP,Seth Burton,10
Lawrence,0017 PILGRAM MISS. BAPT. 18-1,U.S. Senate,,REP,Steve Marshall,49
Lawrence,0018 LAWRENCE HEALTH DEPT.19-1,Governor,,DEM,"Chad ""Chig"" Martin",4
Lawrence,0018 LAWRENCE HEALTH DEPT.19-1,Governor,,DEM,Doug Jones,28
Lawrence,0018 LAWRENCE HEALTH DEPT.19-1,Governor,,DEM,Jamel J. Brown,2
Lawrence,0018 LAWRENCE HEALTH DEPT.19-1,Governor,,DEM,"Nathan ""Nate"" Mathis",1
Lawrence,0018 LAWRENCE HEALTH DEPT.19-1,Governor,,DEM,Will Boyd,13
Lawrence,0018 LAWRENCE HEALTH DEPT.19-1,Governor,,DEM,Yolanda Rochelle Flowers,4
Lawrence,0018 LAWRENCE HEALTH DEPT.19-1,Lieutenant Governor,,DEM,Darryl D. Perryman,20
Lawrence,0018 LAWRENCE HEALTH DEPT.19-1,Lieutenant Governor,,DEM,Phillip Ensler,31
Lawrence,0018 LAWRENCE HEALTH DEPT.19-1,State Democratic Executive Committee,,DEM,Brenda Hampton,24
Lawrence,0018 LAWRENCE HEALTH DEPT.19-1,State Democratic Executive Committee,,DEM,Marcus Echols,26
Lawrence,0018 LAWRENCE HEALTH DEPT.19-1,State Democratic Executive Committee,,DEM,Melvina Taylor Watkins,26
Lawrence,0018 LAWRENCE HEALTH DEPT.19-1,State Democratic Executive Committee,,DEM,Mose Jones Jr.,26
Lawrence,0018 LAWRENCE HEALTH DEPT.19-1,U.S. House,5,DEM,Andrew Sneed,30
Lawrence,0018 LAWRENCE HEALTH DEPT.19-1,U.S. House,5,DEM,Candice Dollar Duvieilh,12
Lawrence,0018 LAWRENCE HEALTH DEPT.19-1,U.S. House,5,DEM,Jeremy Devito,7
Lawrence,0018 LAWRENCE HEALTH DEPT.19-1,U.S. Senate,,DEM,Dakarai Larriett,9
Lawrence,0018 LAWRENCE HEALTH DEPT.19-1,U.S. Senate,,DEM,Everett Wess,16
Lawrence,0018 LAWRENCE HEALTH DEPT.19-1,U.S. Senate,,DEM,Kyle Sweetser,7
Lawrence,0018 LAWRENCE HEALTH DEPT.19-1,U.S. Senate,,DEM,Mark S. Wheeler II,17
Lawrence,0018 LAWRENCE HEALTH DEPT.19-1,Proposed Statewide Amendment 1,,,No,47
Lawrence,0018 LAWRENCE HEALTH DEPT.19-1,Proposed Statewide Amendment 1,,,Yes,282
Lawrence,0018 LAWRENCE HEALTH DEPT.19-1,Proposed Statewide Amendment 2,,,No,122
Lawrence,0018 LAWRENCE HEALTH DEPT.19-1,Proposed Statewide Amendment 2,,,Yes,195
Lawrence,0018 LAWRENCE HEALTH DEPT.19-1,Attorney General,,REP,Jay Mitchell,83
Lawrence,0018 LAWRENCE HEALTH DEPT.19-1,Attorney General,,REP,Katherine Robertson,111
Lawrence,0018 LAWRENCE HEALTH DEPT.19-1,Attorney General,,REP,Pamela L. Casey,50
Lawrence,0018 LAWRENCE HEALTH DEPT.19-1,Governor,,REP,"""Alabama"" Will Santivasci",10
Lawrence,0018 LAWRENCE HEALTH DEPT.19-1,Governor,,REP,Ken McFeeters,32
Lawrence,0018 LAWRENCE HEALTH DEPT.19-1,Governor,,REP,Thomas Tuberville,217
Lawrence,0018 LAWRENCE HEALTH DEPT.19-1,Lieutenant Governor,,REP,George Childress,3
Lawrence,0018 LAWRENCE HEALTH DEPT.19-1,Lieutenant Governor,,REP,John Wahl,105
Lawrence,0018 LAWRENCE HEALTH DEPT.19-1,Lieutenant Governor,,REP,Nicole Jones Wadsworth,17
Lawrence,0018 LAWRENCE HEALTH DEPT.19-1,Lieutenant Governor,,REP,Pat Bishop,7
Lawrence,0018 LAWRENCE HEALTH DEPT.19-1,Lieutenant Governor,,REP,Rick Pate,21
Lawrence,0018 LAWRENCE HEALTH DEPT.19-1,Lieutenant Governor,,REP,Stewart Hill Tankersley,1
Lawrence,0018 LAWRENCE HEALTH DEPT.19-1,Lieutenant Governor,,REP,Wes Allen,100
Lawrence,0018 LAWRENCE HEALTH DEPT.19-1,"Member, Lawrence County Gop Executive Committee, District No. 3",,REP,Brandon Johnson,128
Lawrence,0018 LAWRENCE HEALTH DEPT.19-1,"Member, Lawrence County Gop Executive Committee, District No. 3",,REP,Crystal L. Yarbrough,109
Lawrence,0018 LAWRENCE HEALTH DEPT.19-1,"Public Service Commission, Place No. 2",,REP,Brent Woodall,55
Lawrence,0018 LAWRENCE HEALTH DEPT.19-1,"Public Service Commission, Place No. 2",,REP,Chris Beeker,49
Lawrence,0018 LAWRENCE HEALTH DEPT.19-1,"Public Service Commission, Place No. 2",,REP,Jim Zig Zeigler,97
Lawrence,0018 LAWRENCE HEALTH DEPT.19-1,"Public Service Commission, Place No. 2",,REP,Priscilla Andrews,31
Lawrence,0018 LAWRENCE HEALTH DEPT.19-1,Secretary of State,,REP,Caroleene Dobson,119
Lawrence,0018 LAWRENCE HEALTH DEPT.19-1,Secretary of State,,REP,Christopher Christian Horn,67
Lawrence,0018 LAWRENCE HEALTH DEPT.19-1,Secretary of State,,REP,Glenda S. Jackson,37
Lawrence,0018 LAWRENCE HEALTH DEPT.19-1,State Auditor,,REP,Andrew Sorrell,184
Lawrence,0018 LAWRENCE HEALTH DEPT.19-1,State Auditor,,REP,Derek Chen,56
Lawrence,0018 LAWRENCE HEALTH DEPT.19-1,"State Republican Executive Committee, Lawrence County, Place 1",,REP,Angelo Doc Mancuso,102
Lawrence,0018 LAWRENCE HEALTH DEPT.19-1,"State Republican Executive Committee, Lawrence County, Place 1",,REP,Ernie Yarbrough,165
Lawrence,0018 LAWRENCE HEALTH DEPT.19-1,State Treasurer,,REP,Steve Lolley,110
Lawrence,0018 LAWRENCE HEALTH DEPT.19-1,State Treasurer,,REP,Young Boozer,130
Lawrence,0018 LAWRENCE HEALTH DEPT.19-1,U.S. Senate,,REP,Barry Moore,91
Lawrence,0018 LAWRENCE HEALTH DEPT.19-1,U.S. Senate,,REP,Dale Shelton Deas Jr.,2
Lawrence,0018 LAWRENCE HEALTH DEPT.19-1,U.S. Senate,,REP,Jared Hudson,62
Lawrence,0018 LAWRENCE HEALTH DEPT.19-1,U.S. Senate,,REP,Morgan Murphy,10
Lawrence,0018 LAWRENCE HEALTH DEPT.19-1,U.S. Senate,,REP,Rodney Walker,10
Lawrence,0018 LAWRENCE HEALTH DEPT.19-1,U.S. Senate,,REP,Seth Burton,10
Lawrence,0018 LAWRENCE HEALTH DEPT.19-1,U.S. Senate,,REP,Steve Marshall,71
Lawrence,0019 FAIRFIELD CH 22-1 30-1,Governor,,DEM,"Chad ""Chig"" Martin",1
Lawrence,0019 FAIRFIELD CH 22-1 30-1,Governor,,DEM,Doug Jones,6
Lawrence,0019 FAIRFIELD CH 22-1 30-1,Governor,,DEM,Jamel J. Brown,0
Lawrence,0019 FAIRFIELD CH 22-1 30-1,Governor,,DEM,"Nathan ""Nate"" Mathis",0
Lawrence,0019 FAIRFIELD CH 22-1 30-1,Governor,,DEM,Will Boyd,0
Lawrence,0019 FAIRFIELD CH 22-1 30-1,Governor,,DEM,Yolanda Rochelle Flowers,1
Lawrence,0019 FAIRFIELD CH 22-1 30-1,Lieutenant Governor,,DEM,Darryl D. Perryman,5
Lawrence,0019 FAIRFIELD CH 22-1 30-1,Lieutenant Governor,,DEM,Phillip Ensler,2
Lawrence,0019 FAIRFIELD CH 22-1 30-1,State Democratic Executive Committee,,DEM,Brenda Hampton,0
Lawrence,0019 FAIRFIELD CH 22-1 30-1,State Democratic Executive Committee,,DEM,Marcus Echols,3
Lawrence,0019 FAIRFIELD CH 22-1 30-1,State Democratic Executive Committee,,DEM,Melvina Taylor Watkins,8
Lawrence,0019 FAIRFIELD CH 22-1 30-1,State Democratic Executive Committee,,DEM,Mose Jones Jr.,5
Lawrence,0019 FAIRFIELD CH 22-1 30-1,U.S. House,5,DEM,Andrew Sneed,4
Lawrence,0019 FAIRFIELD CH 22-1 30-1,U.S. House,5,DEM,Candice Dollar Duvieilh,3
Lawrence,0019 FAIRFIELD CH 22-1 30-1,U.S. House,5,DEM,Jeremy Devito,0
Lawrence,0019 FAIRFIELD CH 22-1 30-1,U.S. Senate,,DEM,Dakarai Larriett,0
Lawrence,0019 FAIRFIELD CH 22-1 30-1,U.S. Senate,,DEM,Everett Wess,0
Lawrence,0019 FAIRFIELD CH 22-1 30-1,U.S. Senate,,DEM,Kyle Sweetser,4
Lawrence,0019 FAIRFIELD CH 22-1 30-1,U.S. Senate,,DEM,Mark S. Wheeler II,3
Lawrence,0019 FAIRFIELD CH 22-1 30-1,Proposed Statewide Amendment 1,,,No,12
Lawrence,0019 FAIRFIELD CH 22-1 30-1,Proposed Statewide Amendment 1,,,Yes,92
Lawrence,0019 FAIRFIELD CH 22-1 30-1,Proposed Statewide Amendment 2,,,No,51
Lawrence,0019 FAIRFIELD CH 22-1 30-1,Proposed Statewide Amendment 2,,,Yes,51
Lawrence,0019 FAIRFIELD CH 22-1 30-1,Attorney General,,REP,Jay Mitchell,44
Lawrence,0019 FAIRFIELD CH 22-1 30-1,Attorney General,,REP,Katherine Robertson,32
Lawrence,0019 FAIRFIELD CH 22-1 30-1,Attorney General,,REP,Pamela L. Casey,18
Lawrence,0019 FAIRFIELD CH 22-1 30-1,Governor,,REP,"""Alabama"" Will Santivasci",1
Lawrence,0019 FAIRFIELD CH 22-1 30-1,Governor,,REP,Ken McFeeters,14
Lawrence,0019 FAIRFIELD CH 22-1 30-1,Governor,,REP,Thomas Tuberville,86
Lawrence,0019 FAIRFIELD CH 22-1 30-1,Lieutenant Governor,,REP,George Childress,2
Lawrence,0019 FAIRFIELD CH 22-1 30-1,Lieutenant Governor,,REP,John Wahl,46
Lawrence,0019 FAIRFIELD CH 22-1 30-1,Lieutenant Governor,,REP,Nicole Jones Wadsworth,3
Lawrence,0019 FAIRFIELD CH 22-1 30-1,Lieutenant Governor,,REP,Pat Bishop,6
Lawrence,0019 FAIRFIELD CH 22-1 30-1,Lieutenant Governor,,REP,Rick Pate,7
Lawrence,0019 FAIRFIELD CH 22-1 30-1,Lieutenant Governor,,REP,Stewart Hill Tankersley,4
Lawrence,0019 FAIRFIELD CH 22-1 30-1,Lieutenant Governor,,REP,Wes Allen,27
Lawrence,0019 FAIRFIELD CH 22-1 30-1,"Member, Lawrence County Commission, District No. 4",,REP,Daniell Johnston,13
Lawrence,0019 FAIRFIELD CH 22-1 30-1,"Member, Lawrence County Commission, District No. 4",,REP,Gunnar Walling,54
Lawrence,0019 FAIRFIELD CH 22-1 30-1,"Member, Lawrence County Gop Executive Committee, District No. 3",,REP,Brandon Johnson,19
Lawrence,0019 FAIRFIELD CH 22-1 30-1,"Member, Lawrence County Gop Executive Committee, District No. 3",,REP,Crystal L. Yarbrough,14
Lawrence,0019 FAIRFIELD CH 22-1 30-1,"Public Service Commission, Place No. 2",,REP,Brent Woodall,20
Lawrence,0019 FAIRFIELD CH 22-1 30-1,"Public Service Commission, Place No. 2",,REP,Chris Beeker,12
Lawrence,0019 FAIRFIELD CH 22-1 30-1,"Public Service Commission, Place No. 2",,REP,Jim Zig Zeigler,48
Lawrence,0019 FAIRFIELD CH 22-1 30-1,"Public Service Commission, Place No. 2",,REP,Priscilla Andrews,9
Lawrence,0019 FAIRFIELD CH 22-1 30-1,Secretary of State,,REP,Caroleene Dobson,39
Lawrence,0019 FAIRFIELD CH 22-1 30-1,Secretary of State,,REP,Christopher Christian Horn,37
Lawrence,0019 FAIRFIELD CH 22-1 30-1,Secretary of State,,REP,Glenda S. Jackson,5
Lawrence,0019 FAIRFIELD CH 22-1 30-1,State Auditor,,REP,Andrew Sorrell,73
Lawrence,0019 FAIRFIELD CH 22-1 30-1,State Auditor,,REP,Derek Chen,18
Lawrence,0019 FAIRFIELD CH 22-1 30-1,"State Republican Executive Committee, Lawrence County, Place 1",,REP,Angelo Doc Mancuso,36
Lawrence,0019 FAIRFIELD CH 22-1 30-1,"State Republican Executive Committee, Lawrence County, Place 1",,REP,Ernie Yarbrough,66
Lawrence,0019 FAIRFIELD CH 22-1 30-1,State Treasurer,,REP,Steve Lolley,33
Lawrence,0019 FAIRFIELD CH 22-1 30-1,State Treasurer,,REP,Young Boozer,53
Lawrence,0019 FAIRFIELD CH 22-1 30-1,U.S. Senate,,REP,Barry Moore,42
Lawrence,0019 FAIRFIELD CH 22-1 30-1,U.S. Senate,,REP,Dale Shelton Deas Jr.,4
Lawrence,0019 FAIRFIELD CH 22-1 30-1,U.S. Senate,,REP,Jared Hudson,19
Lawrence,0019 FAIRFIELD CH 22-1 30-1,U.S. Senate,,REP,Morgan Murphy,1
Lawrence,0019 FAIRFIELD CH 22-1 30-1,U.S. Senate,,REP,Rodney Walker,2
Lawrence,0019 FAIRFIELD CH 22-1 30-1,U.S. Senate,,REP,Seth Burton,5
Lawrence,0019 FAIRFIELD CH 22-1 30-1,U.S. Senate,,REP,Steve Marshall,25
Lawrence,0020 MOULTON CITY HALL 24-1,Governor,,DEM,"Chad ""Chig"" Martin",1
Lawrence,0020 MOULTON CITY HALL 24-1,Governor,,DEM,Doug Jones,6
Lawrence,0020 MOULTON CITY HALL 24-1,Governor,,DEM,Jamel J. Brown,0
Lawrence,0020 MOULTON CITY HALL 24-1,Governor,,DEM,"Nathan ""Nate"" Mathis",0
Lawrence,0020 MOULTON CITY HALL 24-1,Governor,,DEM,Will Boyd,1
Lawrence,0020 MOULTON CITY HALL 24-1,Governor,,DEM,Yolanda Rochelle Flowers,0
Lawrence,0020 MOULTON CITY HALL 24-1,Lieutenant Governor,,DEM,Darryl D. Perryman,4
Lawrence,0020 MOULTON CITY HALL 24-1,Lieutenant Governor,,DEM,Phillip Ensler,4
Lawrence,0020 MOULTON CITY HALL 24-1,State Democratic Executive Committee,,DEM,Brenda Hampton,4
Lawrence,0020 MOULTON CITY HALL 24-1,State Democratic Executive Committee,,DEM,Marcus Echols,4
Lawrence,0020 MOULTON CITY HALL 24-1,State Democratic Executive Committee,,DEM,Melvina Taylor Watkins,3
Lawrence,0020 MOULTON CITY HALL 24-1,State Democratic Executive Committee,,DEM,Mose Jones Jr.,4
Lawrence,0020 MOULTON CITY HALL 24-1,U.S. House,5,DEM,Andrew Sneed,2
Lawrence,0020 MOULTON CITY HALL 24-1,U.S. House,5,DEM,Candice Dollar Duvieilh,3
Lawrence,0020 MOULTON CITY HALL 24-1,U.S. House,5,DEM,Jeremy Devito,2
Lawrence,0020 MOULTON CITY HALL 24-1,U.S. Senate,,DEM,Dakarai Larriett,2
Lawrence,0020 MOULTON CITY HALL 24-1,U.S. Senate,,DEM,Everett Wess,2
Lawrence,0020 MOULTON CITY HALL 24-1,U.S. Senate,,DEM,Kyle Sweetser,2
Lawrence,0020 MOULTON CITY HALL 24-1,U.S. Senate,,DEM,Mark S. Wheeler II,1
Lawrence,0020 MOULTON CITY HALL 24-1,Proposed Statewide Amendment 1,,,No,13
Lawrence,0020 MOULTON CITY HALL 24-1,Proposed Statewide Amendment 1,,,Yes,67
Lawrence,0020 MOULTON CITY HALL 24-1,Proposed Statewide Amendment 2,,,No,30
Lawrence,0020 MOULTON CITY HALL 24-1,Proposed Statewide Amendment 2,,,Yes,47
Lawrence,0020 MOULTON CITY HALL 24-1,Attorney General,,REP,Jay Mitchell,21
Lawrence,0020 MOULTON CITY HALL 24-1,Attorney General,,REP,Katherine Robertson,35
Lawrence,0020 MOULTON CITY HALL 24-1,Attorney General,,REP,Pamela L. Casey,10
Lawrence,0020 MOULTON CITY HALL 24-1,Governor,,REP,"""Alabama"" Will Santivasci",0
Lawrence,0020 MOULTON CITY HALL 24-1,Governor,,REP,Ken McFeeters,7
Lawrence,0020 MOULTON CITY HALL 24-1,Governor,,REP,Thomas Tuberville,70
Lawrence,0020 MOULTON CITY HALL 24-1,Lieutenant Governor,,REP,George Childress,0
Lawrence,0020 MOULTON CITY HALL 24-1,Lieutenant Governor,,REP,John Wahl,30
Lawrence,0020 MOULTON CITY HALL 24-1,Lieutenant Governor,,REP,Nicole Jones Wadsworth,3
Lawrence,0020 MOULTON CITY HALL 24-1,Lieutenant Governor,,REP,Pat Bishop,3
Lawrence,0020 MOULTON CITY HALL 24-1,Lieutenant Governor,,REP,Rick Pate,4
Lawrence,0020 MOULTON CITY HALL 24-1,Lieutenant Governor,,REP,Stewart Hill Tankersley,0
Lawrence,0020 MOULTON CITY HALL 24-1,Lieutenant Governor,,REP,Wes Allen,28
Lawrence,0020 MOULTON CITY HALL 24-1,"Member, Lawrence County Commission, District No. 4",,REP,Daniell Johnston,12
Lawrence,0020 MOULTON CITY HALL 24-1,"Member, Lawrence County Commission, District No. 4",,REP,Gunnar Walling,68
Lawrence,0020 MOULTON CITY HALL 24-1,"Public Service Commission, Place No. 2",,REP,Brent Woodall,9
Lawrence,0020 MOULTON CITY HALL 24-1,"Public Service Commission, Place No. 2",,REP,Chris Beeker,17
Lawrence,0020 MOULTON CITY HALL 24-1,"Public Service Commission, Place No. 2",,REP,Jim Zig Zeigler,28
Lawrence,0020 MOULTON CITY HALL 24-1,"Public Service Commission, Place No. 2",,REP,Priscilla Andrews,5
Lawrence,0020 MOULTON CITY HALL 24-1,Secretary of State,,REP,Caroleene Dobson,31
Lawrence,0020 MOULTON CITY HALL 24-1,Secretary of State,,REP,Christopher Christian Horn,20
Lawrence,0020 MOULTON CITY HALL 24-1,Secretary of State,,REP,Glenda S. Jackson,3
Lawrence,0020 MOULTON CITY HALL 24-1,State Auditor,,REP,Andrew Sorrell,53
Lawrence,0020 MOULTON CITY HALL 24-1,State Auditor,,REP,Derek Chen,8
Lawrence,0020 MOULTON CITY HALL 24-1,"State Republican Executive Committee, Lawrence County, Place 1",,REP,Angelo Doc Mancuso,21
Lawrence,0020 MOULTON CITY HALL 24-1,"State Republican Executive Committee, Lawrence County, Place 1",,REP,Ernie Yarbrough,50
Lawrence,0020 MOULTON CITY HALL 24-1,State Treasurer,,REP,Steve Lolley,21
Lawrence,0020 MOULTON CITY HALL 24-1,State Treasurer,,REP,Young Boozer,39
Lawrence,0020 MOULTON CITY HALL 24-1,U.S. Senate,,REP,Barry Moore,27
Lawrence,0020 MOULTON CITY HALL 24-1,U.S. Senate,,REP,Dale Shelton Deas Jr.,3
Lawrence,0020 MOULTON CITY HALL 24-1,U.S. Senate,,REP,Jared Hudson,9
Lawrence,0020 MOULTON CITY HALL 24-1,U.S. Senate,,REP,Morgan Murphy,1
Lawrence,0020 MOULTON CITY HALL 24-1,U.S. Senate,,REP,Rodney Walker,4
Lawrence,0020 MOULTON CITY HALL 24-1,U.S. Senate,,REP,Seth Burton,1
Lawrence,0020 MOULTON CITY HALL 24-1,U.S. Senate,,REP,Steve Marshall,25
Lawrence,0021 BOARD OF ED 25-1,Governor,,DEM,"Chad ""Chig"" Martin",3
Lawrence,0021 BOARD OF ED 25-1,Governor,,DEM,Doug Jones,38
Lawrence,0021 BOARD OF ED 25-1,Governor,,DEM,Jamel J. Brown,1
Lawrence,0021 BOARD OF ED 25-1,Governor,,DEM,"Nathan ""Nate"" Mathis",0
Lawrence,0021 BOARD OF ED 25-1,Governor,,DEM,Will Boyd,6
Lawrence,0021 BOARD OF ED 25-1,Governor,,DEM,Yolanda Rochelle Flowers,0
Lawrence,0021 BOARD OF ED 25-1,Lieutenant Governor,,DEM,Darryl D. Perryman,19
Lawrence,0021 BOARD OF ED 25-1,Lieutenant Governor,,DEM,Phillip Ensler,26
Lawrence,0021 BOARD OF ED 25-1,State Democratic Executive Committee,,DEM,Brenda Hampton,24
Lawrence,0021 BOARD OF ED 25-1,State Democratic Executive Committee,,DEM,Marcus Echols,29
Lawrence,0021 BOARD OF ED 25-1,State Democratic Executive Committee,,DEM,Melvina Taylor Watkins,25
Lawrence,0021 BOARD OF ED 25-1,State Democratic Executive Committee,,DEM,Mose Jones Jr.,20
Lawrence,0021 BOARD OF ED 25-1,U.S. House,5,DEM,Andrew Sneed,26
Lawrence,0021 BOARD OF ED 25-1,U.S. House,5,DEM,Candice Dollar Duvieilh,8
Lawrence,0021 BOARD OF ED 25-1,U.S. House,5,DEM,Jeremy Devito,10
Lawrence,0021 BOARD OF ED 25-1,U.S. Senate,,DEM,Dakarai Larriett,9
Lawrence,0021 BOARD OF ED 25-1,U.S. Senate,,DEM,Everett Wess,10
Lawrence,0021 BOARD OF ED 25-1,U.S. Senate,,DEM,Kyle Sweetser,12
Lawrence,0021 BOARD OF ED 25-1,U.S. Senate,,DEM,Mark S. Wheeler II,12
Lawrence,0021 BOARD OF ED 25-1,Proposed Statewide Amendment 1,,,No,37
Lawrence,0021 BOARD OF ED 25-1,Proposed Statewide Amendment 1,,,Yes,460
Lawrence,0021 BOARD OF ED 25-1,Proposed Statewide Amendment 2,,,No,219
Lawrence,0021 BOARD OF ED 25-1,Proposed Statewide Amendment 2,,,Yes,263
Lawrence,0021 BOARD OF ED 25-1,Attorney General,,REP,Jay Mitchell,138
Lawrence,0021 BOARD OF ED 25-1,Attorney General,,REP,Katherine Robertson,210
Lawrence,0021 BOARD OF ED 25-1,Attorney General,,REP,Pamela L. Casey,78
Lawrence,0021 BOARD OF ED 25-1,Governor,,REP,"""Alabama"" Will Santivasci",22
Lawrence,0021 BOARD OF ED 25-1,Governor,,REP,Ken McFeeters,59
Lawrence,0021 BOARD OF ED 25-1,Governor,,REP,Thomas Tuberville,386
Lawrence,0021 BOARD OF ED 25-1,Lieutenant Governor,,REP,George Childress,5
Lawrence,0021 BOARD OF ED 25-1,Lieutenant Governor,,REP,John Wahl,208
Lawrence,0021 BOARD OF ED 25-1,Lieutenant Governor,,REP,Nicole Jones Wadsworth,22
Lawrence,0021 BOARD OF ED 25-1,Lieutenant Governor,,REP,Pat Bishop,9
Lawrence,0021 BOARD OF ED 25-1,Lieutenant Governor,,REP,Rick Pate,26
Lawrence,0021 BOARD OF ED 25-1,Lieutenant Governor,,REP,Stewart Hill Tankersley,12
Lawrence,0021 BOARD OF ED 25-1,Lieutenant Governor,,REP,Wes Allen,163
Lawrence,0021 BOARD OF ED 25-1,"Member, Lawrence County Commission, District No. 4",,REP,Daniell Johnston,196
Lawrence,0021 BOARD OF ED 25-1,"Member, Lawrence County Commission, District No. 4",,REP,Gunnar Walling,284
Lawrence,0021 BOARD OF ED 25-1,"Public Service Commission, Place No. 2",,REP,Brent Woodall,108
Lawrence,0021 BOARD OF ED 25-1,"Public Service Commission, Place No. 2",,REP,Chris Beeker,69
Lawrence,0021 BOARD OF ED 25-1,"Public Service Commission, Place No. 2",,REP,Jim Zig Zeigler,174
Lawrence,0021 BOARD OF ED 25-1,"Public Service Commission, Place No. 2",,REP,Priscilla Andrews,44
Lawrence,0021 BOARD OF ED 25-1,Secretary of State,,REP,Caroleene Dobson,218
Lawrence,0021 BOARD OF ED 25-1,Secretary of State,,REP,Christopher Christian Horn,129
Lawrence,0021 BOARD OF ED 25-1,Secretary of State,,REP,Glenda S. Jackson,42
Lawrence,0021 BOARD OF ED 25-1,State Auditor,,REP,Andrew Sorrell,316
Lawrence,0021 BOARD OF ED 25-1,State Auditor,,REP,Derek Chen,101
Lawrence,0021 BOARD OF ED 25-1,"State Republican Executive Committee, Lawrence County, Place 1",,REP,Angelo Doc Mancuso,187
Lawrence,0021 BOARD OF ED 25-1,"State Republican Executive Committee, Lawrence County, Place 1",,REP,Ernie Yarbrough,277
Lawrence,0021 BOARD OF ED 25-1,State Treasurer,,REP,Steve Lolley,152
Lawrence,0021 BOARD OF ED 25-1,State Treasurer,,REP,Young Boozer,252
Lawrence,0021 BOARD OF ED 25-1,U.S. Senate,,REP,Barry Moore,140
Lawrence,0021 BOARD OF ED 25-1,U.S. Senate,,REP,Dale Shelton Deas Jr.,4
Lawrence,0021 BOARD OF ED 25-1,U.S. Senate,,REP,Jared Hudson,109
Lawrence,0021 BOARD OF ED 25-1,U.S. Senate,,REP,Morgan Murphy,9
Lawrence,0021 BOARD OF ED 25-1,U.S. Senate,,REP,Rodney Walker,26
Lawrence,0021 BOARD OF ED 25-1,U.S. Senate,,REP,Seth Burton,14
Lawrence,0021 BOARD OF ED 25-1,U.S. Senate,,REP,Steve Marshall,146
Lawrence,0022 FREEMAN TAB 26-1,Governor,,DEM,"Chad ""Chig"" Martin",0
Lawrence,0022 FREEMAN TAB 26-1,Governor,,DEM,Doug Jones,55
Lawrence,0022 FREEMAN TAB 26-1,Governor,,DEM,Jamel J. Brown,1
Lawrence,0022 FREEMAN TAB 26-1,Governor,,DEM,"Nathan ""Nate"" Mathis",1
Lawrence,0022 FREEMAN TAB 26-1,Governor,,DEM,Will Boyd,20
Lawrence,0022 FREEMAN TAB 26-1,Governor,,DEM,Yolanda Rochelle Flowers,2
Lawrence,0022 FREEMAN TAB 26-1,Lieutenant Governor,,DEM,Darryl D. Perryman,20
Lawrence,0022 FREEMAN TAB 26-1,Lieutenant Governor,,DEM,Phillip Ensler,56
Lawrence,0022 FREEMAN TAB 26-1,State Democratic Executive Committee,,DEM,Brenda Hampton,5
Lawrence,0022 FREEMAN TAB 26-1,State Democratic Executive Committee,,DEM,Marcus Echols,27
Lawrence,0022 FREEMAN TAB 26-1,State Democratic Executive Committee,,DEM,Melvina Taylor Watkins,74
Lawrence,0022 FREEMAN TAB 26-1,State Democratic Executive Committee,,DEM,Mose Jones Jr.,51
Lawrence,0022 FREEMAN TAB 26-1,U.S. House,5,DEM,Andrew Sneed,29
Lawrence,0022 FREEMAN TAB 26-1,U.S. House,5,DEM,Candice Dollar Duvieilh,33
Lawrence,0022 FREEMAN TAB 26-1,U.S. House,5,DEM,Jeremy Devito,14
Lawrence,0022 FREEMAN TAB 26-1,U.S. Senate,,DEM,Dakarai Larriett,11
Lawrence,0022 FREEMAN TAB 26-1,U.S. Senate,,DEM,Everett Wess,53
Lawrence,0022 FREEMAN TAB 26-1,U.S. Senate,,DEM,Kyle Sweetser,6
Lawrence,0022 FREEMAN TAB 26-1,U.S. Senate,,DEM,Mark S. Wheeler II,6
Lawrence,0022 FREEMAN TAB 26-1,Proposed Statewide Amendment 1,,,No,6
Lawrence,0022 FREEMAN TAB 26-1,Proposed Statewide Amendment 1,,,Yes,78
Lawrence,0022 FREEMAN TAB 26-1,Proposed Statewide Amendment 2,,,No,15
Lawrence,0022 FREEMAN TAB 26-1,Proposed Statewide Amendment 2,,,Yes,68
Lawrence,0022 FREEMAN TAB 26-1,Attorney General,,REP,Jay Mitchell,4
Lawrence,0022 FREEMAN TAB 26-1,Attorney General,,REP,Katherine Robertson,2
Lawrence,0022 FREEMAN TAB 26-1,Attorney General,,REP,Pamela L. Casey,1
Lawrence,0022 FREEMAN TAB 26-1,Governor,,REP,"""Alabama"" Will Santivasci",0
Lawrence,0022 FREEMAN TAB 26-1,Governor,,REP,Ken McFeeters,0
Lawrence,0022 FREEMAN TAB 26-1,Governor,,REP,Thomas Tuberville,7
Lawrence,0022 FREEMAN TAB 26-1,Lieutenant Governor,,REP,George Childress,1
Lawrence,0022 FREEMAN TAB 26-1,Lieutenant Governor,,REP,John Wahl,4
Lawrence,0022 FREEMAN TAB 26-1,Lieutenant Governor,,REP,Nicole Jones Wadsworth,0
Lawrence,0022 FREEMAN TAB 26-1,Lieutenant Governor,,REP,Pat Bishop,0
Lawrence,0022 FREEMAN TAB 26-1,Lieutenant Governor,,REP,Rick Pate,0
Lawrence,0022 FREEMAN TAB 26-1,Lieutenant Governor,,REP,Stewart Hill Tankersley,0
Lawrence,0022 FREEMAN TAB 26-1,Lieutenant Governor,,REP,Wes Allen,2
Lawrence,0022 FREEMAN TAB 26-1,"Member, Lawrence County Gop Executive Committee, District No. 3",,REP,Brandon Johnson,4
Lawrence,0022 FREEMAN TAB 26-1,"Member, Lawrence County Gop Executive Committee, District No. 3",,REP,Crystal L. Yarbrough,1
Lawrence,0022 FREEMAN TAB 26-1,"Public Service Commission, Place No. 2",,REP,Brent Woodall,1
Lawrence,0022 FREEMAN TAB 26-1,"Public Service Commission, Place No. 2",,REP,Chris Beeker,3
Lawrence,0022 FREEMAN TAB 26-1,"Public Service Commission, Place No. 2",,REP,Jim Zig Zeigler,1
Lawrence,0022 FREEMAN TAB 26-1,"Public Service Commission, Place No. 2",,REP,Priscilla Andrews,1
Lawrence,0022 FREEMAN TAB 26-1,Secretary of State,,REP,Caroleene Dobson,1
Lawrence,0022 FREEMAN TAB 26-1,Secretary of State,,REP,Christopher Christian Horn,4
Lawrence,0022 FREEMAN TAB 26-1,Secretary of State,,REP,Glenda S. Jackson,0
Lawrence,0022 FREEMAN TAB 26-1,State Auditor,,REP,Andrew Sorrell,4
Lawrence,0022 FREEMAN TAB 26-1,State Auditor,,REP,Derek Chen,3
Lawrence,0022 FREEMAN TAB 26-1,"State Republican Executive Committee, Lawrence County, Place 1",,REP,Angelo Doc Mancuso,4
Lawrence,0022 FREEMAN TAB 26-1,"State Republican Executive Committee, Lawrence County, Place 1",,REP,Ernie Yarbrough,3
Lawrence,0022 FREEMAN TAB 26-1,State Treasurer,,REP,Steve Lolley,3
Lawrence,0022 FREEMAN TAB 26-1,State Treasurer,,REP,Young Boozer,4
Lawrence,0022 FREEMAN TAB 26-1,U.S. Senate,,REP,Barry Moore,2
Lawrence,0022 FREEMAN TAB 26-1,U.S. Senate,,REP,Dale Shelton Deas Jr.,0
Lawrence,0022 FREEMAN TAB 26-1,U.S. Senate,,REP,Jared Hudson,2
Lawrence,0022 FREEMAN TAB 26-1,U.S. Senate,,REP,Morgan Murphy,0
Lawrence,0022 FREEMAN TAB 26-1,U.S. Senate,,REP,Rodney Walker,0
Lawrence,0022 FREEMAN TAB 26-1,U.S. Senate,,REP,Seth Burton,0
Lawrence,0022 FREEMAN TAB 26-1,U.S. Senate,,REP,Steve Marshall,3
Lawrence,0023 SPEAKE FIRE DEPT. 28-1,Governor,,DEM,"Chad ""Chig"" Martin",2
Lawrence,0023 SPEAKE FIRE DEPT. 28-1,Governor,,DEM,Doug Jones,22
Lawrence,0023 SPEAKE FIRE DEPT. 28-1,Governor,,DEM,Jamel J. Brown,1
Lawrence,0023 SPEAKE FIRE DEPT. 28-1,Governor,,DEM,"Nathan ""Nate"" Mathis",2
Lawrence,0023 SPEAKE FIRE DEPT. 28-1,Governor,,DEM,Will Boyd,6
Lawrence,0023 SPEAKE FIRE DEPT. 28-1,Governor,,DEM,Yolanda Rochelle Flowers,0
Lawrence,0023 SPEAKE FIRE DEPT. 28-1,Lieutenant Governor,,DEM,Darryl D. Perryman,14
Lawrence,0023 SPEAKE FIRE DEPT. 28-1,Lieutenant Governor,,DEM,Phillip Ensler,16
Lawrence,0023 SPEAKE FIRE DEPT. 28-1,State Democratic Executive Committee,,DEM,Brenda Hampton,16
Lawrence,0023 SPEAKE FIRE DEPT. 28-1,State Democratic Executive Committee,,DEM,Marcus Echols,14
Lawrence,0023 SPEAKE FIRE DEPT. 28-1,State Democratic Executive Committee,,DEM,Melvina Taylor Watkins,17
Lawrence,0023 SPEAKE FIRE DEPT. 28-1,State Democratic Executive Committee,,DEM,Mose Jones Jr.,19
Lawrence,0023 SPEAKE FIRE DEPT. 28-1,U.S. House,5,DEM,Andrew Sneed,14
Lawrence,0023 SPEAKE FIRE DEPT. 28-1,U.S. House,5,DEM,Candice Dollar Duvieilh,8
Lawrence,0023 SPEAKE FIRE DEPT. 28-1,U.S. House,5,DEM,Jeremy Devito,8
Lawrence,0023 SPEAKE FIRE DEPT. 28-1,U.S. Senate,,DEM,Dakarai Larriett,6
Lawrence,0023 SPEAKE FIRE DEPT. 28-1,U.S. Senate,,DEM,Everett Wess,12
Lawrence,0023 SPEAKE FIRE DEPT. 28-1,U.S. Senate,,DEM,Kyle Sweetser,4
Lawrence,0023 SPEAKE FIRE DEPT. 28-1,U.S. Senate,,DEM,Mark S. Wheeler II,7
Lawrence,0023 SPEAKE FIRE DEPT. 28-1,Proposed Statewide Amendment 1,,,No,31
Lawrence,0023 SPEAKE FIRE DEPT. 28-1,Proposed Statewide Amendment 1,,,Yes,317
Lawrence,0023 SPEAKE FIRE DEPT. 28-1,Proposed Statewide Amendment 2,,,No,130
Lawrence,0023 SPEAKE FIRE DEPT. 28-1,Proposed Statewide Amendment 2,,,Yes,203
Lawrence,0023 SPEAKE FIRE DEPT. 28-1,Attorney General,,REP,Jay Mitchell,115
Lawrence,0023 SPEAKE FIRE DEPT. 28-1,Attorney General,,REP,Katherine Robertson,115
Lawrence,0023 SPEAKE FIRE DEPT. 28-1,Attorney General,,REP,Pamela L. Casey,55
Lawrence,0023 SPEAKE FIRE DEPT. 28-1,Governor,,REP,"""Alabama"" Will Santivasci",13
Lawrence,0023 SPEAKE FIRE DEPT. 28-1,Governor,,REP,Ken McFeeters,27
Lawrence,0023 SPEAKE FIRE DEPT. 28-1,Governor,,REP,Thomas Tuberville,285
Lawrence,0023 SPEAKE FIRE DEPT. 28-1,Lieutenant Governor,,REP,George Childress,3
Lawrence,0023 SPEAKE FIRE DEPT. 28-1,Lieutenant Governor,,REP,John Wahl,128
Lawrence,0023 SPEAKE FIRE DEPT. 28-1,Lieutenant Governor,,REP,Nicole Jones Wadsworth,19
Lawrence,0023 SPEAKE FIRE DEPT. 28-1,Lieutenant Governor,,REP,Pat Bishop,7
Lawrence,0023 SPEAKE FIRE DEPT. 28-1,Lieutenant Governor,,REP,Rick Pate,19
Lawrence,0023 SPEAKE FIRE DEPT. 28-1,Lieutenant Governor,,REP,Stewart Hill Tankersley,12
Lawrence,0023 SPEAKE FIRE DEPT. 28-1,Lieutenant Governor,,REP,Wes Allen,111
Lawrence,0023 SPEAKE FIRE DEPT. 28-1,"Member, Lawrence County Commission, District No. 4",,REP,Daniell Johnston,25
Lawrence,0023 SPEAKE FIRE DEPT. 28-1,"Member, Lawrence County Commission, District No. 4",,REP,Gunnar Walling,306
Lawrence,0023 SPEAKE FIRE DEPT. 28-1,"Public Service Commission, Place No. 2",,REP,Brent Woodall,82
Lawrence,0023 SPEAKE FIRE DEPT. 28-1,"Public Service Commission, Place No. 2",,REP,Chris Beeker,74
Lawrence,0023 SPEAKE FIRE DEPT. 28-1,"Public Service Commission, Place No. 2",,REP,Jim Zig Zeigler,92
Lawrence,0023 SPEAKE FIRE DEPT. 28-1,"Public Service Commission, Place No. 2",,REP,Priscilla Andrews,30
Lawrence,0023 SPEAKE FIRE DEPT. 28-1,Secretary of State,,REP,Caroleene Dobson,150
Lawrence,0023 SPEAKE FIRE DEPT. 28-1,Secretary of State,,REP,Christopher Christian Horn,81
Lawrence,0023 SPEAKE FIRE DEPT. 28-1,Secretary of State,,REP,Glenda S. Jackson,51
Lawrence,0023 SPEAKE FIRE DEPT. 28-1,State Auditor,,REP,Andrew Sorrell,217
Lawrence,0023 SPEAKE FIRE DEPT. 28-1,State Auditor,,REP,Derek Chen,66
Lawrence,0023 SPEAKE FIRE DEPT. 28-1,"State Republican Executive Committee, Lawrence County, Place 1",,REP,Angelo Doc Mancuso,80
Lawrence,0023 SPEAKE FIRE DEPT. 28-1,"State Republican Executive Committee, Lawrence County, Place 1",,REP,Ernie Yarbrough,222
Lawrence,0023 SPEAKE FIRE DEPT. 28-1,State Treasurer,,REP,Steve Lolley,122
Lawrence,0023 SPEAKE FIRE DEPT. 28-1,State Treasurer,,REP,Young Boozer,161
Lawrence,0023 SPEAKE FIRE DEPT. 28-1,U.S. Senate,,REP,Barry Moore,127
Lawrence,0023 SPEAKE FIRE DEPT. 28-1,U.S. Senate,,REP,Dale Shelton Deas Jr.,1
Lawrence,0023 SPEAKE FIRE DEPT. 28-1,U.S. Senate,,REP,Jared Hudson,60
Lawrence,0023 SPEAKE FIRE DEPT. 28-1,U.S. Senate,,REP,Morgan Murphy,7
Lawrence,0023 SPEAKE FIRE DEPT. 28-1,U.S. Senate,,REP,Rodney Walker,19
Lawrence,0023 SPEAKE FIRE DEPT. 28-1,U.S. Senate,,REP,Seth Burton,7
Lawrence,0023 SPEAKE FIRE DEPT. 28-1,U.S. Senate,,REP,Steve Marshall,85
Lawrence,0024 KITCHENS MILL 29-1 35-1,Governor,,DEM,"Chad ""Chig"" Martin",0
Lawrence,0024 KITCHENS MILL 29-1 35-1,Governor,,DEM,Doug Jones,20
Lawrence,0024 KITCHENS MILL 29-1 35-1,Governor,,DEM,Jamel J. Brown,0
Lawrence,0024 KITCHENS MILL 29-1 35-1,Governor,,DEM,"Nathan ""Nate"" Mathis",0
Lawrence,0024 KITCHENS MILL 29-1 35-1,Governor,,DEM,Will Boyd,1
Lawrence,0024 KITCHENS MILL 29-1 35-1,Governor,,DEM,Yolanda Rochelle Flowers,2
Lawrence,0024 KITCHENS MILL 29-1 35-1,Lieutenant Governor,,DEM,Darryl D. Perryman,11
Lawrence,0024 KITCHENS MILL 29-1 35-1,Lieutenant Governor,,DEM,Phillip Ensler,8
Lawrence,0024 KITCHENS MILL 29-1 35-1,State Democratic Executive Committee,,DEM,Brenda Hampton,12
Lawrence,0024 KITCHENS MILL 29-1 35-1,State Democratic Executive Committee,,DEM,Marcus Echols,9
Lawrence,0024 KITCHENS MILL 29-1 35-1,State Democratic Executive Committee,,DEM,Melvina Taylor Watkins,9
Lawrence,0024 KITCHENS MILL 29-1 35-1,State Democratic Executive Committee,,DEM,Mose Jones Jr.,11
Lawrence,0024 KITCHENS MILL 29-1 35-1,U.S. House,5,DEM,Andrew Sneed,6
Lawrence,0024 KITCHENS MILL 29-1 35-1,U.S. House,5,DEM,Candice Dollar Duvieilh,4
Lawrence,0024 KITCHENS MILL 29-1 35-1,U.S. House,5,DEM,Jeremy Devito,8
Lawrence,0024 KITCHENS MILL 29-1 35-1,U.S. Senate,,DEM,Dakarai Larriett,3
Lawrence,0024 KITCHENS MILL 29-1 35-1,U.S. Senate,,DEM,Everett Wess,2
Lawrence,0024 KITCHENS MILL 29-1 35-1,U.S. Senate,,DEM,Kyle Sweetser,5
Lawrence,0024 KITCHENS MILL 29-1 35-1,U.S. Senate,,DEM,Mark S. Wheeler II,9
Lawrence,0024 KITCHENS MILL 29-1 35-1,Proposed Statewide Amendment 1,,,No,39
Lawrence,0024 KITCHENS MILL 29-1 35-1,Proposed Statewide Amendment 1,,,Yes,241
Lawrence,0024 KITCHENS MILL 29-1 35-1,Proposed Statewide Amendment 2,,,No,118
Lawrence,0024 KITCHENS MILL 29-1 35-1,Proposed Statewide Amendment 2,,,Yes,148
Lawrence,0024 KITCHENS MILL 29-1 35-1,Attorney General,,REP,Jay Mitchell,94
Lawrence,0024 KITCHENS MILL 29-1 35-1,Attorney General,,REP,Katherine Robertson,90
Lawrence,0024 KITCHENS MILL 29-1 35-1,Attorney General,,REP,Pamela L. Casey,46
Lawrence,0024 KITCHENS MILL 29-1 35-1,Governor,,REP,"""Alabama"" Will Santivasci",14
Lawrence,0024 KITCHENS MILL 29-1 35-1,Governor,,REP,Ken McFeeters,20
Lawrence,0024 KITCHENS MILL 29-1 35-1,Governor,,REP,Thomas Tuberville,229
Lawrence,0024 KITCHENS MILL 29-1 35-1,Lieutenant Governor,,REP,George Childress,6
Lawrence,0024 KITCHENS MILL 29-1 35-1,Lieutenant Governor,,REP,John Wahl,121
Lawrence,0024 KITCHENS MILL 29-1 35-1,Lieutenant Governor,,REP,Nicole Jones Wadsworth,6
Lawrence,0024 KITCHENS MILL 29-1 35-1,Lieutenant Governor,,REP,Pat Bishop,5
Lawrence,0024 KITCHENS MILL 29-1 35-1,Lieutenant Governor,,REP,Rick Pate,12
Lawrence,0024 KITCHENS MILL 29-1 35-1,Lieutenant Governor,,REP,Stewart Hill Tankersley,5
Lawrence,0024 KITCHENS MILL 29-1 35-1,Lieutenant Governor,,REP,Wes Allen,83
Lawrence,0024 KITCHENS MILL 29-1 35-1,"Member, Lawrence County Commission, District No. 4",,REP,Daniell Johnston,19
Lawrence,0024 KITCHENS MILL 29-1 35-1,"Member, Lawrence County Commission, District No. 4",,REP,Gunnar Walling,130
Lawrence,0024 KITCHENS MILL 29-1 35-1,"Public Service Commission, Place No. 2",,REP,Brent Woodall,46
Lawrence,0024 KITCHENS MILL 29-1 35-1,"Public Service Commission, Place No. 2",,REP,Chris Beeker,51
Lawrence,0024 KITCHENS MILL 29-1 35-1,"Public Service Commission, Place No. 2",,REP,Jim Zig Zeigler,102
Lawrence,0024 KITCHENS MILL 29-1 35-1,"Public Service Commission, Place No. 2",,REP,Priscilla Andrews,17
Lawrence,0024 KITCHENS MILL 29-1 35-1,Secretary of State,,REP,Caroleene Dobson,116
Lawrence,0024 KITCHENS MILL 29-1 35-1,Secretary of State,,REP,Christopher Christian Horn,59
Lawrence,0024 KITCHENS MILL 29-1 35-1,Secretary of State,,REP,Glenda S. Jackson,40
Lawrence,0024 KITCHENS MILL 29-1 35-1,State Auditor,,REP,Andrew Sorrell,170
Lawrence,0024 KITCHENS MILL 29-1 35-1,State Auditor,,REP,Derek Chen,60
Lawrence,0024 KITCHENS MILL 29-1 35-1,"State Republican Executive Committee, Lawrence County, Place 1",,REP,Angelo Doc Mancuso,66
Lawrence,0024 KITCHENS MILL 29-1 35-1,"State Republican Executive Committee, Lawrence County, Place 1",,REP,Ernie Yarbrough,183
Lawrence,0024 KITCHENS MILL 29-1 35-1,State Treasurer,,REP,Steve Lolley,80
Lawrence,0024 KITCHENS MILL 29-1 35-1,State Treasurer,,REP,Young Boozer,141
Lawrence,0024 KITCHENS MILL 29-1 35-1,U.S. Senate,,REP,Barry Moore,108
Lawrence,0024 KITCHENS MILL 29-1 35-1,U.S. Senate,,REP,Dale Shelton Deas Jr.,2
Lawrence,0024 KITCHENS MILL 29-1 35-1,U.S. Senate,,REP,Jared Hudson,44
Lawrence,0024 KITCHENS MILL 29-1 35-1,U.S. Senate,,REP,Morgan Murphy,2
Lawrence,0024 KITCHENS MILL 29-1 35-1,U.S. Senate,,REP,Rodney Walker,12
Lawrence,0024 KITCHENS MILL 29-1 35-1,U.S. Senate,,REP,Seth Burton,8
Lawrence,0024 KITCHENS MILL 29-1 35-1,U.S. Senate,,REP,Steve Marshall,73
Lawrence,0025 LINDSEY HALL CH 31-1,Governor,,DEM,"Chad ""Chig"" Martin",0
Lawrence,0025 LINDSEY HALL CH 31-1,Governor,,DEM,Doug Jones,3
Lawrence,0025 LINDSEY HALL CH 31-1,Governor,,DEM,Jamel J. Brown,0
Lawrence,0025 LINDSEY HALL CH 31-1,Governor,,DEM,"Nathan ""Nate"" Mathis",0
Lawrence,0025 LINDSEY HALL CH 31-1,Governor,,DEM,Will Boyd,0
Lawrence,0025 LINDSEY HALL CH 31-1,Governor,,DEM,Yolanda Rochelle Flowers,0
Lawrence,0025 LINDSEY HALL CH 31-1,Lieutenant Governor,,DEM,Darryl D. Perryman,0
Lawrence,0025 LINDSEY HALL CH 31-1,Lieutenant Governor,,DEM,Phillip Ensler,3
Lawrence,0025 LINDSEY HALL CH 31-1,State Democratic Executive Committee,,DEM,Brenda Hampton,1
Lawrence,0025 LINDSEY HALL CH 31-1,State Democratic Executive Committee,,DEM,Marcus Echols,3
Lawrence,0025 LINDSEY HALL CH 31-1,State Democratic Executive Committee,,DEM,Melvina Taylor Watkins,2
Lawrence,0025 LINDSEY HALL CH 31-1,State Democratic Executive Committee,,DEM,Mose Jones Jr.,0
Lawrence,0025 LINDSEY HALL CH 31-1,U.S. House,5,DEM,Andrew Sneed,1
Lawrence,0025 LINDSEY HALL CH 31-1,U.S. House,5,DEM,Candice Dollar Duvieilh,0
Lawrence,0025 LINDSEY HALL CH 31-1,U.S. House,5,DEM,Jeremy Devito,2
Lawrence,0025 LINDSEY HALL CH 31-1,U.S. Senate,,DEM,Dakarai Larriett,0
Lawrence,0025 LINDSEY HALL CH 31-1,U.S. Senate,,DEM,Everett Wess,1
Lawrence,0025 LINDSEY HALL CH 31-1,U.S. Senate,,DEM,Kyle Sweetser,2
Lawrence,0025 LINDSEY HALL CH 31-1,U.S. Senate,,DEM,Mark S. Wheeler II,0
Lawrence,0025 LINDSEY HALL CH 31-1,Proposed Statewide Amendment 1,,,No,10
Lawrence,0025 LINDSEY HALL CH 31-1,Proposed Statewide Amendment 1,,,Yes,28
Lawrence,0025 LINDSEY HALL CH 31-1,Proposed Statewide Amendment 2,,,No,16
Lawrence,0025 LINDSEY HALL CH 31-1,Proposed Statewide Amendment 2,,,Yes,20
Lawrence,0025 LINDSEY HALL CH 31-1,Attorney General,,REP,Jay Mitchell,16
Lawrence,0025 LINDSEY HALL CH 31-1,Attorney General,,REP,Katherine Robertson,13
Lawrence,0025 LINDSEY HALL CH 31-1,Attorney General,,REP,Pamela L. Casey,7
Lawrence,0025 LINDSEY HALL CH 31-1,Governor,,REP,"""Alabama"" Will Santivasci",2
Lawrence,0025 LINDSEY HALL CH 31-1,Governor,,REP,Ken McFeeters,9
Lawrence,0025 LINDSEY HALL CH 31-1,Governor,,REP,Thomas Tuberville,26
Lawrence,0025 LINDSEY HALL CH 31-1,Lieutenant Governor,,REP,George Childress,5
Lawrence,0025 LINDSEY HALL CH 31-1,Lieutenant Governor,,REP,John Wahl,13
Lawrence,0025 LINDSEY HALL CH 31-1,Lieutenant Governor,,REP,Nicole Jones Wadsworth,2
Lawrence,0025 LINDSEY HALL CH 31-1,Lieutenant Governor,,REP,Pat Bishop,2
Lawrence,0025 LINDSEY HALL CH 31-1,Lieutenant Governor,,REP,Rick Pate,3
Lawrence,0025 LINDSEY HALL CH 31-1,Lieutenant Governor,,REP,Stewart Hill Tankersley,2
Lawrence,0025 LINDSEY HALL CH 31-1,Lieutenant Governor,,REP,Wes Allen,9
Lawrence,0025 LINDSEY HALL CH 31-1,"Member, Lawrence County Commission, District No. 4",,REP,Daniell Johnston,7
Lawrence,0025 LINDSEY HALL CH 31-1,"Member, Lawrence County Commission, District No. 4",,REP,Gunnar Walling,31
Lawrence,0025 LINDSEY HALL CH 31-1,"Public Service Commission, Place No. 2",,REP,Brent Woodall,10
Lawrence,0025 LINDSEY HALL CH 31-1,"Public Service Commission, Place No. 2",,REP,Chris Beeker,8
Lawrence,0025 LINDSEY HALL CH 31-1,"Public Service Commission, Place No. 2",,REP,Jim Zig Zeigler,12
Lawrence,0025 LINDSEY HALL CH 31-1,"Public Service Commission, Place No. 2",,REP,Priscilla Andrews,3
Lawrence,0025 LINDSEY HALL CH 31-1,Secretary of State,,REP,Caroleene Dobson,9
Lawrence,0025 LINDSEY HALL CH 31-1,Secretary of State,,REP,Christopher Christian Horn,16
Lawrence,0025 LINDSEY HALL CH 31-1,Secretary of State,,REP,Glenda S. Jackson,7
Lawrence,0025 LINDSEY HALL CH 31-1,State Auditor,,REP,Andrew Sorrell,24
Lawrence,0025 LINDSEY HALL CH 31-1,State Auditor,,REP,Derek Chen,9
Lawrence,0025 LINDSEY HALL CH 31-1,"State Republican Executive Committee, Lawrence County, Place 1",,REP,Angelo Doc Mancuso,9
Lawrence,0025 LINDSEY HALL CH 31-1,"State Republican Executive Committee, Lawrence County, Place 1",,REP,Ernie Yarbrough,24
Lawrence,0025 LINDSEY HALL CH 31-1,State Treasurer,,REP,Steve Lolley,17
Lawrence,0025 LINDSEY HALL CH 31-1,State Treasurer,,REP,Young Boozer,15
Lawrence,0025 LINDSEY HALL CH 31-1,U.S. Senate,,REP,Barry Moore,12
Lawrence,0025 LINDSEY HALL CH 31-1,U.S. Senate,,REP,Dale Shelton Deas Jr.,2
Lawrence,0025 LINDSEY HALL CH 31-1,U.S. Senate,,REP,Jared Hudson,7
Lawrence,0025 LINDSEY HALL CH 31-1,U.S. Senate,,REP,Morgan Murphy,1
Lawrence,0025 LINDSEY HALL CH 31-1,U.S. Senate,,REP,Rodney Walker,2
Lawrence,0025 LINDSEY HALL CH 31-1,U.S. Senate,,REP,Seth Burton,5
Lawrence,0025 LINDSEY HALL CH 31-1,U.S. Senate,,REP,Steve Marshall,8
Lawrence,0026 PINEY GROVE CH 32-1,Governor,,DEM,"Chad ""Chig"" Martin",0
Lawrence,0026 PINEY GROVE CH 32-1,Governor,,DEM,Doug Jones,4
Lawrence,0026 PINEY GROVE CH 32-1,Governor,,DEM,Jamel J. Brown,0
Lawrence,0026 PINEY GROVE CH 32-1,Governor,,DEM,"Nathan ""Nate"" Mathis",0
Lawrence,0026 PINEY GROVE CH 32-1,Governor,,DEM,Will Boyd,3
Lawrence,0026 PINEY GROVE CH 32-1,Governor,,DEM,Yolanda Rochelle Flowers,0
Lawrence,0026 PINEY GROVE CH 32-1,Lieutenant Governor,,DEM,Darryl D. Perryman,4
Lawrence,0026 PINEY GROVE CH 32-1,Lieutenant Governor,,DEM,Phillip Ensler,3
Lawrence,0026 PINEY GROVE CH 32-1,State Democratic Executive Committee,,DEM,Brenda Hampton,4
Lawrence,0026 PINEY GROVE CH 32-1,State Democratic Executive Committee,,DEM,Marcus Echols,4
Lawrence,0026 PINEY GROVE CH 32-1,State Democratic Executive Committee,,DEM,Melvina Taylor Watkins,3
Lawrence,0026 PINEY GROVE CH 32-1,State Democratic Executive Committee,,DEM,Mose Jones Jr.,3
Lawrence,0026 PINEY GROVE CH 32-1,U.S. House,5,DEM,Andrew Sneed,1
Lawrence,0026 PINEY GROVE CH 32-1,U.S. House,5,DEM,Candice Dollar Duvieilh,5
Lawrence,0026 PINEY GROVE CH 32-1,U.S. House,5,DEM,Jeremy Devito,1
Lawrence,0026 PINEY GROVE CH 32-1,U.S. Senate,,DEM,Dakarai Larriett,5
Lawrence,0026 PINEY GROVE CH 32-1,U.S. Senate,,DEM,Everett Wess,0
Lawrence,0026 PINEY GROVE CH 32-1,U.S. Senate,,DEM,Kyle Sweetser,0
Lawrence,0026 PINEY GROVE CH 32-1,U.S. Senate,,DEM,Mark S. Wheeler II,2
Lawrence,0026 PINEY GROVE CH 32-1,Proposed Statewide Amendment 1,,,No,3
Lawrence,0026 PINEY GROVE CH 32-1,Proposed Statewide Amendment 1,,,Yes,48
Lawrence,0026 PINEY GROVE CH 32-1,Proposed Statewide Amendment 2,,,No,25
Lawrence,0026 PINEY GROVE CH 32-1,Proposed Statewide Amendment 2,,,Yes,25
Lawrence,0026 PINEY GROVE CH 32-1,Attorney General,,REP,Jay Mitchell,17
Lawrence,0026 PINEY GROVE CH 32-1,Attorney General,,REP,Katherine Robertson,20
Lawrence,0026 PINEY GROVE CH 32-1,Attorney General,,REP,Pamela L. Casey,4
Lawrence,0026 PINEY GROVE CH 32-1,Governor,,REP,"""Alabama"" Will Santivasci",1
Lawrence,0026 PINEY GROVE CH 32-1,Governor,,REP,Ken McFeeters,4
Lawrence,0026 PINEY GROVE CH 32-1,Governor,,REP,Thomas Tuberville,41
Lawrence,0026 PINEY GROVE CH 32-1,Lieutenant Governor,,REP,George Childress,0
Lawrence,0026 PINEY GROVE CH 32-1,Lieutenant Governor,,REP,John Wahl,17
Lawrence,0026 PINEY GROVE CH 32-1,Lieutenant Governor,,REP,Nicole Jones Wadsworth,0
Lawrence,0026 PINEY GROVE CH 32-1,Lieutenant Governor,,REP,Pat Bishop,1
Lawrence,0026 PINEY GROVE CH 32-1,Lieutenant Governor,,REP,Rick Pate,0
Lawrence,0026 PINEY GROVE CH 32-1,Lieutenant Governor,,REP,Stewart Hill Tankersley,4
Lawrence,0026 PINEY GROVE CH 32-1,Lieutenant Governor,,REP,Wes Allen,20
Lawrence,0026 PINEY GROVE CH 32-1,"Member, Lawrence County Commission, District No. 4",,REP,Daniell Johnston,2
Lawrence,0026 PINEY GROVE CH 32-1,"Member, Lawrence County Commission, District No. 4",,REP,Gunnar Walling,44
Lawrence,0026 PINEY GROVE CH 32-1,"Public Service Commission, Place No. 2",,REP,Brent Woodall,9
Lawrence,0026 PINEY GROVE CH 32-1,"Public Service Commission, Place No. 2",,REP,Chris Beeker,11
Lawrence,0026 PINEY GROVE CH 32-1,"Public Service Commission, Place No. 2",,REP,Jim Zig Zeigler,12
Lawrence,0026 PINEY GROVE CH 32-1,"Public Service Commission, Place No. 2",,REP,Priscilla Andrews,6
Lawrence,0026 PINEY GROVE CH 32-1,Secretary of State,,REP,Caroleene Dobson,23
Lawrence,0026 PINEY GROVE CH 32-1,Secretary of State,,REP,Christopher Christian Horn,10
Lawrence,0026 PINEY GROVE CH 32-1,Secretary of State,,REP,Glenda S. Jackson,7
Lawrence,0026 PINEY GROVE CH 32-1,State Auditor,,REP,Andrew Sorrell,27
Lawrence,0026 PINEY GROVE CH 32-1,State Auditor,,REP,Derek Chen,12
Lawrence,0026 PINEY GROVE CH 32-1,"State Republican Executive Committee, Lawrence County, Place 1",,REP,Angelo Doc Mancuso,20
Lawrence,0026 PINEY GROVE CH 32-1,"State Republican Executive Committee, Lawrence County, Place 1",,REP,Ernie Yarbrough,19
Lawrence,0026 PINEY GROVE CH 32-1,State Treasurer,,REP,Steve Lolley,20
Lawrence,0026 PINEY GROVE CH 32-1,State Treasurer,,REP,Young Boozer,20
Lawrence,0026 PINEY GROVE CH 32-1,U.S. Senate,,REP,Barry Moore,22
Lawrence,0026 PINEY GROVE CH 32-1,U.S. Senate,,REP,Dale Shelton Deas Jr.,0
Lawrence,0026 PINEY GROVE CH 32-1,U.S. Senate,,REP,Jared Hudson,13
Lawrence,0026 PINEY GROVE CH 32-1,U.S. Senate,,REP,Morgan Murphy,0
Lawrence,0026 PINEY GROVE CH 32-1,U.S. Senate,,REP,Rodney Walker,2
Lawrence,0026 PINEY GROVE CH 32-1,U.S. Senate,,REP,Seth Burton,1
Lawrence,0026 PINEY GROVE CH 32-1,U.S. Senate,,REP,Steve Marshall,5
Lawrence,0027 CADDO FIRE DEPT. 33-1,Governor,,DEM,"Chad ""Chig"" Martin",2
Lawrence,0027 CADDO FIRE DEPT. 33-1,Governor,,DEM,Doug Jones,24
Lawrence,0027 CADDO FIRE DEPT. 33-1,Governor,,DEM,Jamel J. Brown,1
Lawrence,0027 CADDO FIRE DEPT. 33-1,Governor,,DEM,"Nathan ""Nate"" Mathis",0
Lawrence,0027 CADDO FIRE DEPT. 33-1,Governor,,DEM,Will Boyd,5
Lawrence,0027 CADDO FIRE DEPT. 33-1,Governor,,DEM,Yolanda Rochelle Flowers,0
Lawrence,0027 CADDO FIRE DEPT. 33-1,Lieutenant Governor,,DEM,Darryl D. Perryman,11
Lawrence,0027 CADDO FIRE DEPT. 33-1,Lieutenant Governor,,DEM,Phillip Ensler,19
Lawrence,0027 CADDO FIRE DEPT. 33-1,State Democratic Executive Committee,,DEM,Brenda Hampton,18
Lawrence,0027 CADDO FIRE DEPT. 33-1,State Democratic Executive Committee,,DEM,Marcus Echols,21
Lawrence,0027 CADDO FIRE DEPT. 33-1,State Democratic Executive Committee,,DEM,Melvina Taylor Watkins,12
Lawrence,0027 CADDO FIRE DEPT. 33-1,State Democratic Executive Committee,,DEM,Mose Jones Jr.,9
Lawrence,0027 CADDO FIRE DEPT. 33-1,U.S. House,5,DEM,Andrew Sneed,13
Lawrence,0027 CADDO FIRE DEPT. 33-1,U.S. House,5,DEM,Candice Dollar Duvieilh,9
Lawrence,0027 CADDO FIRE DEPT. 33-1,U.S. House,5,DEM,Jeremy Devito,8
Lawrence,0027 CADDO FIRE DEPT. 33-1,U.S. Senate,,DEM,Dakarai Larriett,9
Lawrence,0027 CADDO FIRE DEPT. 33-1,U.S. Senate,,DEM,Everett Wess,7
Lawrence,0027 CADDO FIRE DEPT. 33-1,U.S. Senate,,DEM,Kyle Sweetser,4
Lawrence,0027 CADDO FIRE DEPT. 33-1,U.S. Senate,,DEM,Mark S. Wheeler II,8
Lawrence,0027 CADDO FIRE DEPT. 33-1,Proposed Statewide Amendment 1,,,No,43
Lawrence,0027 CADDO FIRE DEPT. 33-1,Proposed Statewide Amendment 1,,,Yes,304
Lawrence,0027 CADDO FIRE DEPT. 33-1,Proposed Statewide Amendment 2,,,No,143
Lawrence,0027 CADDO FIRE DEPT. 33-1,Proposed Statewide Amendment 2,,,Yes,183
Lawrence,0027 CADDO FIRE DEPT. 33-1,Attorney General,,REP,Jay Mitchell,115
Lawrence,0027 CADDO FIRE DEPT. 33-1,Attorney General,,REP,Katherine Robertson,117
Lawrence,0027 CADDO FIRE DEPT. 33-1,Attorney General,,REP,Pamela L. Casey,69
Lawrence,0027 CADDO FIRE DEPT. 33-1,Governor,,REP,"""Alabama"" Will Santivasci",16
Lawrence,0027 CADDO FIRE DEPT. 33-1,Governor,,REP,Ken McFeeters,26
Lawrence,0027 CADDO FIRE DEPT. 33-1,Governor,,REP,Thomas Tuberville,278
Lawrence,0027 CADDO FIRE DEPT. 33-1,Lieutenant Governor,,REP,George Childress,12
Lawrence,0027 CADDO FIRE DEPT. 33-1,Lieutenant Governor,,REP,John Wahl,127
Lawrence,0027 CADDO FIRE DEPT. 33-1,Lieutenant Governor,,REP,Nicole Jones Wadsworth,13
Lawrence,0027 CADDO FIRE DEPT. 33-1,Lieutenant Governor,,REP,Pat Bishop,4
Lawrence,0027 CADDO FIRE DEPT. 33-1,Lieutenant Governor,,REP,Rick Pate,21
Lawrence,0027 CADDO FIRE DEPT. 33-1,Lieutenant Governor,,REP,Stewart Hill Tankersley,7
Lawrence,0027 CADDO FIRE DEPT. 33-1,Lieutenant Governor,,REP,Wes Allen,125
Lawrence,0027 CADDO FIRE DEPT. 33-1,"Public Service Commission, Place No. 2",,REP,Brent Woodall,85
Lawrence,0027 CADDO FIRE DEPT. 33-1,"Public Service Commission, Place No. 2",,REP,Chris Beeker,51
Lawrence,0027 CADDO FIRE DEPT. 33-1,"Public Service Commission, Place No. 2",,REP,Jim Zig Zeigler,107
Lawrence,0027 CADDO FIRE DEPT. 33-1,"Public Service Commission, Place No. 2",,REP,Priscilla Andrews,33
Lawrence,0027 CADDO FIRE DEPT. 33-1,Secretary of State,,REP,Caroleene Dobson,161
Lawrence,0027 CADDO FIRE DEPT. 33-1,Secretary of State,,REP,Christopher Christian Horn,68
Lawrence,0027 CADDO FIRE DEPT. 33-1,Secretary of State,,REP,Glenda S. Jackson,46
Lawrence,0027 CADDO FIRE DEPT. 33-1,State Auditor,,REP,Andrew Sorrell,222
Lawrence,0027 CADDO FIRE DEPT. 33-1,State Auditor,,REP,Derek Chen,64
Lawrence,0027 CADDO FIRE DEPT. 33-1,"State Republican Executive Committee, Lawrence County, Place 1",,REP,Angelo Doc Mancuso,92
Lawrence,0027 CADDO FIRE DEPT. 33-1,"State Republican Executive Committee, Lawrence County, Place 1",,REP,Ernie Yarbrough,215
Lawrence,0027 CADDO FIRE DEPT. 33-1,State Treasurer,,REP,Steve Lolley,99
Lawrence,0027 CADDO FIRE DEPT. 33-1,State Treasurer,,REP,Young Boozer,183
Lawrence,0027 CADDO FIRE DEPT. 33-1,U.S. Senate,,REP,Barry Moore,159
Lawrence,0027 CADDO FIRE DEPT. 33-1,U.S. Senate,,REP,Dale Shelton Deas Jr.,3
Lawrence,0027 CADDO FIRE DEPT. 33-1,U.S. Senate,,REP,Jared Hudson,55
Lawrence,0027 CADDO FIRE DEPT. 33-1,U.S. Senate,,REP,Morgan Murphy,4
Lawrence,0027 CADDO FIRE DEPT. 33-1,U.S. Senate,,REP,Rodney Walker,7
Lawrence,0027 CADDO FIRE DEPT. 33-1,U.S. Senate,,REP,Seth Burton,6
Lawrence,0027 CADDO FIRE DEPT. 33-1,U.S. Senate,,REP,Steve Marshall,77
Lawrence,0028 CADDO SR. CTR. 34-1,Governor,,DEM,"Chad ""Chig"" Martin",0
Lawrence,0028 CADDO SR. CTR. 34-1,Governor,,DEM,Doug Jones,24
Lawrence,0028 CADDO SR. CTR. 34-1,Governor,,DEM,Jamel J. Brown,0
Lawrence,0028 CADDO SR. CTR. 34-1,Governor,,DEM,"Nathan ""Nate"" Mathis",0
Lawrence,0028 CADDO SR. CTR. 34-1,Governor,,DEM,Will Boyd,2
Lawrence,0028 CADDO SR. CTR. 34-1,Governor,,DEM,Yolanda Rochelle Flowers,0
Lawrence,0028 CADDO SR. CTR. 34-1,Lieutenant Governor,,DEM,Darryl D. Perryman,9
Lawrence,0028 CADDO SR. CTR. 34-1,Lieutenant Governor,,DEM,Phillip Ensler,17
Lawrence,0028 CADDO SR. CTR. 34-1,State Democratic Executive Committee,,DEM,Brenda Hampton,16
Lawrence,0028 CADDO SR. CTR. 34-1,State Democratic Executive Committee,,DEM,Marcus Echols,9
Lawrence,0028 CADDO SR. CTR. 34-1,State Democratic Executive Committee,,DEM,Melvina Taylor Watkins,9
Lawrence,0028 CADDO SR. CTR. 34-1,State Democratic Executive Committee,,DEM,Mose Jones Jr.,17
Lawrence,0028 CADDO SR. CTR. 34-1,U.S. House,5,DEM,Andrew Sneed,9
Lawrence,0028 CADDO SR. CTR. 34-1,U.S. House,5,DEM,Candice Dollar Duvieilh,11
Lawrence,0028 CADDO SR. CTR. 34-1,U.S. House,5,DEM,Jeremy Devito,5
Lawrence,0028 CADDO SR. CTR. 34-1,U.S. Senate,,DEM,Dakarai Larriett,6
Lawrence,0028 CADDO SR. CTR. 34-1,U.S. Senate,,DEM,Everett Wess,8
Lawrence,0028 CADDO SR. CTR. 34-1,U.S. Senate,,DEM,Kyle Sweetser,4
Lawrence,0028 CADDO SR. CTR. 34-1,U.S. Senate,,DEM,Mark S. Wheeler II,8
Lawrence,0028 CADDO SR. CTR. 34-1,Proposed Statewide Amendment 1,,,No,33
Lawrence,0028 CADDO SR. CTR. 34-1,Proposed Statewide Amendment 1,,,Yes,270
Lawrence,0028 CADDO SR. CTR. 34-1,Proposed Statewide Amendment 2,,,No,151
Lawrence,0028 CADDO SR. CTR. 34-1,Proposed Statewide Amendment 2,,,Yes,139
Lawrence,0028 CADDO SR. CTR. 34-1,Attorney General,,REP,Jay Mitchell,121
Lawrence,0028 CADDO SR. CTR. 34-1,Attorney General,,REP,Katherine Robertson,106
Lawrence,0028 CADDO SR. CTR. 34-1,Attorney General,,REP,Pamela L. Casey,52
Lawrence,0028 CADDO SR. CTR. 34-1,Governor,,REP,"""Alabama"" Will Santivasci",17
Lawrence,0028 CADDO SR. CTR. 34-1,Governor,,REP,Ken McFeeters,22
Lawrence,0028 CADDO SR. CTR. 34-1,Governor,,REP,Thomas Tuberville,253
Lawrence,0028 CADDO SR. CTR. 34-1,Lieutenant Governor,,REP,George Childress,9
Lawrence,0028 CADDO SR. CTR. 34-1,Lieutenant Governor,,REP,John Wahl,134
Lawrence,0028 CADDO SR. CTR. 34-1,Lieutenant Governor,,REP,Nicole Jones Wadsworth,13
Lawrence,0028 CADDO SR. CTR. 34-1,Lieutenant Governor,,REP,Pat Bishop,8
Lawrence,0028 CADDO SR. CTR. 34-1,Lieutenant Governor,,REP,Rick Pate,20
Lawrence,0028 CADDO SR. CTR. 34-1,Lieutenant Governor,,REP,Stewart Hill Tankersley,10
Lawrence,0028 CADDO SR. CTR. 34-1,Lieutenant Governor,,REP,Wes Allen,90
Lawrence,0028 CADDO SR. CTR. 34-1,"Public Service Commission, Place No. 2",,REP,Brent Woodall,64
Lawrence,0028 CADDO SR. CTR. 34-1,"Public Service Commission, Place No. 2",,REP,Chris Beeker,65
Lawrence,0028 CADDO SR. CTR. 34-1,"Public Service Commission, Place No. 2",,REP,Jim Zig Zeigler,120
Lawrence,0028 CADDO SR. CTR. 34-1,"Public Service Commission, Place No. 2",,REP,Priscilla Andrews,12
Lawrence,0028 CADDO SR. CTR. 34-1,Secretary of State,,REP,Caroleene Dobson,154
Lawrence,0028 CADDO SR. CTR. 34-1,Secretary of State,,REP,Christopher Christian Horn,81
Lawrence,0028 CADDO SR. CTR. 34-1,Secretary of State,,REP,Glenda S. Jackson,34
Lawrence,0028 CADDO SR. CTR. 34-1,State Auditor,,REP,Andrew Sorrell,215
Lawrence,0028 CADDO SR. CTR. 34-1,State Auditor,,REP,Derek Chen,63
Lawrence,0028 CADDO SR. CTR. 34-1,"State Republican Executive Committee, Lawrence County, Place 1",,REP,Angelo Doc Mancuso,82
Lawrence,0028 CADDO SR. CTR. 34-1,"State Republican Executive Committee, Lawrence County, Place 1",,REP,Ernie Yarbrough,198
Lawrence,0028 CADDO SR. CTR. 34-1,State Treasurer,,REP,Steve Lolley,117
Lawrence,0028 CADDO SR. CTR. 34-1,State Treasurer,,REP,Young Boozer,155
Lawrence,0028 CADDO SR. CTR. 34-1,U.S. Senate,,REP,Barry Moore,132
Lawrence,0028 CADDO SR. CTR. 34-1,U.S. Senate,,REP,Dale Shelton Deas Jr.,2
Lawrence,0028 CADDO SR. CTR. 34-1,U.S. Senate,,REP,Jared Hudson,61
Lawrence,0028 CADDO SR. CTR. 34-1,U.S. Senate,,REP,Morgan Murphy,3
Lawrence,0028 CADDO SR. CTR. 34-1,U.S. Senate,,REP,Rodney Walker,7
Lawrence,0028 CADDO SR. CTR. 34-1,U.S. Senate,,REP,Seth Burton,6
Lawrence,0028 CADDO SR. CTR. 34-1,U.S. Senate,,REP,Steve Marshall,74
Lawrence,0029 PINE GROVE CH 36-1,Governor,,DEM,"Chad ""Chig"" Martin",4
Lawrence,0029 PINE GROVE CH 36-1,Governor,,DEM,Doug Jones,7
Lawrence,0029 PINE GROVE CH 36-1,Governor,,DEM,Jamel J. Brown,0
Lawrence,0029 PINE GROVE CH 36-1,Governor,,DEM,"Nathan ""Nate"" Mathis",0
Lawrence,0029 PINE GROVE CH 36-1,Governor,,DEM,Will Boyd,2
Lawrence,0029 PINE GROVE CH 36-1,Governor,,DEM,Yolanda Rochelle Flowers,2
Lawrence,0029 PINE GROVE CH 36-1,Lieutenant Governor,,DEM,Darryl D. Perryman,3
Lawrence,0029 PINE GROVE CH 36-1,Lieutenant Governor,,DEM,Phillip Ensler,11
Lawrence,0029 PINE GROVE CH 36-1,State Democratic Executive Committee,,DEM,Brenda Hampton,8
Lawrence,0029 PINE GROVE CH 36-1,State Democratic Executive Committee,,DEM,Marcus Echols,9
Lawrence,0029 PINE GROVE CH 36-1,State Democratic Executive Committee,,DEM,Melvina Taylor Watkins,4
Lawrence,0029 PINE GROVE CH 36-1,State Democratic Executive Committee,,DEM,Mose Jones Jr.,3
Lawrence,0029 PINE GROVE CH 36-1,U.S. House,5,DEM,Andrew Sneed,7
Lawrence,0029 PINE GROVE CH 36-1,U.S. House,5,DEM,Candice Dollar Duvieilh,3
Lawrence,0029 PINE GROVE CH 36-1,U.S. House,5,DEM,Jeremy Devito,5
Lawrence,0029 PINE GROVE CH 36-1,U.S. Senate,,DEM,Dakarai Larriett,6
Lawrence,0029 PINE GROVE CH 36-1,U.S. Senate,,DEM,Everett Wess,0
Lawrence,0029 PINE GROVE CH 36-1,U.S. Senate,,DEM,Kyle Sweetser,5
Lawrence,0029 PINE GROVE CH 36-1,U.S. Senate,,DEM,Mark S. Wheeler II,3
Lawrence,0029 PINE GROVE CH 36-1,Proposed Statewide Amendment 1,,,No,15
Lawrence,0029 PINE GROVE CH 36-1,Proposed Statewide Amendment 1,,,Yes,153
Lawrence,0029 PINE GROVE CH 36-1,Proposed Statewide Amendment 2,,,No,62
Lawrence,0029 PINE GROVE CH 36-1,Proposed Statewide Amendment 2,,,Yes,100
Lawrence,0029 PINE GROVE CH 36-1,Attorney General,,REP,Jay Mitchell,56
Lawrence,0029 PINE GROVE CH 36-1,Attorney General,,REP,Katherine Robertson,64
Lawrence,0029 PINE GROVE CH 36-1,Attorney General,,REP,Pamela L. Casey,20
Lawrence,0029 PINE GROVE CH 36-1,Governor,,REP,"""Alabama"" Will Santivasci",5
Lawrence,0029 PINE GROVE CH 36-1,Governor,,REP,Ken McFeeters,7
Lawrence,0029 PINE GROVE CH 36-1,Governor,,REP,Thomas Tuberville,142
Lawrence,0029 PINE GROVE CH 36-1,Lieutenant Governor,,REP,George Childress,2
Lawrence,0029 PINE GROVE CH 36-1,Lieutenant Governor,,REP,John Wahl,77
Lawrence,0029 PINE GROVE CH 36-1,Lieutenant Governor,,REP,Nicole Jones Wadsworth,7
Lawrence,0029 PINE GROVE CH 36-1,Lieutenant Governor,,REP,Pat Bishop,5
Lawrence,0029 PINE GROVE CH 36-1,Lieutenant Governor,,REP,Rick Pate,2
Lawrence,0029 PINE GROVE CH 36-1,Lieutenant Governor,,REP,Stewart Hill Tankersley,4
Lawrence,0029 PINE GROVE CH 36-1,Lieutenant Governor,,REP,Wes Allen,53
Lawrence,0029 PINE GROVE CH 36-1,"Public Service Commission, Place No. 2",,REP,Brent Woodall,31
Lawrence,0029 PINE GROVE CH 36-1,"Public Service Commission, Place No. 2",,REP,Chris Beeker,33
Lawrence,0029 PINE GROVE CH 36-1,"Public Service Commission, Place No. 2",,REP,Jim Zig Zeigler,65
Lawrence,0029 PINE GROVE CH 36-1,"Public Service Commission, Place No. 2",,REP,Priscilla Andrews,13
Lawrence,0029 PINE GROVE CH 36-1,Secretary of State,,REP,Caroleene Dobson,88
Lawrence,0029 PINE GROVE CH 36-1,Secretary of State,,REP,Christopher Christian Horn,34
Lawrence,0029 PINE GROVE CH 36-1,Secretary of State,,REP,Glenda S. Jackson,12
Lawrence,0029 PINE GROVE CH 36-1,State Auditor,,REP,Andrew Sorrell,106
Lawrence,0029 PINE GROVE CH 36-1,State Auditor,,REP,Derek Chen,31
Lawrence,0029 PINE GROVE CH 36-1,"State Republican Executive Committee, Lawrence County, Place 1",,REP,Angelo Doc Mancuso,47
Lawrence,0029 PINE GROVE CH 36-1,"State Republican Executive Committee, Lawrence County, Place 1",,REP,Ernie Yarbrough,106
Lawrence,0029 PINE GROVE CH 36-1,State Treasurer,,REP,Steve Lolley,54
Lawrence,0029 PINE GROVE CH 36-1,State Treasurer,,REP,Young Boozer,89
Lawrence,0029 PINE GROVE CH 36-1,U.S. Senate,,REP,Barry Moore,60
Lawrence,0029 PINE GROVE CH 36-1,U.S. Senate,,REP,Dale Shelton Deas Jr.,1
Lawrence,0029 PINE GROVE CH 36-1,U.S. Senate,,REP,Jared Hudson,31
Lawrence,0029 PINE GROVE CH 36-1,U.S. Senate,,REP,Morgan Murphy,1
Lawrence,0029 PINE GROVE CH 36-1,U.S. Senate,,REP,Rodney Walker,4
Lawrence,0029 PINE GROVE CH 36-1,U.S. Senate,,REP,Seth Burton,5
Lawrence,0029 PINE GROVE CH 36-1,U.S. Senate,,REP,Steve Marshall,42
Lawrence,0030 ABSENTEE,Governor,,DEM,"Chad ""Chig"" Martin",2
Lawrence,0030 ABSENTEE,Governor,,DEM,Doug Jones,21
Lawrence,0030 ABSENTEE,Governor,,DEM,Jamel J. Brown,1
Lawrence,0030 ABSENTEE,Governor,,DEM,"Nathan ""Nate"" Mathis",1
Lawrence,0030 ABSENTEE,Governor,,DEM,Will Boyd,5
Lawrence,0030 ABSENTEE,Governor,,DEM,Yolanda Rochelle Flowers,0
Lawrence,0030 ABSENTEE,Lieutenant Governor,,DEM,Darryl D. Perryman,7
Lawrence,0030 ABSENTEE,Lieutenant Governor,,DEM,Phillip Ensler,21
Lawrence,0030 ABSENTEE,State Democratic Executive Committee,,DEM,Brenda Hampton,8
Lawrence,0030 ABSENTEE,State Democratic Executive Committee,,DEM,Marcus Echols,11
Lawrence,0030 ABSENTEE,State Democratic Executive Committee,,DEM,Melvina Taylor Watkins,22
Lawrence,0030 ABSENTEE,State Democratic Executive Committee,,DEM,Mose Jones Jr.,19
Lawrence,0030 ABSENTEE,U.S. House,5,DEM,Andrew Sneed,15
Lawrence,0030 ABSENTEE,U.S. House,5,DEM,Candice Dollar Duvieilh,6
Lawrence,0030 ABSENTEE,U.S. House,5,DEM,Jeremy Devito,9
Lawrence,0030 ABSENTEE,U.S. Senate,,DEM,Dakarai Larriett,3
Lawrence,0030 ABSENTEE,U.S. Senate,,DEM,Everett Wess,13
Lawrence,0030 ABSENTEE,U.S. Senate,,DEM,Kyle Sweetser,5
Lawrence,0030 ABSENTEE,U.S. Senate,,DEM,Mark S. Wheeler II,8
Lawrence,0030 ABSENTEE,Proposed Statewide Amendment 1,,,No,7
Lawrence,0030 ABSENTEE,Proposed Statewide Amendment 1,,,Yes,115
Lawrence,0030 ABSENTEE,Proposed Statewide Amendment 2,,,No,47
Lawrence,0030 ABSENTEE,Proposed Statewide Amendment 2,,,Yes,70
Lawrence,0030 ABSENTEE,Attorney General,,REP,Jay Mitchell,22
Lawrence,0030 ABSENTEE,Attorney General,,REP,Katherine Robertson,49
Lawrence,0030 ABSENTEE,Attorney General,,REP,Pamela L. Casey,18
Lawrence,0030 ABSENTEE,Governor,,REP,"""Alabama"" Will Santivasci",6
Lawrence,0030 ABSENTEE,Governor,,REP,Ken McFeeters,6
Lawrence,0030 ABSENTEE,Governor,,REP,Thomas Tuberville,88
Lawrence,0030 ABSENTEE,Lieutenant Governor,,REP,George Childress,1
Lawrence,0030 ABSENTEE,Lieutenant Governor,,REP,John Wahl,39
Lawrence,0030 ABSENTEE,Lieutenant Governor,,REP,Nicole Jones Wadsworth,2
Lawrence,0030 ABSENTEE,Lieutenant Governor,,REP,Pat Bishop,4
Lawrence,0030 ABSENTEE,Lieutenant Governor,,REP,Rick Pate,12
Lawrence,0030 ABSENTEE,Lieutenant Governor,,REP,Stewart Hill Tankersley,1
Lawrence,0030 ABSENTEE,Lieutenant Governor,,REP,Wes Allen,35
Lawrence,0030 ABSENTEE,"Member, Lawrence County Commission, District No. 1",,REP,Adam Terry,5
Lawrence,0030 ABSENTEE,"Member, Lawrence County Commission, District No. 1",,REP,Jay Johnson,4
Lawrence,0030 ABSENTEE,"Member, Lawrence County Commission, District No. 2",,REP,Brandon Kerby,11
Lawrence,0030 ABSENTEE,"Member, Lawrence County Commission, District No. 2",,REP,Jonathan Bradford,5
Lawrence,0030 ABSENTEE,"Member, Lawrence County Commission, District No. 2",,REP,Rickey Johnson,9
Lawrence,0030 ABSENTEE,"Member, Lawrence County Commission, District No. 4",,REP,Daniell Johnston,9
Lawrence,0030 ABSENTEE,"Member, Lawrence County Commission, District No. 4",,REP,Gunnar Walling,18
Lawrence,0030 ABSENTEE,"Member, Lawrence County Gop Executive Committee, District No. 1",,REP,Tim Guyse,5
Lawrence,0030 ABSENTEE,"Member, Lawrence County Gop Executive Committee, District No. 1",,REP,Angelo Doc Mancuso,2
Lawrence,0030 ABSENTEE,"Member, Lawrence County Gop Executive Committee, District No. 3",,REP,Brandon Johnson,11
Lawrence,0030 ABSENTEE,"Member, Lawrence County Gop Executive Committee, District No. 3",,REP,Crystal L. Yarbrough,4
Lawrence,0030 ABSENTEE,"Public Service Commission, Place No. 2",,REP,Brent Woodall,20
Lawrence,0030 ABSENTEE,"Public Service Commission, Place No. 2",,REP,Chris Beeker,26
Lawrence,0030 ABSENTEE,"Public Service Commission, Place No. 2",,REP,Jim Zig Zeigler,25
Lawrence,0030 ABSENTEE,"Public Service Commission, Place No. 2",,REP,Priscilla Andrews,8
Lawrence,0030 ABSENTEE,Secretary of State,,REP,Caroleene Dobson,41
Lawrence,0030 ABSENTEE,Secretary of State,,REP,Christopher Christian Horn,21
Lawrence,0030 ABSENTEE,Secretary of State,,REP,Glenda S. Jackson,13
Lawrence,0030 ABSENTEE,State Auditor,,REP,Andrew Sorrell,63
Lawrence,0030 ABSENTEE,State Auditor,,REP,Derek Chen,21
Lawrence,0030 ABSENTEE,"State Republican Executive Committee, Lawrence County, Place 1",,REP,Angelo Doc Mancuso,38
Lawrence,0030 ABSENTEE,"State Republican Executive Committee, Lawrence County, Place 1",,REP,Ernie Yarbrough,62
Lawrence,0030 ABSENTEE,State Treasurer,,REP,Steve Lolley,25
Lawrence,0030 ABSENTEE,State Treasurer,,REP,Young Boozer,58
Lawrence,0030 ABSENTEE,U.S. Senate,,REP,Barry Moore,31
Lawrence,0030 ABSENTEE,U.S. Senate,,REP,Dale Shelton Deas Jr.,4
Lawrence,0030 ABSENTEE,U.S. Senate,,REP,Jared Hudson,20
Lawrence,0030 ABSENTEE,U.S. Senate,,REP,Morgan Murphy,1
Lawrence,0030 ABSENTEE,U.S. Senate,,REP,Rodney Walker,7
Lawrence,0030 ABSENTEE,U.S. Senate,,REP,Seth Burton,2
Lawrence,0030 ABSENTEE,U.S. Senate,,REP,Steve Marshall,27
Lawrence,0031 PROVISIONAL,Governor,,DEM,"Chad ""Chig"" Martin",0
Lawrence,0031 PROVISIONAL,Governor,,DEM,Doug Jones,2
Lawrence,0031 PROVISIONAL,Governor,,DEM,Jamel J. Brown,0
Lawrence,0031 PROVISIONAL,Governor,,DEM,"Nathan ""Nate"" Mathis",1
Lawrence,0031 PROVISIONAL,Governor,,DEM,Will Boyd,0
Lawrence,0031 PROVISIONAL,Governor,,DEM,Yolanda Rochelle Flowers,0
Lawrence,0031 PROVISIONAL,Lieutenant Governor,,DEM,Darryl D. Perryman,2
Lawrence,0031 PROVISIONAL,Lieutenant Governor,,DEM,Phillip Ensler,1
Lawrence,0031 PROVISIONAL,State Democratic Executive Committee,,DEM,Brenda Hampton,2
Lawrence,0031 PROVISIONAL,State Democratic Executive Committee,,DEM,Marcus Echols,1
Lawrence,0031 PROVISIONAL,State Democratic Executive Committee,,DEM,Melvina Taylor Watkins,1
Lawrence,0031 PROVISIONAL,State Democratic Executive Committee,,DEM,Mose Jones Jr.,2
Lawrence,0031 PROVISIONAL,U.S. House,5,DEM,Andrew Sneed,1
Lawrence,0031 PROVISIONAL,U.S. House,5,DEM,Candice Dollar Duvieilh,0
Lawrence,0031 PROVISIONAL,U.S. House,5,DEM,Jeremy Devito,1
Lawrence,0031 PROVISIONAL,U.S. Senate,,DEM,Dakarai Larriett,1
Lawrence,0031 PROVISIONAL,U.S. Senate,,DEM,Everett Wess,2
Lawrence,0031 PROVISIONAL,U.S. Senate,,DEM,Kyle Sweetser,0
Lawrence,0031 PROVISIONAL,U.S. Senate,,DEM,Mark S. Wheeler II,0
Lawrence,0031 PROVISIONAL,Proposed Statewide Amendment 1,,,No,2
Lawrence,0031 PROVISIONAL,Proposed Statewide Amendment 1,,,Yes,3
Lawrence,0031 PROVISIONAL,Proposed Statewide Amendment 2,,,No,0
Lawrence,0031 PROVISIONAL,Proposed Statewide Amendment 2,,,Yes,5
Lawrence,0031 PROVISIONAL,Attorney General,,REP,Jay Mitchell,0
Lawrence,0031 PROVISIONAL,Attorney General,,REP,Katherine Robertson,0
Lawrence,0031 PROVISIONAL,Attorney General,,REP,Pamela L. Casey,1
Lawrence,0031 PROVISIONAL,Governor,,REP,"""Alabama"" Will Santivasci",0
Lawrence,0031 PROVISIONAL,Governor,,REP,Ken McFeeters,0
Lawrence,0031 PROVISIONAL,Governor,,REP,Thomas Tuberville,2
Lawrence,0031 PROVISIONAL,Lieutenant Governor,,REP,George Childress,0
Lawrence,0031 PROVISIONAL,Lieutenant Governor,,REP,John Wahl,1
Lawrence,0031 PROVISIONAL,Lieutenant Governor,,REP,Nicole Jones Wadsworth,0
Lawrence,0031 PROVISIONAL,Lieutenant Governor,,REP,Pat Bishop,0
Lawrence,0031 PROVISIONAL,Lieutenant Governor,,REP,Rick Pate,0
Lawrence,0031 PROVISIONAL,Lieutenant Governor,,REP,Stewart Hill Tankersley,0
Lawrence,0031 PROVISIONAL,Lieutenant Governor,,REP,Wes Allen,1
Lawrence,0031 PROVISIONAL,"Member, Lawrence County Commission, District No. 1",,REP,Adam Terry,0
Lawrence,0031 PROVISIONAL,"Member, Lawrence County Commission, District No. 1",,REP,Jay Johnson,0
Lawrence,0031 PROVISIONAL,"Member, Lawrence County Commission, District No. 2",,REP,Brandon Kerby,0
Lawrence,0031 PROVISIONAL,"Member, Lawrence County Commission, District No. 2",,REP,Jonathan Bradford,0
Lawrence,0031 PROVISIONAL,"Member, Lawrence County Commission, District No. 2",,REP,Rickey Johnson,0
Lawrence,0031 PROVISIONAL,"Member, Lawrence County Commission, District No. 4",,REP,Daniell Johnston,0
Lawrence,0031 PROVISIONAL,"Member, Lawrence County Commission, District No. 4",,REP,Gunnar Walling,0
Lawrence,0031 PROVISIONAL,"Member, Lawrence County Gop Executive Committee, District No. 1",,REP,Tim Guyse,0
Lawrence,0031 PROVISIONAL,"Member, Lawrence County Gop Executive Committee, District No. 1",,REP,Angelo Doc Mancuso,0
Lawrence,0031 PROVISIONAL,"Member, Lawrence County Gop Executive Committee, District No. 3",,REP,Brandon Johnson,1
Lawrence,0031 PROVISIONAL,"Member, Lawrence County Gop Executive Committee, District No. 3",,REP,Crystal L. Yarbrough,0
Lawrence,0031 PROVISIONAL,"Public Service Commission, Place No. 2",,REP,Brent Woodall,1
Lawrence,0031 PROVISIONAL,"Public Service Commission, Place No. 2",,REP,Chris Beeker,0
Lawrence,0031 PROVISIONAL,"Public Service Commission, Place No. 2",,REP,Jim Zig Zeigler,1
Lawrence,0031 PROVISIONAL,"Public Service Commission, Place No. 2",,REP,Priscilla Andrews,0
Lawrence,0031 PROVISIONAL,Secretary of State,,REP,Caroleene Dobson,1
Lawrence,0031 PROVISIONAL,Secretary of State,,REP,Christopher Christian Horn,0
Lawrence,0031 PROVISIONAL,Secretary of State,,REP,Glenda S. Jackson,0
Lawrence,0031 PROVISIONAL,State Auditor,,REP,Andrew Sorrell,0
Lawrence,0031 PROVISIONAL,State Auditor,,REP,Derek Chen,1
Lawrence,0031 PROVISIONAL,"State Republican Executive Committee, Lawrence County, Place 1",,REP,Angelo Doc Mancuso,1
Lawrence,0031 PROVISIONAL,"State Republican Executive Committee, Lawrence County, Place 1",,REP,Ernie Yarbrough,1
Lawrence,0031 PROVISIONAL,State Treasurer,,REP,Steve Lolley,1
Lawrence,0031 PROVISIONAL,State Treasurer,,REP,Young Boozer,0
Lawrence,0031 PROVISIONAL,U.S. Senate,,REP,Barry Moore,1
Lawrence,0031 PROVISIONAL,U.S. Senate,,REP,Dale Shelton Deas Jr.,0
Lawrence,0031 PROVISIONAL,U.S. Senate,,REP,Jared Hudson,0
Lawrence,0031 PROVISIONAL,U.S. Senate,,REP,Morgan Murphy,0
Lawrence,0031 PROVISIONAL,U.S. Senate,,REP,Rodney Walker,0
Lawrence,0031 PROVISIONAL,U.S. Senate,,REP,Seth Burton,0
Lawrence,0031 PROVISIONAL,U.S. Senate,,REP,Steve Marshall,1
Lawrence,1001 HILLSBORO CITY HALL 1-1,"Public Service Commission, Place No. 1",,DEM,James O. Gordon,125
Lawrence,1001 HILLSBORO CITY HALL 1-1,"Public Service Commission, Place No. 1",,DEM,Jeff Ramsey,31
Lawrence,1001 HILLSBORO CITY HALL 1-1,"Public Service Commission, Place No. 1",,DEM,John Northrop,22
Lawrence,1001 HILLSBORO CITY HALL 1-1,Commissioner of Agriculture and Industries,,REP,Christina Woerner McInnis,13
Lawrence,1001 HILLSBORO CITY HALL 1-1,Commissioner of Agriculture and Industries,,REP,Cory Hill,26
Lawrence,1001 HILLSBORO CITY HALL 1-1,Commissioner of Agriculture and Industries,,REP,Jack Williams,17
Lawrence,1001 HILLSBORO CITY HALL 1-1,"Public Service Commission, Place No. 1",,REP,Jeremy H. Oden,19
Lawrence,1001 HILLSBORO CITY HALL 1-1,"Public Service Commission, Place No. 1",,REP,Matt Gentry,36
Lawrence,1002 N. COUTLAND SR. CTR. 2-1,"Public Service Commission, Place No. 1",,DEM,James O. Gordon,127
Lawrence,1002 N. COUTLAND SR. CTR. 2-1,"Public Service Commission, Place No. 1",,DEM,Jeff Ramsey,35
Lawrence,1002 N. COUTLAND SR. CTR. 2-1,"Public Service Commission, Place No. 1",,DEM,John Northrop,21
Lawrence,1002 N. COUTLAND SR. CTR. 2-1,Commissioner of Agriculture and Industries,,REP,Christina Woerner McInnis,3
Lawrence,1002 N. COUTLAND SR. CTR. 2-1,Commissioner of Agriculture and Industries,,REP,Cory Hill,4
Lawrence,1002 N. COUTLAND SR. CTR. 2-1,Commissioner of Agriculture and Industries,,REP,Jack Williams,4
Lawrence,1002 N. COUTLAND SR. CTR. 2-1,"Public Service Commission, Place No. 1",,REP,Jeremy H. Oden,5
Lawrence,1002 N. COUTLAND SR. CTR. 2-1,"Public Service Commission, Place No. 1",,REP,Matt Gentry,7
Lawrence,1003 RED BANK FIRE DEPT. 3-1,"Public Service Commission, Place No. 1",,DEM,James O. Gordon,95
Lawrence,1003 RED BANK FIRE DEPT. 3-1,"Public Service Commission, Place No. 1",,DEM,Jeff Ramsey,20
Lawrence,1003 RED BANK FIRE DEPT. 3-1,"Public Service Commission, Place No. 1",,DEM,John Northrop,14
Lawrence,1003 RED BANK FIRE DEPT. 3-1,Commissioner of Agriculture and Industries,,REP,Christina Woerner McInnis,8
Lawrence,1003 RED BANK FIRE DEPT. 3-1,Commissioner of Agriculture and Industries,,REP,Cory Hill,7
Lawrence,1003 RED BANK FIRE DEPT. 3-1,Commissioner of Agriculture and Industries,,REP,Jack Williams,23
Lawrence,1003 RED BANK FIRE DEPT. 3-1,"Public Service Commission, Place No. 1",,REP,Jeremy H. Oden,7
Lawrence,1003 RED BANK FIRE DEPT. 3-1,"Public Service Commission, Place No. 1",,REP,Matt Gentry,31
Lawrence,1004 HILLBORO FIRE DEPT. 4-1,"Public Service Commission, Place No. 1",,DEM,James O. Gordon,54
Lawrence,1004 HILLBORO FIRE DEPT. 4-1,"Public Service Commission, Place No. 1",,DEM,Jeff Ramsey,22
Lawrence,1004 HILLBORO FIRE DEPT. 4-1,"Public Service Commission, Place No. 1",,DEM,John Northrop,7
Lawrence,1004 HILLBORO FIRE DEPT. 4-1,Commissioner of Agriculture and Industries,,REP,Christina Woerner McInnis,14
Lawrence,1004 HILLBORO FIRE DEPT. 4-1,Commissioner of Agriculture and Industries,,REP,Cory Hill,43
Lawrence,1004 HILLBORO FIRE DEPT. 4-1,Commissioner of Agriculture and Industries,,REP,Jack Williams,18
Lawrence,1004 HILLBORO FIRE DEPT. 4-1,"Public Service Commission, Place No. 1",,REP,Jeremy H. Oden,33
Lawrence,1004 HILLBORO FIRE DEPT. 4-1,"Public Service Commission, Place No. 1",,REP,Matt Gentry,44
Lawrence,1005 TOWN CREEK COM. CTR. 5-1,"Public Service Commission, Place No. 1",,DEM,James O. Gordon,47
Lawrence,1005 TOWN CREEK COM. CTR. 5-1,"Public Service Commission, Place No. 1",,DEM,Jeff Ramsey,11
Lawrence,1005 TOWN CREEK COM. CTR. 5-1,"Public Service Commission, Place No. 1",,DEM,John Northrop,11
Lawrence,1005 TOWN CREEK COM. CTR. 5-1,Commissioner of Agriculture and Industries,,REP,Christina Woerner McInnis,9
Lawrence,1005 TOWN CREEK COM. CTR. 5-1,Commissioner of Agriculture and Industries,,REP,Cory Hill,20
Lawrence,1005 TOWN CREEK COM. CTR. 5-1,Commissioner of Agriculture and Industries,,REP,Jack Williams,15
Lawrence,1005 TOWN CREEK COM. CTR. 5-1,Lawrence County Sheriff,,REP,Keith Ligon,18
Lawrence,1005 TOWN CREEK COM. CTR. 5-1,Lawrence County Sheriff,,REP,Stacy Rose,30
Lawrence,1005 TOWN CREEK COM. CTR. 5-1,"Public Service Commission, Place No. 1",,REP,Jeremy H. Oden,12
Lawrence,1005 TOWN CREEK COM. CTR. 5-1,"Public Service Commission, Place No. 1",,REP,Matt Gentry,29
Lawrence,1006 MCCARLEY CTR. 6-1,"Public Service Commission, Place No. 1",,DEM,James O. Gordon,22
Lawrence,1006 MCCARLEY CTR. 6-1,"Public Service Commission, Place No. 1",,DEM,Jeff Ramsey,15
Lawrence,1006 MCCARLEY CTR. 6-1,"Public Service Commission, Place No. 1",,DEM,John Northrop,6
Lawrence,1006 MCCARLEY CTR. 6-1,Commissioner of Agriculture and Industries,,REP,Christina Woerner McInnis,32
Lawrence,1006 MCCARLEY CTR. 6-1,Commissioner of Agriculture and Industries,,REP,Cory Hill,26
Lawrence,1006 MCCARLEY CTR. 6-1,Commissioner of Agriculture and Industries,,REP,Jack Williams,21
Lawrence,1006 MCCARLEY CTR. 6-1,Lawrence County Sheriff,,REP,Keith Ligon,34
Lawrence,1006 MCCARLEY CTR. 6-1,Lawrence County Sheriff,,REP,Stacy Rose,62
Lawrence,1006 MCCARLEY CTR. 6-1,"Public Service Commission, Place No. 1",,REP,Jeremy H. Oden,30
Lawrence,1006 MCCARLEY CTR. 6-1,"Public Service Commission, Place No. 1",,REP,Matt Gentry,47
Lawrence,1007 DONALD BAPT. CH 7-1 8-1,"Public Service Commission, Place No. 1",,DEM,James O. Gordon,19
Lawrence,1007 DONALD BAPT. CH 7-1 8-1,"Public Service Commission, Place No. 1",,DEM,Jeff Ramsey,13
Lawrence,1007 DONALD BAPT. CH 7-1 8-1,"Public Service Commission, Place No. 1",,DEM,John Northrop,2
Lawrence,1007 DONALD BAPT. CH 7-1 8-1,Commissioner of Agriculture and Industries,,REP,Christina Woerner McInnis,22
Lawrence,1007 DONALD BAPT. CH 7-1 8-1,Commissioner of Agriculture and Industries,,REP,Cory Hill,48
Lawrence,1007 DONALD BAPT. CH 7-1 8-1,Commissioner of Agriculture and Industries,,REP,Jack Williams,40
Lawrence,1007 DONALD BAPT. CH 7-1 8-1,Lawrence County Sheriff,,REP,Keith Ligon,41
Lawrence,1007 DONALD BAPT. CH 7-1 8-1,Lawrence County Sheriff,,REP,Stacy Rose,82
Lawrence,1007 DONALD BAPT. CH 7-1 8-1,"Public Service Commission, Place No. 1",,REP,Jeremy H. Oden,39
Lawrence,1007 DONALD BAPT. CH 7-1 8-1,"Public Service Commission, Place No. 1",,REP,Matt Gentry,67
Lawrence,1008 MT HOPE BAPT. FELLOW 9-1,"Public Service Commission, Place No. 1",,DEM,James O. Gordon,4
Lawrence,1008 MT HOPE BAPT. FELLOW 9-1,"Public Service Commission, Place No. 1",,DEM,Jeff Ramsey,0
Lawrence,1008 MT HOPE BAPT. FELLOW 9-1,"Public Service Commission, Place No. 1",,DEM,John Northrop,0
Lawrence,1008 MT HOPE BAPT. FELLOW 9-1,Commissioner of Agriculture and Industries,,REP,Christina Woerner McInnis,47
Lawrence,1008 MT HOPE BAPT. FELLOW 9-1,Commissioner of Agriculture and Industries,,REP,Cory Hill,85
Lawrence,1008 MT HOPE BAPT. FELLOW 9-1,Commissioner of Agriculture and Industries,,REP,Jack Williams,59
Lawrence,1008 MT HOPE BAPT. FELLOW 9-1,Lawrence County Sheriff,,REP,Keith Ligon,81
Lawrence,1008 MT HOPE BAPT. FELLOW 9-1,Lawrence County Sheriff,,REP,Stacy Rose,161
Lawrence,1008 MT HOPE BAPT. FELLOW 9-1,"Public Service Commission, Place No. 1",,REP,Jeremy H. Oden,64
Lawrence,1008 MT HOPE BAPT. FELLOW 9-1,"Public Service Commission, Place No. 1",,REP,Matt Gentry,120
Lawrence,1009 WOLF SPRING BAPT. 10-1,"Public Service Commission, Place No. 1",,DEM,James O. Gordon,11
Lawrence,1009 WOLF SPRING BAPT. 10-1,"Public Service Commission, Place No. 1",,DEM,Jeff Ramsey,10
Lawrence,1009 WOLF SPRING BAPT. 10-1,"Public Service Commission, Place No. 1",,DEM,John Northrop,9
Lawrence,1009 WOLF SPRING BAPT. 10-1,Commissioner of Agriculture and Industries,,REP,Christina Woerner McInnis,29
Lawrence,1009 WOLF SPRING BAPT. 10-1,Commissioner of Agriculture and Industries,,REP,Cory Hill,54
Lawrence,1009 WOLF SPRING BAPT. 10-1,Commissioner of Agriculture and Industries,,REP,Jack Williams,44
Lawrence,1009 WOLF SPRING BAPT. 10-1,Lawrence County Sheriff,,REP,Keith Ligon,32
Lawrence,1009 WOLF SPRING BAPT. 10-1,Lawrence County Sheriff,,REP,Stacy Rose,123
Lawrence,1009 WOLF SPRING BAPT. 10-1,"Public Service Commission, Place No. 1",,REP,Jeremy H. Oden,39
Lawrence,1009 WOLF SPRING BAPT. 10-1,"Public Service Commission, Place No. 1",,REP,Matt Gentry,79
Lawrence,1010 FLAT ROCK-NEW ZION 11-1,"Public Service Commission, Place No. 1",,DEM,James O. Gordon,0
Lawrence,1010 FLAT ROCK-NEW ZION 11-1,"Public Service Commission, Place No. 1",,DEM,Jeff Ramsey,2
Lawrence,1010 FLAT ROCK-NEW ZION 11-1,"Public Service Commission, Place No. 1",,DEM,John Northrop,1
Lawrence,1010 FLAT ROCK-NEW ZION 11-1,Commissioner of Agriculture and Industries,,REP,Christina Woerner McInnis,18
Lawrence,1010 FLAT ROCK-NEW ZION 11-1,Commissioner of Agriculture and Industries,,REP,Cory Hill,36
Lawrence,1010 FLAT ROCK-NEW ZION 11-1,Commissioner of Agriculture and Industries,,REP,Jack Williams,21
Lawrence,1010 FLAT ROCK-NEW ZION 11-1,Lawrence County Sheriff,,REP,Keith Ligon,22
Lawrence,1010 FLAT ROCK-NEW ZION 11-1,Lawrence County Sheriff,,REP,Stacy Rose,75
Lawrence,1010 FLAT ROCK-NEW ZION 11-1,"Public Service Commission, Place No. 1",,REP,Jeremy H. Oden,23
Lawrence,1010 FLAT ROCK-NEW ZION 11-1,"Public Service Commission, Place No. 1",,REP,Matt Gentry,51
Lawrence,1011 LANDERSVILLE METH. 12-1,"Public Service Commission, Place No. 1",,DEM,James O. Gordon,9
Lawrence,1011 LANDERSVILLE METH. 12-1,"Public Service Commission, Place No. 1",,DEM,Jeff Ramsey,5
Lawrence,1011 LANDERSVILLE METH. 12-1,"Public Service Commission, Place No. 1",,DEM,John Northrop,6
Lawrence,1011 LANDERSVILLE METH. 12-1,Commissioner of Agriculture and Industries,,REP,Christina Woerner McInnis,35
Lawrence,1011 LANDERSVILLE METH. 12-1,Commissioner of Agriculture and Industries,,REP,Cory Hill,53
Lawrence,1011 LANDERSVILLE METH. 12-1,Commissioner of Agriculture and Industries,,REP,Jack Williams,46
Lawrence,1011 LANDERSVILLE METH. 12-1,Lawrence County Sheriff,,REP,Keith Ligon,78
Lawrence,1011 LANDERSVILLE METH. 12-1,Lawrence County Sheriff,,REP,Stacy Rose,74
Lawrence,1011 LANDERSVILLE METH. 12-1,"Public Service Commission, Place No. 1",,REP,Jeremy H. Oden,44
Lawrence,1011 LANDERSVILLE METH. 12-1,"Public Service Commission, Place No. 1",,REP,Matt Gentry,85
Lawrence,1012 HATTON CH OF CHRIST 13-1,"Public Service Commission, Place No. 1",,DEM,James O. Gordon,10
Lawrence,1012 HATTON CH OF CHRIST 13-1,"Public Service Commission, Place No. 1",,DEM,Jeff Ramsey,10
Lawrence,1012 HATTON CH OF CHRIST 13-1,"Public Service Commission, Place No. 1",,DEM,John Northrop,7
Lawrence,1012 HATTON CH OF CHRIST 13-1,Commissioner of Agriculture and Industries,,REP,Christina Woerner McInnis,89
Lawrence,1012 HATTON CH OF CHRIST 13-1,Commissioner of Agriculture and Industries,,REP,Cory Hill,128
Lawrence,1012 HATTON CH OF CHRIST 13-1,Commissioner of Agriculture and Industries,,REP,Jack Williams,108
Lawrence,1012 HATTON CH OF CHRIST 13-1,Lawrence County Sheriff,,REP,Keith Ligon,96
Lawrence,1012 HATTON CH OF CHRIST 13-1,Lawrence County Sheriff,,REP,Stacy Rose,305
Lawrence,1012 HATTON CH OF CHRIST 13-1,"Public Service Commission, Place No. 1",,REP,Jeremy H. Oden,128
Lawrence,1012 HATTON CH OF CHRIST 13-1,"Public Service Commission, Place No. 1",,REP,Matt Gentry,199
Lawrence,1013 PLEASANT GRV 14-1 20-1 23-1 27,"Public Service Commission, Place No. 1",,DEM,James O. Gordon,4
Lawrence,1013 PLEASANT GRV 14-1 20-1 23-1 27,"Public Service Commission, Place No. 1",,DEM,Jeff Ramsey,4
Lawrence,1013 PLEASANT GRV 14-1 20-1 23-1 27,"Public Service Commission, Place No. 1",,DEM,John Northrop,8
Lawrence,1013 PLEASANT GRV 14-1 20-1 23-1 27,Commissioner of Agriculture and Industries,,REP,Christina Woerner McInnis,90
Lawrence,1013 PLEASANT GRV 14-1 20-1 23-1 27,Commissioner of Agriculture and Industries,,REP,Cory Hill,103
Lawrence,1013 PLEASANT GRV 14-1 20-1 23-1 27,Commissioner of Agriculture and Industries,,REP,Jack Williams,64
Lawrence,1013 PLEASANT GRV 14-1 20-1 23-1 27,Lawrence County Sheriff,,REP,Keith Ligon,181
Lawrence,1013 PLEASANT GRV 14-1 20-1 23-1 27,Lawrence County Sheriff,,REP,Stacy Rose,133
Lawrence,1013 PLEASANT GRV 14-1 20-1 23-1 27,"Public Service Commission, Place No. 1",,REP,Jeremy H. Oden,62
Lawrence,1013 PLEASANT GRV 14-1 20-1 23-1 27,"Public Service Commission, Place No. 1",,REP,Matt Gentry,198
Lawrence,1014 MT MORIAH FELLOW.15-1 21-1,"Public Service Commission, Place No. 1",,DEM,James O. Gordon,8
Lawrence,1014 MT MORIAH FELLOW.15-1 21-1,"Public Service Commission, Place No. 1",,DEM,Jeff Ramsey,10
Lawrence,1014 MT MORIAH FELLOW.15-1 21-1,"Public Service Commission, Place No. 1",,DEM,John Northrop,1
Lawrence,1014 MT MORIAH FELLOW.15-1 21-1,Commissioner of Agriculture and Industries,,REP,Christina Woerner McInnis,39
Lawrence,1014 MT MORIAH FELLOW.15-1 21-1,Commissioner of Agriculture and Industries,,REP,Cory Hill,111
Lawrence,1014 MT MORIAH FELLOW.15-1 21-1,Commissioner of Agriculture and Industries,,REP,Jack Williams,69
Lawrence,1014 MT MORIAH FELLOW.15-1 21-1,Lawrence County Sheriff,,REP,Keith Ligon,97
Lawrence,1014 MT MORIAH FELLOW.15-1 21-1,Lawrence County Sheriff,,REP,Stacy Rose,168
Lawrence,1014 MT MORIAH FELLOW.15-1 21-1,"Member, Lawrence County Commission, District No. 3",,REP,Anthony Alexander,30
Lawrence,1014 MT MORIAH FELLOW.15-1 21-1,"Member, Lawrence County Commission, District No. 3",,REP,Ben Logston,81
Lawrence,1014 MT MORIAH FELLOW.15-1 21-1,"Member, Lawrence County Commission, District No. 3",,REP,Dana Charles,29
Lawrence,1014 MT MORIAH FELLOW.15-1 21-1,"Public Service Commission, Place No. 1",,REP,Jeremy H. Oden,68
Lawrence,1014 MT MORIAH FELLOW.15-1 21-1,"Public Service Commission, Place No. 1",,REP,Matt Gentry,148
Lawrence,1015 NEW LIBERTY GROVE METH. 16-1,"Public Service Commission, Place No. 1",,DEM,James O. Gordon,2
Lawrence,1015 NEW LIBERTY GROVE METH. 16-1,"Public Service Commission, Place No. 1",,DEM,Jeff Ramsey,4
Lawrence,1015 NEW LIBERTY GROVE METH. 16-1,"Public Service Commission, Place No. 1",,DEM,John Northrop,1
Lawrence,1015 NEW LIBERTY GROVE METH. 16-1,Commissioner of Agriculture and Industries,,REP,Christina Woerner McInnis,22
Lawrence,1015 NEW LIBERTY GROVE METH. 16-1,Commissioner of Agriculture and Industries,,REP,Cory Hill,52
Lawrence,1015 NEW LIBERTY GROVE METH. 16-1,Commissioner of Agriculture and Industries,,REP,Jack Williams,42
Lawrence,1015 NEW LIBERTY GROVE METH. 16-1,Lawrence County Sheriff,,REP,Keith Ligon,58
Lawrence,1015 NEW LIBERTY GROVE METH. 16-1,Lawrence County Sheriff,,REP,Stacy Rose,82
Lawrence,1015 NEW LIBERTY GROVE METH. 16-1,"Public Service Commission, Place No. 1",,REP,Jeremy H. Oden,32
Lawrence,1015 NEW LIBERTY GROVE METH. 16-1,"Public Service Commission, Place No. 1",,REP,Matt Gentry,78
Lawrence,1016 CHALYBEATE FIRE DEPT. 17-1,"Public Service Commission, Place No. 1",,DEM,James O. Gordon,2
Lawrence,1016 CHALYBEATE FIRE DEPT. 17-1,"Public Service Commission, Place No. 1",,DEM,Jeff Ramsey,10
Lawrence,1016 CHALYBEATE FIRE DEPT. 17-1,"Public Service Commission, Place No. 1",,DEM,John Northrop,6
Lawrence,1016 CHALYBEATE FIRE DEPT. 17-1,Commissioner of Agriculture and Industries,,REP,Christina Woerner McInnis,67
Lawrence,1016 CHALYBEATE FIRE DEPT. 17-1,Commissioner of Agriculture and Industries,,REP,Cory Hill,110
Lawrence,1016 CHALYBEATE FIRE DEPT. 17-1,Commissioner of Agriculture and Industries,,REP,Jack Williams,67
Lawrence,1016 CHALYBEATE FIRE DEPT. 17-1,Lawrence County Sheriff,,REP,Keith Ligon,134
Lawrence,1016 CHALYBEATE FIRE DEPT. 17-1,Lawrence County Sheriff,,REP,Stacy Rose,174
Lawrence,1016 CHALYBEATE FIRE DEPT. 17-1,"Member, Lawrence County Commission, District No. 3",,REP,Anthony Alexander,162
Lawrence,1016 CHALYBEATE FIRE DEPT. 17-1,"Member, Lawrence County Commission, District No. 3",,REP,Ben Logston,105
Lawrence,1016 CHALYBEATE FIRE DEPT. 17-1,"Member, Lawrence County Commission, District No. 3",,REP,Dana Charles,36
Lawrence,1016 CHALYBEATE FIRE DEPT. 17-1,"Public Service Commission, Place No. 1",,REP,Jeremy H. Oden,74
Lawrence,1016 CHALYBEATE FIRE DEPT. 17-1,"Public Service Commission, Place No. 1",,REP,Matt Gentry,167
Lawrence,1017 PILGRAM MISS. BAPT. 18-1,"Public Service Commission, Place No. 1",,DEM,James O. Gordon,5
Lawrence,1017 PILGRAM MISS. BAPT. 18-1,"Public Service Commission, Place No. 1",,DEM,Jeff Ramsey,7
Lawrence,1017 PILGRAM MISS. BAPT. 18-1,"Public Service Commission, Place No. 1",,DEM,John Northrop,2
Lawrence,1017 PILGRAM MISS. BAPT. 18-1,Commissioner of Agriculture and Industries,,REP,Christina Woerner McInnis,46
Lawrence,1017 PILGRAM MISS. BAPT. 18-1,Commissioner of Agriculture and Industries,,REP,Cory Hill,73
Lawrence,1017 PILGRAM MISS. BAPT. 18-1,Commissioner of Agriculture and Industries,,REP,Jack Williams,49
Lawrence,1017 PILGRAM MISS. BAPT. 18-1,Lawrence County Sheriff,,REP,Keith Ligon,109
Lawrence,1017 PILGRAM MISS. BAPT. 18-1,Lawrence County Sheriff,,REP,Stacy Rose,83
Lawrence,1017 PILGRAM MISS. BAPT. 18-1,"Member, Lawrence County Commission, District No. 3",,REP,Anthony Alexander,85
Lawrence,1017 PILGRAM MISS. BAPT. 18-1,"Member, Lawrence County Commission, District No. 3",,REP,Ben Logston,62
Lawrence,1017 PILGRAM MISS. BAPT. 18-1,"Member, Lawrence County Commission, District No. 3",,REP,Dana Charles,47
Lawrence,1017 PILGRAM MISS. BAPT. 18-1,"Public Service Commission, Place No. 1",,REP,Jeremy H. Oden,68
Lawrence,1017 PILGRAM MISS. BAPT. 18-1,"Public Service Commission, Place No. 1",,REP,Matt Gentry,93
Lawrence,1018 LAWRENCE HEALTH DEPT.19-1,"Public Service Commission, Place No. 1",,DEM,James O. Gordon,24
Lawrence,1018 LAWRENCE HEALTH DEPT.19-1,"Public Service Commission, Place No. 1",,DEM,Jeff Ramsey,13
Lawrence,1018 LAWRENCE HEALTH DEPT.19-1,"Public Service Commission, Place No. 1",,DEM,John Northrop,11
Lawrence,1018 LAWRENCE HEALTH DEPT.19-1,Commissioner of Agriculture and Industries,,REP,Christina Woerner McInnis,70
Lawrence,1018 LAWRENCE HEALTH DEPT.19-1,Commissioner of Agriculture and Industries,,REP,Cory Hill,101
Lawrence,1018 LAWRENCE HEALTH DEPT.19-1,Commissioner of Agriculture and Industries,,REP,Jack Williams,56
Lawrence,1018 LAWRENCE HEALTH DEPT.19-1,Lawrence County Sheriff,,REP,Keith Ligon,136
Lawrence,1018 LAWRENCE HEALTH DEPT.19-1,Lawrence County Sheriff,,REP,Stacy Rose,160
Lawrence,1018 LAWRENCE HEALTH DEPT.19-1,"Member, Lawrence County Commission, District No. 3",,REP,Anthony Alexander,91
Lawrence,1018 LAWRENCE HEALTH DEPT.19-1,"Member, Lawrence County Commission, District No. 3",,REP,Ben Logston,148
Lawrence,1018 LAWRENCE HEALTH DEPT.19-1,"Member, Lawrence County Commission, District No. 3",,REP,Dana Charles,51
Lawrence,1018 LAWRENCE HEALTH DEPT.19-1,"Public Service Commission, Place No. 1",,REP,Jeremy H. Oden,59
Lawrence,1018 LAWRENCE HEALTH DEPT.19-1,"Public Service Commission, Place No. 1",,REP,Matt Gentry,174
Lawrence,1019 FAIRFIELD CH 22-1 30-1,"Public Service Commission, Place No. 1",,DEM,James O. Gordon,1
Lawrence,1019 FAIRFIELD CH 22-1 30-1,"Public Service Commission, Place No. 1",,DEM,Jeff Ramsey,4
Lawrence,1019 FAIRFIELD CH 22-1 30-1,"Public Service Commission, Place No. 1",,DEM,John Northrop,2
Lawrence,1019 FAIRFIELD CH 22-1 30-1,Commissioner of Agriculture and Industries,,REP,Christina Woerner McInnis,24
Lawrence,1019 FAIRFIELD CH 22-1 30-1,Commissioner of Agriculture and Industries,,REP,Cory Hill,39
Lawrence,1019 FAIRFIELD CH 22-1 30-1,Commissioner of Agriculture and Industries,,REP,Jack Williams,22
Lawrence,1019 FAIRFIELD CH 22-1 30-1,Lawrence County Sheriff,,REP,Keith Ligon,65
Lawrence,1019 FAIRFIELD CH 22-1 30-1,Lawrence County Sheriff,,REP,Stacy Rose,40
Lawrence,1019 FAIRFIELD CH 22-1 30-1,"Member, Lawrence County Commission, District No. 3",,REP,Anthony Alexander,10
Lawrence,1019 FAIRFIELD CH 22-1 30-1,"Member, Lawrence County Commission, District No. 3",,REP,Ben Logston,20
Lawrence,1019 FAIRFIELD CH 22-1 30-1,"Member, Lawrence County Commission, District No. 3",,REP,Dana Charles,7
Lawrence,1019 FAIRFIELD CH 22-1 30-1,"Public Service Commission, Place No. 1",,REP,Jeremy H. Oden,18
Lawrence,1019 FAIRFIELD CH 22-1 30-1,"Public Service Commission, Place No. 1",,REP,Matt Gentry,71
Lawrence,1020 MOULTON CITY HALL 24-1,"Public Service Commission, Place No. 1",,DEM,James O. Gordon,1
Lawrence,1020 MOULTON CITY HALL 24-1,"Public Service Commission, Place No. 1",,DEM,Jeff Ramsey,2
Lawrence,1020 MOULTON CITY HALL 24-1,"Public Service Commission, Place No. 1",,DEM,John Northrop,4
Lawrence,1020 MOULTON CITY HALL 24-1,Commissioner of Agriculture and Industries,,REP,Christina Woerner McInnis,16
Lawrence,1020 MOULTON CITY HALL 24-1,Commissioner of Agriculture and Industries,,REP,Cory Hill,26
Lawrence,1020 MOULTON CITY HALL 24-1,Commissioner of Agriculture and Industries,,REP,Jack Williams,20
Lawrence,1020 MOULTON CITY HALL 24-1,Lawrence County Sheriff,,REP,Keith Ligon,45
Lawrence,1020 MOULTON CITY HALL 24-1,Lawrence County Sheriff,,REP,Stacy Rose,35
Lawrence,1020 MOULTON CITY HALL 24-1,"Public Service Commission, Place No. 1",,REP,Jeremy H. Oden,10
Lawrence,1020 MOULTON CITY HALL 24-1,"Public Service Commission, Place No. 1",,REP,Matt Gentry,47
Lawrence,1021 BOARD OF ED 25-1,"Public Service Commission, Place No. 1",,DEM,James O. Gordon,18
Lawrence,1021 BOARD OF ED 25-1,"Public Service Commission, Place No. 1",,DEM,Jeff Ramsey,18
Lawrence,1021 BOARD OF ED 25-1,"Public Service Commission, Place No. 1",,DEM,John Northrop,7
Lawrence,1021 BOARD OF ED 25-1,Commissioner of Agriculture and Industries,,REP,Christina Woerner McInnis,102
Lawrence,1021 BOARD OF ED 25-1,Commissioner of Agriculture and Industries,,REP,Cory Hill,192
Lawrence,1021 BOARD OF ED 25-1,Commissioner of Agriculture and Industries,,REP,Jack Williams,110
Lawrence,1021 BOARD OF ED 25-1,Lawrence County Sheriff,,REP,Keith Ligon,232
Lawrence,1021 BOARD OF ED 25-1,Lawrence County Sheriff,,REP,Stacy Rose,253
Lawrence,1021 BOARD OF ED 25-1,"Public Service Commission, Place No. 1",,REP,Jeremy H. Oden,122
Lawrence,1021 BOARD OF ED 25-1,"Public Service Commission, Place No. 1",,REP,Matt Gentry,276
Lawrence,1022 FREEMAN TAB 26-1,"Public Service Commission, Place No. 1",,DEM,James O. Gordon,58
Lawrence,1022 FREEMAN TAB 26-1,"Public Service Commission, Place No. 1",,DEM,Jeff Ramsey,11
Lawrence,1022 FREEMAN TAB 26-1,"Public Service Commission, Place No. 1",,DEM,John Northrop,6
Lawrence,1022 FREEMAN TAB 26-1,Commissioner of Agriculture and Industries,,REP,Christina Woerner McInnis,1
Lawrence,1022 FREEMAN TAB 26-1,Commissioner of Agriculture and Industries,,REP,Cory Hill,4
Lawrence,1022 FREEMAN TAB 26-1,Commissioner of Agriculture and Industries,,REP,Jack Williams,2
Lawrence,1022 FREEMAN TAB 26-1,Lawrence County Sheriff,,REP,Keith Ligon,6
Lawrence,1022 FREEMAN TAB 26-1,Lawrence County Sheriff,,REP,Stacy Rose,2
Lawrence,1022 FREEMAN TAB 26-1,"Member, Lawrence County Commission, District No. 3",,REP,Anthony Alexander,3
Lawrence,1022 FREEMAN TAB 26-1,"Member, Lawrence County Commission, District No. 3",,REP,Ben Logston,1
Lawrence,1022 FREEMAN TAB 26-1,"Member, Lawrence County Commission, District No. 3",,REP,Dana Charles,2
Lawrence,1022 FREEMAN TAB 26-1,"Public Service Commission, Place No. 1",,REP,Jeremy H. Oden,5
Lawrence,1022 FREEMAN TAB 26-1,"Public Service Commission, Place No. 1",,REP,Matt Gentry,2
Lawrence,1023 SPEAKE FIRE DEPT. 28-1,"Public Service Commission, Place No. 1",,DEM,James O. Gordon,16
Lawrence,1023 SPEAKE FIRE DEPT. 28-1,"Public Service Commission, Place No. 1",,DEM,Jeff Ramsey,11
Lawrence,1023 SPEAKE FIRE DEPT. 28-1,"Public Service Commission, Place No. 1",,DEM,John Northrop,3
Lawrence,1023 SPEAKE FIRE DEPT. 28-1,Commissioner of Agriculture and Industries,,REP,Christina Woerner McInnis,60
Lawrence,1023 SPEAKE FIRE DEPT. 28-1,Commissioner of Agriculture and Industries,,REP,Cory Hill,151
Lawrence,1023 SPEAKE FIRE DEPT. 28-1,Commissioner of Agriculture and Industries,,REP,Jack Williams,75
Lawrence,1023 SPEAKE FIRE DEPT. 28-1,Lawrence County Sheriff,,REP,Keith Ligon,204
Lawrence,1023 SPEAKE FIRE DEPT. 28-1,Lawrence County Sheriff,,REP,Stacy Rose,123
Lawrence,1023 SPEAKE FIRE DEPT. 28-1,"Public Service Commission, Place No. 1",,REP,Jeremy H. Oden,96
Lawrence,1023 SPEAKE FIRE DEPT. 28-1,"Public Service Commission, Place No. 1",,REP,Matt Gentry,198
Lawrence,1024 KITCHENS MILL 29-1 35-1,"Public Service Commission, Place No. 1",,DEM,James O. Gordon,6
Lawrence,1024 KITCHENS MILL 29-1 35-1,"Public Service Commission, Place No. 1",,DEM,Jeff Ramsey,7
Lawrence,1024 KITCHENS MILL 29-1 35-1,"Public Service Commission, Place No. 1",,DEM,John Northrop,4
Lawrence,1024 KITCHENS MILL 29-1 35-1,Commissioner of Agriculture and Industries,,REP,Christina Woerner McInnis,46
Lawrence,1024 KITCHENS MILL 29-1 35-1,Commissioner of Agriculture and Industries,,REP,Cory Hill,122
Lawrence,1024 KITCHENS MILL 29-1 35-1,Commissioner of Agriculture and Industries,,REP,Jack Williams,49
Lawrence,1024 KITCHENS MILL 29-1 35-1,Lawrence County Sheriff,,REP,Keith Ligon,108
Lawrence,1024 KITCHENS MILL 29-1 35-1,Lawrence County Sheriff,,REP,Stacy Rose,156
Lawrence,1024 KITCHENS MILL 29-1 35-1,"Public Service Commission, Place No. 1",,REP,Jeremy H. Oden,62
Lawrence,1024 KITCHENS MILL 29-1 35-1,"Public Service Commission, Place No. 1",,REP,Matt Gentry,159
Lawrence,1025 LINDSEY HALL CH 31-1,"Public Service Commission, Place No. 1",,DEM,James O. Gordon,0
Lawrence,1025 LINDSEY HALL CH 31-1,"Public Service Commission, Place No. 1",,DEM,Jeff Ramsey,0
Lawrence,1025 LINDSEY HALL CH 31-1,"Public Service Commission, Place No. 1",,DEM,John Northrop,1
Lawrence,1025 LINDSEY HALL CH 31-1,Commissioner of Agriculture and Industries,,REP,Christina Woerner McInnis,9
Lawrence,1025 LINDSEY HALL CH 31-1,Commissioner of Agriculture and Industries,,REP,Cory Hill,14
Lawrence,1025 LINDSEY HALL CH 31-1,Commissioner of Agriculture and Industries,,REP,Jack Williams,11
Lawrence,1025 LINDSEY HALL CH 31-1,Lawrence County Sheriff,,REP,Keith Ligon,31
Lawrence,1025 LINDSEY HALL CH 31-1,Lawrence County Sheriff,,REP,Stacy Rose,8
Lawrence,1025 LINDSEY HALL CH 31-1,"Public Service Commission, Place No. 1",,REP,Jeremy H. Oden,15
Lawrence,1025 LINDSEY HALL CH 31-1,"Public Service Commission, Place No. 1",,REP,Matt Gentry,16
Lawrence,1026 PINEY GROVE CH 32-1,"Public Service Commission, Place No. 1",,DEM,James O. Gordon,4
Lawrence,1026 PINEY GROVE CH 32-1,"Public Service Commission, Place No. 1",,DEM,Jeff Ramsey,2
Lawrence,1026 PINEY GROVE CH 32-1,"Public Service Commission, Place No. 1",,DEM,John Northrop,1
Lawrence,1026 PINEY GROVE CH 32-1,Commissioner of Agriculture and Industries,,REP,Christina Woerner McInnis,13
Lawrence,1026 PINEY GROVE CH 32-1,Commissioner of Agriculture and Industries,,REP,Cory Hill,23
Lawrence,1026 PINEY GROVE CH 32-1,Commissioner of Agriculture and Industries,,REP,Jack Williams,3
Lawrence,1026 PINEY GROVE CH 32-1,Lawrence County Sheriff,,REP,Keith Ligon,15
Lawrence,1026 PINEY GROVE CH 32-1,Lawrence County Sheriff,,REP,Stacy Rose,32
Lawrence,1026 PINEY GROVE CH 32-1,"Public Service Commission, Place No. 1",,REP,Jeremy H. Oden,11
Lawrence,1026 PINEY GROVE CH 32-1,"Public Service Commission, Place No. 1",,REP,Matt Gentry,28
Lawrence,1027 CADDO FIRE DEPT. 33-1,"Public Service Commission, Place No. 1",,DEM,James O. Gordon,10
Lawrence,1027 CADDO FIRE DEPT. 33-1,"Public Service Commission, Place No. 1",,DEM,Jeff Ramsey,14
Lawrence,1027 CADDO FIRE DEPT. 33-1,"Public Service Commission, Place No. 1",,DEM,John Northrop,4
Lawrence,1027 CADDO FIRE DEPT. 33-1,Commissioner of Agriculture and Industries,,REP,Christina Woerner McInnis,63
Lawrence,1027 CADDO FIRE DEPT. 33-1,Commissioner of Agriculture and Industries,,REP,Cory Hill,135
Lawrence,1027 CADDO FIRE DEPT. 33-1,Commissioner of Agriculture and Industries,,REP,Jack Williams,88
Lawrence,1027 CADDO FIRE DEPT. 33-1,Lawrence County Sheriff,,REP,Keith Ligon,122
Lawrence,1027 CADDO FIRE DEPT. 33-1,Lawrence County Sheriff,,REP,Stacy Rose,204
Lawrence,1027 CADDO FIRE DEPT. 33-1,"Public Service Commission, Place No. 1",,REP,Jeremy H. Oden,104
Lawrence,1027 CADDO FIRE DEPT. 33-1,"Public Service Commission, Place No. 1",,REP,Matt Gentry,179
Lawrence,1028 CADDO SR. CTR. 34-1,"Public Service Commission, Place No. 1",,DEM,James O. Gordon,12
Lawrence,1028 CADDO SR. CTR. 34-1,"Public Service Commission, Place No. 1",,DEM,Jeff Ramsey,7
Lawrence,1028 CADDO SR. CTR. 34-1,"Public Service Commission, Place No. 1",,DEM,John Northrop,5
Lawrence,1028 CADDO SR. CTR. 34-1,Commissioner of Agriculture and Industries,,REP,Christina Woerner McInnis,76
Lawrence,1028 CADDO SR. CTR. 34-1,Commissioner of Agriculture and Industries,,REP,Cory Hill,104
Lawrence,1028 CADDO SR. CTR. 34-1,Commissioner of Agriculture and Industries,,REP,Jack Williams,89
Lawrence,1028 CADDO SR. CTR. 34-1,Lawrence County Sheriff,,REP,Keith Ligon,122
Lawrence,1028 CADDO SR. CTR. 34-1,Lawrence County Sheriff,,REP,Stacy Rose,171
Lawrence,1028 CADDO SR. CTR. 34-1,"Public Service Commission, Place No. 1",,REP,Jeremy H. Oden,113
Lawrence,1028 CADDO SR. CTR. 34-1,"Public Service Commission, Place No. 1",,REP,Matt Gentry,158
Lawrence,1029 PINE GROVE CH 36-1,"Public Service Commission, Place No. 1",,DEM,James O. Gordon,6
Lawrence,1029 PINE GROVE CH 36-1,"Public Service Commission, Place No. 1",,DEM,Jeff Ramsey,5
Lawrence,1029 PINE GROVE CH 36-1,"Public Service Commission, Place No. 1",,DEM,John Northrop,1
Lawrence,1029 PINE GROVE CH 36-1,Commissioner of Agriculture and Industries,,REP,Christina Woerner McInnis,41
Lawrence,1029 PINE GROVE CH 36-1,Commissioner of Agriculture and Industries,,REP,Cory Hill,62
Lawrence,1029 PINE GROVE CH 36-1,Commissioner of Agriculture and Industries,,REP,Jack Williams,34
Lawrence,1029 PINE GROVE CH 36-1,Lawrence County Sheriff,,REP,Keith Ligon,71
Lawrence,1029 PINE GROVE CH 36-1,Lawrence County Sheriff,,REP,Stacy Rose,88
Lawrence,1029 PINE GROVE CH 36-1,"Public Service Commission, Place No. 1",,REP,Jeremy H. Oden,40
Lawrence,1029 PINE GROVE CH 36-1,"Public Service Commission, Place No. 1",,REP,Matt Gentry,100
Lawrence,1030 ABSENTEE,"Public Service Commission, Place No. 1",,DEM,James O. Gordon,12
Lawrence,1030 ABSENTEE,"Public Service Commission, Place No. 1",,DEM,Jeff Ramsey,10
Lawrence,1030 ABSENTEE,"Public Service Commission, Place No. 1",,DEM,John Northrop,6
Lawrence,1030 ABSENTEE,Commissioner of Agriculture and Industries,,REP,Christina Woerner McInnis,23
Lawrence,1030 ABSENTEE,Commissioner of Agriculture and Industries,,REP,Cory Hill,33
Lawrence,1030 ABSENTEE,Commissioner of Agriculture and Industries,,REP,Jack Williams,31
Lawrence,1030 ABSENTEE,Lawrence County Sheriff,,REP,Keith Ligon,58
Lawrence,1030 ABSENTEE,Lawrence County Sheriff,,REP,Stacy Rose,44
Lawrence,1030 ABSENTEE,"Member, Lawrence County Commission, District No. 3",,REP,Anthony Alexander,16
Lawrence,1030 ABSENTEE,"Member, Lawrence County Commission, District No. 3",,REP,Ben Logston,8
Lawrence,1030 ABSENTEE,"Member, Lawrence County Commission, District No. 3",,REP,Dana Charles,2
Lawrence,1030 ABSENTEE,"Public Service Commission, Place No. 1",,REP,Jeremy H. Oden,35
Lawrence,1030 ABSENTEE,"Public Service Commission, Place No. 1",,REP,Matt Gentry,46
Lawrence,1031 PROVISIONAL,"Public Service Commission, Place No. 1",,DEM,James O. Gordon,2
Lawrence,1031 PROVISIONAL,"Public Service Commission, Place No. 1",,DEM,Jeff Ramsey,0
Lawrence,1031 PROVISIONAL,"Public Service Commission, Place No. 1",,DEM,John Northrop,1
Lawrence,1031 PROVISIONAL,Commissioner of Agriculture and Industries,,REP,Christina Woerner McInnis,0
Lawrence,1031 PROVISIONAL,Commissioner of Agriculture and Industries,,REP,Cory Hill,1
Lawrence,1031 PROVISIONAL,Commissioner of Agriculture and Industries,,REP,Jack Williams,0
Lawrence,1031 PROVISIONAL,Lawrence County Sheriff,,REP,Keith Ligon,0
Lawrence,1031 PROVISIONAL,Lawrence County Sheriff,,REP,Stacy Rose,2
Lawrence,1031 PROVISIONAL,"Member, Lawrence County Commission, District No. 3",,REP,Anthony Alexander,1
Lawrence,1031 PROVISIONAL,"Member, Lawrence County Commission, District No. 3",,REP,Ben Logston,0
Lawrence,1031 PROVISIONAL,"Member, Lawrence County Commission, District No. 3",,REP,Dana Charles,0
Lawrence,1031 PROVISIONAL,"Public Service Commission, Place No. 1",,REP,Jeremy H. Oden,0
Lawrence,1031 PROVISIONAL,"Public Service Commission, Place No. 1",,REP,Matt Gentry,0
