county,precinct,office,district,party,candidate,votes
St. Clair,0001 ASHVILLE CITY HALL,Governor,,DEM,Will Boyd,15
St. Clair,0001 ASHVILLE CITY HALL,Governor,,DEM,Jamel J. Brown,1
St. Clair,0001 ASHVILLE CITY HALL,Governor,,DEM,Yolanda Rochelle Flowers,2
St. Clair,0001 ASHVILLE CITY HALL,Governor,,DEM,Doug Jones,87
St. Clair,0001 ASHVILLE CITY HALL,Governor,,DEM,"Chad ""Chig"" Martin",1
St. Clair,0001 ASHVILLE CITY HALL,Governor,,DEM,"Nathan ""Nate"" Mathis",1
St. Clair,0001 ASHVILLE CITY HALL,Lieutenant Governor,,DEM,Phillip Ensler,71
St. Clair,0001 ASHVILLE CITY HALL,Lieutenant Governor,,DEM,Darryl D. Perryman,28
St. Clair,0001 ASHVILLE CITY HALL,U.S. Senate,,DEM,Dakarai Larriett,21
St. Clair,0001 ASHVILLE CITY HALL,U.S. Senate,,DEM,Kyle Sweetser,10
St. Clair,0001 ASHVILLE CITY HALL,U.S. Senate,,DEM,Everett Wess,59
St. Clair,0001 ASHVILLE CITY HALL,U.S. Senate,,DEM,Mark S. Wheeler II,11
St. Clair,0001 ASHVILLE CITY HALL,"Public Service Commissioner, Place 1",,DEM,James O. Gordon,60
St. Clair,0001 ASHVILLE CITY HALL,"Public Service Commissioner, Place 1",,DEM,John Northrop,10
St. Clair,0001 ASHVILLE CITY HALL,"Public Service Commissioner, Place 1",,DEM,Jeff Ramsey,30
St. Clair,0001 ASHVILLE CITY HALL,Attorney General,,REP,Jay Mitchell,88
St. Clair,0001 ASHVILLE CITY HALL,Attorney General,,REP,Katherine Robertson,80
St. Clair,0001 ASHVILLE CITY HALL,Attorney General,,REP,Pamela L. Casey,115
St. Clair,0001 ASHVILLE CITY HALL,"Chairman, St. Clair County Commission",,REP,Stan Batemon,128
St. Clair,0001 ASHVILLE CITY HALL,"Chairman, St. Clair County Commission",,REP,David Evans,162
St. Clair,0001 ASHVILLE CITY HALL,Commissioner of Agriculture and Industries,,REP,Christina Woerner McInnis,71
St. Clair,0001 ASHVILLE CITY HALL,Commissioner of Agriculture and Industries,,REP,Cory Hill,102
St. Clair,0001 ASHVILLE CITY HALL,Commissioner of Agriculture and Industries,,REP,Jack Williams,88
St. Clair,0001 ASHVILLE CITY HALL,County (All),,REP,Allison G. Gray,92
St. Clair,0001 ASHVILLE CITY HALL,County (All),,REP,Greg Cobb,172
St. Clair,0001 ASHVILLE CITY HALL,Governor,,REP,"""Alabama"" Will Santivasci",11
St. Clair,0001 ASHVILLE CITY HALL,Governor,,REP,Ken McFeeters,28
St. Clair,0001 ASHVILLE CITY HALL,Governor,,REP,Thomas Tuberville,256
St. Clair,0001 ASHVILLE CITY HALL,Lieutenant Governor,,REP,George Childress,6
St. Clair,0001 ASHVILLE CITY HALL,Lieutenant Governor,,REP,John Wahl,116
St. Clair,0001 ASHVILLE CITY HALL,Lieutenant Governor,,REP,Nicole Jones Wadsworth,18
St. Clair,0001 ASHVILLE CITY HALL,Lieutenant Governor,,REP,Pat Bishop,11
St. Clair,0001 ASHVILLE CITY HALL,Lieutenant Governor,,REP,Rick Pate,21
St. Clair,0001 ASHVILLE CITY HALL,Lieutenant Governor,,REP,Stewart Hill Tankersley,7
St. Clair,0001 ASHVILLE CITY HALL,Lieutenant Governor,,REP,Wes Allen,101
St. Clair,0001 ASHVILLE CITY HALL,"Member, St. Clair County Commission, District No. 1",,REP,Adam Pardue,79
St. Clair,0001 ASHVILLE CITY HALL,"Member, St. Clair County Commission, District No. 1",,REP,Katrina Hennings,85
St. Clair,0001 ASHVILLE CITY HALL,"Member, St. Clair County Commission, District No. 1",,REP,Shane Thomas,139
St. Clair,0001 ASHVILLE CITY HALL,"Public Service Commission, Place No. 1",,REP,Jeremy H. Oden,48
St. Clair,0001 ASHVILLE CITY HALL,"Public Service Commission, Place No. 1",,REP,Matt Gentry,210
St. Clair,0001 ASHVILLE CITY HALL,"Public Service Commission, Place No. 2",,REP,Brent Woodall,51
St. Clair,0001 ASHVILLE CITY HALL,"Public Service Commission, Place No. 2",,REP,Chris Beeker,79
St. Clair,0001 ASHVILLE CITY HALL,"Public Service Commission, Place No. 2",,REP,Jim Zig Zeigler,89
St. Clair,0001 ASHVILLE CITY HALL,"Public Service Commission, Place No. 2",,REP,Priscilla Andrews,41
St. Clair,0001 ASHVILLE CITY HALL,Secretary of State,,REP,Caroleene Dobson,150
St. Clair,0001 ASHVILLE CITY HALL,Secretary of State,,REP,Christopher Christian Horn,77
St. Clair,0001 ASHVILLE CITY HALL,Secretary of State,,REP,Glenda S. Jackson,29
St. Clair,0001 ASHVILLE CITY HALL,State Auditor,,REP,Andrew Sorrell,187
St. Clair,0001 ASHVILLE CITY HALL,State Auditor,,REP,Derek Chen,80
St. Clair,0001 ASHVILLE CITY HALL,State Board of Education,6,REP,Cathi Bradford,117
St. Clair,0001 ASHVILLE CITY HALL,State Board of Education,6,REP,Marie Manning,171
St. Clair,0001 ASHVILLE CITY HALL,"State Republican Executive Committee, St. Clair County, Place 4",,REP,Ashley Tortorigi Hilburn,77
St. Clair,0001 ASHVILLE CITY HALL,"State Republican Executive Committee, St. Clair County, Place 3",,REP,Bill Morris,148
St. Clair,0001 ASHVILLE CITY HALL,"State Republican Executive Committee, St. Clair County, Place No 1",,REP,Brandon Moseley,72
St. Clair,0001 ASHVILLE CITY HALL,"State Republican Executive Committee, St. Clair County, Place 4",,REP,Cathy Wise Fine,182
St. Clair,0001 ASHVILLE CITY HALL,"State Republican Executive Committee, St. Clair County, Place 3",,REP,Katherine Holloway,111
St. Clair,0001 ASHVILLE CITY HALL,"State Republican Executive Committee, St. Clair County, Place No 1",,REP,"Kathryn ""Kathy"" Burke",134
St. Clair,0001 ASHVILLE CITY HALL,"State Republican Executive Committee, St. Clair County, Place No 1",,REP,Matt Tortorice,49
St. Clair,0001 ASHVILLE CITY HALL,State Treasurer,,REP,Steve Lolley,126
St. Clair,0001 ASHVILLE CITY HALL,State Treasurer,,REP,Young Boozer,139
St. Clair,0001 ASHVILLE CITY HALL,U.S. House,3,REP,Mike Rogers,218
St. Clair,0001 ASHVILLE CITY HALL,U.S. House,3,REP,Terri LaPoint,66
St. Clair,0001 ASHVILLE CITY HALL,U.S. Senate,,REP,Barry Moore,71
St. Clair,0001 ASHVILLE CITY HALL,U.S. Senate,,REP,Dale Shelton Deas Jr.,4
St. Clair,0001 ASHVILLE CITY HALL,U.S. Senate,,REP,Jared Hudson,104
St. Clair,0001 ASHVILLE CITY HALL,U.S. Senate,,REP,Morgan Murphy,2
St. Clair,0001 ASHVILLE CITY HALL,U.S. Senate,,REP,Rodney Walker,15
St. Clair,0001 ASHVILLE CITY HALL,U.S. Senate,,REP,Seth Burton,4
St. Clair,0001 ASHVILLE CITY HALL,U.S. Senate,,REP,Steve Marshall,94
St. Clair,0002 SHOAL CREEK COMM. CTR.,Governor,,DEM,Will Boyd,1
St. Clair,0002 SHOAL CREEK COMM. CTR.,Governor,,DEM,Jamel J. Brown,0
St. Clair,0002 SHOAL CREEK COMM. CTR.,Governor,,DEM,Yolanda Rochelle Flowers,1
St. Clair,0002 SHOAL CREEK COMM. CTR.,Governor,,DEM,Doug Jones,7
St. Clair,0002 SHOAL CREEK COMM. CTR.,Governor,,DEM,"Chad ""Chig"" Martin",1
St. Clair,0002 SHOAL CREEK COMM. CTR.,Governor,,DEM,"Nathan ""Nate"" Mathis",0
St. Clair,0002 SHOAL CREEK COMM. CTR.,Lieutenant Governor,,DEM,Phillip Ensler,6
St. Clair,0002 SHOAL CREEK COMM. CTR.,Lieutenant Governor,,DEM,Darryl D. Perryman,2
St. Clair,0002 SHOAL CREEK COMM. CTR.,U.S. Senate,,DEM,Dakarai Larriett,2
St. Clair,0002 SHOAL CREEK COMM. CTR.,U.S. Senate,,DEM,Kyle Sweetser,3
St. Clair,0002 SHOAL CREEK COMM. CTR.,U.S. Senate,,DEM,Everett Wess,2
St. Clair,0002 SHOAL CREEK COMM. CTR.,U.S. Senate,,DEM,Mark S. Wheeler II,1
St. Clair,0002 SHOAL CREEK COMM. CTR.,"Public Service Commissioner, Place 1",,DEM,James O. Gordon,0
St. Clair,0002 SHOAL CREEK COMM. CTR.,"Public Service Commissioner, Place 1",,DEM,John Northrop,5
St. Clair,0002 SHOAL CREEK COMM. CTR.,"Public Service Commissioner, Place 1",,DEM,Jeff Ramsey,3
St. Clair,0002 SHOAL CREEK COMM. CTR.,Attorney General,,REP,Jay Mitchell,43
St. Clair,0002 SHOAL CREEK COMM. CTR.,Attorney General,,REP,Katherine Robertson,63
St. Clair,0002 SHOAL CREEK COMM. CTR.,Attorney General,,REP,Pamela L. Casey,57
St. Clair,0002 SHOAL CREEK COMM. CTR.,"Chairman, St. Clair County Commission",,REP,Stan Batemon,58
St. Clair,0002 SHOAL CREEK COMM. CTR.,"Chairman, St. Clair County Commission",,REP,David Evans,115
St. Clair,0002 SHOAL CREEK COMM. CTR.,Commissioner of Agriculture and Industries,,REP,Christina Woerner McInnis,53
St. Clair,0002 SHOAL CREEK COMM. CTR.,Commissioner of Agriculture and Industries,,REP,Cory Hill,47
St. Clair,0002 SHOAL CREEK COMM. CTR.,Commissioner of Agriculture and Industries,,REP,Jack Williams,56
St. Clair,0002 SHOAL CREEK COMM. CTR.,County (All),,REP,Allison G. Gray,60
St. Clair,0002 SHOAL CREEK COMM. CTR.,County (All),,REP,Greg Cobb,87
St. Clair,0002 SHOAL CREEK COMM. CTR.,Governor,,REP,"""Alabama"" Will Santivasci",11
St. Clair,0002 SHOAL CREEK COMM. CTR.,Governor,,REP,Ken McFeeters,12
St. Clair,0002 SHOAL CREEK COMM. CTR.,Governor,,REP,Thomas Tuberville,154
St. Clair,0002 SHOAL CREEK COMM. CTR.,Lieutenant Governor,,REP,George Childress,4
St. Clair,0002 SHOAL CREEK COMM. CTR.,Lieutenant Governor,,REP,John Wahl,78
St. Clair,0002 SHOAL CREEK COMM. CTR.,Lieutenant Governor,,REP,Nicole Jones Wadsworth,8
St. Clair,0002 SHOAL CREEK COMM. CTR.,Lieutenant Governor,,REP,Pat Bishop,8
St. Clair,0002 SHOAL CREEK COMM. CTR.,Lieutenant Governor,,REP,Rick Pate,13
St. Clair,0002 SHOAL CREEK COMM. CTR.,Lieutenant Governor,,REP,Stewart Hill Tankersley,10
St. Clair,0002 SHOAL CREEK COMM. CTR.,Lieutenant Governor,,REP,Wes Allen,43
St. Clair,0002 SHOAL CREEK COMM. CTR.,"Member, St. Clair County Commission, District No. 1",,REP,Adam Pardue,50
St. Clair,0002 SHOAL CREEK COMM. CTR.,"Member, St. Clair County Commission, District No. 1",,REP,Katrina Hennings,43
St. Clair,0002 SHOAL CREEK COMM. CTR.,"Member, St. Clair County Commission, District No. 1",,REP,Shane Thomas,69
St. Clair,0002 SHOAL CREEK COMM. CTR.,"Public Service Commission, Place No. 1",,REP,Jeremy H. Oden,31
St. Clair,0002 SHOAL CREEK COMM. CTR.,"Public Service Commission, Place No. 1",,REP,Matt Gentry,121
St. Clair,0002 SHOAL CREEK COMM. CTR.,"Public Service Commission, Place No. 2",,REP,Brent Woodall,22
St. Clair,0002 SHOAL CREEK COMM. CTR.,"Public Service Commission, Place No. 2",,REP,Chris Beeker,39
St. Clair,0002 SHOAL CREEK COMM. CTR.,"Public Service Commission, Place No. 2",,REP,Jim Zig Zeigler,66
St. Clair,0002 SHOAL CREEK COMM. CTR.,"Public Service Commission, Place No. 2",,REP,Priscilla Andrews,31
St. Clair,0002 SHOAL CREEK COMM. CTR.,Secretary of State,,REP,Caroleene Dobson,81
St. Clair,0002 SHOAL CREEK COMM. CTR.,Secretary of State,,REP,Christopher Christian Horn,55
St. Clair,0002 SHOAL CREEK COMM. CTR.,Secretary of State,,REP,Glenda S. Jackson,16
St. Clair,0002 SHOAL CREEK COMM. CTR.,State Auditor,,REP,Andrew Sorrell,120
St. Clair,0002 SHOAL CREEK COMM. CTR.,State Auditor,,REP,Derek Chen,36
St. Clair,0002 SHOAL CREEK COMM. CTR.,State Board of Education,6,REP,Cathi Bradford,76
St. Clair,0002 SHOAL CREEK COMM. CTR.,State Board of Education,6,REP,Marie Manning,97
St. Clair,0002 SHOAL CREEK COMM. CTR.,"State Republican Executive Committee, St. Clair County, Place 4",,REP,Ashley Tortorigi Hilburn,40
St. Clair,0002 SHOAL CREEK COMM. CTR.,"State Republican Executive Committee, St. Clair County, Place 3",,REP,Bill Morris,77
St. Clair,0002 SHOAL CREEK COMM. CTR.,"State Republican Executive Committee, St. Clair County, Place No 1",,REP,Brandon Moseley,52
St. Clair,0002 SHOAL CREEK COMM. CTR.,"State Republican Executive Committee, St. Clair County, Place 4",,REP,Cathy Wise Fine,105
St. Clair,0002 SHOAL CREEK COMM. CTR.,"State Republican Executive Committee, St. Clair County, Place 3",,REP,Katherine Holloway,69
St. Clair,0002 SHOAL CREEK COMM. CTR.,"State Republican Executive Committee, St. Clair County, Place No 1",,REP,"Kathryn ""Kathy"" Burke",72
St. Clair,0002 SHOAL CREEK COMM. CTR.,"State Republican Executive Committee, St. Clair County, Place No 1",,REP,Matt Tortorice,16
St. Clair,0002 SHOAL CREEK COMM. CTR.,State Treasurer,,REP,Steve Lolley,66
St. Clair,0002 SHOAL CREEK COMM. CTR.,State Treasurer,,REP,Young Boozer,94
St. Clair,0002 SHOAL CREEK COMM. CTR.,U.S. House,3,REP,Mike Rogers,124
St. Clair,0002 SHOAL CREEK COMM. CTR.,U.S. House,3,REP,Terri LaPoint,41
St. Clair,0002 SHOAL CREEK COMM. CTR.,U.S. Senate,,REP,Barry Moore,45
St. Clair,0002 SHOAL CREEK COMM. CTR.,U.S. Senate,,REP,Dale Shelton Deas Jr.,4
St. Clair,0002 SHOAL CREEK COMM. CTR.,U.S. Senate,,REP,Jared Hudson,46
St. Clair,0002 SHOAL CREEK COMM. CTR.,U.S. Senate,,REP,Morgan Murphy,3
St. Clair,0002 SHOAL CREEK COMM. CTR.,U.S. Senate,,REP,Rodney Walker,9
St. Clair,0002 SHOAL CREEK COMM. CTR.,U.S. Senate,,REP,Seth Burton,7
St. Clair,0002 SHOAL CREEK COMM. CTR.,U.S. Senate,,REP,Steve Marshall,55
St. Clair,0003 ODENVILLE CIVIC CTR.,Governor,,DEM,Will Boyd,18
St. Clair,0003 ODENVILLE CIVIC CTR.,Governor,,DEM,Jamel J. Brown,3
St. Clair,0003 ODENVILLE CIVIC CTR.,Governor,,DEM,Yolanda Rochelle Flowers,11
St. Clair,0003 ODENVILLE CIVIC CTR.,Governor,,DEM,Doug Jones,90
St. Clair,0003 ODENVILLE CIVIC CTR.,Governor,,DEM,"Chad ""Chig"" Martin",5
St. Clair,0003 ODENVILLE CIVIC CTR.,Governor,,DEM,"Nathan ""Nate"" Mathis",0
St. Clair,0003 ODENVILLE CIVIC CTR.,Lieutenant Governor,,DEM,Phillip Ensler,52
St. Clair,0003 ODENVILLE CIVIC CTR.,Lieutenant Governor,,DEM,Darryl D. Perryman,63
St. Clair,0003 ODENVILLE CIVIC CTR.,U.S. Senate,,DEM,Dakarai Larriett,45
St. Clair,0003 ODENVILLE CIVIC CTR.,U.S. Senate,,DEM,Kyle Sweetser,21
St. Clair,0003 ODENVILLE CIVIC CTR.,U.S. Senate,,DEM,Everett Wess,29
St. Clair,0003 ODENVILLE CIVIC CTR.,U.S. Senate,,DEM,Mark S. Wheeler II,21
St. Clair,0003 ODENVILLE CIVIC CTR.,"Public Service Commissioner, Place 1",,DEM,James O. Gordon,51
St. Clair,0003 ODENVILLE CIVIC CTR.,"Public Service Commissioner, Place 1",,DEM,John Northrop,24
St. Clair,0003 ODENVILLE CIVIC CTR.,"Public Service Commissioner, Place 1",,DEM,Jeff Ramsey,40
St. Clair,0003 ODENVILLE CIVIC CTR.,Attorney General,,REP,Jay Mitchell,155
St. Clair,0003 ODENVILLE CIVIC CTR.,Attorney General,,REP,Katherine Robertson,214
St. Clair,0003 ODENVILLE CIVIC CTR.,Attorney General,,REP,Pamela L. Casey,171
St. Clair,0003 ODENVILLE CIVIC CTR.,"Chairman, St. Clair County Commission",,REP,Stan Batemon,261
St. Clair,0003 ODENVILLE CIVIC CTR.,"Chairman, St. Clair County Commission",,REP,David Evans,275
St. Clair,0003 ODENVILLE CIVIC CTR.,Commissioner of Agriculture and Industries,,REP,Christina Woerner McInnis,160
St. Clair,0003 ODENVILLE CIVIC CTR.,Commissioner of Agriculture and Industries,,REP,Cory Hill,159
St. Clair,0003 ODENVILLE CIVIC CTR.,Commissioner of Agriculture and Industries,,REP,Jack Williams,169
St. Clair,0003 ODENVILLE CIVIC CTR.,County (All),,REP,Allison G. Gray,181
St. Clair,0003 ODENVILLE CIVIC CTR.,County (All),,REP,Greg Cobb,359
St. Clair,0003 ODENVILLE CIVIC CTR.,Governor,,REP,"""Alabama"" Will Santivasci",27
St. Clair,0003 ODENVILLE CIVIC CTR.,Governor,,REP,Ken McFeeters,27
St. Clair,0003 ODENVILLE CIVIC CTR.,Governor,,REP,Thomas Tuberville,515
St. Clair,0003 ODENVILLE CIVIC CTR.,Lieutenant Governor,,REP,George Childress,11
St. Clair,0003 ODENVILLE CIVIC CTR.,Lieutenant Governor,,REP,John Wahl,252
St. Clair,0003 ODENVILLE CIVIC CTR.,Lieutenant Governor,,REP,Nicole Jones Wadsworth,21
St. Clair,0003 ODENVILLE CIVIC CTR.,Lieutenant Governor,,REP,Pat Bishop,21
St. Clair,0003 ODENVILLE CIVIC CTR.,Lieutenant Governor,,REP,Rick Pate,44
St. Clair,0003 ODENVILLE CIVIC CTR.,Lieutenant Governor,,REP,Stewart Hill Tankersley,13
St. Clair,0003 ODENVILLE CIVIC CTR.,Lieutenant Governor,,REP,Wes Allen,173
St. Clair,0003 ODENVILLE CIVIC CTR.,"Member, St. Clair County Commission, District No. 1",,REP,Adam Pardue,268
St. Clair,0003 ODENVILLE CIVIC CTR.,"Member, St. Clair County Commission, District No. 1",,REP,Katrina Hennings,216
St. Clair,0003 ODENVILLE CIVIC CTR.,"Member, St. Clair County Commission, District No. 1",,REP,Shane Thomas,65
St. Clair,0003 ODENVILLE CIVIC CTR.,"Public Service Commission, Place No. 1",,REP,Jeremy H. Oden,129
St. Clair,0003 ODENVILLE CIVIC CTR.,"Public Service Commission, Place No. 1",,REP,Matt Gentry,378
St. Clair,0003 ODENVILLE CIVIC CTR.,"Public Service Commission, Place No. 2",,REP,Brent Woodall,102
St. Clair,0003 ODENVILLE CIVIC CTR.,"Public Service Commission, Place No. 2",,REP,Chris Beeker,172
St. Clair,0003 ODENVILLE CIVIC CTR.,"Public Service Commission, Place No. 2",,REP,Jim Zig Zeigler,169
St. Clair,0003 ODENVILLE CIVIC CTR.,"Public Service Commission, Place No. 2",,REP,Priscilla Andrews,60
St. Clair,0003 ODENVILLE CIVIC CTR.,Secretary of State,,REP,Caroleene Dobson,285
St. Clair,0003 ODENVILLE CIVIC CTR.,Secretary of State,,REP,Christopher Christian Horn,130
St. Clair,0003 ODENVILLE CIVIC CTR.,Secretary of State,,REP,Glenda S. Jackson,76
St. Clair,0003 ODENVILLE CIVIC CTR.,State Auditor,,REP,Andrew Sorrell,339
St. Clair,0003 ODENVILLE CIVIC CTR.,State Auditor,,REP,Derek Chen,164
St. Clair,0003 ODENVILLE CIVIC CTR.,State Board of Education,6,REP,Cathi Bradford,230
St. Clair,0003 ODENVILLE CIVIC CTR.,State Board of Education,6,REP,Marie Manning,306
St. Clair,0003 ODENVILLE CIVIC CTR.,"State House, District 50",50,REP,Bill Morris,407
St. Clair,0003 ODENVILLE CIVIC CTR.,"State House, District 50",50,REP,Bryan K Newell,131
St. Clair,0003 ODENVILLE CIVIC CTR.,"State Republican Executive Committee, St. Clair County, Place 4",,REP,Ashley Tortorigi Hilburn,130
St. Clair,0003 ODENVILLE CIVIC CTR.,"State Republican Executive Committee, St. Clair County, Place 3",,REP,Bill Morris,374
St. Clair,0003 ODENVILLE CIVIC CTR.,"State Republican Executive Committee, St. Clair County, Place No 1",,REP,Brandon Moseley,156
St. Clair,0003 ODENVILLE CIVIC CTR.,"State Republican Executive Committee, St. Clair County, Place 4",,REP,Cathy Wise Fine,364
St. Clair,0003 ODENVILLE CIVIC CTR.,"State Republican Executive Committee, St. Clair County, Place 3",,REP,Katherine Holloway,162
St. Clair,0003 ODENVILLE CIVIC CTR.,"State Republican Executive Committee, St. Clair County, Place No 1",,REP,"Kathryn ""Kathy"" Burke",231
St. Clair,0003 ODENVILLE CIVIC CTR.,"State Republican Executive Committee, St. Clair County, Place No 1",,REP,Matt Tortorice,114
St. Clair,0003 ODENVILLE CIVIC CTR.,State Treasurer,,REP,Steve Lolley,205
St. Clair,0003 ODENVILLE CIVIC CTR.,State Treasurer,,REP,Young Boozer,299
St. Clair,0003 ODENVILLE CIVIC CTR.,U.S. House,3,REP,Mike Rogers,456
St. Clair,0003 ODENVILLE CIVIC CTR.,U.S. House,3,REP,Terri LaPoint,89
St. Clair,0003 ODENVILLE CIVIC CTR.,U.S. Senate,,REP,Barry Moore,159
St. Clair,0003 ODENVILLE CIVIC CTR.,U.S. Senate,,REP,Dale Shelton Deas Jr.,7
St. Clair,0003 ODENVILLE CIVIC CTR.,U.S. Senate,,REP,Jared Hudson,187
St. Clair,0003 ODENVILLE CIVIC CTR.,U.S. Senate,,REP,Morgan Murphy,8
St. Clair,0003 ODENVILLE CIVIC CTR.,U.S. Senate,,REP,Rodney Walker,15
St. Clair,0003 ODENVILLE CIVIC CTR.,U.S. Senate,,REP,Seth Burton,9
St. Clair,0003 ODENVILLE CIVIC CTR.,U.S. Senate,,REP,Steve Marshall,166
St. Clair,0004 SPRINGVILLE 1ST UNITED,Governor,,DEM,Will Boyd,17
St. Clair,0004 SPRINGVILLE 1ST UNITED,Governor,,DEM,Jamel J. Brown,4
St. Clair,0004 SPRINGVILLE 1ST UNITED,Governor,,DEM,Yolanda Rochelle Flowers,12
St. Clair,0004 SPRINGVILLE 1ST UNITED,Governor,,DEM,Doug Jones,205
St. Clair,0004 SPRINGVILLE 1ST UNITED,Governor,,DEM,"Chad ""Chig"" Martin",12
St. Clair,0004 SPRINGVILLE 1ST UNITED,Governor,,DEM,"Nathan ""Nate"" Mathis",0
St. Clair,0004 SPRINGVILLE 1ST UNITED,Lieutenant Governor,,DEM,Phillip Ensler,125
St. Clair,0004 SPRINGVILLE 1ST UNITED,Lieutenant Governor,,DEM,Darryl D. Perryman,117
St. Clair,0004 SPRINGVILLE 1ST UNITED,U.S. Senate,,DEM,Dakarai Larriett,74
St. Clair,0004 SPRINGVILLE 1ST UNITED,U.S. Senate,,DEM,Kyle Sweetser,36
St. Clair,0004 SPRINGVILLE 1ST UNITED,U.S. Senate,,DEM,Everett Wess,77
St. Clair,0004 SPRINGVILLE 1ST UNITED,U.S. Senate,,DEM,Mark S. Wheeler II,53
St. Clair,0004 SPRINGVILLE 1ST UNITED,"Public Service Commissioner, Place 1",,DEM,James O. Gordon,117
St. Clair,0004 SPRINGVILLE 1ST UNITED,"Public Service Commissioner, Place 1",,DEM,John Northrop,44
St. Clair,0004 SPRINGVILLE 1ST UNITED,"Public Service Commissioner, Place 1",,DEM,Jeff Ramsey,77
St. Clair,0004 SPRINGVILLE 1ST UNITED,Attorney General,,REP,Jay Mitchell,398
St. Clair,0004 SPRINGVILLE 1ST UNITED,Attorney General,,REP,Katherine Robertson,435
St. Clair,0004 SPRINGVILLE 1ST UNITED,Attorney General,,REP,Pamela L. Casey,393
St. Clair,0004 SPRINGVILLE 1ST UNITED,"Chairman, St. Clair County Commission",,REP,Stan Batemon,565
St. Clair,0004 SPRINGVILLE 1ST UNITED,"Chairman, St. Clair County Commission",,REP,David Evans,645
St. Clair,0004 SPRINGVILLE 1ST UNITED,Commissioner of Agriculture and Industries,,REP,Christina Woerner McInnis,388
St. Clair,0004 SPRINGVILLE 1ST UNITED,Commissioner of Agriculture and Industries,,REP,Cory Hill,374
St. Clair,0004 SPRINGVILLE 1ST UNITED,Commissioner of Agriculture and Industries,,REP,Jack Williams,361
St. Clair,0004 SPRINGVILLE 1ST UNITED,County (All),,REP,Allison G. Gray,454
St. Clair,0004 SPRINGVILLE 1ST UNITED,County (All),,REP,Greg Cobb,605
St. Clair,0004 SPRINGVILLE 1ST UNITED,Governor,,REP,"""Alabama"" Will Santivasci",40
St. Clair,0004 SPRINGVILLE 1ST UNITED,Governor,,REP,Ken McFeeters,83
St. Clair,0004 SPRINGVILLE 1ST UNITED,Governor,,REP,Thomas Tuberville,1154
St. Clair,0004 SPRINGVILLE 1ST UNITED,Lieutenant Governor,,REP,George Childress,9
St. Clair,0004 SPRINGVILLE 1ST UNITED,Lieutenant Governor,,REP,John Wahl,523
St. Clair,0004 SPRINGVILLE 1ST UNITED,Lieutenant Governor,,REP,Nicole Jones Wadsworth,46
St. Clair,0004 SPRINGVILLE 1ST UNITED,Lieutenant Governor,,REP,Pat Bishop,59
St. Clair,0004 SPRINGVILLE 1ST UNITED,Lieutenant Governor,,REP,Rick Pate,78
St. Clair,0004 SPRINGVILLE 1ST UNITED,Lieutenant Governor,,REP,Stewart Hill Tankersley,46
St. Clair,0004 SPRINGVILLE 1ST UNITED,Lieutenant Governor,,REP,Wes Allen,473
St. Clair,0004 SPRINGVILLE 1ST UNITED,"Member, St. Clair County Commission, District No. 1",,REP,Adam Pardue,364
St. Clair,0004 SPRINGVILLE 1ST UNITED,"Member, St. Clair County Commission, District No. 1",,REP,Katrina Hennings,702
St. Clair,0004 SPRINGVILLE 1ST UNITED,"Member, St. Clair County Commission, District No. 1",,REP,Shane Thomas,168
St. Clair,0004 SPRINGVILLE 1ST UNITED,"Public Service Commission, Place No. 1",,REP,Jeremy H. Oden,251
St. Clair,0004 SPRINGVILLE 1ST UNITED,"Public Service Commission, Place No. 1",,REP,Matt Gentry,870
St. Clair,0004 SPRINGVILLE 1ST UNITED,"Public Service Commission, Place No. 2",,REP,Brent Woodall,187
St. Clair,0004 SPRINGVILLE 1ST UNITED,"Public Service Commission, Place No. 2",,REP,Chris Beeker,322
St. Clair,0004 SPRINGVILLE 1ST UNITED,"Public Service Commission, Place No. 2",,REP,Jim Zig Zeigler,492
St. Clair,0004 SPRINGVILLE 1ST UNITED,"Public Service Commission, Place No. 2",,REP,Priscilla Andrews,132
St. Clair,0004 SPRINGVILLE 1ST UNITED,Secretary of State,,REP,Caroleene Dobson,710
St. Clair,0004 SPRINGVILLE 1ST UNITED,Secretary of State,,REP,Christopher Christian Horn,280
St. Clair,0004 SPRINGVILLE 1ST UNITED,Secretary of State,,REP,Glenda S. Jackson,116
St. Clair,0004 SPRINGVILLE 1ST UNITED,State Auditor,,REP,Andrew Sorrell,768
St. Clair,0004 SPRINGVILLE 1ST UNITED,State Auditor,,REP,Derek Chen,387
St. Clair,0004 SPRINGVILLE 1ST UNITED,State Board of Education,6,REP,Cathi Bradford,566
St. Clair,0004 SPRINGVILLE 1ST UNITED,State Board of Education,6,REP,Marie Manning,606
St. Clair,0004 SPRINGVILLE 1ST UNITED,"State House, District 50",50,REP,Bill Morris,771
St. Clair,0004 SPRINGVILLE 1ST UNITED,"State House, District 50",50,REP,Bryan K Newell,330
St. Clair,0004 SPRINGVILLE 1ST UNITED,"State Republican Executive Committee, St. Clair County, Place 4",,REP,Ashley Tortorigi Hilburn,324
St. Clair,0004 SPRINGVILLE 1ST UNITED,"State Republican Executive Committee, St. Clair County, Place 3",,REP,Bill Morris,684
St. Clair,0004 SPRINGVILLE 1ST UNITED,"State Republican Executive Committee, St. Clair County, Place No 1",,REP,Brandon Moseley,299
St. Clair,0004 SPRINGVILLE 1ST UNITED,"State Republican Executive Committee, St. Clair County, Place 4",,REP,Cathy Wise Fine,762
St. Clair,0004 SPRINGVILLE 1ST UNITED,"State Republican Executive Committee, St. Clair County, Place 3",,REP,Katherine Holloway,412
St. Clair,0004 SPRINGVILLE 1ST UNITED,"State Republican Executive Committee, St. Clair County, Place No 1",,REP,"Kathryn ""Kathy"" Burke",523
St. Clair,0004 SPRINGVILLE 1ST UNITED,"State Republican Executive Committee, St. Clair County, Place No 1",,REP,Matt Tortorice,216
St. Clair,0004 SPRINGVILLE 1ST UNITED,State Treasurer,,REP,Steve Lolley,390
St. Clair,0004 SPRINGVILLE 1ST UNITED,State Treasurer,,REP,Young Boozer,775
St. Clair,0004 SPRINGVILLE 1ST UNITED,U.S. House,3,REP,Mike Rogers,953
St. Clair,0004 SPRINGVILLE 1ST UNITED,U.S. House,3,REP,Terri LaPoint,263
St. Clair,0004 SPRINGVILLE 1ST UNITED,U.S. Senate,,REP,Barry Moore,358
St. Clair,0004 SPRINGVILLE 1ST UNITED,U.S. Senate,,REP,Dale Shelton Deas Jr.,16
St. Clair,0004 SPRINGVILLE 1ST UNITED,U.S. Senate,,REP,Jared Hudson,516
St. Clair,0004 SPRINGVILLE 1ST UNITED,U.S. Senate,,REP,Morgan Murphy,10
St. Clair,0004 SPRINGVILLE 1ST UNITED,U.S. Senate,,REP,Rodney Walker,19
St. Clair,0004 SPRINGVILLE 1ST UNITED,U.S. Senate,,REP,Seth Burton,30
St. Clair,0004 SPRINGVILLE 1ST UNITED,U.S. Senate,,REP,Steve Marshall,316
St. Clair,0005 FRIENDSHIP BAPTIST CH,Governor,,DEM,Will Boyd,5
St. Clair,0005 FRIENDSHIP BAPTIST CH,Governor,,DEM,Jamel J. Brown,0
St. Clair,0005 FRIENDSHIP BAPTIST CH,Governor,,DEM,Yolanda Rochelle Flowers,1
St. Clair,0005 FRIENDSHIP BAPTIST CH,Governor,,DEM,Doug Jones,29
St. Clair,0005 FRIENDSHIP BAPTIST CH,Governor,,DEM,"Chad ""Chig"" Martin",4
St. Clair,0005 FRIENDSHIP BAPTIST CH,Governor,,DEM,"Nathan ""Nate"" Mathis",0
St. Clair,0005 FRIENDSHIP BAPTIST CH,Lieutenant Governor,,DEM,Phillip Ensler,18
St. Clair,0005 FRIENDSHIP BAPTIST CH,Lieutenant Governor,,DEM,Darryl D. Perryman,19
St. Clair,0005 FRIENDSHIP BAPTIST CH,U.S. Senate,,DEM,Dakarai Larriett,9
St. Clair,0005 FRIENDSHIP BAPTIST CH,U.S. Senate,,DEM,Kyle Sweetser,4
St. Clair,0005 FRIENDSHIP BAPTIST CH,U.S. Senate,,DEM,Everett Wess,11
St. Clair,0005 FRIENDSHIP BAPTIST CH,U.S. Senate,,DEM,Mark S. Wheeler II,12
St. Clair,0005 FRIENDSHIP BAPTIST CH,"Public Service Commissioner, Place 1",,DEM,James O. Gordon,9
St. Clair,0005 FRIENDSHIP BAPTIST CH,"Public Service Commissioner, Place 1",,DEM,John Northrop,6
St. Clair,0005 FRIENDSHIP BAPTIST CH,"Public Service Commissioner, Place 1",,DEM,Jeff Ramsey,22
St. Clair,0005 FRIENDSHIP BAPTIST CH,Attorney General,,REP,Jay Mitchell,126
St. Clair,0005 FRIENDSHIP BAPTIST CH,Attorney General,,REP,Katherine Robertson,161
St. Clair,0005 FRIENDSHIP BAPTIST CH,Attorney General,,REP,Pamela L. Casey,156
St. Clair,0005 FRIENDSHIP BAPTIST CH,"Chairman, St. Clair County Commission",,REP,Stan Batemon,199
St. Clair,0005 FRIENDSHIP BAPTIST CH,"Chairman, St. Clair County Commission",,REP,David Evans,256
St. Clair,0005 FRIENDSHIP BAPTIST CH,Commissioner of Agriculture and Industries,,REP,Christina Woerner McInnis,113
St. Clair,0005 FRIENDSHIP BAPTIST CH,Commissioner of Agriculture and Industries,,REP,Cory Hill,179
St. Clair,0005 FRIENDSHIP BAPTIST CH,Commissioner of Agriculture and Industries,,REP,Jack Williams,112
St. Clair,0005 FRIENDSHIP BAPTIST CH,County (All),,REP,Allison G. Gray,148
St. Clair,0005 FRIENDSHIP BAPTIST CH,County (All),,REP,Greg Cobb,270
St. Clair,0005 FRIENDSHIP BAPTIST CH,Governor,,REP,"""Alabama"" Will Santivasci",20
St. Clair,0005 FRIENDSHIP BAPTIST CH,Governor,,REP,Ken McFeeters,26
St. Clair,0005 FRIENDSHIP BAPTIST CH,Governor,,REP,Thomas Tuberville,428
St. Clair,0005 FRIENDSHIP BAPTIST CH,Lieutenant Governor,,REP,George Childress,11
St. Clair,0005 FRIENDSHIP BAPTIST CH,Lieutenant Governor,,REP,John Wahl,177
St. Clair,0005 FRIENDSHIP BAPTIST CH,Lieutenant Governor,,REP,Nicole Jones Wadsworth,21
St. Clair,0005 FRIENDSHIP BAPTIST CH,Lieutenant Governor,,REP,Pat Bishop,41
St. Clair,0005 FRIENDSHIP BAPTIST CH,Lieutenant Governor,,REP,Rick Pate,29
St. Clair,0005 FRIENDSHIP BAPTIST CH,Lieutenant Governor,,REP,Stewart Hill Tankersley,12
St. Clair,0005 FRIENDSHIP BAPTIST CH,Lieutenant Governor,,REP,Wes Allen,154
St. Clair,0005 FRIENDSHIP BAPTIST CH,"Member, St. Clair County Commission, District No. 1",,REP,Adam Pardue,181
St. Clair,0005 FRIENDSHIP BAPTIST CH,"Member, St. Clair County Commission, District No. 1",,REP,Katrina Hennings,159
St. Clair,0005 FRIENDSHIP BAPTIST CH,"Member, St. Clair County Commission, District No. 1",,REP,Shane Thomas,132
St. Clair,0005 FRIENDSHIP BAPTIST CH,"Public Service Commission, Place No. 1",,REP,Jeremy H. Oden,102
St. Clair,0005 FRIENDSHIP BAPTIST CH,"Public Service Commission, Place No. 1",,REP,Matt Gentry,309
St. Clair,0005 FRIENDSHIP BAPTIST CH,"Public Service Commission, Place No. 2",,REP,Brent Woodall,76
St. Clair,0005 FRIENDSHIP BAPTIST CH,"Public Service Commission, Place No. 2",,REP,Chris Beeker,132
St. Clair,0005 FRIENDSHIP BAPTIST CH,"Public Service Commission, Place No. 2",,REP,Jim Zig Zeigler,168
St. Clair,0005 FRIENDSHIP BAPTIST CH,"Public Service Commission, Place No. 2",,REP,Priscilla Andrews,44
St. Clair,0005 FRIENDSHIP BAPTIST CH,Secretary of State,,REP,Caroleene Dobson,251
St. Clair,0005 FRIENDSHIP BAPTIST CH,Secretary of State,,REP,Christopher Christian Horn,105
St. Clair,0005 FRIENDSHIP BAPTIST CH,Secretary of State,,REP,Glenda S. Jackson,47
St. Clair,0005 FRIENDSHIP BAPTIST CH,State Auditor,,REP,Andrew Sorrell,258
St. Clair,0005 FRIENDSHIP BAPTIST CH,State Auditor,,REP,Derek Chen,151
St. Clair,0005 FRIENDSHIP BAPTIST CH,State Board of Education,6,REP,Cathi Bradford,188
St. Clair,0005 FRIENDSHIP BAPTIST CH,State Board of Education,6,REP,Marie Manning,266
St. Clair,0005 FRIENDSHIP BAPTIST CH,"State House, District 50",50,REP,Bill Morris,2
St. Clair,0005 FRIENDSHIP BAPTIST CH,"State House, District 50",50,REP,Bryan K Newell,0
St. Clair,0005 FRIENDSHIP BAPTIST CH,"State Republican Executive Committee, St. Clair County, Place 4",,REP,Ashley Tortorigi Hilburn,113
St. Clair,0005 FRIENDSHIP BAPTIST CH,"State Republican Executive Committee, St. Clair County, Place 3",,REP,Bill Morris,229
St. Clair,0005 FRIENDSHIP BAPTIST CH,"State Republican Executive Committee, St. Clair County, Place No 1",,REP,Brandon Moseley,112
St. Clair,0005 FRIENDSHIP BAPTIST CH,"State Republican Executive Committee, St. Clair County, Place 4",,REP,Cathy Wise Fine,285
St. Clair,0005 FRIENDSHIP BAPTIST CH,"State Republican Executive Committee, St. Clair County, Place 3",,REP,Katherine Holloway,180
St. Clair,0005 FRIENDSHIP BAPTIST CH,"State Republican Executive Committee, St. Clair County, Place No 1",,REP,"Kathryn ""Kathy"" Burke",198
St. Clair,0005 FRIENDSHIP BAPTIST CH,"State Republican Executive Committee, St. Clair County, Place No 1",,REP,Matt Tortorice,85
St. Clair,0005 FRIENDSHIP BAPTIST CH,State Treasurer,,REP,Steve Lolley,166
St. Clair,0005 FRIENDSHIP BAPTIST CH,State Treasurer,,REP,Young Boozer,250
St. Clair,0005 FRIENDSHIP BAPTIST CH,U.S. House,3,REP,Mike Rogers,337
St. Clair,0005 FRIENDSHIP BAPTIST CH,U.S. House,3,REP,Terri LaPoint,115
St. Clair,0005 FRIENDSHIP BAPTIST CH,U.S. Senate,,REP,Barry Moore,131
St. Clair,0005 FRIENDSHIP BAPTIST CH,U.S. Senate,,REP,Dale Shelton Deas Jr.,5
St. Clair,0005 FRIENDSHIP BAPTIST CH,U.S. Senate,,REP,Jared Hudson,173
St. Clair,0005 FRIENDSHIP BAPTIST CH,U.S. Senate,,REP,Morgan Murphy,4
St. Clair,0005 FRIENDSHIP BAPTIST CH,U.S. Senate,,REP,Rodney Walker,9
St. Clair,0005 FRIENDSHIP BAPTIST CH,U.S. Senate,,REP,Seth Burton,8
St. Clair,0005 FRIENDSHIP BAPTIST CH,U.S. Senate,,REP,Steve Marshall,131
St. Clair,0006 STEELE COMM. CTR.,Governor,,DEM,Will Boyd,0
St. Clair,0006 STEELE COMM. CTR.,Governor,,DEM,Jamel J. Brown,0
St. Clair,0006 STEELE COMM. CTR.,Governor,,DEM,Yolanda Rochelle Flowers,0
St. Clair,0006 STEELE COMM. CTR.,Governor,,DEM,Doug Jones,6
St. Clair,0006 STEELE COMM. CTR.,Governor,,DEM,"Chad ""Chig"" Martin",1
St. Clair,0006 STEELE COMM. CTR.,Governor,,DEM,"Nathan ""Nate"" Mathis",0
St. Clair,0006 STEELE COMM. CTR.,Lieutenant Governor,,DEM,Phillip Ensler,5
St. Clair,0006 STEELE COMM. CTR.,Lieutenant Governor,,DEM,Darryl D. Perryman,1
St. Clair,0006 STEELE COMM. CTR.,U.S. Senate,,DEM,Dakarai Larriett,0
St. Clair,0006 STEELE COMM. CTR.,U.S. Senate,,DEM,Kyle Sweetser,6
St. Clair,0006 STEELE COMM. CTR.,U.S. Senate,,DEM,Everett Wess,0
St. Clair,0006 STEELE COMM. CTR.,U.S. Senate,,DEM,Mark S. Wheeler II,0
St. Clair,0006 STEELE COMM. CTR.,"Public Service Commissioner, Place 1",,DEM,James O. Gordon,1
St. Clair,0006 STEELE COMM. CTR.,"Public Service Commissioner, Place 1",,DEM,John Northrop,0
St. Clair,0006 STEELE COMM. CTR.,"Public Service Commissioner, Place 1",,DEM,Jeff Ramsey,5
St. Clair,0006 STEELE COMM. CTR.,Attorney General,,REP,Jay Mitchell,61
St. Clair,0006 STEELE COMM. CTR.,Attorney General,,REP,Katherine Robertson,63
St. Clair,0006 STEELE COMM. CTR.,Attorney General,,REP,Pamela L. Casey,52
St. Clair,0006 STEELE COMM. CTR.,"Chairman, St. Clair County Commission",,REP,Stan Batemon,79
St. Clair,0006 STEELE COMM. CTR.,"Chairman, St. Clair County Commission",,REP,David Evans,104
St. Clair,0006 STEELE COMM. CTR.,Commissioner of Agriculture and Industries,,REP,Christina Woerner McInnis,35
St. Clair,0006 STEELE COMM. CTR.,Commissioner of Agriculture and Industries,,REP,Cory Hill,77
St. Clair,0006 STEELE COMM. CTR.,Commissioner of Agriculture and Industries,,REP,Jack Williams,53
St. Clair,0006 STEELE COMM. CTR.,County (All),,REP,Allison G. Gray,62
St. Clair,0006 STEELE COMM. CTR.,County (All),,REP,Greg Cobb,104
St. Clair,0006 STEELE COMM. CTR.,Governor,,REP,"""Alabama"" Will Santivasci",8
St. Clair,0006 STEELE COMM. CTR.,Governor,,REP,Ken McFeeters,6
St. Clair,0006 STEELE COMM. CTR.,Governor,,REP,Thomas Tuberville,172
St. Clair,0006 STEELE COMM. CTR.,Lieutenant Governor,,REP,George Childress,2
St. Clair,0006 STEELE COMM. CTR.,Lieutenant Governor,,REP,John Wahl,78
St. Clair,0006 STEELE COMM. CTR.,Lieutenant Governor,,REP,Nicole Jones Wadsworth,8
St. Clair,0006 STEELE COMM. CTR.,Lieutenant Governor,,REP,Pat Bishop,2
St. Clair,0006 STEELE COMM. CTR.,Lieutenant Governor,,REP,Rick Pate,14
St. Clair,0006 STEELE COMM. CTR.,Lieutenant Governor,,REP,Stewart Hill Tankersley,2
St. Clair,0006 STEELE COMM. CTR.,Lieutenant Governor,,REP,Wes Allen,67
St. Clair,0006 STEELE COMM. CTR.,"Member, St. Clair County Commission, District No. 1",,REP,Adam Pardue,54
St. Clair,0006 STEELE COMM. CTR.,"Member, St. Clair County Commission, District No. 1",,REP,Katrina Hennings,32
St. Clair,0006 STEELE COMM. CTR.,"Member, St. Clair County Commission, District No. 1",,REP,Shane Thomas,95
St. Clair,0006 STEELE COMM. CTR.,"Public Service Commission, Place No. 1",,REP,Jeremy H. Oden,42
St. Clair,0006 STEELE COMM. CTR.,"Public Service Commission, Place No. 1",,REP,Matt Gentry,125
St. Clair,0006 STEELE COMM. CTR.,"Public Service Commission, Place No. 2",,REP,Brent Woodall,28
St. Clair,0006 STEELE COMM. CTR.,"Public Service Commission, Place No. 2",,REP,Chris Beeker,50
St. Clair,0006 STEELE COMM. CTR.,"Public Service Commission, Place No. 2",,REP,Jim Zig Zeigler,67
St. Clair,0006 STEELE COMM. CTR.,"Public Service Commission, Place No. 2",,REP,Priscilla Andrews,19
St. Clair,0006 STEELE COMM. CTR.,Secretary of State,,REP,Caroleene Dobson,84
St. Clair,0006 STEELE COMM. CTR.,Secretary of State,,REP,Christopher Christian Horn,48
St. Clair,0006 STEELE COMM. CTR.,Secretary of State,,REP,Glenda S. Jackson,24
St. Clair,0006 STEELE COMM. CTR.,State Auditor,,REP,Andrew Sorrell,112
St. Clair,0006 STEELE COMM. CTR.,State Auditor,,REP,Derek Chen,58
St. Clair,0006 STEELE COMM. CTR.,State Board of Education,6,REP,Cathi Bradford,55
St. Clair,0006 STEELE COMM. CTR.,State Board of Education,6,REP,Marie Manning,123
St. Clair,0006 STEELE COMM. CTR.,"State Republican Executive Committee, St. Clair County, Place 4",,REP,Ashley Tortorigi Hilburn,31
St. Clair,0006 STEELE COMM. CTR.,"State Republican Executive Committee, St. Clair County, Place 3",,REP,Bill Morris,95
St. Clair,0006 STEELE COMM. CTR.,"State Republican Executive Committee, St. Clair County, Place No 1",,REP,Brandon Moseley,56
St. Clair,0006 STEELE COMM. CTR.,"State Republican Executive Committee, St. Clair County, Place 4",,REP,Cathy Wise Fine,141
St. Clair,0006 STEELE COMM. CTR.,"State Republican Executive Committee, St. Clair County, Place 3",,REP,Katherine Holloway,59
St. Clair,0006 STEELE COMM. CTR.,"State Republican Executive Committee, St. Clair County, Place No 1",,REP,"Kathryn ""Kathy"" Burke",73
St. Clair,0006 STEELE COMM. CTR.,"State Republican Executive Committee, St. Clair County, Place No 1",,REP,Matt Tortorice,24
St. Clair,0006 STEELE COMM. CTR.,State Treasurer,,REP,Steve Lolley,63
St. Clair,0006 STEELE COMM. CTR.,State Treasurer,,REP,Young Boozer,101
St. Clair,0006 STEELE COMM. CTR.,U.S. House,3,REP,Mike Rogers,149
St. Clair,0006 STEELE COMM. CTR.,U.S. House,3,REP,Terri LaPoint,26
St. Clair,0006 STEELE COMM. CTR.,U.S. Senate,,REP,Barry Moore,48
St. Clair,0006 STEELE COMM. CTR.,U.S. Senate,,REP,Dale Shelton Deas Jr.,1
St. Clair,0006 STEELE COMM. CTR.,U.S. Senate,,REP,Jared Hudson,74
St. Clair,0006 STEELE COMM. CTR.,U.S. Senate,,REP,Morgan Murphy,1
St. Clair,0006 STEELE COMM. CTR.,U.S. Senate,,REP,Rodney Walker,8
St. Clair,0006 STEELE COMM. CTR.,U.S. Senate,,REP,Seth Burton,2
St. Clair,0006 STEELE COMM. CTR.,U.S. Senate,,REP,Steve Marshall,47
St. Clair,0007 BRANCHVILLE CUMBERLAND,Governor,,DEM,Will Boyd,16
St. Clair,0007 BRANCHVILLE CUMBERLAND,Governor,,DEM,Jamel J. Brown,1
St. Clair,0007 BRANCHVILLE CUMBERLAND,Governor,,DEM,Yolanda Rochelle Flowers,8
St. Clair,0007 BRANCHVILLE CUMBERLAND,Governor,,DEM,Doug Jones,97
St. Clair,0007 BRANCHVILLE CUMBERLAND,Governor,,DEM,"Chad ""Chig"" Martin",5
St. Clair,0007 BRANCHVILLE CUMBERLAND,Governor,,DEM,"Nathan ""Nate"" Mathis",0
St. Clair,0007 BRANCHVILLE CUMBERLAND,Lieutenant Governor,,DEM,Phillip Ensler,51
St. Clair,0007 BRANCHVILLE CUMBERLAND,Lieutenant Governor,,DEM,Darryl D. Perryman,63
St. Clair,0007 BRANCHVILLE CUMBERLAND,U.S. Senate,,DEM,Dakarai Larriett,46
St. Clair,0007 BRANCHVILLE CUMBERLAND,U.S. Senate,,DEM,Kyle Sweetser,13
St. Clair,0007 BRANCHVILLE CUMBERLAND,U.S. Senate,,DEM,Everett Wess,25
St. Clair,0007 BRANCHVILLE CUMBERLAND,U.S. Senate,,DEM,Mark S. Wheeler II,30
St. Clair,0007 BRANCHVILLE CUMBERLAND,"Public Service Commissioner, Place 1",,DEM,James O. Gordon,40
St. Clair,0007 BRANCHVILLE CUMBERLAND,"Public Service Commissioner, Place 1",,DEM,John Northrop,25
St. Clair,0007 BRANCHVILLE CUMBERLAND,"Public Service Commissioner, Place 1",,DEM,Jeff Ramsey,46
St. Clair,0007 BRANCHVILLE CUMBERLAND,Attorney General,,REP,Jay Mitchell,126
St. Clair,0007 BRANCHVILLE CUMBERLAND,Attorney General,,REP,Katherine Robertson,169
St. Clair,0007 BRANCHVILLE CUMBERLAND,Attorney General,,REP,Pamela L. Casey,159
St. Clair,0007 BRANCHVILLE CUMBERLAND,"Chairman, St. Clair County Commission",,REP,Stan Batemon,251
St. Clair,0007 BRANCHVILLE CUMBERLAND,"Chairman, St. Clair County Commission",,REP,David Evans,199
St. Clair,0007 BRANCHVILLE CUMBERLAND,Commissioner of Agriculture and Industries,,REP,Christina Woerner McInnis,127
St. Clair,0007 BRANCHVILLE CUMBERLAND,Commissioner of Agriculture and Industries,,REP,Cory Hill,160
St. Clair,0007 BRANCHVILLE CUMBERLAND,Commissioner of Agriculture and Industries,,REP,Jack Williams,138
St. Clair,0007 BRANCHVILLE CUMBERLAND,County (All),,REP,Allison G. Gray,134
St. Clair,0007 BRANCHVILLE CUMBERLAND,County (All),,REP,Greg Cobb,322
St. Clair,0007 BRANCHVILLE CUMBERLAND,Governor,,REP,"""Alabama"" Will Santivasci",16
St. Clair,0007 BRANCHVILLE CUMBERLAND,Governor,,REP,Ken McFeeters,28
St. Clair,0007 BRANCHVILLE CUMBERLAND,Governor,,REP,Thomas Tuberville,437
St. Clair,0007 BRANCHVILLE CUMBERLAND,Lieutenant Governor,,REP,George Childress,4
St. Clair,0007 BRANCHVILLE CUMBERLAND,Lieutenant Governor,,REP,John Wahl,210
St. Clair,0007 BRANCHVILLE CUMBERLAND,Lieutenant Governor,,REP,Nicole Jones Wadsworth,22
St. Clair,0007 BRANCHVILLE CUMBERLAND,Lieutenant Governor,,REP,Pat Bishop,23
St. Clair,0007 BRANCHVILLE CUMBERLAND,Lieutenant Governor,,REP,Rick Pate,35
St. Clair,0007 BRANCHVILLE CUMBERLAND,Lieutenant Governor,,REP,Stewart Hill Tankersley,8
St. Clair,0007 BRANCHVILLE CUMBERLAND,Lieutenant Governor,,REP,Wes Allen,155
St. Clair,0007 BRANCHVILLE CUMBERLAND,"Member, St. Clair County Commission, District No. 1",,REP,Adam Pardue,198
St. Clair,0007 BRANCHVILLE CUMBERLAND,"Member, St. Clair County Commission, District No. 1",,REP,Katrina Hennings,179
St. Clair,0007 BRANCHVILLE CUMBERLAND,"Member, St. Clair County Commission, District No. 1",,REP,Shane Thomas,77
St. Clair,0007 BRANCHVILLE CUMBERLAND,"Public Service Commission, Place No. 1",,REP,Jeremy H. Oden,141
St. Clair,0007 BRANCHVILLE CUMBERLAND,"Public Service Commission, Place No. 1",,REP,Matt Gentry,288
St. Clair,0007 BRANCHVILLE CUMBERLAND,"Public Service Commission, Place No. 2",,REP,Brent Woodall,81
St. Clair,0007 BRANCHVILLE CUMBERLAND,"Public Service Commission, Place No. 2",,REP,Chris Beeker,126
St. Clair,0007 BRANCHVILLE CUMBERLAND,"Public Service Commission, Place No. 2",,REP,Jim Zig Zeigler,165
St. Clair,0007 BRANCHVILLE CUMBERLAND,"Public Service Commission, Place No. 2",,REP,Priscilla Andrews,55
St. Clair,0007 BRANCHVILLE CUMBERLAND,Secretary of State,,REP,Caroleene Dobson,253
St. Clair,0007 BRANCHVILLE CUMBERLAND,Secretary of State,,REP,Christopher Christian Horn,104
St. Clair,0007 BRANCHVILLE CUMBERLAND,Secretary of State,,REP,Glenda S. Jackson,64
St. Clair,0007 BRANCHVILLE CUMBERLAND,State Auditor,,REP,Andrew Sorrell,291
St. Clair,0007 BRANCHVILLE CUMBERLAND,State Auditor,,REP,Derek Chen,141
St. Clair,0007 BRANCHVILLE CUMBERLAND,State Board of Education,6,REP,Cathi Bradford,205
St. Clair,0007 BRANCHVILLE CUMBERLAND,State Board of Education,6,REP,Marie Manning,253
St. Clair,0007 BRANCHVILLE CUMBERLAND,"State House, District 50",50,REP,Bill Morris,305
St. Clair,0007 BRANCHVILLE CUMBERLAND,"State House, District 50",50,REP,Bryan K Newell,145
St. Clair,0007 BRANCHVILLE CUMBERLAND,"State Republican Executive Committee, St. Clair County, Place 4",,REP,Ashley Tortorigi Hilburn,119
St. Clair,0007 BRANCHVILLE CUMBERLAND,"State Republican Executive Committee, St. Clair County, Place 3",,REP,Bill Morris,282
St. Clair,0007 BRANCHVILLE CUMBERLAND,"State Republican Executive Committee, St. Clair County, Place No 1",,REP,Brandon Moseley,105
St. Clair,0007 BRANCHVILLE CUMBERLAND,"State Republican Executive Committee, St. Clair County, Place 4",,REP,Cathy Wise Fine,285
St. Clair,0007 BRANCHVILLE CUMBERLAND,"State Republican Executive Committee, St. Clair County, Place 3",,REP,Katherine Holloway,172
St. Clair,0007 BRANCHVILLE CUMBERLAND,"State Republican Executive Committee, St. Clair County, Place No 1",,REP,"Kathryn ""Kathy"" Burke",205
St. Clair,0007 BRANCHVILLE CUMBERLAND,"State Republican Executive Committee, St. Clair County, Place No 1",,REP,Matt Tortorice,104
St. Clair,0007 BRANCHVILLE CUMBERLAND,State Treasurer,,REP,Steve Lolley,176
St. Clair,0007 BRANCHVILLE CUMBERLAND,State Treasurer,,REP,Young Boozer,266
St. Clair,0007 BRANCHVILLE CUMBERLAND,U.S. House,3,REP,Mike Rogers,349
St. Clair,0007 BRANCHVILLE CUMBERLAND,U.S. House,3,REP,Terri LaPoint,105
St. Clair,0007 BRANCHVILLE CUMBERLAND,U.S. Senate,,REP,Barry Moore,111
St. Clair,0007 BRANCHVILLE CUMBERLAND,U.S. Senate,,REP,Dale Shelton Deas Jr.,10
St. Clair,0007 BRANCHVILLE CUMBERLAND,U.S. Senate,,REP,Jared Hudson,164
St. Clair,0007 BRANCHVILLE CUMBERLAND,U.S. Senate,,REP,Morgan Murphy,7
St. Clair,0007 BRANCHVILLE CUMBERLAND,U.S. Senate,,REP,Rodney Walker,9
St. Clair,0007 BRANCHVILLE CUMBERLAND,U.S. Senate,,REP,Seth Burton,6
St. Clair,0007 BRANCHVILLE CUMBERLAND,U.S. Senate,,REP,Steve Marshall,162
St. Clair,0008 ARGO CITY HALL,Governor,,DEM,Will Boyd,28
St. Clair,0008 ARGO CITY HALL,Governor,,DEM,Jamel J. Brown,2
St. Clair,0008 ARGO CITY HALL,Governor,,DEM,Yolanda Rochelle Flowers,11
St. Clair,0008 ARGO CITY HALL,Governor,,DEM,Doug Jones,312
St. Clair,0008 ARGO CITY HALL,Governor,,DEM,"Chad ""Chig"" Martin",7
St. Clair,0008 ARGO CITY HALL,Governor,,DEM,"Nathan ""Nate"" Mathis",1
St. Clair,0008 ARGO CITY HALL,Lieutenant Governor,,DEM,Phillip Ensler,157
St. Clair,0008 ARGO CITY HALL,Lieutenant Governor,,DEM,Darryl D. Perryman,183
St. Clair,0008 ARGO CITY HALL,U.S. Senate,,DEM,Dakarai Larriett,151
St. Clair,0008 ARGO CITY HALL,U.S. Senate,,DEM,Kyle Sweetser,29
St. Clair,0008 ARGO CITY HALL,U.S. Senate,,DEM,Everett Wess,116
St. Clair,0008 ARGO CITY HALL,U.S. Senate,,DEM,Mark S. Wheeler II,55
St. Clair,0008 ARGO CITY HALL,"Public Service Commissioner, Place 1",,DEM,James O. Gordon,151
St. Clair,0008 ARGO CITY HALL,"Public Service Commissioner, Place 1",,DEM,John Northrop,59
St. Clair,0008 ARGO CITY HALL,"Public Service Commissioner, Place 1",,DEM,Jeff Ramsey,137
St. Clair,0008 ARGO CITY HALL,Attorney General,,REP,Jay Mitchell,185
St. Clair,0008 ARGO CITY HALL,Attorney General,,REP,Katherine Robertson,187
St. Clair,0008 ARGO CITY HALL,Attorney General,,REP,Pamela L. Casey,114
St. Clair,0008 ARGO CITY HALL,"Chairman, St. Clair County Commission",,REP,Stan Batemon,161
St. Clair,0008 ARGO CITY HALL,"Chairman, St. Clair County Commission",,REP,David Evans,322
St. Clair,0008 ARGO CITY HALL,Commissioner of Agriculture and Industries,,REP,Christina Woerner McInnis,137
St. Clair,0008 ARGO CITY HALL,Commissioner of Agriculture and Industries,,REP,Cory Hill,197
St. Clair,0008 ARGO CITY HALL,Commissioner of Agriculture and Industries,,REP,Jack Williams,132
St. Clair,0008 ARGO CITY HALL,County (All),,REP,Allison G. Gray,125
St. Clair,0008 ARGO CITY HALL,County (All),,REP,Greg Cobb,224
St. Clair,0008 ARGO CITY HALL,Governor,,REP,"""Alabama"" Will Santivasci",28
St. Clair,0008 ARGO CITY HALL,Governor,,REP,Ken McFeeters,32
St. Clair,0008 ARGO CITY HALL,Governor,,REP,Thomas Tuberville,458
St. Clair,0008 ARGO CITY HALL,Lieutenant Governor,,REP,George Childress,15
St. Clair,0008 ARGO CITY HALL,Lieutenant Governor,,REP,John Wahl,197
St. Clair,0008 ARGO CITY HALL,Lieutenant Governor,,REP,Nicole Jones Wadsworth,25
St. Clair,0008 ARGO CITY HALL,Lieutenant Governor,,REP,Pat Bishop,31
St. Clair,0008 ARGO CITY HALL,Lieutenant Governor,,REP,Rick Pate,25
St. Clair,0008 ARGO CITY HALL,Lieutenant Governor,,REP,Stewart Hill Tankersley,14
St. Clair,0008 ARGO CITY HALL,Lieutenant Governor,,REP,Wes Allen,198
St. Clair,0008 ARGO CITY HALL,"Member, St. Clair County Commission, District No. 1",,REP,Adam Pardue,138
St. Clair,0008 ARGO CITY HALL,"Member, St. Clair County Commission, District No. 1",,REP,Katrina Hennings,244
St. Clair,0008 ARGO CITY HALL,"Member, St. Clair County Commission, District No. 1",,REP,Shane Thomas,83
St. Clair,0008 ARGO CITY HALL,"Public Service Commission, Place No. 1",,REP,Jeremy H. Oden,116
St. Clair,0008 ARGO CITY HALL,"Public Service Commission, Place No. 1",,REP,Matt Gentry,352
St. Clair,0008 ARGO CITY HALL,"Public Service Commission, Place No. 2",,REP,Brent Woodall,108
St. Clair,0008 ARGO CITY HALL,"Public Service Commission, Place No. 2",,REP,Chris Beeker,132
St. Clair,0008 ARGO CITY HALL,"Public Service Commission, Place No. 2",,REP,Jim Zig Zeigler,178
St. Clair,0008 ARGO CITY HALL,"Public Service Commission, Place No. 2",,REP,Priscilla Andrews,58
St. Clair,0008 ARGO CITY HALL,Secretary of State,,REP,Caroleene Dobson,313
St. Clair,0008 ARGO CITY HALL,Secretary of State,,REP,Christopher Christian Horn,121
St. Clair,0008 ARGO CITY HALL,Secretary of State,,REP,Glenda S. Jackson,37
St. Clair,0008 ARGO CITY HALL,State Auditor,,REP,Andrew Sorrell,361
St. Clair,0008 ARGO CITY HALL,State Auditor,,REP,Derek Chen,117
St. Clair,0008 ARGO CITY HALL,State Board of Education,6,REP,Cathi Bradford,247
St. Clair,0008 ARGO CITY HALL,State Board of Education,6,REP,Marie Manning,210
St. Clair,0008 ARGO CITY HALL,"State House, District 50",50,REP,Bill Morris,303
St. Clair,0008 ARGO CITY HALL,"State House, District 50",50,REP,Bryan K Newell,145
St. Clair,0008 ARGO CITY HALL,"State Republican Executive Committee, St. Clair County, Place 4",,REP,Ashley Tortorigi Hilburn,156
St. Clair,0008 ARGO CITY HALL,"State Republican Executive Committee, St. Clair County, Place 3",,REP,Bill Morris,278
St. Clair,0008 ARGO CITY HALL,"State Republican Executive Committee, St. Clair County, Place No 1",,REP,Brandon Moseley,146
St. Clair,0008 ARGO CITY HALL,"State Republican Executive Committee, St. Clair County, Place 4",,REP,Cathy Wise Fine,269
St. Clair,0008 ARGO CITY HALL,"State Republican Executive Committee, St. Clair County, Place 3",,REP,Katherine Holloway,170
St. Clair,0008 ARGO CITY HALL,"State Republican Executive Committee, St. Clair County, Place No 1",,REP,"Kathryn ""Kathy"" Burke",166
St. Clair,0008 ARGO CITY HALL,"State Republican Executive Committee, St. Clair County, Place No 1",,REP,Matt Tortorice,115
St. Clair,0008 ARGO CITY HALL,State Treasurer,,REP,Steve Lolley,182
St. Clair,0008 ARGO CITY HALL,State Treasurer,,REP,Young Boozer,304
St. Clair,0008 ARGO CITY HALL,U.S. House,3,REP,Mike Rogers,373
St. Clair,0008 ARGO CITY HALL,U.S. House,3,REP,Terri LaPoint,117
St. Clair,0008 ARGO CITY HALL,U.S. Senate,,REP,Barry Moore,125
St. Clair,0008 ARGO CITY HALL,U.S. Senate,,REP,Dale Shelton Deas Jr.,17
St. Clair,0008 ARGO CITY HALL,U.S. Senate,,REP,Jared Hudson,229
St. Clair,0008 ARGO CITY HALL,U.S. Senate,,REP,Morgan Murphy,2
St. Clair,0008 ARGO CITY HALL,U.S. Senate,,REP,Rodney Walker,11
St. Clair,0008 ARGO CITY HALL,U.S. Senate,,REP,Seth Burton,8
St. Clair,0008 ARGO CITY HALL,U.S. Senate,,REP,Steve Marshall,121
St. Clair,0009 RAGLAND TOWN HALL,Governor,,DEM,Will Boyd,13
St. Clair,0009 RAGLAND TOWN HALL,Governor,,DEM,Jamel J. Brown,10
St. Clair,0009 RAGLAND TOWN HALL,Governor,,DEM,Yolanda Rochelle Flowers,6
St. Clair,0009 RAGLAND TOWN HALL,Governor,,DEM,Doug Jones,54
St. Clair,0009 RAGLAND TOWN HALL,Governor,,DEM,"Chad ""Chig"" Martin",2
St. Clair,0009 RAGLAND TOWN HALL,Governor,,DEM,"Nathan ""Nate"" Mathis",2
St. Clair,0009 RAGLAND TOWN HALL,Lieutenant Governor,,DEM,Phillip Ensler,37
St. Clair,0009 RAGLAND TOWN HALL,Lieutenant Governor,,DEM,Darryl D. Perryman,45
St. Clair,0009 RAGLAND TOWN HALL,U.S. Senate,,DEM,Dakarai Larriett,35
St. Clair,0009 RAGLAND TOWN HALL,U.S. Senate,,DEM,Kyle Sweetser,9
St. Clair,0009 RAGLAND TOWN HALL,U.S. Senate,,DEM,Everett Wess,22
St. Clair,0009 RAGLAND TOWN HALL,U.S. Senate,,DEM,Mark S. Wheeler II,16
St. Clair,0009 RAGLAND TOWN HALL,"Public Service Commissioner, Place 1",,DEM,James O. Gordon,44
St. Clair,0009 RAGLAND TOWN HALL,"Public Service Commissioner, Place 1",,DEM,John Northrop,12
St. Clair,0009 RAGLAND TOWN HALL,"Public Service Commissioner, Place 1",,DEM,Jeff Ramsey,26
St. Clair,0009 RAGLAND TOWN HALL,Attorney General,,REP,Jay Mitchell,136
St. Clair,0009 RAGLAND TOWN HALL,Attorney General,,REP,Katherine Robertson,180
St. Clair,0009 RAGLAND TOWN HALL,Attorney General,,REP,Pamela L. Casey,146
St. Clair,0009 RAGLAND TOWN HALL,"Chairman, St. Clair County Commission",,REP,Stan Batemon,236
St. Clair,0009 RAGLAND TOWN HALL,"Chairman, St. Clair County Commission",,REP,David Evans,274
St. Clair,0009 RAGLAND TOWN HALL,Commissioner of Agriculture and Industries,,REP,Christina Woerner McInnis,90
St. Clair,0009 RAGLAND TOWN HALL,Commissioner of Agriculture and Industries,,REP,Cory Hill,234
St. Clair,0009 RAGLAND TOWN HALL,Commissioner of Agriculture and Industries,,REP,Jack Williams,126
St. Clair,0009 RAGLAND TOWN HALL,County (All),,REP,Allison G. Gray,111
St. Clair,0009 RAGLAND TOWN HALL,County (All),,REP,Greg Cobb,398
St. Clair,0009 RAGLAND TOWN HALL,Governor,,REP,"""Alabama"" Will Santivasci",32
St. Clair,0009 RAGLAND TOWN HALL,Governor,,REP,Ken McFeeters,26
St. Clair,0009 RAGLAND TOWN HALL,Governor,,REP,Thomas Tuberville,463
St. Clair,0009 RAGLAND TOWN HALL,Lieutenant Governor,,REP,George Childress,14
St. Clair,0009 RAGLAND TOWN HALL,Lieutenant Governor,,REP,John Wahl,185
St. Clair,0009 RAGLAND TOWN HALL,Lieutenant Governor,,REP,Nicole Jones Wadsworth,28
St. Clair,0009 RAGLAND TOWN HALL,Lieutenant Governor,,REP,Pat Bishop,28
St. Clair,0009 RAGLAND TOWN HALL,Lieutenant Governor,,REP,Rick Pate,24
St. Clair,0009 RAGLAND TOWN HALL,Lieutenant Governor,,REP,Stewart Hill Tankersley,4
St. Clair,0009 RAGLAND TOWN HALL,Lieutenant Governor,,REP,Wes Allen,191
St. Clair,0009 RAGLAND TOWN HALL,"Member, St. Clair County Commission, District No. 1",,REP,Adam Pardue,226
St. Clair,0009 RAGLAND TOWN HALL,"Member, St. Clair County Commission, District No. 1",,REP,Katrina Hennings,163
St. Clair,0009 RAGLAND TOWN HALL,"Member, St. Clair County Commission, District No. 1",,REP,Shane Thomas,89
St. Clair,0009 RAGLAND TOWN HALL,"Public Service Commission, Place No. 1",,REP,Jeremy H. Oden,99
St. Clair,0009 RAGLAND TOWN HALL,"Public Service Commission, Place No. 1",,REP,Matt Gentry,355
St. Clair,0009 RAGLAND TOWN HALL,"Public Service Commission, Place No. 2",,REP,Brent Woodall,88
St. Clair,0009 RAGLAND TOWN HALL,"Public Service Commission, Place No. 2",,REP,Chris Beeker,135
St. Clair,0009 RAGLAND TOWN HALL,"Public Service Commission, Place No. 2",,REP,Jim Zig Zeigler,160
St. Clair,0009 RAGLAND TOWN HALL,"Public Service Commission, Place No. 2",,REP,Priscilla Andrews,57
St. Clair,0009 RAGLAND TOWN HALL,Secretary of State,,REP,Caroleene Dobson,221
St. Clair,0009 RAGLAND TOWN HALL,Secretary of State,,REP,Christopher Christian Horn,139
St. Clair,0009 RAGLAND TOWN HALL,Secretary of State,,REP,Glenda S. Jackson,80
St. Clair,0009 RAGLAND TOWN HALL,State Auditor,,REP,Andrew Sorrell,297
St. Clair,0009 RAGLAND TOWN HALL,State Auditor,,REP,Derek Chen,154
St. Clair,0009 RAGLAND TOWN HALL,State Board of Education,6,REP,Cathi Bradford,215
St. Clair,0009 RAGLAND TOWN HALL,State Board of Education,6,REP,Marie Manning,296
St. Clair,0009 RAGLAND TOWN HALL,"State Republican Executive Committee, St. Clair County, Place 4",,REP,Ashley Tortorigi Hilburn,133
St. Clair,0009 RAGLAND TOWN HALL,"State Republican Executive Committee, St. Clair County, Place 3",,REP,Bill Morris,273
St. Clair,0009 RAGLAND TOWN HALL,"State Republican Executive Committee, St. Clair County, Place No 1",,REP,Brandon Moseley,133
St. Clair,0009 RAGLAND TOWN HALL,"State Republican Executive Committee, St. Clair County, Place 4",,REP,Cathy Wise Fine,311
St. Clair,0009 RAGLAND TOWN HALL,"State Republican Executive Committee, St. Clair County, Place 3",,REP,Katherine Holloway,171
St. Clair,0009 RAGLAND TOWN HALL,"State Republican Executive Committee, St. Clair County, Place No 1",,REP,"Kathryn ""Kathy"" Burke",255
St. Clair,0009 RAGLAND TOWN HALL,"State Republican Executive Committee, St. Clair County, Place No 1",,REP,Matt Tortorice,41
St. Clair,0009 RAGLAND TOWN HALL,State Treasurer,,REP,Steve Lolley,192
St. Clair,0009 RAGLAND TOWN HALL,State Treasurer,,REP,Young Boozer,261
St. Clair,0009 RAGLAND TOWN HALL,U.S. House,3,REP,Mike Rogers,395
St. Clair,0009 RAGLAND TOWN HALL,U.S. House,3,REP,Terri LaPoint,88
St. Clair,0009 RAGLAND TOWN HALL,U.S. Senate,,REP,Barry Moore,160
St. Clair,0009 RAGLAND TOWN HALL,U.S. Senate,,REP,Dale Shelton Deas Jr.,5
St. Clair,0009 RAGLAND TOWN HALL,U.S. Senate,,REP,Jared Hudson,97
St. Clair,0009 RAGLAND TOWN HALL,U.S. Senate,,REP,Morgan Murphy,9
St. Clair,0009 RAGLAND TOWN HALL,U.S. Senate,,REP,Rodney Walker,21
St. Clair,0009 RAGLAND TOWN HALL,U.S. Senate,,REP,Seth Burton,27
St. Clair,0009 RAGLAND TOWN HALL,U.S. Senate,,REP,Steve Marshall,165
St. Clair,0010 WATTSVILLE VFD,Governor,,DEM,Will Boyd,4
St. Clair,0010 WATTSVILLE VFD,Governor,,DEM,Jamel J. Brown,0
St. Clair,0010 WATTSVILLE VFD,Governor,,DEM,Yolanda Rochelle Flowers,3
St. Clair,0010 WATTSVILLE VFD,Governor,,DEM,Doug Jones,16
St. Clair,0010 WATTSVILLE VFD,Governor,,DEM,"Chad ""Chig"" Martin",0
St. Clair,0010 WATTSVILLE VFD,Governor,,DEM,"Nathan ""Nate"" Mathis",0
St. Clair,0010 WATTSVILLE VFD,Lieutenant Governor,,DEM,Phillip Ensler,14
St. Clair,0010 WATTSVILLE VFD,Lieutenant Governor,,DEM,Darryl D. Perryman,8
St. Clair,0010 WATTSVILLE VFD,U.S. Senate,,DEM,Dakarai Larriett,10
St. Clair,0010 WATTSVILLE VFD,U.S. Senate,,DEM,Kyle Sweetser,1
St. Clair,0010 WATTSVILLE VFD,U.S. Senate,,DEM,Everett Wess,6
St. Clair,0010 WATTSVILLE VFD,U.S. Senate,,DEM,Mark S. Wheeler II,6
St. Clair,0010 WATTSVILLE VFD,"Public Service Commissioner, Place 1",,DEM,James O. Gordon,8
St. Clair,0010 WATTSVILLE VFD,"Public Service Commissioner, Place 1",,DEM,John Northrop,9
St. Clair,0010 WATTSVILLE VFD,"Public Service Commissioner, Place 1",,DEM,Jeff Ramsey,5
St. Clair,0010 WATTSVILLE VFD,Attorney General,,REP,Jay Mitchell,79
St. Clair,0010 WATTSVILLE VFD,Attorney General,,REP,Katherine Robertson,117
St. Clair,0010 WATTSVILLE VFD,Attorney General,,REP,Pamela L. Casey,82
St. Clair,0010 WATTSVILLE VFD,"Chairman, St. Clair County Commission",,REP,Stan Batemon,121
St. Clair,0010 WATTSVILLE VFD,"Chairman, St. Clair County Commission",,REP,David Evans,171
St. Clair,0010 WATTSVILLE VFD,Commissioner of Agriculture and Industries,,REP,Christina Woerner McInnis,83
St. Clair,0010 WATTSVILLE VFD,Commissioner of Agriculture and Industries,,REP,Cory Hill,101
St. Clair,0010 WATTSVILLE VFD,Commissioner of Agriculture and Industries,,REP,Jack Williams,87
St. Clair,0010 WATTSVILLE VFD,County (All),,REP,Allison G. Gray,50
St. Clair,0010 WATTSVILLE VFD,County (All),,REP,Greg Cobb,79
St. Clair,0010 WATTSVILLE VFD,Governor,,REP,"""Alabama"" Will Santivasci",19
St. Clair,0010 WATTSVILLE VFD,Governor,,REP,Ken McFeeters,16
St. Clair,0010 WATTSVILLE VFD,Governor,,REP,Thomas Tuberville,254
St. Clair,0010 WATTSVILLE VFD,Lieutenant Governor,,REP,George Childress,10
St. Clair,0010 WATTSVILLE VFD,Lieutenant Governor,,REP,John Wahl,109
St. Clair,0010 WATTSVILLE VFD,Lieutenant Governor,,REP,Nicole Jones Wadsworth,12
St. Clair,0010 WATTSVILLE VFD,Lieutenant Governor,,REP,Pat Bishop,12
St. Clair,0010 WATTSVILLE VFD,Lieutenant Governor,,REP,Rick Pate,27
St. Clair,0010 WATTSVILLE VFD,Lieutenant Governor,,REP,Stewart Hill Tankersley,6
St. Clair,0010 WATTSVILLE VFD,Lieutenant Governor,,REP,Wes Allen,104
St. Clair,0010 WATTSVILLE VFD,"Member, St. Clair County Commission, District No. 1",,REP,Adam Pardue,160
St. Clair,0010 WATTSVILLE VFD,"Member, St. Clair County Commission, District No. 1",,REP,Katrina Hennings,61
St. Clair,0010 WATTSVILLE VFD,"Member, St. Clair County Commission, District No. 1",,REP,Shane Thomas,66
St. Clair,0010 WATTSVILLE VFD,"Public Service Commission, Place No. 1",,REP,Jeremy H. Oden,58
St. Clair,0010 WATTSVILLE VFD,"Public Service Commission, Place No. 1",,REP,Matt Gentry,213
St. Clair,0010 WATTSVILLE VFD,"Public Service Commission, Place No. 2",,REP,Brent Woodall,62
St. Clair,0010 WATTSVILLE VFD,"Public Service Commission, Place No. 2",,REP,Chris Beeker,83
St. Clair,0010 WATTSVILLE VFD,"Public Service Commission, Place No. 2",,REP,Jim Zig Zeigler,97
St. Clair,0010 WATTSVILLE VFD,"Public Service Commission, Place No. 2",,REP,Priscilla Andrews,25
St. Clair,0010 WATTSVILLE VFD,Secretary of State,,REP,Caroleene Dobson,147
St. Clair,0010 WATTSVILLE VFD,Secretary of State,,REP,Christopher Christian Horn,80
St. Clair,0010 WATTSVILLE VFD,Secretary of State,,REP,Glenda S. Jackson,42
St. Clair,0010 WATTSVILLE VFD,State Auditor,,REP,Andrew Sorrell,185
St. Clair,0010 WATTSVILLE VFD,State Auditor,,REP,Derek Chen,90
St. Clair,0010 WATTSVILLE VFD,State Board of Education,6,REP,Cathi Bradford,111
St. Clair,0010 WATTSVILLE VFD,State Board of Education,6,REP,Marie Manning,183
St. Clair,0010 WATTSVILLE VFD,"State House, District 50",50,REP,Bill Morris,40
St. Clair,0010 WATTSVILLE VFD,"State House, District 50",50,REP,Bryan K Newell,22
St. Clair,0010 WATTSVILLE VFD,"State Republican Executive Committee, St. Clair County, Place 4",,REP,Ashley Tortorigi Hilburn,68
St. Clair,0010 WATTSVILLE VFD,"State Republican Executive Committee, St. Clair County, Place 3",,REP,Bill Morris,138
St. Clair,0010 WATTSVILLE VFD,"State Republican Executive Committee, St. Clair County, Place No 1",,REP,Brandon Moseley,90
St. Clair,0010 WATTSVILLE VFD,"State Republican Executive Committee, St. Clair County, Place 4",,REP,Cathy Wise Fine,195
St. Clair,0010 WATTSVILLE VFD,"State Republican Executive Committee, St. Clair County, Place 3",,REP,Katherine Holloway,128
St. Clair,0010 WATTSVILLE VFD,"State Republican Executive Committee, St. Clair County, Place No 1",,REP,"Kathryn ""Kathy"" Burke",144
St. Clair,0010 WATTSVILLE VFD,"State Republican Executive Committee, St. Clair County, Place No 1",,REP,Matt Tortorice,36
St. Clair,0010 WATTSVILLE VFD,State Treasurer,,REP,Steve Lolley,115
St. Clair,0010 WATTSVILLE VFD,State Treasurer,,REP,Young Boozer,159
St. Clair,0010 WATTSVILLE VFD,U.S. House,3,REP,Mike Rogers,228
St. Clair,0010 WATTSVILLE VFD,U.S. House,3,REP,Terri LaPoint,52
St. Clair,0010 WATTSVILLE VFD,U.S. Senate,,REP,Barry Moore,96
St. Clair,0010 WATTSVILLE VFD,U.S. Senate,,REP,Dale Shelton Deas Jr.,7
St. Clair,0010 WATTSVILLE VFD,U.S. Senate,,REP,Jared Hudson,84
St. Clair,0010 WATTSVILLE VFD,U.S. Senate,,REP,Morgan Murphy,5
St. Clair,0010 WATTSVILLE VFD,U.S. Senate,,REP,Rodney Walker,13
St. Clair,0010 WATTSVILLE VFD,U.S. Senate,,REP,Seth Burton,8
St. Clair,0010 WATTSVILLE VFD,U.S. Senate,,REP,Steve Marshall,77
St. Clair,0011 POPLAR SPRGS CH,Governor,,DEM,Will Boyd,1
St. Clair,0011 POPLAR SPRGS CH,Governor,,DEM,Jamel J. Brown,0
St. Clair,0011 POPLAR SPRGS CH,Governor,,DEM,Yolanda Rochelle Flowers,0
St. Clair,0011 POPLAR SPRGS CH,Governor,,DEM,Doug Jones,18
St. Clair,0011 POPLAR SPRGS CH,Governor,,DEM,"Chad ""Chig"" Martin",0
St. Clair,0011 POPLAR SPRGS CH,Governor,,DEM,"Nathan ""Nate"" Mathis",0
St. Clair,0011 POPLAR SPRGS CH,Lieutenant Governor,,DEM,Phillip Ensler,8
St. Clair,0011 POPLAR SPRGS CH,Lieutenant Governor,,DEM,Darryl D. Perryman,10
St. Clair,0011 POPLAR SPRGS CH,U.S. Senate,,DEM,Dakarai Larriett,9
St. Clair,0011 POPLAR SPRGS CH,U.S. Senate,,DEM,Kyle Sweetser,4
St. Clair,0011 POPLAR SPRGS CH,U.S. Senate,,DEM,Everett Wess,4
St. Clair,0011 POPLAR SPRGS CH,U.S. Senate,,DEM,Mark S. Wheeler II,1
St. Clair,0011 POPLAR SPRGS CH,"Public Service Commissioner, Place 1",,DEM,James O. Gordon,6
St. Clair,0011 POPLAR SPRGS CH,"Public Service Commissioner, Place 1",,DEM,John Northrop,4
St. Clair,0011 POPLAR SPRGS CH,"Public Service Commissioner, Place 1",,DEM,Jeff Ramsey,9
St. Clair,0011 POPLAR SPRGS CH,Attorney General,,REP,Jay Mitchell,48
St. Clair,0011 POPLAR SPRGS CH,Attorney General,,REP,Katherine Robertson,53
St. Clair,0011 POPLAR SPRGS CH,Attorney General,,REP,Pamela L. Casey,69
St. Clair,0011 POPLAR SPRGS CH,"Chairman, St. Clair County Commission",,REP,Stan Batemon,60
St. Clair,0011 POPLAR SPRGS CH,"Chairman, St. Clair County Commission",,REP,David Evans,107
St. Clair,0011 POPLAR SPRGS CH,Commissioner of Agriculture and Industries,,REP,Christina Woerner McInnis,56
St. Clair,0011 POPLAR SPRGS CH,Commissioner of Agriculture and Industries,,REP,Cory Hill,68
St. Clair,0011 POPLAR SPRGS CH,Commissioner of Agriculture and Industries,,REP,Jack Williams,34
St. Clair,0011 POPLAR SPRGS CH,Governor,,REP,"""Alabama"" Will Santivasci",6
St. Clair,0011 POPLAR SPRGS CH,Governor,,REP,Ken McFeeters,4
St. Clair,0011 POPLAR SPRGS CH,Governor,,REP,Thomas Tuberville,166
St. Clair,0011 POPLAR SPRGS CH,Lieutenant Governor,,REP,George Childress,4
St. Clair,0011 POPLAR SPRGS CH,Lieutenant Governor,,REP,John Wahl,53
St. Clair,0011 POPLAR SPRGS CH,Lieutenant Governor,,REP,Nicole Jones Wadsworth,10
St. Clair,0011 POPLAR SPRGS CH,Lieutenant Governor,,REP,Pat Bishop,5
St. Clair,0011 POPLAR SPRGS CH,Lieutenant Governor,,REP,Rick Pate,17
St. Clair,0011 POPLAR SPRGS CH,Lieutenant Governor,,REP,Stewart Hill Tankersley,2
St. Clair,0011 POPLAR SPRGS CH,Lieutenant Governor,,REP,Wes Allen,75
St. Clair,0011 POPLAR SPRGS CH,"Member, St. Clair County Commission, District No. 1",,REP,Adam Pardue,36
St. Clair,0011 POPLAR SPRGS CH,"Member, St. Clair County Commission, District No. 1",,REP,Katrina Hennings,36
St. Clair,0011 POPLAR SPRGS CH,"Member, St. Clair County Commission, District No. 1",,REP,Shane Thomas,98
St. Clair,0011 POPLAR SPRGS CH,"Public Service Commission, Place No. 1",,REP,Jeremy H. Oden,47
St. Clair,0011 POPLAR SPRGS CH,"Public Service Commission, Place No. 1",,REP,Matt Gentry,109
St. Clair,0011 POPLAR SPRGS CH,"Public Service Commission, Place No. 2",,REP,Brent Woodall,34
St. Clair,0011 POPLAR SPRGS CH,"Public Service Commission, Place No. 2",,REP,Chris Beeker,41
St. Clair,0011 POPLAR SPRGS CH,"Public Service Commission, Place No. 2",,REP,Jim Zig Zeigler,58
St. Clair,0011 POPLAR SPRGS CH,"Public Service Commission, Place No. 2",,REP,Priscilla Andrews,26
St. Clair,0011 POPLAR SPRGS CH,Secretary of State,,REP,Caroleene Dobson,94
St. Clair,0011 POPLAR SPRGS CH,Secretary of State,,REP,Christopher Christian Horn,37
St. Clair,0011 POPLAR SPRGS CH,Secretary of State,,REP,Glenda S. Jackson,24
St. Clair,0011 POPLAR SPRGS CH,State Auditor,,REP,Andrew Sorrell,122
St. Clair,0011 POPLAR SPRGS CH,State Auditor,,REP,Derek Chen,36
St. Clair,0011 POPLAR SPRGS CH,State Board of Education,6,REP,Cathi Bradford,75
St. Clair,0011 POPLAR SPRGS CH,State Board of Education,6,REP,Marie Manning,96
St. Clair,0011 POPLAR SPRGS CH,"State Republican Executive Committee, St. Clair County, Place 4",,REP,Ashley Tortorigi Hilburn,46
St. Clair,0011 POPLAR SPRGS CH,"State Republican Executive Committee, St. Clair County, Place 3",,REP,Bill Morris,86
St. Clair,0011 POPLAR SPRGS CH,"State Republican Executive Committee, St. Clair County, Place No 1",,REP,Brandon Moseley,48
St. Clair,0011 POPLAR SPRGS CH,"State Republican Executive Committee, St. Clair County, Place 4",,REP,Cathy Wise Fine,107
St. Clair,0011 POPLAR SPRGS CH,"State Republican Executive Committee, St. Clair County, Place 3",,REP,Katherine Holloway,63
St. Clair,0011 POPLAR SPRGS CH,"State Republican Executive Committee, St. Clair County, Place No 1",,REP,"Kathryn ""Kathy"" Burke",67
St. Clair,0011 POPLAR SPRGS CH,"State Republican Executive Committee, St. Clair County, Place No 1",,REP,Matt Tortorice,31
St. Clair,0011 POPLAR SPRGS CH,State Treasurer,,REP,Steve Lolley,62
St. Clair,0011 POPLAR SPRGS CH,State Treasurer,,REP,Young Boozer,102
St. Clair,0011 POPLAR SPRGS CH,U.S. House,3,REP,Mike Rogers,135
St. Clair,0011 POPLAR SPRGS CH,U.S. House,3,REP,Terri LaPoint,32
St. Clair,0011 POPLAR SPRGS CH,U.S. Senate,,REP,Barry Moore,46
St. Clair,0011 POPLAR SPRGS CH,U.S. Senate,,REP,Dale Shelton Deas Jr.,6
St. Clair,0011 POPLAR SPRGS CH,U.S. Senate,,REP,Jared Hudson,82
St. Clair,0011 POPLAR SPRGS CH,U.S. Senate,,REP,Morgan Murphy,1
St. Clair,0011 POPLAR SPRGS CH,U.S. Senate,,REP,Rodney Walker,2
St. Clair,0011 POPLAR SPRGS CH,U.S. Senate,,REP,Seth Burton,5
St. Clair,0011 POPLAR SPRGS CH,U.S. Senate,,REP,Steve Marshall,32
St. Clair,0012 CELEBRATIONS,Governor,,DEM,Will Boyd,6
St. Clair,0012 CELEBRATIONS,Governor,,DEM,Jamel J. Brown,0
St. Clair,0012 CELEBRATIONS,Governor,,DEM,Yolanda Rochelle Flowers,4
St. Clair,0012 CELEBRATIONS,Governor,,DEM,Doug Jones,59
St. Clair,0012 CELEBRATIONS,Governor,,DEM,"Chad ""Chig"" Martin",1
St. Clair,0012 CELEBRATIONS,Governor,,DEM,"Nathan ""Nate"" Mathis",0
St. Clair,0012 CELEBRATIONS,Lieutenant Governor,,DEM,Phillip Ensler,41
St. Clair,0012 CELEBRATIONS,Lieutenant Governor,,DEM,Darryl D. Perryman,24
St. Clair,0012 CELEBRATIONS,U.S. Senate,,DEM,Dakarai Larriett,18
St. Clair,0012 CELEBRATIONS,U.S. Senate,,DEM,Kyle Sweetser,10
St. Clair,0012 CELEBRATIONS,U.S. Senate,,DEM,Everett Wess,27
St. Clair,0012 CELEBRATIONS,U.S. Senate,,DEM,Mark S. Wheeler II,11
St. Clair,0012 CELEBRATIONS,"Public Service Commissioner, Place 1",,DEM,James O. Gordon,27
St. Clair,0012 CELEBRATIONS,"Public Service Commissioner, Place 1",,DEM,John Northrop,11
St. Clair,0012 CELEBRATIONS,"Public Service Commissioner, Place 1",,DEM,Jeff Ramsey,24
St. Clair,0012 CELEBRATIONS,Attorney General,,REP,Jay Mitchell,158
St. Clair,0012 CELEBRATIONS,Attorney General,,REP,Katherine Robertson,221
St. Clair,0012 CELEBRATIONS,Attorney General,,REP,Pamela L. Casey,107
St. Clair,0012 CELEBRATIONS,"Chairman, St. Clair County Commission",,REP,Stan Batemon,271
St. Clair,0012 CELEBRATIONS,"Chairman, St. Clair County Commission",,REP,David Evans,206
St. Clair,0012 CELEBRATIONS,Commissioner of Agriculture and Industries,,REP,Christina Woerner McInnis,118
St. Clair,0012 CELEBRATIONS,Commissioner of Agriculture and Industries,,REP,Cory Hill,150
St. Clair,0012 CELEBRATIONS,Commissioner of Agriculture and Industries,,REP,Jack Williams,188
St. Clair,0012 CELEBRATIONS,County (All),,REP,Allison G. Gray,124
St. Clair,0012 CELEBRATIONS,County (All),,REP,Greg Cobb,238
St. Clair,0012 CELEBRATIONS,Governor,,REP,"""Alabama"" Will Santivasci",11
St. Clair,0012 CELEBRATIONS,Governor,,REP,Ken McFeeters,32
St. Clair,0012 CELEBRATIONS,Governor,,REP,Thomas Tuberville,469
St. Clair,0012 CELEBRATIONS,Lieutenant Governor,,REP,George Childress,2
St. Clair,0012 CELEBRATIONS,Lieutenant Governor,,REP,John Wahl,242
St. Clair,0012 CELEBRATIONS,Lieutenant Governor,,REP,Nicole Jones Wadsworth,16
St. Clair,0012 CELEBRATIONS,Lieutenant Governor,,REP,Pat Bishop,12
St. Clair,0012 CELEBRATIONS,Lieutenant Governor,,REP,Rick Pate,32
St. Clair,0012 CELEBRATIONS,Lieutenant Governor,,REP,Stewart Hill Tankersley,4
St. Clair,0012 CELEBRATIONS,Lieutenant Governor,,REP,Wes Allen,182
St. Clair,0012 CELEBRATIONS,"Member, St. Clair County Commission, District No. 1",,REP,Adam Pardue,160
St. Clair,0012 CELEBRATIONS,"Member, St. Clair County Commission, District No. 1",,REP,Katrina Hennings,259
St. Clair,0012 CELEBRATIONS,"Member, St. Clair County Commission, District No. 1",,REP,Shane Thomas,63
St. Clair,0012 CELEBRATIONS,"Public Service Commission, Place No. 1",,REP,Jeremy H. Oden,120
St. Clair,0012 CELEBRATIONS,"Public Service Commission, Place No. 1",,REP,Matt Gentry,328
St. Clair,0012 CELEBRATIONS,"Public Service Commission, Place No. 2",,REP,Brent Woodall,79
St. Clair,0012 CELEBRATIONS,"Public Service Commission, Place No. 2",,REP,Chris Beeker,157
St. Clair,0012 CELEBRATIONS,"Public Service Commission, Place No. 2",,REP,Jim Zig Zeigler,171
St. Clair,0012 CELEBRATIONS,"Public Service Commission, Place No. 2",,REP,Priscilla Andrews,46
St. Clair,0012 CELEBRATIONS,Secretary of State,,REP,Caroleene Dobson,308
St. Clair,0012 CELEBRATIONS,Secretary of State,,REP,Christopher Christian Horn,109
St. Clair,0012 CELEBRATIONS,Secretary of State,,REP,Glenda S. Jackson,34
St. Clair,0012 CELEBRATIONS,State Auditor,,REP,Andrew Sorrell,308
St. Clair,0012 CELEBRATIONS,State Auditor,,REP,Derek Chen,158
St. Clair,0012 CELEBRATIONS,State Board of Education,6,REP,Cathi Bradford,172
St. Clair,0012 CELEBRATIONS,State Board of Education,6,REP,Marie Manning,302
St. Clair,0012 CELEBRATIONS,"State House, District 50",50,REP,Bill Morris,10
St. Clair,0012 CELEBRATIONS,"State House, District 50",50,REP,Bryan K Newell,1
St. Clair,0012 CELEBRATIONS,"State Republican Executive Committee, St. Clair County, Place 4",,REP,Ashley Tortorigi Hilburn,113
St. Clair,0012 CELEBRATIONS,"State Republican Executive Committee, St. Clair County, Place 3",,REP,Bill Morris,251
St. Clair,0012 CELEBRATIONS,"State Republican Executive Committee, St. Clair County, Place No 1",,REP,Brandon Moseley,124
St. Clair,0012 CELEBRATIONS,"State Republican Executive Committee, St. Clair County, Place 4",,REP,Cathy Wise Fine,295
St. Clair,0012 CELEBRATIONS,"State Republican Executive Committee, St. Clair County, Place 3",,REP,Katherine Holloway,176
St. Clair,0012 CELEBRATIONS,"State Republican Executive Committee, St. Clair County, Place No 1",,REP,"Kathryn ""Kathy"" Burke",238
St. Clair,0012 CELEBRATIONS,"State Republican Executive Committee, St. Clair County, Place No 1",,REP,Matt Tortorice,59
St. Clair,0012 CELEBRATIONS,State Treasurer,,REP,Steve Lolley,150
St. Clair,0012 CELEBRATIONS,State Treasurer,,REP,Young Boozer,308
St. Clair,0012 CELEBRATIONS,U.S. House,3,REP,Mike Rogers,435
St. Clair,0012 CELEBRATIONS,U.S. House,3,REP,Terri LaPoint,53
St. Clair,0012 CELEBRATIONS,U.S. Senate,,REP,Barry Moore,172
St. Clair,0012 CELEBRATIONS,U.S. Senate,,REP,Dale Shelton Deas Jr.,5
St. Clair,0012 CELEBRATIONS,U.S. Senate,,REP,Jared Hudson,170
St. Clair,0012 CELEBRATIONS,U.S. Senate,,REP,Morgan Murphy,3
St. Clair,0012 CELEBRATIONS,U.S. Senate,,REP,Rodney Walker,7
St. Clair,0012 CELEBRATIONS,U.S. Senate,,REP,Seth Burton,3
St. Clair,0012 CELEBRATIONS,U.S. Senate,,REP,Steve Marshall,139
St. Clair,0013 NEW LONDON VFD,Governor,,DEM,Will Boyd,11
St. Clair,0013 NEW LONDON VFD,Governor,,DEM,Jamel J. Brown,1
St. Clair,0013 NEW LONDON VFD,Governor,,DEM,Yolanda Rochelle Flowers,2
St. Clair,0013 NEW LONDON VFD,Governor,,DEM,Doug Jones,50
St. Clair,0013 NEW LONDON VFD,Governor,,DEM,"Chad ""Chig"" Martin",0
St. Clair,0013 NEW LONDON VFD,Governor,,DEM,"Nathan ""Nate"" Mathis",1
St. Clair,0013 NEW LONDON VFD,Lieutenant Governor,,DEM,Phillip Ensler,44
St. Clair,0013 NEW LONDON VFD,Lieutenant Governor,,DEM,Darryl D. Perryman,19
St. Clair,0013 NEW LONDON VFD,U.S. Senate,,DEM,Dakarai Larriett,21
St. Clair,0013 NEW LONDON VFD,U.S. Senate,,DEM,Kyle Sweetser,8
St. Clair,0013 NEW LONDON VFD,U.S. Senate,,DEM,Everett Wess,27
St. Clair,0013 NEW LONDON VFD,U.S. Senate,,DEM,Mark S. Wheeler II,9
St. Clair,0013 NEW LONDON VFD,"Public Service Commissioner, Place 1",,DEM,James O. Gordon,37
St. Clair,0013 NEW LONDON VFD,"Public Service Commissioner, Place 1",,DEM,John Northrop,8
St. Clair,0013 NEW LONDON VFD,"Public Service Commissioner, Place 1",,DEM,Jeff Ramsey,19
St. Clair,0013 NEW LONDON VFD,Attorney General,,REP,Jay Mitchell,74
St. Clair,0013 NEW LONDON VFD,Attorney General,,REP,Katherine Robertson,110
St. Clair,0013 NEW LONDON VFD,Attorney General,,REP,Pamela L. Casey,66
St. Clair,0013 NEW LONDON VFD,"Chairman, St. Clair County Commission",,REP,Stan Batemon,161
St. Clair,0013 NEW LONDON VFD,"Chairman, St. Clair County Commission",,REP,David Evans,90
St. Clair,0013 NEW LONDON VFD,Commissioner of Agriculture and Industries,,REP,Christina Woerner McInnis,80
St. Clair,0013 NEW LONDON VFD,Commissioner of Agriculture and Industries,,REP,Cory Hill,89
St. Clair,0013 NEW LONDON VFD,Commissioner of Agriculture and Industries,,REP,Jack Williams,67
St. Clair,0013 NEW LONDON VFD,County (All),,REP,Allison G. Gray,65
St. Clair,0013 NEW LONDON VFD,County (All),,REP,Greg Cobb,151
St. Clair,0013 NEW LONDON VFD,Governor,,REP,"""Alabama"" Will Santivasci",9
St. Clair,0013 NEW LONDON VFD,Governor,,REP,Ken McFeeters,13
St. Clair,0013 NEW LONDON VFD,Governor,,REP,Thomas Tuberville,239
St. Clair,0013 NEW LONDON VFD,Lieutenant Governor,,REP,George Childress,3
St. Clair,0013 NEW LONDON VFD,Lieutenant Governor,,REP,John Wahl,114
St. Clair,0013 NEW LONDON VFD,Lieutenant Governor,,REP,Nicole Jones Wadsworth,11
St. Clair,0013 NEW LONDON VFD,Lieutenant Governor,,REP,Pat Bishop,7
St. Clair,0013 NEW LONDON VFD,Lieutenant Governor,,REP,Rick Pate,20
St. Clair,0013 NEW LONDON VFD,Lieutenant Governor,,REP,Stewart Hill Tankersley,5
St. Clair,0013 NEW LONDON VFD,Lieutenant Governor,,REP,Wes Allen,92
St. Clair,0013 NEW LONDON VFD,"Member, St. Clair County Commission, District No. 1",,REP,Adam Pardue,117
St. Clair,0013 NEW LONDON VFD,"Member, St. Clair County Commission, District No. 1",,REP,Katrina Hennings,76
St. Clair,0013 NEW LONDON VFD,"Member, St. Clair County Commission, District No. 1",,REP,Shane Thomas,49
St. Clair,0013 NEW LONDON VFD,"Public Service Commission, Place No. 1",,REP,Jeremy H. Oden,57
St. Clair,0013 NEW LONDON VFD,"Public Service Commission, Place No. 1",,REP,Matt Gentry,181
St. Clair,0013 NEW LONDON VFD,"Public Service Commission, Place No. 2",,REP,Brent Woodall,51
St. Clair,0013 NEW LONDON VFD,"Public Service Commission, Place No. 2",,REP,Chris Beeker,66
St. Clair,0013 NEW LONDON VFD,"Public Service Commission, Place No. 2",,REP,Jim Zig Zeigler,97
St. Clair,0013 NEW LONDON VFD,"Public Service Commission, Place No. 2",,REP,Priscilla Andrews,25
St. Clair,0013 NEW LONDON VFD,Secretary of State,,REP,Caroleene Dobson,149
St. Clair,0013 NEW LONDON VFD,Secretary of State,,REP,Christopher Christian Horn,57
St. Clair,0013 NEW LONDON VFD,Secretary of State,,REP,Glenda S. Jackson,27
St. Clair,0013 NEW LONDON VFD,State Auditor,,REP,Andrew Sorrell,161
St. Clair,0013 NEW LONDON VFD,State Auditor,,REP,Derek Chen,81
St. Clair,0013 NEW LONDON VFD,State Board of Education,6,REP,Cathi Bradford,97
St. Clair,0013 NEW LONDON VFD,State Board of Education,6,REP,Marie Manning,150
St. Clair,0013 NEW LONDON VFD,"State House, District 50",50,REP,Bill Morris,180
St. Clair,0013 NEW LONDON VFD,"State House, District 50",50,REP,Bryan K Newell,48
St. Clair,0013 NEW LONDON VFD,"State Republican Executive Committee, St. Clair County, Place 4",,REP,Ashley Tortorigi Hilburn,65
St. Clair,0013 NEW LONDON VFD,"State Republican Executive Committee, St. Clair County, Place 3",,REP,Bill Morris,155
St. Clair,0013 NEW LONDON VFD,"State Republican Executive Committee, St. Clair County, Place No 1",,REP,Brandon Moseley,89
St. Clair,0013 NEW LONDON VFD,"State Republican Executive Committee, St. Clair County, Place 4",,REP,Cathy Wise Fine,151
St. Clair,0013 NEW LONDON VFD,"State Republican Executive Committee, St. Clair County, Place 3",,REP,Katherine Holloway,77
St. Clair,0013 NEW LONDON VFD,"State Republican Executive Committee, St. Clair County, Place No 1",,REP,"Kathryn ""Kathy"" Burke",86
St. Clair,0013 NEW LONDON VFD,"State Republican Executive Committee, St. Clair County, Place No 1",,REP,Matt Tortorice,46
St. Clair,0013 NEW LONDON VFD,State Treasurer,,REP,Steve Lolley,98
St. Clair,0013 NEW LONDON VFD,State Treasurer,,REP,Young Boozer,144
St. Clair,0013 NEW LONDON VFD,U.S. House,3,REP,Mike Rogers,216
St. Clair,0013 NEW LONDON VFD,U.S. House,3,REP,Terri LaPoint,38
St. Clair,0013 NEW LONDON VFD,U.S. Senate,,REP,Barry Moore,99
St. Clair,0013 NEW LONDON VFD,U.S. Senate,,REP,Dale Shelton Deas Jr.,0
St. Clair,0013 NEW LONDON VFD,U.S. Senate,,REP,Jared Hudson,73
St. Clair,0013 NEW LONDON VFD,U.S. Senate,,REP,Morgan Murphy,4
St. Clair,0013 NEW LONDON VFD,U.S. Senate,,REP,Rodney Walker,4
St. Clair,0013 NEW LONDON VFD,U.S. Senate,,REP,Seth Burton,2
St. Clair,0013 NEW LONDON VFD,U.S. Senate,,REP,Steve Marshall,75
St. Clair,0014 WOLF CREEK VFD,Governor,,DEM,Will Boyd,4
St. Clair,0014 WOLF CREEK VFD,Governor,,DEM,Jamel J. Brown,0
St. Clair,0014 WOLF CREEK VFD,Governor,,DEM,Yolanda Rochelle Flowers,0
St. Clair,0014 WOLF CREEK VFD,Governor,,DEM,Doug Jones,5
St. Clair,0014 WOLF CREEK VFD,Governor,,DEM,"Chad ""Chig"" Martin",0
St. Clair,0014 WOLF CREEK VFD,Governor,,DEM,"Nathan ""Nate"" Mathis",1
St. Clair,0014 WOLF CREEK VFD,Lieutenant Governor,,DEM,Phillip Ensler,6
St. Clair,0014 WOLF CREEK VFD,Lieutenant Governor,,DEM,Darryl D. Perryman,3
St. Clair,0014 WOLF CREEK VFD,U.S. Senate,,DEM,Dakarai Larriett,2
St. Clair,0014 WOLF CREEK VFD,U.S. Senate,,DEM,Kyle Sweetser,0
St. Clair,0014 WOLF CREEK VFD,U.S. Senate,,DEM,Everett Wess,2
St. Clair,0014 WOLF CREEK VFD,U.S. Senate,,DEM,Mark S. Wheeler II,5
St. Clair,0014 WOLF CREEK VFD,"Public Service Commissioner, Place 1",,DEM,James O. Gordon,2
St. Clair,0014 WOLF CREEK VFD,"Public Service Commissioner, Place 1",,DEM,John Northrop,0
St. Clair,0014 WOLF CREEK VFD,"Public Service Commissioner, Place 1",,DEM,Jeff Ramsey,5
St. Clair,0014 WOLF CREEK VFD,Attorney General,,REP,Jay Mitchell,27
St. Clair,0014 WOLF CREEK VFD,Attorney General,,REP,Katherine Robertson,68
St. Clair,0014 WOLF CREEK VFD,Attorney General,,REP,Pamela L. Casey,20
St. Clair,0014 WOLF CREEK VFD,"Chairman, St. Clair County Commission",,REP,Stan Batemon,62
St. Clair,0014 WOLF CREEK VFD,"Chairman, St. Clair County Commission",,REP,David Evans,52
St. Clair,0014 WOLF CREEK VFD,Commissioner of Agriculture and Industries,,REP,Christina Woerner McInnis,47
St. Clair,0014 WOLF CREEK VFD,Commissioner of Agriculture and Industries,,REP,Cory Hill,39
St. Clair,0014 WOLF CREEK VFD,Commissioner of Agriculture and Industries,,REP,Jack Williams,26
St. Clair,0014 WOLF CREEK VFD,County (All),,REP,Allison G. Gray,22
St. Clair,0014 WOLF CREEK VFD,County (All),,REP,Greg Cobb,83
St. Clair,0014 WOLF CREEK VFD,Governor,,REP,"""Alabama"" Will Santivasci",5
St. Clair,0014 WOLF CREEK VFD,Governor,,REP,Ken McFeeters,6
St. Clair,0014 WOLF CREEK VFD,Governor,,REP,Thomas Tuberville,109
St. Clair,0014 WOLF CREEK VFD,Lieutenant Governor,,REP,George Childress,3
St. Clair,0014 WOLF CREEK VFD,Lieutenant Governor,,REP,John Wahl,52
St. Clair,0014 WOLF CREEK VFD,Lieutenant Governor,,REP,Nicole Jones Wadsworth,8
St. Clair,0014 WOLF CREEK VFD,Lieutenant Governor,,REP,Pat Bishop,1
St. Clair,0014 WOLF CREEK VFD,Lieutenant Governor,,REP,Rick Pate,1
St. Clair,0014 WOLF CREEK VFD,Lieutenant Governor,,REP,Stewart Hill Tankersley,0
St. Clair,0014 WOLF CREEK VFD,Lieutenant Governor,,REP,Wes Allen,53
St. Clair,0014 WOLF CREEK VFD,"Member, St. Clair County Commission, District No. 1",,REP,Adam Pardue,54
St. Clair,0014 WOLF CREEK VFD,"Member, St. Clair County Commission, District No. 1",,REP,Katrina Hennings,44
St. Clair,0014 WOLF CREEK VFD,"Member, St. Clair County Commission, District No. 1",,REP,Shane Thomas,13
St. Clair,0014 WOLF CREEK VFD,"Public Service Commission, Place No. 1",,REP,Jeremy H. Oden,31
St. Clair,0014 WOLF CREEK VFD,"Public Service Commission, Place No. 1",,REP,Matt Gentry,80
St. Clair,0014 WOLF CREEK VFD,"Public Service Commission, Place No. 2",,REP,Brent Woodall,11
St. Clair,0014 WOLF CREEK VFD,"Public Service Commission, Place No. 2",,REP,Chris Beeker,29
St. Clair,0014 WOLF CREEK VFD,"Public Service Commission, Place No. 2",,REP,Jim Zig Zeigler,55
St. Clair,0014 WOLF CREEK VFD,"Public Service Commission, Place No. 2",,REP,Priscilla Andrews,14
St. Clair,0014 WOLF CREEK VFD,Secretary of State,,REP,Caroleene Dobson,80
St. Clair,0014 WOLF CREEK VFD,Secretary of State,,REP,Christopher Christian Horn,23
St. Clair,0014 WOLF CREEK VFD,Secretary of State,,REP,Glenda S. Jackson,10
St. Clair,0014 WOLF CREEK VFD,State Auditor,,REP,Andrew Sorrell,69
St. Clair,0014 WOLF CREEK VFD,State Auditor,,REP,Derek Chen,45
St. Clair,0014 WOLF CREEK VFD,State Board of Education,6,REP,Cathi Bradford,43
St. Clair,0014 WOLF CREEK VFD,State Board of Education,6,REP,Marie Manning,66
St. Clair,0014 WOLF CREEK VFD,"State House, District 50",50,REP,Bill Morris,85
St. Clair,0014 WOLF CREEK VFD,"State House, District 50",50,REP,Bryan K Newell,20
St. Clair,0014 WOLF CREEK VFD,"State Republican Executive Committee, St. Clair County, Place 4",,REP,Ashley Tortorigi Hilburn,22
St. Clair,0014 WOLF CREEK VFD,"State Republican Executive Committee, St. Clair County, Place 3",,REP,Bill Morris,77
St. Clair,0014 WOLF CREEK VFD,"State Republican Executive Committee, St. Clair County, Place No 1",,REP,Brandon Moseley,26
St. Clair,0014 WOLF CREEK VFD,"State Republican Executive Committee, St. Clair County, Place 4",,REP,Cathy Wise Fine,83
St. Clair,0014 WOLF CREEK VFD,"State Republican Executive Committee, St. Clair County, Place 3",,REP,Katherine Holloway,31
St. Clair,0014 WOLF CREEK VFD,"State Republican Executive Committee, St. Clair County, Place No 1",,REP,"Kathryn ""Kathy"" Burke",75
St. Clair,0014 WOLF CREEK VFD,"State Republican Executive Committee, St. Clair County, Place No 1",,REP,Matt Tortorice,8
St. Clair,0014 WOLF CREEK VFD,State Treasurer,,REP,Steve Lolley,39
St. Clair,0014 WOLF CREEK VFD,State Treasurer,,REP,Young Boozer,73
St. Clair,0014 WOLF CREEK VFD,U.S. House,3,REP,Mike Rogers,102
St. Clair,0014 WOLF CREEK VFD,U.S. House,3,REP,Terri LaPoint,16
St. Clair,0014 WOLF CREEK VFD,U.S. Senate,,REP,Barry Moore,29
St. Clair,0014 WOLF CREEK VFD,U.S. Senate,,REP,Dale Shelton Deas Jr.,1
St. Clair,0014 WOLF CREEK VFD,U.S. Senate,,REP,Jared Hudson,36
St. Clair,0014 WOLF CREEK VFD,U.S. Senate,,REP,Morgan Murphy,3
St. Clair,0014 WOLF CREEK VFD,U.S. Senate,,REP,Rodney Walker,0
St. Clair,0014 WOLF CREEK VFD,U.S. Senate,,REP,Seth Burton,2
St. Clair,0014 WOLF CREEK VFD,U.S. Senate,,REP,Steve Marshall,44
St. Clair,0015 BOYS&GIRLS CLUB-PELL CITY,Governor,,DEM,Will Boyd,30
St. Clair,0015 BOYS&GIRLS CLUB-PELL CITY,Governor,,DEM,Jamel J. Brown,11
St. Clair,0015 BOYS&GIRLS CLUB-PELL CITY,Governor,,DEM,Yolanda Rochelle Flowers,12
St. Clair,0015 BOYS&GIRLS CLUB-PELL CITY,Governor,,DEM,Doug Jones,249
St. Clair,0015 BOYS&GIRLS CLUB-PELL CITY,Governor,,DEM,"Chad ""Chig"" Martin",8
St. Clair,0015 BOYS&GIRLS CLUB-PELL CITY,Governor,,DEM,"Nathan ""Nate"" Mathis",1
St. Clair,0015 BOYS&GIRLS CLUB-PELL CITY,Lieutenant Governor,,DEM,Phillip Ensler,154
St. Clair,0015 BOYS&GIRLS CLUB-PELL CITY,Lieutenant Governor,,DEM,Darryl D. Perryman,149
St. Clair,0015 BOYS&GIRLS CLUB-PELL CITY,U.S. Senate,,DEM,Dakarai Larriett,85
St. Clair,0015 BOYS&GIRLS CLUB-PELL CITY,U.S. Senate,,DEM,Kyle Sweetser,46
St. Clair,0015 BOYS&GIRLS CLUB-PELL CITY,U.S. Senate,,DEM,Everett Wess,129
St. Clair,0015 BOYS&GIRLS CLUB-PELL CITY,U.S. Senate,,DEM,Mark S. Wheeler II,41
St. Clair,0015 BOYS&GIRLS CLUB-PELL CITY,"Public Service Commissioner, Place 1",,DEM,James O. Gordon,161
St. Clair,0015 BOYS&GIRLS CLUB-PELL CITY,"Public Service Commissioner, Place 1",,DEM,John Northrop,60
St. Clair,0015 BOYS&GIRLS CLUB-PELL CITY,"Public Service Commissioner, Place 1",,DEM,Jeff Ramsey,76
St. Clair,0015 BOYS&GIRLS CLUB-PELL CITY,Attorney General,,REP,Jay Mitchell,130
St. Clair,0015 BOYS&GIRLS CLUB-PELL CITY,Attorney General,,REP,Katherine Robertson,163
St. Clair,0015 BOYS&GIRLS CLUB-PELL CITY,Attorney General,,REP,Pamela L. Casey,104
St. Clair,0015 BOYS&GIRLS CLUB-PELL CITY,"Chairman, St. Clair County Commission",,REP,Stan Batemon,198
St. Clair,0015 BOYS&GIRLS CLUB-PELL CITY,"Chairman, St. Clair County Commission",,REP,David Evans,195
St. Clair,0015 BOYS&GIRLS CLUB-PELL CITY,Commissioner of Agriculture and Industries,,REP,Christina Woerner McInnis,123
St. Clair,0015 BOYS&GIRLS CLUB-PELL CITY,Commissioner of Agriculture and Industries,,REP,Cory Hill,133
St. Clair,0015 BOYS&GIRLS CLUB-PELL CITY,Commissioner of Agriculture and Industries,,REP,Jack Williams,131
St. Clair,0015 BOYS&GIRLS CLUB-PELL CITY,County (All),,REP,Allison G. Gray,88
St. Clair,0015 BOYS&GIRLS CLUB-PELL CITY,County (All),,REP,Greg Cobb,256
St. Clair,0015 BOYS&GIRLS CLUB-PELL CITY,Governor,,REP,"""Alabama"" Will Santivasci",15
St. Clair,0015 BOYS&GIRLS CLUB-PELL CITY,Governor,,REP,Ken McFeeters,31
St. Clair,0015 BOYS&GIRLS CLUB-PELL CITY,Governor,,REP,Thomas Tuberville,367
St. Clair,0015 BOYS&GIRLS CLUB-PELL CITY,Lieutenant Governor,,REP,George Childress,10
St. Clair,0015 BOYS&GIRLS CLUB-PELL CITY,Lieutenant Governor,,REP,John Wahl,187
St. Clair,0015 BOYS&GIRLS CLUB-PELL CITY,Lieutenant Governor,,REP,Nicole Jones Wadsworth,26
St. Clair,0015 BOYS&GIRLS CLUB-PELL CITY,Lieutenant Governor,,REP,Pat Bishop,10
St. Clair,0015 BOYS&GIRLS CLUB-PELL CITY,Lieutenant Governor,,REP,Rick Pate,22
St. Clair,0015 BOYS&GIRLS CLUB-PELL CITY,Lieutenant Governor,,REP,Stewart Hill Tankersley,5
St. Clair,0015 BOYS&GIRLS CLUB-PELL CITY,Lieutenant Governor,,REP,Wes Allen,147
St. Clair,0015 BOYS&GIRLS CLUB-PELL CITY,"Member, St. Clair County Commission, District No. 1",,REP,Adam Pardue,174
St. Clair,0015 BOYS&GIRLS CLUB-PELL CITY,"Member, St. Clair County Commission, District No. 1",,REP,Katrina Hennings,142
St. Clair,0015 BOYS&GIRLS CLUB-PELL CITY,"Member, St. Clair County Commission, District No. 1",,REP,Shane Thomas,69
St. Clair,0015 BOYS&GIRLS CLUB-PELL CITY,"Public Service Commission, Place No. 1",,REP,Jeremy H. Oden,102
St. Clair,0015 BOYS&GIRLS CLUB-PELL CITY,"Public Service Commission, Place No. 1",,REP,Matt Gentry,278
St. Clair,0015 BOYS&GIRLS CLUB-PELL CITY,"Public Service Commission, Place No. 2",,REP,Brent Woodall,57
St. Clair,0015 BOYS&GIRLS CLUB-PELL CITY,"Public Service Commission, Place No. 2",,REP,Chris Beeker,110
St. Clair,0015 BOYS&GIRLS CLUB-PELL CITY,"Public Service Commission, Place No. 2",,REP,Jim Zig Zeigler,164
St. Clair,0015 BOYS&GIRLS CLUB-PELL CITY,"Public Service Commission, Place No. 2",,REP,Priscilla Andrews,47
St. Clair,0015 BOYS&GIRLS CLUB-PELL CITY,Secretary of State,,REP,Caroleene Dobson,237
St. Clair,0015 BOYS&GIRLS CLUB-PELL CITY,Secretary of State,,REP,Christopher Christian Horn,97
St. Clair,0015 BOYS&GIRLS CLUB-PELL CITY,Secretary of State,,REP,Glenda S. Jackson,50
St. Clair,0015 BOYS&GIRLS CLUB-PELL CITY,State Auditor,,REP,Andrew Sorrell,263
St. Clair,0015 BOYS&GIRLS CLUB-PELL CITY,State Auditor,,REP,Derek Chen,123
St. Clair,0015 BOYS&GIRLS CLUB-PELL CITY,State Board of Education,6,REP,Cathi Bradford,160
St. Clair,0015 BOYS&GIRLS CLUB-PELL CITY,State Board of Education,6,REP,Marie Manning,239
St. Clair,0015 BOYS&GIRLS CLUB-PELL CITY,"State Republican Executive Committee, St. Clair County, Place 4",,REP,Ashley Tortorigi Hilburn,88
St. Clair,0015 BOYS&GIRLS CLUB-PELL CITY,"State Republican Executive Committee, St. Clair County, Place 3",,REP,Bill Morris,207
St. Clair,0015 BOYS&GIRLS CLUB-PELL CITY,"State Republican Executive Committee, St. Clair County, Place No 1",,REP,Brandon Moseley,121
St. Clair,0015 BOYS&GIRLS CLUB-PELL CITY,"State Republican Executive Committee, St. Clair County, Place 4",,REP,Cathy Wise Fine,256
St. Clair,0015 BOYS&GIRLS CLUB-PELL CITY,"State Republican Executive Committee, St. Clair County, Place 3",,REP,Katherine Holloway,150
St. Clair,0015 BOYS&GIRLS CLUB-PELL CITY,"State Republican Executive Committee, St. Clair County, Place No 1",,REP,"Kathryn ""Kathy"" Burke",193
St. Clair,0015 BOYS&GIRLS CLUB-PELL CITY,"State Republican Executive Committee, St. Clair County, Place No 1",,REP,Matt Tortorice,43
St. Clair,0015 BOYS&GIRLS CLUB-PELL CITY,State Treasurer,,REP,Steve Lolley,154
St. Clair,0015 BOYS&GIRLS CLUB-PELL CITY,State Treasurer,,REP,Young Boozer,233
St. Clair,0015 BOYS&GIRLS CLUB-PELL CITY,U.S. House,3,REP,Mike Rogers,325
St. Clair,0015 BOYS&GIRLS CLUB-PELL CITY,U.S. House,3,REP,Terri LaPoint,78
St. Clair,0015 BOYS&GIRLS CLUB-PELL CITY,U.S. Senate,,REP,Barry Moore,132
St. Clair,0015 BOYS&GIRLS CLUB-PELL CITY,U.S. Senate,,REP,Dale Shelton Deas Jr.,6
St. Clair,0015 BOYS&GIRLS CLUB-PELL CITY,U.S. Senate,,REP,Jared Hudson,144
St. Clair,0015 BOYS&GIRLS CLUB-PELL CITY,U.S. Senate,,REP,Morgan Murphy,9
St. Clair,0015 BOYS&GIRLS CLUB-PELL CITY,U.S. Senate,,REP,Rodney Walker,9
St. Clair,0015 BOYS&GIRLS CLUB-PELL CITY,U.S. Senate,,REP,Seth Burton,10
St. Clair,0015 BOYS&GIRLS CLUB-PELL CITY,U.S. Senate,,REP,Steve Marshall,100
St. Clair,0016 COOK SPRGS BAPT CH,Governor,,DEM,Will Boyd,3
St. Clair,0016 COOK SPRGS BAPT CH,Governor,,DEM,Jamel J. Brown,0
St. Clair,0016 COOK SPRGS BAPT CH,Governor,,DEM,Yolanda Rochelle Flowers,1
St. Clair,0016 COOK SPRGS BAPT CH,Governor,,DEM,Doug Jones,23
St. Clair,0016 COOK SPRGS BAPT CH,Governor,,DEM,"Chad ""Chig"" Martin",0
St. Clair,0016 COOK SPRGS BAPT CH,Governor,,DEM,"Nathan ""Nate"" Mathis",0
St. Clair,0016 COOK SPRGS BAPT CH,Lieutenant Governor,,DEM,Phillip Ensler,17
St. Clair,0016 COOK SPRGS BAPT CH,Lieutenant Governor,,DEM,Darryl D. Perryman,8
St. Clair,0016 COOK SPRGS BAPT CH,U.S. Senate,,DEM,Dakarai Larriett,3
St. Clair,0016 COOK SPRGS BAPT CH,U.S. Senate,,DEM,Kyle Sweetser,12
St. Clair,0016 COOK SPRGS BAPT CH,U.S. Senate,,DEM,Everett Wess,4
St. Clair,0016 COOK SPRGS BAPT CH,U.S. Senate,,DEM,Mark S. Wheeler II,6
St. Clair,0016 COOK SPRGS BAPT CH,"Public Service Commissioner, Place 1",,DEM,James O. Gordon,7
St. Clair,0016 COOK SPRGS BAPT CH,"Public Service Commissioner, Place 1",,DEM,John Northrop,7
St. Clair,0016 COOK SPRGS BAPT CH,"Public Service Commissioner, Place 1",,DEM,Jeff Ramsey,10
St. Clair,0016 COOK SPRGS BAPT CH,Attorney General,,REP,Jay Mitchell,79
St. Clair,0016 COOK SPRGS BAPT CH,Attorney General,,REP,Katherine Robertson,80
St. Clair,0016 COOK SPRGS BAPT CH,Attorney General,,REP,Pamela L. Casey,77
St. Clair,0016 COOK SPRGS BAPT CH,"Chairman, St. Clair County Commission",,REP,Stan Batemon,120
St. Clair,0016 COOK SPRGS BAPT CH,"Chairman, St. Clair County Commission",,REP,David Evans,121
St. Clair,0016 COOK SPRGS BAPT CH,Commissioner of Agriculture and Industries,,REP,Christina Woerner McInnis,82
St. Clair,0016 COOK SPRGS BAPT CH,Commissioner of Agriculture and Industries,,REP,Cory Hill,66
St. Clair,0016 COOK SPRGS BAPT CH,Commissioner of Agriculture and Industries,,REP,Jack Williams,81
St. Clair,0016 COOK SPRGS BAPT CH,County (All),,REP,Allison G. Gray,76
St. Clair,0016 COOK SPRGS BAPT CH,County (All),,REP,Greg Cobb,144
St. Clair,0016 COOK SPRGS BAPT CH,Governor,,REP,"""Alabama"" Will Santivasci",15
St. Clair,0016 COOK SPRGS BAPT CH,Governor,,REP,Ken McFeeters,30
St. Clair,0016 COOK SPRGS BAPT CH,Governor,,REP,Thomas Tuberville,208
St. Clair,0016 COOK SPRGS BAPT CH,Lieutenant Governor,,REP,George Childress,7
St. Clair,0016 COOK SPRGS BAPT CH,Lieutenant Governor,,REP,John Wahl,115
St. Clair,0016 COOK SPRGS BAPT CH,Lieutenant Governor,,REP,Nicole Jones Wadsworth,15
St. Clair,0016 COOK SPRGS BAPT CH,Lieutenant Governor,,REP,Pat Bishop,9
St. Clair,0016 COOK SPRGS BAPT CH,Lieutenant Governor,,REP,Rick Pate,10
St. Clair,0016 COOK SPRGS BAPT CH,Lieutenant Governor,,REP,Stewart Hill Tankersley,2
St. Clair,0016 COOK SPRGS BAPT CH,Lieutenant Governor,,REP,Wes Allen,87
St. Clair,0016 COOK SPRGS BAPT CH,"Member, St. Clair County Commission, District No. 1",,REP,Adam Pardue,117
St. Clair,0016 COOK SPRGS BAPT CH,"Member, St. Clair County Commission, District No. 1",,REP,Katrina Hennings,75
St. Clair,0016 COOK SPRGS BAPT CH,"Member, St. Clair County Commission, District No. 1",,REP,Shane Thomas,42
St. Clair,0016 COOK SPRGS BAPT CH,"Public Service Commission, Place No. 1",,REP,Jeremy H. Oden,69
St. Clair,0016 COOK SPRGS BAPT CH,"Public Service Commission, Place No. 1",,REP,Matt Gentry,171
St. Clair,0016 COOK SPRGS BAPT CH,"Public Service Commission, Place No. 2",,REP,Brent Woodall,38
St. Clair,0016 COOK SPRGS BAPT CH,"Public Service Commission, Place No. 2",,REP,Chris Beeker,78
St. Clair,0016 COOK SPRGS BAPT CH,"Public Service Commission, Place No. 2",,REP,Jim Zig Zeigler,98
St. Clair,0016 COOK SPRGS BAPT CH,"Public Service Commission, Place No. 2",,REP,Priscilla Andrews,22
St. Clair,0016 COOK SPRGS BAPT CH,Secretary of State,,REP,Caroleene Dobson,140
St. Clair,0016 COOK SPRGS BAPT CH,Secretary of State,,REP,Christopher Christian Horn,54
St. Clair,0016 COOK SPRGS BAPT CH,Secretary of State,,REP,Glenda S. Jackson,40
St. Clair,0016 COOK SPRGS BAPT CH,State Auditor,,REP,Andrew Sorrell,164
St. Clair,0016 COOK SPRGS BAPT CH,State Auditor,,REP,Derek Chen,71
St. Clair,0016 COOK SPRGS BAPT CH,State Board of Education,6,REP,Cathi Bradford,115
St. Clair,0016 COOK SPRGS BAPT CH,State Board of Education,6,REP,Marie Manning,129
St. Clair,0016 COOK SPRGS BAPT CH,"State House, District 45",45,REP,John Dawson,0
St. Clair,0016 COOK SPRGS BAPT CH,"State House, District 45",45,REP,Susan Dubose,1
St. Clair,0016 COOK SPRGS BAPT CH,"State House, District 50",50,REP,Bill Morris,104
St. Clair,0016 COOK SPRGS BAPT CH,"State House, District 50",50,REP,Bryan K Newell,49
St. Clair,0016 COOK SPRGS BAPT CH,"State Republican Executive Committee, St. Clair County, Place 4",,REP,Ashley Tortorigi Hilburn,76
St. Clair,0016 COOK SPRGS BAPT CH,"State Republican Executive Committee, St. Clair County, Place 3",,REP,Bill Morris,141
St. Clair,0016 COOK SPRGS BAPT CH,"State Republican Executive Committee, St. Clair County, Place No 1",,REP,Brandon Moseley,85
St. Clair,0016 COOK SPRGS BAPT CH,"State Republican Executive Committee, St. Clair County, Place 4",,REP,Cathy Wise Fine,144
St. Clair,0016 COOK SPRGS BAPT CH,"State Republican Executive Committee, St. Clair County, Place 3",,REP,Katherine Holloway,85
St. Clair,0016 COOK SPRGS BAPT CH,"State Republican Executive Committee, St. Clair County, Place No 1",,REP,"Kathryn ""Kathy"" Burke",106
St. Clair,0016 COOK SPRGS BAPT CH,"State Republican Executive Committee, St. Clair County, Place No 1",,REP,Matt Tortorice,29
St. Clair,0016 COOK SPRGS BAPT CH,State Treasurer,,REP,Steve Lolley,83
St. Clair,0016 COOK SPRGS BAPT CH,State Treasurer,,REP,Young Boozer,155
St. Clair,0016 COOK SPRGS BAPT CH,U.S. House,3,REP,Mike Rogers,192
St. Clair,0016 COOK SPRGS BAPT CH,U.S. House,3,REP,Terri LaPoint,56
St. Clair,0016 COOK SPRGS BAPT CH,U.S. Senate,,REP,Barry Moore,73
St. Clair,0016 COOK SPRGS BAPT CH,U.S. Senate,,REP,Dale Shelton Deas Jr.,1
St. Clair,0016 COOK SPRGS BAPT CH,U.S. Senate,,REP,Jared Hudson,94
St. Clair,0016 COOK SPRGS BAPT CH,U.S. Senate,,REP,Morgan Murphy,3
St. Clair,0016 COOK SPRGS BAPT CH,U.S. Senate,,REP,Rodney Walker,9
St. Clair,0016 COOK SPRGS BAPT CH,U.S. Senate,,REP,Seth Burton,4
St. Clair,0016 COOK SPRGS BAPT CH,U.S. Senate,,REP,Steve Marshall,68
St. Clair,0017 MOODY CIVIC CTR.,Governor,,DEM,Will Boyd,38
St. Clair,0017 MOODY CIVIC CTR.,Governor,,DEM,Jamel J. Brown,7
St. Clair,0017 MOODY CIVIC CTR.,Governor,,DEM,Yolanda Rochelle Flowers,22
St. Clair,0017 MOODY CIVIC CTR.,Governor,,DEM,Doug Jones,461
St. Clair,0017 MOODY CIVIC CTR.,Governor,,DEM,"Chad ""Chig"" Martin",8
St. Clair,0017 MOODY CIVIC CTR.,Governor,,DEM,"Nathan ""Nate"" Mathis",2
St. Clair,0017 MOODY CIVIC CTR.,Lieutenant Governor,,DEM,Phillip Ensler,274
St. Clair,0017 MOODY CIVIC CTR.,Lieutenant Governor,,DEM,Darryl D. Perryman,232
St. Clair,0017 MOODY CIVIC CTR.,U.S. Senate,,DEM,Dakarai Larriett,179
St. Clair,0017 MOODY CIVIC CTR.,U.S. Senate,,DEM,Kyle Sweetser,81
St. Clair,0017 MOODY CIVIC CTR.,U.S. Senate,,DEM,Everett Wess,144
St. Clair,0017 MOODY CIVIC CTR.,U.S. Senate,,DEM,Mark S. Wheeler II,111
St. Clair,0017 MOODY CIVIC CTR.,"Public Service Commissioner, Place 1",,DEM,James O. Gordon,220
St. Clair,0017 MOODY CIVIC CTR.,"Public Service Commissioner, Place 1",,DEM,John Northrop,96
St. Clair,0017 MOODY CIVIC CTR.,"Public Service Commissioner, Place 1",,DEM,Jeff Ramsey,194
St. Clair,0017 MOODY CIVIC CTR.,Attorney General,,REP,Jay Mitchell,363
St. Clair,0017 MOODY CIVIC CTR.,Attorney General,,REP,Katherine Robertson,441
St. Clair,0017 MOODY CIVIC CTR.,Attorney General,,REP,Pamela L. Casey,322
St. Clair,0017 MOODY CIVIC CTR.,"Chairman, St. Clair County Commission",,REP,Stan Batemon,635
St. Clair,0017 MOODY CIVIC CTR.,"Chairman, St. Clair County Commission",,REP,David Evans,469
St. Clair,0017 MOODY CIVIC CTR.,Commissioner of Agriculture and Industries,,REP,Christina Woerner McInnis,309
St. Clair,0017 MOODY CIVIC CTR.,Commissioner of Agriculture and Industries,,REP,Cory Hill,380
St. Clair,0017 MOODY CIVIC CTR.,Commissioner of Agriculture and Industries,,REP,Jack Williams,367
St. Clair,0017 MOODY CIVIC CTR.,County (All),,REP,Allison G. Gray,373
St. Clair,0017 MOODY CIVIC CTR.,County (All),,REP,Greg Cobb,644
St. Clair,0017 MOODY CIVIC CTR.,Governor,,REP,"""Alabama"" Will Santivasci",64
St. Clair,0017 MOODY CIVIC CTR.,Governor,,REP,Ken McFeeters,114
St. Clair,0017 MOODY CIVIC CTR.,Governor,,REP,Thomas Tuberville,1012
St. Clair,0017 MOODY CIVIC CTR.,Lieutenant Governor,,REP,George Childress,24
St. Clair,0017 MOODY CIVIC CTR.,Lieutenant Governor,,REP,John Wahl,487
St. Clair,0017 MOODY CIVIC CTR.,Lieutenant Governor,,REP,Nicole Jones Wadsworth,58
St. Clair,0017 MOODY CIVIC CTR.,Lieutenant Governor,,REP,Pat Bishop,40
St. Clair,0017 MOODY CIVIC CTR.,Lieutenant Governor,,REP,Rick Pate,52
St. Clair,0017 MOODY CIVIC CTR.,Lieutenant Governor,,REP,Stewart Hill Tankersley,24
St. Clair,0017 MOODY CIVIC CTR.,Lieutenant Governor,,REP,Wes Allen,453
St. Clair,0017 MOODY CIVIC CTR.,"Member, St. Clair County Commission, District No. 1",,REP,Adam Pardue,416
St. Clair,0017 MOODY CIVIC CTR.,"Member, St. Clair County Commission, District No. 1",,REP,Katrina Hennings,436
St. Clair,0017 MOODY CIVIC CTR.,"Member, St. Clair County Commission, District No. 1",,REP,Shane Thomas,215
St. Clair,0017 MOODY CIVIC CTR.,"Public Service Commission, Place No. 1",,REP,Jeremy H. Oden,239
St. Clair,0017 MOODY CIVIC CTR.,"Public Service Commission, Place No. 1",,REP,Matt Gentry,827
St. Clair,0017 MOODY CIVIC CTR.,"Public Service Commission, Place No. 2",,REP,Brent Woodall,205
St. Clair,0017 MOODY CIVIC CTR.,"Public Service Commission, Place No. 2",,REP,Chris Beeker,289
St. Clair,0017 MOODY CIVIC CTR.,"Public Service Commission, Place No. 2",,REP,Jim Zig Zeigler,441
St. Clair,0017 MOODY CIVIC CTR.,"Public Service Commission, Place No. 2",,REP,Priscilla Andrews,123
St. Clair,0017 MOODY CIVIC CTR.,Secretary of State,,REP,Caroleene Dobson,696
St. Clair,0017 MOODY CIVIC CTR.,Secretary of State,,REP,Christopher Christian Horn,247
St. Clair,0017 MOODY CIVIC CTR.,Secretary of State,,REP,Glenda S. Jackson,121
St. Clair,0017 MOODY CIVIC CTR.,State Auditor,,REP,Andrew Sorrell,701
St. Clair,0017 MOODY CIVIC CTR.,State Auditor,,REP,Derek Chen,382
St. Clair,0017 MOODY CIVIC CTR.,State Board of Education,6,REP,Cathi Bradford,500
St. Clair,0017 MOODY CIVIC CTR.,State Board of Education,6,REP,Marie Manning,583
St. Clair,0017 MOODY CIVIC CTR.,"State House, District 50",50,REP,Bill Morris,723
St. Clair,0017 MOODY CIVIC CTR.,"State House, District 50",50,REP,Bryan K Newell,418
St. Clair,0017 MOODY CIVIC CTR.,"State Republican Executive Committee, St. Clair County, Place 4",,REP,Ashley Tortorigi Hilburn,373
St. Clair,0017 MOODY CIVIC CTR.,"State Republican Executive Committee, St. Clair County, Place 3",,REP,Bill Morris,708
St. Clair,0017 MOODY CIVIC CTR.,"State Republican Executive Committee, St. Clair County, Place No 1",,REP,Brandon Moseley,281
St. Clair,0017 MOODY CIVIC CTR.,"State Republican Executive Committee, St. Clair County, Place 4",,REP,Cathy Wise Fine,644
St. Clair,0017 MOODY CIVIC CTR.,"State Republican Executive Committee, St. Clair County, Place 3",,REP,Katherine Holloway,403
St. Clair,0017 MOODY CIVIC CTR.,"State Republican Executive Committee, St. Clair County, Place No 1",,REP,"Kathryn ""Kathy"" Burke",461
St. Clair,0017 MOODY CIVIC CTR.,"State Republican Executive Committee, St. Clair County, Place No 1",,REP,Matt Tortorice,262
St. Clair,0017 MOODY CIVIC CTR.,State Treasurer,,REP,Steve Lolley,419
St. Clair,0017 MOODY CIVIC CTR.,State Treasurer,,REP,Young Boozer,676
St. Clair,0017 MOODY CIVIC CTR.,U.S. House,3,REP,Mike Rogers,874
St. Clair,0017 MOODY CIVIC CTR.,U.S. House,3,REP,Terri LaPoint,255
St. Clair,0017 MOODY CIVIC CTR.,U.S. Senate,,REP,Barry Moore,294
St. Clair,0017 MOODY CIVIC CTR.,U.S. Senate,,REP,Dale Shelton Deas Jr.,18
St. Clair,0017 MOODY CIVIC CTR.,U.S. Senate,,REP,Jared Hudson,444
St. Clair,0017 MOODY CIVIC CTR.,U.S. Senate,,REP,Morgan Murphy,11
St. Clair,0017 MOODY CIVIC CTR.,U.S. Senate,,REP,Rodney Walker,24
St. Clair,0017 MOODY CIVIC CTR.,U.S. Senate,,REP,Seth Burton,27
St. Clair,0017 MOODY CIVIC CTR.,U.S. Senate,,REP,Steve Marshall,340
St. Clair,0018 PINEDALE VFD,Governor,,DEM,Will Boyd,0
St. Clair,0018 PINEDALE VFD,Governor,,DEM,Jamel J. Brown,0
St. Clair,0018 PINEDALE VFD,Governor,,DEM,Yolanda Rochelle Flowers,1
St. Clair,0018 PINEDALE VFD,Governor,,DEM,Doug Jones,11
St. Clair,0018 PINEDALE VFD,Governor,,DEM,"Chad ""Chig"" Martin",1
St. Clair,0018 PINEDALE VFD,Governor,,DEM,"Nathan ""Nate"" Mathis",1
St. Clair,0018 PINEDALE VFD,Lieutenant Governor,,DEM,Phillip Ensler,10
St. Clair,0018 PINEDALE VFD,Lieutenant Governor,,DEM,Darryl D. Perryman,4
St. Clair,0018 PINEDALE VFD,U.S. Senate,,DEM,Dakarai Larriett,4
St. Clair,0018 PINEDALE VFD,U.S. Senate,,DEM,Kyle Sweetser,1
St. Clair,0018 PINEDALE VFD,U.S. Senate,,DEM,Everett Wess,5
St. Clair,0018 PINEDALE VFD,U.S. Senate,,DEM,Mark S. Wheeler II,4
St. Clair,0018 PINEDALE VFD,"Public Service Commissioner, Place 1",,DEM,James O. Gordon,2
St. Clair,0018 PINEDALE VFD,"Public Service Commissioner, Place 1",,DEM,John Northrop,5
St. Clair,0018 PINEDALE VFD,"Public Service Commissioner, Place 1",,DEM,Jeff Ramsey,7
St. Clair,0018 PINEDALE VFD,Attorney General,,REP,Jay Mitchell,54
St. Clair,0018 PINEDALE VFD,Attorney General,,REP,Katherine Robertson,55
St. Clair,0018 PINEDALE VFD,Attorney General,,REP,Pamela L. Casey,41
St. Clair,0018 PINEDALE VFD,"Chairman, St. Clair County Commission",,REP,Stan Batemon,55
St. Clair,0018 PINEDALE VFD,"Chairman, St. Clair County Commission",,REP,David Evans,87
St. Clair,0018 PINEDALE VFD,Commissioner of Agriculture and Industries,,REP,Christina Woerner McInnis,51
St. Clair,0018 PINEDALE VFD,Commissioner of Agriculture and Industries,,REP,Cory Hill,50
St. Clair,0018 PINEDALE VFD,Commissioner of Agriculture and Industries,,REP,Jack Williams,42
St. Clair,0018 PINEDALE VFD,County (All),,REP,Allison G. Gray,28
St. Clair,0018 PINEDALE VFD,County (All),,REP,Greg Cobb,102
St. Clair,0018 PINEDALE VFD,Governor,,REP,"""Alabama"" Will Santivasci",6
St. Clair,0018 PINEDALE VFD,Governor,,REP,Ken McFeeters,6
St. Clair,0018 PINEDALE VFD,Governor,,REP,Thomas Tuberville,146
St. Clair,0018 PINEDALE VFD,Lieutenant Governor,,REP,George Childress,3
St. Clair,0018 PINEDALE VFD,Lieutenant Governor,,REP,John Wahl,62
St. Clair,0018 PINEDALE VFD,Lieutenant Governor,,REP,Nicole Jones Wadsworth,7
St. Clair,0018 PINEDALE VFD,Lieutenant Governor,,REP,Pat Bishop,5
St. Clair,0018 PINEDALE VFD,Lieutenant Governor,,REP,Rick Pate,13
St. Clair,0018 PINEDALE VFD,Lieutenant Governor,,REP,Stewart Hill Tankersley,3
St. Clair,0018 PINEDALE VFD,Lieutenant Governor,,REP,Wes Allen,51
St. Clair,0018 PINEDALE VFD,"Member, St. Clair County Commission, District No. 1",,REP,Adam Pardue,47
St. Clair,0018 PINEDALE VFD,"Member, St. Clair County Commission, District No. 1",,REP,Katrina Hennings,60
St. Clair,0018 PINEDALE VFD,"Member, St. Clair County Commission, District No. 1",,REP,Shane Thomas,37
St. Clair,0018 PINEDALE VFD,"Public Service Commission, Place No. 1",,REP,Jeremy H. Oden,42
St. Clair,0018 PINEDALE VFD,"Public Service Commission, Place No. 1",,REP,Matt Gentry,99
St. Clair,0018 PINEDALE VFD,"Public Service Commission, Place No. 2",,REP,Brent Woodall,33
St. Clair,0018 PINEDALE VFD,"Public Service Commission, Place No. 2",,REP,Chris Beeker,43
St. Clair,0018 PINEDALE VFD,"Public Service Commission, Place No. 2",,REP,Jim Zig Zeigler,50
St. Clair,0018 PINEDALE VFD,"Public Service Commission, Place No. 2",,REP,Priscilla Andrews,17
St. Clair,0018 PINEDALE VFD,Secretary of State,,REP,Caroleene Dobson,74
St. Clair,0018 PINEDALE VFD,Secretary of State,,REP,Christopher Christian Horn,48
St. Clair,0018 PINEDALE VFD,Secretary of State,,REP,Glenda S. Jackson,16
St. Clair,0018 PINEDALE VFD,State Auditor,,REP,Andrew Sorrell,92
St. Clair,0018 PINEDALE VFD,State Auditor,,REP,Derek Chen,43
St. Clair,0018 PINEDALE VFD,State Board of Education,6,REP,Cathi Bradford,58
St. Clair,0018 PINEDALE VFD,State Board of Education,6,REP,Marie Manning,82
St. Clair,0018 PINEDALE VFD,"State Republican Executive Committee, St. Clair County, Place 4",,REP,Ashley Tortorigi Hilburn,28
St. Clair,0018 PINEDALE VFD,"State Republican Executive Committee, St. Clair County, Place 3",,REP,Bill Morris,72
St. Clair,0018 PINEDALE VFD,"State Republican Executive Committee, St. Clair County, Place No 1",,REP,Brandon Moseley,45
St. Clair,0018 PINEDALE VFD,"State Republican Executive Committee, St. Clair County, Place 4",,REP,Cathy Wise Fine,102
St. Clair,0018 PINEDALE VFD,"State Republican Executive Committee, St. Clair County, Place 3",,REP,Katherine Holloway,56
St. Clair,0018 PINEDALE VFD,"State Republican Executive Committee, St. Clair County, Place No 1",,REP,"Kathryn ""Kathy"" Burke",65
St. Clair,0018 PINEDALE VFD,"State Republican Executive Committee, St. Clair County, Place No 1",,REP,Matt Tortorice,15
St. Clair,0018 PINEDALE VFD,State Treasurer,,REP,Steve Lolley,60
St. Clair,0018 PINEDALE VFD,State Treasurer,,REP,Young Boozer,84
St. Clair,0018 PINEDALE VFD,U.S. House,3,REP,Mike Rogers,123
St. Clair,0018 PINEDALE VFD,U.S. House,3,REP,Terri LaPoint,27
St. Clair,0018 PINEDALE VFD,U.S. Senate,,REP,Barry Moore,67
St. Clair,0018 PINEDALE VFD,U.S. Senate,,REP,Dale Shelton Deas Jr.,5
St. Clair,0018 PINEDALE VFD,U.S. Senate,,REP,Jared Hudson,46
St. Clair,0018 PINEDALE VFD,U.S. Senate,,REP,Morgan Murphy,1
St. Clair,0018 PINEDALE VFD,U.S. Senate,,REP,Rodney Walker,4
St. Clair,0018 PINEDALE VFD,U.S. Senate,,REP,Seth Burton,0
St. Clair,0018 PINEDALE VFD,U.S. Senate,,REP,Steve Marshall,33
St. Clair,0019 CROPWELL BAPTIST CH,Governor,,DEM,Will Boyd,28
St. Clair,0019 CROPWELL BAPTIST CH,Governor,,DEM,Jamel J. Brown,4
St. Clair,0019 CROPWELL BAPTIST CH,Governor,,DEM,Yolanda Rochelle Flowers,6
St. Clair,0019 CROPWELL BAPTIST CH,Governor,,DEM,Doug Jones,174
St. Clair,0019 CROPWELL BAPTIST CH,Governor,,DEM,"Chad ""Chig"" Martin",9
St. Clair,0019 CROPWELL BAPTIST CH,Governor,,DEM,"Nathan ""Nate"" Mathis",2
St. Clair,0019 CROPWELL BAPTIST CH,Lieutenant Governor,,DEM,Phillip Ensler,117
St. Clair,0019 CROPWELL BAPTIST CH,Lieutenant Governor,,DEM,Darryl D. Perryman,93
St. Clair,0019 CROPWELL BAPTIST CH,U.S. Senate,,DEM,Dakarai Larriett,80
St. Clair,0019 CROPWELL BAPTIST CH,U.S. Senate,,DEM,Kyle Sweetser,20
St. Clair,0019 CROPWELL BAPTIST CH,U.S. Senate,,DEM,Everett Wess,72
St. Clair,0019 CROPWELL BAPTIST CH,U.S. Senate,,DEM,Mark S. Wheeler II,40
St. Clair,0019 CROPWELL BAPTIST CH,"Public Service Commissioner, Place 1",,DEM,James O. Gordon,121
St. Clair,0019 CROPWELL BAPTIST CH,"Public Service Commissioner, Place 1",,DEM,John Northrop,37
St. Clair,0019 CROPWELL BAPTIST CH,"Public Service Commissioner, Place 1",,DEM,Jeff Ramsey,50
St. Clair,0019 CROPWELL BAPTIST CH,Attorney General,,REP,Jay Mitchell,344
St. Clair,0019 CROPWELL BAPTIST CH,Attorney General,,REP,Katherine Robertson,396
St. Clair,0019 CROPWELL BAPTIST CH,Attorney General,,REP,Pamela L. Casey,204
St. Clair,0019 CROPWELL BAPTIST CH,"Chairman, St. Clair County Commission",,REP,Stan Batemon,542
St. Clair,0019 CROPWELL BAPTIST CH,"Chairman, St. Clair County Commission",,REP,David Evans,399
St. Clair,0019 CROPWELL BAPTIST CH,Commissioner of Agriculture and Industries,,REP,Christina Woerner McInnis,300
St. Clair,0019 CROPWELL BAPTIST CH,Commissioner of Agriculture and Industries,,REP,Cory Hill,278
St. Clair,0019 CROPWELL BAPTIST CH,Commissioner of Agriculture and Industries,,REP,Jack Williams,309
St. Clair,0019 CROPWELL BAPTIST CH,County (All),,REP,Allison G. Gray,223
St. Clair,0019 CROPWELL BAPTIST CH,County (All),,REP,Greg Cobb,575
St. Clair,0019 CROPWELL BAPTIST CH,Governor,,REP,"""Alabama"" Will Santivasci",35
St. Clair,0019 CROPWELL BAPTIST CH,Governor,,REP,Ken McFeeters,54
St. Clair,0019 CROPWELL BAPTIST CH,Governor,,REP,Thomas Tuberville,890
St. Clair,0019 CROPWELL BAPTIST CH,Lieutenant Governor,,REP,George Childress,13
St. Clair,0019 CROPWELL BAPTIST CH,Lieutenant Governor,,REP,John Wahl,386
St. Clair,0019 CROPWELL BAPTIST CH,Lieutenant Governor,,REP,Nicole Jones Wadsworth,28
St. Clair,0019 CROPWELL BAPTIST CH,Lieutenant Governor,,REP,Pat Bishop,31
St. Clair,0019 CROPWELL BAPTIST CH,Lieutenant Governor,,REP,Rick Pate,70
St. Clair,0019 CROPWELL BAPTIST CH,Lieutenant Governor,,REP,Stewart Hill Tankersley,20
St. Clair,0019 CROPWELL BAPTIST CH,Lieutenant Governor,,REP,Wes Allen,398
St. Clair,0019 CROPWELL BAPTIST CH,"Member, St. Clair County Commission, District No. 1",,REP,Adam Pardue,324
St. Clair,0019 CROPWELL BAPTIST CH,"Member, St. Clair County Commission, District No. 1",,REP,Katrina Hennings,462
St. Clair,0019 CROPWELL BAPTIST CH,"Member, St. Clair County Commission, District No. 1",,REP,Shane Thomas,127
St. Clair,0019 CROPWELL BAPTIST CH,"Public Service Commission, Place No. 1",,REP,Jeremy H. Oden,218
St. Clair,0019 CROPWELL BAPTIST CH,"Public Service Commission, Place No. 1",,REP,Matt Gentry,662
St. Clair,0019 CROPWELL BAPTIST CH,"Public Service Commission, Place No. 2",,REP,Brent Woodall,154
St. Clair,0019 CROPWELL BAPTIST CH,"Public Service Commission, Place No. 2",,REP,Chris Beeker,287
St. Clair,0019 CROPWELL BAPTIST CH,"Public Service Commission, Place No. 2",,REP,Jim Zig Zeigler,358
St. Clair,0019 CROPWELL BAPTIST CH,"Public Service Commission, Place No. 2",,REP,Priscilla Andrews,91
St. Clair,0019 CROPWELL BAPTIST CH,Secretary of State,,REP,Caroleene Dobson,632
St. Clair,0019 CROPWELL BAPTIST CH,Secretary of State,,REP,Christopher Christian Horn,187
St. Clair,0019 CROPWELL BAPTIST CH,Secretary of State,,REP,Glenda S. Jackson,84
St. Clair,0019 CROPWELL BAPTIST CH,State Auditor,,REP,Andrew Sorrell,574
St. Clair,0019 CROPWELL BAPTIST CH,State Auditor,,REP,Derek Chen,325
St. Clair,0019 CROPWELL BAPTIST CH,State Board of Education,6,REP,Cathi Bradford,334
St. Clair,0019 CROPWELL BAPTIST CH,State Board of Education,6,REP,Marie Manning,590
St. Clair,0019 CROPWELL BAPTIST CH,"State Republican Executive Committee, St. Clair County, Place 4",,REP,Ashley Tortorigi Hilburn,223
St. Clair,0019 CROPWELL BAPTIST CH,"State Republican Executive Committee, St. Clair County, Place 3",,REP,Bill Morris,487
St. Clair,0019 CROPWELL BAPTIST CH,"State Republican Executive Committee, St. Clair County, Place No 1",,REP,Brandon Moseley,216
St. Clair,0019 CROPWELL BAPTIST CH,"State Republican Executive Committee, St. Clair County, Place 4",,REP,Cathy Wise Fine,575
St. Clair,0019 CROPWELL BAPTIST CH,"State Republican Executive Committee, St. Clair County, Place 3",,REP,Katherine Holloway,328
St. Clair,0019 CROPWELL BAPTIST CH,"State Republican Executive Committee, St. Clair County, Place No 1",,REP,"Kathryn ""Kathy"" Burke",499
St. Clair,0019 CROPWELL BAPTIST CH,"State Republican Executive Committee, St. Clair County, Place No 1",,REP,Matt Tortorice,114
St. Clair,0019 CROPWELL BAPTIST CH,State Treasurer,,REP,Steve Lolley,305
St. Clair,0019 CROPWELL BAPTIST CH,State Treasurer,,REP,Young Boozer,610
St. Clair,0019 CROPWELL BAPTIST CH,U.S. House,3,REP,Mike Rogers,781
St. Clair,0019 CROPWELL BAPTIST CH,U.S. House,3,REP,Terri LaPoint,164
St. Clair,0019 CROPWELL BAPTIST CH,U.S. Senate,,REP,Barry Moore,289
St. Clair,0019 CROPWELL BAPTIST CH,U.S. Senate,,REP,Dale Shelton Deas Jr.,10
St. Clair,0019 CROPWELL BAPTIST CH,U.S. Senate,,REP,Jared Hudson,281
St. Clair,0019 CROPWELL BAPTIST CH,U.S. Senate,,REP,Morgan Murphy,8
St. Clair,0019 CROPWELL BAPTIST CH,U.S. Senate,,REP,Rodney Walker,25
St. Clair,0019 CROPWELL BAPTIST CH,U.S. Senate,,REP,Seth Burton,15
St. Clair,0019 CROPWELL BAPTIST CH,U.S. Senate,,REP,Steve Marshall,342
St. Clair,0020 RIVERSIDE COMM. CTR,Governor,,DEM,Will Boyd,7
St. Clair,0020 RIVERSIDE COMM. CTR,Governor,,DEM,Jamel J. Brown,2
St. Clair,0020 RIVERSIDE COMM. CTR,Governor,,DEM,Yolanda Rochelle Flowers,3
St. Clair,0020 RIVERSIDE COMM. CTR,Governor,,DEM,Doug Jones,54
St. Clair,0020 RIVERSIDE COMM. CTR,Governor,,DEM,"Chad ""Chig"" Martin",0
St. Clair,0020 RIVERSIDE COMM. CTR,Governor,,DEM,"Nathan ""Nate"" Mathis",1
St. Clair,0020 RIVERSIDE COMM. CTR,Lieutenant Governor,,DEM,Phillip Ensler,29
St. Clair,0020 RIVERSIDE COMM. CTR,Lieutenant Governor,,DEM,Darryl D. Perryman,32
St. Clair,0020 RIVERSIDE COMM. CTR,U.S. Senate,,DEM,Dakarai Larriett,16
St. Clair,0020 RIVERSIDE COMM. CTR,U.S. Senate,,DEM,Kyle Sweetser,7
St. Clair,0020 RIVERSIDE COMM. CTR,U.S. Senate,,DEM,Everett Wess,21
St. Clair,0020 RIVERSIDE COMM. CTR,U.S. Senate,,DEM,Mark S. Wheeler II,17
St. Clair,0020 RIVERSIDE COMM. CTR,"Public Service Commissioner, Place 1",,DEM,James O. Gordon,34
St. Clair,0020 RIVERSIDE COMM. CTR,"Public Service Commissioner, Place 1",,DEM,John Northrop,7
St. Clair,0020 RIVERSIDE COMM. CTR,"Public Service Commissioner, Place 1",,DEM,Jeff Ramsey,21
St. Clair,0020 RIVERSIDE COMM. CTR,Attorney General,,REP,Jay Mitchell,79
St. Clair,0020 RIVERSIDE COMM. CTR,Attorney General,,REP,Katherine Robertson,112
St. Clair,0020 RIVERSIDE COMM. CTR,Attorney General,,REP,Pamela L. Casey,57
St. Clair,0020 RIVERSIDE COMM. CTR,"Chairman, St. Clair County Commission",,REP,Stan Batemon,139
St. Clair,0020 RIVERSIDE COMM. CTR,"Chairman, St. Clair County Commission",,REP,David Evans,104
St. Clair,0020 RIVERSIDE COMM. CTR,Commissioner of Agriculture and Industries,,REP,Christina Woerner McInnis,58
St. Clair,0020 RIVERSIDE COMM. CTR,Commissioner of Agriculture and Industries,,REP,Cory Hill,91
St. Clair,0020 RIVERSIDE COMM. CTR,Commissioner of Agriculture and Industries,,REP,Jack Williams,85
St. Clair,0020 RIVERSIDE COMM. CTR,County (All),,REP,Allison G. Gray,64
St. Clair,0020 RIVERSIDE COMM. CTR,County (All),,REP,Greg Cobb,156
St. Clair,0020 RIVERSIDE COMM. CTR,Governor,,REP,"""Alabama"" Will Santivasci",9
St. Clair,0020 RIVERSIDE COMM. CTR,Governor,,REP,Ken McFeeters,21
St. Clair,0020 RIVERSIDE COMM. CTR,Governor,,REP,Thomas Tuberville,224
St. Clair,0020 RIVERSIDE COMM. CTR,Lieutenant Governor,,REP,George Childress,1
St. Clair,0020 RIVERSIDE COMM. CTR,Lieutenant Governor,,REP,John Wahl,91
St. Clair,0020 RIVERSIDE COMM. CTR,Lieutenant Governor,,REP,Nicole Jones Wadsworth,7
St. Clair,0020 RIVERSIDE COMM. CTR,Lieutenant Governor,,REP,Pat Bishop,13
St. Clair,0020 RIVERSIDE COMM. CTR,Lieutenant Governor,,REP,Rick Pate,11
St. Clair,0020 RIVERSIDE COMM. CTR,Lieutenant Governor,,REP,Stewart Hill Tankersley,7
St. Clair,0020 RIVERSIDE COMM. CTR,Lieutenant Governor,,REP,Wes Allen,118
St. Clair,0020 RIVERSIDE COMM. CTR,"Member, St. Clair County Commission, District No. 1",,REP,Adam Pardue,90
St. Clair,0020 RIVERSIDE COMM. CTR,"Member, St. Clair County Commission, District No. 1",,REP,Katrina Hennings,112
St. Clair,0020 RIVERSIDE COMM. CTR,"Member, St. Clair County Commission, District No. 1",,REP,Shane Thomas,30
St. Clair,0020 RIVERSIDE COMM. CTR,"Public Service Commission, Place No. 1",,REP,Jeremy H. Oden,62
St. Clair,0020 RIVERSIDE COMM. CTR,"Public Service Commission, Place No. 1",,REP,Matt Gentry,174
St. Clair,0020 RIVERSIDE COMM. CTR,"Public Service Commission, Place No. 2",,REP,Brent Woodall,36
St. Clair,0020 RIVERSIDE COMM. CTR,"Public Service Commission, Place No. 2",,REP,Chris Beeker,76
St. Clair,0020 RIVERSIDE COMM. CTR,"Public Service Commission, Place No. 2",,REP,Jim Zig Zeigler,92
St. Clair,0020 RIVERSIDE COMM. CTR,"Public Service Commission, Place No. 2",,REP,Priscilla Andrews,30
St. Clair,0020 RIVERSIDE COMM. CTR,Secretary of State,,REP,Caroleene Dobson,154
St. Clair,0020 RIVERSIDE COMM. CTR,Secretary of State,,REP,Christopher Christian Horn,59
St. Clair,0020 RIVERSIDE COMM. CTR,Secretary of State,,REP,Glenda S. Jackson,21
St. Clair,0020 RIVERSIDE COMM. CTR,State Auditor,,REP,Andrew Sorrell,148
St. Clair,0020 RIVERSIDE COMM. CTR,State Auditor,,REP,Derek Chen,84
St. Clair,0020 RIVERSIDE COMM. CTR,State Board of Education,6,REP,Cathi Bradford,87
St. Clair,0020 RIVERSIDE COMM. CTR,State Board of Education,6,REP,Marie Manning,147
St. Clair,0020 RIVERSIDE COMM. CTR,"State Republican Executive Committee, St. Clair County, Place 4",,REP,Ashley Tortorigi Hilburn,64
St. Clair,0020 RIVERSIDE COMM. CTR,"State Republican Executive Committee, St. Clair County, Place 3",,REP,Bill Morris,118
St. Clair,0020 RIVERSIDE COMM. CTR,"State Republican Executive Committee, St. Clair County, Place No 1",,REP,Brandon Moseley,66
St. Clair,0020 RIVERSIDE COMM. CTR,"State Republican Executive Committee, St. Clair County, Place 4",,REP,Cathy Wise Fine,156
St. Clair,0020 RIVERSIDE COMM. CTR,"State Republican Executive Committee, St. Clair County, Place 3",,REP,Katherine Holloway,105
St. Clair,0020 RIVERSIDE COMM. CTR,"State Republican Executive Committee, St. Clair County, Place No 1",,REP,"Kathryn ""Kathy"" Burke",124
St. Clair,0020 RIVERSIDE COMM. CTR,"State Republican Executive Committee, St. Clair County, Place No 1",,REP,Matt Tortorice,35
St. Clair,0020 RIVERSIDE COMM. CTR,State Treasurer,,REP,Steve Lolley,83
St. Clair,0020 RIVERSIDE COMM. CTR,State Treasurer,,REP,Young Boozer,149
St. Clair,0020 RIVERSIDE COMM. CTR,U.S. House,3,REP,Mike Rogers,208
St. Clair,0020 RIVERSIDE COMM. CTR,U.S. House,3,REP,Terri LaPoint,40
St. Clair,0020 RIVERSIDE COMM. CTR,U.S. Senate,,REP,Barry Moore,67
St. Clair,0020 RIVERSIDE COMM. CTR,U.S. Senate,,REP,Dale Shelton Deas Jr.,4
St. Clair,0020 RIVERSIDE COMM. CTR,U.S. Senate,,REP,Jared Hudson,78
St. Clair,0020 RIVERSIDE COMM. CTR,U.S. Senate,,REP,Morgan Murphy,3
St. Clair,0020 RIVERSIDE COMM. CTR,U.S. Senate,,REP,Rodney Walker,7
St. Clair,0020 RIVERSIDE COMM. CTR,U.S. Senate,,REP,Seth Burton,3
St. Clair,0020 RIVERSIDE COMM. CTR,U.S. Senate,,REP,Steve Marshall,87
St. Clair,0021 FAIRVIEW CH,Governor,,DEM,Will Boyd,0
St. Clair,0021 FAIRVIEW CH,Governor,,DEM,Jamel J. Brown,0
St. Clair,0021 FAIRVIEW CH,Governor,,DEM,Yolanda Rochelle Flowers,0
St. Clair,0021 FAIRVIEW CH,Governor,,DEM,Doug Jones,5
St. Clair,0021 FAIRVIEW CH,Governor,,DEM,"Chad ""Chig"" Martin",0
St. Clair,0021 FAIRVIEW CH,Governor,,DEM,"Nathan ""Nate"" Mathis",0
St. Clair,0021 FAIRVIEW CH,Lieutenant Governor,,DEM,Phillip Ensler,1
St. Clair,0021 FAIRVIEW CH,Lieutenant Governor,,DEM,Darryl D. Perryman,4
St. Clair,0021 FAIRVIEW CH,U.S. Senate,,DEM,Dakarai Larriett,0
St. Clair,0021 FAIRVIEW CH,U.S. Senate,,DEM,Kyle Sweetser,0
St. Clair,0021 FAIRVIEW CH,U.S. Senate,,DEM,Everett Wess,1
St. Clair,0021 FAIRVIEW CH,U.S. Senate,,DEM,Mark S. Wheeler II,4
St. Clair,0021 FAIRVIEW CH,"Public Service Commissioner, Place 1",,DEM,James O. Gordon,0
St. Clair,0021 FAIRVIEW CH,"Public Service Commissioner, Place 1",,DEM,John Northrop,2
St. Clair,0021 FAIRVIEW CH,"Public Service Commissioner, Place 1",,DEM,Jeff Ramsey,3
St. Clair,0021 FAIRVIEW CH,Attorney General,,REP,Jay Mitchell,21
St. Clair,0021 FAIRVIEW CH,Attorney General,,REP,Katherine Robertson,53
St. Clair,0021 FAIRVIEW CH,Attorney General,,REP,Pamela L. Casey,28
St. Clair,0021 FAIRVIEW CH,"Chairman, St. Clair County Commission",,REP,Stan Batemon,42
St. Clair,0021 FAIRVIEW CH,"Chairman, St. Clair County Commission",,REP,David Evans,61
St. Clair,0021 FAIRVIEW CH,Commissioner of Agriculture and Industries,,REP,Christina Woerner McInnis,20
St. Clair,0021 FAIRVIEW CH,Commissioner of Agriculture and Industries,,REP,Cory Hill,44
St. Clair,0021 FAIRVIEW CH,Commissioner of Agriculture and Industries,,REP,Jack Williams,33
St. Clair,0021 FAIRVIEW CH,County (All),,REP,Allison G. Gray,35
St. Clair,0021 FAIRVIEW CH,County (All),,REP,Greg Cobb,59
St. Clair,0021 FAIRVIEW CH,Governor,,REP,"""Alabama"" Will Santivasci",7
St. Clair,0021 FAIRVIEW CH,Governor,,REP,Ken McFeeters,11
St. Clair,0021 FAIRVIEW CH,Governor,,REP,Thomas Tuberville,92
St. Clair,0021 FAIRVIEW CH,Lieutenant Governor,,REP,George Childress,4
St. Clair,0021 FAIRVIEW CH,Lieutenant Governor,,REP,John Wahl,31
St. Clair,0021 FAIRVIEW CH,Lieutenant Governor,,REP,Nicole Jones Wadsworth,5
St. Clair,0021 FAIRVIEW CH,Lieutenant Governor,,REP,Pat Bishop,0
St. Clair,0021 FAIRVIEW CH,Lieutenant Governor,,REP,Rick Pate,10
St. Clair,0021 FAIRVIEW CH,Lieutenant Governor,,REP,Stewart Hill Tankersley,3
St. Clair,0021 FAIRVIEW CH,Lieutenant Governor,,REP,Wes Allen,47
St. Clair,0021 FAIRVIEW CH,"Member, St. Clair County Commission, District No. 1",,REP,Adam Pardue,54
St. Clair,0021 FAIRVIEW CH,"Member, St. Clair County Commission, District No. 1",,REP,Katrina Hennings,16
St. Clair,0021 FAIRVIEW CH,"Member, St. Clair County Commission, District No. 1",,REP,Shane Thomas,29
St. Clair,0021 FAIRVIEW CH,"Public Service Commission, Place No. 1",,REP,Jeremy H. Oden,31
St. Clair,0021 FAIRVIEW CH,"Public Service Commission, Place No. 1",,REP,Matt Gentry,60
St. Clair,0021 FAIRVIEW CH,"Public Service Commission, Place No. 2",,REP,Brent Woodall,12
St. Clair,0021 FAIRVIEW CH,"Public Service Commission, Place No. 2",,REP,Chris Beeker,26
St. Clair,0021 FAIRVIEW CH,"Public Service Commission, Place No. 2",,REP,Jim Zig Zeigler,39
St. Clair,0021 FAIRVIEW CH,"Public Service Commission, Place No. 2",,REP,Priscilla Andrews,16
St. Clair,0021 FAIRVIEW CH,Secretary of State,,REP,Caroleene Dobson,50
St. Clair,0021 FAIRVIEW CH,Secretary of State,,REP,Christopher Christian Horn,29
St. Clair,0021 FAIRVIEW CH,Secretary of State,,REP,Glenda S. Jackson,16
St. Clair,0021 FAIRVIEW CH,State Auditor,,REP,Andrew Sorrell,59
St. Clair,0021 FAIRVIEW CH,State Auditor,,REP,Derek Chen,34
St. Clair,0021 FAIRVIEW CH,State Board of Education,6,REP,Cathi Bradford,46
St. Clair,0021 FAIRVIEW CH,State Board of Education,6,REP,Marie Manning,57
St. Clair,0021 FAIRVIEW CH,"State Republican Executive Committee, St. Clair County, Place 4",,REP,Ashley Tortorigi Hilburn,35
St. Clair,0021 FAIRVIEW CH,"State Republican Executive Committee, St. Clair County, Place 3",,REP,Bill Morris,60
St. Clair,0021 FAIRVIEW CH,"State Republican Executive Committee, St. Clair County, Place No 1",,REP,Brandon Moseley,31
St. Clair,0021 FAIRVIEW CH,"State Republican Executive Committee, St. Clair County, Place 4",,REP,Cathy Wise Fine,59
St. Clair,0021 FAIRVIEW CH,"State Republican Executive Committee, St. Clair County, Place 3",,REP,Katherine Holloway,31
St. Clair,0021 FAIRVIEW CH,"State Republican Executive Committee, St. Clair County, Place No 1",,REP,"Kathryn ""Kathy"" Burke",51
St. Clair,0021 FAIRVIEW CH,"State Republican Executive Committee, St. Clair County, Place No 1",,REP,Matt Tortorice,5
St. Clair,0021 FAIRVIEW CH,State Treasurer,,REP,Steve Lolley,43
St. Clair,0021 FAIRVIEW CH,State Treasurer,,REP,Young Boozer,55
St. Clair,0021 FAIRVIEW CH,U.S. House,3,REP,Mike Rogers,89
St. Clair,0021 FAIRVIEW CH,U.S. House,3,REP,Terri LaPoint,17
St. Clair,0021 FAIRVIEW CH,U.S. Senate,,REP,Barry Moore,27
St. Clair,0021 FAIRVIEW CH,U.S. Senate,,REP,Dale Shelton Deas Jr.,0
St. Clair,0021 FAIRVIEW CH,U.S. Senate,,REP,Jared Hudson,23
St. Clair,0021 FAIRVIEW CH,U.S. Senate,,REP,Morgan Murphy,2
St. Clair,0021 FAIRVIEW CH,U.S. Senate,,REP,Rodney Walker,3
St. Clair,0021 FAIRVIEW CH,U.S. Senate,,REP,Seth Burton,5
St. Clair,0021 FAIRVIEW CH,U.S. Senate,,REP,Steve Marshall,41
St. Clair,0022 GUM SPRGS CH,Governor,,DEM,Will Boyd,3
St. Clair,0022 GUM SPRGS CH,Governor,,DEM,Jamel J. Brown,0
St. Clair,0022 GUM SPRGS CH,Governor,,DEM,Yolanda Rochelle Flowers,0
St. Clair,0022 GUM SPRGS CH,Governor,,DEM,Doug Jones,5
St. Clair,0022 GUM SPRGS CH,Governor,,DEM,"Chad ""Chig"" Martin",0
St. Clair,0022 GUM SPRGS CH,Governor,,DEM,"Nathan ""Nate"" Mathis",1
St. Clair,0022 GUM SPRGS CH,Lieutenant Governor,,DEM,Phillip Ensler,7
St. Clair,0022 GUM SPRGS CH,Lieutenant Governor,,DEM,Darryl D. Perryman,2
St. Clair,0022 GUM SPRGS CH,U.S. Senate,,DEM,Dakarai Larriett,3
St. Clair,0022 GUM SPRGS CH,U.S. Senate,,DEM,Kyle Sweetser,3
St. Clair,0022 GUM SPRGS CH,U.S. Senate,,DEM,Everett Wess,1
St. Clair,0022 GUM SPRGS CH,U.S. Senate,,DEM,Mark S. Wheeler II,2
St. Clair,0022 GUM SPRGS CH,"Public Service Commissioner, Place 1",,DEM,James O. Gordon,2
St. Clair,0022 GUM SPRGS CH,"Public Service Commissioner, Place 1",,DEM,John Northrop,1
St. Clair,0022 GUM SPRGS CH,"Public Service Commissioner, Place 1",,DEM,Jeff Ramsey,6
St. Clair,0022 GUM SPRGS CH,Attorney General,,REP,Jay Mitchell,55
St. Clair,0022 GUM SPRGS CH,Attorney General,,REP,Katherine Robertson,50
St. Clair,0022 GUM SPRGS CH,Attorney General,,REP,Pamela L. Casey,57
St. Clair,0022 GUM SPRGS CH,"Chairman, St. Clair County Commission",,REP,Stan Batemon,64
St. Clair,0022 GUM SPRGS CH,"Chairman, St. Clair County Commission",,REP,David Evans,101
St. Clair,0022 GUM SPRGS CH,Commissioner of Agriculture and Industries,,REP,Christina Woerner McInnis,45
St. Clair,0022 GUM SPRGS CH,Commissioner of Agriculture and Industries,,REP,Cory Hill,56
St. Clair,0022 GUM SPRGS CH,Commissioner of Agriculture and Industries,,REP,Jack Williams,54
St. Clair,0022 GUM SPRGS CH,County (All),,REP,Allison G. Gray,42
St. Clair,0022 GUM SPRGS CH,County (All),,REP,Greg Cobb,105
St. Clair,0022 GUM SPRGS CH,Governor,,REP,"""Alabama"" Will Santivasci",8
St. Clair,0022 GUM SPRGS CH,Governor,,REP,Ken McFeeters,14
St. Clair,0022 GUM SPRGS CH,Governor,,REP,Thomas Tuberville,145
St. Clair,0022 GUM SPRGS CH,Lieutenant Governor,,REP,George Childress,6
St. Clair,0022 GUM SPRGS CH,Lieutenant Governor,,REP,John Wahl,70
St. Clair,0022 GUM SPRGS CH,Lieutenant Governor,,REP,Nicole Jones Wadsworth,9
St. Clair,0022 GUM SPRGS CH,Lieutenant Governor,,REP,Pat Bishop,4
St. Clair,0022 GUM SPRGS CH,Lieutenant Governor,,REP,Rick Pate,12
St. Clair,0022 GUM SPRGS CH,Lieutenant Governor,,REP,Stewart Hill Tankersley,4
St. Clair,0022 GUM SPRGS CH,Lieutenant Governor,,REP,Wes Allen,55
St. Clair,0022 GUM SPRGS CH,"Member, St. Clair County Commission, District No. 1",,REP,Adam Pardue,38
St. Clair,0022 GUM SPRGS CH,"Member, St. Clair County Commission, District No. 1",,REP,Katrina Hennings,47
St. Clair,0022 GUM SPRGS CH,"Member, St. Clair County Commission, District No. 1",,REP,Shane Thomas,76
St. Clair,0022 GUM SPRGS CH,"Public Service Commission, Place No. 1",,REP,Jeremy H. Oden,33
St. Clair,0022 GUM SPRGS CH,"Public Service Commission, Place No. 1",,REP,Matt Gentry,116
St. Clair,0022 GUM SPRGS CH,"Public Service Commission, Place No. 2",,REP,Brent Woodall,37
St. Clair,0022 GUM SPRGS CH,"Public Service Commission, Place No. 2",,REP,Chris Beeker,34
St. Clair,0022 GUM SPRGS CH,"Public Service Commission, Place No. 2",,REP,Jim Zig Zeigler,62
St. Clair,0022 GUM SPRGS CH,"Public Service Commission, Place No. 2",,REP,Priscilla Andrews,17
St. Clair,0022 GUM SPRGS CH,Secretary of State,,REP,Caroleene Dobson,86
St. Clair,0022 GUM SPRGS CH,Secretary of State,,REP,Christopher Christian Horn,45
St. Clair,0022 GUM SPRGS CH,Secretary of State,,REP,Glenda S. Jackson,20
St. Clair,0022 GUM SPRGS CH,State Auditor,,REP,Andrew Sorrell,119
St. Clair,0022 GUM SPRGS CH,State Auditor,,REP,Derek Chen,33
St. Clair,0022 GUM SPRGS CH,State Board of Education,6,REP,Cathi Bradford,78
St. Clair,0022 GUM SPRGS CH,State Board of Education,6,REP,Marie Manning,82
St. Clair,0022 GUM SPRGS CH,"State Republican Executive Committee, St. Clair County, Place 4",,REP,Ashley Tortorigi Hilburn,42
St. Clair,0022 GUM SPRGS CH,"State Republican Executive Committee, St. Clair County, Place 3",,REP,Bill Morris,81
St. Clair,0022 GUM SPRGS CH,"State Republican Executive Committee, St. Clair County, Place No 1",,REP,Brandon Moseley,52
St. Clair,0022 GUM SPRGS CH,"State Republican Executive Committee, St. Clair County, Place 4",,REP,Cathy Wise Fine,105
St. Clair,0022 GUM SPRGS CH,"State Republican Executive Committee, St. Clair County, Place 3",,REP,Katherine Holloway,60
St. Clair,0022 GUM SPRGS CH,"State Republican Executive Committee, St. Clair County, Place No 1",,REP,"Kathryn ""Kathy"" Burke",64
St. Clair,0022 GUM SPRGS CH,"State Republican Executive Committee, St. Clair County, Place No 1",,REP,Matt Tortorice,25
St. Clair,0022 GUM SPRGS CH,State Treasurer,,REP,Steve Lolley,45
St. Clair,0022 GUM SPRGS CH,State Treasurer,,REP,Young Boozer,108
St. Clair,0022 GUM SPRGS CH,U.S. House,3,REP,Mike Rogers,135
St. Clair,0022 GUM SPRGS CH,U.S. House,3,REP,Terri LaPoint,30
St. Clair,0022 GUM SPRGS CH,U.S. Senate,,REP,Barry Moore,54
St. Clair,0022 GUM SPRGS CH,U.S. Senate,,REP,Dale Shelton Deas Jr.,4
St. Clair,0022 GUM SPRGS CH,U.S. Senate,,REP,Jared Hudson,59
St. Clair,0022 GUM SPRGS CH,U.S. Senate,,REP,Morgan Murphy,2
St. Clair,0022 GUM SPRGS CH,U.S. Senate,,REP,Rodney Walker,8
St. Clair,0022 GUM SPRGS CH,U.S. Senate,,REP,Seth Burton,3
St. Clair,0022 GUM SPRGS CH,U.S. Senate,,REP,Steve Marshall,35
St. Clair,0023 PRESCOTT BAPTIST CH,Governor,,DEM,Will Boyd,4
St. Clair,0023 PRESCOTT BAPTIST CH,Governor,,DEM,Jamel J. Brown,0
St. Clair,0023 PRESCOTT BAPTIST CH,Governor,,DEM,Yolanda Rochelle Flowers,1
St. Clair,0023 PRESCOTT BAPTIST CH,Governor,,DEM,Doug Jones,7
St. Clair,0023 PRESCOTT BAPTIST CH,Governor,,DEM,"Chad ""Chig"" Martin",1
St. Clair,0023 PRESCOTT BAPTIST CH,Governor,,DEM,"Nathan ""Nate"" Mathis",0
St. Clair,0023 PRESCOTT BAPTIST CH,Lieutenant Governor,,DEM,Phillip Ensler,7
St. Clair,0023 PRESCOTT BAPTIST CH,Lieutenant Governor,,DEM,Darryl D. Perryman,4
St. Clair,0023 PRESCOTT BAPTIST CH,U.S. Senate,,DEM,Dakarai Larriett,4
St. Clair,0023 PRESCOTT BAPTIST CH,U.S. Senate,,DEM,Kyle Sweetser,2
St. Clair,0023 PRESCOTT BAPTIST CH,U.S. Senate,,DEM,Everett Wess,3
St. Clair,0023 PRESCOTT BAPTIST CH,U.S. Senate,,DEM,Mark S. Wheeler II,3
St. Clair,0023 PRESCOTT BAPTIST CH,"Public Service Commissioner, Place 1",,DEM,James O. Gordon,4
St. Clair,0023 PRESCOTT BAPTIST CH,"Public Service Commissioner, Place 1",,DEM,John Northrop,2
St. Clair,0023 PRESCOTT BAPTIST CH,"Public Service Commissioner, Place 1",,DEM,Jeff Ramsey,6
St. Clair,0023 PRESCOTT BAPTIST CH,Attorney General,,REP,Jay Mitchell,85
St. Clair,0023 PRESCOTT BAPTIST CH,Attorney General,,REP,Katherine Robertson,57
St. Clair,0023 PRESCOTT BAPTIST CH,Attorney General,,REP,Pamela L. Casey,31
St. Clair,0023 PRESCOTT BAPTIST CH,"Chairman, St. Clair County Commission",,REP,Stan Batemon,100
St. Clair,0023 PRESCOTT BAPTIST CH,"Chairman, St. Clair County Commission",,REP,David Evans,70
St. Clair,0023 PRESCOTT BAPTIST CH,Commissioner of Agriculture and Industries,,REP,Christina Woerner McInnis,40
St. Clair,0023 PRESCOTT BAPTIST CH,Commissioner of Agriculture and Industries,,REP,Cory Hill,52
St. Clair,0023 PRESCOTT BAPTIST CH,Commissioner of Agriculture and Industries,,REP,Jack Williams,71
St. Clair,0023 PRESCOTT BAPTIST CH,County (All),,REP,Allison G. Gray,45
St. Clair,0023 PRESCOTT BAPTIST CH,County (All),,REP,Greg Cobb,111
St. Clair,0023 PRESCOTT BAPTIST CH,Governor,,REP,"""Alabama"" Will Santivasci",8
St. Clair,0023 PRESCOTT BAPTIST CH,Governor,,REP,Ken McFeeters,8
St. Clair,0023 PRESCOTT BAPTIST CH,Governor,,REP,Thomas Tuberville,164
St. Clair,0023 PRESCOTT BAPTIST CH,Lieutenant Governor,,REP,George Childress,8
St. Clair,0023 PRESCOTT BAPTIST CH,Lieutenant Governor,,REP,John Wahl,73
St. Clair,0023 PRESCOTT BAPTIST CH,Lieutenant Governor,,REP,Nicole Jones Wadsworth,10
St. Clair,0023 PRESCOTT BAPTIST CH,Lieutenant Governor,,REP,Pat Bishop,5
St. Clair,0023 PRESCOTT BAPTIST CH,Lieutenant Governor,,REP,Rick Pate,7
St. Clair,0023 PRESCOTT BAPTIST CH,Lieutenant Governor,,REP,Stewart Hill Tankersley,3
St. Clair,0023 PRESCOTT BAPTIST CH,Lieutenant Governor,,REP,Wes Allen,68
St. Clair,0023 PRESCOTT BAPTIST CH,"Member, St. Clair County Commission, District No. 1",,REP,Adam Pardue,95
St. Clair,0023 PRESCOTT BAPTIST CH,"Member, St. Clair County Commission, District No. 1",,REP,Katrina Hennings,51
St. Clair,0023 PRESCOTT BAPTIST CH,"Member, St. Clair County Commission, District No. 1",,REP,Shane Thomas,24
St. Clair,0023 PRESCOTT BAPTIST CH,"Public Service Commission, Place No. 1",,REP,Jeremy H. Oden,61
St. Clair,0023 PRESCOTT BAPTIST CH,"Public Service Commission, Place No. 1",,REP,Matt Gentry,108
St. Clair,0023 PRESCOTT BAPTIST CH,"Public Service Commission, Place No. 2",,REP,Brent Woodall,29
St. Clair,0023 PRESCOTT BAPTIST CH,"Public Service Commission, Place No. 2",,REP,Chris Beeker,47
St. Clair,0023 PRESCOTT BAPTIST CH,"Public Service Commission, Place No. 2",,REP,Jim Zig Zeigler,70
St. Clair,0023 PRESCOTT BAPTIST CH,"Public Service Commission, Place No. 2",,REP,Priscilla Andrews,21
St. Clair,0023 PRESCOTT BAPTIST CH,Secretary of State,,REP,Caroleene Dobson,90
St. Clair,0023 PRESCOTT BAPTIST CH,Secretary of State,,REP,Christopher Christian Horn,51
St. Clair,0023 PRESCOTT BAPTIST CH,Secretary of State,,REP,Glenda S. Jackson,27
St. Clair,0023 PRESCOTT BAPTIST CH,State Auditor,,REP,Andrew Sorrell,103
St. Clair,0023 PRESCOTT BAPTIST CH,State Auditor,,REP,Derek Chen,64
St. Clair,0023 PRESCOTT BAPTIST CH,State Board of Education,6,REP,Cathi Bradford,67
St. Clair,0023 PRESCOTT BAPTIST CH,State Board of Education,6,REP,Marie Manning,98
St. Clair,0023 PRESCOTT BAPTIST CH,"State House, District 45",45,REP,John Dawson,51
St. Clair,0023 PRESCOTT BAPTIST CH,"State House, District 45",45,REP,Susan Dubose,111
St. Clair,0023 PRESCOTT BAPTIST CH,"State Republican Executive Committee, St. Clair County, Place 4",,REP,Ashley Tortorigi Hilburn,45
St. Clair,0023 PRESCOTT BAPTIST CH,"State Republican Executive Committee, St. Clair County, Place 3",,REP,Bill Morris,99
St. Clair,0023 PRESCOTT BAPTIST CH,"State Republican Executive Committee, St. Clair County, Place No 1",,REP,Brandon Moseley,61
St. Clair,0023 PRESCOTT BAPTIST CH,"State Republican Executive Committee, St. Clair County, Place 4",,REP,Cathy Wise Fine,111
St. Clair,0023 PRESCOTT BAPTIST CH,"State Republican Executive Committee, St. Clair County, Place 3",,REP,Katherine Holloway,66
St. Clair,0023 PRESCOTT BAPTIST CH,"State Republican Executive Committee, St. Clair County, Place No 1",,REP,"Kathryn ""Kathy"" Burke",75
St. Clair,0023 PRESCOTT BAPTIST CH,"State Republican Executive Committee, St. Clair County, Place No 1",,REP,Matt Tortorice,23
St. Clair,0023 PRESCOTT BAPTIST CH,State Treasurer,,REP,Steve Lolley,58
St. Clair,0023 PRESCOTT BAPTIST CH,State Treasurer,,REP,Young Boozer,111
St. Clair,0023 PRESCOTT BAPTIST CH,U.S. House,3,REP,Mike Rogers,142
St. Clair,0023 PRESCOTT BAPTIST CH,U.S. House,3,REP,Terri LaPoint,29
St. Clair,0023 PRESCOTT BAPTIST CH,U.S. Senate,,REP,Barry Moore,57
St. Clair,0023 PRESCOTT BAPTIST CH,U.S. Senate,,REP,Dale Shelton Deas Jr.,2
St. Clair,0023 PRESCOTT BAPTIST CH,U.S. Senate,,REP,Jared Hudson,53
St. Clair,0023 PRESCOTT BAPTIST CH,U.S. Senate,,REP,Morgan Murphy,1
St. Clair,0023 PRESCOTT BAPTIST CH,U.S. Senate,,REP,Rodney Walker,6
St. Clair,0023 PRESCOTT BAPTIST CH,U.S. Senate,,REP,Seth Burton,4
St. Clair,0023 PRESCOTT BAPTIST CH,U.S. Senate,,REP,Steve Marshall,52
St. Clair,0024 NEW HOPE BAPTIST CH,Governor,,DEM,Will Boyd,7
St. Clair,0024 NEW HOPE BAPTIST CH,Governor,,DEM,Jamel J. Brown,0
St. Clair,0024 NEW HOPE BAPTIST CH,Governor,,DEM,Yolanda Rochelle Flowers,2
St. Clair,0024 NEW HOPE BAPTIST CH,Governor,,DEM,Doug Jones,18
St. Clair,0024 NEW HOPE BAPTIST CH,Governor,,DEM,"Chad ""Chig"" Martin",4
St. Clair,0024 NEW HOPE BAPTIST CH,Governor,,DEM,"Nathan ""Nate"" Mathis",0
St. Clair,0024 NEW HOPE BAPTIST CH,Lieutenant Governor,,DEM,Phillip Ensler,15
St. Clair,0024 NEW HOPE BAPTIST CH,Lieutenant Governor,,DEM,Darryl D. Perryman,14
St. Clair,0024 NEW HOPE BAPTIST CH,U.S. Senate,,DEM,Dakarai Larriett,7
St. Clair,0024 NEW HOPE BAPTIST CH,U.S. Senate,,DEM,Kyle Sweetser,14
St. Clair,0024 NEW HOPE BAPTIST CH,U.S. Senate,,DEM,Everett Wess,4
St. Clair,0024 NEW HOPE BAPTIST CH,U.S. Senate,,DEM,Mark S. Wheeler II,5
St. Clair,0024 NEW HOPE BAPTIST CH,"Public Service Commissioner, Place 1",,DEM,James O. Gordon,4
St. Clair,0024 NEW HOPE BAPTIST CH,"Public Service Commissioner, Place 1",,DEM,John Northrop,13
St. Clair,0024 NEW HOPE BAPTIST CH,"Public Service Commissioner, Place 1",,DEM,Jeff Ramsey,13
St. Clair,0024 NEW HOPE BAPTIST CH,Attorney General,,REP,Jay Mitchell,50
St. Clair,0024 NEW HOPE BAPTIST CH,Attorney General,,REP,Katherine Robertson,97
St. Clair,0024 NEW HOPE BAPTIST CH,Attorney General,,REP,Pamela L. Casey,51
St. Clair,0024 NEW HOPE BAPTIST CH,"Chairman, St. Clair County Commission",,REP,Stan Batemon,116
St. Clair,0024 NEW HOPE BAPTIST CH,"Chairman, St. Clair County Commission",,REP,David Evans,86
St. Clair,0024 NEW HOPE BAPTIST CH,Commissioner of Agriculture and Industries,,REP,Christina Woerner McInnis,66
St. Clair,0024 NEW HOPE BAPTIST CH,Commissioner of Agriculture and Industries,,REP,Cory Hill,44
St. Clair,0024 NEW HOPE BAPTIST CH,Commissioner of Agriculture and Industries,,REP,Jack Williams,77
St. Clair,0024 NEW HOPE BAPTIST CH,County (All),,REP,Allison G. Gray,56
St. Clair,0024 NEW HOPE BAPTIST CH,County (All),,REP,Greg Cobb,119
St. Clair,0024 NEW HOPE BAPTIST CH,Governor,,REP,"""Alabama"" Will Santivasci",21
St. Clair,0024 NEW HOPE BAPTIST CH,Governor,,REP,Ken McFeeters,12
St. Clair,0024 NEW HOPE BAPTIST CH,Governor,,REP,Thomas Tuberville,179
St. Clair,0024 NEW HOPE BAPTIST CH,Lieutenant Governor,,REP,George Childress,1
St. Clair,0024 NEW HOPE BAPTIST CH,Lieutenant Governor,,REP,John Wahl,90
St. Clair,0024 NEW HOPE BAPTIST CH,Lieutenant Governor,,REP,Nicole Jones Wadsworth,9
St. Clair,0024 NEW HOPE BAPTIST CH,Lieutenant Governor,,REP,Pat Bishop,10
St. Clair,0024 NEW HOPE BAPTIST CH,Lieutenant Governor,,REP,Rick Pate,19
St. Clair,0024 NEW HOPE BAPTIST CH,Lieutenant Governor,,REP,Stewart Hill Tankersley,2
St. Clair,0024 NEW HOPE BAPTIST CH,Lieutenant Governor,,REP,Wes Allen,70
St. Clair,0024 NEW HOPE BAPTIST CH,"Member, St. Clair County Commission, District No. 1",,REP,Adam Pardue,82
St. Clair,0024 NEW HOPE BAPTIST CH,"Member, St. Clair County Commission, District No. 1",,REP,Katrina Hennings,82
St. Clair,0024 NEW HOPE BAPTIST CH,"Member, St. Clair County Commission, District No. 1",,REP,Shane Thomas,31
St. Clair,0024 NEW HOPE BAPTIST CH,"Public Service Commission, Place No. 1",,REP,Jeremy H. Oden,42
St. Clair,0024 NEW HOPE BAPTIST CH,"Public Service Commission, Place No. 1",,REP,Matt Gentry,149
St. Clair,0024 NEW HOPE BAPTIST CH,"Public Service Commission, Place No. 2",,REP,Brent Woodall,23
St. Clair,0024 NEW HOPE BAPTIST CH,"Public Service Commission, Place No. 2",,REP,Chris Beeker,47
St. Clair,0024 NEW HOPE BAPTIST CH,"Public Service Commission, Place No. 2",,REP,Jim Zig Zeigler,86
St. Clair,0024 NEW HOPE BAPTIST CH,"Public Service Commission, Place No. 2",,REP,Priscilla Andrews,30
St. Clair,0024 NEW HOPE BAPTIST CH,Secretary of State,,REP,Caroleene Dobson,127
St. Clair,0024 NEW HOPE BAPTIST CH,Secretary of State,,REP,Christopher Christian Horn,44
St. Clair,0024 NEW HOPE BAPTIST CH,Secretary of State,,REP,Glenda S. Jackson,14
St. Clair,0024 NEW HOPE BAPTIST CH,State Auditor,,REP,Andrew Sorrell,131
St. Clair,0024 NEW HOPE BAPTIST CH,State Auditor,,REP,Derek Chen,55
St. Clair,0024 NEW HOPE BAPTIST CH,State Board of Education,6,REP,Cathi Bradford,63
St. Clair,0024 NEW HOPE BAPTIST CH,State Board of Education,6,REP,Marie Manning,142
St. Clair,0024 NEW HOPE BAPTIST CH,"State House, District 50",50,REP,Bill Morris,14
St. Clair,0024 NEW HOPE BAPTIST CH,"State House, District 50",50,REP,Bryan K Newell,5
St. Clair,0024 NEW HOPE BAPTIST CH,"State Republican Executive Committee, St. Clair County, Place 4",,REP,Ashley Tortorigi Hilburn,56
St. Clair,0024 NEW HOPE BAPTIST CH,"State Republican Executive Committee, St. Clair County, Place 3",,REP,Bill Morris,108
St. Clair,0024 NEW HOPE BAPTIST CH,"State Republican Executive Committee, St. Clair County, Place No 1",,REP,Brandon Moseley,43
St. Clair,0024 NEW HOPE BAPTIST CH,"State Republican Executive Committee, St. Clair County, Place 4",,REP,Cathy Wise Fine,119
St. Clair,0024 NEW HOPE BAPTIST CH,"State Republican Executive Committee, St. Clair County, Place 3",,REP,Katherine Holloway,75
St. Clair,0024 NEW HOPE BAPTIST CH,"State Republican Executive Committee, St. Clair County, Place No 1",,REP,"Kathryn ""Kathy"" Burke",107
St. Clair,0024 NEW HOPE BAPTIST CH,"State Republican Executive Committee, St. Clair County, Place No 1",,REP,Matt Tortorice,32
St. Clair,0024 NEW HOPE BAPTIST CH,State Treasurer,,REP,Steve Lolley,59
St. Clair,0024 NEW HOPE BAPTIST CH,State Treasurer,,REP,Young Boozer,132
St. Clair,0024 NEW HOPE BAPTIST CH,U.S. House,3,REP,Mike Rogers,162
St. Clair,0024 NEW HOPE BAPTIST CH,U.S. House,3,REP,Terri LaPoint,40
St. Clair,0024 NEW HOPE BAPTIST CH,U.S. Senate,,REP,Barry Moore,72
St. Clair,0024 NEW HOPE BAPTIST CH,U.S. Senate,,REP,Dale Shelton Deas Jr.,3
St. Clair,0024 NEW HOPE BAPTIST CH,U.S. Senate,,REP,Jared Hudson,64
St. Clair,0024 NEW HOPE BAPTIST CH,U.S. Senate,,REP,Morgan Murphy,1
St. Clair,0024 NEW HOPE BAPTIST CH,U.S. Senate,,REP,Rodney Walker,6
St. Clair,0024 NEW HOPE BAPTIST CH,U.S. Senate,,REP,Seth Burton,0
St. Clair,0024 NEW HOPE BAPTIST CH,U.S. Senate,,REP,Steve Marshall,57
St. Clair,0025 NORTH VALLEY CH,Governor,,DEM,Will Boyd,45
St. Clair,0025 NORTH VALLEY CH,Governor,,DEM,Jamel J. Brown,10
St. Clair,0025 NORTH VALLEY CH,Governor,,DEM,Yolanda Rochelle Flowers,28
St. Clair,0025 NORTH VALLEY CH,Governor,,DEM,Doug Jones,413
St. Clair,0025 NORTH VALLEY CH,Governor,,DEM,"Chad ""Chig"" Martin",4
St. Clair,0025 NORTH VALLEY CH,Governor,,DEM,"Nathan ""Nate"" Mathis",2
St. Clair,0025 NORTH VALLEY CH,Lieutenant Governor,,DEM,Phillip Ensler,151
St. Clair,0025 NORTH VALLEY CH,Lieutenant Governor,,DEM,Darryl D. Perryman,312
St. Clair,0025 NORTH VALLEY CH,U.S. Senate,,DEM,Dakarai Larriett,204
St. Clair,0025 NORTH VALLEY CH,U.S. Senate,,DEM,Kyle Sweetser,50
St. Clair,0025 NORTH VALLEY CH,U.S. Senate,,DEM,Everett Wess,129
St. Clair,0025 NORTH VALLEY CH,U.S. Senate,,DEM,Mark S. Wheeler II,85
St. Clair,0025 NORTH VALLEY CH,"Public Service Commissioner, Place 1",,DEM,James O. Gordon,185
St. Clair,0025 NORTH VALLEY CH,"Public Service Commissioner, Place 1",,DEM,John Northrop,89
St. Clair,0025 NORTH VALLEY CH,"Public Service Commissioner, Place 1",,DEM,Jeff Ramsey,188
St. Clair,0025 NORTH VALLEY CH,Attorney General,,REP,Jay Mitchell,149
St. Clair,0025 NORTH VALLEY CH,Attorney General,,REP,Katherine Robertson,171
St. Clair,0025 NORTH VALLEY CH,Attorney General,,REP,Pamela L. Casey,113
St. Clair,0025 NORTH VALLEY CH,"Chairman, St. Clair County Commission",,REP,Stan Batemon,177
St. Clair,0025 NORTH VALLEY CH,"Chairman, St. Clair County Commission",,REP,David Evans,240
St. Clair,0025 NORTH VALLEY CH,Commissioner of Agriculture and Industries,,REP,Christina Woerner McInnis,130
St. Clair,0025 NORTH VALLEY CH,Commissioner of Agriculture and Industries,,REP,Cory Hill,137
St. Clair,0025 NORTH VALLEY CH,Commissioner of Agriculture and Industries,,REP,Jack Williams,140
St. Clair,0025 NORTH VALLEY CH,County (All),,REP,Allison G. Gray,153
St. Clair,0025 NORTH VALLEY CH,County (All),,REP,Greg Cobb,233
St. Clair,0025 NORTH VALLEY CH,Governor,,REP,"""Alabama"" Will Santivasci",26
St. Clair,0025 NORTH VALLEY CH,Governor,,REP,Ken McFeeters,28
St. Clair,0025 NORTH VALLEY CH,Governor,,REP,Thomas Tuberville,397
St. Clair,0025 NORTH VALLEY CH,Lieutenant Governor,,REP,George Childress,10
St. Clair,0025 NORTH VALLEY CH,Lieutenant Governor,,REP,John Wahl,188
St. Clair,0025 NORTH VALLEY CH,Lieutenant Governor,,REP,Nicole Jones Wadsworth,16
St. Clair,0025 NORTH VALLEY CH,Lieutenant Governor,,REP,Pat Bishop,18
St. Clair,0025 NORTH VALLEY CH,Lieutenant Governor,,REP,Rick Pate,33
St. Clair,0025 NORTH VALLEY CH,Lieutenant Governor,,REP,Stewart Hill Tankersley,12
St. Clair,0025 NORTH VALLEY CH,Lieutenant Governor,,REP,Wes Allen,162
St. Clair,0025 NORTH VALLEY CH,"Member, St. Clair County Commission, District No. 1",,REP,Adam Pardue,199
St. Clair,0025 NORTH VALLEY CH,"Member, St. Clair County Commission, District No. 1",,REP,Katrina Hennings,131
St. Clair,0025 NORTH VALLEY CH,"Member, St. Clair County Commission, District No. 1",,REP,Shane Thomas,81
St. Clair,0025 NORTH VALLEY CH,"Public Service Commission, Place No. 1",,REP,Jeremy H. Oden,121
St. Clair,0025 NORTH VALLEY CH,"Public Service Commission, Place No. 1",,REP,Matt Gentry,284
St. Clair,0025 NORTH VALLEY CH,"Public Service Commission, Place No. 2",,REP,Brent Woodall,65
St. Clair,0025 NORTH VALLEY CH,"Public Service Commission, Place No. 2",,REP,Chris Beeker,113
St. Clair,0025 NORTH VALLEY CH,"Public Service Commission, Place No. 2",,REP,Jim Zig Zeigler,177
St. Clair,0025 NORTH VALLEY CH,"Public Service Commission, Place No. 2",,REP,Priscilla Andrews,58
St. Clair,0025 NORTH VALLEY CH,Secretary of State,,REP,Caroleene Dobson,252
St. Clair,0025 NORTH VALLEY CH,Secretary of State,,REP,Christopher Christian Horn,111
St. Clair,0025 NORTH VALLEY CH,Secretary of State,,REP,Glenda S. Jackson,51
St. Clair,0025 NORTH VALLEY CH,State Auditor,,REP,Andrew Sorrell,266
St. Clair,0025 NORTH VALLEY CH,State Auditor,,REP,Derek Chen,151
St. Clair,0025 NORTH VALLEY CH,State Board of Education,6,REP,Cathi Bradford,202
St. Clair,0025 NORTH VALLEY CH,State Board of Education,6,REP,Marie Manning,197
St. Clair,0025 NORTH VALLEY CH,"State House, District 50",50,REP,Bill Morris,293
St. Clair,0025 NORTH VALLEY CH,"State House, District 50",50,REP,Bryan K Newell,119
St. Clair,0025 NORTH VALLEY CH,"State Republican Executive Committee, St. Clair County, Place 4",,REP,Ashley Tortorigi Hilburn,153
St. Clair,0025 NORTH VALLEY CH,"State Republican Executive Committee, St. Clair County, Place 3",,REP,Bill Morris,260
St. Clair,0025 NORTH VALLEY CH,"State Republican Executive Committee, St. Clair County, Place No 1",,REP,Brandon Moseley,96
St. Clair,0025 NORTH VALLEY CH,"State Republican Executive Committee, St. Clair County, Place 4",,REP,Cathy Wise Fine,233
St. Clair,0025 NORTH VALLEY CH,"State Republican Executive Committee, St. Clair County, Place 3",,REP,Katherine Holloway,153
St. Clair,0025 NORTH VALLEY CH,"State Republican Executive Committee, St. Clair County, Place No 1",,REP,"Kathryn ""Kathy"" Burke",137
St. Clair,0025 NORTH VALLEY CH,"State Republican Executive Committee, St. Clair County, Place No 1",,REP,Matt Tortorice,183
St. Clair,0025 NORTH VALLEY CH,State Treasurer,,REP,Steve Lolley,167
St. Clair,0025 NORTH VALLEY CH,State Treasurer,,REP,Young Boozer,258
St. Clair,0025 NORTH VALLEY CH,U.S. House,3,REP,Mike Rogers,338
St. Clair,0025 NORTH VALLEY CH,U.S. House,3,REP,Terri LaPoint,84
St. Clair,0025 NORTH VALLEY CH,U.S. Senate,,REP,Barry Moore,124
St. Clair,0025 NORTH VALLEY CH,U.S. Senate,,REP,Dale Shelton Deas Jr.,5
St. Clair,0025 NORTH VALLEY CH,U.S. Senate,,REP,Jared Hudson,196
St. Clair,0025 NORTH VALLEY CH,U.S. Senate,,REP,Morgan Murphy,9
St. Clair,0025 NORTH VALLEY CH,U.S. Senate,,REP,Rodney Walker,9
St. Clair,0025 NORTH VALLEY CH,U.S. Senate,,REP,Seth Burton,5
St. Clair,0025 NORTH VALLEY CH,U.S. Senate,,REP,Steve Marshall,101
St. Clair,0026 WHITES CHAPEL TOWN HALL,Governor,,DEM,Will Boyd,7
St. Clair,0026 WHITES CHAPEL TOWN HALL,Governor,,DEM,Jamel J. Brown,1
St. Clair,0026 WHITES CHAPEL TOWN HALL,Governor,,DEM,Yolanda Rochelle Flowers,6
St. Clair,0026 WHITES CHAPEL TOWN HALL,Governor,,DEM,Doug Jones,41
St. Clair,0026 WHITES CHAPEL TOWN HALL,Governor,,DEM,"Chad ""Chig"" Martin",0
St. Clair,0026 WHITES CHAPEL TOWN HALL,Governor,,DEM,"Nathan ""Nate"" Mathis",0
St. Clair,0026 WHITES CHAPEL TOWN HALL,Lieutenant Governor,,DEM,Phillip Ensler,36
St. Clair,0026 WHITES CHAPEL TOWN HALL,Lieutenant Governor,,DEM,Darryl D. Perryman,19
St. Clair,0026 WHITES CHAPEL TOWN HALL,U.S. Senate,,DEM,Dakarai Larriett,20
St. Clair,0026 WHITES CHAPEL TOWN HALL,U.S. Senate,,DEM,Kyle Sweetser,7
St. Clair,0026 WHITES CHAPEL TOWN HALL,U.S. Senate,,DEM,Everett Wess,21
St. Clair,0026 WHITES CHAPEL TOWN HALL,U.S. Senate,,DEM,Mark S. Wheeler II,7
St. Clair,0026 WHITES CHAPEL TOWN HALL,"Public Service Commissioner, Place 1",,DEM,James O. Gordon,24
St. Clair,0026 WHITES CHAPEL TOWN HALL,"Public Service Commissioner, Place 1",,DEM,John Northrop,8
St. Clair,0026 WHITES CHAPEL TOWN HALL,"Public Service Commissioner, Place 1",,DEM,Jeff Ramsey,18
St. Clair,0026 WHITES CHAPEL TOWN HALL,Attorney General,,REP,Jay Mitchell,41
St. Clair,0026 WHITES CHAPEL TOWN HALL,Attorney General,,REP,Katherine Robertson,74
St. Clair,0026 WHITES CHAPEL TOWN HALL,Attorney General,,REP,Pamela L. Casey,43
St. Clair,0026 WHITES CHAPEL TOWN HALL,"Chairman, St. Clair County Commission",,REP,Stan Batemon,93
St. Clair,0026 WHITES CHAPEL TOWN HALL,"Chairman, St. Clair County Commission",,REP,David Evans,66
St. Clair,0026 WHITES CHAPEL TOWN HALL,Commissioner of Agriculture and Industries,,REP,Christina Woerner McInnis,54
St. Clair,0026 WHITES CHAPEL TOWN HALL,Commissioner of Agriculture and Industries,,REP,Cory Hill,48
St. Clair,0026 WHITES CHAPEL TOWN HALL,Commissioner of Agriculture and Industries,,REP,Jack Williams,46
St. Clair,0026 WHITES CHAPEL TOWN HALL,County (All),,REP,Allison G. Gray,55
St. Clair,0026 WHITES CHAPEL TOWN HALL,County (All),,REP,Greg Cobb,91
St. Clair,0026 WHITES CHAPEL TOWN HALL,Governor,,REP,"""Alabama"" Will Santivasci",13
St. Clair,0026 WHITES CHAPEL TOWN HALL,Governor,,REP,Ken McFeeters,10
St. Clair,0026 WHITES CHAPEL TOWN HALL,Governor,,REP,Thomas Tuberville,146
St. Clair,0026 WHITES CHAPEL TOWN HALL,Lieutenant Governor,,REP,George Childress,3
St. Clair,0026 WHITES CHAPEL TOWN HALL,Lieutenant Governor,,REP,John Wahl,81
St. Clair,0026 WHITES CHAPEL TOWN HALL,Lieutenant Governor,,REP,Nicole Jones Wadsworth,7
St. Clair,0026 WHITES CHAPEL TOWN HALL,Lieutenant Governor,,REP,Pat Bishop,4
St. Clair,0026 WHITES CHAPEL TOWN HALL,Lieutenant Governor,,REP,Rick Pate,5
St. Clair,0026 WHITES CHAPEL TOWN HALL,Lieutenant Governor,,REP,Stewart Hill Tankersley,1
St. Clair,0026 WHITES CHAPEL TOWN HALL,Lieutenant Governor,,REP,Wes Allen,62
St. Clair,0026 WHITES CHAPEL TOWN HALL,"Member, St. Clair County Commission, District No. 1",,REP,Adam Pardue,58
St. Clair,0026 WHITES CHAPEL TOWN HALL,"Member, St. Clair County Commission, District No. 1",,REP,Katrina Hennings,61
St. Clair,0026 WHITES CHAPEL TOWN HALL,"Member, St. Clair County Commission, District No. 1",,REP,Shane Thomas,29
St. Clair,0026 WHITES CHAPEL TOWN HALL,"Public Service Commission, Place No. 1",,REP,Jeremy H. Oden,39
St. Clair,0026 WHITES CHAPEL TOWN HALL,"Public Service Commission, Place No. 1",,REP,Matt Gentry,106
St. Clair,0026 WHITES CHAPEL TOWN HALL,"Public Service Commission, Place No. 2",,REP,Brent Woodall,27
St. Clair,0026 WHITES CHAPEL TOWN HALL,"Public Service Commission, Place No. 2",,REP,Chris Beeker,44
St. Clair,0026 WHITES CHAPEL TOWN HALL,"Public Service Commission, Place No. 2",,REP,Jim Zig Zeigler,62
St. Clair,0026 WHITES CHAPEL TOWN HALL,"Public Service Commission, Place No. 2",,REP,Priscilla Andrews,15
St. Clair,0026 WHITES CHAPEL TOWN HALL,Secretary of State,,REP,Caroleene Dobson,95
St. Clair,0026 WHITES CHAPEL TOWN HALL,Secretary of State,,REP,Christopher Christian Horn,43
St. Clair,0026 WHITES CHAPEL TOWN HALL,Secretary of State,,REP,Glenda S. Jackson,11
St. Clair,0026 WHITES CHAPEL TOWN HALL,State Auditor,,REP,Andrew Sorrell,103
St. Clair,0026 WHITES CHAPEL TOWN HALL,State Auditor,,REP,Derek Chen,51
St. Clair,0026 WHITES CHAPEL TOWN HALL,State Board of Education,6,REP,Cathi Bradford,69
St. Clair,0026 WHITES CHAPEL TOWN HALL,State Board of Education,6,REP,Marie Manning,92
St. Clair,0026 WHITES CHAPEL TOWN HALL,"State House, District 50",50,REP,Bill Morris,133
St. Clair,0026 WHITES CHAPEL TOWN HALL,"State House, District 50",50,REP,Bryan K Newell,30
St. Clair,0026 WHITES CHAPEL TOWN HALL,"State Republican Executive Committee, St. Clair County, Place 4",,REP,Ashley Tortorigi Hilburn,55
St. Clair,0026 WHITES CHAPEL TOWN HALL,"State Republican Executive Committee, St. Clair County, Place 3",,REP,Bill Morris,118
St. Clair,0026 WHITES CHAPEL TOWN HALL,"State Republican Executive Committee, St. Clair County, Place No 1",,REP,Brandon Moseley,44
St. Clair,0026 WHITES CHAPEL TOWN HALL,"State Republican Executive Committee, St. Clair County, Place 4",,REP,Cathy Wise Fine,91
St. Clair,0026 WHITES CHAPEL TOWN HALL,"State Republican Executive Committee, St. Clair County, Place 3",,REP,Katherine Holloway,40
St. Clair,0026 WHITES CHAPEL TOWN HALL,"State Republican Executive Committee, St. Clair County, Place No 1",,REP,"Kathryn ""Kathy"" Burke",61
St. Clair,0026 WHITES CHAPEL TOWN HALL,"State Republican Executive Committee, St. Clair County, Place No 1",,REP,Matt Tortorice,34
St. Clair,0026 WHITES CHAPEL TOWN HALL,State Treasurer,,REP,Steve Lolley,57
St. Clair,0026 WHITES CHAPEL TOWN HALL,State Treasurer,,REP,Young Boozer,97
St. Clair,0026 WHITES CHAPEL TOWN HALL,U.S. House,3,REP,Mike Rogers,130
St. Clair,0026 WHITES CHAPEL TOWN HALL,U.S. House,3,REP,Terri LaPoint,30
St. Clair,0026 WHITES CHAPEL TOWN HALL,U.S. Senate,,REP,Barry Moore,53
St. Clair,0026 WHITES CHAPEL TOWN HALL,U.S. Senate,,REP,Dale Shelton Deas Jr.,2
St. Clair,0026 WHITES CHAPEL TOWN HALL,U.S. Senate,,REP,Jared Hudson,58
St. Clair,0026 WHITES CHAPEL TOWN HALL,U.S. Senate,,REP,Morgan Murphy,3
St. Clair,0026 WHITES CHAPEL TOWN HALL,U.S. Senate,,REP,Rodney Walker,1
St. Clair,0026 WHITES CHAPEL TOWN HALL,U.S. Senate,,REP,Seth Burton,2
St. Clair,0026 WHITES CHAPEL TOWN HALL,U.S. Senate,,REP,Steve Marshall,46
St. Clair,0027 CHANDLER MT. COMM. CTR.,Governor,,DEM,Will Boyd,0
St. Clair,0027 CHANDLER MT. COMM. CTR.,Governor,,DEM,Jamel J. Brown,0
St. Clair,0027 CHANDLER MT. COMM. CTR.,Governor,,DEM,Yolanda Rochelle Flowers,0
St. Clair,0027 CHANDLER MT. COMM. CTR.,Governor,,DEM,Doug Jones,3
St. Clair,0027 CHANDLER MT. COMM. CTR.,Governor,,DEM,"Chad ""Chig"" Martin",1
St. Clair,0027 CHANDLER MT. COMM. CTR.,Governor,,DEM,"Nathan ""Nate"" Mathis",0
St. Clair,0027 CHANDLER MT. COMM. CTR.,Lieutenant Governor,,DEM,Phillip Ensler,2
St. Clair,0027 CHANDLER MT. COMM. CTR.,Lieutenant Governor,,DEM,Darryl D. Perryman,1
St. Clair,0027 CHANDLER MT. COMM. CTR.,U.S. Senate,,DEM,Dakarai Larriett,1
St. Clair,0027 CHANDLER MT. COMM. CTR.,U.S. Senate,,DEM,Kyle Sweetser,2
St. Clair,0027 CHANDLER MT. COMM. CTR.,U.S. Senate,,DEM,Everett Wess,1
St. Clair,0027 CHANDLER MT. COMM. CTR.,U.S. Senate,,DEM,Mark S. Wheeler II,0
St. Clair,0027 CHANDLER MT. COMM. CTR.,"Public Service Commissioner, Place 1",,DEM,James O. Gordon,0
St. Clair,0027 CHANDLER MT. COMM. CTR.,"Public Service Commissioner, Place 1",,DEM,John Northrop,3
St. Clair,0027 CHANDLER MT. COMM. CTR.,"Public Service Commissioner, Place 1",,DEM,Jeff Ramsey,1
St. Clair,0027 CHANDLER MT. COMM. CTR.,Attorney General,,REP,Jay Mitchell,17
St. Clair,0027 CHANDLER MT. COMM. CTR.,Attorney General,,REP,Katherine Robertson,17
St. Clair,0027 CHANDLER MT. COMM. CTR.,Attorney General,,REP,Pamela L. Casey,21
St. Clair,0027 CHANDLER MT. COMM. CTR.,"Chairman, St. Clair County Commission",,REP,Stan Batemon,31
St. Clair,0027 CHANDLER MT. COMM. CTR.,"Chairman, St. Clair County Commission",,REP,David Evans,29
St. Clair,0027 CHANDLER MT. COMM. CTR.,Commissioner of Agriculture and Industries,,REP,Christina Woerner McInnis,12
St. Clair,0027 CHANDLER MT. COMM. CTR.,Commissioner of Agriculture and Industries,,REP,Cory Hill,27
St. Clair,0027 CHANDLER MT. COMM. CTR.,Commissioner of Agriculture and Industries,,REP,Jack Williams,12
St. Clair,0027 CHANDLER MT. COMM. CTR.,County (All),,REP,Allison G. Gray,4
St. Clair,0027 CHANDLER MT. COMM. CTR.,County (All),,REP,Greg Cobb,53
St. Clair,0027 CHANDLER MT. COMM. CTR.,Governor,,REP,"""Alabama"" Will Santivasci",3
St. Clair,0027 CHANDLER MT. COMM. CTR.,Governor,,REP,Ken McFeeters,2
St. Clair,0027 CHANDLER MT. COMM. CTR.,Governor,,REP,Thomas Tuberville,59
St. Clair,0027 CHANDLER MT. COMM. CTR.,Lieutenant Governor,,REP,George Childress,0
St. Clair,0027 CHANDLER MT. COMM. CTR.,Lieutenant Governor,,REP,John Wahl,26
St. Clair,0027 CHANDLER MT. COMM. CTR.,Lieutenant Governor,,REP,Nicole Jones Wadsworth,1
St. Clair,0027 CHANDLER MT. COMM. CTR.,Lieutenant Governor,,REP,Pat Bishop,4
St. Clair,0027 CHANDLER MT. COMM. CTR.,Lieutenant Governor,,REP,Rick Pate,5
St. Clair,0027 CHANDLER MT. COMM. CTR.,Lieutenant Governor,,REP,Stewart Hill Tankersley,1
St. Clair,0027 CHANDLER MT. COMM. CTR.,Lieutenant Governor,,REP,Wes Allen,18
St. Clair,0027 CHANDLER MT. COMM. CTR.,"Member, St. Clair County Commission, District No. 1",,REP,Adam Pardue,22
St. Clair,0027 CHANDLER MT. COMM. CTR.,"Member, St. Clair County Commission, District No. 1",,REP,Katrina Hennings,10
St. Clair,0027 CHANDLER MT. COMM. CTR.,"Member, St. Clair County Commission, District No. 1",,REP,Shane Thomas,30
St. Clair,0027 CHANDLER MT. COMM. CTR.,"Public Service Commission, Place No. 1",,REP,Jeremy H. Oden,10
St. Clair,0027 CHANDLER MT. COMM. CTR.,"Public Service Commission, Place No. 1",,REP,Matt Gentry,40
St. Clair,0027 CHANDLER MT. COMM. CTR.,"Public Service Commission, Place No. 2",,REP,Brent Woodall,9
St. Clair,0027 CHANDLER MT. COMM. CTR.,"Public Service Commission, Place No. 2",,REP,Chris Beeker,19
St. Clair,0027 CHANDLER MT. COMM. CTR.,"Public Service Commission, Place No. 2",,REP,Jim Zig Zeigler,18
St. Clair,0027 CHANDLER MT. COMM. CTR.,"Public Service Commission, Place No. 2",,REP,Priscilla Andrews,6
St. Clair,0027 CHANDLER MT. COMM. CTR.,Secretary of State,,REP,Caroleene Dobson,30
St. Clair,0027 CHANDLER MT. COMM. CTR.,Secretary of State,,REP,Christopher Christian Horn,9
St. Clair,0027 CHANDLER MT. COMM. CTR.,Secretary of State,,REP,Glenda S. Jackson,11
St. Clair,0027 CHANDLER MT. COMM. CTR.,State Auditor,,REP,Andrew Sorrell,33
St. Clair,0027 CHANDLER MT. COMM. CTR.,State Auditor,,REP,Derek Chen,21
St. Clair,0027 CHANDLER MT. COMM. CTR.,State Board of Education,6,REP,Cathi Bradford,14
St. Clair,0027 CHANDLER MT. COMM. CTR.,State Board of Education,6,REP,Marie Manning,47
St. Clair,0027 CHANDLER MT. COMM. CTR.,"State Republican Executive Committee, St. Clair County, Place 4",,REP,Ashley Tortorigi Hilburn,4
St. Clair,0027 CHANDLER MT. COMM. CTR.,"State Republican Executive Committee, St. Clair County, Place 3",,REP,Bill Morris,28
St. Clair,0027 CHANDLER MT. COMM. CTR.,"State Republican Executive Committee, St. Clair County, Place No 1",,REP,Brandon Moseley,11
St. Clair,0027 CHANDLER MT. COMM. CTR.,"State Republican Executive Committee, St. Clair County, Place 4",,REP,Cathy Wise Fine,53
St. Clair,0027 CHANDLER MT. COMM. CTR.,"State Republican Executive Committee, St. Clair County, Place 3",,REP,Katherine Holloway,21
St. Clair,0027 CHANDLER MT. COMM. CTR.,"State Republican Executive Committee, St. Clair County, Place No 1",,REP,"Kathryn ""Kathy"" Burke",28
St. Clair,0027 CHANDLER MT. COMM. CTR.,"State Republican Executive Committee, St. Clair County, Place No 1",,REP,Matt Tortorice,6
St. Clair,0027 CHANDLER MT. COMM. CTR.,State Treasurer,,REP,Steve Lolley,21
St. Clair,0027 CHANDLER MT. COMM. CTR.,State Treasurer,,REP,Young Boozer,35
St. Clair,0027 CHANDLER MT. COMM. CTR.,U.S. House,3,REP,Mike Rogers,52
St. Clair,0027 CHANDLER MT. COMM. CTR.,U.S. House,3,REP,Terri LaPoint,5
St. Clair,0027 CHANDLER MT. COMM. CTR.,U.S. Senate,,REP,Barry Moore,18
St. Clair,0027 CHANDLER MT. COMM. CTR.,U.S. Senate,,REP,Dale Shelton Deas Jr.,1
St. Clair,0027 CHANDLER MT. COMM. CTR.,U.S. Senate,,REP,Jared Hudson,27
St. Clair,0027 CHANDLER MT. COMM. CTR.,U.S. Senate,,REP,Morgan Murphy,0
St. Clair,0027 CHANDLER MT. COMM. CTR.,U.S. Senate,,REP,Rodney Walker,0
St. Clair,0027 CHANDLER MT. COMM. CTR.,U.S. Senate,,REP,Seth Burton,1
St. Clair,0027 CHANDLER MT. COMM. CTR.,U.S. Senate,,REP,Steve Marshall,14
St. Clair,0028 GALLANT VFD,Governor,,DEM,Will Boyd,0
St. Clair,0028 GALLANT VFD,Governor,,DEM,Jamel J. Brown,0
St. Clair,0028 GALLANT VFD,Governor,,DEM,Yolanda Rochelle Flowers,0
St. Clair,0028 GALLANT VFD,Governor,,DEM,Doug Jones,4
St. Clair,0028 GALLANT VFD,Governor,,DEM,"Chad ""Chig"" Martin",0
St. Clair,0028 GALLANT VFD,Governor,,DEM,"Nathan ""Nate"" Mathis",0
St. Clair,0028 GALLANT VFD,Lieutenant Governor,,DEM,Phillip Ensler,3
St. Clair,0028 GALLANT VFD,Lieutenant Governor,,DEM,Darryl D. Perryman,1
St. Clair,0028 GALLANT VFD,U.S. Senate,,DEM,Dakarai Larriett,0
St. Clair,0028 GALLANT VFD,U.S. Senate,,DEM,Kyle Sweetser,1
St. Clair,0028 GALLANT VFD,U.S. Senate,,DEM,Everett Wess,1
St. Clair,0028 GALLANT VFD,U.S. Senate,,DEM,Mark S. Wheeler II,2
St. Clair,0028 GALLANT VFD,"Public Service Commissioner, Place 1",,DEM,James O. Gordon,2
St. Clair,0028 GALLANT VFD,"Public Service Commissioner, Place 1",,DEM,John Northrop,0
St. Clair,0028 GALLANT VFD,"Public Service Commissioner, Place 1",,DEM,Jeff Ramsey,2
St. Clair,0028 GALLANT VFD,Attorney General,,REP,Jay Mitchell,10
St. Clair,0028 GALLANT VFD,Attorney General,,REP,Katherine Robertson,16
St. Clair,0028 GALLANT VFD,Attorney General,,REP,Pamela L. Casey,24
St. Clair,0028 GALLANT VFD,"Chairman, St. Clair County Commission",,REP,Stan Batemon,9
St. Clair,0028 GALLANT VFD,"Chairman, St. Clair County Commission",,REP,David Evans,40
St. Clair,0028 GALLANT VFD,Commissioner of Agriculture and Industries,,REP,Christina Woerner McInnis,8
St. Clair,0028 GALLANT VFD,Commissioner of Agriculture and Industries,,REP,Cory Hill,20
St. Clair,0028 GALLANT VFD,Commissioner of Agriculture and Industries,,REP,Jack Williams,15
St. Clair,0028 GALLANT VFD,County (All),,REP,Allison G. Gray,13
St. Clair,0028 GALLANT VFD,County (All),,REP,Greg Cobb,30
St. Clair,0028 GALLANT VFD,Governor,,REP,"""Alabama"" Will Santivasci",0
St. Clair,0028 GALLANT VFD,Governor,,REP,Ken McFeeters,3
St. Clair,0028 GALLANT VFD,Governor,,REP,Thomas Tuberville,50
St. Clair,0028 GALLANT VFD,Lieutenant Governor,,REP,George Childress,3
St. Clair,0028 GALLANT VFD,Lieutenant Governor,,REP,John Wahl,17
St. Clair,0028 GALLANT VFD,Lieutenant Governor,,REP,Nicole Jones Wadsworth,0
St. Clair,0028 GALLANT VFD,Lieutenant Governor,,REP,Pat Bishop,5
St. Clair,0028 GALLANT VFD,Lieutenant Governor,,REP,Rick Pate,0
St. Clair,0028 GALLANT VFD,Lieutenant Governor,,REP,Stewart Hill Tankersley,0
St. Clair,0028 GALLANT VFD,Lieutenant Governor,,REP,Wes Allen,23
St. Clair,0028 GALLANT VFD,"Member, St. Clair County Commission, District No. 1",,REP,Adam Pardue,9
St. Clair,0028 GALLANT VFD,"Member, St. Clair County Commission, District No. 1",,REP,Katrina Hennings,12
St. Clair,0028 GALLANT VFD,"Member, St. Clair County Commission, District No. 1",,REP,Shane Thomas,27
St. Clair,0028 GALLANT VFD,"Public Service Commission, Place No. 1",,REP,Jeremy H. Oden,13
St. Clair,0028 GALLANT VFD,"Public Service Commission, Place No. 1",,REP,Matt Gentry,29
St. Clair,0028 GALLANT VFD,"Public Service Commission, Place No. 2",,REP,Brent Woodall,4
St. Clair,0028 GALLANT VFD,"Public Service Commission, Place No. 2",,REP,Chris Beeker,23
St. Clair,0028 GALLANT VFD,"Public Service Commission, Place No. 2",,REP,Jim Zig Zeigler,12
St. Clair,0028 GALLANT VFD,"Public Service Commission, Place No. 2",,REP,Priscilla Andrews,5
St. Clair,0028 GALLANT VFD,Secretary of State,,REP,Caroleene Dobson,29
St. Clair,0028 GALLANT VFD,Secretary of State,,REP,Christopher Christian Horn,10
St. Clair,0028 GALLANT VFD,Secretary of State,,REP,Glenda S. Jackson,4
St. Clair,0028 GALLANT VFD,State Auditor,,REP,Andrew Sorrell,29
St. Clair,0028 GALLANT VFD,State Auditor,,REP,Derek Chen,11
St. Clair,0028 GALLANT VFD,State Board of Education,6,REP,Cathi Bradford,19
St. Clair,0028 GALLANT VFD,State Board of Education,6,REP,Marie Manning,30
St. Clair,0028 GALLANT VFD,"State Republican Executive Committee, St. Clair County, Place 4",,REP,Ashley Tortorigi Hilburn,13
St. Clair,0028 GALLANT VFD,"State Republican Executive Committee, St. Clair County, Place 3",,REP,Bill Morris,20
St. Clair,0028 GALLANT VFD,"State Republican Executive Committee, St. Clair County, Place No 1",,REP,Brandon Moseley,19
St. Clair,0028 GALLANT VFD,"State Republican Executive Committee, St. Clair County, Place 4",,REP,Cathy Wise Fine,30
St. Clair,0028 GALLANT VFD,"State Republican Executive Committee, St. Clair County, Place 3",,REP,Katherine Holloway,21
St. Clair,0028 GALLANT VFD,"State Republican Executive Committee, St. Clair County, Place No 1",,REP,"Kathryn ""Kathy"" Burke",18
St. Clair,0028 GALLANT VFD,"State Republican Executive Committee, St. Clair County, Place No 1",,REP,Matt Tortorice,4
St. Clair,0028 GALLANT VFD,State Treasurer,,REP,Steve Lolley,18
St. Clair,0028 GALLANT VFD,State Treasurer,,REP,Young Boozer,25
St. Clair,0028 GALLANT VFD,U.S. House,3,REP,Mike Rogers,45
St. Clair,0028 GALLANT VFD,U.S. House,3,REP,Terri LaPoint,5
St. Clair,0028 GALLANT VFD,U.S. Senate,,REP,Barry Moore,13
St. Clair,0028 GALLANT VFD,U.S. Senate,,REP,Dale Shelton Deas Jr.,0
St. Clair,0028 GALLANT VFD,U.S. Senate,,REP,Jared Hudson,19
St. Clair,0028 GALLANT VFD,U.S. Senate,,REP,Morgan Murphy,2
St. Clair,0028 GALLANT VFD,U.S. Senate,,REP,Rodney Walker,0
St. Clair,0028 GALLANT VFD,U.S. Senate,,REP,Seth Burton,1
St. Clair,0028 GALLANT VFD,U.S. Senate,,REP,Steve Marshall,16
St. Clair,0029 SLATE UNION CH,Governor,,DEM,Will Boyd,1
St. Clair,0029 SLATE UNION CH,Governor,,DEM,Jamel J. Brown,0
St. Clair,0029 SLATE UNION CH,Governor,,DEM,Yolanda Rochelle Flowers,0
St. Clair,0029 SLATE UNION CH,Governor,,DEM,Doug Jones,6
St. Clair,0029 SLATE UNION CH,Governor,,DEM,"Chad ""Chig"" Martin",0
St. Clair,0029 SLATE UNION CH,Governor,,DEM,"Nathan ""Nate"" Mathis",0
St. Clair,0029 SLATE UNION CH,Lieutenant Governor,,DEM,Phillip Ensler,3
St. Clair,0029 SLATE UNION CH,Lieutenant Governor,,DEM,Darryl D. Perryman,3
St. Clair,0029 SLATE UNION CH,U.S. Senate,,DEM,Dakarai Larriett,0
St. Clair,0029 SLATE UNION CH,U.S. Senate,,DEM,Kyle Sweetser,0
St. Clair,0029 SLATE UNION CH,U.S. Senate,,DEM,Everett Wess,4
St. Clair,0029 SLATE UNION CH,U.S. Senate,,DEM,Mark S. Wheeler II,2
St. Clair,0029 SLATE UNION CH,"Public Service Commissioner, Place 1",,DEM,James O. Gordon,2
St. Clair,0029 SLATE UNION CH,"Public Service Commissioner, Place 1",,DEM,John Northrop,3
St. Clair,0029 SLATE UNION CH,"Public Service Commissioner, Place 1",,DEM,Jeff Ramsey,1
St. Clair,0029 SLATE UNION CH,Attorney General,,REP,Jay Mitchell,53
St. Clair,0029 SLATE UNION CH,Attorney General,,REP,Katherine Robertson,73
St. Clair,0029 SLATE UNION CH,Attorney General,,REP,Pamela L. Casey,81
St. Clair,0029 SLATE UNION CH,"Chairman, St. Clair County Commission",,REP,Stan Batemon,86
St. Clair,0029 SLATE UNION CH,"Chairman, St. Clair County Commission",,REP,David Evans,118
St. Clair,0029 SLATE UNION CH,Commissioner of Agriculture and Industries,,REP,Christina Woerner McInnis,58
St. Clair,0029 SLATE UNION CH,Commissioner of Agriculture and Industries,,REP,Cory Hill,66
St. Clair,0029 SLATE UNION CH,Commissioner of Agriculture and Industries,,REP,Jack Williams,68
St. Clair,0029 SLATE UNION CH,County (All),,REP,Allison G. Gray,51
St. Clair,0029 SLATE UNION CH,County (All),,REP,Greg Cobb,133
St. Clair,0029 SLATE UNION CH,Governor,,REP,"""Alabama"" Will Santivasci",13
St. Clair,0029 SLATE UNION CH,Governor,,REP,Ken McFeeters,19
St. Clair,0029 SLATE UNION CH,Governor,,REP,Thomas Tuberville,176
St. Clair,0029 SLATE UNION CH,Lieutenant Governor,,REP,George Childress,3
St. Clair,0029 SLATE UNION CH,Lieutenant Governor,,REP,John Wahl,93
St. Clair,0029 SLATE UNION CH,Lieutenant Governor,,REP,Nicole Jones Wadsworth,6
St. Clair,0029 SLATE UNION CH,Lieutenant Governor,,REP,Pat Bishop,7
St. Clair,0029 SLATE UNION CH,Lieutenant Governor,,REP,Rick Pate,12
St. Clair,0029 SLATE UNION CH,Lieutenant Governor,,REP,Stewart Hill Tankersley,2
St. Clair,0029 SLATE UNION CH,Lieutenant Governor,,REP,Wes Allen,80
St. Clair,0029 SLATE UNION CH,"Member, St. Clair County Commission, District No. 1",,REP,Adam Pardue,64
St. Clair,0029 SLATE UNION CH,"Member, St. Clair County Commission, District No. 1",,REP,Katrina Hennings,58
St. Clair,0029 SLATE UNION CH,"Member, St. Clair County Commission, District No. 1",,REP,Shane Thomas,78
St. Clair,0029 SLATE UNION CH,"Public Service Commission, Place No. 1",,REP,Jeremy H. Oden,57
St. Clair,0029 SLATE UNION CH,"Public Service Commission, Place No. 1",,REP,Matt Gentry,135
St. Clair,0029 SLATE UNION CH,"Public Service Commission, Place No. 2",,REP,Brent Woodall,41
St. Clair,0029 SLATE UNION CH,"Public Service Commission, Place No. 2",,REP,Chris Beeker,60
St. Clair,0029 SLATE UNION CH,"Public Service Commission, Place No. 2",,REP,Jim Zig Zeigler,76
St. Clair,0029 SLATE UNION CH,"Public Service Commission, Place No. 2",,REP,Priscilla Andrews,18
St. Clair,0029 SLATE UNION CH,Secretary of State,,REP,Caroleene Dobson,121
St. Clair,0029 SLATE UNION CH,Secretary of State,,REP,Christopher Christian Horn,42
St. Clair,0029 SLATE UNION CH,Secretary of State,,REP,Glenda S. Jackson,24
St. Clair,0029 SLATE UNION CH,State Auditor,,REP,Andrew Sorrell,143
St. Clair,0029 SLATE UNION CH,State Auditor,,REP,Derek Chen,50
St. Clair,0029 SLATE UNION CH,State Board of Education,6,REP,Cathi Bradford,92
St. Clair,0029 SLATE UNION CH,State Board of Education,6,REP,Marie Manning,109
St. Clair,0029 SLATE UNION CH,"State Republican Executive Committee, St. Clair County, Place 4",,REP,Ashley Tortorigi Hilburn,51
St. Clair,0029 SLATE UNION CH,"State Republican Executive Committee, St. Clair County, Place 3",,REP,Bill Morris,99
St. Clair,0029 SLATE UNION CH,"State Republican Executive Committee, St. Clair County, Place No 1",,REP,Brandon Moseley,58
St. Clair,0029 SLATE UNION CH,"State Republican Executive Committee, St. Clair County, Place 4",,REP,Cathy Wise Fine,133
St. Clair,0029 SLATE UNION CH,"State Republican Executive Committee, St. Clair County, Place 3",,REP,Katherine Holloway,82
St. Clair,0029 SLATE UNION CH,"State Republican Executive Committee, St. Clair County, Place No 1",,REP,"Kathryn ""Kathy"" Burke",84
St. Clair,0029 SLATE UNION CH,"State Republican Executive Committee, St. Clair County, Place No 1",,REP,Matt Tortorice,33
St. Clair,0029 SLATE UNION CH,State Treasurer,,REP,Steve Lolley,62
St. Clair,0029 SLATE UNION CH,State Treasurer,,REP,Young Boozer,135
St. Clair,0029 SLATE UNION CH,U.S. House,3,REP,Mike Rogers,154
St. Clair,0029 SLATE UNION CH,U.S. House,3,REP,Terri LaPoint,45
St. Clair,0029 SLATE UNION CH,U.S. Senate,,REP,Barry Moore,64
St. Clair,0029 SLATE UNION CH,U.S. Senate,,REP,Dale Shelton Deas Jr.,3
St. Clair,0029 SLATE UNION CH,U.S. Senate,,REP,Jared Hudson,76
St. Clair,0029 SLATE UNION CH,U.S. Senate,,REP,Morgan Murphy,4
St. Clair,0029 SLATE UNION CH,U.S. Senate,,REP,Rodney Walker,6
St. Clair,0029 SLATE UNION CH,U.S. Senate,,REP,Seth Burton,3
St. Clair,0029 SLATE UNION CH,U.S. Senate,,REP,Steve Marshall,54
St. Clair,0030 CEDAR GROVE BAPTIST CH,Governor,,DEM,Will Boyd,12
St. Clair,0030 CEDAR GROVE BAPTIST CH,Governor,,DEM,Jamel J. Brown,1
St. Clair,0030 CEDAR GROVE BAPTIST CH,Governor,,DEM,Yolanda Rochelle Flowers,3
St. Clair,0030 CEDAR GROVE BAPTIST CH,Governor,,DEM,Doug Jones,99
St. Clair,0030 CEDAR GROVE BAPTIST CH,Governor,,DEM,"Chad ""Chig"" Martin",2
St. Clair,0030 CEDAR GROVE BAPTIST CH,Governor,,DEM,"Nathan ""Nate"" Mathis",0
St. Clair,0030 CEDAR GROVE BAPTIST CH,Lieutenant Governor,,DEM,Phillip Ensler,63
St. Clair,0030 CEDAR GROVE BAPTIST CH,Lieutenant Governor,,DEM,Darryl D. Perryman,48
St. Clair,0030 CEDAR GROVE BAPTIST CH,U.S. Senate,,DEM,Dakarai Larriett,41
St. Clair,0030 CEDAR GROVE BAPTIST CH,U.S. Senate,,DEM,Kyle Sweetser,11
St. Clair,0030 CEDAR GROVE BAPTIST CH,U.S. Senate,,DEM,Everett Wess,35
St. Clair,0030 CEDAR GROVE BAPTIST CH,U.S. Senate,,DEM,Mark S. Wheeler II,25
St. Clair,0030 CEDAR GROVE BAPTIST CH,"Public Service Commissioner, Place 1",,DEM,James O. Gordon,53
St. Clair,0030 CEDAR GROVE BAPTIST CH,"Public Service Commissioner, Place 1",,DEM,John Northrop,11
St. Clair,0030 CEDAR GROVE BAPTIST CH,"Public Service Commissioner, Place 1",,DEM,Jeff Ramsey,44
St. Clair,0030 CEDAR GROVE BAPTIST CH,Attorney General,,REP,Jay Mitchell,86
St. Clair,0030 CEDAR GROVE BAPTIST CH,Attorney General,,REP,Katherine Robertson,122
St. Clair,0030 CEDAR GROVE BAPTIST CH,Attorney General,,REP,Pamela L. Casey,54
St. Clair,0030 CEDAR GROVE BAPTIST CH,"Chairman, St. Clair County Commission",,REP,Stan Batemon,139
St. Clair,0030 CEDAR GROVE BAPTIST CH,"Chairman, St. Clair County Commission",,REP,David Evans,104
St. Clair,0030 CEDAR GROVE BAPTIST CH,Commissioner of Agriculture and Industries,,REP,Christina Woerner McInnis,65
St. Clair,0030 CEDAR GROVE BAPTIST CH,Commissioner of Agriculture and Industries,,REP,Cory Hill,88
St. Clair,0030 CEDAR GROVE BAPTIST CH,Commissioner of Agriculture and Industries,,REP,Jack Williams,84
St. Clair,0030 CEDAR GROVE BAPTIST CH,County (All),,REP,Allison G. Gray,48
St. Clair,0030 CEDAR GROVE BAPTIST CH,County (All),,REP,Greg Cobb,162
St. Clair,0030 CEDAR GROVE BAPTIST CH,Governor,,REP,"""Alabama"" Will Santivasci",3
St. Clair,0030 CEDAR GROVE BAPTIST CH,Governor,,REP,Ken McFeeters,19
St. Clair,0030 CEDAR GROVE BAPTIST CH,Governor,,REP,Thomas Tuberville,259
St. Clair,0030 CEDAR GROVE BAPTIST CH,Lieutenant Governor,,REP,George Childress,5
St. Clair,0030 CEDAR GROVE BAPTIST CH,Lieutenant Governor,,REP,John Wahl,103
St. Clair,0030 CEDAR GROVE BAPTIST CH,Lieutenant Governor,,REP,Nicole Jones Wadsworth,12
St. Clair,0030 CEDAR GROVE BAPTIST CH,Lieutenant Governor,,REP,Pat Bishop,8
St. Clair,0030 CEDAR GROVE BAPTIST CH,Lieutenant Governor,,REP,Rick Pate,12
St. Clair,0030 CEDAR GROVE BAPTIST CH,Lieutenant Governor,,REP,Stewart Hill Tankersley,6
St. Clair,0030 CEDAR GROVE BAPTIST CH,Lieutenant Governor,,REP,Wes Allen,122
St. Clair,0030 CEDAR GROVE BAPTIST CH,"Member, St. Clair County Commission, District No. 1",,REP,Adam Pardue,75
St. Clair,0030 CEDAR GROVE BAPTIST CH,"Member, St. Clair County Commission, District No. 1",,REP,Katrina Hennings,103
St. Clair,0030 CEDAR GROVE BAPTIST CH,"Member, St. Clair County Commission, District No. 1",,REP,Shane Thomas,52
St. Clair,0030 CEDAR GROVE BAPTIST CH,"Public Service Commission, Place No. 1",,REP,Jeremy H. Oden,60
St. Clair,0030 CEDAR GROVE BAPTIST CH,"Public Service Commission, Place No. 1",,REP,Matt Gentry,185
St. Clair,0030 CEDAR GROVE BAPTIST CH,"Public Service Commission, Place No. 2",,REP,Brent Woodall,36
St. Clair,0030 CEDAR GROVE BAPTIST CH,"Public Service Commission, Place No. 2",,REP,Chris Beeker,73
St. Clair,0030 CEDAR GROVE BAPTIST CH,"Public Service Commission, Place No. 2",,REP,Jim Zig Zeigler,108
St. Clair,0030 CEDAR GROVE BAPTIST CH,"Public Service Commission, Place No. 2",,REP,Priscilla Andrews,29
St. Clair,0030 CEDAR GROVE BAPTIST CH,Secretary of State,,REP,Caroleene Dobson,167
St. Clair,0030 CEDAR GROVE BAPTIST CH,Secretary of State,,REP,Christopher Christian Horn,43
St. Clair,0030 CEDAR GROVE BAPTIST CH,Secretary of State,,REP,Glenda S. Jackson,32
St. Clair,0030 CEDAR GROVE BAPTIST CH,State Auditor,,REP,Andrew Sorrell,188
St. Clair,0030 CEDAR GROVE BAPTIST CH,State Auditor,,REP,Derek Chen,68
St. Clair,0030 CEDAR GROVE BAPTIST CH,State Board of Education,6,REP,Cathi Bradford,123
St. Clair,0030 CEDAR GROVE BAPTIST CH,State Board of Education,6,REP,Marie Manning,118
St. Clair,0030 CEDAR GROVE BAPTIST CH,"State House, District 45",45,REP,John Dawson,48
St. Clair,0030 CEDAR GROVE BAPTIST CH,"State House, District 45",45,REP,Susan Dubose,214
St. Clair,0030 CEDAR GROVE BAPTIST CH,"State Republican Executive Committee, St. Clair County, Place 4",,REP,Ashley Tortorigi Hilburn,48
St. Clair,0030 CEDAR GROVE BAPTIST CH,"State Republican Executive Committee, St. Clair County, Place 3",,REP,Bill Morris,173
St. Clair,0030 CEDAR GROVE BAPTIST CH,"State Republican Executive Committee, St. Clair County, Place No 1",,REP,Brandon Moseley,74
St. Clair,0030 CEDAR GROVE BAPTIST CH,"State Republican Executive Committee, St. Clair County, Place 4",,REP,Cathy Wise Fine,162
St. Clair,0030 CEDAR GROVE BAPTIST CH,"State Republican Executive Committee, St. Clair County, Place 3",,REP,Katherine Holloway,65
St. Clair,0030 CEDAR GROVE BAPTIST CH,"State Republican Executive Committee, St. Clair County, Place No 1",,REP,"Kathryn ""Kathy"" Burke",101
St. Clair,0030 CEDAR GROVE BAPTIST CH,"State Republican Executive Committee, St. Clair County, Place No 1",,REP,Matt Tortorice,38
St. Clair,0030 CEDAR GROVE BAPTIST CH,State Treasurer,,REP,Steve Lolley,95
St. Clair,0030 CEDAR GROVE BAPTIST CH,State Treasurer,,REP,Young Boozer,163
St. Clair,0030 CEDAR GROVE BAPTIST CH,U.S. House,3,REP,Mike Rogers,229
St. Clair,0030 CEDAR GROVE BAPTIST CH,U.S. House,3,REP,Terri LaPoint,34
St. Clair,0030 CEDAR GROVE BAPTIST CH,U.S. Senate,,REP,Barry Moore,110
St. Clair,0030 CEDAR GROVE BAPTIST CH,U.S. Senate,,REP,Dale Shelton Deas Jr.,1
St. Clair,0030 CEDAR GROVE BAPTIST CH,U.S. Senate,,REP,Jared Hudson,76
St. Clair,0030 CEDAR GROVE BAPTIST CH,U.S. Senate,,REP,Morgan Murphy,2
St. Clair,0030 CEDAR GROVE BAPTIST CH,U.S. Senate,,REP,Rodney Walker,4
St. Clair,0030 CEDAR GROVE BAPTIST CH,U.S. Senate,,REP,Seth Burton,5
St. Clair,0030 CEDAR GROVE BAPTIST CH,U.S. Senate,,REP,Steve Marshall,83
St. Clair,0031 ABSENTEE,Governor,,DEM,Will Boyd,3
St. Clair,0031 ABSENTEE,Governor,,DEM,Jamel J. Brown,0
St. Clair,0031 ABSENTEE,Governor,,DEM,Yolanda Rochelle Flowers,1
St. Clair,0031 ABSENTEE,Governor,,DEM,Doug Jones,39
St. Clair,0031 ABSENTEE,Governor,,DEM,"Chad ""Chig"" Martin",3
St. Clair,0031 ABSENTEE,Governor,,DEM,"Nathan ""Nate"" Mathis",1
St. Clair,0031 ABSENTEE,Lieutenant Governor,,DEM,Phillip Ensler,28
St. Clair,0031 ABSENTEE,Lieutenant Governor,,DEM,Darryl D. Perryman,18
St. Clair,0031 ABSENTEE,U.S. Senate,,DEM,Dakarai Larriett,10
St. Clair,0031 ABSENTEE,U.S. Senate,,DEM,Kyle Sweetser,7
St. Clair,0031 ABSENTEE,U.S. Senate,,DEM,Everett Wess,18
St. Clair,0031 ABSENTEE,U.S. Senate,,DEM,Mark S. Wheeler II,13
St. Clair,0031 ABSENTEE,"Public Service Commissioner, Place 1",,DEM,James O. Gordon,20
St. Clair,0031 ABSENTEE,"Public Service Commissioner, Place 1",,DEM,John Northrop,12
St. Clair,0031 ABSENTEE,"Public Service Commissioner, Place 1",,DEM,Jeff Ramsey,15
St. Clair,0031 ABSENTEE,Attorney General,,REP,Jay Mitchell,62
St. Clair,0031 ABSENTEE,Attorney General,,REP,Katherine Robertson,64
St. Clair,0031 ABSENTEE,Attorney General,,REP,Pamela L. Casey,64
St. Clair,0031 ABSENTEE,"Chairman, St. Clair County Commission",,REP,Stan Batemon,113
St. Clair,0031 ABSENTEE,"Chairman, St. Clair County Commission",,REP,David Evans,76
St. Clair,0031 ABSENTEE,Commissioner of Agriculture and Industries,,REP,Christina Woerner McInnis,43
St. Clair,0031 ABSENTEE,Commissioner of Agriculture and Industries,,REP,Cory Hill,73
St. Clair,0031 ABSENTEE,Commissioner of Agriculture and Industries,,REP,Jack Williams,54
St. Clair,0031 ABSENTEE,County (All),,REP,Allison G. Gray,49
St. Clair,0031 ABSENTEE,County (All),,REP,Greg Cobb,132
St. Clair,0031 ABSENTEE,Governor,,REP,"""Alabama"" Will Santivasci",11
St. Clair,0031 ABSENTEE,Governor,,REP,Ken McFeeters,18
St. Clair,0031 ABSENTEE,Governor,,REP,Thomas Tuberville,170
St. Clair,0031 ABSENTEE,Lieutenant Governor,,REP,George Childress,3
St. Clair,0031 ABSENTEE,Lieutenant Governor,,REP,John Wahl,57
St. Clair,0031 ABSENTEE,Lieutenant Governor,,REP,Nicole Jones Wadsworth,20
St. Clair,0031 ABSENTEE,Lieutenant Governor,,REP,Pat Bishop,11
St. Clair,0031 ABSENTEE,Lieutenant Governor,,REP,Rick Pate,14
St. Clair,0031 ABSENTEE,Lieutenant Governor,,REP,Stewart Hill Tankersley,4
St. Clair,0031 ABSENTEE,Lieutenant Governor,,REP,Wes Allen,77
St. Clair,0031 ABSENTEE,"Member, St. Clair County Commission, District No. 1",,REP,Adam Pardue,62
St. Clair,0031 ABSENTEE,"Member, St. Clair County Commission, District No. 1",,REP,Katrina Hennings,86
St. Clair,0031 ABSENTEE,"Member, St. Clair County Commission, District No. 1",,REP,Shane Thomas,46
St. Clair,0031 ABSENTEE,"Public Service Commission, Place No. 1",,REP,Jeremy H. Oden,44
St. Clair,0031 ABSENTEE,"Public Service Commission, Place No. 1",,REP,Matt Gentry,128
St. Clair,0031 ABSENTEE,"Public Service Commission, Place No. 2",,REP,Brent Woodall,49
St. Clair,0031 ABSENTEE,"Public Service Commission, Place No. 2",,REP,Chris Beeker,51
St. Clair,0031 ABSENTEE,"Public Service Commission, Place No. 2",,REP,Jim Zig Zeigler,49
St. Clair,0031 ABSENTEE,"Public Service Commission, Place No. 2",,REP,Priscilla Andrews,28
St. Clair,0031 ABSENTEE,Secretary of State,,REP,Caroleene Dobson,86
St. Clair,0031 ABSENTEE,Secretary of State,,REP,Christopher Christian Horn,57
St. Clair,0031 ABSENTEE,Secretary of State,,REP,Glenda S. Jackson,29
St. Clair,0031 ABSENTEE,State Auditor,,REP,Andrew Sorrell,97
St. Clair,0031 ABSENTEE,State Auditor,,REP,Derek Chen,76
St. Clair,0031 ABSENTEE,State Board of Education,6,REP,Cathi Bradford,70
St. Clair,0031 ABSENTEE,State Board of Education,6,REP,Marie Manning,119
St. Clair,0031 ABSENTEE,"State House, District 45",45,REP,John Dawson,2
St. Clair,0031 ABSENTEE,"State House, District 45",45,REP,Susan Dubose,1
St. Clair,0031 ABSENTEE,"State House, District 50",50,REP,Bill Morris,43
St. Clair,0031 ABSENTEE,"State House, District 50",50,REP,Bryan K Newell,18
St. Clair,0031 ABSENTEE,"State Republican Executive Committee, St. Clair County, Place 4",,REP,Ashley Tortorigi Hilburn,49
St. Clair,0031 ABSENTEE,"State Republican Executive Committee, St. Clair County, Place 3",,REP,Bill Morris,109
St. Clair,0031 ABSENTEE,"State Republican Executive Committee, St. Clair County, Place No 1",,REP,Brandon Moseley,37
St. Clair,0031 ABSENTEE,"State Republican Executive Committee, St. Clair County, Place 4",,REP,Cathy Wise Fine,132
St. Clair,0031 ABSENTEE,"State Republican Executive Committee, St. Clair County, Place 3",,REP,Katherine Holloway,67
St. Clair,0031 ABSENTEE,"State Republican Executive Committee, St. Clair County, Place No 1",,REP,"Kathryn ""Kathy"" Burke",106
St. Clair,0031 ABSENTEE,"State Republican Executive Committee, St. Clair County, Place No 1",,REP,Matt Tortorice,34
St. Clair,0031 ABSENTEE,State Treasurer,,REP,Steve Lolley,80
St. Clair,0031 ABSENTEE,State Treasurer,,REP,Young Boozer,95
St. Clair,0031 ABSENTEE,U.S. House,3,REP,Mike Rogers,139
St. Clair,0031 ABSENTEE,U.S. House,3,REP,Terri LaPoint,53
St. Clair,0031 ABSENTEE,U.S. Senate,,REP,Barry Moore,60
St. Clair,0031 ABSENTEE,U.S. Senate,,REP,Dale Shelton Deas Jr.,8
St. Clair,0031 ABSENTEE,U.S. Senate,,REP,Jared Hudson,45
St. Clair,0031 ABSENTEE,U.S. Senate,,REP,Morgan Murphy,2
St. Clair,0031 ABSENTEE,U.S. Senate,,REP,Rodney Walker,2
St. Clair,0031 ABSENTEE,U.S. Senate,,REP,Seth Burton,7
St. Clair,0031 ABSENTEE,U.S. Senate,,REP,Steve Marshall,71
St. Clair,0032 PROVISIONAL,Governor,,DEM,Will Boyd,2
St. Clair,0032 PROVISIONAL,Governor,,DEM,Jamel J. Brown,0
St. Clair,0032 PROVISIONAL,Governor,,DEM,Yolanda Rochelle Flowers,0
St. Clair,0032 PROVISIONAL,Governor,,DEM,Doug Jones,8
St. Clair,0032 PROVISIONAL,Governor,,DEM,"Chad ""Chig"" Martin",2
St. Clair,0032 PROVISIONAL,Governor,,DEM,"Nathan ""Nate"" Mathis",0
St. Clair,0032 PROVISIONAL,Lieutenant Governor,,DEM,Phillip Ensler,2
St. Clair,0032 PROVISIONAL,Lieutenant Governor,,DEM,Darryl D. Perryman,9
St. Clair,0032 PROVISIONAL,U.S. Senate,,DEM,Dakarai Larriett,4
St. Clair,0032 PROVISIONAL,U.S. Senate,,DEM,Kyle Sweetser,2
St. Clair,0032 PROVISIONAL,U.S. Senate,,DEM,Everett Wess,3
St. Clair,0032 PROVISIONAL,U.S. Senate,,DEM,Mark S. Wheeler II,3
St. Clair,0032 PROVISIONAL,"Public Service Commissioner, Place 1",,DEM,James O. Gordon,4
St. Clair,0032 PROVISIONAL,"Public Service Commissioner, Place 1",,DEM,John Northrop,1
St. Clair,0032 PROVISIONAL,"Public Service Commissioner, Place 1",,DEM,Jeff Ramsey,7
St. Clair,0032 PROVISIONAL,Attorney General,,REP,Jay Mitchell,0
St. Clair,0032 PROVISIONAL,Attorney General,,REP,Katherine Robertson,4
St. Clair,0032 PROVISIONAL,Attorney General,,REP,Pamela L. Casey,2
St. Clair,0032 PROVISIONAL,"Chairman, St. Clair County Commission",,REP,Stan Batemon,3
St. Clair,0032 PROVISIONAL,"Chairman, St. Clair County Commission",,REP,David Evans,3
St. Clair,0032 PROVISIONAL,Commissioner of Agriculture and Industries,,REP,Christina Woerner McInnis,2
St. Clair,0032 PROVISIONAL,Commissioner of Agriculture and Industries,,REP,Cory Hill,1
St. Clair,0032 PROVISIONAL,Commissioner of Agriculture and Industries,,REP,Jack Williams,2
St. Clair,0032 PROVISIONAL,Governor,,REP,"""Alabama"" Will Santivasci",0
St. Clair,0032 PROVISIONAL,Governor,,REP,Ken McFeeters,1
St. Clair,0032 PROVISIONAL,Governor,,REP,Thomas Tuberville,6
St. Clair,0032 PROVISIONAL,Lieutenant Governor,,REP,George Childress,1
St. Clair,0032 PROVISIONAL,Lieutenant Governor,,REP,John Wahl,1
St. Clair,0032 PROVISIONAL,Lieutenant Governor,,REP,Nicole Jones Wadsworth,0
St. Clair,0032 PROVISIONAL,Lieutenant Governor,,REP,Pat Bishop,0
St. Clair,0032 PROVISIONAL,Lieutenant Governor,,REP,Rick Pate,0
St. Clair,0032 PROVISIONAL,Lieutenant Governor,,REP,Stewart Hill Tankersley,0
St. Clair,0032 PROVISIONAL,Lieutenant Governor,,REP,Wes Allen,5
St. Clair,0032 PROVISIONAL,"Member, St. Clair County Commission, District No. 1",,REP,Adam Pardue,2
St. Clair,0032 PROVISIONAL,"Member, St. Clair County Commission, District No. 1",,REP,Katrina Hennings,3
St. Clair,0032 PROVISIONAL,"Member, St. Clair County Commission, District No. 1",,REP,Shane Thomas,1
St. Clair,0032 PROVISIONAL,"Public Service Commission, Place No. 1",,REP,Jeremy H. Oden,2
St. Clair,0032 PROVISIONAL,"Public Service Commission, Place No. 1",,REP,Matt Gentry,2
St. Clair,0032 PROVISIONAL,"Public Service Commission, Place No. 2",,REP,Brent Woodall,1
St. Clair,0032 PROVISIONAL,"Public Service Commission, Place No. 2",,REP,Chris Beeker,2
St. Clair,0032 PROVISIONAL,"Public Service Commission, Place No. 2",,REP,Jim Zig Zeigler,2
St. Clair,0032 PROVISIONAL,"Public Service Commission, Place No. 2",,REP,Priscilla Andrews,0
St. Clair,0032 PROVISIONAL,Secretary of State,,REP,Caroleene Dobson,3
St. Clair,0032 PROVISIONAL,Secretary of State,,REP,Christopher Christian Horn,1
St. Clair,0032 PROVISIONAL,Secretary of State,,REP,Glenda S. Jackson,1
St. Clair,0032 PROVISIONAL,State Auditor,,REP,Andrew Sorrell,4
St. Clair,0032 PROVISIONAL,State Auditor,,REP,Derek Chen,1
St. Clair,0032 PROVISIONAL,State Board of Education,6,REP,Cathi Bradford,2
St. Clair,0032 PROVISIONAL,State Board of Education,6,REP,Marie Manning,2
St. Clair,0032 PROVISIONAL,"State House, District 45",45,REP,John Dawson,0
St. Clair,0032 PROVISIONAL,"State House, District 45",45,REP,Susan Dubose,0
St. Clair,0032 PROVISIONAL,"State House, District 50",50,REP,Bill Morris,1
St. Clair,0032 PROVISIONAL,"State House, District 50",50,REP,Bryan K Newell,0
St. Clair,0032 PROVISIONAL,"State Republican Executive Committee, St. Clair County, Place 4",,REP,Ashley Tortorigi Hilburn,2
St. Clair,0032 PROVISIONAL,"State Republican Executive Committee, St. Clair County, Place 3",,REP,Bill Morris,2
St. Clair,0032 PROVISIONAL,"State Republican Executive Committee, St. Clair County, Place No 1",,REP,Brandon Moseley,2
St. Clair,0032 PROVISIONAL,"State Republican Executive Committee, St. Clair County, Place 4",,REP,Cathy Wise Fine,3
St. Clair,0032 PROVISIONAL,"State Republican Executive Committee, St. Clair County, Place 3",,REP,Katherine Holloway,3
St. Clair,0032 PROVISIONAL,"State Republican Executive Committee, St. Clair County, Place No 1",,REP,"Kathryn ""Kathy"" Burke",4
St. Clair,0032 PROVISIONAL,"State Republican Executive Committee, St. Clair County, Place No 1",,REP,Matt Tortorice,0
St. Clair,0032 PROVISIONAL,State Treasurer,,REP,Steve Lolley,2
St. Clair,0032 PROVISIONAL,State Treasurer,,REP,Young Boozer,3
St. Clair,0032 PROVISIONAL,U.S. House,3,REP,Mike Rogers,6
St. Clair,0032 PROVISIONAL,U.S. House,3,REP,Terri LaPoint,0
St. Clair,0032 PROVISIONAL,U.S. Senate,,REP,Barry Moore,1
St. Clair,0032 PROVISIONAL,U.S. Senate,,REP,Dale Shelton Deas Jr.,0
St. Clair,0032 PROVISIONAL,U.S. Senate,,REP,Jared Hudson,4
St. Clair,0032 PROVISIONAL,U.S. Senate,,REP,Morgan Murphy,1
St. Clair,0032 PROVISIONAL,U.S. Senate,,REP,Rodney Walker,0
St. Clair,0032 PROVISIONAL,U.S. Senate,,REP,Seth Burton,0
St. Clair,0032 PROVISIONAL,U.S. Senate,,REP,Steve Marshall,1
