county,precinct,office,district,party,candidate,votes
Conecuh,0001 ANNEX VOTING,Proposed Statewide Amendment 1,,,No,5
Conecuh,0001 ANNEX VOTING,Proposed Statewide Amendment 1,,,Yes,56
Conecuh,0001 ANNEX VOTING,Proposed Statewide Amendment 2,,,No,14
Conecuh,0001 ANNEX VOTING,Proposed Statewide Amendment 2,,,Yes,47
Conecuh,0001 ANNEX VOTING,Governor,,DEM,"Chad ""Chig"" Martin",0
Conecuh,0001 ANNEX VOTING,Governor,,DEM,Doug Jones,25
Conecuh,0001 ANNEX VOTING,Governor,,DEM,Jamel J. Brown,8
Conecuh,0001 ANNEX VOTING,Governor,,DEM,"Nathan ""Nate"" Mathis",0
Conecuh,0001 ANNEX VOTING,Governor,,DEM,Will Boyd,5
Conecuh,0001 ANNEX VOTING,Governor,,DEM,Yolanda Rochelle Flowers,3
Conecuh,0001 ANNEX VOTING,Lieutenant Governor,,DEM,Darryl D. Perryman,25
Conecuh,0001 ANNEX VOTING,Lieutenant Governor,,DEM,Phillip Ensler,7
Conecuh,0001 ANNEX VOTING,"Public Service Commission, Place No. 1",,DEM,James O. Gordon,27
Conecuh,0001 ANNEX VOTING,"Public Service Commission, Place No. 1",,DEM,Jeff Ramsey,4
Conecuh,0001 ANNEX VOTING,"Public Service Commission, Place No. 1",,DEM,John Northrop,3
Conecuh,0001 ANNEX VOTING,Attorney General,,REP,Jay Mitchell,7
Conecuh,0001 ANNEX VOTING,Attorney General,,REP,Pamela L. Casey,4
Conecuh,0001 ANNEX VOTING,Attorney General,,REP,Katherine Robertson,9
Conecuh,0001 ANNEX VOTING,Commissioner of Agriculture and Industries,,REP,Christina Woerner McInnis,4
Conecuh,0001 ANNEX VOTING,Commissioner of Agriculture and Industries,,REP,Cory Hill,14
Conecuh,0001 ANNEX VOTING,Commissioner of Agriculture and Industries,,REP,Jack Williams,2
Conecuh,0001 ANNEX VOTING,Conecuh County Sheriff,,REP,Maxwell (Mike) Blackmon,10
Conecuh,0001 ANNEX VOTING,Conecuh County Sheriff,,REP,Randal Cleveland Brown,10
Conecuh,0001 ANNEX VOTING,U.S. Senate,,REP,Seth Burton,0
Conecuh,0001 ANNEX VOTING,U.S. Senate,,REP,Dale Shelton Deas Jr.,0
Conecuh,0001 ANNEX VOTING,U.S. Senate,,REP,Jared Hudson,3
Conecuh,0001 ANNEX VOTING,U.S. Senate,,REP,Steve Marshall,4
Conecuh,0001 ANNEX VOTING,U.S. Senate,,REP,Barry Moore,10
Conecuh,0001 ANNEX VOTING,U.S. Senate,,REP,Morgan Murphy,0
Conecuh,0001 ANNEX VOTING,U.S. Senate,,REP,Rodney Walker,2
Conecuh,0001 ANNEX VOTING,"Public Service Commission, Place No. 2",,REP,Priscilla Andrews,1
Conecuh,0001 ANNEX VOTING,"Public Service Commission, Place No. 2",,REP,Chris Beeker,4
Conecuh,0001 ANNEX VOTING,"Public Service Commission, Place No. 2",,REP,Brent Woodall,1
Conecuh,0001 ANNEX VOTING,"Public Service Commission, Place No. 2",,REP,Jim Zig Zeigler,13
Conecuh,0001 ANNEX VOTING,State Auditor,,REP,Derek Chen,9
Conecuh,0001 ANNEX VOTING,State Auditor,,REP,Andrew Sorrell,9
Conecuh,0001 ANNEX VOTING,State Treasurer,,REP,Steve Lolley,1
Conecuh,0001 ANNEX VOTING,State Treasurer,,REP,Young Boozer,18
Conecuh,0002 LYEFFION FIRE DEPT,Proposed Statewide Amendment 1,,,No,12
Conecuh,0002 LYEFFION FIRE DEPT,Proposed Statewide Amendment 1,,,Yes,127
Conecuh,0002 LYEFFION FIRE DEPT,Proposed Statewide Amendment 2,,,No,51
Conecuh,0002 LYEFFION FIRE DEPT,Proposed Statewide Amendment 2,,,Yes,82
Conecuh,0002 LYEFFION FIRE DEPT,Governor,,DEM,"Chad ""Chig"" Martin",2
Conecuh,0002 LYEFFION FIRE DEPT,Governor,,DEM,Doug Jones,20
Conecuh,0002 LYEFFION FIRE DEPT,Governor,,DEM,Jamel J. Brown,3
Conecuh,0002 LYEFFION FIRE DEPT,Governor,,DEM,"Nathan ""Nate"" Mathis",0
Conecuh,0002 LYEFFION FIRE DEPT,Governor,,DEM,Will Boyd,3
Conecuh,0002 LYEFFION FIRE DEPT,Governor,,DEM,Yolanda Rochelle Flowers,1
Conecuh,0002 LYEFFION FIRE DEPT,Lieutenant Governor,,DEM,Darryl D. Perryman,15
Conecuh,0002 LYEFFION FIRE DEPT,Lieutenant Governor,,DEM,Phillip Ensler,15
Conecuh,0002 LYEFFION FIRE DEPT,"Public Service Commission, Place No. 1",,DEM,James O. Gordon,19
Conecuh,0002 LYEFFION FIRE DEPT,"Public Service Commission, Place No. 1",,DEM,Jeff Ramsey,7
Conecuh,0002 LYEFFION FIRE DEPT,"Public Service Commission, Place No. 1",,DEM,John Northrop,4
Conecuh,0002 LYEFFION FIRE DEPT,Attorney General,,REP,Jay Mitchell,28
Conecuh,0002 LYEFFION FIRE DEPT,Attorney General,,REP,Pamela L. Casey,39
Conecuh,0002 LYEFFION FIRE DEPT,Attorney General,,REP,Katherine Robertson,38
Conecuh,0002 LYEFFION FIRE DEPT,Commissioner of Agriculture and Industries,,REP,Christina Woerner McInnis,26
Conecuh,0002 LYEFFION FIRE DEPT,Commissioner of Agriculture and Industries,,REP,Cory Hill,47
Conecuh,0002 LYEFFION FIRE DEPT,Commissioner of Agriculture and Industries,,REP,Jack Williams,21
Conecuh,0002 LYEFFION FIRE DEPT,Conecuh County Sheriff,,REP,Maxwell (Mike) Blackmon,30
Conecuh,0002 LYEFFION FIRE DEPT,Conecuh County Sheriff,,REP,Randal Cleveland Brown,82
Conecuh,0002 LYEFFION FIRE DEPT,U.S. Senate,,REP,Seth Burton,0
Conecuh,0002 LYEFFION FIRE DEPT,U.S. Senate,,REP,Dale Shelton Deas Jr.,2
Conecuh,0002 LYEFFION FIRE DEPT,U.S. Senate,,REP,Jared Hudson,17
Conecuh,0002 LYEFFION FIRE DEPT,U.S. Senate,,REP,Steve Marshall,26
Conecuh,0002 LYEFFION FIRE DEPT,U.S. Senate,,REP,Barry Moore,52
Conecuh,0002 LYEFFION FIRE DEPT,U.S. Senate,,REP,Morgan Murphy,0
Conecuh,0002 LYEFFION FIRE DEPT,U.S. Senate,,REP,Rodney Walker,5
Conecuh,0002 LYEFFION FIRE DEPT,"Public Service Commission, Place No. 2",,REP,Priscilla Andrews,11
Conecuh,0002 LYEFFION FIRE DEPT,"Public Service Commission, Place No. 2",,REP,Chris Beeker,24
Conecuh,0002 LYEFFION FIRE DEPT,"Public Service Commission, Place No. 2",,REP,Brent Woodall,11
Conecuh,0002 LYEFFION FIRE DEPT,"Public Service Commission, Place No. 2",,REP,Jim Zig Zeigler,47
Conecuh,0002 LYEFFION FIRE DEPT,State Auditor,,REP,Derek Chen,57
Conecuh,0002 LYEFFION FIRE DEPT,State Auditor,,REP,Andrew Sorrell,39
Conecuh,0002 LYEFFION FIRE DEPT,State Treasurer,,REP,Steve Lolley,26
Conecuh,0002 LYEFFION FIRE DEPT,State Treasurer,,REP,Young Boozer,73
Conecuh,0003 SKINNERTON FIRE,Proposed Statewide Amendment 1,,,No,2
Conecuh,0003 SKINNERTON FIRE,Proposed Statewide Amendment 1,,,Yes,36
Conecuh,0003 SKINNERTON FIRE,Proposed Statewide Amendment 2,,,No,11
Conecuh,0003 SKINNERTON FIRE,Proposed Statewide Amendment 2,,,Yes,24
Conecuh,0003 SKINNERTON FIRE,Governor,,DEM,"Chad ""Chig"" Martin",0
Conecuh,0003 SKINNERTON FIRE,Governor,,DEM,Doug Jones,6
Conecuh,0003 SKINNERTON FIRE,Governor,,DEM,Jamel J. Brown,2
Conecuh,0003 SKINNERTON FIRE,Governor,,DEM,"Nathan ""Nate"" Mathis",0
Conecuh,0003 SKINNERTON FIRE,Governor,,DEM,Will Boyd,1
Conecuh,0003 SKINNERTON FIRE,Governor,,DEM,Yolanda Rochelle Flowers,0
Conecuh,0003 SKINNERTON FIRE,Lieutenant Governor,,DEM,Darryl D. Perryman,5
Conecuh,0003 SKINNERTON FIRE,Lieutenant Governor,,DEM,Phillip Ensler,2
Conecuh,0003 SKINNERTON FIRE,"Public Service Commission, Place No. 1",,DEM,James O. Gordon,5
Conecuh,0003 SKINNERTON FIRE,"Public Service Commission, Place No. 1",,DEM,Jeff Ramsey,1
Conecuh,0003 SKINNERTON FIRE,"Public Service Commission, Place No. 1",,DEM,John Northrop,1
Conecuh,0003 SKINNERTON FIRE,Attorney General,,REP,Jay Mitchell,7
Conecuh,0003 SKINNERTON FIRE,Attorney General,,REP,Pamela L. Casey,4
Conecuh,0003 SKINNERTON FIRE,Attorney General,,REP,Katherine Robertson,16
Conecuh,0003 SKINNERTON FIRE,Commissioner of Agriculture and Industries,,REP,Christina Woerner McInnis,8
Conecuh,0003 SKINNERTON FIRE,Commissioner of Agriculture and Industries,,REP,Cory Hill,13
Conecuh,0003 SKINNERTON FIRE,Commissioner of Agriculture and Industries,,REP,Jack Williams,6
Conecuh,0003 SKINNERTON FIRE,Conecuh County Sheriff,,REP,Maxwell (Mike) Blackmon,18
Conecuh,0003 SKINNERTON FIRE,Conecuh County Sheriff,,REP,Randal Cleveland Brown,10
Conecuh,0003 SKINNERTON FIRE,U.S. Senate,,REP,Seth Burton,0
Conecuh,0003 SKINNERTON FIRE,U.S. Senate,,REP,Dale Shelton Deas Jr.,0
Conecuh,0003 SKINNERTON FIRE,U.S. Senate,,REP,Jared Hudson,6
Conecuh,0003 SKINNERTON FIRE,U.S. Senate,,REP,Steve Marshall,13
Conecuh,0003 SKINNERTON FIRE,U.S. Senate,,REP,Barry Moore,10
Conecuh,0003 SKINNERTON FIRE,U.S. Senate,,REP,Morgan Murphy,0
Conecuh,0003 SKINNERTON FIRE,U.S. Senate,,REP,Rodney Walker,0
Conecuh,0003 SKINNERTON FIRE,"Public Service Commission, Place No. 2",,REP,Priscilla Andrews,1
Conecuh,0003 SKINNERTON FIRE,"Public Service Commission, Place No. 2",,REP,Chris Beeker,15
Conecuh,0003 SKINNERTON FIRE,"Public Service Commission, Place No. 2",,REP,Brent Woodall,5
Conecuh,0003 SKINNERTON FIRE,"Public Service Commission, Place No. 2",,REP,Jim Zig Zeigler,7
Conecuh,0003 SKINNERTON FIRE,State Auditor,,REP,Derek Chen,15
Conecuh,0003 SKINNERTON FIRE,State Auditor,,REP,Andrew Sorrell,13
Conecuh,0003 SKINNERTON FIRE,State Treasurer,,REP,Steve Lolley,6
Conecuh,0003 SKINNERTON FIRE,State Treasurer,,REP,Young Boozer,22
Conecuh,0004 ROBINSONS MILL,Proposed Statewide Amendment 1,,,No,8
Conecuh,0004 ROBINSONS MILL,Proposed Statewide Amendment 1,,,Yes,96
Conecuh,0004 ROBINSONS MILL,Proposed Statewide Amendment 2,,,No,39
Conecuh,0004 ROBINSONS MILL,Proposed Statewide Amendment 2,,,Yes,63
Conecuh,0004 ROBINSONS MILL,Governor,,DEM,"Chad ""Chig"" Martin",2
Conecuh,0004 ROBINSONS MILL,Governor,,DEM,Doug Jones,41
Conecuh,0004 ROBINSONS MILL,Governor,,DEM,Jamel J. Brown,6
Conecuh,0004 ROBINSONS MILL,Governor,,DEM,"Nathan ""Nate"" Mathis",0
Conecuh,0004 ROBINSONS MILL,Governor,,DEM,Will Boyd,9
Conecuh,0004 ROBINSONS MILL,Governor,,DEM,Yolanda Rochelle Flowers,2
Conecuh,0004 ROBINSONS MILL,Lieutenant Governor,,DEM,Darryl D. Perryman,24
Conecuh,0004 ROBINSONS MILL,Lieutenant Governor,,DEM,Phillip Ensler,30
Conecuh,0004 ROBINSONS MILL,"Public Service Commission, Place No. 1",,DEM,James O. Gordon,42
Conecuh,0004 ROBINSONS MILL,"Public Service Commission, Place No. 1",,DEM,Jeff Ramsey,3
Conecuh,0004 ROBINSONS MILL,"Public Service Commission, Place No. 1",,DEM,John Northrop,7
Conecuh,0004 ROBINSONS MILL,Attorney General,,REP,Jay Mitchell,9
Conecuh,0004 ROBINSONS MILL,Attorney General,,REP,Pamela L. Casey,21
Conecuh,0004 ROBINSONS MILL,Attorney General,,REP,Katherine Robertson,14
Conecuh,0004 ROBINSONS MILL,Commissioner of Agriculture and Industries,,REP,Christina Woerner McInnis,9
Conecuh,0004 ROBINSONS MILL,Commissioner of Agriculture and Industries,,REP,Cory Hill,17
Conecuh,0004 ROBINSONS MILL,Commissioner of Agriculture and Industries,,REP,Jack Williams,17
Conecuh,0004 ROBINSONS MILL,Conecuh County Sheriff,,REP,Maxwell (Mike) Blackmon,23
Conecuh,0004 ROBINSONS MILL,Conecuh County Sheriff,,REP,Randal Cleveland Brown,25
Conecuh,0004 ROBINSONS MILL,U.S. Senate,,REP,Seth Burton,3
Conecuh,0004 ROBINSONS MILL,U.S. Senate,,REP,Dale Shelton Deas Jr.,7
Conecuh,0004 ROBINSONS MILL,U.S. Senate,,REP,Jared Hudson,1
Conecuh,0004 ROBINSONS MILL,U.S. Senate,,REP,Steve Marshall,9
Conecuh,0004 ROBINSONS MILL,U.S. Senate,,REP,Barry Moore,16
Conecuh,0004 ROBINSONS MILL,U.S. Senate,,REP,Morgan Murphy,1
Conecuh,0004 ROBINSONS MILL,U.S. Senate,,REP,Rodney Walker,9
Conecuh,0004 ROBINSONS MILL,"Public Service Commission, Place No. 2",,REP,Priscilla Andrews,4
Conecuh,0004 ROBINSONS MILL,"Public Service Commission, Place No. 2",,REP,Chris Beeker,8
Conecuh,0004 ROBINSONS MILL,"Public Service Commission, Place No. 2",,REP,Brent Woodall,5
Conecuh,0004 ROBINSONS MILL,"Public Service Commission, Place No. 2",,REP,Jim Zig Zeigler,19
Conecuh,0004 ROBINSONS MILL,State Auditor,,REP,Derek Chen,21
Conecuh,0004 ROBINSONS MILL,State Auditor,,REP,Andrew Sorrell,23
Conecuh,0004 ROBINSONS MILL,State Treasurer,,REP,Steve Lolley,13
Conecuh,0004 ROBINSONS MILL,State Treasurer,,REP,Young Boozer,33
Conecuh,0005 BELLEVILLE FIRE DEPT,Proposed Statewide Amendment 1,,,No,33
Conecuh,0005 BELLEVILLE FIRE DEPT,Proposed Statewide Amendment 1,,,Yes,204
Conecuh,0005 BELLEVILLE FIRE DEPT,Proposed Statewide Amendment 2,,,No,58
Conecuh,0005 BELLEVILLE FIRE DEPT,Proposed Statewide Amendment 2,,,Yes,173
Conecuh,0005 BELLEVILLE FIRE DEPT,Governor,,DEM,"Chad ""Chig"" Martin",1
Conecuh,0005 BELLEVILLE FIRE DEPT,Governor,,DEM,Doug Jones,154
Conecuh,0005 BELLEVILLE FIRE DEPT,Governor,,DEM,Jamel J. Brown,30
Conecuh,0005 BELLEVILLE FIRE DEPT,Governor,,DEM,"Nathan ""Nate"" Mathis",1
Conecuh,0005 BELLEVILLE FIRE DEPT,Governor,,DEM,Will Boyd,14
Conecuh,0005 BELLEVILLE FIRE DEPT,Governor,,DEM,Yolanda Rochelle Flowers,3
Conecuh,0005 BELLEVILLE FIRE DEPT,Lieutenant Governor,,DEM,Darryl D. Perryman,158
Conecuh,0005 BELLEVILLE FIRE DEPT,Lieutenant Governor,,DEM,Phillip Ensler,39
Conecuh,0005 BELLEVILLE FIRE DEPT,"Public Service Commission, Place No. 1",,DEM,James O. Gordon,156
Conecuh,0005 BELLEVILLE FIRE DEPT,"Public Service Commission, Place No. 1",,DEM,Jeff Ramsey,23
Conecuh,0005 BELLEVILLE FIRE DEPT,"Public Service Commission, Place No. 1",,DEM,John Northrop,19
Conecuh,0005 BELLEVILLE FIRE DEPT,Attorney General,,REP,Jay Mitchell,6
Conecuh,0005 BELLEVILLE FIRE DEPT,Attorney General,,REP,Pamela L. Casey,13
Conecuh,0005 BELLEVILLE FIRE DEPT,Attorney General,,REP,Katherine Robertson,25
Conecuh,0005 BELLEVILLE FIRE DEPT,Commissioner of Agriculture and Industries,,REP,Christina Woerner McInnis,17
Conecuh,0005 BELLEVILLE FIRE DEPT,Commissioner of Agriculture and Industries,,REP,Cory Hill,19
Conecuh,0005 BELLEVILLE FIRE DEPT,Commissioner of Agriculture and Industries,,REP,Jack Williams,9
Conecuh,0005 BELLEVILLE FIRE DEPT,Conecuh County Sheriff,,REP,Maxwell (Mike) Blackmon,18
Conecuh,0005 BELLEVILLE FIRE DEPT,Conecuh County Sheriff,,REP,Randal Cleveland Brown,30
Conecuh,0005 BELLEVILLE FIRE DEPT,U.S. Senate,,REP,Seth Burton,3
Conecuh,0005 BELLEVILLE FIRE DEPT,U.S. Senate,,REP,Dale Shelton Deas Jr.,0
Conecuh,0005 BELLEVILLE FIRE DEPT,U.S. Senate,,REP,Jared Hudson,9
Conecuh,0005 BELLEVILLE FIRE DEPT,U.S. Senate,,REP,Steve Marshall,15
Conecuh,0005 BELLEVILLE FIRE DEPT,U.S. Senate,,REP,Barry Moore,13
Conecuh,0005 BELLEVILLE FIRE DEPT,U.S. Senate,,REP,Morgan Murphy,0
Conecuh,0005 BELLEVILLE FIRE DEPT,U.S. Senate,,REP,Rodney Walker,4
Conecuh,0005 BELLEVILLE FIRE DEPT,"Public Service Commission, Place No. 2",,REP,Priscilla Andrews,6
Conecuh,0005 BELLEVILLE FIRE DEPT,"Public Service Commission, Place No. 2",,REP,Chris Beeker,14
Conecuh,0005 BELLEVILLE FIRE DEPT,"Public Service Commission, Place No. 2",,REP,Brent Woodall,7
Conecuh,0005 BELLEVILLE FIRE DEPT,"Public Service Commission, Place No. 2",,REP,Jim Zig Zeigler,18
Conecuh,0005 BELLEVILLE FIRE DEPT,State Auditor,,REP,Derek Chen,24
Conecuh,0005 BELLEVILLE FIRE DEPT,State Auditor,,REP,Andrew Sorrell,20
Conecuh,0005 BELLEVILLE FIRE DEPT,State Treasurer,,REP,Steve Lolley,16
Conecuh,0005 BELLEVILLE FIRE DEPT,State Treasurer,,REP,Young Boozer,29
Conecuh,0006 OLD FIELD CH,Proposed Statewide Amendment 1,,,No,9
Conecuh,0006 OLD FIELD CH,Proposed Statewide Amendment 1,,,Yes,132
Conecuh,0006 OLD FIELD CH,Proposed Statewide Amendment 2,,,No,27
Conecuh,0006 OLD FIELD CH,Proposed Statewide Amendment 2,,,Yes,111
Conecuh,0006 OLD FIELD CH,Governor,,DEM,"Chad ""Chig"" Martin",0
Conecuh,0006 OLD FIELD CH,Governor,,DEM,Doug Jones,83
Conecuh,0006 OLD FIELD CH,Governor,,DEM,Jamel J. Brown,8
Conecuh,0006 OLD FIELD CH,Governor,,DEM,"Nathan ""Nate"" Mathis",0
Conecuh,0006 OLD FIELD CH,Governor,,DEM,Will Boyd,15
Conecuh,0006 OLD FIELD CH,Governor,,DEM,Yolanda Rochelle Flowers,5
Conecuh,0006 OLD FIELD CH,Lieutenant Governor,,DEM,Darryl D. Perryman,74
Conecuh,0006 OLD FIELD CH,Lieutenant Governor,,DEM,Phillip Ensler,33
Conecuh,0006 OLD FIELD CH,"Public Service Commission, Place No. 1",,DEM,James O. Gordon,92
Conecuh,0006 OLD FIELD CH,"Public Service Commission, Place No. 1",,DEM,Jeff Ramsey,11
Conecuh,0006 OLD FIELD CH,"Public Service Commission, Place No. 1",,DEM,John Northrop,6
Conecuh,0006 OLD FIELD CH,Attorney General,,REP,Jay Mitchell,12
Conecuh,0006 OLD FIELD CH,Attorney General,,REP,Pamela L. Casey,15
Conecuh,0006 OLD FIELD CH,Attorney General,,REP,Katherine Robertson,11
Conecuh,0006 OLD FIELD CH,Commissioner of Agriculture and Industries,,REP,Christina Woerner McInnis,17
Conecuh,0006 OLD FIELD CH,Commissioner of Agriculture and Industries,,REP,Cory Hill,13
Conecuh,0006 OLD FIELD CH,Commissioner of Agriculture and Industries,,REP,Jack Williams,4
Conecuh,0006 OLD FIELD CH,Conecuh County Sheriff,,REP,Maxwell (Mike) Blackmon,15
Conecuh,0006 OLD FIELD CH,Conecuh County Sheriff,,REP,Randal Cleveland Brown,22
Conecuh,0006 OLD FIELD CH,U.S. Senate,,REP,Seth Burton,2
Conecuh,0006 OLD FIELD CH,U.S. Senate,,REP,Dale Shelton Deas Jr.,0
Conecuh,0006 OLD FIELD CH,U.S. Senate,,REP,Jared Hudson,7
Conecuh,0006 OLD FIELD CH,U.S. Senate,,REP,Steve Marshall,7
Conecuh,0006 OLD FIELD CH,U.S. Senate,,REP,Barry Moore,16
Conecuh,0006 OLD FIELD CH,U.S. Senate,,REP,Morgan Murphy,1
Conecuh,0006 OLD FIELD CH,U.S. Senate,,REP,Rodney Walker,2
Conecuh,0006 OLD FIELD CH,"Public Service Commission, Place No. 2",,REP,Priscilla Andrews,3
Conecuh,0006 OLD FIELD CH,"Public Service Commission, Place No. 2",,REP,Chris Beeker,5
Conecuh,0006 OLD FIELD CH,"Public Service Commission, Place No. 2",,REP,Brent Woodall,8
Conecuh,0006 OLD FIELD CH,"Public Service Commission, Place No. 2",,REP,Jim Zig Zeigler,16
Conecuh,0006 OLD FIELD CH,State Auditor,,REP,Derek Chen,14
Conecuh,0006 OLD FIELD CH,State Auditor,,REP,Andrew Sorrell,20
Conecuh,0006 OLD FIELD CH,State Treasurer,,REP,Steve Lolley,7
Conecuh,0006 OLD FIELD CH,State Treasurer,,REP,Young Boozer,27
Conecuh,0007 CHINA REC &amp; ED,Proposed Statewide Amendment 1,,,No,14
Conecuh,0007 CHINA REC &amp; ED,Proposed Statewide Amendment 1,,,Yes,132
Conecuh,0007 CHINA REC &amp; ED,Proposed Statewide Amendment 2,,,No,35
Conecuh,0007 CHINA REC &amp; ED,Proposed Statewide Amendment 2,,,Yes,107
Conecuh,0007 CHINA REC &amp; ED,Governor,,DEM,"Chad ""Chig"" Martin",4
Conecuh,0007 CHINA REC &amp; ED,Governor,,DEM,Doug Jones,64
Conecuh,0007 CHINA REC &amp; ED,Governor,,DEM,Jamel J. Brown,10
Conecuh,0007 CHINA REC &amp; ED,Governor,,DEM,"Nathan ""Nate"" Mathis",2
Conecuh,0007 CHINA REC &amp; ED,Governor,,DEM,Will Boyd,16
Conecuh,0007 CHINA REC &amp; ED,Governor,,DEM,Yolanda Rochelle Flowers,0
Conecuh,0007 CHINA REC &amp; ED,Lieutenant Governor,,DEM,Darryl D. Perryman,31
Conecuh,0007 CHINA REC &amp; ED,Lieutenant Governor,,DEM,Phillip Ensler,59
Conecuh,0007 CHINA REC &amp; ED,"Public Service Commission, Place No. 1",,DEM,James O. Gordon,72
Conecuh,0007 CHINA REC &amp; ED,"Public Service Commission, Place No. 1",,DEM,Jeff Ramsey,9
Conecuh,0007 CHINA REC &amp; ED,"Public Service Commission, Place No. 1",,DEM,John Northrop,8
Conecuh,0007 CHINA REC &amp; ED,Attorney General,,REP,Jay Mitchell,5
Conecuh,0007 CHINA REC &amp; ED,Attorney General,,REP,Pamela L. Casey,26
Conecuh,0007 CHINA REC &amp; ED,Attorney General,,REP,Katherine Robertson,22
Conecuh,0007 CHINA REC &amp; ED,Commissioner of Agriculture and Industries,,REP,Christina Woerner McInnis,14
Conecuh,0007 CHINA REC &amp; ED,Commissioner of Agriculture and Industries,,REP,Cory Hill,29
Conecuh,0007 CHINA REC &amp; ED,Commissioner of Agriculture and Industries,,REP,Jack Williams,10
Conecuh,0007 CHINA REC &amp; ED,Conecuh County Sheriff,,REP,Maxwell (Mike) Blackmon,18
Conecuh,0007 CHINA REC &amp; ED,Conecuh County Sheriff,,REP,Randal Cleveland Brown,43
Conecuh,0007 CHINA REC &amp; ED,U.S. Senate,,REP,Seth Burton,0
Conecuh,0007 CHINA REC &amp; ED,U.S. Senate,,REP,Dale Shelton Deas Jr.,0
Conecuh,0007 CHINA REC &amp; ED,U.S. Senate,,REP,Jared Hudson,10
Conecuh,0007 CHINA REC &amp; ED,U.S. Senate,,REP,Steve Marshall,18
Conecuh,0007 CHINA REC &amp; ED,U.S. Senate,,REP,Barry Moore,20
Conecuh,0007 CHINA REC &amp; ED,U.S. Senate,,REP,Morgan Murphy,0
Conecuh,0007 CHINA REC &amp; ED,U.S. Senate,,REP,Rodney Walker,12
Conecuh,0007 CHINA REC &amp; ED,"Public Service Commission, Place No. 2",,REP,Priscilla Andrews,6
Conecuh,0007 CHINA REC &amp; ED,"Public Service Commission, Place No. 2",,REP,Chris Beeker,12
Conecuh,0007 CHINA REC &amp; ED,"Public Service Commission, Place No. 2",,REP,Brent Woodall,13
Conecuh,0007 CHINA REC &amp; ED,"Public Service Commission, Place No. 2",,REP,Jim Zig Zeigler,21
Conecuh,0007 CHINA REC &amp; ED,State Auditor,,REP,Derek Chen,25
Conecuh,0007 CHINA REC &amp; ED,State Auditor,,REP,Andrew Sorrell,29
Conecuh,0007 CHINA REC &amp; ED,State Treasurer,,REP,Steve Lolley,20
Conecuh,0007 CHINA REC &amp; ED,State Treasurer,,REP,Young Boozer,32
Conecuh,0008 SANDCUT FIRE,Proposed Statewide Amendment 1,,,No,9
Conecuh,0008 SANDCUT FIRE,Proposed Statewide Amendment 1,,,Yes,74
Conecuh,0008 SANDCUT FIRE,Proposed Statewide Amendment 2,,,No,31
Conecuh,0008 SANDCUT FIRE,Proposed Statewide Amendment 2,,,Yes,42
Conecuh,0008 SANDCUT FIRE,Governor,,DEM,"Chad ""Chig"" Martin",0
Conecuh,0008 SANDCUT FIRE,Governor,,DEM,Doug Jones,1
Conecuh,0008 SANDCUT FIRE,Governor,,DEM,Jamel J. Brown,0
Conecuh,0008 SANDCUT FIRE,Governor,,DEM,"Nathan ""Nate"" Mathis",0
Conecuh,0008 SANDCUT FIRE,Governor,,DEM,Will Boyd,0
Conecuh,0008 SANDCUT FIRE,Governor,,DEM,Yolanda Rochelle Flowers,0
Conecuh,0008 SANDCUT FIRE,Lieutenant Governor,,DEM,Darryl D. Perryman,0
Conecuh,0008 SANDCUT FIRE,Lieutenant Governor,,DEM,Phillip Ensler,1
Conecuh,0008 SANDCUT FIRE,"Public Service Commission, Place No. 1",,DEM,James O. Gordon,1
Conecuh,0008 SANDCUT FIRE,"Public Service Commission, Place No. 1",,DEM,Jeff Ramsey,0
Conecuh,0008 SANDCUT FIRE,"Public Service Commission, Place No. 1",,DEM,John Northrop,0
Conecuh,0008 SANDCUT FIRE,Attorney General,,REP,Jay Mitchell,28
Conecuh,0008 SANDCUT FIRE,Attorney General,,REP,Pamela L. Casey,21
Conecuh,0008 SANDCUT FIRE,Attorney General,,REP,Katherine Robertson,26
Conecuh,0008 SANDCUT FIRE,Commissioner of Agriculture and Industries,,REP,Christina Woerner McInnis,35
Conecuh,0008 SANDCUT FIRE,Commissioner of Agriculture and Industries,,REP,Cory Hill,24
Conecuh,0008 SANDCUT FIRE,Commissioner of Agriculture and Industries,,REP,Jack Williams,16
Conecuh,0008 SANDCUT FIRE,Conecuh County Sheriff,,REP,Maxwell (Mike) Blackmon,55
Conecuh,0008 SANDCUT FIRE,Conecuh County Sheriff,,REP,Randal Cleveland Brown,35
Conecuh,0008 SANDCUT FIRE,U.S. Senate,,REP,Seth Burton,3
Conecuh,0008 SANDCUT FIRE,U.S. Senate,,REP,Dale Shelton Deas Jr.,0
Conecuh,0008 SANDCUT FIRE,U.S. Senate,,REP,Jared Hudson,15
Conecuh,0008 SANDCUT FIRE,U.S. Senate,,REP,Steve Marshall,14
Conecuh,0008 SANDCUT FIRE,U.S. Senate,,REP,Barry Moore,37
Conecuh,0008 SANDCUT FIRE,U.S. Senate,,REP,Morgan Murphy,3
Conecuh,0008 SANDCUT FIRE,U.S. Senate,,REP,Rodney Walker,5
Conecuh,0008 SANDCUT FIRE,"Public Service Commission, Place No. 2",,REP,Priscilla Andrews,11
Conecuh,0008 SANDCUT FIRE,"Public Service Commission, Place No. 2",,REP,Chris Beeker,12
Conecuh,0008 SANDCUT FIRE,"Public Service Commission, Place No. 2",,REP,Brent Woodall,15
Conecuh,0008 SANDCUT FIRE,"Public Service Commission, Place No. 2",,REP,Jim Zig Zeigler,32
Conecuh,0008 SANDCUT FIRE,State Auditor,,REP,Derek Chen,18
Conecuh,0008 SANDCUT FIRE,State Auditor,,REP,Andrew Sorrell,54
Conecuh,0008 SANDCUT FIRE,State Treasurer,,REP,Steve Lolley,28
Conecuh,0008 SANDCUT FIRE,State Treasurer,,REP,Young Boozer,49
Conecuh,0009 CASTLEBERRY NUTRI,Proposed Statewide Amendment 1,,,No,17
Conecuh,0009 CASTLEBERRY NUTRI,Proposed Statewide Amendment 1,,,Yes,134
Conecuh,0009 CASTLEBERRY NUTRI,Proposed Statewide Amendment 2,,,No,78
Conecuh,0009 CASTLEBERRY NUTRI,Proposed Statewide Amendment 2,,,Yes,62
Conecuh,0009 CASTLEBERRY NUTRI,Governor,,DEM,"Chad ""Chig"" Martin",3
Conecuh,0009 CASTLEBERRY NUTRI,Governor,,DEM,Doug Jones,4
Conecuh,0009 CASTLEBERRY NUTRI,Governor,,DEM,Jamel J. Brown,2
Conecuh,0009 CASTLEBERRY NUTRI,Governor,,DEM,"Nathan ""Nate"" Mathis",0
Conecuh,0009 CASTLEBERRY NUTRI,Governor,,DEM,Will Boyd,3
Conecuh,0009 CASTLEBERRY NUTRI,Governor,,DEM,Yolanda Rochelle Flowers,0
Conecuh,0009 CASTLEBERRY NUTRI,Lieutenant Governor,,DEM,Darryl D. Perryman,6
Conecuh,0009 CASTLEBERRY NUTRI,Lieutenant Governor,,DEM,Phillip Ensler,4
Conecuh,0009 CASTLEBERRY NUTRI,"Public Service Commission, Place No. 1",,DEM,James O. Gordon,7
Conecuh,0009 CASTLEBERRY NUTRI,"Public Service Commission, Place No. 1",,DEM,Jeff Ramsey,2
Conecuh,0009 CASTLEBERRY NUTRI,"Public Service Commission, Place No. 1",,DEM,John Northrop,1
Conecuh,0009 CASTLEBERRY NUTRI,Attorney General,,REP,Jay Mitchell,40
Conecuh,0009 CASTLEBERRY NUTRI,Attorney General,,REP,Pamela L. Casey,41
Conecuh,0009 CASTLEBERRY NUTRI,Attorney General,,REP,Katherine Robertson,49
Conecuh,0009 CASTLEBERRY NUTRI,Commissioner of Agriculture and Industries,,REP,Christina Woerner McInnis,42
Conecuh,0009 CASTLEBERRY NUTRI,Commissioner of Agriculture and Industries,,REP,Cory Hill,41
Conecuh,0009 CASTLEBERRY NUTRI,Commissioner of Agriculture and Industries,,REP,Jack Williams,39
Conecuh,0009 CASTLEBERRY NUTRI,Conecuh County Sheriff,,REP,Maxwell (Mike) Blackmon,77
Conecuh,0009 CASTLEBERRY NUTRI,Conecuh County Sheriff,,REP,Randal Cleveland Brown,83
Conecuh,0009 CASTLEBERRY NUTRI,U.S. Senate,,REP,Seth Burton,5
Conecuh,0009 CASTLEBERRY NUTRI,U.S. Senate,,REP,Dale Shelton Deas Jr.,5
Conecuh,0009 CASTLEBERRY NUTRI,U.S. Senate,,REP,Jared Hudson,22
Conecuh,0009 CASTLEBERRY NUTRI,U.S. Senate,,REP,Steve Marshall,21
Conecuh,0009 CASTLEBERRY NUTRI,U.S. Senate,,REP,Barry Moore,62
Conecuh,0009 CASTLEBERRY NUTRI,U.S. Senate,,REP,Morgan Murphy,2
Conecuh,0009 CASTLEBERRY NUTRI,U.S. Senate,,REP,Rodney Walker,13
Conecuh,0009 CASTLEBERRY NUTRI,"Public Service Commission, Place No. 2",,REP,Priscilla Andrews,12
Conecuh,0009 CASTLEBERRY NUTRI,"Public Service Commission, Place No. 2",,REP,Chris Beeker,13
Conecuh,0009 CASTLEBERRY NUTRI,"Public Service Commission, Place No. 2",,REP,Brent Woodall,25
Conecuh,0009 CASTLEBERRY NUTRI,"Public Service Commission, Place No. 2",,REP,Jim Zig Zeigler,72
Conecuh,0009 CASTLEBERRY NUTRI,State Auditor,,REP,Derek Chen,54
Conecuh,0009 CASTLEBERRY NUTRI,State Auditor,,REP,Andrew Sorrell,69
Conecuh,0009 CASTLEBERRY NUTRI,State Treasurer,,REP,Steve Lolley,51
Conecuh,0009 CASTLEBERRY NUTRI,State Treasurer,,REP,Young Boozer,74
Conecuh,0010 CASTLEBERRY FIRE,Proposed Statewide Amendment 1,,,No,6
Conecuh,0010 CASTLEBERRY FIRE,Proposed Statewide Amendment 1,,,Yes,79
Conecuh,0010 CASTLEBERRY FIRE,Proposed Statewide Amendment 2,,,No,16
Conecuh,0010 CASTLEBERRY FIRE,Proposed Statewide Amendment 2,,,Yes,66
Conecuh,0010 CASTLEBERRY FIRE,Governor,,DEM,"Chad ""Chig"" Martin",1
Conecuh,0010 CASTLEBERRY FIRE,Governor,,DEM,Doug Jones,49
Conecuh,0010 CASTLEBERRY FIRE,Governor,,DEM,Jamel J. Brown,7
Conecuh,0010 CASTLEBERRY FIRE,Governor,,DEM,"Nathan ""Nate"" Mathis",3
Conecuh,0010 CASTLEBERRY FIRE,Governor,,DEM,Will Boyd,8
Conecuh,0010 CASTLEBERRY FIRE,Governor,,DEM,Yolanda Rochelle Flowers,3
Conecuh,0010 CASTLEBERRY FIRE,Lieutenant Governor,,DEM,Darryl D. Perryman,28
Conecuh,0010 CASTLEBERRY FIRE,Lieutenant Governor,,DEM,Phillip Ensler,42
Conecuh,0010 CASTLEBERRY FIRE,"Public Service Commission, Place No. 1",,DEM,James O. Gordon,49
Conecuh,0010 CASTLEBERRY FIRE,"Public Service Commission, Place No. 1",,DEM,Jeff Ramsey,8
Conecuh,0010 CASTLEBERRY FIRE,"Public Service Commission, Place No. 1",,DEM,John Northrop,11
Conecuh,0010 CASTLEBERRY FIRE,Attorney General,,REP,Jay Mitchell,3
Conecuh,0010 CASTLEBERRY FIRE,Attorney General,,REP,Pamela L. Casey,3
Conecuh,0010 CASTLEBERRY FIRE,Attorney General,,REP,Katherine Robertson,9
Conecuh,0010 CASTLEBERRY FIRE,Commissioner of Agriculture and Industries,,REP,Christina Woerner McInnis,10
Conecuh,0010 CASTLEBERRY FIRE,Commissioner of Agriculture and Industries,,REP,Cory Hill,4
Conecuh,0010 CASTLEBERRY FIRE,Commissioner of Agriculture and Industries,,REP,Jack Williams,1
Conecuh,0010 CASTLEBERRY FIRE,Conecuh County Sheriff,,REP,Maxwell (Mike) Blackmon,6
Conecuh,0010 CASTLEBERRY FIRE,Conecuh County Sheriff,,REP,Randal Cleveland Brown,7
Conecuh,0010 CASTLEBERRY FIRE,U.S. Senate,,REP,Seth Burton,2
Conecuh,0010 CASTLEBERRY FIRE,U.S. Senate,,REP,Dale Shelton Deas Jr.,0
Conecuh,0010 CASTLEBERRY FIRE,U.S. Senate,,REP,Jared Hudson,1
Conecuh,0010 CASTLEBERRY FIRE,U.S. Senate,,REP,Steve Marshall,3
Conecuh,0010 CASTLEBERRY FIRE,U.S. Senate,,REP,Barry Moore,7
Conecuh,0010 CASTLEBERRY FIRE,U.S. Senate,,REP,Morgan Murphy,1
Conecuh,0010 CASTLEBERRY FIRE,U.S. Senate,,REP,Rodney Walker,1
Conecuh,0010 CASTLEBERRY FIRE,"Public Service Commission, Place No. 2",,REP,Priscilla Andrews,1
Conecuh,0010 CASTLEBERRY FIRE,"Public Service Commission, Place No. 2",,REP,Chris Beeker,3
Conecuh,0010 CASTLEBERRY FIRE,"Public Service Commission, Place No. 2",,REP,Brent Woodall,1
Conecuh,0010 CASTLEBERRY FIRE,"Public Service Commission, Place No. 2",,REP,Jim Zig Zeigler,10
Conecuh,0010 CASTLEBERRY FIRE,State Auditor,,REP,Derek Chen,5
Conecuh,0010 CASTLEBERRY FIRE,State Auditor,,REP,Andrew Sorrell,9
Conecuh,0010 CASTLEBERRY FIRE,State Treasurer,,REP,Steve Lolley,5
Conecuh,0010 CASTLEBERRY FIRE,State Treasurer,,REP,Young Boozer,9
Conecuh,0011 BROOKLYN FIRE DEPT,Proposed Statewide Amendment 1,,,No,3
Conecuh,0011 BROOKLYN FIRE DEPT,Proposed Statewide Amendment 1,,,Yes,37
Conecuh,0011 BROOKLYN FIRE DEPT,Proposed Statewide Amendment 2,,,No,11
Conecuh,0011 BROOKLYN FIRE DEPT,Proposed Statewide Amendment 2,,,Yes,27
Conecuh,0011 BROOKLYN FIRE DEPT,Governor,,DEM,"Chad ""Chig"" Martin",0
Conecuh,0011 BROOKLYN FIRE DEPT,Governor,,DEM,Doug Jones,11
Conecuh,0011 BROOKLYN FIRE DEPT,Governor,,DEM,Jamel J. Brown,2
Conecuh,0011 BROOKLYN FIRE DEPT,Governor,,DEM,"Nathan ""Nate"" Mathis",0
Conecuh,0011 BROOKLYN FIRE DEPT,Governor,,DEM,Will Boyd,3
Conecuh,0011 BROOKLYN FIRE DEPT,Governor,,DEM,Yolanda Rochelle Flowers,1
Conecuh,0011 BROOKLYN FIRE DEPT,Lieutenant Governor,,DEM,Darryl D. Perryman,8
Conecuh,0011 BROOKLYN FIRE DEPT,Lieutenant Governor,,DEM,Phillip Ensler,9
Conecuh,0011 BROOKLYN FIRE DEPT,"Public Service Commission, Place No. 1",,DEM,James O. Gordon,11
Conecuh,0011 BROOKLYN FIRE DEPT,"Public Service Commission, Place No. 1",,DEM,Jeff Ramsey,2
Conecuh,0011 BROOKLYN FIRE DEPT,"Public Service Commission, Place No. 1",,DEM,John Northrop,4
Conecuh,0011 BROOKLYN FIRE DEPT,Attorney General,,REP,Jay Mitchell,5
Conecuh,0011 BROOKLYN FIRE DEPT,Attorney General,,REP,Pamela L. Casey,7
Conecuh,0011 BROOKLYN FIRE DEPT,Attorney General,,REP,Katherine Robertson,12
Conecuh,0011 BROOKLYN FIRE DEPT,Commissioner of Agriculture and Industries,,REP,Christina Woerner McInnis,7
Conecuh,0011 BROOKLYN FIRE DEPT,Commissioner of Agriculture and Industries,,REP,Cory Hill,7
Conecuh,0011 BROOKLYN FIRE DEPT,Commissioner of Agriculture and Industries,,REP,Jack Williams,7
Conecuh,0011 BROOKLYN FIRE DEPT,Conecuh County Sheriff,,REP,Maxwell (Mike) Blackmon,8
Conecuh,0011 BROOKLYN FIRE DEPT,Conecuh County Sheriff,,REP,Randal Cleveland Brown,17
Conecuh,0011 BROOKLYN FIRE DEPT,U.S. Senate,,REP,Seth Burton,0
Conecuh,0011 BROOKLYN FIRE DEPT,U.S. Senate,,REP,Dale Shelton Deas Jr.,0
Conecuh,0011 BROOKLYN FIRE DEPT,U.S. Senate,,REP,Jared Hudson,1
Conecuh,0011 BROOKLYN FIRE DEPT,U.S. Senate,,REP,Steve Marshall,5
Conecuh,0011 BROOKLYN FIRE DEPT,U.S. Senate,,REP,Barry Moore,16
Conecuh,0011 BROOKLYN FIRE DEPT,U.S. Senate,,REP,Morgan Murphy,0
Conecuh,0011 BROOKLYN FIRE DEPT,U.S. Senate,,REP,Rodney Walker,1
Conecuh,0011 BROOKLYN FIRE DEPT,"Public Service Commission, Place No. 2",,REP,Priscilla Andrews,2
Conecuh,0011 BROOKLYN FIRE DEPT,"Public Service Commission, Place No. 2",,REP,Chris Beeker,5
Conecuh,0011 BROOKLYN FIRE DEPT,"Public Service Commission, Place No. 2",,REP,Brent Woodall,3
Conecuh,0011 BROOKLYN FIRE DEPT,"Public Service Commission, Place No. 2",,REP,Jim Zig Zeigler,9
Conecuh,0011 BROOKLYN FIRE DEPT,State Auditor,,REP,Derek Chen,8
Conecuh,0011 BROOKLYN FIRE DEPT,State Auditor,,REP,Andrew Sorrell,13
Conecuh,0011 BROOKLYN FIRE DEPT,State Treasurer,,REP,Steve Lolley,10
Conecuh,0011 BROOKLYN FIRE DEPT,State Treasurer,,REP,Young Boozer,11
Conecuh,0012 PAUL FIRE DEPT,Proposed Statewide Amendment 1,,,No,0
Conecuh,0012 PAUL FIRE DEPT,Proposed Statewide Amendment 1,,,Yes,42
Conecuh,0012 PAUL FIRE DEPT,Proposed Statewide Amendment 2,,,No,20
Conecuh,0012 PAUL FIRE DEPT,Proposed Statewide Amendment 2,,,Yes,20
Conecuh,0012 PAUL FIRE DEPT,Governor,,DEM,"Chad ""Chig"" Martin",0
Conecuh,0012 PAUL FIRE DEPT,Governor,,DEM,Doug Jones,11
Conecuh,0012 PAUL FIRE DEPT,Governor,,DEM,Jamel J. Brown,1
Conecuh,0012 PAUL FIRE DEPT,Governor,,DEM,"Nathan ""Nate"" Mathis",0
Conecuh,0012 PAUL FIRE DEPT,Governor,,DEM,Will Boyd,7
Conecuh,0012 PAUL FIRE DEPT,Governor,,DEM,Yolanda Rochelle Flowers,1
Conecuh,0012 PAUL FIRE DEPT,Lieutenant Governor,,DEM,Darryl D. Perryman,6
Conecuh,0012 PAUL FIRE DEPT,Lieutenant Governor,,DEM,Phillip Ensler,10
Conecuh,0012 PAUL FIRE DEPT,"Public Service Commission, Place No. 1",,DEM,James O. Gordon,14
Conecuh,0012 PAUL FIRE DEPT,"Public Service Commission, Place No. 1",,DEM,Jeff Ramsey,1
Conecuh,0012 PAUL FIRE DEPT,"Public Service Commission, Place No. 1",,DEM,John Northrop,0
Conecuh,0012 PAUL FIRE DEPT,Attorney General,,REP,Jay Mitchell,2
Conecuh,0012 PAUL FIRE DEPT,Attorney General,,REP,Pamela L. Casey,13
Conecuh,0012 PAUL FIRE DEPT,Attorney General,,REP,Katherine Robertson,8
Conecuh,0012 PAUL FIRE DEPT,Commissioner of Agriculture and Industries,,REP,Christina Woerner McInnis,12
Conecuh,0012 PAUL FIRE DEPT,Commissioner of Agriculture and Industries,,REP,Cory Hill,4
Conecuh,0012 PAUL FIRE DEPT,Commissioner of Agriculture and Industries,,REP,Jack Williams,5
Conecuh,0012 PAUL FIRE DEPT,Conecuh County Sheriff,,REP,Maxwell (Mike) Blackmon,4
Conecuh,0012 PAUL FIRE DEPT,Conecuh County Sheriff,,REP,Randal Cleveland Brown,21
Conecuh,0012 PAUL FIRE DEPT,U.S. Senate,,REP,Seth Burton,1
Conecuh,0012 PAUL FIRE DEPT,U.S. Senate,,REP,Dale Shelton Deas Jr.,3
Conecuh,0012 PAUL FIRE DEPT,U.S. Senate,,REP,Jared Hudson,1
Conecuh,0012 PAUL FIRE DEPT,U.S. Senate,,REP,Steve Marshall,5
Conecuh,0012 PAUL FIRE DEPT,U.S. Senate,,REP,Barry Moore,14
Conecuh,0012 PAUL FIRE DEPT,U.S. Senate,,REP,Morgan Murphy,0
Conecuh,0012 PAUL FIRE DEPT,U.S. Senate,,REP,Rodney Walker,1
Conecuh,0012 PAUL FIRE DEPT,"Public Service Commission, Place No. 2",,REP,Priscilla Andrews,4
Conecuh,0012 PAUL FIRE DEPT,"Public Service Commission, Place No. 2",,REP,Chris Beeker,3
Conecuh,0012 PAUL FIRE DEPT,"Public Service Commission, Place No. 2",,REP,Brent Woodall,6
Conecuh,0012 PAUL FIRE DEPT,"Public Service Commission, Place No. 2",,REP,Jim Zig Zeigler,9
Conecuh,0012 PAUL FIRE DEPT,State Auditor,,REP,Derek Chen,4
Conecuh,0012 PAUL FIRE DEPT,State Auditor,,REP,Andrew Sorrell,17
Conecuh,0012 PAUL FIRE DEPT,State Treasurer,,REP,Steve Lolley,8
Conecuh,0012 PAUL FIRE DEPT,State Treasurer,,REP,Young Boozer,13
Conecuh,0013 JOHNSONVILLE FIRE,Proposed Statewide Amendment 1,,,No,5
Conecuh,0013 JOHNSONVILLE FIRE,Proposed Statewide Amendment 1,,,Yes,50
Conecuh,0013 JOHNSONVILLE FIRE,Proposed Statewide Amendment 2,,,No,12
Conecuh,0013 JOHNSONVILLE FIRE,Proposed Statewide Amendment 2,,,Yes,43
Conecuh,0013 JOHNSONVILLE FIRE,Governor,,DEM,"Chad ""Chig"" Martin",1
Conecuh,0013 JOHNSONVILLE FIRE,Governor,,DEM,Doug Jones,31
Conecuh,0013 JOHNSONVILLE FIRE,Governor,,DEM,Jamel J. Brown,5
Conecuh,0013 JOHNSONVILLE FIRE,Governor,,DEM,"Nathan ""Nate"" Mathis",0
Conecuh,0013 JOHNSONVILLE FIRE,Governor,,DEM,Will Boyd,16
Conecuh,0013 JOHNSONVILLE FIRE,Governor,,DEM,Yolanda Rochelle Flowers,3
Conecuh,0013 JOHNSONVILLE FIRE,Lieutenant Governor,,DEM,Darryl D. Perryman,20
Conecuh,0013 JOHNSONVILLE FIRE,Lieutenant Governor,,DEM,Phillip Ensler,34
Conecuh,0013 JOHNSONVILLE FIRE,"Public Service Commission, Place No. 1",,DEM,James O. Gordon,37
Conecuh,0013 JOHNSONVILLE FIRE,"Public Service Commission, Place No. 1",,DEM,Jeff Ramsey,10
Conecuh,0013 JOHNSONVILLE FIRE,"Public Service Commission, Place No. 1",,DEM,John Northrop,5
Conecuh,0013 JOHNSONVILLE FIRE,Attorney General,,REP,Jay Mitchell,0
Conecuh,0013 JOHNSONVILLE FIRE,Attorney General,,REP,Pamela L. Casey,1
Conecuh,0013 JOHNSONVILLE FIRE,Attorney General,,REP,Katherine Robertson,2
Conecuh,0013 JOHNSONVILLE FIRE,Commissioner of Agriculture and Industries,,REP,Christina Woerner McInnis,1
Conecuh,0013 JOHNSONVILLE FIRE,Commissioner of Agriculture and Industries,,REP,Cory Hill,0
Conecuh,0013 JOHNSONVILLE FIRE,Commissioner of Agriculture and Industries,,REP,Jack Williams,2
Conecuh,0013 JOHNSONVILLE FIRE,Conecuh County Sheriff,,REP,Maxwell (Mike) Blackmon,2
Conecuh,0013 JOHNSONVILLE FIRE,Conecuh County Sheriff,,REP,Randal Cleveland Brown,1
Conecuh,0013 JOHNSONVILLE FIRE,U.S. Senate,,REP,Seth Burton,0
Conecuh,0013 JOHNSONVILLE FIRE,U.S. Senate,,REP,Dale Shelton Deas Jr.,0
Conecuh,0013 JOHNSONVILLE FIRE,U.S. Senate,,REP,Jared Hudson,0
Conecuh,0013 JOHNSONVILLE FIRE,U.S. Senate,,REP,Steve Marshall,0
Conecuh,0013 JOHNSONVILLE FIRE,U.S. Senate,,REP,Barry Moore,2
Conecuh,0013 JOHNSONVILLE FIRE,U.S. Senate,,REP,Morgan Murphy,0
Conecuh,0013 JOHNSONVILLE FIRE,U.S. Senate,,REP,Rodney Walker,0
Conecuh,0013 JOHNSONVILLE FIRE,"Public Service Commission, Place No. 2",,REP,Priscilla Andrews,0
Conecuh,0013 JOHNSONVILLE FIRE,"Public Service Commission, Place No. 2",,REP,Chris Beeker,0
Conecuh,0013 JOHNSONVILLE FIRE,"Public Service Commission, Place No. 2",,REP,Brent Woodall,0
Conecuh,0013 JOHNSONVILLE FIRE,"Public Service Commission, Place No. 2",,REP,Jim Zig Zeigler,2
Conecuh,0013 JOHNSONVILLE FIRE,State Auditor,,REP,Derek Chen,0
Conecuh,0013 JOHNSONVILLE FIRE,State Auditor,,REP,Andrew Sorrell,3
Conecuh,0013 JOHNSONVILLE FIRE,State Treasurer,,REP,Steve Lolley,1
Conecuh,0013 JOHNSONVILLE FIRE,State Treasurer,,REP,Young Boozer,2
Conecuh,0014 ANTIOCH FIRE DEPT,Proposed Statewide Amendment 1,,,No,10
Conecuh,0014 ANTIOCH FIRE DEPT,Proposed Statewide Amendment 1,,,Yes,95
Conecuh,0014 ANTIOCH FIRE DEPT,Proposed Statewide Amendment 2,,,No,45
Conecuh,0014 ANTIOCH FIRE DEPT,Proposed Statewide Amendment 2,,,Yes,54
Conecuh,0014 ANTIOCH FIRE DEPT,Governor,,DEM,"Chad ""Chig"" Martin",0
Conecuh,0014 ANTIOCH FIRE DEPT,Governor,,DEM,Doug Jones,3
Conecuh,0014 ANTIOCH FIRE DEPT,Governor,,DEM,Jamel J. Brown,0
Conecuh,0014 ANTIOCH FIRE DEPT,Governor,,DEM,"Nathan ""Nate"" Mathis",0
Conecuh,0014 ANTIOCH FIRE DEPT,Governor,,DEM,Will Boyd,1
Conecuh,0014 ANTIOCH FIRE DEPT,Governor,,DEM,Yolanda Rochelle Flowers,0
Conecuh,0014 ANTIOCH FIRE DEPT,Lieutenant Governor,,DEM,Darryl D. Perryman,2
Conecuh,0014 ANTIOCH FIRE DEPT,Lieutenant Governor,,DEM,Phillip Ensler,1
Conecuh,0014 ANTIOCH FIRE DEPT,"Public Service Commission, Place No. 1",,DEM,James O. Gordon,3
Conecuh,0014 ANTIOCH FIRE DEPT,"Public Service Commission, Place No. 1",,DEM,Jeff Ramsey,0
Conecuh,0014 ANTIOCH FIRE DEPT,"Public Service Commission, Place No. 1",,DEM,John Northrop,0
Conecuh,0014 ANTIOCH FIRE DEPT,Attorney General,,REP,Jay Mitchell,20
Conecuh,0014 ANTIOCH FIRE DEPT,Attorney General,,REP,Pamela L. Casey,51
Conecuh,0014 ANTIOCH FIRE DEPT,Attorney General,,REP,Katherine Robertson,29
Conecuh,0014 ANTIOCH FIRE DEPT,Commissioner of Agriculture and Industries,,REP,Christina Woerner McInnis,25
Conecuh,0014 ANTIOCH FIRE DEPT,Commissioner of Agriculture and Industries,,REP,Cory Hill,38
Conecuh,0014 ANTIOCH FIRE DEPT,Commissioner of Agriculture and Industries,,REP,Jack Williams,33
Conecuh,0014 ANTIOCH FIRE DEPT,Conecuh County Sheriff,,REP,Maxwell (Mike) Blackmon,26
Conecuh,0014 ANTIOCH FIRE DEPT,Conecuh County Sheriff,,REP,Randal Cleveland Brown,74
Conecuh,0014 ANTIOCH FIRE DEPT,U.S. Senate,,REP,Seth Burton,2
Conecuh,0014 ANTIOCH FIRE DEPT,U.S. Senate,,REP,Dale Shelton Deas Jr.,2
Conecuh,0014 ANTIOCH FIRE DEPT,U.S. Senate,,REP,Jared Hudson,6
Conecuh,0014 ANTIOCH FIRE DEPT,U.S. Senate,,REP,Steve Marshall,19
Conecuh,0014 ANTIOCH FIRE DEPT,U.S. Senate,,REP,Barry Moore,56
Conecuh,0014 ANTIOCH FIRE DEPT,U.S. Senate,,REP,Morgan Murphy,0
Conecuh,0014 ANTIOCH FIRE DEPT,U.S. Senate,,REP,Rodney Walker,17
Conecuh,0014 ANTIOCH FIRE DEPT,"Public Service Commission, Place No. 2",,REP,Priscilla Andrews,10
Conecuh,0014 ANTIOCH FIRE DEPT,"Public Service Commission, Place No. 2",,REP,Chris Beeker,7
Conecuh,0014 ANTIOCH FIRE DEPT,"Public Service Commission, Place No. 2",,REP,Brent Woodall,13
Conecuh,0014 ANTIOCH FIRE DEPT,"Public Service Commission, Place No. 2",,REP,Jim Zig Zeigler,56
Conecuh,0014 ANTIOCH FIRE DEPT,State Auditor,,REP,Derek Chen,29
Conecuh,0014 ANTIOCH FIRE DEPT,State Auditor,,REP,Andrew Sorrell,55
Conecuh,0014 ANTIOCH FIRE DEPT,State Treasurer,,REP,Steve Lolley,24
Conecuh,0014 ANTIOCH FIRE DEPT,State Treasurer,,REP,Young Boozer,74
Conecuh,0015 HERBERT FIRE DEPT,Proposed Statewide Amendment 1,,,No,7
Conecuh,0015 HERBERT FIRE DEPT,Proposed Statewide Amendment 1,,,Yes,55
Conecuh,0015 HERBERT FIRE DEPT,Proposed Statewide Amendment 2,,,No,29
Conecuh,0015 HERBERT FIRE DEPT,Proposed Statewide Amendment 2,,,Yes,33
Conecuh,0015 HERBERT FIRE DEPT,Governor,,DEM,"Chad ""Chig"" Martin",0
Conecuh,0015 HERBERT FIRE DEPT,Governor,,DEM,Doug Jones,11
Conecuh,0015 HERBERT FIRE DEPT,Governor,,DEM,Jamel J. Brown,1
Conecuh,0015 HERBERT FIRE DEPT,Governor,,DEM,"Nathan ""Nate"" Mathis",0
Conecuh,0015 HERBERT FIRE DEPT,Governor,,DEM,Will Boyd,0
Conecuh,0015 HERBERT FIRE DEPT,Governor,,DEM,Yolanda Rochelle Flowers,0
Conecuh,0015 HERBERT FIRE DEPT,Lieutenant Governor,,DEM,Darryl D. Perryman,5
Conecuh,0015 HERBERT FIRE DEPT,Lieutenant Governor,,DEM,Phillip Ensler,6
Conecuh,0015 HERBERT FIRE DEPT,"Public Service Commission, Place No. 1",,DEM,James O. Gordon,6
Conecuh,0015 HERBERT FIRE DEPT,"Public Service Commission, Place No. 1",,DEM,Jeff Ramsey,2
Conecuh,0015 HERBERT FIRE DEPT,"Public Service Commission, Place No. 1",,DEM,John Northrop,3
Conecuh,0015 HERBERT FIRE DEPT,Attorney General,,REP,Jay Mitchell,7
Conecuh,0015 HERBERT FIRE DEPT,Attorney General,,REP,Pamela L. Casey,18
Conecuh,0015 HERBERT FIRE DEPT,Attorney General,,REP,Katherine Robertson,15
Conecuh,0015 HERBERT FIRE DEPT,Commissioner of Agriculture and Industries,,REP,Christina Woerner McInnis,21
Conecuh,0015 HERBERT FIRE DEPT,Commissioner of Agriculture and Industries,,REP,Cory Hill,7
Conecuh,0015 HERBERT FIRE DEPT,Commissioner of Agriculture and Industries,,REP,Jack Williams,9
Conecuh,0015 HERBERT FIRE DEPT,Conecuh County Sheriff,,REP,Maxwell (Mike) Blackmon,10
Conecuh,0015 HERBERT FIRE DEPT,Conecuh County Sheriff,,REP,Randal Cleveland Brown,41
Conecuh,0015 HERBERT FIRE DEPT,U.S. Senate,,REP,Seth Burton,0
Conecuh,0015 HERBERT FIRE DEPT,U.S. Senate,,REP,Dale Shelton Deas Jr.,0
Conecuh,0015 HERBERT FIRE DEPT,U.S. Senate,,REP,Jared Hudson,11
Conecuh,0015 HERBERT FIRE DEPT,U.S. Senate,,REP,Steve Marshall,10
Conecuh,0015 HERBERT FIRE DEPT,U.S. Senate,,REP,Barry Moore,18
Conecuh,0015 HERBERT FIRE DEPT,U.S. Senate,,REP,Morgan Murphy,1
Conecuh,0015 HERBERT FIRE DEPT,U.S. Senate,,REP,Rodney Walker,1
Conecuh,0015 HERBERT FIRE DEPT,"Public Service Commission, Place No. 2",,REP,Priscilla Andrews,5
Conecuh,0015 HERBERT FIRE DEPT,"Public Service Commission, Place No. 2",,REP,Chris Beeker,8
Conecuh,0015 HERBERT FIRE DEPT,"Public Service Commission, Place No. 2",,REP,Brent Woodall,9
Conecuh,0015 HERBERT FIRE DEPT,"Public Service Commission, Place No. 2",,REP,Jim Zig Zeigler,13
Conecuh,0015 HERBERT FIRE DEPT,State Auditor,,REP,Derek Chen,18
Conecuh,0015 HERBERT FIRE DEPT,State Auditor,,REP,Andrew Sorrell,18
Conecuh,0015 HERBERT FIRE DEPT,State Treasurer,,REP,Steve Lolley,12
Conecuh,0015 HERBERT FIRE DEPT,State Treasurer,,REP,Young Boozer,28
Conecuh,0016 BROWNVILLE FIRE,Proposed Statewide Amendment 1,,,No,13
Conecuh,0016 BROWNVILLE FIRE,Proposed Statewide Amendment 1,,,Yes,63
Conecuh,0016 BROWNVILLE FIRE,Proposed Statewide Amendment 2,,,No,26
Conecuh,0016 BROWNVILLE FIRE,Proposed Statewide Amendment 2,,,Yes,46
Conecuh,0016 BROWNVILLE FIRE,Governor,,DEM,"Chad ""Chig"" Martin",0
Conecuh,0016 BROWNVILLE FIRE,Governor,,DEM,Doug Jones,18
Conecuh,0016 BROWNVILLE FIRE,Governor,,DEM,Jamel J. Brown,2
Conecuh,0016 BROWNVILLE FIRE,Governor,,DEM,"Nathan ""Nate"" Mathis",0
Conecuh,0016 BROWNVILLE FIRE,Governor,,DEM,Will Boyd,3
Conecuh,0016 BROWNVILLE FIRE,Governor,,DEM,Yolanda Rochelle Flowers,4
Conecuh,0016 BROWNVILLE FIRE,Lieutenant Governor,,DEM,Darryl D. Perryman,18
Conecuh,0016 BROWNVILLE FIRE,Lieutenant Governor,,DEM,Phillip Ensler,9
Conecuh,0016 BROWNVILLE FIRE,"Public Service Commission, Place No. 1",,DEM,James O. Gordon,17
Conecuh,0016 BROWNVILLE FIRE,"Public Service Commission, Place No. 1",,DEM,Jeff Ramsey,5
Conecuh,0016 BROWNVILLE FIRE,"Public Service Commission, Place No. 1",,DEM,John Northrop,4
Conecuh,0016 BROWNVILLE FIRE,Attorney General,,REP,Jay Mitchell,15
Conecuh,0016 BROWNVILLE FIRE,Attorney General,,REP,Pamela L. Casey,11
Conecuh,0016 BROWNVILLE FIRE,Attorney General,,REP,Katherine Robertson,23
Conecuh,0016 BROWNVILLE FIRE,Commissioner of Agriculture and Industries,,REP,Christina Woerner McInnis,15
Conecuh,0016 BROWNVILLE FIRE,Commissioner of Agriculture and Industries,,REP,Cory Hill,14
Conecuh,0016 BROWNVILLE FIRE,Commissioner of Agriculture and Industries,,REP,Jack Williams,14
Conecuh,0016 BROWNVILLE FIRE,Conecuh County Sheriff,,REP,Maxwell (Mike) Blackmon,13
Conecuh,0016 BROWNVILLE FIRE,Conecuh County Sheriff,,REP,Randal Cleveland Brown,35
Conecuh,0016 BROWNVILLE FIRE,U.S. Senate,,REP,Seth Burton,3
Conecuh,0016 BROWNVILLE FIRE,U.S. Senate,,REP,Dale Shelton Deas Jr.,0
Conecuh,0016 BROWNVILLE FIRE,U.S. Senate,,REP,Jared Hudson,8
Conecuh,0016 BROWNVILLE FIRE,U.S. Senate,,REP,Steve Marshall,9
Conecuh,0016 BROWNVILLE FIRE,U.S. Senate,,REP,Barry Moore,24
Conecuh,0016 BROWNVILLE FIRE,U.S. Senate,,REP,Morgan Murphy,0
Conecuh,0016 BROWNVILLE FIRE,U.S. Senate,,REP,Rodney Walker,5
Conecuh,0016 BROWNVILLE FIRE,"Public Service Commission, Place No. 2",,REP,Priscilla Andrews,1
Conecuh,0016 BROWNVILLE FIRE,"Public Service Commission, Place No. 2",,REP,Chris Beeker,9
Conecuh,0016 BROWNVILLE FIRE,"Public Service Commission, Place No. 2",,REP,Brent Woodall,4
Conecuh,0016 BROWNVILLE FIRE,"Public Service Commission, Place No. 2",,REP,Jim Zig Zeigler,27
Conecuh,0016 BROWNVILLE FIRE,State Auditor,,REP,Derek Chen,13
Conecuh,0016 BROWNVILLE FIRE,State Auditor,,REP,Andrew Sorrell,30
Conecuh,0016 BROWNVILLE FIRE,State Treasurer,,REP,Steve Lolley,13
Conecuh,0016 BROWNVILLE FIRE,State Treasurer,,REP,Young Boozer,33
Conecuh,0017 FLAT ROCK FIRE DEPT,Proposed Statewide Amendment 1,,,No,5
Conecuh,0017 FLAT ROCK FIRE DEPT,Proposed Statewide Amendment 1,,,Yes,51
Conecuh,0017 FLAT ROCK FIRE DEPT,Proposed Statewide Amendment 2,,,No,31
Conecuh,0017 FLAT ROCK FIRE DEPT,Proposed Statewide Amendment 2,,,Yes,19
Conecuh,0017 FLAT ROCK FIRE DEPT,Governor,,DEM,"Chad ""Chig"" Martin",0
Conecuh,0017 FLAT ROCK FIRE DEPT,Governor,,DEM,Doug Jones,3
Conecuh,0017 FLAT ROCK FIRE DEPT,Governor,,DEM,Jamel J. Brown,0
Conecuh,0017 FLAT ROCK FIRE DEPT,Governor,,DEM,"Nathan ""Nate"" Mathis",0
Conecuh,0017 FLAT ROCK FIRE DEPT,Governor,,DEM,Will Boyd,2
Conecuh,0017 FLAT ROCK FIRE DEPT,Governor,,DEM,Yolanda Rochelle Flowers,0
Conecuh,0017 FLAT ROCK FIRE DEPT,Lieutenant Governor,,DEM,Darryl D. Perryman,0
Conecuh,0017 FLAT ROCK FIRE DEPT,Lieutenant Governor,,DEM,Phillip Ensler,5
Conecuh,0017 FLAT ROCK FIRE DEPT,"Public Service Commission, Place No. 1",,DEM,James O. Gordon,3
Conecuh,0017 FLAT ROCK FIRE DEPT,"Public Service Commission, Place No. 1",,DEM,Jeff Ramsey,1
Conecuh,0017 FLAT ROCK FIRE DEPT,"Public Service Commission, Place No. 1",,DEM,John Northrop,0
Conecuh,0017 FLAT ROCK FIRE DEPT,Attorney General,,REP,Jay Mitchell,11
Conecuh,0017 FLAT ROCK FIRE DEPT,Attorney General,,REP,Pamela L. Casey,12
Conecuh,0017 FLAT ROCK FIRE DEPT,Attorney General,,REP,Katherine Robertson,23
Conecuh,0017 FLAT ROCK FIRE DEPT,Commissioner of Agriculture and Industries,,REP,Christina Woerner McInnis,15
Conecuh,0017 FLAT ROCK FIRE DEPT,Commissioner of Agriculture and Industries,,REP,Cory Hill,12
Conecuh,0017 FLAT ROCK FIRE DEPT,Commissioner of Agriculture and Industries,,REP,Jack Williams,16
Conecuh,0017 FLAT ROCK FIRE DEPT,Conecuh County Sheriff,,REP,Maxwell (Mike) Blackmon,3
Conecuh,0017 FLAT ROCK FIRE DEPT,Conecuh County Sheriff,,REP,Randal Cleveland Brown,49
Conecuh,0017 FLAT ROCK FIRE DEPT,State Auditor,,REP,Derek Chen,15
Conecuh,0017 FLAT ROCK FIRE DEPT,State Auditor,,REP,Andrew Sorrell,26
Conecuh,0017 FLAT ROCK FIRE DEPT,State Treasurer,,REP,Steve Lolley,20
Conecuh,0017 FLAT ROCK FIRE DEPT,State Treasurer,,REP,Young Boozer,25
Conecuh,0017 FLAT ROCK FIRE DEPT,U.S. Senate,,REP,Seth Burton,5
Conecuh,0017 FLAT ROCK FIRE DEPT,U.S. Senate,,REP,Dale Shelton Deas Jr.,0
Conecuh,0017 FLAT ROCK FIRE DEPT,U.S. Senate,,REP,Jared Hudson,12
Conecuh,0017 FLAT ROCK FIRE DEPT,U.S. Senate,,REP,Steve Marshall,9
Conecuh,0017 FLAT ROCK FIRE DEPT,U.S. Senate,,REP,Barry Moore,18
Conecuh,0017 FLAT ROCK FIRE DEPT,U.S. Senate,,REP,Morgan Murphy,1
Conecuh,0017 FLAT ROCK FIRE DEPT,U.S. Senate,,REP,Rodney Walker,1
Conecuh,0017 FLAT ROCK FIRE DEPT,"Public Service Commission, Place No. 2",,REP,Priscilla Andrews,3
Conecuh,0017 FLAT ROCK FIRE DEPT,"Public Service Commission, Place No. 2",,REP,Chris Beeker,5
Conecuh,0017 FLAT ROCK FIRE DEPT,"Public Service Commission, Place No. 2",,REP,Brent Woodall,5
Conecuh,0017 FLAT ROCK FIRE DEPT,"Public Service Commission, Place No. 2",,REP,Jim Zig Zeigler,25
Conecuh,0018 DAVID BURT BLDG,Proposed Statewide Amendment 1,,,No,32
Conecuh,0018 DAVID BURT BLDG,Proposed Statewide Amendment 1,,,Yes,258
Conecuh,0018 DAVID BURT BLDG,Proposed Statewide Amendment 2,,,No,90
Conecuh,0018 DAVID BURT BLDG,Proposed Statewide Amendment 2,,,Yes,187
Conecuh,0018 DAVID BURT BLDG,Governor,,DEM,"Chad ""Chig"" Martin",1
Conecuh,0018 DAVID BURT BLDG,Governor,,DEM,Doug Jones,76
Conecuh,0018 DAVID BURT BLDG,Governor,,DEM,Jamel J. Brown,16
Conecuh,0018 DAVID BURT BLDG,Governor,,DEM,"Nathan ""Nate"" Mathis",1
Conecuh,0018 DAVID BURT BLDG,Governor,,DEM,Will Boyd,24
Conecuh,0018 DAVID BURT BLDG,Governor,,DEM,Yolanda Rochelle Flowers,4
Conecuh,0018 DAVID BURT BLDG,Lieutenant Governor,,DEM,Darryl D. Perryman,52
Conecuh,0018 DAVID BURT BLDG,Lieutenant Governor,,DEM,Phillip Ensler,59
Conecuh,0018 DAVID BURT BLDG,"Public Service Commission, Place No. 1",,DEM,James O. Gordon,66
Conecuh,0018 DAVID BURT BLDG,"Public Service Commission, Place No. 1",,DEM,Jeff Ramsey,21
Conecuh,0018 DAVID BURT BLDG,"Public Service Commission, Place No. 1",,DEM,John Northrop,16
Conecuh,0018 DAVID BURT BLDG,Attorney General,,REP,Jay Mitchell,46
Conecuh,0018 DAVID BURT BLDG,Attorney General,,REP,Pamela L. Casey,54
Conecuh,0018 DAVID BURT BLDG,Attorney General,,REP,Katherine Robertson,67
Conecuh,0018 DAVID BURT BLDG,Commissioner of Agriculture and Industries,,REP,Christina Woerner McInnis,46
Conecuh,0018 DAVID BURT BLDG,Commissioner of Agriculture and Industries,,REP,Cory Hill,56
Conecuh,0018 DAVID BURT BLDG,Commissioner of Agriculture and Industries,,REP,Jack Williams,55
Conecuh,0018 DAVID BURT BLDG,Conecuh County Sheriff,,REP,Maxwell (Mike) Blackmon,50
Conecuh,0018 DAVID BURT BLDG,Conecuh County Sheriff,,REP,Randal Cleveland Brown,134
Conecuh,0018 DAVID BURT BLDG,State Auditor,,REP,Derek Chen,73
Conecuh,0018 DAVID BURT BLDG,State Auditor,,REP,Andrew Sorrell,89
Conecuh,0018 DAVID BURT BLDG,State Treasurer,,REP,Steve Lolley,40
Conecuh,0018 DAVID BURT BLDG,State Treasurer,,REP,Young Boozer,124
Conecuh,0018 DAVID BURT BLDG,U.S. Senate,,REP,Seth Burton,9
Conecuh,0018 DAVID BURT BLDG,U.S. Senate,,REP,Dale Shelton Deas Jr.,2
Conecuh,0018 DAVID BURT BLDG,U.S. Senate,,REP,Jared Hudson,38
Conecuh,0018 DAVID BURT BLDG,U.S. Senate,,REP,Steve Marshall,39
Conecuh,0018 DAVID BURT BLDG,U.S. Senate,,REP,Barry Moore,65
Conecuh,0018 DAVID BURT BLDG,U.S. Senate,,REP,Morgan Murphy,3
Conecuh,0018 DAVID BURT BLDG,U.S. Senate,,REP,Rodney Walker,12
Conecuh,0018 DAVID BURT BLDG,"Public Service Commission, Place No. 2",,REP,Priscilla Andrews,18
Conecuh,0018 DAVID BURT BLDG,"Public Service Commission, Place No. 2",,REP,Chris Beeker,37
Conecuh,0018 DAVID BURT BLDG,"Public Service Commission, Place No. 2",,REP,Brent Woodall,27
Conecuh,0018 DAVID BURT BLDG,"Public Service Commission, Place No. 2",,REP,Jim Zig Zeigler,75
Conecuh,0019 CARVER REC CTR,Proposed Statewide Amendment 1,,,No,46
Conecuh,0019 CARVER REC CTR,Proposed Statewide Amendment 1,,,Yes,238
Conecuh,0019 CARVER REC CTR,Proposed Statewide Amendment 2,,,No,73
Conecuh,0019 CARVER REC CTR,Proposed Statewide Amendment 2,,,Yes,208
Conecuh,0019 CARVER REC CTR,Governor,,DEM,"Chad ""Chig"" Martin",5
Conecuh,0019 CARVER REC CTR,Governor,,DEM,Doug Jones,163
Conecuh,0019 CARVER REC CTR,Governor,,DEM,Jamel J. Brown,26
Conecuh,0019 CARVER REC CTR,Governor,,DEM,"Nathan ""Nate"" Mathis",5
Conecuh,0019 CARVER REC CTR,Governor,,DEM,Will Boyd,40
Conecuh,0019 CARVER REC CTR,Governor,,DEM,Yolanda Rochelle Flowers,13
Conecuh,0019 CARVER REC CTR,Lieutenant Governor,,DEM,Darryl D. Perryman,124
Conecuh,0019 CARVER REC CTR,Lieutenant Governor,,DEM,Phillip Ensler,114
Conecuh,0019 CARVER REC CTR,"Public Service Commission, Place No. 1",,DEM,James O. Gordon,158
Conecuh,0019 CARVER REC CTR,"Public Service Commission, Place No. 1",,DEM,Jeff Ramsey,38
Conecuh,0019 CARVER REC CTR,"Public Service Commission, Place No. 1",,DEM,John Northrop,39
Conecuh,0019 CARVER REC CTR,Attorney General,,REP,Jay Mitchell,5
Conecuh,0019 CARVER REC CTR,Attorney General,,REP,Pamela L. Casey,12
Conecuh,0019 CARVER REC CTR,Attorney General,,REP,Katherine Robertson,14
Conecuh,0019 CARVER REC CTR,Commissioner of Agriculture and Industries,,REP,Christina Woerner McInnis,11
Conecuh,0019 CARVER REC CTR,Commissioner of Agriculture and Industries,,REP,Cory Hill,14
Conecuh,0019 CARVER REC CTR,Commissioner of Agriculture and Industries,,REP,Jack Williams,9
Conecuh,0019 CARVER REC CTR,Conecuh County Sheriff,,REP,Maxwell (Mike) Blackmon,13
Conecuh,0019 CARVER REC CTR,Conecuh County Sheriff,,REP,Randal Cleveland Brown,29
Conecuh,0019 CARVER REC CTR,State Auditor,,REP,Derek Chen,19
Conecuh,0019 CARVER REC CTR,State Auditor,,REP,Andrew Sorrell,15
Conecuh,0019 CARVER REC CTR,State Treasurer,,REP,Steve Lolley,10
Conecuh,0019 CARVER REC CTR,State Treasurer,,REP,Young Boozer,22
Conecuh,0019 CARVER REC CTR,U.S. Senate,,REP,Seth Burton,1
Conecuh,0019 CARVER REC CTR,U.S. Senate,,REP,Dale Shelton Deas Jr.,0
Conecuh,0019 CARVER REC CTR,U.S. Senate,,REP,Jared Hudson,5
Conecuh,0019 CARVER REC CTR,U.S. Senate,,REP,Steve Marshall,8
Conecuh,0019 CARVER REC CTR,U.S. Senate,,REP,Barry Moore,20
Conecuh,0019 CARVER REC CTR,U.S. Senate,,REP,Morgan Murphy,2
Conecuh,0019 CARVER REC CTR,U.S. Senate,,REP,Rodney Walker,3
Conecuh,0019 CARVER REC CTR,"Public Service Commission, Place No. 2",,REP,Priscilla Andrews,6
Conecuh,0019 CARVER REC CTR,"Public Service Commission, Place No. 2",,REP,Chris Beeker,6
Conecuh,0019 CARVER REC CTR,"Public Service Commission, Place No. 2",,REP,Brent Woodall,4
Conecuh,0019 CARVER REC CTR,"Public Service Commission, Place No. 2",,REP,Jim Zig Zeigler,18
Conecuh,0020 NAZARENE BAPT CH,Proposed Statewide Amendment 1,,,No,8
Conecuh,0020 NAZARENE BAPT CH,Proposed Statewide Amendment 1,,,Yes,90
Conecuh,0020 NAZARENE BAPT CH,Proposed Statewide Amendment 2,,,No,16
Conecuh,0020 NAZARENE BAPT CH,Proposed Statewide Amendment 2,,,Yes,78
Conecuh,0020 NAZARENE BAPT CH,Governor,,DEM,"Chad ""Chig"" Martin",0
Conecuh,0020 NAZARENE BAPT CH,Governor,,DEM,Doug Jones,46
Conecuh,0020 NAZARENE BAPT CH,Governor,,DEM,Jamel J. Brown,1
Conecuh,0020 NAZARENE BAPT CH,Governor,,DEM,"Nathan ""Nate"" Mathis",0
Conecuh,0020 NAZARENE BAPT CH,Governor,,DEM,Will Boyd,26
Conecuh,0020 NAZARENE BAPT CH,Governor,,DEM,Yolanda Rochelle Flowers,0
Conecuh,0020 NAZARENE BAPT CH,Lieutenant Governor,,DEM,Darryl D. Perryman,21
Conecuh,0020 NAZARENE BAPT CH,Lieutenant Governor,,DEM,Phillip Ensler,52
Conecuh,0020 NAZARENE BAPT CH,"Public Service Commission, Place No. 1",,DEM,James O. Gordon,60
Conecuh,0020 NAZARENE BAPT CH,"Public Service Commission, Place No. 1",,DEM,Jeff Ramsey,7
Conecuh,0020 NAZARENE BAPT CH,"Public Service Commission, Place No. 1",,DEM,John Northrop,6
Conecuh,0020 NAZARENE BAPT CH,Attorney General,,REP,Jay Mitchell,7
Conecuh,0020 NAZARENE BAPT CH,Attorney General,,REP,Pamela L. Casey,6
Conecuh,0020 NAZARENE BAPT CH,Attorney General,,REP,Katherine Robertson,10
Conecuh,0020 NAZARENE BAPT CH,Commissioner of Agriculture and Industries,,REP,Christina Woerner McInnis,7
Conecuh,0020 NAZARENE BAPT CH,Commissioner of Agriculture and Industries,,REP,Cory Hill,9
Conecuh,0020 NAZARENE BAPT CH,Commissioner of Agriculture and Industries,,REP,Jack Williams,6
Conecuh,0020 NAZARENE BAPT CH,Conecuh County Sheriff,,REP,Maxwell (Mike) Blackmon,5
Conecuh,0020 NAZARENE BAPT CH,Conecuh County Sheriff,,REP,Randal Cleveland Brown,22
Conecuh,0020 NAZARENE BAPT CH,State Auditor,,REP,Derek Chen,8
Conecuh,0020 NAZARENE BAPT CH,State Auditor,,REP,Andrew Sorrell,12
Conecuh,0020 NAZARENE BAPT CH,State Treasurer,,REP,Steve Lolley,7
Conecuh,0020 NAZARENE BAPT CH,State Treasurer,,REP,Young Boozer,14
Conecuh,0020 NAZARENE BAPT CH,U.S. Senate,,REP,Seth Burton,1
Conecuh,0020 NAZARENE BAPT CH,U.S. Senate,,REP,Dale Shelton Deas Jr.,0
Conecuh,0020 NAZARENE BAPT CH,U.S. Senate,,REP,Jared Hudson,6
Conecuh,0020 NAZARENE BAPT CH,U.S. Senate,,REP,Steve Marshall,6
Conecuh,0020 NAZARENE BAPT CH,U.S. Senate,,REP,Barry Moore,7
Conecuh,0020 NAZARENE BAPT CH,U.S. Senate,,REP,Morgan Murphy,1
Conecuh,0020 NAZARENE BAPT CH,U.S. Senate,,REP,Rodney Walker,3
Conecuh,0020 NAZARENE BAPT CH,"Public Service Commission, Place No. 2",,REP,Priscilla Andrews,3
Conecuh,0020 NAZARENE BAPT CH,"Public Service Commission, Place No. 2",,REP,Chris Beeker,4
Conecuh,0020 NAZARENE BAPT CH,"Public Service Commission, Place No. 2",,REP,Brent Woodall,5
Conecuh,0020 NAZARENE BAPT CH,"Public Service Commission, Place No. 2",,REP,Jim Zig Zeigler,9
Conecuh,0021 REPTON TOWN HALL,Proposed Statewide Amendment 1,,,No,24
Conecuh,0021 REPTON TOWN HALL,Proposed Statewide Amendment 1,,,Yes,147
Conecuh,0021 REPTON TOWN HALL,Proposed Statewide Amendment 2,,,No,62
Conecuh,0021 REPTON TOWN HALL,Proposed Statewide Amendment 2,,,Yes,94
Conecuh,0021 REPTON TOWN HALL,Governor,,DEM,"Chad ""Chig"" Martin",1
Conecuh,0021 REPTON TOWN HALL,Governor,,DEM,Doug Jones,62
Conecuh,0021 REPTON TOWN HALL,Governor,,DEM,Jamel J. Brown,9
Conecuh,0021 REPTON TOWN HALL,Governor,,DEM,"Nathan ""Nate"" Mathis",1
Conecuh,0021 REPTON TOWN HALL,Governor,,DEM,Will Boyd,6
Conecuh,0021 REPTON TOWN HALL,Governor,,DEM,Yolanda Rochelle Flowers,3
Conecuh,0021 REPTON TOWN HALL,Lieutenant Governor,,DEM,Darryl D. Perryman,41
Conecuh,0021 REPTON TOWN HALL,Lieutenant Governor,,DEM,Phillip Ensler,39
Conecuh,0021 REPTON TOWN HALL,"Public Service Commission, Place No. 1",,DEM,James O. Gordon,46
Conecuh,0021 REPTON TOWN HALL,"Public Service Commission, Place No. 1",,DEM,Jeff Ramsey,17
Conecuh,0021 REPTON TOWN HALL,"Public Service Commission, Place No. 1",,DEM,John Northrop,15
Conecuh,0021 REPTON TOWN HALL,Attorney General,,REP,Jay Mitchell,16
Conecuh,0021 REPTON TOWN HALL,Attorney General,,REP,Pamela L. Casey,33
Conecuh,0021 REPTON TOWN HALL,Attorney General,,REP,Katherine Robertson,34
Conecuh,0021 REPTON TOWN HALL,Commissioner of Agriculture and Industries,,REP,Christina Woerner McInnis,37
Conecuh,0021 REPTON TOWN HALL,Commissioner of Agriculture and Industries,,REP,Cory Hill,28
Conecuh,0021 REPTON TOWN HALL,Commissioner of Agriculture and Industries,,REP,Jack Williams,20
Conecuh,0021 REPTON TOWN HALL,Conecuh County Sheriff,,REP,Maxwell (Mike) Blackmon,63
Conecuh,0021 REPTON TOWN HALL,Conecuh County Sheriff,,REP,Randal Cleveland Brown,32
Conecuh,0021 REPTON TOWN HALL,State Auditor,,REP,Derek Chen,23
Conecuh,0021 REPTON TOWN HALL,State Auditor,,REP,Andrew Sorrell,58
Conecuh,0021 REPTON TOWN HALL,State Treasurer,,REP,Steve Lolley,22
Conecuh,0021 REPTON TOWN HALL,State Treasurer,,REP,Young Boozer,62
Conecuh,0021 REPTON TOWN HALL,U.S. Senate,,REP,Seth Burton,2
Conecuh,0021 REPTON TOWN HALL,U.S. Senate,,REP,Dale Shelton Deas Jr.,0
Conecuh,0021 REPTON TOWN HALL,U.S. Senate,,REP,Jared Hudson,18
Conecuh,0021 REPTON TOWN HALL,U.S. Senate,,REP,Steve Marshall,28
Conecuh,0021 REPTON TOWN HALL,U.S. Senate,,REP,Barry Moore,31
Conecuh,0021 REPTON TOWN HALL,U.S. Senate,,REP,Morgan Murphy,0
Conecuh,0021 REPTON TOWN HALL,U.S. Senate,,REP,Rodney Walker,8
Conecuh,0021 REPTON TOWN HALL,"Public Service Commission, Place No. 2",,REP,Priscilla Andrews,11
Conecuh,0021 REPTON TOWN HALL,"Public Service Commission, Place No. 2",,REP,Chris Beeker,15
Conecuh,0021 REPTON TOWN HALL,"Public Service Commission, Place No. 2",,REP,Brent Woodall,14
Conecuh,0021 REPTON TOWN HALL,"Public Service Commission, Place No. 2",,REP,Jim Zig Zeigler,39
Conecuh,0022 2ND MOUNT ZION CH,Proposed Statewide Amendment 1,,,No,11
Conecuh,0022 2ND MOUNT ZION CH,Proposed Statewide Amendment 1,,,Yes,35
Conecuh,0022 2ND MOUNT ZION CH,Proposed Statewide Amendment 2,,,No,17
Conecuh,0022 2ND MOUNT ZION CH,Proposed Statewide Amendment 2,,,Yes,28
Conecuh,0022 2ND MOUNT ZION CH,Governor,,DEM,"Chad ""Chig"" Martin",1
Conecuh,0022 2ND MOUNT ZION CH,Governor,,DEM,Doug Jones,20
Conecuh,0022 2ND MOUNT ZION CH,Governor,,DEM,Jamel J. Brown,3
Conecuh,0022 2ND MOUNT ZION CH,Governor,,DEM,"Nathan ""Nate"" Mathis",0
Conecuh,0022 2ND MOUNT ZION CH,Governor,,DEM,Will Boyd,3
Conecuh,0022 2ND MOUNT ZION CH,Governor,,DEM,Yolanda Rochelle Flowers,6
Conecuh,0022 2ND MOUNT ZION CH,Lieutenant Governor,,DEM,Darryl D. Perryman,17
Conecuh,0022 2ND MOUNT ZION CH,Lieutenant Governor,,DEM,Phillip Ensler,13
Conecuh,0022 2ND MOUNT ZION CH,"Public Service Commission, Place No. 1",,DEM,James O. Gordon,15
Conecuh,0022 2ND MOUNT ZION CH,"Public Service Commission, Place No. 1",,DEM,Jeff Ramsey,13
Conecuh,0022 2ND MOUNT ZION CH,"Public Service Commission, Place No. 1",,DEM,John Northrop,3
Conecuh,0022 2ND MOUNT ZION CH,Attorney General,,REP,Jay Mitchell,1
Conecuh,0022 2ND MOUNT ZION CH,Attorney General,,REP,Pamela L. Casey,4
Conecuh,0022 2ND MOUNT ZION CH,Attorney General,,REP,Katherine Robertson,1
Conecuh,0022 2ND MOUNT ZION CH,Commissioner of Agriculture and Industries,,REP,Christina Woerner McInnis,1
Conecuh,0022 2ND MOUNT ZION CH,Commissioner of Agriculture and Industries,,REP,Cory Hill,4
Conecuh,0022 2ND MOUNT ZION CH,Commissioner of Agriculture and Industries,,REP,Jack Williams,0
Conecuh,0022 2ND MOUNT ZION CH,Conecuh County Sheriff,,REP,Maxwell (Mike) Blackmon,2
Conecuh,0022 2ND MOUNT ZION CH,Conecuh County Sheriff,,REP,Randal Cleveland Brown,5
Conecuh,0022 2ND MOUNT ZION CH,State Auditor,,REP,Derek Chen,1
Conecuh,0022 2ND MOUNT ZION CH,State Auditor,,REP,Andrew Sorrell,6
Conecuh,0022 2ND MOUNT ZION CH,State Treasurer,,REP,Steve Lolley,3
Conecuh,0022 2ND MOUNT ZION CH,State Treasurer,,REP,Young Boozer,3
Conecuh,0022 2ND MOUNT ZION CH,U.S. Senate,,REP,Seth Burton,0
Conecuh,0022 2ND MOUNT ZION CH,U.S. Senate,,REP,Dale Shelton Deas Jr.,1
Conecuh,0022 2ND MOUNT ZION CH,U.S. Senate,,REP,Jared Hudson,1
Conecuh,0022 2ND MOUNT ZION CH,U.S. Senate,,REP,Steve Marshall,2
Conecuh,0022 2ND MOUNT ZION CH,U.S. Senate,,REP,Barry Moore,2
Conecuh,0022 2ND MOUNT ZION CH,U.S. Senate,,REP,Morgan Murphy,0
Conecuh,0022 2ND MOUNT ZION CH,U.S. Senate,,REP,Rodney Walker,1
Conecuh,0022 2ND MOUNT ZION CH,"Public Service Commission, Place No. 2",,REP,Priscilla Andrews,2
Conecuh,0022 2ND MOUNT ZION CH,"Public Service Commission, Place No. 2",,REP,Chris Beeker,1
Conecuh,0022 2ND MOUNT ZION CH,"Public Service Commission, Place No. 2",,REP,Brent Woodall,1
Conecuh,0022 2ND MOUNT ZION CH,"Public Service Commission, Place No. 2",,REP,Jim Zig Zeigler,0
Conecuh,0023 BERMUDA COMM HOUSE,Proposed Statewide Amendment 1,,,No,4
Conecuh,0023 BERMUDA COMM HOUSE,Proposed Statewide Amendment 1,,,Yes,82
Conecuh,0023 BERMUDA COMM HOUSE,Proposed Statewide Amendment 2,,,No,30
Conecuh,0023 BERMUDA COMM HOUSE,Proposed Statewide Amendment 2,,,Yes,57
Conecuh,0023 BERMUDA COMM HOUSE,Governor,,DEM,"Chad ""Chig"" Martin",1
Conecuh,0023 BERMUDA COMM HOUSE,Governor,,DEM,Doug Jones,20
Conecuh,0023 BERMUDA COMM HOUSE,Governor,,DEM,Jamel J. Brown,3
Conecuh,0023 BERMUDA COMM HOUSE,Governor,,DEM,"Nathan ""Nate"" Mathis",2
Conecuh,0023 BERMUDA COMM HOUSE,Governor,,DEM,Will Boyd,2
Conecuh,0023 BERMUDA COMM HOUSE,Governor,,DEM,Yolanda Rochelle Flowers,3
Conecuh,0023 BERMUDA COMM HOUSE,Lieutenant Governor,,DEM,Darryl D. Perryman,22
Conecuh,0023 BERMUDA COMM HOUSE,Lieutenant Governor,,DEM,Phillip Ensler,8
Conecuh,0023 BERMUDA COMM HOUSE,"Public Service Commission, Place No. 1",,DEM,James O. Gordon,20
Conecuh,0023 BERMUDA COMM HOUSE,"Public Service Commission, Place No. 1",,DEM,Jeff Ramsey,7
Conecuh,0023 BERMUDA COMM HOUSE,"Public Service Commission, Place No. 1",,DEM,John Northrop,4
Conecuh,0023 BERMUDA COMM HOUSE,Attorney General,,REP,Jay Mitchell,16
Conecuh,0023 BERMUDA COMM HOUSE,Attorney General,,REP,Pamela L. Casey,17
Conecuh,0023 BERMUDA COMM HOUSE,Attorney General,,REP,Katherine Robertson,18
Conecuh,0023 BERMUDA COMM HOUSE,Commissioner of Agriculture and Industries,,REP,Christina Woerner McInnis,16
Conecuh,0023 BERMUDA COMM HOUSE,Commissioner of Agriculture and Industries,,REP,Cory Hill,14
Conecuh,0023 BERMUDA COMM HOUSE,Commissioner of Agriculture and Industries,,REP,Jack Williams,21
Conecuh,0023 BERMUDA COMM HOUSE,Conecuh County Sheriff,,REP,Maxwell (Mike) Blackmon,49
Conecuh,0023 BERMUDA COMM HOUSE,Conecuh County Sheriff,,REP,Randal Cleveland Brown,12
Conecuh,0023 BERMUDA COMM HOUSE,State Auditor,,REP,Derek Chen,30
Conecuh,0023 BERMUDA COMM HOUSE,State Auditor,,REP,Andrew Sorrell,24
Conecuh,0023 BERMUDA COMM HOUSE,State Treasurer,,REP,Steve Lolley,16
Conecuh,0023 BERMUDA COMM HOUSE,State Treasurer,,REP,Young Boozer,39
Conecuh,0023 BERMUDA COMM HOUSE,U.S. Senate,,REP,Seth Burton,0
Conecuh,0023 BERMUDA COMM HOUSE,U.S. Senate,,REP,Dale Shelton Deas Jr.,4
Conecuh,0023 BERMUDA COMM HOUSE,U.S. Senate,,REP,Jared Hudson,11
Conecuh,0023 BERMUDA COMM HOUSE,U.S. Senate,,REP,Steve Marshall,15
Conecuh,0023 BERMUDA COMM HOUSE,U.S. Senate,,REP,Barry Moore,25
Conecuh,0023 BERMUDA COMM HOUSE,U.S. Senate,,REP,Morgan Murphy,3
Conecuh,0023 BERMUDA COMM HOUSE,U.S. Senate,,REP,Rodney Walker,0
Conecuh,0023 BERMUDA COMM HOUSE,"Public Service Commission, Place No. 2",,REP,Priscilla Andrews,6
Conecuh,0023 BERMUDA COMM HOUSE,"Public Service Commission, Place No. 2",,REP,Chris Beeker,15
Conecuh,0023 BERMUDA COMM HOUSE,"Public Service Commission, Place No. 2",,REP,Brent Woodall,6
Conecuh,0023 BERMUDA COMM HOUSE,"Public Service Commission, Place No. 2",,REP,Jim Zig Zeigler,21
Conecuh,0024 LITTLE ZION CH,Proposed Statewide Amendment 1,,,No,8
Conecuh,0024 LITTLE ZION CH,Proposed Statewide Amendment 1,,,Yes,57
Conecuh,0024 LITTLE ZION CH,Proposed Statewide Amendment 2,,,No,20
Conecuh,0024 LITTLE ZION CH,Proposed Statewide Amendment 2,,,Yes,44
Conecuh,0024 LITTLE ZION CH,Governor,,DEM,"Chad ""Chig"" Martin",0
Conecuh,0024 LITTLE ZION CH,Governor,,DEM,Doug Jones,24
Conecuh,0024 LITTLE ZION CH,Governor,,DEM,Jamel J. Brown,1
Conecuh,0024 LITTLE ZION CH,Governor,,DEM,"Nathan ""Nate"" Mathis",0
Conecuh,0024 LITTLE ZION CH,Governor,,DEM,Will Boyd,7
Conecuh,0024 LITTLE ZION CH,Governor,,DEM,Yolanda Rochelle Flowers,1
Conecuh,0024 LITTLE ZION CH,Lieutenant Governor,,DEM,Darryl D. Perryman,19
Conecuh,0024 LITTLE ZION CH,Lieutenant Governor,,DEM,Phillip Ensler,11
Conecuh,0024 LITTLE ZION CH,"Public Service Commission, Place No. 1",,DEM,James O. Gordon,20
Conecuh,0024 LITTLE ZION CH,"Public Service Commission, Place No. 1",,DEM,Jeff Ramsey,5
Conecuh,0024 LITTLE ZION CH,"Public Service Commission, Place No. 1",,DEM,John Northrop,5
Conecuh,0024 LITTLE ZION CH,Attorney General,,REP,Jay Mitchell,9
Conecuh,0024 LITTLE ZION CH,Attorney General,,REP,Pamela L. Casey,11
Conecuh,0024 LITTLE ZION CH,Attorney General,,REP,Katherine Robertson,11
Conecuh,0024 LITTLE ZION CH,Commissioner of Agriculture and Industries,,REP,Christina Woerner McInnis,10
Conecuh,0024 LITTLE ZION CH,Commissioner of Agriculture and Industries,,REP,Cory Hill,14
Conecuh,0024 LITTLE ZION CH,Commissioner of Agriculture and Industries,,REP,Jack Williams,6
Conecuh,0024 LITTLE ZION CH,Conecuh County Sheriff,,REP,Maxwell (Mike) Blackmon,2
Conecuh,0024 LITTLE ZION CH,Conecuh County Sheriff,,REP,Randal Cleveland Brown,34
Conecuh,0024 LITTLE ZION CH,State Auditor,,REP,Derek Chen,15
Conecuh,0024 LITTLE ZION CH,State Auditor,,REP,Andrew Sorrell,14
Conecuh,0024 LITTLE ZION CH,State Treasurer,,REP,Steve Lolley,11
Conecuh,0024 LITTLE ZION CH,State Treasurer,,REP,Young Boozer,19
Conecuh,0024 LITTLE ZION CH,U.S. Senate,,REP,Seth Burton,2
Conecuh,0024 LITTLE ZION CH,U.S. Senate,,REP,Dale Shelton Deas Jr.,1
Conecuh,0024 LITTLE ZION CH,U.S. Senate,,REP,Jared Hudson,5
Conecuh,0024 LITTLE ZION CH,U.S. Senate,,REP,Steve Marshall,7
Conecuh,0024 LITTLE ZION CH,U.S. Senate,,REP,Barry Moore,16
Conecuh,0024 LITTLE ZION CH,U.S. Senate,,REP,Morgan Murphy,1
Conecuh,0024 LITTLE ZION CH,U.S. Senate,,REP,Rodney Walker,0
Conecuh,0024 LITTLE ZION CH,"Public Service Commission, Place No. 2",,REP,Priscilla Andrews,4
Conecuh,0024 LITTLE ZION CH,"Public Service Commission, Place No. 2",,REP,Chris Beeker,5
Conecuh,0024 LITTLE ZION CH,"Public Service Commission, Place No. 2",,REP,Brent Woodall,7
Conecuh,0024 LITTLE ZION CH,"Public Service Commission, Place No. 2",,REP,Jim Zig Zeigler,12
Conecuh,0025 RANGE FIRE DEPT,Proposed Statewide Amendment 1,,,No,8
Conecuh,0025 RANGE FIRE DEPT,Proposed Statewide Amendment 1,,,Yes,46
Conecuh,0025 RANGE FIRE DEPT,Proposed Statewide Amendment 2,,,No,18
Conecuh,0025 RANGE FIRE DEPT,Proposed Statewide Amendment 2,,,Yes,30
Conecuh,0025 RANGE FIRE DEPT,Governor,,DEM,"Chad ""Chig"" Martin",0
Conecuh,0025 RANGE FIRE DEPT,Governor,,DEM,Doug Jones,3
Conecuh,0025 RANGE FIRE DEPT,Governor,,DEM,Jamel J. Brown,0
Conecuh,0025 RANGE FIRE DEPT,Governor,,DEM,"Nathan ""Nate"" Mathis",0
Conecuh,0025 RANGE FIRE DEPT,Governor,,DEM,Will Boyd,0
Conecuh,0025 RANGE FIRE DEPT,Governor,,DEM,Yolanda Rochelle Flowers,0
Conecuh,0025 RANGE FIRE DEPT,Lieutenant Governor,,DEM,Darryl D. Perryman,3
Conecuh,0025 RANGE FIRE DEPT,Lieutenant Governor,,DEM,Phillip Ensler,0
Conecuh,0025 RANGE FIRE DEPT,"Public Service Commission, Place No. 1",,DEM,James O. Gordon,0
Conecuh,0025 RANGE FIRE DEPT,"Public Service Commission, Place No. 1",,DEM,Jeff Ramsey,1
Conecuh,0025 RANGE FIRE DEPT,"Public Service Commission, Place No. 1",,DEM,John Northrop,2
Conecuh,0025 RANGE FIRE DEPT,Attorney General,,REP,Jay Mitchell,7
Conecuh,0025 RANGE FIRE DEPT,Attorney General,,REP,Pamela L. Casey,13
Conecuh,0025 RANGE FIRE DEPT,Attorney General,,REP,Katherine Robertson,22
Conecuh,0025 RANGE FIRE DEPT,Commissioner of Agriculture and Industries,,REP,Christina Woerner McInnis,20
Conecuh,0025 RANGE FIRE DEPT,Commissioner of Agriculture and Industries,,REP,Cory Hill,12
Conecuh,0025 RANGE FIRE DEPT,Commissioner of Agriculture and Industries,,REP,Jack Williams,13
Conecuh,0025 RANGE FIRE DEPT,Conecuh County Sheriff,,REP,Maxwell (Mike) Blackmon,31
Conecuh,0025 RANGE FIRE DEPT,Conecuh County Sheriff,,REP,Randal Cleveland Brown,24
Conecuh,0025 RANGE FIRE DEPT,State Auditor,,REP,Derek Chen,16
Conecuh,0025 RANGE FIRE DEPT,State Auditor,,REP,Andrew Sorrell,29
Conecuh,0025 RANGE FIRE DEPT,State Treasurer,,REP,Steve Lolley,16
Conecuh,0025 RANGE FIRE DEPT,State Treasurer,,REP,Young Boozer,29
Conecuh,0025 RANGE FIRE DEPT,U.S. Senate,,REP,Seth Burton,4
Conecuh,0025 RANGE FIRE DEPT,U.S. Senate,,REP,Dale Shelton Deas Jr.,2
Conecuh,0025 RANGE FIRE DEPT,U.S. Senate,,REP,Jared Hudson,9
Conecuh,0025 RANGE FIRE DEPT,U.S. Senate,,REP,Steve Marshall,12
Conecuh,0025 RANGE FIRE DEPT,U.S. Senate,,REP,Barry Moore,24
Conecuh,0025 RANGE FIRE DEPT,U.S. Senate,,REP,Morgan Murphy,1
Conecuh,0025 RANGE FIRE DEPT,U.S. Senate,,REP,Rodney Walker,1
Conecuh,0025 RANGE FIRE DEPT,"Public Service Commission, Place No. 2",,REP,Priscilla Andrews,7
Conecuh,0025 RANGE FIRE DEPT,"Public Service Commission, Place No. 2",,REP,Chris Beeker,3
Conecuh,0025 RANGE FIRE DEPT,"Public Service Commission, Place No. 2",,REP,Brent Woodall,7
Conecuh,0025 RANGE FIRE DEPT,"Public Service Commission, Place No. 2",,REP,Jim Zig Zeigler,21
Conecuh,0026 LENOX COMM HOUSE,Proposed Statewide Amendment 1,,,No,7
Conecuh,0026 LENOX COMM HOUSE,Proposed Statewide Amendment 1,,,Yes,96
Conecuh,0026 LENOX COMM HOUSE,Proposed Statewide Amendment 2,,,No,38
Conecuh,0026 LENOX COMM HOUSE,Proposed Statewide Amendment 2,,,Yes,58
Conecuh,0026 LENOX COMM HOUSE,Governor,,DEM,"Chad ""Chig"" Martin",0
Conecuh,0026 LENOX COMM HOUSE,Governor,,DEM,Doug Jones,7
Conecuh,0026 LENOX COMM HOUSE,Governor,,DEM,Jamel J. Brown,0
Conecuh,0026 LENOX COMM HOUSE,Governor,,DEM,"Nathan ""Nate"" Mathis",0
Conecuh,0026 LENOX COMM HOUSE,Governor,,DEM,Will Boyd,0
Conecuh,0026 LENOX COMM HOUSE,Governor,,DEM,Yolanda Rochelle Flowers,0
Conecuh,0026 LENOX COMM HOUSE,Lieutenant Governor,,DEM,Darryl D. Perryman,4
Conecuh,0026 LENOX COMM HOUSE,Lieutenant Governor,,DEM,Phillip Ensler,3
Conecuh,0026 LENOX COMM HOUSE,"Public Service Commission, Place No. 1",,DEM,James O. Gordon,2
Conecuh,0026 LENOX COMM HOUSE,"Public Service Commission, Place No. 1",,DEM,Jeff Ramsey,2
Conecuh,0026 LENOX COMM HOUSE,"Public Service Commission, Place No. 1",,DEM,John Northrop,3
Conecuh,0026 LENOX COMM HOUSE,Attorney General,,REP,Jay Mitchell,35
Conecuh,0026 LENOX COMM HOUSE,Attorney General,,REP,Pamela L. Casey,26
Conecuh,0026 LENOX COMM HOUSE,Attorney General,,REP,Katherine Robertson,36
Conecuh,0026 LENOX COMM HOUSE,Commissioner of Agriculture and Industries,,REP,Christina Woerner McInnis,32
Conecuh,0026 LENOX COMM HOUSE,Commissioner of Agriculture and Industries,,REP,Cory Hill,37
Conecuh,0026 LENOX COMM HOUSE,Commissioner of Agriculture and Industries,,REP,Jack Williams,30
Conecuh,0026 LENOX COMM HOUSE,Conecuh County Sheriff,,REP,Maxwell (Mike) Blackmon,47
Conecuh,0026 LENOX COMM HOUSE,Conecuh County Sheriff,,REP,Randal Cleveland Brown,63
Conecuh,0026 LENOX COMM HOUSE,State Auditor,,REP,Derek Chen,33
Conecuh,0026 LENOX COMM HOUSE,State Auditor,,REP,Andrew Sorrell,59
Conecuh,0026 LENOX COMM HOUSE,State Treasurer,,REP,Steve Lolley,26
Conecuh,0026 LENOX COMM HOUSE,State Treasurer,,REP,Young Boozer,68
Conecuh,0026 LENOX COMM HOUSE,U.S. Senate,,REP,Seth Burton,5
Conecuh,0026 LENOX COMM HOUSE,U.S. Senate,,REP,Dale Shelton Deas Jr.,4
Conecuh,0026 LENOX COMM HOUSE,U.S. Senate,,REP,Jared Hudson,15
Conecuh,0026 LENOX COMM HOUSE,U.S. Senate,,REP,Steve Marshall,24
Conecuh,0026 LENOX COMM HOUSE,U.S. Senate,,REP,Barry Moore,47
Conecuh,0026 LENOX COMM HOUSE,U.S. Senate,,REP,Morgan Murphy,1
Conecuh,0026 LENOX COMM HOUSE,U.S. Senate,,REP,Rodney Walker,6
Conecuh,0026 LENOX COMM HOUSE,"Public Service Commission, Place No. 2",,REP,Priscilla Andrews,14
Conecuh,0026 LENOX COMM HOUSE,"Public Service Commission, Place No. 2",,REP,Chris Beeker,10
Conecuh,0026 LENOX COMM HOUSE,"Public Service Commission, Place No. 2",,REP,Brent Woodall,15
Conecuh,0026 LENOX COMM HOUSE,"Public Service Commission, Place No. 2",,REP,Jim Zig Zeigler,53
Conecuh,0027 HEALTH DEPT,Proposed Statewide Amendment 1,,,No,17
Conecuh,0027 HEALTH DEPT,Proposed Statewide Amendment 1,,,Yes,99
Conecuh,0027 HEALTH DEPT,Proposed Statewide Amendment 2,,,No,26
Conecuh,0027 HEALTH DEPT,Proposed Statewide Amendment 2,,,Yes,88
Conecuh,0027 HEALTH DEPT,Governor,,DEM,"Chad ""Chig"" Martin",0
Conecuh,0027 HEALTH DEPT,Governor,,DEM,Doug Jones,68
Conecuh,0027 HEALTH DEPT,Governor,,DEM,Jamel J. Brown,11
Conecuh,0027 HEALTH DEPT,Governor,,DEM,"Nathan ""Nate"" Mathis",0
Conecuh,0027 HEALTH DEPT,Governor,,DEM,Will Boyd,18
Conecuh,0027 HEALTH DEPT,Governor,,DEM,Yolanda Rochelle Flowers,0
Conecuh,0027 HEALTH DEPT,Lieutenant Governor,,DEM,Darryl D. Perryman,50
Conecuh,0027 HEALTH DEPT,Lieutenant Governor,,DEM,Phillip Ensler,38
Conecuh,0027 HEALTH DEPT,"Public Service Commission, Place No. 1",,DEM,James O. Gordon,65
Conecuh,0027 HEALTH DEPT,"Public Service Commission, Place No. 1",,DEM,Jeff Ramsey,16
Conecuh,0027 HEALTH DEPT,"Public Service Commission, Place No. 1",,DEM,John Northrop,4
Conecuh,0027 HEALTH DEPT,Attorney General,,REP,Jay Mitchell,5
Conecuh,0027 HEALTH DEPT,Attorney General,,REP,Pamela L. Casey,8
Conecuh,0027 HEALTH DEPT,Attorney General,,REP,Katherine Robertson,5
Conecuh,0027 HEALTH DEPT,Commissioner of Agriculture and Industries,,REP,Christina Woerner McInnis,3
Conecuh,0027 HEALTH DEPT,Commissioner of Agriculture and Industries,,REP,Cory Hill,12
Conecuh,0027 HEALTH DEPT,Commissioner of Agriculture and Industries,,REP,Jack Williams,4
Conecuh,0027 HEALTH DEPT,Conecuh County Sheriff,,REP,Maxwell (Mike) Blackmon,3
Conecuh,0027 HEALTH DEPT,Conecuh County Sheriff,,REP,Randal Cleveland Brown,18
Conecuh,0027 HEALTH DEPT,State Auditor,,REP,Derek Chen,9
Conecuh,0027 HEALTH DEPT,State Auditor,,REP,Andrew Sorrell,9
Conecuh,0027 HEALTH DEPT,State Treasurer,,REP,Steve Lolley,4
Conecuh,0027 HEALTH DEPT,State Treasurer,,REP,Young Boozer,14
Conecuh,0027 HEALTH DEPT,U.S. Senate,,REP,Seth Burton,0
Conecuh,0027 HEALTH DEPT,U.S. Senate,,REP,Dale Shelton Deas Jr.,0
Conecuh,0027 HEALTH DEPT,U.S. Senate,,REP,Jared Hudson,5
Conecuh,0027 HEALTH DEPT,U.S. Senate,,REP,Steve Marshall,5
Conecuh,0027 HEALTH DEPT,U.S. Senate,,REP,Barry Moore,9
Conecuh,0027 HEALTH DEPT,U.S. Senate,,REP,Morgan Murphy,0
Conecuh,0027 HEALTH DEPT,U.S. Senate,,REP,Rodney Walker,0
Conecuh,0027 HEALTH DEPT,"Public Service Commission, Place No. 2",,REP,Priscilla Andrews,1
Conecuh,0027 HEALTH DEPT,"Public Service Commission, Place No. 2",,REP,Chris Beeker,4
Conecuh,0027 HEALTH DEPT,"Public Service Commission, Place No. 2",,REP,Brent Woodall,4
Conecuh,0027 HEALTH DEPT,"Public Service Commission, Place No. 2",,REP,Jim Zig Zeigler,9
Conecuh,0028 ABSENTEE,Proposed Statewide Amendment 1,,,No,3
Conecuh,0028 ABSENTEE,Proposed Statewide Amendment 1,,,Yes,46
Conecuh,0028 ABSENTEE,Proposed Statewide Amendment 2,,,No,19
Conecuh,0028 ABSENTEE,Proposed Statewide Amendment 2,,,Yes,28
Conecuh,0028 ABSENTEE,Governor,,DEM,"Chad ""Chig"" Martin",0
Conecuh,0028 ABSENTEE,Governor,,DEM,Doug Jones,9
Conecuh,0028 ABSENTEE,Governor,,DEM,Jamel J. Brown,0
Conecuh,0028 ABSENTEE,Governor,,DEM,"Nathan ""Nate"" Mathis",0
Conecuh,0028 ABSENTEE,Governor,,DEM,Will Boyd,2
Conecuh,0028 ABSENTEE,Governor,,DEM,Yolanda Rochelle Flowers,2
Conecuh,0028 ABSENTEE,Lieutenant Governor,,DEM,Darryl D. Perryman,6
Conecuh,0028 ABSENTEE,Lieutenant Governor,,DEM,Phillip Ensler,7
Conecuh,0028 ABSENTEE,"Public Service Commission, Place No. 1",,DEM,James O. Gordon,6
Conecuh,0028 ABSENTEE,"Public Service Commission, Place No. 1",,DEM,Jeff Ramsey,3
Conecuh,0028 ABSENTEE,"Public Service Commission, Place No. 1",,DEM,John Northrop,2
Conecuh,0028 ABSENTEE,Attorney General,,REP,Jay Mitchell,10
Conecuh,0028 ABSENTEE,Attorney General,,REP,Pamela L. Casey,11
Conecuh,0028 ABSENTEE,Attorney General,,REP,Katherine Robertson,13
Conecuh,0028 ABSENTEE,Commissioner of Agriculture and Industries,,REP,Christina Woerner McInnis,8
Conecuh,0028 ABSENTEE,Commissioner of Agriculture and Industries,,REP,Cory Hill,14
Conecuh,0028 ABSENTEE,Commissioner of Agriculture and Industries,,REP,Jack Williams,9
Conecuh,0028 ABSENTEE,Conecuh County Sheriff,,REP,Maxwell (Mike) Blackmon,17
Conecuh,0028 ABSENTEE,Conecuh County Sheriff,,REP,Randal Cleveland Brown,18
Conecuh,0028 ABSENTEE,State Auditor,,REP,Derek Chen,8
Conecuh,0028 ABSENTEE,State Auditor,,REP,Andrew Sorrell,24
Conecuh,0028 ABSENTEE,State Treasurer,,REP,Steve Lolley,12
Conecuh,0028 ABSENTEE,State Treasurer,,REP,Young Boozer,21
Conecuh,0028 ABSENTEE,U.S. Senate,,REP,Seth Burton,0
Conecuh,0028 ABSENTEE,U.S. Senate,,REP,Dale Shelton Deas Jr.,0
Conecuh,0028 ABSENTEE,U.S. Senate,,REP,Jared Hudson,6
Conecuh,0028 ABSENTEE,U.S. Senate,,REP,Steve Marshall,11
Conecuh,0028 ABSENTEE,U.S. Senate,,REP,Barry Moore,17
Conecuh,0028 ABSENTEE,U.S. Senate,,REP,Morgan Murphy,0
Conecuh,0028 ABSENTEE,U.S. Senate,,REP,Rodney Walker,1
Conecuh,0028 ABSENTEE,"Public Service Commission, Place No. 2",,REP,Priscilla Andrews,3
Conecuh,0028 ABSENTEE,"Public Service Commission, Place No. 2",,REP,Chris Beeker,10
Conecuh,0028 ABSENTEE,"Public Service Commission, Place No. 2",,REP,Brent Woodall,5
Conecuh,0028 ABSENTEE,"Public Service Commission, Place No. 2",,REP,Jim Zig Zeigler,14
Conecuh,0029 PROVISIONAL,Proposed Statewide Amendment 1,,,No,0
Conecuh,0029 PROVISIONAL,Proposed Statewide Amendment 1,,,Yes,1
Conecuh,0029 PROVISIONAL,Proposed Statewide Amendment 2,,,No,0
Conecuh,0029 PROVISIONAL,Proposed Statewide Amendment 2,,,Yes,1
Conecuh,0029 PROVISIONAL,Governor,,DEM,"Chad ""Chig"" Martin",0
Conecuh,0029 PROVISIONAL,Governor,,DEM,Doug Jones,0
Conecuh,0029 PROVISIONAL,Governor,,DEM,Jamel J. Brown,0
Conecuh,0029 PROVISIONAL,Governor,,DEM,"Nathan ""Nate"" Mathis",0
Conecuh,0029 PROVISIONAL,Governor,,DEM,Will Boyd,0
Conecuh,0029 PROVISIONAL,Governor,,DEM,Yolanda Rochelle Flowers,0
Conecuh,0029 PROVISIONAL,Lieutenant Governor,,DEM,Darryl D. Perryman,0
Conecuh,0029 PROVISIONAL,Lieutenant Governor,,DEM,Phillip Ensler,0
Conecuh,0029 PROVISIONAL,"Public Service Commission, Place No. 1",,DEM,James O. Gordon,0
Conecuh,0029 PROVISIONAL,"Public Service Commission, Place No. 1",,DEM,Jeff Ramsey,0
Conecuh,0029 PROVISIONAL,"Public Service Commission, Place No. 1",,DEM,John Northrop,0
Conecuh,0029 PROVISIONAL,Attorney General,,REP,Jay Mitchell,0
Conecuh,0029 PROVISIONAL,Attorney General,,REP,Pamela L. Casey,1
Conecuh,0029 PROVISIONAL,Attorney General,,REP,Katherine Robertson,0
Conecuh,0029 PROVISIONAL,Commissioner of Agriculture and Industries,,REP,Christina Woerner McInnis,0
Conecuh,0029 PROVISIONAL,Commissioner of Agriculture and Industries,,REP,Cory Hill,1
Conecuh,0029 PROVISIONAL,Commissioner of Agriculture and Industries,,REP,Jack Williams,0
Conecuh,0029 PROVISIONAL,Conecuh County Sheriff,,REP,Maxwell (Mike) Blackmon,1
Conecuh,0029 PROVISIONAL,Conecuh County Sheriff,,REP,Randal Cleveland Brown,0
Conecuh,0029 PROVISIONAL,State Auditor,,REP,Derek Chen,0
Conecuh,0029 PROVISIONAL,State Auditor,,REP,Andrew Sorrell,0
Conecuh,0029 PROVISIONAL,State Treasurer,,REP,Steve Lolley,0
Conecuh,0029 PROVISIONAL,State Treasurer,,REP,Young Boozer,0
Conecuh,0029 PROVISIONAL,U.S. Senate,,REP,Seth Burton,0
Conecuh,0029 PROVISIONAL,U.S. Senate,,REP,Dale Shelton Deas Jr.,0
Conecuh,0029 PROVISIONAL,U.S. Senate,,REP,Jared Hudson,0
Conecuh,0029 PROVISIONAL,U.S. Senate,,REP,Steve Marshall,1
Conecuh,0029 PROVISIONAL,U.S. Senate,,REP,Barry Moore,0
Conecuh,0029 PROVISIONAL,U.S. Senate,,REP,Morgan Murphy,0
Conecuh,0029 PROVISIONAL,U.S. Senate,,REP,Rodney Walker,0
Conecuh,0029 PROVISIONAL,"Public Service Commission, Place No. 2",,REP,Priscilla Andrews,0
Conecuh,0029 PROVISIONAL,"Public Service Commission, Place No. 2",,REP,Chris Beeker,0
Conecuh,0029 PROVISIONAL,"Public Service Commission, Place No. 2",,REP,Brent Woodall,0
Conecuh,0029 PROVISIONAL,"Public Service Commission, Place No. 2",,REP,Jim Zig Zeigler,0
Conecuh,0001 ANNEX VOTING,Lieutenant Governor,,REP,Wes Allen,12
Conecuh,0001 ANNEX VOTING,Lieutenant Governor,,REP,Pat Bishop,0
Conecuh,0001 ANNEX VOTING,Lieutenant Governor,,REP,George Childress,1
Conecuh,0001 ANNEX VOTING,Lieutenant Governor,,REP,Rick Pate,0
Conecuh,0001 ANNEX VOTING,Lieutenant Governor,,REP,Stewart Hill Tankersley,0
Conecuh,0001 ANNEX VOTING,Lieutenant Governor,,REP,Nicole Jones Wadsworth,1
Conecuh,0001 ANNEX VOTING,Lieutenant Governor,,REP,John Wahl,7
Conecuh,0002 LYEFFION FIRE DEPT,Lieutenant Governor,,REP,Wes Allen,43
Conecuh,0002 LYEFFION FIRE DEPT,Lieutenant Governor,,REP,Pat Bishop,3
Conecuh,0002 LYEFFION FIRE DEPT,Lieutenant Governor,,REP,George Childress,0
Conecuh,0002 LYEFFION FIRE DEPT,Lieutenant Governor,,REP,Rick Pate,7
Conecuh,0002 LYEFFION FIRE DEPT,Lieutenant Governor,,REP,Stewart Hill Tankersley,3
Conecuh,0002 LYEFFION FIRE DEPT,Lieutenant Governor,,REP,Nicole Jones Wadsworth,5
Conecuh,0002 LYEFFION FIRE DEPT,Lieutenant Governor,,REP,John Wahl,44
Conecuh,0003 SKINNERTON FIRE,Lieutenant Governor,,REP,Wes Allen,15
Conecuh,0003 SKINNERTON FIRE,Lieutenant Governor,,REP,Pat Bishop,0
Conecuh,0003 SKINNERTON FIRE,Lieutenant Governor,,REP,George Childress,2
Conecuh,0003 SKINNERTON FIRE,Lieutenant Governor,,REP,Rick Pate,1
Conecuh,0003 SKINNERTON FIRE,Lieutenant Governor,,REP,Stewart Hill Tankersley,0
Conecuh,0003 SKINNERTON FIRE,Lieutenant Governor,,REP,Nicole Jones Wadsworth,0
Conecuh,0003 SKINNERTON FIRE,Lieutenant Governor,,REP,John Wahl,10
Conecuh,0004 ROBINSONS MILL,Lieutenant Governor,,REP,Wes Allen,20
Conecuh,0004 ROBINSONS MILL,Lieutenant Governor,,REP,Pat Bishop,1
Conecuh,0004 ROBINSONS MILL,Lieutenant Governor,,REP,George Childress,0
Conecuh,0004 ROBINSONS MILL,Lieutenant Governor,,REP,Rick Pate,8
Conecuh,0004 ROBINSONS MILL,Lieutenant Governor,,REP,Stewart Hill Tankersley,1
Conecuh,0004 ROBINSONS MILL,Lieutenant Governor,,REP,Nicole Jones Wadsworth,1
Conecuh,0004 ROBINSONS MILL,Lieutenant Governor,,REP,John Wahl,13
Conecuh,0005 BELLEVILLE FIRE DEPT,Lieutenant Governor,,REP,Wes Allen,14
Conecuh,0005 BELLEVILLE FIRE DEPT,Lieutenant Governor,,REP,Pat Bishop,2
Conecuh,0005 BELLEVILLE FIRE DEPT,Lieutenant Governor,,REP,George Childress,1
Conecuh,0005 BELLEVILLE FIRE DEPT,Lieutenant Governor,,REP,Rick Pate,8
Conecuh,0005 BELLEVILLE FIRE DEPT,Lieutenant Governor,,REP,Stewart Hill Tankersley,0
Conecuh,0005 BELLEVILLE FIRE DEPT,Lieutenant Governor,,REP,Nicole Jones Wadsworth,1
Conecuh,0005 BELLEVILLE FIRE DEPT,Lieutenant Governor,,REP,John Wahl,19
Conecuh,0006 OLD FIELD CH,Lieutenant Governor,,REP,Wes Allen,12
Conecuh,0006 OLD FIELD CH,Lieutenant Governor,,REP,Pat Bishop,2
Conecuh,0006 OLD FIELD CH,Lieutenant Governor,,REP,George Childress,1
Conecuh,0006 OLD FIELD CH,Lieutenant Governor,,REP,Rick Pate,1
Conecuh,0006 OLD FIELD CH,Lieutenant Governor,,REP,Stewart Hill Tankersley,0
Conecuh,0006 OLD FIELD CH,Lieutenant Governor,,REP,Nicole Jones Wadsworth,1
Conecuh,0006 OLD FIELD CH,Lieutenant Governor,,REP,John Wahl,20
Conecuh,0007 CHINA REC &amp; ED,Lieutenant Governor,,REP,Wes Allen,19
Conecuh,0007 CHINA REC &amp; ED,Lieutenant Governor,,REP,Pat Bishop,4
Conecuh,0007 CHINA REC &amp; ED,Lieutenant Governor,,REP,George Childress,2
Conecuh,0007 CHINA REC &amp; ED,Lieutenant Governor,,REP,Rick Pate,7
Conecuh,0007 CHINA REC &amp; ED,Lieutenant Governor,,REP,Stewart Hill Tankersley,0
Conecuh,0007 CHINA REC &amp; ED,Lieutenant Governor,,REP,Nicole Jones Wadsworth,0
Conecuh,0007 CHINA REC &amp; ED,Lieutenant Governor,,REP,John Wahl,24
Conecuh,0008 SANDCUT FIRE,Lieutenant Governor,,REP,Wes Allen,21
Conecuh,0008 SANDCUT FIRE,Lieutenant Governor,,REP,Pat Bishop,6
Conecuh,0008 SANDCUT FIRE,Lieutenant Governor,,REP,George Childress,2
Conecuh,0008 SANDCUT FIRE,Lieutenant Governor,,REP,Rick Pate,16
Conecuh,0008 SANDCUT FIRE,Lieutenant Governor,,REP,Stewart Hill Tankersley,0
Conecuh,0008 SANDCUT FIRE,Lieutenant Governor,,REP,Nicole Jones Wadsworth,4
Conecuh,0008 SANDCUT FIRE,Lieutenant Governor,,REP,John Wahl,31
Conecuh,0009 CASTLEBERRY NUTRI,Lieutenant Governor,,REP,Wes Allen,33
Conecuh,0009 CASTLEBERRY NUTRI,Lieutenant Governor,,REP,Pat Bishop,9
Conecuh,0009 CASTLEBERRY NUTRI,Lieutenant Governor,,REP,George Childress,4
Conecuh,0009 CASTLEBERRY NUTRI,Lieutenant Governor,,REP,Rick Pate,23
Conecuh,0009 CASTLEBERRY NUTRI,Lieutenant Governor,,REP,Stewart Hill Tankersley,2
Conecuh,0009 CASTLEBERRY NUTRI,Lieutenant Governor,,REP,Nicole Jones Wadsworth,4
Conecuh,0009 CASTLEBERRY NUTRI,Lieutenant Governor,,REP,John Wahl,58
Conecuh,0010 CASTLEBERRY FIRE,Lieutenant Governor,,REP,Wes Allen,6
Conecuh,0010 CASTLEBERRY FIRE,Lieutenant Governor,,REP,Pat Bishop,1
Conecuh,0010 CASTLEBERRY FIRE,Lieutenant Governor,,REP,George Childress,0
Conecuh,0010 CASTLEBERRY FIRE,Lieutenant Governor,,REP,Rick Pate,0
Conecuh,0010 CASTLEBERRY FIRE,Lieutenant Governor,,REP,Stewart Hill Tankersley,1
Conecuh,0010 CASTLEBERRY FIRE,Lieutenant Governor,,REP,Nicole Jones Wadsworth,0
Conecuh,0010 CASTLEBERRY FIRE,Lieutenant Governor,,REP,John Wahl,7
Conecuh,0011 BROOKLYN FIRE DEPT,Lieutenant Governor,,REP,Wes Allen,4
Conecuh,0011 BROOKLYN FIRE DEPT,Lieutenant Governor,,REP,Pat Bishop,0
Conecuh,0011 BROOKLYN FIRE DEPT,Lieutenant Governor,,REP,George Childress,0
Conecuh,0011 BROOKLYN FIRE DEPT,Lieutenant Governor,,REP,Rick Pate,6
Conecuh,0011 BROOKLYN FIRE DEPT,Lieutenant Governor,,REP,Stewart Hill Tankersley,1
Conecuh,0011 BROOKLYN FIRE DEPT,Lieutenant Governor,,REP,Nicole Jones Wadsworth,2
Conecuh,0011 BROOKLYN FIRE DEPT,Lieutenant Governor,,REP,John Wahl,10
Conecuh,0012 PAUL FIRE DEPT,Lieutenant Governor,,REP,Wes Allen,11
Conecuh,0012 PAUL FIRE DEPT,Lieutenant Governor,,REP,Pat Bishop,2
Conecuh,0012 PAUL FIRE DEPT,Lieutenant Governor,,REP,George Childress,0
Conecuh,0012 PAUL FIRE DEPT,Lieutenant Governor,,REP,Rick Pate,4
Conecuh,0012 PAUL FIRE DEPT,Lieutenant Governor,,REP,Stewart Hill Tankersley,2
Conecuh,0012 PAUL FIRE DEPT,Lieutenant Governor,,REP,Nicole Jones Wadsworth,2
Conecuh,0012 PAUL FIRE DEPT,Lieutenant Governor,,REP,John Wahl,2
Conecuh,0013 JOHNSONVILLE FIRE,Lieutenant Governor,,REP,Wes Allen,2
Conecuh,0013 JOHNSONVILLE FIRE,Lieutenant Governor,,REP,Pat Bishop,0
Conecuh,0013 JOHNSONVILLE FIRE,Lieutenant Governor,,REP,George Childress,0
Conecuh,0013 JOHNSONVILLE FIRE,Lieutenant Governor,,REP,Rick Pate,0
Conecuh,0013 JOHNSONVILLE FIRE,Lieutenant Governor,,REP,Stewart Hill Tankersley,0
Conecuh,0013 JOHNSONVILLE FIRE,Lieutenant Governor,,REP,Nicole Jones Wadsworth,0
Conecuh,0013 JOHNSONVILLE FIRE,Lieutenant Governor,,REP,John Wahl,0
Conecuh,0014 ANTIOCH FIRE DEPT,Lieutenant Governor,,REP,Wes Allen,48
Conecuh,0014 ANTIOCH FIRE DEPT,Lieutenant Governor,,REP,Pat Bishop,3
Conecuh,0014 ANTIOCH FIRE DEPT,Lieutenant Governor,,REP,George Childress,2
Conecuh,0014 ANTIOCH FIRE DEPT,Lieutenant Governor,,REP,Rick Pate,11
Conecuh,0014 ANTIOCH FIRE DEPT,Lieutenant Governor,,REP,Stewart Hill Tankersley,1
Conecuh,0014 ANTIOCH FIRE DEPT,Lieutenant Governor,,REP,Nicole Jones Wadsworth,2
Conecuh,0014 ANTIOCH FIRE DEPT,Lieutenant Governor,,REP,John Wahl,34
Conecuh,0015 HERBERT FIRE DEPT,Lieutenant Governor,,REP,Wes Allen,5
Conecuh,0015 HERBERT FIRE DEPT,Lieutenant Governor,,REP,Pat Bishop,8
Conecuh,0015 HERBERT FIRE DEPT,Lieutenant Governor,,REP,George Childress,0
Conecuh,0015 HERBERT FIRE DEPT,Lieutenant Governor,,REP,Rick Pate,6
Conecuh,0015 HERBERT FIRE DEPT,Lieutenant Governor,,REP,Stewart Hill Tankersley,0
Conecuh,0015 HERBERT FIRE DEPT,Lieutenant Governor,,REP,Nicole Jones Wadsworth,1
Conecuh,0015 HERBERT FIRE DEPT,Lieutenant Governor,,REP,John Wahl,20
Conecuh,0016 BROWNVILLE FIRE,Lieutenant Governor,,REP,Wes Allen,24
Conecuh,0016 BROWNVILLE FIRE,Lieutenant Governor,,REP,Pat Bishop,2
Conecuh,0016 BROWNVILLE FIRE,Lieutenant Governor,,REP,George Childress,1
Conecuh,0016 BROWNVILLE FIRE,Lieutenant Governor,,REP,Rick Pate,1
Conecuh,0016 BROWNVILLE FIRE,Lieutenant Governor,,REP,Stewart Hill Tankersley,0
Conecuh,0016 BROWNVILLE FIRE,Lieutenant Governor,,REP,Nicole Jones Wadsworth,1
Conecuh,0016 BROWNVILLE FIRE,Lieutenant Governor,,REP,John Wahl,19
Conecuh,0017 FLAT ROCK FIRE DEPT,Lieutenant Governor,,REP,Wes Allen,9
Conecuh,0017 FLAT ROCK FIRE DEPT,Lieutenant Governor,,REP,Pat Bishop,3
Conecuh,0017 FLAT ROCK FIRE DEPT,Lieutenant Governor,,REP,George Childress,1
Conecuh,0017 FLAT ROCK FIRE DEPT,Lieutenant Governor,,REP,Rick Pate,7
Conecuh,0017 FLAT ROCK FIRE DEPT,Lieutenant Governor,,REP,Stewart Hill Tankersley,0
Conecuh,0017 FLAT ROCK FIRE DEPT,Lieutenant Governor,,REP,Nicole Jones Wadsworth,2
Conecuh,0017 FLAT ROCK FIRE DEPT,Lieutenant Governor,,REP,John Wahl,23
Conecuh,0018 DAVID BURT BLDG,Lieutenant Governor,,REP,Wes Allen,75
Conecuh,0018 DAVID BURT BLDG,Lieutenant Governor,,REP,Pat Bishop,10
Conecuh,0018 DAVID BURT BLDG,Lieutenant Governor,,REP,George Childress,2
Conecuh,0018 DAVID BURT BLDG,Lieutenant Governor,,REP,Rick Pate,8
Conecuh,0018 DAVID BURT BLDG,Lieutenant Governor,,REP,Stewart Hill Tankersley,1
Conecuh,0018 DAVID BURT BLDG,Lieutenant Governor,,REP,Nicole Jones Wadsworth,4
Conecuh,0018 DAVID BURT BLDG,Lieutenant Governor,,REP,John Wahl,71
Conecuh,0019 CARVER REC CTR,Lieutenant Governor,,REP,Wes Allen,12
Conecuh,0019 CARVER REC CTR,Lieutenant Governor,,REP,Pat Bishop,2
Conecuh,0019 CARVER REC CTR,Lieutenant Governor,,REP,George Childress,1
Conecuh,0019 CARVER REC CTR,Lieutenant Governor,,REP,Rick Pate,1
Conecuh,0019 CARVER REC CTR,Lieutenant Governor,,REP,Stewart Hill Tankersley,0
Conecuh,0019 CARVER REC CTR,Lieutenant Governor,,REP,Nicole Jones Wadsworth,0
Conecuh,0019 CARVER REC CTR,Lieutenant Governor,,REP,John Wahl,22
Conecuh,0020 NAZARENE BAPT CH,Lieutenant Governor,,REP,Wes Allen,4
Conecuh,0020 NAZARENE BAPT CH,Lieutenant Governor,,REP,Pat Bishop,1
Conecuh,0020 NAZARENE BAPT CH,Lieutenant Governor,,REP,George Childress,0
Conecuh,0020 NAZARENE BAPT CH,Lieutenant Governor,,REP,Rick Pate,2
Conecuh,0020 NAZARENE BAPT CH,Lieutenant Governor,,REP,Stewart Hill Tankersley,1
Conecuh,0020 NAZARENE BAPT CH,Lieutenant Governor,,REP,Nicole Jones Wadsworth,2
Conecuh,0020 NAZARENE BAPT CH,Lieutenant Governor,,REP,John Wahl,14
Conecuh,0021 REPTON TOWN HALL,Lieutenant Governor,,REP,Wes Allen,27
Conecuh,0021 REPTON TOWN HALL,Lieutenant Governor,,REP,Pat Bishop,5
Conecuh,0021 REPTON TOWN HALL,Lieutenant Governor,,REP,George Childress,3
Conecuh,0021 REPTON TOWN HALL,Lieutenant Governor,,REP,Rick Pate,13
Conecuh,0021 REPTON TOWN HALL,Lieutenant Governor,,REP,Stewart Hill Tankersley,1
Conecuh,0021 REPTON TOWN HALL,Lieutenant Governor,,REP,Nicole Jones Wadsworth,4
Conecuh,0021 REPTON TOWN HALL,Lieutenant Governor,,REP,John Wahl,31
Conecuh,0022 2ND MOUNT ZION CH,Lieutenant Governor,,REP,Wes Allen,1
Conecuh,0022 2ND MOUNT ZION CH,Lieutenant Governor,,REP,Pat Bishop,1
Conecuh,0022 2ND MOUNT ZION CH,Lieutenant Governor,,REP,George Childress,1
Conecuh,0022 2ND MOUNT ZION CH,Lieutenant Governor,,REP,Rick Pate,0
Conecuh,0022 2ND MOUNT ZION CH,Lieutenant Governor,,REP,Stewart Hill Tankersley,0
Conecuh,0022 2ND MOUNT ZION CH,Lieutenant Governor,,REP,Nicole Jones Wadsworth,1
Conecuh,0022 2ND MOUNT ZION CH,Lieutenant Governor,,REP,John Wahl,2
Conecuh,0023 BERMUDA COMM HOUSE,Lieutenant Governor,,REP,Wes Allen,24
Conecuh,0023 BERMUDA COMM HOUSE,Lieutenant Governor,,REP,Pat Bishop,4
Conecuh,0023 BERMUDA COMM HOUSE,Lieutenant Governor,,REP,George Childress,2
Conecuh,0023 BERMUDA COMM HOUSE,Lieutenant Governor,,REP,Rick Pate,4
Conecuh,0023 BERMUDA COMM HOUSE,Lieutenant Governor,,REP,Stewart Hill Tankersley,1
Conecuh,0023 BERMUDA COMM HOUSE,Lieutenant Governor,,REP,Nicole Jones Wadsworth,3
Conecuh,0023 BERMUDA COMM HOUSE,Lieutenant Governor,,REP,John Wahl,24
Conecuh,0024 LITTLE ZION CH,Lieutenant Governor,,REP,Wes Allen,14
Conecuh,0024 LITTLE ZION CH,Lieutenant Governor,,REP,Pat Bishop,3
Conecuh,0024 LITTLE ZION CH,Lieutenant Governor,,REP,George Childress,0
Conecuh,0024 LITTLE ZION CH,Lieutenant Governor,,REP,Rick Pate,5
Conecuh,0024 LITTLE ZION CH,Lieutenant Governor,,REP,Stewart Hill Tankersley,1
Conecuh,0024 LITTLE ZION CH,Lieutenant Governor,,REP,Nicole Jones Wadsworth,2
Conecuh,0024 LITTLE ZION CH,Lieutenant Governor,,REP,John Wahl,7
Conecuh,0025 RANGE FIRE DEPT,Lieutenant Governor,,REP,Wes Allen,9
Conecuh,0025 RANGE FIRE DEPT,Lieutenant Governor,,REP,Pat Bishop,1
Conecuh,0025 RANGE FIRE DEPT,Lieutenant Governor,,REP,George Childress,3
Conecuh,0025 RANGE FIRE DEPT,Lieutenant Governor,,REP,Rick Pate,3
Conecuh,0025 RANGE FIRE DEPT,Lieutenant Governor,,REP,Stewart Hill Tankersley,1
Conecuh,0025 RANGE FIRE DEPT,Lieutenant Governor,,REP,Nicole Jones Wadsworth,7
Conecuh,0025 RANGE FIRE DEPT,Lieutenant Governor,,REP,John Wahl,27
Conecuh,0026 LENOX COMM HOUSE,Lieutenant Governor,,REP,Wes Allen,21
Conecuh,0026 LENOX COMM HOUSE,Lieutenant Governor,,REP,Pat Bishop,4
Conecuh,0026 LENOX COMM HOUSE,Lieutenant Governor,,REP,George Childress,8
Conecuh,0026 LENOX COMM HOUSE,Lieutenant Governor,,REP,Rick Pate,7
Conecuh,0026 LENOX COMM HOUSE,Lieutenant Governor,,REP,Stewart Hill Tankersley,0
Conecuh,0026 LENOX COMM HOUSE,Lieutenant Governor,,REP,Nicole Jones Wadsworth,5
Conecuh,0026 LENOX COMM HOUSE,Lieutenant Governor,,REP,John Wahl,53
Conecuh,0027 HEALTH DEPT,Lieutenant Governor,,REP,Wes Allen,13
Conecuh,0027 HEALTH DEPT,Lieutenant Governor,,REP,Pat Bishop,0
Conecuh,0027 HEALTH DEPT,Lieutenant Governor,,REP,George Childress,1
Conecuh,0027 HEALTH DEPT,Lieutenant Governor,,REP,Rick Pate,0
Conecuh,0027 HEALTH DEPT,Lieutenant Governor,,REP,Stewart Hill Tankersley,2
Conecuh,0027 HEALTH DEPT,Lieutenant Governor,,REP,Nicole Jones Wadsworth,0
Conecuh,0027 HEALTH DEPT,Lieutenant Governor,,REP,John Wahl,4
Conecuh,0028 ABSENTEE,Lieutenant Governor,,REP,Wes Allen,16
Conecuh,0028 ABSENTEE,Lieutenant Governor,,REP,Pat Bishop,1
Conecuh,0028 ABSENTEE,Lieutenant Governor,,REP,George Childress,0
Conecuh,0028 ABSENTEE,Lieutenant Governor,,REP,Rick Pate,4
Conecuh,0028 ABSENTEE,Lieutenant Governor,,REP,Stewart Hill Tankersley,0
Conecuh,0028 ABSENTEE,Lieutenant Governor,,REP,Nicole Jones Wadsworth,0
Conecuh,0028 ABSENTEE,Lieutenant Governor,,REP,John Wahl,13
Conecuh,0029 PROVISIONAL,Lieutenant Governor,,REP,Wes Allen,1
Conecuh,0029 PROVISIONAL,Lieutenant Governor,,REP,Pat Bishop,0
Conecuh,0029 PROVISIONAL,Lieutenant Governor,,REP,George Childress,0
Conecuh,0029 PROVISIONAL,Lieutenant Governor,,REP,Rick Pate,0
Conecuh,0029 PROVISIONAL,Lieutenant Governor,,REP,Stewart Hill Tankersley,0
Conecuh,0029 PROVISIONAL,Lieutenant Governor,,REP,Nicole Jones Wadsworth,0
Conecuh,0029 PROVISIONAL,Lieutenant Governor,,REP,John Wahl,0
Conecuh,0001 ANNEX VOTING,Secretary of State,,REP,Caroleene Dobson,18
Conecuh,0001 ANNEX VOTING,Secretary of State,,REP,Christopher Christian Horn,2
Conecuh,0001 ANNEX VOTING,Secretary of State,,REP,Glenda S. Jackson,0
Conecuh,0002 LYEFFION FIRE DEPT,Secretary of State,,REP,Caroleene Dobson,101
Conecuh,0002 LYEFFION FIRE DEPT,Secretary of State,,REP,Christopher Christian Horn,7
Conecuh,0002 LYEFFION FIRE DEPT,Secretary of State,,REP,Glenda S. Jackson,4
Conecuh,0003 SKINNERTON FIRE,Secretary of State,,REP,Caroleene Dobson,21
Conecuh,0003 SKINNERTON FIRE,Secretary of State,,REP,Christopher Christian Horn,7
Conecuh,0003 SKINNERTON FIRE,Secretary of State,,REP,Glenda S. Jackson,1
Conecuh,0004 ROBINSONS MILL,Secretary of State,,REP,Caroleene Dobson,43
Conecuh,0004 ROBINSONS MILL,Secretary of State,,REP,Christopher Christian Horn,1
Conecuh,0004 ROBINSONS MILL,Secretary of State,,REP,Glenda S. Jackson,1
Conecuh,0005 BELLEVILLE FIRE DEPT,Secretary of State,,REP,Caroleene Dobson,41
Conecuh,0005 BELLEVILLE FIRE DEPT,Secretary of State,,REP,Christopher Christian Horn,2
Conecuh,0005 BELLEVILLE FIRE DEPT,Secretary of State,,REP,Glenda S. Jackson,2
Conecuh,0006 OLD FIELD CH,Secretary of State,,REP,Caroleene Dobson,34
Conecuh,0006 OLD FIELD CH,Secretary of State,,REP,Christopher Christian Horn,3
Conecuh,0006 OLD FIELD CH,Secretary of State,,REP,Glenda S. Jackson,1
Conecuh,0007 CHINA REC &amp; ED,Secretary of State,,REP,Caroleene Dobson,54
Conecuh,0007 CHINA REC &amp; ED,Secretary of State,,REP,Christopher Christian Horn,3
Conecuh,0007 CHINA REC &amp; ED,Secretary of State,,REP,Glenda S. Jackson,2
Conecuh,0008 SANDCUT FIRE,Secretary of State,,REP,Caroleene Dobson,65
Conecuh,0008 SANDCUT FIRE,Secretary of State,,REP,Christopher Christian Horn,11
Conecuh,0008 SANDCUT FIRE,Secretary of State,,REP,Glenda S. Jackson,1
Conecuh,0009 CASTLEBERRY NUTRI,Secretary of State,,REP,Caroleene Dobson,104
Conecuh,0009 CASTLEBERRY NUTRI,Secretary of State,,REP,Christopher Christian Horn,16
Conecuh,0009 CASTLEBERRY NUTRI,Secretary of State,,REP,Glenda S. Jackson,6
Conecuh,0010 CASTLEBERRY FIRE,Secretary of State,,REP,Caroleene Dobson,12
Conecuh,0010 CASTLEBERRY FIRE,Secretary of State,,REP,Christopher Christian Horn,3
Conecuh,0010 CASTLEBERRY FIRE,Secretary of State,,REP,Glenda S. Jackson,0
Conecuh,0011 BROOKLYN FIRE DEPT,Secretary of State,,REP,Caroleene Dobson,13
Conecuh,0011 BROOKLYN FIRE DEPT,Secretary of State,,REP,Christopher Christian Horn,6
Conecuh,0011 BROOKLYN FIRE DEPT,Secretary of State,,REP,Glenda S. Jackson,4
Conecuh,0012 PAUL FIRE DEPT,Secretary of State,,REP,Caroleene Dobson,19
Conecuh,0012 PAUL FIRE DEPT,Secretary of State,,REP,Christopher Christian Horn,2
Conecuh,0012 PAUL FIRE DEPT,Secretary of State,,REP,Glenda S. Jackson,2
Conecuh,0013 JOHNSONVILLE FIRE,Secretary of State,,REP,Caroleene Dobson,2
Conecuh,0013 JOHNSONVILLE FIRE,Secretary of State,,REP,Christopher Christian Horn,0
Conecuh,0013 JOHNSONVILLE FIRE,Secretary of State,,REP,Glenda S. Jackson,0
Conecuh,0014 ANTIOCH FIRE DEPT,Secretary of State,,REP,Caroleene Dobson,76
Conecuh,0014 ANTIOCH FIRE DEPT,Secretary of State,,REP,Christopher Christian Horn,15
Conecuh,0014 ANTIOCH FIRE DEPT,Secretary of State,,REP,Glenda S. Jackson,6
Conecuh,0015 HERBERT FIRE DEPT,Secretary of State,,REP,Caroleene Dobson,30
Conecuh,0015 HERBERT FIRE DEPT,Secretary of State,,REP,Christopher Christian Horn,8
Conecuh,0015 HERBERT FIRE DEPT,Secretary of State,,REP,Glenda S. Jackson,3
Conecuh,0016 BROWNVILLE FIRE,Secretary of State,,REP,Caroleene Dobson,42
Conecuh,0016 BROWNVILLE FIRE,Secretary of State,,REP,Christopher Christian Horn,5
Conecuh,0016 BROWNVILLE FIRE,Secretary of State,,REP,Glenda S. Jackson,0
Conecuh,0017 FLAT ROCK FIRE DEPT,Secretary of State,,REP,Caroleene Dobson,36
Conecuh,0017 FLAT ROCK FIRE DEPT,Secretary of State,,REP,Christopher Christian Horn,4
Conecuh,0017 FLAT ROCK FIRE DEPT,Secretary of State,,REP,Glenda S. Jackson,7
Conecuh,0018 DAVID BURT BLDG,Secretary of State,,REP,Caroleene Dobson,147
Conecuh,0018 DAVID BURT BLDG,Secretary of State,,REP,Christopher Christian Horn,15
Conecuh,0018 DAVID BURT BLDG,Secretary of State,,REP,Glenda S. Jackson,9
Conecuh,0019 CARVER REC CTR,Secretary of State,,REP,Caroleene Dobson,24
Conecuh,0019 CARVER REC CTR,Secretary of State,,REP,Christopher Christian Horn,7
Conecuh,0019 CARVER REC CTR,Secretary of State,,REP,Glenda S. Jackson,3
Conecuh,0020 NAZARENE BAPT CH,Secretary of State,,REP,Caroleene Dobson,14
Conecuh,0020 NAZARENE BAPT CH,Secretary of State,,REP,Christopher Christian Horn,5
Conecuh,0020 NAZARENE BAPT CH,Secretary of State,,REP,Glenda S. Jackson,3
Conecuh,0021 REPTON TOWN HALL,Secretary of State,,REP,Caroleene Dobson,68
Conecuh,0021 REPTON TOWN HALL,Secretary of State,,REP,Christopher Christian Horn,15
Conecuh,0021 REPTON TOWN HALL,Secretary of State,,REP,Glenda S. Jackson,4
Conecuh,0022 2ND MOUNT ZION CH,Secretary of State,,REP,Caroleene Dobson,4
Conecuh,0022 2ND MOUNT ZION CH,Secretary of State,,REP,Christopher Christian Horn,1
Conecuh,0022 2ND MOUNT ZION CH,Secretary of State,,REP,Glenda S. Jackson,1
Conecuh,0023 BERMUDA COMM HOUSE,Secretary of State,,REP,Caroleene Dobson,47
Conecuh,0023 BERMUDA COMM HOUSE,Secretary of State,,REP,Christopher Christian Horn,2
Conecuh,0023 BERMUDA COMM HOUSE,Secretary of State,,REP,Glenda S. Jackson,6
Conecuh,0024 LITTLE ZION CH,Secretary of State,,REP,Caroleene Dobson,26
Conecuh,0024 LITTLE ZION CH,Secretary of State,,REP,Christopher Christian Horn,2
Conecuh,0024 LITTLE ZION CH,Secretary of State,,REP,Glenda S. Jackson,5
Conecuh,0025 RANGE FIRE DEPT,Secretary of State,,REP,Caroleene Dobson,40
Conecuh,0025 RANGE FIRE DEPT,Secretary of State,,REP,Christopher Christian Horn,6
Conecuh,0025 RANGE FIRE DEPT,Secretary of State,,REP,Glenda S. Jackson,0
Conecuh,0026 LENOX COMM HOUSE,Secretary of State,,REP,Caroleene Dobson,86
Conecuh,0026 LENOX COMM HOUSE,Secretary of State,,REP,Christopher Christian Horn,12
Conecuh,0026 LENOX COMM HOUSE,Secretary of State,,REP,Glenda S. Jackson,5
Conecuh,0027 HEALTH DEPT,Secretary of State,,REP,Caroleene Dobson,19
Conecuh,0027 HEALTH DEPT,Secretary of State,,REP,Christopher Christian Horn,1
Conecuh,0027 HEALTH DEPT,Secretary of State,,REP,Glenda S. Jackson,0
Conecuh,0028 ABSENTEE,Secretary of State,,REP,Caroleene Dobson,30
Conecuh,0028 ABSENTEE,Secretary of State,,REP,Christopher Christian Horn,2
Conecuh,0028 ABSENTEE,Secretary of State,,REP,Glenda S. Jackson,2
Conecuh,0029 PROVISIONAL,Secretary of State,,REP,Caroleene Dobson,1
Conecuh,0029 PROVISIONAL,Secretary of State,,REP,Christopher Christian Horn,0
Conecuh,0029 PROVISIONAL,Secretary of State,,REP,Glenda S. Jackson,0
Conecuh,0001 ANNEX VOTING,"Public Service Commission, Place No. 1",,REP,Matt Gentry,16
Conecuh,0001 ANNEX VOTING,"Public Service Commission, Place No. 1",,REP,Jeremy H. Oden,3
Conecuh,0002 LYEFFION FIRE DEPT,"Public Service Commission, Place No. 1",,REP,Matt Gentry,63
Conecuh,0002 LYEFFION FIRE DEPT,"Public Service Commission, Place No. 1",,REP,Jeremy H. Oden,20
Conecuh,0003 SKINNERTON FIRE,"Public Service Commission, Place No. 1",,REP,Matt Gentry,18
Conecuh,0003 SKINNERTON FIRE,"Public Service Commission, Place No. 1",,REP,Jeremy H. Oden,7
Conecuh,0004 ROBINSONS MILL,"Public Service Commission, Place No. 1",,REP,Matt Gentry,31
Conecuh,0004 ROBINSONS MILL,"Public Service Commission, Place No. 1",,REP,Jeremy H. Oden,6
Conecuh,0005 BELLEVILLE FIRE DEPT,"Public Service Commission, Place No. 1",,REP,Matt Gentry,36
Conecuh,0005 BELLEVILLE FIRE DEPT,"Public Service Commission, Place No. 1",,REP,Jeremy H. Oden,7
Conecuh,0006 OLD FIELD CH,"Public Service Commission, Place No. 1",,REP,Matt Gentry,29
Conecuh,0006 OLD FIELD CH,"Public Service Commission, Place No. 1",,REP,Jeremy H. Oden,5
Conecuh,0007 CHINA REC &amp; ED,"Public Service Commission, Place No. 1",,REP,Matt Gentry,45
Conecuh,0007 CHINA REC &amp; ED,"Public Service Commission, Place No. 1",,REP,Jeremy H. Oden,8
Conecuh,0008 SANDCUT FIRE,"Public Service Commission, Place No. 1",,REP,Matt Gentry,51
Conecuh,0008 SANDCUT FIRE,"Public Service Commission, Place No. 1",,REP,Jeremy H. Oden,14
Conecuh,0009 CASTLEBERRY NUTRI,"Public Service Commission, Place No. 1",,REP,Matt Gentry,85
Conecuh,0009 CASTLEBERRY NUTRI,"Public Service Commission, Place No. 1",,REP,Jeremy H. Oden,30
Conecuh,0010 CASTLEBERRY FIRE,"Public Service Commission, Place No. 1",,REP,Matt Gentry,13
Conecuh,0010 CASTLEBERRY FIRE,"Public Service Commission, Place No. 1",,REP,Jeremy H. Oden,0
Conecuh,0011 BROOKLYN FIRE DEPT,"Public Service Commission, Place No. 1",,REP,Matt Gentry,15
Conecuh,0011 BROOKLYN FIRE DEPT,"Public Service Commission, Place No. 1",,REP,Jeremy H. Oden,5
Conecuh,0012 PAUL FIRE DEPT,"Public Service Commission, Place No. 1",,REP,Matt Gentry,14
Conecuh,0012 PAUL FIRE DEPT,"Public Service Commission, Place No. 1",,REP,Jeremy H. Oden,5
Conecuh,0013 JOHNSONVILLE FIRE,"Public Service Commission, Place No. 1",,REP,Matt Gentry,2
Conecuh,0013 JOHNSONVILLE FIRE,"Public Service Commission, Place No. 1",,REP,Jeremy H. Oden,0
Conecuh,0014 ANTIOCH FIRE DEPT,"Public Service Commission, Place No. 1",,REP,Matt Gentry,60
Conecuh,0014 ANTIOCH FIRE DEPT,"Public Service Commission, Place No. 1",,REP,Jeremy H. Oden,27
Conecuh,0015 HERBERT FIRE DEPT,"Public Service Commission, Place No. 1",,REP,Matt Gentry,26
Conecuh,0015 HERBERT FIRE DEPT,"Public Service Commission, Place No. 1",,REP,Jeremy H. Oden,4
Conecuh,0016 BROWNVILLE FIRE,"Public Service Commission, Place No. 1",,REP,Matt Gentry,33
Conecuh,0016 BROWNVILLE FIRE,"Public Service Commission, Place No. 1",,REP,Jeremy H. Oden,10
Conecuh,0017 FLAT ROCK FIRE DEPT,"Public Service Commission, Place No. 1",,REP,Matt Gentry,30
Conecuh,0017 FLAT ROCK FIRE DEPT,"Public Service Commission, Place No. 1",,REP,Jeremy H. Oden,7
Conecuh,0018 DAVID BURT BLDG,"Public Service Commission, Place No. 1",,REP,Matt Gentry,110
Conecuh,0018 DAVID BURT BLDG,"Public Service Commission, Place No. 1",,REP,Jeremy H. Oden,45
Conecuh,0019 CARVER REC CTR,"Public Service Commission, Place No. 1",,REP,Matt Gentry,25
Conecuh,0019 CARVER REC CTR,"Public Service Commission, Place No. 1",,REP,Jeremy H. Oden,7
Conecuh,0020 NAZARENE BAPT CH,"Public Service Commission, Place No. 1",,REP,Matt Gentry,12
Conecuh,0020 NAZARENE BAPT CH,"Public Service Commission, Place No. 1",,REP,Jeremy H. Oden,6
Conecuh,0021 REPTON TOWN HALL,"Public Service Commission, Place No. 1",,REP,Matt Gentry,63
Conecuh,0021 REPTON TOWN HALL,"Public Service Commission, Place No. 1",,REP,Jeremy H. Oden,13
Conecuh,0022 2ND MOUNT ZION CH,"Public Service Commission, Place No. 1",,REP,Matt Gentry,4
Conecuh,0022 2ND MOUNT ZION CH,"Public Service Commission, Place No. 1",,REP,Jeremy H. Oden,1
Conecuh,0023 BERMUDA COMM HOUSE,"Public Service Commission, Place No. 1",,REP,Matt Gentry,36
Conecuh,0023 BERMUDA COMM HOUSE,"Public Service Commission, Place No. 1",,REP,Jeremy H. Oden,12
Conecuh,0024 LITTLE ZION CH,"Public Service Commission, Place No. 1",,REP,Matt Gentry,25
Conecuh,0024 LITTLE ZION CH,"Public Service Commission, Place No. 1",,REP,Jeremy H. Oden,2
Conecuh,0025 RANGE FIRE DEPT,"Public Service Commission, Place No. 1",,REP,Matt Gentry,32
Conecuh,0025 RANGE FIRE DEPT,"Public Service Commission, Place No. 1",,REP,Jeremy H. Oden,8
Conecuh,0026 LENOX COMM HOUSE,"Public Service Commission, Place No. 1",,REP,Matt Gentry,81
Conecuh,0026 LENOX COMM HOUSE,"Public Service Commission, Place No. 1",,REP,Jeremy H. Oden,11
Conecuh,0027 HEALTH DEPT,"Public Service Commission, Place No. 1",,REP,Matt Gentry,15
Conecuh,0027 HEALTH DEPT,"Public Service Commission, Place No. 1",,REP,Jeremy H. Oden,2
Conecuh,0028 ABSENTEE,"Public Service Commission, Place No. 1",,REP,Matt Gentry,19
Conecuh,0028 ABSENTEE,"Public Service Commission, Place No. 1",,REP,Jeremy H. Oden,10
Conecuh,0029 PROVISIONAL,"Public Service Commission, Place No. 1",,REP,Matt Gentry,0
Conecuh,0029 PROVISIONAL,"Public Service Commission, Place No. 1",,REP,Jeremy H. Oden,0
