county,precinct,office,district,party,candidate,votes
Jackson,0001 BRIDGEPORT SEN CTR,Proposed Statewide Amendment 1,,,No,56
Jackson,0001 BRIDGEPORT SEN CTR,Proposed Statewide Amendment 1,,,Yes,282
Jackson,0001 BRIDGEPORT SEN CTR,Governor,,DEM,"Chad ""Chig"" Martin",1
Jackson,0001 BRIDGEPORT SEN CTR,Governor,,DEM,Doug Jones,35
Jackson,0001 BRIDGEPORT SEN CTR,Governor,,DEM,Jamel J. Brown,0
Jackson,0001 BRIDGEPORT SEN CTR,Governor,,DEM,"Nathan ""Nate"" Mathis",3
Jackson,0001 BRIDGEPORT SEN CTR,Governor,,DEM,Will Boyd,7
Jackson,0001 BRIDGEPORT SEN CTR,Governor,,DEM,Yolanda Rochelle Flowers,1
Jackson,0001 BRIDGEPORT SEN CTR,Lieutenant Governor,,DEM,Darryl D. Perryman,18
Jackson,0001 BRIDGEPORT SEN CTR,Lieutenant Governor,,DEM,Phillip Ensler,26
Jackson,0001 BRIDGEPORT SEN CTR,"Public Service Commissioner, Place 1",,DEM,James O. Gordon,20
Jackson,0001 BRIDGEPORT SEN CTR,"Public Service Commissioner, Place 1",,DEM,Jeff Ramsey,11
Jackson,0001 BRIDGEPORT SEN CTR,"Public Service Commissioner, Place 1",,DEM,John Northrop,14
Jackson,0001 BRIDGEPORT SEN CTR,U.S. House,5,DEM,Andrew Sneed,23
Jackson,0001 BRIDGEPORT SEN CTR,U.S. House,5,DEM,Candice Dollar Duvieilh,10
Jackson,0001 BRIDGEPORT SEN CTR,U.S. House,5,DEM,Jeremy Devito,11
Jackson,0001 BRIDGEPORT SEN CTR,U.S. Senate,,DEM,Dakarai Larriett,6
Jackson,0001 BRIDGEPORT SEN CTR,U.S. Senate,,DEM,Everett Wess,20
Jackson,0001 BRIDGEPORT SEN CTR,U.S. Senate,,DEM,Kyle Sweetser,9
Jackson,0001 BRIDGEPORT SEN CTR,U.S. Senate,,DEM,Mark S. Wheeler II,12
Jackson,0001 BRIDGEPORT SEN CTR,Attorney General,,REP,Jay Mitchell,106
Jackson,0001 BRIDGEPORT SEN CTR,Attorney General,,REP,Katherine Robertson,89
Jackson,0001 BRIDGEPORT SEN CTR,Attorney General,,REP,Pamela L. Casey,75
Jackson,0001 BRIDGEPORT SEN CTR,"Chairman, Jackson County Commission",,REP,Bill Nance,175
Jackson,0001 BRIDGEPORT SEN CTR,"Chairman, Jackson County Commission",,REP,Zac Talley,94
Jackson,0001 BRIDGEPORT SEN CTR,Commissioner of Agriculture and Industries,,REP,Christina Woerner McInnis,59
Jackson,0001 BRIDGEPORT SEN CTR,Commissioner of Agriculture and Industries,,REP,Cory Hill,95
Jackson,0001 BRIDGEPORT SEN CTR,Commissioner of Agriculture and Industries,,REP,Jack Williams,96
Jackson,0001 BRIDGEPORT SEN CTR,Governor,,REP,"""Alabama"" Will Santivasci",18
Jackson,0001 BRIDGEPORT SEN CTR,Governor,,REP,Ken McFeeters,29
Jackson,0001 BRIDGEPORT SEN CTR,Governor,,REP,Thomas Tuberville,248
Jackson,0001 BRIDGEPORT SEN CTR,Jackson County Coroner,,REP,John David Jordan,208
Jackson,0001 BRIDGEPORT SEN CTR,Jackson County Coroner,,REP,Tony Lee Watson,56
Jackson,0001 BRIDGEPORT SEN CTR,Jackson County Sheriff,,REP,Bradley James Talley,18
Jackson,0001 BRIDGEPORT SEN CTR,Jackson County Sheriff,,REP,Craig Holcomb,198
Jackson,0001 BRIDGEPORT SEN CTR,Jackson County Sheriff,,REP,Eric Woodall,45
Jackson,0001 BRIDGEPORT SEN CTR,Jackson County Sheriff,,REP,Tony Baker,40
Jackson,0001 BRIDGEPORT SEN CTR,Lieutenant Governor,,REP,George Childress,11
Jackson,0001 BRIDGEPORT SEN CTR,Lieutenant Governor,,REP,John Wahl,98
Jackson,0001 BRIDGEPORT SEN CTR,Lieutenant Governor,,REP,Nicole Jones Wadsworth,16
Jackson,0001 BRIDGEPORT SEN CTR,Lieutenant Governor,,REP,Pat Bishop,21
Jackson,0001 BRIDGEPORT SEN CTR,Lieutenant Governor,,REP,Rick Pate,24
Jackson,0001 BRIDGEPORT SEN CTR,Lieutenant Governor,,REP,Stewart Hill Tankersley,9
Jackson,0001 BRIDGEPORT SEN CTR,Lieutenant Governor,,REP,Wes Allen,85
Jackson,0001 BRIDGEPORT SEN CTR,"Member, Jackson County Commission, District No. 1",,REP,Chris Gulley,188
Jackson,0001 BRIDGEPORT SEN CTR,"Member, Jackson County Commission, District No. 1",,REP,David Keith Blizard,83
Jackson,0001 BRIDGEPORT SEN CTR,"Member, Jackson County Commission, District No. 1",,REP,John Peacock,42
Jackson,0001 BRIDGEPORT SEN CTR,"Public Service Commission, Place No. 1",,REP,Jeremy H. Oden,59
Jackson,0001 BRIDGEPORT SEN CTR,"Public Service Commission, Place No. 1",,REP,Matt Gentry,192
Jackson,0001 BRIDGEPORT SEN CTR,"Public Service Commission, Place No. 2",,REP,Brent Woodall,95
Jackson,0001 BRIDGEPORT SEN CTR,"Public Service Commission, Place No. 2",,REP,Chris Beeker,45
Jackson,0001 BRIDGEPORT SEN CTR,"Public Service Commission, Place No. 2",,REP,Jim Zig Zeigler,89
Jackson,0001 BRIDGEPORT SEN CTR,"Public Service Commission, Place No. 2",,REP,Priscilla Andrews,28
Jackson,0001 BRIDGEPORT SEN CTR,School Board,,REP,Josh Fralick,111
Jackson,0001 BRIDGEPORT SEN CTR,School Board,,REP,"Robert ""Robbie"" King",168
Jackson,0001 BRIDGEPORT SEN CTR,Secretary of State,,REP,Caroleene Dobson,112
Jackson,0001 BRIDGEPORT SEN CTR,Secretary of State,,REP,Christopher Christian Horn,72
Jackson,0001 BRIDGEPORT SEN CTR,Secretary of State,,REP,Glenda S. Jackson,71
Jackson,0001 BRIDGEPORT SEN CTR,State Auditor,,REP,Andrew Sorrell,191
Jackson,0001 BRIDGEPORT SEN CTR,State Auditor,,REP,Derek Chen,56
Jackson,0001 BRIDGEPORT SEN CTR,State Board of Education,8,REP,Connie Spears,74
Jackson,0001 BRIDGEPORT SEN CTR,State Board of Education,8,REP,Emily Jones,99
Jackson,0001 BRIDGEPORT SEN CTR,State Board of Education,8,REP,William Matthews,89
Jackson,0001 BRIDGEPORT SEN CTR,State Treasurer,,REP,Steve Lolley,136
Jackson,0001 BRIDGEPORT SEN CTR,State Treasurer,,REP,Young Boozer,117
Jackson,0001 BRIDGEPORT SEN CTR,U.S. Senate,,REP,Barry Moore,121
Jackson,0001 BRIDGEPORT SEN CTR,U.S. Senate,,REP,Dale Shelton Deas Jr.,5
Jackson,0001 BRIDGEPORT SEN CTR,U.S. Senate,,REP,Jared Hudson,46
Jackson,0001 BRIDGEPORT SEN CTR,U.S. Senate,,REP,Morgan Murphy,11
Jackson,0001 BRIDGEPORT SEN CTR,U.S. Senate,,REP,Rodney Walker,14
Jackson,0001 BRIDGEPORT SEN CTR,U.S. Senate,,REP,Seth Burton,17
Jackson,0001 BRIDGEPORT SEN CTR,U.S. Senate,,REP,Steve Marshall,62
Jackson,0002 LONG ISLAND COMM CTR,Proposed Statewide Amendment 1,,,No,4
Jackson,0002 LONG ISLAND COMM CTR,Proposed Statewide Amendment 1,,,Yes,29
Jackson,0002 LONG ISLAND COMM CTR,Governor,,DEM,"Chad ""Chig"" Martin",0
Jackson,0002 LONG ISLAND COMM CTR,Governor,,DEM,Doug Jones,2
Jackson,0002 LONG ISLAND COMM CTR,Governor,,DEM,Jamel J. Brown,0
Jackson,0002 LONG ISLAND COMM CTR,Governor,,DEM,"Nathan ""Nate"" Mathis",0
Jackson,0002 LONG ISLAND COMM CTR,Governor,,DEM,Will Boyd,0
Jackson,0002 LONG ISLAND COMM CTR,Governor,,DEM,Yolanda Rochelle Flowers,0
Jackson,0002 LONG ISLAND COMM CTR,Lieutenant Governor,,DEM,Darryl D. Perryman,0
Jackson,0002 LONG ISLAND COMM CTR,Lieutenant Governor,,DEM,Phillip Ensler,2
Jackson,0002 LONG ISLAND COMM CTR,"Public Service Commissioner, Place 1",,DEM,James O. Gordon,0
Jackson,0002 LONG ISLAND COMM CTR,"Public Service Commissioner, Place 1",,DEM,Jeff Ramsey,2
Jackson,0002 LONG ISLAND COMM CTR,"Public Service Commissioner, Place 1",,DEM,John Northrop,0
Jackson,0002 LONG ISLAND COMM CTR,U.S. House,5,DEM,Andrew Sneed,2
Jackson,0002 LONG ISLAND COMM CTR,U.S. House,5,DEM,Candice Dollar Duvieilh,0
Jackson,0002 LONG ISLAND COMM CTR,U.S. House,5,DEM,Jeremy Devito,0
Jackson,0002 LONG ISLAND COMM CTR,U.S. Senate,,DEM,Dakarai Larriett,0
Jackson,0002 LONG ISLAND COMM CTR,U.S. Senate,,DEM,Everett Wess,0
Jackson,0002 LONG ISLAND COMM CTR,U.S. Senate,,DEM,Kyle Sweetser,2
Jackson,0002 LONG ISLAND COMM CTR,U.S. Senate,,DEM,Mark S. Wheeler II,0
Jackson,0002 LONG ISLAND COMM CTR,Attorney General,,REP,Jay Mitchell,13
Jackson,0002 LONG ISLAND COMM CTR,Attorney General,,REP,Katherine Robertson,12
Jackson,0002 LONG ISLAND COMM CTR,Attorney General,,REP,Pamela L. Casey,7
Jackson,0002 LONG ISLAND COMM CTR,"Chairman, Jackson County Commission",,REP,Bill Nance,13
Jackson,0002 LONG ISLAND COMM CTR,"Chairman, Jackson County Commission",,REP,Zac Talley,17
Jackson,0002 LONG ISLAND COMM CTR,Commissioner of Agriculture and Industries,,REP,Christina Woerner McInnis,5
Jackson,0002 LONG ISLAND COMM CTR,Commissioner of Agriculture and Industries,,REP,Cory Hill,16
Jackson,0002 LONG ISLAND COMM CTR,Commissioner of Agriculture and Industries,,REP,Jack Williams,9
Jackson,0002 LONG ISLAND COMM CTR,Governor,,REP,"""Alabama"" Will Santivasci",1
Jackson,0002 LONG ISLAND COMM CTR,Governor,,REP,Ken McFeeters,3
Jackson,0002 LONG ISLAND COMM CTR,Governor,,REP,Thomas Tuberville,28
Jackson,0002 LONG ISLAND COMM CTR,Jackson County Coroner,,REP,John David Jordan,20
Jackson,0002 LONG ISLAND COMM CTR,Jackson County Coroner,,REP,Tony Lee Watson,10
Jackson,0002 LONG ISLAND COMM CTR,Jackson County Sheriff,,REP,Bradley James Talley,18
Jackson,0002 LONG ISLAND COMM CTR,Jackson County Sheriff,,REP,Craig Holcomb,8
Jackson,0002 LONG ISLAND COMM CTR,Jackson County Sheriff,,REP,Eric Woodall,5
Jackson,0002 LONG ISLAND COMM CTR,Jackson County Sheriff,,REP,Tony Baker,1
Jackson,0002 LONG ISLAND COMM CTR,Lieutenant Governor,,REP,George Childress,0
Jackson,0002 LONG ISLAND COMM CTR,Lieutenant Governor,,REP,John Wahl,12
Jackson,0002 LONG ISLAND COMM CTR,Lieutenant Governor,,REP,Nicole Jones Wadsworth,4
Jackson,0002 LONG ISLAND COMM CTR,Lieutenant Governor,,REP,Pat Bishop,1
Jackson,0002 LONG ISLAND COMM CTR,Lieutenant Governor,,REP,Rick Pate,3
Jackson,0002 LONG ISLAND COMM CTR,Lieutenant Governor,,REP,Stewart Hill Tankersley,1
Jackson,0002 LONG ISLAND COMM CTR,Lieutenant Governor,,REP,Wes Allen,10
Jackson,0002 LONG ISLAND COMM CTR,"Member, Jackson County Commission, District No. 1",,REP,Chris Gulley,9
Jackson,0002 LONG ISLAND COMM CTR,"Member, Jackson County Commission, District No. 1",,REP,David Keith Blizard,11
Jackson,0002 LONG ISLAND COMM CTR,"Member, Jackson County Commission, District No. 1",,REP,John Peacock,12
Jackson,0002 LONG ISLAND COMM CTR,"Public Service Commission, Place No. 1",,REP,Jeremy H. Oden,6
Jackson,0002 LONG ISLAND COMM CTR,"Public Service Commission, Place No. 1",,REP,Matt Gentry,23
Jackson,0002 LONG ISLAND COMM CTR,"Public Service Commission, Place No. 2",,REP,Brent Woodall,11
Jackson,0002 LONG ISLAND COMM CTR,"Public Service Commission, Place No. 2",,REP,Chris Beeker,6
Jackson,0002 LONG ISLAND COMM CTR,"Public Service Commission, Place No. 2",,REP,Jim Zig Zeigler,9
Jackson,0002 LONG ISLAND COMM CTR,"Public Service Commission, Place No. 2",,REP,Priscilla Andrews,2
Jackson,0002 LONG ISLAND COMM CTR,School Board,,REP,Josh Fralick,9
Jackson,0002 LONG ISLAND COMM CTR,School Board,,REP,"Robert ""Robbie"" King",15
Jackson,0002 LONG ISLAND COMM CTR,Secretary of State,,REP,Caroleene Dobson,18
Jackson,0002 LONG ISLAND COMM CTR,Secretary of State,,REP,Christopher Christian Horn,10
Jackson,0002 LONG ISLAND COMM CTR,Secretary of State,,REP,Glenda S. Jackson,2
Jackson,0002 LONG ISLAND COMM CTR,State Auditor,,REP,Andrew Sorrell,22
Jackson,0002 LONG ISLAND COMM CTR,State Auditor,,REP,Derek Chen,9
Jackson,0002 LONG ISLAND COMM CTR,State Board of Education,8,REP,Connie Spears,6
Jackson,0002 LONG ISLAND COMM CTR,State Board of Education,8,REP,Emily Jones,12
Jackson,0002 LONG ISLAND COMM CTR,State Board of Education,8,REP,William Matthews,8
Jackson,0002 LONG ISLAND COMM CTR,State Treasurer,,REP,Steve Lolley,8
Jackson,0002 LONG ISLAND COMM CTR,State Treasurer,,REP,Young Boozer,21
Jackson,0002 LONG ISLAND COMM CTR,U.S. Senate,,REP,Barry Moore,15
Jackson,0002 LONG ISLAND COMM CTR,U.S. Senate,,REP,Dale Shelton Deas Jr.,0
Jackson,0002 LONG ISLAND COMM CTR,U.S. Senate,,REP,Jared Hudson,2
Jackson,0002 LONG ISLAND COMM CTR,U.S. Senate,,REP,Morgan Murphy,1
Jackson,0002 LONG ISLAND COMM CTR,U.S. Senate,,REP,Rodney Walker,0
Jackson,0002 LONG ISLAND COMM CTR,U.S. Senate,,REP,Seth Burton,0
Jackson,0002 LONG ISLAND COMM CTR,U.S. Senate,,REP,Steve Marshall,12
Jackson,0003 STEVENSON CITY PARK,Proposed Statewide Amendment 1,,,No,72
Jackson,0003 STEVENSON CITY PARK,Proposed Statewide Amendment 1,,,Yes,373
Jackson,0003 STEVENSON CITY PARK,Governor,,DEM,"Chad ""Chig"" Martin",2
Jackson,0003 STEVENSON CITY PARK,Governor,,DEM,Doug Jones,72
Jackson,0003 STEVENSON CITY PARK,Governor,,DEM,Jamel J. Brown,4
Jackson,0003 STEVENSON CITY PARK,Governor,,DEM,"Nathan ""Nate"" Mathis",0
Jackson,0003 STEVENSON CITY PARK,Governor,,DEM,Will Boyd,11
Jackson,0003 STEVENSON CITY PARK,Governor,,DEM,Yolanda Rochelle Flowers,8
Jackson,0003 STEVENSON CITY PARK,Lieutenant Governor,,DEM,Darryl D. Perryman,31
Jackson,0003 STEVENSON CITY PARK,Lieutenant Governor,,DEM,Phillip Ensler,61
Jackson,0003 STEVENSON CITY PARK,"Public Service Commissioner, Place 1",,DEM,James O. Gordon,41
Jackson,0003 STEVENSON CITY PARK,"Public Service Commissioner, Place 1",,DEM,Jeff Ramsey,32
Jackson,0003 STEVENSON CITY PARK,"Public Service Commissioner, Place 1",,DEM,John Northrop,19
Jackson,0003 STEVENSON CITY PARK,U.S. House,5,DEM,Andrew Sneed,47
Jackson,0003 STEVENSON CITY PARK,U.S. House,5,DEM,Candice Dollar Duvieilh,29
Jackson,0003 STEVENSON CITY PARK,U.S. House,5,DEM,Jeremy Devito,18
Jackson,0003 STEVENSON CITY PARK,U.S. Senate,,DEM,Dakarai Larriett,15
Jackson,0003 STEVENSON CITY PARK,U.S. Senate,,DEM,Everett Wess,34
Jackson,0003 STEVENSON CITY PARK,U.S. Senate,,DEM,Kyle Sweetser,30
Jackson,0003 STEVENSON CITY PARK,U.S. Senate,,DEM,Mark S. Wheeler II,14
Jackson,0003 STEVENSON CITY PARK,Attorney General,,REP,Jay Mitchell,109
Jackson,0003 STEVENSON CITY PARK,Attorney General,,REP,Katherine Robertson,123
Jackson,0003 STEVENSON CITY PARK,Attorney General,,REP,Pamela L. Casey,92
Jackson,0003 STEVENSON CITY PARK,"Chairman, Jackson County Commission",,REP,Bill Nance,194
Jackson,0003 STEVENSON CITY PARK,"Chairman, Jackson County Commission",,REP,Zac Talley,141
Jackson,0003 STEVENSON CITY PARK,Commissioner of Agriculture and Industries,,REP,Christina Woerner McInnis,74
Jackson,0003 STEVENSON CITY PARK,Commissioner of Agriculture and Industries,,REP,Cory Hill,130
Jackson,0003 STEVENSON CITY PARK,Commissioner of Agriculture and Industries,,REP,Jack Williams,105
Jackson,0003 STEVENSON CITY PARK,Governor,,REP,"""Alabama"" Will Santivasci",17
Jackson,0003 STEVENSON CITY PARK,Governor,,REP,Ken McFeeters,26
Jackson,0003 STEVENSON CITY PARK,Governor,,REP,Thomas Tuberville,316
Jackson,0003 STEVENSON CITY PARK,Jackson County Coroner,,REP,John David Jordan,291
Jackson,0003 STEVENSON CITY PARK,Jackson County Coroner,,REP,Tony Lee Watson,58
Jackson,0003 STEVENSON CITY PARK,Jackson County Sheriff,,REP,Bradley James Talley,54
Jackson,0003 STEVENSON CITY PARK,Jackson County Sheriff,,REP,Craig Holcomb,199
Jackson,0003 STEVENSON CITY PARK,Jackson County Sheriff,,REP,Eric Woodall,73
Jackson,0003 STEVENSON CITY PARK,Jackson County Sheriff,,REP,Tony Baker,57
Jackson,0003 STEVENSON CITY PARK,Lieutenant Governor,,REP,George Childress,13
Jackson,0003 STEVENSON CITY PARK,Lieutenant Governor,,REP,John Wahl,134
Jackson,0003 STEVENSON CITY PARK,Lieutenant Governor,,REP,Nicole Jones Wadsworth,25
Jackson,0003 STEVENSON CITY PARK,Lieutenant Governor,,REP,Pat Bishop,16
Jackson,0003 STEVENSON CITY PARK,Lieutenant Governor,,REP,Rick Pate,34
Jackson,0003 STEVENSON CITY PARK,Lieutenant Governor,,REP,Stewart Hill Tankersley,12
Jackson,0003 STEVENSON CITY PARK,Lieutenant Governor,,REP,Wes Allen,97
Jackson,0003 STEVENSON CITY PARK,"Member, Jackson County Commission, District No. 1",,REP,Chris Gulley,182
Jackson,0003 STEVENSON CITY PARK,"Member, Jackson County Commission, District No. 1",,REP,David Keith Blizard,114
Jackson,0003 STEVENSON CITY PARK,"Member, Jackson County Commission, District No. 1",,REP,John Peacock,89
Jackson,0003 STEVENSON CITY PARK,"Public Service Commission, Place No. 1",,REP,Jeremy H. Oden,60
Jackson,0003 STEVENSON CITY PARK,"Public Service Commission, Place No. 1",,REP,Matt Gentry,233
Jackson,0003 STEVENSON CITY PARK,"Public Service Commission, Place No. 2",,REP,Brent Woodall,109
Jackson,0003 STEVENSON CITY PARK,"Public Service Commission, Place No. 2",,REP,Chris Beeker,52
Jackson,0003 STEVENSON CITY PARK,"Public Service Commission, Place No. 2",,REP,Jim Zig Zeigler,108
Jackson,0003 STEVENSON CITY PARK,"Public Service Commission, Place No. 2",,REP,Priscilla Andrews,27
Jackson,0003 STEVENSON CITY PARK,School Board,,REP,Josh Fralick,119
Jackson,0003 STEVENSON CITY PARK,School Board,,REP,"Robert ""Robbie"" King",249
Jackson,0003 STEVENSON CITY PARK,Secretary of State,,REP,Caroleene Dobson,138
Jackson,0003 STEVENSON CITY PARK,Secretary of State,,REP,Christopher Christian Horn,89
Jackson,0003 STEVENSON CITY PARK,Secretary of State,,REP,Glenda S. Jackson,71
Jackson,0003 STEVENSON CITY PARK,State Auditor,,REP,Andrew Sorrell,227
Jackson,0003 STEVENSON CITY PARK,State Auditor,,REP,Derek Chen,76
Jackson,0003 STEVENSON CITY PARK,State Board of Education,8,REP,Connie Spears,84
Jackson,0003 STEVENSON CITY PARK,State Board of Education,8,REP,Emily Jones,102
Jackson,0003 STEVENSON CITY PARK,State Board of Education,8,REP,William Matthews,117
Jackson,0003 STEVENSON CITY PARK,State Treasurer,,REP,Steve Lolley,166
Jackson,0003 STEVENSON CITY PARK,State Treasurer,,REP,Young Boozer,144
Jackson,0003 STEVENSON CITY PARK,U.S. Senate,,REP,Barry Moore,133
Jackson,0003 STEVENSON CITY PARK,U.S. Senate,,REP,Dale Shelton Deas Jr.,10
Jackson,0003 STEVENSON CITY PARK,U.S. Senate,,REP,Jared Hudson,56
Jackson,0003 STEVENSON CITY PARK,U.S. Senate,,REP,Morgan Murphy,7
Jackson,0003 STEVENSON CITY PARK,U.S. Senate,,REP,Rodney Walker,18
Jackson,0003 STEVENSON CITY PARK,U.S. Senate,,REP,Seth Burton,16
Jackson,0003 STEVENSON CITY PARK,U.S. Senate,,REP,Steve Marshall,94
Jackson,0004 BRYANT COMM BLDG,Proposed Statewide Amendment 1,,,No,41
Jackson,0004 BRYANT COMM BLDG,Proposed Statewide Amendment 1,,,Yes,256
Jackson,0004 BRYANT COMM BLDG,Governor,,DEM,"Chad ""Chig"" Martin",4
Jackson,0004 BRYANT COMM BLDG,Governor,,DEM,Doug Jones,6
Jackson,0004 BRYANT COMM BLDG,Governor,,DEM,Jamel J. Brown,0
Jackson,0004 BRYANT COMM BLDG,Governor,,DEM,"Nathan ""Nate"" Mathis",0
Jackson,0004 BRYANT COMM BLDG,Governor,,DEM,Will Boyd,4
Jackson,0004 BRYANT COMM BLDG,Governor,,DEM,Yolanda Rochelle Flowers,5
Jackson,0004 BRYANT COMM BLDG,Lieutenant Governor,,DEM,Darryl D. Perryman,7
Jackson,0004 BRYANT COMM BLDG,Lieutenant Governor,,DEM,Phillip Ensler,10
Jackson,0004 BRYANT COMM BLDG,"Public Service Commissioner, Place 1",,DEM,James O. Gordon,3
Jackson,0004 BRYANT COMM BLDG,"Public Service Commissioner, Place 1",,DEM,Jeff Ramsey,8
Jackson,0004 BRYANT COMM BLDG,"Public Service Commissioner, Place 1",,DEM,John Northrop,8
Jackson,0004 BRYANT COMM BLDG,U.S. House,5,DEM,Andrew Sneed,2
Jackson,0004 BRYANT COMM BLDG,U.S. House,5,DEM,Candice Dollar Duvieilh,8
Jackson,0004 BRYANT COMM BLDG,U.S. House,5,DEM,Jeremy Devito,8
Jackson,0004 BRYANT COMM BLDG,U.S. Senate,,DEM,Dakarai Larriett,5
Jackson,0004 BRYANT COMM BLDG,U.S. Senate,,DEM,Everett Wess,6
Jackson,0004 BRYANT COMM BLDG,U.S. Senate,,DEM,Kyle Sweetser,2
Jackson,0004 BRYANT COMM BLDG,U.S. Senate,,DEM,Mark S. Wheeler II,6
Jackson,0004 BRYANT COMM BLDG,Attorney General,,REP,Jay Mitchell,151
Jackson,0004 BRYANT COMM BLDG,Attorney General,,REP,Katherine Robertson,45
Jackson,0004 BRYANT COMM BLDG,Attorney General,,REP,Pamela L. Casey,79
Jackson,0004 BRYANT COMM BLDG,"Chairman, Jackson County Commission",,REP,Bill Nance,137
Jackson,0004 BRYANT COMM BLDG,"Chairman, Jackson County Commission",,REP,Zac Talley,128
Jackson,0004 BRYANT COMM BLDG,Commissioner of Agriculture and Industries,,REP,Christina Woerner McInnis,40
Jackson,0004 BRYANT COMM BLDG,Commissioner of Agriculture and Industries,,REP,Cory Hill,203
Jackson,0004 BRYANT COMM BLDG,Commissioner of Agriculture and Industries,,REP,Jack Williams,32
Jackson,0004 BRYANT COMM BLDG,Governor,,REP,"""Alabama"" Will Santivasci",11
Jackson,0004 BRYANT COMM BLDG,Governor,,REP,Ken McFeeters,23
Jackson,0004 BRYANT COMM BLDG,Governor,,REP,Thomas Tuberville,256
Jackson,0004 BRYANT COMM BLDG,Jackson County Coroner,,REP,John David Jordan,165
Jackson,0004 BRYANT COMM BLDG,Jackson County Coroner,,REP,Tony Lee Watson,91
Jackson,0004 BRYANT COMM BLDG,Jackson County Sheriff,,REP,Bradley James Talley,177
Jackson,0004 BRYANT COMM BLDG,Jackson County Sheriff,,REP,Craig Holcomb,85
Jackson,0004 BRYANT COMM BLDG,Jackson County Sheriff,,REP,Eric Woodall,14
Jackson,0004 BRYANT COMM BLDG,Jackson County Sheriff,,REP,Tony Baker,28
Jackson,0004 BRYANT COMM BLDG,Lieutenant Governor,,REP,George Childress,7
Jackson,0004 BRYANT COMM BLDG,Lieutenant Governor,,REP,John Wahl,130
Jackson,0004 BRYANT COMM BLDG,Lieutenant Governor,,REP,Nicole Jones Wadsworth,8
Jackson,0004 BRYANT COMM BLDG,Lieutenant Governor,,REP,Pat Bishop,18
Jackson,0004 BRYANT COMM BLDG,Lieutenant Governor,,REP,Rick Pate,31
Jackson,0004 BRYANT COMM BLDG,Lieutenant Governor,,REP,Stewart Hill Tankersley,8
Jackson,0004 BRYANT COMM BLDG,Lieutenant Governor,,REP,Wes Allen,72
Jackson,0004 BRYANT COMM BLDG,"Member, Jackson County Commission, District No. 1",,REP,Chris Gulley,203
Jackson,0004 BRYANT COMM BLDG,"Member, Jackson County Commission, District No. 1",,REP,David Keith Blizard,53
Jackson,0004 BRYANT COMM BLDG,"Member, Jackson County Commission, District No. 1",,REP,John Peacock,23
Jackson,0004 BRYANT COMM BLDG,"Public Service Commission, Place No. 1",,REP,Jeremy H. Oden,42
Jackson,0004 BRYANT COMM BLDG,"Public Service Commission, Place No. 1",,REP,Matt Gentry,199
Jackson,0004 BRYANT COMM BLDG,"Public Service Commission, Place No. 2",,REP,Brent Woodall,75
Jackson,0004 BRYANT COMM BLDG,"Public Service Commission, Place No. 2",,REP,Chris Beeker,37
Jackson,0004 BRYANT COMM BLDG,"Public Service Commission, Place No. 2",,REP,Jim Zig Zeigler,108
Jackson,0004 BRYANT COMM BLDG,"Public Service Commission, Place No. 2",,REP,Priscilla Andrews,27
Jackson,0004 BRYANT COMM BLDG,School Board,,REP,Josh Fralick,77
Jackson,0004 BRYANT COMM BLDG,School Board,,REP,"Robert ""Robbie"" King",174
Jackson,0004 BRYANT COMM BLDG,Secretary of State,,REP,Caroleene Dobson,142
Jackson,0004 BRYANT COMM BLDG,Secretary of State,,REP,Christopher Christian Horn,83
Jackson,0004 BRYANT COMM BLDG,Secretary of State,,REP,Glenda S. Jackson,34
Jackson,0004 BRYANT COMM BLDG,State Auditor,,REP,Andrew Sorrell,201
Jackson,0004 BRYANT COMM BLDG,State Auditor,,REP,Derek Chen,55
Jackson,0004 BRYANT COMM BLDG,State Board of Education,8,REP,Connie Spears,82
Jackson,0004 BRYANT COMM BLDG,State Board of Education,8,REP,Emily Jones,79
Jackson,0004 BRYANT COMM BLDG,State Board of Education,8,REP,William Matthews,80
Jackson,0004 BRYANT COMM BLDG,State Treasurer,,REP,Steve Lolley,112
Jackson,0004 BRYANT COMM BLDG,State Treasurer,,REP,Young Boozer,135
Jackson,0004 BRYANT COMM BLDG,U.S. Senate,,REP,Barry Moore,155
Jackson,0004 BRYANT COMM BLDG,U.S. Senate,,REP,Dale Shelton Deas Jr.,5
Jackson,0004 BRYANT COMM BLDG,U.S. Senate,,REP,Jared Hudson,46
Jackson,0004 BRYANT COMM BLDG,U.S. Senate,,REP,Morgan Murphy,6
Jackson,0004 BRYANT COMM BLDG,U.S. Senate,,REP,Rodney Walker,19
Jackson,0004 BRYANT COMM BLDG,U.S. Senate,,REP,Seth Burton,11
Jackson,0004 BRYANT COMM BLDG,U.S. Senate,,REP,Steve Marshall,43
Jackson,0005 FACKLER COMM CTR,Proposed Statewide Amendment 1,,,No,24
Jackson,0005 FACKLER COMM CTR,Proposed Statewide Amendment 1,,,Yes,129
Jackson,0005 FACKLER COMM CTR,Governor,,DEM,"Chad ""Chig"" Martin",1
Jackson,0005 FACKLER COMM CTR,Governor,,DEM,Doug Jones,12
Jackson,0005 FACKLER COMM CTR,Governor,,DEM,Jamel J. Brown,2
Jackson,0005 FACKLER COMM CTR,Governor,,DEM,"Nathan ""Nate"" Mathis",0
Jackson,0005 FACKLER COMM CTR,Governor,,DEM,Will Boyd,2
Jackson,0005 FACKLER COMM CTR,Governor,,DEM,Yolanda Rochelle Flowers,1
Jackson,0005 FACKLER COMM CTR,Lieutenant Governor,,DEM,Darryl D. Perryman,8
Jackson,0005 FACKLER COMM CTR,Lieutenant Governor,,DEM,Phillip Ensler,8
Jackson,0005 FACKLER COMM CTR,"Public Service Commissioner, Place 1",,DEM,James O. Gordon,8
Jackson,0005 FACKLER COMM CTR,"Public Service Commissioner, Place 1",,DEM,Jeff Ramsey,7
Jackson,0005 FACKLER COMM CTR,"Public Service Commissioner, Place 1",,DEM,John Northrop,2
Jackson,0005 FACKLER COMM CTR,U.S. House,5,DEM,Andrew Sneed,10
Jackson,0005 FACKLER COMM CTR,U.S. House,5,DEM,Candice Dollar Duvieilh,5
Jackson,0005 FACKLER COMM CTR,U.S. House,5,DEM,Jeremy Devito,3
Jackson,0005 FACKLER COMM CTR,U.S. Senate,,DEM,Dakarai Larriett,5
Jackson,0005 FACKLER COMM CTR,U.S. Senate,,DEM,Everett Wess,2
Jackson,0005 FACKLER COMM CTR,U.S. Senate,,DEM,Kyle Sweetser,3
Jackson,0005 FACKLER COMM CTR,U.S. Senate,,DEM,Mark S. Wheeler II,7
Jackson,0005 FACKLER COMM CTR,Attorney General,,REP,Jay Mitchell,49
Jackson,0005 FACKLER COMM CTR,Attorney General,,REP,Katherine Robertson,48
Jackson,0005 FACKLER COMM CTR,Attorney General,,REP,Pamela L. Casey,25
Jackson,0005 FACKLER COMM CTR,"Chairman, Jackson County Commission",,REP,Bill Nance,86
Jackson,0005 FACKLER COMM CTR,"Chairman, Jackson County Commission",,REP,Zac Talley,46
Jackson,0005 FACKLER COMM CTR,Commissioner of Agriculture and Industries,,REP,Christina Woerner McInnis,27
Jackson,0005 FACKLER COMM CTR,Commissioner of Agriculture and Industries,,REP,Cory Hill,53
Jackson,0005 FACKLER COMM CTR,Commissioner of Agriculture and Industries,,REP,Jack Williams,43
Jackson,0005 FACKLER COMM CTR,Governor,,REP,"""Alabama"" Will Santivasci",3
Jackson,0005 FACKLER COMM CTR,Governor,,REP,Ken McFeeters,9
Jackson,0005 FACKLER COMM CTR,Governor,,REP,Thomas Tuberville,124
Jackson,0005 FACKLER COMM CTR,Jackson County Coroner,,REP,John David Jordan,111
Jackson,0005 FACKLER COMM CTR,Jackson County Coroner,,REP,Tony Lee Watson,20
Jackson,0005 FACKLER COMM CTR,Jackson County Sheriff,,REP,Bradley James Talley,13
Jackson,0005 FACKLER COMM CTR,Jackson County Sheriff,,REP,Craig Holcomb,75
Jackson,0005 FACKLER COMM CTR,Jackson County Sheriff,,REP,Eric Woodall,37
Jackson,0005 FACKLER COMM CTR,Jackson County Sheriff,,REP,Tony Baker,12
Jackson,0005 FACKLER COMM CTR,Lieutenant Governor,,REP,George Childress,5
Jackson,0005 FACKLER COMM CTR,Lieutenant Governor,,REP,John Wahl,37
Jackson,0005 FACKLER COMM CTR,Lieutenant Governor,,REP,Nicole Jones Wadsworth,6
Jackson,0005 FACKLER COMM CTR,Lieutenant Governor,,REP,Pat Bishop,5
Jackson,0005 FACKLER COMM CTR,Lieutenant Governor,,REP,Rick Pate,8
Jackson,0005 FACKLER COMM CTR,Lieutenant Governor,,REP,Stewart Hill Tankersley,2
Jackson,0005 FACKLER COMM CTR,Lieutenant Governor,,REP,Wes Allen,60
Jackson,0005 FACKLER COMM CTR,"Member, Jackson County Commission, District No. 1",,REP,Chris Gulley,69
Jackson,0005 FACKLER COMM CTR,"Member, Jackson County Commission, District No. 1",,REP,David Keith Blizard,28
Jackson,0005 FACKLER COMM CTR,"Member, Jackson County Commission, District No. 1",,REP,John Peacock,38
Jackson,0005 FACKLER COMM CTR,"Public Service Commission, Place No. 1",,REP,Jeremy H. Oden,26
Jackson,0005 FACKLER COMM CTR,"Public Service Commission, Place No. 1",,REP,Matt Gentry,93
Jackson,0005 FACKLER COMM CTR,"Public Service Commission, Place No. 2",,REP,Brent Woodall,42
Jackson,0005 FACKLER COMM CTR,"Public Service Commission, Place No. 2",,REP,Chris Beeker,23
Jackson,0005 FACKLER COMM CTR,"Public Service Commission, Place No. 2",,REP,Jim Zig Zeigler,42
Jackson,0005 FACKLER COMM CTR,"Public Service Commission, Place No. 2",,REP,Priscilla Andrews,16
Jackson,0005 FACKLER COMM CTR,School Board,,REP,Josh Fralick,50
Jackson,0005 FACKLER COMM CTR,School Board,,REP,"Robert ""Robbie"" King",71
Jackson,0005 FACKLER COMM CTR,Secretary of State,,REP,Caroleene Dobson,59
Jackson,0005 FACKLER COMM CTR,Secretary of State,,REP,Christopher Christian Horn,25
Jackson,0005 FACKLER COMM CTR,Secretary of State,,REP,Glenda S. Jackson,28
Jackson,0005 FACKLER COMM CTR,State Auditor,,REP,Andrew Sorrell,87
Jackson,0005 FACKLER COMM CTR,State Auditor,,REP,Derek Chen,30
Jackson,0005 FACKLER COMM CTR,State Board of Education,8,REP,Connie Spears,40
Jackson,0005 FACKLER COMM CTR,State Board of Education,8,REP,Emily Jones,44
Jackson,0005 FACKLER COMM CTR,State Board of Education,8,REP,William Matthews,34
Jackson,0005 FACKLER COMM CTR,State Treasurer,,REP,Steve Lolley,59
Jackson,0005 FACKLER COMM CTR,State Treasurer,,REP,Young Boozer,61
Jackson,0005 FACKLER COMM CTR,U.S. Senate,,REP,Barry Moore,46
Jackson,0005 FACKLER COMM CTR,U.S. Senate,,REP,Dale Shelton Deas Jr.,5
Jackson,0005 FACKLER COMM CTR,U.S. Senate,,REP,Jared Hudson,21
Jackson,0005 FACKLER COMM CTR,U.S. Senate,,REP,Morgan Murphy,1
Jackson,0005 FACKLER COMM CTR,U.S. Senate,,REP,Rodney Walker,4
Jackson,0005 FACKLER COMM CTR,U.S. Senate,,REP,Seth Burton,10
Jackson,0005 FACKLER COMM CTR,U.S. Senate,,REP,Steve Marshall,39
Jackson,0006 FLAT ROCK RURI BLDG,Proposed Statewide Amendment 1,,,No,34
Jackson,0006 FLAT ROCK RURI BLDG,Proposed Statewide Amendment 1,,,Yes,197
Jackson,0006 FLAT ROCK RURI BLDG,Governor,,DEM,"Chad ""Chig"" Martin",1
Jackson,0006 FLAT ROCK RURI BLDG,Governor,,DEM,Doug Jones,18
Jackson,0006 FLAT ROCK RURI BLDG,Governor,,DEM,Jamel J. Brown,0
Jackson,0006 FLAT ROCK RURI BLDG,Governor,,DEM,"Nathan ""Nate"" Mathis",0
Jackson,0006 FLAT ROCK RURI BLDG,Governor,,DEM,Will Boyd,4
Jackson,0006 FLAT ROCK RURI BLDG,Governor,,DEM,Yolanda Rochelle Flowers,3
Jackson,0006 FLAT ROCK RURI BLDG,Lieutenant Governor,,DEM,Darryl D. Perryman,8
Jackson,0006 FLAT ROCK RURI BLDG,Lieutenant Governor,,DEM,Phillip Ensler,18
Jackson,0006 FLAT ROCK RURI BLDG,"Public Service Commissioner, Place 1",,DEM,James O. Gordon,4
Jackson,0006 FLAT ROCK RURI BLDG,"Public Service Commissioner, Place 1",,DEM,Jeff Ramsey,17
Jackson,0006 FLAT ROCK RURI BLDG,"Public Service Commissioner, Place 1",,DEM,John Northrop,5
Jackson,0006 FLAT ROCK RURI BLDG,U.S. House,5,DEM,Andrew Sneed,14
Jackson,0006 FLAT ROCK RURI BLDG,U.S. House,5,DEM,Candice Dollar Duvieilh,7
Jackson,0006 FLAT ROCK RURI BLDG,U.S. House,5,DEM,Jeremy Devito,5
Jackson,0006 FLAT ROCK RURI BLDG,U.S. Senate,,DEM,Dakarai Larriett,2
Jackson,0006 FLAT ROCK RURI BLDG,U.S. Senate,,DEM,Everett Wess,10
Jackson,0006 FLAT ROCK RURI BLDG,U.S. Senate,,DEM,Kyle Sweetser,7
Jackson,0006 FLAT ROCK RURI BLDG,U.S. Senate,,DEM,Mark S. Wheeler II,7
Jackson,0006 FLAT ROCK RURI BLDG,Attorney General,,REP,Jay Mitchell,88
Jackson,0006 FLAT ROCK RURI BLDG,Attorney General,,REP,Katherine Robertson,51
Jackson,0006 FLAT ROCK RURI BLDG,Attorney General,,REP,Pamela L. Casey,57
Jackson,0006 FLAT ROCK RURI BLDG,"Chairman, Jackson County Commission",,REP,Bill Nance,94
Jackson,0006 FLAT ROCK RURI BLDG,"Chairman, Jackson County Commission",,REP,Zac Talley,99
Jackson,0006 FLAT ROCK RURI BLDG,Commissioner of Agriculture and Industries,,REP,Christina Woerner McInnis,40
Jackson,0006 FLAT ROCK RURI BLDG,Commissioner of Agriculture and Industries,,REP,Cory Hill,81
Jackson,0006 FLAT ROCK RURI BLDG,Commissioner of Agriculture and Industries,,REP,Jack Williams,61
Jackson,0006 FLAT ROCK RURI BLDG,Governor,,REP,"""Alabama"" Will Santivasci",13
Jackson,0006 FLAT ROCK RURI BLDG,Governor,,REP,Ken McFeeters,13
Jackson,0006 FLAT ROCK RURI BLDG,Governor,,REP,Thomas Tuberville,183
Jackson,0006 FLAT ROCK RURI BLDG,Jackson County Coroner,,REP,John David Jordan,127
Jackson,0006 FLAT ROCK RURI BLDG,Jackson County Coroner,,REP,Tony Lee Watson,61
Jackson,0006 FLAT ROCK RURI BLDG,Jackson County Sheriff,,REP,Bradley James Talley,70
Jackson,0006 FLAT ROCK RURI BLDG,Jackson County Sheriff,,REP,Craig Holcomb,84
Jackson,0006 FLAT ROCK RURI BLDG,Jackson County Sheriff,,REP,Eric Woodall,15
Jackson,0006 FLAT ROCK RURI BLDG,Jackson County Sheriff,,REP,Tony Baker,43
Jackson,0006 FLAT ROCK RURI BLDG,Lieutenant Governor,,REP,George Childress,4
Jackson,0006 FLAT ROCK RURI BLDG,Lieutenant Governor,,REP,John Wahl,74
Jackson,0006 FLAT ROCK RURI BLDG,Lieutenant Governor,,REP,Nicole Jones Wadsworth,6
Jackson,0006 FLAT ROCK RURI BLDG,Lieutenant Governor,,REP,Pat Bishop,7
Jackson,0006 FLAT ROCK RURI BLDG,Lieutenant Governor,,REP,Rick Pate,28
Jackson,0006 FLAT ROCK RURI BLDG,Lieutenant Governor,,REP,Stewart Hill Tankersley,8
Jackson,0006 FLAT ROCK RURI BLDG,Lieutenant Governor,,REP,Wes Allen,69
Jackson,0006 FLAT ROCK RURI BLDG,"Member, Jackson County Commission, District No. 1",,REP,Chris Gulley,98
Jackson,0006 FLAT ROCK RURI BLDG,"Member, Jackson County Commission, District No. 1",,REP,David Keith Blizard,67
Jackson,0006 FLAT ROCK RURI BLDG,"Member, Jackson County Commission, District No. 1",,REP,John Peacock,37
Jackson,0006 FLAT ROCK RURI BLDG,"Public Service Commission, Place No. 1",,REP,Jeremy H. Oden,36
Jackson,0006 FLAT ROCK RURI BLDG,"Public Service Commission, Place No. 1",,REP,Matt Gentry,139
Jackson,0006 FLAT ROCK RURI BLDG,"Public Service Commission, Place No. 2",,REP,Brent Woodall,54
Jackson,0006 FLAT ROCK RURI BLDG,"Public Service Commission, Place No. 2",,REP,Chris Beeker,46
Jackson,0006 FLAT ROCK RURI BLDG,"Public Service Commission, Place No. 2",,REP,Jim Zig Zeigler,50
Jackson,0006 FLAT ROCK RURI BLDG,"Public Service Commission, Place No. 2",,REP,Priscilla Andrews,24
Jackson,0006 FLAT ROCK RURI BLDG,School Board,,REP,Josh Fralick,101
Jackson,0006 FLAT ROCK RURI BLDG,School Board,,REP,"Robert ""Robbie"" King",92
Jackson,0006 FLAT ROCK RURI BLDG,Secretary of State,,REP,Caroleene Dobson,91
Jackson,0006 FLAT ROCK RURI BLDG,Secretary of State,,REP,Christopher Christian Horn,51
Jackson,0006 FLAT ROCK RURI BLDG,Secretary of State,,REP,Glenda S. Jackson,33
Jackson,0006 FLAT ROCK RURI BLDG,State Auditor,,REP,Andrew Sorrell,122
Jackson,0006 FLAT ROCK RURI BLDG,State Auditor,,REP,Derek Chen,50
Jackson,0006 FLAT ROCK RURI BLDG,State Board of Education,8,REP,Connie Spears,35
Jackson,0006 FLAT ROCK RURI BLDG,State Board of Education,8,REP,Emily Jones,93
Jackson,0006 FLAT ROCK RURI BLDG,State Board of Education,8,REP,William Matthews,57
Jackson,0006 FLAT ROCK RURI BLDG,State Treasurer,,REP,Steve Lolley,80
Jackson,0006 FLAT ROCK RURI BLDG,State Treasurer,,REP,Young Boozer,103
Jackson,0006 FLAT ROCK RURI BLDG,U.S. Senate,,REP,Barry Moore,91
Jackson,0006 FLAT ROCK RURI BLDG,U.S. Senate,,REP,Dale Shelton Deas Jr.,4
Jackson,0006 FLAT ROCK RURI BLDG,U.S. Senate,,REP,Jared Hudson,39
Jackson,0006 FLAT ROCK RURI BLDG,U.S. Senate,,REP,Morgan Murphy,1
Jackson,0006 FLAT ROCK RURI BLDG,U.S. Senate,,REP,Rodney Walker,9
Jackson,0006 FLAT ROCK RURI BLDG,U.S. Senate,,REP,Seth Burton,6
Jackson,0006 FLAT ROCK RURI BLDG,U.S. Senate,,REP,Steve Marshall,51
Jackson,0007 HOLLYWOOD CITY HALL,Proposed Statewide Amendment 1,,,No,37
Jackson,0007 HOLLYWOOD CITY HALL,Proposed Statewide Amendment 1,,,Yes,257
Jackson,0007 HOLLYWOOD CITY HALL,Governor,,DEM,"Chad ""Chig"" Martin",6
Jackson,0007 HOLLYWOOD CITY HALL,Governor,,DEM,Doug Jones,42
Jackson,0007 HOLLYWOOD CITY HALL,Governor,,DEM,Jamel J. Brown,4
Jackson,0007 HOLLYWOOD CITY HALL,Governor,,DEM,"Nathan ""Nate"" Mathis",0
Jackson,0007 HOLLYWOOD CITY HALL,Governor,,DEM,Will Boyd,6
Jackson,0007 HOLLYWOOD CITY HALL,Governor,,DEM,Yolanda Rochelle Flowers,3
Jackson,0007 HOLLYWOOD CITY HALL,Lieutenant Governor,,DEM,Darryl D. Perryman,17
Jackson,0007 HOLLYWOOD CITY HALL,Lieutenant Governor,,DEM,Phillip Ensler,41
Jackson,0007 HOLLYWOOD CITY HALL,"Public Service Commissioner, Place 1",,DEM,James O. Gordon,37
Jackson,0007 HOLLYWOOD CITY HALL,"Public Service Commissioner, Place 1",,DEM,Jeff Ramsey,11
Jackson,0007 HOLLYWOOD CITY HALL,"Public Service Commissioner, Place 1",,DEM,John Northrop,9
Jackson,0007 HOLLYWOOD CITY HALL,U.S. House,5,DEM,Andrew Sneed,27
Jackson,0007 HOLLYWOOD CITY HALL,U.S. House,5,DEM,Candice Dollar Duvieilh,22
Jackson,0007 HOLLYWOOD CITY HALL,U.S. House,5,DEM,Jeremy Devito,9
Jackson,0007 HOLLYWOOD CITY HALL,U.S. Senate,,DEM,Dakarai Larriett,7
Jackson,0007 HOLLYWOOD CITY HALL,U.S. Senate,,DEM,Everett Wess,32
Jackson,0007 HOLLYWOOD CITY HALL,U.S. Senate,,DEM,Kyle Sweetser,8
Jackson,0007 HOLLYWOOD CITY HALL,U.S. Senate,,DEM,Mark S. Wheeler II,11
Jackson,0007 HOLLYWOOD CITY HALL,Attorney General,,REP,Jay Mitchell,83
Jackson,0007 HOLLYWOOD CITY HALL,Attorney General,,REP,Katherine Robertson,90
Jackson,0007 HOLLYWOOD CITY HALL,Attorney General,,REP,Pamela L. Casey,47
Jackson,0007 HOLLYWOOD CITY HALL,"Chairman, Jackson County Commission",,REP,Bill Nance,147
Jackson,0007 HOLLYWOOD CITY HALL,"Chairman, Jackson County Commission",,REP,Zac Talley,89
Jackson,0007 HOLLYWOOD CITY HALL,Commissioner of Agriculture and Industries,,REP,Christina Woerner McInnis,40
Jackson,0007 HOLLYWOOD CITY HALL,Commissioner of Agriculture and Industries,,REP,Cory Hill,96
Jackson,0007 HOLLYWOOD CITY HALL,Commissioner of Agriculture and Industries,,REP,Jack Williams,74
Jackson,0007 HOLLYWOOD CITY HALL,Governor,,REP,"""Alabama"" Will Santivasci",14
Jackson,0007 HOLLYWOOD CITY HALL,Governor,,REP,Ken McFeeters,20
Jackson,0007 HOLLYWOOD CITY HALL,Governor,,REP,Thomas Tuberville,210
Jackson,0007 HOLLYWOOD CITY HALL,Jackson County Coroner,,REP,John David Jordan,187
Jackson,0007 HOLLYWOOD CITY HALL,Jackson County Coroner,,REP,Tony Lee Watson,62
Jackson,0007 HOLLYWOOD CITY HALL,Jackson County Sheriff,,REP,Bradley James Talley,15
Jackson,0007 HOLLYWOOD CITY HALL,Jackson County Sheriff,,REP,Craig Holcomb,151
Jackson,0007 HOLLYWOOD CITY HALL,Jackson County Sheriff,,REP,Eric Woodall,56
Jackson,0007 HOLLYWOOD CITY HALL,Jackson County Sheriff,,REP,Tony Baker,31
Jackson,0007 HOLLYWOOD CITY HALL,Lieutenant Governor,,REP,George Childress,5
Jackson,0007 HOLLYWOOD CITY HALL,Lieutenant Governor,,REP,John Wahl,85
Jackson,0007 HOLLYWOOD CITY HALL,Lieutenant Governor,,REP,Nicole Jones Wadsworth,14
Jackson,0007 HOLLYWOOD CITY HALL,Lieutenant Governor,,REP,Pat Bishop,9
Jackson,0007 HOLLYWOOD CITY HALL,Lieutenant Governor,,REP,Rick Pate,18
Jackson,0007 HOLLYWOOD CITY HALL,Lieutenant Governor,,REP,Stewart Hill Tankersley,6
Jackson,0007 HOLLYWOOD CITY HALL,Lieutenant Governor,,REP,Wes Allen,91
Jackson,0007 HOLLYWOOD CITY HALL,"Member, Jackson County Commission, District No. 1",,REP,Chris Gulley,128
Jackson,0007 HOLLYWOOD CITY HALL,"Member, Jackson County Commission, District No. 1",,REP,David Keith Blizard,62
Jackson,0007 HOLLYWOOD CITY HALL,"Member, Jackson County Commission, District No. 1",,REP,John Peacock,37
Jackson,0007 HOLLYWOOD CITY HALL,"Public Service Commission, Place No. 1",,REP,Jeremy H. Oden,47
Jackson,0007 HOLLYWOOD CITY HALL,"Public Service Commission, Place No. 1",,REP,Matt Gentry,159
Jackson,0007 HOLLYWOOD CITY HALL,"Public Service Commission, Place No. 2",,REP,Brent Woodall,66
Jackson,0007 HOLLYWOOD CITY HALL,"Public Service Commission, Place No. 2",,REP,Chris Beeker,51
Jackson,0007 HOLLYWOOD CITY HALL,"Public Service Commission, Place No. 2",,REP,Jim Zig Zeigler,64
Jackson,0007 HOLLYWOOD CITY HALL,"Public Service Commission, Place No. 2",,REP,Priscilla Andrews,23
Jackson,0007 HOLLYWOOD CITY HALL,School Board,,REP,Josh Fralick,90
Jackson,0007 HOLLYWOOD CITY HALL,School Board,,REP,"Robert ""Robbie"" King",135
Jackson,0007 HOLLYWOOD CITY HALL,Secretary of State,,REP,Caroleene Dobson,107
Jackson,0007 HOLLYWOOD CITY HALL,Secretary of State,,REP,Christopher Christian Horn,50
Jackson,0007 HOLLYWOOD CITY HALL,Secretary of State,,REP,Glenda S. Jackson,47
Jackson,0007 HOLLYWOOD CITY HALL,State Auditor,,REP,Andrew Sorrell,134
Jackson,0007 HOLLYWOOD CITY HALL,State Auditor,,REP,Derek Chen,70
Jackson,0007 HOLLYWOOD CITY HALL,State Board of Education,8,REP,Connie Spears,63
Jackson,0007 HOLLYWOOD CITY HALL,State Board of Education,8,REP,Emily Jones,62
Jackson,0007 HOLLYWOOD CITY HALL,State Board of Education,8,REP,William Matthews,76
Jackson,0007 HOLLYWOOD CITY HALL,State Treasurer,,REP,Steve Lolley,98
Jackson,0007 HOLLYWOOD CITY HALL,State Treasurer,,REP,Young Boozer,108
Jackson,0007 HOLLYWOOD CITY HALL,U.S. Senate,,REP,Barry Moore,86
Jackson,0007 HOLLYWOOD CITY HALL,U.S. Senate,,REP,Dale Shelton Deas Jr.,4
Jackson,0007 HOLLYWOOD CITY HALL,U.S. Senate,,REP,Jared Hudson,36
Jackson,0007 HOLLYWOOD CITY HALL,U.S. Senate,,REP,Morgan Murphy,2
Jackson,0007 HOLLYWOOD CITY HALL,U.S. Senate,,REP,Rodney Walker,11
Jackson,0007 HOLLYWOOD CITY HALL,U.S. Senate,,REP,Seth Burton,9
Jackson,0007 HOLLYWOOD CITY HALL,U.S. Senate,,REP,Steve Marshall,83
Jackson,0008 PISGAH CITY HALL,Proposed Statewide Amendment 1,,,No,29
Jackson,0008 PISGAH CITY HALL,Proposed Statewide Amendment 1,,,Yes,258
Jackson,0008 PISGAH CITY HALL,Governor,,DEM,"Chad ""Chig"" Martin",0
Jackson,0008 PISGAH CITY HALL,Governor,,DEM,Doug Jones,33
Jackson,0008 PISGAH CITY HALL,Governor,,DEM,Jamel J. Brown,0
Jackson,0008 PISGAH CITY HALL,Governor,,DEM,"Nathan ""Nate"" Mathis",1
Jackson,0008 PISGAH CITY HALL,Governor,,DEM,Will Boyd,8
Jackson,0008 PISGAH CITY HALL,Governor,,DEM,Yolanda Rochelle Flowers,0
Jackson,0008 PISGAH CITY HALL,Lieutenant Governor,,DEM,Darryl D. Perryman,17
Jackson,0008 PISGAH CITY HALL,Lieutenant Governor,,DEM,Phillip Ensler,19
Jackson,0008 PISGAH CITY HALL,"Public Service Commissioner, Place 1",,DEM,James O. Gordon,11
Jackson,0008 PISGAH CITY HALL,"Public Service Commissioner, Place 1",,DEM,Jeff Ramsey,20
Jackson,0008 PISGAH CITY HALL,"Public Service Commissioner, Place 1",,DEM,John Northrop,5
Jackson,0008 PISGAH CITY HALL,U.S. House,5,DEM,Andrew Sneed,16
Jackson,0008 PISGAH CITY HALL,U.S. House,5,DEM,Candice Dollar Duvieilh,16
Jackson,0008 PISGAH CITY HALL,U.S. House,5,DEM,Jeremy Devito,6
Jackson,0008 PISGAH CITY HALL,U.S. Senate,,DEM,Dakarai Larriett,6
Jackson,0008 PISGAH CITY HALL,U.S. Senate,,DEM,Everett Wess,2
Jackson,0008 PISGAH CITY HALL,U.S. Senate,,DEM,Kyle Sweetser,10
Jackson,0008 PISGAH CITY HALL,U.S. Senate,,DEM,Mark S. Wheeler II,18
Jackson,0008 PISGAH CITY HALL,Attorney General,,REP,Jay Mitchell,101
Jackson,0008 PISGAH CITY HALL,Attorney General,,REP,Katherine Robertson,87
Jackson,0008 PISGAH CITY HALL,Attorney General,,REP,Pamela L. Casey,52
Jackson,0008 PISGAH CITY HALL,"Chairman, Jackson County Commission",,REP,Bill Nance,150
Jackson,0008 PISGAH CITY HALL,"Chairman, Jackson County Commission",,REP,Zac Talley,77
Jackson,0008 PISGAH CITY HALL,Commissioner of Agriculture and Industries,,REP,Christina Woerner McInnis,57
Jackson,0008 PISGAH CITY HALL,Commissioner of Agriculture and Industries,,REP,Cory Hill,71
Jackson,0008 PISGAH CITY HALL,Commissioner of Agriculture and Industries,,REP,Jack Williams,95
Jackson,0008 PISGAH CITY HALL,Governor,,REP,"""Alabama"" Will Santivasci",16
Jackson,0008 PISGAH CITY HALL,Governor,,REP,Ken McFeeters,23
Jackson,0008 PISGAH CITY HALL,Governor,,REP,Thomas Tuberville,213
Jackson,0008 PISGAH CITY HALL,Jackson County Coroner,,REP,John David Jordan,181
Jackson,0008 PISGAH CITY HALL,Jackson County Coroner,,REP,Tony Lee Watson,49
Jackson,0008 PISGAH CITY HALL,Jackson County Sheriff,,REP,Bradley James Talley,21
Jackson,0008 PISGAH CITY HALL,Jackson County Sheriff,,REP,Craig Holcomb,103
Jackson,0008 PISGAH CITY HALL,Jackson County Sheriff,,REP,Eric Woodall,57
Jackson,0008 PISGAH CITY HALL,Jackson County Sheriff,,REP,Tony Baker,75
Jackson,0008 PISGAH CITY HALL,Lieutenant Governor,,REP,George Childress,7
Jackson,0008 PISGAH CITY HALL,Lieutenant Governor,,REP,John Wahl,98
Jackson,0008 PISGAH CITY HALL,Lieutenant Governor,,REP,Nicole Jones Wadsworth,11
Jackson,0008 PISGAH CITY HALL,Lieutenant Governor,,REP,Pat Bishop,5
Jackson,0008 PISGAH CITY HALL,Lieutenant Governor,,REP,Rick Pate,26
Jackson,0008 PISGAH CITY HALL,Lieutenant Governor,,REP,Stewart Hill Tankersley,6
Jackson,0008 PISGAH CITY HALL,Lieutenant Governor,,REP,Wes Allen,86
Jackson,0008 PISGAH CITY HALL,"Member, Jackson County Commission, District No. 1",,REP,Chris Gulley,128
Jackson,0008 PISGAH CITY HALL,"Member, Jackson County Commission, District No. 1",,REP,David Keith Blizard,57
Jackson,0008 PISGAH CITY HALL,"Member, Jackson County Commission, District No. 1",,REP,John Peacock,33
Jackson,0008 PISGAH CITY HALL,"Public Service Commission, Place No. 1",,REP,Jeremy H. Oden,49
Jackson,0008 PISGAH CITY HALL,"Public Service Commission, Place No. 1",,REP,Matt Gentry,165
Jackson,0008 PISGAH CITY HALL,"Public Service Commission, Place No. 2",,REP,Brent Woodall,56
Jackson,0008 PISGAH CITY HALL,"Public Service Commission, Place No. 2",,REP,Chris Beeker,50
Jackson,0008 PISGAH CITY HALL,"Public Service Commission, Place No. 2",,REP,Jim Zig Zeigler,82
Jackson,0008 PISGAH CITY HALL,"Public Service Commission, Place No. 2",,REP,Priscilla Andrews,24
Jackson,0008 PISGAH CITY HALL,School Board,,REP,Josh Fralick,71
Jackson,0008 PISGAH CITY HALL,School Board,,REP,"Robert ""Robbie"" King",159
Jackson,0008 PISGAH CITY HALL,Secretary of State,,REP,Caroleene Dobson,120
Jackson,0008 PISGAH CITY HALL,Secretary of State,,REP,Christopher Christian Horn,60
Jackson,0008 PISGAH CITY HALL,Secretary of State,,REP,Glenda S. Jackson,40
Jackson,0008 PISGAH CITY HALL,State Auditor,,REP,Andrew Sorrell,161
Jackson,0008 PISGAH CITY HALL,State Auditor,,REP,Derek Chen,59
Jackson,0008 PISGAH CITY HALL,State Board of Education,8,REP,Connie Spears,45
Jackson,0008 PISGAH CITY HALL,State Board of Education,8,REP,Emily Jones,123
Jackson,0008 PISGAH CITY HALL,State Board of Education,8,REP,William Matthews,61
Jackson,0008 PISGAH CITY HALL,State Treasurer,,REP,Steve Lolley,77
Jackson,0008 PISGAH CITY HALL,State Treasurer,,REP,Young Boozer,145
Jackson,0008 PISGAH CITY HALL,U.S. Senate,,REP,Barry Moore,101
Jackson,0008 PISGAH CITY HALL,U.S. Senate,,REP,Dale Shelton Deas Jr.,7
Jackson,0008 PISGAH CITY HALL,U.S. Senate,,REP,Jared Hudson,53
Jackson,0008 PISGAH CITY HALL,U.S. Senate,,REP,Morgan Murphy,2
Jackson,0008 PISGAH CITY HALL,U.S. Senate,,REP,Rodney Walker,6
Jackson,0008 PISGAH CITY HALL,U.S. Senate,,REP,Seth Burton,8
Jackson,0008 PISGAH CITY HALL,U.S. Senate,,REP,Steve Marshall,72
Jackson,0009 LANGSTON CITY HALL,Proposed Statewide Amendment 1,,,No,10
Jackson,0009 LANGSTON CITY HALL,Proposed Statewide Amendment 1,,,Yes,72
Jackson,0009 LANGSTON CITY HALL,Governor,,DEM,"Chad ""Chig"" Martin",0
Jackson,0009 LANGSTON CITY HALL,Governor,,DEM,Doug Jones,13
Jackson,0009 LANGSTON CITY HALL,Governor,,DEM,Jamel J. Brown,0
Jackson,0009 LANGSTON CITY HALL,Governor,,DEM,"Nathan ""Nate"" Mathis",0
Jackson,0009 LANGSTON CITY HALL,Governor,,DEM,Will Boyd,0
Jackson,0009 LANGSTON CITY HALL,Governor,,DEM,Yolanda Rochelle Flowers,1
Jackson,0009 LANGSTON CITY HALL,Lieutenant Governor,,DEM,Darryl D. Perryman,1
Jackson,0009 LANGSTON CITY HALL,Lieutenant Governor,,DEM,Phillip Ensler,10
Jackson,0009 LANGSTON CITY HALL,"Public Service Commissioner, Place 1",,DEM,James O. Gordon,2
Jackson,0009 LANGSTON CITY HALL,"Public Service Commissioner, Place 1",,DEM,Jeff Ramsey,6
Jackson,0009 LANGSTON CITY HALL,"Public Service Commissioner, Place 1",,DEM,John Northrop,3
Jackson,0009 LANGSTON CITY HALL,U.S. House,5,DEM,Andrew Sneed,6
Jackson,0009 LANGSTON CITY HALL,U.S. House,5,DEM,Candice Dollar Duvieilh,3
Jackson,0009 LANGSTON CITY HALL,U.S. House,5,DEM,Jeremy Devito,2
Jackson,0009 LANGSTON CITY HALL,U.S. Senate,,DEM,Dakarai Larriett,0
Jackson,0009 LANGSTON CITY HALL,U.S. Senate,,DEM,Everett Wess,0
Jackson,0009 LANGSTON CITY HALL,U.S. Senate,,DEM,Kyle Sweetser,5
Jackson,0009 LANGSTON CITY HALL,U.S. Senate,,DEM,Mark S. Wheeler II,6
Jackson,0009 LANGSTON CITY HALL,Attorney General,,REP,Jay Mitchell,22
Jackson,0009 LANGSTON CITY HALL,Attorney General,,REP,Katherine Robertson,27
Jackson,0009 LANGSTON CITY HALL,Attorney General,,REP,Pamela L. Casey,17
Jackson,0009 LANGSTON CITY HALL,"Chairman, Jackson County Commission",,REP,Bill Nance,45
Jackson,0009 LANGSTON CITY HALL,"Chairman, Jackson County Commission",,REP,Zac Talley,21
Jackson,0009 LANGSTON CITY HALL,Commissioner of Agriculture and Industries,,REP,Christina Woerner McInnis,20
Jackson,0009 LANGSTON CITY HALL,Commissioner of Agriculture and Industries,,REP,Cory Hill,22
Jackson,0009 LANGSTON CITY HALL,Commissioner of Agriculture and Industries,,REP,Jack Williams,24
Jackson,0009 LANGSTON CITY HALL,Governor,,REP,"""Alabama"" Will Santivasci",3
Jackson,0009 LANGSTON CITY HALL,Governor,,REP,Ken McFeeters,12
Jackson,0009 LANGSTON CITY HALL,Governor,,REP,Thomas Tuberville,57
Jackson,0009 LANGSTON CITY HALL,Jackson County Coroner,,REP,John David Jordan,52
Jackson,0009 LANGSTON CITY HALL,Jackson County Coroner,,REP,Tony Lee Watson,15
Jackson,0009 LANGSTON CITY HALL,Jackson County Sheriff,,REP,Bradley James Talley,1
Jackson,0009 LANGSTON CITY HALL,Jackson County Sheriff,,REP,Craig Holcomb,34
Jackson,0009 LANGSTON CITY HALL,Jackson County Sheriff,,REP,Eric Woodall,17
Jackson,0009 LANGSTON CITY HALL,Jackson County Sheriff,,REP,Tony Baker,19
Jackson,0009 LANGSTON CITY HALL,Lieutenant Governor,,REP,George Childress,3
Jackson,0009 LANGSTON CITY HALL,Lieutenant Governor,,REP,John Wahl,36
Jackson,0009 LANGSTON CITY HALL,Lieutenant Governor,,REP,Nicole Jones Wadsworth,1
Jackson,0009 LANGSTON CITY HALL,Lieutenant Governor,,REP,Pat Bishop,3
Jackson,0009 LANGSTON CITY HALL,Lieutenant Governor,,REP,Rick Pate,4
Jackson,0009 LANGSTON CITY HALL,Lieutenant Governor,,REP,Stewart Hill Tankersley,3
Jackson,0009 LANGSTON CITY HALL,Lieutenant Governor,,REP,Wes Allen,17
Jackson,0009 LANGSTON CITY HALL,"Member, Jackson County Commission, District No. 1",,REP,Chris Gulley,43
Jackson,0009 LANGSTON CITY HALL,"Member, Jackson County Commission, District No. 1",,REP,David Keith Blizard,13
Jackson,0009 LANGSTON CITY HALL,"Member, Jackson County Commission, District No. 1",,REP,John Peacock,12
Jackson,0009 LANGSTON CITY HALL,"Public Service Commission, Place No. 1",,REP,Jeremy H. Oden,21
Jackson,0009 LANGSTON CITY HALL,"Public Service Commission, Place No. 1",,REP,Matt Gentry,44
Jackson,0009 LANGSTON CITY HALL,"Public Service Commission, Place No. 2",,REP,Brent Woodall,21
Jackson,0009 LANGSTON CITY HALL,"Public Service Commission, Place No. 2",,REP,Chris Beeker,17
Jackson,0009 LANGSTON CITY HALL,"Public Service Commission, Place No. 2",,REP,Jim Zig Zeigler,14
Jackson,0009 LANGSTON CITY HALL,"Public Service Commission, Place No. 2",,REP,Priscilla Andrews,12
Jackson,0009 LANGSTON CITY HALL,School Board,,REP,Josh Fralick,41
Jackson,0009 LANGSTON CITY HALL,School Board,,REP,"Robert ""Robbie"" King",26
Jackson,0009 LANGSTON CITY HALL,Secretary of State,,REP,Caroleene Dobson,42
Jackson,0009 LANGSTON CITY HALL,Secretary of State,,REP,Christopher Christian Horn,12
Jackson,0009 LANGSTON CITY HALL,Secretary of State,,REP,Glenda S. Jackson,10
Jackson,0009 LANGSTON CITY HALL,State Auditor,,REP,Andrew Sorrell,50
Jackson,0009 LANGSTON CITY HALL,State Auditor,,REP,Derek Chen,16
Jackson,0009 LANGSTON CITY HALL,State Board of Education,8,REP,Connie Spears,26
Jackson,0009 LANGSTON CITY HALL,State Board of Education,8,REP,Emily Jones,19
Jackson,0009 LANGSTON CITY HALL,State Board of Education,8,REP,William Matthews,19
Jackson,0009 LANGSTON CITY HALL,State Treasurer,,REP,Steve Lolley,37
Jackson,0009 LANGSTON CITY HALL,State Treasurer,,REP,Young Boozer,29
Jackson,0009 LANGSTON CITY HALL,U.S. Senate,,REP,Barry Moore,27
Jackson,0009 LANGSTON CITY HALL,U.S. Senate,,REP,Dale Shelton Deas Jr.,1
Jackson,0009 LANGSTON CITY HALL,U.S. Senate,,REP,Jared Hudson,8
Jackson,0009 LANGSTON CITY HALL,U.S. Senate,,REP,Morgan Murphy,1
Jackson,0009 LANGSTON CITY HALL,U.S. Senate,,REP,Rodney Walker,6
Jackson,0009 LANGSTON CITY HALL,U.S. Senate,,REP,Seth Burton,1
Jackson,0009 LANGSTON CITY HALL,U.S. Senate,,REP,Steve Marshall,27
Jackson,0010 TUPE/PIKE CH CHRIST,Proposed Statewide Amendment 1,,,No,15
Jackson,0010 TUPE/PIKE CH CHRIST,Proposed Statewide Amendment 1,,,Yes,105
Jackson,0010 TUPE/PIKE CH CHRIST,Governor,,DEM,"Chad ""Chig"" Martin",0
Jackson,0010 TUPE/PIKE CH CHRIST,Governor,,DEM,Doug Jones,4
Jackson,0010 TUPE/PIKE CH CHRIST,Governor,,DEM,Jamel J. Brown,0
Jackson,0010 TUPE/PIKE CH CHRIST,Governor,,DEM,"Nathan ""Nate"" Mathis",0
Jackson,0010 TUPE/PIKE CH CHRIST,Governor,,DEM,Will Boyd,2
Jackson,0010 TUPE/PIKE CH CHRIST,Governor,,DEM,Yolanda Rochelle Flowers,0
Jackson,0010 TUPE/PIKE CH CHRIST,Lieutenant Governor,,DEM,Darryl D. Perryman,2
Jackson,0010 TUPE/PIKE CH CHRIST,Lieutenant Governor,,DEM,Phillip Ensler,3
Jackson,0010 TUPE/PIKE CH CHRIST,"Public Service Commissioner, Place 1",,DEM,James O. Gordon,1
Jackson,0010 TUPE/PIKE CH CHRIST,"Public Service Commissioner, Place 1",,DEM,Jeff Ramsey,3
Jackson,0010 TUPE/PIKE CH CHRIST,"Public Service Commissioner, Place 1",,DEM,John Northrop,1
Jackson,0010 TUPE/PIKE CH CHRIST,U.S. House,5,DEM,Andrew Sneed,1
Jackson,0010 TUPE/PIKE CH CHRIST,U.S. House,5,DEM,Candice Dollar Duvieilh,2
Jackson,0010 TUPE/PIKE CH CHRIST,U.S. House,5,DEM,Jeremy Devito,2
Jackson,0010 TUPE/PIKE CH CHRIST,U.S. Senate,,DEM,Dakarai Larriett,0
Jackson,0010 TUPE/PIKE CH CHRIST,U.S. Senate,,DEM,Everett Wess,0
Jackson,0010 TUPE/PIKE CH CHRIST,U.S. Senate,,DEM,Kyle Sweetser,2
Jackson,0010 TUPE/PIKE CH CHRIST,U.S. Senate,,DEM,Mark S. Wheeler II,3
Jackson,0010 TUPE/PIKE CH CHRIST,Attorney General,,REP,Jay Mitchell,41
Jackson,0010 TUPE/PIKE CH CHRIST,Attorney General,,REP,Katherine Robertson,45
Jackson,0010 TUPE/PIKE CH CHRIST,Attorney General,,REP,Pamela L. Casey,25
Jackson,0010 TUPE/PIKE CH CHRIST,"Chairman, Jackson County Commission",,REP,Bill Nance,74
Jackson,0010 TUPE/PIKE CH CHRIST,"Chairman, Jackson County Commission",,REP,Zac Talley,40
Jackson,0010 TUPE/PIKE CH CHRIST,Commissioner of Agriculture and Industries,,REP,Christina Woerner McInnis,14
Jackson,0010 TUPE/PIKE CH CHRIST,Commissioner of Agriculture and Industries,,REP,Cory Hill,53
Jackson,0010 TUPE/PIKE CH CHRIST,Commissioner of Agriculture and Industries,,REP,Jack Williams,39
Jackson,0010 TUPE/PIKE CH CHRIST,Governor,,REP,"""Alabama"" Will Santivasci",8
Jackson,0010 TUPE/PIKE CH CHRIST,Governor,,REP,Ken McFeeters,7
Jackson,0010 TUPE/PIKE CH CHRIST,Governor,,REP,Thomas Tuberville,105
Jackson,0010 TUPE/PIKE CH CHRIST,Jackson County Coroner,,REP,John David Jordan,93
Jackson,0010 TUPE/PIKE CH CHRIST,Jackson County Coroner,,REP,Tony Lee Watson,19
Jackson,0010 TUPE/PIKE CH CHRIST,Jackson County Sheriff,,REP,Bradley James Talley,4
Jackson,0010 TUPE/PIKE CH CHRIST,Jackson County Sheriff,,REP,Craig Holcomb,60
Jackson,0010 TUPE/PIKE CH CHRIST,Jackson County Sheriff,,REP,Eric Woodall,30
Jackson,0010 TUPE/PIKE CH CHRIST,Jackson County Sheriff,,REP,Tony Baker,22
Jackson,0010 TUPE/PIKE CH CHRIST,Lieutenant Governor,,REP,George Childress,1
Jackson,0010 TUPE/PIKE CH CHRIST,Lieutenant Governor,,REP,John Wahl,43
Jackson,0010 TUPE/PIKE CH CHRIST,Lieutenant Governor,,REP,Nicole Jones Wadsworth,8
Jackson,0010 TUPE/PIKE CH CHRIST,Lieutenant Governor,,REP,Pat Bishop,4
Jackson,0010 TUPE/PIKE CH CHRIST,Lieutenant Governor,,REP,Rick Pate,8
Jackson,0010 TUPE/PIKE CH CHRIST,Lieutenant Governor,,REP,Stewart Hill Tankersley,2
Jackson,0010 TUPE/PIKE CH CHRIST,Lieutenant Governor,,REP,Wes Allen,46
Jackson,0010 TUPE/PIKE CH CHRIST,"Member, Jackson County Commission, District No. 1",,REP,Chris Gulley,67
Jackson,0010 TUPE/PIKE CH CHRIST,"Member, Jackson County Commission, District No. 1",,REP,David Keith Blizard,21
Jackson,0010 TUPE/PIKE CH CHRIST,"Member, Jackson County Commission, District No. 1",,REP,John Peacock,19
Jackson,0010 TUPE/PIKE CH CHRIST,"Public Service Commission, Place No. 1",,REP,Jeremy H. Oden,31
Jackson,0010 TUPE/PIKE CH CHRIST,"Public Service Commission, Place No. 1",,REP,Matt Gentry,72
Jackson,0010 TUPE/PIKE CH CHRIST,"Public Service Commission, Place No. 2",,REP,Brent Woodall,25
Jackson,0010 TUPE/PIKE CH CHRIST,"Public Service Commission, Place No. 2",,REP,Chris Beeker,33
Jackson,0010 TUPE/PIKE CH CHRIST,"Public Service Commission, Place No. 2",,REP,Jim Zig Zeigler,31
Jackson,0010 TUPE/PIKE CH CHRIST,"Public Service Commission, Place No. 2",,REP,Priscilla Andrews,6
Jackson,0010 TUPE/PIKE CH CHRIST,School Board,,REP,Josh Fralick,59
Jackson,0010 TUPE/PIKE CH CHRIST,School Board,,REP,"Robert ""Robbie"" King",41
Jackson,0010 TUPE/PIKE CH CHRIST,Secretary of State,,REP,Caroleene Dobson,59
Jackson,0010 TUPE/PIKE CH CHRIST,Secretary of State,,REP,Christopher Christian Horn,24
Jackson,0010 TUPE/PIKE CH CHRIST,Secretary of State,,REP,Glenda S. Jackson,18
Jackson,0010 TUPE/PIKE CH CHRIST,State Auditor,,REP,Andrew Sorrell,61
Jackson,0010 TUPE/PIKE CH CHRIST,State Auditor,,REP,Derek Chen,41
Jackson,0010 TUPE/PIKE CH CHRIST,State Board of Education,8,REP,Connie Spears,27
Jackson,0010 TUPE/PIKE CH CHRIST,State Board of Education,8,REP,Emily Jones,42
Jackson,0010 TUPE/PIKE CH CHRIST,State Board of Education,8,REP,William Matthews,32
Jackson,0010 TUPE/PIKE CH CHRIST,State Treasurer,,REP,Steve Lolley,46
Jackson,0010 TUPE/PIKE CH CHRIST,State Treasurer,,REP,Young Boozer,58
Jackson,0010 TUPE/PIKE CH CHRIST,U.S. Senate,,REP,Barry Moore,36
Jackson,0010 TUPE/PIKE CH CHRIST,U.S. Senate,,REP,Dale Shelton Deas Jr.,4
Jackson,0010 TUPE/PIKE CH CHRIST,U.S. Senate,,REP,Jared Hudson,41
Jackson,0010 TUPE/PIKE CH CHRIST,U.S. Senate,,REP,Morgan Murphy,0
Jackson,0010 TUPE/PIKE CH CHRIST,U.S. Senate,,REP,Rodney Walker,0
Jackson,0010 TUPE/PIKE CH CHRIST,U.S. Senate,,REP,Seth Burton,4
Jackson,0010 TUPE/PIKE CH CHRIST,U.S. Senate,,REP,Steve Marshall,29
Jackson,0011 LARKINS.STOCK BARN,Proposed Statewide Amendment 1,,,No,24
Jackson,0011 LARKINS.STOCK BARN,Proposed Statewide Amendment 1,,,Yes,202
Jackson,0011 LARKINS.STOCK BARN,Governor,,DEM,"Chad ""Chig"" Martin",0
Jackson,0011 LARKINS.STOCK BARN,Governor,,DEM,Doug Jones,8
Jackson,0011 LARKINS.STOCK BARN,Governor,,DEM,Jamel J. Brown,0
Jackson,0011 LARKINS.STOCK BARN,Governor,,DEM,"Nathan ""Nate"" Mathis",0
Jackson,0011 LARKINS.STOCK BARN,Governor,,DEM,Will Boyd,1
Jackson,0011 LARKINS.STOCK BARN,Governor,,DEM,Yolanda Rochelle Flowers,0
Jackson,0011 LARKINS.STOCK BARN,Lieutenant Governor,,DEM,Darryl D. Perryman,5
Jackson,0011 LARKINS.STOCK BARN,Lieutenant Governor,,DEM,Phillip Ensler,3
Jackson,0011 LARKINS.STOCK BARN,"Public Service Commissioner, Place 1",,DEM,James O. Gordon,0
Jackson,0011 LARKINS.STOCK BARN,"Public Service Commissioner, Place 1",,DEM,Jeff Ramsey,4
Jackson,0011 LARKINS.STOCK BARN,"Public Service Commissioner, Place 1",,DEM,John Northrop,3
Jackson,0011 LARKINS.STOCK BARN,U.S. House,5,DEM,Andrew Sneed,3
Jackson,0011 LARKINS.STOCK BARN,U.S. House,5,DEM,Candice Dollar Duvieilh,4
Jackson,0011 LARKINS.STOCK BARN,U.S. House,5,DEM,Jeremy Devito,1
Jackson,0011 LARKINS.STOCK BARN,U.S. Senate,,DEM,Dakarai Larriett,2
Jackson,0011 LARKINS.STOCK BARN,U.S. Senate,,DEM,Everett Wess,3
Jackson,0011 LARKINS.STOCK BARN,U.S. Senate,,DEM,Kyle Sweetser,0
Jackson,0011 LARKINS.STOCK BARN,U.S. Senate,,DEM,Mark S. Wheeler II,3
Jackson,0011 LARKINS.STOCK BARN,Attorney General,,REP,Jay Mitchell,65
Jackson,0011 LARKINS.STOCK BARN,Attorney General,,REP,Katherine Robertson,89
Jackson,0011 LARKINS.STOCK BARN,Attorney General,,REP,Pamela L. Casey,38
Jackson,0011 LARKINS.STOCK BARN,"Chairman, Jackson County Commission",,REP,Bill Nance,113
Jackson,0011 LARKINS.STOCK BARN,"Chairman, Jackson County Commission",,REP,Zac Talley,99
Jackson,0011 LARKINS.STOCK BARN,Commissioner of Agriculture and Industries,,REP,Christina Woerner McInnis,64
Jackson,0011 LARKINS.STOCK BARN,Commissioner of Agriculture and Industries,,REP,Cory Hill,64
Jackson,0011 LARKINS.STOCK BARN,Commissioner of Agriculture and Industries,,REP,Jack Williams,51
Jackson,0011 LARKINS.STOCK BARN,Governor,,REP,"""Alabama"" Will Santivasci",13
Jackson,0011 LARKINS.STOCK BARN,Governor,,REP,Ken McFeeters,24
Jackson,0011 LARKINS.STOCK BARN,Governor,,REP,Thomas Tuberville,181
Jackson,0011 LARKINS.STOCK BARN,Jackson County Coroner,,REP,John David Jordan,165
Jackson,0011 LARKINS.STOCK BARN,Jackson County Coroner,,REP,Tony Lee Watson,35
Jackson,0011 LARKINS.STOCK BARN,Jackson County Sheriff,,REP,Bradley James Talley,9
Jackson,0011 LARKINS.STOCK BARN,Jackson County Sheriff,,REP,Craig Holcomb,124
Jackson,0011 LARKINS.STOCK BARN,Jackson County Sheriff,,REP,Eric Woodall,48
Jackson,0011 LARKINS.STOCK BARN,Jackson County Sheriff,,REP,Tony Baker,44
Jackson,0011 LARKINS.STOCK BARN,Lieutenant Governor,,REP,George Childress,5
Jackson,0011 LARKINS.STOCK BARN,Lieutenant Governor,,REP,John Wahl,83
Jackson,0011 LARKINS.STOCK BARN,Lieutenant Governor,,REP,Nicole Jones Wadsworth,19
Jackson,0011 LARKINS.STOCK BARN,Lieutenant Governor,,REP,Pat Bishop,3
Jackson,0011 LARKINS.STOCK BARN,Lieutenant Governor,,REP,Rick Pate,14
Jackson,0011 LARKINS.STOCK BARN,Lieutenant Governor,,REP,Stewart Hill Tankersley,5
Jackson,0011 LARKINS.STOCK BARN,Lieutenant Governor,,REP,Wes Allen,74
Jackson,0011 LARKINS.STOCK BARN,"Member, Jackson County Commission, District No. 1",,REP,Chris Gulley,113
Jackson,0011 LARKINS.STOCK BARN,"Member, Jackson County Commission, District No. 1",,REP,David Keith Blizard,61
Jackson,0011 LARKINS.STOCK BARN,"Member, Jackson County Commission, District No. 1",,REP,John Peacock,27
Jackson,0011 LARKINS.STOCK BARN,"Public Service Commission, Place No. 1",,REP,Jeremy H. Oden,30
Jackson,0011 LARKINS.STOCK BARN,"Public Service Commission, Place No. 1",,REP,Matt Gentry,144
Jackson,0011 LARKINS.STOCK BARN,"Public Service Commission, Place No. 2",,REP,Brent Woodall,56
Jackson,0011 LARKINS.STOCK BARN,"Public Service Commission, Place No. 2",,REP,Chris Beeker,35
Jackson,0011 LARKINS.STOCK BARN,"Public Service Commission, Place No. 2",,REP,Jim Zig Zeigler,62
Jackson,0011 LARKINS.STOCK BARN,"Public Service Commission, Place No. 2",,REP,Priscilla Andrews,23
Jackson,0011 LARKINS.STOCK BARN,School Board,,REP,Josh Fralick,71
Jackson,0011 LARKINS.STOCK BARN,School Board,,REP,"Robert ""Robbie"" King",40
Jackson,0011 LARKINS.STOCK BARN,Secretary of State,,REP,Caroleene Dobson,117
Jackson,0011 LARKINS.STOCK BARN,Secretary of State,,REP,Christopher Christian Horn,28
Jackson,0011 LARKINS.STOCK BARN,Secretary of State,,REP,Glenda S. Jackson,32
Jackson,0011 LARKINS.STOCK BARN,State Auditor,,REP,Andrew Sorrell,143
Jackson,0011 LARKINS.STOCK BARN,State Auditor,,REP,Derek Chen,43
Jackson,0011 LARKINS.STOCK BARN,State Board of Education,8,REP,Connie Spears,47
Jackson,0011 LARKINS.STOCK BARN,State Board of Education,8,REP,Emily Jones,71
Jackson,0011 LARKINS.STOCK BARN,State Board of Education,8,REP,William Matthews,54
Jackson,0011 LARKINS.STOCK BARN,State Treasurer,,REP,Steve Lolley,74
Jackson,0011 LARKINS.STOCK BARN,State Treasurer,,REP,Young Boozer,104
Jackson,0011 LARKINS.STOCK BARN,U.S. Senate,,REP,Barry Moore,71
Jackson,0011 LARKINS.STOCK BARN,U.S. Senate,,REP,Dale Shelton Deas Jr.,4
Jackson,0011 LARKINS.STOCK BARN,U.S. Senate,,REP,Jared Hudson,48
Jackson,0011 LARKINS.STOCK BARN,U.S. Senate,,REP,Morgan Murphy,4
Jackson,0011 LARKINS.STOCK BARN,U.S. Senate,,REP,Rodney Walker,7
Jackson,0011 LARKINS.STOCK BARN,U.S. Senate,,REP,Seth Burton,16
Jackson,0011 LARKINS.STOCK BARN,U.S. Senate,,REP,Steve Marshall,55
Jackson,0012 MINK CREEK,Proposed Statewide Amendment 1,,,No,7
Jackson,0012 MINK CREEK,Proposed Statewide Amendment 1,,,Yes,90
Jackson,0012 MINK CREEK,Governor,,DEM,"Chad ""Chig"" Martin",1
Jackson,0012 MINK CREEK,Governor,,DEM,Doug Jones,12
Jackson,0012 MINK CREEK,Governor,,DEM,Jamel J. Brown,0
Jackson,0012 MINK CREEK,Governor,,DEM,"Nathan ""Nate"" Mathis",0
Jackson,0012 MINK CREEK,Governor,,DEM,Will Boyd,3
Jackson,0012 MINK CREEK,Governor,,DEM,Yolanda Rochelle Flowers,1
Jackson,0012 MINK CREEK,Lieutenant Governor,,DEM,Darryl D. Perryman,7
Jackson,0012 MINK CREEK,Lieutenant Governor,,DEM,Phillip Ensler,10
Jackson,0012 MINK CREEK,"Public Service Commissioner, Place 1",,DEM,James O. Gordon,7
Jackson,0012 MINK CREEK,"Public Service Commissioner, Place 1",,DEM,Jeff Ramsey,10
Jackson,0012 MINK CREEK,"Public Service Commissioner, Place 1",,DEM,John Northrop,0
Jackson,0012 MINK CREEK,U.S. House,5,DEM,Andrew Sneed,5
Jackson,0012 MINK CREEK,U.S. House,5,DEM,Candice Dollar Duvieilh,6
Jackson,0012 MINK CREEK,U.S. House,5,DEM,Jeremy Devito,6
Jackson,0012 MINK CREEK,U.S. Senate,,DEM,Dakarai Larriett,3
Jackson,0012 MINK CREEK,U.S. Senate,,DEM,Everett Wess,2
Jackson,0012 MINK CREEK,U.S. Senate,,DEM,Kyle Sweetser,6
Jackson,0012 MINK CREEK,U.S. Senate,,DEM,Mark S. Wheeler II,6
Jackson,0012 MINK CREEK,Attorney General,,REP,Jay Mitchell,25
Jackson,0012 MINK CREEK,Attorney General,,REP,Katherine Robertson,39
Jackson,0012 MINK CREEK,Attorney General,,REP,Pamela L. Casey,13
Jackson,0012 MINK CREEK,"Chairman, Jackson County Commission",,REP,Bill Nance,50
Jackson,0012 MINK CREEK,"Chairman, Jackson County Commission",,REP,Zac Talley,29
Jackson,0012 MINK CREEK,Commissioner of Agriculture and Industries,,REP,Christina Woerner McInnis,27
Jackson,0012 MINK CREEK,Commissioner of Agriculture and Industries,,REP,Cory Hill,26
Jackson,0012 MINK CREEK,Commissioner of Agriculture and Industries,,REP,Jack Williams,24
Jackson,0012 MINK CREEK,Governor,,REP,"""Alabama"" Will Santivasci",9
Jackson,0012 MINK CREEK,Governor,,REP,Ken McFeeters,12
Jackson,0012 MINK CREEK,Governor,,REP,Thomas Tuberville,61
Jackson,0012 MINK CREEK,Jackson County Coroner,,REP,John David Jordan,58
Jackson,0012 MINK CREEK,Jackson County Coroner,,REP,Tony Lee Watson,18
Jackson,0012 MINK CREEK,Jackson County Sheriff,,REP,Bradley James Talley,0
Jackson,0012 MINK CREEK,Jackson County Sheriff,,REP,Craig Holcomb,45
Jackson,0012 MINK CREEK,Jackson County Sheriff,,REP,Eric Woodall,24
Jackson,0012 MINK CREEK,Jackson County Sheriff,,REP,Tony Baker,12
Jackson,0012 MINK CREEK,Lieutenant Governor,,REP,George Childress,1
Jackson,0012 MINK CREEK,Lieutenant Governor,,REP,John Wahl,35
Jackson,0012 MINK CREEK,Lieutenant Governor,,REP,Nicole Jones Wadsworth,7
Jackson,0012 MINK CREEK,Lieutenant Governor,,REP,Pat Bishop,1
Jackson,0012 MINK CREEK,Lieutenant Governor,,REP,Rick Pate,3
Jackson,0012 MINK CREEK,Lieutenant Governor,,REP,Stewart Hill Tankersley,1
Jackson,0012 MINK CREEK,Lieutenant Governor,,REP,Wes Allen,33
Jackson,0012 MINK CREEK,"Member, Jackson County Commission, District No. 1",,REP,Chris Gulley,47
Jackson,0012 MINK CREEK,"Member, Jackson County Commission, District No. 1",,REP,David Keith Blizard,17
Jackson,0012 MINK CREEK,"Member, Jackson County Commission, District No. 1",,REP,John Peacock,8
Jackson,0012 MINK CREEK,"Public Service Commission, Place No. 1",,REP,Jeremy H. Oden,22
Jackson,0012 MINK CREEK,"Public Service Commission, Place No. 1",,REP,Matt Gentry,53
Jackson,0012 MINK CREEK,"Public Service Commission, Place No. 2",,REP,Brent Woodall,25
Jackson,0012 MINK CREEK,"Public Service Commission, Place No. 2",,REP,Chris Beeker,14
Jackson,0012 MINK CREEK,"Public Service Commission, Place No. 2",,REP,Jim Zig Zeigler,25
Jackson,0012 MINK CREEK,"Public Service Commission, Place No. 2",,REP,Priscilla Andrews,10
Jackson,0012 MINK CREEK,School Board,,REP,Josh Fralick,22
Jackson,0012 MINK CREEK,School Board,,REP,"Robert ""Robbie"" King",21
Jackson,0012 MINK CREEK,Secretary of State,,REP,Caroleene Dobson,46
Jackson,0012 MINK CREEK,Secretary of State,,REP,Christopher Christian Horn,16
Jackson,0012 MINK CREEK,Secretary of State,,REP,Glenda S. Jackson,13
Jackson,0012 MINK CREEK,State Auditor,,REP,Andrew Sorrell,50
Jackson,0012 MINK CREEK,State Auditor,,REP,Derek Chen,23
Jackson,0012 MINK CREEK,State Board of Education,8,REP,Connie Spears,19
Jackson,0012 MINK CREEK,State Board of Education,8,REP,Emily Jones,29
Jackson,0012 MINK CREEK,State Board of Education,8,REP,William Matthews,19
Jackson,0012 MINK CREEK,State Treasurer,,REP,Steve Lolley,38
Jackson,0012 MINK CREEK,State Treasurer,,REP,Young Boozer,38
Jackson,0012 MINK CREEK,U.S. Senate,,REP,Barry Moore,26
Jackson,0012 MINK CREEK,U.S. Senate,,REP,Dale Shelton Deas Jr.,3
Jackson,0012 MINK CREEK,U.S. Senate,,REP,Jared Hudson,12
Jackson,0012 MINK CREEK,U.S. Senate,,REP,Morgan Murphy,1
Jackson,0012 MINK CREEK,U.S. Senate,,REP,Rodney Walker,5
Jackson,0012 MINK CREEK,U.S. Senate,,REP,Seth Burton,4
Jackson,0012 MINK CREEK,U.S. Senate,,REP,Steve Marshall,28
Jackson,0014 WOODVILLE BJ COMM CTR,Proposed Statewide Amendment 1,,,No,35
Jackson,0014 WOODVILLE BJ COMM CTR,Proposed Statewide Amendment 1,,,Yes,215
Jackson,0014 WOODVILLE BJ COMM CTR,Governor,,DEM,"Chad ""Chig"" Martin",1
Jackson,0014 WOODVILLE BJ COMM CTR,Governor,,DEM,Doug Jones,20
Jackson,0014 WOODVILLE BJ COMM CTR,Governor,,DEM,Jamel J. Brown,0
Jackson,0014 WOODVILLE BJ COMM CTR,Governor,,DEM,"Nathan ""Nate"" Mathis",0
Jackson,0014 WOODVILLE BJ COMM CTR,Governor,,DEM,Will Boyd,5
Jackson,0014 WOODVILLE BJ COMM CTR,Governor,,DEM,Yolanda Rochelle Flowers,6
Jackson,0014 WOODVILLE BJ COMM CTR,Lieutenant Governor,,DEM,Darryl D. Perryman,10
Jackson,0014 WOODVILLE BJ COMM CTR,Lieutenant Governor,,DEM,Phillip Ensler,21
Jackson,0014 WOODVILLE BJ COMM CTR,"Public Service Commissioner, Place 1",,DEM,James O. Gordon,14
Jackson,0014 WOODVILLE BJ COMM CTR,"Public Service Commissioner, Place 1",,DEM,Jeff Ramsey,13
Jackson,0014 WOODVILLE BJ COMM CTR,"Public Service Commissioner, Place 1",,DEM,John Northrop,3
Jackson,0014 WOODVILLE BJ COMM CTR,U.S. House,5,DEM,Andrew Sneed,7
Jackson,0014 WOODVILLE BJ COMM CTR,U.S. House,5,DEM,Candice Dollar Duvieilh,9
Jackson,0014 WOODVILLE BJ COMM CTR,U.S. House,5,DEM,Jeremy Devito,15
Jackson,0014 WOODVILLE BJ COMM CTR,U.S. Senate,,DEM,Dakarai Larriett,13
Jackson,0014 WOODVILLE BJ COMM CTR,U.S. Senate,,DEM,Everett Wess,7
Jackson,0014 WOODVILLE BJ COMM CTR,U.S. Senate,,DEM,Kyle Sweetser,0
Jackson,0014 WOODVILLE BJ COMM CTR,U.S. Senate,,DEM,Mark S. Wheeler II,11
Jackson,0014 WOODVILLE BJ COMM CTR,Attorney General,,REP,Jay Mitchell,71
Jackson,0014 WOODVILLE BJ COMM CTR,Attorney General,,REP,Katherine Robertson,94
Jackson,0014 WOODVILLE BJ COMM CTR,Attorney General,,REP,Pamela L. Casey,45
Jackson,0014 WOODVILLE BJ COMM CTR,"Chairman, Jackson County Commission",,REP,Bill Nance,112
Jackson,0014 WOODVILLE BJ COMM CTR,"Chairman, Jackson County Commission",,REP,Zac Talley,86
Jackson,0014 WOODVILLE BJ COMM CTR,Commissioner of Agriculture and Industries,,REP,Christina Woerner McInnis,39
Jackson,0014 WOODVILLE BJ COMM CTR,Commissioner of Agriculture and Industries,,REP,Cory Hill,112
Jackson,0014 WOODVILLE BJ COMM CTR,Commissioner of Agriculture and Industries,,REP,Jack Williams,52
Jackson,0014 WOODVILLE BJ COMM CTR,Governor,,REP,"""Alabama"" Will Santivasci",9
Jackson,0014 WOODVILLE BJ COMM CTR,Governor,,REP,Ken McFeeters,18
Jackson,0014 WOODVILLE BJ COMM CTR,Governor,,REP,Thomas Tuberville,194
Jackson,0014 WOODVILLE BJ COMM CTR,Jackson County Coroner,,REP,John David Jordan,153
Jackson,0014 WOODVILLE BJ COMM CTR,Jackson County Coroner,,REP,Tony Lee Watson,43
Jackson,0014 WOODVILLE BJ COMM CTR,Jackson County Sheriff,,REP,Bradley James Talley,4
Jackson,0014 WOODVILLE BJ COMM CTR,Jackson County Sheriff,,REP,Craig Holcomb,102
Jackson,0014 WOODVILLE BJ COMM CTR,Jackson County Sheriff,,REP,Eric Woodall,40
Jackson,0014 WOODVILLE BJ COMM CTR,Jackson County Sheriff,,REP,Tony Baker,77
Jackson,0014 WOODVILLE BJ COMM CTR,Lieutenant Governor,,REP,George Childress,3
Jackson,0014 WOODVILLE BJ COMM CTR,Lieutenant Governor,,REP,John Wahl,73
Jackson,0014 WOODVILLE BJ COMM CTR,Lieutenant Governor,,REP,Nicole Jones Wadsworth,17
Jackson,0014 WOODVILLE BJ COMM CTR,Lieutenant Governor,,REP,Pat Bishop,5
Jackson,0014 WOODVILLE BJ COMM CTR,Lieutenant Governor,,REP,Rick Pate,18
Jackson,0014 WOODVILLE BJ COMM CTR,Lieutenant Governor,,REP,Stewart Hill Tankersley,6
Jackson,0014 WOODVILLE BJ COMM CTR,Lieutenant Governor,,REP,Wes Allen,84
Jackson,0014 WOODVILLE BJ COMM CTR,"Member, Jackson County Commission, District No. 1",,REP,Chris Gulley,116
Jackson,0014 WOODVILLE BJ COMM CTR,"Member, Jackson County Commission, District No. 1",,REP,David Keith Blizard,48
Jackson,0014 WOODVILLE BJ COMM CTR,"Member, Jackson County Commission, District No. 1",,REP,John Peacock,38
Jackson,0014 WOODVILLE BJ COMM CTR,"Public Service Commission, Place No. 1",,REP,Jeremy H. Oden,50
Jackson,0014 WOODVILLE BJ COMM CTR,"Public Service Commission, Place No. 1",,REP,Matt Gentry,146
Jackson,0014 WOODVILLE BJ COMM CTR,"Public Service Commission, Place No. 2",,REP,Brent Woodall,61
Jackson,0014 WOODVILLE BJ COMM CTR,"Public Service Commission, Place No. 2",,REP,Chris Beeker,49
Jackson,0014 WOODVILLE BJ COMM CTR,"Public Service Commission, Place No. 2",,REP,Jim Zig Zeigler,62
Jackson,0014 WOODVILLE BJ COMM CTR,"Public Service Commission, Place No. 2",,REP,Priscilla Andrews,20
Jackson,0014 WOODVILLE BJ COMM CTR,School Board,,REP,Josh Fralick,77
Jackson,0014 WOODVILLE BJ COMM CTR,School Board,,REP,"Robert ""Robbie"" King",125
Jackson,0014 WOODVILLE BJ COMM CTR,Secretary of State,,REP,Caroleene Dobson,120
Jackson,0014 WOODVILLE BJ COMM CTR,Secretary of State,,REP,Christopher Christian Horn,43
Jackson,0014 WOODVILLE BJ COMM CTR,Secretary of State,,REP,Glenda S. Jackson,28
Jackson,0014 WOODVILLE BJ COMM CTR,State Auditor,,REP,Andrew Sorrell,143
Jackson,0014 WOODVILLE BJ COMM CTR,State Auditor,,REP,Derek Chen,55
Jackson,0014 WOODVILLE BJ COMM CTR,State Board of Education,8,REP,Connie Spears,47
Jackson,0014 WOODVILLE BJ COMM CTR,State Board of Education,8,REP,Emily Jones,86
Jackson,0014 WOODVILLE BJ COMM CTR,State Board of Education,8,REP,William Matthews,58
Jackson,0014 WOODVILLE BJ COMM CTR,State Treasurer,,REP,Steve Lolley,76
Jackson,0014 WOODVILLE BJ COMM CTR,State Treasurer,,REP,Young Boozer,118
Jackson,0014 WOODVILLE BJ COMM CTR,U.S. Senate,,REP,Barry Moore,68
Jackson,0014 WOODVILLE BJ COMM CTR,U.S. Senate,,REP,Dale Shelton Deas Jr.,3
Jackson,0014 WOODVILLE BJ COMM CTR,U.S. Senate,,REP,Jared Hudson,42
Jackson,0014 WOODVILLE BJ COMM CTR,U.S. Senate,,REP,Morgan Murphy,4
Jackson,0014 WOODVILLE BJ COMM CTR,U.S. Senate,,REP,Rodney Walker,3
Jackson,0014 WOODVILLE BJ COMM CTR,U.S. Senate,,REP,Seth Burton,5
Jackson,0014 WOODVILLE BJ COMM CTR,U.S. Senate,,REP,Steve Marshall,90
Jackson,0015 TRENTON FIRE HALL,Proposed Statewide Amendment 1,,,No,3
Jackson,0015 TRENTON FIRE HALL,Proposed Statewide Amendment 1,,,Yes,70
Jackson,0015 TRENTON FIRE HALL,Governor,,DEM,"Chad ""Chig"" Martin",0
Jackson,0015 TRENTON FIRE HALL,Governor,,DEM,Doug Jones,5
Jackson,0015 TRENTON FIRE HALL,Governor,,DEM,Jamel J. Brown,0
Jackson,0015 TRENTON FIRE HALL,Governor,,DEM,"Nathan ""Nate"" Mathis",0
Jackson,0015 TRENTON FIRE HALL,Governor,,DEM,Will Boyd,1
Jackson,0015 TRENTON FIRE HALL,Governor,,DEM,Yolanda Rochelle Flowers,0
Jackson,0015 TRENTON FIRE HALL,Lieutenant Governor,,DEM,Darryl D. Perryman,2
Jackson,0015 TRENTON FIRE HALL,Lieutenant Governor,,DEM,Phillip Ensler,4
Jackson,0015 TRENTON FIRE HALL,"Public Service Commissioner, Place 1",,DEM,James O. Gordon,1
Jackson,0015 TRENTON FIRE HALL,"Public Service Commissioner, Place 1",,DEM,Jeff Ramsey,4
Jackson,0015 TRENTON FIRE HALL,"Public Service Commissioner, Place 1",,DEM,John Northrop,1
Jackson,0015 TRENTON FIRE HALL,U.S. House,5,DEM,Andrew Sneed,6
Jackson,0015 TRENTON FIRE HALL,U.S. House,5,DEM,Candice Dollar Duvieilh,0
Jackson,0015 TRENTON FIRE HALL,U.S. House,5,DEM,Jeremy Devito,0
Jackson,0015 TRENTON FIRE HALL,U.S. Senate,,DEM,Dakarai Larriett,0
Jackson,0015 TRENTON FIRE HALL,U.S. Senate,,DEM,Everett Wess,3
Jackson,0015 TRENTON FIRE HALL,U.S. Senate,,DEM,Kyle Sweetser,0
Jackson,0015 TRENTON FIRE HALL,U.S. Senate,,DEM,Mark S. Wheeler II,3
Jackson,0015 TRENTON FIRE HALL,Attorney General,,REP,Jay Mitchell,23
Jackson,0015 TRENTON FIRE HALL,Attorney General,,REP,Katherine Robertson,34
Jackson,0015 TRENTON FIRE HALL,Attorney General,,REP,Pamela L. Casey,6
Jackson,0015 TRENTON FIRE HALL,"Chairman, Jackson County Commission",,REP,Bill Nance,49
Jackson,0015 TRENTON FIRE HALL,"Chairman, Jackson County Commission",,REP,Zac Talley,11
Jackson,0015 TRENTON FIRE HALL,Commissioner of Agriculture and Industries,,REP,Christina Woerner McInnis,13
Jackson,0015 TRENTON FIRE HALL,Commissioner of Agriculture and Industries,,REP,Cory Hill,39
Jackson,0015 TRENTON FIRE HALL,Commissioner of Agriculture and Industries,,REP,Jack Williams,8
Jackson,0015 TRENTON FIRE HALL,Governor,,REP,"""Alabama"" Will Santivasci",3
Jackson,0015 TRENTON FIRE HALL,Governor,,REP,Ken McFeeters,5
Jackson,0015 TRENTON FIRE HALL,Governor,,REP,Thomas Tuberville,59
Jackson,0015 TRENTON FIRE HALL,Jackson County Coroner,,REP,John David Jordan,40
Jackson,0015 TRENTON FIRE HALL,Jackson County Coroner,,REP,Tony Lee Watson,17
Jackson,0015 TRENTON FIRE HALL,Jackson County Sheriff,,REP,Bradley James Talley,2
Jackson,0015 TRENTON FIRE HALL,Jackson County Sheriff,,REP,Craig Holcomb,17
Jackson,0015 TRENTON FIRE HALL,Jackson County Sheriff,,REP,Eric Woodall,39
Jackson,0015 TRENTON FIRE HALL,Jackson County Sheriff,,REP,Tony Baker,9
Jackson,0015 TRENTON FIRE HALL,Lieutenant Governor,,REP,George Childress,3
Jackson,0015 TRENTON FIRE HALL,Lieutenant Governor,,REP,John Wahl,33
Jackson,0015 TRENTON FIRE HALL,Lieutenant Governor,,REP,Nicole Jones Wadsworth,3
Jackson,0015 TRENTON FIRE HALL,Lieutenant Governor,,REP,Pat Bishop,1
Jackson,0015 TRENTON FIRE HALL,Lieutenant Governor,,REP,Rick Pate,3
Jackson,0015 TRENTON FIRE HALL,Lieutenant Governor,,REP,Stewart Hill Tankersley,1
Jackson,0015 TRENTON FIRE HALL,Lieutenant Governor,,REP,Wes Allen,24
Jackson,0015 TRENTON FIRE HALL,"Member, Jackson County Commission, District No. 1",,REP,Chris Gulley,32
Jackson,0015 TRENTON FIRE HALL,"Member, Jackson County Commission, District No. 1",,REP,David Keith Blizard,13
Jackson,0015 TRENTON FIRE HALL,"Member, Jackson County Commission, District No. 1",,REP,John Peacock,12
Jackson,0015 TRENTON FIRE HALL,"Public Service Commission, Place No. 1",,REP,Jeremy H. Oden,15
Jackson,0015 TRENTON FIRE HALL,"Public Service Commission, Place No. 1",,REP,Matt Gentry,40
Jackson,0015 TRENTON FIRE HALL,"Public Service Commission, Place No. 2",,REP,Brent Woodall,26
Jackson,0015 TRENTON FIRE HALL,"Public Service Commission, Place No. 2",,REP,Chris Beeker,4
Jackson,0015 TRENTON FIRE HALL,"Public Service Commission, Place No. 2",,REP,Jim Zig Zeigler,20
Jackson,0015 TRENTON FIRE HALL,"Public Service Commission, Place No. 2",,REP,Priscilla Andrews,3
Jackson,0015 TRENTON FIRE HALL,School Board,,REP,Josh Fralick,8
Jackson,0015 TRENTON FIRE HALL,School Board,,REP,"Robert ""Robbie"" King",55
Jackson,0015 TRENTON FIRE HALL,Secretary of State,,REP,Caroleene Dobson,35
Jackson,0015 TRENTON FIRE HALL,Secretary of State,,REP,Christopher Christian Horn,14
Jackson,0015 TRENTON FIRE HALL,Secretary of State,,REP,Glenda S. Jackson,5
Jackson,0015 TRENTON FIRE HALL,State Auditor,,REP,Andrew Sorrell,46
Jackson,0015 TRENTON FIRE HALL,State Auditor,,REP,Derek Chen,12
Jackson,0015 TRENTON FIRE HALL,State Board of Education,8,REP,Connie Spears,21
Jackson,0015 TRENTON FIRE HALL,State Board of Education,8,REP,Emily Jones,21
Jackson,0015 TRENTON FIRE HALL,State Board of Education,8,REP,William Matthews,16
Jackson,0015 TRENTON FIRE HALL,State Treasurer,,REP,Steve Lolley,19
Jackson,0015 TRENTON FIRE HALL,State Treasurer,,REP,Young Boozer,37
Jackson,0015 TRENTON FIRE HALL,U.S. Senate,,REP,Barry Moore,21
Jackson,0015 TRENTON FIRE HALL,U.S. Senate,,REP,Dale Shelton Deas Jr.,2
Jackson,0015 TRENTON FIRE HALL,U.S. Senate,,REP,Jared Hudson,6
Jackson,0015 TRENTON FIRE HALL,U.S. Senate,,REP,Morgan Murphy,0
Jackson,0015 TRENTON FIRE HALL,U.S. Senate,,REP,Rodney Walker,1
Jackson,0015 TRENTON FIRE HALL,U.S. Senate,,REP,Seth Burton,4
Jackson,0015 TRENTON FIRE HALL,U.S. Senate,,REP,Steve Marshall,34
Jackson,0016 ESTILL FORK FIRE HALL,Proposed Statewide Amendment 1,,,No,16
Jackson,0016 ESTILL FORK FIRE HALL,Proposed Statewide Amendment 1,,,Yes,36
Jackson,0016 ESTILL FORK FIRE HALL,Governor,,DEM,"Chad ""Chig"" Martin",0
Jackson,0016 ESTILL FORK FIRE HALL,Governor,,DEM,Doug Jones,8
Jackson,0016 ESTILL FORK FIRE HALL,Governor,,DEM,Jamel J. Brown,1
Jackson,0016 ESTILL FORK FIRE HALL,Governor,,DEM,"Nathan ""Nate"" Mathis",0
Jackson,0016 ESTILL FORK FIRE HALL,Governor,,DEM,Will Boyd,0
Jackson,0016 ESTILL FORK FIRE HALL,Governor,,DEM,Yolanda Rochelle Flowers,0
Jackson,0016 ESTILL FORK FIRE HALL,Lieutenant Governor,,DEM,Darryl D. Perryman,3
Jackson,0016 ESTILL FORK FIRE HALL,Lieutenant Governor,,DEM,Phillip Ensler,5
Jackson,0016 ESTILL FORK FIRE HALL,"Public Service Commissioner, Place 1",,DEM,James O. Gordon,2
Jackson,0016 ESTILL FORK FIRE HALL,"Public Service Commissioner, Place 1",,DEM,Jeff Ramsey,1
Jackson,0016 ESTILL FORK FIRE HALL,"Public Service Commissioner, Place 1",,DEM,John Northrop,4
Jackson,0016 ESTILL FORK FIRE HALL,U.S. House,5,DEM,Andrew Sneed,5
Jackson,0016 ESTILL FORK FIRE HALL,U.S. House,5,DEM,Candice Dollar Duvieilh,3
Jackson,0016 ESTILL FORK FIRE HALL,U.S. House,5,DEM,Jeremy Devito,0
Jackson,0016 ESTILL FORK FIRE HALL,U.S. Senate,,DEM,Dakarai Larriett,2
Jackson,0016 ESTILL FORK FIRE HALL,U.S. Senate,,DEM,Everett Wess,2
Jackson,0016 ESTILL FORK FIRE HALL,U.S. Senate,,DEM,Kyle Sweetser,2
Jackson,0016 ESTILL FORK FIRE HALL,U.S. Senate,,DEM,Mark S. Wheeler II,2
Jackson,0016 ESTILL FORK FIRE HALL,Attorney General,,REP,Jay Mitchell,16
Jackson,0016 ESTILL FORK FIRE HALL,Attorney General,,REP,Katherine Robertson,12
Jackson,0016 ESTILL FORK FIRE HALL,Attorney General,,REP,Pamela L. Casey,12
Jackson,0016 ESTILL FORK FIRE HALL,"Chairman, Jackson County Commission",,REP,Bill Nance,39
Jackson,0016 ESTILL FORK FIRE HALL,"Chairman, Jackson County Commission",,REP,Zac Talley,5
Jackson,0016 ESTILL FORK FIRE HALL,Commissioner of Agriculture and Industries,,REP,Christina Woerner McInnis,17
Jackson,0016 ESTILL FORK FIRE HALL,Commissioner of Agriculture and Industries,,REP,Cory Hill,20
Jackson,0016 ESTILL FORK FIRE HALL,Commissioner of Agriculture and Industries,,REP,Jack Williams,4
Jackson,0016 ESTILL FORK FIRE HALL,Governor,,REP,"""Alabama"" Will Santivasci",2
Jackson,0016 ESTILL FORK FIRE HALL,Governor,,REP,Ken McFeeters,3
Jackson,0016 ESTILL FORK FIRE HALL,Governor,,REP,Thomas Tuberville,46
Jackson,0016 ESTILL FORK FIRE HALL,Jackson County Coroner,,REP,John David Jordan,36
Jackson,0016 ESTILL FORK FIRE HALL,Jackson County Coroner,,REP,Tony Lee Watson,5
Jackson,0016 ESTILL FORK FIRE HALL,Jackson County Sheriff,,REP,Bradley James Talley,3
Jackson,0016 ESTILL FORK FIRE HALL,Jackson County Sheriff,,REP,Craig Holcomb,28
Jackson,0016 ESTILL FORK FIRE HALL,Jackson County Sheriff,,REP,Eric Woodall,15
Jackson,0016 ESTILL FORK FIRE HALL,Jackson County Sheriff,,REP,Tony Baker,7
Jackson,0016 ESTILL FORK FIRE HALL,Lieutenant Governor,,REP,George Childress,1
Jackson,0016 ESTILL FORK FIRE HALL,Lieutenant Governor,,REP,John Wahl,23
Jackson,0016 ESTILL FORK FIRE HALL,Lieutenant Governor,,REP,Nicole Jones Wadsworth,1
Jackson,0016 ESTILL FORK FIRE HALL,Lieutenant Governor,,REP,Pat Bishop,0
Jackson,0016 ESTILL FORK FIRE HALL,Lieutenant Governor,,REP,Rick Pate,1
Jackson,0016 ESTILL FORK FIRE HALL,Lieutenant Governor,,REP,Stewart Hill Tankersley,3
Jackson,0016 ESTILL FORK FIRE HALL,Lieutenant Governor,,REP,Wes Allen,15
Jackson,0016 ESTILL FORK FIRE HALL,"Member, Jackson County Commission, District No. 1",,REP,Chris Gulley,25
Jackson,0016 ESTILL FORK FIRE HALL,"Member, Jackson County Commission, District No. 1",,REP,David Keith Blizard,7
Jackson,0016 ESTILL FORK FIRE HALL,"Member, Jackson County Commission, District No. 1",,REP,John Peacock,5
Jackson,0016 ESTILL FORK FIRE HALL,"Public Service Commission, Place No. 1",,REP,Jeremy H. Oden,12
Jackson,0016 ESTILL FORK FIRE HALL,"Public Service Commission, Place No. 1",,REP,Matt Gentry,26
Jackson,0016 ESTILL FORK FIRE HALL,"Public Service Commission, Place No. 2",,REP,Brent Woodall,9
Jackson,0016 ESTILL FORK FIRE HALL,"Public Service Commission, Place No. 2",,REP,Chris Beeker,9
Jackson,0016 ESTILL FORK FIRE HALL,"Public Service Commission, Place No. 2",,REP,Jim Zig Zeigler,13
Jackson,0016 ESTILL FORK FIRE HALL,"Public Service Commission, Place No. 2",,REP,Priscilla Andrews,3
Jackson,0016 ESTILL FORK FIRE HALL,School Board,,REP,Josh Fralick,26
Jackson,0016 ESTILL FORK FIRE HALL,School Board,,REP,"Robert ""Robbie"" King",23
Jackson,0016 ESTILL FORK FIRE HALL,Secretary of State,,REP,Caroleene Dobson,19
Jackson,0016 ESTILL FORK FIRE HALL,Secretary of State,,REP,Christopher Christian Horn,9
Jackson,0016 ESTILL FORK FIRE HALL,Secretary of State,,REP,Glenda S. Jackson,7
Jackson,0016 ESTILL FORK FIRE HALL,State Auditor,,REP,Andrew Sorrell,25
Jackson,0016 ESTILL FORK FIRE HALL,State Auditor,,REP,Derek Chen,12
Jackson,0016 ESTILL FORK FIRE HALL,State Board of Education,8,REP,Connie Spears,1
Jackson,0016 ESTILL FORK FIRE HALL,State Board of Education,8,REP,Emily Jones,18
Jackson,0016 ESTILL FORK FIRE HALL,State Board of Education,8,REP,William Matthews,17
Jackson,0016 ESTILL FORK FIRE HALL,State Treasurer,,REP,Steve Lolley,16
Jackson,0016 ESTILL FORK FIRE HALL,State Treasurer,,REP,Young Boozer,21
Jackson,0016 ESTILL FORK FIRE HALL,U.S. Senate,,REP,Barry Moore,16
Jackson,0016 ESTILL FORK FIRE HALL,U.S. Senate,,REP,Dale Shelton Deas Jr.,4
Jackson,0016 ESTILL FORK FIRE HALL,U.S. Senate,,REP,Jared Hudson,6
Jackson,0016 ESTILL FORK FIRE HALL,U.S. Senate,,REP,Morgan Murphy,0
Jackson,0016 ESTILL FORK FIRE HALL,U.S. Senate,,REP,Rodney Walker,0
Jackson,0016 ESTILL FORK FIRE HALL,U.S. Senate,,REP,Seth Burton,1
Jackson,0016 ESTILL FORK FIRE HALL,U.S. Senate,,REP,Steve Marshall,20
Jackson,0017 SCOTTSBORO R.C. BLDG,Proposed Statewide Amendment 1,,,No,280
Jackson,0017 SCOTTSBORO R.C. BLDG,Proposed Statewide Amendment 1,,,Yes,2006
Jackson,0017 SCOTTSBORO R.C. BLDG,Governor,,DEM,"Chad ""Chig"" Martin",11
Jackson,0017 SCOTTSBORO R.C. BLDG,Governor,,DEM,Doug Jones,220
Jackson,0017 SCOTTSBORO R.C. BLDG,Governor,,DEM,Jamel J. Brown,3
Jackson,0017 SCOTTSBORO R.C. BLDG,Governor,,DEM,"Nathan ""Nate"" Mathis",2
Jackson,0017 SCOTTSBORO R.C. BLDG,Governor,,DEM,Will Boyd,48
Jackson,0017 SCOTTSBORO R.C. BLDG,Governor,,DEM,Yolanda Rochelle Flowers,9
Jackson,0017 SCOTTSBORO R.C. BLDG,Lieutenant Governor,,DEM,Darryl D. Perryman,80
Jackson,0017 SCOTTSBORO R.C. BLDG,Lieutenant Governor,,DEM,Phillip Ensler,195
Jackson,0017 SCOTTSBORO R.C. BLDG,"Public Service Commissioner, Place 1",,DEM,James O. Gordon,100
Jackson,0017 SCOTTSBORO R.C. BLDG,"Public Service Commissioner, Place 1",,DEM,Jeff Ramsey,115
Jackson,0017 SCOTTSBORO R.C. BLDG,"Public Service Commissioner, Place 1",,DEM,John Northrop,55
Jackson,0017 SCOTTSBORO R.C. BLDG,U.S. House,5,DEM,Andrew Sneed,111
Jackson,0017 SCOTTSBORO R.C. BLDG,U.S. House,5,DEM,Candice Dollar Duvieilh,86
Jackson,0017 SCOTTSBORO R.C. BLDG,U.S. House,5,DEM,Jeremy Devito,84
Jackson,0017 SCOTTSBORO R.C. BLDG,U.S. Senate,,DEM,Dakarai Larriett,52
Jackson,0017 SCOTTSBORO R.C. BLDG,U.S. Senate,,DEM,Everett Wess,77
Jackson,0017 SCOTTSBORO R.C. BLDG,U.S. Senate,,DEM,Kyle Sweetser,62
Jackson,0017 SCOTTSBORO R.C. BLDG,U.S. Senate,,DEM,Mark S. Wheeler II,87
Jackson,0017 SCOTTSBORO R.C. BLDG,Attorney General,,REP,Jay Mitchell,682
Jackson,0017 SCOTTSBORO R.C. BLDG,Attorney General,,REP,Katherine Robertson,783
Jackson,0017 SCOTTSBORO R.C. BLDG,Attorney General,,REP,Pamela L. Casey,445
Jackson,0017 SCOTTSBORO R.C. BLDG,"Chairman, Jackson County Commission",,REP,Bill Nance,1379
Jackson,0017 SCOTTSBORO R.C. BLDG,"Chairman, Jackson County Commission",,REP,Zac Talley,615
Jackson,0017 SCOTTSBORO R.C. BLDG,Commissioner of Agriculture and Industries,,REP,Christina Woerner McInnis,522
Jackson,0017 SCOTTSBORO R.C. BLDG,Commissioner of Agriculture and Industries,,REP,Cory Hill,667
Jackson,0017 SCOTTSBORO R.C. BLDG,Commissioner of Agriculture and Industries,,REP,Jack Williams,615
Jackson,0017 SCOTTSBORO R.C. BLDG,Governor,,REP,"""Alabama"" Will Santivasci",128
Jackson,0017 SCOTTSBORO R.C. BLDG,Governor,,REP,Ken McFeeters,218
Jackson,0017 SCOTTSBORO R.C. BLDG,Governor,,REP,Thomas Tuberville,1686
Jackson,0017 SCOTTSBORO R.C. BLDG,Jackson County Coroner,,REP,John David Jordan,1630
Jackson,0017 SCOTTSBORO R.C. BLDG,Jackson County Coroner,,REP,Tony Lee Watson,355
Jackson,0017 SCOTTSBORO R.C. BLDG,Jackson County Sheriff,,REP,Bradley James Talley,35
Jackson,0017 SCOTTSBORO R.C. BLDG,Jackson County Sheriff,,REP,Craig Holcomb,1058
Jackson,0017 SCOTTSBORO R.C. BLDG,Jackson County Sheriff,,REP,Eric Woodall,658
Jackson,0017 SCOTTSBORO R.C. BLDG,Jackson County Sheriff,,REP,Tony Baker,367
Jackson,0017 SCOTTSBORO R.C. BLDG,Lieutenant Governor,,REP,George Childress,54
Jackson,0017 SCOTTSBORO R.C. BLDG,Lieutenant Governor,,REP,John Wahl,798
Jackson,0017 SCOTTSBORO R.C. BLDG,Lieutenant Governor,,REP,Nicole Jones Wadsworth,135
Jackson,0017 SCOTTSBORO R.C. BLDG,Lieutenant Governor,,REP,Pat Bishop,53
Jackson,0017 SCOTTSBORO R.C. BLDG,Lieutenant Governor,,REP,Rick Pate,175
Jackson,0017 SCOTTSBORO R.C. BLDG,Lieutenant Governor,,REP,Stewart Hill Tankersley,56
Jackson,0017 SCOTTSBORO R.C. BLDG,Lieutenant Governor,,REP,Wes Allen,646
Jackson,0017 SCOTTSBORO R.C. BLDG,"Member, Jackson County Commission, District No. 1",,REP,Chris Gulley,1195
Jackson,0017 SCOTTSBORO R.C. BLDG,"Member, Jackson County Commission, District No. 1",,REP,David Keith Blizard,534
Jackson,0017 SCOTTSBORO R.C. BLDG,"Member, Jackson County Commission, District No. 1",,REP,John Peacock,212
Jackson,0017 SCOTTSBORO R.C. BLDG,"Public Service Commission, Place No. 1",,REP,Jeremy H. Oden,401
Jackson,0017 SCOTTSBORO R.C. BLDG,"Public Service Commission, Place No. 1",,REP,Matt Gentry,1332
Jackson,0017 SCOTTSBORO R.C. BLDG,"Public Service Commission, Place No. 2",,REP,Brent Woodall,518
Jackson,0017 SCOTTSBORO R.C. BLDG,"Public Service Commission, Place No. 2",,REP,Chris Beeker,441
Jackson,0017 SCOTTSBORO R.C. BLDG,"Public Service Commission, Place No. 2",,REP,Jim Zig Zeigler,595
Jackson,0017 SCOTTSBORO R.C. BLDG,"Public Service Commission, Place No. 2",,REP,Priscilla Andrews,193
Jackson,0017 SCOTTSBORO R.C. BLDG,School Board,,REP,Josh Fralick,75
Jackson,0017 SCOTTSBORO R.C. BLDG,School Board,,REP,"Robert ""Robbie"" King",98
Jackson,0017 SCOTTSBORO R.C. BLDG,Secretary of State,,REP,Caroleene Dobson,1039
Jackson,0017 SCOTTSBORO R.C. BLDG,Secretary of State,,REP,Christopher Christian Horn,439
Jackson,0017 SCOTTSBORO R.C. BLDG,Secretary of State,,REP,Glenda S. Jackson,283
Jackson,0017 SCOTTSBORO R.C. BLDG,State Auditor,,REP,Andrew Sorrell,1227
Jackson,0017 SCOTTSBORO R.C. BLDG,State Auditor,,REP,Derek Chen,556
Jackson,0017 SCOTTSBORO R.C. BLDG,State Board of Education,8,REP,Connie Spears,475
Jackson,0017 SCOTTSBORO R.C. BLDG,State Board of Education,8,REP,Emily Jones,881
Jackson,0017 SCOTTSBORO R.C. BLDG,State Board of Education,8,REP,William Matthews,446
Jackson,0017 SCOTTSBORO R.C. BLDG,State Treasurer,,REP,Steve Lolley,687
Jackson,0017 SCOTTSBORO R.C. BLDG,State Treasurer,,REP,Young Boozer,1097
Jackson,0017 SCOTTSBORO R.C. BLDG,U.S. Senate,,REP,Barry Moore,644
Jackson,0017 SCOTTSBORO R.C. BLDG,U.S. Senate,,REP,Dale Shelton Deas Jr.,56
Jackson,0017 SCOTTSBORO R.C. BLDG,U.S. Senate,,REP,Jared Hudson,424
Jackson,0017 SCOTTSBORO R.C. BLDG,U.S. Senate,,REP,Morgan Murphy,32
Jackson,0017 SCOTTSBORO R.C. BLDG,U.S. Senate,,REP,Rodney Walker,48
Jackson,0017 SCOTTSBORO R.C. BLDG,U.S. Senate,,REP,Seth Burton,100
Jackson,0017 SCOTTSBORO R.C. BLDG,U.S. Senate,,REP,Steve Marshall,678
Jackson,0018 SKYLINE CITY HALL,Proposed Statewide Amendment 1,,,No,38
Jackson,0018 SKYLINE CITY HALL,Proposed Statewide Amendment 1,,,Yes,240
Jackson,0018 SKYLINE CITY HALL,Governor,,DEM,"Chad ""Chig"" Martin",1
Jackson,0018 SKYLINE CITY HALL,Governor,,DEM,Doug Jones,9
Jackson,0018 SKYLINE CITY HALL,Governor,,DEM,Jamel J. Brown,0
Jackson,0018 SKYLINE CITY HALL,Governor,,DEM,"Nathan ""Nate"" Mathis",0
Jackson,0018 SKYLINE CITY HALL,Governor,,DEM,Will Boyd,0
Jackson,0018 SKYLINE CITY HALL,Governor,,DEM,Yolanda Rochelle Flowers,0
Jackson,0018 SKYLINE CITY HALL,Lieutenant Governor,,DEM,Darryl D. Perryman,0
Jackson,0018 SKYLINE CITY HALL,Lieutenant Governor,,DEM,Phillip Ensler,9
Jackson,0018 SKYLINE CITY HALL,"Public Service Commissioner, Place 1",,DEM,James O. Gordon,1
Jackson,0018 SKYLINE CITY HALL,"Public Service Commissioner, Place 1",,DEM,Jeff Ramsey,7
Jackson,0018 SKYLINE CITY HALL,"Public Service Commissioner, Place 1",,DEM,John Northrop,1
Jackson,0018 SKYLINE CITY HALL,U.S. House,5,DEM,Andrew Sneed,7
Jackson,0018 SKYLINE CITY HALL,U.S. House,5,DEM,Candice Dollar Duvieilh,0
Jackson,0018 SKYLINE CITY HALL,U.S. House,5,DEM,Jeremy Devito,2
Jackson,0018 SKYLINE CITY HALL,U.S. Senate,,DEM,Dakarai Larriett,1
Jackson,0018 SKYLINE CITY HALL,U.S. Senate,,DEM,Everett Wess,0
Jackson,0018 SKYLINE CITY HALL,U.S. Senate,,DEM,Kyle Sweetser,4
Jackson,0018 SKYLINE CITY HALL,U.S. Senate,,DEM,Mark S. Wheeler II,4
Jackson,0018 SKYLINE CITY HALL,Attorney General,,REP,Jay Mitchell,96
Jackson,0018 SKYLINE CITY HALL,Attorney General,,REP,Katherine Robertson,88
Jackson,0018 SKYLINE CITY HALL,Attorney General,,REP,Pamela L. Casey,53
Jackson,0018 SKYLINE CITY HALL,"Chairman, Jackson County Commission",,REP,Bill Nance,138
Jackson,0018 SKYLINE CITY HALL,"Chairman, Jackson County Commission",,REP,Zac Talley,113
Jackson,0018 SKYLINE CITY HALL,Commissioner of Agriculture and Industries,,REP,Christina Woerner McInnis,61
Jackson,0018 SKYLINE CITY HALL,Commissioner of Agriculture and Industries,,REP,Cory Hill,93
Jackson,0018 SKYLINE CITY HALL,Commissioner of Agriculture and Industries,,REP,Jack Williams,71
Jackson,0018 SKYLINE CITY HALL,Governor,,REP,"""Alabama"" Will Santivasci",24
Jackson,0018 SKYLINE CITY HALL,Governor,,REP,Ken McFeeters,34
Jackson,0018 SKYLINE CITY HALL,Governor,,REP,Thomas Tuberville,212
Jackson,0018 SKYLINE CITY HALL,Jackson County Coroner,,REP,John David Jordan,217
Jackson,0018 SKYLINE CITY HALL,Jackson County Coroner,,REP,Tony Lee Watson,41
Jackson,0018 SKYLINE CITY HALL,Jackson County Sheriff,,REP,Bradley James Talley,16
Jackson,0018 SKYLINE CITY HALL,Jackson County Sheriff,,REP,Craig Holcomb,114
Jackson,0018 SKYLINE CITY HALL,Jackson County Sheriff,,REP,Eric Woodall,111
Jackson,0018 SKYLINE CITY HALL,Jackson County Sheriff,,REP,Tony Baker,40
Jackson,0018 SKYLINE CITY HALL,Lieutenant Governor,,REP,George Childress,4
Jackson,0018 SKYLINE CITY HALL,Lieutenant Governor,,REP,John Wahl,86
Jackson,0018 SKYLINE CITY HALL,Lieutenant Governor,,REP,Nicole Jones Wadsworth,14
Jackson,0018 SKYLINE CITY HALL,Lieutenant Governor,,REP,Pat Bishop,3
Jackson,0018 SKYLINE CITY HALL,Lieutenant Governor,,REP,Rick Pate,19
Jackson,0018 SKYLINE CITY HALL,Lieutenant Governor,,REP,Stewart Hill Tankersley,8
Jackson,0018 SKYLINE CITY HALL,Lieutenant Governor,,REP,Wes Allen,109
Jackson,0018 SKYLINE CITY HALL,"Member, Jackson County Commission, District No. 1",,REP,Chris Gulley,113
Jackson,0018 SKYLINE CITY HALL,"Member, Jackson County Commission, District No. 1",,REP,David Keith Blizard,62
Jackson,0018 SKYLINE CITY HALL,"Member, Jackson County Commission, District No. 1",,REP,John Peacock,65
Jackson,0018 SKYLINE CITY HALL,"Public Service Commission, Place No. 1",,REP,Jeremy H. Oden,63
Jackson,0018 SKYLINE CITY HALL,"Public Service Commission, Place No. 1",,REP,Matt Gentry,153
Jackson,0018 SKYLINE CITY HALL,"Public Service Commission, Place No. 2",,REP,Brent Woodall,96
Jackson,0018 SKYLINE CITY HALL,"Public Service Commission, Place No. 2",,REP,Chris Beeker,42
Jackson,0018 SKYLINE CITY HALL,"Public Service Commission, Place No. 2",,REP,Jim Zig Zeigler,66
Jackson,0018 SKYLINE CITY HALL,"Public Service Commission, Place No. 2",,REP,Priscilla Andrews,21
Jackson,0018 SKYLINE CITY HALL,School Board,,REP,Josh Fralick,184
Jackson,0018 SKYLINE CITY HALL,School Board,,REP,"Robert ""Robbie"" King",86
Jackson,0018 SKYLINE CITY HALL,Secretary of State,,REP,Caroleene Dobson,121
Jackson,0018 SKYLINE CITY HALL,Secretary of State,,REP,Christopher Christian Horn,60
Jackson,0018 SKYLINE CITY HALL,Secretary of State,,REP,Glenda S. Jackson,33
Jackson,0018 SKYLINE CITY HALL,State Auditor,,REP,Andrew Sorrell,161
Jackson,0018 SKYLINE CITY HALL,State Auditor,,REP,Derek Chen,70
Jackson,0018 SKYLINE CITY HALL,State Board of Education,8,REP,Connie Spears,51
Jackson,0018 SKYLINE CITY HALL,State Board of Education,8,REP,Emily Jones,98
Jackson,0018 SKYLINE CITY HALL,State Board of Education,8,REP,William Matthews,66
Jackson,0018 SKYLINE CITY HALL,State Treasurer,,REP,Steve Lolley,103
Jackson,0018 SKYLINE CITY HALL,State Treasurer,,REP,Young Boozer,116
Jackson,0018 SKYLINE CITY HALL,U.S. Senate,,REP,Barry Moore,71
Jackson,0018 SKYLINE CITY HALL,U.S. Senate,,REP,Dale Shelton Deas Jr.,7
Jackson,0018 SKYLINE CITY HALL,U.S. Senate,,REP,Jared Hudson,76
Jackson,0018 SKYLINE CITY HALL,U.S. Senate,,REP,Morgan Murphy,2
Jackson,0018 SKYLINE CITY HALL,U.S. Senate,,REP,Rodney Walker,8
Jackson,0018 SKYLINE CITY HALL,U.S. Senate,,REP,Seth Burton,16
Jackson,0018 SKYLINE CITY HALL,U.S. Senate,,REP,Steve Marshall,78
Jackson,0019 PAINT ROCK SR. CITIZEN,Proposed Statewide Amendment 1,,,No,13
Jackson,0019 PAINT ROCK SR. CITIZEN,Proposed Statewide Amendment 1,,,Yes,66
Jackson,0019 PAINT ROCK SR. CITIZEN,Governor,,DEM,"Chad ""Chig"" Martin",0
Jackson,0019 PAINT ROCK SR. CITIZEN,Governor,,DEM,Doug Jones,11
Jackson,0019 PAINT ROCK SR. CITIZEN,Governor,,DEM,Jamel J. Brown,1
Jackson,0019 PAINT ROCK SR. CITIZEN,Governor,,DEM,"Nathan ""Nate"" Mathis",0
Jackson,0019 PAINT ROCK SR. CITIZEN,Governor,,DEM,Will Boyd,3
Jackson,0019 PAINT ROCK SR. CITIZEN,Governor,,DEM,Yolanda Rochelle Flowers,0
Jackson,0019 PAINT ROCK SR. CITIZEN,Lieutenant Governor,,DEM,Darryl D. Perryman,3
Jackson,0019 PAINT ROCK SR. CITIZEN,Lieutenant Governor,,DEM,Phillip Ensler,12
Jackson,0019 PAINT ROCK SR. CITIZEN,"Public Service Commissioner, Place 1",,DEM,James O. Gordon,8
Jackson,0019 PAINT ROCK SR. CITIZEN,"Public Service Commissioner, Place 1",,DEM,Jeff Ramsey,2
Jackson,0019 PAINT ROCK SR. CITIZEN,"Public Service Commissioner, Place 1",,DEM,John Northrop,4
Jackson,0019 PAINT ROCK SR. CITIZEN,U.S. House,5,DEM,Andrew Sneed,4
Jackson,0019 PAINT ROCK SR. CITIZEN,U.S. House,5,DEM,Candice Dollar Duvieilh,6
Jackson,0019 PAINT ROCK SR. CITIZEN,U.S. House,5,DEM,Jeremy Devito,4
Jackson,0019 PAINT ROCK SR. CITIZEN,U.S. Senate,,DEM,Dakarai Larriett,9
Jackson,0019 PAINT ROCK SR. CITIZEN,U.S. Senate,,DEM,Everett Wess,2
Jackson,0019 PAINT ROCK SR. CITIZEN,U.S. Senate,,DEM,Kyle Sweetser,2
Jackson,0019 PAINT ROCK SR. CITIZEN,U.S. Senate,,DEM,Mark S. Wheeler II,1
Jackson,0019 PAINT ROCK SR. CITIZEN,Attorney General,,REP,Jay Mitchell,30
Jackson,0019 PAINT ROCK SR. CITIZEN,Attorney General,,REP,Katherine Robertson,19
Jackson,0019 PAINT ROCK SR. CITIZEN,Attorney General,,REP,Pamela L. Casey,13
Jackson,0019 PAINT ROCK SR. CITIZEN,"Chairman, Jackson County Commission",,REP,Bill Nance,34
Jackson,0019 PAINT ROCK SR. CITIZEN,"Chairman, Jackson County Commission",,REP,Zac Talley,18
Jackson,0019 PAINT ROCK SR. CITIZEN,Commissioner of Agriculture and Industries,,REP,Christina Woerner McInnis,17
Jackson,0019 PAINT ROCK SR. CITIZEN,Commissioner of Agriculture and Industries,,REP,Cory Hill,32
Jackson,0019 PAINT ROCK SR. CITIZEN,Commissioner of Agriculture and Industries,,REP,Jack Williams,11
Jackson,0019 PAINT ROCK SR. CITIZEN,Governor,,REP,"""Alabama"" Will Santivasci",7
Jackson,0019 PAINT ROCK SR. CITIZEN,Governor,,REP,Ken McFeeters,6
Jackson,0019 PAINT ROCK SR. CITIZEN,Governor,,REP,Thomas Tuberville,50
Jackson,0019 PAINT ROCK SR. CITIZEN,Jackson County Coroner,,REP,John David Jordan,38
Jackson,0019 PAINT ROCK SR. CITIZEN,Jackson County Coroner,,REP,Tony Lee Watson,13
Jackson,0019 PAINT ROCK SR. CITIZEN,Jackson County Sheriff,,REP,Bradley James Talley,3
Jackson,0019 PAINT ROCK SR. CITIZEN,Jackson County Sheriff,,REP,Craig Holcomb,21
Jackson,0019 PAINT ROCK SR. CITIZEN,Jackson County Sheriff,,REP,Eric Woodall,17
Jackson,0019 PAINT ROCK SR. CITIZEN,Jackson County Sheriff,,REP,Tony Baker,18
Jackson,0019 PAINT ROCK SR. CITIZEN,Lieutenant Governor,,REP,George Childress,2
Jackson,0019 PAINT ROCK SR. CITIZEN,Lieutenant Governor,,REP,John Wahl,29
Jackson,0019 PAINT ROCK SR. CITIZEN,Lieutenant Governor,,REP,Nicole Jones Wadsworth,2
Jackson,0019 PAINT ROCK SR. CITIZEN,Lieutenant Governor,,REP,Pat Bishop,2
Jackson,0019 PAINT ROCK SR. CITIZEN,Lieutenant Governor,,REP,Rick Pate,2
Jackson,0019 PAINT ROCK SR. CITIZEN,Lieutenant Governor,,REP,Stewart Hill Tankersley,7
Jackson,0019 PAINT ROCK SR. CITIZEN,Lieutenant Governor,,REP,Wes Allen,19
Jackson,0019 PAINT ROCK SR. CITIZEN,"Member, Jackson County Commission, District No. 1",,REP,Chris Gulley,29
Jackson,0019 PAINT ROCK SR. CITIZEN,"Member, Jackson County Commission, District No. 1",,REP,David Keith Blizard,15
Jackson,0019 PAINT ROCK SR. CITIZEN,"Member, Jackson County Commission, District No. 1",,REP,John Peacock,6
Jackson,0019 PAINT ROCK SR. CITIZEN,"Public Service Commission, Place No. 1",,REP,Jeremy H. Oden,10
Jackson,0019 PAINT ROCK SR. CITIZEN,"Public Service Commission, Place No. 1",,REP,Matt Gentry,49
Jackson,0019 PAINT ROCK SR. CITIZEN,"Public Service Commission, Place No. 2",,REP,Brent Woodall,14
Jackson,0019 PAINT ROCK SR. CITIZEN,"Public Service Commission, Place No. 2",,REP,Chris Beeker,19
Jackson,0019 PAINT ROCK SR. CITIZEN,"Public Service Commission, Place No. 2",,REP,Jim Zig Zeigler,26
Jackson,0019 PAINT ROCK SR. CITIZEN,"Public Service Commission, Place No. 2",,REP,Priscilla Andrews,3
Jackson,0019 PAINT ROCK SR. CITIZEN,School Board,,REP,Josh Fralick,23
Jackson,0019 PAINT ROCK SR. CITIZEN,School Board,,REP,"Robert ""Robbie"" King",32
Jackson,0019 PAINT ROCK SR. CITIZEN,Secretary of State,,REP,Caroleene Dobson,37
Jackson,0019 PAINT ROCK SR. CITIZEN,Secretary of State,,REP,Christopher Christian Horn,16
Jackson,0019 PAINT ROCK SR. CITIZEN,Secretary of State,,REP,Glenda S. Jackson,5
Jackson,0019 PAINT ROCK SR. CITIZEN,State Auditor,,REP,Andrew Sorrell,53
Jackson,0019 PAINT ROCK SR. CITIZEN,State Auditor,,REP,Derek Chen,8
Jackson,0019 PAINT ROCK SR. CITIZEN,State Board of Education,8,REP,Connie Spears,18
Jackson,0019 PAINT ROCK SR. CITIZEN,State Board of Education,8,REP,Emily Jones,22
Jackson,0019 PAINT ROCK SR. CITIZEN,State Board of Education,8,REP,William Matthews,17
Jackson,0019 PAINT ROCK SR. CITIZEN,State Treasurer,,REP,Steve Lolley,16
Jackson,0019 PAINT ROCK SR. CITIZEN,State Treasurer,,REP,Young Boozer,45
Jackson,0019 PAINT ROCK SR. CITIZEN,U.S. Senate,,REP,Barry Moore,24
Jackson,0019 PAINT ROCK SR. CITIZEN,U.S. Senate,,REP,Dale Shelton Deas Jr.,4
Jackson,0019 PAINT ROCK SR. CITIZEN,U.S. Senate,,REP,Jared Hudson,20
Jackson,0019 PAINT ROCK SR. CITIZEN,U.S. Senate,,REP,Morgan Murphy,0
Jackson,0019 PAINT ROCK SR. CITIZEN,U.S. Senate,,REP,Rodney Walker,2
Jackson,0019 PAINT ROCK SR. CITIZEN,U.S. Senate,,REP,Seth Burton,4
Jackson,0019 PAINT ROCK SR. CITIZEN,U.S. Senate,,REP,Steve Marshall,9
Jackson,0020 SECTION CITY HALL,Proposed Statewide Amendment 1,,,No,27
Jackson,0020 SECTION CITY HALL,Proposed Statewide Amendment 1,,,Yes,216
Jackson,0020 SECTION CITY HALL,Governor,,DEM,"Chad ""Chig"" Martin",0
Jackson,0020 SECTION CITY HALL,Governor,,DEM,Doug Jones,38
Jackson,0020 SECTION CITY HALL,Governor,,DEM,Jamel J. Brown,0
Jackson,0020 SECTION CITY HALL,Governor,,DEM,"Nathan ""Nate"" Mathis",0
Jackson,0020 SECTION CITY HALL,Governor,,DEM,Will Boyd,2
Jackson,0020 SECTION CITY HALL,Governor,,DEM,Yolanda Rochelle Flowers,0
Jackson,0020 SECTION CITY HALL,Lieutenant Governor,,DEM,Darryl D. Perryman,11
Jackson,0020 SECTION CITY HALL,Lieutenant Governor,,DEM,Phillip Ensler,24
Jackson,0020 SECTION CITY HALL,"Public Service Commissioner, Place 1",,DEM,James O. Gordon,13
Jackson,0020 SECTION CITY HALL,"Public Service Commissioner, Place 1",,DEM,Jeff Ramsey,10
Jackson,0020 SECTION CITY HALL,"Public Service Commissioner, Place 1",,DEM,John Northrop,9
Jackson,0020 SECTION CITY HALL,U.S. House,5,DEM,Andrew Sneed,21
Jackson,0020 SECTION CITY HALL,U.S. House,5,DEM,Candice Dollar Duvieilh,7
Jackson,0020 SECTION CITY HALL,U.S. House,5,DEM,Jeremy Devito,6
Jackson,0020 SECTION CITY HALL,U.S. Senate,,DEM,Dakarai Larriett,6
Jackson,0020 SECTION CITY HALL,U.S. Senate,,DEM,Everett Wess,7
Jackson,0020 SECTION CITY HALL,U.S. Senate,,DEM,Kyle Sweetser,9
Jackson,0020 SECTION CITY HALL,U.S. Senate,,DEM,Mark S. Wheeler II,12
Jackson,0020 SECTION CITY HALL,Attorney General,,REP,Jay Mitchell,62
Jackson,0020 SECTION CITY HALL,Attorney General,,REP,Katherine Robertson,87
Jackson,0020 SECTION CITY HALL,Attorney General,,REP,Pamela L. Casey,47
Jackson,0020 SECTION CITY HALL,"Chairman, Jackson County Commission",,REP,Bill Nance,123
Jackson,0020 SECTION CITY HALL,"Chairman, Jackson County Commission",,REP,Zac Talley,77
Jackson,0020 SECTION CITY HALL,Commissioner of Agriculture and Industries,,REP,Christina Woerner McInnis,56
Jackson,0020 SECTION CITY HALL,Commissioner of Agriculture and Industries,,REP,Cory Hill,70
Jackson,0020 SECTION CITY HALL,Commissioner of Agriculture and Industries,,REP,Jack Williams,55
Jackson,0020 SECTION CITY HALL,Governor,,REP,"""Alabama"" Will Santivasci",15
Jackson,0020 SECTION CITY HALL,Governor,,REP,Ken McFeeters,11
Jackson,0020 SECTION CITY HALL,Governor,,REP,Thomas Tuberville,193
Jackson,0020 SECTION CITY HALL,Jackson County Coroner,,REP,John David Jordan,169
Jackson,0020 SECTION CITY HALL,Jackson County Coroner,,REP,Tony Lee Watson,37
Jackson,0020 SECTION CITY HALL,Jackson County Sheriff,,REP,Bradley James Talley,8
Jackson,0020 SECTION CITY HALL,Jackson County Sheriff,,REP,Craig Holcomb,120
Jackson,0020 SECTION CITY HALL,Jackson County Sheriff,,REP,Eric Woodall,39
Jackson,0020 SECTION CITY HALL,Jackson County Sheriff,,REP,Tony Baker,58
Jackson,0020 SECTION CITY HALL,Lieutenant Governor,,REP,George Childress,5
Jackson,0020 SECTION CITY HALL,Lieutenant Governor,,REP,John Wahl,96
Jackson,0020 SECTION CITY HALL,Lieutenant Governor,,REP,Nicole Jones Wadsworth,15
Jackson,0020 SECTION CITY HALL,Lieutenant Governor,,REP,Pat Bishop,11
Jackson,0020 SECTION CITY HALL,Lieutenant Governor,,REP,Rick Pate,12
Jackson,0020 SECTION CITY HALL,Lieutenant Governor,,REP,Stewart Hill Tankersley,7
Jackson,0020 SECTION CITY HALL,Lieutenant Governor,,REP,Wes Allen,54
Jackson,0020 SECTION CITY HALL,"Member, Jackson County Commission, District No. 1",,REP,Chris Gulley,118
Jackson,0020 SECTION CITY HALL,"Member, Jackson County Commission, District No. 1",,REP,David Keith Blizard,45
Jackson,0020 SECTION CITY HALL,"Member, Jackson County Commission, District No. 1",,REP,John Peacock,28
Jackson,0020 SECTION CITY HALL,"Public Service Commission, Place No. 1",,REP,Jeremy H. Oden,47
Jackson,0020 SECTION CITY HALL,"Public Service Commission, Place No. 1",,REP,Matt Gentry,135
Jackson,0020 SECTION CITY HALL,"Public Service Commission, Place No. 2",,REP,Brent Woodall,57
Jackson,0020 SECTION CITY HALL,"Public Service Commission, Place No. 2",,REP,Chris Beeker,23
Jackson,0020 SECTION CITY HALL,"Public Service Commission, Place No. 2",,REP,Jim Zig Zeigler,81
Jackson,0020 SECTION CITY HALL,"Public Service Commission, Place No. 2",,REP,Priscilla Andrews,22
Jackson,0020 SECTION CITY HALL,School Board,,REP,Josh Fralick,59
Jackson,0020 SECTION CITY HALL,School Board,,REP,"Robert ""Robbie"" King",148
Jackson,0020 SECTION CITY HALL,Secretary of State,,REP,Caroleene Dobson,91
Jackson,0020 SECTION CITY HALL,Secretary of State,,REP,Christopher Christian Horn,50
Jackson,0020 SECTION CITY HALL,Secretary of State,,REP,Glenda S. Jackson,37
Jackson,0020 SECTION CITY HALL,State Auditor,,REP,Andrew Sorrell,139
Jackson,0020 SECTION CITY HALL,State Auditor,,REP,Derek Chen,47
Jackson,0020 SECTION CITY HALL,State Board of Education,8,REP,Connie Spears,76
Jackson,0020 SECTION CITY HALL,State Board of Education,8,REP,Emily Jones,74
Jackson,0020 SECTION CITY HALL,State Board of Education,8,REP,William Matthews,36
Jackson,0020 SECTION CITY HALL,State Treasurer,,REP,Steve Lolley,80
Jackson,0020 SECTION CITY HALL,State Treasurer,,REP,Young Boozer,102
Jackson,0020 SECTION CITY HALL,U.S. Senate,,REP,Barry Moore,80
Jackson,0020 SECTION CITY HALL,U.S. Senate,,REP,Dale Shelton Deas Jr.,4
Jackson,0020 SECTION CITY HALL,U.S. Senate,,REP,Jared Hudson,38
Jackson,0020 SECTION CITY HALL,U.S. Senate,,REP,Morgan Murphy,2
Jackson,0020 SECTION CITY HALL,U.S. Senate,,REP,Rodney Walker,7
Jackson,0020 SECTION CITY HALL,U.S. Senate,,REP,Seth Burton,12
Jackson,0020 SECTION CITY HALL,U.S. Senate,,REP,Steve Marshall,70
Jackson,0021 HYTOP COMM CTR,Proposed Statewide Amendment 1,,,No,10
Jackson,0021 HYTOP COMM CTR,Proposed Statewide Amendment 1,,,Yes,63
Jackson,0021 HYTOP COMM CTR,Governor,,DEM,"Chad ""Chig"" Martin",1
Jackson,0021 HYTOP COMM CTR,Governor,,DEM,Doug Jones,2
Jackson,0021 HYTOP COMM CTR,Governor,,DEM,Jamel J. Brown,0
Jackson,0021 HYTOP COMM CTR,Governor,,DEM,"Nathan ""Nate"" Mathis",0
Jackson,0021 HYTOP COMM CTR,Governor,,DEM,Will Boyd,1
Jackson,0021 HYTOP COMM CTR,Governor,,DEM,Yolanda Rochelle Flowers,0
Jackson,0021 HYTOP COMM CTR,Lieutenant Governor,,DEM,Darryl D. Perryman,3
Jackson,0021 HYTOP COMM CTR,Lieutenant Governor,,DEM,Phillip Ensler,1
Jackson,0021 HYTOP COMM CTR,"Public Service Commissioner, Place 1",,DEM,James O. Gordon,2
Jackson,0021 HYTOP COMM CTR,"Public Service Commissioner, Place 1",,DEM,Jeff Ramsey,2
Jackson,0021 HYTOP COMM CTR,"Public Service Commissioner, Place 1",,DEM,John Northrop,0
Jackson,0021 HYTOP COMM CTR,U.S. House,5,DEM,Andrew Sneed,0
Jackson,0021 HYTOP COMM CTR,U.S. House,5,DEM,Candice Dollar Duvieilh,2
Jackson,0021 HYTOP COMM CTR,U.S. House,5,DEM,Jeremy Devito,1
Jackson,0021 HYTOP COMM CTR,U.S. Senate,,DEM,Dakarai Larriett,1
Jackson,0021 HYTOP COMM CTR,U.S. Senate,,DEM,Everett Wess,1
Jackson,0021 HYTOP COMM CTR,U.S. Senate,,DEM,Kyle Sweetser,0
Jackson,0021 HYTOP COMM CTR,U.S. Senate,,DEM,Mark S. Wheeler II,2
Jackson,0021 HYTOP COMM CTR,Attorney General,,REP,Jay Mitchell,31
Jackson,0021 HYTOP COMM CTR,Attorney General,,REP,Katherine Robertson,26
Jackson,0021 HYTOP COMM CTR,Attorney General,,REP,Pamela L. Casey,5
Jackson,0021 HYTOP COMM CTR,"Chairman, Jackson County Commission",,REP,Bill Nance,34
Jackson,0021 HYTOP COMM CTR,"Chairman, Jackson County Commission",,REP,Zac Talley,28
Jackson,0021 HYTOP COMM CTR,Commissioner of Agriculture and Industries,,REP,Christina Woerner McInnis,12
Jackson,0021 HYTOP COMM CTR,Commissioner of Agriculture and Industries,,REP,Cory Hill,19
Jackson,0021 HYTOP COMM CTR,Commissioner of Agriculture and Industries,,REP,Jack Williams,20
Jackson,0021 HYTOP COMM CTR,Governor,,REP,"""Alabama"" Will Santivasci",4
Jackson,0021 HYTOP COMM CTR,Governor,,REP,Ken McFeeters,12
Jackson,0021 HYTOP COMM CTR,Governor,,REP,Thomas Tuberville,59
Jackson,0021 HYTOP COMM CTR,Jackson County Coroner,,REP,John David Jordan,54
Jackson,0021 HYTOP COMM CTR,Jackson County Coroner,,REP,Tony Lee Watson,10
Jackson,0021 HYTOP COMM CTR,Jackson County Sheriff,,REP,Bradley James Talley,4
Jackson,0021 HYTOP COMM CTR,Jackson County Sheriff,,REP,Craig Holcomb,54
Jackson,0021 HYTOP COMM CTR,Jackson County Sheriff,,REP,Eric Woodall,13
Jackson,0021 HYTOP COMM CTR,Jackson County Sheriff,,REP,Tony Baker,6
Jackson,0021 HYTOP COMM CTR,Lieutenant Governor,,REP,George Childress,2
Jackson,0021 HYTOP COMM CTR,Lieutenant Governor,,REP,John Wahl,21
Jackson,0021 HYTOP COMM CTR,Lieutenant Governor,,REP,Nicole Jones Wadsworth,4
Jackson,0021 HYTOP COMM CTR,Lieutenant Governor,,REP,Pat Bishop,2
Jackson,0021 HYTOP COMM CTR,Lieutenant Governor,,REP,Rick Pate,3
Jackson,0021 HYTOP COMM CTR,Lieutenant Governor,,REP,Stewart Hill Tankersley,2
Jackson,0021 HYTOP COMM CTR,Lieutenant Governor,,REP,Wes Allen,24
Jackson,0021 HYTOP COMM CTR,"Member, Jackson County Commission, District No. 1",,REP,Chris Gulley,35
Jackson,0021 HYTOP COMM CTR,"Member, Jackson County Commission, District No. 1",,REP,David Keith Blizard,15
Jackson,0021 HYTOP COMM CTR,"Member, Jackson County Commission, District No. 1",,REP,John Peacock,8
Jackson,0021 HYTOP COMM CTR,"Public Service Commission, Place No. 1",,REP,Jeremy H. Oden,10
Jackson,0021 HYTOP COMM CTR,"Public Service Commission, Place No. 1",,REP,Matt Gentry,42
Jackson,0021 HYTOP COMM CTR,"Public Service Commission, Place No. 2",,REP,Brent Woodall,25
Jackson,0021 HYTOP COMM CTR,"Public Service Commission, Place No. 2",,REP,Chris Beeker,11
Jackson,0021 HYTOP COMM CTR,"Public Service Commission, Place No. 2",,REP,Jim Zig Zeigler,9
Jackson,0021 HYTOP COMM CTR,"Public Service Commission, Place No. 2",,REP,Priscilla Andrews,6
Jackson,0021 HYTOP COMM CTR,School Board,,REP,Josh Fralick,41
Jackson,0021 HYTOP COMM CTR,School Board,,REP,"Robert ""Robbie"" King",30
Jackson,0021 HYTOP COMM CTR,Secretary of State,,REP,Caroleene Dobson,20
Jackson,0021 HYTOP COMM CTR,Secretary of State,,REP,Christopher Christian Horn,22
Jackson,0021 HYTOP COMM CTR,Secretary of State,,REP,Glenda S. Jackson,9
Jackson,0021 HYTOP COMM CTR,State Auditor,,REP,Andrew Sorrell,41
Jackson,0021 HYTOP COMM CTR,State Auditor,,REP,Derek Chen,11
Jackson,0021 HYTOP COMM CTR,State Board of Education,8,REP,Connie Spears,10
Jackson,0021 HYTOP COMM CTR,State Board of Education,8,REP,Emily Jones,18
Jackson,0021 HYTOP COMM CTR,State Board of Education,8,REP,William Matthews,21
Jackson,0021 HYTOP COMM CTR,State Treasurer,,REP,Steve Lolley,23
Jackson,0021 HYTOP COMM CTR,State Treasurer,,REP,Young Boozer,26
Jackson,0021 HYTOP COMM CTR,U.S. Senate,,REP,Barry Moore,19
Jackson,0021 HYTOP COMM CTR,U.S. Senate,,REP,Dale Shelton Deas Jr.,5
Jackson,0021 HYTOP COMM CTR,U.S. Senate,,REP,Jared Hudson,15
Jackson,0021 HYTOP COMM CTR,U.S. Senate,,REP,Morgan Murphy,1
Jackson,0021 HYTOP COMM CTR,U.S. Senate,,REP,Rodney Walker,2
Jackson,0021 HYTOP COMM CTR,U.S. Senate,,REP,Seth Burton,6
Jackson,0021 HYTOP COMM CTR,U.S. Senate,,REP,Steve Marshall,15
Jackson,0022 DUTTON CITY HALL,Proposed Statewide Amendment 1,,,No,50
Jackson,0022 DUTTON CITY HALL,Proposed Statewide Amendment 1,,,Yes,326
Jackson,0022 DUTTON CITY HALL,Governor,,DEM,"Chad ""Chig"" Martin",5
Jackson,0022 DUTTON CITY HALL,Governor,,DEM,Doug Jones,36
Jackson,0022 DUTTON CITY HALL,Governor,,DEM,Jamel J. Brown,0
Jackson,0022 DUTTON CITY HALL,Governor,,DEM,"Nathan ""Nate"" Mathis",0
Jackson,0022 DUTTON CITY HALL,Governor,,DEM,Will Boyd,6
Jackson,0022 DUTTON CITY HALL,Governor,,DEM,Yolanda Rochelle Flowers,0
Jackson,0022 DUTTON CITY HALL,Lieutenant Governor,,DEM,Darryl D. Perryman,11
Jackson,0022 DUTTON CITY HALL,Lieutenant Governor,,DEM,Phillip Ensler,33
Jackson,0022 DUTTON CITY HALL,"Public Service Commissioner, Place 1",,DEM,James O. Gordon,14
Jackson,0022 DUTTON CITY HALL,"Public Service Commissioner, Place 1",,DEM,Jeff Ramsey,23
Jackson,0022 DUTTON CITY HALL,"Public Service Commissioner, Place 1",,DEM,John Northrop,4
Jackson,0022 DUTTON CITY HALL,U.S. House,5,DEM,Andrew Sneed,19
Jackson,0022 DUTTON CITY HALL,U.S. House,5,DEM,Candice Dollar Duvieilh,12
Jackson,0022 DUTTON CITY HALL,U.S. House,5,DEM,Jeremy Devito,12
Jackson,0022 DUTTON CITY HALL,U.S. Senate,,DEM,Dakarai Larriett,6
Jackson,0022 DUTTON CITY HALL,U.S. Senate,,DEM,Everett Wess,9
Jackson,0022 DUTTON CITY HALL,U.S. Senate,,DEM,Kyle Sweetser,20
Jackson,0022 DUTTON CITY HALL,U.S. Senate,,DEM,Mark S. Wheeler II,9
Jackson,0022 DUTTON CITY HALL,Attorney General,,REP,Jay Mitchell,131
Jackson,0022 DUTTON CITY HALL,Attorney General,,REP,Katherine Robertson,117
Jackson,0022 DUTTON CITY HALL,Attorney General,,REP,Pamela L. Casey,71
Jackson,0022 DUTTON CITY HALL,"Chairman, Jackson County Commission",,REP,Bill Nance,181
Jackson,0022 DUTTON CITY HALL,"Chairman, Jackson County Commission",,REP,Zac Talley,134
Jackson,0022 DUTTON CITY HALL,Commissioner of Agriculture and Industries,,REP,Christina Woerner McInnis,64
Jackson,0022 DUTTON CITY HALL,Commissioner of Agriculture and Industries,,REP,Cory Hill,139
Jackson,0022 DUTTON CITY HALL,Commissioner of Agriculture and Industries,,REP,Jack Williams,103
Jackson,0022 DUTTON CITY HALL,Governor,,REP,"""Alabama"" Will Santivasci",18
Jackson,0022 DUTTON CITY HALL,Governor,,REP,Ken McFeeters,23
Jackson,0022 DUTTON CITY HALL,Governor,,REP,Thomas Tuberville,303
Jackson,0022 DUTTON CITY HALL,Jackson County Coroner,,REP,John David Jordan,252
Jackson,0022 DUTTON CITY HALL,Jackson County Coroner,,REP,Tony Lee Watson,64
Jackson,0022 DUTTON CITY HALL,Jackson County Sheriff,,REP,Bradley James Talley,17
Jackson,0022 DUTTON CITY HALL,Jackson County Sheriff,,REP,Craig Holcomb,183
Jackson,0022 DUTTON CITY HALL,Jackson County Sheriff,,REP,Eric Woodall,63
Jackson,0022 DUTTON CITY HALL,Jackson County Sheriff,,REP,Tony Baker,78
Jackson,0022 DUTTON CITY HALL,Lieutenant Governor,,REP,George Childress,6
Jackson,0022 DUTTON CITY HALL,Lieutenant Governor,,REP,John Wahl,143
Jackson,0022 DUTTON CITY HALL,Lieutenant Governor,,REP,Nicole Jones Wadsworth,28
Jackson,0022 DUTTON CITY HALL,Lieutenant Governor,,REP,Pat Bishop,15
Jackson,0022 DUTTON CITY HALL,Lieutenant Governor,,REP,Rick Pate,21
Jackson,0022 DUTTON CITY HALL,Lieutenant Governor,,REP,Stewart Hill Tankersley,8
Jackson,0022 DUTTON CITY HALL,Lieutenant Governor,,REP,Wes Allen,109
Jackson,0022 DUTTON CITY HALL,"Member, Jackson County Commission, District No. 1",,REP,Chris Gulley,173
Jackson,0022 DUTTON CITY HALL,"Member, Jackson County Commission, District No. 1",,REP,David Keith Blizard,91
Jackson,0022 DUTTON CITY HALL,"Member, Jackson County Commission, District No. 1",,REP,John Peacock,38
Jackson,0022 DUTTON CITY HALL,"Public Service Commission, Place No. 1",,REP,Jeremy H. Oden,65
Jackson,0022 DUTTON CITY HALL,"Public Service Commission, Place No. 1",,REP,Matt Gentry,237
Jackson,0022 DUTTON CITY HALL,"Public Service Commission, Place No. 2",,REP,Brent Woodall,96
Jackson,0022 DUTTON CITY HALL,"Public Service Commission, Place No. 2",,REP,Chris Beeker,68
Jackson,0022 DUTTON CITY HALL,"Public Service Commission, Place No. 2",,REP,Jim Zig Zeigler,99
Jackson,0022 DUTTON CITY HALL,"Public Service Commission, Place No. 2",,REP,Priscilla Andrews,39
Jackson,0022 DUTTON CITY HALL,School Board,,REP,Josh Fralick,87
Jackson,0022 DUTTON CITY HALL,School Board,,REP,"Robert ""Robbie"" King",225
Jackson,0022 DUTTON CITY HALL,Secretary of State,,REP,Caroleene Dobson,157
Jackson,0022 DUTTON CITY HALL,Secretary of State,,REP,Christopher Christian Horn,88
Jackson,0022 DUTTON CITY HALL,Secretary of State,,REP,Glenda S. Jackson,59
Jackson,0022 DUTTON CITY HALL,State Auditor,,REP,Andrew Sorrell,238
Jackson,0022 DUTTON CITY HALL,State Auditor,,REP,Derek Chen,73
Jackson,0022 DUTTON CITY HALL,State Board of Education,8,REP,Connie Spears,82
Jackson,0022 DUTTON CITY HALL,State Board of Education,8,REP,Emily Jones,161
Jackson,0022 DUTTON CITY HALL,State Board of Education,8,REP,William Matthews,68
Jackson,0022 DUTTON CITY HALL,State Treasurer,,REP,Steve Lolley,113
Jackson,0022 DUTTON CITY HALL,State Treasurer,,REP,Young Boozer,200
Jackson,0022 DUTTON CITY HALL,U.S. Senate,,REP,Barry Moore,129
Jackson,0022 DUTTON CITY HALL,U.S. Senate,,REP,Dale Shelton Deas Jr.,11
Jackson,0022 DUTTON CITY HALL,U.S. Senate,,REP,Jared Hudson,81
Jackson,0022 DUTTON CITY HALL,U.S. Senate,,REP,Morgan Murphy,6
Jackson,0022 DUTTON CITY HALL,U.S. Senate,,REP,Rodney Walker,8
Jackson,0022 DUTTON CITY HALL,U.S. Senate,,REP,Seth Burton,19
Jackson,0022 DUTTON CITY HALL,U.S. Senate,,REP,Steve Marshall,78
Jackson,0023 HIGDON N SAND MTN HS,Proposed Statewide Amendment 1,,,No,23
Jackson,0023 HIGDON N SAND MTN HS,Proposed Statewide Amendment 1,,,Yes,163
Jackson,0023 HIGDON N SAND MTN HS,Governor,,DEM,"Chad ""Chig"" Martin",0
Jackson,0023 HIGDON N SAND MTN HS,Governor,,DEM,Doug Jones,6
Jackson,0023 HIGDON N SAND MTN HS,Governor,,DEM,Jamel J. Brown,0
Jackson,0023 HIGDON N SAND MTN HS,Governor,,DEM,"Nathan ""Nate"" Mathis",0
Jackson,0023 HIGDON N SAND MTN HS,Governor,,DEM,Will Boyd,2
Jackson,0023 HIGDON N SAND MTN HS,Governor,,DEM,Yolanda Rochelle Flowers,0
Jackson,0023 HIGDON N SAND MTN HS,Lieutenant Governor,,DEM,Darryl D. Perryman,2
Jackson,0023 HIGDON N SAND MTN HS,Lieutenant Governor,,DEM,Phillip Ensler,5
Jackson,0023 HIGDON N SAND MTN HS,"Public Service Commissioner, Place 1",,DEM,James O. Gordon,2
Jackson,0023 HIGDON N SAND MTN HS,"Public Service Commissioner, Place 1",,DEM,Jeff Ramsey,2
Jackson,0023 HIGDON N SAND MTN HS,"Public Service Commissioner, Place 1",,DEM,John Northrop,2
Jackson,0023 HIGDON N SAND MTN HS,U.S. House,5,DEM,Andrew Sneed,3
Jackson,0023 HIGDON N SAND MTN HS,U.S. House,5,DEM,Candice Dollar Duvieilh,3
Jackson,0023 HIGDON N SAND MTN HS,U.S. House,5,DEM,Jeremy Devito,1
Jackson,0023 HIGDON N SAND MTN HS,U.S. Senate,,DEM,Dakarai Larriett,4
Jackson,0023 HIGDON N SAND MTN HS,U.S. Senate,,DEM,Everett Wess,1
Jackson,0023 HIGDON N SAND MTN HS,U.S. Senate,,DEM,Kyle Sweetser,1
Jackson,0023 HIGDON N SAND MTN HS,U.S. Senate,,DEM,Mark S. Wheeler II,1
Jackson,0023 HIGDON N SAND MTN HS,Attorney General,,REP,Jay Mitchell,90
Jackson,0023 HIGDON N SAND MTN HS,Attorney General,,REP,Katherine Robertson,45
Jackson,0023 HIGDON N SAND MTN HS,Attorney General,,REP,Pamela L. Casey,41
Jackson,0023 HIGDON N SAND MTN HS,"Chairman, Jackson County Commission",,REP,Bill Nance,78
Jackson,0023 HIGDON N SAND MTN HS,"Chairman, Jackson County Commission",,REP,Zac Talley,79
Jackson,0023 HIGDON N SAND MTN HS,Commissioner of Agriculture and Industries,,REP,Christina Woerner McInnis,24
Jackson,0023 HIGDON N SAND MTN HS,Commissioner of Agriculture and Industries,,REP,Cory Hill,79
Jackson,0023 HIGDON N SAND MTN HS,Commissioner of Agriculture and Industries,,REP,Jack Williams,64
Jackson,0023 HIGDON N SAND MTN HS,Governor,,REP,"""Alabama"" Will Santivasci",12
Jackson,0023 HIGDON N SAND MTN HS,Governor,,REP,Ken McFeeters,13
Jackson,0023 HIGDON N SAND MTN HS,Governor,,REP,Thomas Tuberville,159
Jackson,0023 HIGDON N SAND MTN HS,Jackson County Coroner,,REP,John David Jordan,118
Jackson,0023 HIGDON N SAND MTN HS,Jackson County Coroner,,REP,Tony Lee Watson,44
Jackson,0023 HIGDON N SAND MTN HS,Jackson County Sheriff,,REP,Bradley James Talley,117
Jackson,0023 HIGDON N SAND MTN HS,Jackson County Sheriff,,REP,Craig Holcomb,40
Jackson,0023 HIGDON N SAND MTN HS,Jackson County Sheriff,,REP,Eric Woodall,24
Jackson,0023 HIGDON N SAND MTN HS,Jackson County Sheriff,,REP,Tony Baker,8
Jackson,0023 HIGDON N SAND MTN HS,Lieutenant Governor,,REP,George Childress,9
Jackson,0023 HIGDON N SAND MTN HS,Lieutenant Governor,,REP,John Wahl,88
Jackson,0023 HIGDON N SAND MTN HS,Lieutenant Governor,,REP,Nicole Jones Wadsworth,8
Jackson,0023 HIGDON N SAND MTN HS,Lieutenant Governor,,REP,Pat Bishop,7
Jackson,0023 HIGDON N SAND MTN HS,Lieutenant Governor,,REP,Rick Pate,14
Jackson,0023 HIGDON N SAND MTN HS,Lieutenant Governor,,REP,Stewart Hill Tankersley,1
Jackson,0023 HIGDON N SAND MTN HS,Lieutenant Governor,,REP,Wes Allen,52
Jackson,0023 HIGDON N SAND MTN HS,"Member, Jackson County Commission, District No. 1",,REP,Chris Gulley,90
Jackson,0023 HIGDON N SAND MTN HS,"Member, Jackson County Commission, District No. 1",,REP,David Keith Blizard,44
Jackson,0023 HIGDON N SAND MTN HS,"Member, Jackson County Commission, District No. 1",,REP,John Peacock,32
Jackson,0023 HIGDON N SAND MTN HS,"Public Service Commission, Place No. 1",,REP,Jeremy H. Oden,34
Jackson,0023 HIGDON N SAND MTN HS,"Public Service Commission, Place No. 1",,REP,Matt Gentry,126
Jackson,0023 HIGDON N SAND MTN HS,"Public Service Commission, Place No. 2",,REP,Brent Woodall,53
Jackson,0023 HIGDON N SAND MTN HS,"Public Service Commission, Place No. 2",,REP,Chris Beeker,34
Jackson,0023 HIGDON N SAND MTN HS,"Public Service Commission, Place No. 2",,REP,Jim Zig Zeigler,54
Jackson,0023 HIGDON N SAND MTN HS,"Public Service Commission, Place No. 2",,REP,Priscilla Andrews,16
Jackson,0023 HIGDON N SAND MTN HS,School Board,,REP,Josh Fralick,53
Jackson,0023 HIGDON N SAND MTN HS,School Board,,REP,"Robert ""Robbie"" King",100
Jackson,0023 HIGDON N SAND MTN HS,Secretary of State,,REP,Caroleene Dobson,78
Jackson,0023 HIGDON N SAND MTN HS,Secretary of State,,REP,Christopher Christian Horn,54
Jackson,0023 HIGDON N SAND MTN HS,Secretary of State,,REP,Glenda S. Jackson,28
Jackson,0023 HIGDON N SAND MTN HS,State Auditor,,REP,Andrew Sorrell,122
Jackson,0023 HIGDON N SAND MTN HS,State Auditor,,REP,Derek Chen,43
Jackson,0023 HIGDON N SAND MTN HS,State Board of Education,8,REP,Connie Spears,45
Jackson,0023 HIGDON N SAND MTN HS,State Board of Education,8,REP,Emily Jones,53
Jackson,0023 HIGDON N SAND MTN HS,State Board of Education,8,REP,William Matthews,57
Jackson,0023 HIGDON N SAND MTN HS,State Treasurer,,REP,Steve Lolley,72
Jackson,0023 HIGDON N SAND MTN HS,State Treasurer,,REP,Young Boozer,91
Jackson,0023 HIGDON N SAND MTN HS,U.S. Senate,,REP,Barry Moore,96
Jackson,0023 HIGDON N SAND MTN HS,U.S. Senate,,REP,Dale Shelton Deas Jr.,6
Jackson,0023 HIGDON N SAND MTN HS,U.S. Senate,,REP,Jared Hudson,30
Jackson,0023 HIGDON N SAND MTN HS,U.S. Senate,,REP,Morgan Murphy,2
Jackson,0023 HIGDON N SAND MTN HS,U.S. Senate,,REP,Rodney Walker,8
Jackson,0023 HIGDON N SAND MTN HS,U.S. Senate,,REP,Seth Burton,5
Jackson,0023 HIGDON N SAND MTN HS,U.S. Senate,,REP,Steve Marshall,33
Jackson,0024 MACEDONIA SCHOOL,Proposed Statewide Amendment 1,,,No,16
Jackson,0024 MACEDONIA SCHOOL,Proposed Statewide Amendment 1,,,Yes,208
Jackson,0024 MACEDONIA SCHOOL,Governor,,DEM,"Chad ""Chig"" Martin",1
Jackson,0024 MACEDONIA SCHOOL,Governor,,DEM,Doug Jones,17
Jackson,0024 MACEDONIA SCHOOL,Governor,,DEM,Jamel J. Brown,0
Jackson,0024 MACEDONIA SCHOOL,Governor,,DEM,"Nathan ""Nate"" Mathis",0
Jackson,0024 MACEDONIA SCHOOL,Governor,,DEM,Will Boyd,3
Jackson,0024 MACEDONIA SCHOOL,Governor,,DEM,Yolanda Rochelle Flowers,1
Jackson,0024 MACEDONIA SCHOOL,Lieutenant Governor,,DEM,Darryl D. Perryman,3
Jackson,0024 MACEDONIA SCHOOL,Lieutenant Governor,,DEM,Phillip Ensler,15
Jackson,0024 MACEDONIA SCHOOL,"Public Service Commissioner, Place 1",,DEM,James O. Gordon,5
Jackson,0024 MACEDONIA SCHOOL,"Public Service Commissioner, Place 1",,DEM,Jeff Ramsey,7
Jackson,0024 MACEDONIA SCHOOL,"Public Service Commissioner, Place 1",,DEM,John Northrop,4
Jackson,0024 MACEDONIA SCHOOL,U.S. House,5,DEM,Andrew Sneed,6
Jackson,0024 MACEDONIA SCHOOL,U.S. House,5,DEM,Candice Dollar Duvieilh,1
Jackson,0024 MACEDONIA SCHOOL,U.S. House,5,DEM,Jeremy Devito,11
Jackson,0024 MACEDONIA SCHOOL,U.S. Senate,,DEM,Dakarai Larriett,3
Jackson,0024 MACEDONIA SCHOOL,U.S. Senate,,DEM,Everett Wess,3
Jackson,0024 MACEDONIA SCHOOL,U.S. Senate,,DEM,Kyle Sweetser,7
Jackson,0024 MACEDONIA SCHOOL,U.S. Senate,,DEM,Mark S. Wheeler II,4
Jackson,0024 MACEDONIA SCHOOL,Attorney General,,REP,Jay Mitchell,72
Jackson,0024 MACEDONIA SCHOOL,Attorney General,,REP,Katherine Robertson,88
Jackson,0024 MACEDONIA SCHOOL,Attorney General,,REP,Pamela L. Casey,28
Jackson,0024 MACEDONIA SCHOOL,"Chairman, Jackson County Commission",,REP,Bill Nance,122
Jackson,0024 MACEDONIA SCHOOL,"Chairman, Jackson County Commission",,REP,Zac Talley,72
Jackson,0024 MACEDONIA SCHOOL,Commissioner of Agriculture and Industries,,REP,Christina Woerner McInnis,38
Jackson,0024 MACEDONIA SCHOOL,Commissioner of Agriculture and Industries,,REP,Cory Hill,85
Jackson,0024 MACEDONIA SCHOOL,Commissioner of Agriculture and Industries,,REP,Jack Williams,53
Jackson,0024 MACEDONIA SCHOOL,Governor,,REP,"""Alabama"" Will Santivasci",13
Jackson,0024 MACEDONIA SCHOOL,Governor,,REP,Ken McFeeters,28
Jackson,0024 MACEDONIA SCHOOL,Governor,,REP,Thomas Tuberville,167
Jackson,0024 MACEDONIA SCHOOL,Jackson County Coroner,,REP,John David Jordan,169
Jackson,0024 MACEDONIA SCHOOL,Jackson County Coroner,,REP,Tony Lee Watson,30
Jackson,0024 MACEDONIA SCHOOL,Jackson County Sheriff,,REP,Bradley James Talley,3
Jackson,0024 MACEDONIA SCHOOL,Jackson County Sheriff,,REP,Craig Holcomb,129
Jackson,0024 MACEDONIA SCHOOL,Jackson County Sheriff,,REP,Eric Woodall,32
Jackson,0024 MACEDONIA SCHOOL,Jackson County Sheriff,,REP,Tony Baker,51
Jackson,0024 MACEDONIA SCHOOL,Lieutenant Governor,,REP,George Childress,4
Jackson,0024 MACEDONIA SCHOOL,Lieutenant Governor,,REP,John Wahl,74
Jackson,0024 MACEDONIA SCHOOL,Lieutenant Governor,,REP,Nicole Jones Wadsworth,6
Jackson,0024 MACEDONIA SCHOOL,Lieutenant Governor,,REP,Pat Bishop,3
Jackson,0024 MACEDONIA SCHOOL,Lieutenant Governor,,REP,Rick Pate,17
Jackson,0024 MACEDONIA SCHOOL,Lieutenant Governor,,REP,Stewart Hill Tankersley,6
Jackson,0024 MACEDONIA SCHOOL,Lieutenant Governor,,REP,Wes Allen,83
Jackson,0024 MACEDONIA SCHOOL,"Member, Jackson County Commission, District No. 1",,REP,Chris Gulley,95
Jackson,0024 MACEDONIA SCHOOL,"Member, Jackson County Commission, District No. 1",,REP,David Keith Blizard,54
Jackson,0024 MACEDONIA SCHOOL,"Member, Jackson County Commission, District No. 1",,REP,John Peacock,34
Jackson,0024 MACEDONIA SCHOOL,"Public Service Commission, Place No. 1",,REP,Jeremy H. Oden,46
Jackson,0024 MACEDONIA SCHOOL,"Public Service Commission, Place No. 1",,REP,Matt Gentry,124
Jackson,0024 MACEDONIA SCHOOL,"Public Service Commission, Place No. 2",,REP,Brent Woodall,58
Jackson,0024 MACEDONIA SCHOOL,"Public Service Commission, Place No. 2",,REP,Chris Beeker,34
Jackson,0024 MACEDONIA SCHOOL,"Public Service Commission, Place No. 2",,REP,Jim Zig Zeigler,56
Jackson,0024 MACEDONIA SCHOOL,"Public Service Commission, Place No. 2",,REP,Priscilla Andrews,19
Jackson,0024 MACEDONIA SCHOOL,School Board,,REP,Josh Fralick,62
Jackson,0024 MACEDONIA SCHOOL,School Board,,REP,"Robert ""Robbie"" King",130
Jackson,0024 MACEDONIA SCHOOL,Secretary of State,,REP,Caroleene Dobson,94
Jackson,0024 MACEDONIA SCHOOL,Secretary of State,,REP,Christopher Christian Horn,51
Jackson,0024 MACEDONIA SCHOOL,Secretary of State,,REP,Glenda S. Jackson,26
Jackson,0024 MACEDONIA SCHOOL,State Auditor,,REP,Andrew Sorrell,131
Jackson,0024 MACEDONIA SCHOOL,State Auditor,,REP,Derek Chen,43
Jackson,0024 MACEDONIA SCHOOL,State Board of Education,8,REP,Connie Spears,46
Jackson,0024 MACEDONIA SCHOOL,State Board of Education,8,REP,Emily Jones,80
Jackson,0024 MACEDONIA SCHOOL,State Board of Education,8,REP,William Matthews,55
Jackson,0024 MACEDONIA SCHOOL,State Treasurer,,REP,Steve Lolley,74
Jackson,0024 MACEDONIA SCHOOL,State Treasurer,,REP,Young Boozer,97
Jackson,0024 MACEDONIA SCHOOL,U.S. Senate,,REP,Barry Moore,58
Jackson,0024 MACEDONIA SCHOOL,U.S. Senate,,REP,Dale Shelton Deas Jr.,4
Jackson,0024 MACEDONIA SCHOOL,U.S. Senate,,REP,Jared Hudson,46
Jackson,0024 MACEDONIA SCHOOL,U.S. Senate,,REP,Morgan Murphy,4
Jackson,0024 MACEDONIA SCHOOL,U.S. Senate,,REP,Rodney Walker,8
Jackson,0024 MACEDONIA SCHOOL,U.S. Senate,,REP,Seth Burton,8
Jackson,0024 MACEDONIA SCHOOL,U.S. Senate,,REP,Steve Marshall,80
Jackson,0026 PLEASANT GROVES CC,Proposed Statewide Amendment 1,,,No,8
Jackson,0026 PLEASANT GROVES CC,Proposed Statewide Amendment 1,,,Yes,69
Jackson,0026 PLEASANT GROVES CC,Governor,,DEM,"Chad ""Chig"" Martin",1
Jackson,0026 PLEASANT GROVES CC,Governor,,DEM,Doug Jones,1
Jackson,0026 PLEASANT GROVES CC,Governor,,DEM,Jamel J. Brown,0
Jackson,0026 PLEASANT GROVES CC,Governor,,DEM,"Nathan ""Nate"" Mathis",1
Jackson,0026 PLEASANT GROVES CC,Governor,,DEM,Will Boyd,0
Jackson,0026 PLEASANT GROVES CC,Governor,,DEM,Yolanda Rochelle Flowers,3
Jackson,0026 PLEASANT GROVES CC,Lieutenant Governor,,DEM,Darryl D. Perryman,3
Jackson,0026 PLEASANT GROVES CC,Lieutenant Governor,,DEM,Phillip Ensler,2
Jackson,0026 PLEASANT GROVES CC,"Public Service Commissioner, Place 1",,DEM,James O. Gordon,2
Jackson,0026 PLEASANT GROVES CC,"Public Service Commissioner, Place 1",,DEM,Jeff Ramsey,0
Jackson,0026 PLEASANT GROVES CC,"Public Service Commissioner, Place 1",,DEM,John Northrop,3
Jackson,0026 PLEASANT GROVES CC,U.S. House,5,DEM,Andrew Sneed,2
Jackson,0026 PLEASANT GROVES CC,U.S. House,5,DEM,Candice Dollar Duvieilh,2
Jackson,0026 PLEASANT GROVES CC,U.S. House,5,DEM,Jeremy Devito,2
Jackson,0026 PLEASANT GROVES CC,U.S. Senate,,DEM,Dakarai Larriett,2
Jackson,0026 PLEASANT GROVES CC,U.S. Senate,,DEM,Everett Wess,1
Jackson,0026 PLEASANT GROVES CC,U.S. Senate,,DEM,Kyle Sweetser,0
Jackson,0026 PLEASANT GROVES CC,U.S. Senate,,DEM,Mark S. Wheeler II,2
Jackson,0026 PLEASANT GROVES CC,Attorney General,,REP,Jay Mitchell,23
Jackson,0026 PLEASANT GROVES CC,Attorney General,,REP,Katherine Robertson,29
Jackson,0026 PLEASANT GROVES CC,Attorney General,,REP,Pamela L. Casey,14
Jackson,0026 PLEASANT GROVES CC,"Chairman, Jackson County Commission",,REP,Bill Nance,33
Jackson,0026 PLEASANT GROVES CC,"Chairman, Jackson County Commission",,REP,Zac Talley,28
Jackson,0026 PLEASANT GROVES CC,Commissioner of Agriculture and Industries,,REP,Christina Woerner McInnis,23
Jackson,0026 PLEASANT GROVES CC,Commissioner of Agriculture and Industries,,REP,Cory Hill,20
Jackson,0026 PLEASANT GROVES CC,Commissioner of Agriculture and Industries,,REP,Jack Williams,17
Jackson,0026 PLEASANT GROVES CC,Governor,,REP,"""Alabama"" Will Santivasci",2
Jackson,0026 PLEASANT GROVES CC,Governor,,REP,Ken McFeeters,15
Jackson,0026 PLEASANT GROVES CC,Governor,,REP,Thomas Tuberville,57
Jackson,0026 PLEASANT GROVES CC,Jackson County Coroner,,REP,John David Jordan,59
Jackson,0026 PLEASANT GROVES CC,Jackson County Coroner,,REP,Tony Lee Watson,11
Jackson,0026 PLEASANT GROVES CC,Jackson County Sheriff,,REP,Bradley James Talley,2
Jackson,0026 PLEASANT GROVES CC,Jackson County Sheriff,,REP,Craig Holcomb,35
Jackson,0026 PLEASANT GROVES CC,Jackson County Sheriff,,REP,Eric Woodall,27
Jackson,0026 PLEASANT GROVES CC,Jackson County Sheriff,,REP,Tony Baker,12
Jackson,0026 PLEASANT GROVES CC,Lieutenant Governor,,REP,George Childress,1
Jackson,0026 PLEASANT GROVES CC,Lieutenant Governor,,REP,John Wahl,29
Jackson,0026 PLEASANT GROVES CC,Lieutenant Governor,,REP,Nicole Jones Wadsworth,3
Jackson,0026 PLEASANT GROVES CC,Lieutenant Governor,,REP,Pat Bishop,1
Jackson,0026 PLEASANT GROVES CC,Lieutenant Governor,,REP,Rick Pate,1
Jackson,0026 PLEASANT GROVES CC,Lieutenant Governor,,REP,Stewart Hill Tankersley,3
Jackson,0026 PLEASANT GROVES CC,Lieutenant Governor,,REP,Wes Allen,26
Jackson,0026 PLEASANT GROVES CC,"Member, Jackson County Commission, District No. 1",,REP,Chris Gulley,26
Jackson,0026 PLEASANT GROVES CC,"Member, Jackson County Commission, District No. 1",,REP,David Keith Blizard,18
Jackson,0026 PLEASANT GROVES CC,"Member, Jackson County Commission, District No. 1",,REP,John Peacock,21
Jackson,0026 PLEASANT GROVES CC,"Public Service Commission, Place No. 1",,REP,Jeremy H. Oden,14
Jackson,0026 PLEASANT GROVES CC,"Public Service Commission, Place No. 1",,REP,Matt Gentry,48
Jackson,0026 PLEASANT GROVES CC,"Public Service Commission, Place No. 2",,REP,Brent Woodall,17
Jackson,0026 PLEASANT GROVES CC,"Public Service Commission, Place No. 2",,REP,Chris Beeker,9
Jackson,0026 PLEASANT GROVES CC,"Public Service Commission, Place No. 2",,REP,Jim Zig Zeigler,28
Jackson,0026 PLEASANT GROVES CC,"Public Service Commission, Place No. 2",,REP,Priscilla Andrews,6
Jackson,0026 PLEASANT GROVES CC,School Board,,REP,Josh Fralick,52
Jackson,0026 PLEASANT GROVES CC,School Board,,REP,"Robert ""Robbie"" King",25
Jackson,0026 PLEASANT GROVES CC,Secretary of State,,REP,Caroleene Dobson,40
Jackson,0026 PLEASANT GROVES CC,Secretary of State,,REP,Christopher Christian Horn,12
Jackson,0026 PLEASANT GROVES CC,Secretary of State,,REP,Glenda S. Jackson,8
Jackson,0026 PLEASANT GROVES CC,State Auditor,,REP,Andrew Sorrell,51
Jackson,0026 PLEASANT GROVES CC,State Auditor,,REP,Derek Chen,11
Jackson,0026 PLEASANT GROVES CC,State Board of Education,8,REP,Connie Spears,21
Jackson,0026 PLEASANT GROVES CC,State Board of Education,8,REP,Emily Jones,18
Jackson,0026 PLEASANT GROVES CC,State Board of Education,8,REP,William Matthews,19
Jackson,0026 PLEASANT GROVES CC,State Treasurer,,REP,Steve Lolley,25
Jackson,0026 PLEASANT GROVES CC,State Treasurer,,REP,Young Boozer,34
Jackson,0026 PLEASANT GROVES CC,U.S. Senate,,REP,Barry Moore,14
Jackson,0026 PLEASANT GROVES CC,U.S. Senate,,REP,Dale Shelton Deas Jr.,2
Jackson,0026 PLEASANT GROVES CC,U.S. Senate,,REP,Jared Hudson,15
Jackson,0026 PLEASANT GROVES CC,U.S. Senate,,REP,Morgan Murphy,2
Jackson,0026 PLEASANT GROVES CC,U.S. Senate,,REP,Rodney Walker,3
Jackson,0026 PLEASANT GROVES CC,U.S. Senate,,REP,Seth Burton,3
Jackson,0026 PLEASANT GROVES CC,U.S. Senate,,REP,Steve Marshall,27
Jackson,0027 LIMROCK FIRE HALL,Proposed Statewide Amendment 1,,,No,11
Jackson,0027 LIMROCK FIRE HALL,Proposed Statewide Amendment 1,,,Yes,116
Jackson,0027 LIMROCK FIRE HALL,Governor,,DEM,"Chad ""Chig"" Martin",0
Jackson,0027 LIMROCK FIRE HALL,Governor,,DEM,Doug Jones,6
Jackson,0027 LIMROCK FIRE HALL,Governor,,DEM,Jamel J. Brown,0
Jackson,0027 LIMROCK FIRE HALL,Governor,,DEM,"Nathan ""Nate"" Mathis",0
Jackson,0027 LIMROCK FIRE HALL,Governor,,DEM,Will Boyd,0
Jackson,0027 LIMROCK FIRE HALL,Governor,,DEM,Yolanda Rochelle Flowers,0
Jackson,0027 LIMROCK FIRE HALL,Lieutenant Governor,,DEM,Darryl D. Perryman,2
Jackson,0027 LIMROCK FIRE HALL,Lieutenant Governor,,DEM,Phillip Ensler,2
Jackson,0027 LIMROCK FIRE HALL,"Public Service Commissioner, Place 1",,DEM,James O. Gordon,1
Jackson,0027 LIMROCK FIRE HALL,"Public Service Commissioner, Place 1",,DEM,Jeff Ramsey,1
Jackson,0027 LIMROCK FIRE HALL,"Public Service Commissioner, Place 1",,DEM,John Northrop,0
Jackson,0027 LIMROCK FIRE HALL,U.S. House,5,DEM,Andrew Sneed,1
Jackson,0027 LIMROCK FIRE HALL,U.S. House,5,DEM,Candice Dollar Duvieilh,2
Jackson,0027 LIMROCK FIRE HALL,U.S. House,5,DEM,Jeremy Devito,1
Jackson,0027 LIMROCK FIRE HALL,U.S. Senate,,DEM,Dakarai Larriett,1
Jackson,0027 LIMROCK FIRE HALL,U.S. Senate,,DEM,Everett Wess,2
Jackson,0027 LIMROCK FIRE HALL,U.S. Senate,,DEM,Kyle Sweetser,1
Jackson,0027 LIMROCK FIRE HALL,U.S. Senate,,DEM,Mark S. Wheeler II,1
Jackson,0027 LIMROCK FIRE HALL,Attorney General,,REP,Jay Mitchell,37
Jackson,0027 LIMROCK FIRE HALL,Attorney General,,REP,Katherine Robertson,59
Jackson,0027 LIMROCK FIRE HALL,Attorney General,,REP,Pamela L. Casey,29
Jackson,0027 LIMROCK FIRE HALL,"Chairman, Jackson County Commission",,REP,Bill Nance,74
Jackson,0027 LIMROCK FIRE HALL,"Chairman, Jackson County Commission",,REP,Zac Talley,47
Jackson,0027 LIMROCK FIRE HALL,Commissioner of Agriculture and Industries,,REP,Christina Woerner McInnis,32
Jackson,0027 LIMROCK FIRE HALL,Commissioner of Agriculture and Industries,,REP,Cory Hill,55
Jackson,0027 LIMROCK FIRE HALL,Commissioner of Agriculture and Industries,,REP,Jack Williams,34
Jackson,0027 LIMROCK FIRE HALL,Governor,,REP,"""Alabama"" Will Santivasci",7
Jackson,0027 LIMROCK FIRE HALL,Governor,,REP,Ken McFeeters,15
Jackson,0027 LIMROCK FIRE HALL,Governor,,REP,Thomas Tuberville,103
Jackson,0027 LIMROCK FIRE HALL,Jackson County Coroner,,REP,John David Jordan,102
Jackson,0027 LIMROCK FIRE HALL,Jackson County Coroner,,REP,Tony Lee Watson,20
Jackson,0027 LIMROCK FIRE HALL,Jackson County Sheriff,,REP,Bradley James Talley,4
Jackson,0027 LIMROCK FIRE HALL,Jackson County Sheriff,,REP,Craig Holcomb,93
Jackson,0027 LIMROCK FIRE HALL,Jackson County Sheriff,,REP,Eric Woodall,15
Jackson,0027 LIMROCK FIRE HALL,Jackson County Sheriff,,REP,Tony Baker,18
Jackson,0027 LIMROCK FIRE HALL,Lieutenant Governor,,REP,George Childress,4
Jackson,0027 LIMROCK FIRE HALL,Lieutenant Governor,,REP,John Wahl,55
Jackson,0027 LIMROCK FIRE HALL,Lieutenant Governor,,REP,Nicole Jones Wadsworth,2
Jackson,0027 LIMROCK FIRE HALL,Lieutenant Governor,,REP,Pat Bishop,3
Jackson,0027 LIMROCK FIRE HALL,Lieutenant Governor,,REP,Rick Pate,11
Jackson,0027 LIMROCK FIRE HALL,Lieutenant Governor,,REP,Stewart Hill Tankersley,6
Jackson,0027 LIMROCK FIRE HALL,Lieutenant Governor,,REP,Wes Allen,43
Jackson,0027 LIMROCK FIRE HALL,"Member, Jackson County Commission, District No. 1",,REP,Chris Gulley,79
Jackson,0027 LIMROCK FIRE HALL,"Member, Jackson County Commission, District No. 1",,REP,David Keith Blizard,20
Jackson,0027 LIMROCK FIRE HALL,"Member, Jackson County Commission, District No. 1",,REP,John Peacock,20
Jackson,0027 LIMROCK FIRE HALL,"Public Service Commission, Place No. 1",,REP,Jeremy H. Oden,24
Jackson,0027 LIMROCK FIRE HALL,"Public Service Commission, Place No. 1",,REP,Matt Gentry,84
Jackson,0027 LIMROCK FIRE HALL,"Public Service Commission, Place No. 2",,REP,Brent Woodall,41
Jackson,0027 LIMROCK FIRE HALL,"Public Service Commission, Place No. 2",,REP,Chris Beeker,25
Jackson,0027 LIMROCK FIRE HALL,"Public Service Commission, Place No. 2",,REP,Jim Zig Zeigler,29
Jackson,0027 LIMROCK FIRE HALL,"Public Service Commission, Place No. 2",,REP,Priscilla Andrews,11
Jackson,0027 LIMROCK FIRE HALL,School Board,,REP,Josh Fralick,54
Jackson,0027 LIMROCK FIRE HALL,School Board,,REP,"Robert ""Robbie"" King",61
Jackson,0027 LIMROCK FIRE HALL,Secretary of State,,REP,Caroleene Dobson,68
Jackson,0027 LIMROCK FIRE HALL,Secretary of State,,REP,Christopher Christian Horn,27
Jackson,0027 LIMROCK FIRE HALL,Secretary of State,,REP,Glenda S. Jackson,19
Jackson,0027 LIMROCK FIRE HALL,State Auditor,,REP,Andrew Sorrell,76
Jackson,0027 LIMROCK FIRE HALL,State Auditor,,REP,Derek Chen,41
Jackson,0027 LIMROCK FIRE HALL,State Board of Education,8,REP,Connie Spears,29
Jackson,0027 LIMROCK FIRE HALL,State Board of Education,8,REP,Emily Jones,49
Jackson,0027 LIMROCK FIRE HALL,State Board of Education,8,REP,William Matthews,33
Jackson,0027 LIMROCK FIRE HALL,State Treasurer,,REP,Steve Lolley,50
Jackson,0027 LIMROCK FIRE HALL,State Treasurer,,REP,Young Boozer,63
Jackson,0027 LIMROCK FIRE HALL,U.S. Senate,,REP,Barry Moore,48
Jackson,0027 LIMROCK FIRE HALL,U.S. Senate,,REP,Dale Shelton Deas Jr.,5
Jackson,0027 LIMROCK FIRE HALL,U.S. Senate,,REP,Jared Hudson,23
Jackson,0027 LIMROCK FIRE HALL,U.S. Senate,,REP,Morgan Murphy,5
Jackson,0027 LIMROCK FIRE HALL,U.S. Senate,,REP,Rodney Walker,5
Jackson,0027 LIMROCK FIRE HALL,U.S. Senate,,REP,Seth Burton,5
Jackson,0027 LIMROCK FIRE HALL,U.S. Senate,,REP,Steve Marshall,34
Jackson,0028 PRINCETON FIRE HALL,Proposed Statewide Amendment 1,,,No,5
Jackson,0028 PRINCETON FIRE HALL,Proposed Statewide Amendment 1,,,Yes,57
Jackson,0028 PRINCETON FIRE HALL,Governor,,DEM,"Chad ""Chig"" Martin",0
Jackson,0028 PRINCETON FIRE HALL,Governor,,DEM,Doug Jones,5
Jackson,0028 PRINCETON FIRE HALL,Governor,,DEM,Jamel J. Brown,0
Jackson,0028 PRINCETON FIRE HALL,Governor,,DEM,"Nathan ""Nate"" Mathis",0
Jackson,0028 PRINCETON FIRE HALL,Governor,,DEM,Will Boyd,0
Jackson,0028 PRINCETON FIRE HALL,Governor,,DEM,Yolanda Rochelle Flowers,0
Jackson,0028 PRINCETON FIRE HALL,Lieutenant Governor,,DEM,Darryl D. Perryman,2
Jackson,0028 PRINCETON FIRE HALL,Lieutenant Governor,,DEM,Phillip Ensler,2
Jackson,0028 PRINCETON FIRE HALL,"Public Service Commissioner, Place 1",,DEM,James O. Gordon,1
Jackson,0028 PRINCETON FIRE HALL,"Public Service Commissioner, Place 1",,DEM,Jeff Ramsey,0
Jackson,0028 PRINCETON FIRE HALL,"Public Service Commissioner, Place 1",,DEM,John Northrop,3
Jackson,0028 PRINCETON FIRE HALL,U.S. House,5,DEM,Andrew Sneed,2
Jackson,0028 PRINCETON FIRE HALL,U.S. House,5,DEM,Candice Dollar Duvieilh,2
Jackson,0028 PRINCETON FIRE HALL,U.S. House,5,DEM,Jeremy Devito,0
Jackson,0028 PRINCETON FIRE HALL,U.S. Senate,,DEM,Dakarai Larriett,2
Jackson,0028 PRINCETON FIRE HALL,U.S. Senate,,DEM,Everett Wess,1
Jackson,0028 PRINCETON FIRE HALL,U.S. Senate,,DEM,Kyle Sweetser,0
Jackson,0028 PRINCETON FIRE HALL,U.S. Senate,,DEM,Mark S. Wheeler II,1
Jackson,0028 PRINCETON FIRE HALL,Attorney General,,REP,Jay Mitchell,22
Jackson,0028 PRINCETON FIRE HALL,Attorney General,,REP,Katherine Robertson,26
Jackson,0028 PRINCETON FIRE HALL,Attorney General,,REP,Pamela L. Casey,4
Jackson,0028 PRINCETON FIRE HALL,"Chairman, Jackson County Commission",,REP,Bill Nance,40
Jackson,0028 PRINCETON FIRE HALL,"Chairman, Jackson County Commission",,REP,Zac Talley,12
Jackson,0028 PRINCETON FIRE HALL,Commissioner of Agriculture and Industries,,REP,Christina Woerner McInnis,8
Jackson,0028 PRINCETON FIRE HALL,Commissioner of Agriculture and Industries,,REP,Cory Hill,25
Jackson,0028 PRINCETON FIRE HALL,Commissioner of Agriculture and Industries,,REP,Jack Williams,15
Jackson,0028 PRINCETON FIRE HALL,Governor,,REP,"""Alabama"" Will Santivasci",3
Jackson,0028 PRINCETON FIRE HALL,Governor,,REP,Ken McFeeters,6
Jackson,0028 PRINCETON FIRE HALL,Governor,,REP,Thomas Tuberville,48
Jackson,0028 PRINCETON FIRE HALL,Jackson County Coroner,,REP,John David Jordan,49
Jackson,0028 PRINCETON FIRE HALL,Jackson County Coroner,,REP,Tony Lee Watson,6
Jackson,0028 PRINCETON FIRE HALL,Jackson County Sheriff,,REP,Bradley James Talley,2
Jackson,0028 PRINCETON FIRE HALL,Jackson County Sheriff,,REP,Craig Holcomb,31
Jackson,0028 PRINCETON FIRE HALL,Jackson County Sheriff,,REP,Eric Woodall,26
Jackson,0028 PRINCETON FIRE HALL,Jackson County Sheriff,,REP,Tony Baker,5
Jackson,0028 PRINCETON FIRE HALL,Lieutenant Governor,,REP,George Childress,1
Jackson,0028 PRINCETON FIRE HALL,Lieutenant Governor,,REP,John Wahl,23
Jackson,0028 PRINCETON FIRE HALL,Lieutenant Governor,,REP,Nicole Jones Wadsworth,2
Jackson,0028 PRINCETON FIRE HALL,Lieutenant Governor,,REP,Pat Bishop,0
Jackson,0028 PRINCETON FIRE HALL,Lieutenant Governor,,REP,Rick Pate,3
Jackson,0028 PRINCETON FIRE HALL,Lieutenant Governor,,REP,Stewart Hill Tankersley,0
Jackson,0028 PRINCETON FIRE HALL,Lieutenant Governor,,REP,Wes Allen,24
Jackson,0028 PRINCETON FIRE HALL,"Member, Jackson County Commission, District No. 1",,REP,Chris Gulley,26
Jackson,0028 PRINCETON FIRE HALL,"Member, Jackson County Commission, District No. 1",,REP,David Keith Blizard,8
Jackson,0028 PRINCETON FIRE HALL,"Member, Jackson County Commission, District No. 1",,REP,John Peacock,15
Jackson,0028 PRINCETON FIRE HALL,"Public Service Commission, Place No. 1",,REP,Jeremy H. Oden,19
Jackson,0028 PRINCETON FIRE HALL,"Public Service Commission, Place No. 1",,REP,Matt Gentry,31
Jackson,0028 PRINCETON FIRE HALL,"Public Service Commission, Place No. 2",,REP,Brent Woodall,18
Jackson,0028 PRINCETON FIRE HALL,"Public Service Commission, Place No. 2",,REP,Chris Beeker,11
Jackson,0028 PRINCETON FIRE HALL,"Public Service Commission, Place No. 2",,REP,Jim Zig Zeigler,16
Jackson,0028 PRINCETON FIRE HALL,"Public Service Commission, Place No. 2",,REP,Priscilla Andrews,5
Jackson,0028 PRINCETON FIRE HALL,School Board,,REP,Josh Fralick,19
Jackson,0028 PRINCETON FIRE HALL,School Board,,REP,"Robert ""Robbie"" King",42
Jackson,0028 PRINCETON FIRE HALL,Secretary of State,,REP,Caroleene Dobson,24
Jackson,0028 PRINCETON FIRE HALL,Secretary of State,,REP,Christopher Christian Horn,15
Jackson,0028 PRINCETON FIRE HALL,Secretary of State,,REP,Glenda S. Jackson,4
Jackson,0028 PRINCETON FIRE HALL,State Auditor,,REP,Andrew Sorrell,41
Jackson,0028 PRINCETON FIRE HALL,State Auditor,,REP,Derek Chen,7
Jackson,0028 PRINCETON FIRE HALL,State Board of Education,8,REP,Connie Spears,10
Jackson,0028 PRINCETON FIRE HALL,State Board of Education,8,REP,Emily Jones,21
Jackson,0028 PRINCETON FIRE HALL,State Board of Education,8,REP,William Matthews,17
Jackson,0028 PRINCETON FIRE HALL,State Treasurer,,REP,Steve Lolley,12
Jackson,0028 PRINCETON FIRE HALL,State Treasurer,,REP,Young Boozer,37
Jackson,0028 PRINCETON FIRE HALL,U.S. Senate,,REP,Barry Moore,22
Jackson,0028 PRINCETON FIRE HALL,U.S. Senate,,REP,Dale Shelton Deas Jr.,2
Jackson,0028 PRINCETON FIRE HALL,U.S. Senate,,REP,Jared Hudson,6
Jackson,0028 PRINCETON FIRE HALL,U.S. Senate,,REP,Morgan Murphy,0
Jackson,0028 PRINCETON FIRE HALL,U.S. Senate,,REP,Rodney Walker,0
Jackson,0028 PRINCETON FIRE HALL,U.S. Senate,,REP,Seth Burton,0
Jackson,0028 PRINCETON FIRE HALL,U.S. Senate,,REP,Steve Marshall,27
Jackson,0029 CROW FIRE HALL,Proposed Statewide Amendment 1,,,No,5
Jackson,0029 CROW FIRE HALL,Proposed Statewide Amendment 1,,,Yes,57
Jackson,0029 CROW FIRE HALL,Governor,,DEM,"Chad ""Chig"" Martin",0
Jackson,0029 CROW FIRE HALL,Governor,,DEM,Doug Jones,5
Jackson,0029 CROW FIRE HALL,Governor,,DEM,Jamel J. Brown,0
Jackson,0029 CROW FIRE HALL,Governor,,DEM,"Nathan ""Nate"" Mathis",0
Jackson,0029 CROW FIRE HALL,Governor,,DEM,Will Boyd,1
Jackson,0029 CROW FIRE HALL,Governor,,DEM,Yolanda Rochelle Flowers,0
Jackson,0029 CROW FIRE HALL,Lieutenant Governor,,DEM,Darryl D. Perryman,1
Jackson,0029 CROW FIRE HALL,Lieutenant Governor,,DEM,Phillip Ensler,5
Jackson,0029 CROW FIRE HALL,"Public Service Commissioner, Place 1",,DEM,James O. Gordon,4
Jackson,0029 CROW FIRE HALL,"Public Service Commissioner, Place 1",,DEM,Jeff Ramsey,2
Jackson,0029 CROW FIRE HALL,"Public Service Commissioner, Place 1",,DEM,John Northrop,0
Jackson,0029 CROW FIRE HALL,U.S. House,5,DEM,Andrew Sneed,1
Jackson,0029 CROW FIRE HALL,U.S. House,5,DEM,Candice Dollar Duvieilh,3
Jackson,0029 CROW FIRE HALL,U.S. House,5,DEM,Jeremy Devito,2
Jackson,0029 CROW FIRE HALL,U.S. Senate,,DEM,Dakarai Larriett,2
Jackson,0029 CROW FIRE HALL,U.S. Senate,,DEM,Everett Wess,1
Jackson,0029 CROW FIRE HALL,U.S. Senate,,DEM,Kyle Sweetser,0
Jackson,0029 CROW FIRE HALL,U.S. Senate,,DEM,Mark S. Wheeler II,3
Jackson,0029 CROW FIRE HALL,Attorney General,,REP,Jay Mitchell,25
Jackson,0029 CROW FIRE HALL,Attorney General,,REP,Katherine Robertson,17
Jackson,0029 CROW FIRE HALL,Attorney General,,REP,Pamela L. Casey,6
Jackson,0029 CROW FIRE HALL,"Chairman, Jackson County Commission",,REP,Bill Nance,24
Jackson,0029 CROW FIRE HALL,"Chairman, Jackson County Commission",,REP,Zac Talley,29
Jackson,0029 CROW FIRE HALL,Commissioner of Agriculture and Industries,,REP,Christina Woerner McInnis,11
Jackson,0029 CROW FIRE HALL,Commissioner of Agriculture and Industries,,REP,Cory Hill,17
Jackson,0029 CROW FIRE HALL,Commissioner of Agriculture and Industries,,REP,Jack Williams,16
Jackson,0029 CROW FIRE HALL,Governor,,REP,"""Alabama"" Will Santivasci",2
Jackson,0029 CROW FIRE HALL,Governor,,REP,Ken McFeeters,7
Jackson,0029 CROW FIRE HALL,Governor,,REP,Thomas Tuberville,46
Jackson,0029 CROW FIRE HALL,Jackson County Coroner,,REP,John David Jordan,39
Jackson,0029 CROW FIRE HALL,Jackson County Coroner,,REP,Tony Lee Watson,15
Jackson,0029 CROW FIRE HALL,Jackson County Sheriff,,REP,Bradley James Talley,3
Jackson,0029 CROW FIRE HALL,Jackson County Sheriff,,REP,Craig Holcomb,29
Jackson,0029 CROW FIRE HALL,Jackson County Sheriff,,REP,Eric Woodall,21
Jackson,0029 CROW FIRE HALL,Jackson County Sheriff,,REP,Tony Baker,8
Jackson,0029 CROW FIRE HALL,Lieutenant Governor,,REP,George Childress,0
Jackson,0029 CROW FIRE HALL,Lieutenant Governor,,REP,John Wahl,21
Jackson,0029 CROW FIRE HALL,Lieutenant Governor,,REP,Nicole Jones Wadsworth,1
Jackson,0029 CROW FIRE HALL,Lieutenant Governor,,REP,Pat Bishop,2
Jackson,0029 CROW FIRE HALL,Lieutenant Governor,,REP,Rick Pate,3
Jackson,0029 CROW FIRE HALL,Lieutenant Governor,,REP,Stewart Hill Tankersley,1
Jackson,0029 CROW FIRE HALL,Lieutenant Governor,,REP,Wes Allen,24
Jackson,0029 CROW FIRE HALL,"Member, Jackson County Commission, District No. 1",,REP,Chris Gulley,26
Jackson,0029 CROW FIRE HALL,"Member, Jackson County Commission, District No. 1",,REP,David Keith Blizard,20
Jackson,0029 CROW FIRE HALL,"Member, Jackson County Commission, District No. 1",,REP,John Peacock,5
Jackson,0029 CROW FIRE HALL,"Public Service Commission, Place No. 1",,REP,Jeremy H. Oden,6
Jackson,0029 CROW FIRE HALL,"Public Service Commission, Place No. 1",,REP,Matt Gentry,40
Jackson,0029 CROW FIRE HALL,"Public Service Commission, Place No. 2",,REP,Brent Woodall,18
Jackson,0029 CROW FIRE HALL,"Public Service Commission, Place No. 2",,REP,Chris Beeker,10
Jackson,0029 CROW FIRE HALL,"Public Service Commission, Place No. 2",,REP,Jim Zig Zeigler,14
Jackson,0029 CROW FIRE HALL,"Public Service Commission, Place No. 2",,REP,Priscilla Andrews,5
Jackson,0029 CROW FIRE HALL,School Board,,REP,Josh Fralick,35
Jackson,0029 CROW FIRE HALL,School Board,,REP,"Robert ""Robbie"" King",19
Jackson,0029 CROW FIRE HALL,Secretary of State,,REP,Caroleene Dobson,23
Jackson,0029 CROW FIRE HALL,Secretary of State,,REP,Christopher Christian Horn,16
Jackson,0029 CROW FIRE HALL,Secretary of State,,REP,Glenda S. Jackson,6
Jackson,0029 CROW FIRE HALL,State Auditor,,REP,Andrew Sorrell,30
Jackson,0029 CROW FIRE HALL,State Auditor,,REP,Derek Chen,13
Jackson,0029 CROW FIRE HALL,State Board of Education,8,REP,Connie Spears,14
Jackson,0029 CROW FIRE HALL,State Board of Education,8,REP,Emily Jones,18
Jackson,0029 CROW FIRE HALL,State Board of Education,8,REP,William Matthews,12
Jackson,0029 CROW FIRE HALL,State Treasurer,,REP,Steve Lolley,13
Jackson,0029 CROW FIRE HALL,State Treasurer,,REP,Young Boozer,29
Jackson,0029 CROW FIRE HALL,U.S. Senate,,REP,Barry Moore,15
Jackson,0029 CROW FIRE HALL,U.S. Senate,,REP,Dale Shelton Deas Jr.,2
Jackson,0029 CROW FIRE HALL,U.S. Senate,,REP,Jared Hudson,9
Jackson,0029 CROW FIRE HALL,U.S. Senate,,REP,Morgan Murphy,0
Jackson,0029 CROW FIRE HALL,U.S. Senate,,REP,Rodney Walker,1
Jackson,0029 CROW FIRE HALL,U.S. Senate,,REP,Seth Burton,1
Jackson,0029 CROW FIRE HALL,U.S. Senate,,REP,Steve Marshall,22
Jackson,0030 LETCHER CHU OF GOD,Proposed Statewide Amendment 1,,,No,10
Jackson,0030 LETCHER CHU OF GOD,Proposed Statewide Amendment 1,,,Yes,82
Jackson,0030 LETCHER CHU OF GOD,Governor,,DEM,"Chad ""Chig"" Martin",0
Jackson,0030 LETCHER CHU OF GOD,Governor,,DEM,Doug Jones,9
Jackson,0030 LETCHER CHU OF GOD,Governor,,DEM,Jamel J. Brown,0
Jackson,0030 LETCHER CHU OF GOD,Governor,,DEM,"Nathan ""Nate"" Mathis",0
Jackson,0030 LETCHER CHU OF GOD,Governor,,DEM,Will Boyd,1
Jackson,0030 LETCHER CHU OF GOD,Governor,,DEM,Yolanda Rochelle Flowers,0
Jackson,0030 LETCHER CHU OF GOD,Lieutenant Governor,,DEM,Darryl D. Perryman,2
Jackson,0030 LETCHER CHU OF GOD,Lieutenant Governor,,DEM,Phillip Ensler,7
Jackson,0030 LETCHER CHU OF GOD,"Public Service Commissioner, Place 1",,DEM,James O. Gordon,6
Jackson,0030 LETCHER CHU OF GOD,"Public Service Commissioner, Place 1",,DEM,Jeff Ramsey,3
Jackson,0030 LETCHER CHU OF GOD,"Public Service Commissioner, Place 1",,DEM,John Northrop,1
Jackson,0030 LETCHER CHU OF GOD,U.S. House,5,DEM,Andrew Sneed,5
Jackson,0030 LETCHER CHU OF GOD,U.S. House,5,DEM,Candice Dollar Duvieilh,4
Jackson,0030 LETCHER CHU OF GOD,U.S. House,5,DEM,Jeremy Devito,1
Jackson,0030 LETCHER CHU OF GOD,U.S. Senate,,DEM,Dakarai Larriett,2
Jackson,0030 LETCHER CHU OF GOD,U.S. Senate,,DEM,Everett Wess,3
Jackson,0030 LETCHER CHU OF GOD,U.S. Senate,,DEM,Kyle Sweetser,3
Jackson,0030 LETCHER CHU OF GOD,U.S. Senate,,DEM,Mark S. Wheeler II,2
Jackson,0030 LETCHER CHU OF GOD,Attorney General,,REP,Jay Mitchell,26
Jackson,0030 LETCHER CHU OF GOD,Attorney General,,REP,Katherine Robertson,31
Jackson,0030 LETCHER CHU OF GOD,Attorney General,,REP,Pamela L. Casey,17
Jackson,0030 LETCHER CHU OF GOD,"Chairman, Jackson County Commission",,REP,Bill Nance,49
Jackson,0030 LETCHER CHU OF GOD,"Chairman, Jackson County Commission",,REP,Zac Talley,27
Jackson,0030 LETCHER CHU OF GOD,Commissioner of Agriculture and Industries,,REP,Christina Woerner McInnis,17
Jackson,0030 LETCHER CHU OF GOD,Commissioner of Agriculture and Industries,,REP,Cory Hill,22
Jackson,0030 LETCHER CHU OF GOD,Commissioner of Agriculture and Industries,,REP,Jack Williams,27
Jackson,0030 LETCHER CHU OF GOD,Governor,,REP,"""Alabama"" Will Santivasci",4
Jackson,0030 LETCHER CHU OF GOD,Governor,,REP,Ken McFeeters,6
Jackson,0030 LETCHER CHU OF GOD,Governor,,REP,Thomas Tuberville,79
Jackson,0030 LETCHER CHU OF GOD,Jackson County Coroner,,REP,John David Jordan,64
Jackson,0030 LETCHER CHU OF GOD,Jackson County Coroner,,REP,Tony Lee Watson,8
Jackson,0030 LETCHER CHU OF GOD,Jackson County Sheriff,,REP,Bradley James Talley,1
Jackson,0030 LETCHER CHU OF GOD,Jackson County Sheriff,,REP,Craig Holcomb,42
Jackson,0030 LETCHER CHU OF GOD,Jackson County Sheriff,,REP,Eric Woodall,35
Jackson,0030 LETCHER CHU OF GOD,Jackson County Sheriff,,REP,Tony Baker,13
Jackson,0030 LETCHER CHU OF GOD,Lieutenant Governor,,REP,George Childress,3
Jackson,0030 LETCHER CHU OF GOD,Lieutenant Governor,,REP,John Wahl,39
Jackson,0030 LETCHER CHU OF GOD,Lieutenant Governor,,REP,Nicole Jones Wadsworth,2
Jackson,0030 LETCHER CHU OF GOD,Lieutenant Governor,,REP,Pat Bishop,1
Jackson,0030 LETCHER CHU OF GOD,Lieutenant Governor,,REP,Rick Pate,3
Jackson,0030 LETCHER CHU OF GOD,Lieutenant Governor,,REP,Stewart Hill Tankersley,0
Jackson,0030 LETCHER CHU OF GOD,Lieutenant Governor,,REP,Wes Allen,40
Jackson,0030 LETCHER CHU OF GOD,"Member, Jackson County Commission, District No. 1",,REP,Chris Gulley,34
Jackson,0030 LETCHER CHU OF GOD,"Member, Jackson County Commission, District No. 1",,REP,David Keith Blizard,12
Jackson,0030 LETCHER CHU OF GOD,"Member, Jackson County Commission, District No. 1",,REP,John Peacock,24
Jackson,0030 LETCHER CHU OF GOD,"Public Service Commission, Place No. 1",,REP,Jeremy H. Oden,28
Jackson,0030 LETCHER CHU OF GOD,"Public Service Commission, Place No. 1",,REP,Matt Gentry,31
Jackson,0030 LETCHER CHU OF GOD,"Public Service Commission, Place No. 2",,REP,Brent Woodall,21
Jackson,0030 LETCHER CHU OF GOD,"Public Service Commission, Place No. 2",,REP,Chris Beeker,9
Jackson,0030 LETCHER CHU OF GOD,"Public Service Commission, Place No. 2",,REP,Jim Zig Zeigler,24
Jackson,0030 LETCHER CHU OF GOD,"Public Service Commission, Place No. 2",,REP,Priscilla Andrews,7
Jackson,0030 LETCHER CHU OF GOD,School Board,,REP,Josh Fralick,78
Jackson,0030 LETCHER CHU OF GOD,School Board,,REP,"Robert ""Robbie"" King",12
Jackson,0030 LETCHER CHU OF GOD,Secretary of State,,REP,Caroleene Dobson,28
Jackson,0030 LETCHER CHU OF GOD,Secretary of State,,REP,Christopher Christian Horn,16
Jackson,0030 LETCHER CHU OF GOD,Secretary of State,,REP,Glenda S. Jackson,13
Jackson,0030 LETCHER CHU OF GOD,State Auditor,,REP,Andrew Sorrell,39
Jackson,0030 LETCHER CHU OF GOD,State Auditor,,REP,Derek Chen,17
Jackson,0030 LETCHER CHU OF GOD,State Board of Education,8,REP,Connie Spears,15
Jackson,0030 LETCHER CHU OF GOD,State Board of Education,8,REP,Emily Jones,25
Jackson,0030 LETCHER CHU OF GOD,State Board of Education,8,REP,William Matthews,12
Jackson,0030 LETCHER CHU OF GOD,State Treasurer,,REP,Steve Lolley,29
Jackson,0030 LETCHER CHU OF GOD,State Treasurer,,REP,Young Boozer,32
Jackson,0030 LETCHER CHU OF GOD,U.S. Senate,,REP,Barry Moore,30
Jackson,0030 LETCHER CHU OF GOD,U.S. Senate,,REP,Dale Shelton Deas Jr.,0
Jackson,0030 LETCHER CHU OF GOD,U.S. Senate,,REP,Jared Hudson,22
Jackson,0030 LETCHER CHU OF GOD,U.S. Senate,,REP,Morgan Murphy,0
Jackson,0030 LETCHER CHU OF GOD,U.S. Senate,,REP,Rodney Walker,0
Jackson,0030 LETCHER CHU OF GOD,U.S. Senate,,REP,Seth Burton,4
Jackson,0030 LETCHER CHU OF GOD,U.S. Senate,,REP,Steve Marshall,22
Jackson,0031 ROSALIE COMM CTR.,Proposed Statewide Amendment 1,,,No,27
Jackson,0031 ROSALIE COMM CTR.,Proposed Statewide Amendment 1,,,Yes,152
Jackson,0031 ROSALIE COMM CTR.,Governor,,DEM,"Chad ""Chig"" Martin",0
Jackson,0031 ROSALIE COMM CTR.,Governor,,DEM,Doug Jones,26
Jackson,0031 ROSALIE COMM CTR.,Governor,,DEM,Jamel J. Brown,0
Jackson,0031 ROSALIE COMM CTR.,Governor,,DEM,"Nathan ""Nate"" Mathis",0
Jackson,0031 ROSALIE COMM CTR.,Governor,,DEM,Will Boyd,4
Jackson,0031 ROSALIE COMM CTR.,Governor,,DEM,Yolanda Rochelle Flowers,0
Jackson,0031 ROSALIE COMM CTR.,Lieutenant Governor,,DEM,Darryl D. Perryman,7
Jackson,0031 ROSALIE COMM CTR.,Lieutenant Governor,,DEM,Phillip Ensler,19
Jackson,0031 ROSALIE COMM CTR.,"Public Service Commissioner, Place 1",,DEM,James O. Gordon,7
Jackson,0031 ROSALIE COMM CTR.,"Public Service Commissioner, Place 1",,DEM,Jeff Ramsey,12
Jackson,0031 ROSALIE COMM CTR.,"Public Service Commissioner, Place 1",,DEM,John Northrop,7
Jackson,0031 ROSALIE COMM CTR.,U.S. House,5,DEM,Andrew Sneed,13
Jackson,0031 ROSALIE COMM CTR.,U.S. House,5,DEM,Candice Dollar Duvieilh,11
Jackson,0031 ROSALIE COMM CTR.,U.S. House,5,DEM,Jeremy Devito,3
Jackson,0031 ROSALIE COMM CTR.,U.S. Senate,,DEM,Dakarai Larriett,2
Jackson,0031 ROSALIE COMM CTR.,U.S. Senate,,DEM,Everett Wess,4
Jackson,0031 ROSALIE COMM CTR.,U.S. Senate,,DEM,Kyle Sweetser,7
Jackson,0031 ROSALIE COMM CTR.,U.S. Senate,,DEM,Mark S. Wheeler II,12
Jackson,0031 ROSALIE COMM CTR.,Attorney General,,REP,Jay Mitchell,55
Jackson,0031 ROSALIE COMM CTR.,Attorney General,,REP,Katherine Robertson,49
Jackson,0031 ROSALIE COMM CTR.,Attorney General,,REP,Pamela L. Casey,40
Jackson,0031 ROSALIE COMM CTR.,"Chairman, Jackson County Commission",,REP,Bill Nance,83
Jackson,0031 ROSALIE COMM CTR.,"Chairman, Jackson County Commission",,REP,Zac Talley,60
Jackson,0031 ROSALIE COMM CTR.,Commissioner of Agriculture and Industries,,REP,Christina Woerner McInnis,46
Jackson,0031 ROSALIE COMM CTR.,Commissioner of Agriculture and Industries,,REP,Cory Hill,52
Jackson,0031 ROSALIE COMM CTR.,Commissioner of Agriculture and Industries,,REP,Jack Williams,48
Jackson,0031 ROSALIE COMM CTR.,Governor,,REP,"""Alabama"" Will Santivasci",5
Jackson,0031 ROSALIE COMM CTR.,Governor,,REP,Ken McFeeters,16
Jackson,0031 ROSALIE COMM CTR.,Governor,,REP,Thomas Tuberville,139
Jackson,0031 ROSALIE COMM CTR.,Jackson County Coroner,,REP,John David Jordan,101
Jackson,0031 ROSALIE COMM CTR.,Jackson County Coroner,,REP,Tony Lee Watson,40
Jackson,0031 ROSALIE COMM CTR.,Jackson County Sheriff,,REP,Bradley James Talley,48
Jackson,0031 ROSALIE COMM CTR.,Jackson County Sheriff,,REP,Craig Holcomb,55
Jackson,0031 ROSALIE COMM CTR.,Jackson County Sheriff,,REP,Eric Woodall,32
Jackson,0031 ROSALIE COMM CTR.,Jackson County Sheriff,,REP,Tony Baker,21
Jackson,0031 ROSALIE COMM CTR.,Lieutenant Governor,,REP,George Childress,3
Jackson,0031 ROSALIE COMM CTR.,Lieutenant Governor,,REP,John Wahl,62
Jackson,0031 ROSALIE COMM CTR.,Lieutenant Governor,,REP,Nicole Jones Wadsworth,12
Jackson,0031 ROSALIE COMM CTR.,Lieutenant Governor,,REP,Pat Bishop,6
Jackson,0031 ROSALIE COMM CTR.,Lieutenant Governor,,REP,Rick Pate,13
Jackson,0031 ROSALIE COMM CTR.,Lieutenant Governor,,REP,Stewart Hill Tankersley,2
Jackson,0031 ROSALIE COMM CTR.,Lieutenant Governor,,REP,Wes Allen,55
Jackson,0031 ROSALIE COMM CTR.,"Member, Jackson County Commission, District No. 1",,REP,Chris Gulley,77
Jackson,0031 ROSALIE COMM CTR.,"Member, Jackson County Commission, District No. 1",,REP,David Keith Blizard,31
Jackson,0031 ROSALIE COMM CTR.,"Member, Jackson County Commission, District No. 1",,REP,John Peacock,34
Jackson,0031 ROSALIE COMM CTR.,"Public Service Commission, Place No. 1",,REP,Jeremy H. Oden,25
Jackson,0031 ROSALIE COMM CTR.,"Public Service Commission, Place No. 1",,REP,Matt Gentry,111
Jackson,0031 ROSALIE COMM CTR.,"Public Service Commission, Place No. 2",,REP,Brent Woodall,42
Jackson,0031 ROSALIE COMM CTR.,"Public Service Commission, Place No. 2",,REP,Chris Beeker,27
Jackson,0031 ROSALIE COMM CTR.,"Public Service Commission, Place No. 2",,REP,Jim Zig Zeigler,54
Jackson,0031 ROSALIE COMM CTR.,"Public Service Commission, Place No. 2",,REP,Priscilla Andrews,14
Jackson,0031 ROSALIE COMM CTR.,School Board,,REP,Josh Fralick,70
Jackson,0031 ROSALIE COMM CTR.,School Board,,REP,"Robert ""Robbie"" King",70
Jackson,0031 ROSALIE COMM CTR.,Secretary of State,,REP,Caroleene Dobson,76
Jackson,0031 ROSALIE COMM CTR.,Secretary of State,,REP,Christopher Christian Horn,38
Jackson,0031 ROSALIE COMM CTR.,Secretary of State,,REP,Glenda S. Jackson,21
Jackson,0031 ROSALIE COMM CTR.,State Auditor,,REP,Andrew Sorrell,105
Jackson,0031 ROSALIE COMM CTR.,State Auditor,,REP,Derek Chen,36
Jackson,0031 ROSALIE COMM CTR.,State Board of Education,8,REP,Connie Spears,25
Jackson,0031 ROSALIE COMM CTR.,State Board of Education,8,REP,Emily Jones,70
Jackson,0031 ROSALIE COMM CTR.,State Board of Education,8,REP,William Matthews,47
Jackson,0031 ROSALIE COMM CTR.,State Treasurer,,REP,Steve Lolley,58
Jackson,0031 ROSALIE COMM CTR.,State Treasurer,,REP,Young Boozer,79
Jackson,0031 ROSALIE COMM CTR.,U.S. Senate,,REP,Barry Moore,72
Jackson,0031 ROSALIE COMM CTR.,U.S. Senate,,REP,Dale Shelton Deas Jr.,4
Jackson,0031 ROSALIE COMM CTR.,U.S. Senate,,REP,Jared Hudson,27
Jackson,0031 ROSALIE COMM CTR.,U.S. Senate,,REP,Morgan Murphy,2
Jackson,0031 ROSALIE COMM CTR.,U.S. Senate,,REP,Rodney Walker,4
Jackson,0031 ROSALIE COMM CTR.,U.S. Senate,,REP,Seth Burton,0
Jackson,0031 ROSALIE COMM CTR.,U.S. Senate,,REP,Steve Marshall,39
Jackson,0032 DEAN'S CHAPEL COMM,Proposed Statewide Amendment 1,,,No,12
Jackson,0032 DEAN'S CHAPEL COMM,Proposed Statewide Amendment 1,,,Yes,99
Jackson,0032 DEAN'S CHAPEL COMM,Governor,,DEM,"Chad ""Chig"" Martin",0
Jackson,0032 DEAN'S CHAPEL COMM,Governor,,DEM,Doug Jones,5
Jackson,0032 DEAN'S CHAPEL COMM,Governor,,DEM,Jamel J. Brown,0
Jackson,0032 DEAN'S CHAPEL COMM,Governor,,DEM,"Nathan ""Nate"" Mathis",0
Jackson,0032 DEAN'S CHAPEL COMM,Governor,,DEM,Will Boyd,1
Jackson,0032 DEAN'S CHAPEL COMM,Governor,,DEM,Yolanda Rochelle Flowers,0
Jackson,0032 DEAN'S CHAPEL COMM,Lieutenant Governor,,DEM,Darryl D. Perryman,0
Jackson,0032 DEAN'S CHAPEL COMM,Lieutenant Governor,,DEM,Phillip Ensler,4
Jackson,0032 DEAN'S CHAPEL COMM,"Public Service Commissioner, Place 1",,DEM,James O. Gordon,1
Jackson,0032 DEAN'S CHAPEL COMM,"Public Service Commissioner, Place 1",,DEM,Jeff Ramsey,3
Jackson,0032 DEAN'S CHAPEL COMM,"Public Service Commissioner, Place 1",,DEM,John Northrop,1
Jackson,0032 DEAN'S CHAPEL COMM,U.S. House,5,DEM,Andrew Sneed,1
Jackson,0032 DEAN'S CHAPEL COMM,U.S. House,5,DEM,Candice Dollar Duvieilh,1
Jackson,0032 DEAN'S CHAPEL COMM,U.S. House,5,DEM,Jeremy Devito,3
Jackson,0032 DEAN'S CHAPEL COMM,U.S. Senate,,DEM,Dakarai Larriett,0
Jackson,0032 DEAN'S CHAPEL COMM,U.S. Senate,,DEM,Everett Wess,0
Jackson,0032 DEAN'S CHAPEL COMM,U.S. Senate,,DEM,Kyle Sweetser,3
Jackson,0032 DEAN'S CHAPEL COMM,U.S. Senate,,DEM,Mark S. Wheeler II,2
Jackson,0032 DEAN'S CHAPEL COMM,Attorney General,,REP,Jay Mitchell,45
Jackson,0032 DEAN'S CHAPEL COMM,Attorney General,,REP,Katherine Robertson,37
Jackson,0032 DEAN'S CHAPEL COMM,Attorney General,,REP,Pamela L. Casey,18
Jackson,0032 DEAN'S CHAPEL COMM,"Chairman, Jackson County Commission",,REP,Bill Nance,72
Jackson,0032 DEAN'S CHAPEL COMM,"Chairman, Jackson County Commission",,REP,Zac Talley,27
Jackson,0032 DEAN'S CHAPEL COMM,Commissioner of Agriculture and Industries,,REP,Christina Woerner McInnis,22
Jackson,0032 DEAN'S CHAPEL COMM,Commissioner of Agriculture and Industries,,REP,Cory Hill,28
Jackson,0032 DEAN'S CHAPEL COMM,Commissioner of Agriculture and Industries,,REP,Jack Williams,51
Jackson,0032 DEAN'S CHAPEL COMM,Governor,,REP,"""Alabama"" Will Santivasci",5
Jackson,0032 DEAN'S CHAPEL COMM,Governor,,REP,Ken McFeeters,13
Jackson,0032 DEAN'S CHAPEL COMM,Governor,,REP,Thomas Tuberville,91
Jackson,0032 DEAN'S CHAPEL COMM,Jackson County Coroner,,REP,John David Jordan,62
Jackson,0032 DEAN'S CHAPEL COMM,Jackson County Coroner,,REP,Tony Lee Watson,38
Jackson,0032 DEAN'S CHAPEL COMM,Jackson County Sheriff,,REP,Bradley James Talley,13
Jackson,0032 DEAN'S CHAPEL COMM,Jackson County Sheriff,,REP,Craig Holcomb,49
Jackson,0032 DEAN'S CHAPEL COMM,Jackson County Sheriff,,REP,Eric Woodall,22
Jackson,0032 DEAN'S CHAPEL COMM,Jackson County Sheriff,,REP,Tony Baker,23
Jackson,0032 DEAN'S CHAPEL COMM,Lieutenant Governor,,REP,George Childress,11
Jackson,0032 DEAN'S CHAPEL COMM,Lieutenant Governor,,REP,John Wahl,43
Jackson,0032 DEAN'S CHAPEL COMM,Lieutenant Governor,,REP,Nicole Jones Wadsworth,4
Jackson,0032 DEAN'S CHAPEL COMM,Lieutenant Governor,,REP,Pat Bishop,3
Jackson,0032 DEAN'S CHAPEL COMM,Lieutenant Governor,,REP,Rick Pate,3
Jackson,0032 DEAN'S CHAPEL COMM,Lieutenant Governor,,REP,Stewart Hill Tankersley,1
Jackson,0032 DEAN'S CHAPEL COMM,Lieutenant Governor,,REP,Wes Allen,39
Jackson,0032 DEAN'S CHAPEL COMM,"Member, Jackson County Commission, District No. 1",,REP,Chris Gulley,56
Jackson,0032 DEAN'S CHAPEL COMM,"Member, Jackson County Commission, District No. 1",,REP,David Keith Blizard,23
Jackson,0032 DEAN'S CHAPEL COMM,"Member, Jackson County Commission, District No. 1",,REP,John Peacock,14
Jackson,0032 DEAN'S CHAPEL COMM,"Public Service Commission, Place No. 1",,REP,Jeremy H. Oden,26
Jackson,0032 DEAN'S CHAPEL COMM,"Public Service Commission, Place No. 1",,REP,Matt Gentry,68
Jackson,0032 DEAN'S CHAPEL COMM,"Public Service Commission, Place No. 2",,REP,Brent Woodall,27
Jackson,0032 DEAN'S CHAPEL COMM,"Public Service Commission, Place No. 2",,REP,Chris Beeker,27
Jackson,0032 DEAN'S CHAPEL COMM,"Public Service Commission, Place No. 2",,REP,Jim Zig Zeigler,29
Jackson,0032 DEAN'S CHAPEL COMM,"Public Service Commission, Place No. 2",,REP,Priscilla Andrews,11
Jackson,0032 DEAN'S CHAPEL COMM,School Board,,REP,Josh Fralick,41
Jackson,0032 DEAN'S CHAPEL COMM,School Board,,REP,"Robert ""Robbie"" King",55
Jackson,0032 DEAN'S CHAPEL COMM,Secretary of State,,REP,Caroleene Dobson,45
Jackson,0032 DEAN'S CHAPEL COMM,Secretary of State,,REP,Christopher Christian Horn,28
Jackson,0032 DEAN'S CHAPEL COMM,Secretary of State,,REP,Glenda S. Jackson,26
Jackson,0032 DEAN'S CHAPEL COMM,State Auditor,,REP,Andrew Sorrell,67
Jackson,0032 DEAN'S CHAPEL COMM,State Auditor,,REP,Derek Chen,27
Jackson,0032 DEAN'S CHAPEL COMM,State Board of Education,8,REP,Connie Spears,31
Jackson,0032 DEAN'S CHAPEL COMM,State Board of Education,8,REP,Emily Jones,49
Jackson,0032 DEAN'S CHAPEL COMM,State Board of Education,8,REP,William Matthews,20
Jackson,0032 DEAN'S CHAPEL COMM,State Treasurer,,REP,Steve Lolley,40
Jackson,0032 DEAN'S CHAPEL COMM,State Treasurer,,REP,Young Boozer,55
Jackson,0032 DEAN'S CHAPEL COMM,U.S. Senate,,REP,Barry Moore,56
Jackson,0032 DEAN'S CHAPEL COMM,U.S. Senate,,REP,Dale Shelton Deas Jr.,1
Jackson,0032 DEAN'S CHAPEL COMM,U.S. Senate,,REP,Jared Hudson,24
Jackson,0032 DEAN'S CHAPEL COMM,U.S. Senate,,REP,Morgan Murphy,1
Jackson,0032 DEAN'S CHAPEL COMM,U.S. Senate,,REP,Rodney Walker,6
Jackson,0032 DEAN'S CHAPEL COMM,U.S. Senate,,REP,Seth Burton,1
Jackson,0032 DEAN'S CHAPEL COMM,U.S. Senate,,REP,Steve Marshall,19
Jackson,0033 ABSENTEE,Proposed Statewide Amendment 1,,,No,13
Jackson,0033 ABSENTEE,Proposed Statewide Amendment 1,,,Yes,119
Jackson,0033 ABSENTEE,Governor,,DEM,"Chad ""Chig"" Martin",0
Jackson,0033 ABSENTEE,Governor,,DEM,Doug Jones,11
Jackson,0033 ABSENTEE,Governor,,DEM,Jamel J. Brown,2
Jackson,0033 ABSENTEE,Governor,,DEM,"Nathan ""Nate"" Mathis",0
Jackson,0033 ABSENTEE,Governor,,DEM,Will Boyd,1
Jackson,0033 ABSENTEE,Governor,,DEM,Yolanda Rochelle Flowers,2
Jackson,0033 ABSENTEE,Lieutenant Governor,,DEM,Darryl D. Perryman,6
Jackson,0033 ABSENTEE,Lieutenant Governor,,DEM,Phillip Ensler,8
Jackson,0033 ABSENTEE,"Public Service Commissioner, Place 1",,DEM,James O. Gordon,2
Jackson,0033 ABSENTEE,"Public Service Commissioner, Place 1",,DEM,Jeff Ramsey,6
Jackson,0033 ABSENTEE,"Public Service Commissioner, Place 1",,DEM,John Northrop,6
Jackson,0033 ABSENTEE,U.S. House,5,DEM,Andrew Sneed,7
Jackson,0033 ABSENTEE,U.S. House,5,DEM,Candice Dollar Duvieilh,5
Jackson,0033 ABSENTEE,U.S. House,5,DEM,Jeremy Devito,2
Jackson,0033 ABSENTEE,U.S. Senate,,DEM,Dakarai Larriett,5
Jackson,0033 ABSENTEE,U.S. Senate,,DEM,Everett Wess,1
Jackson,0033 ABSENTEE,U.S. Senate,,DEM,Kyle Sweetser,2
Jackson,0033 ABSENTEE,U.S. Senate,,DEM,Mark S. Wheeler II,7
Jackson,0033 ABSENTEE,Attorney General,,REP,Jay Mitchell,33
Jackson,0033 ABSENTEE,Attorney General,,REP,Katherine Robertson,48
Jackson,0033 ABSENTEE,Attorney General,,REP,Pamela L. Casey,34
Jackson,0033 ABSENTEE,"Chairman, Jackson County Commission",,REP,Bill Nance,84
Jackson,0033 ABSENTEE,"Chairman, Jackson County Commission",,REP,Zac Talley,39
Jackson,0033 ABSENTEE,Commissioner of Agriculture and Industries,,REP,Christina Woerner McInnis,22
Jackson,0033 ABSENTEE,Commissioner of Agriculture and Industries,,REP,Cory Hill,43
Jackson,0033 ABSENTEE,Commissioner of Agriculture and Industries,,REP,Jack Williams,39
Jackson,0033 ABSENTEE,Governor,,REP,"""Alabama"" Will Santivasci",9
Jackson,0033 ABSENTEE,Governor,,REP,Ken McFeeters,13
Jackson,0033 ABSENTEE,Governor,,REP,Thomas Tuberville,101
Jackson,0033 ABSENTEE,Jackson County Coroner,,REP,John David Jordan,104
Jackson,0033 ABSENTEE,Jackson County Coroner,,REP,Tony Lee Watson,22
Jackson,0033 ABSENTEE,Jackson County Sheriff,,REP,Bradley James Talley,6
Jackson,0033 ABSENTEE,Jackson County Sheriff,,REP,Craig Holcomb,63
Jackson,0033 ABSENTEE,Jackson County Sheriff,,REP,Eric Woodall,48
Jackson,0033 ABSENTEE,Jackson County Sheriff,,REP,Tony Baker,15
Jackson,0033 ABSENTEE,Lieutenant Governor,,REP,George Childress,4
Jackson,0033 ABSENTEE,Lieutenant Governor,,REP,John Wahl,25
Jackson,0033 ABSENTEE,Lieutenant Governor,,REP,Nicole Jones Wadsworth,6
Jackson,0033 ABSENTEE,Lieutenant Governor,,REP,Pat Bishop,5
Jackson,0033 ABSENTEE,Lieutenant Governor,,REP,Rick Pate,19
Jackson,0033 ABSENTEE,Lieutenant Governor,,REP,Stewart Hill Tankersley,4
Jackson,0033 ABSENTEE,Lieutenant Governor,,REP,Wes Allen,49
Jackson,0033 ABSENTEE,"Member, Jackson County Commission, District No. 1",,REP,Chris Gulley,72
Jackson,0033 ABSENTEE,"Member, Jackson County Commission, District No. 1",,REP,David Keith Blizard,27
Jackson,0033 ABSENTEE,"Member, Jackson County Commission, District No. 1",,REP,John Peacock,18
Jackson,0033 ABSENTEE,"Public Service Commission, Place No. 1",,REP,Jeremy H. Oden,23
Jackson,0033 ABSENTEE,"Public Service Commission, Place No. 1",,REP,Matt Gentry,86
Jackson,0033 ABSENTEE,"Public Service Commission, Place No. 2",,REP,Brent Woodall,38
Jackson,0033 ABSENTEE,"Public Service Commission, Place No. 2",,REP,Chris Beeker,25
Jackson,0033 ABSENTEE,"Public Service Commission, Place No. 2",,REP,Jim Zig Zeigler,29
Jackson,0033 ABSENTEE,"Public Service Commission, Place No. 2",,REP,Priscilla Andrews,19
Jackson,0033 ABSENTEE,School Board,,REP,Josh Fralick,31
Jackson,0033 ABSENTEE,School Board,,REP,"Robert ""Robbie"" King",40
Jackson,0033 ABSENTEE,Secretary of State,,REP,Caroleene Dobson,63
Jackson,0033 ABSENTEE,Secretary of State,,REP,Christopher Christian Horn,21
Jackson,0033 ABSENTEE,Secretary of State,,REP,Glenda S. Jackson,23
Jackson,0033 ABSENTEE,State Auditor,,REP,Andrew Sorrell,66
Jackson,0033 ABSENTEE,State Auditor,,REP,Derek Chen,38
Jackson,0033 ABSENTEE,State Board of Education,8,REP,Connie Spears,38
Jackson,0033 ABSENTEE,State Board of Education,8,REP,Emily Jones,51
Jackson,0033 ABSENTEE,State Board of Education,8,REP,William Matthews,17
Jackson,0033 ABSENTEE,State Treasurer,,REP,Steve Lolley,39
Jackson,0033 ABSENTEE,State Treasurer,,REP,Young Boozer,71
Jackson,0033 ABSENTEE,U.S. Senate,,REP,Barry Moore,46
Jackson,0033 ABSENTEE,U.S. Senate,,REP,Dale Shelton Deas Jr.,7
Jackson,0033 ABSENTEE,U.S. Senate,,REP,Jared Hudson,14
Jackson,0033 ABSENTEE,U.S. Senate,,REP,Morgan Murphy,3
Jackson,0033 ABSENTEE,U.S. Senate,,REP,Rodney Walker,2
Jackson,0033 ABSENTEE,U.S. Senate,,REP,Seth Burton,4
Jackson,0033 ABSENTEE,U.S. Senate,,REP,Steve Marshall,44
Jackson,0034 PROVISIONAL,Proposed Statewide Amendment 1,,,No,3
Jackson,0034 PROVISIONAL,Proposed Statewide Amendment 1,,,Yes,6
Jackson,0034 PROVISIONAL,Governor,,DEM,"Chad ""Chig"" Martin",0
Jackson,0034 PROVISIONAL,Governor,,DEM,Doug Jones,2
Jackson,0034 PROVISIONAL,Governor,,DEM,Jamel J. Brown,0
Jackson,0034 PROVISIONAL,Governor,,DEM,"Nathan ""Nate"" Mathis",0
Jackson,0034 PROVISIONAL,Governor,,DEM,Will Boyd,0
Jackson,0034 PROVISIONAL,Governor,,DEM,Yolanda Rochelle Flowers,0
Jackson,0034 PROVISIONAL,Lieutenant Governor,,DEM,Darryl D. Perryman,0
Jackson,0034 PROVISIONAL,Lieutenant Governor,,DEM,Phillip Ensler,2
Jackson,0034 PROVISIONAL,"Public Service Commissioner, Place 1",,DEM,James O. Gordon,1
Jackson,0034 PROVISIONAL,"Public Service Commissioner, Place 1",,DEM,Jeff Ramsey,1
Jackson,0034 PROVISIONAL,"Public Service Commissioner, Place 1",,DEM,John Northrop,0
Jackson,0034 PROVISIONAL,U.S. House,5,DEM,Andrew Sneed,1
Jackson,0034 PROVISIONAL,U.S. House,5,DEM,Candice Dollar Duvieilh,0
Jackson,0034 PROVISIONAL,U.S. House,5,DEM,Jeremy Devito,1
Jackson,0034 PROVISIONAL,U.S. Senate,,DEM,Dakarai Larriett,0
Jackson,0034 PROVISIONAL,U.S. Senate,,DEM,Everett Wess,0
Jackson,0034 PROVISIONAL,U.S. Senate,,DEM,Kyle Sweetser,2
Jackson,0034 PROVISIONAL,U.S. Senate,,DEM,Mark S. Wheeler II,0
Jackson,0034 PROVISIONAL,Attorney General,,REP,Jay Mitchell,7
Jackson,0034 PROVISIONAL,Attorney General,,REP,Katherine Robertson,1
Jackson,0034 PROVISIONAL,Attorney General,,REP,Pamela L. Casey,0
Jackson,0034 PROVISIONAL,"Chairman, Jackson County Commission",,REP,Bill Nance,4
Jackson,0034 PROVISIONAL,"Chairman, Jackson County Commission",,REP,Zac Talley,4
Jackson,0034 PROVISIONAL,Commissioner of Agriculture and Industries,,REP,Christina Woerner McInnis,1
Jackson,0034 PROVISIONAL,Commissioner of Agriculture and Industries,,REP,Cory Hill,5
Jackson,0034 PROVISIONAL,Commissioner of Agriculture and Industries,,REP,Jack Williams,2
Jackson,0034 PROVISIONAL,Governor,,REP,"""Alabama"" Will Santivasci",0
Jackson,0034 PROVISIONAL,Governor,,REP,Ken McFeeters,1
Jackson,0034 PROVISIONAL,Governor,,REP,Thomas Tuberville,7
Jackson,0034 PROVISIONAL,Jackson County Coroner,,REP,John David Jordan,5
Jackson,0034 PROVISIONAL,Jackson County Coroner,,REP,Tony Lee Watson,3
Jackson,0034 PROVISIONAL,Jackson County Sheriff,,REP,Bradley James Talley,3
Jackson,0034 PROVISIONAL,Jackson County Sheriff,,REP,Craig Holcomb,2
Jackson,0034 PROVISIONAL,Jackson County Sheriff,,REP,Eric Woodall,0
Jackson,0034 PROVISIONAL,Jackson County Sheriff,,REP,Tony Baker,3
Jackson,0034 PROVISIONAL,Lieutenant Governor,,REP,George Childress,1
Jackson,0034 PROVISIONAL,Lieutenant Governor,,REP,John Wahl,5
Jackson,0034 PROVISIONAL,Lieutenant Governor,,REP,Nicole Jones Wadsworth,0
Jackson,0034 PROVISIONAL,Lieutenant Governor,,REP,Pat Bishop,0
Jackson,0034 PROVISIONAL,Lieutenant Governor,,REP,Rick Pate,2
Jackson,0034 PROVISIONAL,Lieutenant Governor,,REP,Stewart Hill Tankersley,0
Jackson,0034 PROVISIONAL,Lieutenant Governor,,REP,Wes Allen,0
Jackson,0034 PROVISIONAL,"Member, Jackson County Commission, District No. 1",,REP,Chris Gulley,4
Jackson,0034 PROVISIONAL,"Member, Jackson County Commission, District No. 1",,REP,David Keith Blizard,3
Jackson,0034 PROVISIONAL,"Member, Jackson County Commission, District No. 1",,REP,John Peacock,1
Jackson,0034 PROVISIONAL,"Public Service Commission, Place No. 1",,REP,Jeremy H. Oden,1
Jackson,0034 PROVISIONAL,"Public Service Commission, Place No. 1",,REP,Matt Gentry,7
Jackson,0034 PROVISIONAL,"Public Service Commission, Place No. 2",,REP,Brent Woodall,1
Jackson,0034 PROVISIONAL,"Public Service Commission, Place No. 2",,REP,Chris Beeker,1
Jackson,0034 PROVISIONAL,"Public Service Commission, Place No. 2",,REP,Jim Zig Zeigler,4
Jackson,0034 PROVISIONAL,"Public Service Commission, Place No. 2",,REP,Priscilla Andrews,0
Jackson,0034 PROVISIONAL,School Board,,REP,Josh Fralick,2
Jackson,0034 PROVISIONAL,School Board,,REP,"Robert ""Robbie"" King",4
Jackson,0034 PROVISIONAL,Secretary of State,,REP,Caroleene Dobson,3
Jackson,0034 PROVISIONAL,Secretary of State,,REP,Christopher Christian Horn,3
Jackson,0034 PROVISIONAL,Secretary of State,,REP,Glenda S. Jackson,2
Jackson,0034 PROVISIONAL,State Auditor,,REP,Andrew Sorrell,7
Jackson,0034 PROVISIONAL,State Auditor,,REP,Derek Chen,1
Jackson,0034 PROVISIONAL,State Board of Education,8,REP,Connie Spears,2
Jackson,0034 PROVISIONAL,State Board of Education,8,REP,Emily Jones,3
Jackson,0034 PROVISIONAL,State Board of Education,8,REP,William Matthews,3
Jackson,0034 PROVISIONAL,State Treasurer,,REP,Steve Lolley,2
Jackson,0034 PROVISIONAL,State Treasurer,,REP,Young Boozer,6
Jackson,0034 PROVISIONAL,U.S. Senate,,REP,Barry Moore,2
Jackson,0034 PROVISIONAL,U.S. Senate,,REP,Dale Shelton Deas Jr.,0
Jackson,0034 PROVISIONAL,U.S. Senate,,REP,Jared Hudson,3
Jackson,0034 PROVISIONAL,U.S. Senate,,REP,Morgan Murphy,0
Jackson,0034 PROVISIONAL,U.S. Senate,,REP,Rodney Walker,1
Jackson,0034 PROVISIONAL,U.S. Senate,,REP,Seth Burton,0
Jackson,0034 PROVISIONAL,U.S. Senate,,REP,Steve Marshall,2
