county,precinct,office,district,party,candidate,votes
Morgan,0001 MACEDONIA C P CH,Governor,,DEM,Will Boyd,4
Morgan,0001 MACEDONIA C P CH,Governor,,DEM,Jamel J. Brown,0
Morgan,0001 MACEDONIA C P CH,Governor,,DEM,Yolanda Rochelle Flowers,1
Morgan,0001 MACEDONIA C P CH,Governor,,DEM,Doug Jones,12
Morgan,0001 MACEDONIA C P CH,Governor,,DEM,"Chad """"Chig"""" Martin",1
Morgan,0001 MACEDONIA C P CH,Governor,,DEM,"Nathan """"Nate"""" Mathis",0
Morgan,0002 DECATUR FIRE-POL TRA,Governor,,DEM,Will Boyd,2
Morgan,0002 DECATUR FIRE-POL TRA,Governor,,DEM,Jamel J. Brown,0
Morgan,0002 DECATUR FIRE-POL TRA,Governor,,DEM,Yolanda Rochelle Flowers,1
Morgan,0002 DECATUR FIRE-POL TRA,Governor,,DEM,Doug Jones,10
Morgan,0002 DECATUR FIRE-POL TRA,Governor,,DEM,"Chad """"Chig"""" Martin",0
Morgan,0002 DECATUR FIRE-POL TRA,Governor,,DEM,"Nathan """"Nate"""" Mathis",0
Morgan,0003 MORGAN CO COURTHOUSE,Governor,,DEM,Will Boyd,8
Morgan,0003 MORGAN CO COURTHOUSE,Governor,,DEM,Jamel J. Brown,0
Morgan,0003 MORGAN CO COURTHOUSE,Governor,,DEM,Yolanda Rochelle Flowers,1
Morgan,0003 MORGAN CO COURTHOUSE,Governor,,DEM,Doug Jones,42
Morgan,0003 MORGAN CO COURTHOUSE,Governor,,DEM,"Chad """"Chig"""" Martin",1
Morgan,0003 MORGAN CO COURTHOUSE,Governor,,DEM,"Nathan """"Nate"""" Mathis",0
Morgan,0004 AQUADOME REC CTR,Governor,,DEM,Will Boyd,56
Morgan,0004 AQUADOME REC CTR,Governor,,DEM,Jamel J. Brown,7
Morgan,0004 AQUADOME REC CTR,Governor,,DEM,Yolanda Rochelle Flowers,32
Morgan,0004 AQUADOME REC CTR,Governor,,DEM,Doug Jones,318
Morgan,0004 AQUADOME REC CTR,Governor,,DEM,"Chad """"Chig"""" Martin",5
Morgan,0004 AQUADOME REC CTR,Governor,,DEM,"Nathan """"Nate"""" Mathis",9
Morgan,0005 FORT DECATUR REC CTR,Governor,,DEM,Will Boyd,28
Morgan,0005 FORT DECATUR REC CTR,Governor,,DEM,Jamel J. Brown,9
Morgan,0005 FORT DECATUR REC CTR,Governor,,DEM,Yolanda Rochelle Flowers,12
Morgan,0005 FORT DECATUR REC CTR,Governor,,DEM,Doug Jones,232
Morgan,0005 FORT DECATUR REC CTR,Governor,,DEM,"Chad """"Chig"""" Martin",10
Morgan,0005 FORT DECATUR REC CTR,Governor,,DEM,"Nathan """"Nate"""" Mathis",4
Morgan,0006 WESTMEADE BAPT CH,Governor,,DEM,Will Boyd,13
Morgan,0006 WESTMEADE BAPT CH,Governor,,DEM,Jamel J. Brown,6
Morgan,0006 WESTMEADE BAPT CH,Governor,,DEM,Yolanda Rochelle Flowers,8
Morgan,0006 WESTMEADE BAPT CH,Governor,,DEM,Doug Jones,113
Morgan,0006 WESTMEADE BAPT CH,Governor,,DEM,"Chad """"Chig"""" Martin",6
Morgan,0006 WESTMEADE BAPT CH,Governor,,DEM,"Nathan """"Nate"""" Mathis",0
Morgan,0007 DECATUR UTILITIES,Governor,,DEM,Will Boyd,6
Morgan,0007 DECATUR UTILITIES,Governor,,DEM,Jamel J. Brown,0
Morgan,0007 DECATUR UTILITIES,Governor,,DEM,Yolanda Rochelle Flowers,2
Morgan,0007 DECATUR UTILITIES,Governor,,DEM,Doug Jones,43
Morgan,0007 DECATUR UTILITIES,Governor,,DEM,"Chad """"Chig"""" Martin",1
Morgan,0007 DECATUR UTILITIES,Governor,,DEM,"Nathan """"Nate"""" Mathis",0
Morgan,0008 1ST BAPT AUSTINVILLE,Governor,,DEM,Will Boyd,37
Morgan,0008 1ST BAPT AUSTINVILLE,Governor,,DEM,Jamel J. Brown,7
Morgan,0008 1ST BAPT AUSTINVILLE,Governor,,DEM,Yolanda Rochelle Flowers,24
Morgan,0008 1ST BAPT AUSTINVILLE,Governor,,DEM,Doug Jones,190
Morgan,0008 1ST BAPT AUSTINVILLE,Governor,,DEM,"Chad """"Chig"""" Martin",2
Morgan,0008 1ST BAPT AUSTINVILLE,Governor,,DEM,"Nathan """"Nate"""" Mathis",5
Morgan,0009 AMER LG BLDG POST 15,Governor,,DEM,Will Boyd,15
Morgan,0009 AMER LG BLDG POST 15,Governor,,DEM,Jamel J. Brown,2
Morgan,0009 AMER LG BLDG POST 15,Governor,,DEM,Yolanda Rochelle Flowers,4
Morgan,0009 AMER LG BLDG POST 15,Governor,,DEM,Doug Jones,52
Morgan,0009 AMER LG BLDG POST 15,Governor,,DEM,"Chad """"Chig"""" Martin",3
Morgan,0009 AMER LG BLDG POST 15,Governor,,DEM,"Nathan """"Nate"""" Mathis",0
Morgan,0010 DECATUR BAPT CH,Governor,,DEM,Will Boyd,58
Morgan,0010 DECATUR BAPT CH,Governor,,DEM,Jamel J. Brown,10
Morgan,0010 DECATUR BAPT CH,Governor,,DEM,Yolanda Rochelle Flowers,20
Morgan,0010 DECATUR BAPT CH,Governor,,DEM,Doug Jones,357
Morgan,0010 DECATUR BAPT CH,Governor,,DEM,"Chad """"Chig"""" Martin",8
Morgan,0010 DECATUR BAPT CH,Governor,,DEM,"Nathan """"Nate"""" Mathis",5
Morgan,0011 ST JAMES PRESBY CH,Governor,,DEM,Will Boyd,72
Morgan,0011 ST JAMES PRESBY CH,Governor,,DEM,Jamel J. Brown,4
Morgan,0011 ST JAMES PRESBY CH,Governor,,DEM,Yolanda Rochelle Flowers,11
Morgan,0011 ST JAMES PRESBY CH,Governor,,DEM,Doug Jones,284
Morgan,0011 ST JAMES PRESBY CH,Governor,,DEM,"Chad """"Chig"""" Martin",4
Morgan,0011 ST JAMES PRESBY CH,Governor,,DEM,"Nathan """"Nate"""" Mathis",6
Morgan,0012 TURNER SURLES CC,Governor,,DEM,Will Boyd,22
Morgan,0012 TURNER SURLES CC,Governor,,DEM,Jamel J. Brown,1
Morgan,0012 TURNER SURLES CC,Governor,,DEM,Yolanda Rochelle Flowers,7
Morgan,0012 TURNER SURLES CC,Governor,,DEM,Doug Jones,88
Morgan,0012 TURNER SURLES CC,Governor,,DEM,"Chad """"Chig"""" Martin",1
Morgan,0012 TURNER SURLES CC,Governor,,DEM,"Nathan """"Nate"""" Mathis",1
Morgan,0013 DECATUR CH OF CHRIST,Governor,,DEM,Will Boyd,24
Morgan,0013 DECATUR CH OF CHRIST,Governor,,DEM,Jamel J. Brown,4
Morgan,0013 DECATUR CH OF CHRIST,Governor,,DEM,Yolanda Rochelle Flowers,5
Morgan,0013 DECATUR CH OF CHRIST,Governor,,DEM,Doug Jones,193
Morgan,0013 DECATUR CH OF CHRIST,Governor,,DEM,"Chad """"Chig"""" Martin",7
Morgan,0013 DECATUR CH OF CHRIST,Governor,,DEM,"Nathan """"Nate"""" Mathis",1
Morgan,0014 FIRST BIBLE CH,Governor,,DEM,Will Boyd,23
Morgan,0014 FIRST BIBLE CH,Governor,,DEM,Jamel J. Brown,5
Morgan,0014 FIRST BIBLE CH,Governor,,DEM,Yolanda Rochelle Flowers,17
Morgan,0014 FIRST BIBLE CH,Governor,,DEM,Doug Jones,206
Morgan,0014 FIRST BIBLE CH,Governor,,DEM,"Chad """"Chig"""" Martin",1
Morgan,0014 FIRST BIBLE CH,Governor,,DEM,"Nathan """"Nate"""" Mathis",5
Morgan,0015 BURNINGTREE CO CLUB,Governor,,DEM,Will Boyd,11
Morgan,0015 BURNINGTREE CO CLUB,Governor,,DEM,Jamel J. Brown,0
Morgan,0015 BURNINGTREE CO CLUB,Governor,,DEM,Yolanda Rochelle Flowers,4
Morgan,0015 BURNINGTREE CO CLUB,Governor,,DEM,Doug Jones,97
Morgan,0015 BURNINGTREE CO CLUB,Governor,,DEM,"Chad """"Chig"""" Martin",3
Morgan,0015 BURNINGTREE CO CLUB,Governor,,DEM,"Nathan """"Nate"""" Mathis",1
Morgan,0016 BCOMING CH,Governor,,DEM,Will Boyd,14
Morgan,0016 BCOMING CH,Governor,,DEM,Jamel J. Brown,1
Morgan,0016 BCOMING CH,Governor,,DEM,Yolanda Rochelle Flowers,5
Morgan,0016 BCOMING CH,Governor,,DEM,Doug Jones,116
Morgan,0016 BCOMING CH,Governor,,DEM,"Chad """"Chig"""" Martin",3
Morgan,0016 BCOMING CH,Governor,,DEM,"Nathan """"Nate"""" Mathis",0
Morgan,0017 POINT MALLARD GRILL,Governor,,DEM,Will Boyd,7
Morgan,0017 POINT MALLARD GRILL,Governor,,DEM,Jamel J. Brown,0
Morgan,0017 POINT MALLARD GRILL,Governor,,DEM,Yolanda Rochelle Flowers,0
Morgan,0017 POINT MALLARD GRILL,Governor,,DEM,Doug Jones,101
Morgan,0017 POINT MALLARD GRILL,Governor,,DEM,"Chad """"Chig"""" Martin",2
Morgan,0017 POINT MALLARD GRILL,Governor,,DEM,"Nathan """"Nate"""" Mathis",1
Morgan,0018 PRICEVILLE EVENT CTR,Governor,,DEM,Will Boyd,20
Morgan,0018 PRICEVILLE EVENT CTR,Governor,,DEM,Jamel J. Brown,3
Morgan,0018 PRICEVILLE EVENT CTR,Governor,,DEM,Yolanda Rochelle Flowers,7
Morgan,0018 PRICEVILLE EVENT CTR,Governor,,DEM,Doug Jones,128
Morgan,0018 PRICEVILLE EVENT CTR,Governor,,DEM,"Chad """"Chig"""" Martin",7
Morgan,0018 PRICEVILLE EVENT CTR,Governor,,DEM,"Nathan """"Nate"""" Mathis",5
Morgan,0019 CTR SPGS METHODIST,Governor,,DEM,Will Boyd,3
Morgan,0019 CTR SPGS METHODIST,Governor,,DEM,Jamel J. Brown,3
Morgan,0019 CTR SPGS METHODIST,Governor,,DEM,Yolanda Rochelle Flowers,3
Morgan,0019 CTR SPGS METHODIST,Governor,,DEM,Doug Jones,23
Morgan,0019 CTR SPGS METHODIST,Governor,,DEM,"Chad """"Chig"""" Martin",1
Morgan,0019 CTR SPGS METHODIST,Governor,,DEM,"Nathan """"Nate"""" Mathis",1
Morgan,0020 COTACO VFD,Governor,,DEM,Will Boyd,2
Morgan,0020 COTACO VFD,Governor,,DEM,Jamel J. Brown,0
Morgan,0020 COTACO VFD,Governor,,DEM,Yolanda Rochelle Flowers,4
Morgan,0020 COTACO VFD,Governor,,DEM,Doug Jones,17
Morgan,0020 COTACO VFD,Governor,,DEM,"Chad """"Chig"""" Martin",2
Morgan,0020 COTACO VFD,Governor,,DEM,"Nathan """"Nate"""" Mathis",0
Morgan,0021 LACEYS SPRING SR CTR,Governor,,DEM,Will Boyd,3
Morgan,0021 LACEYS SPRING SR CTR,Governor,,DEM,Jamel J. Brown,2
Morgan,0021 LACEYS SPRING SR CTR,Governor,,DEM,Yolanda Rochelle Flowers,1
Morgan,0021 LACEYS SPRING SR CTR,Governor,,DEM,Doug Jones,40
Morgan,0021 LACEYS SPRING SR CTR,Governor,,DEM,"Chad """"Chig"""" Martin",1
Morgan,0021 LACEYS SPRING SR CTR,Governor,,DEM,"Nathan """"Nate"""" Mathis",0
Morgan,0022 UNION HILL SR CTR,Governor,,DEM,Will Boyd,8
Morgan,0022 UNION HILL SR CTR,Governor,,DEM,Jamel J. Brown,1
Morgan,0022 UNION HILL SR CTR,Governor,,DEM,Yolanda Rochelle Flowers,3
Morgan,0022 UNION HILL SR CTR,Governor,,DEM,Doug Jones,44
Morgan,0022 UNION HILL SR CTR,Governor,,DEM,"Chad """"Chig"""" Martin",4
Morgan,0022 UNION HILL SR CTR,Governor,,DEM,"Nathan """"Nate"""" Mathis",0
Morgan,0023 TRI-COUNTY VFD,Governor,,DEM,Will Boyd,3
Morgan,0023 TRI-COUNTY VFD,Governor,,DEM,Jamel J. Brown,0
Morgan,0023 TRI-COUNTY VFD,Governor,,DEM,Yolanda Rochelle Flowers,0
Morgan,0023 TRI-COUNTY VFD,Governor,,DEM,Doug Jones,11
Morgan,0023 TRI-COUNTY VFD,Governor,,DEM,"Chad """"Chig"""" Martin",1
Morgan,0023 TRI-COUNTY VFD,Governor,,DEM,"Nathan """"Nate"""" Mathis",0
Morgan,0024 S.A.V.E.S. VFD,Governor,,DEM,Will Boyd,10
Morgan,0024 S.A.V.E.S. VFD,Governor,,DEM,Jamel J. Brown,1
Morgan,0024 S.A.V.E.S. VFD,Governor,,DEM,Yolanda Rochelle Flowers,2
Morgan,0024 S.A.V.E.S. VFD,Governor,,DEM,Doug Jones,37
Morgan,0024 S.A.V.E.S. VFD,Governor,,DEM,"Chad """"Chig"""" Martin",5
Morgan,0024 S.A.V.E.S. VFD,Governor,,DEM,"Nathan """"Nate"""" Mathis",0
Morgan,0025 NEW CENTER BAPT CH,Governor,,DEM,Will Boyd,2
Morgan,0025 NEW CENTER BAPT CH,Governor,,DEM,Jamel J. Brown,0
Morgan,0025 NEW CENTER BAPT CH,Governor,,DEM,Yolanda Rochelle Flowers,0
Morgan,0025 NEW CENTER BAPT CH,Governor,,DEM,Doug Jones,15
Morgan,0025 NEW CENTER BAPT CH,Governor,,DEM,"Chad """"Chig"""" Martin",4
Morgan,0025 NEW CENTER BAPT CH,Governor,,DEM,"Nathan """"Nate"""" Mathis",0
Morgan,0026 SPARKMAN CIVIC CTR,Governor,,DEM,Will Boyd,25
Morgan,0026 SPARKMAN CIVIC CTR,Governor,,DEM,Jamel J. Brown,5
Morgan,0026 SPARKMAN CIVIC CTR,Governor,,DEM,Yolanda Rochelle Flowers,6
Morgan,0026 SPARKMAN CIVIC CTR,Governor,,DEM,Doug Jones,165
Morgan,0026 SPARKMAN CIVIC CTR,Governor,,DEM,"Chad """"Chig"""" Martin",6
Morgan,0026 SPARKMAN CIVIC CTR,Governor,,DEM,"Nathan """"Nate"""" Mathis",0
Morgan,0027 1ST BAPT-HARTSELLE,Governor,,DEM,Will Boyd,19
Morgan,0027 1ST BAPT-HARTSELLE,Governor,,DEM,Jamel J. Brown,3
Morgan,0027 1ST BAPT-HARTSELLE,Governor,,DEM,Yolanda Rochelle Flowers,10
Morgan,0027 1ST BAPT-HARTSELLE,Governor,,DEM,Doug Jones,128
Morgan,0027 1ST BAPT-HARTSELLE,Governor,,DEM,"Chad """"Chig"""" Martin",9
Morgan,0027 1ST BAPT-HARTSELLE,Governor,,DEM,"Nathan """"Nate"""" Mathis",3
Morgan,0028 TRINITY MUN BLDG,Governor,,DEM,Will Boyd,13
Morgan,0028 TRINITY MUN BLDG,Governor,,DEM,Jamel J. Brown,8
Morgan,0028 TRINITY MUN BLDG,Governor,,DEM,Yolanda Rochelle Flowers,3
Morgan,0028 TRINITY MUN BLDG,Governor,,DEM,Doug Jones,79
Morgan,0028 TRINITY MUN BLDG,Governor,,DEM,"Chad """"Chig"""" Martin",1
Morgan,0028 TRINITY MUN BLDG,Governor,,DEM,"Nathan """"Nate"""" Mathis",4
Morgan,0029 W MORGAN WATER AUTH,Governor,,DEM,Will Boyd,2
Morgan,0029 W MORGAN WATER AUTH,Governor,,DEM,Jamel J. Brown,0
Morgan,0029 W MORGAN WATER AUTH,Governor,,DEM,Yolanda Rochelle Flowers,1
Morgan,0029 W MORGAN WATER AUTH,Governor,,DEM,Doug Jones,26
Morgan,0029 W MORGAN WATER AUTH,Governor,,DEM,"Chad """"Chig"""" Martin",0
Morgan,0029 W MORGAN WATER AUTH,Governor,,DEM,"Nathan """"Nate"""" Mathis",0
Morgan,0030 NEEL VFD,Governor,,DEM,Will Boyd,6
Morgan,0030 NEEL VFD,Governor,,DEM,Jamel J. Brown,0
Morgan,0030 NEEL VFD,Governor,,DEM,Yolanda Rochelle Flowers,2
Morgan,0030 NEEL VFD,Governor,,DEM,Doug Jones,15
Morgan,0030 NEEL VFD,Governor,,DEM,"Chad """"Chig"""" Martin",3
Morgan,0030 NEEL VFD,Governor,,DEM,"Nathan """"Nate"""" Mathis",0
Morgan,0031 DANVILLE VFD,Governor,,DEM,Will Boyd,1
Morgan,0031 DANVILLE VFD,Governor,,DEM,Jamel J. Brown,0
Morgan,0031 DANVILLE VFD,Governor,,DEM,Yolanda Rochelle Flowers,0
Morgan,0031 DANVILLE VFD,Governor,,DEM,Doug Jones,14
Morgan,0031 DANVILLE VFD,Governor,,DEM,"Chad """"Chig"""" Martin",0
Morgan,0031 DANVILLE VFD,Governor,,DEM,"Nathan """"Nate"""" Mathis",0
Morgan,0032 MASSEY VFD,Governor,,DEM,Will Boyd,4
Morgan,0032 MASSEY VFD,Governor,,DEM,Jamel J. Brown,1
Morgan,0032 MASSEY VFD,Governor,,DEM,Yolanda Rochelle Flowers,0
Morgan,0032 MASSEY VFD,Governor,,DEM,Doug Jones,12
Morgan,0032 MASSEY VFD,Governor,,DEM,"Chad """"Chig"""" Martin",0
Morgan,0032 MASSEY VFD,Governor,,DEM,"Nathan """"Nate"""" Mathis",0
Morgan,0033 FALKVILLE MUN BLDG,Governor,,DEM,Will Boyd,4
Morgan,0033 FALKVILLE MUN BLDG,Governor,,DEM,Jamel J. Brown,1
Morgan,0033 FALKVILLE MUN BLDG,Governor,,DEM,Yolanda Rochelle Flowers,2
Morgan,0033 FALKVILLE MUN BLDG,Governor,,DEM,Doug Jones,11
Morgan,0033 FALKVILLE MUN BLDG,Governor,,DEM,"Chad """"Chig"""" Martin",1
Morgan,0033 FALKVILLE MUN BLDG,Governor,,DEM,"Nathan """"Nate"""" Mathis",0
Morgan,0034 CO DIST 3 VOTING,Governor,,DEM,Will Boyd,1
Morgan,0034 CO DIST 3 VOTING,Governor,,DEM,Jamel J. Brown,1
Morgan,0034 CO DIST 3 VOTING,Governor,,DEM,Yolanda Rochelle Flowers,1
Morgan,0034 CO DIST 3 VOTING,Governor,,DEM,Doug Jones,21
Morgan,0034 CO DIST 3 VOTING,Governor,,DEM,"Chad """"Chig"""" Martin",5
Morgan,0034 CO DIST 3 VOTING,Governor,,DEM,"Nathan """"Nate"""" Mathis",0
Morgan,0035 ODEN RIDGE VFD,Governor,,DEM,Will Boyd,1
Morgan,0035 ODEN RIDGE VFD,Governor,,DEM,Jamel J. Brown,0
Morgan,0035 ODEN RIDGE VFD,Governor,,DEM,Yolanda Rochelle Flowers,0
Morgan,0035 ODEN RIDGE VFD,Governor,,DEM,Doug Jones,4
Morgan,0035 ODEN RIDGE VFD,Governor,,DEM,"Chad """"Chig"""" Martin",1
Morgan,0035 ODEN RIDGE VFD,Governor,,DEM,"Nathan """"Nate"""" Mathis",0
Morgan,0036 GRACE POINT BAPT CH,Governor,,DEM,Will Boyd,2
Morgan,0036 GRACE POINT BAPT CH,Governor,,DEM,Jamel J. Brown,1
Morgan,0036 GRACE POINT BAPT CH,Governor,,DEM,Yolanda Rochelle Flowers,0
Morgan,0036 GRACE POINT BAPT CH,Governor,,DEM,Doug Jones,13
Morgan,0036 GRACE POINT BAPT CH,Governor,,DEM,"Chad """"Chig"""" Martin",0
Morgan,0036 GRACE POINT BAPT CH,Governor,,DEM,"Nathan """"Nate"""" Mathis",1
Morgan,0037 EVA TOWN HALL,Governor,,DEM,Will Boyd,0
Morgan,0037 EVA TOWN HALL,Governor,,DEM,Jamel J. Brown,0
Morgan,0037 EVA TOWN HALL,Governor,,DEM,Yolanda Rochelle Flowers,5
Morgan,0037 EVA TOWN HALL,Governor,,DEM,Doug Jones,21
Morgan,0037 EVA TOWN HALL,Governor,,DEM,"Chad """"Chig"""" Martin",2
Morgan,0037 EVA TOWN HALL,Governor,,DEM,"Nathan """"Nate"""" Mathis",0
Morgan,0038 GUM POND VFD,Governor,,DEM,Will Boyd,0
Morgan,0038 GUM POND VFD,Governor,,DEM,Jamel J. Brown,0
Morgan,0038 GUM POND VFD,Governor,,DEM,Yolanda Rochelle Flowers,0
Morgan,0038 GUM POND VFD,Governor,,DEM,Doug Jones,7
Morgan,0038 GUM POND VFD,Governor,,DEM,"Chad """"Chig"""" Martin",0
Morgan,0038 GUM POND VFD,Governor,,DEM,"Nathan """"Nate"""" Mathis",0
Morgan,0039 LEBANON BAPT CH,Governor,,DEM,Will Boyd,2
Morgan,0039 LEBANON BAPT CH,Governor,,DEM,Jamel J. Brown,0
Morgan,0039 LEBANON BAPT CH,Governor,,DEM,Yolanda Rochelle Flowers,0
Morgan,0039 LEBANON BAPT CH,Governor,,DEM,Doug Jones,6
Morgan,0039 LEBANON BAPT CH,Governor,,DEM,"Chad """"Chig"""" Martin",3
Morgan,0039 LEBANON BAPT CH,Governor,,DEM,"Nathan """"Nate"""" Mathis",0
Morgan,0040 ABSENTEE,Governor,,DEM,Will Boyd,8
Morgan,0040 ABSENTEE,Governor,,DEM,Jamel J. Brown,1
Morgan,0040 ABSENTEE,Governor,,DEM,Yolanda Rochelle Flowers,3
Morgan,0040 ABSENTEE,Governor,,DEM,Doug Jones,38
Morgan,0040 ABSENTEE,Governor,,DEM,"Chad """"Chig"""" Martin",1
Morgan,0040 ABSENTEE,Governor,,DEM,"Nathan """"Nate"""" Mathis",0
Morgan,0041 PROVISIONAL,Governor,,DEM,Will Boyd,3
Morgan,0041 PROVISIONAL,Governor,,DEM,Jamel J. Brown,0
Morgan,0041 PROVISIONAL,Governor,,DEM,Yolanda Rochelle Flowers,0
Morgan,0041 PROVISIONAL,Governor,,DEM,Doug Jones,2
Morgan,0041 PROVISIONAL,Governor,,DEM,"Chad """"Chig"""" Martin",0
Morgan,0041 PROVISIONAL,Governor,,DEM,"Nathan """"Nate"""" Mathis",0
Morgan,0001 MACEDONIA C P CH,Lieutenant Governor,,DEM,Phillip Ensler,5
Morgan,0001 MACEDONIA C P CH,Lieutenant Governor,,DEM,Darryl D. Perryman,12
Morgan,0002 DECATUR FIRE-POL TRA,Lieutenant Governor,,DEM,Phillip Ensler,5
Morgan,0002 DECATUR FIRE-POL TRA,Lieutenant Governor,,DEM,Darryl D. Perryman,7
Morgan,0003 MORGAN CO COURTHOUSE,Lieutenant Governor,,DEM,Phillip Ensler,34
Morgan,0003 MORGAN CO COURTHOUSE,Lieutenant Governor,,DEM,Darryl D. Perryman,9
Morgan,0004 AQUADOME REC CTR,Lieutenant Governor,,DEM,Phillip Ensler,227
Morgan,0004 AQUADOME REC CTR,Lieutenant Governor,,DEM,Darryl D. Perryman,165
Morgan,0005 FORT DECATUR REC CTR,Lieutenant Governor,,DEM,Phillip Ensler,168
Morgan,0005 FORT DECATUR REC CTR,Lieutenant Governor,,DEM,Darryl D. Perryman,94
Morgan,0006 WESTMEADE BAPT CH,Lieutenant Governor,,DEM,Phillip Ensler,78
Morgan,0006 WESTMEADE BAPT CH,Lieutenant Governor,,DEM,Darryl D. Perryman,65
Morgan,0007 DECATUR UTILITIES,Lieutenant Governor,,DEM,Phillip Ensler,25
Morgan,0007 DECATUR UTILITIES,Lieutenant Governor,,DEM,Darryl D. Perryman,24
Morgan,0008 1ST BAPT AUSTINVILLE,Lieutenant Governor,,DEM,Phillip Ensler,149
Morgan,0008 1ST BAPT AUSTINVILLE,Lieutenant Governor,,DEM,Darryl D. Perryman,104
Morgan,0009 AMER LG BLDG POST 15,Lieutenant Governor,,DEM,Phillip Ensler,41
Morgan,0009 AMER LG BLDG POST 15,Lieutenant Governor,,DEM,Darryl D. Perryman,32
Morgan,0010 DECATUR BAPT CH,Lieutenant Governor,,DEM,Phillip Ensler,269
Morgan,0010 DECATUR BAPT CH,Lieutenant Governor,,DEM,Darryl D. Perryman,171
Morgan,0011 ST JAMES PRESBY CH,Lieutenant Governor,,DEM,Phillip Ensler,292
Morgan,0011 ST JAMES PRESBY CH,Lieutenant Governor,,DEM,Darryl D. Perryman,59
Morgan,0012 TURNER SURLES CC,Lieutenant Governor,,DEM,Phillip Ensler,92
Morgan,0012 TURNER SURLES CC,Lieutenant Governor,,DEM,Darryl D. Perryman,24
Morgan,0013 DECATUR CH OF CHRIST,Lieutenant Governor,,DEM,Phillip Ensler,134
Morgan,0013 DECATUR CH OF CHRIST,Lieutenant Governor,,DEM,Darryl D. Perryman,82
Morgan,0014 FIRST BIBLE CH,Lieutenant Governor,,DEM,Phillip Ensler,145
Morgan,0014 FIRST BIBLE CH,Lieutenant Governor,,DEM,Darryl D. Perryman,100
Morgan,0015 BURNINGTREE CO CLUB,Lieutenant Governor,,DEM,Phillip Ensler,73
Morgan,0015 BURNINGTREE CO CLUB,Lieutenant Governor,,DEM,Darryl D. Perryman,30
Morgan,0016 BCOMING CH,Lieutenant Governor,,DEM,Phillip Ensler,91
Morgan,0016 BCOMING CH,Lieutenant Governor,,DEM,Darryl D. Perryman,36
Morgan,0017 POINT MALLARD GRILL,Lieutenant Governor,,DEM,Phillip Ensler,66
Morgan,0017 POINT MALLARD GRILL,Lieutenant Governor,,DEM,Darryl D. Perryman,29
Morgan,0018 PRICEVILLE EVENT CTR,Lieutenant Governor,,DEM,Phillip Ensler,103
Morgan,0018 PRICEVILLE EVENT CTR,Lieutenant Governor,,DEM,Darryl D. Perryman,55
Morgan,0019 CTR SPGS METHODIST,Lieutenant Governor,,DEM,Phillip Ensler,19
Morgan,0019 CTR SPGS METHODIST,Lieutenant Governor,,DEM,Darryl D. Perryman,11
Morgan,0020 COTACO VFD,Lieutenant Governor,,DEM,Phillip Ensler,10
Morgan,0020 COTACO VFD,Lieutenant Governor,,DEM,Darryl D. Perryman,10
Morgan,0021 LACEYS SPRING SR CTR,Lieutenant Governor,,DEM,Phillip Ensler,32
Morgan,0021 LACEYS SPRING SR CTR,Lieutenant Governor,,DEM,Darryl D. Perryman,11
Morgan,0022 UNION HILL SR CTR,Lieutenant Governor,,DEM,Phillip Ensler,41
Morgan,0022 UNION HILL SR CTR,Lieutenant Governor,,DEM,Darryl D. Perryman,18
Morgan,0023 TRI-COUNTY VFD,Lieutenant Governor,,DEM,Phillip Ensler,7
Morgan,0023 TRI-COUNTY VFD,Lieutenant Governor,,DEM,Darryl D. Perryman,8
Morgan,0024 S.A.V.E.S. VFD,Lieutenant Governor,,DEM,Phillip Ensler,30
Morgan,0024 S.A.V.E.S. VFD,Lieutenant Governor,,DEM,Darryl D. Perryman,16
Morgan,0025 NEW CENTER BAPT CH,Lieutenant Governor,,DEM,Phillip Ensler,10
Morgan,0025 NEW CENTER BAPT CH,Lieutenant Governor,,DEM,Darryl D. Perryman,8
Morgan,0026 SPARKMAN CIVIC CTR,Lieutenant Governor,,DEM,Phillip Ensler,132
Morgan,0026 SPARKMAN CIVIC CTR,Lieutenant Governor,,DEM,Darryl D. Perryman,60
Morgan,0027 1ST BAPT-HARTSELLE,Lieutenant Governor,,DEM,Phillip Ensler,91
Morgan,0027 1ST BAPT-HARTSELLE,Lieutenant Governor,,DEM,Darryl D. Perryman,69
Morgan,0028 TRINITY MUN BLDG,Lieutenant Governor,,DEM,Phillip Ensler,68
Morgan,0028 TRINITY MUN BLDG,Lieutenant Governor,,DEM,Darryl D. Perryman,37
Morgan,0029 W MORGAN WATER AUTH,Lieutenant Governor,,DEM,Phillip Ensler,15
Morgan,0029 W MORGAN WATER AUTH,Lieutenant Governor,,DEM,Darryl D. Perryman,13
Morgan,0030 NEEL VFD,Lieutenant Governor,,DEM,Phillip Ensler,19
Morgan,0030 NEEL VFD,Lieutenant Governor,,DEM,Darryl D. Perryman,5
Morgan,0031 DANVILLE VFD,Lieutenant Governor,,DEM,Phillip Ensler,11
Morgan,0031 DANVILLE VFD,Lieutenant Governor,,DEM,Darryl D. Perryman,4
Morgan,0032 MASSEY VFD,Lieutenant Governor,,DEM,Phillip Ensler,8
Morgan,0032 MASSEY VFD,Lieutenant Governor,,DEM,Darryl D. Perryman,9
Morgan,0033 FALKVILLE MUN BLDG,Lieutenant Governor,,DEM,Phillip Ensler,10
Morgan,0033 FALKVILLE MUN BLDG,Lieutenant Governor,,DEM,Darryl D. Perryman,7
Morgan,0034 CO DIST 3 VOTING,Lieutenant Governor,,DEM,Phillip Ensler,18
Morgan,0034 CO DIST 3 VOTING,Lieutenant Governor,,DEM,Darryl D. Perryman,9
Morgan,0035 ODEN RIDGE VFD,Lieutenant Governor,,DEM,Phillip Ensler,3
Morgan,0035 ODEN RIDGE VFD,Lieutenant Governor,,DEM,Darryl D. Perryman,2
Morgan,0036 GRACE POINT BAPT CH,Lieutenant Governor,,DEM,Phillip Ensler,12
Morgan,0036 GRACE POINT BAPT CH,Lieutenant Governor,,DEM,Darryl D. Perryman,5
Morgan,0037 EVA TOWN HALL,Lieutenant Governor,,DEM,Phillip Ensler,21
Morgan,0037 EVA TOWN HALL,Lieutenant Governor,,DEM,Darryl D. Perryman,4
Morgan,0038 GUM POND VFD,Lieutenant Governor,,DEM,Phillip Ensler,1
Morgan,0038 GUM POND VFD,Lieutenant Governor,,DEM,Darryl D. Perryman,3
Morgan,0039 LEBANON BAPT CH,Lieutenant Governor,,DEM,Phillip Ensler,6
Morgan,0039 LEBANON BAPT CH,Lieutenant Governor,,DEM,Darryl D. Perryman,5
Morgan,0040 ABSENTEE,Lieutenant Governor,,DEM,Phillip Ensler,25
Morgan,0040 ABSENTEE,Lieutenant Governor,,DEM,Darryl D. Perryman,24
Morgan,0041 PROVISIONAL,Lieutenant Governor,,DEM,Phillip Ensler,4
Morgan,0041 PROVISIONAL,Lieutenant Governor,,DEM,Darryl D. Perryman,1
Morgan,0001 MACEDONIA C P CH,United States Senator,,DEM,Dakarai Larriett,7
Morgan,0001 MACEDONIA C P CH,United States Senator,,DEM,Kyle Sweetser,2
Morgan,0001 MACEDONIA C P CH,United States Senator,,DEM,Everett Wess,1
Morgan,0001 MACEDONIA C P CH,United States Senator,,DEM,Mark S. Wheeler II,6
Morgan,0002 DECATUR FIRE-POL TRA,United States Senator,,DEM,Dakarai Larriett,1
Morgan,0002 DECATUR FIRE-POL TRA,United States Senator,,DEM,Kyle Sweetser,1
Morgan,0002 DECATUR FIRE-POL TRA,United States Senator,,DEM,Everett Wess,5
Morgan,0002 DECATUR FIRE-POL TRA,United States Senator,,DEM,Mark S. Wheeler II,5
Morgan,0003 MORGAN CO COURTHOUSE,United States Senator,,DEM,Dakarai Larriett,24
Morgan,0003 MORGAN CO COURTHOUSE,United States Senator,,DEM,Kyle Sweetser,11
Morgan,0003 MORGAN CO COURTHOUSE,United States Senator,,DEM,Everett Wess,5
Morgan,0003 MORGAN CO COURTHOUSE,United States Senator,,DEM,Mark S. Wheeler II,5
Morgan,0004 AQUADOME REC CTR,United States Senator,,DEM,Dakarai Larriett,108
Morgan,0004 AQUADOME REC CTR,United States Senator,,DEM,Kyle Sweetser,47
Morgan,0004 AQUADOME REC CTR,United States Senator,,DEM,Everett Wess,170
Morgan,0004 AQUADOME REC CTR,United States Senator,,DEM,Mark S. Wheeler II,73
Morgan,0005 FORT DECATUR REC CTR,United States Senator,,DEM,Dakarai Larriett,99
Morgan,0005 FORT DECATUR REC CTR,United States Senator,,DEM,Kyle Sweetser,50
Morgan,0005 FORT DECATUR REC CTR,United States Senator,,DEM,Everett Wess,47
Morgan,0005 FORT DECATUR REC CTR,United States Senator,,DEM,Mark S. Wheeler II,77
Morgan,0006 WESTMEADE BAPT CH,United States Senator,,DEM,Dakarai Larriett,33
Morgan,0006 WESTMEADE BAPT CH,United States Senator,,DEM,Kyle Sweetser,32
Morgan,0006 WESTMEADE BAPT CH,United States Senator,,DEM,Everett Wess,47
Morgan,0006 WESTMEADE BAPT CH,United States Senator,,DEM,Mark S. Wheeler II,30
Morgan,0007 DECATUR UTILITIES,United States Senator,,DEM,Dakarai Larriett,16
Morgan,0007 DECATUR UTILITIES,United States Senator,,DEM,Kyle Sweetser,7
Morgan,0007 DECATUR UTILITIES,United States Senator,,DEM,Everett Wess,11
Morgan,0007 DECATUR UTILITIES,United States Senator,,DEM,Mark S. Wheeler II,13
Morgan,0008 1ST BAPT AUSTINVILLE,United States Senator,,DEM,Dakarai Larriett,63
Morgan,0008 1ST BAPT AUSTINVILLE,United States Senator,,DEM,Kyle Sweetser,51
Morgan,0008 1ST BAPT AUSTINVILLE,United States Senator,,DEM,Everett Wess,84
Morgan,0008 1ST BAPT AUSTINVILLE,United States Senator,,DEM,Mark S. Wheeler II,53
Morgan,0009 AMER LG BLDG POST 15,United States Senator,,DEM,Dakarai Larriett,20
Morgan,0009 AMER LG BLDG POST 15,United States Senator,,DEM,Kyle Sweetser,12
Morgan,0009 AMER LG BLDG POST 15,United States Senator,,DEM,Everett Wess,20
Morgan,0009 AMER LG BLDG POST 15,United States Senator,,DEM,Mark S. Wheeler II,22
Morgan,0010 DECATUR BAPT CH,United States Senator,,DEM,Dakarai Larriett,139
Morgan,0010 DECATUR BAPT CH,United States Senator,,DEM,Kyle Sweetser,55
Morgan,0010 DECATUR BAPT CH,United States Senator,,DEM,Everett Wess,152
Morgan,0010 DECATUR BAPT CH,United States Senator,,DEM,Mark S. Wheeler II,94
Morgan,0011 ST JAMES PRESBY CH,United States Senator,,DEM,Dakarai Larriett,35
Morgan,0011 ST JAMES PRESBY CH,United States Senator,,DEM,Kyle Sweetser,37
Morgan,0011 ST JAMES PRESBY CH,United States Senator,,DEM,Everett Wess,251
Morgan,0011 ST JAMES PRESBY CH,United States Senator,,DEM,Mark S. Wheeler II,27
Morgan,0012 TURNER SURLES CC,United States Senator,,DEM,Dakarai Larriett,17
Morgan,0012 TURNER SURLES CC,United States Senator,,DEM,Kyle Sweetser,9
Morgan,0012 TURNER SURLES CC,United States Senator,,DEM,Everett Wess,78
Morgan,0012 TURNER SURLES CC,United States Senator,,DEM,Mark S. Wheeler II,14
Morgan,0013 DECATUR CH OF CHRIST,United States Senator,,DEM,Dakarai Larriett,66
Morgan,0013 DECATUR CH OF CHRIST,United States Senator,,DEM,Kyle Sweetser,41
Morgan,0013 DECATUR CH OF CHRIST,United States Senator,,DEM,Everett Wess,64
Morgan,0013 DECATUR CH OF CHRIST,United States Senator,,DEM,Mark S. Wheeler II,47
Morgan,0014 FIRST BIBLE CH,United States Senator,,DEM,Dakarai Larriett,72
Morgan,0014 FIRST BIBLE CH,United States Senator,,DEM,Kyle Sweetser,39
Morgan,0014 FIRST BIBLE CH,United States Senator,,DEM,Everett Wess,86
Morgan,0014 FIRST BIBLE CH,United States Senator,,DEM,Mark S. Wheeler II,50
Morgan,0015 BURNINGTREE CO CLUB,United States Senator,,DEM,Dakarai Larriett,35
Morgan,0015 BURNINGTREE CO CLUB,United States Senator,,DEM,Kyle Sweetser,18
Morgan,0015 BURNINGTREE CO CLUB,United States Senator,,DEM,Everett Wess,27
Morgan,0015 BURNINGTREE CO CLUB,United States Senator,,DEM,Mark S. Wheeler II,23
Morgan,0016 BCOMING CH,United States Senator,,DEM,Dakarai Larriett,50
Morgan,0016 BCOMING CH,United States Senator,,DEM,Kyle Sweetser,21
Morgan,0016 BCOMING CH,United States Senator,,DEM,Everett Wess,21
Morgan,0016 BCOMING CH,United States Senator,,DEM,Mark S. Wheeler II,38
Morgan,0017 POINT MALLARD GRILL,United States Senator,,DEM,Dakarai Larriett,31
Morgan,0017 POINT MALLARD GRILL,United States Senator,,DEM,Kyle Sweetser,20
Morgan,0017 POINT MALLARD GRILL,United States Senator,,DEM,Everett Wess,17
Morgan,0017 POINT MALLARD GRILL,United States Senator,,DEM,Mark S. Wheeler II,30
Morgan,0018 PRICEVILLE EVENT CTR,United States Senator,,DEM,Dakarai Larriett,38
Morgan,0018 PRICEVILLE EVENT CTR,United States Senator,,DEM,Kyle Sweetser,30
Morgan,0018 PRICEVILLE EVENT CTR,United States Senator,,DEM,Everett Wess,34
Morgan,0018 PRICEVILLE EVENT CTR,United States Senator,,DEM,Mark S. Wheeler II,56
Morgan,0019 CTR SPGS METHODIST,United States Senator,,DEM,Dakarai Larriett,12
Morgan,0019 CTR SPGS METHODIST,United States Senator,,DEM,Kyle Sweetser,6
Morgan,0019 CTR SPGS METHODIST,United States Senator,,DEM,Everett Wess,6
Morgan,0019 CTR SPGS METHODIST,United States Senator,,DEM,Mark S. Wheeler II,8
Morgan,0020 COTACO VFD,United States Senator,,DEM,Dakarai Larriett,5
Morgan,0020 COTACO VFD,United States Senator,,DEM,Kyle Sweetser,4
Morgan,0020 COTACO VFD,United States Senator,,DEM,Everett Wess,8
Morgan,0020 COTACO VFD,United States Senator,,DEM,Mark S. Wheeler II,4
Morgan,0021 LACEYS SPRING SR CTR,United States Senator,,DEM,Dakarai Larriett,11
Morgan,0021 LACEYS SPRING SR CTR,United States Senator,,DEM,Kyle Sweetser,18
Morgan,0021 LACEYS SPRING SR CTR,United States Senator,,DEM,Everett Wess,3
Morgan,0021 LACEYS SPRING SR CTR,United States Senator,,DEM,Mark S. Wheeler II,14
Morgan,0022 UNION HILL SR CTR,United States Senator,,DEM,Dakarai Larriett,16
Morgan,0022 UNION HILL SR CTR,United States Senator,,DEM,Kyle Sweetser,12
Morgan,0022 UNION HILL SR CTR,United States Senator,,DEM,Everett Wess,12
Morgan,0022 UNION HILL SR CTR,United States Senator,,DEM,Mark S. Wheeler II,20
Morgan,0023 TRI-COUNTY VFD,United States Senator,,DEM,Dakarai Larriett,4
Morgan,0023 TRI-COUNTY VFD,United States Senator,,DEM,Kyle Sweetser,1
Morgan,0023 TRI-COUNTY VFD,United States Senator,,DEM,Everett Wess,5
Morgan,0023 TRI-COUNTY VFD,United States Senator,,DEM,Mark S. Wheeler II,5
Morgan,0024 S.A.V.E.S. VFD,United States Senator,,DEM,Dakarai Larriett,12
Morgan,0024 S.A.V.E.S. VFD,United States Senator,,DEM,Kyle Sweetser,12
Morgan,0024 S.A.V.E.S. VFD,United States Senator,,DEM,Everett Wess,11
Morgan,0024 S.A.V.E.S. VFD,United States Senator,,DEM,Mark S. Wheeler II,14
Morgan,0025 NEW CENTER BAPT CH,United States Senator,,DEM,Dakarai Larriett,7
Morgan,0025 NEW CENTER BAPT CH,United States Senator,,DEM,Kyle Sweetser,2
Morgan,0025 NEW CENTER BAPT CH,United States Senator,,DEM,Everett Wess,3
Morgan,0025 NEW CENTER BAPT CH,United States Senator,,DEM,Mark S. Wheeler II,8
Morgan,0026 SPARKMAN CIVIC CTR,United States Senator,,DEM,Dakarai Larriett,47
Morgan,0026 SPARKMAN CIVIC CTR,United States Senator,,DEM,Kyle Sweetser,43
Morgan,0026 SPARKMAN CIVIC CTR,United States Senator,,DEM,Everett Wess,49
Morgan,0026 SPARKMAN CIVIC CTR,United States Senator,,DEM,Mark S. Wheeler II,50
Morgan,0027 1ST BAPT-HARTSELLE,United States Senator,,DEM,Dakarai Larriett,43
Morgan,0027 1ST BAPT-HARTSELLE,United States Senator,,DEM,Kyle Sweetser,32
Morgan,0027 1ST BAPT-HARTSELLE,United States Senator,,DEM,Everett Wess,59
Morgan,0027 1ST BAPT-HARTSELLE,United States Senator,,DEM,Mark S. Wheeler II,30
Morgan,0028 TRINITY MUN BLDG,United States Senator,,DEM,Dakarai Larriett,27
Morgan,0028 TRINITY MUN BLDG,United States Senator,,DEM,Kyle Sweetser,17
Morgan,0028 TRINITY MUN BLDG,United States Senator,,DEM,Everett Wess,42
Morgan,0028 TRINITY MUN BLDG,United States Senator,,DEM,Mark S. Wheeler II,20
Morgan,0029 W MORGAN WATER AUTH,United States Senator,,DEM,Dakarai Larriett,5
Morgan,0029 W MORGAN WATER AUTH,United States Senator,,DEM,Kyle Sweetser,7
Morgan,0029 W MORGAN WATER AUTH,United States Senator,,DEM,Everett Wess,10
Morgan,0029 W MORGAN WATER AUTH,United States Senator,,DEM,Mark S. Wheeler II,6
Morgan,0030 NEEL VFD,United States Senator,,DEM,Dakarai Larriett,9
Morgan,0030 NEEL VFD,United States Senator,,DEM,Kyle Sweetser,2
Morgan,0030 NEEL VFD,United States Senator,,DEM,Everett Wess,7
Morgan,0030 NEEL VFD,United States Senator,,DEM,Mark S. Wheeler II,6
Morgan,0031 DANVILLE VFD,United States Senator,,DEM,Dakarai Larriett,2
Morgan,0031 DANVILLE VFD,United States Senator,,DEM,Kyle Sweetser,6
Morgan,0031 DANVILLE VFD,United States Senator,,DEM,Everett Wess,3
Morgan,0031 DANVILLE VFD,United States Senator,,DEM,Mark S. Wheeler II,4
Morgan,0032 MASSEY VFD,United States Senator,,DEM,Dakarai Larriett,3
Morgan,0032 MASSEY VFD,United States Senator,,DEM,Kyle Sweetser,3
Morgan,0032 MASSEY VFD,United States Senator,,DEM,Everett Wess,6
Morgan,0032 MASSEY VFD,United States Senator,,DEM,Mark S. Wheeler II,4
Morgan,0033 FALKVILLE MUN BLDG,United States Senator,,DEM,Dakarai Larriett,3
Morgan,0033 FALKVILLE MUN BLDG,United States Senator,,DEM,Kyle Sweetser,4
Morgan,0033 FALKVILLE MUN BLDG,United States Senator,,DEM,Everett Wess,0
Morgan,0033 FALKVILLE MUN BLDG,United States Senator,,DEM,Mark S. Wheeler II,11
Morgan,0034 CO DIST 3 VOTING,United States Senator,,DEM,Dakarai Larriett,8
Morgan,0034 CO DIST 3 VOTING,United States Senator,,DEM,Kyle Sweetser,4
Morgan,0034 CO DIST 3 VOTING,United States Senator,,DEM,Everett Wess,7
Morgan,0034 CO DIST 3 VOTING,United States Senator,,DEM,Mark S. Wheeler II,7
Morgan,0035 ODEN RIDGE VFD,United States Senator,,DEM,Dakarai Larriett,4
Morgan,0035 ODEN RIDGE VFD,United States Senator,,DEM,Kyle Sweetser,0
Morgan,0035 ODEN RIDGE VFD,United States Senator,,DEM,Everett Wess,1
Morgan,0035 ODEN RIDGE VFD,United States Senator,,DEM,Mark S. Wheeler II,0
Morgan,0036 GRACE POINT BAPT CH,United States Senator,,DEM,Dakarai Larriett,7
Morgan,0036 GRACE POINT BAPT CH,United States Senator,,DEM,Kyle Sweetser,1
Morgan,0036 GRACE POINT BAPT CH,United States Senator,,DEM,Everett Wess,5
Morgan,0036 GRACE POINT BAPT CH,United States Senator,,DEM,Mark S. Wheeler II,4
Morgan,0037 EVA TOWN HALL,United States Senator,,DEM,Dakarai Larriett,5
Morgan,0037 EVA TOWN HALL,United States Senator,,DEM,Kyle Sweetser,5
Morgan,0037 EVA TOWN HALL,United States Senator,,DEM,Everett Wess,3
Morgan,0037 EVA TOWN HALL,United States Senator,,DEM,Mark S. Wheeler II,9
Morgan,0038 GUM POND VFD,United States Senator,,DEM,Dakarai Larriett,1
Morgan,0038 GUM POND VFD,United States Senator,,DEM,Kyle Sweetser,0
Morgan,0038 GUM POND VFD,United States Senator,,DEM,Everett Wess,0
Morgan,0038 GUM POND VFD,United States Senator,,DEM,Mark S. Wheeler II,3
Morgan,0039 LEBANON BAPT CH,United States Senator,,DEM,Dakarai Larriett,4
Morgan,0039 LEBANON BAPT CH,United States Senator,,DEM,Kyle Sweetser,1
Morgan,0039 LEBANON BAPT CH,United States Senator,,DEM,Everett Wess,1
Morgan,0039 LEBANON BAPT CH,United States Senator,,DEM,Mark S. Wheeler II,4
Morgan,0040 ABSENTEE,United States Senator,,DEM,Dakarai Larriett,18
Morgan,0040 ABSENTEE,United States Senator,,DEM,Kyle Sweetser,11
Morgan,0040 ABSENTEE,United States Senator,,DEM,Everett Wess,12
Morgan,0040 ABSENTEE,United States Senator,,DEM,Mark S. Wheeler II,10
Morgan,0041 PROVISIONAL,United States Senator,,DEM,Dakarai Larriett,0
Morgan,0041 PROVISIONAL,United States Senator,,DEM,Kyle Sweetser,1
Morgan,0041 PROVISIONAL,United States Senator,,DEM,Everett Wess,2
Morgan,0041 PROVISIONAL,United States Senator,,DEM,Mark S. Wheeler II,0
Morgan,0001 MACEDONIA C P CH,Public Service Commission,1,DEM,James O. Gordon,10
Morgan,0001 MACEDONIA C P CH,Public Service Commission,1,DEM,John Northrop,3
Morgan,0001 MACEDONIA C P CH,Public Service Commission,1,DEM,Jeff Ramsey,3
Morgan,0002 DECATUR FIRE-POL TRA,Public Service Commission,1,DEM,James O. Gordon,4
Morgan,0002 DECATUR FIRE-POL TRA,Public Service Commission,1,DEM,John Northrop,2
Morgan,0002 DECATUR FIRE-POL TRA,Public Service Commission,1,DEM,Jeff Ramsey,4
Morgan,0003 MORGAN CO COURTHOUSE,Public Service Commission,1,DEM,James O. Gordon,14
Morgan,0003 MORGAN CO COURTHOUSE,Public Service Commission,1,DEM,John Northrop,6
Morgan,0003 MORGAN CO COURTHOUSE,Public Service Commission,1,DEM,Jeff Ramsey,24
Morgan,0004 AQUADOME REC CTR,Public Service Commission,1,DEM,James O. Gordon,264
Morgan,0004 AQUADOME REC CTR,Public Service Commission,1,DEM,John Northrop,41
Morgan,0004 AQUADOME REC CTR,Public Service Commission,1,DEM,Jeff Ramsey,89
Morgan,0005 FORT DECATUR REC CTR,Public Service Commission,1,DEM,James O. Gordon,110
Morgan,0005 FORT DECATUR REC CTR,Public Service Commission,1,DEM,John Northrop,56
Morgan,0005 FORT DECATUR REC CTR,Public Service Commission,1,DEM,Jeff Ramsey,93
Morgan,0006 WESTMEADE BAPT CH,Public Service Commission,1,DEM,James O. Gordon,72
Morgan,0006 WESTMEADE BAPT CH,Public Service Commission,1,DEM,John Northrop,25
Morgan,0006 WESTMEADE BAPT CH,Public Service Commission,1,DEM,Jeff Ramsey,41
Morgan,0007 DECATUR UTILITIES,Public Service Commission,1,DEM,James O. Gordon,26
Morgan,0007 DECATUR UTILITIES,Public Service Commission,1,DEM,John Northrop,5
Morgan,0007 DECATUR UTILITIES,Public Service Commission,1,DEM,Jeff Ramsey,15
Morgan,0008 1ST BAPT AUSTINVILLE,Public Service Commission,1,DEM,James O. Gordon,132
Morgan,0008 1ST BAPT AUSTINVILLE,Public Service Commission,1,DEM,John Northrop,48
Morgan,0008 1ST BAPT AUSTINVILLE,Public Service Commission,1,DEM,Jeff Ramsey,70
Morgan,0009 AMER LG BLDG POST 15,Public Service Commission,1,DEM,James O. Gordon,37
Morgan,0009 AMER LG BLDG POST 15,Public Service Commission,1,DEM,John Northrop,15
Morgan,0009 AMER LG BLDG POST 15,Public Service Commission,1,DEM,Jeff Ramsey,21
Morgan,0010 DECATUR BAPT CH,Public Service Commission,1,DEM,James O. Gordon,232
Morgan,0010 DECATUR BAPT CH,Public Service Commission,1,DEM,John Northrop,62
Morgan,0010 DECATUR BAPT CH,Public Service Commission,1,DEM,Jeff Ramsey,133
Morgan,0011 ST JAMES PRESBY CH,Public Service Commission,1,DEM,James O. Gordon,298
Morgan,0011 ST JAMES PRESBY CH,Public Service Commission,1,DEM,John Northrop,12
Morgan,0011 ST JAMES PRESBY CH,Public Service Commission,1,DEM,Jeff Ramsey,40
Morgan,0012 TURNER SURLES CC,Public Service Commission,1,DEM,James O. Gordon,95
Morgan,0012 TURNER SURLES CC,Public Service Commission,1,DEM,John Northrop,8
Morgan,0012 TURNER SURLES CC,Public Service Commission,1,DEM,Jeff Ramsey,15
Morgan,0013 DECATUR CH OF CHRIST,Public Service Commission,1,DEM,James O. Gordon,99
Morgan,0013 DECATUR CH OF CHRIST,Public Service Commission,1,DEM,John Northrop,40
Morgan,0013 DECATUR CH OF CHRIST,Public Service Commission,1,DEM,Jeff Ramsey,70
Morgan,0014 FIRST BIBLE CH,Public Service Commission,1,DEM,James O. Gordon,116
Morgan,0014 FIRST BIBLE CH,Public Service Commission,1,DEM,John Northrop,43
Morgan,0014 FIRST BIBLE CH,Public Service Commission,1,DEM,Jeff Ramsey,83
Morgan,0015 BURNINGTREE CO CLUB,Public Service Commission,1,DEM,James O. Gordon,39
Morgan,0015 BURNINGTREE CO CLUB,Public Service Commission,1,DEM,John Northrop,25
Morgan,0015 BURNINGTREE CO CLUB,Public Service Commission,1,DEM,Jeff Ramsey,34
Morgan,0016 BCOMING CH,Public Service Commission,1,DEM,James O. Gordon,45
Morgan,0016 BCOMING CH,Public Service Commission,1,DEM,John Northrop,27
Morgan,0016 BCOMING CH,Public Service Commission,1,DEM,Jeff Ramsey,47
Morgan,0017 POINT MALLARD GRILL,Public Service Commission,1,DEM,James O. Gordon,26
Morgan,0017 POINT MALLARD GRILL,Public Service Commission,1,DEM,John Northrop,27
Morgan,0017 POINT MALLARD GRILL,Public Service Commission,1,DEM,Jeff Ramsey,37
Morgan,0018 PRICEVILLE EVENT CTR,Public Service Commission,1,DEM,James O. Gordon,50
Morgan,0018 PRICEVILLE EVENT CTR,Public Service Commission,1,DEM,John Northrop,33
Morgan,0018 PRICEVILLE EVENT CTR,Public Service Commission,1,DEM,Jeff Ramsey,69
Morgan,0019 CTR SPGS METHODIST,Public Service Commission,1,DEM,James O. Gordon,6
Morgan,0019 CTR SPGS METHODIST,Public Service Commission,1,DEM,John Northrop,11
Morgan,0019 CTR SPGS METHODIST,Public Service Commission,1,DEM,Jeff Ramsey,13
Morgan,0020 COTACO VFD,Public Service Commission,1,DEM,James O. Gordon,7
Morgan,0020 COTACO VFD,Public Service Commission,1,DEM,John Northrop,6
Morgan,0020 COTACO VFD,Public Service Commission,1,DEM,Jeff Ramsey,9
Morgan,0021 LACEYS SPRING SR CTR,Public Service Commission,1,DEM,James O. Gordon,12
Morgan,0021 LACEYS SPRING SR CTR,Public Service Commission,1,DEM,John Northrop,20
Morgan,0021 LACEYS SPRING SR CTR,Public Service Commission,1,DEM,Jeff Ramsey,11
Morgan,0022 UNION HILL SR CTR,Public Service Commission,1,DEM,James O. Gordon,18
Morgan,0022 UNION HILL SR CTR,Public Service Commission,1,DEM,John Northrop,16
Morgan,0022 UNION HILL SR CTR,Public Service Commission,1,DEM,Jeff Ramsey,24
Morgan,0023 TRI-COUNTY VFD,Public Service Commission,1,DEM,James O. Gordon,4
Morgan,0023 TRI-COUNTY VFD,Public Service Commission,1,DEM,John Northrop,1
Morgan,0023 TRI-COUNTY VFD,Public Service Commission,1,DEM,Jeff Ramsey,10
Morgan,0024 S.A.V.E.S. VFD,Public Service Commission,1,DEM,James O. Gordon,16
Morgan,0024 S.A.V.E.S. VFD,Public Service Commission,1,DEM,John Northrop,18
Morgan,0024 S.A.V.E.S. VFD,Public Service Commission,1,DEM,Jeff Ramsey,13
Morgan,0025 NEW CENTER BAPT CH,Public Service Commission,1,DEM,James O. Gordon,7
Morgan,0025 NEW CENTER BAPT CH,Public Service Commission,1,DEM,John Northrop,3
Morgan,0025 NEW CENTER BAPT CH,Public Service Commission,1,DEM,Jeff Ramsey,10
Morgan,0026 SPARKMAN CIVIC CTR,Public Service Commission,1,DEM,James O. Gordon,78
Morgan,0026 SPARKMAN CIVIC CTR,Public Service Commission,1,DEM,John Northrop,45
Morgan,0026 SPARKMAN CIVIC CTR,Public Service Commission,1,DEM,Jeff Ramsey,64
Morgan,0027 1ST BAPT-HARTSELLE,Public Service Commission,1,DEM,James O. Gordon,66
Morgan,0027 1ST BAPT-HARTSELLE,Public Service Commission,1,DEM,John Northrop,32
Morgan,0027 1ST BAPT-HARTSELLE,Public Service Commission,1,DEM,Jeff Ramsey,61
Morgan,0028 TRINITY MUN BLDG,Public Service Commission,1,DEM,James O. Gordon,58
Morgan,0028 TRINITY MUN BLDG,Public Service Commission,1,DEM,John Northrop,16
Morgan,0028 TRINITY MUN BLDG,Public Service Commission,1,DEM,Jeff Ramsey,31
Morgan,0029 W MORGAN WATER AUTH,Public Service Commission,1,DEM,James O. Gordon,11
Morgan,0029 W MORGAN WATER AUTH,Public Service Commission,1,DEM,John Northrop,3
Morgan,0029 W MORGAN WATER AUTH,Public Service Commission,1,DEM,Jeff Ramsey,14
Morgan,0030 NEEL VFD,Public Service Commission,1,DEM,James O. Gordon,3
Morgan,0030 NEEL VFD,Public Service Commission,1,DEM,John Northrop,4
Morgan,0030 NEEL VFD,Public Service Commission,1,DEM,Jeff Ramsey,16
Morgan,0031 DANVILLE VFD,Public Service Commission,1,DEM,James O. Gordon,9
Morgan,0031 DANVILLE VFD,Public Service Commission,1,DEM,John Northrop,1
Morgan,0031 DANVILLE VFD,Public Service Commission,1,DEM,Jeff Ramsey,5
Morgan,0032 MASSEY VFD,Public Service Commission,1,DEM,James O. Gordon,11
Morgan,0032 MASSEY VFD,Public Service Commission,1,DEM,John Northrop,0
Morgan,0032 MASSEY VFD,Public Service Commission,1,DEM,Jeff Ramsey,4
Morgan,0033 FALKVILLE MUN BLDG,Public Service Commission,1,DEM,James O. Gordon,7
Morgan,0033 FALKVILLE MUN BLDG,Public Service Commission,1,DEM,John Northrop,5
Morgan,0033 FALKVILLE MUN BLDG,Public Service Commission,1,DEM,Jeff Ramsey,5
Morgan,0034 CO DIST 3 VOTING,Public Service Commission,1,DEM,James O. Gordon,9
Morgan,0034 CO DIST 3 VOTING,Public Service Commission,1,DEM,John Northrop,6
Morgan,0034 CO DIST 3 VOTING,Public Service Commission,1,DEM,Jeff Ramsey,11
Morgan,0035 ODEN RIDGE VFD,Public Service Commission,1,DEM,James O. Gordon,1
Morgan,0035 ODEN RIDGE VFD,Public Service Commission,1,DEM,John Northrop,0
Morgan,0035 ODEN RIDGE VFD,Public Service Commission,1,DEM,Jeff Ramsey,4
Morgan,0036 GRACE POINT BAPT CH,Public Service Commission,1,DEM,James O. Gordon,2
Morgan,0036 GRACE POINT BAPT CH,Public Service Commission,1,DEM,John Northrop,8
Morgan,0036 GRACE POINT BAPT CH,Public Service Commission,1,DEM,Jeff Ramsey,7
Morgan,0037 EVA TOWN HALL,Public Service Commission,1,DEM,James O. Gordon,8
Morgan,0037 EVA TOWN HALL,Public Service Commission,1,DEM,John Northrop,6
Morgan,0037 EVA TOWN HALL,Public Service Commission,1,DEM,Jeff Ramsey,8
Morgan,0038 GUM POND VFD,Public Service Commission,1,DEM,James O. Gordon,0
Morgan,0038 GUM POND VFD,Public Service Commission,1,DEM,John Northrop,2
Morgan,0038 GUM POND VFD,Public Service Commission,1,DEM,Jeff Ramsey,2
Morgan,0039 LEBANON BAPT CH,Public Service Commission,1,DEM,James O. Gordon,4
Morgan,0039 LEBANON BAPT CH,Public Service Commission,1,DEM,John Northrop,2
Morgan,0039 LEBANON BAPT CH,Public Service Commission,1,DEM,Jeff Ramsey,3
Morgan,0040 ABSENTEE,Public Service Commission,1,DEM,James O. Gordon,16
Morgan,0040 ABSENTEE,Public Service Commission,1,DEM,John Northrop,18
Morgan,0040 ABSENTEE,Public Service Commission,1,DEM,Jeff Ramsey,16
Morgan,0041 PROVISIONAL,Public Service Commission,1,DEM,James O. Gordon,2
Morgan,0041 PROVISIONAL,Public Service Commission,1,DEM,John Northrop,0
Morgan,0041 PROVISIONAL,Public Service Commission,1,DEM,Jeff Ramsey,2
Morgan,0001 MACEDONIA C P CH,Governor,,REP,Ken McFeeters,0
Morgan,0001 MACEDONIA C P CH,Governor,,REP,"""Alabama"" Will Santivasci",2
Morgan,0001 MACEDONIA C P CH,Governor,,REP,Thomas Tuberville,17
Morgan,0002 DECATUR FIRE-POL TRA,Governor,,REP,Ken McFeeters,10
Morgan,0002 DECATUR FIRE-POL TRA,Governor,,REP,"""Alabama"" Will Santivasci",9
Morgan,0002 DECATUR FIRE-POL TRA,Governor,,REP,Thomas Tuberville,99
Morgan,0003 MORGAN CO COURTHOUSE,Governor,,REP,Ken McFeeters,22
Morgan,0003 MORGAN CO COURTHOUSE,Governor,,REP,"""Alabama"" Will Santivasci",11
Morgan,0003 MORGAN CO COURTHOUSE,Governor,,REP,Thomas Tuberville,87
Morgan,0004 AQUADOME REC CTR,Governor,,REP,Ken McFeeters,15
Morgan,0004 AQUADOME REC CTR,Governor,,REP,"""Alabama"" Will Santivasci",9
Morgan,0004 AQUADOME REC CTR,Governor,,REP,Thomas Tuberville,104
Morgan,0005 FORT DECATUR REC CTR,Governor,,REP,Ken McFeeters,46
Morgan,0005 FORT DECATUR REC CTR,Governor,,REP,"""Alabama"" Will Santivasci",28
Morgan,0005 FORT DECATUR REC CTR,Governor,,REP,Thomas Tuberville,257
Morgan,0006 WESTMEADE BAPT CH,Governor,,REP,Ken McFeeters,17
Morgan,0006 WESTMEADE BAPT CH,Governor,,REP,"""Alabama"" Will Santivasci",3
Morgan,0006 WESTMEADE BAPT CH,Governor,,REP,Thomas Tuberville,88
Morgan,0007 DECATUR UTILITIES,Governor,,REP,Ken McFeeters,8
Morgan,0007 DECATUR UTILITIES,Governor,,REP,"""Alabama"" Will Santivasci",9
Morgan,0007 DECATUR UTILITIES,Governor,,REP,Thomas Tuberville,72
Morgan,0008 1ST BAPT AUSTINVILLE,Governor,,REP,Ken McFeeters,38
Morgan,0008 1ST BAPT AUSTINVILLE,Governor,,REP,"""Alabama"" Will Santivasci",27
Morgan,0008 1ST BAPT AUSTINVILLE,Governor,,REP,Thomas Tuberville,315
Morgan,0009 AMER LG BLDG POST 15,Governor,,REP,Ken McFeeters,24
Morgan,0009 AMER LG BLDG POST 15,Governor,,REP,"""Alabama"" Will Santivasci",7
Morgan,0009 AMER LG BLDG POST 15,Governor,,REP,Thomas Tuberville,105
Morgan,0010 DECATUR BAPT CH,Governor,,REP,Ken McFeeters,75
Morgan,0010 DECATUR BAPT CH,Governor,,REP,"""Alabama"" Will Santivasci",36
Morgan,0010 DECATUR BAPT CH,Governor,,REP,Thomas Tuberville,594
Morgan,0011 ST JAMES PRESBY CH,Governor,,REP,Ken McFeeters,0
Morgan,0011 ST JAMES PRESBY CH,Governor,,REP,"""Alabama"" Will Santivasci",1
Morgan,0011 ST JAMES PRESBY CH,Governor,,REP,Thomas Tuberville,15
Morgan,0012 TURNER SURLES CC,Governor,,REP,Ken McFeeters,0
Morgan,0012 TURNER SURLES CC,Governor,,REP,"""Alabama"" Will Santivasci",0
Morgan,0012 TURNER SURLES CC,Governor,,REP,Thomas Tuberville,2
Morgan,0013 DECATUR CH OF CHRIST,Governor,,REP,Ken McFeeters,70
Morgan,0013 DECATUR CH OF CHRIST,Governor,,REP,"""Alabama"" Will Santivasci",48
Morgan,0013 DECATUR CH OF CHRIST,Governor,,REP,Thomas Tuberville,683
Morgan,0014 FIRST BIBLE CH,Governor,,REP,Ken McFeeters,57
Morgan,0014 FIRST BIBLE CH,Governor,,REP,"""Alabama"" Will Santivasci",24
Morgan,0014 FIRST BIBLE CH,Governor,,REP,Thomas Tuberville,398
Morgan,0015 BURNINGTREE CO CLUB,Governor,,REP,Ken McFeeters,55
Morgan,0015 BURNINGTREE CO CLUB,Governor,,REP,"""Alabama"" Will Santivasci",25
Morgan,0015 BURNINGTREE CO CLUB,Governor,,REP,Thomas Tuberville,464
Morgan,0016 BCOMING CH,Governor,,REP,Ken McFeeters,54
Morgan,0016 BCOMING CH,Governor,,REP,"""Alabama"" Will Santivasci",22
Morgan,0016 BCOMING CH,Governor,,REP,Thomas Tuberville,346
Morgan,0017 POINT MALLARD GRILL,Governor,,REP,Ken McFeeters,56
Morgan,0017 POINT MALLARD GRILL,Governor,,REP,"""Alabama"" Will Santivasci",19
Morgan,0017 POINT MALLARD GRILL,Governor,,REP,Thomas Tuberville,392
Morgan,0018 PRICEVILLE EVENT CTR,Governor,,REP,Ken McFeeters,140
Morgan,0018 PRICEVILLE EVENT CTR,Governor,,REP,"""Alabama"" Will Santivasci",85
Morgan,0018 PRICEVILLE EVENT CTR,Governor,,REP,Thomas Tuberville,1316
Morgan,0019 CTR SPGS METHODIST,Governor,,REP,Ken McFeeters,25
Morgan,0019 CTR SPGS METHODIST,Governor,,REP,"""Alabama"" Will Santivasci",15
Morgan,0019 CTR SPGS METHODIST,Governor,,REP,Thomas Tuberville,260
Morgan,0020 COTACO VFD,Governor,,REP,Ken McFeeters,34
Morgan,0020 COTACO VFD,Governor,,REP,"""Alabama"" Will Santivasci",22
Morgan,0020 COTACO VFD,Governor,,REP,Thomas Tuberville,340
Morgan,0021 LACEYS SPRING SR CTR,Governor,,REP,Ken McFeeters,46
Morgan,0021 LACEYS SPRING SR CTR,Governor,,REP,"""Alabama"" Will Santivasci",25
Morgan,0021 LACEYS SPRING SR CTR,Governor,,REP,Thomas Tuberville,288
Morgan,0022 UNION HILL SR CTR,Governor,,REP,Ken McFeeters,66
Morgan,0022 UNION HILL SR CTR,Governor,,REP,"""Alabama"" Will Santivasci",48
Morgan,0022 UNION HILL SR CTR,Governor,,REP,Thomas Tuberville,529
Morgan,0023 TRI-COUNTY VFD,Governor,,REP,Ken McFeeters,17
Morgan,0023 TRI-COUNTY VFD,Governor,,REP,"""Alabama"" Will Santivasci",13
Morgan,0023 TRI-COUNTY VFD,Governor,,REP,Thomas Tuberville,196
Morgan,0024 S.A.V.E.S. VFD,Governor,,REP,Ken McFeeters,87
Morgan,0024 S.A.V.E.S. VFD,Governor,,REP,"""Alabama"" Will Santivasci",42
Morgan,0024 S.A.V.E.S. VFD,Governor,,REP,Thomas Tuberville,585
Morgan,0025 NEW CENTER BAPT CH,Governor,,REP,Ken McFeeters,34
Morgan,0025 NEW CENTER BAPT CH,Governor,,REP,"""Alabama"" Will Santivasci",17
Morgan,0025 NEW CENTER BAPT CH,Governor,,REP,Thomas Tuberville,406
Morgan,0026 SPARKMAN CIVIC CTR,Governor,,REP,Ken McFeeters,175
Morgan,0026 SPARKMAN CIVIC CTR,Governor,,REP,"""Alabama"" Will Santivasci",67
Morgan,0026 SPARKMAN CIVIC CTR,Governor,,REP,Thomas Tuberville,1302
Morgan,0027 1ST BAPT-HARTSELLE,Governor,,REP,Ken McFeeters,99
Morgan,0027 1ST BAPT-HARTSELLE,Governor,,REP,"""Alabama"" Will Santivasci",43
Morgan,0027 1ST BAPT-HARTSELLE,Governor,,REP,Thomas Tuberville,846
Morgan,0028 TRINITY MUN BLDG,Governor,,REP,Ken McFeeters,49
Morgan,0028 TRINITY MUN BLDG,Governor,,REP,"""Alabama"" Will Santivasci",28
Morgan,0028 TRINITY MUN BLDG,Governor,,REP,Thomas Tuberville,384
Morgan,0029 W MORGAN WATER AUTH,Governor,,REP,Ken McFeeters,16
Morgan,0029 W MORGAN WATER AUTH,Governor,,REP,"""Alabama"" Will Santivasci",6
Morgan,0029 W MORGAN WATER AUTH,Governor,,REP,Thomas Tuberville,210
Morgan,0030 NEEL VFD,Governor,,REP,Ken McFeeters,53
Morgan,0030 NEEL VFD,Governor,,REP,"""Alabama"" Will Santivasci",48
Morgan,0030 NEEL VFD,Governor,,REP,Thomas Tuberville,571
Morgan,0031 DANVILLE VFD,Governor,,REP,Ken McFeeters,13
Morgan,0031 DANVILLE VFD,Governor,,REP,"""Alabama"" Will Santivasci",8
Morgan,0031 DANVILLE VFD,Governor,,REP,Thomas Tuberville,193
Morgan,0032 MASSEY VFD,Governor,,REP,Ken McFeeters,28
Morgan,0032 MASSEY VFD,Governor,,REP,"""Alabama"" Will Santivasci",15
Morgan,0032 MASSEY VFD,Governor,,REP,Thomas Tuberville,226
Morgan,0033 FALKVILLE MUN BLDG,Governor,,REP,Ken McFeeters,33
Morgan,0033 FALKVILLE MUN BLDG,Governor,,REP,"""Alabama"" Will Santivasci",22
Morgan,0033 FALKVILLE MUN BLDG,Governor,,REP,Thomas Tuberville,321
Morgan,0034 CO DIST 3 VOTING,Governor,,REP,Ken McFeeters,38
Morgan,0034 CO DIST 3 VOTING,Governor,,REP,"""Alabama"" Will Santivasci",17
Morgan,0034 CO DIST 3 VOTING,Governor,,REP,Thomas Tuberville,360
Morgan,0035 ODEN RIDGE VFD,Governor,,REP,Ken McFeeters,23
Morgan,0035 ODEN RIDGE VFD,Governor,,REP,"""Alabama"" Will Santivasci",13
Morgan,0035 ODEN RIDGE VFD,Governor,,REP,Thomas Tuberville,188
Morgan,0036 GRACE POINT BAPT CH,Governor,,REP,Ken McFeeters,9
Morgan,0036 GRACE POINT BAPT CH,Governor,,REP,"""Alabama"" Will Santivasci",10
Morgan,0036 GRACE POINT BAPT CH,Governor,,REP,Thomas Tuberville,166
Morgan,0037 EVA TOWN HALL,Governor,,REP,Ken McFeeters,52
Morgan,0037 EVA TOWN HALL,Governor,,REP,"""Alabama"" Will Santivasci",22
Morgan,0037 EVA TOWN HALL,Governor,,REP,Thomas Tuberville,373
Morgan,0038 GUM POND VFD,Governor,,REP,Ken McFeeters,14
Morgan,0038 GUM POND VFD,Governor,,REP,"""Alabama"" Will Santivasci",3
Morgan,0038 GUM POND VFD,Governor,,REP,Thomas Tuberville,109
Morgan,0039 LEBANON BAPT CH,Governor,,REP,Ken McFeeters,18
Morgan,0039 LEBANON BAPT CH,Governor,,REP,"""Alabama"" Will Santivasci",4
Morgan,0039 LEBANON BAPT CH,Governor,,REP,Thomas Tuberville,197
Morgan,0040 ABSENTEE,Governor,,REP,Ken McFeeters,22
Morgan,0040 ABSENTEE,Governor,,REP,"""Alabama"" Will Santivasci",9
Morgan,0040 ABSENTEE,Governor,,REP,Thomas Tuberville,171
Morgan,0041 PROVISIONAL,Governor,,REP,Ken McFeeters,1
Morgan,0041 PROVISIONAL,Governor,,REP,"""Alabama"" Will Santivasci",0
Morgan,0041 PROVISIONAL,Governor,,REP,Thomas Tuberville,21
Morgan,0001 MACEDONIA C P CH,Lieutenant Governor,,REP,Wes Allen,7
Morgan,0001 MACEDONIA C P CH,Lieutenant Governor,,REP,Pat Bishop,0
Morgan,0001 MACEDONIA C P CH,Lieutenant Governor,,REP,George Childress,0
Morgan,0001 MACEDONIA C P CH,Lieutenant Governor,,REP,Rick Pate,0
Morgan,0001 MACEDONIA C P CH,Lieutenant Governor,,REP,Stewart Hill Tankersley,1
Morgan,0001 MACEDONIA C P CH,Lieutenant Governor,,REP,Nicole Jones Wadsworth,2
Morgan,0001 MACEDONIA C P CH,Lieutenant Governor,,REP,John Wahl,9
Morgan,0002 DECATUR FIRE-POL TRA,Lieutenant Governor,,REP,Wes Allen,34
Morgan,0002 DECATUR FIRE-POL TRA,Lieutenant Governor,,REP,Pat Bishop,4
Morgan,0002 DECATUR FIRE-POL TRA,Lieutenant Governor,,REP,George Childress,2
Morgan,0002 DECATUR FIRE-POL TRA,Lieutenant Governor,,REP,Rick Pate,4
Morgan,0002 DECATUR FIRE-POL TRA,Lieutenant Governor,,REP,Stewart Hill Tankersley,7
Morgan,0002 DECATUR FIRE-POL TRA,Lieutenant Governor,,REP,Nicole Jones Wadsworth,2
Morgan,0002 DECATUR FIRE-POL TRA,Lieutenant Governor,,REP,John Wahl,62
Morgan,0003 MORGAN CO COURTHOUSE,Lieutenant Governor,,REP,Wes Allen,42
Morgan,0003 MORGAN CO COURTHOUSE,Lieutenant Governor,,REP,Pat Bishop,8
Morgan,0003 MORGAN CO COURTHOUSE,Lieutenant Governor,,REP,George Childress,3
Morgan,0003 MORGAN CO COURTHOUSE,Lieutenant Governor,,REP,Rick Pate,13
Morgan,0003 MORGAN CO COURTHOUSE,Lieutenant Governor,,REP,Stewart Hill Tankersley,2
Morgan,0003 MORGAN CO COURTHOUSE,Lieutenant Governor,,REP,Nicole Jones Wadsworth,6
Morgan,0003 MORGAN CO COURTHOUSE,Lieutenant Governor,,REP,John Wahl,44
Morgan,0004 AQUADOME REC CTR,Lieutenant Governor,,REP,Wes Allen,43
Morgan,0004 AQUADOME REC CTR,Lieutenant Governor,,REP,Pat Bishop,8
Morgan,0004 AQUADOME REC CTR,Lieutenant Governor,,REP,George Childress,3
Morgan,0004 AQUADOME REC CTR,Lieutenant Governor,,REP,Rick Pate,5
Morgan,0004 AQUADOME REC CTR,Lieutenant Governor,,REP,Stewart Hill Tankersley,3
Morgan,0004 AQUADOME REC CTR,Lieutenant Governor,,REP,Nicole Jones Wadsworth,7
Morgan,0004 AQUADOME REC CTR,Lieutenant Governor,,REP,John Wahl,60
Morgan,0005 FORT DECATUR REC CTR,Lieutenant Governor,,REP,Wes Allen,113
Morgan,0005 FORT DECATUR REC CTR,Lieutenant Governor,,REP,Pat Bishop,7
Morgan,0005 FORT DECATUR REC CTR,Lieutenant Governor,,REP,George Childress,7
Morgan,0005 FORT DECATUR REC CTR,Lieutenant Governor,,REP,Rick Pate,20
Morgan,0005 FORT DECATUR REC CTR,Lieutenant Governor,,REP,Stewart Hill Tankersley,10
Morgan,0005 FORT DECATUR REC CTR,Lieutenant Governor,,REP,Nicole Jones Wadsworth,29
Morgan,0005 FORT DECATUR REC CTR,Lieutenant Governor,,REP,John Wahl,135
Morgan,0006 WESTMEADE BAPT CH,Lieutenant Governor,,REP,Wes Allen,33
Morgan,0006 WESTMEADE BAPT CH,Lieutenant Governor,,REP,Pat Bishop,2
Morgan,0006 WESTMEADE BAPT CH,Lieutenant Governor,,REP,George Childress,6
Morgan,0006 WESTMEADE BAPT CH,Lieutenant Governor,,REP,Rick Pate,13
Morgan,0006 WESTMEADE BAPT CH,Lieutenant Governor,,REP,Stewart Hill Tankersley,1
Morgan,0006 WESTMEADE BAPT CH,Lieutenant Governor,,REP,Nicole Jones Wadsworth,11
Morgan,0006 WESTMEADE BAPT CH,Lieutenant Governor,,REP,John Wahl,40
Morgan,0007 DECATUR UTILITIES,Lieutenant Governor,,REP,Wes Allen,29
Morgan,0007 DECATUR UTILITIES,Lieutenant Governor,,REP,Pat Bishop,3
Morgan,0007 DECATUR UTILITIES,Lieutenant Governor,,REP,George Childress,1
Morgan,0007 DECATUR UTILITIES,Lieutenant Governor,,REP,Rick Pate,1
Morgan,0007 DECATUR UTILITIES,Lieutenant Governor,,REP,Stewart Hill Tankersley,3
Morgan,0007 DECATUR UTILITIES,Lieutenant Governor,,REP,Nicole Jones Wadsworth,8
Morgan,0007 DECATUR UTILITIES,Lieutenant Governor,,REP,John Wahl,41
Morgan,0008 1ST BAPT AUSTINVILLE,Lieutenant Governor,,REP,Wes Allen,134
Morgan,0008 1ST BAPT AUSTINVILLE,Lieutenant Governor,,REP,Pat Bishop,8
Morgan,0008 1ST BAPT AUSTINVILLE,Lieutenant Governor,,REP,George Childress,5
Morgan,0008 1ST BAPT AUSTINVILLE,Lieutenant Governor,,REP,Rick Pate,7
Morgan,0008 1ST BAPT AUSTINVILLE,Lieutenant Governor,,REP,Stewart Hill Tankersley,18
Morgan,0008 1ST BAPT AUSTINVILLE,Lieutenant Governor,,REP,Nicole Jones Wadsworth,15
Morgan,0008 1ST BAPT AUSTINVILLE,Lieutenant Governor,,REP,John Wahl,179
Morgan,0009 AMER LG BLDG POST 15,Lieutenant Governor,,REP,Wes Allen,44
Morgan,0009 AMER LG BLDG POST 15,Lieutenant Governor,,REP,Pat Bishop,5
Morgan,0009 AMER LG BLDG POST 15,Lieutenant Governor,,REP,George Childress,2
Morgan,0009 AMER LG BLDG POST 15,Lieutenant Governor,,REP,Rick Pate,7
Morgan,0009 AMER LG BLDG POST 15,Lieutenant Governor,,REP,Stewart Hill Tankersley,6
Morgan,0009 AMER LG BLDG POST 15,Lieutenant Governor,,REP,Nicole Jones Wadsworth,15
Morgan,0009 AMER LG BLDG POST 15,Lieutenant Governor,,REP,John Wahl,54
Morgan,0010 DECATUR BAPT CH,Lieutenant Governor,,REP,Wes Allen,266
Morgan,0010 DECATUR BAPT CH,Lieutenant Governor,,REP,Pat Bishop,17
Morgan,0010 DECATUR BAPT CH,Lieutenant Governor,,REP,George Childress,11
Morgan,0010 DECATUR BAPT CH,Lieutenant Governor,,REP,Rick Pate,30
Morgan,0010 DECATUR BAPT CH,Lieutenant Governor,,REP,Stewart Hill Tankersley,20
Morgan,0010 DECATUR BAPT CH,Lieutenant Governor,,REP,Nicole Jones Wadsworth,25
Morgan,0010 DECATUR BAPT CH,Lieutenant Governor,,REP,John Wahl,321
Morgan,0011 ST JAMES PRESBY CH,Lieutenant Governor,,REP,Wes Allen,5
Morgan,0011 ST JAMES PRESBY CH,Lieutenant Governor,,REP,Pat Bishop,0
Morgan,0011 ST JAMES PRESBY CH,Lieutenant Governor,,REP,George Childress,0
Morgan,0011 ST JAMES PRESBY CH,Lieutenant Governor,,REP,Rick Pate,0
Morgan,0011 ST JAMES PRESBY CH,Lieutenant Governor,,REP,Stewart Hill Tankersley,1
Morgan,0011 ST JAMES PRESBY CH,Lieutenant Governor,,REP,Nicole Jones Wadsworth,1
Morgan,0011 ST JAMES PRESBY CH,Lieutenant Governor,,REP,John Wahl,9
Morgan,0012 TURNER SURLES CC,Lieutenant Governor,,REP,Wes Allen,0
Morgan,0012 TURNER SURLES CC,Lieutenant Governor,,REP,Pat Bishop,0
Morgan,0012 TURNER SURLES CC,Lieutenant Governor,,REP,George Childress,0
Morgan,0012 TURNER SURLES CC,Lieutenant Governor,,REP,Rick Pate,0
Morgan,0012 TURNER SURLES CC,Lieutenant Governor,,REP,Stewart Hill Tankersley,0
Morgan,0012 TURNER SURLES CC,Lieutenant Governor,,REP,Nicole Jones Wadsworth,0
Morgan,0012 TURNER SURLES CC,Lieutenant Governor,,REP,John Wahl,2
Morgan,0013 DECATUR CH OF CHRIST,Lieutenant Governor,,REP,Wes Allen,289
Morgan,0013 DECATUR CH OF CHRIST,Lieutenant Governor,,REP,Pat Bishop,19
Morgan,0013 DECATUR CH OF CHRIST,Lieutenant Governor,,REP,George Childress,10
Morgan,0013 DECATUR CH OF CHRIST,Lieutenant Governor,,REP,Rick Pate,43
Morgan,0013 DECATUR CH OF CHRIST,Lieutenant Governor,,REP,Stewart Hill Tankersley,17
Morgan,0013 DECATUR CH OF CHRIST,Lieutenant Governor,,REP,Nicole Jones Wadsworth,41
Morgan,0013 DECATUR CH OF CHRIST,Lieutenant Governor,,REP,John Wahl,354
Morgan,0014 FIRST BIBLE CH,Lieutenant Governor,,REP,Wes Allen,152
Morgan,0014 FIRST BIBLE CH,Lieutenant Governor,,REP,Pat Bishop,14
Morgan,0014 FIRST BIBLE CH,Lieutenant Governor,,REP,George Childress,8
Morgan,0014 FIRST BIBLE CH,Lieutenant Governor,,REP,Rick Pate,21
Morgan,0014 FIRST BIBLE CH,Lieutenant Governor,,REP,Stewart Hill Tankersley,17
Morgan,0014 FIRST BIBLE CH,Lieutenant Governor,,REP,Nicole Jones Wadsworth,26
Morgan,0014 FIRST BIBLE CH,Lieutenant Governor,,REP,John Wahl,231
Morgan,0015 BURNINGTREE CO CLUB,Lieutenant Governor,,REP,Wes Allen,196
Morgan,0015 BURNINGTREE CO CLUB,Lieutenant Governor,,REP,Pat Bishop,14
Morgan,0015 BURNINGTREE CO CLUB,Lieutenant Governor,,REP,George Childress,11
Morgan,0015 BURNINGTREE CO CLUB,Lieutenant Governor,,REP,Rick Pate,41
Morgan,0015 BURNINGTREE CO CLUB,Lieutenant Governor,,REP,Stewart Hill Tankersley,20
Morgan,0015 BURNINGTREE CO CLUB,Lieutenant Governor,,REP,Nicole Jones Wadsworth,29
Morgan,0015 BURNINGTREE CO CLUB,Lieutenant Governor,,REP,John Wahl,227
Morgan,0016 BCOMING CH,Lieutenant Governor,,REP,Wes Allen,195
Morgan,0016 BCOMING CH,Lieutenant Governor,,REP,Pat Bishop,13
Morgan,0016 BCOMING CH,Lieutenant Governor,,REP,George Childress,7
Morgan,0016 BCOMING CH,Lieutenant Governor,,REP,Rick Pate,26
Morgan,0016 BCOMING CH,Lieutenant Governor,,REP,Stewart Hill Tankersley,8
Morgan,0016 BCOMING CH,Lieutenant Governor,,REP,Nicole Jones Wadsworth,13
Morgan,0016 BCOMING CH,Lieutenant Governor,,REP,John Wahl,157
Morgan,0017 POINT MALLARD GRILL,Lieutenant Governor,,REP,Wes Allen,195
Morgan,0017 POINT MALLARD GRILL,Lieutenant Governor,,REP,Pat Bishop,11
Morgan,0017 POINT MALLARD GRILL,Lieutenant Governor,,REP,George Childress,8
Morgan,0017 POINT MALLARD GRILL,Lieutenant Governor,,REP,Rick Pate,56
Morgan,0017 POINT MALLARD GRILL,Lieutenant Governor,,REP,Stewart Hill Tankersley,5
Morgan,0017 POINT MALLARD GRILL,Lieutenant Governor,,REP,Nicole Jones Wadsworth,23
Morgan,0017 POINT MALLARD GRILL,Lieutenant Governor,,REP,John Wahl,164
Morgan,0018 PRICEVILLE EVENT CTR,Lieutenant Governor,,REP,Wes Allen,498
Morgan,0018 PRICEVILLE EVENT CTR,Lieutenant Governor,,REP,Pat Bishop,48
Morgan,0018 PRICEVILLE EVENT CTR,Lieutenant Governor,,REP,George Childress,36
Morgan,0018 PRICEVILLE EVENT CTR,Lieutenant Governor,,REP,Rick Pate,59
Morgan,0018 PRICEVILLE EVENT CTR,Lieutenant Governor,,REP,Stewart Hill Tankersley,58
Morgan,0018 PRICEVILLE EVENT CTR,Lieutenant Governor,,REP,Nicole Jones Wadsworth,85
Morgan,0018 PRICEVILLE EVENT CTR,Lieutenant Governor,,REP,John Wahl,675
Morgan,0019 CTR SPGS METHODIST,Lieutenant Governor,,REP,Wes Allen,88
Morgan,0019 CTR SPGS METHODIST,Lieutenant Governor,,REP,Pat Bishop,13
Morgan,0019 CTR SPGS METHODIST,Lieutenant Governor,,REP,George Childress,12
Morgan,0019 CTR SPGS METHODIST,Lieutenant Governor,,REP,Rick Pate,12
Morgan,0019 CTR SPGS METHODIST,Lieutenant Governor,,REP,Stewart Hill Tankersley,15
Morgan,0019 CTR SPGS METHODIST,Lieutenant Governor,,REP,Nicole Jones Wadsworth,12
Morgan,0019 CTR SPGS METHODIST,Lieutenant Governor,,REP,John Wahl,133
Morgan,0020 COTACO VFD,Lieutenant Governor,,REP,Wes Allen,105
Morgan,0020 COTACO VFD,Lieutenant Governor,,REP,Pat Bishop,7
Morgan,0020 COTACO VFD,Lieutenant Governor,,REP,George Childress,9
Morgan,0020 COTACO VFD,Lieutenant Governor,,REP,Rick Pate,21
Morgan,0020 COTACO VFD,Lieutenant Governor,,REP,Stewart Hill Tankersley,12
Morgan,0020 COTACO VFD,Lieutenant Governor,,REP,Nicole Jones Wadsworth,22
Morgan,0020 COTACO VFD,Lieutenant Governor,,REP,John Wahl,186
Morgan,0021 LACEYS SPRING SR CTR,Lieutenant Governor,,REP,Wes Allen,108
Morgan,0021 LACEYS SPRING SR CTR,Lieutenant Governor,,REP,Pat Bishop,12
Morgan,0021 LACEYS SPRING SR CTR,Lieutenant Governor,,REP,George Childress,6
Morgan,0021 LACEYS SPRING SR CTR,Lieutenant Governor,,REP,Rick Pate,10
Morgan,0021 LACEYS SPRING SR CTR,Lieutenant Governor,,REP,Stewart Hill Tankersley,12
Morgan,0021 LACEYS SPRING SR CTR,Lieutenant Governor,,REP,Nicole Jones Wadsworth,26
Morgan,0021 LACEYS SPRING SR CTR,Lieutenant Governor,,REP,John Wahl,174
Morgan,0022 UNION HILL SR CTR,Lieutenant Governor,,REP,Wes Allen,211
Morgan,0022 UNION HILL SR CTR,Lieutenant Governor,,REP,Pat Bishop,20
Morgan,0022 UNION HILL SR CTR,Lieutenant Governor,,REP,George Childress,20
Morgan,0022 UNION HILL SR CTR,Lieutenant Governor,,REP,Rick Pate,32
Morgan,0022 UNION HILL SR CTR,Lieutenant Governor,,REP,Stewart Hill Tankersley,15
Morgan,0022 UNION HILL SR CTR,Lieutenant Governor,,REP,Nicole Jones Wadsworth,37
Morgan,0022 UNION HILL SR CTR,Lieutenant Governor,,REP,John Wahl,272
Morgan,0023 TRI-COUNTY VFD,Lieutenant Governor,,REP,Wes Allen,70
Morgan,0023 TRI-COUNTY VFD,Lieutenant Governor,,REP,Pat Bishop,7
Morgan,0023 TRI-COUNTY VFD,Lieutenant Governor,,REP,George Childress,6
Morgan,0023 TRI-COUNTY VFD,Lieutenant Governor,,REP,Rick Pate,8
Morgan,0023 TRI-COUNTY VFD,Lieutenant Governor,,REP,Stewart Hill Tankersley,5
Morgan,0023 TRI-COUNTY VFD,Lieutenant Governor,,REP,Nicole Jones Wadsworth,17
Morgan,0023 TRI-COUNTY VFD,Lieutenant Governor,,REP,John Wahl,97
Morgan,0024 S.A.V.E.S. VFD,Lieutenant Governor,,REP,Wes Allen,251
Morgan,0024 S.A.V.E.S. VFD,Lieutenant Governor,,REP,Pat Bishop,15
Morgan,0024 S.A.V.E.S. VFD,Lieutenant Governor,,REP,George Childress,14
Morgan,0024 S.A.V.E.S. VFD,Lieutenant Governor,,REP,Rick Pate,31
Morgan,0024 S.A.V.E.S. VFD,Lieutenant Governor,,REP,Stewart Hill Tankersley,30
Morgan,0024 S.A.V.E.S. VFD,Lieutenant Governor,,REP,Nicole Jones Wadsworth,42
Morgan,0024 S.A.V.E.S. VFD,Lieutenant Governor,,REP,John Wahl,300
Morgan,0025 NEW CENTER BAPT CH,Lieutenant Governor,,REP,Wes Allen,132
Morgan,0025 NEW CENTER BAPT CH,Lieutenant Governor,,REP,Pat Bishop,12
Morgan,0025 NEW CENTER BAPT CH,Lieutenant Governor,,REP,George Childress,8
Morgan,0025 NEW CENTER BAPT CH,Lieutenant Governor,,REP,Rick Pate,17
Morgan,0025 NEW CENTER BAPT CH,Lieutenant Governor,,REP,Stewart Hill Tankersley,21
Morgan,0025 NEW CENTER BAPT CH,Lieutenant Governor,,REP,Nicole Jones Wadsworth,14
Morgan,0025 NEW CENTER BAPT CH,Lieutenant Governor,,REP,John Wahl,229
Morgan,0026 SPARKMAN CIVIC CTR,Lieutenant Governor,,REP,Wes Allen,516
Morgan,0026 SPARKMAN CIVIC CTR,Lieutenant Governor,,REP,Pat Bishop,34
Morgan,0026 SPARKMAN CIVIC CTR,Lieutenant Governor,,REP,George Childress,30
Morgan,0026 SPARKMAN CIVIC CTR,Lieutenant Governor,,REP,Rick Pate,79
Morgan,0026 SPARKMAN CIVIC CTR,Lieutenant Governor,,REP,Stewart Hill Tankersley,83
Morgan,0026 SPARKMAN CIVIC CTR,Lieutenant Governor,,REP,Nicole Jones Wadsworth,69
Morgan,0026 SPARKMAN CIVIC CTR,Lieutenant Governor,,REP,John Wahl,671
Morgan,0027 1ST BAPT-HARTSELLE,Lieutenant Governor,,REP,Wes Allen,295
Morgan,0027 1ST BAPT-HARTSELLE,Lieutenant Governor,,REP,Pat Bishop,19
Morgan,0027 1ST BAPT-HARTSELLE,Lieutenant Governor,,REP,George Childress,20
Morgan,0027 1ST BAPT-HARTSELLE,Lieutenant Governor,,REP,Rick Pate,56
Morgan,0027 1ST BAPT-HARTSELLE,Lieutenant Governor,,REP,Stewart Hill Tankersley,48
Morgan,0027 1ST BAPT-HARTSELLE,Lieutenant Governor,,REP,Nicole Jones Wadsworth,49
Morgan,0027 1ST BAPT-HARTSELLE,Lieutenant Governor,,REP,John Wahl,461
Morgan,0028 TRINITY MUN BLDG,Lieutenant Governor,,REP,Wes Allen,168
Morgan,0028 TRINITY MUN BLDG,Lieutenant Governor,,REP,Pat Bishop,10
Morgan,0028 TRINITY MUN BLDG,Lieutenant Governor,,REP,George Childress,13
Morgan,0028 TRINITY MUN BLDG,Lieutenant Governor,,REP,Rick Pate,12
Morgan,0028 TRINITY MUN BLDG,Lieutenant Governor,,REP,Stewart Hill Tankersley,16
Morgan,0028 TRINITY MUN BLDG,Lieutenant Governor,,REP,Nicole Jones Wadsworth,20
Morgan,0028 TRINITY MUN BLDG,Lieutenant Governor,,REP,John Wahl,198
Morgan,0029 W MORGAN WATER AUTH,Lieutenant Governor,,REP,Wes Allen,86
Morgan,0029 W MORGAN WATER AUTH,Lieutenant Governor,,REP,Pat Bishop,4
Morgan,0029 W MORGAN WATER AUTH,Lieutenant Governor,,REP,George Childress,4
Morgan,0029 W MORGAN WATER AUTH,Lieutenant Governor,,REP,Rick Pate,12
Morgan,0029 W MORGAN WATER AUTH,Lieutenant Governor,,REP,Stewart Hill Tankersley,7
Morgan,0029 W MORGAN WATER AUTH,Lieutenant Governor,,REP,Nicole Jones Wadsworth,9
Morgan,0029 W MORGAN WATER AUTH,Lieutenant Governor,,REP,John Wahl,104
Morgan,0030 NEEL VFD,Lieutenant Governor,,REP,Wes Allen,259
Morgan,0030 NEEL VFD,Lieutenant Governor,,REP,Pat Bishop,12
Morgan,0030 NEEL VFD,Lieutenant Governor,,REP,George Childress,18
Morgan,0030 NEEL VFD,Lieutenant Governor,,REP,Rick Pate,35
Morgan,0030 NEEL VFD,Lieutenant Governor,,REP,Stewart Hill Tankersley,25
Morgan,0030 NEEL VFD,Lieutenant Governor,,REP,Nicole Jones Wadsworth,31
Morgan,0030 NEEL VFD,Lieutenant Governor,,REP,John Wahl,269
Morgan,0031 DANVILLE VFD,Lieutenant Governor,,REP,Wes Allen,63
Morgan,0031 DANVILLE VFD,Lieutenant Governor,,REP,Pat Bishop,2
Morgan,0031 DANVILLE VFD,Lieutenant Governor,,REP,George Childress,2
Morgan,0031 DANVILLE VFD,Lieutenant Governor,,REP,Rick Pate,12
Morgan,0031 DANVILLE VFD,Lieutenant Governor,,REP,Stewart Hill Tankersley,6
Morgan,0031 DANVILLE VFD,Lieutenant Governor,,REP,Nicole Jones Wadsworth,6
Morgan,0031 DANVILLE VFD,Lieutenant Governor,,REP,John Wahl,94
Morgan,0032 MASSEY VFD,Lieutenant Governor,,REP,Wes Allen,71
Morgan,0032 MASSEY VFD,Lieutenant Governor,,REP,Pat Bishop,4
Morgan,0032 MASSEY VFD,Lieutenant Governor,,REP,George Childress,6
Morgan,0032 MASSEY VFD,Lieutenant Governor,,REP,Rick Pate,28
Morgan,0032 MASSEY VFD,Lieutenant Governor,,REP,Stewart Hill Tankersley,7
Morgan,0032 MASSEY VFD,Lieutenant Governor,,REP,Nicole Jones Wadsworth,14
Morgan,0032 MASSEY VFD,Lieutenant Governor,,REP,John Wahl,123
Morgan,0033 FALKVILLE MUN BLDG,Lieutenant Governor,,REP,Wes Allen,97
Morgan,0033 FALKVILLE MUN BLDG,Lieutenant Governor,,REP,Pat Bishop,10
Morgan,0033 FALKVILLE MUN BLDG,Lieutenant Governor,,REP,George Childress,13
Morgan,0033 FALKVILLE MUN BLDG,Lieutenant Governor,,REP,Rick Pate,33
Morgan,0033 FALKVILLE MUN BLDG,Lieutenant Governor,,REP,Stewart Hill Tankersley,16
Morgan,0033 FALKVILLE MUN BLDG,Lieutenant Governor,,REP,Nicole Jones Wadsworth,21
Morgan,0033 FALKVILLE MUN BLDG,Lieutenant Governor,,REP,John Wahl,167
Morgan,0034 CO DIST 3 VOTING,Lieutenant Governor,,REP,Wes Allen,127
Morgan,0034 CO DIST 3 VOTING,Lieutenant Governor,,REP,Pat Bishop,17
Morgan,0034 CO DIST 3 VOTING,Lieutenant Governor,,REP,George Childress,16
Morgan,0034 CO DIST 3 VOTING,Lieutenant Governor,,REP,Rick Pate,20
Morgan,0034 CO DIST 3 VOTING,Lieutenant Governor,,REP,Stewart Hill Tankersley,16
Morgan,0034 CO DIST 3 VOTING,Lieutenant Governor,,REP,Nicole Jones Wadsworth,22
Morgan,0034 CO DIST 3 VOTING,Lieutenant Governor,,REP,John Wahl,177
Morgan,0035 ODEN RIDGE VFD,Lieutenant Governor,,REP,Wes Allen,66
Morgan,0035 ODEN RIDGE VFD,Lieutenant Governor,,REP,Pat Bishop,5
Morgan,0035 ODEN RIDGE VFD,Lieutenant Governor,,REP,George Childress,7
Morgan,0035 ODEN RIDGE VFD,Lieutenant Governor,,REP,Rick Pate,7
Morgan,0035 ODEN RIDGE VFD,Lieutenant Governor,,REP,Stewart Hill Tankersley,10
Morgan,0035 ODEN RIDGE VFD,Lieutenant Governor,,REP,Nicole Jones Wadsworth,7
Morgan,0035 ODEN RIDGE VFD,Lieutenant Governor,,REP,John Wahl,112
Morgan,0036 GRACE POINT BAPT CH,Lieutenant Governor,,REP,Wes Allen,54
Morgan,0036 GRACE POINT BAPT CH,Lieutenant Governor,,REP,Pat Bishop,0
Morgan,0036 GRACE POINT BAPT CH,Lieutenant Governor,,REP,George Childress,6
Morgan,0036 GRACE POINT BAPT CH,Lieutenant Governor,,REP,Rick Pate,10
Morgan,0036 GRACE POINT BAPT CH,Lieutenant Governor,,REP,Stewart Hill Tankersley,7
Morgan,0036 GRACE POINT BAPT CH,Lieutenant Governor,,REP,Nicole Jones Wadsworth,7
Morgan,0036 GRACE POINT BAPT CH,Lieutenant Governor,,REP,John Wahl,87
Morgan,0037 EVA TOWN HALL,Lieutenant Governor,,REP,Wes Allen,137
Morgan,0037 EVA TOWN HALL,Lieutenant Governor,,REP,Pat Bishop,24
Morgan,0037 EVA TOWN HALL,Lieutenant Governor,,REP,George Childress,13
Morgan,0037 EVA TOWN HALL,Lieutenant Governor,,REP,Rick Pate,24
Morgan,0037 EVA TOWN HALL,Lieutenant Governor,,REP,Stewart Hill Tankersley,9
Morgan,0037 EVA TOWN HALL,Lieutenant Governor,,REP,Nicole Jones Wadsworth,29
Morgan,0037 EVA TOWN HALL,Lieutenant Governor,,REP,John Wahl,186
Morgan,0038 GUM POND VFD,Lieutenant Governor,,REP,Wes Allen,56
Morgan,0038 GUM POND VFD,Lieutenant Governor,,REP,Pat Bishop,6
Morgan,0038 GUM POND VFD,Lieutenant Governor,,REP,George Childress,11
Morgan,0038 GUM POND VFD,Lieutenant Governor,,REP,Rick Pate,9
Morgan,0038 GUM POND VFD,Lieutenant Governor,,REP,Stewart Hill Tankersley,1
Morgan,0038 GUM POND VFD,Lieutenant Governor,,REP,Nicole Jones Wadsworth,6
Morgan,0038 GUM POND VFD,Lieutenant Governor,,REP,John Wahl,33
Morgan,0039 LEBANON BAPT CH,Lieutenant Governor,,REP,Wes Allen,65
Morgan,0039 LEBANON BAPT CH,Lieutenant Governor,,REP,Pat Bishop,5
Morgan,0039 LEBANON BAPT CH,Lieutenant Governor,,REP,George Childress,2
Morgan,0039 LEBANON BAPT CH,Lieutenant Governor,,REP,Rick Pate,25
Morgan,0039 LEBANON BAPT CH,Lieutenant Governor,,REP,Stewart Hill Tankersley,8
Morgan,0039 LEBANON BAPT CH,Lieutenant Governor,,REP,Nicole Jones Wadsworth,6
Morgan,0039 LEBANON BAPT CH,Lieutenant Governor,,REP,John Wahl,103
Morgan,0040 ABSENTEE,Lieutenant Governor,,REP,Wes Allen,80
Morgan,0040 ABSENTEE,Lieutenant Governor,,REP,Pat Bishop,10
Morgan,0040 ABSENTEE,Lieutenant Governor,,REP,George Childress,1
Morgan,0040 ABSENTEE,Lieutenant Governor,,REP,Rick Pate,20
Morgan,0040 ABSENTEE,Lieutenant Governor,,REP,Stewart Hill Tankersley,10
Morgan,0040 ABSENTEE,Lieutenant Governor,,REP,Nicole Jones Wadsworth,6
Morgan,0040 ABSENTEE,Lieutenant Governor,,REP,John Wahl,68
Morgan,0041 PROVISIONAL,Lieutenant Governor,,REP,Wes Allen,7
Morgan,0041 PROVISIONAL,Lieutenant Governor,,REP,Pat Bishop,0
Morgan,0041 PROVISIONAL,Lieutenant Governor,,REP,George Childress,0
Morgan,0041 PROVISIONAL,Lieutenant Governor,,REP,Rick Pate,0
Morgan,0041 PROVISIONAL,Lieutenant Governor,,REP,Stewart Hill Tankersley,2
Morgan,0041 PROVISIONAL,Lieutenant Governor,,REP,Nicole Jones Wadsworth,1
Morgan,0041 PROVISIONAL,Lieutenant Governor,,REP,John Wahl,11
Morgan,0001 MACEDONIA C P CH,United States Senator,,REP,Seth Burton,0
Morgan,0001 MACEDONIA C P CH,United States Senator,,REP,Dale Shelton Deas Jr.,0
Morgan,0001 MACEDONIA C P CH,United States Senator,,REP,Jared Hudson,1
Morgan,0001 MACEDONIA C P CH,United States Senator,,REP,Steve Marshall,6
Morgan,0001 MACEDONIA C P CH,United States Senator,,REP,Barry Moore,10
Morgan,0001 MACEDONIA C P CH,United States Senator,,REP,Morgan Murphy,1
Morgan,0001 MACEDONIA C P CH,United States Senator,,REP,Rodney Walker,1
Morgan,0002 DECATUR FIRE-POL TRA,United States Senator,,REP,Seth Burton,4
Morgan,0002 DECATUR FIRE-POL TRA,United States Senator,,REP,Dale Shelton Deas Jr.,3
Morgan,0002 DECATUR FIRE-POL TRA,United States Senator,,REP,Jared Hudson,32
Morgan,0002 DECATUR FIRE-POL TRA,United States Senator,,REP,Steve Marshall,20
Morgan,0002 DECATUR FIRE-POL TRA,United States Senator,,REP,Barry Moore,53
Morgan,0002 DECATUR FIRE-POL TRA,United States Senator,,REP,Morgan Murphy,1
Morgan,0002 DECATUR FIRE-POL TRA,United States Senator,,REP,Rodney Walker,4
Morgan,0003 MORGAN CO COURTHOUSE,United States Senator,,REP,Seth Burton,4
Morgan,0003 MORGAN CO COURTHOUSE,United States Senator,,REP,Dale Shelton Deas Jr.,2
Morgan,0003 MORGAN CO COURTHOUSE,United States Senator,,REP,Jared Hudson,29
Morgan,0003 MORGAN CO COURTHOUSE,United States Senator,,REP,Steve Marshall,36
Morgan,0003 MORGAN CO COURTHOUSE,United States Senator,,REP,Barry Moore,43
Morgan,0003 MORGAN CO COURTHOUSE,United States Senator,,REP,Morgan Murphy,3
Morgan,0003 MORGAN CO COURTHOUSE,United States Senator,,REP,Rodney Walker,3
Morgan,0004 AQUADOME REC CTR,United States Senator,,REP,Seth Burton,4
Morgan,0004 AQUADOME REC CTR,United States Senator,,REP,Dale Shelton Deas Jr.,5
Morgan,0004 AQUADOME REC CTR,United States Senator,,REP,Jared Hudson,27
Morgan,0004 AQUADOME REC CTR,United States Senator,,REP,Steve Marshall,33
Morgan,0004 AQUADOME REC CTR,United States Senator,,REP,Barry Moore,51
Morgan,0004 AQUADOME REC CTR,United States Senator,,REP,Morgan Murphy,2
Morgan,0004 AQUADOME REC CTR,United States Senator,,REP,Rodney Walker,5
Morgan,0005 FORT DECATUR REC CTR,United States Senator,,REP,Seth Burton,18
Morgan,0005 FORT DECATUR REC CTR,United States Senator,,REP,Dale Shelton Deas Jr.,10
Morgan,0005 FORT DECATUR REC CTR,United States Senator,,REP,Jared Hudson,68
Morgan,0005 FORT DECATUR REC CTR,United States Senator,,REP,Steve Marshall,85
Morgan,0005 FORT DECATUR REC CTR,United States Senator,,REP,Barry Moore,124
Morgan,0005 FORT DECATUR REC CTR,United States Senator,,REP,Morgan Murphy,5
Morgan,0005 FORT DECATUR REC CTR,United States Senator,,REP,Rodney Walker,14
Morgan,0006 WESTMEADE BAPT CH,United States Senator,,REP,Seth Burton,6
Morgan,0006 WESTMEADE BAPT CH,United States Senator,,REP,Dale Shelton Deas Jr.,5
Morgan,0006 WESTMEADE BAPT CH,United States Senator,,REP,Jared Hudson,16
Morgan,0006 WESTMEADE BAPT CH,United States Senator,,REP,Steve Marshall,37
Morgan,0006 WESTMEADE BAPT CH,United States Senator,,REP,Barry Moore,34
Morgan,0006 WESTMEADE BAPT CH,United States Senator,,REP,Morgan Murphy,2
Morgan,0006 WESTMEADE BAPT CH,United States Senator,,REP,Rodney Walker,6
Morgan,0007 DECATUR UTILITIES,United States Senator,,REP,Seth Burton,5
Morgan,0007 DECATUR UTILITIES,United States Senator,,REP,Dale Shelton Deas Jr.,1
Morgan,0007 DECATUR UTILITIES,United States Senator,,REP,Jared Hudson,34
Morgan,0007 DECATUR UTILITIES,United States Senator,,REP,Steve Marshall,17
Morgan,0007 DECATUR UTILITIES,United States Senator,,REP,Barry Moore,31
Morgan,0007 DECATUR UTILITIES,United States Senator,,REP,Morgan Murphy,0
Morgan,0007 DECATUR UTILITIES,United States Senator,,REP,Rodney Walker,1
Morgan,0008 1ST BAPT AUSTINVILLE,United States Senator,,REP,Seth Burton,16
Morgan,0008 1ST BAPT AUSTINVILLE,United States Senator,,REP,Dale Shelton Deas Jr.,3
Morgan,0008 1ST BAPT AUSTINVILLE,United States Senator,,REP,Jared Hudson,91
Morgan,0008 1ST BAPT AUSTINVILLE,United States Senator,,REP,Steve Marshall,108
Morgan,0008 1ST BAPT AUSTINVILLE,United States Senator,,REP,Barry Moore,146
Morgan,0008 1ST BAPT AUSTINVILLE,United States Senator,,REP,Morgan Murphy,3
Morgan,0008 1ST BAPT AUSTINVILLE,United States Senator,,REP,Rodney Walker,6
Morgan,0009 AMER LG BLDG POST 15,United States Senator,,REP,Seth Burton,5
Morgan,0009 AMER LG BLDG POST 15,United States Senator,,REP,Dale Shelton Deas Jr.,5
Morgan,0009 AMER LG BLDG POST 15,United States Senator,,REP,Jared Hudson,33
Morgan,0009 AMER LG BLDG POST 15,United States Senator,,REP,Steve Marshall,35
Morgan,0009 AMER LG BLDG POST 15,United States Senator,,REP,Barry Moore,51
Morgan,0009 AMER LG BLDG POST 15,United States Senator,,REP,Morgan Murphy,3
Morgan,0009 AMER LG BLDG POST 15,United States Senator,,REP,Rodney Walker,2
Morgan,0010 DECATUR BAPT CH,United States Senator,,REP,Seth Burton,16
Morgan,0010 DECATUR BAPT CH,United States Senator,,REP,Dale Shelton Deas Jr.,15
Morgan,0010 DECATUR BAPT CH,United States Senator,,REP,Jared Hudson,171
Morgan,0010 DECATUR BAPT CH,United States Senator,,REP,Steve Marshall,181
Morgan,0010 DECATUR BAPT CH,United States Senator,,REP,Barry Moore,287
Morgan,0010 DECATUR BAPT CH,United States Senator,,REP,Morgan Murphy,8
Morgan,0010 DECATUR BAPT CH,United States Senator,,REP,Rodney Walker,15
Morgan,0011 ST JAMES PRESBY CH,United States Senator,,REP,Seth Burton,1
Morgan,0011 ST JAMES PRESBY CH,United States Senator,,REP,Dale Shelton Deas Jr.,2
Morgan,0011 ST JAMES PRESBY CH,United States Senator,,REP,Jared Hudson,1
Morgan,0011 ST JAMES PRESBY CH,United States Senator,,REP,Steve Marshall,7
Morgan,0011 ST JAMES PRESBY CH,United States Senator,,REP,Barry Moore,4
Morgan,0011 ST JAMES PRESBY CH,United States Senator,,REP,Morgan Murphy,0
Morgan,0011 ST JAMES PRESBY CH,United States Senator,,REP,Rodney Walker,1
Morgan,0012 TURNER SURLES CC,United States Senator,,REP,Seth Burton,0
Morgan,0012 TURNER SURLES CC,United States Senator,,REP,Dale Shelton Deas Jr.,0
Morgan,0012 TURNER SURLES CC,United States Senator,,REP,Jared Hudson,0
Morgan,0012 TURNER SURLES CC,United States Senator,,REP,Steve Marshall,0
Morgan,0012 TURNER SURLES CC,United States Senator,,REP,Barry Moore,2
Morgan,0012 TURNER SURLES CC,United States Senator,,REP,Morgan Murphy,0
Morgan,0012 TURNER SURLES CC,United States Senator,,REP,Rodney Walker,0
Morgan,0013 DECATUR CH OF CHRIST,United States Senator,,REP,Seth Burton,31
Morgan,0013 DECATUR CH OF CHRIST,United States Senator,,REP,Dale Shelton Deas Jr.,13
Morgan,0013 DECATUR CH OF CHRIST,United States Senator,,REP,Jared Hudson,196
Morgan,0013 DECATUR CH OF CHRIST,United States Senator,,REP,Steve Marshall,200
Morgan,0013 DECATUR CH OF CHRIST,United States Senator,,REP,Barry Moore,321
Morgan,0013 DECATUR CH OF CHRIST,United States Senator,,REP,Morgan Murphy,9
Morgan,0013 DECATUR CH OF CHRIST,United States Senator,,REP,Rodney Walker,10
Morgan,0014 FIRST BIBLE CH,United States Senator,,REP,Seth Burton,18
Morgan,0014 FIRST BIBLE CH,United States Senator,,REP,Dale Shelton Deas Jr.,9
Morgan,0014 FIRST BIBLE CH,United States Senator,,REP,Jared Hudson,111
Morgan,0014 FIRST BIBLE CH,United States Senator,,REP,Steve Marshall,114
Morgan,0014 FIRST BIBLE CH,United States Senator,,REP,Barry Moore,196
Morgan,0014 FIRST BIBLE CH,United States Senator,,REP,Morgan Murphy,9
Morgan,0014 FIRST BIBLE CH,United States Senator,,REP,Rodney Walker,12
Morgan,0015 BURNINGTREE CO CLUB,United States Senator,,REP,Seth Burton,19
Morgan,0015 BURNINGTREE CO CLUB,United States Senator,,REP,Dale Shelton Deas Jr.,17
Morgan,0015 BURNINGTREE CO CLUB,United States Senator,,REP,Jared Hudson,157
Morgan,0015 BURNINGTREE CO CLUB,United States Senator,,REP,Steve Marshall,130
Morgan,0015 BURNINGTREE CO CLUB,United States Senator,,REP,Barry Moore,190
Morgan,0015 BURNINGTREE CO CLUB,United States Senator,,REP,Morgan Murphy,7
Morgan,0015 BURNINGTREE CO CLUB,United States Senator,,REP,Rodney Walker,15
Morgan,0016 BCOMING CH,United States Senator,,REP,Seth Burton,17
Morgan,0016 BCOMING CH,United States Senator,,REP,Dale Shelton Deas Jr.,10
Morgan,0016 BCOMING CH,United States Senator,,REP,Jared Hudson,131
Morgan,0016 BCOMING CH,United States Senator,,REP,Steve Marshall,132
Morgan,0016 BCOMING CH,United States Senator,,REP,Barry Moore,114
Morgan,0016 BCOMING CH,United States Senator,,REP,Morgan Murphy,5
Morgan,0016 BCOMING CH,United States Senator,,REP,Rodney Walker,8
Morgan,0017 POINT MALLARD GRILL,United States Senator,,REP,Seth Burton,7
Morgan,0017 POINT MALLARD GRILL,United States Senator,,REP,Dale Shelton Deas Jr.,4
Morgan,0017 POINT MALLARD GRILL,United States Senator,,REP,Jared Hudson,125
Morgan,0017 POINT MALLARD GRILL,United States Senator,,REP,Steve Marshall,171
Morgan,0017 POINT MALLARD GRILL,United States Senator,,REP,Barry Moore,128
Morgan,0017 POINT MALLARD GRILL,United States Senator,,REP,Morgan Murphy,6
Morgan,0017 POINT MALLARD GRILL,United States Senator,,REP,Rodney Walker,12
Morgan,0018 PRICEVILLE EVENT CTR,United States Senator,,REP,Seth Burton,45
Morgan,0018 PRICEVILLE EVENT CTR,United States Senator,,REP,Dale Shelton Deas Jr.,39
Morgan,0018 PRICEVILLE EVENT CTR,United States Senator,,REP,Jared Hudson,384
Morgan,0018 PRICEVILLE EVENT CTR,United States Senator,,REP,Steve Marshall,337
Morgan,0018 PRICEVILLE EVENT CTR,United States Senator,,REP,Barry Moore,601
Morgan,0018 PRICEVILLE EVENT CTR,United States Senator,,REP,Morgan Murphy,24
Morgan,0018 PRICEVILLE EVENT CTR,United States Senator,,REP,Rodney Walker,49
Morgan,0019 CTR SPGS METHODIST,United States Senator,,REP,Seth Burton,8
Morgan,0019 CTR SPGS METHODIST,United States Senator,,REP,Dale Shelton Deas Jr.,5
Morgan,0019 CTR SPGS METHODIST,United States Senator,,REP,Jared Hudson,78
Morgan,0019 CTR SPGS METHODIST,United States Senator,,REP,Steve Marshall,60
Morgan,0019 CTR SPGS METHODIST,United States Senator,,REP,Barry Moore,111
Morgan,0019 CTR SPGS METHODIST,United States Senator,,REP,Morgan Murphy,6
Morgan,0019 CTR SPGS METHODIST,United States Senator,,REP,Rodney Walker,17
Morgan,0020 COTACO VFD,United States Senator,,REP,Seth Burton,10
Morgan,0020 COTACO VFD,United States Senator,,REP,Dale Shelton Deas Jr.,13
Morgan,0020 COTACO VFD,United States Senator,,REP,Jared Hudson,79
Morgan,0020 COTACO VFD,United States Senator,,REP,Steve Marshall,105
Morgan,0020 COTACO VFD,United States Senator,,REP,Barry Moore,134
Morgan,0020 COTACO VFD,United States Senator,,REP,Morgan Murphy,12
Morgan,0020 COTACO VFD,United States Senator,,REP,Rodney Walker,20
Morgan,0021 LACEYS SPRING SR CTR,United States Senator,,REP,Seth Burton,12
Morgan,0021 LACEYS SPRING SR CTR,United States Senator,,REP,Dale Shelton Deas Jr.,7
Morgan,0021 LACEYS SPRING SR CTR,United States Senator,,REP,Jared Hudson,76
Morgan,0021 LACEYS SPRING SR CTR,United States Senator,,REP,Steve Marshall,100
Morgan,0021 LACEYS SPRING SR CTR,United States Senator,,REP,Barry Moore,129
Morgan,0021 LACEYS SPRING SR CTR,United States Senator,,REP,Morgan Murphy,15
Morgan,0021 LACEYS SPRING SR CTR,United States Senator,,REP,Rodney Walker,11
Morgan,0022 UNION HILL SR CTR,United States Senator,,REP,Seth Burton,30
Morgan,0022 UNION HILL SR CTR,United States Senator,,REP,Dale Shelton Deas Jr.,15
Morgan,0022 UNION HILL SR CTR,United States Senator,,REP,Jared Hudson,136
Morgan,0022 UNION HILL SR CTR,United States Senator,,REP,Steve Marshall,194
Morgan,0022 UNION HILL SR CTR,United States Senator,,REP,Barry Moore,224
Morgan,0022 UNION HILL SR CTR,United States Senator,,REP,Morgan Murphy,12
Morgan,0022 UNION HILL SR CTR,United States Senator,,REP,Rodney Walker,15
Morgan,0023 TRI-COUNTY VFD,United States Senator,,REP,Seth Burton,4
Morgan,0023 TRI-COUNTY VFD,United States Senator,,REP,Dale Shelton Deas Jr.,2
Morgan,0023 TRI-COUNTY VFD,United States Senator,,REP,Jared Hudson,57
Morgan,0023 TRI-COUNTY VFD,United States Senator,,REP,Steve Marshall,78
Morgan,0023 TRI-COUNTY VFD,United States Senator,,REP,Barry Moore,61
Morgan,0023 TRI-COUNTY VFD,United States Senator,,REP,Morgan Murphy,2
Morgan,0023 TRI-COUNTY VFD,United States Senator,,REP,Rodney Walker,12
Morgan,0024 S.A.V.E.S. VFD,United States Senator,,REP,Seth Burton,20
Morgan,0024 S.A.V.E.S. VFD,United States Senator,,REP,Dale Shelton Deas Jr.,21
Morgan,0024 S.A.V.E.S. VFD,United States Senator,,REP,Jared Hudson,195
Morgan,0024 S.A.V.E.S. VFD,United States Senator,,REP,Steve Marshall,173
Morgan,0024 S.A.V.E.S. VFD,United States Senator,,REP,Barry Moore,232
Morgan,0024 S.A.V.E.S. VFD,United States Senator,,REP,Morgan Murphy,22
Morgan,0024 S.A.V.E.S. VFD,United States Senator,,REP,Rodney Walker,22
Morgan,0025 NEW CENTER BAPT CH,United States Senator,,REP,Seth Burton,7
Morgan,0025 NEW CENTER BAPT CH,United States Senator,,REP,Dale Shelton Deas Jr.,9
Morgan,0025 NEW CENTER BAPT CH,United States Senator,,REP,Jared Hudson,128
Morgan,0025 NEW CENTER BAPT CH,United States Senator,,REP,Steve Marshall,109
Morgan,0025 NEW CENTER BAPT CH,United States Senator,,REP,Barry Moore,164
Morgan,0025 NEW CENTER BAPT CH,United States Senator,,REP,Morgan Murphy,6
Morgan,0025 NEW CENTER BAPT CH,United States Senator,,REP,Rodney Walker,20
Morgan,0026 SPARKMAN CIVIC CTR,United States Senator,,REP,Seth Burton,39
Morgan,0026 SPARKMAN CIVIC CTR,United States Senator,,REP,Dale Shelton Deas Jr.,30
Morgan,0026 SPARKMAN CIVIC CTR,United States Senator,,REP,Jared Hudson,411
Morgan,0026 SPARKMAN CIVIC CTR,United States Senator,,REP,Steve Marshall,348
Morgan,0026 SPARKMAN CIVIC CTR,United States Senator,,REP,Barry Moore,622
Morgan,0026 SPARKMAN CIVIC CTR,United States Senator,,REP,Morgan Murphy,22
Morgan,0026 SPARKMAN CIVIC CTR,United States Senator,,REP,Rodney Walker,45
Morgan,0027 1ST BAPT-HARTSELLE,United States Senator,,REP,Seth Burton,22
Morgan,0027 1ST BAPT-HARTSELLE,United States Senator,,REP,Dale Shelton Deas Jr.,13
Morgan,0027 1ST BAPT-HARTSELLE,United States Senator,,REP,Jared Hudson,242
Morgan,0027 1ST BAPT-HARTSELLE,United States Senator,,REP,Steve Marshall,222
Morgan,0027 1ST BAPT-HARTSELLE,United States Senator,,REP,Barry Moore,417
Morgan,0027 1ST BAPT-HARTSELLE,United States Senator,,REP,Morgan Murphy,18
Morgan,0027 1ST BAPT-HARTSELLE,United States Senator,,REP,Rodney Walker,30
Morgan,0028 TRINITY MUN BLDG,United States Senator,,REP,Seth Burton,15
Morgan,0028 TRINITY MUN BLDG,United States Senator,,REP,Dale Shelton Deas Jr.,9
Morgan,0028 TRINITY MUN BLDG,United States Senator,,REP,Jared Hudson,131
Morgan,0028 TRINITY MUN BLDG,United States Senator,,REP,Steve Marshall,107
Morgan,0028 TRINITY MUN BLDG,United States Senator,,REP,Barry Moore,168
Morgan,0028 TRINITY MUN BLDG,United States Senator,,REP,Morgan Murphy,7
Morgan,0028 TRINITY MUN BLDG,United States Senator,,REP,Rodney Walker,15
Morgan,0029 W MORGAN WATER AUTH,United States Senator,,REP,Seth Burton,5
Morgan,0029 W MORGAN WATER AUTH,United States Senator,,REP,Dale Shelton Deas Jr.,3
Morgan,0029 W MORGAN WATER AUTH,United States Senator,,REP,Jared Hudson,54
Morgan,0029 W MORGAN WATER AUTH,United States Senator,,REP,Steve Marshall,61
Morgan,0029 W MORGAN WATER AUTH,United States Senator,,REP,Barry Moore,86
Morgan,0029 W MORGAN WATER AUTH,United States Senator,,REP,Morgan Murphy,3
Morgan,0029 W MORGAN WATER AUTH,United States Senator,,REP,Rodney Walker,9
Morgan,0030 NEEL VFD,United States Senator,,REP,Seth Burton,27
Morgan,0030 NEEL VFD,United States Senator,,REP,Dale Shelton Deas Jr.,8
Morgan,0030 NEEL VFD,United States Senator,,REP,Jared Hudson,156
Morgan,0030 NEEL VFD,United States Senator,,REP,Steve Marshall,182
Morgan,0030 NEEL VFD,United States Senator,,REP,Barry Moore,246
Morgan,0030 NEEL VFD,United States Senator,,REP,Morgan Murphy,8
Morgan,0030 NEEL VFD,United States Senator,,REP,Rodney Walker,30
Morgan,0031 DANVILLE VFD,United States Senator,,REP,Seth Burton,2
Morgan,0031 DANVILLE VFD,United States Senator,,REP,Dale Shelton Deas Jr.,3
Morgan,0031 DANVILLE VFD,United States Senator,,REP,Jared Hudson,63
Morgan,0031 DANVILLE VFD,United States Senator,,REP,Steve Marshall,49
Morgan,0031 DANVILLE VFD,United States Senator,,REP,Barry Moore,76
Morgan,0031 DANVILLE VFD,United States Senator,,REP,Morgan Murphy,2
Morgan,0031 DANVILLE VFD,United States Senator,,REP,Rodney Walker,2
Morgan,0032 MASSEY VFD,United States Senator,,REP,Seth Burton,5
Morgan,0032 MASSEY VFD,United States Senator,,REP,Dale Shelton Deas Jr.,8
Morgan,0032 MASSEY VFD,United States Senator,,REP,Jared Hudson,81
Morgan,0032 MASSEY VFD,United States Senator,,REP,Steve Marshall,54
Morgan,0032 MASSEY VFD,United States Senator,,REP,Barry Moore,95
Morgan,0032 MASSEY VFD,United States Senator,,REP,Morgan Murphy,3
Morgan,0032 MASSEY VFD,United States Senator,,REP,Rodney Walker,13
Morgan,0033 FALKVILLE MUN BLDG,United States Senator,,REP,Seth Burton,11
Morgan,0033 FALKVILLE MUN BLDG,United States Senator,,REP,Dale Shelton Deas Jr.,8
Morgan,0033 FALKVILLE MUN BLDG,United States Senator,,REP,Jared Hudson,99
Morgan,0033 FALKVILLE MUN BLDG,United States Senator,,REP,Steve Marshall,72
Morgan,0033 FALKVILLE MUN BLDG,United States Senator,,REP,Barry Moore,160
Morgan,0033 FALKVILLE MUN BLDG,United States Senator,,REP,Morgan Murphy,2
Morgan,0033 FALKVILLE MUN BLDG,United States Senator,,REP,Rodney Walker,12
Morgan,0034 CO DIST 3 VOTING,United States Senator,,REP,Seth Burton,10
Morgan,0034 CO DIST 3 VOTING,United States Senator,,REP,Dale Shelton Deas Jr.,5
Morgan,0034 CO DIST 3 VOTING,United States Senator,,REP,Jared Hudson,107
Morgan,0034 CO DIST 3 VOTING,United States Senator,,REP,Steve Marshall,90
Morgan,0034 CO DIST 3 VOTING,United States Senator,,REP,Barry Moore,154
Morgan,0034 CO DIST 3 VOTING,United States Senator,,REP,Morgan Murphy,10
Morgan,0034 CO DIST 3 VOTING,United States Senator,,REP,Rodney Walker,19
Morgan,0035 ODEN RIDGE VFD,United States Senator,,REP,Seth Burton,7
Morgan,0035 ODEN RIDGE VFD,United States Senator,,REP,Dale Shelton Deas Jr.,3
Morgan,0035 ODEN RIDGE VFD,United States Senator,,REP,Jared Hudson,63
Morgan,0035 ODEN RIDGE VFD,United States Senator,,REP,Steve Marshall,41
Morgan,0035 ODEN RIDGE VFD,United States Senator,,REP,Barry Moore,82
Morgan,0035 ODEN RIDGE VFD,United States Senator,,REP,Morgan Murphy,6
Morgan,0035 ODEN RIDGE VFD,United States Senator,,REP,Rodney Walker,12
Morgan,0036 GRACE POINT BAPT CH,United States Senator,,REP,Seth Burton,6
Morgan,0036 GRACE POINT BAPT CH,United States Senator,,REP,Dale Shelton Deas Jr.,3
Morgan,0036 GRACE POINT BAPT CH,United States Senator,,REP,Jared Hudson,48
Morgan,0036 GRACE POINT BAPT CH,United States Senator,,REP,Steve Marshall,33
Morgan,0036 GRACE POINT BAPT CH,United States Senator,,REP,Barry Moore,76
Morgan,0036 GRACE POINT BAPT CH,United States Senator,,REP,Morgan Murphy,3
Morgan,0036 GRACE POINT BAPT CH,United States Senator,,REP,Rodney Walker,11
Morgan,0037 EVA TOWN HALL,United States Senator,,REP,Seth Burton,7
Morgan,0037 EVA TOWN HALL,United States Senator,,REP,Dale Shelton Deas Jr.,4
Morgan,0037 EVA TOWN HALL,United States Senator,,REP,Jared Hudson,159
Morgan,0037 EVA TOWN HALL,United States Senator,,REP,Steve Marshall,103
Morgan,0037 EVA TOWN HALL,United States Senator,,REP,Barry Moore,138
Morgan,0037 EVA TOWN HALL,United States Senator,,REP,Morgan Murphy,9
Morgan,0037 EVA TOWN HALL,United States Senator,,REP,Rodney Walker,22
Morgan,0038 GUM POND VFD,United States Senator,,REP,Seth Burton,6
Morgan,0038 GUM POND VFD,United States Senator,,REP,Dale Shelton Deas Jr.,1
Morgan,0038 GUM POND VFD,United States Senator,,REP,Jared Hudson,35
Morgan,0038 GUM POND VFD,United States Senator,,REP,Steve Marshall,32
Morgan,0038 GUM POND VFD,United States Senator,,REP,Barry Moore,44
Morgan,0038 GUM POND VFD,United States Senator,,REP,Morgan Murphy,0
Morgan,0038 GUM POND VFD,United States Senator,,REP,Rodney Walker,8
Morgan,0039 LEBANON BAPT CH,United States Senator,,REP,Seth Burton,2
Morgan,0039 LEBANON BAPT CH,United States Senator,,REP,Dale Shelton Deas Jr.,5
Morgan,0039 LEBANON BAPT CH,United States Senator,,REP,Jared Hudson,61
Morgan,0039 LEBANON BAPT CH,United States Senator,,REP,Steve Marshall,47
Morgan,0039 LEBANON BAPT CH,United States Senator,,REP,Barry Moore,92
Morgan,0039 LEBANON BAPT CH,United States Senator,,REP,Morgan Murphy,1
Morgan,0039 LEBANON BAPT CH,United States Senator,,REP,Rodney Walker,6
Morgan,0040 ABSENTEE,United States Senator,,REP,Seth Burton,8
Morgan,0040 ABSENTEE,United States Senator,,REP,Dale Shelton Deas Jr.,3
Morgan,0040 ABSENTEE,United States Senator,,REP,Jared Hudson,40
Morgan,0040 ABSENTEE,United States Senator,,REP,Steve Marshall,54
Morgan,0040 ABSENTEE,United States Senator,,REP,Barry Moore,79
Morgan,0040 ABSENTEE,United States Senator,,REP,Morgan Murphy,3
Morgan,0040 ABSENTEE,United States Senator,,REP,Rodney Walker,4
Morgan,0041 PROVISIONAL,United States Senator,,REP,Seth Burton,1
Morgan,0041 PROVISIONAL,United States Senator,,REP,Dale Shelton Deas Jr.,0
Morgan,0041 PROVISIONAL,United States Senator,,REP,Jared Hudson,6
Morgan,0041 PROVISIONAL,United States Senator,,REP,Steve Marshall,4
Morgan,0041 PROVISIONAL,United States Senator,,REP,Barry Moore,9
Morgan,0041 PROVISIONAL,United States Senator,,REP,Morgan Murphy,0
Morgan,0041 PROVISIONAL,United States Senator,,REP,Rodney Walker,2
Morgan,0001 MACEDONIA C P CH,Attorney General,,REP,Pamela L. Casey,3
Morgan,0001 MACEDONIA C P CH,Attorney General,,REP,Jay Mitchell,13
Morgan,0001 MACEDONIA C P CH,Attorney General,,REP,Katherine Robertson,2
Morgan,0002 DECATUR FIRE-POL TRA,Attorney General,,REP,Pamela L. Casey,22
Morgan,0002 DECATUR FIRE-POL TRA,Attorney General,,REP,Jay Mitchell,47
Morgan,0002 DECATUR FIRE-POL TRA,Attorney General,,REP,Katherine Robertson,44
Morgan,0003 MORGAN CO COURTHOUSE,Attorney General,,REP,Pamela L. Casey,36
Morgan,0003 MORGAN CO COURTHOUSE,Attorney General,,REP,Jay Mitchell,28
Morgan,0003 MORGAN CO COURTHOUSE,Attorney General,,REP,Katherine Robertson,56
Morgan,0004 AQUADOME REC CTR,Attorney General,,REP,Pamela L. Casey,25
Morgan,0004 AQUADOME REC CTR,Attorney General,,REP,Jay Mitchell,53
Morgan,0004 AQUADOME REC CTR,Attorney General,,REP,Katherine Robertson,50
Morgan,0005 FORT DECATUR REC CTR,Attorney General,,REP,Pamela L. Casey,70
Morgan,0005 FORT DECATUR REC CTR,Attorney General,,REP,Jay Mitchell,99
Morgan,0005 FORT DECATUR REC CTR,Attorney General,,REP,Katherine Robertson,150
Morgan,0006 WESTMEADE BAPT CH,Attorney General,,REP,Pamela L. Casey,24
Morgan,0006 WESTMEADE BAPT CH,Attorney General,,REP,Jay Mitchell,37
Morgan,0006 WESTMEADE BAPT CH,Attorney General,,REP,Katherine Robertson,43
Morgan,0007 DECATUR UTILITIES,Attorney General,,REP,Pamela L. Casey,19
Morgan,0007 DECATUR UTILITIES,Attorney General,,REP,Jay Mitchell,34
Morgan,0007 DECATUR UTILITIES,Attorney General,,REP,Katherine Robertson,35
Morgan,0008 1ST BAPT AUSTINVILLE,Attorney General,,REP,Pamela L. Casey,105
Morgan,0008 1ST BAPT AUSTINVILLE,Attorney General,,REP,Jay Mitchell,111
Morgan,0008 1ST BAPT AUSTINVILLE,Attorney General,,REP,Katherine Robertson,144
Morgan,0009 AMER LG BLDG POST 15,Attorney General,,REP,Pamela L. Casey,29
Morgan,0009 AMER LG BLDG POST 15,Attorney General,,REP,Jay Mitchell,42
Morgan,0009 AMER LG BLDG POST 15,Attorney General,,REP,Katherine Robertson,60
Morgan,0010 DECATUR BAPT CH,Attorney General,,REP,Pamela L. Casey,135
Morgan,0010 DECATUR BAPT CH,Attorney General,,REP,Jay Mitchell,232
Morgan,0010 DECATUR BAPT CH,Attorney General,,REP,Katherine Robertson,300
Morgan,0011 ST JAMES PRESBY CH,Attorney General,,REP,Pamela L. Casey,5
Morgan,0011 ST JAMES PRESBY CH,Attorney General,,REP,Jay Mitchell,4
Morgan,0011 ST JAMES PRESBY CH,Attorney General,,REP,Katherine Robertson,7
Morgan,0012 TURNER SURLES CC,Attorney General,,REP,Pamela L. Casey,1
Morgan,0012 TURNER SURLES CC,Attorney General,,REP,Jay Mitchell,0
Morgan,0012 TURNER SURLES CC,Attorney General,,REP,Katherine Robertson,1
Morgan,0013 DECATUR CH OF CHRIST,Attorney General,,REP,Pamela L. Casey,184
Morgan,0013 DECATUR CH OF CHRIST,Attorney General,,REP,Jay Mitchell,258
Morgan,0013 DECATUR CH OF CHRIST,Attorney General,,REP,Katherine Robertson,315
Morgan,0014 FIRST BIBLE CH,Attorney General,,REP,Pamela L. Casey,114
Morgan,0014 FIRST BIBLE CH,Attorney General,,REP,Jay Mitchell,158
Morgan,0014 FIRST BIBLE CH,Attorney General,,REP,Katherine Robertson,177
Morgan,0015 BURNINGTREE CO CLUB,Attorney General,,REP,Pamela L. Casey,123
Morgan,0015 BURNINGTREE CO CLUB,Attorney General,,REP,Jay Mitchell,160
Morgan,0015 BURNINGTREE CO CLUB,Attorney General,,REP,Katherine Robertson,243
Morgan,0016 BCOMING CH,Attorney General,,REP,Pamela L. Casey,84
Morgan,0016 BCOMING CH,Attorney General,,REP,Jay Mitchell,121
Morgan,0016 BCOMING CH,Attorney General,,REP,Katherine Robertson,212
Morgan,0017 POINT MALLARD GRILL,Attorney General,,REP,Pamela L. Casey,99
Morgan,0017 POINT MALLARD GRILL,Attorney General,,REP,Jay Mitchell,133
Morgan,0017 POINT MALLARD GRILL,Attorney General,,REP,Katherine Robertson,223
Morgan,0018 PRICEVILLE EVENT CTR,Attorney General,,REP,Pamela L. Casey,328
Morgan,0018 PRICEVILLE EVENT CTR,Attorney General,,REP,Jay Mitchell,547
Morgan,0018 PRICEVILLE EVENT CTR,Attorney General,,REP,Katherine Robertson,534
Morgan,0019 CTR SPGS METHODIST,Attorney General,,REP,Pamela L. Casey,72
Morgan,0019 CTR SPGS METHODIST,Attorney General,,REP,Jay Mitchell,122
Morgan,0019 CTR SPGS METHODIST,Attorney General,,REP,Katherine Robertson,82
Morgan,0020 COTACO VFD,Attorney General,,REP,Pamela L. Casey,96
Morgan,0020 COTACO VFD,Attorney General,,REP,Jay Mitchell,143
Morgan,0020 COTACO VFD,Attorney General,,REP,Katherine Robertson,106
Morgan,0021 LACEYS SPRING SR CTR,Attorney General,,REP,Pamela L. Casey,93
Morgan,0021 LACEYS SPRING SR CTR,Attorney General,,REP,Jay Mitchell,132
Morgan,0021 LACEYS SPRING SR CTR,Attorney General,,REP,Katherine Robertson,113
Morgan,0022 UNION HILL SR CTR,Attorney General,,REP,Pamela L. Casey,151
Morgan,0022 UNION HILL SR CTR,Attorney General,,REP,Jay Mitchell,263
Morgan,0022 UNION HILL SR CTR,Attorney General,,REP,Katherine Robertson,180
Morgan,0023 TRI-COUNTY VFD,Attorney General,,REP,Pamela L. Casey,64
Morgan,0023 TRI-COUNTY VFD,Attorney General,,REP,Jay Mitchell,71
Morgan,0023 TRI-COUNTY VFD,Attorney General,,REP,Katherine Robertson,72
Morgan,0024 S.A.V.E.S. VFD,Attorney General,,REP,Pamela L. Casey,176
Morgan,0024 S.A.V.E.S. VFD,Attorney General,,REP,Jay Mitchell,222
Morgan,0024 S.A.V.E.S. VFD,Attorney General,,REP,Katherine Robertson,260
Morgan,0025 NEW CENTER BAPT CH,Attorney General,,REP,Pamela L. Casey,104
Morgan,0025 NEW CENTER BAPT CH,Attorney General,,REP,Jay Mitchell,168
Morgan,0025 NEW CENTER BAPT CH,Attorney General,,REP,Katherine Robertson,145
Morgan,0026 SPARKMAN CIVIC CTR,Attorney General,,REP,Pamela L. Casey,394
Morgan,0026 SPARKMAN CIVIC CTR,Attorney General,,REP,Jay Mitchell,485
Morgan,0026 SPARKMAN CIVIC CTR,Attorney General,,REP,Katherine Robertson,573
Morgan,0027 1ST BAPT-HARTSELLE,Attorney General,,REP,Pamela L. Casey,252
Morgan,0027 1ST BAPT-HARTSELLE,Attorney General,,REP,Jay Mitchell,317
Morgan,0027 1ST BAPT-HARTSELLE,Attorney General,,REP,Katherine Robertson,353
Morgan,0028 TRINITY MUN BLDG,Attorney General,,REP,Pamela L. Casey,95
Morgan,0028 TRINITY MUN BLDG,Attorney General,,REP,Jay Mitchell,155
Morgan,0028 TRINITY MUN BLDG,Attorney General,,REP,Katherine Robertson,171
Morgan,0029 W MORGAN WATER AUTH,Attorney General,,REP,Pamela L. Casey,41
Morgan,0029 W MORGAN WATER AUTH,Attorney General,,REP,Jay Mitchell,88
Morgan,0029 W MORGAN WATER AUTH,Attorney General,,REP,Katherine Robertson,86
Morgan,0030 NEEL VFD,Attorney General,,REP,Pamela L. Casey,118
Morgan,0030 NEEL VFD,Attorney General,,REP,Jay Mitchell,236
Morgan,0030 NEEL VFD,Attorney General,,REP,Katherine Robertson,248
Morgan,0031 DANVILLE VFD,Attorney General,,REP,Pamela L. Casey,24
Morgan,0031 DANVILLE VFD,Attorney General,,REP,Jay Mitchell,64
Morgan,0031 DANVILLE VFD,Attorney General,,REP,Katherine Robertson,92
Morgan,0032 MASSEY VFD,Attorney General,,REP,Pamela L. Casey,62
Morgan,0032 MASSEY VFD,Attorney General,,REP,Jay Mitchell,82
Morgan,0032 MASSEY VFD,Attorney General,,REP,Katherine Robertson,101
Morgan,0033 FALKVILLE MUN BLDG,Attorney General,,REP,Pamela L. Casey,92
Morgan,0033 FALKVILLE MUN BLDG,Attorney General,,REP,Jay Mitchell,135
Morgan,0033 FALKVILLE MUN BLDG,Attorney General,,REP,Katherine Robertson,120
Morgan,0034 CO DIST 3 VOTING,Attorney General,,REP,Pamela L. Casey,98
Morgan,0034 CO DIST 3 VOTING,Attorney General,,REP,Jay Mitchell,136
Morgan,0034 CO DIST 3 VOTING,Attorney General,,REP,Katherine Robertson,150
Morgan,0035 ODEN RIDGE VFD,Attorney General,,REP,Pamela L. Casey,45
Morgan,0035 ODEN RIDGE VFD,Attorney General,,REP,Jay Mitchell,74
Morgan,0035 ODEN RIDGE VFD,Attorney General,,REP,Katherine Robertson,78
Morgan,0036 GRACE POINT BAPT CH,Attorney General,,REP,Pamela L. Casey,41
Morgan,0036 GRACE POINT BAPT CH,Attorney General,,REP,Jay Mitchell,57
Morgan,0036 GRACE POINT BAPT CH,Attorney General,,REP,Katherine Robertson,69
Morgan,0037 EVA TOWN HALL,Attorney General,,REP,Pamela L. Casey,102
Morgan,0037 EVA TOWN HALL,Attorney General,,REP,Jay Mitchell,172
Morgan,0037 EVA TOWN HALL,Attorney General,,REP,Katherine Robertson,148
Morgan,0038 GUM POND VFD,Attorney General,,REP,Pamela L. Casey,45
Morgan,0038 GUM POND VFD,Attorney General,,REP,Jay Mitchell,28
Morgan,0038 GUM POND VFD,Attorney General,,REP,Katherine Robertson,46
Morgan,0039 LEBANON BAPT CH,Attorney General,,REP,Pamela L. Casey,36
Morgan,0039 LEBANON BAPT CH,Attorney General,,REP,Jay Mitchell,79
Morgan,0039 LEBANON BAPT CH,Attorney General,,REP,Katherine Robertson,83
Morgan,0040 ABSENTEE,Attorney General,,REP,Pamela L. Casey,48
Morgan,0040 ABSENTEE,Attorney General,,REP,Jay Mitchell,65
Morgan,0040 ABSENTEE,Attorney General,,REP,Katherine Robertson,78
Morgan,0041 PROVISIONAL,Attorney General,,REP,Pamela L. Casey,4
Morgan,0041 PROVISIONAL,Attorney General,,REP,Jay Mitchell,12
Morgan,0041 PROVISIONAL,Attorney General,,REP,Katherine Robertson,5
Morgan,0001 MACEDONIA C P CH,State Representative,8,REP,Kevin North,11
Morgan,0001 MACEDONIA C P CH,State Representative,8,REP,Patrick Johnson,6
Morgan,0002 DECATUR FIRE-POL TRA,State Representative,8,REP,Kevin North,0
Morgan,0002 DECATUR FIRE-POL TRA,State Representative,8,REP,Patrick Johnson,1
Morgan,0004 AQUADOME REC CTR,State Representative,8,REP,Kevin North,44
Morgan,0004 AQUADOME REC CTR,State Representative,8,REP,Patrick Johnson,70
Morgan,0006 WESTMEADE BAPT CH,State Representative,8,REP,Kevin North,39
Morgan,0006 WESTMEADE BAPT CH,State Representative,8,REP,Patrick Johnson,59
Morgan,0007 DECATUR UTILITIES,State Representative,8,REP,Kevin North,33
Morgan,0007 DECATUR UTILITIES,State Representative,8,REP,Patrick Johnson,54
Morgan,0008 1ST BAPT AUSTINVILLE,State Representative,8,REP,Kevin North,115
Morgan,0008 1ST BAPT AUSTINVILLE,State Representative,8,REP,Patrick Johnson,222
Morgan,0010 DECATUR BAPT CH,State Representative,8,REP,Kevin North,183
Morgan,0010 DECATUR BAPT CH,State Representative,8,REP,Patrick Johnson,450
Morgan,0011 ST JAMES PRESBY CH,State Representative,8,REP,Kevin North,5
Morgan,0011 ST JAMES PRESBY CH,State Representative,8,REP,Patrick Johnson,9
Morgan,0013 DECATUR CH OF CHRIST,State Representative,8,REP,Kevin North,236
Morgan,0013 DECATUR CH OF CHRIST,State Representative,8,REP,Patrick Johnson,480
Morgan,0014 FIRST BIBLE CH,State Representative,8,REP,Kevin North,146
Morgan,0014 FIRST BIBLE CH,State Representative,8,REP,Patrick Johnson,279
Morgan,0028 TRINITY MUN BLDG,State Representative,8,REP,Kevin North,10
Morgan,0028 TRINITY MUN BLDG,State Representative,8,REP,Patrick Johnson,1
Morgan,0029 W MORGAN WATER AUTH,State Representative,8,REP,Kevin North,97
Morgan,0029 W MORGAN WATER AUTH,State Representative,8,REP,Patrick Johnson,120
Morgan,0030 NEEL VFD,State Representative,8,REP,Kevin North,189
Morgan,0030 NEEL VFD,State Representative,8,REP,Patrick Johnson,397
Morgan,0031 DANVILLE VFD,State Representative,8,REP,Kevin North,47
Morgan,0031 DANVILLE VFD,State Representative,8,REP,Patrick Johnson,130
Morgan,0040 ABSENTEE,State Representative,8,REP,Kevin North,16
Morgan,0040 ABSENTEE,State Representative,8,REP,Patrick Johnson,39
Morgan,0041 PROVISIONAL,State Representative,8,REP,Kevin North,1
Morgan,0041 PROVISIONAL,State Representative,8,REP,Patrick Johnson,6
Morgan,0001 MACEDONIA C P CH,Secretary of State,,REP,Caroleene Dobson,13
Morgan,0001 MACEDONIA C P CH,Secretary of State,,REP,Christopher Christian Horn,3
Morgan,0001 MACEDONIA C P CH,Secretary of State,,REP,Glenda S. Jackson,2
Morgan,0002 DECATUR FIRE-POL TRA,Secretary of State,,REP,Caroleene Dobson,51
Morgan,0002 DECATUR FIRE-POL TRA,Secretary of State,,REP,Christopher Christian Horn,38
Morgan,0002 DECATUR FIRE-POL TRA,Secretary of State,,REP,Glenda S. Jackson,18
Morgan,0003 MORGAN CO COURTHOUSE,Secretary of State,,REP,Caroleene Dobson,79
Morgan,0003 MORGAN CO COURTHOUSE,Secretary of State,,REP,Christopher Christian Horn,24
Morgan,0003 MORGAN CO COURTHOUSE,Secretary of State,,REP,Glenda S. Jackson,11
Morgan,0004 AQUADOME REC CTR,Secretary of State,,REP,Caroleene Dobson,65
Morgan,0004 AQUADOME REC CTR,Secretary of State,,REP,Christopher Christian Horn,39
Morgan,0004 AQUADOME REC CTR,Secretary of State,,REP,Glenda S. Jackson,16
Morgan,0005 FORT DECATUR REC CTR,Secretary of State,,REP,Caroleene Dobson,186
Morgan,0005 FORT DECATUR REC CTR,Secretary of State,,REP,Christopher Christian Horn,76
Morgan,0005 FORT DECATUR REC CTR,Secretary of State,,REP,Glenda S. Jackson,41
Morgan,0006 WESTMEADE BAPT CH,Secretary of State,,REP,Caroleene Dobson,46
Morgan,0006 WESTMEADE BAPT CH,Secretary of State,,REP,Christopher Christian Horn,35
Morgan,0006 WESTMEADE BAPT CH,Secretary of State,,REP,Glenda S. Jackson,17
Morgan,0007 DECATUR UTILITIES,Secretary of State,,REP,Caroleene Dobson,48
Morgan,0007 DECATUR UTILITIES,Secretary of State,,REP,Christopher Christian Horn,24
Morgan,0007 DECATUR UTILITIES,Secretary of State,,REP,Glenda S. Jackson,9
Morgan,0008 1ST BAPT AUSTINVILLE,Secretary of State,,REP,Caroleene Dobson,206
Morgan,0008 1ST BAPT AUSTINVILLE,Secretary of State,,REP,Christopher Christian Horn,84
Morgan,0008 1ST BAPT AUSTINVILLE,Secretary of State,,REP,Glenda S. Jackson,48
Morgan,0009 AMER LG BLDG POST 15,Secretary of State,,REP,Caroleene Dobson,77
Morgan,0009 AMER LG BLDG POST 15,Secretary of State,,REP,Christopher Christian Horn,35
Morgan,0009 AMER LG BLDG POST 15,Secretary of State,,REP,Glenda S. Jackson,16
Morgan,0010 DECATUR BAPT CH,Secretary of State,,REP,Caroleene Dobson,422
Morgan,0010 DECATUR BAPT CH,Secretary of State,,REP,Christopher Christian Horn,135
Morgan,0010 DECATUR BAPT CH,Secretary of State,,REP,Glenda S. Jackson,82
Morgan,0011 ST JAMES PRESBY CH,Secretary of State,,REP,Caroleene Dobson,8
Morgan,0011 ST JAMES PRESBY CH,Secretary of State,,REP,Christopher Christian Horn,3
Morgan,0011 ST JAMES PRESBY CH,Secretary of State,,REP,Glenda S. Jackson,5
Morgan,0012 TURNER SURLES CC,Secretary of State,,REP,Caroleene Dobson,1
Morgan,0012 TURNER SURLES CC,Secretary of State,,REP,Christopher Christian Horn,0
Morgan,0012 TURNER SURLES CC,Secretary of State,,REP,Glenda S. Jackson,1
Morgan,0013 DECATUR CH OF CHRIST,Secretary of State,,REP,Caroleene Dobson,462
Morgan,0013 DECATUR CH OF CHRIST,Secretary of State,,REP,Christopher Christian Horn,153
Morgan,0013 DECATUR CH OF CHRIST,Secretary of State,,REP,Glenda S. Jackson,85
Morgan,0014 FIRST BIBLE CH,Secretary of State,,REP,Caroleene Dobson,279
Morgan,0014 FIRST BIBLE CH,Secretary of State,,REP,Christopher Christian Horn,81
Morgan,0014 FIRST BIBLE CH,Secretary of State,,REP,Glenda S. Jackson,65
Morgan,0015 BURNINGTREE CO CLUB,Secretary of State,,REP,Caroleene Dobson,325
Morgan,0015 BURNINGTREE CO CLUB,Secretary of State,,REP,Christopher Christian Horn,92
Morgan,0015 BURNINGTREE CO CLUB,Secretary of State,,REP,Glenda S. Jackson,61
Morgan,0016 BCOMING CH,Secretary of State,,REP,Caroleene Dobson,258
Morgan,0016 BCOMING CH,Secretary of State,,REP,Christopher Christian Horn,76
Morgan,0016 BCOMING CH,Secretary of State,,REP,Glenda S. Jackson,49
Morgan,0017 POINT MALLARD GRILL,Secretary of State,,REP,Caroleene Dobson,295
Morgan,0017 POINT MALLARD GRILL,Secretary of State,,REP,Christopher Christian Horn,71
Morgan,0017 POINT MALLARD GRILL,Secretary of State,,REP,Glenda S. Jackson,34
Morgan,0018 PRICEVILLE EVENT CTR,Secretary of State,,REP,Caroleene Dobson,789
Morgan,0018 PRICEVILLE EVENT CTR,Secretary of State,,REP,Christopher Christian Horn,318
Morgan,0018 PRICEVILLE EVENT CTR,Secretary of State,,REP,Glenda S. Jackson,208
Morgan,0019 CTR SPGS METHODIST,Secretary of State,,REP,Caroleene Dobson,129
Morgan,0019 CTR SPGS METHODIST,Secretary of State,,REP,Christopher Christian Horn,83
Morgan,0019 CTR SPGS METHODIST,Secretary of State,,REP,Glenda S. Jackson,43
Morgan,0020 COTACO VFD,Secretary of State,,REP,Caroleene Dobson,160
Morgan,0020 COTACO VFD,Secretary of State,,REP,Christopher Christian Horn,105
Morgan,0020 COTACO VFD,Secretary of State,,REP,Glenda S. Jackson,60
Morgan,0021 LACEYS SPRING SR CTR,Secretary of State,,REP,Caroleene Dobson,167
Morgan,0021 LACEYS SPRING SR CTR,Secretary of State,,REP,Christopher Christian Horn,105
Morgan,0021 LACEYS SPRING SR CTR,Secretary of State,,REP,Glenda S. Jackson,47
Morgan,0022 UNION HILL SR CTR,Secretary of State,,REP,Caroleene Dobson,313
Morgan,0022 UNION HILL SR CTR,Secretary of State,,REP,Christopher Christian Horn,157
Morgan,0022 UNION HILL SR CTR,Secretary of State,,REP,Glenda S. Jackson,75
Morgan,0023 TRI-COUNTY VFD,Secretary of State,,REP,Caroleene Dobson,108
Morgan,0023 TRI-COUNTY VFD,Secretary of State,,REP,Christopher Christian Horn,64
Morgan,0023 TRI-COUNTY VFD,Secretary of State,,REP,Glenda S. Jackson,19
Morgan,0024 S.A.V.E.S. VFD,Secretary of State,,REP,Caroleene Dobson,320
Morgan,0024 S.A.V.E.S. VFD,Secretary of State,,REP,Christopher Christian Horn,171
Morgan,0024 S.A.V.E.S. VFD,Secretary of State,,REP,Glenda S. Jackson,118
Morgan,0025 NEW CENTER BAPT CH,Secretary of State,,REP,Caroleene Dobson,219
Morgan,0025 NEW CENTER BAPT CH,Secretary of State,,REP,Christopher Christian Horn,97
Morgan,0025 NEW CENTER BAPT CH,Secretary of State,,REP,Glenda S. Jackson,67
Morgan,0026 SPARKMAN CIVIC CTR,Secretary of State,,REP,Caroleene Dobson,818
Morgan,0026 SPARKMAN CIVIC CTR,Secretary of State,,REP,Christopher Christian Horn,344
Morgan,0026 SPARKMAN CIVIC CTR,Secretary of State,,REP,Glenda S. Jackson,212
Morgan,0027 1ST BAPT-HARTSELLE,Secretary of State,,REP,Caroleene Dobson,512
Morgan,0027 1ST BAPT-HARTSELLE,Secretary of State,,REP,Christopher Christian Horn,216
Morgan,0027 1ST BAPT-HARTSELLE,Secretary of State,,REP,Glenda S. Jackson,139
Morgan,0028 TRINITY MUN BLDG,Secretary of State,,REP,Caroleene Dobson,220
Morgan,0028 TRINITY MUN BLDG,Secretary of State,,REP,Christopher Christian Horn,100
Morgan,0028 TRINITY MUN BLDG,Secretary of State,,REP,Glenda S. Jackson,52
Morgan,0029 W MORGAN WATER AUTH,Secretary of State,,REP,Caroleene Dobson,132
Morgan,0029 W MORGAN WATER AUTH,Secretary of State,,REP,Christopher Christian Horn,49
Morgan,0029 W MORGAN WATER AUTH,Secretary of State,,REP,Glenda S. Jackson,28
Morgan,0030 NEEL VFD,Secretary of State,,REP,Caroleene Dobson,324
Morgan,0030 NEEL VFD,Secretary of State,,REP,Christopher Christian Horn,154
Morgan,0030 NEEL VFD,Secretary of State,,REP,Glenda S. Jackson,94
Morgan,0031 DANVILLE VFD,Secretary of State,,REP,Caroleene Dobson,91
Morgan,0031 DANVILLE VFD,Secretary of State,,REP,Christopher Christian Horn,29
Morgan,0031 DANVILLE VFD,Secretary of State,,REP,Glenda S. Jackson,27
Morgan,0032 MASSEY VFD,Secretary of State,,REP,Caroleene Dobson,137
Morgan,0032 MASSEY VFD,Secretary of State,,REP,Christopher Christian Horn,53
Morgan,0032 MASSEY VFD,Secretary of State,,REP,Glenda S. Jackson,39
Morgan,0033 FALKVILLE MUN BLDG,Secretary of State,,REP,Caroleene Dobson,159
Morgan,0033 FALKVILLE MUN BLDG,Secretary of State,,REP,Christopher Christian Horn,107
Morgan,0033 FALKVILLE MUN BLDG,Secretary of State,,REP,Glenda S. Jackson,60
Morgan,0034 CO DIST 3 VOTING,Secretary of State,,REP,Caroleene Dobson,182
Morgan,0034 CO DIST 3 VOTING,Secretary of State,,REP,Christopher Christian Horn,122
Morgan,0034 CO DIST 3 VOTING,Secretary of State,,REP,Glenda S. Jackson,62
Morgan,0035 ODEN RIDGE VFD,Secretary of State,,REP,Caroleene Dobson,100
Morgan,0035 ODEN RIDGE VFD,Secretary of State,,REP,Christopher Christian Horn,58
Morgan,0035 ODEN RIDGE VFD,Secretary of State,,REP,Glenda S. Jackson,23
Morgan,0036 GRACE POINT BAPT CH,Secretary of State,,REP,Caroleene Dobson,84
Morgan,0036 GRACE POINT BAPT CH,Secretary of State,,REP,Christopher Christian Horn,52
Morgan,0036 GRACE POINT BAPT CH,Secretary of State,,REP,Glenda S. Jackson,15
Morgan,0037 EVA TOWN HALL,Secretary of State,,REP,Caroleene Dobson,196
Morgan,0037 EVA TOWN HALL,Secretary of State,,REP,Christopher Christian Horn,135
Morgan,0037 EVA TOWN HALL,Secretary of State,,REP,Glenda S. Jackson,57
Morgan,0038 GUM POND VFD,Secretary of State,,REP,Caroleene Dobson,47
Morgan,0038 GUM POND VFD,Secretary of State,,REP,Christopher Christian Horn,40
Morgan,0038 GUM POND VFD,Secretary of State,,REP,Glenda S. Jackson,25
Morgan,0039 LEBANON BAPT CH,Secretary of State,,REP,Caroleene Dobson,120
Morgan,0039 LEBANON BAPT CH,Secretary of State,,REP,Christopher Christian Horn,38
Morgan,0039 LEBANON BAPT CH,Secretary of State,,REP,Glenda S. Jackson,36
Morgan,0040 ABSENTEE,Secretary of State,,REP,Caroleene Dobson,97
Morgan,0040 ABSENTEE,Secretary of State,,REP,Christopher Christian Horn,49
Morgan,0040 ABSENTEE,Secretary of State,,REP,Glenda S. Jackson,25
Morgan,0041 PROVISIONAL,Secretary of State,,REP,Caroleene Dobson,6
Morgan,0041 PROVISIONAL,Secretary of State,,REP,Christopher Christian Horn,9
Morgan,0041 PROVISIONAL,Secretary of State,,REP,Glenda S. Jackson,6
Morgan,0001 MACEDONIA C P CH,State Treasurer,,REP,Young Boozer,11
Morgan,0001 MACEDONIA C P CH,State Treasurer,,REP,Steve Lolley,6
Morgan,0002 DECATUR FIRE-POL TRA,State Treasurer,,REP,Young Boozer,68
Morgan,0002 DECATUR FIRE-POL TRA,State Treasurer,,REP,Steve Lolley,41
Morgan,0003 MORGAN CO COURTHOUSE,State Treasurer,,REP,Young Boozer,72
Morgan,0003 MORGAN CO COURTHOUSE,State Treasurer,,REP,Steve Lolley,37
Morgan,0004 AQUADOME REC CTR,State Treasurer,,REP,Young Boozer,62
Morgan,0004 AQUADOME REC CTR,State Treasurer,,REP,Steve Lolley,62
Morgan,0005 FORT DECATUR REC CTR,State Treasurer,,REP,Young Boozer,187
Morgan,0005 FORT DECATUR REC CTR,State Treasurer,,REP,Steve Lolley,114
Morgan,0006 WESTMEADE BAPT CH,State Treasurer,,REP,Young Boozer,45
Morgan,0006 WESTMEADE BAPT CH,State Treasurer,,REP,Steve Lolley,51
Morgan,0007 DECATUR UTILITIES,State Treasurer,,REP,Young Boozer,42
Morgan,0007 DECATUR UTILITIES,State Treasurer,,REP,Steve Lolley,37
Morgan,0008 1ST BAPT AUSTINVILLE,State Treasurer,,REP,Young Boozer,209
Morgan,0008 1ST BAPT AUSTINVILLE,State Treasurer,,REP,Steve Lolley,139
Morgan,0009 AMER LG BLDG POST 15,State Treasurer,,REP,Young Boozer,85
Morgan,0009 AMER LG BLDG POST 15,State Treasurer,,REP,Steve Lolley,45
Morgan,0010 DECATUR BAPT CH,State Treasurer,,REP,Young Boozer,423
Morgan,0010 DECATUR BAPT CH,State Treasurer,,REP,Steve Lolley,226
Morgan,0011 ST JAMES PRESBY CH,State Treasurer,,REP,Young Boozer,8
Morgan,0011 ST JAMES PRESBY CH,State Treasurer,,REP,Steve Lolley,6
Morgan,0012 TURNER SURLES CC,State Treasurer,,REP,Young Boozer,2
Morgan,0012 TURNER SURLES CC,State Treasurer,,REP,Steve Lolley,0
Morgan,0013 DECATUR CH OF CHRIST,State Treasurer,,REP,Young Boozer,462
Morgan,0013 DECATUR CH OF CHRIST,State Treasurer,,REP,Steve Lolley,258
Morgan,0014 FIRST BIBLE CH,State Treasurer,,REP,Young Boozer,282
Morgan,0014 FIRST BIBLE CH,State Treasurer,,REP,Steve Lolley,149
Morgan,0015 BURNINGTREE CO CLUB,State Treasurer,,REP,Young Boozer,348
Morgan,0015 BURNINGTREE CO CLUB,State Treasurer,,REP,Steve Lolley,151
Morgan,0016 BCOMING CH,State Treasurer,,REP,Young Boozer,272
Morgan,0016 BCOMING CH,State Treasurer,,REP,Steve Lolley,125
Morgan,0017 POINT MALLARD GRILL,State Treasurer,,REP,Young Boozer,305
Morgan,0017 POINT MALLARD GRILL,State Treasurer,,REP,Steve Lolley,121
Morgan,0018 PRICEVILLE EVENT CTR,State Treasurer,,REP,Young Boozer,833
Morgan,0018 PRICEVILLE EVENT CTR,State Treasurer,,REP,Steve Lolley,525
Morgan,0019 CTR SPGS METHODIST,State Treasurer,,REP,Young Boozer,154
Morgan,0019 CTR SPGS METHODIST,State Treasurer,,REP,Steve Lolley,101
Morgan,0020 COTACO VFD,State Treasurer,,REP,Young Boozer,197
Morgan,0020 COTACO VFD,State Treasurer,,REP,Steve Lolley,136
Morgan,0021 LACEYS SPRING SR CTR,State Treasurer,,REP,Young Boozer,211
Morgan,0021 LACEYS SPRING SR CTR,State Treasurer,,REP,Steve Lolley,115
Morgan,0022 UNION HILL SR CTR,State Treasurer,,REP,Young Boozer,327
Morgan,0022 UNION HILL SR CTR,State Treasurer,,REP,Steve Lolley,241
Morgan,0023 TRI-COUNTY VFD,State Treasurer,,REP,Young Boozer,132
Morgan,0023 TRI-COUNTY VFD,State Treasurer,,REP,Steve Lolley,62
Morgan,0024 S.A.V.E.S. VFD,State Treasurer,,REP,Young Boozer,378
Morgan,0024 S.A.V.E.S. VFD,State Treasurer,,REP,Steve Lolley,254
Morgan,0025 NEW CENTER BAPT CH,State Treasurer,,REP,Young Boozer,242
Morgan,0025 NEW CENTER BAPT CH,State Treasurer,,REP,Steve Lolley,159
Morgan,0026 SPARKMAN CIVIC CTR,State Treasurer,,REP,Young Boozer,912
Morgan,0026 SPARKMAN CIVIC CTR,State Treasurer,,REP,Steve Lolley,497
Morgan,0027 1ST BAPT-HARTSELLE,State Treasurer,,REP,Young Boozer,570
Morgan,0027 1ST BAPT-HARTSELLE,State Treasurer,,REP,Steve Lolley,321
Morgan,0028 TRINITY MUN BLDG,State Treasurer,,REP,Young Boozer,243
Morgan,0028 TRINITY MUN BLDG,State Treasurer,,REP,Steve Lolley,160
Morgan,0029 W MORGAN WATER AUTH,State Treasurer,,REP,Young Boozer,127
Morgan,0029 W MORGAN WATER AUTH,State Treasurer,,REP,Steve Lolley,82
Morgan,0030 NEEL VFD,State Treasurer,,REP,Young Boozer,387
Morgan,0030 NEEL VFD,State Treasurer,,REP,Steve Lolley,206
Morgan,0031 DANVILLE VFD,State Treasurer,,REP,Young Boozer,96
Morgan,0031 DANVILLE VFD,State Treasurer,,REP,Steve Lolley,66
Morgan,0032 MASSEY VFD,State Treasurer,,REP,Young Boozer,156
Morgan,0032 MASSEY VFD,State Treasurer,,REP,Steve Lolley,79
Morgan,0033 FALKVILLE MUN BLDG,State Treasurer,,REP,Young Boozer,178
Morgan,0033 FALKVILLE MUN BLDG,State Treasurer,,REP,Steve Lolley,162
Morgan,0034 CO DIST 3 VOTING,State Treasurer,,REP,Young Boozer,218
Morgan,0034 CO DIST 3 VOTING,State Treasurer,,REP,Steve Lolley,152
Morgan,0035 ODEN RIDGE VFD,State Treasurer,,REP,Young Boozer,119
Morgan,0035 ODEN RIDGE VFD,State Treasurer,,REP,Steve Lolley,79
Morgan,0036 GRACE POINT BAPT CH,State Treasurer,,REP,Young Boozer,80
Morgan,0036 GRACE POINT BAPT CH,State Treasurer,,REP,Steve Lolley,74
Morgan,0037 EVA TOWN HALL,State Treasurer,,REP,Young Boozer,230
Morgan,0037 EVA TOWN HALL,State Treasurer,,REP,Steve Lolley,172
Morgan,0038 GUM POND VFD,State Treasurer,,REP,Young Boozer,67
Morgan,0038 GUM POND VFD,State Treasurer,,REP,Steve Lolley,45
Morgan,0039 LEBANON BAPT CH,State Treasurer,,REP,Young Boozer,133
Morgan,0039 LEBANON BAPT CH,State Treasurer,,REP,Steve Lolley,65
Morgan,0040 ABSENTEE,State Treasurer,,REP,Young Boozer,109
Morgan,0040 ABSENTEE,State Treasurer,,REP,Steve Lolley,69
Morgan,0041 PROVISIONAL,State Treasurer,,REP,Young Boozer,12
Morgan,0041 PROVISIONAL,State Treasurer,,REP,Steve Lolley,9
Morgan,0001 MACEDONIA C P CH,State Auditor,,REP,Derek Chen,3
Morgan,0001 MACEDONIA C P CH,State Auditor,,REP,Andrew Sorrell,14
Morgan,0002 DECATUR FIRE-POL TRA,State Auditor,,REP,Derek Chen,32
Morgan,0002 DECATUR FIRE-POL TRA,State Auditor,,REP,Andrew Sorrell,76
Morgan,0003 MORGAN CO COURTHOUSE,State Auditor,,REP,Derek Chen,30
Morgan,0003 MORGAN CO COURTHOUSE,State Auditor,,REP,Andrew Sorrell,81
Morgan,0004 AQUADOME REC CTR,State Auditor,,REP,Derek Chen,32
Morgan,0004 AQUADOME REC CTR,State Auditor,,REP,Andrew Sorrell,92
Morgan,0005 FORT DECATUR REC CTR,State Auditor,,REP,Derek Chen,89
Morgan,0005 FORT DECATUR REC CTR,State Auditor,,REP,Andrew Sorrell,213
Morgan,0006 WESTMEADE BAPT CH,State Auditor,,REP,Derek Chen,26
Morgan,0006 WESTMEADE BAPT CH,State Auditor,,REP,Andrew Sorrell,74
Morgan,0007 DECATUR UTILITIES,State Auditor,,REP,Derek Chen,27
Morgan,0007 DECATUR UTILITIES,State Auditor,,REP,Andrew Sorrell,55
Morgan,0008 1ST BAPT AUSTINVILLE,State Auditor,,REP,Derek Chen,94
Morgan,0008 1ST BAPT AUSTINVILLE,State Auditor,,REP,Andrew Sorrell,258
Morgan,0009 AMER LG BLDG POST 15,State Auditor,,REP,Derek Chen,36
Morgan,0009 AMER LG BLDG POST 15,State Auditor,,REP,Andrew Sorrell,94
Morgan,0010 DECATUR BAPT CH,State Auditor,,REP,Derek Chen,183
Morgan,0010 DECATUR BAPT CH,State Auditor,,REP,Andrew Sorrell,463
Morgan,0011 ST JAMES PRESBY CH,State Auditor,,REP,Derek Chen,5
Morgan,0011 ST JAMES PRESBY CH,State Auditor,,REP,Andrew Sorrell,10
Morgan,0012 TURNER SURLES CC,State Auditor,,REP,Derek Chen,0
Morgan,0012 TURNER SURLES CC,State Auditor,,REP,Andrew Sorrell,2
Morgan,0013 DECATUR CH OF CHRIST,State Auditor,,REP,Derek Chen,215
Morgan,0013 DECATUR CH OF CHRIST,State Auditor,,REP,Andrew Sorrell,505
Morgan,0014 FIRST BIBLE CH,State Auditor,,REP,Derek Chen,117
Morgan,0014 FIRST BIBLE CH,State Auditor,,REP,Andrew Sorrell,324
Morgan,0015 BURNINGTREE CO CLUB,State Auditor,,REP,Derek Chen,123
Morgan,0015 BURNINGTREE CO CLUB,State Auditor,,REP,Andrew Sorrell,379
Morgan,0016 BCOMING CH,State Auditor,,REP,Derek Chen,107
Morgan,0016 BCOMING CH,State Auditor,,REP,Andrew Sorrell,284
Morgan,0017 POINT MALLARD GRILL,State Auditor,,REP,Derek Chen,141
Morgan,0017 POINT MALLARD GRILL,State Auditor,,REP,Andrew Sorrell,275
Morgan,0018 PRICEVILLE EVENT CTR,State Auditor,,REP,Derek Chen,320
Morgan,0018 PRICEVILLE EVENT CTR,State Auditor,,REP,Andrew Sorrell,1043
Morgan,0019 CTR SPGS METHODIST,State Auditor,,REP,Derek Chen,70
Morgan,0019 CTR SPGS METHODIST,State Auditor,,REP,Andrew Sorrell,186
Morgan,0020 COTACO VFD,State Auditor,,REP,Derek Chen,100
Morgan,0020 COTACO VFD,State Auditor,,REP,Andrew Sorrell,235
Morgan,0021 LACEYS SPRING SR CTR,State Auditor,,REP,Derek Chen,90
Morgan,0021 LACEYS SPRING SR CTR,State Auditor,,REP,Andrew Sorrell,233
Morgan,0022 UNION HILL SR CTR,State Auditor,,REP,Derek Chen,141
Morgan,0022 UNION HILL SR CTR,State Auditor,,REP,Andrew Sorrell,415
Morgan,0023 TRI-COUNTY VFD,State Auditor,,REP,Derek Chen,49
Morgan,0023 TRI-COUNTY VFD,State Auditor,,REP,Andrew Sorrell,135
Morgan,0024 S.A.V.E.S. VFD,State Auditor,,REP,Derek Chen,178
Morgan,0024 S.A.V.E.S. VFD,State Auditor,,REP,Andrew Sorrell,464
Morgan,0025 NEW CENTER BAPT CH,State Auditor,,REP,Derek Chen,74
Morgan,0025 NEW CENTER BAPT CH,State Auditor,,REP,Andrew Sorrell,329
Morgan,0026 SPARKMAN CIVIC CTR,State Auditor,,REP,Derek Chen,348
Morgan,0026 SPARKMAN CIVIC CTR,State Auditor,,REP,Andrew Sorrell,1054
Morgan,0027 1ST BAPT-HARTSELLE,State Auditor,,REP,Derek Chen,212
Morgan,0027 1ST BAPT-HARTSELLE,State Auditor,,REP,Andrew Sorrell,676
Morgan,0028 TRINITY MUN BLDG,State Auditor,,REP,Derek Chen,94
Morgan,0028 TRINITY MUN BLDG,State Auditor,,REP,Andrew Sorrell,309
Morgan,0029 W MORGAN WATER AUTH,State Auditor,,REP,Derek Chen,44
Morgan,0029 W MORGAN WATER AUTH,State Auditor,,REP,Andrew Sorrell,171
Morgan,0030 NEEL VFD,State Auditor,,REP,Derek Chen,145
Morgan,0030 NEEL VFD,State Auditor,,REP,Andrew Sorrell,442
Morgan,0031 DANVILLE VFD,State Auditor,,REP,Derek Chen,52
Morgan,0031 DANVILLE VFD,State Auditor,,REP,Andrew Sorrell,114
Morgan,0032 MASSEY VFD,State Auditor,,REP,Derek Chen,58
Morgan,0032 MASSEY VFD,State Auditor,,REP,Andrew Sorrell,174
Morgan,0033 FALKVILLE MUN BLDG,State Auditor,,REP,Derek Chen,89
Morgan,0033 FALKVILLE MUN BLDG,State Auditor,,REP,Andrew Sorrell,245
Morgan,0034 CO DIST 3 VOTING,State Auditor,,REP,Derek Chen,109
Morgan,0034 CO DIST 3 VOTING,State Auditor,,REP,Andrew Sorrell,265
Morgan,0035 ODEN RIDGE VFD,State Auditor,,REP,Derek Chen,63
Morgan,0035 ODEN RIDGE VFD,State Auditor,,REP,Andrew Sorrell,128
Morgan,0036 GRACE POINT BAPT CH,State Auditor,,REP,Derek Chen,32
Morgan,0036 GRACE POINT BAPT CH,State Auditor,,REP,Andrew Sorrell,121
Morgan,0037 EVA TOWN HALL,State Auditor,,REP,Derek Chen,152
Morgan,0037 EVA TOWN HALL,State Auditor,,REP,Andrew Sorrell,259
Morgan,0038 GUM POND VFD,State Auditor,,REP,Derek Chen,29
Morgan,0038 GUM POND VFD,State Auditor,,REP,Andrew Sorrell,84
Morgan,0039 LEBANON BAPT CH,State Auditor,,REP,Derek Chen,68
Morgan,0039 LEBANON BAPT CH,State Auditor,,REP,Andrew Sorrell,128
Morgan,0040 ABSENTEE,State Auditor,,REP,Derek Chen,52
Morgan,0040 ABSENTEE,State Auditor,,REP,Andrew Sorrell,127
Morgan,0041 PROVISIONAL,State Auditor,,REP,Derek Chen,3
Morgan,0041 PROVISIONAL,State Auditor,,REP,Andrew Sorrell,18
Morgan,0001 MACEDONIA C P CH,Commissioner of Agriculture and Industries,,REP,Cory Hill,9
Morgan,0001 MACEDONIA C P CH,Commissioner of Agriculture and Industries,,REP,Christina Woerner McInnis,6
Morgan,0001 MACEDONIA C P CH,Commissioner of Agriculture and Industries,,REP,Jack Williams,2
Morgan,0002 DECATUR FIRE-POL TRA,Commissioner of Agriculture and Industries,,REP,Cory Hill,47
Morgan,0002 DECATUR FIRE-POL TRA,Commissioner of Agriculture and Industries,,REP,Christina Woerner McInnis,36
Morgan,0002 DECATUR FIRE-POL TRA,Commissioner of Agriculture and Industries,,REP,Jack Williams,25
Morgan,0003 MORGAN CO COURTHOUSE,Commissioner of Agriculture and Industries,,REP,Cory Hill,41
Morgan,0003 MORGAN CO COURTHOUSE,Commissioner of Agriculture and Industries,,REP,Christina Woerner McInnis,39
Morgan,0003 MORGAN CO COURTHOUSE,Commissioner of Agriculture and Industries,,REP,Jack Williams,27
Morgan,0004 AQUADOME REC CTR,Commissioner of Agriculture and Industries,,REP,Cory Hill,46
Morgan,0004 AQUADOME REC CTR,Commissioner of Agriculture and Industries,,REP,Christina Woerner McInnis,46
Morgan,0004 AQUADOME REC CTR,Commissioner of Agriculture and Industries,,REP,Jack Williams,32
Morgan,0005 FORT DECATUR REC CTR,Commissioner of Agriculture and Industries,,REP,Cory Hill,111
Morgan,0005 FORT DECATUR REC CTR,Commissioner of Agriculture and Industries,,REP,Christina Woerner McInnis,99
Morgan,0005 FORT DECATUR REC CTR,Commissioner of Agriculture and Industries,,REP,Jack Williams,80
Morgan,0006 WESTMEADE BAPT CH,Commissioner of Agriculture and Industries,,REP,Cory Hill,41
Morgan,0006 WESTMEADE BAPT CH,Commissioner of Agriculture and Industries,,REP,Christina Woerner McInnis,27
Morgan,0006 WESTMEADE BAPT CH,Commissioner of Agriculture and Industries,,REP,Jack Williams,30
Morgan,0007 DECATUR UTILITIES,Commissioner of Agriculture and Industries,,REP,Cory Hill,31
Morgan,0007 DECATUR UTILITIES,Commissioner of Agriculture and Industries,,REP,Christina Woerner McInnis,21
Morgan,0007 DECATUR UTILITIES,Commissioner of Agriculture and Industries,,REP,Jack Williams,30
Morgan,0008 1ST BAPT AUSTINVILLE,Commissioner of Agriculture and Industries,,REP,Cory Hill,131
Morgan,0008 1ST BAPT AUSTINVILLE,Commissioner of Agriculture and Industries,,REP,Christina Woerner McInnis,123
Morgan,0008 1ST BAPT AUSTINVILLE,Commissioner of Agriculture and Industries,,REP,Jack Williams,80
Morgan,0009 AMER LG BLDG POST 15,Commissioner of Agriculture and Industries,,REP,Cory Hill,43
Morgan,0009 AMER LG BLDG POST 15,Commissioner of Agriculture and Industries,,REP,Christina Woerner McInnis,55
Morgan,0009 AMER LG BLDG POST 15,Commissioner of Agriculture and Industries,,REP,Jack Williams,26
Morgan,0010 DECATUR BAPT CH,Commissioner of Agriculture and Industries,,REP,Cory Hill,244
Morgan,0010 DECATUR BAPT CH,Commissioner of Agriculture and Industries,,REP,Christina Woerner McInnis,221
Morgan,0010 DECATUR BAPT CH,Commissioner of Agriculture and Industries,,REP,Jack Williams,152
Morgan,0011 ST JAMES PRESBY CH,Commissioner of Agriculture and Industries,,REP,Cory Hill,7
Morgan,0011 ST JAMES PRESBY CH,Commissioner of Agriculture and Industries,,REP,Christina Woerner McInnis,4
Morgan,0011 ST JAMES PRESBY CH,Commissioner of Agriculture and Industries,,REP,Jack Williams,4
Morgan,0012 TURNER SURLES CC,Commissioner of Agriculture and Industries,,REP,Cory Hill,0
Morgan,0012 TURNER SURLES CC,Commissioner of Agriculture and Industries,,REP,Christina Woerner McInnis,0
Morgan,0012 TURNER SURLES CC,Commissioner of Agriculture and Industries,,REP,Jack Williams,2
Morgan,0013 DECATUR CH OF CHRIST,Commissioner of Agriculture and Industries,,REP,Cory Hill,270
Morgan,0013 DECATUR CH OF CHRIST,Commissioner of Agriculture and Industries,,REP,Christina Woerner McInnis,210
Morgan,0013 DECATUR CH OF CHRIST,Commissioner of Agriculture and Industries,,REP,Jack Williams,201
Morgan,0014 FIRST BIBLE CH,Commissioner of Agriculture and Industries,,REP,Cory Hill,162
Morgan,0014 FIRST BIBLE CH,Commissioner of Agriculture and Industries,,REP,Christina Woerner McInnis,146
Morgan,0014 FIRST BIBLE CH,Commissioner of Agriculture and Industries,,REP,Jack Williams,110
Morgan,0015 BURNINGTREE CO CLUB,Commissioner of Agriculture and Industries,,REP,Cory Hill,189
Morgan,0015 BURNINGTREE CO CLUB,Commissioner of Agriculture and Industries,,REP,Christina Woerner McInnis,162
Morgan,0015 BURNINGTREE CO CLUB,Commissioner of Agriculture and Industries,,REP,Jack Williams,128
Morgan,0016 BCOMING CH,Commissioner of Agriculture and Industries,,REP,Cory Hill,148
Morgan,0016 BCOMING CH,Commissioner of Agriculture and Industries,,REP,Christina Woerner McInnis,116
Morgan,0016 BCOMING CH,Commissioner of Agriculture and Industries,,REP,Jack Williams,118
Morgan,0017 POINT MALLARD GRILL,Commissioner of Agriculture and Industries,,REP,Cory Hill,171
Morgan,0017 POINT MALLARD GRILL,Commissioner of Agriculture and Industries,,REP,Christina Woerner McInnis,109
Morgan,0017 POINT MALLARD GRILL,Commissioner of Agriculture and Industries,,REP,Jack Williams,114
Morgan,0018 PRICEVILLE EVENT CTR,Commissioner of Agriculture and Industries,,REP,Cory Hill,487
Morgan,0018 PRICEVILLE EVENT CTR,Commissioner of Agriculture and Industries,,REP,Christina Woerner McInnis,415
Morgan,0018 PRICEVILLE EVENT CTR,Commissioner of Agriculture and Industries,,REP,Jack Williams,413
Morgan,0019 CTR SPGS METHODIST,Commissioner of Agriculture and Industries,,REP,Cory Hill,91
Morgan,0019 CTR SPGS METHODIST,Commissioner of Agriculture and Industries,,REP,Christina Woerner McInnis,68
Morgan,0019 CTR SPGS METHODIST,Commissioner of Agriculture and Industries,,REP,Jack Williams,89
Morgan,0020 COTACO VFD,Commissioner of Agriculture and Industries,,REP,Cory Hill,127
Morgan,0020 COTACO VFD,Commissioner of Agriculture and Industries,,REP,Christina Woerner McInnis,96
Morgan,0020 COTACO VFD,Commissioner of Agriculture and Industries,,REP,Jack Williams,109
Morgan,0021 LACEYS SPRING SR CTR,Commissioner of Agriculture and Industries,,REP,Cory Hill,138
Morgan,0021 LACEYS SPRING SR CTR,Commissioner of Agriculture and Industries,,REP,Christina Woerner McInnis,98
Morgan,0021 LACEYS SPRING SR CTR,Commissioner of Agriculture and Industries,,REP,Jack Williams,81
Morgan,0022 UNION HILL SR CTR,Commissioner of Agriculture and Industries,,REP,Cory Hill,241
Morgan,0022 UNION HILL SR CTR,Commissioner of Agriculture and Industries,,REP,Christina Woerner McInnis,157
Morgan,0022 UNION HILL SR CTR,Commissioner of Agriculture and Industries,,REP,Jack Williams,154
Morgan,0023 TRI-COUNTY VFD,Commissioner of Agriculture and Industries,,REP,Cory Hill,80
Morgan,0023 TRI-COUNTY VFD,Commissioner of Agriculture and Industries,,REP,Christina Woerner McInnis,54
Morgan,0023 TRI-COUNTY VFD,Commissioner of Agriculture and Industries,,REP,Jack Williams,57
Morgan,0024 S.A.V.E.S. VFD,Commissioner of Agriculture and Industries,,REP,Cory Hill,295
Morgan,0024 S.A.V.E.S. VFD,Commissioner of Agriculture and Industries,,REP,Christina Woerner McInnis,159
Morgan,0024 S.A.V.E.S. VFD,Commissioner of Agriculture and Industries,,REP,Jack Williams,187
Morgan,0025 NEW CENTER BAPT CH,Commissioner of Agriculture and Industries,,REP,Cory Hill,174
Morgan,0025 NEW CENTER BAPT CH,Commissioner of Agriculture and Industries,,REP,Christina Woerner McInnis,100
Morgan,0025 NEW CENTER BAPT CH,Commissioner of Agriculture and Industries,,REP,Jack Williams,119
Morgan,0026 SPARKMAN CIVIC CTR,Commissioner of Agriculture and Industries,,REP,Cory Hill,550
Morgan,0026 SPARKMAN CIVIC CTR,Commissioner of Agriculture and Industries,,REP,Christina Woerner McInnis,425
Morgan,0026 SPARKMAN CIVIC CTR,Commissioner of Agriculture and Industries,,REP,Jack Williams,390
Morgan,0027 1ST BAPT-HARTSELLE,Commissioner of Agriculture and Industries,,REP,Cory Hill,310
Morgan,0027 1ST BAPT-HARTSELLE,Commissioner of Agriculture and Industries,,REP,Christina Woerner McInnis,276
Morgan,0027 1ST BAPT-HARTSELLE,Commissioner of Agriculture and Industries,,REP,Jack Williams,258
Morgan,0028 TRINITY MUN BLDG,Commissioner of Agriculture and Industries,,REP,Cory Hill,181
Morgan,0028 TRINITY MUN BLDG,Commissioner of Agriculture and Industries,,REP,Christina Woerner McInnis,118
Morgan,0028 TRINITY MUN BLDG,Commissioner of Agriculture and Industries,,REP,Jack Williams,90
Morgan,0029 W MORGAN WATER AUTH,Commissioner of Agriculture and Industries,,REP,Cory Hill,84
Morgan,0029 W MORGAN WATER AUTH,Commissioner of Agriculture and Industries,,REP,Christina Woerner McInnis,45
Morgan,0029 W MORGAN WATER AUTH,Commissioner of Agriculture and Industries,,REP,Jack Williams,71
Morgan,0030 NEEL VFD,Commissioner of Agriculture and Industries,,REP,Cory Hill,255
Morgan,0030 NEEL VFD,Commissioner of Agriculture and Industries,,REP,Christina Woerner McInnis,161
Morgan,0030 NEEL VFD,Commissioner of Agriculture and Industries,,REP,Jack Williams,161
Morgan,0031 DANVILLE VFD,Commissioner of Agriculture and Industries,,REP,Cory Hill,72
Morgan,0031 DANVILLE VFD,Commissioner of Agriculture and Industries,,REP,Christina Woerner McInnis,47
Morgan,0031 DANVILLE VFD,Commissioner of Agriculture and Industries,,REP,Jack Williams,40
Morgan,0032 MASSEY VFD,Commissioner of Agriculture and Industries,,REP,Cory Hill,107
Morgan,0032 MASSEY VFD,Commissioner of Agriculture and Industries,,REP,Christina Woerner McInnis,69
Morgan,0032 MASSEY VFD,Commissioner of Agriculture and Industries,,REP,Jack Williams,56
Morgan,0033 FALKVILLE MUN BLDG,Commissioner of Agriculture and Industries,,REP,Cory Hill,131
Morgan,0033 FALKVILLE MUN BLDG,Commissioner of Agriculture and Industries,,REP,Christina Woerner McInnis,80
Morgan,0033 FALKVILLE MUN BLDG,Commissioner of Agriculture and Industries,,REP,Jack Williams,112
Morgan,0034 CO DIST 3 VOTING,Commissioner of Agriculture and Industries,,REP,Cory Hill,151
Morgan,0034 CO DIST 3 VOTING,Commissioner of Agriculture and Industries,,REP,Christina Woerner McInnis,102
Morgan,0034 CO DIST 3 VOTING,Commissioner of Agriculture and Industries,,REP,Jack Williams,107
Morgan,0035 ODEN RIDGE VFD,Commissioner of Agriculture and Industries,,REP,Cory Hill,74
Morgan,0035 ODEN RIDGE VFD,Commissioner of Agriculture and Industries,,REP,Christina Woerner McInnis,45
Morgan,0035 ODEN RIDGE VFD,Commissioner of Agriculture and Industries,,REP,Jack Williams,69
Morgan,0036 GRACE POINT BAPT CH,Commissioner of Agriculture and Industries,,REP,Cory Hill,79
Morgan,0036 GRACE POINT BAPT CH,Commissioner of Agriculture and Industries,,REP,Christina Woerner McInnis,30
Morgan,0036 GRACE POINT BAPT CH,Commissioner of Agriculture and Industries,,REP,Jack Williams,41
Morgan,0037 EVA TOWN HALL,Commissioner of Agriculture and Industries,,REP,Cory Hill,158
Morgan,0037 EVA TOWN HALL,Commissioner of Agriculture and Industries,,REP,Christina Woerner McInnis,89
Morgan,0037 EVA TOWN HALL,Commissioner of Agriculture and Industries,,REP,Jack Williams,153
Morgan,0038 GUM POND VFD,Commissioner of Agriculture and Industries,,REP,Cory Hill,63
Morgan,0038 GUM POND VFD,Commissioner of Agriculture and Industries,,REP,Christina Woerner McInnis,26
Morgan,0038 GUM POND VFD,Commissioner of Agriculture and Industries,,REP,Jack Williams,21
Morgan,0039 LEBANON BAPT CH,Commissioner of Agriculture and Industries,,REP,Cory Hill,73
Morgan,0039 LEBANON BAPT CH,Commissioner of Agriculture and Industries,,REP,Christina Woerner McInnis,64
Morgan,0039 LEBANON BAPT CH,Commissioner of Agriculture and Industries,,REP,Jack Williams,61
Morgan,0040 ABSENTEE,Commissioner of Agriculture and Industries,,REP,Cory Hill,61
Morgan,0040 ABSENTEE,Commissioner of Agriculture and Industries,,REP,Christina Woerner McInnis,48
Morgan,0040 ABSENTEE,Commissioner of Agriculture and Industries,,REP,Jack Williams,59
Morgan,0041 PROVISIONAL,Commissioner of Agriculture and Industries,,REP,Cory Hill,12
Morgan,0041 PROVISIONAL,Commissioner of Agriculture and Industries,,REP,Christina Woerner McInnis,2
Morgan,0041 PROVISIONAL,Commissioner of Agriculture and Industries,,REP,Jack Williams,5
Morgan,0001 MACEDONIA C P CH,Public Service Commission,1,REP,Matt Gentry,10
Morgan,0001 MACEDONIA C P CH,Public Service Commission,1,REP,Jeremy H. Oden,6
Morgan,0002 DECATUR FIRE-POL TRA,Public Service Commission,1,REP,Matt Gentry,74
Morgan,0002 DECATUR FIRE-POL TRA,Public Service Commission,1,REP,Jeremy H. Oden,33
Morgan,0003 MORGAN CO COURTHOUSE,Public Service Commission,1,DEM,James O. Gordon,14
Morgan,0003 MORGAN CO COURTHOUSE,Public Service Commission,1,DEM,John Northrop,6
Morgan,0003 MORGAN CO COURTHOUSE,Public Service Commission,1,DEM,Jeff Ramsey,24
Morgan,0004 AQUADOME REC CTR,Public Service Commission,1,REP,Matt Gentry,82
Morgan,0004 AQUADOME REC CTR,Public Service Commission,1,REP,Jeremy H. Oden,38
Morgan,0005 FORT DECATUR REC CTR,Public Service Commission,1,REP,Matt Gentry,174
Morgan,0005 FORT DECATUR REC CTR,Public Service Commission,1,REP,Jeremy H. Oden,116
Morgan,0006 WESTMEADE BAPT CH,Public Service Commission,1,REP,Matt Gentry,51
Morgan,0006 WESTMEADE BAPT CH,Public Service Commission,1,REP,Jeremy H. Oden,46
Morgan,0007 DECATUR UTILITIES,Public Service Commission,1,REP,Matt Gentry,53
Morgan,0007 DECATUR UTILITIES,Public Service Commission,1,REP,Jeremy H. Oden,28
Morgan,0008 1ST BAPT AUSTINVILLE,Public Service Commission,1,REP,Matt Gentry,205
Morgan,0008 1ST BAPT AUSTINVILLE,Public Service Commission,1,REP,Jeremy H. Oden,133
Morgan,0009 AMER LG BLDG POST 15,Public Service Commission,1,REP,Matt Gentry,87
Morgan,0009 AMER LG BLDG POST 15,Public Service Commission,1,REP,Jeremy H. Oden,42
Morgan,0010 DECATUR BAPT CH,Public Service Commission,1,REP,Matt Gentry,410
Morgan,0010 DECATUR BAPT CH,Public Service Commission,1,REP,Jeremy H. Oden,210
Morgan,0011 ST JAMES PRESBY CH,Public Service Commission,1,REP,Matt Gentry,5
Morgan,0011 ST JAMES PRESBY CH,Public Service Commission,1,REP,Jeremy H. Oden,10
Morgan,0012 TURNER SURLES CC,Public Service Commission,1,REP,Matt Gentry,2
Morgan,0012 TURNER SURLES CC,Public Service Commission,1,REP,Jeremy H. Oden,0
Morgan,0013 DECATUR CH OF CHRIST,Public Service Commission,1,REP,Matt Gentry,465
Morgan,0013 DECATUR CH OF CHRIST,Public Service Commission,1,REP,Jeremy H. Oden,237
Morgan,0014 FIRST BIBLE CH,Public Service Commission,1,REP,Matt Gentry,284
Morgan,0014 FIRST BIBLE CH,Public Service Commission,1,REP,Jeremy H. Oden,145
Morgan,0015 BURNINGTREE CO CLUB,Public Service Commission,1,REP,Matt Gentry,312
Morgan,0015 BURNINGTREE CO CLUB,Public Service Commission,1,REP,Jeremy H. Oden,161
Morgan,0016 BCOMING CH,Public Service Commission,1,REP,Matt Gentry,230
Morgan,0016 BCOMING CH,Public Service Commission,1,REP,Jeremy H. Oden,131
Morgan,0017 POINT MALLARD GRILL,Public Service Commission,1,REP,Matt Gentry,267
Morgan,0017 POINT MALLARD GRILL,Public Service Commission,1,REP,Jeremy H. Oden,124
Morgan,0018 PRICEVILLE EVENT CTR,Public Service Commission,1,REP,Matt Gentry,874
Morgan,0018 PRICEVILLE EVENT CTR,Public Service Commission,1,REP,Jeremy H. Oden,469
Morgan,0019 CTR SPGS METHODIST,Public Service Commission,1,REP,Matt Gentry,175
Morgan,0019 CTR SPGS METHODIST,Public Service Commission,1,REP,Jeremy H. Oden,84
Morgan,0020 COTACO VFD,Public Service Commission,1,REP,Matt Gentry,184
Morgan,0020 COTACO VFD,Public Service Commission,1,REP,Jeremy H. Oden,173
Morgan,0021 LACEYS SPRING SR CTR,Public Service Commission,1,REP,Matt Gentry,182
Morgan,0021 LACEYS SPRING SR CTR,Public Service Commission,1,REP,Jeremy H. Oden,136
Morgan,0022 UNION HILL SR CTR,Public Service Commission,1,REP,Matt Gentry,328
Morgan,0022 UNION HILL SR CTR,Public Service Commission,1,REP,Jeremy H. Oden,261
Morgan,0023 TRI-COUNTY VFD,Public Service Commission,1,REP,Matt Gentry,125
Morgan,0023 TRI-COUNTY VFD,Public Service Commission,1,REP,Jeremy H. Oden,91
Morgan,0024 S.A.V.E.S. VFD,Public Service Commission,1,REP,Matt Gentry,359
Morgan,0024 S.A.V.E.S. VFD,Public Service Commission,1,REP,Jeremy H. Oden,300
Morgan,0025 NEW CENTER BAPT CH,Public Service Commission,1,REP,Matt Gentry,283
Morgan,0025 NEW CENTER BAPT CH,Public Service Commission,1,REP,Jeremy H. Oden,132
Morgan,0026 SPARKMAN CIVIC CTR,Public Service Commission,1,REP,Matt Gentry,981
Morgan,0026 SPARKMAN CIVIC CTR,Public Service Commission,1,REP,Jeremy H. Oden,459
Morgan,0027 1ST BAPT-HARTSELLE,Public Service Commission,1,REP,Matt Gentry,598
Morgan,0027 1ST BAPT-HARTSELLE,Public Service Commission,1,REP,Jeremy H. Oden,295
Morgan,0028 TRINITY MUN BLDG,Public Service Commission,1,REP,Matt Gentry,237
Morgan,0028 TRINITY MUN BLDG,Public Service Commission,1,REP,Jeremy H. Oden,159
Morgan,0029 W MORGAN WATER AUTH,Public Service Commission,1,REP,Matt Gentry,146
Morgan,0029 W MORGAN WATER AUTH,Public Service Commission,1,REP,Jeremy H. Oden,62
Morgan,0030 NEEL VFD,Public Service Commission,1,REP,Matt Gentry,418
Morgan,0030 NEEL VFD,Public Service Commission,1,REP,Jeremy H. Oden,184
Morgan,0031 DANVILLE VFD,Public Service Commission,1,REP,Matt Gentry,119
Morgan,0031 DANVILLE VFD,Public Service Commission,1,REP,Jeremy H. Oden,59
Morgan,0032 MASSEY VFD,Public Service Commission,1,REP,Matt Gentry,188
Morgan,0032 MASSEY VFD,Public Service Commission,1,REP,Jeremy H. Oden,57
Morgan,0033 FALKVILLE MUN BLDG,Public Service Commission,1,REP,Matt Gentry,271
Morgan,0033 FALKVILLE MUN BLDG,Public Service Commission,1,REP,Jeremy H. Oden,89
Morgan,0034 CO DIST 3 VOTING,Public Service Commission,1,REP,Matt Gentry,274
Morgan,0034 CO DIST 3 VOTING,Public Service Commission,1,REP,Jeremy H. Oden,131
Morgan,0035 ODEN RIDGE VFD,Public Service Commission,1,REP,Matt Gentry,104
Morgan,0035 ODEN RIDGE VFD,Public Service Commission,1,REP,Jeremy H. Oden,127
Morgan,0036 GRACE POINT BAPT CH,Public Service Commission,1,REP,Matt Gentry,93
Morgan,0036 GRACE POINT BAPT CH,Public Service Commission,1,REP,Jeremy H. Oden,78
Morgan,0037 EVA TOWN HALL,Public Service Commission,1,REP,Matt Gentry,203
Morgan,0037 EVA TOWN HALL,Public Service Commission,1,REP,Jeremy H. Oden,252
Morgan,0038 GUM POND VFD,Public Service Commission,1,REP,Matt Gentry,76
Morgan,0038 GUM POND VFD,Public Service Commission,1,REP,Jeremy H. Oden,57
Morgan,0039 LEBANON BAPT CH,Public Service Commission,1,REP,Matt Gentry,151
Morgan,0039 LEBANON BAPT CH,Public Service Commission,1,REP,Jeremy H. Oden,59
Morgan,0040 ABSENTEE,Public Service Commission,1,REP,Matt Gentry,96
Morgan,0040 ABSENTEE,Public Service Commission,1,REP,Jeremy H. Oden,79
Morgan,0041 PROVISIONAL,Public Service Commission,1,REP,Matt Gentry,13
Morgan,0041 PROVISIONAL,Public Service Commission,1,REP,Jeremy H. Oden,7
Morgan,0001 MACEDONIA C P CH,Public Service Commission,2,REP,Priscilla Andrews,2
Morgan,0001 MACEDONIA C P CH,Public Service Commission,2,REP,Chris Beeker,1
Morgan,0001 MACEDONIA C P CH,Public Service Commission,2,REP,Brent Woodall,5
Morgan,0001 MACEDONIA C P CH,Public Service Commission,2,REP,Jim Zig Zeigler,9
Morgan,0002 DECATUR FIRE-POL TRA,Public Service Commission,2,REP,Priscilla Andrews,9
Morgan,0002 DECATUR FIRE-POL TRA,Public Service Commission,2,REP,Chris Beeker,21
Morgan,0002 DECATUR FIRE-POL TRA,Public Service Commission,2,REP,Brent Woodall,31
Morgan,0002 DECATUR FIRE-POL TRA,Public Service Commission,2,REP,Jim Zig Zeigler,49
Morgan,0003 MORGAN CO COURTHOUSE,Public Service Commission,2,REP,Priscilla Andrews,12
Morgan,0003 MORGAN CO COURTHOUSE,Public Service Commission,2,REP,Chris Beeker,22
Morgan,0003 MORGAN CO COURTHOUSE,Public Service Commission,2,REP,Brent Woodall,28
Morgan,0003 MORGAN CO COURTHOUSE,Public Service Commission,2,REP,Jim Zig Zeigler,43
Morgan,0004 AQUADOME REC CTR,Public Service Commission,2,REP,Priscilla Andrews,11
Morgan,0004 AQUADOME REC CTR,Public Service Commission,2,REP,Chris Beeker,23
Morgan,0004 AQUADOME REC CTR,Public Service Commission,2,REP,Brent Woodall,31
Morgan,0004 AQUADOME REC CTR,Public Service Commission,2,REP,Jim Zig Zeigler,53
Morgan,0005 FORT DECATUR REC CTR,Public Service Commission,2,REP,Priscilla Andrews,35
Morgan,0005 FORT DECATUR REC CTR,Public Service Commission,2,REP,Chris Beeker,70
Morgan,0005 FORT DECATUR REC CTR,Public Service Commission,2,REP,Brent Woodall,77
Morgan,0005 FORT DECATUR REC CTR,Public Service Commission,2,REP,Jim Zig Zeigler,111
Morgan,0006 WESTMEADE BAPT CH,Public Service Commission,2,REP,Priscilla Andrews,15
Morgan,0006 WESTMEADE BAPT CH,Public Service Commission,2,REP,Chris Beeker,15
Morgan,0006 WESTMEADE BAPT CH,Public Service Commission,2,REP,Brent Woodall,26
Morgan,0006 WESTMEADE BAPT CH,Public Service Commission,2,REP,Jim Zig Zeigler,39
Morgan,0007 DECATUR UTILITIES,Public Service Commission,2,REP,Priscilla Andrews,13
Morgan,0007 DECATUR UTILITIES,Public Service Commission,2,REP,Chris Beeker,20
Morgan,0007 DECATUR UTILITIES,Public Service Commission,2,REP,Brent Woodall,15
Morgan,0007 DECATUR UTILITIES,Public Service Commission,2,REP,Jim Zig Zeigler,34
Morgan,0008 1ST BAPT AUSTINVILLE,Public Service Commission,2,REP,Priscilla Andrews,38
Morgan,0008 1ST BAPT AUSTINVILLE,Public Service Commission,2,REP,Chris Beeker,92
Morgan,0008 1ST BAPT AUSTINVILLE,Public Service Commission,2,REP,Brent Woodall,74
Morgan,0008 1ST BAPT AUSTINVILLE,Public Service Commission,2,REP,Jim Zig Zeigler,140
Morgan,0009 AMER LG BLDG POST 15,Public Service Commission,2,REP,Priscilla Andrews,23
Morgan,0009 AMER LG BLDG POST 15,Public Service Commission,2,REP,Chris Beeker,24
Morgan,0009 AMER LG BLDG POST 15,Public Service Commission,2,REP,Brent Woodall,27
Morgan,0009 AMER LG BLDG POST 15,Public Service Commission,2,REP,Jim Zig Zeigler,51
Morgan,0010 DECATUR BAPT CH,Public Service Commission,2,REP,Priscilla Andrews,65
Morgan,0010 DECATUR BAPT CH,Public Service Commission,2,REP,Chris Beeker,184
Morgan,0010 DECATUR BAPT CH,Public Service Commission,2,REP,Brent Woodall,133
Morgan,0010 DECATUR BAPT CH,Public Service Commission,2,REP,Jim Zig Zeigler,254
Morgan,0011 ST JAMES PRESBY CH,Public Service Commission,2,REP,Priscilla Andrews,2
Morgan,0011 ST JAMES PRESBY CH,Public Service Commission,2,REP,Chris Beeker,7
Morgan,0011 ST JAMES PRESBY CH,Public Service Commission,2,REP,Brent Woodall,4
Morgan,0011 ST JAMES PRESBY CH,Public Service Commission,2,REP,Jim Zig Zeigler,2
Morgan,0012 TURNER SURLES CC,Public Service Commission,2,REP,Priscilla Andrews,1
Morgan,0012 TURNER SURLES CC,Public Service Commission,2,REP,Chris Beeker,1
Morgan,0012 TURNER SURLES CC,Public Service Commission,2,REP,Brent Woodall,0
Morgan,0012 TURNER SURLES CC,Public Service Commission,2,REP,Jim Zig Zeigler,0
Morgan,0013 DECATUR CH OF CHRIST,Public Service Commission,2,REP,Priscilla Andrews,68
Morgan,0013 DECATUR CH OF CHRIST,Public Service Commission,2,REP,Chris Beeker,182
Morgan,0013 DECATUR CH OF CHRIST,Public Service Commission,2,REP,Brent Woodall,164
Morgan,0013 DECATUR CH OF CHRIST,Public Service Commission,2,REP,Jim Zig Zeigler,268
Morgan,0014 FIRST BIBLE CH,Public Service Commission,2,REP,Priscilla Andrews,47
Morgan,0014 FIRST BIBLE CH,Public Service Commission,2,REP,Chris Beeker,105
Morgan,0014 FIRST BIBLE CH,Public Service Commission,2,REP,Brent Woodall,86
Morgan,0014 FIRST BIBLE CH,Public Service Commission,2,REP,Jim Zig Zeigler,186
Morgan,0015 BURNINGTREE CO CLUB,Public Service Commission,2,REP,Priscilla Andrews,56
Morgan,0015 BURNINGTREE CO CLUB,Public Service Commission,2,REP,Chris Beeker,95
Morgan,0015 BURNINGTREE CO CLUB,Public Service Commission,2,REP,Brent Woodall,108
Morgan,0015 BURNINGTREE CO CLUB,Public Service Commission,2,REP,Jim Zig Zeigler,221
Morgan,0016 BCOMING CH,Public Service Commission,2,REP,Priscilla Andrews,28
Morgan,0016 BCOMING CH,Public Service Commission,2,REP,Chris Beeker,112
Morgan,0016 BCOMING CH,Public Service Commission,2,REP,Brent Woodall,86
Morgan,0016 BCOMING CH,Public Service Commission,2,REP,Jim Zig Zeigler,151
Morgan,0017 POINT MALLARD GRILL,Public Service Commission,2,REP,Priscilla Andrews,39
Morgan,0017 POINT MALLARD GRILL,Public Service Commission,2,REP,Chris Beeker,120
Morgan,0017 POINT MALLARD GRILL,Public Service Commission,2,REP,Brent Woodall,78
Morgan,0017 POINT MALLARD GRILL,Public Service Commission,2,REP,Jim Zig Zeigler,157
Morgan,0018 PRICEVILLE EVENT CTR,Public Service Commission,2,REP,Priscilla Andrews,164
Morgan,0018 PRICEVILLE EVENT CTR,Public Service Commission,2,REP,Chris Beeker,339
Morgan,0018 PRICEVILLE EVENT CTR,Public Service Commission,2,REP,Brent Woodall,292
Morgan,0018 PRICEVILLE EVENT CTR,Public Service Commission,2,REP,Jim Zig Zeigler,509
Morgan,0019 CTR SPGS METHODIST,Public Service Commission,2,REP,Priscilla Andrews,30
Morgan,0019 CTR SPGS METHODIST,Public Service Commission,2,REP,Chris Beeker,47
Morgan,0019 CTR SPGS METHODIST,Public Service Commission,2,REP,Brent Woodall,74
Morgan,0019 CTR SPGS METHODIST,Public Service Commission,2,REP,Jim Zig Zeigler,95
Morgan,0020 COTACO VFD,Public Service Commission,2,REP,Priscilla Andrews,39
Morgan,0020 COTACO VFD,Public Service Commission,2,REP,Chris Beeker,67
Morgan,0020 COTACO VFD,Public Service Commission,2,REP,Brent Woodall,98
Morgan,0020 COTACO VFD,Public Service Commission,2,REP,Jim Zig Zeigler,122
Morgan,0021 LACEYS SPRING SR CTR,Public Service Commission,2,REP,Priscilla Andrews,39
Morgan,0021 LACEYS SPRING SR CTR,Public Service Commission,2,REP,Chris Beeker,74
Morgan,0021 LACEYS SPRING SR CTR,Public Service Commission,2,REP,Brent Woodall,69
Morgan,0021 LACEYS SPRING SR CTR,Public Service Commission,2,REP,Jim Zig Zeigler,139
Morgan,0022 UNION HILL SR CTR,Public Service Commission,2,REP,Priscilla Andrews,65
Morgan,0022 UNION HILL SR CTR,Public Service Commission,2,REP,Chris Beeker,131
Morgan,0022 UNION HILL SR CTR,Public Service Commission,2,REP,Brent Woodall,141
Morgan,0022 UNION HILL SR CTR,Public Service Commission,2,REP,Jim Zig Zeigler,208
Morgan,0023 TRI-COUNTY VFD,Public Service Commission,2,REP,Priscilla Andrews,17
Morgan,0023 TRI-COUNTY VFD,Public Service Commission,2,REP,Chris Beeker,38
Morgan,0023 TRI-COUNTY VFD,Public Service Commission,2,REP,Brent Woodall,49
Morgan,0023 TRI-COUNTY VFD,Public Service Commission,2,REP,Jim Zig Zeigler,85
Morgan,0024 S.A.V.E.S. VFD,Public Service Commission,2,REP,Priscilla Andrews,60
Morgan,0024 S.A.V.E.S. VFD,Public Service Commission,2,REP,Chris Beeker,176
Morgan,0024 S.A.V.E.S. VFD,Public Service Commission,2,REP,Brent Woodall,168
Morgan,0024 S.A.V.E.S. VFD,Public Service Commission,2,REP,Jim Zig Zeigler,227
Morgan,0025 NEW CENTER BAPT CH,Public Service Commission,2,REP,Priscilla Andrews,43
Morgan,0025 NEW CENTER BAPT CH,Public Service Commission,2,REP,Chris Beeker,92
Morgan,0025 NEW CENTER BAPT CH,Public Service Commission,2,REP,Brent Woodall,116
Morgan,0025 NEW CENTER BAPT CH,Public Service Commission,2,REP,Jim Zig Zeigler,143
Morgan,0026 SPARKMAN CIVIC CTR,Public Service Commission,2,REP,Priscilla Andrews,146
Morgan,0026 SPARKMAN CIVIC CTR,Public Service Commission,2,REP,Chris Beeker,366
Morgan,0026 SPARKMAN CIVIC CTR,Public Service Commission,2,REP,Brent Woodall,329
Morgan,0026 SPARKMAN CIVIC CTR,Public Service Commission,2,REP,Jim Zig Zeigler,530
Morgan,0027 1ST BAPT-HARTSELLE,Public Service Commission,2,REP,Priscilla Andrews,79
Morgan,0027 1ST BAPT-HARTSELLE,Public Service Commission,2,REP,Chris Beeker,241
Morgan,0027 1ST BAPT-HARTSELLE,Public Service Commission,2,REP,Brent Woodall,179
Morgan,0027 1ST BAPT-HARTSELLE,Public Service Commission,2,REP,Jim Zig Zeigler,355
Morgan,0028 TRINITY MUN BLDG,Public Service Commission,2,REP,Priscilla Andrews,43
Morgan,0028 TRINITY MUN BLDG,Public Service Commission,2,REP,Chris Beeker,95
Morgan,0028 TRINITY MUN BLDG,Public Service Commission,2,REP,Brent Woodall,118
Morgan,0028 TRINITY MUN BLDG,Public Service Commission,2,REP,Jim Zig Zeigler,128
Morgan,0029 W MORGAN WATER AUTH,Public Service Commission,2,REP,Priscilla Andrews,17
Morgan,0029 W MORGAN WATER AUTH,Public Service Commission,2,REP,Chris Beeker,48
Morgan,0029 W MORGAN WATER AUTH,Public Service Commission,2,REP,Brent Woodall,58
Morgan,0029 W MORGAN WATER AUTH,Public Service Commission,2,REP,Jim Zig Zeigler,80
Morgan,0030 NEEL VFD,Public Service Commission,2,REP,Priscilla Andrews,73
Morgan,0030 NEEL VFD,Public Service Commission,2,REP,Chris Beeker,128
Morgan,0030 NEEL VFD,Public Service Commission,2,REP,Brent Woodall,149
Morgan,0030 NEEL VFD,Public Service Commission,2,REP,Jim Zig Zeigler,223
Morgan,0031 DANVILLE VFD,Public Service Commission,2,REP,Priscilla Andrews,18
Morgan,0031 DANVILLE VFD,Public Service Commission,2,REP,Chris Beeker,43
Morgan,0031 DANVILLE VFD,Public Service Commission,2,REP,Brent Woodall,31
Morgan,0031 DANVILLE VFD,Public Service Commission,2,REP,Jim Zig Zeigler,61
Morgan,0032 MASSEY VFD,Public Service Commission,2,REP,Priscilla Andrews,22
Morgan,0032 MASSEY VFD,Public Service Commission,2,REP,Chris Beeker,59
Morgan,0032 MASSEY VFD,Public Service Commission,2,REP,Brent Woodall,48
Morgan,0032 MASSEY VFD,Public Service Commission,2,REP,Jim Zig Zeigler,102
Morgan,0033 FALKVILLE MUN BLDG,Public Service Commission,2,REP,Priscilla Andrews,37
Morgan,0033 FALKVILLE MUN BLDG,Public Service Commission,2,REP,Chris Beeker,78
Morgan,0033 FALKVILLE MUN BLDG,Public Service Commission,2,REP,Brent Woodall,91
Morgan,0033 FALKVILLE MUN BLDG,Public Service Commission,2,REP,Jim Zig Zeigler,121
Morgan,0034 CO DIST 3 VOTING,Public Service Commission,2,REP,Priscilla Andrews,29
Morgan,0034 CO DIST 3 VOTING,Public Service Commission,2,REP,Chris Beeker,89
Morgan,0034 CO DIST 3 VOTING,Public Service Commission,2,REP,Brent Woodall,104
Morgan,0034 CO DIST 3 VOTING,Public Service Commission,2,REP,Jim Zig Zeigler,140
Morgan,0035 ODEN RIDGE VFD,Public Service Commission,2,REP,Priscilla Andrews,20
Morgan,0035 ODEN RIDGE VFD,Public Service Commission,2,REP,Chris Beeker,31
Morgan,0035 ODEN RIDGE VFD,Public Service Commission,2,REP,Brent Woodall,71
Morgan,0035 ODEN RIDGE VFD,Public Service Commission,2,REP,Jim Zig Zeigler,68
Morgan,0036 GRACE POINT BAPT CH,Public Service Commission,2,REP,Priscilla Andrews,14
Morgan,0036 GRACE POINT BAPT CH,Public Service Commission,2,REP,Chris Beeker,29
Morgan,0036 GRACE POINT BAPT CH,Public Service Commission,2,REP,Brent Woodall,50
Morgan,0036 GRACE POINT BAPT CH,Public Service Commission,2,REP,Jim Zig Zeigler,56
Morgan,0037 EVA TOWN HALL,Public Service Commission,2,REP,Priscilla Andrews,48
Morgan,0037 EVA TOWN HALL,Public Service Commission,2,REP,Chris Beeker,98
Morgan,0037 EVA TOWN HALL,Public Service Commission,2,REP,Brent Woodall,111
Morgan,0037 EVA TOWN HALL,Public Service Commission,2,REP,Jim Zig Zeigler,143
Morgan,0038 GUM POND VFD,Public Service Commission,2,REP,Priscilla Andrews,11
Morgan,0038 GUM POND VFD,Public Service Commission,2,REP,Chris Beeker,38
Morgan,0038 GUM POND VFD,Public Service Commission,2,REP,Brent Woodall,27
Morgan,0038 GUM POND VFD,Public Service Commission,2,REP,Jim Zig Zeigler,32
Morgan,0039 LEBANON BAPT CH,Public Service Commission,2,REP,Priscilla Andrews,21
Morgan,0039 LEBANON BAPT CH,Public Service Commission,2,REP,Chris Beeker,63
Morgan,0039 LEBANON BAPT CH,Public Service Commission,2,REP,Brent Woodall,36
Morgan,0039 LEBANON BAPT CH,Public Service Commission,2,REP,Jim Zig Zeigler,72
Morgan,0040 ABSENTEE,Public Service Commission,2,REP,Priscilla Andrews,17
Morgan,0040 ABSENTEE,Public Service Commission,2,REP,Chris Beeker,46
Morgan,0040 ABSENTEE,Public Service Commission,2,REP,Brent Woodall,46
Morgan,0040 ABSENTEE,Public Service Commission,2,REP,Jim Zig Zeigler,58
Morgan,0041 PROVISIONAL,Public Service Commission,2,REP,Priscilla Andrews,1
Morgan,0041 PROVISIONAL,Public Service Commission,2,REP,Chris Beeker,3
Morgan,0041 PROVISIONAL,Public Service Commission,2,REP,Brent Woodall,10
Morgan,0041 PROVISIONAL,Public Service Commission,2,REP,Jim Zig Zeigler,7
Morgan,0001 MACEDONIA C P CH,Member Morgan County Commission,1,REP,Vaughn Goodwin,9
Morgan,0001 MACEDONIA C P CH,Member Morgan County Commission,1,REP,J.R. (Sonny) Westmoreland,8
Morgan,0002 DECATUR FIRE-POL TRA,Member Morgan County Commission,1,REP,Vaughn Goodwin,33
Morgan,0002 DECATUR FIRE-POL TRA,Member Morgan County Commission,1,REP,J.R. (Sonny) Westmoreland,40
Morgan,0003 MORGAN CO COURTHOUSE,Member Morgan County Commission,1,REP,Vaughn Goodwin,41
Morgan,0003 MORGAN CO COURTHOUSE,Member Morgan County Commission,1,REP,J.R. (Sonny) Westmoreland,30
Morgan,0004 AQUADOME REC CTR,Member Morgan County Commission,1,REP,Vaughn Goodwin,43
Morgan,0004 AQUADOME REC CTR,Member Morgan County Commission,1,REP,J.R. (Sonny) Westmoreland,44
Morgan,0005 FORT DECATUR REC CTR,Member Morgan County Commission,1,REP,Vaughn Goodwin,141
Morgan,0005 FORT DECATUR REC CTR,Member Morgan County Commission,1,REP,J.R. (Sonny) Westmoreland,71
Morgan,0006 WESTMEADE BAPT CH,Member Morgan County Commission,1,REP,Vaughn Goodwin,42
Morgan,0006 WESTMEADE BAPT CH,Member Morgan County Commission,1,REP,J.R. (Sonny) Westmoreland,27
Morgan,0007 DECATUR UTILITIES,Member Morgan County Commission,1,REP,Vaughn Goodwin,29
Morgan,0007 DECATUR UTILITIES,Member Morgan County Commission,1,REP,J.R. (Sonny) Westmoreland,18
Morgan,0008 1ST BAPT AUSTINVILLE,Member Morgan County Commission,1,REP,Vaughn Goodwin,152
Morgan,0008 1ST BAPT AUSTINVILLE,Member Morgan County Commission,1,REP,J.R. (Sonny) Westmoreland,96
Morgan,0009 AMER LG BLDG POST 15,Member Morgan County Commission,1,REP,Vaughn Goodwin,50
Morgan,0009 AMER LG BLDG POST 15,Member Morgan County Commission,1,REP,J.R. (Sonny) Westmoreland,27
Morgan,0010 DECATUR BAPT CH,Member Morgan County Commission,1,REP,Vaughn Goodwin,330
Morgan,0010 DECATUR BAPT CH,Member Morgan County Commission,1,REP,J.R. (Sonny) Westmoreland,105
Morgan,0011 ST JAMES PRESBY CH,Member Morgan County Commission,1,REP,Vaughn Goodwin,10
Morgan,0011 ST JAMES PRESBY CH,Member Morgan County Commission,1,REP,J.R. (Sonny) Westmoreland,3
Morgan,0012 TURNER SURLES CC,Member Morgan County Commission,1,REP,Vaughn Goodwin,1
Morgan,0012 TURNER SURLES CC,Member Morgan County Commission,1,REP,J.R. (Sonny) Westmoreland,1
Morgan,0013 DECATUR CH OF CHRIST,Member Morgan County Commission,1,REP,Vaughn Goodwin,356
Morgan,0013 DECATUR CH OF CHRIST,Member Morgan County Commission,1,REP,J.R. (Sonny) Westmoreland,135
Morgan,0014 FIRST BIBLE CH,Member Morgan County Commission,1,REP,Vaughn Goodwin,202
Morgan,0014 FIRST BIBLE CH,Member Morgan County Commission,1,REP,J.R. (Sonny) Westmoreland,72
Morgan,0015 BURNINGTREE CO CLUB,Member Morgan County Commission,1,REP,Vaughn Goodwin,204
Morgan,0015 BURNINGTREE CO CLUB,Member Morgan County Commission,1,REP,J.R. (Sonny) Westmoreland,90
Morgan,0016 BCOMING CH,Member Morgan County Commission,1,REP,Vaughn Goodwin,215
Morgan,0016 BCOMING CH,Member Morgan County Commission,1,REP,J.R. (Sonny) Westmoreland,64
Morgan,0017 POINT MALLARD GRILL,Member Morgan County Commission,1,REP,Vaughn Goodwin,198
Morgan,0017 POINT MALLARD GRILL,Member Morgan County Commission,1,REP,J.R. (Sonny) Westmoreland,69
Morgan,0018 PRICEVILLE EVENT CTR,Member Morgan County Commission,1,REP,Vaughn Goodwin,281
Morgan,0018 PRICEVILLE EVENT CTR,Member Morgan County Commission,1,REP,J.R. (Sonny) Westmoreland,268
Morgan,0019 CTR SPGS METHODIST,Member Morgan County Commission,1,REP,Vaughn Goodwin,19
Morgan,0019 CTR SPGS METHODIST,Member Morgan County Commission,1,REP,J.R. (Sonny) Westmoreland,82
Morgan,0020 COTACO VFD,Member Morgan County Commission,1,REP,Vaughn Goodwin,72
Morgan,0020 COTACO VFD,Member Morgan County Commission,1,REP,J.R. (Sonny) Westmoreland,76
Morgan,0021 LACEYS SPRING SR CTR,Member Morgan County Commission,1,REP,Vaughn Goodwin,80
Morgan,0021 LACEYS SPRING SR CTR,Member Morgan County Commission,1,REP,J.R. (Sonny) Westmoreland,91
Morgan,0022 UNION HILL SR CTR,Member Morgan County Commission,1,REP,Vaughn Goodwin,153
Morgan,0022 UNION HILL SR CTR,Member Morgan County Commission,1,REP,J.R. (Sonny) Westmoreland,124
Morgan,0023 TRI-COUNTY VFD,Member Morgan County Commission,1,REP,Vaughn Goodwin,54
Morgan,0023 TRI-COUNTY VFD,Member Morgan County Commission,1,REP,J.R. (Sonny) Westmoreland,62
Morgan,0024 S.A.V.E.S. VFD,Member Morgan County Commission,1,REP,Vaughn Goodwin,91
Morgan,0024 S.A.V.E.S. VFD,Member Morgan County Commission,1,REP,J.R. (Sonny) Westmoreland,133
Morgan,0025 NEW CENTER BAPT CH,Member Morgan County Commission,1,REP,Vaughn Goodwin,78
Morgan,0025 NEW CENTER BAPT CH,Member Morgan County Commission,1,REP,J.R. (Sonny) Westmoreland,83
Morgan,0026 SPARKMAN CIVIC CTR,Member Morgan County Commission,1,REP,Vaughn Goodwin,544
Morgan,0026 SPARKMAN CIVIC CTR,Member Morgan County Commission,1,REP,J.R. (Sonny) Westmoreland,236
Morgan,0027 1ST BAPT-HARTSELLE,Member Morgan County Commission,1,REP,Vaughn Goodwin,251
Morgan,0027 1ST BAPT-HARTSELLE,Member Morgan County Commission,1,REP,J.R. (Sonny) Westmoreland,144
Morgan,0028 TRINITY MUN BLDG,Member Morgan County Commission,1,REP,Vaughn Goodwin,400
Morgan,0028 TRINITY MUN BLDG,Member Morgan County Commission,1,REP,J.R. (Sonny) Westmoreland,29
Morgan,0029 W MORGAN WATER AUTH,Member Morgan County Commission,1,REP,Vaughn Goodwin,121
Morgan,0029 W MORGAN WATER AUTH,Member Morgan County Commission,1,REP,J.R. (Sonny) Westmoreland,30
Morgan,0030 NEEL VFD,Member Morgan County Commission,1,REP,Vaughn Goodwin,265
Morgan,0030 NEEL VFD,Member Morgan County Commission,1,REP,J.R. (Sonny) Westmoreland,105
Morgan,0031 DANVILLE VFD,Member Morgan County Commission,1,REP,Vaughn Goodwin,67
Morgan,0031 DANVILLE VFD,Member Morgan County Commission,1,REP,J.R. (Sonny) Westmoreland,21
Morgan,0032 MASSEY VFD,Member Morgan County Commission,1,REP,Vaughn Goodwin,85
Morgan,0032 MASSEY VFD,Member Morgan County Commission,1,REP,J.R. (Sonny) Westmoreland,32
Morgan,0033 FALKVILLE MUN BLDG,Member Morgan County Commission,1,REP,Vaughn Goodwin,103
Morgan,0033 FALKVILLE MUN BLDG,Member Morgan County Commission,1,REP,J.R. (Sonny) Westmoreland,54
Morgan,0034 CO DIST 3 VOTING,Member Morgan County Commission,1,REP,Vaughn Goodwin,110
Morgan,0034 CO DIST 3 VOTING,Member Morgan County Commission,1,REP,J.R. (Sonny) Westmoreland,63
Morgan,0035 ODEN RIDGE VFD,Member Morgan County Commission,1,REP,Vaughn Goodwin,43
Morgan,0035 ODEN RIDGE VFD,Member Morgan County Commission,1,REP,J.R. (Sonny) Westmoreland,27
Morgan,0036 GRACE POINT BAPT CH,Member Morgan County Commission,1,REP,Vaughn Goodwin,26
Morgan,0036 GRACE POINT BAPT CH,Member Morgan County Commission,1,REP,J.R. (Sonny) Westmoreland,37
Morgan,0037 EVA TOWN HALL,Member Morgan County Commission,1,REP,Vaughn Goodwin,112
Morgan,0037 EVA TOWN HALL,Member Morgan County Commission,1,REP,J.R. (Sonny) Westmoreland,63
Morgan,0038 GUM POND VFD,Member Morgan County Commission,1,REP,Vaughn Goodwin,24
Morgan,0038 GUM POND VFD,Member Morgan County Commission,1,REP,J.R. (Sonny) Westmoreland,19
Morgan,0039 LEBANON BAPT CH,Member Morgan County Commission,1,REP,Vaughn Goodwin,66
Morgan,0039 LEBANON BAPT CH,Member Morgan County Commission,1,REP,J.R. (Sonny) Westmoreland,22
Morgan,0040 ABSENTEE,Member Morgan County Commission,1,REP,Vaughn Goodwin,57
Morgan,0040 ABSENTEE,Member Morgan County Commission,1,REP,J.R. (Sonny) Westmoreland,30
Morgan,0041 PROVISIONAL,Member Morgan County Commission,1,REP,Vaughn Goodwin,9
Morgan,0041 PROVISIONAL,Member Morgan County Commission,1,REP,J.R. (Sonny) Westmoreland,1
Morgan,0001 MACEDONIA C P CH,Morgan County Sheriff,,REP,Ana Woodard Franklin,4
Morgan,0001 MACEDONIA C P CH,Morgan County Sheriff,,REP,Ron Puckett,15
Morgan,0002 DECATUR FIRE-POL TRA,Morgan County Sheriff,,REP,Ana Woodard Franklin,23
Morgan,0002 DECATUR FIRE-POL TRA,Morgan County Sheriff,,REP,Ron Puckett,100
Morgan,0003 MORGAN CO COURTHOUSE,Morgan County Sheriff,,REP,Ana Woodard Franklin,15
Morgan,0003 MORGAN CO COURTHOUSE,Morgan County Sheriff,,REP,Ron Puckett,105
Morgan,0004 AQUADOME REC CTR,Morgan County Sheriff,,REP,Ana Woodard Franklin,24
Morgan,0004 AQUADOME REC CTR,Morgan County Sheriff,,REP,Ron Puckett,104
Morgan,0005 FORT DECATUR REC CTR,Morgan County Sheriff,,REP,Ana Woodard Franklin,51
Morgan,0005 FORT DECATUR REC CTR,Morgan County Sheriff,,REP,Ron Puckett,284
Morgan,0006 WESTMEADE BAPT CH,Morgan County Sheriff,,REP,Ana Woodard Franklin,19
Morgan,0006 WESTMEADE BAPT CH,Morgan County Sheriff,,REP,Ron Puckett,92
Morgan,0007 DECATUR UTILITIES,Morgan County Sheriff,,REP,Ana Woodard Franklin,20
Morgan,0007 DECATUR UTILITIES,Morgan County Sheriff,,REP,Ron Puckett,70
Morgan,0008 1ST BAPT AUSTINVILLE,Morgan County Sheriff,,REP,Ana Woodard Franklin,63
Morgan,0008 1ST BAPT AUSTINVILLE,Morgan County Sheriff,,REP,Ron Puckett,323
Morgan,0009 AMER LG BLDG POST 15,Morgan County Sheriff,,REP,Ana Woodard Franklin,30
Morgan,0009 AMER LG BLDG POST 15,Morgan County Sheriff,,REP,Ron Puckett,107
Morgan,0010 DECATUR BAPT CH,Morgan County Sheriff,,REP,Ana Woodard Franklin,100
Morgan,0010 DECATUR BAPT CH,Morgan County Sheriff,,REP,Ron Puckett,617
Morgan,0011 ST JAMES PRESBY CH,Morgan County Sheriff,,REP,Ana Woodard Franklin,6
Morgan,0011 ST JAMES PRESBY CH,Morgan County Sheriff,,REP,Ron Puckett,10
Morgan,0012 TURNER SURLES CC,Morgan County Sheriff,,REP,Ana Woodard Franklin,0
Morgan,0012 TURNER SURLES CC,Morgan County Sheriff,,REP,Ron Puckett,2
Morgan,0013 DECATUR CH OF CHRIST,Morgan County Sheriff,,REP,Ana Woodard Franklin,128
Morgan,0013 DECATUR CH OF CHRIST,Morgan County Sheriff,,REP,Ron Puckett,684
Morgan,0014 FIRST BIBLE CH,Morgan County Sheriff,,REP,Ana Woodard Franklin,66
Morgan,0014 FIRST BIBLE CH,Morgan County Sheriff,,REP,Ron Puckett,419
Morgan,0015 BURNINGTREE CO CLUB,Morgan County Sheriff,,REP,Ana Woodard Franklin,96
Morgan,0015 BURNINGTREE CO CLUB,Morgan County Sheriff,,REP,Ron Puckett,454
Morgan,0016 BCOMING CH,Morgan County Sheriff,,REP,Ana Woodard Franklin,52
Morgan,0016 BCOMING CH,Morgan County Sheriff,,REP,Ron Puckett,389
Morgan,0017 POINT MALLARD GRILL,Morgan County Sheriff,,REP,Ana Woodard Franklin,41
Morgan,0017 POINT MALLARD GRILL,Morgan County Sheriff,,REP,Ron Puckett,426
Morgan,0018 PRICEVILLE EVENT CTR,Morgan County Sheriff,,REP,Ana Woodard Franklin,325
Morgan,0018 PRICEVILLE EVENT CTR,Morgan County Sheriff,,REP,Ron Puckett,1223
Morgan,0019 CTR SPGS METHODIST,Morgan County Sheriff,,REP,Ana Woodard Franklin,58
Morgan,0019 CTR SPGS METHODIST,Morgan County Sheriff,,REP,Ron Puckett,246
Morgan,0020 COTACO VFD,Morgan County Sheriff,,REP,Ana Woodard Franklin,136
Morgan,0020 COTACO VFD,Morgan County Sheriff,,REP,Ron Puckett,264
Morgan,0021 LACEYS SPRING SR CTR,Morgan County Sheriff,,REP,Ana Woodard Franklin,183
Morgan,0021 LACEYS SPRING SR CTR,Morgan County Sheriff,,REP,Ron Puckett,173
Morgan,0022 UNION HILL SR CTR,Morgan County Sheriff,,REP,Ana Woodard Franklin,242
Morgan,0022 UNION HILL SR CTR,Morgan County Sheriff,,REP,Ron Puckett,404
Morgan,0023 TRI-COUNTY VFD,Morgan County Sheriff,,REP,Ana Woodard Franklin,97
Morgan,0023 TRI-COUNTY VFD,Morgan County Sheriff,,REP,Ron Puckett,125
Morgan,0024 S.A.V.E.S. VFD,Morgan County Sheriff,,REP,Ana Woodard Franklin,139
Morgan,0024 S.A.V.E.S. VFD,Morgan County Sheriff,,REP,Ron Puckett,592
Morgan,0025 NEW CENTER BAPT CH,Morgan County Sheriff,,REP,Ana Woodard Franklin,80
Morgan,0025 NEW CENTER BAPT CH,Morgan County Sheriff,,REP,Ron Puckett,385
Morgan,0026 SPARKMAN CIVIC CTR,Morgan County Sheriff,,REP,Ana Woodard Franklin,150
Morgan,0026 SPARKMAN CIVIC CTR,Morgan County Sheriff,,REP,Ron Puckett,1443
Morgan,0027 1ST BAPT-HARTSELLE,Morgan County Sheriff,,REP,Ana Woodard Franklin,95
Morgan,0027 1ST BAPT-HARTSELLE,Morgan County Sheriff,,REP,Ron Puckett,911
Morgan,0028 TRINITY MUN BLDG,Morgan County Sheriff,,REP,Ana Woodard Franklin,95
Morgan,0028 TRINITY MUN BLDG,Morgan County Sheriff,,REP,Ron Puckett,372
Morgan,0029 W MORGAN WATER AUTH,Morgan County Sheriff,,REP,Ana Woodard Franklin,35
Morgan,0029 W MORGAN WATER AUTH,Morgan County Sheriff,,REP,Ron Puckett,198
Morgan,0030 NEEL VFD,Morgan County Sheriff,,REP,Ana Woodard Franklin,92
Morgan,0030 NEEL VFD,Morgan County Sheriff,,REP,Ron Puckett,590
Morgan,0031 DANVILLE VFD,Morgan County Sheriff,,REP,Ana Woodard Franklin,25
Morgan,0031 DANVILLE VFD,Morgan County Sheriff,,REP,Ron Puckett,196
Morgan,0032 MASSEY VFD,Morgan County Sheriff,,REP,Ana Woodard Franklin,29
Morgan,0032 MASSEY VFD,Morgan County Sheriff,,REP,Ron Puckett,241
Morgan,0033 FALKVILLE MUN BLDG,Morgan County Sheriff,,REP,Ana Woodard Franklin,53
Morgan,0033 FALKVILLE MUN BLDG,Morgan County Sheriff,,REP,Ron Puckett,335
Morgan,0034 CO DIST 3 VOTING,Morgan County Sheriff,,REP,Ana Woodard Franklin,82
Morgan,0034 CO DIST 3 VOTING,Morgan County Sheriff,,REP,Ron Puckett,350
Morgan,0035 ODEN RIDGE VFD,Morgan County Sheriff,,REP,Ana Woodard Franklin,58
Morgan,0035 ODEN RIDGE VFD,Morgan County Sheriff,,REP,Ron Puckett,174
Morgan,0036 GRACE POINT BAPT CH,Morgan County Sheriff,,REP,Ana Woodard Franklin,46
Morgan,0036 GRACE POINT BAPT CH,Morgan County Sheriff,,REP,Ron Puckett,144
Morgan,0037 EVA TOWN HALL,Morgan County Sheriff,,REP,Ana Woodard Franklin,120
Morgan,0037 EVA TOWN HALL,Morgan County Sheriff,,REP,Ron Puckett,351
Morgan,0038 GUM POND VFD,Morgan County Sheriff,,REP,Ana Woodard Franklin,38
Morgan,0038 GUM POND VFD,Morgan County Sheriff,,REP,Ron Puckett,94
Morgan,0039 LEBANON BAPT CH,Morgan County Sheriff,,REP,Ana Woodard Franklin,17
Morgan,0039 LEBANON BAPT CH,Morgan County Sheriff,,REP,Ron Puckett,206
Morgan,0040 ABSENTEE,Morgan County Sheriff,,REP,Ana Woodard Franklin,38
Morgan,0040 ABSENTEE,Morgan County Sheriff,,REP,Ron Puckett,167
Morgan,0041 PROVISIONAL,Morgan County Sheriff,,REP,Ana Woodard Franklin,4
Morgan,0041 PROVISIONAL,Morgan County Sheriff,,REP,Ron Puckett,19
Morgan,0001 MACEDONIA C P CH,Morgan County Revenue Commissioner,,REP,April Smith Hall,2
Morgan,0001 MACEDONIA C P CH,Morgan County Revenue Commissioner,,REP,John L. Moore,10
Morgan,0001 MACEDONIA C P CH,Morgan County Revenue Commissioner,,REP,Mark McCurry,7
Morgan,0002 DECATUR FIRE-POL TRA,Morgan County Revenue Commissioner,,REP,April Smith Hall,21
Morgan,0002 DECATUR FIRE-POL TRA,Morgan County Revenue Commissioner,,REP,John L. Moore,42
Morgan,0002 DECATUR FIRE-POL TRA,Morgan County Revenue Commissioner,,REP,Mark McCurry,51
Morgan,0003 MORGAN CO COURTHOUSE,Morgan County Revenue Commissioner,,REP,April Smith Hall,21
Morgan,0003 MORGAN CO COURTHOUSE,Morgan County Revenue Commissioner,,REP,John L. Moore,49
Morgan,0003 MORGAN CO COURTHOUSE,Morgan County Revenue Commissioner,,REP,Mark McCurry,41
Morgan,0004 AQUADOME REC CTR,Morgan County Revenue Commissioner,,REP,April Smith Hall,27
Morgan,0004 AQUADOME REC CTR,Morgan County Revenue Commissioner,,REP,John L. Moore,48
Morgan,0004 AQUADOME REC CTR,Morgan County Revenue Commissioner,,REP,Mark McCurry,48
Morgan,0005 FORT DECATUR REC CTR,Morgan County Revenue Commissioner,,REP,April Smith Hall,58
Morgan,0005 FORT DECATUR REC CTR,Morgan County Revenue Commissioner,,REP,John L. Moore,105
Morgan,0005 FORT DECATUR REC CTR,Morgan County Revenue Commissioner,,REP,Mark McCurry,153
Morgan,0006 WESTMEADE BAPT CH,Morgan County Revenue Commissioner,,REP,April Smith Hall,27
Morgan,0006 WESTMEADE BAPT CH,Morgan County Revenue Commissioner,,REP,John L. Moore,42
Morgan,0006 WESTMEADE BAPT CH,Morgan County Revenue Commissioner,,REP,Mark McCurry,33
Morgan,0007 DECATUR UTILITIES,Morgan County Revenue Commissioner,,REP,April Smith Hall,25
Morgan,0007 DECATUR UTILITIES,Morgan County Revenue Commissioner,,REP,John L. Moore,28
Morgan,0007 DECATUR UTILITIES,Morgan County Revenue Commissioner,,REP,Mark McCurry,33
Morgan,0008 1ST BAPT AUSTINVILLE,Morgan County Revenue Commissioner,,REP,April Smith Hall,82
Morgan,0008 1ST BAPT AUSTINVILLE,Morgan County Revenue Commissioner,,REP,John L. Moore,135
Morgan,0008 1ST BAPT AUSTINVILLE,Morgan County Revenue Commissioner,,REP,Mark McCurry,131
Morgan,0009 AMER LG BLDG POST 15,Morgan County Revenue Commissioner,,REP,April Smith Hall,40
Morgan,0009 AMER LG BLDG POST 15,Morgan County Revenue Commissioner,,REP,John L. Moore,43
Morgan,0009 AMER LG BLDG POST 15,Morgan County Revenue Commissioner,,REP,Mark McCurry,49
Morgan,0010 DECATUR BAPT CH,Morgan County Revenue Commissioner,,REP,April Smith Hall,100
Morgan,0010 DECATUR BAPT CH,Morgan County Revenue Commissioner,,REP,John L. Moore,299
Morgan,0010 DECATUR BAPT CH,Morgan County Revenue Commissioner,,REP,Mark McCurry,255
Morgan,0011 ST JAMES PRESBY CH,Morgan County Revenue Commissioner,,REP,April Smith Hall,3
Morgan,0011 ST JAMES PRESBY CH,Morgan County Revenue Commissioner,,REP,John L. Moore,6
Morgan,0011 ST JAMES PRESBY CH,Morgan County Revenue Commissioner,,REP,Mark McCurry,7
Morgan,0012 TURNER SURLES CC,Morgan County Revenue Commissioner,,REP,April Smith Hall,0
Morgan,0012 TURNER SURLES CC,Morgan County Revenue Commissioner,,REP,John L. Moore,2
Morgan,0012 TURNER SURLES CC,Morgan County Revenue Commissioner,,REP,Mark McCurry,0
Morgan,0013 DECATUR CH OF CHRIST,Morgan County Revenue Commissioner,,REP,April Smith Hall,139
Morgan,0013 DECATUR CH OF CHRIST,Morgan County Revenue Commissioner,,REP,John L. Moore,361
Morgan,0013 DECATUR CH OF CHRIST,Morgan County Revenue Commissioner,,REP,Mark McCurry,268
Morgan,0014 FIRST BIBLE CH,Morgan County Revenue Commissioner,,REP,April Smith Hall,86
Morgan,0014 FIRST BIBLE CH,Morgan County Revenue Commissioner,,REP,John L. Moore,153
Morgan,0014 FIRST BIBLE CH,Morgan County Revenue Commissioner,,REP,Mark McCurry,208
Morgan,0015 BURNINGTREE CO CLUB,Morgan County Revenue Commissioner,,REP,April Smith Hall,108
Morgan,0015 BURNINGTREE CO CLUB,Morgan County Revenue Commissioner,,REP,John L. Moore,206
Morgan,0015 BURNINGTREE CO CLUB,Morgan County Revenue Commissioner,,REP,Mark McCurry,208
Morgan,0016 BCOMING CH,Morgan County Revenue Commissioner,,REP,April Smith Hall,82
Morgan,0016 BCOMING CH,Morgan County Revenue Commissioner,,REP,John L. Moore,119
Morgan,0016 BCOMING CH,Morgan County Revenue Commissioner,,REP,Mark McCurry,214
Morgan,0017 POINT MALLARD GRILL,Morgan County Revenue Commissioner,,REP,April Smith Hall,49
Morgan,0017 POINT MALLARD GRILL,Morgan County Revenue Commissioner,,REP,John L. Moore,159
Morgan,0017 POINT MALLARD GRILL,Morgan County Revenue Commissioner,,REP,Mark McCurry,247
Morgan,0018 PRICEVILLE EVENT CTR,Morgan County Revenue Commissioner,,REP,April Smith Hall,449
Morgan,0018 PRICEVILLE EVENT CTR,Morgan County Revenue Commissioner,,REP,John L. Moore,624
Morgan,0018 PRICEVILLE EVENT CTR,Morgan County Revenue Commissioner,,REP,Mark McCurry,388
Morgan,0019 CTR SPGS METHODIST,Morgan County Revenue Commissioner,,REP,April Smith Hall,103
Morgan,0019 CTR SPGS METHODIST,Morgan County Revenue Commissioner,,REP,John L. Moore,122
Morgan,0019 CTR SPGS METHODIST,Morgan County Revenue Commissioner,,REP,Mark McCurry,54
Morgan,0020 COTACO VFD,Morgan County Revenue Commissioner,,REP,April Smith Hall,126
Morgan,0020 COTACO VFD,Morgan County Revenue Commissioner,,REP,John L. Moore,209
Morgan,0020 COTACO VFD,Morgan County Revenue Commissioner,,REP,Mark McCurry,53
Morgan,0021 LACEYS SPRING SR CTR,Morgan County Revenue Commissioner,,REP,April Smith Hall,108
Morgan,0021 LACEYS SPRING SR CTR,Morgan County Revenue Commissioner,,REP,John L. Moore,148
Morgan,0021 LACEYS SPRING SR CTR,Morgan County Revenue Commissioner,,REP,Mark McCurry,66
Morgan,0022 UNION HILL SR CTR,Morgan County Revenue Commissioner,,REP,April Smith Hall,156
Morgan,0022 UNION HILL SR CTR,Morgan County Revenue Commissioner,,REP,John L. Moore,388
Morgan,0022 UNION HILL SR CTR,Morgan County Revenue Commissioner,,REP,Mark McCurry,59
Morgan,0023 TRI-COUNTY VFD,Morgan County Revenue Commissioner,,REP,April Smith Hall,66
Morgan,0023 TRI-COUNTY VFD,Morgan County Revenue Commissioner,,REP,John L. Moore,101
Morgan,0023 TRI-COUNTY VFD,Morgan County Revenue Commissioner,,REP,Mark McCurry,34
Morgan,0024 S.A.V.E.S. VFD,Morgan County Revenue Commissioner,,REP,April Smith Hall,250
Morgan,0024 S.A.V.E.S. VFD,Morgan County Revenue Commissioner,,REP,John L. Moore,323
Morgan,0024 S.A.V.E.S. VFD,Morgan County Revenue Commissioner,,REP,Mark McCurry,110
Morgan,0025 NEW CENTER BAPT CH,Morgan County Revenue Commissioner,,REP,April Smith Hall,149
Morgan,0025 NEW CENTER BAPT CH,Morgan County Revenue Commissioner,,REP,John L. Moore,190
Morgan,0025 NEW CENTER BAPT CH,Morgan County Revenue Commissioner,,REP,Mark McCurry,90
Morgan,0026 SPARKMAN CIVIC CTR,Morgan County Revenue Commissioner,,REP,April Smith Hall,392
Morgan,0026 SPARKMAN CIVIC CTR,Morgan County Revenue Commissioner,,REP,John L. Moore,720
Morgan,0026 SPARKMAN CIVIC CTR,Morgan County Revenue Commissioner,,REP,Mark McCurry,345
Morgan,0027 1ST BAPT-HARTSELLE,Morgan County Revenue Commissioner,,REP,April Smith Hall,265
Morgan,0027 1ST BAPT-HARTSELLE,Morgan County Revenue Commissioner,,REP,John L. Moore,431
Morgan,0027 1ST BAPT-HARTSELLE,Morgan County Revenue Commissioner,,REP,Mark McCurry,217
Morgan,0028 TRINITY MUN BLDG,Morgan County Revenue Commissioner,,REP,April Smith Hall,78
Morgan,0028 TRINITY MUN BLDG,Morgan County Revenue Commissioner,,REP,John L. Moore,153
Morgan,0028 TRINITY MUN BLDG,Morgan County Revenue Commissioner,,REP,Mark McCurry,197
Morgan,0029 W MORGAN WATER AUTH,Morgan County Revenue Commissioner,,REP,April Smith Hall,47
Morgan,0029 W MORGAN WATER AUTH,Morgan County Revenue Commissioner,,REP,John L. Moore,82
Morgan,0029 W MORGAN WATER AUTH,Morgan County Revenue Commissioner,,REP,Mark McCurry,94
Morgan,0030 NEEL VFD,Morgan County Revenue Commissioner,,REP,April Smith Hall,189
Morgan,0030 NEEL VFD,Morgan County Revenue Commissioner,,REP,John L. Moore,272
Morgan,0030 NEEL VFD,Morgan County Revenue Commissioner,,REP,Mark McCurry,150
Morgan,0031 DANVILLE VFD,Morgan County Revenue Commissioner,,REP,April Smith Hall,43
Morgan,0031 DANVILLE VFD,Morgan County Revenue Commissioner,,REP,John L. Moore,87
Morgan,0031 DANVILLE VFD,Morgan County Revenue Commissioner,,REP,Mark McCurry,53
Morgan,0032 MASSEY VFD,Morgan County Revenue Commissioner,,REP,April Smith Hall,86
Morgan,0032 MASSEY VFD,Morgan County Revenue Commissioner,,REP,John L. Moore,90
Morgan,0032 MASSEY VFD,Morgan County Revenue Commissioner,,REP,Mark McCurry,74
Morgan,0033 FALKVILLE MUN BLDG,Morgan County Revenue Commissioner,,REP,April Smith Hall,129
Morgan,0033 FALKVILLE MUN BLDG,Morgan County Revenue Commissioner,,REP,John L. Moore,110
Morgan,0033 FALKVILLE MUN BLDG,Morgan County Revenue Commissioner,,REP,Mark McCurry,114
Morgan,0034 CO DIST 3 VOTING,Morgan County Revenue Commissioner,,REP,April Smith Hall,166
Morgan,0034 CO DIST 3 VOTING,Morgan County Revenue Commissioner,,REP,John L. Moore,140
Morgan,0034 CO DIST 3 VOTING,Morgan County Revenue Commissioner,,REP,Mark McCurry,87
Morgan,0035 ODEN RIDGE VFD,Morgan County Revenue Commissioner,,REP,April Smith Hall,89
Morgan,0035 ODEN RIDGE VFD,Morgan County Revenue Commissioner,,REP,John L. Moore,114
Morgan,0035 ODEN RIDGE VFD,Morgan County Revenue Commissioner,,REP,Mark McCurry,29
Morgan,0036 GRACE POINT BAPT CH,Morgan County Revenue Commissioner,,REP,April Smith Hall,68
Morgan,0036 GRACE POINT BAPT CH,Morgan County Revenue Commissioner,,REP,John L. Moore,88
Morgan,0036 GRACE POINT BAPT CH,Morgan County Revenue Commissioner,,REP,Mark McCurry,24
Morgan,0037 EVA TOWN HALL,Morgan County Revenue Commissioner,,REP,April Smith Hall,190
Morgan,0037 EVA TOWN HALL,Morgan County Revenue Commissioner,,REP,John L. Moore,212
Morgan,0037 EVA TOWN HALL,Morgan County Revenue Commissioner,,REP,Mark McCurry,61
Morgan,0038 GUM POND VFD,Morgan County Revenue Commissioner,,REP,April Smith Hall,68
Morgan,0038 GUM POND VFD,Morgan County Revenue Commissioner,,REP,John L. Moore,50
Morgan,0038 GUM POND VFD,Morgan County Revenue Commissioner,,REP,Mark McCurry,13
Morgan,0039 LEBANON BAPT CH,Morgan County Revenue Commissioner,,REP,April Smith Hall,87
Morgan,0039 LEBANON BAPT CH,Morgan County Revenue Commissioner,,REP,John L. Moore,70
Morgan,0039 LEBANON BAPT CH,Morgan County Revenue Commissioner,,REP,Mark McCurry,49
Morgan,0040 ABSENTEE,Morgan County Revenue Commissioner,,REP,April Smith Hall,72
Morgan,0040 ABSENTEE,Morgan County Revenue Commissioner,,REP,John L. Moore,58
Morgan,0040 ABSENTEE,Morgan County Revenue Commissioner,,REP,Mark McCurry,69
Morgan,0041 PROVISIONAL,Morgan County Revenue Commissioner,,REP,April Smith Hall,4
Morgan,0041 PROVISIONAL,Morgan County Revenue Commissioner,,REP,John L. Moore,9
Morgan,0041 PROVISIONAL,Morgan County Revenue Commissioner,,REP,Mark McCurry,10
Morgan,0001 MACEDONIA C P CH,Superintendent Morgan County Board of Education,,REP,Daniel Gullion,4
Morgan,0001 MACEDONIA C P CH,Superintendent Morgan County Board of Education,,REP,Tracie Turrentine,12
Morgan,0002 DECATUR FIRE-POL TRA,Superintendent Morgan County Board of Education,,REP,Daniel Gullion,47
Morgan,0002 DECATUR FIRE-POL TRA,Superintendent Morgan County Board of Education,,REP,Tracie Turrentine,74
Morgan,0018 PRICEVILLE EVENT CTR,Superintendent Morgan County Board of Education,,REP,Daniel Gullion,950
Morgan,0018 PRICEVILLE EVENT CTR,Superintendent Morgan County Board of Education,,REP,Tracie Turrentine,602
Morgan,0019 CTR SPGS METHODIST,Superintendent Morgan County Board of Education,,REP,Daniel Gullion,193
Morgan,0019 CTR SPGS METHODIST,Superintendent Morgan County Board of Education,,REP,Tracie Turrentine,108
Morgan,0020 COTACO VFD,Superintendent Morgan County Board of Education,,REP,Daniel Gullion,273
Morgan,0020 COTACO VFD,Superintendent Morgan County Board of Education,,REP,Tracie Turrentine,140
Morgan,0021 LACEYS SPRING SR CTR,Superintendent Morgan County Board of Education,,REP,Daniel Gullion,164
Morgan,0021 LACEYS SPRING SR CTR,Superintendent Morgan County Board of Education,,REP,Tracie Turrentine,182
Morgan,0022 UNION HILL SR CTR,Superintendent Morgan County Board of Education,,REP,Daniel Gullion,383
Morgan,0022 UNION HILL SR CTR,Superintendent Morgan County Board of Education,,REP,Tracie Turrentine,259
Morgan,0023 TRI-COUNTY VFD,Superintendent Morgan County Board of Education,,REP,Daniel Gullion,110
Morgan,0023 TRI-COUNTY VFD,Superintendent Morgan County Board of Education,,REP,Tracie Turrentine,107
Morgan,0024 S.A.V.E.S. VFD,Superintendent Morgan County Board of Education,,REP,Daniel Gullion,516
Morgan,0024 S.A.V.E.S. VFD,Superintendent Morgan County Board of Education,,REP,Tracie Turrentine,204
Morgan,0025 NEW CENTER BAPT CH,Superintendent Morgan County Board of Education,,REP,Daniel Gullion,288
Morgan,0025 NEW CENTER BAPT CH,Superintendent Morgan County Board of Education,,REP,Tracie Turrentine,160
Morgan,0026 SPARKMAN CIVIC CTR,Superintendent Morgan County Board of Education,,REP,Daniel Gullion,56
Morgan,0026 SPARKMAN CIVIC CTR,Superintendent Morgan County Board of Education,,REP,Tracie Turrentine,71
Morgan,0027 1ST BAPT-HARTSELLE,Superintendent Morgan County Board of Education,,REP,Daniel Gullion,111
Morgan,0027 1ST BAPT-HARTSELLE,Superintendent Morgan County Board of Education,,REP,Tracie Turrentine,111
Morgan,0028 TRINITY MUN BLDG,Superintendent Morgan County Board of Education,,REP,Daniel Gullion,132
Morgan,0028 TRINITY MUN BLDG,Superintendent Morgan County Board of Education,,REP,Tracie Turrentine,335
Morgan,0029 W MORGAN WATER AUTH,Superintendent Morgan County Board of Education,,REP,Daniel Gullion,86
Morgan,0029 W MORGAN WATER AUTH,Superintendent Morgan County Board of Education,,REP,Tracie Turrentine,140
Morgan,0030 NEEL VFD,Superintendent Morgan County Board of Education,,REP,Daniel Gullion,260
Morgan,0030 NEEL VFD,Superintendent Morgan County Board of Education,,REP,Tracie Turrentine,424
Morgan,0031 DANVILLE VFD,Superintendent Morgan County Board of Education,,REP,Daniel Gullion,78
Morgan,0031 DANVILLE VFD,Superintendent Morgan County Board of Education,,REP,Tracie Turrentine,133
Morgan,0032 MASSEY VFD,Superintendent Morgan County Board of Education,,REP,Daniel Gullion,148
Morgan,0032 MASSEY VFD,Superintendent Morgan County Board of Education,,REP,Tracie Turrentine,117
Morgan,0033 FALKVILLE MUN BLDG,Superintendent Morgan County Board of Education,,REP,Daniel Gullion,234
Morgan,0033 FALKVILLE MUN BLDG,Superintendent Morgan County Board of Education,,REP,Tracie Turrentine,146
Morgan,0034 CO DIST 3 VOTING,Superintendent Morgan County Board of Education,,REP,Daniel Gullion,227
Morgan,0034 CO DIST 3 VOTING,Superintendent Morgan County Board of Education,,REP,Tracie Turrentine,192
Morgan,0035 ODEN RIDGE VFD,Superintendent Morgan County Board of Education,,REP,Daniel Gullion,115
Morgan,0035 ODEN RIDGE VFD,Superintendent Morgan County Board of Education,,REP,Tracie Turrentine,117
Morgan,0036 GRACE POINT BAPT CH,Superintendent Morgan County Board of Education,,REP,Daniel Gullion,143
Morgan,0036 GRACE POINT BAPT CH,Superintendent Morgan County Board of Education,,REP,Tracie Turrentine,52
Morgan,0037 EVA TOWN HALL,Superintendent Morgan County Board of Education,,REP,Daniel Gullion,286
Morgan,0037 EVA TOWN HALL,Superintendent Morgan County Board of Education,,REP,Tracie Turrentine,182
Morgan,0038 GUM POND VFD,Superintendent Morgan County Board of Education,,REP,Daniel Gullion,78
Morgan,0038 GUM POND VFD,Superintendent Morgan County Board of Education,,REP,Tracie Turrentine,58
Morgan,0039 LEBANON BAPT CH,Superintendent Morgan County Board of Education,,REP,Daniel Gullion,127
Morgan,0039 LEBANON BAPT CH,Superintendent Morgan County Board of Education,,REP,Tracie Turrentine,89
Morgan,0040 ABSENTEE,Superintendent Morgan County Board of Education,,REP,Daniel Gullion,57
Morgan,0040 ABSENTEE,Superintendent Morgan County Board of Education,,REP,Tracie Turrentine,51
Morgan,0041 PROVISIONAL,Superintendent Morgan County Board of Education,,REP,Daniel Gullion,9
Morgan,0041 PROVISIONAL,Superintendent Morgan County Board of Education,,REP,Tracie Turrentine,4
Morgan,0001 MACEDONIA C P CH,Member Morgan County Board of Education,N,REP,Kenny Corder,6
Morgan,0001 MACEDONIA C P CH,Member Morgan County Board of Education,N,REP,Christ A. Humphries,12
Morgan,0002 DECATUR FIRE-POL TRA,Member Morgan County Board of Education,N,REP,Kenny Corder,37
Morgan,0002 DECATUR FIRE-POL TRA,Member Morgan County Board of Education,N,REP,Christ A. Humphries,69
Morgan,0018 PRICEVILLE EVENT CTR,Member Morgan County Board of Education,N,REP,Kenny Corder,605
Morgan,0018 PRICEVILLE EVENT CTR,Member Morgan County Board of Education,N,REP,Christ A. Humphries,888
Morgan,0019 CTR SPGS METHODIST,Member Morgan County Board of Education,N,REP,Kenny Corder,101
Morgan,0019 CTR SPGS METHODIST,Member Morgan County Board of Education,N,REP,Christ A. Humphries,191
Morgan,0020 COTACO VFD,Member Morgan County Board of Education,N,REP,Kenny Corder,130
Morgan,0020 COTACO VFD,Member Morgan County Board of Education,N,REP,Christ A. Humphries,275
Morgan,0021 LACEYS SPRING SR CTR,Member Morgan County Board of Education,N,REP,Kenny Corder,90
Morgan,0021 LACEYS SPRING SR CTR,Member Morgan County Board of Education,N,REP,Christ A. Humphries,238
Morgan,0022 UNION HILL SR CTR,Member Morgan County Board of Education,N,REP,Kenny Corder,178
Morgan,0022 UNION HILL SR CTR,Member Morgan County Board of Education,N,REP,Christ A. Humphries,400
Morgan,0023 TRI-COUNTY VFD,Member Morgan County Board of Education,N,REP,Kenny Corder,62
Morgan,0023 TRI-COUNTY VFD,Member Morgan County Board of Education,N,REP,Christ A. Humphries,141
Morgan,0024 S.A.V.E.S. VFD,Member Morgan County Board of Education,N,REP,Kenny Corder,338
Morgan,0024 S.A.V.E.S. VFD,Member Morgan County Board of Education,N,REP,Christ A. Humphries,373
Morgan,0025 NEW CENTER BAPT CH,Member Morgan County Board of Education,N,REP,Kenny Corder,198
Morgan,0025 NEW CENTER BAPT CH,Member Morgan County Board of Education,N,REP,Christ A. Humphries,230
Morgan,0026 SPARKMAN CIVIC CTR,Member Morgan County Board of Education,N,REP,Kenny Corder,40
Morgan,0026 SPARKMAN CIVIC CTR,Member Morgan County Board of Education,N,REP,Christ A. Humphries,72
Morgan,0027 1ST BAPT-HARTSELLE,Member Morgan County Board of Education,N,REP,Kenny Corder,77
Morgan,0027 1ST BAPT-HARTSELLE,Member Morgan County Board of Education,N,REP,Christ A. Humphries,119
Morgan,0028 TRINITY MUN BLDG,Member Morgan County Board of Education,N,REP,Kenny Corder,164
Morgan,0028 TRINITY MUN BLDG,Member Morgan County Board of Education,N,REP,Christ A. Humphries,253
Morgan,0029 W MORGAN WATER AUTH,Member Morgan County Board of Education,N,REP,Kenny Corder,78
Morgan,0029 W MORGAN WATER AUTH,Member Morgan County Board of Education,N,REP,Christ A. Humphries,132
Morgan,0030 NEEL VFD,Member Morgan County Board of Education,N,REP,Kenny Corder,270
Morgan,0030 NEEL VFD,Member Morgan County Board of Education,N,REP,Christ A. Humphries,338
Morgan,0031 DANVILLE VFD,Member Morgan County Board of Education,N,REP,Kenny Corder,76
Morgan,0031 DANVILLE VFD,Member Morgan County Board of Education,N,REP,Christ A. Humphries,108
Morgan,0032 MASSEY VFD,Member Morgan County Board of Education,N,REP,Kenny Corder,81
Morgan,0032 MASSEY VFD,Member Morgan County Board of Education,N,REP,Christ A. Humphries,166
Morgan,0033 FALKVILLE MUN BLDG,Member Morgan County Board of Education,N,REP,Kenny Corder,106
Morgan,0033 FALKVILLE MUN BLDG,Member Morgan County Board of Education,N,REP,Christ A. Humphries,236
Morgan,0034 CO DIST 3 VOTING,Member Morgan County Board of Education,N,REP,Kenny Corder,138
Morgan,0034 CO DIST 3 VOTING,Member Morgan County Board of Education,N,REP,Christ A. Humphries,254
Morgan,0035 ODEN RIDGE VFD,Member Morgan County Board of Education,N,REP,Kenny Corder,76
Morgan,0035 ODEN RIDGE VFD,Member Morgan County Board of Education,N,REP,Christ A. Humphries,148
Morgan,0036 GRACE POINT BAPT CH,Member Morgan County Board of Education,N,REP,Kenny Corder,62
Morgan,0036 GRACE POINT BAPT CH,Member Morgan County Board of Education,N,REP,Christ A. Humphries,123
Morgan,0037 EVA TOWN HALL,Member Morgan County Board of Education,N,REP,Kenny Corder,144
Morgan,0037 EVA TOWN HALL,Member Morgan County Board of Education,N,REP,Christ A. Humphries,306
Morgan,0038 GUM POND VFD,Member Morgan County Board of Education,N,REP,Kenny Corder,36
Morgan,0038 GUM POND VFD,Member Morgan County Board of Education,N,REP,Christ A. Humphries,93
Morgan,0039 LEBANON BAPT CH,Member Morgan County Board of Education,N,REP,Kenny Corder,79
Morgan,0039 LEBANON BAPT CH,Member Morgan County Board of Education,N,REP,Christ A. Humphries,120
Morgan,0040 ABSENTEE,Member Morgan County Board of Education,N,REP,Kenny Corder,43
Morgan,0040 ABSENTEE,Member Morgan County Board of Education,N,REP,Christ A. Humphries,55
Morgan,0041 PROVISIONAL,Member Morgan County Board of Education,N,REP,Kenny Corder,8
Morgan,0041 PROVISIONAL,Member Morgan County Board of Education,N,REP,Christ A. Humphries,5
Morgan,0001 MACEDONIA C P CH,Proposed Statewide Amendment 1,,,Yes,32
Morgan,0001 MACEDONIA C P CH,Proposed Statewide Amendment 1,,,No,5
Morgan,0002 DECATUR FIRE-POL TRA,Proposed Statewide Amendment 1,,,Yes,122
Morgan,0002 DECATUR FIRE-POL TRA,Proposed Statewide Amendment 1,,,No,9
Morgan,0003 MORGAN CO COURTHOUSE,Proposed Statewide Amendment 1,,,Yes,125
Morgan,0003 MORGAN CO COURTHOUSE,Proposed Statewide Amendment 1,,,No,45
Morgan,0004 AQUADOME REC CTR,Proposed Statewide Amendment 1,,,Yes,410
Morgan,0004 AQUADOME REC CTR,Proposed Statewide Amendment 1,,,No,126
Morgan,0005 FORT DECATUR REC CTR,Proposed Statewide Amendment 1,,,Yes,488
Morgan,0005 FORT DECATUR REC CTR,Proposed Statewide Amendment 1,,,No,123
Morgan,0006 WESTMEADE BAPT CH,Proposed Statewide Amendment 1,,,Yes,203
Morgan,0006 WESTMEADE BAPT CH,Proposed Statewide Amendment 1,,,No,51
Morgan,0007 DECATUR UTILITIES,Proposed Statewide Amendment 1,,,Yes,121
Morgan,0007 DECATUR UTILITIES,Proposed Statewide Amendment 1,,,No,18
Morgan,0008 1ST BAPT AUSTINVILLE,Proposed Statewide Amendment 1,,,Yes,547
Morgan,0008 1ST BAPT AUSTINVILLE,Proposed Statewide Amendment 1,,,No,90
Morgan,0009 AMER LG BLDG POST 15,Proposed Statewide Amendment 1,,,Yes,178
Morgan,0009 AMER LG BLDG POST 15,Proposed Statewide Amendment 1,,,No,33
Morgan,0010 DECATUR BAPT CH,Proposed Statewide Amendment 1,,,Yes,969
Morgan,0010 DECATUR BAPT CH,Proposed Statewide Amendment 1,,,No,173
Morgan,0011 ST JAMES PRESBY CH,Proposed Statewide Amendment 1,,,Yes,268
Morgan,0011 ST JAMES PRESBY CH,Proposed Statewide Amendment 1,,,No,109
Morgan,0012 TURNER SURLES C C,Proposed Statewide Amendment 1,,,Yes,96
Morgan,0012 TURNER SURLES C C,Proposed Statewide Amendment 1,,,No,27
Morgan,0013 DECATUR CH OF CHRIST,Proposed Statewide Amendment 1,,,Yes,887
Morgan,0013 DECATUR CH OF CHRIST,Proposed Statewide Amendment 1,,,No,141
Morgan,0014 FIRST BIBLE CH,Proposed Statewide Amendment 1,,,Yes,633
Morgan,0014 FIRST BIBLE CH,Proposed Statewide Amendment 1,,,No,107
Morgan,0015 BURNINGTREE CO CLUB,Proposed Statewide Amendment 1,,,Yes,585
Morgan,0015 BURNINGTREE CO CLUB,Proposed Statewide Amendment 1,,,No,75
Morgan,0016 BCOMING CH,Proposed Statewide Amendment 1,,,Yes,508
Morgan,0016 BCOMING CH,Proposed Statewide Amendment 1,,,No,53
Morgan,0017 POINT MALLARD GRILL,Proposed Statewide Amendment 1,,,Yes,503
Morgan,0017 POINT MALLARD GRILL,Proposed Statewide Amendment 1,,,No,73
Morgan,0018 PRICEVILLE EVENT CTR,Proposed Statewide Amendment 1,,,Yes,1506
Morgan,0018 PRICEVILLE EVENT CTR,Proposed Statewide Amendment 1,,,No,184
Morgan,0019 CTR SPGS METHODIST,Proposed Statewide Amendment 1,,,Yes,296
Morgan,0019 CTR SPGS METHODIST,Proposed Statewide Amendment 1,,,No,36
Morgan,0020 COTACO VFD,Proposed Statewide Amendment 1,,,Yes,357
Morgan,0020 COTACO VFD,Proposed Statewide Amendment 1,,,No,55
Morgan,0021 LACEYS SPRING SR CTR,Proposed Statewide Amendment 1,,,Yes,337
Morgan,0021 LACEYS SPRING SR CTR,Proposed Statewide Amendment 1,,,No,66
Morgan,0022 UNION HILL SR CTR,Proposed Statewide Amendment 1,,,Yes,617
Morgan,0022 UNION HILL SR CTR,Proposed Statewide Amendment 1,,,No,79
Morgan,0023 TRI-COUNTY VFD,Proposed Statewide Amendment 1,,,Yes,206
Morgan,0023 TRI-COUNTY VFD,Proposed Statewide Amendment 1,,,No,29
Morgan,0024 S.A.V.E.S. VFD,Proposed Statewide Amendment 1,,,Yes,664
Morgan,0024 S.A.V.E.S. VFD,Proposed Statewide Amendment 1,,,No,88
Morgan,0025 NEW CENTER BAPT CH,Proposed Statewide Amendment 1,,,Yes,426
Morgan,0025 NEW CENTER BAPT CH,Proposed Statewide Amendment 1,,,No,46
Morgan,0026 SPARKMAN CIVIC CTR,Proposed Statewide Amendment 1,,,Yes,1550
Morgan,0026 SPARKMAN CIVIC CTR,Proposed Statewide Amendment 1,,,No,188
Morgan,0027 1ST BAPT-HARTSELLE,Proposed Statewide Amendment 1,,,Yes,1009
Morgan,0027 1ST BAPT-HARTSELLE,Proposed Statewide Amendment 1,,,No,128
Morgan,0028 TRINITY MUN BLDG,Proposed Statewide Amendment 1,,,Yes,503
Morgan,0028 TRINITY MUN BLDG,Proposed Statewide Amendment 1,,,No,55
Morgan,0029 W MORGAN WATER AUTH,Proposed Statewide Amendment 1,,,Yes,233
Morgan,0029 W MORGAN WATER AUTH,Proposed Statewide Amendment 1,,,No,24
Morgan,0030 NEEL VFD,Proposed Statewide Amendment 1,,,Yes,638
Morgan,0030 NEEL VFD,Proposed Statewide Amendment 1,,,No,50
Morgan,0031 DANVILLE VFD,Proposed Statewide Amendment 1,,,Yes,202
Morgan,0031 DANVILLE VFD,Proposed Statewide Amendment 1,,,No,15
Morgan,0032 MASSEY VFD,Proposed Statewide Amendment 1,,,Yes,252
Morgan,0032 MASSEY VFD,Proposed Statewide Amendment 1,,,No,24
Morgan,0033 FALKVILLE MUN BLDG,Proposed Statewide Amendment 1,,,Yes,364
Morgan,0033 FALKVILLE MUN BLDG,Proposed Statewide Amendment 1,,,No,32
Morgan,0034 CO DIST 3 VOTING,Proposed Statewide Amendment 1,,,Yes,393
Morgan,0034 CO DIST 3 VOTING,Proposed Statewide Amendment 1,,,No,49
Morgan,0035 ODEN RIDGE VFD,Proposed Statewide Amendment 1,,,Yes,198
Morgan,0035 ODEN RIDGE VFD,Proposed Statewide Amendment 1,,,No,25
Morgan,0036 GRACE POINT BAPT CH,Proposed Statewide Amendment 1,,,Yes,171
Morgan,0036 GRACE POINT BAPT CH,Proposed Statewide Amendment 1,,,No,28
Morgan,0037 EVA TOWN HALL,Proposed Statewide Amendment 1,,,Yes,400
Morgan,0037 EVA TOWN HALL,Proposed Statewide Amendment 1,,,No,67
Morgan,0038 GUM POND VFD,Proposed Statewide Amendment 1,,,Yes,128
Morgan,0038 GUM POND VFD,Proposed Statewide Amendment 1,,,No,15
Morgan,0039 LEBANON BAPT CH,Proposed Statewide Amendment 1,,,Yes,204
Morgan,0039 LEBANON BAPT CH,Proposed Statewide Amendment 1,,,No,27
Morgan,0040 ABSENTEE,Proposed Statewide Amendment 1,,,Yes,232
Morgan,0040 ABSENTEE,Proposed Statewide Amendment 1,,,No,23
Morgan,0041 PROVISIONAL,Proposed Statewide Amendment 1,,,Yes,22
Morgan,0041 PROVISIONAL,Proposed Statewide Amendment 1,,,No,3
Morgan,0001 MACEDONIA C P CH,Proposed Statewide Amendment 2,,,Yes,19
Morgan,0001 MACEDONIA C P CH,Proposed Statewide Amendment 2,,,No,16
Morgan,0002 DECATUR FIRE-POL TRA,Proposed Statewide Amendment 2,,,Yes,69
Morgan,0002 DECATUR FIRE-POL TRA,Proposed Statewide Amendment 2,,,No,58
Morgan,0003 MORGAN CO COURTHOUSE,Proposed Statewide Amendment 2,,,Yes,93
Morgan,0003 MORGAN CO COURTHOUSE,Proposed Statewide Amendment 2,,,No,70
Morgan,0004 AQUADOME REC CTR,Proposed Statewide Amendment 2,,,Yes,313
Morgan,0004 AQUADOME REC CTR,Proposed Statewide Amendment 2,,,No,216
Morgan,0005 FORT DECATUR REC CTR,Proposed Statewide Amendment 2,,,Yes,340
Morgan,0005 FORT DECATUR REC CTR,Proposed Statewide Amendment 2,,,No,261
Morgan,0006 WESTMEADE BAPT CH,Proposed Statewide Amendment 2,,,Yes,142
Morgan,0006 WESTMEADE BAPT CH,Proposed Statewide Amendment 2,,,No,106
Morgan,0007 DECATUR UTILITIES,Proposed Statewide Amendment 2,,,Yes,70
Morgan,0007 DECATUR UTILITIES,Proposed Statewide Amendment 2,,,No,64
Morgan,0008 1ST BAPT AUSTINVILLE,Proposed Statewide Amendment 2,,,Yes,361
Morgan,0008 1ST BAPT AUSTINVILLE,Proposed Statewide Amendment 2,,,No,261
Morgan,0009 AMER LG BLDG POST 15,Proposed Statewide Amendment 2,,,Yes,118
Morgan,0009 AMER LG BLDG POST 15,Proposed Statewide Amendment 2,,,No,90
Morgan,0010 DECATUR BAPT CH,Proposed Statewide Amendment 2,,,Yes,664
Morgan,0010 DECATUR BAPT CH,Proposed Statewide Amendment 2,,,No,440
Morgan,0011 ST JAMES PRESBY CH,Proposed Statewide Amendment 2,,,Yes,251
Morgan,0011 ST JAMES PRESBY CH,Proposed Statewide Amendment 2,,,No,124
Morgan,0012 TURNER SURLES C C,Proposed Statewide Amendment 2,,,Yes,96
Morgan,0012 TURNER SURLES C C,Proposed Statewide Amendment 2,,,No,27
Morgan,0013 DECATUR CH OF CHRIST,Proposed Statewide Amendment 2,,,Yes,585
Morgan,0013 DECATUR CH OF CHRIST,Proposed Statewide Amendment 2,,,No,402
Morgan,0014 FIRST BIBLE CH,Proposed Statewide Amendment 2,,,Yes,450
Morgan,0014 FIRST BIBLE CH,Proposed Statewide Amendment 2,,,No,267
Morgan,0015 BURNINGTREE CO CLUB,Proposed Statewide Amendment 2,,,Yes,427
Morgan,0015 BURNINGTREE CO CLUB,Proposed Statewide Amendment 2,,,No,204
Morgan,0016 BCOMING CH,Proposed Statewide Amendment 2,,,Yes,348
Morgan,0016 BCOMING CH,Proposed Statewide Amendment 2,,,No,193
Morgan,0017 POINT MALLARD GRILL,Proposed Statewide Amendment 2,,,Yes,379
Morgan,0017 POINT MALLARD GRILL,Proposed Statewide Amendment 2,,,No,175
Morgan,0018 PRICEVILLE EVENT CTR,Proposed Statewide Amendment 2,,,Yes,892
Morgan,0018 PRICEVILLE EVENT CTR,Proposed Statewide Amendment 2,,,No,722
Morgan,0019 CTR SPGS METHODIST,Proposed Statewide Amendment 2,,,Yes,174
Morgan,0019 CTR SPGS METHODIST,Proposed Statewide Amendment 2,,,No,139
Morgan,0020 COTACO VFD,Proposed Statewide Amendment 2,,,Yes,208
Morgan,0020 COTACO VFD,Proposed Statewide Amendment 2,,,No,187
Morgan,0021 LACEYS SPRING SR CTR,Proposed Statewide Amendment 2,,,Yes,217
Morgan,0021 LACEYS SPRING SR CTR,Proposed Statewide Amendment 2,,,No,172
Morgan,0022 UNION HILL SR CTR,Proposed Statewide Amendment 2,,,Yes,338
Morgan,0022 UNION HILL SR CTR,Proposed Statewide Amendment 2,,,No,329
Morgan,0023 TRI-COUNTY VFD,Proposed Statewide Amendment 2,,,Yes,103
Morgan,0023 TRI-COUNTY VFD,Proposed Statewide Amendment 2,,,No,123
Morgan,0024 S.A.V.E.S. VFD,Proposed Statewide Amendment 2,,,Yes,388
Morgan,0024 S.A.V.E.S. VFD,Proposed Statewide Amendment 2,,,No,329
Morgan,0025 NEW CENTER BAPT CH,Proposed Statewide Amendment 2,,,Yes,249
Morgan,0025 NEW CENTER BAPT CH,Proposed Statewide Amendment 2,,,No,208
Morgan,0026 SPARKMAN CIVIC CTR,Proposed Statewide Amendment 2,,,Yes,971
Morgan,0026 SPARKMAN CIVIC CTR,Proposed Statewide Amendment 2,,,No,702
Morgan,0027 1ST BAPT-HARTSELLE,Proposed Statewide Amendment 2,,,Yes,652
Morgan,0027 1ST BAPT-HARTSELLE,Proposed Statewide Amendment 2,,,No,453
Morgan,0028 TRINITY MUN BLDG,Proposed Statewide Amendment 2,,,Yes,300
Morgan,0028 TRINITY MUN BLDG,Proposed Statewide Amendment 2,,,No,227
Morgan,0029 W MORGAN WATER AUTH,Proposed Statewide Amendment 2,,,Yes,129
Morgan,0029 W MORGAN WATER AUTH,Proposed Statewide Amendment 2,,,No,117
Morgan,0030 NEEL VFD,Proposed Statewide Amendment 2,,,Yes,383
Morgan,0030 NEEL VFD,Proposed Statewide Amendment 2,,,No,273
Morgan,0031 DANVILLE VFD,Proposed Statewide Amendment 2,,,Yes,141
Morgan,0031 DANVILLE VFD,Proposed Statewide Amendment 2,,,No,68
Morgan,0032 MASSEY VFD,Proposed Statewide Amendment 2,,,Yes,157
Morgan,0032 MASSEY VFD,Proposed Statewide Amendment 2,,,No,106
Morgan,0033 FALKVILLE MUN BLDG,Proposed Statewide Amendment 2,,,Yes,191
Morgan,0033 FALKVILLE MUN BLDG,Proposed Statewide Amendment 2,,,No,190
Morgan,0034 CO DIST 3 VOTING,Proposed Statewide Amendment 2,,,Yes,214
Morgan,0034 CO DIST 3 VOTING,Proposed Statewide Amendment 2,,,No,207
Morgan,0035 ODEN RIDGE VFD,Proposed Statewide Amendment 2,,,Yes,115
Morgan,0035 ODEN RIDGE VFD,Proposed Statewide Amendment 2,,,No,101
Morgan,0036 GRACE POINT BAPT CH,Proposed Statewide Amendment 2,,,Yes,98
Morgan,0036 GRACE POINT BAPT CH,Proposed Statewide Amendment 2,,,No,89
Morgan,0037 EVA TOWN HALL,Proposed Statewide Amendment 2,,,Yes,237
Morgan,0037 EVA TOWN HALL,Proposed Statewide Amendment 2,,,No,203
Morgan,0038 GUM POND VFD,Proposed Statewide Amendment 2,,,Yes,72
Morgan,0038 GUM POND VFD,Proposed Statewide Amendment 2,,,No,60
Morgan,0039 LEBANON BAPT CH,Proposed Statewide Amendment 2,,,Yes,140
Morgan,0039 LEBANON BAPT CH,Proposed Statewide Amendment 2,,,No,80
Morgan,0040 ABSENTEE,Proposed Statewide Amendment 2,,,Yes,153
Morgan,0040 ABSENTEE,Proposed Statewide Amendment 2,,,No,93
Morgan,0041 PROVISIONAL,Proposed Statewide Amendment 2,,,Yes,12
Morgan,0041 PROVISIONAL,Proposed Statewide Amendment 2,,,No,12
