county,precinct,office,district,party,candidate,votes
DeKalb,0001 HENAGAR COMM CTR,Proposed Statewide Amendment 1,,,No,37
DeKalb,0001 HENAGAR COMM CTR,Proposed Statewide Amendment 1,,,Yes,346
DeKalb,0001 HENAGAR COMM CTR,Proposed Statewide Amendment 2,,,No,137
DeKalb,0001 HENAGAR COMM CTR,Proposed Statewide Amendment 2,,,Yes,227
DeKalb,0001 HENAGAR COMM CTR,Governor,,DEM,"Chad ""Chig"" Martin",1
DeKalb,0001 HENAGAR COMM CTR,Governor,,DEM,Doug Jones,20
DeKalb,0001 HENAGAR COMM CTR,Governor,,DEM,Jamel J. Brown,0
DeKalb,0001 HENAGAR COMM CTR,Governor,,DEM,"Nathan ""Nate"" Mathis",0
DeKalb,0001 HENAGAR COMM CTR,Governor,,DEM,Will Boyd,7
DeKalb,0001 HENAGAR COMM CTR,Governor,,DEM,Yolanda Rochelle Flowers,1
DeKalb,0001 HENAGAR COMM CTR,Lieutenant Governor,,DEM,Darryl D. Perryman,12
DeKalb,0001 HENAGAR COMM CTR,Lieutenant Governor,,DEM,Phillip Ensler,16
DeKalb,0001 HENAGAR COMM CTR,"Public Service Commission, Place No. 1",,DEM,James O. Gordon,15
DeKalb,0001 HENAGAR COMM CTR,"Public Service Commission, Place No. 1",,DEM,Jeff Ramsey,10
DeKalb,0001 HENAGAR COMM CTR,"Public Service Commission, Place No. 1",,DEM,John Northrop,4
DeKalb,0001 HENAGAR COMM CTR,U.S. House,4,DEM,Amanda N. Pusczek,19
DeKalb,0001 HENAGAR COMM CTR,U.S. House,4,DEM,Shane Weaver,10
DeKalb,0001 HENAGAR COMM CTR,U.S. Senate,,DEM,Dakarai Larriett,6
DeKalb,0001 HENAGAR COMM CTR,U.S. Senate,,DEM,Unverified Candidate 2,11
DeKalb,0001 HENAGAR COMM CTR,U.S. Senate,,DEM,Unverified Candidate 3,7
DeKalb,0001 HENAGAR COMM CTR,U.S. Senate,,DEM,Unverified Candidate 4,5
DeKalb,0001 HENAGAR COMM CTR,Attorney General,,REP,Unverified Candidate 1,77
DeKalb,0001 HENAGAR COMM CTR,Attorney General,,REP,Unverified Candidate 2,143
DeKalb,0001 HENAGAR COMM CTR,Attorney General,,REP,Unverified Candidate 3,122
DeKalb,0001 HENAGAR COMM CTR,Commissioner of Agriculture and Industries,,REP,Unverified Candidate 1,70
DeKalb,0001 HENAGAR COMM CTR,Commissioner of Agriculture and Industries,,REP,Unverified Candidate 2,68
DeKalb,0001 HENAGAR COMM CTR,Commissioner of Agriculture and Industries,,REP,Unverified Candidate 3,202
DeKalb,0001 HENAGAR COMM CTR,"Dekalb County Republican Executive Committee, At Lar",,REP,Unverified Candidate 1,80
DeKalb,0001 HENAGAR COMM CTR,"Dekalb County Republican Executive Committee, At Lar",,REP,Unverified Candidate 2,152
DeKalb,0001 HENAGAR COMM CTR,"Dekalb County Republican Executive Committee, At Lar",,REP,Unverified Candidate 3,124
DeKalb,0001 HENAGAR COMM CTR,"Dekalb County Republican Executive Committee, Place District No. 1",,REP,Unverified Candidate 1,214
DeKalb,0001 HENAGAR COMM CTR,"Dekalb County Republican Executive Committee, Place District No. 1",,REP,Unverified Candidate 1,232
DeKalb,0001 HENAGAR COMM CTR,"Dekalb County Republican Executive Committee, Place District No. 1",,REP,Unverified Candidate 2,117
DeKalb,0001 HENAGAR COMM CTR,"Dekalb County Republican Executive Committee, Place District No. 1",,REP,Unverified Candidate 2,119
DeKalb,0001 HENAGAR COMM CTR,Governor,,REP,Unverified Candidate 1,20
DeKalb,0001 HENAGAR COMM CTR,Governor,,REP,Unverified Candidate 2,8
DeKalb,0001 HENAGAR COMM CTR,Governor,,REP,Unverified Candidate 3,340
DeKalb,0001 HENAGAR COMM CTR,Lieutenant Governor,,REP,Unverified Candidate 1,126
DeKalb,0001 HENAGAR COMM CTR,Lieutenant Governor,,REP,Unverified Candidate 2,8
DeKalb,0001 HENAGAR COMM CTR,Lieutenant Governor,,REP,Unverified Candidate 3,2
DeKalb,0001 HENAGAR COMM CTR,Lieutenant Governor,,REP,Unverified Candidate 4,49
DeKalb,0001 HENAGAR COMM CTR,Lieutenant Governor,,REP,Unverified Candidate 5,2
DeKalb,0001 HENAGAR COMM CTR,Lieutenant Governor,,REP,Unverified Candidate 6,19
DeKalb,0001 HENAGAR COMM CTR,Lieutenant Governor,,REP,Unverified Candidate 7,150
DeKalb,0001 HENAGAR COMM CTR,"President, Dekalb County Commission",,REP,Unverified Candidate 1,84
DeKalb,0001 HENAGAR COMM CTR,"President, Dekalb County Commission",,REP,Unverified Candidate 2,253
DeKalb,0001 HENAGAR COMM CTR,"Public Service Commission, Place No. 1",,REP,Unverified Candidate 1,227
DeKalb,0001 HENAGAR COMM CTR,"Public Service Commission, Place No. 1",,REP,Unverified Candidate 2,95
DeKalb,0001 HENAGAR COMM CTR,"Public Service Commission, Place No. 2",,REP,Unverified Candidate 1,31
DeKalb,0001 HENAGAR COMM CTR,"Public Service Commission, Place No. 2",,REP,Unverified Candidate 2,81
DeKalb,0001 HENAGAR COMM CTR,"Public Service Commission, Place No. 2",,REP,Unverified Candidate 3,90
DeKalb,0001 HENAGAR COMM CTR,"Public Service Commission, Place No. 2",,REP,Unverified Candidate 4,123
DeKalb,0001 HENAGAR COMM CTR,Secretary of State,,REP,Unverified Candidate 1,214
DeKalb,0001 HENAGAR COMM CTR,Secretary of State,,REP,Unverified Candidate 2,76
DeKalb,0001 HENAGAR COMM CTR,Secretary of State,,REP,Unverified Candidate 3,46
DeKalb,0001 HENAGAR COMM CTR,State Auditor,,REP,Unverified Candidate 1,124
DeKalb,0001 HENAGAR COMM CTR,State Auditor,,REP,Unverified Candidate 2,212
DeKalb,0001 HENAGAR COMM CTR,State Board of Education,8,REP,Unverified Candidate 1,145
DeKalb,0001 HENAGAR COMM CTR,State Board of Education,8,REP,Unverified Candidate 2,83
DeKalb,0001 HENAGAR COMM CTR,State Board of Education,8,REP,Unverified Candidate 3,102
DeKalb,0001 HENAGAR COMM CTR,State Treasurer,,REP,Unverified Candidate 1,257
DeKalb,0001 HENAGAR COMM CTR,State Treasurer,,REP,Unverified Candidate 2,82
DeKalb,0001 HENAGAR COMM CTR,U.S. House,4,REP,Unverified Candidate 1,320
DeKalb,0001 HENAGAR COMM CTR,U.S. House,4,REP,Unverified Candidate 2,49
DeKalb,0001 HENAGAR COMM CTR,U.S. Senate,,REP,Unverified Candidate 1,4
DeKalb,0001 HENAGAR COMM CTR,U.S. Senate,,REP,Unverified Candidate 2,7
DeKalb,0001 HENAGAR COMM CTR,U.S. Senate,,REP,Unverified Candidate 3,125
DeKalb,0001 HENAGAR COMM CTR,U.S. Senate,,REP,Unverified Candidate 4,68
DeKalb,0001 HENAGAR COMM CTR,U.S. Senate,,REP,Unverified Candidate 5,149
DeKalb,0001 HENAGAR COMM CTR,U.S. Senate,,REP,Unverified Candidate 6,3
DeKalb,0001 HENAGAR COMM CTR,U.S. Senate,,REP,Unverified Candidate 7,5
DeKalb,0002 IDER SENIOR CTR,Proposed Statewide Amendment 1,,,No,29
DeKalb,0002 IDER SENIOR CTR,Proposed Statewide Amendment 1,,,Yes,286
DeKalb,0002 IDER SENIOR CTR,Proposed Statewide Amendment 2,,,No,151
DeKalb,0002 IDER SENIOR CTR,Proposed Statewide Amendment 2,,,Yes,156
DeKalb,0002 IDER SENIOR CTR,Governor,,DEM,"Chad ""Chig"" Martin",3
DeKalb,0002 IDER SENIOR CTR,Governor,,DEM,Doug Jones,20
DeKalb,0002 IDER SENIOR CTR,Governor,,DEM,Jamel J. Brown,2
DeKalb,0002 IDER SENIOR CTR,Governor,,DEM,"Nathan ""Nate"" Mathis",0
DeKalb,0002 IDER SENIOR CTR,Governor,,DEM,Will Boyd,5
DeKalb,0002 IDER SENIOR CTR,Governor,,DEM,Yolanda Rochelle Flowers,4
DeKalb,0002 IDER SENIOR CTR,Lieutenant Governor,,DEM,Darryl D. Perryman,14
DeKalb,0002 IDER SENIOR CTR,Lieutenant Governor,,DEM,Phillip Ensler,15
DeKalb,0002 IDER SENIOR CTR,"Public Service Commission, Place No. 1",,DEM,James O. Gordon,13
DeKalb,0002 IDER SENIOR CTR,"Public Service Commission, Place No. 1",,DEM,Jeff Ramsey,9
DeKalb,0002 IDER SENIOR CTR,"Public Service Commission, Place No. 1",,DEM,John Northrop,5
DeKalb,0002 IDER SENIOR CTR,U.S. House,4,DEM,Amanda N. Pusczek,18
DeKalb,0002 IDER SENIOR CTR,U.S. House,4,DEM,Shane Weaver,11
DeKalb,0002 IDER SENIOR CTR,U.S. Senate,,DEM,Dakarai Larriett,6
DeKalb,0002 IDER SENIOR CTR,U.S. Senate,,DEM,Unverified Candidate 2,5
DeKalb,0002 IDER SENIOR CTR,U.S. Senate,,DEM,Unverified Candidate 3,6
DeKalb,0002 IDER SENIOR CTR,U.S. Senate,,DEM,Unverified Candidate 4,10
DeKalb,0002 IDER SENIOR CTR,Attorney General,,REP,Unverified Candidate 1,98
DeKalb,0002 IDER SENIOR CTR,Attorney General,,REP,Unverified Candidate 2,102
DeKalb,0002 IDER SENIOR CTR,Attorney General,,REP,Unverified Candidate 3,70
DeKalb,0002 IDER SENIOR CTR,Commissioner of Agriculture and Industries,,REP,Unverified Candidate 1,72
DeKalb,0002 IDER SENIOR CTR,Commissioner of Agriculture and Industries,,REP,Unverified Candidate 2,72
DeKalb,0002 IDER SENIOR CTR,Commissioner of Agriculture and Industries,,REP,Unverified Candidate 3,117
DeKalb,0002 IDER SENIOR CTR,"Dekalb County Republican Executive Committee, At Lar",,REP,Unverified Candidate 1,50
DeKalb,0002 IDER SENIOR CTR,"Dekalb County Republican Executive Committee, At Lar",,REP,Unverified Candidate 2,170
DeKalb,0002 IDER SENIOR CTR,"Dekalb County Republican Executive Committee, At Lar",,REP,Unverified Candidate 3,62
DeKalb,0002 IDER SENIOR CTR,"Dekalb County Republican Executive Committee, Place District No. 1",,REP,Unverified Candidate 1,174
DeKalb,0002 IDER SENIOR CTR,"Dekalb County Republican Executive Committee, Place District No. 1",,REP,Unverified Candidate 1,63
DeKalb,0002 IDER SENIOR CTR,"Dekalb County Republican Executive Committee, Place District No. 1",,REP,Unverified Candidate 2,102
DeKalb,0002 IDER SENIOR CTR,"Dekalb County Republican Executive Committee, Place District No. 1",,REP,Unverified Candidate 2,210
DeKalb,0002 IDER SENIOR CTR,Governor,,REP,Unverified Candidate 1,20
DeKalb,0002 IDER SENIOR CTR,Governor,,REP,Unverified Candidate 2,18
DeKalb,0002 IDER SENIOR CTR,Governor,,REP,Unverified Candidate 3,248
DeKalb,0002 IDER SENIOR CTR,Lieutenant Governor,,REP,Unverified Candidate 1,71
DeKalb,0002 IDER SENIOR CTR,Lieutenant Governor,,REP,Unverified Candidate 2,6
DeKalb,0002 IDER SENIOR CTR,Lieutenant Governor,,REP,Unverified Candidate 3,5
DeKalb,0002 IDER SENIOR CTR,Lieutenant Governor,,REP,Unverified Candidate 4,27
DeKalb,0002 IDER SENIOR CTR,Lieutenant Governor,,REP,Unverified Candidate 5,3
DeKalb,0002 IDER SENIOR CTR,Lieutenant Governor,,REP,Unverified Candidate 6,35
DeKalb,0002 IDER SENIOR CTR,Lieutenant Governor,,REP,Unverified Candidate 7,130
DeKalb,0002 IDER SENIOR CTR,"President, Dekalb County Commission",,REP,Unverified Candidate 1,52
DeKalb,0002 IDER SENIOR CTR,"President, Dekalb County Commission",,REP,Unverified Candidate 2,209
DeKalb,0002 IDER SENIOR CTR,"Public Service Commission, Place No. 1",,REP,Unverified Candidate 1,193
DeKalb,0002 IDER SENIOR CTR,"Public Service Commission, Place No. 1",,REP,Unverified Candidate 2,63
DeKalb,0002 IDER SENIOR CTR,"Public Service Commission, Place No. 2",,REP,Unverified Candidate 1,32
DeKalb,0002 IDER SENIOR CTR,"Public Service Commission, Place No. 2",,REP,Unverified Candidate 2,54
DeKalb,0002 IDER SENIOR CTR,"Public Service Commission, Place No. 2",,REP,Unverified Candidate 3,81
DeKalb,0002 IDER SENIOR CTR,"Public Service Commission, Place No. 2",,REP,Unverified Candidate 4,86
DeKalb,0002 IDER SENIOR CTR,Secretary of State,,REP,Unverified Candidate 1,161
DeKalb,0002 IDER SENIOR CTR,Secretary of State,,REP,Unverified Candidate 2,50
DeKalb,0002 IDER SENIOR CTR,Secretary of State,,REP,Unverified Candidate 3,42
DeKalb,0002 IDER SENIOR CTR,State Auditor,,REP,Unverified Candidate 1,73
DeKalb,0002 IDER SENIOR CTR,State Auditor,,REP,Unverified Candidate 2,186
DeKalb,0002 IDER SENIOR CTR,State Board of Education,8,REP,Unverified Candidate 1,144
DeKalb,0002 IDER SENIOR CTR,State Board of Education,8,REP,Unverified Candidate 2,66
DeKalb,0002 IDER SENIOR CTR,State Board of Education,8,REP,Unverified Candidate 3,41
DeKalb,0002 IDER SENIOR CTR,State Treasurer,,REP,Unverified Candidate 1,177
DeKalb,0002 IDER SENIOR CTR,State Treasurer,,REP,Unverified Candidate 2,84
DeKalb,0002 IDER SENIOR CTR,U.S. House,4,REP,Unverified Candidate 1,225
DeKalb,0002 IDER SENIOR CTR,U.S. House,4,REP,Unverified Candidate 2,59
DeKalb,0002 IDER SENIOR CTR,U.S. Senate,,REP,Unverified Candidate 1,4
DeKalb,0002 IDER SENIOR CTR,U.S. Senate,,REP,Unverified Candidate 2,4
DeKalb,0002 IDER SENIOR CTR,U.S. Senate,,REP,Unverified Candidate 3,70
DeKalb,0002 IDER SENIOR CTR,U.S. Senate,,REP,Unverified Candidate 4,63
DeKalb,0002 IDER SENIOR CTR,U.S. Senate,,REP,Unverified Candidate 5,122
DeKalb,0002 IDER SENIOR CTR,U.S. Senate,,REP,Unverified Candidate 6,1
DeKalb,0002 IDER SENIOR CTR,U.S. Senate,,REP,Unverified Candidate 7,17
DeKalb,0003 CARTERSVILLE FIRE DEPT,Proposed Statewide Amendment 1,,,No,17
DeKalb,0003 CARTERSVILLE FIRE DEPT,Proposed Statewide Amendment 1,,,Yes,110
DeKalb,0003 CARTERSVILLE FIRE DEPT,Proposed Statewide Amendment 2,,,No,56
DeKalb,0003 CARTERSVILLE FIRE DEPT,Proposed Statewide Amendment 2,,,Yes,70
DeKalb,0003 CARTERSVILLE FIRE DEPT,Governor,,DEM,"Chad ""Chig"" Martin",2
DeKalb,0003 CARTERSVILLE FIRE DEPT,Governor,,DEM,Doug Jones,7
DeKalb,0003 CARTERSVILLE FIRE DEPT,Governor,,DEM,Jamel J. Brown,1
DeKalb,0003 CARTERSVILLE FIRE DEPT,Governor,,DEM,"Nathan ""Nate"" Mathis",2
DeKalb,0003 CARTERSVILLE FIRE DEPT,Governor,,DEM,Will Boyd,1
DeKalb,0003 CARTERSVILLE FIRE DEPT,Governor,,DEM,Yolanda Rochelle Flowers,2
DeKalb,0003 CARTERSVILLE FIRE DEPT,Lieutenant Governor,,DEM,Darryl D. Perryman,5
DeKalb,0003 CARTERSVILLE FIRE DEPT,Lieutenant Governor,,DEM,Phillip Ensler,10
DeKalb,0003 CARTERSVILLE FIRE DEPT,"Public Service Commission, Place No. 1",,DEM,James O. Gordon,3
DeKalb,0003 CARTERSVILLE FIRE DEPT,"Public Service Commission, Place No. 1",,DEM,Jeff Ramsey,10
DeKalb,0003 CARTERSVILLE FIRE DEPT,"Public Service Commission, Place No. 1",,DEM,John Northrop,2
DeKalb,0003 CARTERSVILLE FIRE DEPT,U.S. House,4,DEM,Amanda N. Pusczek,6
DeKalb,0003 CARTERSVILLE FIRE DEPT,U.S. House,4,DEM,Shane Weaver,9
DeKalb,0003 CARTERSVILLE FIRE DEPT,U.S. Senate,,DEM,Dakarai Larriett,2
DeKalb,0003 CARTERSVILLE FIRE DEPT,U.S. Senate,,DEM,Unverified Candidate 2,4
DeKalb,0003 CARTERSVILLE FIRE DEPT,U.S. Senate,,DEM,Unverified Candidate 3,4
DeKalb,0003 CARTERSVILLE FIRE DEPT,U.S. Senate,,DEM,Unverified Candidate 4,5
DeKalb,0003 CARTERSVILLE FIRE DEPT,Attorney General,,REP,Unverified Candidate 1,25
DeKalb,0003 CARTERSVILLE FIRE DEPT,Attorney General,,REP,Unverified Candidate 2,46
DeKalb,0003 CARTERSVILLE FIRE DEPT,Attorney General,,REP,Unverified Candidate 3,43
DeKalb,0003 CARTERSVILLE FIRE DEPT,Commissioner of Agriculture and Industries,,REP,Unverified Candidate 1,33
DeKalb,0003 CARTERSVILLE FIRE DEPT,Commissioner of Agriculture and Industries,,REP,Unverified Candidate 2,24
DeKalb,0003 CARTERSVILLE FIRE DEPT,Commissioner of Agriculture and Industries,,REP,Unverified Candidate 3,54
DeKalb,0003 CARTERSVILLE FIRE DEPT,"Dekalb County Republican Executive Committee, At Lar",,REP,Unverified Candidate 1,21
DeKalb,0003 CARTERSVILLE FIRE DEPT,"Dekalb County Republican Executive Committee, At Lar",,REP,Unverified Candidate 2,85
DeKalb,0003 CARTERSVILLE FIRE DEPT,"Dekalb County Republican Executive Committee, At Lar",,REP,Unverified Candidate 3,14
DeKalb,0003 CARTERSVILLE FIRE DEPT,"Dekalb County Republican Executive Committee, Place District No. 1",,REP,Unverified Candidate 1,80
DeKalb,0003 CARTERSVILLE FIRE DEPT,"Dekalb County Republican Executive Committee, Place District No. 1",,REP,Unverified Candidate 1,28
DeKalb,0003 CARTERSVILLE FIRE DEPT,"Dekalb County Republican Executive Committee, Place District No. 1",,REP,Unverified Candidate 2,31
DeKalb,0003 CARTERSVILLE FIRE DEPT,"Dekalb County Republican Executive Committee, Place District No. 1",,REP,Unverified Candidate 2,83
DeKalb,0003 CARTERSVILLE FIRE DEPT,Governor,,REP,Unverified Candidate 1,10
DeKalb,0003 CARTERSVILLE FIRE DEPT,Governor,,REP,Unverified Candidate 2,4
DeKalb,0003 CARTERSVILLE FIRE DEPT,Governor,,REP,Unverified Candidate 3,109
DeKalb,0003 CARTERSVILLE FIRE DEPT,Lieutenant Governor,,REP,Unverified Candidate 1,30
DeKalb,0003 CARTERSVILLE FIRE DEPT,Lieutenant Governor,,REP,Unverified Candidate 2,3
DeKalb,0003 CARTERSVILLE FIRE DEPT,Lieutenant Governor,,REP,Unverified Candidate 3,3
DeKalb,0003 CARTERSVILLE FIRE DEPT,Lieutenant Governor,,REP,Unverified Candidate 4,17
DeKalb,0003 CARTERSVILLE FIRE DEPT,Lieutenant Governor,,REP,Unverified Candidate 5,5
DeKalb,0003 CARTERSVILLE FIRE DEPT,Lieutenant Governor,,REP,Unverified Candidate 6,9
DeKalb,0003 CARTERSVILLE FIRE DEPT,Lieutenant Governor,,REP,Unverified Candidate 7,49
DeKalb,0003 CARTERSVILLE FIRE DEPT,"President, Dekalb County Commission",,REP,Unverified Candidate 1,34
DeKalb,0003 CARTERSVILLE FIRE DEPT,"President, Dekalb County Commission",,REP,Unverified Candidate 2,76
DeKalb,0003 CARTERSVILLE FIRE DEPT,"Public Service Commission, Place No. 1",,REP,Unverified Candidate 1,76
DeKalb,0003 CARTERSVILLE FIRE DEPT,"Public Service Commission, Place No. 1",,REP,Unverified Candidate 2,31
DeKalb,0003 CARTERSVILLE FIRE DEPT,"Public Service Commission, Place No. 2",,REP,Unverified Candidate 1,15
DeKalb,0003 CARTERSVILLE FIRE DEPT,"Public Service Commission, Place No. 2",,REP,Unverified Candidate 2,29
DeKalb,0003 CARTERSVILLE FIRE DEPT,"Public Service Commission, Place No. 2",,REP,Unverified Candidate 3,32
DeKalb,0003 CARTERSVILLE FIRE DEPT,"Public Service Commission, Place No. 2",,REP,Unverified Candidate 4,33
DeKalb,0003 CARTERSVILLE FIRE DEPT,Secretary of State,,REP,Unverified Candidate 1,63
DeKalb,0003 CARTERSVILLE FIRE DEPT,Secretary of State,,REP,Unverified Candidate 2,25
DeKalb,0003 CARTERSVILLE FIRE DEPT,Secretary of State,,REP,Unverified Candidate 3,20
DeKalb,0003 CARTERSVILLE FIRE DEPT,State Auditor,,REP,Unverified Candidate 1,30
DeKalb,0003 CARTERSVILLE FIRE DEPT,State Auditor,,REP,Unverified Candidate 2,81
DeKalb,0003 CARTERSVILLE FIRE DEPT,State Board of Education,8,REP,Unverified Candidate 1,59
DeKalb,0003 CARTERSVILLE FIRE DEPT,State Board of Education,8,REP,Unverified Candidate 2,26
DeKalb,0003 CARTERSVILLE FIRE DEPT,State Board of Education,8,REP,Unverified Candidate 3,18
DeKalb,0003 CARTERSVILLE FIRE DEPT,State Treasurer,,REP,Unverified Candidate 1,74
DeKalb,0003 CARTERSVILLE FIRE DEPT,State Treasurer,,REP,Unverified Candidate 2,31
DeKalb,0003 CARTERSVILLE FIRE DEPT,U.S. House,4,REP,Unverified Candidate 1,95
DeKalb,0003 CARTERSVILLE FIRE DEPT,U.S. House,4,REP,Unverified Candidate 2,24
DeKalb,0003 CARTERSVILLE FIRE DEPT,U.S. Senate,,REP,Unverified Candidate 1,2
DeKalb,0003 CARTERSVILLE FIRE DEPT,U.S. Senate,,REP,Unverified Candidate 2,3
DeKalb,0003 CARTERSVILLE FIRE DEPT,U.S. Senate,,REP,Unverified Candidate 3,28
DeKalb,0003 CARTERSVILLE FIRE DEPT,U.S. Senate,,REP,Unverified Candidate 4,17
DeKalb,0003 CARTERSVILLE FIRE DEPT,U.S. Senate,,REP,Unverified Candidate 5,64
DeKalb,0003 CARTERSVILLE FIRE DEPT,U.S. Senate,,REP,Unverified Candidate 6,4
DeKalb,0003 CARTERSVILLE FIRE DEPT,U.S. Senate,,REP,Unverified Candidate 7,5
DeKalb,0004 PAYNE GAP CH,Proposed Statewide Amendment 1,,,No,16
DeKalb,0004 PAYNE GAP CH,Proposed Statewide Amendment 1,,,Yes,58
DeKalb,0004 PAYNE GAP CH,Proposed Statewide Amendment 2,,,No,48
DeKalb,0004 PAYNE GAP CH,Proposed Statewide Amendment 2,,,Yes,24
DeKalb,0004 PAYNE GAP CH,Governor,,DEM,"Chad ""Chig"" Martin",2
DeKalb,0004 PAYNE GAP CH,Governor,,DEM,Doug Jones,3
DeKalb,0004 PAYNE GAP CH,Governor,,DEM,Jamel J. Brown,1
DeKalb,0004 PAYNE GAP CH,Governor,,DEM,"Nathan ""Nate"" Mathis",0
DeKalb,0004 PAYNE GAP CH,Governor,,DEM,Will Boyd,1
DeKalb,0004 PAYNE GAP CH,Governor,,DEM,Yolanda Rochelle Flowers,2
DeKalb,0004 PAYNE GAP CH,Lieutenant Governor,,DEM,Darryl D. Perryman,5
DeKalb,0004 PAYNE GAP CH,Lieutenant Governor,,DEM,Phillip Ensler,2
DeKalb,0004 PAYNE GAP CH,"Public Service Commission, Place No. 1",,DEM,James O. Gordon,2
DeKalb,0004 PAYNE GAP CH,"Public Service Commission, Place No. 1",,DEM,Jeff Ramsey,4
DeKalb,0004 PAYNE GAP CH,"Public Service Commission, Place No. 1",,DEM,John Northrop,1
DeKalb,0004 PAYNE GAP CH,U.S. House,4,DEM,Amanda N. Pusczek,6
DeKalb,0004 PAYNE GAP CH,U.S. House,4,DEM,Shane Weaver,1
DeKalb,0004 PAYNE GAP CH,U.S. Senate,,DEM,Dakarai Larriett,3
DeKalb,0004 PAYNE GAP CH,U.S. Senate,,DEM,Unverified Candidate 2,0
DeKalb,0004 PAYNE GAP CH,U.S. Senate,,DEM,Unverified Candidate 3,1
DeKalb,0004 PAYNE GAP CH,U.S. Senate,,DEM,Unverified Candidate 4,3
DeKalb,0004 PAYNE GAP CH,Attorney General,,REP,Unverified Candidate 1,12
DeKalb,0004 PAYNE GAP CH,Attorney General,,REP,Unverified Candidate 2,35
DeKalb,0004 PAYNE GAP CH,Attorney General,,REP,Unverified Candidate 3,17
DeKalb,0004 PAYNE GAP CH,Commissioner of Agriculture and Industries,,REP,Unverified Candidate 1,24
DeKalb,0004 PAYNE GAP CH,Commissioner of Agriculture and Industries,,REP,Unverified Candidate 2,23
DeKalb,0004 PAYNE GAP CH,Commissioner of Agriculture and Industries,,REP,Unverified Candidate 3,14
DeKalb,0004 PAYNE GAP CH,"Dekalb County Republican Executive Committee, At Lar",,REP,Unverified Candidate 1,20
DeKalb,0004 PAYNE GAP CH,"Dekalb County Republican Executive Committee, At Lar",,REP,Unverified Candidate 2,27
DeKalb,0004 PAYNE GAP CH,"Dekalb County Republican Executive Committee, At Lar",,REP,Unverified Candidate 3,17
DeKalb,0004 PAYNE GAP CH,"Dekalb County Republican Executive Committee, Place District No. 1",,REP,Unverified Candidate 1,43
DeKalb,0004 PAYNE GAP CH,"Dekalb County Republican Executive Committee, Place District No. 1",,REP,Unverified Candidate 1,33
DeKalb,0004 PAYNE GAP CH,"Dekalb County Republican Executive Committee, Place District No. 1",,REP,Unverified Candidate 2,16
DeKalb,0004 PAYNE GAP CH,"Dekalb County Republican Executive Committee, Place District No. 1",,REP,Unverified Candidate 2,25
DeKalb,0004 PAYNE GAP CH,Governor,,REP,Unverified Candidate 1,3
DeKalb,0004 PAYNE GAP CH,Governor,,REP,Unverified Candidate 2,4
DeKalb,0004 PAYNE GAP CH,Governor,,REP,Unverified Candidate 3,65
DeKalb,0004 PAYNE GAP CH,Lieutenant Governor,,REP,Unverified Candidate 1,24
DeKalb,0004 PAYNE GAP CH,Lieutenant Governor,,REP,Unverified Candidate 2,0
DeKalb,0004 PAYNE GAP CH,Lieutenant Governor,,REP,Unverified Candidate 3,2
DeKalb,0004 PAYNE GAP CH,Lieutenant Governor,,REP,Unverified Candidate 4,7
DeKalb,0004 PAYNE GAP CH,Lieutenant Governor,,REP,Unverified Candidate 5,1
DeKalb,0004 PAYNE GAP CH,Lieutenant Governor,,REP,Unverified Candidate 6,2
DeKalb,0004 PAYNE GAP CH,Lieutenant Governor,,REP,Unverified Candidate 7,33
DeKalb,0004 PAYNE GAP CH,"President, Dekalb County Commission",,REP,Unverified Candidate 1,30
DeKalb,0004 PAYNE GAP CH,"President, Dekalb County Commission",,REP,Unverified Candidate 2,27
DeKalb,0004 PAYNE GAP CH,"Public Service Commission, Place No. 1",,REP,Unverified Candidate 1,48
DeKalb,0004 PAYNE GAP CH,"Public Service Commission, Place No. 1",,REP,Unverified Candidate 2,14
DeKalb,0004 PAYNE GAP CH,"Public Service Commission, Place No. 2",,REP,Unverified Candidate 1,7
DeKalb,0004 PAYNE GAP CH,"Public Service Commission, Place No. 2",,REP,Unverified Candidate 2,12
DeKalb,0004 PAYNE GAP CH,"Public Service Commission, Place No. 2",,REP,Unverified Candidate 3,13
DeKalb,0004 PAYNE GAP CH,"Public Service Commission, Place No. 2",,REP,Unverified Candidate 4,27
DeKalb,0004 PAYNE GAP CH,Secretary of State,,REP,Unverified Candidate 1,41
DeKalb,0004 PAYNE GAP CH,Secretary of State,,REP,Unverified Candidate 2,16
DeKalb,0004 PAYNE GAP CH,Secretary of State,,REP,Unverified Candidate 3,8
DeKalb,0004 PAYNE GAP CH,State Auditor,,REP,Unverified Candidate 1,13
DeKalb,0004 PAYNE GAP CH,State Auditor,,REP,Unverified Candidate 2,51
DeKalb,0004 PAYNE GAP CH,State Board of Education,8,REP,Unverified Candidate 1,24
DeKalb,0004 PAYNE GAP CH,State Board of Education,8,REP,Unverified Candidate 2,28
DeKalb,0004 PAYNE GAP CH,State Board of Education,8,REP,Unverified Candidate 3,6
DeKalb,0004 PAYNE GAP CH,State Treasurer,,REP,Unverified Candidate 1,39
DeKalb,0004 PAYNE GAP CH,State Treasurer,,REP,Unverified Candidate 2,26
DeKalb,0004 PAYNE GAP CH,U.S. House,4,REP,Unverified Candidate 1,49
DeKalb,0004 PAYNE GAP CH,U.S. House,4,REP,Unverified Candidate 2,18
DeKalb,0004 PAYNE GAP CH,U.S. Senate,,REP,Unverified Candidate 1,1
DeKalb,0004 PAYNE GAP CH,U.S. Senate,,REP,Unverified Candidate 2,1
DeKalb,0004 PAYNE GAP CH,U.S. Senate,,REP,Unverified Candidate 3,10
DeKalb,0004 PAYNE GAP CH,U.S. Senate,,REP,Unverified Candidate 4,12
DeKalb,0004 PAYNE GAP CH,U.S. Senate,,REP,Unverified Candidate 5,42
DeKalb,0004 PAYNE GAP CH,U.S. Senate,,REP,Unverified Candidate 6,0
DeKalb,0004 PAYNE GAP CH,U.S. Senate,,REP,Unverified Candidate 7,3
DeKalb,0005 WILLS VALLEY REC CTR,Proposed Statewide Amendment 1,,,No,47
DeKalb,0005 WILLS VALLEY REC CTR,Proposed Statewide Amendment 1,,,Yes,365
DeKalb,0005 WILLS VALLEY REC CTR,Proposed Statewide Amendment 2,,,No,169
DeKalb,0005 WILLS VALLEY REC CTR,Proposed Statewide Amendment 2,,,Yes,231
DeKalb,0005 WILLS VALLEY REC CTR,Governor,,DEM,"Chad ""Chig"" Martin",1
DeKalb,0005 WILLS VALLEY REC CTR,Governor,,DEM,Doug Jones,55
DeKalb,0005 WILLS VALLEY REC CTR,Governor,,DEM,Jamel J. Brown,0
DeKalb,0005 WILLS VALLEY REC CTR,Governor,,DEM,"Nathan ""Nate"" Mathis",0
DeKalb,0005 WILLS VALLEY REC CTR,Governor,,DEM,Will Boyd,13
DeKalb,0005 WILLS VALLEY REC CTR,Governor,,DEM,Yolanda Rochelle Flowers,1
DeKalb,0005 WILLS VALLEY REC CTR,Lieutenant Governor,,DEM,Darryl D. Perryman,18
DeKalb,0005 WILLS VALLEY REC CTR,Lieutenant Governor,,DEM,Phillip Ensler,43
DeKalb,0005 WILLS VALLEY REC CTR,"Public Service Commission, Place No. 1",,DEM,James O. Gordon,24
DeKalb,0005 WILLS VALLEY REC CTR,"Public Service Commission, Place No. 1",,DEM,Jeff Ramsey,19
DeKalb,0005 WILLS VALLEY REC CTR,"Public Service Commission, Place No. 1",,DEM,John Northrop,17
DeKalb,0005 WILLS VALLEY REC CTR,U.S. House,4,DEM,Amanda N. Pusczek,32
DeKalb,0005 WILLS VALLEY REC CTR,U.S. House,4,DEM,Shane Weaver,27
DeKalb,0005 WILLS VALLEY REC CTR,U.S. Senate,,DEM,Dakarai Larriett,16
DeKalb,0005 WILLS VALLEY REC CTR,U.S. Senate,,DEM,Unverified Candidate 2,16
DeKalb,0005 WILLS VALLEY REC CTR,U.S. Senate,,DEM,Unverified Candidate 3,9
DeKalb,0005 WILLS VALLEY REC CTR,U.S. Senate,,DEM,Unverified Candidate 4,18
DeKalb,0005 WILLS VALLEY REC CTR,Attorney General,,REP,Unverified Candidate 1,98
DeKalb,0005 WILLS VALLEY REC CTR,Attorney General,,REP,Unverified Candidate 2,115
DeKalb,0005 WILLS VALLEY REC CTR,Attorney General,,REP,Unverified Candidate 3,102
DeKalb,0005 WILLS VALLEY REC CTR,Commissioner of Agriculture and Industries,,REP,Unverified Candidate 1,88
DeKalb,0005 WILLS VALLEY REC CTR,Commissioner of Agriculture and Industries,,REP,Unverified Candidate 2,99
DeKalb,0005 WILLS VALLEY REC CTR,Commissioner of Agriculture and Industries,,REP,Unverified Candidate 3,118
DeKalb,0005 WILLS VALLEY REC CTR,"Dekalb County Republican Executive Committee, At Lar",,REP,Unverified Candidate 1,121
DeKalb,0005 WILLS VALLEY REC CTR,"Dekalb County Republican Executive Committee, At Lar",,REP,Unverified Candidate 2,108
DeKalb,0005 WILLS VALLEY REC CTR,"Dekalb County Republican Executive Committee, At Lar",,REP,Unverified Candidate 3,70
DeKalb,0005 WILLS VALLEY REC CTR,"Dekalb County Republican Executive Committee, Place District No. 1",,REP,Unverified Candidate 1,122
DeKalb,0005 WILLS VALLEY REC CTR,"Dekalb County Republican Executive Committee, Place District No. 1",,REP,Unverified Candidate 1,120
DeKalb,0005 WILLS VALLEY REC CTR,"Dekalb County Republican Executive Committee, Place District No. 1",,REP,Unverified Candidate 2,168
DeKalb,0005 WILLS VALLEY REC CTR,"Dekalb County Republican Executive Committee, Place District No. 1",,REP,Unverified Candidate 2,155
DeKalb,0005 WILLS VALLEY REC CTR,Governor,,REP,Unverified Candidate 1,31
DeKalb,0005 WILLS VALLEY REC CTR,Governor,,REP,Unverified Candidate 2,17
DeKalb,0005 WILLS VALLEY REC CTR,Governor,,REP,Unverified Candidate 3,293
DeKalb,0005 WILLS VALLEY REC CTR,Lieutenant Governor,,REP,Unverified Candidate 1,100
DeKalb,0005 WILLS VALLEY REC CTR,Lieutenant Governor,,REP,Unverified Candidate 2,6
DeKalb,0005 WILLS VALLEY REC CTR,Lieutenant Governor,,REP,Unverified Candidate 3,4
DeKalb,0005 WILLS VALLEY REC CTR,Lieutenant Governor,,REP,Unverified Candidate 4,42
DeKalb,0005 WILLS VALLEY REC CTR,Lieutenant Governor,,REP,Unverified Candidate 5,2
DeKalb,0005 WILLS VALLEY REC CTR,Lieutenant Governor,,REP,Unverified Candidate 6,11
DeKalb,0005 WILLS VALLEY REC CTR,Lieutenant Governor,,REP,Unverified Candidate 7,168
DeKalb,0005 WILLS VALLEY REC CTR,"President, Dekalb County Commission",,REP,Unverified Candidate 1,51
DeKalb,0005 WILLS VALLEY REC CTR,"President, Dekalb County Commission",,REP,Unverified Candidate 2,269
DeKalb,0005 WILLS VALLEY REC CTR,"Public Service Commission, Place No. 1",,REP,Unverified Candidate 1,225
DeKalb,0005 WILLS VALLEY REC CTR,"Public Service Commission, Place No. 1",,REP,Unverified Candidate 2,58
DeKalb,0005 WILLS VALLEY REC CTR,"Public Service Commission, Place No. 2",,REP,Unverified Candidate 1,31
DeKalb,0005 WILLS VALLEY REC CTR,"Public Service Commission, Place No. 2",,REP,Unverified Candidate 2,69
DeKalb,0005 WILLS VALLEY REC CTR,"Public Service Commission, Place No. 2",,REP,Unverified Candidate 3,69
DeKalb,0005 WILLS VALLEY REC CTR,"Public Service Commission, Place No. 2",,REP,Unverified Candidate 4,123
DeKalb,0005 WILLS VALLEY REC CTR,Secretary of State,,REP,Unverified Candidate 1,199
DeKalb,0005 WILLS VALLEY REC CTR,Secretary of State,,REP,Unverified Candidate 2,66
DeKalb,0005 WILLS VALLEY REC CTR,Secretary of State,,REP,Unverified Candidate 3,34
DeKalb,0005 WILLS VALLEY REC CTR,State Auditor,,REP,Unverified Candidate 1,92
DeKalb,0005 WILLS VALLEY REC CTR,State Auditor,,REP,Unverified Candidate 2,212
DeKalb,0005 WILLS VALLEY REC CTR,State Board of Education,8,REP,Unverified Candidate 1,127
DeKalb,0005 WILLS VALLEY REC CTR,State Board of Education,8,REP,Unverified Candidate 2,75
DeKalb,0005 WILLS VALLEY REC CTR,State Board of Education,8,REP,Unverified Candidate 3,86
DeKalb,0005 WILLS VALLEY REC CTR,State Treasurer,,REP,Unverified Candidate 1,228
DeKalb,0005 WILLS VALLEY REC CTR,State Treasurer,,REP,Unverified Candidate 2,76
DeKalb,0005 WILLS VALLEY REC CTR,U.S. House,4,REP,Unverified Candidate 1,207
DeKalb,0005 WILLS VALLEY REC CTR,U.S. House,4,REP,Unverified Candidate 2,137
DeKalb,0005 WILLS VALLEY REC CTR,U.S. Senate,,REP,Unverified Candidate 1,2
DeKalb,0005 WILLS VALLEY REC CTR,U.S. Senate,,REP,Unverified Candidate 2,0
DeKalb,0005 WILLS VALLEY REC CTR,U.S. Senate,,REP,Unverified Candidate 3,97
DeKalb,0005 WILLS VALLEY REC CTR,U.S. Senate,,REP,Unverified Candidate 4,93
DeKalb,0005 WILLS VALLEY REC CTR,U.S. Senate,,REP,Unverified Candidate 5,146
DeKalb,0005 WILLS VALLEY REC CTR,U.S. Senate,,REP,Unverified Candidate 6,1
DeKalb,0005 WILLS VALLEY REC CTR,U.S. Senate,,REP,Unverified Candidate 7,4
DeKalb,0006 VALLEY HEAD TOWN HALL,Proposed Statewide Amendment 1,,,No,6
DeKalb,0006 VALLEY HEAD TOWN HALL,Proposed Statewide Amendment 1,,,Yes,79
DeKalb,0006 VALLEY HEAD TOWN HALL,Proposed Statewide Amendment 2,,,No,40
DeKalb,0006 VALLEY HEAD TOWN HALL,Proposed Statewide Amendment 2,,,Yes,41
DeKalb,0006 VALLEY HEAD TOWN HALL,Governor,,DEM,"Chad ""Chig"" Martin",1
DeKalb,0006 VALLEY HEAD TOWN HALL,Governor,,DEM,Doug Jones,7
DeKalb,0006 VALLEY HEAD TOWN HALL,Governor,,DEM,Jamel J. Brown,1
DeKalb,0006 VALLEY HEAD TOWN HALL,Governor,,DEM,"Nathan ""Nate"" Mathis",0
DeKalb,0006 VALLEY HEAD TOWN HALL,Governor,,DEM,Will Boyd,1
DeKalb,0006 VALLEY HEAD TOWN HALL,Governor,,DEM,Yolanda Rochelle Flowers,1
DeKalb,0006 VALLEY HEAD TOWN HALL,Lieutenant Governor,,DEM,Darryl D. Perryman,4
DeKalb,0006 VALLEY HEAD TOWN HALL,Lieutenant Governor,,DEM,Phillip Ensler,5
DeKalb,0006 VALLEY HEAD TOWN HALL,"Public Service Commission, Place No. 1",,DEM,James O. Gordon,2
DeKalb,0006 VALLEY HEAD TOWN HALL,"Public Service Commission, Place No. 1",,DEM,Jeff Ramsey,7
DeKalb,0006 VALLEY HEAD TOWN HALL,"Public Service Commission, Place No. 1",,DEM,John Northrop,1
DeKalb,0006 VALLEY HEAD TOWN HALL,U.S. House,4,DEM,Amanda N. Pusczek,8
DeKalb,0006 VALLEY HEAD TOWN HALL,U.S. House,4,DEM,Shane Weaver,2
DeKalb,0006 VALLEY HEAD TOWN HALL,U.S. Senate,,DEM,Dakarai Larriett,3
DeKalb,0006 VALLEY HEAD TOWN HALL,U.S. Senate,,DEM,Unverified Candidate 2,1
DeKalb,0006 VALLEY HEAD TOWN HALL,U.S. Senate,,DEM,Unverified Candidate 3,1
DeKalb,0006 VALLEY HEAD TOWN HALL,U.S. Senate,,DEM,Unverified Candidate 4,3
DeKalb,0006 VALLEY HEAD TOWN HALL,Attorney General,,REP,Unverified Candidate 1,22
DeKalb,0006 VALLEY HEAD TOWN HALL,Attorney General,,REP,Unverified Candidate 2,34
DeKalb,0006 VALLEY HEAD TOWN HALL,Attorney General,,REP,Unverified Candidate 3,21
DeKalb,0006 VALLEY HEAD TOWN HALL,Commissioner of Agriculture and Industries,,REP,Unverified Candidate 1,21
DeKalb,0006 VALLEY HEAD TOWN HALL,Commissioner of Agriculture and Industries,,REP,Unverified Candidate 2,13
DeKalb,0006 VALLEY HEAD TOWN HALL,Commissioner of Agriculture and Industries,,REP,Unverified Candidate 3,39
DeKalb,0006 VALLEY HEAD TOWN HALL,"Dekalb County Republican Executive Committee, At Lar",,REP,Unverified Candidate 1,36
DeKalb,0006 VALLEY HEAD TOWN HALL,"Dekalb County Republican Executive Committee, At Lar",,REP,Unverified Candidate 2,22
DeKalb,0006 VALLEY HEAD TOWN HALL,"Dekalb County Republican Executive Committee, At Lar",,REP,Unverified Candidate 3,17
DeKalb,0006 VALLEY HEAD TOWN HALL,"Dekalb County Republican Executive Committee, Place District No. 1",,REP,Unverified Candidate 1,43
DeKalb,0006 VALLEY HEAD TOWN HALL,"Dekalb County Republican Executive Committee, Place District No. 1",,REP,Unverified Candidate 1,24
DeKalb,0006 VALLEY HEAD TOWN HALL,"Dekalb County Republican Executive Committee, Place District No. 1",,REP,Unverified Candidate 2,25
DeKalb,0006 VALLEY HEAD TOWN HALL,"Dekalb County Republican Executive Committee, Place District No. 1",,REP,Unverified Candidate 2,45
DeKalb,0006 VALLEY HEAD TOWN HALL,Governor,,REP,Unverified Candidate 1,8
DeKalb,0006 VALLEY HEAD TOWN HALL,Governor,,REP,Unverified Candidate 2,6
DeKalb,0006 VALLEY HEAD TOWN HALL,Governor,,REP,Unverified Candidate 3,66
DeKalb,0006 VALLEY HEAD TOWN HALL,Lieutenant Governor,,REP,Unverified Candidate 1,16
DeKalb,0006 VALLEY HEAD TOWN HALL,Lieutenant Governor,,REP,Unverified Candidate 2,2
DeKalb,0006 VALLEY HEAD TOWN HALL,Lieutenant Governor,,REP,Unverified Candidate 3,2
DeKalb,0006 VALLEY HEAD TOWN HALL,Lieutenant Governor,,REP,Unverified Candidate 4,8
DeKalb,0006 VALLEY HEAD TOWN HALL,Lieutenant Governor,,REP,Unverified Candidate 5,1
DeKalb,0006 VALLEY HEAD TOWN HALL,Lieutenant Governor,,REP,Unverified Candidate 6,2
DeKalb,0006 VALLEY HEAD TOWN HALL,Lieutenant Governor,,REP,Unverified Candidate 7,47
DeKalb,0006 VALLEY HEAD TOWN HALL,"President, Dekalb County Commission",,REP,Unverified Candidate 1,32
DeKalb,0006 VALLEY HEAD TOWN HALL,"President, Dekalb County Commission",,REP,Unverified Candidate 2,45
DeKalb,0006 VALLEY HEAD TOWN HALL,"Public Service Commission, Place No. 1",,REP,Unverified Candidate 1,43
DeKalb,0006 VALLEY HEAD TOWN HALL,"Public Service Commission, Place No. 1",,REP,Unverified Candidate 2,23
DeKalb,0006 VALLEY HEAD TOWN HALL,"Public Service Commission, Place No. 2",,REP,Unverified Candidate 1,8
DeKalb,0006 VALLEY HEAD TOWN HALL,"Public Service Commission, Place No. 2",,REP,Unverified Candidate 2,15
DeKalb,0006 VALLEY HEAD TOWN HALL,"Public Service Commission, Place No. 2",,REP,Unverified Candidate 3,20
DeKalb,0006 VALLEY HEAD TOWN HALL,"Public Service Commission, Place No. 2",,REP,Unverified Candidate 4,28
DeKalb,0006 VALLEY HEAD TOWN HALL,Secretary of State,,REP,Unverified Candidate 1,28
DeKalb,0006 VALLEY HEAD TOWN HALL,Secretary of State,,REP,Unverified Candidate 2,23
DeKalb,0006 VALLEY HEAD TOWN HALL,Secretary of State,,REP,Unverified Candidate 3,16
DeKalb,0006 VALLEY HEAD TOWN HALL,State Auditor,,REP,Unverified Candidate 1,31
DeKalb,0006 VALLEY HEAD TOWN HALL,State Auditor,,REP,Unverified Candidate 2,41
DeKalb,0006 VALLEY HEAD TOWN HALL,State Board of Education,8,REP,Unverified Candidate 1,21
DeKalb,0006 VALLEY HEAD TOWN HALL,State Board of Education,8,REP,Unverified Candidate 2,24
DeKalb,0006 VALLEY HEAD TOWN HALL,State Board of Education,8,REP,Unverified Candidate 3,21
DeKalb,0006 VALLEY HEAD TOWN HALL,State Treasurer,,REP,Unverified Candidate 1,45
DeKalb,0006 VALLEY HEAD TOWN HALL,State Treasurer,,REP,Unverified Candidate 2,24
DeKalb,0006 VALLEY HEAD TOWN HALL,U.S. House,4,REP,Unverified Candidate 1,48
DeKalb,0006 VALLEY HEAD TOWN HALL,U.S. House,4,REP,Unverified Candidate 2,31
DeKalb,0006 VALLEY HEAD TOWN HALL,U.S. Senate,,REP,Unverified Candidate 1,4
DeKalb,0006 VALLEY HEAD TOWN HALL,U.S. Senate,,REP,Unverified Candidate 2,0
DeKalb,0006 VALLEY HEAD TOWN HALL,U.S. Senate,,REP,Unverified Candidate 3,19
DeKalb,0006 VALLEY HEAD TOWN HALL,U.S. Senate,,REP,Unverified Candidate 4,13
DeKalb,0006 VALLEY HEAD TOWN HALL,U.S. Senate,,REP,Unverified Candidate 5,37
DeKalb,0006 VALLEY HEAD TOWN HALL,U.S. Senate,,REP,Unverified Candidate 6,1
DeKalb,0006 VALLEY HEAD TOWN HALL,U.S. Senate,,REP,Unverified Candidate 7,6
DeKalb,0007 HAMMONDVILLE FIRE,Proposed Statewide Amendment 1,,,No,16
DeKalb,0007 HAMMONDVILLE FIRE,Proposed Statewide Amendment 1,,,Yes,131
DeKalb,0007 HAMMONDVILLE FIRE,Proposed Statewide Amendment 2,,,No,57
DeKalb,0007 HAMMONDVILLE FIRE,Proposed Statewide Amendment 2,,,Yes,85
DeKalb,0007 HAMMONDVILLE FIRE,Governor,,DEM,"Chad ""Chig"" Martin",5
DeKalb,0007 HAMMONDVILLE FIRE,Governor,,DEM,Doug Jones,16
DeKalb,0007 HAMMONDVILLE FIRE,Governor,,DEM,Jamel J. Brown,0
DeKalb,0007 HAMMONDVILLE FIRE,Governor,,DEM,"Nathan ""Nate"" Mathis",1
DeKalb,0007 HAMMONDVILLE FIRE,Governor,,DEM,Will Boyd,5
DeKalb,0007 HAMMONDVILLE FIRE,Governor,,DEM,Yolanda Rochelle Flowers,0
DeKalb,0007 HAMMONDVILLE FIRE,Lieutenant Governor,,DEM,Darryl D. Perryman,8
DeKalb,0007 HAMMONDVILLE FIRE,Lieutenant Governor,,DEM,Phillip Ensler,17
DeKalb,0007 HAMMONDVILLE FIRE,"Public Service Commission, Place No. 1",,DEM,James O. Gordon,8
DeKalb,0007 HAMMONDVILLE FIRE,"Public Service Commission, Place No. 1",,DEM,Jeff Ramsey,12
DeKalb,0007 HAMMONDVILLE FIRE,"Public Service Commission, Place No. 1",,DEM,John Northrop,6
DeKalb,0007 HAMMONDVILLE FIRE,U.S. House,4,DEM,Amanda N. Pusczek,20
DeKalb,0007 HAMMONDVILLE FIRE,U.S. House,4,DEM,Shane Weaver,5
DeKalb,0007 HAMMONDVILLE FIRE,U.S. Senate,,DEM,Dakarai Larriett,10
DeKalb,0007 HAMMONDVILLE FIRE,U.S. Senate,,DEM,Unverified Candidate 2,3
DeKalb,0007 HAMMONDVILLE FIRE,U.S. Senate,,DEM,Unverified Candidate 3,4
DeKalb,0007 HAMMONDVILLE FIRE,U.S. Senate,,DEM,Unverified Candidate 4,8
DeKalb,0007 HAMMONDVILLE FIRE,Attorney General,,REP,Unverified Candidate 1,46
DeKalb,0007 HAMMONDVILLE FIRE,Attorney General,,REP,Unverified Candidate 2,40
DeKalb,0007 HAMMONDVILLE FIRE,Attorney General,,REP,Unverified Candidate 3,33
DeKalb,0007 HAMMONDVILLE FIRE,Commissioner of Agriculture and Industries,,REP,Unverified Candidate 1,19
DeKalb,0007 HAMMONDVILLE FIRE,Commissioner of Agriculture and Industries,,REP,Unverified Candidate 2,31
DeKalb,0007 HAMMONDVILLE FIRE,Commissioner of Agriculture and Industries,,REP,Unverified Candidate 3,64
DeKalb,0007 HAMMONDVILLE FIRE,"Dekalb County Republican Executive Committee, At Lar",,REP,Unverified Candidate 1,28
DeKalb,0007 HAMMONDVILLE FIRE,"Dekalb County Republican Executive Committee, At Lar",,REP,Unverified Candidate 2,41
DeKalb,0007 HAMMONDVILLE FIRE,"Dekalb County Republican Executive Committee, At Lar",,REP,Unverified Candidate 3,50
DeKalb,0007 HAMMONDVILLE FIRE,"Dekalb County Republican Executive Committee, Place District No. 1",,REP,Unverified Candidate 1,55
DeKalb,0007 HAMMONDVILLE FIRE,"Dekalb County Republican Executive Committee, Place District No. 1",,REP,Unverified Candidate 1,39
DeKalb,0007 HAMMONDVILLE FIRE,"Dekalb County Republican Executive Committee, Place District No. 1",,REP,Unverified Candidate 2,55
DeKalb,0007 HAMMONDVILLE FIRE,"Dekalb County Republican Executive Committee, Place District No. 1",,REP,Unverified Candidate 2,68
DeKalb,0007 HAMMONDVILLE FIRE,Governor,,REP,Unverified Candidate 1,14
DeKalb,0007 HAMMONDVILLE FIRE,Governor,,REP,Unverified Candidate 2,3
DeKalb,0007 HAMMONDVILLE FIRE,Governor,,REP,Unverified Candidate 3,109
DeKalb,0007 HAMMONDVILLE FIRE,Lieutenant Governor,,REP,Unverified Candidate 1,31
DeKalb,0007 HAMMONDVILLE FIRE,Lieutenant Governor,,REP,Unverified Candidate 2,6
DeKalb,0007 HAMMONDVILLE FIRE,Lieutenant Governor,,REP,Unverified Candidate 3,4
DeKalb,0007 HAMMONDVILLE FIRE,Lieutenant Governor,,REP,Unverified Candidate 4,17
DeKalb,0007 HAMMONDVILLE FIRE,Lieutenant Governor,,REP,Unverified Candidate 5,1
DeKalb,0007 HAMMONDVILLE FIRE,Lieutenant Governor,,REP,Unverified Candidate 6,9
DeKalb,0007 HAMMONDVILLE FIRE,Lieutenant Governor,,REP,Unverified Candidate 7,55
DeKalb,0007 HAMMONDVILLE FIRE,"President, Dekalb County Commission",,REP,Unverified Candidate 1,26
DeKalb,0007 HAMMONDVILLE FIRE,"President, Dekalb County Commission",,REP,Unverified Candidate 2,94
DeKalb,0007 HAMMONDVILLE FIRE,"Public Service Commission, Place No. 1",,REP,Unverified Candidate 1,84
DeKalb,0007 HAMMONDVILLE FIRE,"Public Service Commission, Place No. 1",,REP,Unverified Candidate 2,18
DeKalb,0007 HAMMONDVILLE FIRE,"Public Service Commission, Place No. 2",,REP,Unverified Candidate 1,20
DeKalb,0007 HAMMONDVILLE FIRE,"Public Service Commission, Place No. 2",,REP,Unverified Candidate 2,23
DeKalb,0007 HAMMONDVILLE FIRE,"Public Service Commission, Place No. 2",,REP,Unverified Candidate 3,31
DeKalb,0007 HAMMONDVILLE FIRE,"Public Service Commission, Place No. 2",,REP,Unverified Candidate 4,37
DeKalb,0007 HAMMONDVILLE FIRE,Secretary of State,,REP,Unverified Candidate 1,67
DeKalb,0007 HAMMONDVILLE FIRE,Secretary of State,,REP,Unverified Candidate 2,22
DeKalb,0007 HAMMONDVILLE FIRE,Secretary of State,,REP,Unverified Candidate 3,20
DeKalb,0007 HAMMONDVILLE FIRE,State Auditor,,REP,Unverified Candidate 1,39
DeKalb,0007 HAMMONDVILLE FIRE,State Auditor,,REP,Unverified Candidate 2,75
DeKalb,0007 HAMMONDVILLE FIRE,State Board of Education,8,REP,Unverified Candidate 1,40
DeKalb,0007 HAMMONDVILLE FIRE,State Board of Education,8,REP,Unverified Candidate 2,23
DeKalb,0007 HAMMONDVILLE FIRE,State Board of Education,8,REP,Unverified Candidate 3,43
DeKalb,0007 HAMMONDVILLE FIRE,State Treasurer,,REP,Unverified Candidate 1,76
DeKalb,0007 HAMMONDVILLE FIRE,State Treasurer,,REP,Unverified Candidate 2,38
DeKalb,0007 HAMMONDVILLE FIRE,U.S. House,4,REP,Unverified Candidate 1,68
DeKalb,0007 HAMMONDVILLE FIRE,U.S. House,4,REP,Unverified Candidate 2,57
DeKalb,0007 HAMMONDVILLE FIRE,U.S. Senate,,REP,Unverified Candidate 1,2
DeKalb,0007 HAMMONDVILLE FIRE,U.S. Senate,,REP,Unverified Candidate 2,2
DeKalb,0007 HAMMONDVILLE FIRE,U.S. Senate,,REP,Unverified Candidate 3,49
DeKalb,0007 HAMMONDVILLE FIRE,U.S. Senate,,REP,Unverified Candidate 4,22
DeKalb,0007 HAMMONDVILLE FIRE,U.S. Senate,,REP,Unverified Candidate 5,43
DeKalb,0007 HAMMONDVILLE FIRE,U.S. Senate,,REP,Unverified Candidate 6,2
DeKalb,0007 HAMMONDVILLE FIRE,U.S. Senate,,REP,Unverified Candidate 7,1
DeKalb,0008 SULPHER SPRINGS COMM CTR,Proposed Statewide Amendment 1,,,No,5
DeKalb,0008 SULPHER SPRINGS COMM CTR,Proposed Statewide Amendment 1,,,Yes,25
DeKalb,0008 SULPHER SPRINGS COMM CTR,Proposed Statewide Amendment 2,,,No,12
DeKalb,0008 SULPHER SPRINGS COMM CTR,Proposed Statewide Amendment 2,,,Yes,13
DeKalb,0008 SULPHER SPRINGS COMM CTR,Governor,,DEM,"Chad ""Chig"" Martin",0
DeKalb,0008 SULPHER SPRINGS COMM CTR,Governor,,DEM,Doug Jones,3
DeKalb,0008 SULPHER SPRINGS COMM CTR,Governor,,DEM,Jamel J. Brown,0
DeKalb,0008 SULPHER SPRINGS COMM CTR,Governor,,DEM,"Nathan ""Nate"" Mathis",0
DeKalb,0008 SULPHER SPRINGS COMM CTR,Governor,,DEM,Will Boyd,0
DeKalb,0008 SULPHER SPRINGS COMM CTR,Governor,,DEM,Yolanda Rochelle Flowers,0
DeKalb,0008 SULPHER SPRINGS COMM CTR,Lieutenant Governor,,DEM,Darryl D. Perryman,1
DeKalb,0008 SULPHER SPRINGS COMM CTR,Lieutenant Governor,,DEM,Phillip Ensler,2
DeKalb,0008 SULPHER SPRINGS COMM CTR,"Public Service Commission, Place No. 1",,DEM,James O. Gordon,2
DeKalb,0008 SULPHER SPRINGS COMM CTR,"Public Service Commission, Place No. 1",,DEM,Jeff Ramsey,0
DeKalb,0008 SULPHER SPRINGS COMM CTR,"Public Service Commission, Place No. 1",,DEM,John Northrop,0
DeKalb,0008 SULPHER SPRINGS COMM CTR,U.S. House,4,DEM,Amanda N. Pusczek,3
DeKalb,0008 SULPHER SPRINGS COMM CTR,U.S. House,4,DEM,Shane Weaver,0
DeKalb,0008 SULPHER SPRINGS COMM CTR,U.S. Senate,,DEM,Dakarai Larriett,2
DeKalb,0008 SULPHER SPRINGS COMM CTR,U.S. Senate,,DEM,Unverified Candidate 2,1
DeKalb,0008 SULPHER SPRINGS COMM CTR,U.S. Senate,,DEM,Unverified Candidate 3,0
DeKalb,0008 SULPHER SPRINGS COMM CTR,U.S. Senate,,DEM,Unverified Candidate 4,0
DeKalb,0008 SULPHER SPRINGS COMM CTR,Attorney General,,REP,Unverified Candidate 1,8
DeKalb,0008 SULPHER SPRINGS COMM CTR,Attorney General,,REP,Unverified Candidate 2,15
DeKalb,0008 SULPHER SPRINGS COMM CTR,Attorney General,,REP,Unverified Candidate 3,6
DeKalb,0008 SULPHER SPRINGS COMM CTR,Commissioner of Agriculture and Industries,,REP,Unverified Candidate 1,11
DeKalb,0008 SULPHER SPRINGS COMM CTR,Commissioner of Agriculture and Industries,,REP,Unverified Candidate 2,11
DeKalb,0008 SULPHER SPRINGS COMM CTR,Commissioner of Agriculture and Industries,,REP,Unverified Candidate 3,6
DeKalb,0008 SULPHER SPRINGS COMM CTR,"Dekalb County Republican Executive Committee, At Lar",,REP,Unverified Candidate 1,17
DeKalb,0008 SULPHER SPRINGS COMM CTR,"Dekalb County Republican Executive Committee, At Lar",,REP,Unverified Candidate 2,6
DeKalb,0008 SULPHER SPRINGS COMM CTR,"Dekalb County Republican Executive Committee, At Lar",,REP,Unverified Candidate 3,2
DeKalb,0008 SULPHER SPRINGS COMM CTR,"Dekalb County Republican Executive Committee, Place District No. 1",,REP,Unverified Candidate 1,13
DeKalb,0008 SULPHER SPRINGS COMM CTR,"Dekalb County Republican Executive Committee, Place District No. 1",,REP,Unverified Candidate 1,11
DeKalb,0008 SULPHER SPRINGS COMM CTR,"Dekalb County Republican Executive Committee, Place District No. 1",,REP,Unverified Candidate 2,7
DeKalb,0008 SULPHER SPRINGS COMM CTR,"Dekalb County Republican Executive Committee, Place District No. 1",,REP,Unverified Candidate 2,11
DeKalb,0008 SULPHER SPRINGS COMM CTR,Governor,,REP,Unverified Candidate 1,1
DeKalb,0008 SULPHER SPRINGS COMM CTR,Governor,,REP,Unverified Candidate 2,1
DeKalb,0008 SULPHER SPRINGS COMM CTR,Governor,,REP,Unverified Candidate 3,26
DeKalb,0008 SULPHER SPRINGS COMM CTR,Lieutenant Governor,,REP,Unverified Candidate 1,9
DeKalb,0008 SULPHER SPRINGS COMM CTR,Lieutenant Governor,,REP,Unverified Candidate 2,0
DeKalb,0008 SULPHER SPRINGS COMM CTR,Lieutenant Governor,,REP,Unverified Candidate 3,0
DeKalb,0008 SULPHER SPRINGS COMM CTR,Lieutenant Governor,,REP,Unverified Candidate 4,7
DeKalb,0008 SULPHER SPRINGS COMM CTR,Lieutenant Governor,,REP,Unverified Candidate 5,0
DeKalb,0008 SULPHER SPRINGS COMM CTR,Lieutenant Governor,,REP,Unverified Candidate 6,0
DeKalb,0008 SULPHER SPRINGS COMM CTR,Lieutenant Governor,,REP,Unverified Candidate 7,12
DeKalb,0008 SULPHER SPRINGS COMM CTR,"President, Dekalb County Commission",,REP,Unverified Candidate 1,9
DeKalb,0008 SULPHER SPRINGS COMM CTR,"President, Dekalb County Commission",,REP,Unverified Candidate 2,14
DeKalb,0008 SULPHER SPRINGS COMM CTR,"Public Service Commission, Place No. 1",,REP,Unverified Candidate 1,15
DeKalb,0008 SULPHER SPRINGS COMM CTR,"Public Service Commission, Place No. 1",,REP,Unverified Candidate 2,9
DeKalb,0008 SULPHER SPRINGS COMM CTR,"Public Service Commission, Place No. 2",,REP,Unverified Candidate 1,3
DeKalb,0008 SULPHER SPRINGS COMM CTR,"Public Service Commission, Place No. 2",,REP,Unverified Candidate 2,7
DeKalb,0008 SULPHER SPRINGS COMM CTR,"Public Service Commission, Place No. 2",,REP,Unverified Candidate 3,4
DeKalb,0008 SULPHER SPRINGS COMM CTR,"Public Service Commission, Place No. 2",,REP,Unverified Candidate 4,7
DeKalb,0008 SULPHER SPRINGS COMM CTR,Secretary of State,,REP,Unverified Candidate 1,13
DeKalb,0008 SULPHER SPRINGS COMM CTR,Secretary of State,,REP,Unverified Candidate 2,3
DeKalb,0008 SULPHER SPRINGS COMM CTR,Secretary of State,,REP,Unverified Candidate 3,8
DeKalb,0008 SULPHER SPRINGS COMM CTR,State Auditor,,REP,Unverified Candidate 1,8
DeKalb,0008 SULPHER SPRINGS COMM CTR,State Auditor,,REP,Unverified Candidate 2,18
DeKalb,0008 SULPHER SPRINGS COMM CTR,State Board of Education,8,REP,Unverified Candidate 1,7
DeKalb,0008 SULPHER SPRINGS COMM CTR,State Board of Education,8,REP,Unverified Candidate 2,9
DeKalb,0008 SULPHER SPRINGS COMM CTR,State Board of Education,8,REP,Unverified Candidate 3,4
DeKalb,0008 SULPHER SPRINGS COMM CTR,State Treasurer,,REP,Unverified Candidate 1,21
DeKalb,0008 SULPHER SPRINGS COMM CTR,State Treasurer,,REP,Unverified Candidate 2,7
DeKalb,0008 SULPHER SPRINGS COMM CTR,U.S. House,4,REP,Unverified Candidate 1,22
DeKalb,0008 SULPHER SPRINGS COMM CTR,U.S. House,4,REP,Unverified Candidate 2,8
DeKalb,0008 SULPHER SPRINGS COMM CTR,U.S. Senate,,REP,Unverified Candidate 1,0
DeKalb,0008 SULPHER SPRINGS COMM CTR,U.S. Senate,,REP,Unverified Candidate 2,0
DeKalb,0008 SULPHER SPRINGS COMM CTR,U.S. Senate,,REP,Unverified Candidate 3,6
DeKalb,0008 SULPHER SPRINGS COMM CTR,U.S. Senate,,REP,Unverified Candidate 4,8
DeKalb,0008 SULPHER SPRINGS COMM CTR,U.S. Senate,,REP,Unverified Candidate 5,9
DeKalb,0008 SULPHER SPRINGS COMM CTR,U.S. Senate,,REP,Unverified Candidate 6,1
DeKalb,0008 SULPHER SPRINGS COMM CTR,U.S. Senate,,REP,Unverified Candidate 7,5
DeKalb,0009 MENTONE VISITOR CTR,Proposed Statewide Amendment 1,,,No,55
DeKalb,0009 MENTONE VISITOR CTR,Proposed Statewide Amendment 1,,,Yes,241
DeKalb,0009 MENTONE VISITOR CTR,Proposed Statewide Amendment 2,,,No,145
DeKalb,0009 MENTONE VISITOR CTR,Proposed Statewide Amendment 2,,,Yes,145
DeKalb,0009 MENTONE VISITOR CTR,Governor,,DEM,"Chad ""Chig"" Martin",2
DeKalb,0009 MENTONE VISITOR CTR,Governor,,DEM,Doug Jones,71
DeKalb,0009 MENTONE VISITOR CTR,Governor,,DEM,Jamel J. Brown,1
DeKalb,0009 MENTONE VISITOR CTR,Governor,,DEM,"Nathan ""Nate"" Mathis",1
DeKalb,0009 MENTONE VISITOR CTR,Governor,,DEM,Will Boyd,12
DeKalb,0009 MENTONE VISITOR CTR,Governor,,DEM,Yolanda Rochelle Flowers,2
DeKalb,0009 MENTONE VISITOR CTR,Lieutenant Governor,,DEM,Darryl D. Perryman,27
DeKalb,0009 MENTONE VISITOR CTR,Lieutenant Governor,,DEM,Phillip Ensler,50
DeKalb,0009 MENTONE VISITOR CTR,"Public Service Commission, Place No. 1",,DEM,James O. Gordon,23
DeKalb,0009 MENTONE VISITOR CTR,"Public Service Commission, Place No. 1",,DEM,Jeff Ramsey,37
DeKalb,0009 MENTONE VISITOR CTR,"Public Service Commission, Place No. 1",,DEM,John Northrop,16
DeKalb,0009 MENTONE VISITOR CTR,U.S. House,4,DEM,Amanda N. Pusczek,55
DeKalb,0009 MENTONE VISITOR CTR,U.S. House,4,DEM,Shane Weaver,27
DeKalb,0009 MENTONE VISITOR CTR,U.S. Senate,,DEM,Dakarai Larriett,25
DeKalb,0009 MENTONE VISITOR CTR,U.S. Senate,,DEM,Unverified Candidate 2,27
DeKalb,0009 MENTONE VISITOR CTR,U.S. Senate,,DEM,Unverified Candidate 3,9
DeKalb,0009 MENTONE VISITOR CTR,U.S. Senate,,DEM,Unverified Candidate 4,19
DeKalb,0009 MENTONE VISITOR CTR,Attorney General,,REP,Unverified Candidate 1,56
DeKalb,0009 MENTONE VISITOR CTR,Attorney General,,REP,Unverified Candidate 2,71
DeKalb,0009 MENTONE VISITOR CTR,Attorney General,,REP,Unverified Candidate 3,65
DeKalb,0009 MENTONE VISITOR CTR,Commissioner of Agriculture and Industries,,REP,Unverified Candidate 1,59
DeKalb,0009 MENTONE VISITOR CTR,Commissioner of Agriculture and Industries,,REP,Unverified Candidate 2,65
DeKalb,0009 MENTONE VISITOR CTR,Commissioner of Agriculture and Industries,,REP,Unverified Candidate 3,63
DeKalb,0009 MENTONE VISITOR CTR,"Dekalb County Republican Executive Committee, At Lar",,REP,Unverified Candidate 1,93
DeKalb,0009 MENTONE VISITOR CTR,"Dekalb County Republican Executive Committee, At Lar",,REP,Unverified Candidate 2,61
DeKalb,0009 MENTONE VISITOR CTR,"Dekalb County Republican Executive Committee, At Lar",,REP,Unverified Candidate 3,27
DeKalb,0009 MENTONE VISITOR CTR,"Dekalb County Republican Executive Committee, Place District No. 1",,REP,Unverified Candidate 1,101
DeKalb,0009 MENTONE VISITOR CTR,"Dekalb County Republican Executive Committee, Place District No. 1",,REP,Unverified Candidate 1,62
DeKalb,0009 MENTONE VISITOR CTR,"Dekalb County Republican Executive Committee, Place District No. 1",,REP,Unverified Candidate 2,65
DeKalb,0009 MENTONE VISITOR CTR,"Dekalb County Republican Executive Committee, Place District No. 1",,REP,Unverified Candidate 2,103
DeKalb,0009 MENTONE VISITOR CTR,Governor,,REP,Unverified Candidate 1,30
DeKalb,0009 MENTONE VISITOR CTR,Governor,,REP,Unverified Candidate 2,3
DeKalb,0009 MENTONE VISITOR CTR,Governor,,REP,Unverified Candidate 3,174
DeKalb,0009 MENTONE VISITOR CTR,Lieutenant Governor,,REP,Unverified Candidate 1,50
DeKalb,0009 MENTONE VISITOR CTR,Lieutenant Governor,,REP,Unverified Candidate 2,6
DeKalb,0009 MENTONE VISITOR CTR,Lieutenant Governor,,REP,Unverified Candidate 3,0
DeKalb,0009 MENTONE VISITOR CTR,Lieutenant Governor,,REP,Unverified Candidate 4,15
DeKalb,0009 MENTONE VISITOR CTR,Lieutenant Governor,,REP,Unverified Candidate 5,1
DeKalb,0009 MENTONE VISITOR CTR,Lieutenant Governor,,REP,Unverified Candidate 6,14
DeKalb,0009 MENTONE VISITOR CTR,Lieutenant Governor,,REP,Unverified Candidate 7,111
DeKalb,0009 MENTONE VISITOR CTR,"President, Dekalb County Commission",,REP,Unverified Candidate 1,61
DeKalb,0009 MENTONE VISITOR CTR,"President, Dekalb County Commission",,REP,Unverified Candidate 2,136
DeKalb,0009 MENTONE VISITOR CTR,"Public Service Commission, Place No. 1",,REP,Unverified Candidate 1,124
DeKalb,0009 MENTONE VISITOR CTR,"Public Service Commission, Place No. 1",,REP,Unverified Candidate 2,49
DeKalb,0009 MENTONE VISITOR CTR,"Public Service Commission, Place No. 2",,REP,Unverified Candidate 1,21
DeKalb,0009 MENTONE VISITOR CTR,"Public Service Commission, Place No. 2",,REP,Unverified Candidate 2,34
DeKalb,0009 MENTONE VISITOR CTR,"Public Service Commission, Place No. 2",,REP,Unverified Candidate 3,41
DeKalb,0009 MENTONE VISITOR CTR,"Public Service Commission, Place No. 2",,REP,Unverified Candidate 4,86
DeKalb,0009 MENTONE VISITOR CTR,Secretary of State,,REP,Unverified Candidate 1,112
DeKalb,0009 MENTONE VISITOR CTR,Secretary of State,,REP,Unverified Candidate 2,37
DeKalb,0009 MENTONE VISITOR CTR,Secretary of State,,REP,Unverified Candidate 3,33
DeKalb,0009 MENTONE VISITOR CTR,State Auditor,,REP,Unverified Candidate 1,52
DeKalb,0009 MENTONE VISITOR CTR,State Auditor,,REP,Unverified Candidate 2,137
DeKalb,0009 MENTONE VISITOR CTR,State Board of Education,8,REP,Unverified Candidate 1,66
DeKalb,0009 MENTONE VISITOR CTR,State Board of Education,8,REP,Unverified Candidate 2,57
DeKalb,0009 MENTONE VISITOR CTR,State Board of Education,8,REP,Unverified Candidate 3,49
DeKalb,0009 MENTONE VISITOR CTR,State Treasurer,,REP,Unverified Candidate 1,134
DeKalb,0009 MENTONE VISITOR CTR,State Treasurer,,REP,Unverified Candidate 2,54
DeKalb,0009 MENTONE VISITOR CTR,U.S. House,4,REP,Unverified Candidate 1,147
DeKalb,0009 MENTONE VISITOR CTR,U.S. House,4,REP,Unverified Candidate 2,51
DeKalb,0009 MENTONE VISITOR CTR,U.S. Senate,,REP,Unverified Candidate 1,4
DeKalb,0009 MENTONE VISITOR CTR,U.S. Senate,,REP,Unverified Candidate 2,7
DeKalb,0009 MENTONE VISITOR CTR,U.S. Senate,,REP,Unverified Candidate 3,43
DeKalb,0009 MENTONE VISITOR CTR,U.S. Senate,,REP,Unverified Candidate 4,56
DeKalb,0009 MENTONE VISITOR CTR,U.S. Senate,,REP,Unverified Candidate 5,86
DeKalb,0009 MENTONE VISITOR CTR,U.S. Senate,,REP,Unverified Candidate 6,2
DeKalb,0009 MENTONE VISITOR CTR,U.S. Senate,,REP,Unverified Candidate 7,3
DeKalb,0010 FIRE #3 E HIGHLAND D-1,Proposed Statewide Amendment 1,,,No,1
DeKalb,0010 FIRE #3 E HIGHLAND D-1,Proposed Statewide Amendment 1,,,Yes,42
DeKalb,0010 FIRE #3 E HIGHLAND D-1,Proposed Statewide Amendment 2,,,No,11
DeKalb,0010 FIRE #3 E HIGHLAND D-1,Proposed Statewide Amendment 2,,,Yes,30
DeKalb,0010 FIRE #3 E HIGHLAND D-1,Governor,,DEM,"Chad ""Chig"" Martin",0
DeKalb,0010 FIRE #3 E HIGHLAND D-1,Governor,,DEM,Doug Jones,1
DeKalb,0010 FIRE #3 E HIGHLAND D-1,Governor,,DEM,Jamel J. Brown,0
DeKalb,0010 FIRE #3 E HIGHLAND D-1,Governor,,DEM,"Nathan ""Nate"" Mathis",0
DeKalb,0010 FIRE #3 E HIGHLAND D-1,Governor,,DEM,Will Boyd,0
DeKalb,0010 FIRE #3 E HIGHLAND D-1,Governor,,DEM,Yolanda Rochelle Flowers,0
DeKalb,0010 FIRE #3 E HIGHLAND D-1,Lieutenant Governor,,DEM,Darryl D. Perryman,0
DeKalb,0010 FIRE #3 E HIGHLAND D-1,Lieutenant Governor,,DEM,Phillip Ensler,0
DeKalb,0010 FIRE #3 E HIGHLAND D-1,"Public Service Commission, Place No. 1",,DEM,James O. Gordon,0
DeKalb,0010 FIRE #3 E HIGHLAND D-1,"Public Service Commission, Place No. 1",,DEM,Jeff Ramsey,0
DeKalb,0010 FIRE #3 E HIGHLAND D-1,"Public Service Commission, Place No. 1",,DEM,John Northrop,0
DeKalb,0010 FIRE #3 E HIGHLAND D-1,U.S. House,4,DEM,Amanda N. Pusczek,0
DeKalb,0010 FIRE #3 E HIGHLAND D-1,U.S. House,4,DEM,Shane Weaver,0
DeKalb,0010 FIRE #3 E HIGHLAND D-1,U.S. Senate,,DEM,Dakarai Larriett,0
DeKalb,0010 FIRE #3 E HIGHLAND D-1,U.S. Senate,,DEM,Unverified Candidate 2,0
DeKalb,0010 FIRE #3 E HIGHLAND D-1,U.S. Senate,,DEM,Unverified Candidate 3,0
DeKalb,0010 FIRE #3 E HIGHLAND D-1,U.S. Senate,,DEM,Unverified Candidate 4,0
DeKalb,0010 FIRE #3 E HIGHLAND D-1,Attorney General,,REP,Unverified Candidate 1,9
DeKalb,0010 FIRE #3 E HIGHLAND D-1,Attorney General,,REP,Unverified Candidate 2,18
DeKalb,0010 FIRE #3 E HIGHLAND D-1,Attorney General,,REP,Unverified Candidate 3,13
DeKalb,0010 FIRE #3 E HIGHLAND D-1,Commissioner of Agriculture and Industries,,REP,Unverified Candidate 1,7
DeKalb,0010 FIRE #3 E HIGHLAND D-1,Commissioner of Agriculture and Industries,,REP,Unverified Candidate 2,14
DeKalb,0010 FIRE #3 E HIGHLAND D-1,Commissioner of Agriculture and Industries,,REP,Unverified Candidate 3,17
DeKalb,0010 FIRE #3 E HIGHLAND D-1,"Dekalb County Republican Executive Committee, At Lar",,REP,Unverified Candidate 1,19
DeKalb,0010 FIRE #3 E HIGHLAND D-1,"Dekalb County Republican Executive Committee, At Lar",,REP,Unverified Candidate 2,8
DeKalb,0010 FIRE #3 E HIGHLAND D-1,"Dekalb County Republican Executive Committee, At Lar",,REP,Unverified Candidate 3,11
DeKalb,0010 FIRE #3 E HIGHLAND D-1,"Dekalb County Republican Executive Committee, Place District No. 1",,REP,Unverified Candidate 1,13
DeKalb,0010 FIRE #3 E HIGHLAND D-1,"Dekalb County Republican Executive Committee, Place District No. 1",,REP,Unverified Candidate 1,15
DeKalb,0010 FIRE #3 E HIGHLAND D-1,"Dekalb County Republican Executive Committee, Place District No. 1",,REP,Unverified Candidate 2,21
DeKalb,0010 FIRE #3 E HIGHLAND D-1,"Dekalb County Republican Executive Committee, Place District No. 1",,REP,Unverified Candidate 2,19
DeKalb,0010 FIRE #3 E HIGHLAND D-1,Governor,,REP,Unverified Candidate 1,2
DeKalb,0010 FIRE #3 E HIGHLAND D-1,Governor,,REP,Unverified Candidate 2,2
DeKalb,0010 FIRE #3 E HIGHLAND D-1,Governor,,REP,Unverified Candidate 3,39
DeKalb,0010 FIRE #3 E HIGHLAND D-1,Lieutenant Governor,,REP,Unverified Candidate 1,23
DeKalb,0010 FIRE #3 E HIGHLAND D-1,Lieutenant Governor,,REP,Unverified Candidate 2,0
DeKalb,0010 FIRE #3 E HIGHLAND D-1,Lieutenant Governor,,REP,Unverified Candidate 3,0
DeKalb,0010 FIRE #3 E HIGHLAND D-1,Lieutenant Governor,,REP,Unverified Candidate 4,4
DeKalb,0010 FIRE #3 E HIGHLAND D-1,Lieutenant Governor,,REP,Unverified Candidate 5,0
DeKalb,0010 FIRE #3 E HIGHLAND D-1,Lieutenant Governor,,REP,Unverified Candidate 6,0
DeKalb,0010 FIRE #3 E HIGHLAND D-1,Lieutenant Governor,,REP,Unverified Candidate 7,14
DeKalb,0010 FIRE #3 E HIGHLAND D-1,"President, Dekalb County Commission",,REP,Unverified Candidate 1,3
DeKalb,0010 FIRE #3 E HIGHLAND D-1,"President, Dekalb County Commission",,REP,Unverified Candidate 2,37
DeKalb,0010 FIRE #3 E HIGHLAND D-1,"Public Service Commission, Place No. 1",,REP,Unverified Candidate 1,26
DeKalb,0010 FIRE #3 E HIGHLAND D-1,"Public Service Commission, Place No. 1",,REP,Unverified Candidate 2,8
DeKalb,0010 FIRE #3 E HIGHLAND D-1,"Public Service Commission, Place No. 2",,REP,Unverified Candidate 1,0
DeKalb,0010 FIRE #3 E HIGHLAND D-1,"Public Service Commission, Place No. 2",,REP,Unverified Candidate 2,5
DeKalb,0010 FIRE #3 E HIGHLAND D-1,"Public Service Commission, Place No. 2",,REP,Unverified Candidate 3,18
DeKalb,0010 FIRE #3 E HIGHLAND D-1,"Public Service Commission, Place No. 2",,REP,Unverified Candidate 4,12
DeKalb,0010 FIRE #3 E HIGHLAND D-1,Secretary of State,,REP,Unverified Candidate 1,26
DeKalb,0010 FIRE #3 E HIGHLAND D-1,Secretary of State,,REP,Unverified Candidate 2,6
DeKalb,0010 FIRE #3 E HIGHLAND D-1,Secretary of State,,REP,Unverified Candidate 3,4
DeKalb,0010 FIRE #3 E HIGHLAND D-1,State Auditor,,REP,Unverified Candidate 1,6
DeKalb,0010 FIRE #3 E HIGHLAND D-1,State Auditor,,REP,Unverified Candidate 2,31
DeKalb,0010 FIRE #3 E HIGHLAND D-1,State Board of Education,8,REP,Unverified Candidate 1,18
DeKalb,0010 FIRE #3 E HIGHLAND D-1,State Board of Education,8,REP,Unverified Candidate 2,10
DeKalb,0010 FIRE #3 E HIGHLAND D-1,State Board of Education,8,REP,Unverified Candidate 3,7
DeKalb,0010 FIRE #3 E HIGHLAND D-1,State Treasurer,,REP,Unverified Candidate 1,35
DeKalb,0010 FIRE #3 E HIGHLAND D-1,State Treasurer,,REP,Unverified Candidate 2,1
DeKalb,0010 FIRE #3 E HIGHLAND D-1,U.S. House,4,REP,Unverified Candidate 1,32
DeKalb,0010 FIRE #3 E HIGHLAND D-1,U.S. House,4,REP,Unverified Candidate 2,11
DeKalb,0010 FIRE #3 E HIGHLAND D-1,U.S. Senate,,REP,Unverified Candidate 1,0
DeKalb,0010 FIRE #3 E HIGHLAND D-1,U.S. Senate,,REP,Unverified Candidate 2,0
DeKalb,0010 FIRE #3 E HIGHLAND D-1,U.S. Senate,,REP,Unverified Candidate 3,15
DeKalb,0010 FIRE #3 E HIGHLAND D-1,U.S. Senate,,REP,Unverified Candidate 4,9
DeKalb,0010 FIRE #3 E HIGHLAND D-1,U.S. Senate,,REP,Unverified Candidate 5,17
DeKalb,0010 FIRE #3 E HIGHLAND D-1,U.S. Senate,,REP,Unverified Candidate 6,0
DeKalb,0010 FIRE #3 E HIGHLAND D-1,U.S. Senate,,REP,Unverified Candidate 7,2
DeKalb,0011 FISCHER COMM CTR D-1,Proposed Statewide Amendment 1,,,No,3
DeKalb,0011 FISCHER COMM CTR D-1,Proposed Statewide Amendment 1,,,Yes,32
DeKalb,0011 FISCHER COMM CTR D-1,Proposed Statewide Amendment 2,,,No,15
DeKalb,0011 FISCHER COMM CTR D-1,Proposed Statewide Amendment 2,,,Yes,18
DeKalb,0011 FISCHER COMM CTR D-1,Governor,,DEM,"Chad ""Chig"" Martin",0
DeKalb,0011 FISCHER COMM CTR D-1,Governor,,DEM,Doug Jones,3
DeKalb,0011 FISCHER COMM CTR D-1,Governor,,DEM,Jamel J. Brown,0
DeKalb,0011 FISCHER COMM CTR D-1,Governor,,DEM,"Nathan ""Nate"" Mathis",1
DeKalb,0011 FISCHER COMM CTR D-1,Governor,,DEM,Will Boyd,2
DeKalb,0011 FISCHER COMM CTR D-1,Governor,,DEM,Yolanda Rochelle Flowers,0
DeKalb,0011 FISCHER COMM CTR D-1,Lieutenant Governor,,DEM,Darryl D. Perryman,2
DeKalb,0011 FISCHER COMM CTR D-1,Lieutenant Governor,,DEM,Phillip Ensler,4
DeKalb,0011 FISCHER COMM CTR D-1,"Public Service Commission, Place No. 1",,DEM,James O. Gordon,1
DeKalb,0011 FISCHER COMM CTR D-1,"Public Service Commission, Place No. 1",,DEM,Jeff Ramsey,2
DeKalb,0011 FISCHER COMM CTR D-1,"Public Service Commission, Place No. 1",,DEM,John Northrop,3
DeKalb,0011 FISCHER COMM CTR D-1,U.S. House,4,DEM,Amanda N. Pusczek,3
DeKalb,0011 FISCHER COMM CTR D-1,U.S. House,4,DEM,Shane Weaver,3
DeKalb,0011 FISCHER COMM CTR D-1,U.S. Senate,,DEM,Dakarai Larriett,0
DeKalb,0011 FISCHER COMM CTR D-1,U.S. Senate,,DEM,Unverified Candidate 2,4
DeKalb,0011 FISCHER COMM CTR D-1,U.S. Senate,,DEM,Unverified Candidate 3,1
DeKalb,0011 FISCHER COMM CTR D-1,U.S. Senate,,DEM,Unverified Candidate 4,1
DeKalb,0011 FISCHER COMM CTR D-1,Attorney General,,REP,Unverified Candidate 1,2
DeKalb,0011 FISCHER COMM CTR D-1,Attorney General,,REP,Unverified Candidate 2,18
DeKalb,0011 FISCHER COMM CTR D-1,Attorney General,,REP,Unverified Candidate 3,9
DeKalb,0011 FISCHER COMM CTR D-1,Commissioner of Agriculture and Industries,,REP,Unverified Candidate 1,12
DeKalb,0011 FISCHER COMM CTR D-1,Commissioner of Agriculture and Industries,,REP,Unverified Candidate 2,7
DeKalb,0011 FISCHER COMM CTR D-1,Commissioner of Agriculture and Industries,,REP,Unverified Candidate 3,8
DeKalb,0011 FISCHER COMM CTR D-1,"Dekalb County Republican Executive Committee, At Lar",,REP,Unverified Candidate 1,9
DeKalb,0011 FISCHER COMM CTR D-1,"Dekalb County Republican Executive Committee, At Lar",,REP,Unverified Candidate 2,9
DeKalb,0011 FISCHER COMM CTR D-1,"Dekalb County Republican Executive Committee, At Lar",,REP,Unverified Candidate 3,6
DeKalb,0011 FISCHER COMM CTR D-1,"Dekalb County Republican Executive Committee, Place District No. 1",,REP,Unverified Candidate 1,11
DeKalb,0011 FISCHER COMM CTR D-1,"Dekalb County Republican Executive Committee, Place District No. 1",,REP,Unverified Candidate 1,11
DeKalb,0011 FISCHER COMM CTR D-1,"Dekalb County Republican Executive Committee, Place District No. 1",,REP,Unverified Candidate 2,12
DeKalb,0011 FISCHER COMM CTR D-1,"Dekalb County Republican Executive Committee, Place District No. 1",,REP,Unverified Candidate 2,11
DeKalb,0011 FISCHER COMM CTR D-1,Governor,,REP,Unverified Candidate 1,3
DeKalb,0011 FISCHER COMM CTR D-1,Governor,,REP,Unverified Candidate 2,0
DeKalb,0011 FISCHER COMM CTR D-1,Governor,,REP,Unverified Candidate 3,26
DeKalb,0011 FISCHER COMM CTR D-1,Lieutenant Governor,,REP,Unverified Candidate 1,9
DeKalb,0011 FISCHER COMM CTR D-1,Lieutenant Governor,,REP,Unverified Candidate 2,0
DeKalb,0011 FISCHER COMM CTR D-1,Lieutenant Governor,,REP,Unverified Candidate 3,0
DeKalb,0011 FISCHER COMM CTR D-1,Lieutenant Governor,,REP,Unverified Candidate 4,4
DeKalb,0011 FISCHER COMM CTR D-1,Lieutenant Governor,,REP,Unverified Candidate 5,1
DeKalb,0011 FISCHER COMM CTR D-1,Lieutenant Governor,,REP,Unverified Candidate 6,3
DeKalb,0011 FISCHER COMM CTR D-1,Lieutenant Governor,,REP,Unverified Candidate 7,13
DeKalb,0011 FISCHER COMM CTR D-1,"President, Dekalb County Commission",,REP,Unverified Candidate 1,4
DeKalb,0011 FISCHER COMM CTR D-1,"President, Dekalb County Commission",,REP,Unverified Candidate 2,26
DeKalb,0011 FISCHER COMM CTR D-1,"Public Service Commission, Place No. 1",,REP,Unverified Candidate 1,18
DeKalb,0011 FISCHER COMM CTR D-1,"Public Service Commission, Place No. 1",,REP,Unverified Candidate 2,6
DeKalb,0011 FISCHER COMM CTR D-1,"Public Service Commission, Place No. 2",,REP,Unverified Candidate 1,1
DeKalb,0011 FISCHER COMM CTR D-1,"Public Service Commission, Place No. 2",,REP,Unverified Candidate 2,5
DeKalb,0011 FISCHER COMM CTR D-1,"Public Service Commission, Place No. 2",,REP,Unverified Candidate 3,12
DeKalb,0011 FISCHER COMM CTR D-1,"Public Service Commission, Place No. 2",,REP,Unverified Candidate 4,7
DeKalb,0011 FISCHER COMM CTR D-1,Secretary of State,,REP,Unverified Candidate 1,14
DeKalb,0011 FISCHER COMM CTR D-1,Secretary of State,,REP,Unverified Candidate 2,13
DeKalb,0011 FISCHER COMM CTR D-1,Secretary of State,,REP,Unverified Candidate 3,1
DeKalb,0011 FISCHER COMM CTR D-1,State Auditor,,REP,Unverified Candidate 1,13
DeKalb,0011 FISCHER COMM CTR D-1,State Auditor,,REP,Unverified Candidate 2,16
DeKalb,0011 FISCHER COMM CTR D-1,State Board of Education,8,REP,Unverified Candidate 1,7
DeKalb,0011 FISCHER COMM CTR D-1,State Board of Education,8,REP,Unverified Candidate 2,10
DeKalb,0011 FISCHER COMM CTR D-1,State Board of Education,8,REP,Unverified Candidate 3,8
DeKalb,0011 FISCHER COMM CTR D-1,State Treasurer,,REP,Unverified Candidate 1,18
DeKalb,0011 FISCHER COMM CTR D-1,State Treasurer,,REP,Unverified Candidate 2,10
DeKalb,0011 FISCHER COMM CTR D-1,U.S. House,4,REP,Unverified Candidate 1,14
DeKalb,0011 FISCHER COMM CTR D-1,U.S. House,4,REP,Unverified Candidate 2,16
DeKalb,0011 FISCHER COMM CTR D-1,U.S. Senate,,REP,Unverified Candidate 1,0
DeKalb,0011 FISCHER COMM CTR D-1,U.S. Senate,,REP,Unverified Candidate 2,0
DeKalb,0011 FISCHER COMM CTR D-1,U.S. Senate,,REP,Unverified Candidate 3,10
DeKalb,0011 FISCHER COMM CTR D-1,U.S. Senate,,REP,Unverified Candidate 4,7
DeKalb,0011 FISCHER COMM CTR D-1,U.S. Senate,,REP,Unverified Candidate 5,12
DeKalb,0011 FISCHER COMM CTR D-1,U.S. Senate,,REP,Unverified Candidate 6,1
DeKalb,0011 FISCHER COMM CTR D-1,U.S. Senate,,REP,Unverified Candidate 7,0
DeKalb,0012 RODENTOWN COMM CTR,Proposed Statewide Amendment 1,,,No,10
DeKalb,0012 RODENTOWN COMM CTR,Proposed Statewide Amendment 1,,,Yes,91
DeKalb,0012 RODENTOWN COMM CTR,Proposed Statewide Amendment 2,,,No,38
DeKalb,0012 RODENTOWN COMM CTR,Proposed Statewide Amendment 2,,,Yes,61
DeKalb,0012 RODENTOWN COMM CTR,Governor,,DEM,"Chad ""Chig"" Martin",0
DeKalb,0012 RODENTOWN COMM CTR,Governor,,DEM,Doug Jones,8
DeKalb,0012 RODENTOWN COMM CTR,Governor,,DEM,Jamel J. Brown,0
DeKalb,0012 RODENTOWN COMM CTR,Governor,,DEM,"Nathan ""Nate"" Mathis",0
DeKalb,0012 RODENTOWN COMM CTR,Governor,,DEM,Will Boyd,1
DeKalb,0012 RODENTOWN COMM CTR,Governor,,DEM,Yolanda Rochelle Flowers,0
DeKalb,0012 RODENTOWN COMM CTR,Lieutenant Governor,,DEM,Darryl D. Perryman,3
DeKalb,0012 RODENTOWN COMM CTR,Lieutenant Governor,,DEM,Phillip Ensler,6
DeKalb,0012 RODENTOWN COMM CTR,"Public Service Commission, Place No. 1",,DEM,James O. Gordon,3
DeKalb,0012 RODENTOWN COMM CTR,"Public Service Commission, Place No. 1",,DEM,Jeff Ramsey,5
DeKalb,0012 RODENTOWN COMM CTR,"Public Service Commission, Place No. 1",,DEM,John Northrop,1
DeKalb,0012 RODENTOWN COMM CTR,U.S. House,4,DEM,Amanda N. Pusczek,5
DeKalb,0012 RODENTOWN COMM CTR,U.S. House,4,DEM,Shane Weaver,4
DeKalb,0012 RODENTOWN COMM CTR,U.S. Senate,,DEM,Dakarai Larriett,2
DeKalb,0012 RODENTOWN COMM CTR,U.S. Senate,,DEM,Unverified Candidate 2,5
DeKalb,0012 RODENTOWN COMM CTR,U.S. Senate,,DEM,Unverified Candidate 3,2
DeKalb,0012 RODENTOWN COMM CTR,U.S. Senate,,DEM,Unverified Candidate 4,0
DeKalb,0012 RODENTOWN COMM CTR,Attorney General,,REP,Unverified Candidate 1,33
DeKalb,0012 RODENTOWN COMM CTR,Attorney General,,REP,Unverified Candidate 2,27
DeKalb,0012 RODENTOWN COMM CTR,Attorney General,,REP,Unverified Candidate 3,33
DeKalb,0012 RODENTOWN COMM CTR,Commissioner of Agriculture and Industries,,REP,Unverified Candidate 1,55
DeKalb,0012 RODENTOWN COMM CTR,Commissioner of Agriculture and Industries,,REP,Unverified Candidate 2,15
DeKalb,0012 RODENTOWN COMM CTR,Commissioner of Agriculture and Industries,,REP,Unverified Candidate 3,21
DeKalb,0012 RODENTOWN COMM CTR,"Dekalb County Republican Executive Committee, At Lar",,REP,Unverified Candidate 1,49
DeKalb,0012 RODENTOWN COMM CTR,"Dekalb County Republican Executive Committee, At Lar",,REP,Unverified Candidate 2,22
DeKalb,0012 RODENTOWN COMM CTR,"Dekalb County Republican Executive Committee, At Lar",,REP,Unverified Candidate 3,7
DeKalb,0012 RODENTOWN COMM CTR,"Dekalb County Republican Executive Committee, Place District No. 2",,REP,Unverified Candidate 1,29
DeKalb,0012 RODENTOWN COMM CTR,"Dekalb County Republican Executive Committee, Place District No. 2",,REP,Unverified Candidate 1,39
DeKalb,0012 RODENTOWN COMM CTR,"Dekalb County Republican Executive Committee, Place District No. 2",,REP,Unverified Candidate 2,45
DeKalb,0012 RODENTOWN COMM CTR,"Dekalb County Republican Executive Committee, Place District No. 2",,REP,Unverified Candidate 2,51
DeKalb,0012 RODENTOWN COMM CTR,Dekalb County Republican Executive Committee. Place District No. 2,,REP,Unverified Candidate 1,57
DeKalb,0012 RODENTOWN COMM CTR,Dekalb County Republican Executive Committee. Place District No. 2,,REP,Unverified Candidate 2,24
DeKalb,0012 RODENTOWN COMM CTR,Governor,,REP,Unverified Candidate 1,4
DeKalb,0012 RODENTOWN COMM CTR,Governor,,REP,Unverified Candidate 2,3
DeKalb,0012 RODENTOWN COMM CTR,Governor,,REP,Unverified Candidate 3,89
DeKalb,0012 RODENTOWN COMM CTR,Lieutenant Governor,,REP,Unverified Candidate 1,33
DeKalb,0012 RODENTOWN COMM CTR,Lieutenant Governor,,REP,Unverified Candidate 2,2
DeKalb,0012 RODENTOWN COMM CTR,Lieutenant Governor,,REP,Unverified Candidate 3,1
DeKalb,0012 RODENTOWN COMM CTR,Lieutenant Governor,,REP,Unverified Candidate 4,8
DeKalb,0012 RODENTOWN COMM CTR,Lieutenant Governor,,REP,Unverified Candidate 5,0
DeKalb,0012 RODENTOWN COMM CTR,Lieutenant Governor,,REP,Unverified Candidate 6,5
DeKalb,0012 RODENTOWN COMM CTR,Lieutenant Governor,,REP,Unverified Candidate 7,45
DeKalb,0012 RODENTOWN COMM CTR,"President, Dekalb County Commission",,REP,Unverified Candidate 1,66
DeKalb,0012 RODENTOWN COMM CTR,"President, Dekalb County Commission",,REP,Unverified Candidate 2,25
DeKalb,0012 RODENTOWN COMM CTR,"Public Service Commission, Place No. 1",,REP,Unverified Candidate 1,58
DeKalb,0012 RODENTOWN COMM CTR,"Public Service Commission, Place No. 1",,REP,Unverified Candidate 2,26
DeKalb,0012 RODENTOWN COMM CTR,"Public Service Commission, Place No. 2",,REP,Unverified Candidate 1,12
DeKalb,0012 RODENTOWN COMM CTR,"Public Service Commission, Place No. 2",,REP,Unverified Candidate 2,30
DeKalb,0012 RODENTOWN COMM CTR,"Public Service Commission, Place No. 2",,REP,Unverified Candidate 3,17
DeKalb,0012 RODENTOWN COMM CTR,"Public Service Commission, Place No. 2",,REP,Unverified Candidate 4,28
DeKalb,0012 RODENTOWN COMM CTR,Secretary of State,,REP,Unverified Candidate 1,47
DeKalb,0012 RODENTOWN COMM CTR,Secretary of State,,REP,Unverified Candidate 2,21
DeKalb,0012 RODENTOWN COMM CTR,Secretary of State,,REP,Unverified Candidate 3,17
DeKalb,0012 RODENTOWN COMM CTR,State Auditor,,REP,Unverified Candidate 1,25
DeKalb,0012 RODENTOWN COMM CTR,State Auditor,,REP,Unverified Candidate 2,68
DeKalb,0012 RODENTOWN COMM CTR,State Board of Education,8,REP,Unverified Candidate 1,37
DeKalb,0012 RODENTOWN COMM CTR,State Board of Education,8,REP,Unverified Candidate 2,24
DeKalb,0012 RODENTOWN COMM CTR,State Board of Education,8,REP,Unverified Candidate 3,16
DeKalb,0012 RODENTOWN COMM CTR,State Senate,10,REP,Unverified Candidate 1,70
DeKalb,0012 RODENTOWN COMM CTR,State Senate,10,REP,Unverified Candidate 2,20
DeKalb,0012 RODENTOWN COMM CTR,State Treasurer,,REP,Unverified Candidate 1,52
DeKalb,0012 RODENTOWN COMM CTR,State Treasurer,,REP,Unverified Candidate 2,38
DeKalb,0012 RODENTOWN COMM CTR,U.S. House,4,REP,Unverified Candidate 1,81
DeKalb,0012 RODENTOWN COMM CTR,U.S. House,4,REP,Unverified Candidate 2,12
DeKalb,0012 RODENTOWN COMM CTR,U.S. Senate,,REP,Unverified Candidate 1,1
DeKalb,0012 RODENTOWN COMM CTR,U.S. Senate,,REP,Unverified Candidate 2,0
DeKalb,0012 RODENTOWN COMM CTR,U.S. Senate,,REP,Unverified Candidate 3,24
DeKalb,0012 RODENTOWN COMM CTR,U.S. Senate,,REP,Unverified Candidate 4,44
DeKalb,0012 RODENTOWN COMM CTR,U.S. Senate,,REP,Unverified Candidate 5,25
DeKalb,0012 RODENTOWN COMM CTR,U.S. Senate,,REP,Unverified Candidate 6,1
DeKalb,0012 RODENTOWN COMM CTR,U.S. Senate,,REP,Unverified Candidate 7,2
DeKalb,0013 ARONEY FIRE DEPT,Proposed Statewide Amendment 1,,,No,16
DeKalb,0013 ARONEY FIRE DEPT,Proposed Statewide Amendment 1,,,Yes,91
DeKalb,0013 ARONEY FIRE DEPT,Proposed Statewide Amendment 2,,,No,58
DeKalb,0013 ARONEY FIRE DEPT,Proposed Statewide Amendment 2,,,Yes,45
DeKalb,0013 ARONEY FIRE DEPT,Governor,,DEM,"Chad ""Chig"" Martin",2
DeKalb,0013 ARONEY FIRE DEPT,Governor,,DEM,Doug Jones,4
DeKalb,0013 ARONEY FIRE DEPT,Governor,,DEM,Jamel J. Brown,0
DeKalb,0013 ARONEY FIRE DEPT,Governor,,DEM,"Nathan ""Nate"" Mathis",0
DeKalb,0013 ARONEY FIRE DEPT,Governor,,DEM,Will Boyd,2
DeKalb,0013 ARONEY FIRE DEPT,Governor,,DEM,Yolanda Rochelle Flowers,1
DeKalb,0013 ARONEY FIRE DEPT,Lieutenant Governor,,DEM,Darryl D. Perryman,2
DeKalb,0013 ARONEY FIRE DEPT,Lieutenant Governor,,DEM,Phillip Ensler,6
DeKalb,0013 ARONEY FIRE DEPT,"Public Service Commission, Place No. 1",,DEM,James O. Gordon,2
DeKalb,0013 ARONEY FIRE DEPT,"Public Service Commission, Place No. 1",,DEM,Jeff Ramsey,4
DeKalb,0013 ARONEY FIRE DEPT,"Public Service Commission, Place No. 1",,DEM,John Northrop,2
DeKalb,0013 ARONEY FIRE DEPT,U.S. House,4,DEM,Amanda N. Pusczek,6
DeKalb,0013 ARONEY FIRE DEPT,U.S. House,4,DEM,Shane Weaver,2
DeKalb,0013 ARONEY FIRE DEPT,U.S. Senate,,DEM,Dakarai Larriett,1
DeKalb,0013 ARONEY FIRE DEPT,U.S. Senate,,DEM,Unverified Candidate 2,5
DeKalb,0013 ARONEY FIRE DEPT,U.S. Senate,,DEM,Unverified Candidate 3,1
DeKalb,0013 ARONEY FIRE DEPT,U.S. Senate,,DEM,Unverified Candidate 4,1
DeKalb,0013 ARONEY FIRE DEPT,Attorney General,,REP,Unverified Candidate 1,27
DeKalb,0013 ARONEY FIRE DEPT,Attorney General,,REP,Unverified Candidate 2,50
DeKalb,0013 ARONEY FIRE DEPT,Attorney General,,REP,Unverified Candidate 3,23
DeKalb,0013 ARONEY FIRE DEPT,Commissioner of Agriculture and Industries,,REP,Unverified Candidate 1,57
DeKalb,0013 ARONEY FIRE DEPT,Commissioner of Agriculture and Industries,,REP,Unverified Candidate 2,18
DeKalb,0013 ARONEY FIRE DEPT,Commissioner of Agriculture and Industries,,REP,Unverified Candidate 3,22
DeKalb,0013 ARONEY FIRE DEPT,"Dekalb County Republican Executive Committee, At Lar",,REP,Unverified Candidate 1,51
DeKalb,0013 ARONEY FIRE DEPT,"Dekalb County Republican Executive Committee, At Lar",,REP,Unverified Candidate 2,15
DeKalb,0013 ARONEY FIRE DEPT,"Dekalb County Republican Executive Committee, At Lar",,REP,Unverified Candidate 3,23
DeKalb,0013 ARONEY FIRE DEPT,"Dekalb County Republican Executive Committee, Place District No. 2",,REP,Unverified Candidate 1,23
DeKalb,0013 ARONEY FIRE DEPT,"Dekalb County Republican Executive Committee, Place District No. 2",,REP,Unverified Candidate 1,30
DeKalb,0013 ARONEY FIRE DEPT,"Dekalb County Republican Executive Committee, Place District No. 2",,REP,Unverified Candidate 2,65
DeKalb,0013 ARONEY FIRE DEPT,"Dekalb County Republican Executive Committee, Place District No. 2",,REP,Unverified Candidate 2,61
DeKalb,0013 ARONEY FIRE DEPT,Dekalb County Republican Executive Committee. Place District No. 2,,REP,Unverified Candidate 1,66
DeKalb,0013 ARONEY FIRE DEPT,Dekalb County Republican Executive Committee. Place District No. 2,,REP,Unverified Candidate 2,23
DeKalb,0013 ARONEY FIRE DEPT,Governor,,REP,Unverified Candidate 1,12
DeKalb,0013 ARONEY FIRE DEPT,Governor,,REP,Unverified Candidate 2,7
DeKalb,0013 ARONEY FIRE DEPT,Governor,,REP,Unverified Candidate 3,84
DeKalb,0013 ARONEY FIRE DEPT,Lieutenant Governor,,REP,Unverified Candidate 1,34
DeKalb,0013 ARONEY FIRE DEPT,Lieutenant Governor,,REP,Unverified Candidate 2,1
DeKalb,0013 ARONEY FIRE DEPT,Lieutenant Governor,,REP,Unverified Candidate 3,3
DeKalb,0013 ARONEY FIRE DEPT,Lieutenant Governor,,REP,Unverified Candidate 4,5
DeKalb,0013 ARONEY FIRE DEPT,Lieutenant Governor,,REP,Unverified Candidate 5,2
DeKalb,0013 ARONEY FIRE DEPT,Lieutenant Governor,,REP,Unverified Candidate 6,2
DeKalb,0013 ARONEY FIRE DEPT,Lieutenant Governor,,REP,Unverified Candidate 7,48
DeKalb,0013 ARONEY FIRE DEPT,"President, Dekalb County Commission",,REP,Unverified Candidate 1,63
DeKalb,0013 ARONEY FIRE DEPT,"President, Dekalb County Commission",,REP,Unverified Candidate 2,30
DeKalb,0013 ARONEY FIRE DEPT,"Public Service Commission, Place No. 1",,REP,Unverified Candidate 1,58
DeKalb,0013 ARONEY FIRE DEPT,"Public Service Commission, Place No. 1",,REP,Unverified Candidate 2,33
DeKalb,0013 ARONEY FIRE DEPT,"Public Service Commission, Place No. 2",,REP,Unverified Candidate 1,7
DeKalb,0013 ARONEY FIRE DEPT,"Public Service Commission, Place No. 2",,REP,Unverified Candidate 2,30
DeKalb,0013 ARONEY FIRE DEPT,"Public Service Commission, Place No. 2",,REP,Unverified Candidate 3,12
DeKalb,0013 ARONEY FIRE DEPT,"Public Service Commission, Place No. 2",,REP,Unverified Candidate 4,45
DeKalb,0013 ARONEY FIRE DEPT,Secretary of State,,REP,Unverified Candidate 1,41
DeKalb,0013 ARONEY FIRE DEPT,Secretary of State,,REP,Unverified Candidate 2,41
DeKalb,0013 ARONEY FIRE DEPT,Secretary of State,,REP,Unverified Candidate 3,14
DeKalb,0013 ARONEY FIRE DEPT,State Auditor,,REP,Unverified Candidate 1,31
DeKalb,0013 ARONEY FIRE DEPT,State Auditor,,REP,Unverified Candidate 2,59
DeKalb,0013 ARONEY FIRE DEPT,State Board of Education,8,REP,Unverified Candidate 1,37
DeKalb,0013 ARONEY FIRE DEPT,State Board of Education,8,REP,Unverified Candidate 2,41
DeKalb,0013 ARONEY FIRE DEPT,State Board of Education,8,REP,Unverified Candidate 3,14
DeKalb,0013 ARONEY FIRE DEPT,State Senate,10,REP,Unverified Candidate 1,66
DeKalb,0013 ARONEY FIRE DEPT,State Senate,10,REP,Unverified Candidate 2,33
DeKalb,0013 ARONEY FIRE DEPT,State Treasurer,,REP,Unverified Candidate 1,69
DeKalb,0013 ARONEY FIRE DEPT,State Treasurer,,REP,Unverified Candidate 2,25
DeKalb,0013 ARONEY FIRE DEPT,U.S. House,4,REP,Unverified Candidate 1,75
DeKalb,0013 ARONEY FIRE DEPT,U.S. House,4,REP,Unverified Candidate 2,25
DeKalb,0013 ARONEY FIRE DEPT,U.S. Senate,,REP,Unverified Candidate 1,3
DeKalb,0013 ARONEY FIRE DEPT,U.S. Senate,,REP,Unverified Candidate 2,3
DeKalb,0013 ARONEY FIRE DEPT,U.S. Senate,,REP,Unverified Candidate 3,45
DeKalb,0013 ARONEY FIRE DEPT,U.S. Senate,,REP,Unverified Candidate 4,34
DeKalb,0013 ARONEY FIRE DEPT,U.S. Senate,,REP,Unverified Candidate 5,17
DeKalb,0013 ARONEY FIRE DEPT,U.S. Senate,,REP,Unverified Candidate 6,0
DeKalb,0013 ARONEY FIRE DEPT,U.S. Senate,,REP,Unverified Candidate 7,1
DeKalb,0014 KILPATRICK COMM CTR,Proposed Statewide Amendment 1,,,No,18
DeKalb,0014 KILPATRICK COMM CTR,Proposed Statewide Amendment 1,,,Yes,93
DeKalb,0014 KILPATRICK COMM CTR,Proposed Statewide Amendment 2,,,No,40
DeKalb,0014 KILPATRICK COMM CTR,Proposed Statewide Amendment 2,,,Yes,71
DeKalb,0014 KILPATRICK COMM CTR,Governor,,DEM,"Chad ""Chig"" Martin",5
DeKalb,0014 KILPATRICK COMM CTR,Governor,,DEM,Doug Jones,14
DeKalb,0014 KILPATRICK COMM CTR,Governor,,DEM,Jamel J. Brown,0
DeKalb,0014 KILPATRICK COMM CTR,Governor,,DEM,"Nathan ""Nate"" Mathis",1
DeKalb,0014 KILPATRICK COMM CTR,Governor,,DEM,Will Boyd,5
DeKalb,0014 KILPATRICK COMM CTR,Governor,,DEM,Yolanda Rochelle Flowers,0
DeKalb,0014 KILPATRICK COMM CTR,Lieutenant Governor,,DEM,Darryl D. Perryman,6
DeKalb,0014 KILPATRICK COMM CTR,Lieutenant Governor,,DEM,Phillip Ensler,16
DeKalb,0014 KILPATRICK COMM CTR,"Public Service Commission, Place No. 1",,DEM,James O. Gordon,9
DeKalb,0014 KILPATRICK COMM CTR,"Public Service Commission, Place No. 1",,DEM,Jeff Ramsey,4
DeKalb,0014 KILPATRICK COMM CTR,"Public Service Commission, Place No. 1",,DEM,John Northrop,9
DeKalb,0014 KILPATRICK COMM CTR,U.S. House,4,DEM,Amanda N. Pusczek,11
DeKalb,0014 KILPATRICK COMM CTR,U.S. House,4,DEM,Shane Weaver,10
DeKalb,0014 KILPATRICK COMM CTR,U.S. Senate,,DEM,Dakarai Larriett,6
DeKalb,0014 KILPATRICK COMM CTR,U.S. Senate,,DEM,Unverified Candidate 2,5
DeKalb,0014 KILPATRICK COMM CTR,U.S. Senate,,DEM,Unverified Candidate 3,4
DeKalb,0014 KILPATRICK COMM CTR,U.S. Senate,,DEM,Unverified Candidate 4,7
DeKalb,0014 KILPATRICK COMM CTR,Attorney General,,REP,Unverified Candidate 1,26
DeKalb,0014 KILPATRICK COMM CTR,Attorney General,,REP,Unverified Candidate 2,26
DeKalb,0014 KILPATRICK COMM CTR,Attorney General,,REP,Unverified Candidate 3,34
DeKalb,0014 KILPATRICK COMM CTR,Commissioner of Agriculture and Industries,,REP,Unverified Candidate 1,51
DeKalb,0014 KILPATRICK COMM CTR,Commissioner of Agriculture and Industries,,REP,Unverified Candidate 2,15
DeKalb,0014 KILPATRICK COMM CTR,Commissioner of Agriculture and Industries,,REP,Unverified Candidate 3,16
DeKalb,0014 KILPATRICK COMM CTR,"Dekalb County Republican Executive Committee, At Lar",,REP,Unverified Candidate 1,44
DeKalb,0014 KILPATRICK COMM CTR,"Dekalb County Republican Executive Committee, At Lar",,REP,Unverified Candidate 2,20
DeKalb,0014 KILPATRICK COMM CTR,"Dekalb County Republican Executive Committee, At Lar",,REP,Unverified Candidate 3,15
DeKalb,0014 KILPATRICK COMM CTR,"Dekalb County Republican Executive Committee, Place District No. 2",,REP,Unverified Candidate 1,41
DeKalb,0014 KILPATRICK COMM CTR,"Dekalb County Republican Executive Committee, Place District No. 2",,REP,Unverified Candidate 1,22
DeKalb,0014 KILPATRICK COMM CTR,"Dekalb County Republican Executive Committee, Place District No. 2",,REP,Unverified Candidate 2,41
DeKalb,0014 KILPATRICK COMM CTR,"Dekalb County Republican Executive Committee, Place District No. 2",,REP,Unverified Candidate 2,66
DeKalb,0014 KILPATRICK COMM CTR,Dekalb County Republican Executive Committee. Place District No. 2,,REP,Unverified Candidate 1,52
DeKalb,0014 KILPATRICK COMM CTR,Dekalb County Republican Executive Committee. Place District No. 2,,REP,Unverified Candidate 2,31
DeKalb,0014 KILPATRICK COMM CTR,Governor,,REP,Unverified Candidate 1,13
DeKalb,0014 KILPATRICK COMM CTR,Governor,,REP,Unverified Candidate 2,7
DeKalb,0014 KILPATRICK COMM CTR,Governor,,REP,Unverified Candidate 3,69
DeKalb,0014 KILPATRICK COMM CTR,Lieutenant Governor,,REP,Unverified Candidate 1,29
DeKalb,0014 KILPATRICK COMM CTR,Lieutenant Governor,,REP,Unverified Candidate 2,2
DeKalb,0014 KILPATRICK COMM CTR,Lieutenant Governor,,REP,Unverified Candidate 3,3
DeKalb,0014 KILPATRICK COMM CTR,Lieutenant Governor,,REP,Unverified Candidate 4,14
DeKalb,0014 KILPATRICK COMM CTR,Lieutenant Governor,,REP,Unverified Candidate 5,0
DeKalb,0014 KILPATRICK COMM CTR,Lieutenant Governor,,REP,Unverified Candidate 6,3
DeKalb,0014 KILPATRICK COMM CTR,Lieutenant Governor,,REP,Unverified Candidate 7,32
DeKalb,0014 KILPATRICK COMM CTR,"President, Dekalb County Commission",,REP,Unverified Candidate 1,66
DeKalb,0014 KILPATRICK COMM CTR,"President, Dekalb County Commission",,REP,Unverified Candidate 2,21
DeKalb,0014 KILPATRICK COMM CTR,"Public Service Commission, Place No. 1",,REP,Unverified Candidate 1,56
DeKalb,0014 KILPATRICK COMM CTR,"Public Service Commission, Place No. 1",,REP,Unverified Candidate 2,21
DeKalb,0014 KILPATRICK COMM CTR,"Public Service Commission, Place No. 2",,REP,Unverified Candidate 1,15
DeKalb,0014 KILPATRICK COMM CTR,"Public Service Commission, Place No. 2",,REP,Unverified Candidate 2,14
DeKalb,0014 KILPATRICK COMM CTR,"Public Service Commission, Place No. 2",,REP,Unverified Candidate 3,19
DeKalb,0014 KILPATRICK COMM CTR,"Public Service Commission, Place No. 2",,REP,Unverified Candidate 4,29
DeKalb,0014 KILPATRICK COMM CTR,Secretary of State,,REP,Unverified Candidate 1,35
DeKalb,0014 KILPATRICK COMM CTR,Secretary of State,,REP,Unverified Candidate 2,19
DeKalb,0014 KILPATRICK COMM CTR,Secretary of State,,REP,Unverified Candidate 3,24
DeKalb,0014 KILPATRICK COMM CTR,State Auditor,,REP,Unverified Candidate 1,28
DeKalb,0014 KILPATRICK COMM CTR,State Auditor,,REP,Unverified Candidate 2,52
DeKalb,0014 KILPATRICK COMM CTR,State Board of Education,8,REP,Unverified Candidate 1,31
DeKalb,0014 KILPATRICK COMM CTR,State Board of Education,8,REP,Unverified Candidate 2,25
DeKalb,0014 KILPATRICK COMM CTR,State Board of Education,8,REP,Unverified Candidate 3,21
DeKalb,0014 KILPATRICK COMM CTR,State Senate,10,REP,Unverified Candidate 1,66
DeKalb,0014 KILPATRICK COMM CTR,State Senate,10,REP,Unverified Candidate 2,20
DeKalb,0014 KILPATRICK COMM CTR,State Treasurer,,REP,Unverified Candidate 1,49
DeKalb,0014 KILPATRICK COMM CTR,State Treasurer,,REP,Unverified Candidate 2,31
DeKalb,0014 KILPATRICK COMM CTR,U.S. House,4,REP,Unverified Candidate 1,67
DeKalb,0014 KILPATRICK COMM CTR,U.S. House,4,REP,Unverified Candidate 2,21
DeKalb,0014 KILPATRICK COMM CTR,U.S. Senate,,REP,Unverified Candidate 1,3
DeKalb,0014 KILPATRICK COMM CTR,U.S. Senate,,REP,Unverified Candidate 2,0
DeKalb,0014 KILPATRICK COMM CTR,U.S. Senate,,REP,Unverified Candidate 3,23
DeKalb,0014 KILPATRICK COMM CTR,U.S. Senate,,REP,Unverified Candidate 4,38
DeKalb,0014 KILPATRICK COMM CTR,U.S. Senate,,REP,Unverified Candidate 5,20
DeKalb,0014 KILPATRICK COMM CTR,U.S. Senate,,REP,Unverified Candidate 6,0
DeKalb,0014 KILPATRICK COMM CTR,U.S. Senate,,REP,Unverified Candidate 7,4
DeKalb,0015 CROSSVILLE SAND MTN RSCH,Proposed Statewide Amendment 1,,,No,19
DeKalb,0015 CROSSVILLE SAND MTN RSCH,Proposed Statewide Amendment 1,,,Yes,195
DeKalb,0015 CROSSVILLE SAND MTN RSCH,Proposed Statewide Amendment 2,,,No,100
DeKalb,0015 CROSSVILLE SAND MTN RSCH,Proposed Statewide Amendment 2,,,Yes,106
DeKalb,0015 CROSSVILLE SAND MTN RSCH,Governor,,DEM,"Chad ""Chig"" Martin",1
DeKalb,0015 CROSSVILLE SAND MTN RSCH,Governor,,DEM,Doug Jones,9
DeKalb,0015 CROSSVILLE SAND MTN RSCH,Governor,,DEM,Jamel J. Brown,0
DeKalb,0015 CROSSVILLE SAND MTN RSCH,Governor,,DEM,"Nathan ""Nate"" Mathis",1
DeKalb,0015 CROSSVILLE SAND MTN RSCH,Governor,,DEM,Will Boyd,3
DeKalb,0015 CROSSVILLE SAND MTN RSCH,Governor,,DEM,Yolanda Rochelle Flowers,3
DeKalb,0015 CROSSVILLE SAND MTN RSCH,Lieutenant Governor,,DEM,Darryl D. Perryman,6
DeKalb,0015 CROSSVILLE SAND MTN RSCH,Lieutenant Governor,,DEM,Phillip Ensler,11
DeKalb,0015 CROSSVILLE SAND MTN RSCH,"Public Service Commission, Place No. 1",,DEM,James O. Gordon,2
DeKalb,0015 CROSSVILLE SAND MTN RSCH,"Public Service Commission, Place No. 1",,DEM,Jeff Ramsey,12
DeKalb,0015 CROSSVILLE SAND MTN RSCH,"Public Service Commission, Place No. 1",,DEM,John Northrop,3
DeKalb,0015 CROSSVILLE SAND MTN RSCH,U.S. House,4,DEM,Amanda N. Pusczek,9
DeKalb,0015 CROSSVILLE SAND MTN RSCH,U.S. House,4,DEM,Shane Weaver,8
DeKalb,0015 CROSSVILLE SAND MTN RSCH,U.S. Senate,,DEM,Dakarai Larriett,3
DeKalb,0015 CROSSVILLE SAND MTN RSCH,U.S. Senate,,DEM,Unverified Candidate 2,6
DeKalb,0015 CROSSVILLE SAND MTN RSCH,U.S. Senate,,DEM,Unverified Candidate 3,3
DeKalb,0015 CROSSVILLE SAND MTN RSCH,U.S. Senate,,DEM,Unverified Candidate 4,5
DeKalb,0015 CROSSVILLE SAND MTN RSCH,Attorney General,,REP,Unverified Candidate 1,53
DeKalb,0015 CROSSVILLE SAND MTN RSCH,Attorney General,,REP,Unverified Candidate 2,74
DeKalb,0015 CROSSVILLE SAND MTN RSCH,Attorney General,,REP,Unverified Candidate 3,67
DeKalb,0015 CROSSVILLE SAND MTN RSCH,Commissioner of Agriculture and Industries,,REP,Unverified Candidate 1,120
DeKalb,0015 CROSSVILLE SAND MTN RSCH,Commissioner of Agriculture and Industries,,REP,Unverified Candidate 2,25
DeKalb,0015 CROSSVILLE SAND MTN RSCH,Commissioner of Agriculture and Industries,,REP,Unverified Candidate 3,40
DeKalb,0015 CROSSVILLE SAND MTN RSCH,"Dekalb County Republican Executive Committee, At Lar",,REP,Unverified Candidate 1,119
DeKalb,0015 CROSSVILLE SAND MTN RSCH,"Dekalb County Republican Executive Committee, At Lar",,REP,Unverified Candidate 2,25
DeKalb,0015 CROSSVILLE SAND MTN RSCH,"Dekalb County Republican Executive Committee, At Lar",,REP,Unverified Candidate 3,30
DeKalb,0015 CROSSVILLE SAND MTN RSCH,"Dekalb County Republican Executive Committee, Place District No. 2",,REP,Unverified Candidate 1,58
DeKalb,0015 CROSSVILLE SAND MTN RSCH,"Dekalb County Republican Executive Committee, Place District No. 2",,REP,Unverified Candidate 1,53
DeKalb,0015 CROSSVILLE SAND MTN RSCH,"Dekalb County Republican Executive Committee, Place District No. 2",,REP,Unverified Candidate 2,114
DeKalb,0015 CROSSVILLE SAND MTN RSCH,"Dekalb County Republican Executive Committee, Place District No. 2",,REP,Unverified Candidate 2,148
DeKalb,0015 CROSSVILLE SAND MTN RSCH,Dekalb County Republican Executive Committee. Place District No. 2,,REP,Unverified Candidate 1,141
DeKalb,0015 CROSSVILLE SAND MTN RSCH,Dekalb County Republican Executive Committee. Place District No. 2,,REP,Unverified Candidate 2,46
DeKalb,0015 CROSSVILLE SAND MTN RSCH,Governor,,REP,Unverified Candidate 1,17
DeKalb,0015 CROSSVILLE SAND MTN RSCH,Governor,,REP,Unverified Candidate 2,6
DeKalb,0015 CROSSVILLE SAND MTN RSCH,Governor,,REP,Unverified Candidate 3,181
DeKalb,0015 CROSSVILLE SAND MTN RSCH,Lieutenant Governor,,REP,Unverified Candidate 1,85
DeKalb,0015 CROSSVILLE SAND MTN RSCH,Lieutenant Governor,,REP,Unverified Candidate 2,1
DeKalb,0015 CROSSVILLE SAND MTN RSCH,Lieutenant Governor,,REP,Unverified Candidate 3,3
DeKalb,0015 CROSSVILLE SAND MTN RSCH,Lieutenant Governor,,REP,Unverified Candidate 4,16
DeKalb,0015 CROSSVILLE SAND MTN RSCH,Lieutenant Governor,,REP,Unverified Candidate 5,4
DeKalb,0015 CROSSVILLE SAND MTN RSCH,Lieutenant Governor,,REP,Unverified Candidate 6,11
DeKalb,0015 CROSSVILLE SAND MTN RSCH,Lieutenant Governor,,REP,Unverified Candidate 7,72
DeKalb,0015 CROSSVILLE SAND MTN RSCH,"President, Dekalb County Commission",,REP,Unverified Candidate 1,149
DeKalb,0015 CROSSVILLE SAND MTN RSCH,"President, Dekalb County Commission",,REP,Unverified Candidate 2,55
DeKalb,0015 CROSSVILLE SAND MTN RSCH,"Public Service Commission, Place No. 1",,REP,Unverified Candidate 1,133
DeKalb,0015 CROSSVILLE SAND MTN RSCH,"Public Service Commission, Place No. 1",,REP,Unverified Candidate 2,42
DeKalb,0015 CROSSVILLE SAND MTN RSCH,"Public Service Commission, Place No. 2",,REP,Unverified Candidate 1,16
DeKalb,0015 CROSSVILLE SAND MTN RSCH,"Public Service Commission, Place No. 2",,REP,Unverified Candidate 2,52
DeKalb,0015 CROSSVILLE SAND MTN RSCH,"Public Service Commission, Place No. 2",,REP,Unverified Candidate 3,45
DeKalb,0015 CROSSVILLE SAND MTN RSCH,"Public Service Commission, Place No. 2",,REP,Unverified Candidate 4,66
DeKalb,0015 CROSSVILLE SAND MTN RSCH,Secretary of State,,REP,Unverified Candidate 1,99
DeKalb,0015 CROSSVILLE SAND MTN RSCH,Secretary of State,,REP,Unverified Candidate 2,47
DeKalb,0015 CROSSVILLE SAND MTN RSCH,Secretary of State,,REP,Unverified Candidate 3,26
DeKalb,0015 CROSSVILLE SAND MTN RSCH,State Auditor,,REP,Unverified Candidate 1,51
DeKalb,0015 CROSSVILLE SAND MTN RSCH,State Auditor,,REP,Unverified Candidate 2,127
DeKalb,0015 CROSSVILLE SAND MTN RSCH,State Board of Education,8,REP,Unverified Candidate 1,71
DeKalb,0015 CROSSVILLE SAND MTN RSCH,State Board of Education,8,REP,Unverified Candidate 2,59
DeKalb,0015 CROSSVILLE SAND MTN RSCH,State Board of Education,8,REP,Unverified Candidate 3,36
DeKalb,0015 CROSSVILLE SAND MTN RSCH,State Senate,10,REP,Unverified Candidate 1,141
DeKalb,0015 CROSSVILLE SAND MTN RSCH,State Senate,10,REP,Unverified Candidate 2,54
DeKalb,0015 CROSSVILLE SAND MTN RSCH,State Treasurer,,REP,Unverified Candidate 1,132
DeKalb,0015 CROSSVILLE SAND MTN RSCH,State Treasurer,,REP,Unverified Candidate 2,49
DeKalb,0015 CROSSVILLE SAND MTN RSCH,U.S. House,4,REP,Unverified Candidate 1,177
DeKalb,0015 CROSSVILLE SAND MTN RSCH,U.S. House,4,REP,Unverified Candidate 2,25
DeKalb,0015 CROSSVILLE SAND MTN RSCH,U.S. Senate,,REP,Unverified Candidate 1,2
DeKalb,0015 CROSSVILLE SAND MTN RSCH,U.S. Senate,,REP,Unverified Candidate 2,0
DeKalb,0015 CROSSVILLE SAND MTN RSCH,U.S. Senate,,REP,Unverified Candidate 3,44
DeKalb,0015 CROSSVILLE SAND MTN RSCH,U.S. Senate,,REP,Unverified Candidate 4,95
DeKalb,0015 CROSSVILLE SAND MTN RSCH,U.S. Senate,,REP,Unverified Candidate 5,59
DeKalb,0015 CROSSVILLE SAND MTN RSCH,U.S. Senate,,REP,Unverified Candidate 6,2
DeKalb,0015 CROSSVILLE SAND MTN RSCH,U.S. Senate,,REP,Unverified Candidate 7,3
DeKalb,0016 SKIRUM COMM CTR,Proposed Statewide Amendment 1,,,No,18
DeKalb,0016 SKIRUM COMM CTR,Proposed Statewide Amendment 1,,,Yes,131
DeKalb,0016 SKIRUM COMM CTR,Proposed Statewide Amendment 2,,,No,46
DeKalb,0016 SKIRUM COMM CTR,Proposed Statewide Amendment 2,,,Yes,101
DeKalb,0016 SKIRUM COMM CTR,Governor,,DEM,"Chad ""Chig"" Martin",1
DeKalb,0016 SKIRUM COMM CTR,Governor,,DEM,Doug Jones,11
DeKalb,0016 SKIRUM COMM CTR,Governor,,DEM,Jamel J. Brown,0
DeKalb,0016 SKIRUM COMM CTR,Governor,,DEM,"Nathan ""Nate"" Mathis",0
DeKalb,0016 SKIRUM COMM CTR,Governor,,DEM,Will Boyd,0
DeKalb,0016 SKIRUM COMM CTR,Governor,,DEM,Yolanda Rochelle Flowers,0
DeKalb,0016 SKIRUM COMM CTR,Lieutenant Governor,,DEM,Darryl D. Perryman,9
DeKalb,0016 SKIRUM COMM CTR,Lieutenant Governor,,DEM,Phillip Ensler,3
DeKalb,0016 SKIRUM COMM CTR,"Public Service Commission, Place No. 1",,DEM,James O. Gordon,2
DeKalb,0016 SKIRUM COMM CTR,"Public Service Commission, Place No. 1",,DEM,Jeff Ramsey,4
DeKalb,0016 SKIRUM COMM CTR,"Public Service Commission, Place No. 1",,DEM,John Northrop,6
DeKalb,0016 SKIRUM COMM CTR,U.S. House,4,DEM,Amanda N. Pusczek,9
DeKalb,0016 SKIRUM COMM CTR,U.S. House,4,DEM,Shane Weaver,3
DeKalb,0016 SKIRUM COMM CTR,U.S. Senate,,DEM,Dakarai Larriett,2
DeKalb,0016 SKIRUM COMM CTR,U.S. Senate,,DEM,Unverified Candidate 2,4
DeKalb,0016 SKIRUM COMM CTR,U.S. Senate,,DEM,Unverified Candidate 3,3
DeKalb,0016 SKIRUM COMM CTR,U.S. Senate,,DEM,Unverified Candidate 4,3
DeKalb,0016 SKIRUM COMM CTR,Attorney General,,REP,Unverified Candidate 1,45
DeKalb,0016 SKIRUM COMM CTR,Attorney General,,REP,Unverified Candidate 2,52
DeKalb,0016 SKIRUM COMM CTR,Attorney General,,REP,Unverified Candidate 3,40
DeKalb,0016 SKIRUM COMM CTR,Commissioner of Agriculture and Industries,,REP,Unverified Candidate 1,84
DeKalb,0016 SKIRUM COMM CTR,Commissioner of Agriculture and Industries,,REP,Unverified Candidate 2,17
DeKalb,0016 SKIRUM COMM CTR,Commissioner of Agriculture and Industries,,REP,Unverified Candidate 3,40
DeKalb,0016 SKIRUM COMM CTR,"Dekalb County Republican Executive Committee, At Lar",,REP,Unverified Candidate 1,82
DeKalb,0016 SKIRUM COMM CTR,"Dekalb County Republican Executive Committee, At Lar",,REP,Unverified Candidate 2,30
DeKalb,0016 SKIRUM COMM CTR,"Dekalb County Republican Executive Committee, At Lar",,REP,Unverified Candidate 3,18
DeKalb,0016 SKIRUM COMM CTR,"Dekalb County Republican Executive Committee, Place District No. 2",,REP,Unverified Candidate 1,37
DeKalb,0016 SKIRUM COMM CTR,"Dekalb County Republican Executive Committee, Place District No. 2",,REP,Unverified Candidate 1,59
DeKalb,0016 SKIRUM COMM CTR,"Dekalb County Republican Executive Committee, Place District No. 2",,REP,Unverified Candidate 2,94
DeKalb,0016 SKIRUM COMM CTR,"Dekalb County Republican Executive Committee, Place District No. 2",,REP,Unverified Candidate 2,92
DeKalb,0016 SKIRUM COMM CTR,Dekalb County Republican Executive Committee. Place District No. 2,,REP,Unverified Candidate 1,115
DeKalb,0016 SKIRUM COMM CTR,Dekalb County Republican Executive Committee. Place District No. 2,,REP,Unverified Candidate 2,27
DeKalb,0016 SKIRUM COMM CTR,Governor,,REP,Unverified Candidate 1,8
DeKalb,0016 SKIRUM COMM CTR,Governor,,REP,Unverified Candidate 2,5
DeKalb,0016 SKIRUM COMM CTR,Governor,,REP,Unverified Candidate 3,134
DeKalb,0016 SKIRUM COMM CTR,Lieutenant Governor,,REP,Unverified Candidate 1,80
DeKalb,0016 SKIRUM COMM CTR,Lieutenant Governor,,REP,Unverified Candidate 2,4
DeKalb,0016 SKIRUM COMM CTR,Lieutenant Governor,,REP,Unverified Candidate 3,6
DeKalb,0016 SKIRUM COMM CTR,Lieutenant Governor,,REP,Unverified Candidate 4,13
DeKalb,0016 SKIRUM COMM CTR,Lieutenant Governor,,REP,Unverified Candidate 5,3
DeKalb,0016 SKIRUM COMM CTR,Lieutenant Governor,,REP,Unverified Candidate 6,5
DeKalb,0016 SKIRUM COMM CTR,Lieutenant Governor,,REP,Unverified Candidate 7,31
DeKalb,0016 SKIRUM COMM CTR,"President, Dekalb County Commission",,REP,Unverified Candidate 1,97
DeKalb,0016 SKIRUM COMM CTR,"President, Dekalb County Commission",,REP,Unverified Candidate 2,57
DeKalb,0016 SKIRUM COMM CTR,"Public Service Commission, Place No. 1",,REP,Unverified Candidate 1,93
DeKalb,0016 SKIRUM COMM CTR,"Public Service Commission, Place No. 1",,REP,Unverified Candidate 2,39
DeKalb,0016 SKIRUM COMM CTR,"Public Service Commission, Place No. 2",,REP,Unverified Candidate 1,18
DeKalb,0016 SKIRUM COMM CTR,"Public Service Commission, Place No. 2",,REP,Unverified Candidate 2,35
DeKalb,0016 SKIRUM COMM CTR,"Public Service Commission, Place No. 2",,REP,Unverified Candidate 3,39
DeKalb,0016 SKIRUM COMM CTR,"Public Service Commission, Place No. 2",,REP,Unverified Candidate 4,38
DeKalb,0016 SKIRUM COMM CTR,Secretary of State,,REP,Unverified Candidate 1,76
DeKalb,0016 SKIRUM COMM CTR,Secretary of State,,REP,Unverified Candidate 2,33
DeKalb,0016 SKIRUM COMM CTR,Secretary of State,,REP,Unverified Candidate 3,15
DeKalb,0016 SKIRUM COMM CTR,State Auditor,,REP,Unverified Candidate 1,46
DeKalb,0016 SKIRUM COMM CTR,State Auditor,,REP,Unverified Candidate 2,88
DeKalb,0016 SKIRUM COMM CTR,State Board of Education,8,REP,Unverified Candidate 1,46
DeKalb,0016 SKIRUM COMM CTR,State Board of Education,8,REP,Unverified Candidate 2,32
DeKalb,0016 SKIRUM COMM CTR,State Board of Education,8,REP,Unverified Candidate 3,50
DeKalb,0016 SKIRUM COMM CTR,State Senate,10,REP,Unverified Candidate 1,110
DeKalb,0016 SKIRUM COMM CTR,State Senate,10,REP,Unverified Candidate 2,35
DeKalb,0016 SKIRUM COMM CTR,State Treasurer,,REP,Unverified Candidate 1,100
DeKalb,0016 SKIRUM COMM CTR,State Treasurer,,REP,Unverified Candidate 2,33
DeKalb,0016 SKIRUM COMM CTR,U.S. House,4,REP,Unverified Candidate 1,123
DeKalb,0016 SKIRUM COMM CTR,U.S. House,4,REP,Unverified Candidate 2,26
DeKalb,0016 SKIRUM COMM CTR,U.S. Senate,,REP,Unverified Candidate 1,2
DeKalb,0016 SKIRUM COMM CTR,U.S. Senate,,REP,Unverified Candidate 2,2
DeKalb,0016 SKIRUM COMM CTR,U.S. Senate,,REP,Unverified Candidate 3,38
DeKalb,0016 SKIRUM COMM CTR,U.S. Senate,,REP,Unverified Candidate 4,58
DeKalb,0016 SKIRUM COMM CTR,U.S. Senate,,REP,Unverified Candidate 5,43
DeKalb,0016 SKIRUM COMM CTR,U.S. Senate,,REP,Unverified Candidate 6,0
DeKalb,0016 SKIRUM COMM CTR,U.S. Senate,,REP,Unverified Candidate 7,5
DeKalb,0017 GERALDINE 1ST BAPT CH,Proposed Statewide Amendment 1,,,No,38
DeKalb,0017 GERALDINE 1ST BAPT CH,Proposed Statewide Amendment 1,,,Yes,252
DeKalb,0017 GERALDINE 1ST BAPT CH,Proposed Statewide Amendment 2,,,No,125
DeKalb,0017 GERALDINE 1ST BAPT CH,Proposed Statewide Amendment 2,,,Yes,147
DeKalb,0017 GERALDINE 1ST BAPT CH,Governor,,DEM,"Chad ""Chig"" Martin",1
DeKalb,0017 GERALDINE 1ST BAPT CH,Governor,,DEM,Doug Jones,13
DeKalb,0017 GERALDINE 1ST BAPT CH,Governor,,DEM,Jamel J. Brown,1
DeKalb,0017 GERALDINE 1ST BAPT CH,Governor,,DEM,"Nathan ""Nate"" Mathis",0
DeKalb,0017 GERALDINE 1ST BAPT CH,Governor,,DEM,Will Boyd,3
DeKalb,0017 GERALDINE 1ST BAPT CH,Governor,,DEM,Yolanda Rochelle Flowers,1
DeKalb,0017 GERALDINE 1ST BAPT CH,Lieutenant Governor,,DEM,Darryl D. Perryman,4
DeKalb,0017 GERALDINE 1ST BAPT CH,Lieutenant Governor,,DEM,Phillip Ensler,9
DeKalb,0017 GERALDINE 1ST BAPT CH,"Public Service Commission, Place No. 1",,DEM,James O. Gordon,5
DeKalb,0017 GERALDINE 1ST BAPT CH,"Public Service Commission, Place No. 1",,DEM,Jeff Ramsey,6
DeKalb,0017 GERALDINE 1ST BAPT CH,"Public Service Commission, Place No. 1",,DEM,John Northrop,2
DeKalb,0017 GERALDINE 1ST BAPT CH,U.S. House,4,DEM,Amanda N. Pusczek,11
DeKalb,0017 GERALDINE 1ST BAPT CH,U.S. House,4,DEM,Shane Weaver,3
DeKalb,0017 GERALDINE 1ST BAPT CH,U.S. Senate,,DEM,Dakarai Larriett,1
DeKalb,0017 GERALDINE 1ST BAPT CH,U.S. Senate,,DEM,Unverified Candidate 2,3
DeKalb,0017 GERALDINE 1ST BAPT CH,U.S. Senate,,DEM,Unverified Candidate 3,3
DeKalb,0017 GERALDINE 1ST BAPT CH,U.S. Senate,,DEM,Unverified Candidate 4,6
DeKalb,0017 GERALDINE 1ST BAPT CH,Attorney General,,REP,Unverified Candidate 1,92
DeKalb,0017 GERALDINE 1ST BAPT CH,Attorney General,,REP,Unverified Candidate 2,95
DeKalb,0017 GERALDINE 1ST BAPT CH,Attorney General,,REP,Unverified Candidate 3,71
DeKalb,0017 GERALDINE 1ST BAPT CH,Commissioner of Agriculture and Industries,,REP,Unverified Candidate 1,162
DeKalb,0017 GERALDINE 1ST BAPT CH,Commissioner of Agriculture and Industries,,REP,Unverified Candidate 2,41
DeKalb,0017 GERALDINE 1ST BAPT CH,Commissioner of Agriculture and Industries,,REP,Unverified Candidate 3,60
DeKalb,0017 GERALDINE 1ST BAPT CH,"Dekalb County Republican Executive Committee, At Lar",,REP,Unverified Candidate 1,142
DeKalb,0017 GERALDINE 1ST BAPT CH,"Dekalb County Republican Executive Committee, At Lar",,REP,Unverified Candidate 2,38
DeKalb,0017 GERALDINE 1ST BAPT CH,"Dekalb County Republican Executive Committee, At Lar",,REP,Unverified Candidate 3,58
DeKalb,0017 GERALDINE 1ST BAPT CH,"Dekalb County Republican Executive Committee, Place District No. 2",,REP,Unverified Candidate 1,90
DeKalb,0017 GERALDINE 1ST BAPT CH,"Dekalb County Republican Executive Committee, Place District No. 2",,REP,Unverified Candidate 1,158
DeKalb,0017 GERALDINE 1ST BAPT CH,"Dekalb County Republican Executive Committee, Place District No. 2",,REP,Unverified Candidate 2,158
DeKalb,0017 GERALDINE 1ST BAPT CH,"Dekalb County Republican Executive Committee, Place District No. 2",,REP,Unverified Candidate 2,112
DeKalb,0017 GERALDINE 1ST BAPT CH,Dekalb County Republican Executive Committee. Place District No. 2,,REP,Unverified Candidate 1,208
DeKalb,0017 GERALDINE 1ST BAPT CH,Dekalb County Republican Executive Committee. Place District No. 2,,REP,Unverified Candidate 2,60
DeKalb,0017 GERALDINE 1ST BAPT CH,Governor,,REP,Unverified Candidate 1,18
DeKalb,0017 GERALDINE 1ST BAPT CH,Governor,,REP,Unverified Candidate 2,10
DeKalb,0017 GERALDINE 1ST BAPT CH,Governor,,REP,Unverified Candidate 3,250
DeKalb,0017 GERALDINE 1ST BAPT CH,Lieutenant Governor,,REP,Unverified Candidate 1,125
DeKalb,0017 GERALDINE 1ST BAPT CH,Lieutenant Governor,,REP,Unverified Candidate 2,4
DeKalb,0017 GERALDINE 1ST BAPT CH,Lieutenant Governor,,REP,Unverified Candidate 3,8
DeKalb,0017 GERALDINE 1ST BAPT CH,Lieutenant Governor,,REP,Unverified Candidate 4,38
DeKalb,0017 GERALDINE 1ST BAPT CH,Lieutenant Governor,,REP,Unverified Candidate 5,3
DeKalb,0017 GERALDINE 1ST BAPT CH,Lieutenant Governor,,REP,Unverified Candidate 6,6
DeKalb,0017 GERALDINE 1ST BAPT CH,Lieutenant Governor,,REP,Unverified Candidate 7,81
DeKalb,0017 GERALDINE 1ST BAPT CH,"President, Dekalb County Commission",,REP,Unverified Candidate 1,145
DeKalb,0017 GERALDINE 1ST BAPT CH,"President, Dekalb County Commission",,REP,Unverified Candidate 2,122
DeKalb,0017 GERALDINE 1ST BAPT CH,"Public Service Commission, Place No. 1",,REP,Unverified Candidate 1,175
DeKalb,0017 GERALDINE 1ST BAPT CH,"Public Service Commission, Place No. 1",,REP,Unverified Candidate 2,63
DeKalb,0017 GERALDINE 1ST BAPT CH,"Public Service Commission, Place No. 2",,REP,Unverified Candidate 1,23
DeKalb,0017 GERALDINE 1ST BAPT CH,"Public Service Commission, Place No. 2",,REP,Unverified Candidate 2,56
DeKalb,0017 GERALDINE 1ST BAPT CH,"Public Service Commission, Place No. 2",,REP,Unverified Candidate 3,62
DeKalb,0017 GERALDINE 1ST BAPT CH,"Public Service Commission, Place No. 2",,REP,Unverified Candidate 4,102
DeKalb,0017 GERALDINE 1ST BAPT CH,Secretary of State,,REP,Unverified Candidate 1,144
DeKalb,0017 GERALDINE 1ST BAPT CH,Secretary of State,,REP,Unverified Candidate 2,67
DeKalb,0017 GERALDINE 1ST BAPT CH,Secretary of State,,REP,Unverified Candidate 3,30
DeKalb,0017 GERALDINE 1ST BAPT CH,State Auditor,,REP,Unverified Candidate 1,51
DeKalb,0017 GERALDINE 1ST BAPT CH,State Auditor,,REP,Unverified Candidate 2,203
DeKalb,0017 GERALDINE 1ST BAPT CH,State Board of Education,8,REP,Unverified Candidate 1,112
DeKalb,0017 GERALDINE 1ST BAPT CH,State Board of Education,8,REP,Unverified Candidate 2,63
DeKalb,0017 GERALDINE 1ST BAPT CH,State Board of Education,8,REP,Unverified Candidate 3,54
DeKalb,0017 GERALDINE 1ST BAPT CH,State Senate,10,REP,Unverified Candidate 1,191
DeKalb,0017 GERALDINE 1ST BAPT CH,State Senate,10,REP,Unverified Candidate 2,76
DeKalb,0017 GERALDINE 1ST BAPT CH,State Treasurer,,REP,Unverified Candidate 1,179
DeKalb,0017 GERALDINE 1ST BAPT CH,State Treasurer,,REP,Unverified Candidate 2,74
DeKalb,0017 GERALDINE 1ST BAPT CH,U.S. House,4,REP,Unverified Candidate 1,236
DeKalb,0017 GERALDINE 1ST BAPT CH,U.S. House,4,REP,Unverified Candidate 2,40
DeKalb,0017 GERALDINE 1ST BAPT CH,U.S. Senate,,REP,Unverified Candidate 1,2
DeKalb,0017 GERALDINE 1ST BAPT CH,U.S. Senate,,REP,Unverified Candidate 2,2
DeKalb,0017 GERALDINE 1ST BAPT CH,U.S. Senate,,REP,Unverified Candidate 3,75
DeKalb,0017 GERALDINE 1ST BAPT CH,U.S. Senate,,REP,Unverified Candidate 4,118
DeKalb,0017 GERALDINE 1ST BAPT CH,U.S. Senate,,REP,Unverified Candidate 5,68
DeKalb,0017 GERALDINE 1ST BAPT CH,U.S. Senate,,REP,Unverified Candidate 6,2
DeKalb,0017 GERALDINE 1ST BAPT CH,U.S. Senate,,REP,Unverified Candidate 7,9
DeKalb,0018 MACEDONIA BAPT CH #2,Proposed Statewide Amendment 1,,,No,4
DeKalb,0018 MACEDONIA BAPT CH #2,Proposed Statewide Amendment 1,,,Yes,48
DeKalb,0018 MACEDONIA BAPT CH #2,Proposed Statewide Amendment 2,,,No,12
DeKalb,0018 MACEDONIA BAPT CH #2,Proposed Statewide Amendment 2,,,Yes,39
DeKalb,0018 MACEDONIA BAPT CH #2,Governor,,DEM,"Chad ""Chig"" Martin",0
DeKalb,0018 MACEDONIA BAPT CH #2,Governor,,DEM,Doug Jones,3
DeKalb,0018 MACEDONIA BAPT CH #2,Governor,,DEM,Jamel J. Brown,0
DeKalb,0018 MACEDONIA BAPT CH #2,Governor,,DEM,"Nathan ""Nate"" Mathis",0
DeKalb,0018 MACEDONIA BAPT CH #2,Governor,,DEM,Will Boyd,0
DeKalb,0018 MACEDONIA BAPT CH #2,Governor,,DEM,Yolanda Rochelle Flowers,1
DeKalb,0018 MACEDONIA BAPT CH #2,Lieutenant Governor,,DEM,Darryl D. Perryman,0
DeKalb,0018 MACEDONIA BAPT CH #2,Lieutenant Governor,,DEM,Phillip Ensler,3
DeKalb,0018 MACEDONIA BAPT CH #2,"Public Service Commission, Place No. 1",,DEM,James O. Gordon,2
DeKalb,0018 MACEDONIA BAPT CH #2,"Public Service Commission, Place No. 1",,DEM,Jeff Ramsey,1
DeKalb,0018 MACEDONIA BAPT CH #2,"Public Service Commission, Place No. 1",,DEM,John Northrop,1
DeKalb,0018 MACEDONIA BAPT CH #2,U.S. House,4,DEM,Amanda N. Pusczek,4
DeKalb,0018 MACEDONIA BAPT CH #2,U.S. House,4,DEM,Shane Weaver,0
DeKalb,0018 MACEDONIA BAPT CH #2,U.S. Senate,,DEM,Dakarai Larriett,1
DeKalb,0018 MACEDONIA BAPT CH #2,U.S. Senate,,DEM,Unverified Candidate 2,1
DeKalb,0018 MACEDONIA BAPT CH #2,U.S. Senate,,DEM,Unverified Candidate 3,1
DeKalb,0018 MACEDONIA BAPT CH #2,U.S. Senate,,DEM,Unverified Candidate 4,0
DeKalb,0018 MACEDONIA BAPT CH #2,Attorney General,,REP,Unverified Candidate 1,22
DeKalb,0018 MACEDONIA BAPT CH #2,Attorney General,,REP,Unverified Candidate 2,10
DeKalb,0018 MACEDONIA BAPT CH #2,Attorney General,,REP,Unverified Candidate 3,10
DeKalb,0018 MACEDONIA BAPT CH #2,Commissioner of Agriculture and Industries,,REP,Unverified Candidate 1,32
DeKalb,0018 MACEDONIA BAPT CH #2,Commissioner of Agriculture and Industries,,REP,Unverified Candidate 2,1
DeKalb,0018 MACEDONIA BAPT CH #2,Commissioner of Agriculture and Industries,,REP,Unverified Candidate 3,15
DeKalb,0018 MACEDONIA BAPT CH #2,"Dekalb County Republican Executive Committee, At Lar",,REP,Unverified Candidate 1,28
DeKalb,0018 MACEDONIA BAPT CH #2,"Dekalb County Republican Executive Committee, At Lar",,REP,Unverified Candidate 2,8
DeKalb,0018 MACEDONIA BAPT CH #2,"Dekalb County Republican Executive Committee, At Lar",,REP,Unverified Candidate 3,7
DeKalb,0018 MACEDONIA BAPT CH #2,"Dekalb County Republican Executive Committee, Place District No. 2",,REP,Unverified Candidate 1,15
DeKalb,0018 MACEDONIA BAPT CH #2,"Dekalb County Republican Executive Committee, Place District No. 2",,REP,Unverified Candidate 1,21
DeKalb,0018 MACEDONIA BAPT CH #2,"Dekalb County Republican Executive Committee, Place District No. 2",,REP,Unverified Candidate 2,27
DeKalb,0018 MACEDONIA BAPT CH #2,"Dekalb County Republican Executive Committee, Place District No. 2",,REP,Unverified Candidate 2,31
DeKalb,0018 MACEDONIA BAPT CH #2,Dekalb County Republican Executive Committee. Place District No. 2,,REP,Unverified Candidate 1,37
DeKalb,0018 MACEDONIA BAPT CH #2,Dekalb County Republican Executive Committee. Place District No. 2,,REP,Unverified Candidate 2,7
DeKalb,0018 MACEDONIA BAPT CH #2,Governor,,REP,Unverified Candidate 1,3
DeKalb,0018 MACEDONIA BAPT CH #2,Governor,,REP,Unverified Candidate 2,2
DeKalb,0018 MACEDONIA BAPT CH #2,Governor,,REP,Unverified Candidate 3,50
DeKalb,0018 MACEDONIA BAPT CH #2,Lieutenant Governor,,REP,Unverified Candidate 1,26
DeKalb,0018 MACEDONIA BAPT CH #2,Lieutenant Governor,,REP,Unverified Candidate 2,1
DeKalb,0018 MACEDONIA BAPT CH #2,Lieutenant Governor,,REP,Unverified Candidate 3,0
DeKalb,0018 MACEDONIA BAPT CH #2,Lieutenant Governor,,REP,Unverified Candidate 4,5
DeKalb,0018 MACEDONIA BAPT CH #2,Lieutenant Governor,,REP,Unverified Candidate 5,1
DeKalb,0018 MACEDONIA BAPT CH #2,Lieutenant Governor,,REP,Unverified Candidate 6,2
DeKalb,0018 MACEDONIA BAPT CH #2,Lieutenant Governor,,REP,Unverified Candidate 7,15
DeKalb,0018 MACEDONIA BAPT CH #2,"President, Dekalb County Commission",,REP,Unverified Candidate 1,31
DeKalb,0018 MACEDONIA BAPT CH #2,"President, Dekalb County Commission",,REP,Unverified Candidate 2,23
DeKalb,0018 MACEDONIA BAPT CH #2,"Public Service Commission, Place No. 1",,REP,Unverified Candidate 1,34
DeKalb,0018 MACEDONIA BAPT CH #2,"Public Service Commission, Place No. 1",,REP,Unverified Candidate 2,9
DeKalb,0018 MACEDONIA BAPT CH #2,"Public Service Commission, Place No. 2",,REP,Unverified Candidate 1,3
DeKalb,0018 MACEDONIA BAPT CH #2,"Public Service Commission, Place No. 2",,REP,Unverified Candidate 2,13
DeKalb,0018 MACEDONIA BAPT CH #2,"Public Service Commission, Place No. 2",,REP,Unverified Candidate 3,13
DeKalb,0018 MACEDONIA BAPT CH #2,"Public Service Commission, Place No. 2",,REP,Unverified Candidate 4,9
DeKalb,0018 MACEDONIA BAPT CH #2,Secretary of State,,REP,Unverified Candidate 1,32
DeKalb,0018 MACEDONIA BAPT CH #2,Secretary of State,,REP,Unverified Candidate 2,8
DeKalb,0018 MACEDONIA BAPT CH #2,Secretary of State,,REP,Unverified Candidate 3,2
DeKalb,0018 MACEDONIA BAPT CH #2,State Auditor,,REP,Unverified Candidate 1,15
DeKalb,0018 MACEDONIA BAPT CH #2,State Auditor,,REP,Unverified Candidate 2,29
DeKalb,0018 MACEDONIA BAPT CH #2,State Board of Education,8,REP,Unverified Candidate 1,12
DeKalb,0018 MACEDONIA BAPT CH #2,State Board of Education,8,REP,Unverified Candidate 2,16
DeKalb,0018 MACEDONIA BAPT CH #2,State Board of Education,8,REP,Unverified Candidate 3,7
DeKalb,0018 MACEDONIA BAPT CH #2,State Senate,10,REP,Unverified Candidate 1,35
DeKalb,0018 MACEDONIA BAPT CH #2,State Senate,10,REP,Unverified Candidate 2,17
DeKalb,0018 MACEDONIA BAPT CH #2,State Treasurer,,REP,Unverified Candidate 1,30
DeKalb,0018 MACEDONIA BAPT CH #2,State Treasurer,,REP,Unverified Candidate 2,16
DeKalb,0018 MACEDONIA BAPT CH #2,U.S. House,4,REP,Unverified Candidate 1,42
DeKalb,0018 MACEDONIA BAPT CH #2,U.S. House,4,REP,Unverified Candidate 2,11
DeKalb,0018 MACEDONIA BAPT CH #2,U.S. Senate,,REP,Unverified Candidate 1,0
DeKalb,0018 MACEDONIA BAPT CH #2,U.S. Senate,,REP,Unverified Candidate 2,0
DeKalb,0018 MACEDONIA BAPT CH #2,U.S. Senate,,REP,Unverified Candidate 3,14
DeKalb,0018 MACEDONIA BAPT CH #2,U.S. Senate,,REP,Unverified Candidate 4,29
DeKalb,0018 MACEDONIA BAPT CH #2,U.S. Senate,,REP,Unverified Candidate 5,8
DeKalb,0018 MACEDONIA BAPT CH #2,U.S. Senate,,REP,Unverified Candidate 6,0
DeKalb,0018 MACEDONIA BAPT CH #2,U.S. Senate,,REP,Unverified Candidate 7,0
DeKalb,0019 PAINTER-LIBERTY BAPT CH,Proposed Statewide Amendment 1,,,No,5
DeKalb,0019 PAINTER-LIBERTY BAPT CH,Proposed Statewide Amendment 1,,,Yes,90
DeKalb,0019 PAINTER-LIBERTY BAPT CH,Proposed Statewide Amendment 2,,,No,45
DeKalb,0019 PAINTER-LIBERTY BAPT CH,Proposed Statewide Amendment 2,,,Yes,46
DeKalb,0019 PAINTER-LIBERTY BAPT CH,Governor,,DEM,"Chad ""Chig"" Martin",2
DeKalb,0019 PAINTER-LIBERTY BAPT CH,Governor,,DEM,Doug Jones,3
DeKalb,0019 PAINTER-LIBERTY BAPT CH,Governor,,DEM,Jamel J. Brown,0
DeKalb,0019 PAINTER-LIBERTY BAPT CH,Governor,,DEM,"Nathan ""Nate"" Mathis",0
DeKalb,0019 PAINTER-LIBERTY BAPT CH,Governor,,DEM,Will Boyd,1
DeKalb,0019 PAINTER-LIBERTY BAPT CH,Governor,,DEM,Yolanda Rochelle Flowers,0
DeKalb,0019 PAINTER-LIBERTY BAPT CH,Lieutenant Governor,,DEM,Darryl D. Perryman,1
DeKalb,0019 PAINTER-LIBERTY BAPT CH,Lieutenant Governor,,DEM,Phillip Ensler,5
DeKalb,0019 PAINTER-LIBERTY BAPT CH,"Public Service Commission, Place No. 1",,DEM,James O. Gordon,3
DeKalb,0019 PAINTER-LIBERTY BAPT CH,"Public Service Commission, Place No. 1",,DEM,Jeff Ramsey,2
DeKalb,0019 PAINTER-LIBERTY BAPT CH,"Public Service Commission, Place No. 1",,DEM,John Northrop,1
DeKalb,0019 PAINTER-LIBERTY BAPT CH,U.S. House,4,DEM,Amanda N. Pusczek,2
DeKalb,0019 PAINTER-LIBERTY BAPT CH,U.S. House,4,DEM,Shane Weaver,4
DeKalb,0019 PAINTER-LIBERTY BAPT CH,U.S. Senate,,DEM,Dakarai Larriett,2
DeKalb,0019 PAINTER-LIBERTY BAPT CH,U.S. Senate,,DEM,Unverified Candidate 2,0
DeKalb,0019 PAINTER-LIBERTY BAPT CH,U.S. Senate,,DEM,Unverified Candidate 3,4
DeKalb,0019 PAINTER-LIBERTY BAPT CH,U.S. Senate,,DEM,Unverified Candidate 4,0
DeKalb,0019 PAINTER-LIBERTY BAPT CH,Attorney General,,REP,Unverified Candidate 1,24
DeKalb,0019 PAINTER-LIBERTY BAPT CH,Attorney General,,REP,Unverified Candidate 2,25
DeKalb,0019 PAINTER-LIBERTY BAPT CH,Attorney General,,REP,Unverified Candidate 3,37
DeKalb,0019 PAINTER-LIBERTY BAPT CH,Commissioner of Agriculture and Industries,,REP,Unverified Candidate 1,46
DeKalb,0019 PAINTER-LIBERTY BAPT CH,Commissioner of Agriculture and Industries,,REP,Unverified Candidate 2,20
DeKalb,0019 PAINTER-LIBERTY BAPT CH,Commissioner of Agriculture and Industries,,REP,Unverified Candidate 3,18
DeKalb,0019 PAINTER-LIBERTY BAPT CH,"Dekalb County Republican Executive Committee, At Lar",,REP,Unverified Candidate 1,30
DeKalb,0019 PAINTER-LIBERTY BAPT CH,"Dekalb County Republican Executive Committee, At Lar",,REP,Unverified Candidate 2,18
DeKalb,0019 PAINTER-LIBERTY BAPT CH,"Dekalb County Republican Executive Committee, At Lar",,REP,Unverified Candidate 3,18
DeKalb,0019 PAINTER-LIBERTY BAPT CH,"Dekalb County Republican Executive Committee, Place District No. 2",,REP,Unverified Candidate 1,27
DeKalb,0019 PAINTER-LIBERTY BAPT CH,"Dekalb County Republican Executive Committee, Place District No. 2",,REP,Unverified Candidate 1,36
DeKalb,0019 PAINTER-LIBERTY BAPT CH,"Dekalb County Republican Executive Committee, Place District No. 2",,REP,Unverified Candidate 2,52
DeKalb,0019 PAINTER-LIBERTY BAPT CH,"Dekalb County Republican Executive Committee, Place District No. 2",,REP,Unverified Candidate 2,51
DeKalb,0019 PAINTER-LIBERTY BAPT CH,Dekalb County Republican Executive Committee. Place District No. 2,,REP,Unverified Candidate 1,70
DeKalb,0019 PAINTER-LIBERTY BAPT CH,Dekalb County Republican Executive Committee. Place District No. 2,,REP,Unverified Candidate 2,12
DeKalb,0019 PAINTER-LIBERTY BAPT CH,Governor,,REP,Unverified Candidate 1,5
DeKalb,0019 PAINTER-LIBERTY BAPT CH,Governor,,REP,Unverified Candidate 2,3
DeKalb,0019 PAINTER-LIBERTY BAPT CH,Governor,,REP,Unverified Candidate 3,83
DeKalb,0019 PAINTER-LIBERTY BAPT CH,Lieutenant Governor,,REP,Unverified Candidate 1,46
DeKalb,0019 PAINTER-LIBERTY BAPT CH,Lieutenant Governor,,REP,Unverified Candidate 2,2
DeKalb,0019 PAINTER-LIBERTY BAPT CH,Lieutenant Governor,,REP,Unverified Candidate 3,0
DeKalb,0019 PAINTER-LIBERTY BAPT CH,Lieutenant Governor,,REP,Unverified Candidate 4,5
DeKalb,0019 PAINTER-LIBERTY BAPT CH,Lieutenant Governor,,REP,Unverified Candidate 5,1
DeKalb,0019 PAINTER-LIBERTY BAPT CH,Lieutenant Governor,,REP,Unverified Candidate 6,1
DeKalb,0019 PAINTER-LIBERTY BAPT CH,Lieutenant Governor,,REP,Unverified Candidate 7,38
DeKalb,0019 PAINTER-LIBERTY BAPT CH,"President, Dekalb County Commission",,REP,Unverified Candidate 1,64
DeKalb,0019 PAINTER-LIBERTY BAPT CH,"President, Dekalb County Commission",,REP,Unverified Candidate 2,20
DeKalb,0019 PAINTER-LIBERTY BAPT CH,"Public Service Commission, Place No. 1",,REP,Unverified Candidate 1,62
DeKalb,0019 PAINTER-LIBERTY BAPT CH,"Public Service Commission, Place No. 1",,REP,Unverified Candidate 2,13
DeKalb,0019 PAINTER-LIBERTY BAPT CH,"Public Service Commission, Place No. 2",,REP,Unverified Candidate 1,7
DeKalb,0019 PAINTER-LIBERTY BAPT CH,"Public Service Commission, Place No. 2",,REP,Unverified Candidate 2,22
DeKalb,0019 PAINTER-LIBERTY BAPT CH,"Public Service Commission, Place No. 2",,REP,Unverified Candidate 3,13
DeKalb,0019 PAINTER-LIBERTY BAPT CH,"Public Service Commission, Place No. 2",,REP,Unverified Candidate 4,33
DeKalb,0019 PAINTER-LIBERTY BAPT CH,Secretary of State,,REP,Unverified Candidate 1,53
DeKalb,0019 PAINTER-LIBERTY BAPT CH,Secretary of State,,REP,Unverified Candidate 2,21
DeKalb,0019 PAINTER-LIBERTY BAPT CH,Secretary of State,,REP,Unverified Candidate 3,4
DeKalb,0019 PAINTER-LIBERTY BAPT CH,State Auditor,,REP,Unverified Candidate 1,31
DeKalb,0019 PAINTER-LIBERTY BAPT CH,State Auditor,,REP,Unverified Candidate 2,49
DeKalb,0019 PAINTER-LIBERTY BAPT CH,State Board of Education,8,REP,Unverified Candidate 1,31
DeKalb,0019 PAINTER-LIBERTY BAPT CH,State Board of Education,8,REP,Unverified Candidate 2,26
DeKalb,0019 PAINTER-LIBERTY BAPT CH,State Board of Education,8,REP,Unverified Candidate 3,15
DeKalb,0019 PAINTER-LIBERTY BAPT CH,State Senate,10,REP,Unverified Candidate 1,65
DeKalb,0019 PAINTER-LIBERTY BAPT CH,State Senate,10,REP,Unverified Candidate 2,21
DeKalb,0019 PAINTER-LIBERTY BAPT CH,State Treasurer,,REP,Unverified Candidate 1,59
DeKalb,0019 PAINTER-LIBERTY BAPT CH,State Treasurer,,REP,Unverified Candidate 2,20
DeKalb,0019 PAINTER-LIBERTY BAPT CH,U.S. House,4,REP,Unverified Candidate 1,82
DeKalb,0019 PAINTER-LIBERTY BAPT CH,U.S. House,4,REP,Unverified Candidate 2,9
DeKalb,0019 PAINTER-LIBERTY BAPT CH,U.S. Senate,,REP,Unverified Candidate 1,1
DeKalb,0019 PAINTER-LIBERTY BAPT CH,U.S. Senate,,REP,Unverified Candidate 2,5
DeKalb,0019 PAINTER-LIBERTY BAPT CH,U.S. Senate,,REP,Unverified Candidate 3,15
DeKalb,0019 PAINTER-LIBERTY BAPT CH,U.S. Senate,,REP,Unverified Candidate 4,41
DeKalb,0019 PAINTER-LIBERTY BAPT CH,U.S. Senate,,REP,Unverified Candidate 5,24
DeKalb,0019 PAINTER-LIBERTY BAPT CH,U.S. Senate,,REP,Unverified Candidate 6,0
DeKalb,0019 PAINTER-LIBERTY BAPT CH,U.S. Senate,,REP,Unverified Candidate 7,5
DeKalb,0020 WHITON-OLD SCH BLDG,Proposed Statewide Amendment 1,,,No,27
DeKalb,0020 WHITON-OLD SCH BLDG,Proposed Statewide Amendment 1,,,Yes,113
DeKalb,0020 WHITON-OLD SCH BLDG,Proposed Statewide Amendment 2,,,No,66
DeKalb,0020 WHITON-OLD SCH BLDG,Proposed Statewide Amendment 2,,,Yes,71
DeKalb,0020 WHITON-OLD SCH BLDG,Governor,,DEM,"Chad ""Chig"" Martin",1
DeKalb,0020 WHITON-OLD SCH BLDG,Governor,,DEM,Doug Jones,13
DeKalb,0020 WHITON-OLD SCH BLDG,Governor,,DEM,Jamel J. Brown,0
DeKalb,0020 WHITON-OLD SCH BLDG,Governor,,DEM,"Nathan ""Nate"" Mathis",0
DeKalb,0020 WHITON-OLD SCH BLDG,Governor,,DEM,Will Boyd,3
DeKalb,0020 WHITON-OLD SCH BLDG,Governor,,DEM,Yolanda Rochelle Flowers,1
DeKalb,0020 WHITON-OLD SCH BLDG,Lieutenant Governor,,DEM,Darryl D. Perryman,8
DeKalb,0020 WHITON-OLD SCH BLDG,Lieutenant Governor,,DEM,Phillip Ensler,8
DeKalb,0020 WHITON-OLD SCH BLDG,"Public Service Commission, Place No. 1",,DEM,James O. Gordon,6
DeKalb,0020 WHITON-OLD SCH BLDG,"Public Service Commission, Place No. 1",,DEM,Jeff Ramsey,6
DeKalb,0020 WHITON-OLD SCH BLDG,"Public Service Commission, Place No. 1",,DEM,John Northrop,4
DeKalb,0020 WHITON-OLD SCH BLDG,U.S. House,4,DEM,Amanda N. Pusczek,8
DeKalb,0020 WHITON-OLD SCH BLDG,U.S. House,4,DEM,Shane Weaver,9
DeKalb,0020 WHITON-OLD SCH BLDG,U.S. Senate,,DEM,Dakarai Larriett,4
DeKalb,0020 WHITON-OLD SCH BLDG,U.S. Senate,,DEM,Unverified Candidate 2,5
DeKalb,0020 WHITON-OLD SCH BLDG,U.S. Senate,,DEM,Unverified Candidate 3,4
DeKalb,0020 WHITON-OLD SCH BLDG,U.S. Senate,,DEM,Unverified Candidate 4,4
DeKalb,0020 WHITON-OLD SCH BLDG,Attorney General,,REP,Unverified Candidate 1,32
DeKalb,0020 WHITON-OLD SCH BLDG,Attorney General,,REP,Unverified Candidate 2,29
DeKalb,0020 WHITON-OLD SCH BLDG,Attorney General,,REP,Unverified Candidate 3,58
DeKalb,0020 WHITON-OLD SCH BLDG,Commissioner of Agriculture and Industries,,REP,Unverified Candidate 1,59
DeKalb,0020 WHITON-OLD SCH BLDG,Commissioner of Agriculture and Industries,,REP,Unverified Candidate 2,25
DeKalb,0020 WHITON-OLD SCH BLDG,Commissioner of Agriculture and Industries,,REP,Unverified Candidate 3,27
DeKalb,0020 WHITON-OLD SCH BLDG,"Dekalb County Republican Executive Committee, At Lar",,REP,Unverified Candidate 1,62
DeKalb,0020 WHITON-OLD SCH BLDG,"Dekalb County Republican Executive Committee, At Lar",,REP,Unverified Candidate 2,29
DeKalb,0020 WHITON-OLD SCH BLDG,"Dekalb County Republican Executive Committee, At Lar",,REP,Unverified Candidate 3,14
DeKalb,0020 WHITON-OLD SCH BLDG,"Dekalb County Republican Executive Committee, Place District No. 2",,REP,Unverified Candidate 1,37
DeKalb,0020 WHITON-OLD SCH BLDG,"Dekalb County Republican Executive Committee, Place District No. 2",,REP,Unverified Candidate 1,69
DeKalb,0020 WHITON-OLD SCH BLDG,"Dekalb County Republican Executive Committee, Place District No. 2",,REP,Unverified Candidate 2,71
DeKalb,0020 WHITON-OLD SCH BLDG,"Dekalb County Republican Executive Committee, Place District No. 2",,REP,Unverified Candidate 2,49
DeKalb,0020 WHITON-OLD SCH BLDG,Dekalb County Republican Executive Committee. Place District No. 2,,REP,Unverified Candidate 1,84
DeKalb,0020 WHITON-OLD SCH BLDG,Dekalb County Republican Executive Committee. Place District No. 2,,REP,Unverified Candidate 2,32
DeKalb,0020 WHITON-OLD SCH BLDG,Governor,,REP,Unverified Candidate 1,11
DeKalb,0020 WHITON-OLD SCH BLDG,Governor,,REP,Unverified Candidate 2,12
DeKalb,0020 WHITON-OLD SCH BLDG,Governor,,REP,Unverified Candidate 3,107
DeKalb,0020 WHITON-OLD SCH BLDG,Lieutenant Governor,,REP,Unverified Candidate 1,51
DeKalb,0020 WHITON-OLD SCH BLDG,Lieutenant Governor,,REP,Unverified Candidate 2,2
DeKalb,0020 WHITON-OLD SCH BLDG,Lieutenant Governor,,REP,Unverified Candidate 3,4
DeKalb,0020 WHITON-OLD SCH BLDG,Lieutenant Governor,,REP,Unverified Candidate 4,17
DeKalb,0020 WHITON-OLD SCH BLDG,Lieutenant Governor,,REP,Unverified Candidate 5,3
DeKalb,0020 WHITON-OLD SCH BLDG,Lieutenant Governor,,REP,Unverified Candidate 6,4
DeKalb,0020 WHITON-OLD SCH BLDG,Lieutenant Governor,,REP,Unverified Candidate 7,39
DeKalb,0020 WHITON-OLD SCH BLDG,"President, Dekalb County Commission",,REP,Unverified Candidate 1,63
DeKalb,0020 WHITON-OLD SCH BLDG,"President, Dekalb County Commission",,REP,Unverified Candidate 2,58
DeKalb,0020 WHITON-OLD SCH BLDG,"Public Service Commission, Place No. 1",,REP,Unverified Candidate 1,83
DeKalb,0020 WHITON-OLD SCH BLDG,"Public Service Commission, Place No. 1",,REP,Unverified Candidate 2,25
DeKalb,0020 WHITON-OLD SCH BLDG,"Public Service Commission, Place No. 2",,REP,Unverified Candidate 1,13
DeKalb,0020 WHITON-OLD SCH BLDG,"Public Service Commission, Place No. 2",,REP,Unverified Candidate 2,20
DeKalb,0020 WHITON-OLD SCH BLDG,"Public Service Commission, Place No. 2",,REP,Unverified Candidate 3,32
DeKalb,0020 WHITON-OLD SCH BLDG,"Public Service Commission, Place No. 2",,REP,Unverified Candidate 4,45
DeKalb,0020 WHITON-OLD SCH BLDG,Secretary of State,,REP,Unverified Candidate 1,71
DeKalb,0020 WHITON-OLD SCH BLDG,Secretary of State,,REP,Unverified Candidate 2,32
DeKalb,0020 WHITON-OLD SCH BLDG,Secretary of State,,REP,Unverified Candidate 3,10
DeKalb,0020 WHITON-OLD SCH BLDG,State Auditor,,REP,Unverified Candidate 1,40
DeKalb,0020 WHITON-OLD SCH BLDG,State Auditor,,REP,Unverified Candidate 2,72
DeKalb,0020 WHITON-OLD SCH BLDG,State Board of Education,8,REP,Unverified Candidate 1,53
DeKalb,0020 WHITON-OLD SCH BLDG,State Board of Education,8,REP,Unverified Candidate 2,31
DeKalb,0020 WHITON-OLD SCH BLDG,State Board of Education,8,REP,Unverified Candidate 3,22
DeKalb,0020 WHITON-OLD SCH BLDG,State Senate,10,REP,Unverified Candidate 1,79
DeKalb,0020 WHITON-OLD SCH BLDG,State Senate,10,REP,Unverified Candidate 2,38
DeKalb,0020 WHITON-OLD SCH BLDG,State Treasurer,,REP,Unverified Candidate 1,82
DeKalb,0020 WHITON-OLD SCH BLDG,State Treasurer,,REP,Unverified Candidate 2,28
DeKalb,0020 WHITON-OLD SCH BLDG,U.S. House,4,REP,Unverified Candidate 1,102
DeKalb,0020 WHITON-OLD SCH BLDG,U.S. House,4,REP,Unverified Candidate 2,20
DeKalb,0020 WHITON-OLD SCH BLDG,U.S. Senate,,REP,Unverified Candidate 1,0
DeKalb,0020 WHITON-OLD SCH BLDG,U.S. Senate,,REP,Unverified Candidate 2,0
DeKalb,0020 WHITON-OLD SCH BLDG,U.S. Senate,,REP,Unverified Candidate 3,32
DeKalb,0020 WHITON-OLD SCH BLDG,U.S. Senate,,REP,Unverified Candidate 4,79
DeKalb,0020 WHITON-OLD SCH BLDG,U.S. Senate,,REP,Unverified Candidate 5,14
DeKalb,0020 WHITON-OLD SCH BLDG,U.S. Senate,,REP,Unverified Candidate 6,0
DeKalb,0020 WHITON-OLD SCH BLDG,U.S. Senate,,REP,Unverified Candidate 7,7
DeKalb,0021 GROVE OAK CLUB HOUSE,Proposed Statewide Amendment 1,,,No,15
DeKalb,0021 GROVE OAK CLUB HOUSE,Proposed Statewide Amendment 1,,,Yes,138
DeKalb,0021 GROVE OAK CLUB HOUSE,Proposed Statewide Amendment 2,,,No,59
DeKalb,0021 GROVE OAK CLUB HOUSE,Proposed Statewide Amendment 2,,,Yes,90
DeKalb,0021 GROVE OAK CLUB HOUSE,Governor,,DEM,"Chad ""Chig"" Martin",1
DeKalb,0021 GROVE OAK CLUB HOUSE,Governor,,DEM,Doug Jones,8
DeKalb,0021 GROVE OAK CLUB HOUSE,Governor,,DEM,Jamel J. Brown,0
DeKalb,0021 GROVE OAK CLUB HOUSE,Governor,,DEM,"Nathan ""Nate"" Mathis",0
DeKalb,0021 GROVE OAK CLUB HOUSE,Governor,,DEM,Will Boyd,3
DeKalb,0021 GROVE OAK CLUB HOUSE,Governor,,DEM,Yolanda Rochelle Flowers,0
DeKalb,0021 GROVE OAK CLUB HOUSE,Lieutenant Governor,,DEM,Darryl D. Perryman,4
DeKalb,0021 GROVE OAK CLUB HOUSE,Lieutenant Governor,,DEM,Phillip Ensler,6
DeKalb,0021 GROVE OAK CLUB HOUSE,"Public Service Commission, Place No. 1",,DEM,James O. Gordon,3
DeKalb,0021 GROVE OAK CLUB HOUSE,"Public Service Commission, Place No. 1",,DEM,Jeff Ramsey,4
DeKalb,0021 GROVE OAK CLUB HOUSE,"Public Service Commission, Place No. 1",,DEM,John Northrop,3
DeKalb,0021 GROVE OAK CLUB HOUSE,U.S. House,4,DEM,Amanda N. Pusczek,5
DeKalb,0021 GROVE OAK CLUB HOUSE,U.S. House,4,DEM,Shane Weaver,4
DeKalb,0021 GROVE OAK CLUB HOUSE,U.S. Senate,,DEM,Dakarai Larriett,2
DeKalb,0021 GROVE OAK CLUB HOUSE,U.S. Senate,,DEM,Unverified Candidate 2,4
DeKalb,0021 GROVE OAK CLUB HOUSE,U.S. Senate,,DEM,Unverified Candidate 3,2
DeKalb,0021 GROVE OAK CLUB HOUSE,U.S. Senate,,DEM,Unverified Candidate 4,3
DeKalb,0021 GROVE OAK CLUB HOUSE,Attorney General,,REP,Unverified Candidate 1,30
DeKalb,0021 GROVE OAK CLUB HOUSE,Attorney General,,REP,Unverified Candidate 2,49
DeKalb,0021 GROVE OAK CLUB HOUSE,Attorney General,,REP,Unverified Candidate 3,60
DeKalb,0021 GROVE OAK CLUB HOUSE,Commissioner of Agriculture and Industries,,REP,Unverified Candidate 1,67
DeKalb,0021 GROVE OAK CLUB HOUSE,Commissioner of Agriculture and Industries,,REP,Unverified Candidate 2,19
DeKalb,0021 GROVE OAK CLUB HOUSE,Commissioner of Agriculture and Industries,,REP,Unverified Candidate 3,54
DeKalb,0021 GROVE OAK CLUB HOUSE,"Dekalb County Republican Executive Committee, At Lar",,REP,Unverified Candidate 1,74
DeKalb,0021 GROVE OAK CLUB HOUSE,"Dekalb County Republican Executive Committee, At Lar",,REP,Unverified Candidate 2,33
DeKalb,0021 GROVE OAK CLUB HOUSE,"Dekalb County Republican Executive Committee, At Lar",,REP,Unverified Candidate 3,29
DeKalb,0021 GROVE OAK CLUB HOUSE,"Dekalb County Republican Executive Committee, Place District No. 2",,REP,Unverified Candidate 1,53
DeKalb,0021 GROVE OAK CLUB HOUSE,"Dekalb County Republican Executive Committee, Place District No. 2",,REP,Unverified Candidate 1,66
DeKalb,0021 GROVE OAK CLUB HOUSE,"Dekalb County Republican Executive Committee, Place District No. 2",,REP,Unverified Candidate 2,81
DeKalb,0021 GROVE OAK CLUB HOUSE,"Dekalb County Republican Executive Committee, Place District No. 2",,REP,Unverified Candidate 2,74
DeKalb,0021 GROVE OAK CLUB HOUSE,Dekalb County Republican Executive Committee. Place District No. 2,,REP,Unverified Candidate 1,86
DeKalb,0021 GROVE OAK CLUB HOUSE,Dekalb County Republican Executive Committee. Place District No. 2,,REP,Unverified Candidate 2,51
DeKalb,0021 GROVE OAK CLUB HOUSE,Governor,,REP,Unverified Candidate 1,13
DeKalb,0021 GROVE OAK CLUB HOUSE,Governor,,REP,Unverified Candidate 2,4
DeKalb,0021 GROVE OAK CLUB HOUSE,Governor,,REP,Unverified Candidate 3,132
DeKalb,0021 GROVE OAK CLUB HOUSE,Lieutenant Governor,,REP,Unverified Candidate 1,72
DeKalb,0021 GROVE OAK CLUB HOUSE,Lieutenant Governor,,REP,Unverified Candidate 2,0
DeKalb,0021 GROVE OAK CLUB HOUSE,Lieutenant Governor,,REP,Unverified Candidate 3,2
DeKalb,0021 GROVE OAK CLUB HOUSE,Lieutenant Governor,,REP,Unverified Candidate 4,11
DeKalb,0021 GROVE OAK CLUB HOUSE,Lieutenant Governor,,REP,Unverified Candidate 5,4
DeKalb,0021 GROVE OAK CLUB HOUSE,Lieutenant Governor,,REP,Unverified Candidate 6,5
DeKalb,0021 GROVE OAK CLUB HOUSE,Lieutenant Governor,,REP,Unverified Candidate 7,52
DeKalb,0021 GROVE OAK CLUB HOUSE,"President, Dekalb County Commission",,REP,Unverified Candidate 1,65
DeKalb,0021 GROVE OAK CLUB HOUSE,"President, Dekalb County Commission",,REP,Unverified Candidate 2,80
DeKalb,0021 GROVE OAK CLUB HOUSE,"Public Service Commission, Place No. 1",,REP,Unverified Candidate 1,96
DeKalb,0021 GROVE OAK CLUB HOUSE,"Public Service Commission, Place No. 1",,REP,Unverified Candidate 2,32
DeKalb,0021 GROVE OAK CLUB HOUSE,"Public Service Commission, Place No. 2",,REP,Unverified Candidate 1,20
DeKalb,0021 GROVE OAK CLUB HOUSE,"Public Service Commission, Place No. 2",,REP,Unverified Candidate 2,38
DeKalb,0021 GROVE OAK CLUB HOUSE,"Public Service Commission, Place No. 2",,REP,Unverified Candidate 3,45
DeKalb,0021 GROVE OAK CLUB HOUSE,"Public Service Commission, Place No. 2",,REP,Unverified Candidate 4,27
DeKalb,0021 GROVE OAK CLUB HOUSE,Secretary of State,,REP,Unverified Candidate 1,94
DeKalb,0021 GROVE OAK CLUB HOUSE,Secretary of State,,REP,Unverified Candidate 2,26
DeKalb,0021 GROVE OAK CLUB HOUSE,Secretary of State,,REP,Unverified Candidate 3,15
DeKalb,0021 GROVE OAK CLUB HOUSE,State Auditor,,REP,Unverified Candidate 1,54
DeKalb,0021 GROVE OAK CLUB HOUSE,State Auditor,,REP,Unverified Candidate 2,83
DeKalb,0021 GROVE OAK CLUB HOUSE,State Board of Education,8,REP,Unverified Candidate 1,68
DeKalb,0021 GROVE OAK CLUB HOUSE,State Board of Education,8,REP,Unverified Candidate 2,32
DeKalb,0021 GROVE OAK CLUB HOUSE,State Board of Education,8,REP,Unverified Candidate 3,29
DeKalb,0021 GROVE OAK CLUB HOUSE,State Senate,10,REP,Unverified Candidate 1,100
DeKalb,0021 GROVE OAK CLUB HOUSE,State Senate,10,REP,Unverified Candidate 2,35
DeKalb,0021 GROVE OAK CLUB HOUSE,State Treasurer,,REP,Unverified Candidate 1,93
DeKalb,0021 GROVE OAK CLUB HOUSE,State Treasurer,,REP,Unverified Candidate 2,43
DeKalb,0021 GROVE OAK CLUB HOUSE,U.S. House,4,REP,Unverified Candidate 1,120
DeKalb,0021 GROVE OAK CLUB HOUSE,U.S. House,4,REP,Unverified Candidate 2,27
DeKalb,0021 GROVE OAK CLUB HOUSE,U.S. Senate,,REP,Unverified Candidate 1,2
DeKalb,0021 GROVE OAK CLUB HOUSE,U.S. Senate,,REP,Unverified Candidate 2,1
DeKalb,0021 GROVE OAK CLUB HOUSE,U.S. Senate,,REP,Unverified Candidate 3,45
DeKalb,0021 GROVE OAK CLUB HOUSE,U.S. Senate,,REP,Unverified Candidate 4,58
DeKalb,0021 GROVE OAK CLUB HOUSE,U.S. Senate,,REP,Unverified Candidate 5,37
DeKalb,0021 GROVE OAK CLUB HOUSE,U.S. Senate,,REP,Unverified Candidate 6,1
DeKalb,0021 GROVE OAK CLUB HOUSE,U.S. Senate,,REP,Unverified Candidate 7,1
DeKalb,0022 TENBROECK COMM CTR,Proposed Statewide Amendment 1,,,No,11
DeKalb,0022 TENBROECK COMM CTR,Proposed Statewide Amendment 1,,,Yes,111
DeKalb,0022 TENBROECK COMM CTR,Proposed Statewide Amendment 2,,,No,64
DeKalb,0022 TENBROECK COMM CTR,Proposed Statewide Amendment 2,,,Yes,55
DeKalb,0022 TENBROECK COMM CTR,Governor,,DEM,"Chad ""Chig"" Martin",2
DeKalb,0022 TENBROECK COMM CTR,Governor,,DEM,Doug Jones,9
DeKalb,0022 TENBROECK COMM CTR,Governor,,DEM,Jamel J. Brown,0
DeKalb,0022 TENBROECK COMM CTR,Governor,,DEM,"Nathan ""Nate"" Mathis",0
DeKalb,0022 TENBROECK COMM CTR,Governor,,DEM,Will Boyd,2
DeKalb,0022 TENBROECK COMM CTR,Governor,,DEM,Yolanda Rochelle Flowers,0
DeKalb,0022 TENBROECK COMM CTR,Lieutenant Governor,,DEM,Darryl D. Perryman,3
DeKalb,0022 TENBROECK COMM CTR,Lieutenant Governor,,DEM,Phillip Ensler,9
DeKalb,0022 TENBROECK COMM CTR,"Public Service Commission, Place No. 1",,DEM,James O. Gordon,4
DeKalb,0022 TENBROECK COMM CTR,"Public Service Commission, Place No. 1",,DEM,Jeff Ramsey,5
DeKalb,0022 TENBROECK COMM CTR,"Public Service Commission, Place No. 1",,DEM,John Northrop,1
DeKalb,0022 TENBROECK COMM CTR,U.S. House,4,DEM,Amanda N. Pusczek,5
DeKalb,0022 TENBROECK COMM CTR,U.S. House,4,DEM,Shane Weaver,8
DeKalb,0022 TENBROECK COMM CTR,U.S. Senate,,DEM,Dakarai Larriett,1
DeKalb,0022 TENBROECK COMM CTR,U.S. Senate,,DEM,Unverified Candidate 2,5
DeKalb,0022 TENBROECK COMM CTR,U.S. Senate,,DEM,Unverified Candidate 3,0
DeKalb,0022 TENBROECK COMM CTR,U.S. Senate,,DEM,Unverified Candidate 4,7
DeKalb,0022 TENBROECK COMM CTR,Attorney General,,REP,Unverified Candidate 1,22
DeKalb,0022 TENBROECK COMM CTR,Attorney General,,REP,Unverified Candidate 2,45
DeKalb,0022 TENBROECK COMM CTR,Attorney General,,REP,Unverified Candidate 3,40
DeKalb,0022 TENBROECK COMM CTR,Commissioner of Agriculture and Industries,,REP,Unverified Candidate 1,46
DeKalb,0022 TENBROECK COMM CTR,Commissioner of Agriculture and Industries,,REP,Unverified Candidate 2,17
DeKalb,0022 TENBROECK COMM CTR,Commissioner of Agriculture and Industries,,REP,Unverified Candidate 3,41
DeKalb,0022 TENBROECK COMM CTR,"Dekalb County Republican Executive Committee, At Lar",,REP,Unverified Candidate 1,46
DeKalb,0022 TENBROECK COMM CTR,"Dekalb County Republican Executive Committee, At Lar",,REP,Unverified Candidate 2,23
DeKalb,0022 TENBROECK COMM CTR,"Dekalb County Republican Executive Committee, At Lar",,REP,Unverified Candidate 3,37
DeKalb,0022 TENBROECK COMM CTR,"Dekalb County Republican Executive Committee, Place District No. 2",,REP,Unverified Candidate 1,37
DeKalb,0022 TENBROECK COMM CTR,"Dekalb County Republican Executive Committee, Place District No. 2",,REP,Unverified Candidate 1,58
DeKalb,0022 TENBROECK COMM CTR,"Dekalb County Republican Executive Committee, Place District No. 2",,REP,Unverified Candidate 2,66
DeKalb,0022 TENBROECK COMM CTR,"Dekalb County Republican Executive Committee, Place District No. 2",,REP,Unverified Candidate 2,52
DeKalb,0022 TENBROECK COMM CTR,Dekalb County Republican Executive Committee. Place District No. 2,,REP,Unverified Candidate 1,76
DeKalb,0022 TENBROECK COMM CTR,Dekalb County Republican Executive Committee. Place District No. 2,,REP,Unverified Candidate 2,29
DeKalb,0022 TENBROECK COMM CTR,Governor,,REP,Unverified Candidate 1,15
DeKalb,0022 TENBROECK COMM CTR,Governor,,REP,Unverified Candidate 2,5
DeKalb,0022 TENBROECK COMM CTR,Governor,,REP,Unverified Candidate 3,93
DeKalb,0022 TENBROECK COMM CTR,Lieutenant Governor,,REP,Unverified Candidate 1,57
DeKalb,0022 TENBROECK COMM CTR,Lieutenant Governor,,REP,Unverified Candidate 2,1
DeKalb,0022 TENBROECK COMM CTR,Lieutenant Governor,,REP,Unverified Candidate 3,6
DeKalb,0022 TENBROECK COMM CTR,Lieutenant Governor,,REP,Unverified Candidate 4,14
DeKalb,0022 TENBROECK COMM CTR,Lieutenant Governor,,REP,Unverified Candidate 5,1
DeKalb,0022 TENBROECK COMM CTR,Lieutenant Governor,,REP,Unverified Candidate 6,4
DeKalb,0022 TENBROECK COMM CTR,Lieutenant Governor,,REP,Unverified Candidate 7,28
DeKalb,0022 TENBROECK COMM CTR,"President, Dekalb County Commission",,REP,Unverified Candidate 1,47
DeKalb,0022 TENBROECK COMM CTR,"President, Dekalb County Commission",,REP,Unverified Candidate 2,62
DeKalb,0022 TENBROECK COMM CTR,"Public Service Commission, Place No. 1",,REP,Unverified Candidate 1,67
DeKalb,0022 TENBROECK COMM CTR,"Public Service Commission, Place No. 1",,REP,Unverified Candidate 2,33
DeKalb,0022 TENBROECK COMM CTR,"Public Service Commission, Place No. 2",,REP,Unverified Candidate 1,5
DeKalb,0022 TENBROECK COMM CTR,"Public Service Commission, Place No. 2",,REP,Unverified Candidate 2,22
DeKalb,0022 TENBROECK COMM CTR,"Public Service Commission, Place No. 2",,REP,Unverified Candidate 3,33
DeKalb,0022 TENBROECK COMM CTR,"Public Service Commission, Place No. 2",,REP,Unverified Candidate 4,44
DeKalb,0022 TENBROECK COMM CTR,Secretary of State,,REP,Unverified Candidate 1,65
DeKalb,0022 TENBROECK COMM CTR,Secretary of State,,REP,Unverified Candidate 2,24
DeKalb,0022 TENBROECK COMM CTR,Secretary of State,,REP,Unverified Candidate 3,12
DeKalb,0022 TENBROECK COMM CTR,State Auditor,,REP,Unverified Candidate 1,33
DeKalb,0022 TENBROECK COMM CTR,State Auditor,,REP,Unverified Candidate 2,68
DeKalb,0022 TENBROECK COMM CTR,State Board of Education,8,REP,Unverified Candidate 1,43
DeKalb,0022 TENBROECK COMM CTR,State Board of Education,8,REP,Unverified Candidate 2,27
DeKalb,0022 TENBROECK COMM CTR,State Board of Education,8,REP,Unverified Candidate 3,32
DeKalb,0022 TENBROECK COMM CTR,State Senate,10,REP,Unverified Candidate 1,83
DeKalb,0022 TENBROECK COMM CTR,State Senate,10,REP,Unverified Candidate 2,26
DeKalb,0022 TENBROECK COMM CTR,State Treasurer,,REP,Unverified Candidate 1,70
DeKalb,0022 TENBROECK COMM CTR,State Treasurer,,REP,Unverified Candidate 2,33
DeKalb,0022 TENBROECK COMM CTR,U.S. House,4,REP,Unverified Candidate 1,87
DeKalb,0022 TENBROECK COMM CTR,U.S. House,4,REP,Unverified Candidate 2,26
DeKalb,0022 TENBROECK COMM CTR,U.S. Senate,,REP,Unverified Candidate 1,3
DeKalb,0022 TENBROECK COMM CTR,U.S. Senate,,REP,Unverified Candidate 2,2
DeKalb,0022 TENBROECK COMM CTR,U.S. Senate,,REP,Unverified Candidate 3,36
DeKalb,0022 TENBROECK COMM CTR,U.S. Senate,,REP,Unverified Candidate 4,37
DeKalb,0022 TENBROECK COMM CTR,U.S. Senate,,REP,Unverified Candidate 5,33
DeKalb,0022 TENBROECK COMM CTR,U.S. Senate,,REP,Unverified Candidate 6,0
DeKalb,0022 TENBROECK COMM CTR,U.S. Senate,,REP,Unverified Candidate 7,3
DeKalb,0023 MCKESTES COMM CTR,Proposed Statewide Amendment 1,,,No,20
DeKalb,0023 MCKESTES COMM CTR,Proposed Statewide Amendment 1,,,Yes,148
DeKalb,0023 MCKESTES COMM CTR,Proposed Statewide Amendment 2,,,No,71
DeKalb,0023 MCKESTES COMM CTR,Proposed Statewide Amendment 2,,,Yes,88
DeKalb,0023 MCKESTES COMM CTR,Governor,,DEM,"Chad ""Chig"" Martin",6
DeKalb,0023 MCKESTES COMM CTR,Governor,,DEM,Doug Jones,21
DeKalb,0023 MCKESTES COMM CTR,Governor,,DEM,Jamel J. Brown,0
DeKalb,0023 MCKESTES COMM CTR,Governor,,DEM,"Nathan ""Nate"" Mathis",0
DeKalb,0023 MCKESTES COMM CTR,Governor,,DEM,Will Boyd,1
DeKalb,0023 MCKESTES COMM CTR,Governor,,DEM,Yolanda Rochelle Flowers,0
DeKalb,0023 MCKESTES COMM CTR,Lieutenant Governor,,DEM,Darryl D. Perryman,9
DeKalb,0023 MCKESTES COMM CTR,Lieutenant Governor,,DEM,Phillip Ensler,18
DeKalb,0023 MCKESTES COMM CTR,"Public Service Commission, Place No. 1",,DEM,James O. Gordon,8
DeKalb,0023 MCKESTES COMM CTR,"Public Service Commission, Place No. 1",,DEM,Jeff Ramsey,11
DeKalb,0023 MCKESTES COMM CTR,"Public Service Commission, Place No. 1",,DEM,John Northrop,7
DeKalb,0023 MCKESTES COMM CTR,U.S. House,4,DEM,Amanda N. Pusczek,13
DeKalb,0023 MCKESTES COMM CTR,U.S. House,4,DEM,Shane Weaver,13
DeKalb,0023 MCKESTES COMM CTR,U.S. Senate,,DEM,Dakarai Larriett,6
DeKalb,0023 MCKESTES COMM CTR,U.S. Senate,,DEM,Unverified Candidate 2,9
DeKalb,0023 MCKESTES COMM CTR,U.S. Senate,,DEM,Unverified Candidate 3,4
DeKalb,0023 MCKESTES COMM CTR,U.S. Senate,,DEM,Unverified Candidate 4,7
DeKalb,0023 MCKESTES COMM CTR,Attorney General,,REP,Unverified Candidate 1,37
DeKalb,0023 MCKESTES COMM CTR,Attorney General,,REP,Unverified Candidate 2,52
DeKalb,0023 MCKESTES COMM CTR,Attorney General,,REP,Unverified Candidate 3,43
DeKalb,0023 MCKESTES COMM CTR,Commissioner of Agriculture and Industries,,REP,Unverified Candidate 1,67
DeKalb,0023 MCKESTES COMM CTR,Commissioner of Agriculture and Industries,,REP,Unverified Candidate 2,23
DeKalb,0023 MCKESTES COMM CTR,Commissioner of Agriculture and Industries,,REP,Unverified Candidate 3,39
DeKalb,0023 MCKESTES COMM CTR,"Dekalb County Republican Executive Committee, At Lar",,REP,Unverified Candidate 1,67
DeKalb,0023 MCKESTES COMM CTR,"Dekalb County Republican Executive Committee, At Lar",,REP,Unverified Candidate 2,23
DeKalb,0023 MCKESTES COMM CTR,"Dekalb County Republican Executive Committee, At Lar",,REP,Unverified Candidate 3,32
DeKalb,0023 MCKESTES COMM CTR,"Dekalb County Republican Executive Committee, Place District No. 2",,REP,Unverified Candidate 1,41
DeKalb,0023 MCKESTES COMM CTR,"Dekalb County Republican Executive Committee, Place District No. 2",,REP,Unverified Candidate 1,78
DeKalb,0023 MCKESTES COMM CTR,"Dekalb County Republican Executive Committee, Place District No. 2",,REP,Unverified Candidate 2,79
DeKalb,0023 MCKESTES COMM CTR,"Dekalb County Republican Executive Committee, Place District No. 2",,REP,Unverified Candidate 2,44
DeKalb,0023 MCKESTES COMM CTR,Dekalb County Republican Executive Committee. Place District No. 2,,REP,Unverified Candidate 1,90
DeKalb,0023 MCKESTES COMM CTR,Dekalb County Republican Executive Committee. Place District No. 2,,REP,Unverified Candidate 2,34
DeKalb,0023 MCKESTES COMM CTR,Governor,,REP,Unverified Candidate 1,7
DeKalb,0023 MCKESTES COMM CTR,Governor,,REP,Unverified Candidate 2,4
DeKalb,0023 MCKESTES COMM CTR,Governor,,REP,Unverified Candidate 3,135
DeKalb,0023 MCKESTES COMM CTR,Lieutenant Governor,,REP,Unverified Candidate 1,50
DeKalb,0023 MCKESTES COMM CTR,Lieutenant Governor,,REP,Unverified Candidate 2,3
DeKalb,0023 MCKESTES COMM CTR,Lieutenant Governor,,REP,Unverified Candidate 3,4
DeKalb,0023 MCKESTES COMM CTR,Lieutenant Governor,,REP,Unverified Candidate 4,20
DeKalb,0023 MCKESTES COMM CTR,Lieutenant Governor,,REP,Unverified Candidate 5,2
DeKalb,0023 MCKESTES COMM CTR,Lieutenant Governor,,REP,Unverified Candidate 6,3
DeKalb,0023 MCKESTES COMM CTR,Lieutenant Governor,,REP,Unverified Candidate 7,52
DeKalb,0023 MCKESTES COMM CTR,"President, Dekalb County Commission",,REP,Unverified Candidate 1,41
DeKalb,0023 MCKESTES COMM CTR,"President, Dekalb County Commission",,REP,Unverified Candidate 2,89
DeKalb,0023 MCKESTES COMM CTR,"Public Service Commission, Place No. 1",,REP,Unverified Candidate 1,73
DeKalb,0023 MCKESTES COMM CTR,"Public Service Commission, Place No. 1",,REP,Unverified Candidate 2,47
DeKalb,0023 MCKESTES COMM CTR,"Public Service Commission, Place No. 2",,REP,Unverified Candidate 1,14
DeKalb,0023 MCKESTES COMM CTR,"Public Service Commission, Place No. 2",,REP,Unverified Candidate 2,29
DeKalb,0023 MCKESTES COMM CTR,"Public Service Commission, Place No. 2",,REP,Unverified Candidate 3,48
DeKalb,0023 MCKESTES COMM CTR,"Public Service Commission, Place No. 2",,REP,Unverified Candidate 4,29
DeKalb,0023 MCKESTES COMM CTR,Secretary of State,,REP,Unverified Candidate 1,82
DeKalb,0023 MCKESTES COMM CTR,Secretary of State,,REP,Unverified Candidate 2,33
DeKalb,0023 MCKESTES COMM CTR,Secretary of State,,REP,Unverified Candidate 3,11
DeKalb,0023 MCKESTES COMM CTR,State Auditor,,REP,Unverified Candidate 1,38
DeKalb,0023 MCKESTES COMM CTR,State Auditor,,REP,Unverified Candidate 2,83
DeKalb,0023 MCKESTES COMM CTR,State Board of Education,8,REP,Unverified Candidate 1,40
DeKalb,0023 MCKESTES COMM CTR,State Board of Education,8,REP,Unverified Candidate 2,35
DeKalb,0023 MCKESTES COMM CTR,State Board of Education,8,REP,Unverified Candidate 3,41
DeKalb,0023 MCKESTES COMM CTR,State Senate,10,REP,Unverified Candidate 1,87
DeKalb,0023 MCKESTES COMM CTR,State Senate,10,REP,Unverified Candidate 2,49
DeKalb,0023 MCKESTES COMM CTR,State Treasurer,,REP,Unverified Candidate 1,80
DeKalb,0023 MCKESTES COMM CTR,State Treasurer,,REP,Unverified Candidate 2,42
DeKalb,0023 MCKESTES COMM CTR,U.S. House,4,REP,Unverified Candidate 1,111
DeKalb,0023 MCKESTES COMM CTR,U.S. House,4,REP,Unverified Candidate 2,28
DeKalb,0023 MCKESTES COMM CTR,U.S. Senate,,REP,Unverified Candidate 1,5
DeKalb,0023 MCKESTES COMM CTR,U.S. Senate,,REP,Unverified Candidate 2,2
DeKalb,0023 MCKESTES COMM CTR,U.S. Senate,,REP,Unverified Candidate 3,40
DeKalb,0023 MCKESTES COMM CTR,U.S. Senate,,REP,Unverified Candidate 4,50
DeKalb,0023 MCKESTES COMM CTR,U.S. Senate,,REP,Unverified Candidate 5,42
DeKalb,0023 MCKESTES COMM CTR,U.S. Senate,,REP,Unverified Candidate 6,1
DeKalb,0023 MCKESTES COMM CTR,U.S. Senate,,REP,Unverified Candidate 7,2
DeKalb,0024 SHADY GROVE BAPT CH,Proposed Statewide Amendment 1,,,No,8
DeKalb,0024 SHADY GROVE BAPT CH,Proposed Statewide Amendment 1,,,Yes,104
DeKalb,0024 SHADY GROVE BAPT CH,Proposed Statewide Amendment 2,,,No,48
DeKalb,0024 SHADY GROVE BAPT CH,Proposed Statewide Amendment 2,,,Yes,56
DeKalb,0024 SHADY GROVE BAPT CH,Governor,,DEM,"Chad ""Chig"" Martin",1
DeKalb,0024 SHADY GROVE BAPT CH,Governor,,DEM,Doug Jones,8
DeKalb,0024 SHADY GROVE BAPT CH,Governor,,DEM,Jamel J. Brown,0
DeKalb,0024 SHADY GROVE BAPT CH,Governor,,DEM,"Nathan ""Nate"" Mathis",0
DeKalb,0024 SHADY GROVE BAPT CH,Governor,,DEM,Will Boyd,2
DeKalb,0024 SHADY GROVE BAPT CH,Governor,,DEM,Yolanda Rochelle Flowers,0
DeKalb,0024 SHADY GROVE BAPT CH,Lieutenant Governor,,DEM,Darryl D. Perryman,5
DeKalb,0024 SHADY GROVE BAPT CH,Lieutenant Governor,,DEM,Phillip Ensler,6
DeKalb,0024 SHADY GROVE BAPT CH,"Public Service Commission, Place No. 1",,DEM,James O. Gordon,2
DeKalb,0024 SHADY GROVE BAPT CH,"Public Service Commission, Place No. 1",,DEM,Jeff Ramsey,4
DeKalb,0024 SHADY GROVE BAPT CH,"Public Service Commission, Place No. 1",,DEM,John Northrop,4
DeKalb,0024 SHADY GROVE BAPT CH,U.S. House,4,DEM,Amanda N. Pusczek,8
DeKalb,0024 SHADY GROVE BAPT CH,U.S. House,4,DEM,Shane Weaver,3
DeKalb,0024 SHADY GROVE BAPT CH,U.S. Senate,,DEM,Dakarai Larriett,1
DeKalb,0024 SHADY GROVE BAPT CH,U.S. Senate,,DEM,Unverified Candidate 2,5
DeKalb,0024 SHADY GROVE BAPT CH,U.S. Senate,,DEM,Unverified Candidate 3,3
DeKalb,0024 SHADY GROVE BAPT CH,U.S. Senate,,DEM,Unverified Candidate 4,2
DeKalb,0024 SHADY GROVE BAPT CH,Attorney General,,REP,Unverified Candidate 1,28
DeKalb,0024 SHADY GROVE BAPT CH,Attorney General,,REP,Unverified Candidate 2,39
DeKalb,0024 SHADY GROVE BAPT CH,Attorney General,,REP,Unverified Candidate 3,26
DeKalb,0024 SHADY GROVE BAPT CH,Commissioner of Agriculture and Industries,,REP,Unverified Candidate 1,42
DeKalb,0024 SHADY GROVE BAPT CH,Commissioner of Agriculture and Industries,,REP,Unverified Candidate 2,21
DeKalb,0024 SHADY GROVE BAPT CH,Commissioner of Agriculture and Industries,,REP,Unverified Candidate 3,29
DeKalb,0024 SHADY GROVE BAPT CH,"Dekalb County Republican Executive Committee, At Lar",,REP,Unverified Candidate 1,56
DeKalb,0024 SHADY GROVE BAPT CH,"Dekalb County Republican Executive Committee, At Lar",,REP,Unverified Candidate 2,10
DeKalb,0024 SHADY GROVE BAPT CH,"Dekalb County Republican Executive Committee, At Lar",,REP,Unverified Candidate 3,21
DeKalb,0024 SHADY GROVE BAPT CH,Governor,,REP,Unverified Candidate 1,16
DeKalb,0024 SHADY GROVE BAPT CH,Governor,,REP,Unverified Candidate 2,5
DeKalb,0024 SHADY GROVE BAPT CH,Governor,,REP,Unverified Candidate 3,83
DeKalb,0024 SHADY GROVE BAPT CH,Lieutenant Governor,,REP,Unverified Candidate 1,34
DeKalb,0024 SHADY GROVE BAPT CH,Lieutenant Governor,,REP,Unverified Candidate 2,4
DeKalb,0024 SHADY GROVE BAPT CH,Lieutenant Governor,,REP,Unverified Candidate 3,1
DeKalb,0024 SHADY GROVE BAPT CH,Lieutenant Governor,,REP,Unverified Candidate 4,10
DeKalb,0024 SHADY GROVE BAPT CH,Lieutenant Governor,,REP,Unverified Candidate 5,1
DeKalb,0024 SHADY GROVE BAPT CH,Lieutenant Governor,,REP,Unverified Candidate 6,2
DeKalb,0024 SHADY GROVE BAPT CH,Lieutenant Governor,,REP,Unverified Candidate 7,48
DeKalb,0024 SHADY GROVE BAPT CH,"Member, Dekalb County Commission. District No. 3",,REP,Unverified Candidate 1,74
DeKalb,0024 SHADY GROVE BAPT CH,"Member, Dekalb County Commission. District No. 3",,REP,Unverified Candidate 2,21
DeKalb,0024 SHADY GROVE BAPT CH,"President, Dekalb County Commission",,REP,Unverified Candidate 1,27
DeKalb,0024 SHADY GROVE BAPT CH,"President, Dekalb County Commission",,REP,Unverified Candidate 2,64
DeKalb,0024 SHADY GROVE BAPT CH,"Public Service Commission, Place No. 1",,REP,Unverified Candidate 1,63
DeKalb,0024 SHADY GROVE BAPT CH,"Public Service Commission, Place No. 1",,REP,Unverified Candidate 2,26
DeKalb,0024 SHADY GROVE BAPT CH,"Public Service Commission, Place No. 2",,REP,Unverified Candidate 1,6
DeKalb,0024 SHADY GROVE BAPT CH,"Public Service Commission, Place No. 2",,REP,Unverified Candidate 2,22
DeKalb,0024 SHADY GROVE BAPT CH,"Public Service Commission, Place No. 2",,REP,Unverified Candidate 3,20
DeKalb,0024 SHADY GROVE BAPT CH,"Public Service Commission, Place No. 2",,REP,Unverified Candidate 4,45
DeKalb,0024 SHADY GROVE BAPT CH,Secretary of State,,REP,Unverified Candidate 1,56
DeKalb,0024 SHADY GROVE BAPT CH,Secretary of State,,REP,Unverified Candidate 2,27
DeKalb,0024 SHADY GROVE BAPT CH,Secretary of State,,REP,Unverified Candidate 3,10
DeKalb,0024 SHADY GROVE BAPT CH,State Auditor,,REP,Unverified Candidate 1,26
DeKalb,0024 SHADY GROVE BAPT CH,State Auditor,,REP,Unverified Candidate 2,68
DeKalb,0024 SHADY GROVE BAPT CH,State Board of Education,8,REP,Unverified Candidate 1,28
DeKalb,0024 SHADY GROVE BAPT CH,State Board of Education,8,REP,Unverified Candidate 2,31
DeKalb,0024 SHADY GROVE BAPT CH,State Board of Education,8,REP,Unverified Candidate 3,23
DeKalb,0024 SHADY GROVE BAPT CH,State Senate,10,REP,Unverified Candidate 1,23
DeKalb,0024 SHADY GROVE BAPT CH,State Senate,10,REP,Unverified Candidate 2,27
DeKalb,0024 SHADY GROVE BAPT CH,State Treasurer,,REP,Unverified Candidate 1,66
DeKalb,0024 SHADY GROVE BAPT CH,State Treasurer,,REP,Unverified Candidate 2,25
DeKalb,0024 SHADY GROVE BAPT CH,U.S. House,4,REP,Unverified Candidate 1,79
DeKalb,0024 SHADY GROVE BAPT CH,U.S. House,4,REP,Unverified Candidate 2,20
DeKalb,0024 SHADY GROVE BAPT CH,U.S. Senate,,REP,Unverified Candidate 1,5
DeKalb,0024 SHADY GROVE BAPT CH,U.S. Senate,,REP,Unverified Candidate 2,2
DeKalb,0024 SHADY GROVE BAPT CH,U.S. Senate,,REP,Unverified Candidate 3,18
DeKalb,0024 SHADY GROVE BAPT CH,U.S. Senate,,REP,Unverified Candidate 4,29
DeKalb,0024 SHADY GROVE BAPT CH,U.S. Senate,,REP,Unverified Candidate 5,41
DeKalb,0024 SHADY GROVE BAPT CH,U.S. Senate,,REP,Unverified Candidate 6,1
DeKalb,0024 SHADY GROVE BAPT CH,U.S. Senate,,REP,Unverified Candidate 7,5
DeKalb,0025 DOGTOWN VFD,Proposed Statewide Amendment 1,,,No,15
DeKalb,0025 DOGTOWN VFD,Proposed Statewide Amendment 1,,,Yes,157
DeKalb,0025 DOGTOWN VFD,Proposed Statewide Amendment 2,,,No,87
DeKalb,0025 DOGTOWN VFD,Proposed Statewide Amendment 2,,,Yes,77
DeKalb,0025 DOGTOWN VFD,Governor,,DEM,"Chad ""Chig"" Martin",3
DeKalb,0025 DOGTOWN VFD,Governor,,DEM,Doug Jones,4
DeKalb,0025 DOGTOWN VFD,Governor,,DEM,Jamel J. Brown,0
DeKalb,0025 DOGTOWN VFD,Governor,,DEM,"Nathan ""Nate"" Mathis",0
DeKalb,0025 DOGTOWN VFD,Governor,,DEM,Will Boyd,4
DeKalb,0025 DOGTOWN VFD,Governor,,DEM,Yolanda Rochelle Flowers,0
DeKalb,0025 DOGTOWN VFD,Lieutenant Governor,,DEM,Darryl D. Perryman,3
DeKalb,0025 DOGTOWN VFD,Lieutenant Governor,,DEM,Phillip Ensler,8
DeKalb,0025 DOGTOWN VFD,"Public Service Commission, Place No. 1",,DEM,James O. Gordon,4
DeKalb,0025 DOGTOWN VFD,"Public Service Commission, Place No. 1",,DEM,Jeff Ramsey,3
DeKalb,0025 DOGTOWN VFD,"Public Service Commission, Place No. 1",,DEM,John Northrop,4
DeKalb,0025 DOGTOWN VFD,U.S. House,4,DEM,Amanda N. Pusczek,8
DeKalb,0025 DOGTOWN VFD,U.S. House,4,DEM,Shane Weaver,2
DeKalb,0025 DOGTOWN VFD,U.S. Senate,,DEM,Dakarai Larriett,3
DeKalb,0025 DOGTOWN VFD,U.S. Senate,,DEM,Unverified Candidate 2,5
DeKalb,0025 DOGTOWN VFD,U.S. Senate,,DEM,Unverified Candidate 3,2
DeKalb,0025 DOGTOWN VFD,U.S. Senate,,DEM,Unverified Candidate 4,1
DeKalb,0025 DOGTOWN VFD,Attorney General,,REP,Unverified Candidate 1,43
DeKalb,0025 DOGTOWN VFD,Attorney General,,REP,Unverified Candidate 2,51
DeKalb,0025 DOGTOWN VFD,Attorney General,,REP,Unverified Candidate 3,62
DeKalb,0025 DOGTOWN VFD,Commissioner of Agriculture and Industries,,REP,Unverified Candidate 1,47
DeKalb,0025 DOGTOWN VFD,Commissioner of Agriculture and Industries,,REP,Unverified Candidate 2,37
DeKalb,0025 DOGTOWN VFD,Commissioner of Agriculture and Industries,,REP,Unverified Candidate 3,66
DeKalb,0025 DOGTOWN VFD,"Dekalb County Republican Executive Committee, At Lar",,REP,Unverified Candidate 1,89
DeKalb,0025 DOGTOWN VFD,"Dekalb County Republican Executive Committee, At Lar",,REP,Unverified Candidate 2,40
DeKalb,0025 DOGTOWN VFD,"Dekalb County Republican Executive Committee, At Lar",,REP,Unverified Candidate 3,19
DeKalb,0025 DOGTOWN VFD,Governor,,REP,Unverified Candidate 1,19
DeKalb,0025 DOGTOWN VFD,Governor,,REP,Unverified Candidate 2,4
DeKalb,0025 DOGTOWN VFD,Governor,,REP,Unverified Candidate 3,150
DeKalb,0025 DOGTOWN VFD,Lieutenant Governor,,REP,Unverified Candidate 1,42
DeKalb,0025 DOGTOWN VFD,Lieutenant Governor,,REP,Unverified Candidate 2,6
DeKalb,0025 DOGTOWN VFD,Lieutenant Governor,,REP,Unverified Candidate 3,3
DeKalb,0025 DOGTOWN VFD,Lieutenant Governor,,REP,Unverified Candidate 4,22
DeKalb,0025 DOGTOWN VFD,Lieutenant Governor,,REP,Unverified Candidate 5,2
DeKalb,0025 DOGTOWN VFD,Lieutenant Governor,,REP,Unverified Candidate 6,7
DeKalb,0025 DOGTOWN VFD,Lieutenant Governor,,REP,Unverified Candidate 7,82
DeKalb,0025 DOGTOWN VFD,"Member, Dekalb County Commission. District No. 3",,REP,Unverified Candidate 1,88
DeKalb,0025 DOGTOWN VFD,"Member, Dekalb County Commission. District No. 3",,REP,Unverified Candidate 2,73
DeKalb,0025 DOGTOWN VFD,"President, Dekalb County Commission",,REP,Unverified Candidate 1,31
DeKalb,0025 DOGTOWN VFD,"President, Dekalb County Commission",,REP,Unverified Candidate 2,134
DeKalb,0025 DOGTOWN VFD,"Public Service Commission, Place No. 1",,REP,Unverified Candidate 1,113
DeKalb,0025 DOGTOWN VFD,"Public Service Commission, Place No. 1",,REP,Unverified Candidate 2,36
DeKalb,0025 DOGTOWN VFD,"Public Service Commission, Place No. 2",,REP,Unverified Candidate 1,14
DeKalb,0025 DOGTOWN VFD,"Public Service Commission, Place No. 2",,REP,Unverified Candidate 2,38
DeKalb,0025 DOGTOWN VFD,"Public Service Commission, Place No. 2",,REP,Unverified Candidate 3,48
DeKalb,0025 DOGTOWN VFD,"Public Service Commission, Place No. 2",,REP,Unverified Candidate 4,50
DeKalb,0025 DOGTOWN VFD,Secretary of State,,REP,Unverified Candidate 1,93
DeKalb,0025 DOGTOWN VFD,Secretary of State,,REP,Unverified Candidate 2,34
DeKalb,0025 DOGTOWN VFD,Secretary of State,,REP,Unverified Candidate 3,22
DeKalb,0025 DOGTOWN VFD,State Auditor,,REP,Unverified Candidate 1,55
DeKalb,0025 DOGTOWN VFD,State Auditor,,REP,Unverified Candidate 2,95
DeKalb,0025 DOGTOWN VFD,State Board of Education,8,REP,Unverified Candidate 1,62
DeKalb,0025 DOGTOWN VFD,State Board of Education,8,REP,Unverified Candidate 2,52
DeKalb,0025 DOGTOWN VFD,State Board of Education,8,REP,Unverified Candidate 3,30
DeKalb,0025 DOGTOWN VFD,State Treasurer,,REP,Unverified Candidate 1,104
DeKalb,0025 DOGTOWN VFD,State Treasurer,,REP,Unverified Candidate 2,52
DeKalb,0025 DOGTOWN VFD,U.S. House,4,REP,Unverified Candidate 1,112
DeKalb,0025 DOGTOWN VFD,U.S. House,4,REP,Unverified Candidate 2,52
DeKalb,0025 DOGTOWN VFD,U.S. Senate,,REP,Unverified Candidate 1,7
DeKalb,0025 DOGTOWN VFD,U.S. Senate,,REP,Unverified Candidate 2,1
DeKalb,0025 DOGTOWN VFD,U.S. Senate,,REP,Unverified Candidate 3,54
DeKalb,0025 DOGTOWN VFD,U.S. Senate,,REP,Unverified Candidate 4,34
DeKalb,0025 DOGTOWN VFD,U.S. Senate,,REP,Unverified Candidate 5,66
DeKalb,0025 DOGTOWN VFD,U.S. Senate,,REP,Unverified Candidate 6,2
DeKalb,0025 DOGTOWN VFD,U.S. Senate,,REP,Unverified Candidate 7,4
DeKalb,0026 ADAMSBURG FIRE DEPT,Proposed Statewide Amendment 1,,,No,9
DeKalb,0026 ADAMSBURG FIRE DEPT,Proposed Statewide Amendment 1,,,Yes,123
DeKalb,0026 ADAMSBURG FIRE DEPT,Proposed Statewide Amendment 2,,,No,36
DeKalb,0026 ADAMSBURG FIRE DEPT,Proposed Statewide Amendment 2,,,Yes,86
DeKalb,0026 ADAMSBURG FIRE DEPT,Governor,,DEM,"Chad ""Chig"" Martin",1
DeKalb,0026 ADAMSBURG FIRE DEPT,Governor,,DEM,Doug Jones,13
DeKalb,0026 ADAMSBURG FIRE DEPT,Governor,,DEM,Jamel J. Brown,0
DeKalb,0026 ADAMSBURG FIRE DEPT,Governor,,DEM,"Nathan ""Nate"" Mathis",0
DeKalb,0026 ADAMSBURG FIRE DEPT,Governor,,DEM,Will Boyd,5
DeKalb,0026 ADAMSBURG FIRE DEPT,Governor,,DEM,Yolanda Rochelle Flowers,0
DeKalb,0026 ADAMSBURG FIRE DEPT,Lieutenant Governor,,DEM,Darryl D. Perryman,6
DeKalb,0026 ADAMSBURG FIRE DEPT,Lieutenant Governor,,DEM,Phillip Ensler,13
DeKalb,0026 ADAMSBURG FIRE DEPT,"Public Service Commission, Place No. 1",,DEM,James O. Gordon,4
DeKalb,0026 ADAMSBURG FIRE DEPT,"Public Service Commission, Place No. 1",,DEM,Jeff Ramsey,7
DeKalb,0026 ADAMSBURG FIRE DEPT,"Public Service Commission, Place No. 1",,DEM,John Northrop,8
DeKalb,0026 ADAMSBURG FIRE DEPT,U.S. House,4,DEM,Amanda N. Pusczek,12
DeKalb,0026 ADAMSBURG FIRE DEPT,U.S. House,4,DEM,Shane Weaver,7
DeKalb,0026 ADAMSBURG FIRE DEPT,U.S. Senate,,DEM,Dakarai Larriett,4
DeKalb,0026 ADAMSBURG FIRE DEPT,U.S. Senate,,DEM,Unverified Candidate 2,10
DeKalb,0026 ADAMSBURG FIRE DEPT,U.S. Senate,,DEM,Unverified Candidate 3,2
DeKalb,0026 ADAMSBURG FIRE DEPT,U.S. Senate,,DEM,Unverified Candidate 4,3
DeKalb,0026 ADAMSBURG FIRE DEPT,Attorney General,,REP,Unverified Candidate 1,28
DeKalb,0026 ADAMSBURG FIRE DEPT,Attorney General,,REP,Unverified Candidate 2,45
DeKalb,0026 ADAMSBURG FIRE DEPT,Attorney General,,REP,Unverified Candidate 3,29
DeKalb,0026 ADAMSBURG FIRE DEPT,Commissioner of Agriculture and Industries,,REP,Unverified Candidate 1,31
DeKalb,0026 ADAMSBURG FIRE DEPT,Commissioner of Agriculture and Industries,,REP,Unverified Candidate 2,32
DeKalb,0026 ADAMSBURG FIRE DEPT,Commissioner of Agriculture and Industries,,REP,Unverified Candidate 3,37
DeKalb,0026 ADAMSBURG FIRE DEPT,"Dekalb County Republican Executive Committee, At Lar",,REP,Unverified Candidate 1,49
DeKalb,0026 ADAMSBURG FIRE DEPT,"Dekalb County Republican Executive Committee, At Lar",,REP,Unverified Candidate 2,31
DeKalb,0026 ADAMSBURG FIRE DEPT,"Dekalb County Republican Executive Committee, At Lar",,REP,Unverified Candidate 3,22
DeKalb,0026 ADAMSBURG FIRE DEPT,Governor,,REP,Unverified Candidate 1,5
DeKalb,0026 ADAMSBURG FIRE DEPT,Governor,,REP,Unverified Candidate 2,2
DeKalb,0026 ADAMSBURG FIRE DEPT,Governor,,REP,Unverified Candidate 3,115
DeKalb,0026 ADAMSBURG FIRE DEPT,Lieutenant Governor,,REP,Unverified Candidate 1,42
DeKalb,0026 ADAMSBURG FIRE DEPT,Lieutenant Governor,,REP,Unverified Candidate 2,4
DeKalb,0026 ADAMSBURG FIRE DEPT,Lieutenant Governor,,REP,Unverified Candidate 3,0
DeKalb,0026 ADAMSBURG FIRE DEPT,Lieutenant Governor,,REP,Unverified Candidate 4,8
DeKalb,0026 ADAMSBURG FIRE DEPT,Lieutenant Governor,,REP,Unverified Candidate 5,2
DeKalb,0026 ADAMSBURG FIRE DEPT,Lieutenant Governor,,REP,Unverified Candidate 6,3
DeKalb,0026 ADAMSBURG FIRE DEPT,Lieutenant Governor,,REP,Unverified Candidate 7,52
DeKalb,0026 ADAMSBURG FIRE DEPT,"Member, Dekalb County Commission. District No. 3",,REP,Unverified Candidate 1,68
DeKalb,0026 ADAMSBURG FIRE DEPT,"Member, Dekalb County Commission. District No. 3",,REP,Unverified Candidate 2,41
DeKalb,0026 ADAMSBURG FIRE DEPT,"President, Dekalb County Commission",,REP,Unverified Candidate 1,12
DeKalb,0026 ADAMSBURG FIRE DEPT,"President, Dekalb County Commission",,REP,Unverified Candidate 2,104
DeKalb,0026 ADAMSBURG FIRE DEPT,"Public Service Commission, Place No. 1",,REP,Unverified Candidate 1,72
DeKalb,0026 ADAMSBURG FIRE DEPT,"Public Service Commission, Place No. 1",,REP,Unverified Candidate 2,21
DeKalb,0026 ADAMSBURG FIRE DEPT,"Public Service Commission, Place No. 2",,REP,Unverified Candidate 1,15
DeKalb,0026 ADAMSBURG FIRE DEPT,"Public Service Commission, Place No. 2",,REP,Unverified Candidate 2,15
DeKalb,0026 ADAMSBURG FIRE DEPT,"Public Service Commission, Place No. 2",,REP,Unverified Candidate 3,30
DeKalb,0026 ADAMSBURG FIRE DEPT,"Public Service Commission, Place No. 2",,REP,Unverified Candidate 4,29
DeKalb,0026 ADAMSBURG FIRE DEPT,Secretary of State,,REP,Unverified Candidate 1,59
DeKalb,0026 ADAMSBURG FIRE DEPT,Secretary of State,,REP,Unverified Candidate 2,25
DeKalb,0026 ADAMSBURG FIRE DEPT,Secretary of State,,REP,Unverified Candidate 3,11
DeKalb,0026 ADAMSBURG FIRE DEPT,State Auditor,,REP,Unverified Candidate 1,34
DeKalb,0026 ADAMSBURG FIRE DEPT,State Auditor,,REP,Unverified Candidate 2,62
DeKalb,0026 ADAMSBURG FIRE DEPT,State Board of Education,8,REP,Unverified Candidate 1,49
DeKalb,0026 ADAMSBURG FIRE DEPT,State Board of Education,8,REP,Unverified Candidate 2,20
DeKalb,0026 ADAMSBURG FIRE DEPT,State Board of Education,8,REP,Unverified Candidate 3,21
DeKalb,0026 ADAMSBURG FIRE DEPT,State Treasurer,,REP,Unverified Candidate 1,72
DeKalb,0026 ADAMSBURG FIRE DEPT,State Treasurer,,REP,Unverified Candidate 2,22
DeKalb,0026 ADAMSBURG FIRE DEPT,U.S. House,4,REP,Unverified Candidate 1,66
DeKalb,0026 ADAMSBURG FIRE DEPT,U.S. House,4,REP,Unverified Candidate 2,46
DeKalb,0026 ADAMSBURG FIRE DEPT,U.S. Senate,,REP,Unverified Candidate 1,1
DeKalb,0026 ADAMSBURG FIRE DEPT,U.S. Senate,,REP,Unverified Candidate 2,2
DeKalb,0026 ADAMSBURG FIRE DEPT,U.S. Senate,,REP,Unverified Candidate 3,39
DeKalb,0026 ADAMSBURG FIRE DEPT,U.S. Senate,,REP,Unverified Candidate 4,17
DeKalb,0026 ADAMSBURG FIRE DEPT,U.S. Senate,,REP,Unverified Candidate 5,55
DeKalb,0026 ADAMSBURG FIRE DEPT,U.S. Senate,,REP,Unverified Candidate 6,0
DeKalb,0026 ADAMSBURG FIRE DEPT,U.S. Senate,,REP,Unverified Candidate 7,1
DeKalb,0027 FIRE #3 E HIGHLAND D-3,Proposed Statewide Amendment 1,,,No,10
DeKalb,0027 FIRE #3 E HIGHLAND D-3,Proposed Statewide Amendment 1,,,Yes,120
DeKalb,0027 FIRE #3 E HIGHLAND D-3,Proposed Statewide Amendment 2,,,No,43
DeKalb,0027 FIRE #3 E HIGHLAND D-3,Proposed Statewide Amendment 2,,,Yes,77
DeKalb,0027 FIRE #3 E HIGHLAND D-3,Governor,,DEM,"Chad ""Chig"" Martin",0
DeKalb,0027 FIRE #3 E HIGHLAND D-3,Governor,,DEM,Doug Jones,13
DeKalb,0027 FIRE #3 E HIGHLAND D-3,Governor,,DEM,Jamel J. Brown,0
DeKalb,0027 FIRE #3 E HIGHLAND D-3,Governor,,DEM,"Nathan ""Nate"" Mathis",0
DeKalb,0027 FIRE #3 E HIGHLAND D-3,Governor,,DEM,Will Boyd,0
DeKalb,0027 FIRE #3 E HIGHLAND D-3,Governor,,DEM,Yolanda Rochelle Flowers,0
DeKalb,0027 FIRE #3 E HIGHLAND D-3,Lieutenant Governor,,DEM,Darryl D. Perryman,3
DeKalb,0027 FIRE #3 E HIGHLAND D-3,Lieutenant Governor,,DEM,Phillip Ensler,6
DeKalb,0027 FIRE #3 E HIGHLAND D-3,"Public Service Commission, Place No. 1",,DEM,James O. Gordon,4
DeKalb,0027 FIRE #3 E HIGHLAND D-3,"Public Service Commission, Place No. 1",,DEM,Jeff Ramsey,4
DeKalb,0027 FIRE #3 E HIGHLAND D-3,"Public Service Commission, Place No. 1",,DEM,John Northrop,1
DeKalb,0027 FIRE #3 E HIGHLAND D-3,U.S. House,4,DEM,Amanda N. Pusczek,7
DeKalb,0027 FIRE #3 E HIGHLAND D-3,U.S. House,4,DEM,Shane Weaver,2
DeKalb,0027 FIRE #3 E HIGHLAND D-3,U.S. Senate,,DEM,Dakarai Larriett,2
DeKalb,0027 FIRE #3 E HIGHLAND D-3,U.S. Senate,,DEM,Unverified Candidate 2,4
DeKalb,0027 FIRE #3 E HIGHLAND D-3,U.S. Senate,,DEM,Unverified Candidate 3,1
DeKalb,0027 FIRE #3 E HIGHLAND D-3,U.S. Senate,,DEM,Unverified Candidate 4,2
DeKalb,0027 FIRE #3 E HIGHLAND D-3,Attorney General,,REP,Unverified Candidate 1,21
DeKalb,0027 FIRE #3 E HIGHLAND D-3,Attorney General,,REP,Unverified Candidate 2,51
DeKalb,0027 FIRE #3 E HIGHLAND D-3,Attorney General,,REP,Unverified Candidate 3,37
DeKalb,0027 FIRE #3 E HIGHLAND D-3,Commissioner of Agriculture and Industries,,REP,Unverified Candidate 1,30
DeKalb,0027 FIRE #3 E HIGHLAND D-3,Commissioner of Agriculture and Industries,,REP,Unverified Candidate 2,31
DeKalb,0027 FIRE #3 E HIGHLAND D-3,Commissioner of Agriculture and Industries,,REP,Unverified Candidate 3,46
DeKalb,0027 FIRE #3 E HIGHLAND D-3,"Dekalb County Republican Executive Committee, At Lar",,REP,Unverified Candidate 1,47
DeKalb,0027 FIRE #3 E HIGHLAND D-3,"Dekalb County Republican Executive Committee, At Lar",,REP,Unverified Candidate 2,41
DeKalb,0027 FIRE #3 E HIGHLAND D-3,"Dekalb County Republican Executive Committee, At Lar",,REP,Unverified Candidate 3,24
DeKalb,0027 FIRE #3 E HIGHLAND D-3,Governor,,REP,Unverified Candidate 1,5
DeKalb,0027 FIRE #3 E HIGHLAND D-3,Governor,,REP,Unverified Candidate 2,3
DeKalb,0027 FIRE #3 E HIGHLAND D-3,Governor,,REP,Unverified Candidate 3,120
DeKalb,0027 FIRE #3 E HIGHLAND D-3,Lieutenant Governor,,REP,Unverified Candidate 1,35
DeKalb,0027 FIRE #3 E HIGHLAND D-3,Lieutenant Governor,,REP,Unverified Candidate 2,0
DeKalb,0027 FIRE #3 E HIGHLAND D-3,Lieutenant Governor,,REP,Unverified Candidate 3,4
DeKalb,0027 FIRE #3 E HIGHLAND D-3,Lieutenant Governor,,REP,Unverified Candidate 4,9
DeKalb,0027 FIRE #3 E HIGHLAND D-3,Lieutenant Governor,,REP,Unverified Candidate 5,0
DeKalb,0027 FIRE #3 E HIGHLAND D-3,Lieutenant Governor,,REP,Unverified Candidate 6,2
DeKalb,0027 FIRE #3 E HIGHLAND D-3,Lieutenant Governor,,REP,Unverified Candidate 7,67
DeKalb,0027 FIRE #3 E HIGHLAND D-3,"Member, Dekalb County Commission. District No. 3",,REP,Unverified Candidate 1,47
DeKalb,0027 FIRE #3 E HIGHLAND D-3,"Member, Dekalb County Commission. District No. 3",,REP,Unverified Candidate 2,66
DeKalb,0027 FIRE #3 E HIGHLAND D-3,"President, Dekalb County Commission",,REP,Unverified Candidate 1,17
DeKalb,0027 FIRE #3 E HIGHLAND D-3,"President, Dekalb County Commission",,REP,Unverified Candidate 2,107
DeKalb,0027 FIRE #3 E HIGHLAND D-3,"Public Service Commission, Place No. 1",,REP,Unverified Candidate 1,79
DeKalb,0027 FIRE #3 E HIGHLAND D-3,"Public Service Commission, Place No. 1",,REP,Unverified Candidate 2,19
DeKalb,0027 FIRE #3 E HIGHLAND D-3,"Public Service Commission, Place No. 2",,REP,Unverified Candidate 1,9
DeKalb,0027 FIRE #3 E HIGHLAND D-3,"Public Service Commission, Place No. 2",,REP,Unverified Candidate 2,26
DeKalb,0027 FIRE #3 E HIGHLAND D-3,"Public Service Commission, Place No. 2",,REP,Unverified Candidate 3,19
DeKalb,0027 FIRE #3 E HIGHLAND D-3,"Public Service Commission, Place No. 2",,REP,Unverified Candidate 4,46
DeKalb,0027 FIRE #3 E HIGHLAND D-3,Secretary of State,,REP,Unverified Candidate 1,70
DeKalb,0027 FIRE #3 E HIGHLAND D-3,Secretary of State,,REP,Unverified Candidate 2,21
DeKalb,0027 FIRE #3 E HIGHLAND D-3,Secretary of State,,REP,Unverified Candidate 3,13
DeKalb,0027 FIRE #3 E HIGHLAND D-3,State Auditor,,REP,Unverified Candidate 1,28
DeKalb,0027 FIRE #3 E HIGHLAND D-3,State Auditor,,REP,Unverified Candidate 2,74
DeKalb,0027 FIRE #3 E HIGHLAND D-3,State Board of Education,8,REP,Unverified Candidate 1,45
DeKalb,0027 FIRE #3 E HIGHLAND D-3,State Board of Education,8,REP,Unverified Candidate 2,33
DeKalb,0027 FIRE #3 E HIGHLAND D-3,State Board of Education,8,REP,Unverified Candidate 3,21
DeKalb,0027 FIRE #3 E HIGHLAND D-3,State Treasurer,,REP,Unverified Candidate 1,74
DeKalb,0027 FIRE #3 E HIGHLAND D-3,State Treasurer,,REP,Unverified Candidate 2,33
DeKalb,0027 FIRE #3 E HIGHLAND D-3,U.S. House,4,REP,Unverified Candidate 1,74
DeKalb,0027 FIRE #3 E HIGHLAND D-3,U.S. House,4,REP,Unverified Candidate 2,51
DeKalb,0027 FIRE #3 E HIGHLAND D-3,U.S. Senate,,REP,Unverified Candidate 1,0
DeKalb,0027 FIRE #3 E HIGHLAND D-3,U.S. Senate,,REP,Unverified Candidate 2,0
DeKalb,0027 FIRE #3 E HIGHLAND D-3,U.S. Senate,,REP,Unverified Candidate 3,27
DeKalb,0027 FIRE #3 E HIGHLAND D-3,U.S. Senate,,REP,Unverified Candidate 4,35
DeKalb,0027 FIRE #3 E HIGHLAND D-3,U.S. Senate,,REP,Unverified Candidate 5,53
DeKalb,0027 FIRE #3 E HIGHLAND D-3,U.S. Senate,,REP,Unverified Candidate 6,3
DeKalb,0027 FIRE #3 E HIGHLAND D-3,U.S. Senate,,REP,Unverified Candidate 7,1
DeKalb,0028 COPELAND BRIDGE LIBERTY,Proposed Statewide Amendment 1,,,No,6
DeKalb,0028 COPELAND BRIDGE LIBERTY,Proposed Statewide Amendment 1,,,Yes,70
DeKalb,0028 COPELAND BRIDGE LIBERTY,Proposed Statewide Amendment 2,,,No,29
DeKalb,0028 COPELAND BRIDGE LIBERTY,Proposed Statewide Amendment 2,,,Yes,46
DeKalb,0028 COPELAND BRIDGE LIBERTY,Governor,,DEM,"Chad ""Chig"" Martin",2
DeKalb,0028 COPELAND BRIDGE LIBERTY,Governor,,DEM,Doug Jones,7
DeKalb,0028 COPELAND BRIDGE LIBERTY,Governor,,DEM,Jamel J. Brown,0
DeKalb,0028 COPELAND BRIDGE LIBERTY,Governor,,DEM,"Nathan ""Nate"" Mathis",0
DeKalb,0028 COPELAND BRIDGE LIBERTY,Governor,,DEM,Will Boyd,2
DeKalb,0028 COPELAND BRIDGE LIBERTY,Governor,,DEM,Yolanda Rochelle Flowers,0
DeKalb,0028 COPELAND BRIDGE LIBERTY,Lieutenant Governor,,DEM,Darryl D. Perryman,3
DeKalb,0028 COPELAND BRIDGE LIBERTY,Lieutenant Governor,,DEM,Phillip Ensler,8
DeKalb,0028 COPELAND BRIDGE LIBERTY,"Public Service Commission, Place No. 1",,DEM,James O. Gordon,3
DeKalb,0028 COPELAND BRIDGE LIBERTY,"Public Service Commission, Place No. 1",,DEM,Jeff Ramsey,4
DeKalb,0028 COPELAND BRIDGE LIBERTY,"Public Service Commission, Place No. 1",,DEM,John Northrop,4
DeKalb,0028 COPELAND BRIDGE LIBERTY,U.S. House,4,DEM,Amanda N. Pusczek,4
DeKalb,0028 COPELAND BRIDGE LIBERTY,U.S. House,4,DEM,Shane Weaver,7
DeKalb,0028 COPELAND BRIDGE LIBERTY,U.S. Senate,,DEM,Dakarai Larriett,2
DeKalb,0028 COPELAND BRIDGE LIBERTY,U.S. Senate,,DEM,Unverified Candidate 2,4
DeKalb,0028 COPELAND BRIDGE LIBERTY,U.S. Senate,,DEM,Unverified Candidate 3,1
DeKalb,0028 COPELAND BRIDGE LIBERTY,U.S. Senate,,DEM,Unverified Candidate 4,4
DeKalb,0028 COPELAND BRIDGE LIBERTY,Attorney General,,REP,Unverified Candidate 1,37
DeKalb,0028 COPELAND BRIDGE LIBERTY,Attorney General,,REP,Unverified Candidate 2,14
DeKalb,0028 COPELAND BRIDGE LIBERTY,Attorney General,,REP,Unverified Candidate 3,14
DeKalb,0028 COPELAND BRIDGE LIBERTY,Commissioner of Agriculture and Industries,,REP,Unverified Candidate 1,23
DeKalb,0028 COPELAND BRIDGE LIBERTY,Commissioner of Agriculture and Industries,,REP,Unverified Candidate 2,16
DeKalb,0028 COPELAND BRIDGE LIBERTY,Commissioner of Agriculture and Industries,,REP,Unverified Candidate 3,19
DeKalb,0028 COPELAND BRIDGE LIBERTY,"Dekalb County Republican Executive Committee, At Lar",,REP,Unverified Candidate 1,33
DeKalb,0028 COPELAND BRIDGE LIBERTY,"Dekalb County Republican Executive Committee, At Lar",,REP,Unverified Candidate 2,17
DeKalb,0028 COPELAND BRIDGE LIBERTY,"Dekalb County Republican Executive Committee, At Lar",,REP,Unverified Candidate 3,10
DeKalb,0028 COPELAND BRIDGE LIBERTY,Governor,,REP,Unverified Candidate 1,5
DeKalb,0028 COPELAND BRIDGE LIBERTY,Governor,,REP,Unverified Candidate 2,0
DeKalb,0028 COPELAND BRIDGE LIBERTY,Governor,,REP,Unverified Candidate 3,62
DeKalb,0028 COPELAND BRIDGE LIBERTY,Lieutenant Governor,,REP,Unverified Candidate 1,29
DeKalb,0028 COPELAND BRIDGE LIBERTY,Lieutenant Governor,,REP,Unverified Candidate 2,1
DeKalb,0028 COPELAND BRIDGE LIBERTY,Lieutenant Governor,,REP,Unverified Candidate 3,1
DeKalb,0028 COPELAND BRIDGE LIBERTY,Lieutenant Governor,,REP,Unverified Candidate 4,3
DeKalb,0028 COPELAND BRIDGE LIBERTY,Lieutenant Governor,,REP,Unverified Candidate 5,0
DeKalb,0028 COPELAND BRIDGE LIBERTY,Lieutenant Governor,,REP,Unverified Candidate 6,3
DeKalb,0028 COPELAND BRIDGE LIBERTY,Lieutenant Governor,,REP,Unverified Candidate 7,27
DeKalb,0028 COPELAND BRIDGE LIBERTY,"Member, Dekalb County Commission. District No. 3",,REP,Unverified Candidate 1,63
DeKalb,0028 COPELAND BRIDGE LIBERTY,"Member, Dekalb County Commission. District No. 3",,REP,Unverified Candidate 2,10
DeKalb,0028 COPELAND BRIDGE LIBERTY,"President, Dekalb County Commission",,REP,Unverified Candidate 1,30
DeKalb,0028 COPELAND BRIDGE LIBERTY,"President, Dekalb County Commission",,REP,Unverified Candidate 2,41
DeKalb,0028 COPELAND BRIDGE LIBERTY,"Public Service Commission, Place No. 1",,REP,Unverified Candidate 1,34
DeKalb,0028 COPELAND BRIDGE LIBERTY,"Public Service Commission, Place No. 1",,REP,Unverified Candidate 2,18
DeKalb,0028 COPELAND BRIDGE LIBERTY,"Public Service Commission, Place No. 2",,REP,Unverified Candidate 1,8
DeKalb,0028 COPELAND BRIDGE LIBERTY,"Public Service Commission, Place No. 2",,REP,Unverified Candidate 2,13
DeKalb,0028 COPELAND BRIDGE LIBERTY,"Public Service Commission, Place No. 2",,REP,Unverified Candidate 3,13
DeKalb,0028 COPELAND BRIDGE LIBERTY,"Public Service Commission, Place No. 2",,REP,Unverified Candidate 4,22
DeKalb,0028 COPELAND BRIDGE LIBERTY,Secretary of State,,REP,Unverified Candidate 1,35
DeKalb,0028 COPELAND BRIDGE LIBERTY,Secretary of State,,REP,Unverified Candidate 2,6
DeKalb,0028 COPELAND BRIDGE LIBERTY,Secretary of State,,REP,Unverified Candidate 3,11
DeKalb,0028 COPELAND BRIDGE LIBERTY,State Auditor,,REP,Unverified Candidate 1,13
DeKalb,0028 COPELAND BRIDGE LIBERTY,State Auditor,,REP,Unverified Candidate 2,44
DeKalb,0028 COPELAND BRIDGE LIBERTY,State Board of Education,8,REP,Unverified Candidate 1,27
DeKalb,0028 COPELAND BRIDGE LIBERTY,State Board of Education,8,REP,Unverified Candidate 2,14
DeKalb,0028 COPELAND BRIDGE LIBERTY,State Board of Education,8,REP,Unverified Candidate 3,13
DeKalb,0028 COPELAND BRIDGE LIBERTY,State Senate,10,REP,Unverified Candidate 1,25
DeKalb,0028 COPELAND BRIDGE LIBERTY,State Senate,10,REP,Unverified Candidate 2,11
DeKalb,0028 COPELAND BRIDGE LIBERTY,State Treasurer,,REP,Unverified Candidate 1,41
DeKalb,0028 COPELAND BRIDGE LIBERTY,State Treasurer,,REP,Unverified Candidate 2,15
DeKalb,0028 COPELAND BRIDGE LIBERTY,U.S. House,4,REP,Unverified Candidate 1,56
DeKalb,0028 COPELAND BRIDGE LIBERTY,U.S. House,4,REP,Unverified Candidate 2,14
DeKalb,0028 COPELAND BRIDGE LIBERTY,U.S. Senate,,REP,Unverified Candidate 1,1
DeKalb,0028 COPELAND BRIDGE LIBERTY,U.S. Senate,,REP,Unverified Candidate 2,0
DeKalb,0028 COPELAND BRIDGE LIBERTY,U.S. Senate,,REP,Unverified Candidate 3,14
DeKalb,0028 COPELAND BRIDGE LIBERTY,U.S. Senate,,REP,Unverified Candidate 4,25
DeKalb,0028 COPELAND BRIDGE LIBERTY,U.S. Senate,,REP,Unverified Candidate 5,25
DeKalb,0028 COPELAND BRIDGE LIBERTY,U.S. Senate,,REP,Unverified Candidate 6,1
DeKalb,0028 COPELAND BRIDGE LIBERTY,U.S. Senate,,REP,Unverified Candidate 7,0
DeKalb,0029 COLLINSVILLE NATL GUARD,Proposed Statewide Amendment 1,,,No,20
DeKalb,0029 COLLINSVILLE NATL GUARD,Proposed Statewide Amendment 1,,,Yes,137
DeKalb,0029 COLLINSVILLE NATL GUARD,Proposed Statewide Amendment 2,,,No,56
DeKalb,0029 COLLINSVILLE NATL GUARD,Proposed Statewide Amendment 2,,,Yes,86
DeKalb,0029 COLLINSVILLE NATL GUARD,Governor,,DEM,"Chad ""Chig"" Martin",3
DeKalb,0029 COLLINSVILLE NATL GUARD,Governor,,DEM,Doug Jones,29
DeKalb,0029 COLLINSVILLE NATL GUARD,Governor,,DEM,Jamel J. Brown,0
DeKalb,0029 COLLINSVILLE NATL GUARD,Governor,,DEM,"Nathan ""Nate"" Mathis",1
DeKalb,0029 COLLINSVILLE NATL GUARD,Governor,,DEM,Will Boyd,6
DeKalb,0029 COLLINSVILLE NATL GUARD,Governor,,DEM,Yolanda Rochelle Flowers,4
DeKalb,0029 COLLINSVILLE NATL GUARD,Lieutenant Governor,,DEM,Darryl D. Perryman,16
DeKalb,0029 COLLINSVILLE NATL GUARD,Lieutenant Governor,,DEM,Phillip Ensler,24
DeKalb,0029 COLLINSVILLE NATL GUARD,"Public Service Commission, Place No. 1",,DEM,James O. Gordon,21
DeKalb,0029 COLLINSVILLE NATL GUARD,"Public Service Commission, Place No. 1",,DEM,Jeff Ramsey,11
DeKalb,0029 COLLINSVILLE NATL GUARD,"Public Service Commission, Place No. 1",,DEM,John Northrop,7
DeKalb,0029 COLLINSVILLE NATL GUARD,U.S. House,4,DEM,Amanda N. Pusczek,22
DeKalb,0029 COLLINSVILLE NATL GUARD,U.S. House,4,DEM,Shane Weaver,10
DeKalb,0029 COLLINSVILLE NATL GUARD,U.S. Senate,,DEM,Dakarai Larriett,10
DeKalb,0029 COLLINSVILLE NATL GUARD,U.S. Senate,,DEM,Unverified Candidate 2,9
DeKalb,0029 COLLINSVILLE NATL GUARD,U.S. Senate,,DEM,Unverified Candidate 3,16
DeKalb,0029 COLLINSVILLE NATL GUARD,U.S. Senate,,DEM,Unverified Candidate 4,7
DeKalb,0029 COLLINSVILLE NATL GUARD,Attorney General,,REP,Unverified Candidate 1,34
DeKalb,0029 COLLINSVILLE NATL GUARD,Attorney General,,REP,Unverified Candidate 2,37
DeKalb,0029 COLLINSVILLE NATL GUARD,Attorney General,,REP,Unverified Candidate 3,36
DeKalb,0029 COLLINSVILLE NATL GUARD,Commissioner of Agriculture and Industries,,REP,Unverified Candidate 1,36
DeKalb,0029 COLLINSVILLE NATL GUARD,Commissioner of Agriculture and Industries,,REP,Unverified Candidate 2,28
DeKalb,0029 COLLINSVILLE NATL GUARD,Commissioner of Agriculture and Industries,,REP,Unverified Candidate 3,41
DeKalb,0029 COLLINSVILLE NATL GUARD,"Dekalb County Republican Executive Committee, At Lar",,REP,Unverified Candidate 1,61
DeKalb,0029 COLLINSVILLE NATL GUARD,"Dekalb County Republican Executive Committee, At Lar",,REP,Unverified Candidate 2,22
DeKalb,0029 COLLINSVILLE NATL GUARD,"Dekalb County Republican Executive Committee, At Lar",,REP,Unverified Candidate 3,21
DeKalb,0029 COLLINSVILLE NATL GUARD,Governor,,REP,Unverified Candidate 1,12
DeKalb,0029 COLLINSVILLE NATL GUARD,Governor,,REP,Unverified Candidate 2,8
DeKalb,0029 COLLINSVILLE NATL GUARD,Governor,,REP,Unverified Candidate 3,106
DeKalb,0029 COLLINSVILLE NATL GUARD,Lieutenant Governor,,REP,Unverified Candidate 1,44
DeKalb,0029 COLLINSVILLE NATL GUARD,Lieutenant Governor,,REP,Unverified Candidate 2,4
DeKalb,0029 COLLINSVILLE NATL GUARD,Lieutenant Governor,,REP,Unverified Candidate 3,2
DeKalb,0029 COLLINSVILLE NATL GUARD,Lieutenant Governor,,REP,Unverified Candidate 4,12
DeKalb,0029 COLLINSVILLE NATL GUARD,Lieutenant Governor,,REP,Unverified Candidate 5,0
DeKalb,0029 COLLINSVILLE NATL GUARD,Lieutenant Governor,,REP,Unverified Candidate 6,11
DeKalb,0029 COLLINSVILLE NATL GUARD,Lieutenant Governor,,REP,Unverified Candidate 7,37
DeKalb,0029 COLLINSVILLE NATL GUARD,"Member, Dekalb County Commission. District No. 3",,REP,Unverified Candidate 1,116
DeKalb,0029 COLLINSVILLE NATL GUARD,"Member, Dekalb County Commission. District No. 3",,REP,Unverified Candidate 2,9
DeKalb,0029 COLLINSVILLE NATL GUARD,"President, Dekalb County Commission",,REP,Unverified Candidate 1,40
DeKalb,0029 COLLINSVILLE NATL GUARD,"President, Dekalb County Commission",,REP,Unverified Candidate 2,69
DeKalb,0029 COLLINSVILLE NATL GUARD,"Public Service Commission, Place No. 1",,REP,Unverified Candidate 1,70
DeKalb,0029 COLLINSVILLE NATL GUARD,"Public Service Commission, Place No. 1",,REP,Unverified Candidate 2,28
DeKalb,0029 COLLINSVILLE NATL GUARD,"Public Service Commission, Place No. 2",,REP,Unverified Candidate 1,13
DeKalb,0029 COLLINSVILLE NATL GUARD,"Public Service Commission, Place No. 2",,REP,Unverified Candidate 2,25
DeKalb,0029 COLLINSVILLE NATL GUARD,"Public Service Commission, Place No. 2",,REP,Unverified Candidate 3,27
DeKalb,0029 COLLINSVILLE NATL GUARD,"Public Service Commission, Place No. 2",,REP,Unverified Candidate 4,39
DeKalb,0029 COLLINSVILLE NATL GUARD,Secretary of State,,REP,Unverified Candidate 1,58
DeKalb,0029 COLLINSVILLE NATL GUARD,Secretary of State,,REP,Unverified Candidate 2,25
DeKalb,0029 COLLINSVILLE NATL GUARD,Secretary of State,,REP,Unverified Candidate 3,21
DeKalb,0029 COLLINSVILLE NATL GUARD,State Auditor,,REP,Unverified Candidate 1,30
DeKalb,0029 COLLINSVILLE NATL GUARD,State Auditor,,REP,Unverified Candidate 2,72
DeKalb,0029 COLLINSVILLE NATL GUARD,State Board of Education,8,REP,Unverified Candidate 1,60
DeKalb,0029 COLLINSVILLE NATL GUARD,State Board of Education,8,REP,Unverified Candidate 2,23
DeKalb,0029 COLLINSVILLE NATL GUARD,State Board of Education,8,REP,Unverified Candidate 3,15
DeKalb,0029 COLLINSVILLE NATL GUARD,State Senate,10,REP,Unverified Candidate 1,75
DeKalb,0029 COLLINSVILLE NATL GUARD,State Senate,10,REP,Unverified Candidate 2,42
DeKalb,0029 COLLINSVILLE NATL GUARD,State Treasurer,,REP,Unverified Candidate 1,80
DeKalb,0029 COLLINSVILLE NATL GUARD,State Treasurer,,REP,Unverified Candidate 2,25
DeKalb,0029 COLLINSVILLE NATL GUARD,U.S. House,4,REP,Unverified Candidate 1,98
DeKalb,0029 COLLINSVILLE NATL GUARD,U.S. House,4,REP,Unverified Candidate 2,23
DeKalb,0029 COLLINSVILLE NATL GUARD,U.S. Senate,,REP,Unverified Candidate 1,3
DeKalb,0029 COLLINSVILLE NATL GUARD,U.S. Senate,,REP,Unverified Candidate 2,2
DeKalb,0029 COLLINSVILLE NATL GUARD,U.S. Senate,,REP,Unverified Candidate 3,35
DeKalb,0029 COLLINSVILLE NATL GUARD,U.S. Senate,,REP,Unverified Candidate 4,44
DeKalb,0029 COLLINSVILLE NATL GUARD,U.S. Senate,,REP,Unverified Candidate 5,24
DeKalb,0029 COLLINSVILLE NATL GUARD,U.S. Senate,,REP,Unverified Candidate 6,1
DeKalb,0029 COLLINSVILLE NATL GUARD,U.S. Senate,,REP,Unverified Candidate 7,7
DeKalb,0030 PORTERSVILLE BAPT CH,Proposed Statewide Amendment 1,,,No,9
DeKalb,0030 PORTERSVILLE BAPT CH,Proposed Statewide Amendment 1,,,Yes,67
DeKalb,0030 PORTERSVILLE BAPT CH,Proposed Statewide Amendment 2,,,No,42
DeKalb,0030 PORTERSVILLE BAPT CH,Proposed Statewide Amendment 2,,,Yes,33
DeKalb,0030 PORTERSVILLE BAPT CH,Governor,,DEM,"Chad ""Chig"" Martin",1
DeKalb,0030 PORTERSVILLE BAPT CH,Governor,,DEM,Doug Jones,5
DeKalb,0030 PORTERSVILLE BAPT CH,Governor,,DEM,Jamel J. Brown,0
DeKalb,0030 PORTERSVILLE BAPT CH,Governor,,DEM,"Nathan ""Nate"" Mathis",0
DeKalb,0030 PORTERSVILLE BAPT CH,Governor,,DEM,Will Boyd,2
DeKalb,0030 PORTERSVILLE BAPT CH,Governor,,DEM,Yolanda Rochelle Flowers,2
DeKalb,0030 PORTERSVILLE BAPT CH,Lieutenant Governor,,DEM,Darryl D. Perryman,3
DeKalb,0030 PORTERSVILLE BAPT CH,Lieutenant Governor,,DEM,Phillip Ensler,7
DeKalb,0030 PORTERSVILLE BAPT CH,"Public Service Commission, Place No. 1",,DEM,James O. Gordon,4
DeKalb,0030 PORTERSVILLE BAPT CH,"Public Service Commission, Place No. 1",,DEM,Jeff Ramsey,3
DeKalb,0030 PORTERSVILLE BAPT CH,"Public Service Commission, Place No. 1",,DEM,John Northrop,3
DeKalb,0030 PORTERSVILLE BAPT CH,U.S. House,4,DEM,Amanda N. Pusczek,8
DeKalb,0030 PORTERSVILLE BAPT CH,U.S. House,4,DEM,Shane Weaver,2
DeKalb,0030 PORTERSVILLE BAPT CH,U.S. Senate,,DEM,Dakarai Larriett,0
DeKalb,0030 PORTERSVILLE BAPT CH,U.S. Senate,,DEM,Unverified Candidate 2,1
DeKalb,0030 PORTERSVILLE BAPT CH,U.S. Senate,,DEM,Unverified Candidate 3,2
DeKalb,0030 PORTERSVILLE BAPT CH,U.S. Senate,,DEM,Unverified Candidate 4,7
DeKalb,0030 PORTERSVILLE BAPT CH,Attorney General,,REP,Unverified Candidate 1,21
DeKalb,0030 PORTERSVILLE BAPT CH,Attorney General,,REP,Unverified Candidate 2,27
DeKalb,0030 PORTERSVILLE BAPT CH,Attorney General,,REP,Unverified Candidate 3,12
DeKalb,0030 PORTERSVILLE BAPT CH,Commissioner of Agriculture and Industries,,REP,Unverified Candidate 1,21
DeKalb,0030 PORTERSVILLE BAPT CH,Commissioner of Agriculture and Industries,,REP,Unverified Candidate 2,17
DeKalb,0030 PORTERSVILLE BAPT CH,Commissioner of Agriculture and Industries,,REP,Unverified Candidate 3,24
DeKalb,0030 PORTERSVILLE BAPT CH,"Dekalb County Republican Executive Committee, At Lar",,REP,Unverified Candidate 1,33
DeKalb,0030 PORTERSVILLE BAPT CH,"Dekalb County Republican Executive Committee, At Lar",,REP,Unverified Candidate 2,14
DeKalb,0030 PORTERSVILLE BAPT CH,"Dekalb County Republican Executive Committee, At Lar",,REP,Unverified Candidate 3,14
DeKalb,0030 PORTERSVILLE BAPT CH,Governor,,REP,Unverified Candidate 1,6
DeKalb,0030 PORTERSVILLE BAPT CH,Governor,,REP,Unverified Candidate 2,1
DeKalb,0030 PORTERSVILLE BAPT CH,Governor,,REP,Unverified Candidate 3,57
DeKalb,0030 PORTERSVILLE BAPT CH,Lieutenant Governor,,REP,Unverified Candidate 1,21
DeKalb,0030 PORTERSVILLE BAPT CH,Lieutenant Governor,,REP,Unverified Candidate 2,4
DeKalb,0030 PORTERSVILLE BAPT CH,Lieutenant Governor,,REP,Unverified Candidate 3,2
DeKalb,0030 PORTERSVILLE BAPT CH,Lieutenant Governor,,REP,Unverified Candidate 4,7
DeKalb,0030 PORTERSVILLE BAPT CH,Lieutenant Governor,,REP,Unverified Candidate 5,1
DeKalb,0030 PORTERSVILLE BAPT CH,Lieutenant Governor,,REP,Unverified Candidate 6,2
DeKalb,0030 PORTERSVILLE BAPT CH,Lieutenant Governor,,REP,Unverified Candidate 7,26
DeKalb,0030 PORTERSVILLE BAPT CH,"Member, Dekalb County Commission. District No. 3",,REP,Unverified Candidate 1,43
DeKalb,0030 PORTERSVILLE BAPT CH,"Member, Dekalb County Commission. District No. 3",,REP,Unverified Candidate 2,22
DeKalb,0030 PORTERSVILLE BAPT CH,"President, Dekalb County Commission",,REP,Unverified Candidate 1,19
DeKalb,0030 PORTERSVILLE BAPT CH,"President, Dekalb County Commission",,REP,Unverified Candidate 2,45
DeKalb,0030 PORTERSVILLE BAPT CH,"Public Service Commission, Place No. 1",,REP,Unverified Candidate 1,34
DeKalb,0030 PORTERSVILLE BAPT CH,"Public Service Commission, Place No. 1",,REP,Unverified Candidate 2,25
DeKalb,0030 PORTERSVILLE BAPT CH,"Public Service Commission, Place No. 2",,REP,Unverified Candidate 1,7
DeKalb,0030 PORTERSVILLE BAPT CH,"Public Service Commission, Place No. 2",,REP,Unverified Candidate 2,9
DeKalb,0030 PORTERSVILLE BAPT CH,"Public Service Commission, Place No. 2",,REP,Unverified Candidate 3,24
DeKalb,0030 PORTERSVILLE BAPT CH,"Public Service Commission, Place No. 2",,REP,Unverified Candidate 4,18
DeKalb,0030 PORTERSVILLE BAPT CH,Secretary of State,,REP,Unverified Candidate 1,41
DeKalb,0030 PORTERSVILLE BAPT CH,Secretary of State,,REP,Unverified Candidate 2,9
DeKalb,0030 PORTERSVILLE BAPT CH,Secretary of State,,REP,Unverified Candidate 3,8
DeKalb,0030 PORTERSVILLE BAPT CH,State Auditor,,REP,Unverified Candidate 1,18
DeKalb,0030 PORTERSVILLE BAPT CH,State Auditor,,REP,Unverified Candidate 2,43
DeKalb,0030 PORTERSVILLE BAPT CH,State Board of Education,8,REP,Unverified Candidate 1,23
DeKalb,0030 PORTERSVILLE BAPT CH,State Board of Education,8,REP,Unverified Candidate 2,20
DeKalb,0030 PORTERSVILLE BAPT CH,State Board of Education,8,REP,Unverified Candidate 3,12
DeKalb,0030 PORTERSVILLE BAPT CH,State Treasurer,,REP,Unverified Candidate 1,34
DeKalb,0030 PORTERSVILLE BAPT CH,State Treasurer,,REP,Unverified Candidate 2,24
DeKalb,0030 PORTERSVILLE BAPT CH,U.S. House,4,REP,Unverified Candidate 1,46
DeKalb,0030 PORTERSVILLE BAPT CH,U.S. House,4,REP,Unverified Candidate 2,18
DeKalb,0030 PORTERSVILLE BAPT CH,U.S. Senate,,REP,Unverified Candidate 1,3
DeKalb,0030 PORTERSVILLE BAPT CH,U.S. Senate,,REP,Unverified Candidate 2,0
DeKalb,0030 PORTERSVILLE BAPT CH,U.S. Senate,,REP,Unverified Candidate 3,16
DeKalb,0030 PORTERSVILLE BAPT CH,U.S. Senate,,REP,Unverified Candidate 4,17
DeKalb,0030 PORTERSVILLE BAPT CH,U.S. Senate,,REP,Unverified Candidate 5,29
DeKalb,0030 PORTERSVILLE BAPT CH,U.S. Senate,,REP,Unverified Candidate 6,0
DeKalb,0030 PORTERSVILLE BAPT CH,U.S. Senate,,REP,Unverified Candidate 7,2
DeKalb,0031 LEBANON CHAPEL,Proposed Statewide Amendment 1,,,No,16
DeKalb,0031 LEBANON CHAPEL,Proposed Statewide Amendment 1,,,Yes,42
DeKalb,0031 LEBANON CHAPEL,Proposed Statewide Amendment 2,,,No,18
DeKalb,0031 LEBANON CHAPEL,Proposed Statewide Amendment 2,,,Yes,41
DeKalb,0031 LEBANON CHAPEL,Governor,,DEM,"Chad ""Chig"" Martin",0
DeKalb,0031 LEBANON CHAPEL,Governor,,DEM,Doug Jones,8
DeKalb,0031 LEBANON CHAPEL,Governor,,DEM,Jamel J. Brown,1
DeKalb,0031 LEBANON CHAPEL,Governor,,DEM,"Nathan ""Nate"" Mathis",0
DeKalb,0031 LEBANON CHAPEL,Governor,,DEM,Will Boyd,4
DeKalb,0031 LEBANON CHAPEL,Governor,,DEM,Yolanda Rochelle Flowers,1
DeKalb,0031 LEBANON CHAPEL,Lieutenant Governor,,DEM,Darryl D. Perryman,4
DeKalb,0031 LEBANON CHAPEL,Lieutenant Governor,,DEM,Phillip Ensler,9
DeKalb,0031 LEBANON CHAPEL,"Public Service Commission, Place No. 1",,DEM,James O. Gordon,7
DeKalb,0031 LEBANON CHAPEL,"Public Service Commission, Place No. 1",,DEM,Jeff Ramsey,2
DeKalb,0031 LEBANON CHAPEL,"Public Service Commission, Place No. 1",,DEM,John Northrop,5
DeKalb,0031 LEBANON CHAPEL,U.S. House,4,DEM,Amanda N. Pusczek,6
DeKalb,0031 LEBANON CHAPEL,U.S. House,4,DEM,Shane Weaver,6
DeKalb,0031 LEBANON CHAPEL,U.S. Senate,,DEM,Dakarai Larriett,2
DeKalb,0031 LEBANON CHAPEL,U.S. Senate,,DEM,Unverified Candidate 2,3
DeKalb,0031 LEBANON CHAPEL,U.S. Senate,,DEM,Unverified Candidate 3,6
DeKalb,0031 LEBANON CHAPEL,U.S. Senate,,DEM,Unverified Candidate 4,3
DeKalb,0031 LEBANON CHAPEL,Attorney General,,REP,Unverified Candidate 1,7
DeKalb,0031 LEBANON CHAPEL,Attorney General,,REP,Unverified Candidate 2,22
DeKalb,0031 LEBANON CHAPEL,Attorney General,,REP,Unverified Candidate 3,11
DeKalb,0031 LEBANON CHAPEL,Commissioner of Agriculture and Industries,,REP,Unverified Candidate 1,12
DeKalb,0031 LEBANON CHAPEL,Commissioner of Agriculture and Industries,,REP,Unverified Candidate 2,10
DeKalb,0031 LEBANON CHAPEL,Commissioner of Agriculture and Industries,,REP,Unverified Candidate 3,19
DeKalb,0031 LEBANON CHAPEL,"Dekalb County Republican Executive Committee, At Lar",,REP,Unverified Candidate 1,20
DeKalb,0031 LEBANON CHAPEL,"Dekalb County Republican Executive Committee, At Lar",,REP,Unverified Candidate 2,19
DeKalb,0031 LEBANON CHAPEL,"Dekalb County Republican Executive Committee, At Lar",,REP,Unverified Candidate 3,1
DeKalb,0031 LEBANON CHAPEL,Governor,,REP,Unverified Candidate 1,5
DeKalb,0031 LEBANON CHAPEL,Governor,,REP,Unverified Candidate 2,6
DeKalb,0031 LEBANON CHAPEL,Governor,,REP,Unverified Candidate 3,33
DeKalb,0031 LEBANON CHAPEL,Lieutenant Governor,,REP,Unverified Candidate 1,13
DeKalb,0031 LEBANON CHAPEL,Lieutenant Governor,,REP,Unverified Candidate 2,0
DeKalb,0031 LEBANON CHAPEL,Lieutenant Governor,,REP,Unverified Candidate 3,2
DeKalb,0031 LEBANON CHAPEL,Lieutenant Governor,,REP,Unverified Candidate 4,3
DeKalb,0031 LEBANON CHAPEL,Lieutenant Governor,,REP,Unverified Candidate 5,0
DeKalb,0031 LEBANON CHAPEL,Lieutenant Governor,,REP,Unverified Candidate 6,0
DeKalb,0031 LEBANON CHAPEL,Lieutenant Governor,,REP,Unverified Candidate 7,26
DeKalb,0031 LEBANON CHAPEL,"Member, Dekalb County Commission. District No. 3",,REP,Unverified Candidate 1,27
DeKalb,0031 LEBANON CHAPEL,"Member, Dekalb County Commission. District No. 3",,REP,Unverified Candidate 2,16
DeKalb,0031 LEBANON CHAPEL,"President, Dekalb County Commission",,REP,Unverified Candidate 1,6
DeKalb,0031 LEBANON CHAPEL,"President, Dekalb County Commission",,REP,Unverified Candidate 2,38
DeKalb,0031 LEBANON CHAPEL,"Public Service Commission, Place No. 1",,REP,Unverified Candidate 1,25
DeKalb,0031 LEBANON CHAPEL,"Public Service Commission, Place No. 1",,REP,Unverified Candidate 2,12
DeKalb,0031 LEBANON CHAPEL,"Public Service Commission, Place No. 2",,REP,Unverified Candidate 1,7
DeKalb,0031 LEBANON CHAPEL,"Public Service Commission, Place No. 2",,REP,Unverified Candidate 2,9
DeKalb,0031 LEBANON CHAPEL,"Public Service Commission, Place No. 2",,REP,Unverified Candidate 3,8
DeKalb,0031 LEBANON CHAPEL,"Public Service Commission, Place No. 2",,REP,Unverified Candidate 4,14
DeKalb,0031 LEBANON CHAPEL,Secretary of State,,REP,Unverified Candidate 1,29
DeKalb,0031 LEBANON CHAPEL,Secretary of State,,REP,Unverified Candidate 2,6
DeKalb,0031 LEBANON CHAPEL,Secretary of State,,REP,Unverified Candidate 3,5
DeKalb,0031 LEBANON CHAPEL,State Auditor,,REP,Unverified Candidate 1,8
DeKalb,0031 LEBANON CHAPEL,State Auditor,,REP,Unverified Candidate 2,32
DeKalb,0031 LEBANON CHAPEL,State Board of Education,8,REP,Unverified Candidate 1,14
DeKalb,0031 LEBANON CHAPEL,State Board of Education,8,REP,Unverified Candidate 2,18
DeKalb,0031 LEBANON CHAPEL,State Board of Education,8,REP,Unverified Candidate 3,3
DeKalb,0031 LEBANON CHAPEL,State Treasurer,,REP,Unverified Candidate 1,25
DeKalb,0031 LEBANON CHAPEL,State Treasurer,,REP,Unverified Candidate 2,15
DeKalb,0031 LEBANON CHAPEL,U.S. House,4,REP,Unverified Candidate 1,34
DeKalb,0031 LEBANON CHAPEL,U.S. House,4,REP,Unverified Candidate 2,12
DeKalb,0031 LEBANON CHAPEL,U.S. Senate,,REP,Unverified Candidate 1,1
DeKalb,0031 LEBANON CHAPEL,U.S. Senate,,REP,Unverified Candidate 2,0
DeKalb,0031 LEBANON CHAPEL,U.S. Senate,,REP,Unverified Candidate 3,15
DeKalb,0031 LEBANON CHAPEL,U.S. Senate,,REP,Unverified Candidate 4,13
DeKalb,0031 LEBANON CHAPEL,U.S. Senate,,REP,Unverified Candidate 5,16
DeKalb,0031 LEBANON CHAPEL,U.S. Senate,,REP,Unverified Candidate 6,0
DeKalb,0031 LEBANON CHAPEL,U.S. Senate,,REP,Unverified Candidate 7,0
DeKalb,0032 PINE RIDGE COMM D-3,Proposed Statewide Amendment 1,,,No,5
DeKalb,0032 PINE RIDGE COMM D-3,Proposed Statewide Amendment 1,,,Yes,33
DeKalb,0032 PINE RIDGE COMM D-3,Proposed Statewide Amendment 2,,,No,21
DeKalb,0032 PINE RIDGE COMM D-3,Proposed Statewide Amendment 2,,,Yes,17
DeKalb,0032 PINE RIDGE COMM D-3,Governor,,DEM,"Chad ""Chig"" Martin",2
DeKalb,0032 PINE RIDGE COMM D-3,Governor,,DEM,Doug Jones,2
DeKalb,0032 PINE RIDGE COMM D-3,Governor,,DEM,Jamel J. Brown,0
DeKalb,0032 PINE RIDGE COMM D-3,Governor,,DEM,"Nathan ""Nate"" Mathis",0
DeKalb,0032 PINE RIDGE COMM D-3,Governor,,DEM,Will Boyd,2
DeKalb,0032 PINE RIDGE COMM D-3,Governor,,DEM,Yolanda Rochelle Flowers,0
DeKalb,0032 PINE RIDGE COMM D-3,Lieutenant Governor,,DEM,Darryl D. Perryman,3
DeKalb,0032 PINE RIDGE COMM D-3,Lieutenant Governor,,DEM,Phillip Ensler,2
DeKalb,0032 PINE RIDGE COMM D-3,"Public Service Commission, Place No. 1",,DEM,James O. Gordon,1
DeKalb,0032 PINE RIDGE COMM D-3,"Public Service Commission, Place No. 1",,DEM,Jeff Ramsey,5
DeKalb,0032 PINE RIDGE COMM D-3,"Public Service Commission, Place No. 1",,DEM,John Northrop,0
DeKalb,0032 PINE RIDGE COMM D-3,U.S. House,4,DEM,Amanda N. Pusczek,3
DeKalb,0032 PINE RIDGE COMM D-3,U.S. House,4,DEM,Shane Weaver,3
DeKalb,0032 PINE RIDGE COMM D-3,U.S. Senate,,DEM,Dakarai Larriett,3
DeKalb,0032 PINE RIDGE COMM D-3,U.S. Senate,,DEM,Unverified Candidate 2,2
DeKalb,0032 PINE RIDGE COMM D-3,U.S. Senate,,DEM,Unverified Candidate 3,0
DeKalb,0032 PINE RIDGE COMM D-3,U.S. Senate,,DEM,Unverified Candidate 4,1
DeKalb,0032 PINE RIDGE COMM D-3,Attorney General,,REP,Unverified Candidate 1,13
DeKalb,0032 PINE RIDGE COMM D-3,Attorney General,,REP,Unverified Candidate 2,2
DeKalb,0032 PINE RIDGE COMM D-3,Attorney General,,REP,Unverified Candidate 3,14
DeKalb,0032 PINE RIDGE COMM D-3,Commissioner of Agriculture and Industries,,REP,Unverified Candidate 1,11
DeKalb,0032 PINE RIDGE COMM D-3,Commissioner of Agriculture and Industries,,REP,Unverified Candidate 2,10
DeKalb,0032 PINE RIDGE COMM D-3,Commissioner of Agriculture and Industries,,REP,Unverified Candidate 3,9
DeKalb,0032 PINE RIDGE COMM D-3,"Dekalb County Republican Executive Committee, At Lar",,REP,Unverified Candidate 1,14
DeKalb,0032 PINE RIDGE COMM D-3,"Dekalb County Republican Executive Committee, At Lar",,REP,Unverified Candidate 2,13
DeKalb,0032 PINE RIDGE COMM D-3,"Dekalb County Republican Executive Committee, At Lar",,REP,Unverified Candidate 3,4
DeKalb,0032 PINE RIDGE COMM D-3,Governor,,REP,Unverified Candidate 1,6
DeKalb,0032 PINE RIDGE COMM D-3,Governor,,REP,Unverified Candidate 2,0
DeKalb,0032 PINE RIDGE COMM D-3,Governor,,REP,Unverified Candidate 3,25
DeKalb,0032 PINE RIDGE COMM D-3,Lieutenant Governor,,REP,Unverified Candidate 1,7
DeKalb,0032 PINE RIDGE COMM D-3,Lieutenant Governor,,REP,Unverified Candidate 2,1
DeKalb,0032 PINE RIDGE COMM D-3,Lieutenant Governor,,REP,Unverified Candidate 3,2
DeKalb,0032 PINE RIDGE COMM D-3,Lieutenant Governor,,REP,Unverified Candidate 4,1
DeKalb,0032 PINE RIDGE COMM D-3,Lieutenant Governor,,REP,Unverified Candidate 5,1
DeKalb,0032 PINE RIDGE COMM D-3,Lieutenant Governor,,REP,Unverified Candidate 6,4
DeKalb,0032 PINE RIDGE COMM D-3,Lieutenant Governor,,REP,Unverified Candidate 7,13
DeKalb,0032 PINE RIDGE COMM D-3,"Member, Dekalb County Commission. District No. 3",,REP,Unverified Candidate 1,19
DeKalb,0032 PINE RIDGE COMM D-3,"Member, Dekalb County Commission. District No. 3",,REP,Unverified Candidate 2,13
DeKalb,0032 PINE RIDGE COMM D-3,"President, Dekalb County Commission",,REP,Unverified Candidate 1,8
DeKalb,0032 PINE RIDGE COMM D-3,"President, Dekalb County Commission",,REP,Unverified Candidate 2,23
DeKalb,0032 PINE RIDGE COMM D-3,"Public Service Commission, Place No. 1",,REP,Unverified Candidate 1,14
DeKalb,0032 PINE RIDGE COMM D-3,"Public Service Commission, Place No. 1",,REP,Unverified Candidate 2,10
DeKalb,0032 PINE RIDGE COMM D-3,"Public Service Commission, Place No. 2",,REP,Unverified Candidate 1,7
DeKalb,0032 PINE RIDGE COMM D-3,"Public Service Commission, Place No. 2",,REP,Unverified Candidate 2,9
DeKalb,0032 PINE RIDGE COMM D-3,"Public Service Commission, Place No. 2",,REP,Unverified Candidate 3,5
DeKalb,0032 PINE RIDGE COMM D-3,"Public Service Commission, Place No. 2",,REP,Unverified Candidate 4,6
DeKalb,0032 PINE RIDGE COMM D-3,Secretary of State,,REP,Unverified Candidate 1,17
DeKalb,0032 PINE RIDGE COMM D-3,Secretary of State,,REP,Unverified Candidate 2,6
DeKalb,0032 PINE RIDGE COMM D-3,Secretary of State,,REP,Unverified Candidate 3,6
DeKalb,0032 PINE RIDGE COMM D-3,State Auditor,,REP,Unverified Candidate 1,10
DeKalb,0032 PINE RIDGE COMM D-3,State Auditor,,REP,Unverified Candidate 2,16
DeKalb,0032 PINE RIDGE COMM D-3,State Board of Education,8,REP,Unverified Candidate 1,12
DeKalb,0032 PINE RIDGE COMM D-3,State Board of Education,8,REP,Unverified Candidate 2,8
DeKalb,0032 PINE RIDGE COMM D-3,State Board of Education,8,REP,Unverified Candidate 3,7
DeKalb,0032 PINE RIDGE COMM D-3,State Treasurer,,REP,Unverified Candidate 1,13
DeKalb,0032 PINE RIDGE COMM D-3,State Treasurer,,REP,Unverified Candidate 2,15
DeKalb,0032 PINE RIDGE COMM D-3,U.S. House,4,REP,Unverified Candidate 1,17
DeKalb,0032 PINE RIDGE COMM D-3,U.S. House,4,REP,Unverified Candidate 2,13
DeKalb,0032 PINE RIDGE COMM D-3,U.S. Senate,,REP,Unverified Candidate 1,0
DeKalb,0032 PINE RIDGE COMM D-3,U.S. Senate,,REP,Unverified Candidate 2,0
DeKalb,0032 PINE RIDGE COMM D-3,U.S. Senate,,REP,Unverified Candidate 3,5
DeKalb,0032 PINE RIDGE COMM D-3,U.S. Senate,,REP,Unverified Candidate 4,7
DeKalb,0032 PINE RIDGE COMM D-3,U.S. Senate,,REP,Unverified Candidate 5,16
DeKalb,0032 PINE RIDGE COMM D-3,U.S. Senate,,REP,Unverified Candidate 6,1
DeKalb,0032 PINE RIDGE COMM D-3,U.S. Senate,,REP,Unverified Candidate 7,0
DeKalb,0033 FORT PAYNE SENIOR CTR,Proposed Statewide Amendment 1,,,No,62
DeKalb,0033 FORT PAYNE SENIOR CTR,Proposed Statewide Amendment 1,,,Yes,288
DeKalb,0033 FORT PAYNE SENIOR CTR,Proposed Statewide Amendment 2,,,No,178
DeKalb,0033 FORT PAYNE SENIOR CTR,Proposed Statewide Amendment 2,,,Yes,163
DeKalb,0033 FORT PAYNE SENIOR CTR,Governor,,DEM,"Chad ""Chig"" Martin",2
DeKalb,0033 FORT PAYNE SENIOR CTR,Governor,,DEM,Doug Jones,61
DeKalb,0033 FORT PAYNE SENIOR CTR,Governor,,DEM,Jamel J. Brown,1
DeKalb,0033 FORT PAYNE SENIOR CTR,Governor,,DEM,"Nathan ""Nate"" Mathis",0
DeKalb,0033 FORT PAYNE SENIOR CTR,Governor,,DEM,Will Boyd,15
DeKalb,0033 FORT PAYNE SENIOR CTR,Governor,,DEM,Yolanda Rochelle Flowers,6
DeKalb,0033 FORT PAYNE SENIOR CTR,Lieutenant Governor,,DEM,Darryl D. Perryman,27
DeKalb,0033 FORT PAYNE SENIOR CTR,Lieutenant Governor,,DEM,Phillip Ensler,49
DeKalb,0033 FORT PAYNE SENIOR CTR,"Public Service Commission, Place No. 1",,DEM,James O. Gordon,25
DeKalb,0033 FORT PAYNE SENIOR CTR,"Public Service Commission, Place No. 1",,DEM,Jeff Ramsey,24
DeKalb,0033 FORT PAYNE SENIOR CTR,"Public Service Commission, Place No. 1",,DEM,John Northrop,24
DeKalb,0033 FORT PAYNE SENIOR CTR,U.S. House,4,DEM,Amanda N. Pusczek,49
DeKalb,0033 FORT PAYNE SENIOR CTR,U.S. House,4,DEM,Shane Weaver,24
DeKalb,0033 FORT PAYNE SENIOR CTR,U.S. Senate,,DEM,Dakarai Larriett,26
DeKalb,0033 FORT PAYNE SENIOR CTR,U.S. Senate,,DEM,Unverified Candidate 2,17
DeKalb,0033 FORT PAYNE SENIOR CTR,U.S. Senate,,DEM,Unverified Candidate 3,14
DeKalb,0033 FORT PAYNE SENIOR CTR,U.S. Senate,,DEM,Unverified Candidate 4,17
DeKalb,0033 FORT PAYNE SENIOR CTR,Attorney General,,REP,Unverified Candidate 1,64
DeKalb,0033 FORT PAYNE SENIOR CTR,Attorney General,,REP,Unverified Candidate 2,80
DeKalb,0033 FORT PAYNE SENIOR CTR,Attorney General,,REP,Unverified Candidate 3,104
DeKalb,0033 FORT PAYNE SENIOR CTR,Commissioner of Agriculture and Industries,,REP,Unverified Candidate 1,96
DeKalb,0033 FORT PAYNE SENIOR CTR,Commissioner of Agriculture and Industries,,REP,Unverified Candidate 2,59
DeKalb,0033 FORT PAYNE SENIOR CTR,Commissioner of Agriculture and Industries,,REP,Unverified Candidate 3,83
DeKalb,0033 FORT PAYNE SENIOR CTR,"Dekalb County Republican Executive Committee, At Lar",,REP,Unverified Candidate 1,112
DeKalb,0033 FORT PAYNE SENIOR CTR,"Dekalb County Republican Executive Committee, At Lar",,REP,Unverified Candidate 2,69
DeKalb,0033 FORT PAYNE SENIOR CTR,"Dekalb County Republican Executive Committee, At Lar",,REP,Unverified Candidate 3,70
DeKalb,0033 FORT PAYNE SENIOR CTR,Governor,,REP,Unverified Candidate 1,26
DeKalb,0033 FORT PAYNE SENIOR CTR,Governor,,REP,Unverified Candidate 2,11
DeKalb,0033 FORT PAYNE SENIOR CTR,Governor,,REP,Unverified Candidate 3,242
DeKalb,0033 FORT PAYNE SENIOR CTR,Lieutenant Governor,,REP,Unverified Candidate 1,85
DeKalb,0033 FORT PAYNE SENIOR CTR,Lieutenant Governor,,REP,Unverified Candidate 2,4
DeKalb,0033 FORT PAYNE SENIOR CTR,Lieutenant Governor,,REP,Unverified Candidate 3,2
DeKalb,0033 FORT PAYNE SENIOR CTR,Lieutenant Governor,,REP,Unverified Candidate 4,29
DeKalb,0033 FORT PAYNE SENIOR CTR,Lieutenant Governor,,REP,Unverified Candidate 5,3
DeKalb,0033 FORT PAYNE SENIOR CTR,Lieutenant Governor,,REP,Unverified Candidate 6,10
DeKalb,0033 FORT PAYNE SENIOR CTR,Lieutenant Governor,,REP,Unverified Candidate 7,126
DeKalb,0033 FORT PAYNE SENIOR CTR,"Member, Dekalb County Commission. District No. 3",,REP,Unverified Candidate 1,105
DeKalb,0033 FORT PAYNE SENIOR CTR,"Member, Dekalb County Commission. District No. 3",,REP,Unverified Candidate 2,166
DeKalb,0033 FORT PAYNE SENIOR CTR,"President, Dekalb County Commission",,REP,Unverified Candidate 1,42
DeKalb,0033 FORT PAYNE SENIOR CTR,"President, Dekalb County Commission",,REP,Unverified Candidate 2,236
DeKalb,0033 FORT PAYNE SENIOR CTR,"Public Service Commission, Place No. 1",,REP,Unverified Candidate 1,160
DeKalb,0033 FORT PAYNE SENIOR CTR,"Public Service Commission, Place No. 1",,REP,Unverified Candidate 2,56
DeKalb,0033 FORT PAYNE SENIOR CTR,"Public Service Commission, Place No. 2",,REP,Unverified Candidate 1,14
DeKalb,0033 FORT PAYNE SENIOR CTR,"Public Service Commission, Place No. 2",,REP,Unverified Candidate 2,61
DeKalb,0033 FORT PAYNE SENIOR CTR,"Public Service Commission, Place No. 2",,REP,Unverified Candidate 3,57
DeKalb,0033 FORT PAYNE SENIOR CTR,"Public Service Commission, Place No. 2",,REP,Unverified Candidate 4,82
DeKalb,0033 FORT PAYNE SENIOR CTR,Secretary of State,,REP,Unverified Candidate 1,123
DeKalb,0033 FORT PAYNE SENIOR CTR,Secretary of State,,REP,Unverified Candidate 2,64
DeKalb,0033 FORT PAYNE SENIOR CTR,Secretary of State,,REP,Unverified Candidate 3,38
DeKalb,0033 FORT PAYNE SENIOR CTR,State Auditor,,REP,Unverified Candidate 1,70
DeKalb,0033 FORT PAYNE SENIOR CTR,State Auditor,,REP,Unverified Candidate 2,164
DeKalb,0033 FORT PAYNE SENIOR CTR,State Board of Education,8,REP,Unverified Candidate 1,120
DeKalb,0033 FORT PAYNE SENIOR CTR,State Board of Education,8,REP,Unverified Candidate 2,60
DeKalb,0033 FORT PAYNE SENIOR CTR,State Board of Education,8,REP,Unverified Candidate 3,43
DeKalb,0033 FORT PAYNE SENIOR CTR,State Treasurer,,REP,Unverified Candidate 1,158
DeKalb,0033 FORT PAYNE SENIOR CTR,State Treasurer,,REP,Unverified Candidate 2,74
DeKalb,0033 FORT PAYNE SENIOR CTR,U.S. House,4,REP,Unverified Candidate 1,176
DeKalb,0033 FORT PAYNE SENIOR CTR,U.S. House,4,REP,Unverified Candidate 2,97
DeKalb,0033 FORT PAYNE SENIOR CTR,U.S. Senate,,REP,Unverified Candidate 1,5
DeKalb,0033 FORT PAYNE SENIOR CTR,U.S. Senate,,REP,Unverified Candidate 2,2
DeKalb,0033 FORT PAYNE SENIOR CTR,U.S. Senate,,REP,Unverified Candidate 3,96
DeKalb,0033 FORT PAYNE SENIOR CTR,U.S. Senate,,REP,Unverified Candidate 4,69
DeKalb,0033 FORT PAYNE SENIOR CTR,U.S. Senate,,REP,Unverified Candidate 5,102
DeKalb,0033 FORT PAYNE SENIOR CTR,U.S. Senate,,REP,Unverified Candidate 6,1
DeKalb,0033 FORT PAYNE SENIOR CTR,U.S. Senate,,REP,Unverified Candidate 7,2
DeKalb,0034 VFW POST #3128,Proposed Statewide Amendment 1,,,No,32
DeKalb,0034 VFW POST #3128,Proposed Statewide Amendment 1,,,Yes,220
DeKalb,0034 VFW POST #3128,Proposed Statewide Amendment 2,,,No,112
DeKalb,0034 VFW POST #3128,Proposed Statewide Amendment 2,,,Yes,127
DeKalb,0034 VFW POST #3128,Governor,,DEM,"Chad ""Chig"" Martin",2
DeKalb,0034 VFW POST #3128,Governor,,DEM,Doug Jones,46
DeKalb,0034 VFW POST #3128,Governor,,DEM,Jamel J. Brown,3
DeKalb,0034 VFW POST #3128,Governor,,DEM,"Nathan ""Nate"" Mathis",0
DeKalb,0034 VFW POST #3128,Governor,,DEM,Will Boyd,25
DeKalb,0034 VFW POST #3128,Governor,,DEM,Yolanda Rochelle Flowers,7
DeKalb,0034 VFW POST #3128,Lieutenant Governor,,DEM,Darryl D. Perryman,33
DeKalb,0034 VFW POST #3128,Lieutenant Governor,,DEM,Phillip Ensler,46
DeKalb,0034 VFW POST #3128,"Public Service Commission, Place No. 1",,DEM,James O. Gordon,26
DeKalb,0034 VFW POST #3128,"Public Service Commission, Place No. 1",,DEM,Jeff Ramsey,27
DeKalb,0034 VFW POST #3128,"Public Service Commission, Place No. 1",,DEM,John Northrop,25
DeKalb,0034 VFW POST #3128,U.S. House,4,DEM,Amanda N. Pusczek,50
DeKalb,0034 VFW POST #3128,U.S. House,4,DEM,Shane Weaver,28
DeKalb,0034 VFW POST #3128,U.S. Senate,,DEM,Dakarai Larriett,28
DeKalb,0034 VFW POST #3128,U.S. Senate,,DEM,Unverified Candidate 2,15
DeKalb,0034 VFW POST #3128,U.S. Senate,,DEM,Unverified Candidate 3,17
DeKalb,0034 VFW POST #3128,U.S. Senate,,DEM,Unverified Candidate 4,18
DeKalb,0034 VFW POST #3128,Attorney General,,REP,Unverified Candidate 1,46
DeKalb,0034 VFW POST #3128,Attorney General,,REP,Unverified Candidate 2,70
DeKalb,0034 VFW POST #3128,Attorney General,,REP,Unverified Candidate 3,43
DeKalb,0034 VFW POST #3128,Commissioner of Agriculture and Industries,,REP,Unverified Candidate 1,44
DeKalb,0034 VFW POST #3128,Commissioner of Agriculture and Industries,,REP,Unverified Candidate 2,43
DeKalb,0034 VFW POST #3128,Commissioner of Agriculture and Industries,,REP,Unverified Candidate 3,64
DeKalb,0034 VFW POST #3128,"Dekalb County Republican Executive Committee, At Lar",,REP,Unverified Candidate 1,84
DeKalb,0034 VFW POST #3128,"Dekalb County Republican Executive Committee, At Lar",,REP,Unverified Candidate 2,43
DeKalb,0034 VFW POST #3128,"Dekalb County Republican Executive Committee, At Lar",,REP,Unverified Candidate 3,32
DeKalb,0034 VFW POST #3128,Governor,,REP,Unverified Candidate 1,14
DeKalb,0034 VFW POST #3128,Governor,,REP,Unverified Candidate 2,10
DeKalb,0034 VFW POST #3128,Governor,,REP,Unverified Candidate 3,151
DeKalb,0034 VFW POST #3128,Lieutenant Governor,,REP,Unverified Candidate 1,55
DeKalb,0034 VFW POST #3128,Lieutenant Governor,,REP,Unverified Candidate 2,8
DeKalb,0034 VFW POST #3128,Lieutenant Governor,,REP,Unverified Candidate 3,6
DeKalb,0034 VFW POST #3128,Lieutenant Governor,,REP,Unverified Candidate 4,13
DeKalb,0034 VFW POST #3128,Lieutenant Governor,,REP,Unverified Candidate 5,2
DeKalb,0034 VFW POST #3128,Lieutenant Governor,,REP,Unverified Candidate 6,8
DeKalb,0034 VFW POST #3128,Lieutenant Governor,,REP,Unverified Candidate 7,70
DeKalb,0034 VFW POST #3128,"Member, Dekalb County Commission. District No. 3",,REP,Unverified Candidate 1,47
DeKalb,0034 VFW POST #3128,"Member, Dekalb County Commission. District No. 3",,REP,Unverified Candidate 2,112
DeKalb,0034 VFW POST #3128,"President, Dekalb County Commission",,REP,Unverified Candidate 1,41
DeKalb,0034 VFW POST #3128,"President, Dekalb County Commission",,REP,Unverified Candidate 2,127
DeKalb,0034 VFW POST #3128,"Public Service Commission, Place No. 1",,REP,Unverified Candidate 1,106
DeKalb,0034 VFW POST #3128,"Public Service Commission, Place No. 1",,REP,Unverified Candidate 2,34
DeKalb,0034 VFW POST #3128,"Public Service Commission, Place No. 2",,REP,Unverified Candidate 1,20
DeKalb,0034 VFW POST #3128,"Public Service Commission, Place No. 2",,REP,Unverified Candidate 2,22
DeKalb,0034 VFW POST #3128,"Public Service Commission, Place No. 2",,REP,Unverified Candidate 3,38
DeKalb,0034 VFW POST #3128,"Public Service Commission, Place No. 2",,REP,Unverified Candidate 4,64
DeKalb,0034 VFW POST #3128,Secretary of State,,REP,Unverified Candidate 1,86
DeKalb,0034 VFW POST #3128,Secretary of State,,REP,Unverified Candidate 2,38
DeKalb,0034 VFW POST #3128,Secretary of State,,REP,Unverified Candidate 3,23
DeKalb,0034 VFW POST #3128,State Auditor,,REP,Unverified Candidate 1,40
DeKalb,0034 VFW POST #3128,State Auditor,,REP,Unverified Candidate 2,106
DeKalb,0034 VFW POST #3128,State Board of Education,8,REP,Unverified Candidate 1,59
DeKalb,0034 VFW POST #3128,State Board of Education,8,REP,Unverified Candidate 2,46
DeKalb,0034 VFW POST #3128,State Board of Education,8,REP,Unverified Candidate 3,40
DeKalb,0034 VFW POST #3128,State Treasurer,,REP,Unverified Candidate 1,102
DeKalb,0034 VFW POST #3128,State Treasurer,,REP,Unverified Candidate 2,51
DeKalb,0034 VFW POST #3128,U.S. House,4,REP,Unverified Candidate 1,112
DeKalb,0034 VFW POST #3128,U.S. House,4,REP,Unverified Candidate 2,60
DeKalb,0034 VFW POST #3128,U.S. Senate,,REP,Unverified Candidate 1,4
DeKalb,0034 VFW POST #3128,U.S. Senate,,REP,Unverified Candidate 2,1
DeKalb,0034 VFW POST #3128,U.S. Senate,,REP,Unverified Candidate 3,51
DeKalb,0034 VFW POST #3128,U.S. Senate,,REP,Unverified Candidate 4,51
DeKalb,0034 VFW POST #3128,U.S. Senate,,REP,Unverified Candidate 5,63
DeKalb,0034 VFW POST #3128,U.S. Senate,,REP,Unverified Candidate 6,0
DeKalb,0034 VFW POST #3128,U.S. Senate,,REP,Unverified Candidate 7,5
DeKalb,0035 FISCHER COMM CTR D-3,Proposed Statewide Amendment 1,,,No,8
DeKalb,0035 FISCHER COMM CTR D-3,Proposed Statewide Amendment 1,,,Yes,104
DeKalb,0035 FISCHER COMM CTR D-3,Proposed Statewide Amendment 2,,,No,51
DeKalb,0035 FISCHER COMM CTR D-3,Proposed Statewide Amendment 2,,,Yes,56
DeKalb,0035 FISCHER COMM CTR D-3,Governor,,DEM,"Chad ""Chig"" Martin",0
DeKalb,0035 FISCHER COMM CTR D-3,Governor,,DEM,Doug Jones,9
DeKalb,0035 FISCHER COMM CTR D-3,Governor,,DEM,Jamel J. Brown,0
DeKalb,0035 FISCHER COMM CTR D-3,Governor,,DEM,"Nathan ""Nate"" Mathis",0
DeKalb,0035 FISCHER COMM CTR D-3,Governor,,DEM,Will Boyd,1
DeKalb,0035 FISCHER COMM CTR D-3,Governor,,DEM,Yolanda Rochelle Flowers,1
DeKalb,0035 FISCHER COMM CTR D-3,Lieutenant Governor,,DEM,Darryl D. Perryman,3
DeKalb,0035 FISCHER COMM CTR D-3,Lieutenant Governor,,DEM,Phillip Ensler,6
DeKalb,0035 FISCHER COMM CTR D-3,"Public Service Commission, Place No. 1",,DEM,James O. Gordon,2
DeKalb,0035 FISCHER COMM CTR D-3,"Public Service Commission, Place No. 1",,DEM,Jeff Ramsey,6
DeKalb,0035 FISCHER COMM CTR D-3,"Public Service Commission, Place No. 1",,DEM,John Northrop,1
DeKalb,0035 FISCHER COMM CTR D-3,U.S. House,4,DEM,Amanda N. Pusczek,6
DeKalb,0035 FISCHER COMM CTR D-3,U.S. House,4,DEM,Shane Weaver,2
DeKalb,0035 FISCHER COMM CTR D-3,U.S. Senate,,DEM,Dakarai Larriett,4
DeKalb,0035 FISCHER COMM CTR D-3,U.S. Senate,,DEM,Unverified Candidate 2,0
DeKalb,0035 FISCHER COMM CTR D-3,U.S. Senate,,DEM,Unverified Candidate 3,1
DeKalb,0035 FISCHER COMM CTR D-3,U.S. Senate,,DEM,Unverified Candidate 4,4
DeKalb,0035 FISCHER COMM CTR D-3,Attorney General,,REP,Unverified Candidate 1,25
DeKalb,0035 FISCHER COMM CTR D-3,Attorney General,,REP,Unverified Candidate 2,29
DeKalb,0035 FISCHER COMM CTR D-3,Attorney General,,REP,Unverified Candidate 3,42
DeKalb,0035 FISCHER COMM CTR D-3,Commissioner of Agriculture and Industries,,REP,Unverified Candidate 1,23
DeKalb,0035 FISCHER COMM CTR D-3,Commissioner of Agriculture and Industries,,REP,Unverified Candidate 2,31
DeKalb,0035 FISCHER COMM CTR D-3,Commissioner of Agriculture and Industries,,REP,Unverified Candidate 3,36
DeKalb,0035 FISCHER COMM CTR D-3,"Dekalb County Republican Executive Committee, At Lar",,REP,Unverified Candidate 1,39
DeKalb,0035 FISCHER COMM CTR D-3,"Dekalb County Republican Executive Committee, At Lar",,REP,Unverified Candidate 2,33
DeKalb,0035 FISCHER COMM CTR D-3,"Dekalb County Republican Executive Committee, At Lar",,REP,Unverified Candidate 3,18
DeKalb,0035 FISCHER COMM CTR D-3,Governor,,REP,Unverified Candidate 1,6
DeKalb,0035 FISCHER COMM CTR D-3,Governor,,REP,Unverified Candidate 2,1
DeKalb,0035 FISCHER COMM CTR D-3,Governor,,REP,Unverified Candidate 3,100
DeKalb,0035 FISCHER COMM CTR D-3,Lieutenant Governor,,REP,Unverified Candidate 1,29
DeKalb,0035 FISCHER COMM CTR D-3,Lieutenant Governor,,REP,Unverified Candidate 2,3
DeKalb,0035 FISCHER COMM CTR D-3,Lieutenant Governor,,REP,Unverified Candidate 3,1
DeKalb,0035 FISCHER COMM CTR D-3,Lieutenant Governor,,REP,Unverified Candidate 4,8
DeKalb,0035 FISCHER COMM CTR D-3,Lieutenant Governor,,REP,Unverified Candidate 5,0
DeKalb,0035 FISCHER COMM CTR D-3,Lieutenant Governor,,REP,Unverified Candidate 6,10
DeKalb,0035 FISCHER COMM CTR D-3,Lieutenant Governor,,REP,Unverified Candidate 7,49
DeKalb,0035 FISCHER COMM CTR D-3,"Member, Dekalb County Commission. District No. 3",,REP,Unverified Candidate 1,32
DeKalb,0035 FISCHER COMM CTR D-3,"Member, Dekalb County Commission. District No. 3",,REP,Unverified Candidate 2,67
DeKalb,0035 FISCHER COMM CTR D-3,"President, Dekalb County Commission",,REP,Unverified Candidate 1,12
DeKalb,0035 FISCHER COMM CTR D-3,"President, Dekalb County Commission",,REP,Unverified Candidate 2,89
DeKalb,0035 FISCHER COMM CTR D-3,"Public Service Commission, Place No. 1",,REP,Unverified Candidate 1,66
DeKalb,0035 FISCHER COMM CTR D-3,"Public Service Commission, Place No. 1",,REP,Unverified Candidate 2,24
DeKalb,0035 FISCHER COMM CTR D-3,"Public Service Commission, Place No. 2",,REP,Unverified Candidate 1,13
DeKalb,0035 FISCHER COMM CTR D-3,"Public Service Commission, Place No. 2",,REP,Unverified Candidate 2,11
DeKalb,0035 FISCHER COMM CTR D-3,"Public Service Commission, Place No. 2",,REP,Unverified Candidate 3,25
DeKalb,0035 FISCHER COMM CTR D-3,"Public Service Commission, Place No. 2",,REP,Unverified Candidate 4,39
DeKalb,0035 FISCHER COMM CTR D-3,Secretary of State,,REP,Unverified Candidate 1,51
DeKalb,0035 FISCHER COMM CTR D-3,Secretary of State,,REP,Unverified Candidate 2,24
DeKalb,0035 FISCHER COMM CTR D-3,Secretary of State,,REP,Unverified Candidate 3,14
DeKalb,0035 FISCHER COMM CTR D-3,State Auditor,,REP,Unverified Candidate 1,21
DeKalb,0035 FISCHER COMM CTR D-3,State Auditor,,REP,Unverified Candidate 2,67
DeKalb,0035 FISCHER COMM CTR D-3,State Board of Education,8,REP,Unverified Candidate 1,39
DeKalb,0035 FISCHER COMM CTR D-3,State Board of Education,8,REP,Unverified Candidate 2,31
DeKalb,0035 FISCHER COMM CTR D-3,State Board of Education,8,REP,Unverified Candidate 3,12
DeKalb,0035 FISCHER COMM CTR D-3,State Treasurer,,REP,Unverified Candidate 1,57
DeKalb,0035 FISCHER COMM CTR D-3,State Treasurer,,REP,Unverified Candidate 2,33
DeKalb,0035 FISCHER COMM CTR D-3,U.S. House,4,REP,Unverified Candidate 1,62
DeKalb,0035 FISCHER COMM CTR D-3,U.S. House,4,REP,Unverified Candidate 2,37
DeKalb,0035 FISCHER COMM CTR D-3,U.S. Senate,,REP,Unverified Candidate 1,2
DeKalb,0035 FISCHER COMM CTR D-3,U.S. Senate,,REP,Unverified Candidate 2,0
DeKalb,0035 FISCHER COMM CTR D-3,U.S. Senate,,REP,Unverified Candidate 3,33
DeKalb,0035 FISCHER COMM CTR D-3,U.S. Senate,,REP,Unverified Candidate 4,22
DeKalb,0035 FISCHER COMM CTR D-3,U.S. Senate,,REP,Unverified Candidate 5,43
DeKalb,0035 FISCHER COMM CTR D-3,U.S. Senate,,REP,Unverified Candidate 6,1
DeKalb,0035 FISCHER COMM CTR D-3,U.S. Senate,,REP,Unverified Candidate 7,1
DeKalb,0036 PLEASANT HILL COMM CTR,Proposed Statewide Amendment 1,,,No,15
DeKalb,0036 PLEASANT HILL COMM CTR,Proposed Statewide Amendment 1,,,Yes,145
DeKalb,0036 PLEASANT HILL COMM CTR,Proposed Statewide Amendment 2,,,No,74
DeKalb,0036 PLEASANT HILL COMM CTR,Proposed Statewide Amendment 2,,,Yes,84
DeKalb,0036 PLEASANT HILL COMM CTR,Governor,,DEM,"Chad ""Chig"" Martin",0
DeKalb,0036 PLEASANT HILL COMM CTR,Governor,,DEM,Doug Jones,14
DeKalb,0036 PLEASANT HILL COMM CTR,Governor,,DEM,Jamel J. Brown,0
DeKalb,0036 PLEASANT HILL COMM CTR,Governor,,DEM,"Nathan ""Nate"" Mathis",0
DeKalb,0036 PLEASANT HILL COMM CTR,Governor,,DEM,Will Boyd,1
DeKalb,0036 PLEASANT HILL COMM CTR,Governor,,DEM,Yolanda Rochelle Flowers,0
DeKalb,0036 PLEASANT HILL COMM CTR,Lieutenant Governor,,DEM,Darryl D. Perryman,2
DeKalb,0036 PLEASANT HILL COMM CTR,Lieutenant Governor,,DEM,Phillip Ensler,10
DeKalb,0036 PLEASANT HILL COMM CTR,"Public Service Commission, Place No. 1",,DEM,James O. Gordon,3
DeKalb,0036 PLEASANT HILL COMM CTR,"Public Service Commission, Place No. 1",,DEM,Jeff Ramsey,3
DeKalb,0036 PLEASANT HILL COMM CTR,"Public Service Commission, Place No. 1",,DEM,John Northrop,4
DeKalb,0036 PLEASANT HILL COMM CTR,U.S. House,4,DEM,Amanda N. Pusczek,6
DeKalb,0036 PLEASANT HILL COMM CTR,U.S. House,4,DEM,Shane Weaver,6
DeKalb,0036 PLEASANT HILL COMM CTR,U.S. Senate,,DEM,Dakarai Larriett,2
DeKalb,0036 PLEASANT HILL COMM CTR,U.S. Senate,,DEM,Unverified Candidate 2,3
DeKalb,0036 PLEASANT HILL COMM CTR,U.S. Senate,,DEM,Unverified Candidate 3,2
DeKalb,0036 PLEASANT HILL COMM CTR,U.S. Senate,,DEM,Unverified Candidate 4,5
DeKalb,0036 PLEASANT HILL COMM CTR,Attorney General,,REP,Unverified Candidate 1,34
DeKalb,0036 PLEASANT HILL COMM CTR,Attorney General,,REP,Unverified Candidate 2,54
DeKalb,0036 PLEASANT HILL COMM CTR,Attorney General,,REP,Unverified Candidate 3,48
DeKalb,0036 PLEASANT HILL COMM CTR,Commissioner of Agriculture and Industries,,REP,Unverified Candidate 1,30
DeKalb,0036 PLEASANT HILL COMM CTR,Commissioner of Agriculture and Industries,,REP,Unverified Candidate 2,28
DeKalb,0036 PLEASANT HILL COMM CTR,Commissioner of Agriculture and Industries,,REP,Unverified Candidate 3,80
DeKalb,0036 PLEASANT HILL COMM CTR,"Dekalb County Republican Executive Committee, At Lar",,REP,Unverified Candidate 1,61
DeKalb,0036 PLEASANT HILL COMM CTR,"Dekalb County Republican Executive Committee, At Lar",,REP,Unverified Candidate 2,38
DeKalb,0036 PLEASANT HILL COMM CTR,"Dekalb County Republican Executive Committee, At Lar",,REP,Unverified Candidate 3,45
DeKalb,0036 PLEASANT HILL COMM CTR,"Dekalb County Republican Executive Committee, Place District No. 4",,REP,Unverified Candidate 1,105
DeKalb,0036 PLEASANT HILL COMM CTR,"Dekalb County Republican Executive Committee, Place District No. 4",,REP,Unverified Candidate 1,97
DeKalb,0036 PLEASANT HILL COMM CTR,"Dekalb County Republican Executive Committee, Place District No. 4",,REP,Unverified Candidate 2,47
DeKalb,0036 PLEASANT HILL COMM CTR,"Dekalb County Republican Executive Committee, Place District No. 4",,REP,Unverified Candidate 2,42
DeKalb,0036 PLEASANT HILL COMM CTR,Governor,,REP,Unverified Candidate 1,3
DeKalb,0036 PLEASANT HILL COMM CTR,Governor,,REP,Unverified Candidate 2,3
DeKalb,0036 PLEASANT HILL COMM CTR,Governor,,REP,Unverified Candidate 3,146
DeKalb,0036 PLEASANT HILL COMM CTR,Lieutenant Governor,,REP,Unverified Candidate 1,72
DeKalb,0036 PLEASANT HILL COMM CTR,Lieutenant Governor,,REP,Unverified Candidate 2,2
DeKalb,0036 PLEASANT HILL COMM CTR,Lieutenant Governor,,REP,Unverified Candidate 3,0
DeKalb,0036 PLEASANT HILL COMM CTR,Lieutenant Governor,,REP,Unverified Candidate 4,17
DeKalb,0036 PLEASANT HILL COMM CTR,Lieutenant Governor,,REP,Unverified Candidate 5,0
DeKalb,0036 PLEASANT HILL COMM CTR,Lieutenant Governor,,REP,Unverified Candidate 6,6
DeKalb,0036 PLEASANT HILL COMM CTR,Lieutenant Governor,,REP,Unverified Candidate 7,47
DeKalb,0036 PLEASANT HILL COMM CTR,"Member, Dekalb County Commission, District No. 4",,REP,Unverified Candidate 1,77
DeKalb,0036 PLEASANT HILL COMM CTR,"Member, Dekalb County Commission, District No. 4",,REP,Unverified Candidate 2,21
DeKalb,0036 PLEASANT HILL COMM CTR,"Member, Dekalb County Commission, District No. 4",,REP,Unverified Candidate 3,58
DeKalb,0036 PLEASANT HILL COMM CTR,"President, Dekalb County Commission",,REP,Unverified Candidate 1,34
DeKalb,0036 PLEASANT HILL COMM CTR,"President, Dekalb County Commission",,REP,Unverified Candidate 2,114
DeKalb,0036 PLEASANT HILL COMM CTR,"Public Service Commission, Place No. 1",,REP,Unverified Candidate 1,92
DeKalb,0036 PLEASANT HILL COMM CTR,"Public Service Commission, Place No. 1",,REP,Unverified Candidate 2,29
DeKalb,0036 PLEASANT HILL COMM CTR,"Public Service Commission, Place No. 2",,REP,Unverified Candidate 1,17
DeKalb,0036 PLEASANT HILL COMM CTR,"Public Service Commission, Place No. 2",,REP,Unverified Candidate 2,38
DeKalb,0036 PLEASANT HILL COMM CTR,"Public Service Commission, Place No. 2",,REP,Unverified Candidate 3,43
DeKalb,0036 PLEASANT HILL COMM CTR,"Public Service Commission, Place No. 2",,REP,Unverified Candidate 4,33
DeKalb,0036 PLEASANT HILL COMM CTR,Secretary of State,,REP,Unverified Candidate 1,83
DeKalb,0036 PLEASANT HILL COMM CTR,Secretary of State,,REP,Unverified Candidate 2,22
DeKalb,0036 PLEASANT HILL COMM CTR,Secretary of State,,REP,Unverified Candidate 3,15
DeKalb,0036 PLEASANT HILL COMM CTR,State Auditor,,REP,Unverified Candidate 1,32
DeKalb,0036 PLEASANT HILL COMM CTR,State Auditor,,REP,Unverified Candidate 2,95
DeKalb,0036 PLEASANT HILL COMM CTR,State Board of Education,8,REP,Unverified Candidate 1,64
DeKalb,0036 PLEASANT HILL COMM CTR,State Board of Education,8,REP,Unverified Candidate 2,40
DeKalb,0036 PLEASANT HILL COMM CTR,State Board of Education,8,REP,Unverified Candidate 3,23
DeKalb,0036 PLEASANT HILL COMM CTR,State Senate,10,REP,Unverified Candidate 1,0
DeKalb,0036 PLEASANT HILL COMM CTR,State Senate,10,REP,Unverified Candidate 2,0
DeKalb,0036 PLEASANT HILL COMM CTR,State Treasurer,,REP,Unverified Candidate 1,83
DeKalb,0036 PLEASANT HILL COMM CTR,State Treasurer,,REP,Unverified Candidate 2,40
DeKalb,0036 PLEASANT HILL COMM CTR,U.S. House,4,REP,Unverified Candidate 1,96
DeKalb,0036 PLEASANT HILL COMM CTR,U.S. House,4,REP,Unverified Candidate 2,49
DeKalb,0036 PLEASANT HILL COMM CTR,U.S. Senate,,REP,Unverified Candidate 1,0
DeKalb,0036 PLEASANT HILL COMM CTR,U.S. Senate,,REP,Unverified Candidate 2,2
DeKalb,0036 PLEASANT HILL COMM CTR,U.S. Senate,,REP,Unverified Candidate 3,38
DeKalb,0036 PLEASANT HILL COMM CTR,U.S. Senate,,REP,Unverified Candidate 4,46
DeKalb,0036 PLEASANT HILL COMM CTR,U.S. Senate,,REP,Unverified Candidate 5,58
DeKalb,0036 PLEASANT HILL COMM CTR,U.S. Senate,,REP,Unverified Candidate 6,0
DeKalb,0036 PLEASANT HILL COMM CTR,U.S. Senate,,REP,Unverified Candidate 7,3
DeKalb,0037 FYFFE SENIOR CTR,Proposed Statewide Amendment 1,,,No,37
DeKalb,0037 FYFFE SENIOR CTR,Proposed Statewide Amendment 1,,,Yes,282
DeKalb,0037 FYFFE SENIOR CTR,Proposed Statewide Amendment 2,,,No,162
DeKalb,0037 FYFFE SENIOR CTR,Proposed Statewide Amendment 2,,,Yes,154
DeKalb,0037 FYFFE SENIOR CTR,Governor,,DEM,"Chad ""Chig"" Martin",3
DeKalb,0037 FYFFE SENIOR CTR,Governor,,DEM,Doug Jones,24
DeKalb,0037 FYFFE SENIOR CTR,Governor,,DEM,Jamel J. Brown,0
DeKalb,0037 FYFFE SENIOR CTR,Governor,,DEM,"Nathan ""Nate"" Mathis",0
DeKalb,0037 FYFFE SENIOR CTR,Governor,,DEM,Will Boyd,1
DeKalb,0037 FYFFE SENIOR CTR,Governor,,DEM,Yolanda Rochelle Flowers,1
DeKalb,0037 FYFFE SENIOR CTR,Lieutenant Governor,,DEM,Darryl D. Perryman,14
DeKalb,0037 FYFFE SENIOR CTR,Lieutenant Governor,,DEM,Phillip Ensler,14
DeKalb,0037 FYFFE SENIOR CTR,"Public Service Commission, Place No. 1",,DEM,James O. Gordon,12
DeKalb,0037 FYFFE SENIOR CTR,"Public Service Commission, Place No. 1",,DEM,Jeff Ramsey,7
DeKalb,0037 FYFFE SENIOR CTR,"Public Service Commission, Place No. 1",,DEM,John Northrop,8
DeKalb,0037 FYFFE SENIOR CTR,U.S. House,4,DEM,Amanda N. Pusczek,14
DeKalb,0037 FYFFE SENIOR CTR,U.S. House,4,DEM,Shane Weaver,14
DeKalb,0037 FYFFE SENIOR CTR,U.S. Senate,,DEM,Dakarai Larriett,5
DeKalb,0037 FYFFE SENIOR CTR,U.S. Senate,,DEM,Unverified Candidate 2,7
DeKalb,0037 FYFFE SENIOR CTR,U.S. Senate,,DEM,Unverified Candidate 3,11
DeKalb,0037 FYFFE SENIOR CTR,U.S. Senate,,DEM,Unverified Candidate 4,5
DeKalb,0037 FYFFE SENIOR CTR,Attorney General,,REP,Unverified Candidate 1,60
DeKalb,0037 FYFFE SENIOR CTR,Attorney General,,REP,Unverified Candidate 2,129
DeKalb,0037 FYFFE SENIOR CTR,Attorney General,,REP,Unverified Candidate 3,93
DeKalb,0037 FYFFE SENIOR CTR,Commissioner of Agriculture and Industries,,REP,Unverified Candidate 1,93
DeKalb,0037 FYFFE SENIOR CTR,Commissioner of Agriculture and Industries,,REP,Unverified Candidate 2,62
DeKalb,0037 FYFFE SENIOR CTR,Commissioner of Agriculture and Industries,,REP,Unverified Candidate 3,133
DeKalb,0037 FYFFE SENIOR CTR,"Dekalb County Republican Executive Committee, At Lar",,REP,Unverified Candidate 1,123
DeKalb,0037 FYFFE SENIOR CTR,"Dekalb County Republican Executive Committee, At Lar",,REP,Unverified Candidate 2,71
DeKalb,0037 FYFFE SENIOR CTR,"Dekalb County Republican Executive Committee, At Lar",,REP,Unverified Candidate 3,98
DeKalb,0037 FYFFE SENIOR CTR,"Dekalb County Republican Executive Committee, Place District No. 4",,REP,Unverified Candidate 1,200
DeKalb,0037 FYFFE SENIOR CTR,"Dekalb County Republican Executive Committee, Place District No. 4",,REP,Unverified Candidate 1,164
DeKalb,0037 FYFFE SENIOR CTR,"Dekalb County Republican Executive Committee, Place District No. 4",,REP,Unverified Candidate 2,109
DeKalb,0037 FYFFE SENIOR CTR,"Dekalb County Republican Executive Committee, Place District No. 4",,REP,Unverified Candidate 2,120
DeKalb,0037 FYFFE SENIOR CTR,Governor,,REP,Unverified Candidate 1,23
DeKalb,0037 FYFFE SENIOR CTR,Governor,,REP,Unverified Candidate 2,7
DeKalb,0037 FYFFE SENIOR CTR,Governor,,REP,Unverified Candidate 3,275
DeKalb,0037 FYFFE SENIOR CTR,Lieutenant Governor,,REP,Unverified Candidate 1,107
DeKalb,0037 FYFFE SENIOR CTR,Lieutenant Governor,,REP,Unverified Candidate 2,7
DeKalb,0037 FYFFE SENIOR CTR,Lieutenant Governor,,REP,Unverified Candidate 3,7
DeKalb,0037 FYFFE SENIOR CTR,Lieutenant Governor,,REP,Unverified Candidate 4,38
DeKalb,0037 FYFFE SENIOR CTR,Lieutenant Governor,,REP,Unverified Candidate 5,0
DeKalb,0037 FYFFE SENIOR CTR,Lieutenant Governor,,REP,Unverified Candidate 6,15
DeKalb,0037 FYFFE SENIOR CTR,Lieutenant Governor,,REP,Unverified Candidate 7,116
DeKalb,0037 FYFFE SENIOR CTR,"Member, Dekalb County Commission, District No. 4",,REP,Unverified Candidate 1,167
DeKalb,0037 FYFFE SENIOR CTR,"Member, Dekalb County Commission, District No. 4",,REP,Unverified Candidate 2,85
DeKalb,0037 FYFFE SENIOR CTR,"Member, Dekalb County Commission, District No. 4",,REP,Unverified Candidate 3,58
DeKalb,0037 FYFFE SENIOR CTR,"President, Dekalb County Commission",,REP,Unverified Candidate 1,110
DeKalb,0037 FYFFE SENIOR CTR,"President, Dekalb County Commission",,REP,Unverified Candidate 2,179
DeKalb,0037 FYFFE SENIOR CTR,"Public Service Commission, Place No. 1",,REP,Unverified Candidate 1,203
DeKalb,0037 FYFFE SENIOR CTR,"Public Service Commission, Place No. 1",,REP,Unverified Candidate 2,68
DeKalb,0037 FYFFE SENIOR CTR,"Public Service Commission, Place No. 2",,REP,Unverified Candidate 1,26
DeKalb,0037 FYFFE SENIOR CTR,"Public Service Commission, Place No. 2",,REP,Unverified Candidate 2,53
DeKalb,0037 FYFFE SENIOR CTR,"Public Service Commission, Place No. 2",,REP,Unverified Candidate 3,112
DeKalb,0037 FYFFE SENIOR CTR,"Public Service Commission, Place No. 2",,REP,Unverified Candidate 4,81
DeKalb,0037 FYFFE SENIOR CTR,Secretary of State,,REP,Unverified Candidate 1,155
DeKalb,0037 FYFFE SENIOR CTR,Secretary of State,,REP,Unverified Candidate 2,76
DeKalb,0037 FYFFE SENIOR CTR,Secretary of State,,REP,Unverified Candidate 3,40
DeKalb,0037 FYFFE SENIOR CTR,State Auditor,,REP,Unverified Candidate 1,78
DeKalb,0037 FYFFE SENIOR CTR,State Auditor,,REP,Unverified Candidate 2,205
DeKalb,0037 FYFFE SENIOR CTR,State Board of Education,8,REP,Unverified Candidate 1,112
DeKalb,0037 FYFFE SENIOR CTR,State Board of Education,8,REP,Unverified Candidate 2,74
DeKalb,0037 FYFFE SENIOR CTR,State Board of Education,8,REP,Unverified Candidate 3,86
DeKalb,0037 FYFFE SENIOR CTR,State Senate,10,REP,Unverified Candidate 1,80
DeKalb,0037 FYFFE SENIOR CTR,State Senate,10,REP,Unverified Candidate 2,35
DeKalb,0037 FYFFE SENIOR CTR,State Treasurer,,REP,Unverified Candidate 1,191
DeKalb,0037 FYFFE SENIOR CTR,State Treasurer,,REP,Unverified Candidate 2,88
DeKalb,0037 FYFFE SENIOR CTR,U.S. House,4,REP,Unverified Candidate 1,235
DeKalb,0037 FYFFE SENIOR CTR,U.S. House,4,REP,Unverified Candidate 2,66
DeKalb,0037 FYFFE SENIOR CTR,U.S. Senate,,REP,Unverified Candidate 1,6
DeKalb,0037 FYFFE SENIOR CTR,U.S. Senate,,REP,Unverified Candidate 2,4
DeKalb,0037 FYFFE SENIOR CTR,U.S. Senate,,REP,Unverified Candidate 3,75
DeKalb,0037 FYFFE SENIOR CTR,U.S. Senate,,REP,Unverified Candidate 4,121
DeKalb,0037 FYFFE SENIOR CTR,U.S. Senate,,REP,Unverified Candidate 5,82
DeKalb,0037 FYFFE SENIOR CTR,U.S. Senate,,REP,Unverified Candidate 6,4
DeKalb,0037 FYFFE SENIOR CTR,U.S. Senate,,REP,Unverified Candidate 7,4
DeKalb,0038 SHILOH TOWN HALL,Proposed Statewide Amendment 1,,,No,9
DeKalb,0038 SHILOH TOWN HALL,Proposed Statewide Amendment 1,,,Yes,78
DeKalb,0038 SHILOH TOWN HALL,Proposed Statewide Amendment 2,,,No,44
DeKalb,0038 SHILOH TOWN HALL,Proposed Statewide Amendment 2,,,Yes,35
DeKalb,0038 SHILOH TOWN HALL,Governor,,DEM,"Chad ""Chig"" Martin",0
DeKalb,0038 SHILOH TOWN HALL,Governor,,DEM,Doug Jones,6
DeKalb,0038 SHILOH TOWN HALL,Governor,,DEM,Jamel J. Brown,2
DeKalb,0038 SHILOH TOWN HALL,Governor,,DEM,"Nathan ""Nate"" Mathis",0
DeKalb,0038 SHILOH TOWN HALL,Governor,,DEM,Will Boyd,4
DeKalb,0038 SHILOH TOWN HALL,Governor,,DEM,Yolanda Rochelle Flowers,0
DeKalb,0038 SHILOH TOWN HALL,Lieutenant Governor,,DEM,Darryl D. Perryman,6
DeKalb,0038 SHILOH TOWN HALL,Lieutenant Governor,,DEM,Phillip Ensler,5
DeKalb,0038 SHILOH TOWN HALL,"Public Service Commission, Place No. 1",,DEM,James O. Gordon,4
DeKalb,0038 SHILOH TOWN HALL,"Public Service Commission, Place No. 1",,DEM,Jeff Ramsey,4
DeKalb,0038 SHILOH TOWN HALL,"Public Service Commission, Place No. 1",,DEM,John Northrop,3
DeKalb,0038 SHILOH TOWN HALL,U.S. House,4,DEM,Amanda N. Pusczek,9
DeKalb,0038 SHILOH TOWN HALL,U.S. House,4,DEM,Shane Weaver,2
DeKalb,0038 SHILOH TOWN HALL,U.S. Senate,,DEM,Dakarai Larriett,5
DeKalb,0038 SHILOH TOWN HALL,U.S. Senate,,DEM,Unverified Candidate 2,3
DeKalb,0038 SHILOH TOWN HALL,U.S. Senate,,DEM,Unverified Candidate 3,0
DeKalb,0038 SHILOH TOWN HALL,U.S. Senate,,DEM,Unverified Candidate 4,4
DeKalb,0038 SHILOH TOWN HALL,Attorney General,,REP,Unverified Candidate 1,16
DeKalb,0038 SHILOH TOWN HALL,Attorney General,,REP,Unverified Candidate 2,22
DeKalb,0038 SHILOH TOWN HALL,Attorney General,,REP,Unverified Candidate 3,22
DeKalb,0038 SHILOH TOWN HALL,Commissioner of Agriculture and Industries,,REP,Unverified Candidate 1,18
DeKalb,0038 SHILOH TOWN HALL,Commissioner of Agriculture and Industries,,REP,Unverified Candidate 2,8
DeKalb,0038 SHILOH TOWN HALL,Commissioner of Agriculture and Industries,,REP,Unverified Candidate 3,36
DeKalb,0038 SHILOH TOWN HALL,"Dekalb County Republican Executive Committee, At Lar",,REP,Unverified Candidate 1,28
DeKalb,0038 SHILOH TOWN HALL,"Dekalb County Republican Executive Committee, At Lar",,REP,Unverified Candidate 2,13
DeKalb,0038 SHILOH TOWN HALL,"Dekalb County Republican Executive Committee, At Lar",,REP,Unverified Candidate 3,25
DeKalb,0038 SHILOH TOWN HALL,"Dekalb County Republican Executive Committee, Place District No. 4",,REP,Unverified Candidate 1,49
DeKalb,0038 SHILOH TOWN HALL,"Dekalb County Republican Executive Committee, Place District No. 4",,REP,Unverified Candidate 1,47
DeKalb,0038 SHILOH TOWN HALL,"Dekalb County Republican Executive Committee, Place District No. 4",,REP,Unverified Candidate 2,26
DeKalb,0038 SHILOH TOWN HALL,"Dekalb County Republican Executive Committee, Place District No. 4",,REP,Unverified Candidate 2,21
DeKalb,0038 SHILOH TOWN HALL,Governor,,REP,Unverified Candidate 1,7
DeKalb,0038 SHILOH TOWN HALL,Governor,,REP,Unverified Candidate 2,2
DeKalb,0038 SHILOH TOWN HALL,Governor,,REP,Unverified Candidate 3,67
DeKalb,0038 SHILOH TOWN HALL,Lieutenant Governor,,REP,Unverified Candidate 1,34
DeKalb,0038 SHILOH TOWN HALL,Lieutenant Governor,,REP,Unverified Candidate 2,2
DeKalb,0038 SHILOH TOWN HALL,Lieutenant Governor,,REP,Unverified Candidate 3,0
DeKalb,0038 SHILOH TOWN HALL,Lieutenant Governor,,REP,Unverified Candidate 4,8
DeKalb,0038 SHILOH TOWN HALL,Lieutenant Governor,,REP,Unverified Candidate 5,0
DeKalb,0038 SHILOH TOWN HALL,Lieutenant Governor,,REP,Unverified Candidate 6,3
DeKalb,0038 SHILOH TOWN HALL,Lieutenant Governor,,REP,Unverified Candidate 7,22
DeKalb,0038 SHILOH TOWN HALL,"Member, Dekalb County Commission, District No. 4",,REP,Unverified Candidate 1,34
DeKalb,0038 SHILOH TOWN HALL,"Member, Dekalb County Commission, District No. 4",,REP,Unverified Candidate 2,21
DeKalb,0038 SHILOH TOWN HALL,"Member, Dekalb County Commission, District No. 4",,REP,Unverified Candidate 3,25
DeKalb,0038 SHILOH TOWN HALL,"President, Dekalb County Commission",,REP,Unverified Candidate 1,26
DeKalb,0038 SHILOH TOWN HALL,"President, Dekalb County Commission",,REP,Unverified Candidate 2,44
DeKalb,0038 SHILOH TOWN HALL,"Public Service Commission, Place No. 1",,REP,Unverified Candidate 1,38
DeKalb,0038 SHILOH TOWN HALL,"Public Service Commission, Place No. 1",,REP,Unverified Candidate 2,18
DeKalb,0038 SHILOH TOWN HALL,"Public Service Commission, Place No. 2",,REP,Unverified Candidate 1,2
DeKalb,0038 SHILOH TOWN HALL,"Public Service Commission, Place No. 2",,REP,Unverified Candidate 2,13
DeKalb,0038 SHILOH TOWN HALL,"Public Service Commission, Place No. 2",,REP,Unverified Candidate 3,23
DeKalb,0038 SHILOH TOWN HALL,"Public Service Commission, Place No. 2",,REP,Unverified Candidate 4,21
DeKalb,0038 SHILOH TOWN HALL,Secretary of State,,REP,Unverified Candidate 1,26
DeKalb,0038 SHILOH TOWN HALL,Secretary of State,,REP,Unverified Candidate 2,18
DeKalb,0038 SHILOH TOWN HALL,Secretary of State,,REP,Unverified Candidate 3,7
DeKalb,0038 SHILOH TOWN HALL,State Auditor,,REP,Unverified Candidate 1,12
DeKalb,0038 SHILOH TOWN HALL,State Auditor,,REP,Unverified Candidate 2,46
DeKalb,0038 SHILOH TOWN HALL,State Board of Education,8,REP,Unverified Candidate 1,31
DeKalb,0038 SHILOH TOWN HALL,State Board of Education,8,REP,Unverified Candidate 2,20
DeKalb,0038 SHILOH TOWN HALL,State Board of Education,8,REP,Unverified Candidate 3,8
DeKalb,0038 SHILOH TOWN HALL,State Treasurer,,REP,Unverified Candidate 1,45
DeKalb,0038 SHILOH TOWN HALL,State Treasurer,,REP,Unverified Candidate 2,11
DeKalb,0038 SHILOH TOWN HALL,U.S. House,4,REP,Unverified Candidate 1,58
DeKalb,0038 SHILOH TOWN HALL,U.S. House,4,REP,Unverified Candidate 2,16
DeKalb,0038 SHILOH TOWN HALL,U.S. Senate,,REP,Unverified Candidate 1,1
DeKalb,0038 SHILOH TOWN HALL,U.S. Senate,,REP,Unverified Candidate 2,0
DeKalb,0038 SHILOH TOWN HALL,U.S. Senate,,REP,Unverified Candidate 3,19
DeKalb,0038 SHILOH TOWN HALL,U.S. Senate,,REP,Unverified Candidate 4,26
DeKalb,0038 SHILOH TOWN HALL,U.S. Senate,,REP,Unverified Candidate 5,31
DeKalb,0038 SHILOH TOWN HALL,U.S. Senate,,REP,Unverified Candidate 6,0
DeKalb,0038 SHILOH TOWN HALL,U.S. Senate,,REP,Unverified Candidate 7,0
DeKalb,0039 POWELL PARK PAVILION,Proposed Statewide Amendment 1,,,No,20
DeKalb,0039 POWELL PARK PAVILION,Proposed Statewide Amendment 1,,,Yes,164
DeKalb,0039 POWELL PARK PAVILION,Proposed Statewide Amendment 2,,,No,88
DeKalb,0039 POWELL PARK PAVILION,Proposed Statewide Amendment 2,,,Yes,91
DeKalb,0039 POWELL PARK PAVILION,Governor,,DEM,"Chad ""Chig"" Martin",2
DeKalb,0039 POWELL PARK PAVILION,Governor,,DEM,Doug Jones,13
DeKalb,0039 POWELL PARK PAVILION,Governor,,DEM,Jamel J. Brown,0
DeKalb,0039 POWELL PARK PAVILION,Governor,,DEM,"Nathan ""Nate"" Mathis",0
DeKalb,0039 POWELL PARK PAVILION,Governor,,DEM,Will Boyd,2
DeKalb,0039 POWELL PARK PAVILION,Governor,,DEM,Yolanda Rochelle Flowers,0
DeKalb,0039 POWELL PARK PAVILION,Lieutenant Governor,,DEM,Darryl D. Perryman,7
DeKalb,0039 POWELL PARK PAVILION,Lieutenant Governor,,DEM,Phillip Ensler,9
DeKalb,0039 POWELL PARK PAVILION,"Public Service Commission, Place No. 1",,DEM,James O. Gordon,6
DeKalb,0039 POWELL PARK PAVILION,"Public Service Commission, Place No. 1",,DEM,Jeff Ramsey,7
DeKalb,0039 POWELL PARK PAVILION,"Public Service Commission, Place No. 1",,DEM,John Northrop,3
DeKalb,0039 POWELL PARK PAVILION,U.S. House,4,DEM,Amanda N. Pusczek,8
DeKalb,0039 POWELL PARK PAVILION,U.S. House,4,DEM,Shane Weaver,8
DeKalb,0039 POWELL PARK PAVILION,U.S. Senate,,DEM,Dakarai Larriett,6
DeKalb,0039 POWELL PARK PAVILION,U.S. Senate,,DEM,Unverified Candidate 2,4
DeKalb,0039 POWELL PARK PAVILION,U.S. Senate,,DEM,Unverified Candidate 3,4
DeKalb,0039 POWELL PARK PAVILION,U.S. Senate,,DEM,Unverified Candidate 4,1
DeKalb,0039 POWELL PARK PAVILION,Attorney General,,REP,Unverified Candidate 1,57
DeKalb,0039 POWELL PARK PAVILION,Attorney General,,REP,Unverified Candidate 2,60
DeKalb,0039 POWELL PARK PAVILION,Attorney General,,REP,Unverified Candidate 3,50
DeKalb,0039 POWELL PARK PAVILION,Commissioner of Agriculture and Industries,,REP,Unverified Candidate 1,31
DeKalb,0039 POWELL PARK PAVILION,Commissioner of Agriculture and Industries,,REP,Unverified Candidate 2,40
DeKalb,0039 POWELL PARK PAVILION,Commissioner of Agriculture and Industries,,REP,Unverified Candidate 3,98
DeKalb,0039 POWELL PARK PAVILION,"Dekalb County Republican Executive Committee, At Lar",,REP,Unverified Candidate 1,89
DeKalb,0039 POWELL PARK PAVILION,"Dekalb County Republican Executive Committee, At Lar",,REP,Unverified Candidate 2,43
DeKalb,0039 POWELL PARK PAVILION,"Dekalb County Republican Executive Committee, At Lar",,REP,Unverified Candidate 3,42
DeKalb,0039 POWELL PARK PAVILION,"Dekalb County Republican Executive Committee, Place District No. 4",,REP,Unverified Candidate 1,85
DeKalb,0039 POWELL PARK PAVILION,"Dekalb County Republican Executive Committee, Place District No. 4",,REP,Unverified Candidate 1,76
DeKalb,0039 POWELL PARK PAVILION,"Dekalb County Republican Executive Committee, Place District No. 4",,REP,Unverified Candidate 2,100
DeKalb,0039 POWELL PARK PAVILION,"Dekalb County Republican Executive Committee, Place District No. 4",,REP,Unverified Candidate 2,89
DeKalb,0039 POWELL PARK PAVILION,Governor,,REP,Unverified Candidate 1,9
DeKalb,0039 POWELL PARK PAVILION,Governor,,REP,Unverified Candidate 2,12
DeKalb,0039 POWELL PARK PAVILION,Governor,,REP,Unverified Candidate 3,159
DeKalb,0039 POWELL PARK PAVILION,Lieutenant Governor,,REP,Unverified Candidate 1,64
DeKalb,0039 POWELL PARK PAVILION,Lieutenant Governor,,REP,Unverified Candidate 2,7
DeKalb,0039 POWELL PARK PAVILION,Lieutenant Governor,,REP,Unverified Candidate 3,6
DeKalb,0039 POWELL PARK PAVILION,Lieutenant Governor,,REP,Unverified Candidate 4,16
DeKalb,0039 POWELL PARK PAVILION,Lieutenant Governor,,REP,Unverified Candidate 5,0
DeKalb,0039 POWELL PARK PAVILION,Lieutenant Governor,,REP,Unverified Candidate 6,14
DeKalb,0039 POWELL PARK PAVILION,Lieutenant Governor,,REP,Unverified Candidate 7,65
DeKalb,0039 POWELL PARK PAVILION,"Member, Dekalb County Commission, District No. 4",,REP,Unverified Candidate 1,77
DeKalb,0039 POWELL PARK PAVILION,"Member, Dekalb County Commission, District No. 4",,REP,Unverified Candidate 2,93
DeKalb,0039 POWELL PARK PAVILION,"Member, Dekalb County Commission, District No. 4",,REP,Unverified Candidate 3,15
DeKalb,0039 POWELL PARK PAVILION,"President, Dekalb County Commission",,REP,Unverified Candidate 1,56
DeKalb,0039 POWELL PARK PAVILION,"President, Dekalb County Commission",,REP,Unverified Candidate 2,112
DeKalb,0039 POWELL PARK PAVILION,"Public Service Commission, Place No. 1",,REP,Unverified Candidate 1,108
DeKalb,0039 POWELL PARK PAVILION,"Public Service Commission, Place No. 1",,REP,Unverified Candidate 2,45
DeKalb,0039 POWELL PARK PAVILION,"Public Service Commission, Place No. 2",,REP,Unverified Candidate 1,26
DeKalb,0039 POWELL PARK PAVILION,"Public Service Commission, Place No. 2",,REP,Unverified Candidate 2,27
DeKalb,0039 POWELL PARK PAVILION,"Public Service Commission, Place No. 2",,REP,Unverified Candidate 3,59
DeKalb,0039 POWELL PARK PAVILION,"Public Service Commission, Place No. 2",,REP,Unverified Candidate 4,45
DeKalb,0039 POWELL PARK PAVILION,Secretary of State,,REP,Unverified Candidate 1,90
DeKalb,0039 POWELL PARK PAVILION,Secretary of State,,REP,Unverified Candidate 2,40
DeKalb,0039 POWELL PARK PAVILION,Secretary of State,,REP,Unverified Candidate 3,31
DeKalb,0039 POWELL PARK PAVILION,State Auditor,,REP,Unverified Candidate 1,55
DeKalb,0039 POWELL PARK PAVILION,State Auditor,,REP,Unverified Candidate 2,110
DeKalb,0039 POWELL PARK PAVILION,State Board of Education,8,REP,Unverified Candidate 1,87
DeKalb,0039 POWELL PARK PAVILION,State Board of Education,8,REP,Unverified Candidate 2,39
DeKalb,0039 POWELL PARK PAVILION,State Board of Education,8,REP,Unverified Candidate 3,35
DeKalb,0039 POWELL PARK PAVILION,State Treasurer,,REP,Unverified Candidate 1,100
DeKalb,0039 POWELL PARK PAVILION,State Treasurer,,REP,Unverified Candidate 2,62
DeKalb,0039 POWELL PARK PAVILION,U.S. House,4,REP,Unverified Candidate 1,130
DeKalb,0039 POWELL PARK PAVILION,U.S. House,4,REP,Unverified Candidate 2,48
DeKalb,0039 POWELL PARK PAVILION,U.S. Senate,,REP,Unverified Candidate 1,4
DeKalb,0039 POWELL PARK PAVILION,U.S. Senate,,REP,Unverified Candidate 2,2
DeKalb,0039 POWELL PARK PAVILION,U.S. Senate,,REP,Unverified Candidate 3,55
DeKalb,0039 POWELL PARK PAVILION,U.S. Senate,,REP,Unverified Candidate 4,42
DeKalb,0039 POWELL PARK PAVILION,U.S. Senate,,REP,Unverified Candidate 5,68
DeKalb,0039 POWELL PARK PAVILION,U.S. Senate,,REP,Unverified Candidate 6,3
DeKalb,0039 POWELL PARK PAVILION,U.S. Senate,,REP,Unverified Candidate 7,6
DeKalb,0040 RAINSVILLE CO SCH CLSM,Proposed Statewide Amendment 1,,,No,74
DeKalb,0040 RAINSVILLE CO SCH CLSM,Proposed Statewide Amendment 1,,,Yes,743
DeKalb,0040 RAINSVILLE CO SCH CLSM,Proposed Statewide Amendment 2,,,No,380
DeKalb,0040 RAINSVILLE CO SCH CLSM,Proposed Statewide Amendment 2,,,Yes,403
DeKalb,0040 RAINSVILLE CO SCH CLSM,Governor,,DEM,"Chad ""Chig"" Martin",4
DeKalb,0040 RAINSVILLE CO SCH CLSM,Governor,,DEM,Doug Jones,53
DeKalb,0040 RAINSVILLE CO SCH CLSM,Governor,,DEM,Jamel J. Brown,4
DeKalb,0040 RAINSVILLE CO SCH CLSM,Governor,,DEM,"Nathan ""Nate"" Mathis",1
DeKalb,0040 RAINSVILLE CO SCH CLSM,Governor,,DEM,Will Boyd,8
DeKalb,0040 RAINSVILLE CO SCH CLSM,Governor,,DEM,Yolanda Rochelle Flowers,2
DeKalb,0040 RAINSVILLE CO SCH CLSM,Lieutenant Governor,,DEM,Darryl D. Perryman,19
DeKalb,0040 RAINSVILLE CO SCH CLSM,Lieutenant Governor,,DEM,Phillip Ensler,49
DeKalb,0040 RAINSVILLE CO SCH CLSM,"Public Service Commission, Place No. 1",,DEM,James O. Gordon,27
DeKalb,0040 RAINSVILLE CO SCH CLSM,"Public Service Commission, Place No. 1",,DEM,Jeff Ramsey,21
DeKalb,0040 RAINSVILLE CO SCH CLSM,"Public Service Commission, Place No. 1",,DEM,John Northrop,19
DeKalb,0040 RAINSVILLE CO SCH CLSM,U.S. House,4,DEM,Amanda N. Pusczek,38
DeKalb,0040 RAINSVILLE CO SCH CLSM,U.S. House,4,DEM,Shane Weaver,29
DeKalb,0040 RAINSVILLE CO SCH CLSM,U.S. Senate,,DEM,Dakarai Larriett,17
DeKalb,0040 RAINSVILLE CO SCH CLSM,U.S. Senate,,DEM,Unverified Candidate 2,17
DeKalb,0040 RAINSVILLE CO SCH CLSM,U.S. Senate,,DEM,Unverified Candidate 3,11
DeKalb,0040 RAINSVILLE CO SCH CLSM,U.S. Senate,,DEM,Unverified Candidate 4,21
DeKalb,0040 RAINSVILLE CO SCH CLSM,Attorney General,,REP,Unverified Candidate 1,176
DeKalb,0040 RAINSVILLE CO SCH CLSM,Attorney General,,REP,Unverified Candidate 2,305
DeKalb,0040 RAINSVILLE CO SCH CLSM,Attorney General,,REP,Unverified Candidate 3,256
DeKalb,0040 RAINSVILLE CO SCH CLSM,Commissioner of Agriculture and Industries,,REP,Unverified Candidate 1,221
DeKalb,0040 RAINSVILLE CO SCH CLSM,Commissioner of Agriculture and Industries,,REP,Unverified Candidate 2,164
DeKalb,0040 RAINSVILLE CO SCH CLSM,Commissioner of Agriculture and Industries,,REP,Unverified Candidate 3,342
DeKalb,0040 RAINSVILLE CO SCH CLSM,"Dekalb County Republican Executive Committee, At Lar",,REP,Unverified Candidate 1,290
DeKalb,0040 RAINSVILLE CO SCH CLSM,"Dekalb County Republican Executive Committee, At Lar",,REP,Unverified Candidate 2,219
DeKalb,0040 RAINSVILLE CO SCH CLSM,"Dekalb County Republican Executive Committee, At Lar",,REP,Unverified Candidate 3,234
DeKalb,0040 RAINSVILLE CO SCH CLSM,"Dekalb County Republican Executive Committee, Place District No. 4",,REP,Unverified Candidate 1,475
DeKalb,0040 RAINSVILLE CO SCH CLSM,"Dekalb County Republican Executive Committee, Place District No. 4",,REP,Unverified Candidate 1,446
DeKalb,0040 RAINSVILLE CO SCH CLSM,"Dekalb County Republican Executive Committee, Place District No. 4",,REP,Unverified Candidate 2,302
DeKalb,0040 RAINSVILLE CO SCH CLSM,"Dekalb County Republican Executive Committee, Place District No. 4",,REP,Unverified Candidate 2,308
DeKalb,0040 RAINSVILLE CO SCH CLSM,Governor,,REP,Unverified Candidate 1,57
DeKalb,0040 RAINSVILLE CO SCH CLSM,Governor,,REP,Unverified Candidate 2,32
DeKalb,0040 RAINSVILLE CO SCH CLSM,Governor,,REP,Unverified Candidate 3,698
DeKalb,0040 RAINSVILLE CO SCH CLSM,Lieutenant Governor,,REP,Unverified Candidate 1,293
DeKalb,0040 RAINSVILLE CO SCH CLSM,Lieutenant Governor,,REP,Unverified Candidate 2,11
DeKalb,0040 RAINSVILLE CO SCH CLSM,Lieutenant Governor,,REP,Unverified Candidate 3,9
DeKalb,0040 RAINSVILLE CO SCH CLSM,Lieutenant Governor,,REP,Unverified Candidate 4,101
DeKalb,0040 RAINSVILLE CO SCH CLSM,Lieutenant Governor,,REP,Unverified Candidate 5,8
DeKalb,0040 RAINSVILLE CO SCH CLSM,Lieutenant Governor,,REP,Unverified Candidate 6,32
DeKalb,0040 RAINSVILLE CO SCH CLSM,Lieutenant Governor,,REP,Unverified Candidate 7,296
DeKalb,0040 RAINSVILLE CO SCH CLSM,"Member, Dekalb County Commission, District No. 4",,REP,Unverified Candidate 1,435
DeKalb,0040 RAINSVILLE CO SCH CLSM,"Member, Dekalb County Commission, District No. 4",,REP,Unverified Candidate 2,271
DeKalb,0040 RAINSVILLE CO SCH CLSM,"Member, Dekalb County Commission, District No. 4",,REP,Unverified Candidate 3,79
DeKalb,0040 RAINSVILLE CO SCH CLSM,"President, Dekalb County Commission",,REP,Unverified Candidate 1,195
DeKalb,0040 RAINSVILLE CO SCH CLSM,"President, Dekalb County Commission",,REP,Unverified Candidate 2,547
DeKalb,0040 RAINSVILLE CO SCH CLSM,"Public Service Commission, Place No. 1",,REP,Unverified Candidate 1,478
DeKalb,0040 RAINSVILLE CO SCH CLSM,"Public Service Commission, Place No. 1",,REP,Unverified Candidate 2,199
DeKalb,0040 RAINSVILLE CO SCH CLSM,"Public Service Commission, Place No. 2",,REP,Unverified Candidate 1,71
DeKalb,0040 RAINSVILLE CO SCH CLSM,"Public Service Commission, Place No. 2",,REP,Unverified Candidate 2,150
DeKalb,0040 RAINSVILLE CO SCH CLSM,"Public Service Commission, Place No. 2",,REP,Unverified Candidate 3,233
DeKalb,0040 RAINSVILLE CO SCH CLSM,"Public Service Commission, Place No. 2",,REP,Unverified Candidate 4,238
DeKalb,0040 RAINSVILLE CO SCH CLSM,Secretary of State,,REP,Unverified Candidate 1,473
DeKalb,0040 RAINSVILLE CO SCH CLSM,Secretary of State,,REP,Unverified Candidate 2,122
DeKalb,0040 RAINSVILLE CO SCH CLSM,Secretary of State,,REP,Unverified Candidate 3,91
DeKalb,0040 RAINSVILLE CO SCH CLSM,State Auditor,,REP,Unverified Candidate 1,216
DeKalb,0040 RAINSVILLE CO SCH CLSM,State Auditor,,REP,Unverified Candidate 2,491
DeKalb,0040 RAINSVILLE CO SCH CLSM,State Board of Education,8,REP,Unverified Candidate 1,327
DeKalb,0040 RAINSVILLE CO SCH CLSM,State Board of Education,8,REP,Unverified Candidate 2,180
DeKalb,0040 RAINSVILLE CO SCH CLSM,State Board of Education,8,REP,Unverified Candidate 3,187
DeKalb,0040 RAINSVILLE CO SCH CLSM,State Treasurer,,REP,Unverified Candidate 1,501
DeKalb,0040 RAINSVILLE CO SCH CLSM,State Treasurer,,REP,Unverified Candidate 2,197
DeKalb,0040 RAINSVILLE CO SCH CLSM,U.S. House,4,REP,Unverified Candidate 1,606
DeKalb,0040 RAINSVILLE CO SCH CLSM,U.S. House,4,REP,Unverified Candidate 2,170
DeKalb,0040 RAINSVILLE CO SCH CLSM,U.S. Senate,,REP,Unverified Candidate 1,16
DeKalb,0040 RAINSVILLE CO SCH CLSM,U.S. Senate,,REP,Unverified Candidate 2,2
DeKalb,0040 RAINSVILLE CO SCH CLSM,U.S. Senate,,REP,Unverified Candidate 3,187
DeKalb,0040 RAINSVILLE CO SCH CLSM,U.S. Senate,,REP,Unverified Candidate 4,202
DeKalb,0040 RAINSVILLE CO SCH CLSM,U.S. Senate,,REP,Unverified Candidate 5,346
DeKalb,0040 RAINSVILLE CO SCH CLSM,U.S. Senate,,REP,Unverified Candidate 6,3
DeKalb,0040 RAINSVILLE CO SCH CLSM,U.S. Senate,,REP,Unverified Candidate 7,21
DeKalb,0041 SYLVANIA TOWN HALL,Proposed Statewide Amendment 1,,,No,34
DeKalb,0041 SYLVANIA TOWN HALL,Proposed Statewide Amendment 1,,,Yes,344
DeKalb,0041 SYLVANIA TOWN HALL,Proposed Statewide Amendment 2,,,No,168
DeKalb,0041 SYLVANIA TOWN HALL,Proposed Statewide Amendment 2,,,Yes,199
DeKalb,0041 SYLVANIA TOWN HALL,Governor,,DEM,"Chad ""Chig"" Martin",7
DeKalb,0041 SYLVANIA TOWN HALL,Governor,,DEM,Doug Jones,29
DeKalb,0041 SYLVANIA TOWN HALL,Governor,,DEM,Jamel J. Brown,0
DeKalb,0041 SYLVANIA TOWN HALL,Governor,,DEM,"Nathan ""Nate"" Mathis",0
DeKalb,0041 SYLVANIA TOWN HALL,Governor,,DEM,Will Boyd,6
DeKalb,0041 SYLVANIA TOWN HALL,Governor,,DEM,Yolanda Rochelle Flowers,2
DeKalb,0041 SYLVANIA TOWN HALL,Lieutenant Governor,,DEM,Darryl D. Perryman,14
DeKalb,0041 SYLVANIA TOWN HALL,Lieutenant Governor,,DEM,Phillip Ensler,25
DeKalb,0041 SYLVANIA TOWN HALL,"Public Service Commission, Place No. 1",,DEM,James O. Gordon,18
DeKalb,0041 SYLVANIA TOWN HALL,"Public Service Commission, Place No. 1",,DEM,Jeff Ramsey,15
DeKalb,0041 SYLVANIA TOWN HALL,"Public Service Commission, Place No. 1",,DEM,John Northrop,9
DeKalb,0041 SYLVANIA TOWN HALL,U.S. House,4,DEM,Amanda N. Pusczek,27
DeKalb,0041 SYLVANIA TOWN HALL,U.S. House,4,DEM,Shane Weaver,14
DeKalb,0041 SYLVANIA TOWN HALL,U.S. Senate,,DEM,Dakarai Larriett,10
DeKalb,0041 SYLVANIA TOWN HALL,U.S. Senate,,DEM,Unverified Candidate 2,6
DeKalb,0041 SYLVANIA TOWN HALL,U.S. Senate,,DEM,Unverified Candidate 3,11
DeKalb,0041 SYLVANIA TOWN HALL,U.S. Senate,,DEM,Unverified Candidate 4,15
DeKalb,0041 SYLVANIA TOWN HALL,Attorney General,,REP,Unverified Candidate 1,84
DeKalb,0041 SYLVANIA TOWN HALL,Attorney General,,REP,Unverified Candidate 2,122
DeKalb,0041 SYLVANIA TOWN HALL,Attorney General,,REP,Unverified Candidate 3,125
DeKalb,0041 SYLVANIA TOWN HALL,Commissioner of Agriculture and Industries,,REP,Unverified Candidate 1,96
DeKalb,0041 SYLVANIA TOWN HALL,Commissioner of Agriculture and Industries,,REP,Unverified Candidate 2,62
DeKalb,0041 SYLVANIA TOWN HALL,Commissioner of Agriculture and Industries,,REP,Unverified Candidate 3,180
DeKalb,0041 SYLVANIA TOWN HALL,"Dekalb County Republican Executive Committee, At Lar",,REP,Unverified Candidate 1,103
DeKalb,0041 SYLVANIA TOWN HALL,"Dekalb County Republican Executive Committee, At Lar",,REP,Unverified Candidate 2,99
DeKalb,0041 SYLVANIA TOWN HALL,"Dekalb County Republican Executive Committee, At Lar",,REP,Unverified Candidate 3,135
DeKalb,0041 SYLVANIA TOWN HALL,"Dekalb County Republican Executive Committee, Place District No. 4",,REP,Unverified Candidate 1,214
DeKalb,0041 SYLVANIA TOWN HALL,"Dekalb County Republican Executive Committee, Place District No. 4",,REP,Unverified Candidate 1,173
DeKalb,0041 SYLVANIA TOWN HALL,"Dekalb County Republican Executive Committee, Place District No. 4",,REP,Unverified Candidate 2,139
DeKalb,0041 SYLVANIA TOWN HALL,"Dekalb County Republican Executive Committee, Place District No. 4",,REP,Unverified Candidate 2,150
DeKalb,0041 SYLVANIA TOWN HALL,Governor,,REP,Unverified Candidate 1,10
DeKalb,0041 SYLVANIA TOWN HALL,Governor,,REP,Unverified Candidate 2,21
DeKalb,0041 SYLVANIA TOWN HALL,Governor,,REP,Unverified Candidate 3,327
DeKalb,0041 SYLVANIA TOWN HALL,Lieutenant Governor,,REP,Unverified Candidate 1,132
DeKalb,0041 SYLVANIA TOWN HALL,Lieutenant Governor,,REP,Unverified Candidate 2,8
DeKalb,0041 SYLVANIA TOWN HALL,Lieutenant Governor,,REP,Unverified Candidate 3,5
DeKalb,0041 SYLVANIA TOWN HALL,Lieutenant Governor,,REP,Unverified Candidate 4,50
DeKalb,0041 SYLVANIA TOWN HALL,Lieutenant Governor,,REP,Unverified Candidate 5,7
DeKalb,0041 SYLVANIA TOWN HALL,Lieutenant Governor,,REP,Unverified Candidate 6,15
DeKalb,0041 SYLVANIA TOWN HALL,Lieutenant Governor,,REP,Unverified Candidate 7,125
DeKalb,0041 SYLVANIA TOWN HALL,"Member, Dekalb County Commission, District No. 4",,REP,Unverified Candidate 1,193
DeKalb,0041 SYLVANIA TOWN HALL,"Member, Dekalb County Commission, District No. 4",,REP,Unverified Candidate 2,134
DeKalb,0041 SYLVANIA TOWN HALL,"Member, Dekalb County Commission, District No. 4",,REP,Unverified Candidate 3,29
DeKalb,0041 SYLVANIA TOWN HALL,"President, Dekalb County Commission",,REP,Unverified Candidate 1,87
DeKalb,0041 SYLVANIA TOWN HALL,"President, Dekalb County Commission",,REP,Unverified Candidate 2,247
DeKalb,0041 SYLVANIA TOWN HALL,"Public Service Commission, Place No. 1",,REP,Unverified Candidate 1,219
DeKalb,0041 SYLVANIA TOWN HALL,"Public Service Commission, Place No. 1",,REP,Unverified Candidate 2,85
DeKalb,0041 SYLVANIA TOWN HALL,"Public Service Commission, Place No. 2",,REP,Unverified Candidate 1,34
DeKalb,0041 SYLVANIA TOWN HALL,"Public Service Commission, Place No. 2",,REP,Unverified Candidate 2,75
DeKalb,0041 SYLVANIA TOWN HALL,"Public Service Commission, Place No. 2",,REP,Unverified Candidate 3,101
DeKalb,0041 SYLVANIA TOWN HALL,"Public Service Commission, Place No. 2",,REP,Unverified Candidate 4,101
DeKalb,0041 SYLVANIA TOWN HALL,Secretary of State,,REP,Unverified Candidate 1,198
DeKalb,0041 SYLVANIA TOWN HALL,Secretary of State,,REP,Unverified Candidate 2,65
DeKalb,0041 SYLVANIA TOWN HALL,Secretary of State,,REP,Unverified Candidate 3,50
DeKalb,0041 SYLVANIA TOWN HALL,State Auditor,,REP,Unverified Candidate 1,114
DeKalb,0041 SYLVANIA TOWN HALL,State Auditor,,REP,Unverified Candidate 2,215
DeKalb,0041 SYLVANIA TOWN HALL,State Board of Education,8,REP,Unverified Candidate 1,149
DeKalb,0041 SYLVANIA TOWN HALL,State Board of Education,8,REP,Unverified Candidate 2,81
DeKalb,0041 SYLVANIA TOWN HALL,State Board of Education,8,REP,Unverified Candidate 3,73
DeKalb,0041 SYLVANIA TOWN HALL,State Treasurer,,REP,Unverified Candidate 1,210
DeKalb,0041 SYLVANIA TOWN HALL,State Treasurer,,REP,Unverified Candidate 2,112
DeKalb,0041 SYLVANIA TOWN HALL,U.S. House,4,REP,Unverified Candidate 1,259
DeKalb,0041 SYLVANIA TOWN HALL,U.S. House,4,REP,Unverified Candidate 2,93
DeKalb,0041 SYLVANIA TOWN HALL,U.S. Senate,,REP,Unverified Candidate 1,1
DeKalb,0041 SYLVANIA TOWN HALL,U.S. Senate,,REP,Unverified Candidate 2,0
DeKalb,0041 SYLVANIA TOWN HALL,U.S. Senate,,REP,Unverified Candidate 3,107
DeKalb,0041 SYLVANIA TOWN HALL,U.S. Senate,,REP,Unverified Candidate 4,85
DeKalb,0041 SYLVANIA TOWN HALL,U.S. Senate,,REP,Unverified Candidate 5,155
DeKalb,0041 SYLVANIA TOWN HALL,U.S. Senate,,REP,Unverified Candidate 6,1
DeKalb,0041 SYLVANIA TOWN HALL,U.S. Senate,,REP,Unverified Candidate 7,9
DeKalb,0042 BLAKE COMM CTR,Proposed Statewide Amendment 1,,,No,22
DeKalb,0042 BLAKE COMM CTR,Proposed Statewide Amendment 1,,,Yes,202
DeKalb,0042 BLAKE COMM CTR,Proposed Statewide Amendment 2,,,No,98
DeKalb,0042 BLAKE COMM CTR,Proposed Statewide Amendment 2,,,Yes,116
DeKalb,0042 BLAKE COMM CTR,Governor,,DEM,"Chad ""Chig"" Martin",1
DeKalb,0042 BLAKE COMM CTR,Governor,,DEM,Doug Jones,20
DeKalb,0042 BLAKE COMM CTR,Governor,,DEM,Jamel J. Brown,0
DeKalb,0042 BLAKE COMM CTR,Governor,,DEM,"Nathan ""Nate"" Mathis",0
DeKalb,0042 BLAKE COMM CTR,Governor,,DEM,Will Boyd,6
DeKalb,0042 BLAKE COMM CTR,Governor,,DEM,Yolanda Rochelle Flowers,1
DeKalb,0042 BLAKE COMM CTR,Lieutenant Governor,,DEM,Darryl D. Perryman,10
DeKalb,0042 BLAKE COMM CTR,Lieutenant Governor,,DEM,Phillip Ensler,16
DeKalb,0042 BLAKE COMM CTR,"Public Service Commission, Place No. 1",,DEM,James O. Gordon,7
DeKalb,0042 BLAKE COMM CTR,"Public Service Commission, Place No. 1",,DEM,Jeff Ramsey,15
DeKalb,0042 BLAKE COMM CTR,"Public Service Commission, Place No. 1",,DEM,John Northrop,6
DeKalb,0042 BLAKE COMM CTR,U.S. House,4,DEM,Amanda N. Pusczek,17
DeKalb,0042 BLAKE COMM CTR,U.S. House,4,DEM,Shane Weaver,11
DeKalb,0042 BLAKE COMM CTR,U.S. Senate,,DEM,Dakarai Larriett,7
DeKalb,0042 BLAKE COMM CTR,U.S. Senate,,DEM,Unverified Candidate 2,6
DeKalb,0042 BLAKE COMM CTR,U.S. Senate,,DEM,Unverified Candidate 3,5
DeKalb,0042 BLAKE COMM CTR,U.S. Senate,,DEM,Unverified Candidate 4,9
DeKalb,0042 BLAKE COMM CTR,Attorney General,,REP,Unverified Candidate 1,54
DeKalb,0042 BLAKE COMM CTR,Attorney General,,REP,Unverified Candidate 2,73
DeKalb,0042 BLAKE COMM CTR,Attorney General,,REP,Unverified Candidate 3,60
DeKalb,0042 BLAKE COMM CTR,Commissioner of Agriculture and Industries,,REP,Unverified Candidate 1,51
DeKalb,0042 BLAKE COMM CTR,Commissioner of Agriculture and Industries,,REP,Unverified Candidate 2,43
DeKalb,0042 BLAKE COMM CTR,Commissioner of Agriculture and Industries,,REP,Unverified Candidate 3,95
DeKalb,0042 BLAKE COMM CTR,"Dekalb County Republican Executive Committee, At Lar",,REP,Unverified Candidate 1,79
DeKalb,0042 BLAKE COMM CTR,"Dekalb County Republican Executive Committee, At Lar",,REP,Unverified Candidate 2,58
DeKalb,0042 BLAKE COMM CTR,"Dekalb County Republican Executive Committee, At Lar",,REP,Unverified Candidate 3,49
DeKalb,0042 BLAKE COMM CTR,"Dekalb County Republican Executive Committee, Place District No. 4",,REP,Unverified Candidate 1,134
DeKalb,0042 BLAKE COMM CTR,"Dekalb County Republican Executive Committee, Place District No. 4",,REP,Unverified Candidate 1,105
DeKalb,0042 BLAKE COMM CTR,"Dekalb County Republican Executive Committee, Place District No. 4",,REP,Unverified Candidate 2,64
DeKalb,0042 BLAKE COMM CTR,"Dekalb County Republican Executive Committee, Place District No. 4",,REP,Unverified Candidate 2,79
DeKalb,0042 BLAKE COMM CTR,Governor,,REP,Unverified Candidate 1,10
DeKalb,0042 BLAKE COMM CTR,Governor,,REP,Unverified Candidate 2,9
DeKalb,0042 BLAKE COMM CTR,Governor,,REP,Unverified Candidate 3,182
DeKalb,0042 BLAKE COMM CTR,Lieutenant Governor,,REP,Unverified Candidate 1,64
DeKalb,0042 BLAKE COMM CTR,Lieutenant Governor,,REP,Unverified Candidate 2,8
DeKalb,0042 BLAKE COMM CTR,Lieutenant Governor,,REP,Unverified Candidate 3,3
DeKalb,0042 BLAKE COMM CTR,Lieutenant Governor,,REP,Unverified Candidate 4,26
DeKalb,0042 BLAKE COMM CTR,Lieutenant Governor,,REP,Unverified Candidate 5,0
DeKalb,0042 BLAKE COMM CTR,Lieutenant Governor,,REP,Unverified Candidate 6,9
DeKalb,0042 BLAKE COMM CTR,Lieutenant Governor,,REP,Unverified Candidate 7,90
DeKalb,0042 BLAKE COMM CTR,"Member, Dekalb County Commission, District No. 4",,REP,Unverified Candidate 1,129
DeKalb,0042 BLAKE COMM CTR,"Member, Dekalb County Commission, District No. 4",,REP,Unverified Candidate 2,50
DeKalb,0042 BLAKE COMM CTR,"Member, Dekalb County Commission, District No. 4",,REP,Unverified Candidate 3,20
DeKalb,0042 BLAKE COMM CTR,"President, Dekalb County Commission",,REP,Unverified Candidate 1,53
DeKalb,0042 BLAKE COMM CTR,"President, Dekalb County Commission",,REP,Unverified Candidate 2,136
DeKalb,0042 BLAKE COMM CTR,"Public Service Commission, Place No. 1",,REP,Unverified Candidate 1,129
DeKalb,0042 BLAKE COMM CTR,"Public Service Commission, Place No. 1",,REP,Unverified Candidate 2,45
DeKalb,0042 BLAKE COMM CTR,"Public Service Commission, Place No. 2",,REP,Unverified Candidate 1,22
DeKalb,0042 BLAKE COMM CTR,"Public Service Commission, Place No. 2",,REP,Unverified Candidate 2,38
DeKalb,0042 BLAKE COMM CTR,"Public Service Commission, Place No. 2",,REP,Unverified Candidate 3,45
DeKalb,0042 BLAKE COMM CTR,"Public Service Commission, Place No. 2",,REP,Unverified Candidate 4,78
DeKalb,0042 BLAKE COMM CTR,Secretary of State,,REP,Unverified Candidate 1,109
DeKalb,0042 BLAKE COMM CTR,Secretary of State,,REP,Unverified Candidate 2,31
DeKalb,0042 BLAKE COMM CTR,Secretary of State,,REP,Unverified Candidate 3,40
DeKalb,0042 BLAKE COMM CTR,State Auditor,,REP,Unverified Candidate 1,35
DeKalb,0042 BLAKE COMM CTR,State Auditor,,REP,Unverified Candidate 2,142
DeKalb,0042 BLAKE COMM CTR,State Board of Education,8,REP,Unverified Candidate 1,87
DeKalb,0042 BLAKE COMM CTR,State Board of Education,8,REP,Unverified Candidate 2,64
DeKalb,0042 BLAKE COMM CTR,State Board of Education,8,REP,Unverified Candidate 3,23
DeKalb,0042 BLAKE COMM CTR,State Treasurer,,REP,Unverified Candidate 1,122
DeKalb,0042 BLAKE COMM CTR,State Treasurer,,REP,Unverified Candidate 2,60
DeKalb,0042 BLAKE COMM CTR,U.S. House,4,REP,Unverified Candidate 1,138
DeKalb,0042 BLAKE COMM CTR,U.S. House,4,REP,Unverified Candidate 2,60
DeKalb,0042 BLAKE COMM CTR,U.S. Senate,,REP,Unverified Candidate 1,4
DeKalb,0042 BLAKE COMM CTR,U.S. Senate,,REP,Unverified Candidate 2,4
DeKalb,0042 BLAKE COMM CTR,U.S. Senate,,REP,Unverified Candidate 3,49
DeKalb,0042 BLAKE COMM CTR,U.S. Senate,,REP,Unverified Candidate 4,56
DeKalb,0042 BLAKE COMM CTR,U.S. Senate,,REP,Unverified Candidate 5,82
DeKalb,0042 BLAKE COMM CTR,U.S. Senate,,REP,Unverified Candidate 6,2
DeKalb,0042 BLAKE COMM CTR,U.S. Senate,,REP,Unverified Candidate 7,0
DeKalb,0043 HIGH POINT CH OF GOD,Proposed Statewide Amendment 1,,,No,19
DeKalb,0043 HIGH POINT CH OF GOD,Proposed Statewide Amendment 1,,,Yes,150
DeKalb,0043 HIGH POINT CH OF GOD,Proposed Statewide Amendment 2,,,No,77
DeKalb,0043 HIGH POINT CH OF GOD,Proposed Statewide Amendment 2,,,Yes,83
DeKalb,0043 HIGH POINT CH OF GOD,Governor,,DEM,"Chad ""Chig"" Martin",5
DeKalb,0043 HIGH POINT CH OF GOD,Governor,,DEM,Doug Jones,17
DeKalb,0043 HIGH POINT CH OF GOD,Governor,,DEM,Jamel J. Brown,0
DeKalb,0043 HIGH POINT CH OF GOD,Governor,,DEM,"Nathan ""Nate"" Mathis",0
DeKalb,0043 HIGH POINT CH OF GOD,Governor,,DEM,Will Boyd,3
DeKalb,0043 HIGH POINT CH OF GOD,Governor,,DEM,Yolanda Rochelle Flowers,1
DeKalb,0043 HIGH POINT CH OF GOD,Lieutenant Governor,,DEM,Darryl D. Perryman,6
DeKalb,0043 HIGH POINT CH OF GOD,Lieutenant Governor,,DEM,Phillip Ensler,14
DeKalb,0043 HIGH POINT CH OF GOD,"Public Service Commission, Place No. 1",,DEM,James O. Gordon,2
DeKalb,0043 HIGH POINT CH OF GOD,"Public Service Commission, Place No. 1",,DEM,Jeff Ramsey,10
DeKalb,0043 HIGH POINT CH OF GOD,"Public Service Commission, Place No. 1",,DEM,John Northrop,6
DeKalb,0043 HIGH POINT CH OF GOD,U.S. House,4,DEM,Amanda N. Pusczek,16
DeKalb,0043 HIGH POINT CH OF GOD,U.S. House,4,DEM,Shane Weaver,4
DeKalb,0043 HIGH POINT CH OF GOD,U.S. Senate,,DEM,Dakarai Larriett,7
DeKalb,0043 HIGH POINT CH OF GOD,U.S. Senate,,DEM,Unverified Candidate 2,1
DeKalb,0043 HIGH POINT CH OF GOD,U.S. Senate,,DEM,Unverified Candidate 3,5
DeKalb,0043 HIGH POINT CH OF GOD,U.S. Senate,,DEM,Unverified Candidate 4,7
DeKalb,0043 HIGH POINT CH OF GOD,Attorney General,,REP,Unverified Candidate 1,38
DeKalb,0043 HIGH POINT CH OF GOD,Attorney General,,REP,Unverified Candidate 2,45
DeKalb,0043 HIGH POINT CH OF GOD,Attorney General,,REP,Unverified Candidate 3,62
DeKalb,0043 HIGH POINT CH OF GOD,Commissioner of Agriculture and Industries,,REP,Unverified Candidate 1,41
DeKalb,0043 HIGH POINT CH OF GOD,Commissioner of Agriculture and Industries,,REP,Unverified Candidate 2,36
DeKalb,0043 HIGH POINT CH OF GOD,Commissioner of Agriculture and Industries,,REP,Unverified Candidate 3,62
DeKalb,0043 HIGH POINT CH OF GOD,"Dekalb County Republican Executive Committee, At Lar",,REP,Unverified Candidate 1,51
DeKalb,0043 HIGH POINT CH OF GOD,"Dekalb County Republican Executive Committee, At Lar",,REP,Unverified Candidate 2,62
DeKalb,0043 HIGH POINT CH OF GOD,"Dekalb County Republican Executive Committee, At Lar",,REP,Unverified Candidate 3,27
DeKalb,0043 HIGH POINT CH OF GOD,"Dekalb County Republican Executive Committee, Place District No. 4",,REP,Unverified Candidate 1,104
DeKalb,0043 HIGH POINT CH OF GOD,"Dekalb County Republican Executive Committee, Place District No. 4",,REP,Unverified Candidate 1,67
DeKalb,0043 HIGH POINT CH OF GOD,"Dekalb County Republican Executive Committee, Place District No. 4",,REP,Unverified Candidate 2,50
DeKalb,0043 HIGH POINT CH OF GOD,"Dekalb County Republican Executive Committee, Place District No. 4",,REP,Unverified Candidate 2,66
DeKalb,0043 HIGH POINT CH OF GOD,Governor,,REP,Unverified Candidate 1,14
DeKalb,0043 HIGH POINT CH OF GOD,Governor,,REP,Unverified Candidate 2,5
DeKalb,0043 HIGH POINT CH OF GOD,Governor,,REP,Unverified Candidate 3,135
DeKalb,0043 HIGH POINT CH OF GOD,Lieutenant Governor,,REP,Unverified Candidate 1,49
DeKalb,0043 HIGH POINT CH OF GOD,Lieutenant Governor,,REP,Unverified Candidate 2,3
DeKalb,0043 HIGH POINT CH OF GOD,Lieutenant Governor,,REP,Unverified Candidate 3,3
DeKalb,0043 HIGH POINT CH OF GOD,Lieutenant Governor,,REP,Unverified Candidate 4,13
DeKalb,0043 HIGH POINT CH OF GOD,Lieutenant Governor,,REP,Unverified Candidate 5,3
DeKalb,0043 HIGH POINT CH OF GOD,Lieutenant Governor,,REP,Unverified Candidate 6,10
DeKalb,0043 HIGH POINT CH OF GOD,Lieutenant Governor,,REP,Unverified Candidate 7,69
DeKalb,0043 HIGH POINT CH OF GOD,"Member, Dekalb County Commission, District No. 4",,REP,Unverified Candidate 1,97
DeKalb,0043 HIGH POINT CH OF GOD,"Member, Dekalb County Commission, District No. 4",,REP,Unverified Candidate 2,42
DeKalb,0043 HIGH POINT CH OF GOD,"Member, Dekalb County Commission, District No. 4",,REP,Unverified Candidate 3,15
DeKalb,0043 HIGH POINT CH OF GOD,"President, Dekalb County Commission",,REP,Unverified Candidate 1,34
DeKalb,0043 HIGH POINT CH OF GOD,"President, Dekalb County Commission",,REP,Unverified Candidate 2,115
DeKalb,0043 HIGH POINT CH OF GOD,"Public Service Commission, Place No. 1",,REP,Unverified Candidate 1,92
DeKalb,0043 HIGH POINT CH OF GOD,"Public Service Commission, Place No. 1",,REP,Unverified Candidate 2,44
DeKalb,0043 HIGH POINT CH OF GOD,"Public Service Commission, Place No. 2",,REP,Unverified Candidate 1,17
DeKalb,0043 HIGH POINT CH OF GOD,"Public Service Commission, Place No. 2",,REP,Unverified Candidate 2,30
DeKalb,0043 HIGH POINT CH OF GOD,"Public Service Commission, Place No. 2",,REP,Unverified Candidate 3,47
DeKalb,0043 HIGH POINT CH OF GOD,"Public Service Commission, Place No. 2",,REP,Unverified Candidate 4,44
DeKalb,0043 HIGH POINT CH OF GOD,Secretary of State,,REP,Unverified Candidate 1,98
DeKalb,0043 HIGH POINT CH OF GOD,Secretary of State,,REP,Unverified Candidate 2,23
DeKalb,0043 HIGH POINT CH OF GOD,Secretary of State,,REP,Unverified Candidate 3,21
DeKalb,0043 HIGH POINT CH OF GOD,State Auditor,,REP,Unverified Candidate 1,35
DeKalb,0043 HIGH POINT CH OF GOD,State Auditor,,REP,Unverified Candidate 2,107
DeKalb,0043 HIGH POINT CH OF GOD,State Board of Education,8,REP,Unverified Candidate 1,60
DeKalb,0043 HIGH POINT CH OF GOD,State Board of Education,8,REP,Unverified Candidate 2,43
DeKalb,0043 HIGH POINT CH OF GOD,State Board of Education,8,REP,Unverified Candidate 3,29
DeKalb,0043 HIGH POINT CH OF GOD,State Treasurer,,REP,Unverified Candidate 1,117
DeKalb,0043 HIGH POINT CH OF GOD,State Treasurer,,REP,Unverified Candidate 2,23
DeKalb,0043 HIGH POINT CH OF GOD,U.S. House,4,REP,Unverified Candidate 1,113
DeKalb,0043 HIGH POINT CH OF GOD,U.S. House,4,REP,Unverified Candidate 2,41
DeKalb,0043 HIGH POINT CH OF GOD,U.S. Senate,,REP,Unverified Candidate 1,2
DeKalb,0043 HIGH POINT CH OF GOD,U.S. Senate,,REP,Unverified Candidate 2,0
DeKalb,0043 HIGH POINT CH OF GOD,U.S. Senate,,REP,Unverified Candidate 3,54
DeKalb,0043 HIGH POINT CH OF GOD,U.S. Senate,,REP,Unverified Candidate 4,32
DeKalb,0043 HIGH POINT CH OF GOD,U.S. Senate,,REP,Unverified Candidate 5,64
DeKalb,0043 HIGH POINT CH OF GOD,U.S. Senate,,REP,Unverified Candidate 6,0
DeKalb,0043 HIGH POINT CH OF GOD,U.S. Senate,,REP,Unverified Candidate 7,4
DeKalb,0044 PINE RIDGE COMM D-4,Proposed Statewide Amendment 1,,,No,5
DeKalb,0044 PINE RIDGE COMM D-4,Proposed Statewide Amendment 1,,,Yes,36
DeKalb,0044 PINE RIDGE COMM D-4,Proposed Statewide Amendment 2,,,No,16
DeKalb,0044 PINE RIDGE COMM D-4,Proposed Statewide Amendment 2,,,Yes,24
DeKalb,0044 PINE RIDGE COMM D-4,Governor,,DEM,"Chad ""Chig"" Martin",1
DeKalb,0044 PINE RIDGE COMM D-4,Governor,,DEM,Doug Jones,6
DeKalb,0044 PINE RIDGE COMM D-4,Governor,,DEM,Jamel J. Brown,0
DeKalb,0044 PINE RIDGE COMM D-4,Governor,,DEM,"Nathan ""Nate"" Mathis",0
DeKalb,0044 PINE RIDGE COMM D-4,Governor,,DEM,Will Boyd,1
DeKalb,0044 PINE RIDGE COMM D-4,Governor,,DEM,Yolanda Rochelle Flowers,0
DeKalb,0044 PINE RIDGE COMM D-4,Lieutenant Governor,,DEM,Darryl D. Perryman,3
DeKalb,0044 PINE RIDGE COMM D-4,Lieutenant Governor,,DEM,Phillip Ensler,5
DeKalb,0044 PINE RIDGE COMM D-4,"Public Service Commission, Place No. 1",,DEM,James O. Gordon,2
DeKalb,0044 PINE RIDGE COMM D-4,"Public Service Commission, Place No. 1",,DEM,Jeff Ramsey,2
DeKalb,0044 PINE RIDGE COMM D-4,"Public Service Commission, Place No. 1",,DEM,John Northrop,4
DeKalb,0044 PINE RIDGE COMM D-4,U.S. House,4,DEM,Amanda N. Pusczek,8
DeKalb,0044 PINE RIDGE COMM D-4,U.S. House,4,DEM,Shane Weaver,0
DeKalb,0044 PINE RIDGE COMM D-4,U.S. Senate,,DEM,Dakarai Larriett,4
DeKalb,0044 PINE RIDGE COMM D-4,U.S. Senate,,DEM,Unverified Candidate 2,0
DeKalb,0044 PINE RIDGE COMM D-4,U.S. Senate,,DEM,Unverified Candidate 3,4
DeKalb,0044 PINE RIDGE COMM D-4,U.S. Senate,,DEM,Unverified Candidate 4,0
DeKalb,0044 PINE RIDGE COMM D-4,Attorney General,,REP,Unverified Candidate 1,11
DeKalb,0044 PINE RIDGE COMM D-4,Attorney General,,REP,Unverified Candidate 2,15
DeKalb,0044 PINE RIDGE COMM D-4,Attorney General,,REP,Unverified Candidate 3,8
DeKalb,0044 PINE RIDGE COMM D-4,Commissioner of Agriculture and Industries,,REP,Unverified Candidate 1,10
DeKalb,0044 PINE RIDGE COMM D-4,Commissioner of Agriculture and Industries,,REP,Unverified Candidate 2,9
DeKalb,0044 PINE RIDGE COMM D-4,Commissioner of Agriculture and Industries,,REP,Unverified Candidate 3,15
DeKalb,0044 PINE RIDGE COMM D-4,"Dekalb County Republican Executive Committee, At Lar",,REP,Unverified Candidate 1,12
DeKalb,0044 PINE RIDGE COMM D-4,"Dekalb County Republican Executive Committee, At Lar",,REP,Unverified Candidate 2,7
DeKalb,0044 PINE RIDGE COMM D-4,"Dekalb County Republican Executive Committee, At Lar",,REP,Unverified Candidate 3,15
DeKalb,0044 PINE RIDGE COMM D-4,"Dekalb County Republican Executive Committee, Place District No. 4",,REP,Unverified Candidate 1,20
DeKalb,0044 PINE RIDGE COMM D-4,"Dekalb County Republican Executive Committee, Place District No. 4",,REP,Unverified Candidate 1,22
DeKalb,0044 PINE RIDGE COMM D-4,"Dekalb County Republican Executive Committee, Place District No. 4",,REP,Unverified Candidate 2,14
DeKalb,0044 PINE RIDGE COMM D-4,"Dekalb County Republican Executive Committee, Place District No. 4",,REP,Unverified Candidate 2,12
DeKalb,0044 PINE RIDGE COMM D-4,Governor,,REP,Unverified Candidate 1,1
DeKalb,0044 PINE RIDGE COMM D-4,Governor,,REP,Unverified Candidate 2,0
DeKalb,0044 PINE RIDGE COMM D-4,Governor,,REP,Unverified Candidate 3,33
DeKalb,0044 PINE RIDGE COMM D-4,Lieutenant Governor,,REP,Unverified Candidate 1,16
DeKalb,0044 PINE RIDGE COMM D-4,Lieutenant Governor,,REP,Unverified Candidate 2,0
DeKalb,0044 PINE RIDGE COMM D-4,Lieutenant Governor,,REP,Unverified Candidate 3,1
DeKalb,0044 PINE RIDGE COMM D-4,Lieutenant Governor,,REP,Unverified Candidate 4,1
DeKalb,0044 PINE RIDGE COMM D-4,Lieutenant Governor,,REP,Unverified Candidate 5,0
DeKalb,0044 PINE RIDGE COMM D-4,Lieutenant Governor,,REP,Unverified Candidate 6,2
DeKalb,0044 PINE RIDGE COMM D-4,Lieutenant Governor,,REP,Unverified Candidate 7,14
DeKalb,0044 PINE RIDGE COMM D-4,"Member, Dekalb County Commission, District No. 4",,REP,Unverified Candidate 1,20
DeKalb,0044 PINE RIDGE COMM D-4,"Member, Dekalb County Commission, District No. 4",,REP,Unverified Candidate 2,10
DeKalb,0044 PINE RIDGE COMM D-4,"Member, Dekalb County Commission, District No. 4",,REP,Unverified Candidate 3,4
DeKalb,0044 PINE RIDGE COMM D-4,"President, Dekalb County Commission",,REP,Unverified Candidate 1,12
DeKalb,0044 PINE RIDGE COMM D-4,"President, Dekalb County Commission",,REP,Unverified Candidate 2,22
DeKalb,0044 PINE RIDGE COMM D-4,"Public Service Commission, Place No. 1",,REP,Unverified Candidate 1,20
DeKalb,0044 PINE RIDGE COMM D-4,"Public Service Commission, Place No. 1",,REP,Unverified Candidate 2,13
DeKalb,0044 PINE RIDGE COMM D-4,"Public Service Commission, Place No. 2",,REP,Unverified Candidate 1,2
DeKalb,0044 PINE RIDGE COMM D-4,"Public Service Commission, Place No. 2",,REP,Unverified Candidate 2,9
DeKalb,0044 PINE RIDGE COMM D-4,"Public Service Commission, Place No. 2",,REP,Unverified Candidate 3,7
DeKalb,0044 PINE RIDGE COMM D-4,"Public Service Commission, Place No. 2",,REP,Unverified Candidate 4,15
DeKalb,0044 PINE RIDGE COMM D-4,Secretary of State,,REP,Unverified Candidate 1,17
DeKalb,0044 PINE RIDGE COMM D-4,Secretary of State,,REP,Unverified Candidate 2,11
DeKalb,0044 PINE RIDGE COMM D-4,Secretary of State,,REP,Unverified Candidate 3,5
DeKalb,0044 PINE RIDGE COMM D-4,State Auditor,,REP,Unverified Candidate 1,6
DeKalb,0044 PINE RIDGE COMM D-4,State Auditor,,REP,Unverified Candidate 2,28
DeKalb,0044 PINE RIDGE COMM D-4,State Board of Education,8,REP,Unverified Candidate 1,17
DeKalb,0044 PINE RIDGE COMM D-4,State Board of Education,8,REP,Unverified Candidate 2,10
DeKalb,0044 PINE RIDGE COMM D-4,State Board of Education,8,REP,Unverified Candidate 3,5
DeKalb,0044 PINE RIDGE COMM D-4,State Treasurer,,REP,Unverified Candidate 1,23
DeKalb,0044 PINE RIDGE COMM D-4,State Treasurer,,REP,Unverified Candidate 2,11
DeKalb,0044 PINE RIDGE COMM D-4,U.S. House,4,REP,Unverified Candidate 1,27
DeKalb,0044 PINE RIDGE COMM D-4,U.S. House,4,REP,Unverified Candidate 2,6
DeKalb,0044 PINE RIDGE COMM D-4,U.S. Senate,,REP,Unverified Candidate 1,1
DeKalb,0044 PINE RIDGE COMM D-4,U.S. Senate,,REP,Unverified Candidate 2,1
DeKalb,0044 PINE RIDGE COMM D-4,U.S. Senate,,REP,Unverified Candidate 3,4
DeKalb,0044 PINE RIDGE COMM D-4,U.S. Senate,,REP,Unverified Candidate 4,9
DeKalb,0044 PINE RIDGE COMM D-4,U.S. Senate,,REP,Unverified Candidate 5,18
DeKalb,0044 PINE RIDGE COMM D-4,U.S. Senate,,REP,Unverified Candidate 6,0
DeKalb,0044 PINE RIDGE COMM D-4,U.S. Senate,,REP,Unverified Candidate 7,1
DeKalb,0045 ABSENTEE,Proposed Statewide Amendment 1,,,No,20
DeKalb,0045 ABSENTEE,Proposed Statewide Amendment 1,,,Yes,151
DeKalb,0045 ABSENTEE,Proposed Statewide Amendment 2,,,No,67
DeKalb,0045 ABSENTEE,Proposed Statewide Amendment 2,,,Yes,97
DeKalb,0045 ABSENTEE,Governor,,DEM,"Chad ""Chig"" Martin",0
DeKalb,0045 ABSENTEE,Governor,,DEM,Doug Jones,21
DeKalb,0045 ABSENTEE,Governor,,DEM,Jamel J. Brown,0
DeKalb,0045 ABSENTEE,Governor,,DEM,"Nathan ""Nate"" Mathis",1
DeKalb,0045 ABSENTEE,Governor,,DEM,Will Boyd,6
DeKalb,0045 ABSENTEE,Governor,,DEM,Yolanda Rochelle Flowers,0
DeKalb,0045 ABSENTEE,Lieutenant Governor,,DEM,Darryl D. Perryman,10
DeKalb,0045 ABSENTEE,Lieutenant Governor,,DEM,Phillip Ensler,17
DeKalb,0045 ABSENTEE,"Public Service Commission, Place No. 1",,DEM,James O. Gordon,7
DeKalb,0045 ABSENTEE,"Public Service Commission, Place No. 1",,DEM,Jeff Ramsey,9
DeKalb,0045 ABSENTEE,"Public Service Commission, Place No. 1",,DEM,John Northrop,10
DeKalb,0045 ABSENTEE,U.S. House,4,DEM,Amanda N. Pusczek,16
DeKalb,0045 ABSENTEE,U.S. House,4,DEM,Shane Weaver,10
DeKalb,0045 ABSENTEE,U.S. Senate,,DEM,Dakarai Larriett,7
DeKalb,0045 ABSENTEE,U.S. Senate,,DEM,Unverified Candidate 2,7
DeKalb,0045 ABSENTEE,U.S. Senate,,DEM,Unverified Candidate 3,2
DeKalb,0045 ABSENTEE,U.S. Senate,,DEM,Unverified Candidate 4,11
DeKalb,0045 ABSENTEE,Attorney General,,REP,Unverified Candidate 1,37
DeKalb,0045 ABSENTEE,Attorney General,,REP,Unverified Candidate 2,54
DeKalb,0045 ABSENTEE,Attorney General,,REP,Unverified Candidate 3,48
DeKalb,0045 ABSENTEE,Commissioner of Agriculture and Industries,,REP,Unverified Candidate 1,49
DeKalb,0045 ABSENTEE,Commissioner of Agriculture and Industries,,REP,Unverified Candidate 2,32
DeKalb,0045 ABSENTEE,Commissioner of Agriculture and Industries,,REP,Unverified Candidate 3,54
DeKalb,0045 ABSENTEE,"Dekalb County Republican Executive Committee, At Lar",,REP,Unverified Candidate 1,36
DeKalb,0045 ABSENTEE,"Dekalb County Republican Executive Committee, At Lar",,REP,Unverified Candidate 2,64
DeKalb,0045 ABSENTEE,"Dekalb County Republican Executive Committee, At Lar",,REP,Unverified Candidate 3,38
DeKalb,0045 ABSENTEE,"Dekalb County Republican Executive Committee, Place District No. 1",,REP,Unverified Candidate 1,18
DeKalb,0045 ABSENTEE,"Dekalb County Republican Executive Committee, Place District No. 1",,REP,Unverified Candidate 1,8
DeKalb,0045 ABSENTEE,"Dekalb County Republican Executive Committee, Place District No. 1",,REP,Unverified Candidate 2,35
DeKalb,0045 ABSENTEE,"Dekalb County Republican Executive Committee, Place District No. 1",,REP,Unverified Candidate 2,43
DeKalb,0045 ABSENTEE,"Dekalb County Republican Executive Committee, Place District No. 2",,REP,Unverified Candidate 1,4
DeKalb,0045 ABSENTEE,"Dekalb County Republican Executive Committee, Place District No. 2",,REP,Unverified Candidate 1,8
DeKalb,0045 ABSENTEE,"Dekalb County Republican Executive Committee, Place District No. 2",,REP,Unverified Candidate 2,11
DeKalb,0045 ABSENTEE,"Dekalb County Republican Executive Committee, Place District No. 2",,REP,Unverified Candidate 2,7
DeKalb,0045 ABSENTEE,"Dekalb County Republican Executive Committee, Place District No. 4",,REP,Unverified Candidate 1,18
DeKalb,0045 ABSENTEE,"Dekalb County Republican Executive Committee, Place District No. 4",,REP,Unverified Candidate 1,19
DeKalb,0045 ABSENTEE,"Dekalb County Republican Executive Committee, Place District No. 4",,REP,Unverified Candidate 2,12
DeKalb,0045 ABSENTEE,"Dekalb County Republican Executive Committee, Place District No. 4",,REP,Unverified Candidate 2,11
DeKalb,0045 ABSENTEE,Dekalb County Republican Executive Committee. Place District No. 2,,REP,Unverified Candidate 1,10
DeKalb,0045 ABSENTEE,Dekalb County Republican Executive Committee. Place District No. 2,,REP,Unverified Candidate 2,4
DeKalb,0045 ABSENTEE,Governor,,REP,Unverified Candidate 1,19
DeKalb,0045 ABSENTEE,Governor,,REP,Unverified Candidate 2,7
DeKalb,0045 ABSENTEE,Governor,,REP,Unverified Candidate 3,122
DeKalb,0045 ABSENTEE,Lieutenant Governor,,REP,Unverified Candidate 1,58
DeKalb,0045 ABSENTEE,Lieutenant Governor,,REP,Unverified Candidate 2,0
DeKalb,0045 ABSENTEE,Lieutenant Governor,,REP,Unverified Candidate 3,0
DeKalb,0045 ABSENTEE,Lieutenant Governor,,REP,Unverified Candidate 4,27
DeKalb,0045 ABSENTEE,Lieutenant Governor,,REP,Unverified Candidate 5,3
DeKalb,0045 ABSENTEE,Lieutenant Governor,,REP,Unverified Candidate 6,8
DeKalb,0045 ABSENTEE,Lieutenant Governor,,REP,Unverified Candidate 7,49
DeKalb,0045 ABSENTEE,"Member, Dekalb County Commission, District No. 4",,REP,Unverified Candidate 1,17
DeKalb,0045 ABSENTEE,"Member, Dekalb County Commission, District No. 4",,REP,Unverified Candidate 2,12
DeKalb,0045 ABSENTEE,"Member, Dekalb County Commission, District No. 4",,REP,Unverified Candidate 3,0
DeKalb,0045 ABSENTEE,"Member, Dekalb County Commission. District No. 3",,REP,Unverified Candidate 1,23
DeKalb,0045 ABSENTEE,"Member, Dekalb County Commission. District No. 3",,REP,Unverified Candidate 2,22
DeKalb,0045 ABSENTEE,"President, Dekalb County Commission",,REP,Unverified Candidate 1,19
DeKalb,0045 ABSENTEE,"President, Dekalb County Commission",,REP,Unverified Candidate 2,123
DeKalb,0045 ABSENTEE,"Public Service Commission, Place No. 1",,REP,Unverified Candidate 1,82
DeKalb,0045 ABSENTEE,"Public Service Commission, Place No. 1",,REP,Unverified Candidate 2,47
DeKalb,0045 ABSENTEE,"Public Service Commission, Place No. 2",,REP,Unverified Candidate 1,18
DeKalb,0045 ABSENTEE,"Public Service Commission, Place No. 2",,REP,Unverified Candidate 2,36
DeKalb,0045 ABSENTEE,"Public Service Commission, Place No. 2",,REP,Unverified Candidate 3,41
DeKalb,0045 ABSENTEE,"Public Service Commission, Place No. 2",,REP,Unverified Candidate 4,37
DeKalb,0045 ABSENTEE,Secretary of State,,REP,Unverified Candidate 1,88
DeKalb,0045 ABSENTEE,Secretary of State,,REP,Unverified Candidate 2,26
DeKalb,0045 ABSENTEE,Secretary of State,,REP,Unverified Candidate 3,15
DeKalb,0045 ABSENTEE,State Auditor,,REP,Unverified Candidate 1,43
DeKalb,0045 ABSENTEE,State Auditor,,REP,Unverified Candidate 2,90
DeKalb,0045 ABSENTEE,State Board of Education,8,REP,Unverified Candidate 1,68
DeKalb,0045 ABSENTEE,State Board of Education,8,REP,Unverified Candidate 2,17
DeKalb,0045 ABSENTEE,State Board of Education,8,REP,Unverified Candidate 3,40
DeKalb,0045 ABSENTEE,State Senate,10,REP,Unverified Candidate 1,12
DeKalb,0045 ABSENTEE,State Senate,10,REP,Unverified Candidate 2,6
DeKalb,0045 ABSENTEE,State Treasurer,,REP,Unverified Candidate 1,99
DeKalb,0045 ABSENTEE,State Treasurer,,REP,Unverified Candidate 2,30
DeKalb,0045 ABSENTEE,U.S. House,4,REP,Unverified Candidate 1,122
DeKalb,0045 ABSENTEE,U.S. House,4,REP,Unverified Candidate 2,24
DeKalb,0045 ABSENTEE,U.S. Senate,,REP,Unverified Candidate 1,6
DeKalb,0045 ABSENTEE,U.S. Senate,,REP,Unverified Candidate 2,2
DeKalb,0045 ABSENTEE,U.S. Senate,,REP,Unverified Candidate 3,55
DeKalb,0045 ABSENTEE,U.S. Senate,,REP,Unverified Candidate 4,34
DeKalb,0045 ABSENTEE,U.S. Senate,,REP,Unverified Candidate 5,46
DeKalb,0045 ABSENTEE,U.S. Senate,,REP,Unverified Candidate 6,1
DeKalb,0045 ABSENTEE,U.S. Senate,,REP,Unverified Candidate 7,5
DeKalb,0046 PROVISIONAL,Proposed Statewide Amendment 1,,,No,0
DeKalb,0046 PROVISIONAL,Proposed Statewide Amendment 1,,,Yes,0
DeKalb,0046 PROVISIONAL,Proposed Statewide Amendment 2,,,No,0
DeKalb,0046 PROVISIONAL,Proposed Statewide Amendment 2,,,Yes,0
DeKalb,0046 PROVISIONAL,Governor,,DEM,"Chad ""Chig"" Martin",0
DeKalb,0046 PROVISIONAL,Governor,,DEM,Doug Jones,0
DeKalb,0046 PROVISIONAL,Governor,,DEM,Jamel J. Brown,0
DeKalb,0046 PROVISIONAL,Governor,,DEM,"Nathan ""Nate"" Mathis",0
DeKalb,0046 PROVISIONAL,Governor,,DEM,Will Boyd,0
DeKalb,0046 PROVISIONAL,Governor,,DEM,Yolanda Rochelle Flowers,0
DeKalb,0046 PROVISIONAL,Lieutenant Governor,,DEM,Darryl D. Perryman,0
DeKalb,0046 PROVISIONAL,Lieutenant Governor,,DEM,Phillip Ensler,0
DeKalb,0046 PROVISIONAL,"Public Service Commission, Place No. 1",,DEM,James O. Gordon,0
DeKalb,0046 PROVISIONAL,"Public Service Commission, Place No. 1",,DEM,Jeff Ramsey,0
DeKalb,0046 PROVISIONAL,"Public Service Commission, Place No. 1",,DEM,John Northrop,0
DeKalb,0046 PROVISIONAL,U.S. House,4,DEM,Amanda N. Pusczek,0
DeKalb,0046 PROVISIONAL,U.S. House,4,DEM,Shane Weaver,0
DeKalb,0046 PROVISIONAL,U.S. Senate,,DEM,Dakarai Larriett,0
DeKalb,0046 PROVISIONAL,U.S. Senate,,DEM,Unverified Candidate 2,0
DeKalb,0046 PROVISIONAL,U.S. Senate,,DEM,Unverified Candidate 3,0
DeKalb,0046 PROVISIONAL,U.S. Senate,,DEM,Unverified Candidate 4,0
DeKalb,0046 PROVISIONAL,Attorney General,,REP,Unverified Candidate 1,0
DeKalb,0046 PROVISIONAL,Attorney General,,REP,Unverified Candidate 2,0
DeKalb,0046 PROVISIONAL,Attorney General,,REP,Unverified Candidate 3,0
DeKalb,0046 PROVISIONAL,Commissioner of Agriculture and Industries,,REP,Unverified Candidate 1,0
DeKalb,0046 PROVISIONAL,Commissioner of Agriculture and Industries,,REP,Unverified Candidate 2,0
DeKalb,0046 PROVISIONAL,Commissioner of Agriculture and Industries,,REP,Unverified Candidate 3,0
DeKalb,0046 PROVISIONAL,"Dekalb County Republican Executive Committee, At Lar",,REP,Unverified Candidate 1,0
DeKalb,0046 PROVISIONAL,"Dekalb County Republican Executive Committee, At Lar",,REP,Unverified Candidate 2,0
DeKalb,0046 PROVISIONAL,"Dekalb County Republican Executive Committee, At Lar",,REP,Unverified Candidate 3,0
DeKalb,0046 PROVISIONAL,"Dekalb County Republican Executive Committee, Place District No. 1",,REP,Unverified Candidate 1,0
DeKalb,0046 PROVISIONAL,"Dekalb County Republican Executive Committee, Place District No. 1",,REP,Unverified Candidate 1,0
DeKalb,0046 PROVISIONAL,"Dekalb County Republican Executive Committee, Place District No. 1",,REP,Unverified Candidate 2,0
DeKalb,0046 PROVISIONAL,"Dekalb County Republican Executive Committee, Place District No. 1",,REP,Unverified Candidate 2,0
DeKalb,0046 PROVISIONAL,"Dekalb County Republican Executive Committee, Place District No. 2",,REP,Unverified Candidate 1,0
DeKalb,0046 PROVISIONAL,"Dekalb County Republican Executive Committee, Place District No. 2",,REP,Unverified Candidate 1,0
DeKalb,0046 PROVISIONAL,"Dekalb County Republican Executive Committee, Place District No. 2",,REP,Unverified Candidate 2,0
DeKalb,0046 PROVISIONAL,"Dekalb County Republican Executive Committee, Place District No. 2",,REP,Unverified Candidate 2,0
DeKalb,0046 PROVISIONAL,"Dekalb County Republican Executive Committee, Place District No. 4",,REP,Unverified Candidate 1,0
DeKalb,0046 PROVISIONAL,"Dekalb County Republican Executive Committee, Place District No. 4",,REP,Unverified Candidate 1,0
DeKalb,0046 PROVISIONAL,"Dekalb County Republican Executive Committee, Place District No. 4",,REP,Unverified Candidate 2,0
DeKalb,0046 PROVISIONAL,"Dekalb County Republican Executive Committee, Place District No. 4",,REP,Unverified Candidate 2,0
DeKalb,0046 PROVISIONAL,Dekalb County Republican Executive Committee. Place District No. 2,,REP,Unverified Candidate 1,0
DeKalb,0046 PROVISIONAL,Dekalb County Republican Executive Committee. Place District No. 2,,REP,Unverified Candidate 2,0
DeKalb,0046 PROVISIONAL,Governor,,REP,Unverified Candidate 1,0
DeKalb,0046 PROVISIONAL,Governor,,REP,Unverified Candidate 2,0
DeKalb,0046 PROVISIONAL,Governor,,REP,Unverified Candidate 3,0
DeKalb,0046 PROVISIONAL,Lieutenant Governor,,REP,Unverified Candidate 1,0
DeKalb,0046 PROVISIONAL,Lieutenant Governor,,REP,Unverified Candidate 2,0
DeKalb,0046 PROVISIONAL,Lieutenant Governor,,REP,Unverified Candidate 3,0
DeKalb,0046 PROVISIONAL,Lieutenant Governor,,REP,Unverified Candidate 4,0
DeKalb,0046 PROVISIONAL,Lieutenant Governor,,REP,Unverified Candidate 5,0
DeKalb,0046 PROVISIONAL,Lieutenant Governor,,REP,Unverified Candidate 6,0
DeKalb,0046 PROVISIONAL,Lieutenant Governor,,REP,Unverified Candidate 7,0
DeKalb,0046 PROVISIONAL,"Member, Dekalb County Commission, District No. 4",,REP,Unverified Candidate 1,0
DeKalb,0046 PROVISIONAL,"Member, Dekalb County Commission, District No. 4",,REP,Unverified Candidate 2,0
DeKalb,0046 PROVISIONAL,"Member, Dekalb County Commission, District No. 4",,REP,Unverified Candidate 3,0
DeKalb,0046 PROVISIONAL,"Member, Dekalb County Commission. District No. 3",,REP,Unverified Candidate 1,0
DeKalb,0046 PROVISIONAL,"Member, Dekalb County Commission. District No. 3",,REP,Unverified Candidate 2,0
DeKalb,0046 PROVISIONAL,"President, Dekalb County Commission",,REP,Unverified Candidate 1,0
DeKalb,0046 PROVISIONAL,"President, Dekalb County Commission",,REP,Unverified Candidate 2,0
DeKalb,0046 PROVISIONAL,"Public Service Commission, Place No. 1",,REP,Unverified Candidate 1,0
DeKalb,0046 PROVISIONAL,"Public Service Commission, Place No. 1",,REP,Unverified Candidate 2,0
DeKalb,0046 PROVISIONAL,"Public Service Commission, Place No. 2",,REP,Unverified Candidate 1,0
DeKalb,0046 PROVISIONAL,"Public Service Commission, Place No. 2",,REP,Unverified Candidate 2,0
DeKalb,0046 PROVISIONAL,"Public Service Commission, Place No. 2",,REP,Unverified Candidate 3,0
DeKalb,0046 PROVISIONAL,"Public Service Commission, Place No. 2",,REP,Unverified Candidate 4,0
DeKalb,0046 PROVISIONAL,Secretary of State,,REP,Unverified Candidate 1,0
DeKalb,0046 PROVISIONAL,Secretary of State,,REP,Unverified Candidate 2,0
DeKalb,0046 PROVISIONAL,Secretary of State,,REP,Unverified Candidate 3,0
DeKalb,0046 PROVISIONAL,State Auditor,,REP,Unverified Candidate 1,0
DeKalb,0046 PROVISIONAL,State Auditor,,REP,Unverified Candidate 2,0
DeKalb,0046 PROVISIONAL,State Board of Education,8,REP,Unverified Candidate 1,0
DeKalb,0046 PROVISIONAL,State Board of Education,8,REP,Unverified Candidate 2,0
DeKalb,0046 PROVISIONAL,State Board of Education,8,REP,Unverified Candidate 3,0
DeKalb,0046 PROVISIONAL,State Senate,10,REP,Unverified Candidate 1,0
DeKalb,0046 PROVISIONAL,State Senate,10,REP,Unverified Candidate 2,0
DeKalb,0046 PROVISIONAL,State Treasurer,,REP,Unverified Candidate 1,0
DeKalb,0046 PROVISIONAL,State Treasurer,,REP,Unverified Candidate 2,0
DeKalb,0046 PROVISIONAL,U.S. House,4,REP,Unverified Candidate 1,0
DeKalb,0046 PROVISIONAL,U.S. House,4,REP,Unverified Candidate 2,0
DeKalb,0046 PROVISIONAL,U.S. Senate,,REP,Unverified Candidate 1,0
DeKalb,0046 PROVISIONAL,U.S. Senate,,REP,Unverified Candidate 2,0
DeKalb,0046 PROVISIONAL,U.S. Senate,,REP,Unverified Candidate 3,0
DeKalb,0046 PROVISIONAL,U.S. Senate,,REP,Unverified Candidate 4,0
DeKalb,0046 PROVISIONAL,U.S. Senate,,REP,Unverified Candidate 5,0
DeKalb,0046 PROVISIONAL,U.S. Senate,,REP,Unverified Candidate 6,0
DeKalb,0046 PROVISIONAL,U.S. Senate,,REP,Unverified Candidate 7,0
