county,precinct,office,district,party,candidate,votes
Geneva,0001 MALVERN COMM. CTR.,Governor,,DEM,"Chad ""Chig"" Martin",5
Geneva,0001 MALVERN COMM. CTR.,Governor,,DEM,Doug Jones,15
Geneva,0001 MALVERN COMM. CTR.,Governor,,DEM,Jamel J. Brown,1
Geneva,0001 MALVERN COMM. CTR.,Governor,,DEM,"Nathan ""Nate"" Mathis",5
Geneva,0001 MALVERN COMM. CTR.,Governor,,DEM,Will Boyd,8
Geneva,0001 MALVERN COMM. CTR.,Governor,,DEM,Yolanda Rochelle Flowers,2
Geneva,0001 MALVERN COMM. CTR.,Lieutenant Governor,,DEM,Darryl D. Perryman,10
Geneva,0001 MALVERN COMM. CTR.,Lieutenant Governor,,DEM,Phillip Ensler,21
Geneva,0001 MALVERN COMM. CTR.,"Public Service Commission, Place No. 1",,DEM,John Northrop,7
Geneva,0001 MALVERN COMM. CTR.,"Public Service Commission, Place No. 1",,DEM,James O. Gordon,12
Geneva,0001 MALVERN COMM. CTR.,"Public Service Commission, Place No. 1",,DEM,Jeff Ramsey,11
Geneva,0001 MALVERN COMM. CTR.,U.S. Senate,,DEM,Mark S. Wheeler II,9
Geneva,0001 MALVERN COMM. CTR.,U.S. Senate,,DEM,Kyle Sweetser,5
Geneva,0001 MALVERN COMM. CTR.,U.S. Senate,,DEM,Dakarai Larriett,5
Geneva,0001 MALVERN COMM. CTR.,U.S. Senate,,DEM,Everett Wess,12
Geneva,0001 MALVERN COMM. CTR.,Attorney General,,REP,Jay Mitchell,140
Geneva,0001 MALVERN COMM. CTR.,Attorney General,,REP,Katherine Robertson,115
Geneva,0001 MALVERN COMM. CTR.,Attorney General,,REP,Pamela L. Casey,124
Geneva,0001 MALVERN COMM. CTR.,Commissioner of Agriculture and Industries,,REP,Christina Woerner McInnis,90
Geneva,0001 MALVERN COMM. CTR.,Commissioner of Agriculture and Industries,,REP,Cory Hill,166
Geneva,0001 MALVERN COMM. CTR.,Commissioner of Agriculture and Industries,,REP,Jack Williams,107
Geneva,0001 MALVERN COMM. CTR.,Geneva County Sheriff,,REP,David Hall,380
Geneva,0001 MALVERN COMM. CTR.,Geneva County Sheriff,,REP,Tim Forehand,42
Geneva,0001 MALVERN COMM. CTR.,Governor,,REP,"""Alabama"" Will Santivasci",15
Geneva,0001 MALVERN COMM. CTR.,Governor,,REP,Ken McFeeters,41
Geneva,0001 MALVERN COMM. CTR.,Governor,,REP,Thomas Tuberville,361
Geneva,0001 MALVERN COMM. CTR.,Lieutenant Governor,,REP,George Childress,12
Geneva,0001 MALVERN COMM. CTR.,Lieutenant Governor,,REP,John Wahl,152
Geneva,0001 MALVERN COMM. CTR.,Lieutenant Governor,,REP,Nicole Jones Wadsworth,20
Geneva,0001 MALVERN COMM. CTR.,Lieutenant Governor,,REP,Pat Bishop,12
Geneva,0001 MALVERN COMM. CTR.,Lieutenant Governor,,REP,Rick Pate,36
Geneva,0001 MALVERN COMM. CTR.,Lieutenant Governor,,REP,Stewart Hill Tankersley,7
Geneva,0001 MALVERN COMM. CTR.,Lieutenant Governor,,REP,Wes Allen,153
Geneva,0001 MALVERN COMM. CTR.,"Member, Geneva County Commission, District No. 1",,REP,Bryan Hatton,287
Geneva,0001 MALVERN COMM. CTR.,"Member, Geneva County Commission, District No. 1",,REP,Kevin Watson,117
Geneva,0001 MALVERN COMM. CTR.,"Public Service Commission, Place No. 1",,REP,Jeremy H. Oden,74
Geneva,0001 MALVERN COMM. CTR.,"Public Service Commission, Place No. 1",,REP,Matt Gentry,263
Geneva,0001 MALVERN COMM. CTR.,"Public Service Commission, Place No. 2",,REP,Brent Woodall,82
Geneva,0001 MALVERN COMM. CTR.,"Public Service Commission, Place No. 2",,REP,Chris Beeker,48
Geneva,0001 MALVERN COMM. CTR.,"Public Service Commission, Place No. 2",,REP,Jim Zig Zeigler,150
Geneva,0001 MALVERN COMM. CTR.,"Public Service Commission, Place No. 2",,REP,Priscilla Andrews,75
Geneva,0001 MALVERN COMM. CTR.,Secretary of State,,REP,Caroleene Dobson,179
Geneva,0001 MALVERN COMM. CTR.,Secretary of State,,REP,Christopher Christian Horn,96
Geneva,0001 MALVERN COMM. CTR.,Secretary of State,,REP,Glenda S. Jackson,59
Geneva,0001 MALVERN COMM. CTR.,State Auditor,,REP,Andrew Sorrell,299
Geneva,0001 MALVERN COMM. CTR.,State Auditor,,REP,Derek Chen,72
Geneva,0001 MALVERN COMM. CTR.,State Senate,29.0,REP,Donnie Chesteen,344
Geneva,0001 MALVERN COMM. CTR.,State Senate,29.0,REP,Val Glasgow Paul,12
Geneva,0001 MALVERN COMM. CTR.,State Senate,29.0,REP,Zachary J. Hurst,53
Geneva,0001 MALVERN COMM. CTR.,State Treasurer,,REP,Steve Lolley,160
Geneva,0001 MALVERN COMM. CTR.,State Treasurer,,REP,Young Boozer,219
Geneva,0001 MALVERN COMM. CTR.,U.S. House,1.0,REP,Austin Sidwell,10
Geneva,0001 MALVERN COMM. CTR.,U.S. House,1.0,REP,James (Jimmy) Dees,33
Geneva,0001 MALVERN COMM. CTR.,U.S. House,1.0,REP,James Richardson,22
Geneva,0001 MALVERN COMM. CTR.,U.S. House,1.0,REP,Jerry Carl,65
Geneva,0001 MALVERN COMM. CTR.,U.S. House,1.0,REP,John Mills,24
Geneva,0001 MALVERN COMM. CTR.,U.S. House,1.0,REP,Joshua McKee,59
Geneva,0001 MALVERN COMM. CTR.,U.S. House,1.0,REP,Rhett Maques,157
Geneva,0001 MALVERN COMM. CTR.,U.S. Senate,,REP,Barry Moore,305
Geneva,0001 MALVERN COMM. CTR.,U.S. Senate,,REP,Dale Shelton Deas Jr.,3
Geneva,0001 MALVERN COMM. CTR.,U.S. Senate,,REP,Jared Hudson,39
Geneva,0001 MALVERN COMM. CTR.,U.S. Senate,,REP,Morgan Murphy,2
Geneva,0001 MALVERN COMM. CTR.,U.S. Senate,,REP,Rodney Walker,10
Geneva,0001 MALVERN COMM. CTR.,U.S. Senate,,REP,Seth Burton,8
Geneva,0001 MALVERN COMM. CTR.,U.S. Senate,,REP,Steve Marshall,43
Geneva,0001 MALVERN COMM. CTR.,Proposed Statewide Amendment 1,,,No,33
Geneva,0001 MALVERN COMM. CTR.,Proposed Statewide Amendment 1,,,Yes,402
Geneva,0001 MALVERN COMM. CTR.,Proposed Statewide Amendment 2,,,No,184
Geneva,0001 MALVERN COMM. CTR.,Proposed Statewide Amendment 2,,,Yes,230
Geneva,0002 HUGHES VTG HOUSE,Governor,,DEM,"Chad ""Chig"" Martin",1
Geneva,0002 HUGHES VTG HOUSE,Governor,,DEM,Doug Jones,6
Geneva,0002 HUGHES VTG HOUSE,Governor,,DEM,Jamel J. Brown,0
Geneva,0002 HUGHES VTG HOUSE,Governor,,DEM,"Nathan ""Nate"" Mathis",0
Geneva,0002 HUGHES VTG HOUSE,Governor,,DEM,Will Boyd,0
Geneva,0002 HUGHES VTG HOUSE,Governor,,DEM,Yolanda Rochelle Flowers,0
Geneva,0002 HUGHES VTG HOUSE,Lieutenant Governor,,DEM,Darryl D. Perryman,2
Geneva,0002 HUGHES VTG HOUSE,Lieutenant Governor,,DEM,Phillip Ensler,4
Geneva,0002 HUGHES VTG HOUSE,"Public Service Commission, Place No. 1",,DEM,John Northrop,1
Geneva,0002 HUGHES VTG HOUSE,"Public Service Commission, Place No. 1",,DEM,James O. Gordon,2
Geneva,0002 HUGHES VTG HOUSE,"Public Service Commission, Place No. 1",,DEM,Jeff Ramsey,3
Geneva,0002 HUGHES VTG HOUSE,U.S. Senate,,DEM,Mark S. Wheeler II,4
Geneva,0002 HUGHES VTG HOUSE,U.S. Senate,,DEM,Kyle Sweetser,1
Geneva,0002 HUGHES VTG HOUSE,U.S. Senate,,DEM,Dakarai Larriett,1
Geneva,0002 HUGHES VTG HOUSE,U.S. Senate,,DEM,Everett Wess,1
Geneva,0002 HUGHES VTG HOUSE,Attorney General,,REP,Jay Mitchell,52
Geneva,0002 HUGHES VTG HOUSE,Attorney General,,REP,Katherine Robertson,66
Geneva,0002 HUGHES VTG HOUSE,Attorney General,,REP,Pamela L. Casey,42
Geneva,0002 HUGHES VTG HOUSE,Commissioner of Agriculture and Industries,,REP,Christina Woerner McInnis,46
Geneva,0002 HUGHES VTG HOUSE,Commissioner of Agriculture and Industries,,REP,Cory Hill,68
Geneva,0002 HUGHES VTG HOUSE,Commissioner of Agriculture and Industries,,REP,Jack Williams,34
Geneva,0002 HUGHES VTG HOUSE,Geneva County Sheriff,,REP,David Hall,149
Geneva,0002 HUGHES VTG HOUSE,Geneva County Sheriff,,REP,Tim Forehand,18
Geneva,0002 HUGHES VTG HOUSE,Governor,,REP,"""Alabama"" Will Santivasci",7
Geneva,0002 HUGHES VTG HOUSE,Governor,,REP,Ken McFeeters,13
Geneva,0002 HUGHES VTG HOUSE,Governor,,REP,Thomas Tuberville,150
Geneva,0002 HUGHES VTG HOUSE,Lieutenant Governor,,REP,George Childress,2
Geneva,0002 HUGHES VTG HOUSE,Lieutenant Governor,,REP,John Wahl,58
Geneva,0002 HUGHES VTG HOUSE,Lieutenant Governor,,REP,Nicole Jones Wadsworth,6
Geneva,0002 HUGHES VTG HOUSE,Lieutenant Governor,,REP,Pat Bishop,5
Geneva,0002 HUGHES VTG HOUSE,Lieutenant Governor,,REP,Rick Pate,10
Geneva,0002 HUGHES VTG HOUSE,Lieutenant Governor,,REP,Stewart Hill Tankersley,6
Geneva,0002 HUGHES VTG HOUSE,Lieutenant Governor,,REP,Wes Allen,76
Geneva,0002 HUGHES VTG HOUSE,"Member, Geneva County Commission, District No. 1",,REP,Bryan Hatton,54
Geneva,0002 HUGHES VTG HOUSE,"Member, Geneva County Commission, District No. 1",,REP,Kevin Watson,28
Geneva,0002 HUGHES VTG HOUSE,"Public Service Commission, Place No. 1",,REP,Jeremy H. Oden,26
Geneva,0002 HUGHES VTG HOUSE,"Public Service Commission, Place No. 1",,REP,Matt Gentry,106
Geneva,0002 HUGHES VTG HOUSE,"Public Service Commission, Place No. 2",,REP,Brent Woodall,16
Geneva,0002 HUGHES VTG HOUSE,"Public Service Commission, Place No. 2",,REP,Chris Beeker,27
Geneva,0002 HUGHES VTG HOUSE,"Public Service Commission, Place No. 2",,REP,Jim Zig Zeigler,67
Geneva,0002 HUGHES VTG HOUSE,"Public Service Commission, Place No. 2",,REP,Priscilla Andrews,33
Geneva,0002 HUGHES VTG HOUSE,Secretary of State,,REP,Caroleene Dobson,79
Geneva,0002 HUGHES VTG HOUSE,Secretary of State,,REP,Christopher Christian Horn,42
Geneva,0002 HUGHES VTG HOUSE,Secretary of State,,REP,Glenda S. Jackson,17
Geneva,0002 HUGHES VTG HOUSE,State Auditor,,REP,Andrew Sorrell,109
Geneva,0002 HUGHES VTG HOUSE,State Auditor,,REP,Derek Chen,42
Geneva,0002 HUGHES VTG HOUSE,State Senate,29.0,REP,Donnie Chesteen,136
Geneva,0002 HUGHES VTG HOUSE,State Senate,29.0,REP,Val Glasgow Paul,7
Geneva,0002 HUGHES VTG HOUSE,State Senate,29.0,REP,Zachary J. Hurst,20
Geneva,0002 HUGHES VTG HOUSE,State Treasurer,,REP,Steve Lolley,57
Geneva,0002 HUGHES VTG HOUSE,State Treasurer,,REP,Young Boozer,96
Geneva,0002 HUGHES VTG HOUSE,U.S. House,1.0,REP,Austin Sidwell,8
Geneva,0002 HUGHES VTG HOUSE,U.S. House,1.0,REP,James (Jimmy) Dees,6
Geneva,0002 HUGHES VTG HOUSE,U.S. House,1.0,REP,James Richardson,9
Geneva,0002 HUGHES VTG HOUSE,U.S. House,1.0,REP,Jerry Carl,32
Geneva,0002 HUGHES VTG HOUSE,U.S. House,1.0,REP,John Mills,14
Geneva,0002 HUGHES VTG HOUSE,U.S. House,1.0,REP,Joshua McKee,16
Geneva,0002 HUGHES VTG HOUSE,U.S. House,1.0,REP,Rhett Maques,65
Geneva,0002 HUGHES VTG HOUSE,U.S. Senate,,REP,Barry Moore,108
Geneva,0002 HUGHES VTG HOUSE,U.S. Senate,,REP,Dale Shelton Deas Jr.,3
Geneva,0002 HUGHES VTG HOUSE,U.S. Senate,,REP,Jared Hudson,25
Geneva,0002 HUGHES VTG HOUSE,U.S. Senate,,REP,Morgan Murphy,0
Geneva,0002 HUGHES VTG HOUSE,U.S. Senate,,REP,Rodney Walker,3
Geneva,0002 HUGHES VTG HOUSE,U.S. Senate,,REP,Seth Burton,3
Geneva,0002 HUGHES VTG HOUSE,U.S. Senate,,REP,Steve Marshall,25
Geneva,0002 HUGHES VTG HOUSE,Proposed Statewide Amendment 1,,,No,23
Geneva,0002 HUGHES VTG HOUSE,Proposed Statewide Amendment 1,,,Yes,148
Geneva,0002 HUGHES VTG HOUSE,Proposed Statewide Amendment 2,,,No,95
Geneva,0002 HUGHES VTG HOUSE,Proposed Statewide Amendment 2,,,Yes,71
Geneva,0003 FADETTE,Governor,,DEM,"Chad ""Chig"" Martin",7
Geneva,0003 FADETTE,Governor,,DEM,Doug Jones,5
Geneva,0003 FADETTE,Governor,,DEM,Jamel J. Brown,1
Geneva,0003 FADETTE,Governor,,DEM,"Nathan ""Nate"" Mathis",0
Geneva,0003 FADETTE,Governor,,DEM,Will Boyd,4
Geneva,0003 FADETTE,Governor,,DEM,Yolanda Rochelle Flowers,0
Geneva,0003 FADETTE,Lieutenant Governor,,DEM,Darryl D. Perryman,5
Geneva,0003 FADETTE,Lieutenant Governor,,DEM,Phillip Ensler,10
Geneva,0003 FADETTE,"Public Service Commission, Place No. 1",,DEM,John Northrop,2
Geneva,0003 FADETTE,"Public Service Commission, Place No. 1",,DEM,James O. Gordon,6
Geneva,0003 FADETTE,"Public Service Commission, Place No. 1",,DEM,Jeff Ramsey,7
Geneva,0003 FADETTE,U.S. Senate,,DEM,Mark S. Wheeler II,3
Geneva,0003 FADETTE,U.S. Senate,,DEM,Kyle Sweetser,4
Geneva,0003 FADETTE,U.S. Senate,,DEM,Dakarai Larriett,3
Geneva,0003 FADETTE,U.S. Senate,,DEM,Everett Wess,5
Geneva,0003 FADETTE,Attorney General,,REP,Jay Mitchell,108
Geneva,0003 FADETTE,Attorney General,,REP,Katherine Robertson,136
Geneva,0003 FADETTE,Attorney General,,REP,Pamela L. Casey,95
Geneva,0003 FADETTE,Commissioner of Agriculture and Industries,,REP,Christina Woerner McInnis,89
Geneva,0003 FADETTE,Commissioner of Agriculture and Industries,,REP,Cory Hill,139
Geneva,0003 FADETTE,Commissioner of Agriculture and Industries,,REP,Jack Williams,99
Geneva,0003 FADETTE,Geneva County Sheriff,,REP,David Hall,353
Geneva,0003 FADETTE,Geneva County Sheriff,,REP,Tim Forehand,28
Geneva,0003 FADETTE,Governor,,REP,"""Alabama"" Will Santivasci",13
Geneva,0003 FADETTE,Governor,,REP,Ken McFeeters,22
Geneva,0003 FADETTE,Governor,,REP,Thomas Tuberville,346
Geneva,0003 FADETTE,Lieutenant Governor,,REP,George Childress,13
Geneva,0003 FADETTE,Lieutenant Governor,,REP,John Wahl,116
Geneva,0003 FADETTE,Lieutenant Governor,,REP,Nicole Jones Wadsworth,21
Geneva,0003 FADETTE,Lieutenant Governor,,REP,Pat Bishop,4
Geneva,0003 FADETTE,Lieutenant Governor,,REP,Rick Pate,29
Geneva,0003 FADETTE,Lieutenant Governor,,REP,Stewart Hill Tankersley,4
Geneva,0003 FADETTE,Lieutenant Governor,,REP,Wes Allen,162
Geneva,0003 FADETTE,"Member, Geneva County Commission, District No. 1",,REP,Bryan Hatton,197
Geneva,0003 FADETTE,"Member, Geneva County Commission, District No. 1",,REP,Kevin Watson,177
Geneva,0003 FADETTE,"Public Service Commission, Place No. 1",,REP,Jeremy H. Oden,65
Geneva,0003 FADETTE,"Public Service Commission, Place No. 1",,REP,Matt Gentry,249
Geneva,0003 FADETTE,"Public Service Commission, Place No. 2",,REP,Brent Woodall,69
Geneva,0003 FADETTE,"Public Service Commission, Place No. 2",,REP,Chris Beeker,70
Geneva,0003 FADETTE,"Public Service Commission, Place No. 2",,REP,Jim Zig Zeigler,125
Geneva,0003 FADETTE,"Public Service Commission, Place No. 2",,REP,Priscilla Andrews,65
Geneva,0003 FADETTE,Secretary of State,,REP,Caroleene Dobson,167
Geneva,0003 FADETTE,Secretary of State,,REP,Christopher Christian Horn,88
Geneva,0003 FADETTE,Secretary of State,,REP,Glenda S. Jackson,56
Geneva,0003 FADETTE,State Auditor,,REP,Andrew Sorrell,253
Geneva,0003 FADETTE,State Auditor,,REP,Derek Chen,75
Geneva,0003 FADETTE,State Senate,29.0,REP,Donnie Chesteen,310
Geneva,0003 FADETTE,State Senate,29.0,REP,Val Glasgow Paul,9
Geneva,0003 FADETTE,State Senate,29.0,REP,Zachary J. Hurst,41
Geneva,0003 FADETTE,State Treasurer,,REP,Steve Lolley,127
Geneva,0003 FADETTE,State Treasurer,,REP,Young Boozer,216
Geneva,0003 FADETTE,U.S. House,1.0,REP,Austin Sidwell,11
Geneva,0003 FADETTE,U.S. House,1.0,REP,James (Jimmy) Dees,32
Geneva,0003 FADETTE,U.S. House,1.0,REP,James Richardson,16
Geneva,0003 FADETTE,U.S. House,1.0,REP,Jerry Carl,47
Geneva,0003 FADETTE,U.S. House,1.0,REP,John Mills,28
Geneva,0003 FADETTE,U.S. House,1.0,REP,Joshua McKee,53
Geneva,0003 FADETTE,U.S. House,1.0,REP,Rhett Maques,147
Geneva,0003 FADETTE,U.S. Senate,,REP,Barry Moore,272
Geneva,0003 FADETTE,U.S. Senate,,REP,Dale Shelton Deas Jr.,3
Geneva,0003 FADETTE,U.S. Senate,,REP,Jared Hudson,37
Geneva,0003 FADETTE,U.S. Senate,,REP,Morgan Murphy,7
Geneva,0003 FADETTE,U.S. Senate,,REP,Rodney Walker,5
Geneva,0003 FADETTE,U.S. Senate,,REP,Seth Burton,4
Geneva,0003 FADETTE,U.S. Senate,,REP,Steve Marshall,46
Geneva,0003 FADETTE,Proposed Statewide Amendment 1,,,No,32
Geneva,0003 FADETTE,Proposed Statewide Amendment 1,,,Yes,345
Geneva,0003 FADETTE,Proposed Statewide Amendment 2,,,No,165
Geneva,0003 FADETTE,Proposed Statewide Amendment 2,,,Yes,199
Geneva,0004 FIRST BAPT SLOCOMB,Governor,,DEM,"Chad ""Chig"" Martin",5
Geneva,0004 FIRST BAPT SLOCOMB,Governor,,DEM,Doug Jones,74
Geneva,0004 FIRST BAPT SLOCOMB,Governor,,DEM,Jamel J. Brown,6
Geneva,0004 FIRST BAPT SLOCOMB,Governor,,DEM,"Nathan ""Nate"" Mathis",36
Geneva,0004 FIRST BAPT SLOCOMB,Governor,,DEM,Will Boyd,17
Geneva,0004 FIRST BAPT SLOCOMB,Governor,,DEM,Yolanda Rochelle Flowers,4
Geneva,0004 FIRST BAPT SLOCOMB,Lieutenant Governor,,DEM,Darryl D. Perryman,47
Geneva,0004 FIRST BAPT SLOCOMB,Lieutenant Governor,,DEM,Phillip Ensler,89
Geneva,0004 FIRST BAPT SLOCOMB,"Public Service Commission, Place No. 1",,DEM,John Northrop,11
Geneva,0004 FIRST BAPT SLOCOMB,"Public Service Commission, Place No. 1",,DEM,James O. Gordon,88
Geneva,0004 FIRST BAPT SLOCOMB,"Public Service Commission, Place No. 1",,DEM,Jeff Ramsey,35
Geneva,0004 FIRST BAPT SLOCOMB,U.S. Senate,,DEM,Mark S. Wheeler II,18
Geneva,0004 FIRST BAPT SLOCOMB,U.S. Senate,,DEM,Kyle Sweetser,14
Geneva,0004 FIRST BAPT SLOCOMB,U.S. Senate,,DEM,Dakarai Larriett,27
Geneva,0004 FIRST BAPT SLOCOMB,U.S. Senate,,DEM,Everett Wess,80
Geneva,0004 FIRST BAPT SLOCOMB,Attorney General,,REP,Jay Mitchell,129
Geneva,0004 FIRST BAPT SLOCOMB,Attorney General,,REP,Katherine Robertson,137
Geneva,0004 FIRST BAPT SLOCOMB,Attorney General,,REP,Pamela L. Casey,111
Geneva,0004 FIRST BAPT SLOCOMB,Commissioner of Agriculture and Industries,,REP,Christina Woerner McInnis,88
Geneva,0004 FIRST BAPT SLOCOMB,Commissioner of Agriculture and Industries,,REP,Cory Hill,169
Geneva,0004 FIRST BAPT SLOCOMB,Commissioner of Agriculture and Industries,,REP,Jack Williams,103
Geneva,0004 FIRST BAPT SLOCOMB,Geneva County Sheriff,,REP,David Hall,391
Geneva,0004 FIRST BAPT SLOCOMB,Geneva County Sheriff,,REP,Tim Forehand,34
Geneva,0004 FIRST BAPT SLOCOMB,Governor,,REP,"""Alabama"" Will Santivasci",12
Geneva,0004 FIRST BAPT SLOCOMB,Governor,,REP,Ken McFeeters,40
Geneva,0004 FIRST BAPT SLOCOMB,Governor,,REP,Thomas Tuberville,364
Geneva,0004 FIRST BAPT SLOCOMB,Lieutenant Governor,,REP,George Childress,13
Geneva,0004 FIRST BAPT SLOCOMB,Lieutenant Governor,,REP,John Wahl,167
Geneva,0004 FIRST BAPT SLOCOMB,Lieutenant Governor,,REP,Nicole Jones Wadsworth,23
Geneva,0004 FIRST BAPT SLOCOMB,Lieutenant Governor,,REP,Pat Bishop,18
Geneva,0004 FIRST BAPT SLOCOMB,Lieutenant Governor,,REP,Rick Pate,18
Geneva,0004 FIRST BAPT SLOCOMB,Lieutenant Governor,,REP,Stewart Hill Tankersley,4
Geneva,0004 FIRST BAPT SLOCOMB,Lieutenant Governor,,REP,Wes Allen,143
Geneva,0004 FIRST BAPT SLOCOMB,"Member, Geneva County Commission, District No. 1",,REP,Bryan Hatton,227
Geneva,0004 FIRST BAPT SLOCOMB,"Member, Geneva County Commission, District No. 1",,REP,Kevin Watson,102
Geneva,0004 FIRST BAPT SLOCOMB,"Public Service Commission, Place No. 1",,REP,Jeremy H. Oden,81
Geneva,0004 FIRST BAPT SLOCOMB,"Public Service Commission, Place No. 1",,REP,Matt Gentry,252
Geneva,0004 FIRST BAPT SLOCOMB,"Public Service Commission, Place No. 2",,REP,Brent Woodall,68
Geneva,0004 FIRST BAPT SLOCOMB,"Public Service Commission, Place No. 2",,REP,Chris Beeker,46
Geneva,0004 FIRST BAPT SLOCOMB,"Public Service Commission, Place No. 2",,REP,Jim Zig Zeigler,158
Geneva,0004 FIRST BAPT SLOCOMB,"Public Service Commission, Place No. 2",,REP,Priscilla Andrews,77
Geneva,0004 FIRST BAPT SLOCOMB,Secretary of State,,REP,Caroleene Dobson,158
Geneva,0004 FIRST BAPT SLOCOMB,Secretary of State,,REP,Christopher Christian Horn,125
Geneva,0004 FIRST BAPT SLOCOMB,Secretary of State,,REP,Glenda S. Jackson,57
Geneva,0004 FIRST BAPT SLOCOMB,State Auditor,,REP,Andrew Sorrell,315
Geneva,0004 FIRST BAPT SLOCOMB,State Auditor,,REP,Derek Chen,50
Geneva,0004 FIRST BAPT SLOCOMB,State Senate,29.0,REP,Donnie Chesteen,360
Geneva,0004 FIRST BAPT SLOCOMB,State Senate,29.0,REP,Val Glasgow Paul,5
Geneva,0004 FIRST BAPT SLOCOMB,State Senate,29.0,REP,Zachary J. Hurst,38
Geneva,0004 FIRST BAPT SLOCOMB,State Treasurer,,REP,Steve Lolley,117
Geneva,0004 FIRST BAPT SLOCOMB,State Treasurer,,REP,Young Boozer,254
Geneva,0004 FIRST BAPT SLOCOMB,U.S. House,1.0,REP,Austin Sidwell,14
Geneva,0004 FIRST BAPT SLOCOMB,U.S. House,1.0,REP,James (Jimmy) Dees,31
Geneva,0004 FIRST BAPT SLOCOMB,U.S. House,1.0,REP,James Richardson,32
Geneva,0004 FIRST BAPT SLOCOMB,U.S. House,1.0,REP,Jerry Carl,58
Geneva,0004 FIRST BAPT SLOCOMB,U.S. House,1.0,REP,John Mills,23
Geneva,0004 FIRST BAPT SLOCOMB,U.S. House,1.0,REP,Joshua McKee,48
Geneva,0004 FIRST BAPT SLOCOMB,U.S. House,1.0,REP,Rhett Maques,149
Geneva,0004 FIRST BAPT SLOCOMB,U.S. Senate,,REP,Barry Moore,302
Geneva,0004 FIRST BAPT SLOCOMB,U.S. Senate,,REP,Dale Shelton Deas Jr.,6
Geneva,0004 FIRST BAPT SLOCOMB,U.S. Senate,,REP,Jared Hudson,33
Geneva,0004 FIRST BAPT SLOCOMB,U.S. Senate,,REP,Morgan Murphy,4
Geneva,0004 FIRST BAPT SLOCOMB,U.S. Senate,,REP,Rodney Walker,8
Geneva,0004 FIRST BAPT SLOCOMB,U.S. Senate,,REP,Seth Burton,10
Geneva,0004 FIRST BAPT SLOCOMB,U.S. Senate,,REP,Steve Marshall,44
Geneva,0004 FIRST BAPT SLOCOMB,Proposed Statewide Amendment 1,,,No,45
Geneva,0004 FIRST BAPT SLOCOMB,Proposed Statewide Amendment 1,,,Yes,506
Geneva,0004 FIRST BAPT SLOCOMB,Proposed Statewide Amendment 2,,,No,229
Geneva,0004 FIRST BAPT SLOCOMB,Proposed Statewide Amendment 2,,,Yes,303
Geneva,0005 TATE,Governor,,DEM,"Chad ""Chig"" Martin",0
Geneva,0005 TATE,Governor,,DEM,Doug Jones,1
Geneva,0005 TATE,Governor,,DEM,Jamel J. Brown,0
Geneva,0005 TATE,Governor,,DEM,"Nathan ""Nate"" Mathis",2
Geneva,0005 TATE,Governor,,DEM,Will Boyd,0
Geneva,0005 TATE,Governor,,DEM,Yolanda Rochelle Flowers,0
Geneva,0005 TATE,Lieutenant Governor,,DEM,Darryl D. Perryman,2
Geneva,0005 TATE,Lieutenant Governor,,DEM,Phillip Ensler,1
Geneva,0005 TATE,"Public Service Commission, Place No. 1",,DEM,John Northrop,1
Geneva,0005 TATE,"Public Service Commission, Place No. 1",,DEM,James O. Gordon,1
Geneva,0005 TATE,"Public Service Commission, Place No. 1",,DEM,Jeff Ramsey,1
Geneva,0005 TATE,U.S. Senate,,DEM,Mark S. Wheeler II,1
Geneva,0005 TATE,U.S. Senate,,DEM,Kyle Sweetser,0
Geneva,0005 TATE,U.S. Senate,,DEM,Dakarai Larriett,2
Geneva,0005 TATE,U.S. Senate,,DEM,Everett Wess,0
Geneva,0005 TATE,Attorney General,,REP,Jay Mitchell,33
Geneva,0005 TATE,Attorney General,,REP,Katherine Robertson,32
Geneva,0005 TATE,Attorney General,,REP,Pamela L. Casey,27
Geneva,0005 TATE,Commissioner of Agriculture and Industries,,REP,Christina Woerner McInnis,21
Geneva,0005 TATE,Commissioner of Agriculture and Industries,,REP,Cory Hill,49
Geneva,0005 TATE,Commissioner of Agriculture and Industries,,REP,Jack Williams,25
Geneva,0005 TATE,Geneva County Sheriff,,REP,David Hall,101
Geneva,0005 TATE,Geneva County Sheriff,,REP,Tim Forehand,7
Geneva,0005 TATE,Governor,,REP,"""Alabama"" Will Santivasci",4
Geneva,0005 TATE,Governor,,REP,Ken McFeeters,10
Geneva,0005 TATE,Governor,,REP,Thomas Tuberville,91
Geneva,0005 TATE,Lieutenant Governor,,REP,George Childress,3
Geneva,0005 TATE,Lieutenant Governor,,REP,John Wahl,35
Geneva,0005 TATE,Lieutenant Governor,,REP,Nicole Jones Wadsworth,5
Geneva,0005 TATE,Lieutenant Governor,,REP,Pat Bishop,1
Geneva,0005 TATE,Lieutenant Governor,,REP,Rick Pate,11
Geneva,0005 TATE,Lieutenant Governor,,REP,Stewart Hill Tankersley,2
Geneva,0005 TATE,Lieutenant Governor,,REP,Wes Allen,41
Geneva,0005 TATE,"Member, Geneva County Commission, District No. 1",,REP,Bryan Hatton,12
Geneva,0005 TATE,"Member, Geneva County Commission, District No. 1",,REP,Kevin Watson,20
Geneva,0005 TATE,"Public Service Commission, Place No. 1",,REP,Jeremy H. Oden,27
Geneva,0005 TATE,"Public Service Commission, Place No. 1",,REP,Matt Gentry,63
Geneva,0005 TATE,"Public Service Commission, Place No. 2",,REP,Brent Woodall,25
Geneva,0005 TATE,"Public Service Commission, Place No. 2",,REP,Chris Beeker,21
Geneva,0005 TATE,"Public Service Commission, Place No. 2",,REP,Jim Zig Zeigler,29
Geneva,0005 TATE,"Public Service Commission, Place No. 2",,REP,Priscilla Andrews,20
Geneva,0005 TATE,Secretary of State,,REP,Caroleene Dobson,40
Geneva,0005 TATE,Secretary of State,,REP,Christopher Christian Horn,38
Geneva,0005 TATE,Secretary of State,,REP,Glenda S. Jackson,16
Geneva,0005 TATE,State Auditor,,REP,Andrew Sorrell,76
Geneva,0005 TATE,State Auditor,,REP,Derek Chen,21
Geneva,0005 TATE,State Senate,29.0,REP,Donnie Chesteen,88
Geneva,0005 TATE,State Senate,29.0,REP,Val Glasgow Paul,0
Geneva,0005 TATE,State Senate,29.0,REP,Zachary J. Hurst,17
Geneva,0005 TATE,State Treasurer,,REP,Steve Lolley,41
Geneva,0005 TATE,State Treasurer,,REP,Young Boozer,54
Geneva,0005 TATE,U.S. House,1.0,REP,Austin Sidwell,3
Geneva,0005 TATE,U.S. House,1.0,REP,James (Jimmy) Dees,6
Geneva,0005 TATE,U.S. House,1.0,REP,James Richardson,6
Geneva,0005 TATE,U.S. House,1.0,REP,Jerry Carl,13
Geneva,0005 TATE,U.S. House,1.0,REP,John Mills,11
Geneva,0005 TATE,U.S. House,1.0,REP,Joshua McKee,26
Geneva,0005 TATE,U.S. House,1.0,REP,Rhett Maques,26
Geneva,0005 TATE,U.S. Senate,,REP,Barry Moore,73
Geneva,0005 TATE,U.S. Senate,,REP,Dale Shelton Deas Jr.,3
Geneva,0005 TATE,U.S. Senate,,REP,Jared Hudson,10
Geneva,0005 TATE,U.S. Senate,,REP,Morgan Murphy,2
Geneva,0005 TATE,U.S. Senate,,REP,Rodney Walker,4
Geneva,0005 TATE,U.S. Senate,,REP,Seth Burton,2
Geneva,0005 TATE,U.S. Senate,,REP,Steve Marshall,9
Geneva,0005 TATE,Proposed Statewide Amendment 1,,,No,6
Geneva,0005 TATE,Proposed Statewide Amendment 1,,,Yes,97
Geneva,0005 TATE,Proposed Statewide Amendment 2,,,No,60
Geneva,0005 TATE,Proposed Statewide Amendment 2,,,Yes,38
Geneva,0006 HUGHES COMM. CTR.,Governor,,DEM,"Chad ""Chig"" Martin",13
Geneva,0006 HUGHES COMM. CTR.,Governor,,DEM,Doug Jones,65
Geneva,0006 HUGHES COMM. CTR.,Governor,,DEM,Jamel J. Brown,11
Geneva,0006 HUGHES COMM. CTR.,Governor,,DEM,"Nathan ""Nate"" Mathis",28
Geneva,0006 HUGHES COMM. CTR.,Governor,,DEM,Will Boyd,10
Geneva,0006 HUGHES COMM. CTR.,Governor,,DEM,Yolanda Rochelle Flowers,13
Geneva,0006 HUGHES COMM. CTR.,Lieutenant Governor,,DEM,Darryl D. Perryman,53
Geneva,0006 HUGHES COMM. CTR.,Lieutenant Governor,,DEM,Phillip Ensler,77
Geneva,0006 HUGHES COMM. CTR.,"Public Service Commission, Place No. 1",,DEM,John Northrop,18
Geneva,0006 HUGHES COMM. CTR.,"Public Service Commission, Place No. 1",,DEM,James O. Gordon,86
Geneva,0006 HUGHES COMM. CTR.,"Public Service Commission, Place No. 1",,DEM,Jeff Ramsey,30
Geneva,0006 HUGHES COMM. CTR.,U.S. Senate,,DEM,Mark S. Wheeler II,15
Geneva,0006 HUGHES COMM. CTR.,U.S. Senate,,DEM,Kyle Sweetser,12
Geneva,0006 HUGHES COMM. CTR.,U.S. Senate,,DEM,Dakarai Larriett,30
Geneva,0006 HUGHES COMM. CTR.,U.S. Senate,,DEM,Everett Wess,75
Geneva,0006 HUGHES COMM. CTR.,Attorney General,,REP,Jay Mitchell,262
Geneva,0006 HUGHES COMM. CTR.,Attorney General,,REP,Katherine Robertson,264
Geneva,0006 HUGHES COMM. CTR.,Attorney General,,REP,Pamela L. Casey,210
Geneva,0006 HUGHES COMM. CTR.,Commissioner of Agriculture and Industries,,REP,Christina Woerner McInnis,187
Geneva,0006 HUGHES COMM. CTR.,Commissioner of Agriculture and Industries,,REP,Cory Hill,305
Geneva,0006 HUGHES COMM. CTR.,Commissioner of Agriculture and Industries,,REP,Jack Williams,207
Geneva,0006 HUGHES COMM. CTR.,Geneva County Sheriff,,REP,David Hall,685
Geneva,0006 HUGHES COMM. CTR.,Geneva County Sheriff,,REP,Tim Forehand,129
Geneva,0006 HUGHES COMM. CTR.,Governor,,REP,"""Alabama"" Will Santivasci",22
Geneva,0006 HUGHES COMM. CTR.,Governor,,REP,Ken McFeeters,36
Geneva,0006 HUGHES COMM. CTR.,Governor,,REP,Thomas Tuberville,749
Geneva,0006 HUGHES COMM. CTR.,Lieutenant Governor,,REP,George Childress,20
Geneva,0006 HUGHES COMM. CTR.,Lieutenant Governor,,REP,John Wahl,287
Geneva,0006 HUGHES COMM. CTR.,Lieutenant Governor,,REP,Nicole Jones Wadsworth,31
Geneva,0006 HUGHES COMM. CTR.,Lieutenant Governor,,REP,Pat Bishop,16
Geneva,0006 HUGHES COMM. CTR.,Lieutenant Governor,,REP,Rick Pate,53
Geneva,0006 HUGHES COMM. CTR.,Lieutenant Governor,,REP,Stewart Hill Tankersley,6
Geneva,0006 HUGHES COMM. CTR.,Lieutenant Governor,,REP,Wes Allen,343
Geneva,0006 HUGHES COMM. CTR.,"Public Service Commission, Place No. 1",,REP,Jeremy H. Oden,134
Geneva,0006 HUGHES COMM. CTR.,"Public Service Commission, Place No. 1",,REP,Matt Gentry,520
Geneva,0006 HUGHES COMM. CTR.,"Public Service Commission, Place No. 2",,REP,Brent Woodall,124
Geneva,0006 HUGHES COMM. CTR.,"Public Service Commission, Place No. 2",,REP,Chris Beeker,151
Geneva,0006 HUGHES COMM. CTR.,"Public Service Commission, Place No. 2",,REP,Jim Zig Zeigler,309
Geneva,0006 HUGHES COMM. CTR.,"Public Service Commission, Place No. 2",,REP,Priscilla Andrews,112
Geneva,0006 HUGHES COMM. CTR.,Secretary of State,,REP,Caroleene Dobson,371
Geneva,0006 HUGHES COMM. CTR.,Secretary of State,,REP,Christopher Christian Horn,203
Geneva,0006 HUGHES COMM. CTR.,Secretary of State,,REP,Glenda S. Jackson,98
Geneva,0006 HUGHES COMM. CTR.,State Auditor,,REP,Andrew Sorrell,563
Geneva,0006 HUGHES COMM. CTR.,State Auditor,,REP,Derek Chen,149
Geneva,0006 HUGHES COMM. CTR.,State Senate,29.0,REP,Donnie Chesteen,749
Geneva,0006 HUGHES COMM. CTR.,State Senate,29.0,REP,Val Glasgow Paul,9
Geneva,0006 HUGHES COMM. CTR.,State Senate,29.0,REP,Zachary J. Hurst,51
Geneva,0006 HUGHES COMM. CTR.,State Treasurer,,REP,Steve Lolley,221
Geneva,0006 HUGHES COMM. CTR.,State Treasurer,,REP,Young Boozer,508
Geneva,0006 HUGHES COMM. CTR.,U.S. House,1.0,REP,Austin Sidwell,19
Geneva,0006 HUGHES COMM. CTR.,U.S. House,1.0,REP,James (Jimmy) Dees,44
Geneva,0006 HUGHES COMM. CTR.,U.S. House,1.0,REP,James Richardson,42
Geneva,0006 HUGHES COMM. CTR.,U.S. House,1.0,REP,Jerry Carl,99
Geneva,0006 HUGHES COMM. CTR.,U.S. House,1.0,REP,John Mills,41
Geneva,0006 HUGHES COMM. CTR.,U.S. House,1.0,REP,Joshua McKee,101
Geneva,0006 HUGHES COMM. CTR.,U.S. House,1.0,REP,Rhett Maques,385
Geneva,0006 HUGHES COMM. CTR.,U.S. Senate,,REP,Barry Moore,637
Geneva,0006 HUGHES COMM. CTR.,U.S. Senate,,REP,Dale Shelton Deas Jr.,2
Geneva,0006 HUGHES COMM. CTR.,U.S. Senate,,REP,Jared Hudson,66
Geneva,0006 HUGHES COMM. CTR.,U.S. Senate,,REP,Morgan Murphy,5
Geneva,0006 HUGHES COMM. CTR.,U.S. Senate,,REP,Rodney Walker,7
Geneva,0006 HUGHES COMM. CTR.,U.S. Senate,,REP,Seth Burton,15
Geneva,0006 HUGHES COMM. CTR.,U.S. Senate,,REP,Steve Marshall,76
Geneva,0006 HUGHES COMM. CTR.,Proposed Statewide Amendment 1,,,No,84
Geneva,0006 HUGHES COMM. CTR.,Proposed Statewide Amendment 1,,,Yes,844
Geneva,0006 HUGHES COMM. CTR.,Proposed Statewide Amendment 2,,,No,360
Geneva,0006 HUGHES COMM. CTR.,Proposed Statewide Amendment 2,,,Yes,527
Geneva,0007 BLACK COMM. CTR.,Governor,,DEM,"Chad ""Chig"" Martin",0
Geneva,0007 BLACK COMM. CTR.,Governor,,DEM,Doug Jones,0
Geneva,0007 BLACK COMM. CTR.,Governor,,DEM,Jamel J. Brown,0
Geneva,0007 BLACK COMM. CTR.,Governor,,DEM,"Nathan ""Nate"" Mathis",0
Geneva,0007 BLACK COMM. CTR.,Governor,,DEM,Will Boyd,0
Geneva,0007 BLACK COMM. CTR.,Governor,,DEM,Yolanda Rochelle Flowers,1
Geneva,0007 BLACK COMM. CTR.,Lieutenant Governor,,DEM,Darryl D. Perryman,1
Geneva,0007 BLACK COMM. CTR.,Lieutenant Governor,,DEM,Phillip Ensler,0
Geneva,0007 BLACK COMM. CTR.,"Public Service Commission, Place No. 1",,DEM,John Northrop,1
Geneva,0007 BLACK COMM. CTR.,"Public Service Commission, Place No. 1",,DEM,James O. Gordon,0
Geneva,0007 BLACK COMM. CTR.,"Public Service Commission, Place No. 1",,DEM,Jeff Ramsey,0
Geneva,0007 BLACK COMM. CTR.,U.S. Senate,,DEM,Mark S. Wheeler II,1
Geneva,0007 BLACK COMM. CTR.,U.S. Senate,,DEM,Kyle Sweetser,0
Geneva,0007 BLACK COMM. CTR.,U.S. Senate,,DEM,Dakarai Larriett,0
Geneva,0007 BLACK COMM. CTR.,U.S. Senate,,DEM,Everett Wess,0
Geneva,0007 BLACK COMM. CTR.,Attorney General,,REP,Jay Mitchell,36
Geneva,0007 BLACK COMM. CTR.,Attorney General,,REP,Katherine Robertson,45
Geneva,0007 BLACK COMM. CTR.,Attorney General,,REP,Pamela L. Casey,34
Geneva,0007 BLACK COMM. CTR.,Commissioner of Agriculture and Industries,,REP,Christina Woerner McInnis,27
Geneva,0007 BLACK COMM. CTR.,Commissioner of Agriculture and Industries,,REP,Cory Hill,55
Geneva,0007 BLACK COMM. CTR.,Commissioner of Agriculture and Industries,,REP,Jack Williams,33
Geneva,0007 BLACK COMM. CTR.,Geneva County Sheriff,,REP,David Hall,105
Geneva,0007 BLACK COMM. CTR.,Geneva County Sheriff,,REP,Tim Forehand,26
Geneva,0007 BLACK COMM. CTR.,Governor,,REP,"""Alabama"" Will Santivasci",6
Geneva,0007 BLACK COMM. CTR.,Governor,,REP,Ken McFeeters,9
Geneva,0007 BLACK COMM. CTR.,Governor,,REP,Thomas Tuberville,114
Geneva,0007 BLACK COMM. CTR.,Lieutenant Governor,,REP,George Childress,6
Geneva,0007 BLACK COMM. CTR.,Lieutenant Governor,,REP,John Wahl,36
Geneva,0007 BLACK COMM. CTR.,Lieutenant Governor,,REP,Nicole Jones Wadsworth,5
Geneva,0007 BLACK COMM. CTR.,Lieutenant Governor,,REP,Pat Bishop,4
Geneva,0007 BLACK COMM. CTR.,Lieutenant Governor,,REP,Rick Pate,9
Geneva,0007 BLACK COMM. CTR.,Lieutenant Governor,,REP,Stewart Hill Tankersley,1
Geneva,0007 BLACK COMM. CTR.,Lieutenant Governor,,REP,Wes Allen,60
Geneva,0007 BLACK COMM. CTR.,"Public Service Commission, Place No. 1",,REP,Jeremy H. Oden,25
Geneva,0007 BLACK COMM. CTR.,"Public Service Commission, Place No. 1",,REP,Matt Gentry,83
Geneva,0007 BLACK COMM. CTR.,"Public Service Commission, Place No. 2",,REP,Brent Woodall,30
Geneva,0007 BLACK COMM. CTR.,"Public Service Commission, Place No. 2",,REP,Chris Beeker,14
Geneva,0007 BLACK COMM. CTR.,"Public Service Commission, Place No. 2",,REP,Jim Zig Zeigler,47
Geneva,0007 BLACK COMM. CTR.,"Public Service Commission, Place No. 2",,REP,Priscilla Andrews,17
Geneva,0007 BLACK COMM. CTR.,Secretary of State,,REP,Caroleene Dobson,46
Geneva,0007 BLACK COMM. CTR.,Secretary of State,,REP,Christopher Christian Horn,38
Geneva,0007 BLACK COMM. CTR.,Secretary of State,,REP,Glenda S. Jackson,29
Geneva,0007 BLACK COMM. CTR.,State Auditor,,REP,Andrew Sorrell,102
Geneva,0007 BLACK COMM. CTR.,State Auditor,,REP,Derek Chen,16
Geneva,0007 BLACK COMM. CTR.,State Senate,29.0,REP,Donnie Chesteen,116
Geneva,0007 BLACK COMM. CTR.,State Senate,29.0,REP,Val Glasgow Paul,2
Geneva,0007 BLACK COMM. CTR.,State Senate,29.0,REP,Zachary J. Hurst,12
Geneva,0007 BLACK COMM. CTR.,State Treasurer,,REP,Steve Lolley,47
Geneva,0007 BLACK COMM. CTR.,State Treasurer,,REP,Young Boozer,71
Geneva,0007 BLACK COMM. CTR.,U.S. House,1.0,REP,Austin Sidwell,8
Geneva,0007 BLACK COMM. CTR.,U.S. House,1.0,REP,James (Jimmy) Dees,7
Geneva,0007 BLACK COMM. CTR.,U.S. House,1.0,REP,James Richardson,9
Geneva,0007 BLACK COMM. CTR.,U.S. House,1.0,REP,Jerry Carl,13
Geneva,0007 BLACK COMM. CTR.,U.S. House,1.0,REP,John Mills,6
Geneva,0007 BLACK COMM. CTR.,U.S. House,1.0,REP,Joshua McKee,21
Geneva,0007 BLACK COMM. CTR.,U.S. House,1.0,REP,Rhett Maques,44
Geneva,0007 BLACK COMM. CTR.,U.S. Senate,,REP,Barry Moore,91
Geneva,0007 BLACK COMM. CTR.,U.S. Senate,,REP,Dale Shelton Deas Jr.,4
Geneva,0007 BLACK COMM. CTR.,U.S. Senate,,REP,Jared Hudson,18
Geneva,0007 BLACK COMM. CTR.,U.S. Senate,,REP,Morgan Murphy,0
Geneva,0007 BLACK COMM. CTR.,U.S. Senate,,REP,Rodney Walker,4
Geneva,0007 BLACK COMM. CTR.,U.S. Senate,,REP,Seth Burton,0
Geneva,0007 BLACK COMM. CTR.,U.S. Senate,,REP,Steve Marshall,11
Geneva,0007 BLACK COMM. CTR.,Proposed Statewide Amendment 1,,,No,11
Geneva,0007 BLACK COMM. CTR.,Proposed Statewide Amendment 1,,,Yes,119
Geneva,0007 BLACK COMM. CTR.,Proposed Statewide Amendment 2,,,No,58
Geneva,0007 BLACK COMM. CTR.,Proposed Statewide Amendment 2,,,Yes,62
Geneva,0008 BELLWOOD COMM. CTR.,Governor,,DEM,"Chad ""Chig"" Martin",1
Geneva,0008 BELLWOOD COMM. CTR.,Governor,,DEM,Doug Jones,22
Geneva,0008 BELLWOOD COMM. CTR.,Governor,,DEM,Jamel J. Brown,2
Geneva,0008 BELLWOOD COMM. CTR.,Governor,,DEM,"Nathan ""Nate"" Mathis",16
Geneva,0008 BELLWOOD COMM. CTR.,Governor,,DEM,Will Boyd,3
Geneva,0008 BELLWOOD COMM. CTR.,Governor,,DEM,Yolanda Rochelle Flowers,1
Geneva,0008 BELLWOOD COMM. CTR.,Lieutenant Governor,,DEM,Darryl D. Perryman,4
Geneva,0008 BELLWOOD COMM. CTR.,Lieutenant Governor,,DEM,Phillip Ensler,33
Geneva,0008 BELLWOOD COMM. CTR.,"Public Service Commission, Place No. 1",,DEM,John Northrop,5
Geneva,0008 BELLWOOD COMM. CTR.,"Public Service Commission, Place No. 1",,DEM,James O. Gordon,25
Geneva,0008 BELLWOOD COMM. CTR.,"Public Service Commission, Place No. 1",,DEM,Jeff Ramsey,5
Geneva,0008 BELLWOOD COMM. CTR.,U.S. Senate,,DEM,Mark S. Wheeler II,1
Geneva,0008 BELLWOOD COMM. CTR.,U.S. Senate,,DEM,Kyle Sweetser,7
Geneva,0008 BELLWOOD COMM. CTR.,U.S. Senate,,DEM,Dakarai Larriett,8
Geneva,0008 BELLWOOD COMM. CTR.,U.S. Senate,,DEM,Everett Wess,21
Geneva,0008 BELLWOOD COMM. CTR.,Attorney General,,REP,Jay Mitchell,32
Geneva,0008 BELLWOOD COMM. CTR.,Attorney General,,REP,Katherine Robertson,30
Geneva,0008 BELLWOOD COMM. CTR.,Attorney General,,REP,Pamela L. Casey,20
Geneva,0008 BELLWOOD COMM. CTR.,Commissioner of Agriculture and Industries,,REP,Christina Woerner McInnis,10
Geneva,0008 BELLWOOD COMM. CTR.,Commissioner of Agriculture and Industries,,REP,Cory Hill,37
Geneva,0008 BELLWOOD COMM. CTR.,Commissioner of Agriculture and Industries,,REP,Jack Williams,32
Geneva,0008 BELLWOOD COMM. CTR.,Geneva County Sheriff,,REP,David Hall,61
Geneva,0008 BELLWOOD COMM. CTR.,Geneva County Sheriff,,REP,Tim Forehand,22
Geneva,0008 BELLWOOD COMM. CTR.,Governor,,REP,"""Alabama"" Will Santivasci",3
Geneva,0008 BELLWOOD COMM. CTR.,Governor,,REP,Ken McFeeters,3
Geneva,0008 BELLWOOD COMM. CTR.,Governor,,REP,Thomas Tuberville,77
Geneva,0008 BELLWOOD COMM. CTR.,Lieutenant Governor,,REP,George Childress,5
Geneva,0008 BELLWOOD COMM. CTR.,Lieutenant Governor,,REP,John Wahl,26
Geneva,0008 BELLWOOD COMM. CTR.,Lieutenant Governor,,REP,Nicole Jones Wadsworth,6
Geneva,0008 BELLWOOD COMM. CTR.,Lieutenant Governor,,REP,Pat Bishop,3
Geneva,0008 BELLWOOD COMM. CTR.,Lieutenant Governor,,REP,Rick Pate,10
Geneva,0008 BELLWOOD COMM. CTR.,Lieutenant Governor,,REP,Stewart Hill Tankersley,1
Geneva,0008 BELLWOOD COMM. CTR.,Lieutenant Governor,,REP,Wes Allen,29
Geneva,0008 BELLWOOD COMM. CTR.,"Public Service Commission, Place No. 1",,REP,Jeremy H. Oden,11
Geneva,0008 BELLWOOD COMM. CTR.,"Public Service Commission, Place No. 1",,REP,Matt Gentry,65
Geneva,0008 BELLWOOD COMM. CTR.,"Public Service Commission, Place No. 2",,REP,Brent Woodall,22
Geneva,0008 BELLWOOD COMM. CTR.,"Public Service Commission, Place No. 2",,REP,Chris Beeker,13
Geneva,0008 BELLWOOD COMM. CTR.,"Public Service Commission, Place No. 2",,REP,Jim Zig Zeigler,34
Geneva,0008 BELLWOOD COMM. CTR.,"Public Service Commission, Place No. 2",,REP,Priscilla Andrews,10
Geneva,0008 BELLWOOD COMM. CTR.,Secretary of State,,REP,Caroleene Dobson,40
Geneva,0008 BELLWOOD COMM. CTR.,Secretary of State,,REP,Christopher Christian Horn,22
Geneva,0008 BELLWOOD COMM. CTR.,Secretary of State,,REP,Glenda S. Jackson,14
Geneva,0008 BELLWOOD COMM. CTR.,State Auditor,,REP,Andrew Sorrell,55
Geneva,0008 BELLWOOD COMM. CTR.,State Auditor,,REP,Derek Chen,25
Geneva,0008 BELLWOOD COMM. CTR.,State Senate,29.0,REP,Donnie Chesteen,76
Geneva,0008 BELLWOOD COMM. CTR.,State Senate,29.0,REP,Val Glasgow Paul,2
Geneva,0008 BELLWOOD COMM. CTR.,State Senate,29.0,REP,Zachary J. Hurst,6
Geneva,0008 BELLWOOD COMM. CTR.,State Treasurer,,REP,Steve Lolley,30
Geneva,0008 BELLWOOD COMM. CTR.,State Treasurer,,REP,Young Boozer,48
Geneva,0008 BELLWOOD COMM. CTR.,U.S. House,1.0,REP,Austin Sidwell,1
Geneva,0008 BELLWOOD COMM. CTR.,U.S. House,1.0,REP,James (Jimmy) Dees,4
Geneva,0008 BELLWOOD COMM. CTR.,U.S. House,1.0,REP,James Richardson,4
Geneva,0008 BELLWOOD COMM. CTR.,U.S. House,1.0,REP,Jerry Carl,19
Geneva,0008 BELLWOOD COMM. CTR.,U.S. House,1.0,REP,John Mills,3
Geneva,0008 BELLWOOD COMM. CTR.,U.S. House,1.0,REP,Joshua McKee,16
Geneva,0008 BELLWOOD COMM. CTR.,U.S. House,1.0,REP,Rhett Maques,33
Geneva,0008 BELLWOOD COMM. CTR.,U.S. Senate,,REP,Barry Moore,67
Geneva,0008 BELLWOOD COMM. CTR.,U.S. Senate,,REP,Dale Shelton Deas Jr.,0
Geneva,0008 BELLWOOD COMM. CTR.,U.S. Senate,,REP,Jared Hudson,3
Geneva,0008 BELLWOOD COMM. CTR.,U.S. Senate,,REP,Morgan Murphy,0
Geneva,0008 BELLWOOD COMM. CTR.,U.S. Senate,,REP,Rodney Walker,1
Geneva,0008 BELLWOOD COMM. CTR.,U.S. Senate,,REP,Seth Burton,3
Geneva,0008 BELLWOOD COMM. CTR.,U.S. Senate,,REP,Steve Marshall,10
Geneva,0008 BELLWOOD COMM. CTR.,Proposed Statewide Amendment 1,,,No,21
Geneva,0008 BELLWOOD COMM. CTR.,Proposed Statewide Amendment 1,,,Yes,99
Geneva,0008 BELLWOOD COMM. CTR.,Proposed Statewide Amendment 2,,,No,44
Geneva,0008 BELLWOOD COMM. CTR.,Proposed Statewide Amendment 2,,,Yes,75
Geneva,0009 EL BETHAL BAPTIST CH,Governor,,DEM,"Chad ""Chig"" Martin",0
Geneva,0009 EL BETHAL BAPTIST CH,Governor,,DEM,Doug Jones,2
Geneva,0009 EL BETHAL BAPTIST CH,Governor,,DEM,Jamel J. Brown,0
Geneva,0009 EL BETHAL BAPTIST CH,Governor,,DEM,"Nathan ""Nate"" Mathis",1
Geneva,0009 EL BETHAL BAPTIST CH,Governor,,DEM,Will Boyd,1
Geneva,0009 EL BETHAL BAPTIST CH,Governor,,DEM,Yolanda Rochelle Flowers,1
Geneva,0009 EL BETHAL BAPTIST CH,Lieutenant Governor,,DEM,Darryl D. Perryman,2
Geneva,0009 EL BETHAL BAPTIST CH,Lieutenant Governor,,DEM,Phillip Ensler,2
Geneva,0009 EL BETHAL BAPTIST CH,"Public Service Commission, Place No. 1",,DEM,John Northrop,2
Geneva,0009 EL BETHAL BAPTIST CH,"Public Service Commission, Place No. 1",,DEM,James O. Gordon,2
Geneva,0009 EL BETHAL BAPTIST CH,"Public Service Commission, Place No. 1",,DEM,Jeff Ramsey,0
Geneva,0009 EL BETHAL BAPTIST CH,U.S. Senate,,DEM,Mark S. Wheeler II,0
Geneva,0009 EL BETHAL BAPTIST CH,U.S. Senate,,DEM,Kyle Sweetser,2
Geneva,0009 EL BETHAL BAPTIST CH,U.S. Senate,,DEM,Dakarai Larriett,2
Geneva,0009 EL BETHAL BAPTIST CH,U.S. Senate,,DEM,Everett Wess,0
Geneva,0009 EL BETHAL BAPTIST CH,Attorney General,,REP,Jay Mitchell,80
Geneva,0009 EL BETHAL BAPTIST CH,Attorney General,,REP,Katherine Robertson,66
Geneva,0009 EL BETHAL BAPTIST CH,Attorney General,,REP,Pamela L. Casey,44
Geneva,0009 EL BETHAL BAPTIST CH,Commissioner of Agriculture and Industries,,REP,Christina Woerner McInnis,52
Geneva,0009 EL BETHAL BAPTIST CH,Commissioner of Agriculture and Industries,,REP,Cory Hill,92
Geneva,0009 EL BETHAL BAPTIST CH,Commissioner of Agriculture and Industries,,REP,Jack Williams,39
Geneva,0009 EL BETHAL BAPTIST CH,Geneva County Sheriff,,REP,David Hall,144
Geneva,0009 EL BETHAL BAPTIST CH,Geneva County Sheriff,,REP,Tim Forehand,62
Geneva,0009 EL BETHAL BAPTIST CH,Governor,,REP,"""Alabama"" Will Santivasci",11
Geneva,0009 EL BETHAL BAPTIST CH,Governor,,REP,Ken McFeeters,15
Geneva,0009 EL BETHAL BAPTIST CH,Governor,,REP,Thomas Tuberville,179
Geneva,0009 EL BETHAL BAPTIST CH,Lieutenant Governor,,REP,George Childress,11
Geneva,0009 EL BETHAL BAPTIST CH,Lieutenant Governor,,REP,John Wahl,77
Geneva,0009 EL BETHAL BAPTIST CH,Lieutenant Governor,,REP,Nicole Jones Wadsworth,6
Geneva,0009 EL BETHAL BAPTIST CH,Lieutenant Governor,,REP,Pat Bishop,2
Geneva,0009 EL BETHAL BAPTIST CH,Lieutenant Governor,,REP,Rick Pate,16
Geneva,0009 EL BETHAL BAPTIST CH,Lieutenant Governor,,REP,Stewart Hill Tankersley,2
Geneva,0009 EL BETHAL BAPTIST CH,Lieutenant Governor,,REP,Wes Allen,82
Geneva,0009 EL BETHAL BAPTIST CH,"Public Service Commission, Place No. 1",,REP,Jeremy H. Oden,37
Geneva,0009 EL BETHAL BAPTIST CH,"Public Service Commission, Place No. 1",,REP,Matt Gentry,138
Geneva,0009 EL BETHAL BAPTIST CH,"Public Service Commission, Place No. 2",,REP,Brent Woodall,26
Geneva,0009 EL BETHAL BAPTIST CH,"Public Service Commission, Place No. 2",,REP,Chris Beeker,28
Geneva,0009 EL BETHAL BAPTIST CH,"Public Service Commission, Place No. 2",,REP,Jim Zig Zeigler,88
Geneva,0009 EL BETHAL BAPTIST CH,"Public Service Commission, Place No. 2",,REP,Priscilla Andrews,36
Geneva,0009 EL BETHAL BAPTIST CH,Secretary of State,,REP,Caroleene Dobson,97
Geneva,0009 EL BETHAL BAPTIST CH,Secretary of State,,REP,Christopher Christian Horn,59
Geneva,0009 EL BETHAL BAPTIST CH,Secretary of State,,REP,Glenda S. Jackson,20
Geneva,0009 EL BETHAL BAPTIST CH,State Auditor,,REP,Andrew Sorrell,148
Geneva,0009 EL BETHAL BAPTIST CH,State Auditor,,REP,Derek Chen,36
Geneva,0009 EL BETHAL BAPTIST CH,State Senate,29.0,REP,Donnie Chesteen,174
Geneva,0009 EL BETHAL BAPTIST CH,State Senate,29.0,REP,Val Glasgow Paul,6
Geneva,0009 EL BETHAL BAPTIST CH,State Senate,29.0,REP,Zachary J. Hurst,19
Geneva,0009 EL BETHAL BAPTIST CH,State Treasurer,,REP,Steve Lolley,74
Geneva,0009 EL BETHAL BAPTIST CH,State Treasurer,,REP,Young Boozer,111
Geneva,0009 EL BETHAL BAPTIST CH,U.S. House,1.0,REP,Austin Sidwell,7
Geneva,0009 EL BETHAL BAPTIST CH,U.S. House,1.0,REP,James (Jimmy) Dees,11
Geneva,0009 EL BETHAL BAPTIST CH,U.S. House,1.0,REP,James Richardson,0
Geneva,0009 EL BETHAL BAPTIST CH,U.S. House,1.0,REP,Jerry Carl,17
Geneva,0009 EL BETHAL BAPTIST CH,U.S. House,1.0,REP,John Mills,13
Geneva,0009 EL BETHAL BAPTIST CH,U.S. House,1.0,REP,Joshua McKee,29
Geneva,0009 EL BETHAL BAPTIST CH,U.S. House,1.0,REP,Rhett Maques,109
Geneva,0009 EL BETHAL BAPTIST CH,U.S. Senate,,REP,Barry Moore,167
Geneva,0009 EL BETHAL BAPTIST CH,U.S. Senate,,REP,Dale Shelton Deas Jr.,1
Geneva,0009 EL BETHAL BAPTIST CH,U.S. Senate,,REP,Jared Hudson,12
Geneva,0009 EL BETHAL BAPTIST CH,U.S. Senate,,REP,Morgan Murphy,2
Geneva,0009 EL BETHAL BAPTIST CH,U.S. Senate,,REP,Rodney Walker,3
Geneva,0009 EL BETHAL BAPTIST CH,U.S. Senate,,REP,Seth Burton,3
Geneva,0009 EL BETHAL BAPTIST CH,U.S. Senate,,REP,Steve Marshall,13
Geneva,0009 EL BETHAL BAPTIST CH,Proposed Statewide Amendment 1,,,No,24
Geneva,0009 EL BETHAL BAPTIST CH,Proposed Statewide Amendment 1,,,Yes,184
Geneva,0009 EL BETHAL BAPTIST CH,Proposed Statewide Amendment 2,,,No,86
Geneva,0009 EL BETHAL BAPTIST CH,Proposed Statewide Amendment 2,,,Yes,112
Geneva,0010 FIRST BAPT CH GENEVA,Governor,,DEM,"Chad ""Chig"" Martin",8
Geneva,0010 FIRST BAPT CH GENEVA,Governor,,DEM,Doug Jones,51
Geneva,0010 FIRST BAPT CH GENEVA,Governor,,DEM,Jamel J. Brown,9
Geneva,0010 FIRST BAPT CH GENEVA,Governor,,DEM,"Nathan ""Nate"" Mathis",7
Geneva,0010 FIRST BAPT CH GENEVA,Governor,,DEM,Will Boyd,18
Geneva,0010 FIRST BAPT CH GENEVA,Governor,,DEM,Yolanda Rochelle Flowers,17
Geneva,0010 FIRST BAPT CH GENEVA,Lieutenant Governor,,DEM,Darryl D. Perryman,57
Geneva,0010 FIRST BAPT CH GENEVA,Lieutenant Governor,,DEM,Phillip Ensler,46
Geneva,0010 FIRST BAPT CH GENEVA,"Public Service Commission, Place No. 1",,DEM,John Northrop,16
Geneva,0010 FIRST BAPT CH GENEVA,"Public Service Commission, Place No. 1",,DEM,James O. Gordon,51
Geneva,0010 FIRST BAPT CH GENEVA,"Public Service Commission, Place No. 1",,DEM,Jeff Ramsey,36
Geneva,0010 FIRST BAPT CH GENEVA,U.S. Senate,,DEM,Mark S. Wheeler II,22
Geneva,0010 FIRST BAPT CH GENEVA,U.S. Senate,,DEM,Kyle Sweetser,16
Geneva,0010 FIRST BAPT CH GENEVA,U.S. Senate,,DEM,Dakarai Larriett,21
Geneva,0010 FIRST BAPT CH GENEVA,U.S. Senate,,DEM,Everett Wess,45
Geneva,0010 FIRST BAPT CH GENEVA,Attorney General,,REP,Jay Mitchell,211
Geneva,0010 FIRST BAPT CH GENEVA,Attorney General,,REP,Katherine Robertson,203
Geneva,0010 FIRST BAPT CH GENEVA,Attorney General,,REP,Pamela L. Casey,123
Geneva,0010 FIRST BAPT CH GENEVA,Commissioner of Agriculture and Industries,,REP,Christina Woerner McInnis,138
Geneva,0010 FIRST BAPT CH GENEVA,Commissioner of Agriculture and Industries,,REP,Cory Hill,195
Geneva,0010 FIRST BAPT CH GENEVA,Commissioner of Agriculture and Industries,,REP,Jack Williams,172
Geneva,0010 FIRST BAPT CH GENEVA,Geneva County Sheriff,,REP,David Hall,473
Geneva,0010 FIRST BAPT CH GENEVA,Geneva County Sheriff,,REP,Tim Forehand,100
Geneva,0010 FIRST BAPT CH GENEVA,Governor,,REP,"""Alabama"" Will Santivasci",28
Geneva,0010 FIRST BAPT CH GENEVA,Governor,,REP,Ken McFeeters,37
Geneva,0010 FIRST BAPT CH GENEVA,Governor,,REP,Thomas Tuberville,502
Geneva,0010 FIRST BAPT CH GENEVA,Lieutenant Governor,,REP,George Childress,21
Geneva,0010 FIRST BAPT CH GENEVA,Lieutenant Governor,,REP,John Wahl,204
Geneva,0010 FIRST BAPT CH GENEVA,Lieutenant Governor,,REP,Nicole Jones Wadsworth,30
Geneva,0010 FIRST BAPT CH GENEVA,Lieutenant Governor,,REP,Pat Bishop,10
Geneva,0010 FIRST BAPT CH GENEVA,Lieutenant Governor,,REP,Rick Pate,29
Geneva,0010 FIRST BAPT CH GENEVA,Lieutenant Governor,,REP,Stewart Hill Tankersley,7
Geneva,0010 FIRST BAPT CH GENEVA,Lieutenant Governor,,REP,Wes Allen,235
Geneva,0010 FIRST BAPT CH GENEVA,"Public Service Commission, Place No. 1",,REP,Jeremy H. Oden,97
Geneva,0010 FIRST BAPT CH GENEVA,"Public Service Commission, Place No. 1",,REP,Matt Gentry,394
Geneva,0010 FIRST BAPT CH GENEVA,"Public Service Commission, Place No. 2",,REP,Brent Woodall,96
Geneva,0010 FIRST BAPT CH GENEVA,"Public Service Commission, Place No. 2",,REP,Chris Beeker,95
Geneva,0010 FIRST BAPT CH GENEVA,"Public Service Commission, Place No. 2",,REP,Jim Zig Zeigler,224
Geneva,0010 FIRST BAPT CH GENEVA,"Public Service Commission, Place No. 2",,REP,Priscilla Andrews,94
Geneva,0010 FIRST BAPT CH GENEVA,Secretary of State,,REP,Caroleene Dobson,262
Geneva,0010 FIRST BAPT CH GENEVA,Secretary of State,,REP,Christopher Christian Horn,136
Geneva,0010 FIRST BAPT CH GENEVA,Secretary of State,,REP,Glenda S. Jackson,86
Geneva,0010 FIRST BAPT CH GENEVA,State Auditor,,REP,Andrew Sorrell,370
Geneva,0010 FIRST BAPT CH GENEVA,State Auditor,,REP,Derek Chen,133
Geneva,0010 FIRST BAPT CH GENEVA,State Senate,29.0,REP,Donnie Chesteen,526
Geneva,0010 FIRST BAPT CH GENEVA,State Senate,29.0,REP,Val Glasgow Paul,3
Geneva,0010 FIRST BAPT CH GENEVA,State Senate,29.0,REP,Zachary J. Hurst,36
Geneva,0010 FIRST BAPT CH GENEVA,State Treasurer,,REP,Steve Lolley,151
Geneva,0010 FIRST BAPT CH GENEVA,State Treasurer,,REP,Young Boozer,368
Geneva,0010 FIRST BAPT CH GENEVA,U.S. House,1.0,REP,Austin Sidwell,11
Geneva,0010 FIRST BAPT CH GENEVA,U.S. House,1.0,REP,James (Jimmy) Dees,26
Geneva,0010 FIRST BAPT CH GENEVA,U.S. House,1.0,REP,James Richardson,32
Geneva,0010 FIRST BAPT CH GENEVA,U.S. House,1.0,REP,Jerry Carl,45
Geneva,0010 FIRST BAPT CH GENEVA,U.S. House,1.0,REP,John Mills,22
Geneva,0010 FIRST BAPT CH GENEVA,U.S. House,1.0,REP,Joshua McKee,86
Geneva,0010 FIRST BAPT CH GENEVA,U.S. House,1.0,REP,Rhett Maques,295
Geneva,0010 FIRST BAPT CH GENEVA,U.S. Senate,,REP,Barry Moore,462
Geneva,0010 FIRST BAPT CH GENEVA,U.S. Senate,,REP,Dale Shelton Deas Jr.,3
Geneva,0010 FIRST BAPT CH GENEVA,U.S. Senate,,REP,Jared Hudson,30
Geneva,0010 FIRST BAPT CH GENEVA,U.S. Senate,,REP,Morgan Murphy,5
Geneva,0010 FIRST BAPT CH GENEVA,U.S. Senate,,REP,Rodney Walker,10
Geneva,0010 FIRST BAPT CH GENEVA,U.S. Senate,,REP,Seth Burton,7
Geneva,0010 FIRST BAPT CH GENEVA,U.S. Senate,,REP,Steve Marshall,53
Geneva,0010 FIRST BAPT CH GENEVA,Proposed Statewide Amendment 1,,,No,64
Geneva,0010 FIRST BAPT CH GENEVA,Proposed Statewide Amendment 1,,,Yes,595
Geneva,0010 FIRST BAPT CH GENEVA,Proposed Statewide Amendment 2,,,No,248
Geneva,0010 FIRST BAPT CH GENEVA,Proposed Statewide Amendment 2,,,Yes,390
Geneva,0011 GENEVA COUNTY FARM CTR.,Governor,,DEM,"Chad ""Chig"" Martin",0
Geneva,0011 GENEVA COUNTY FARM CTR.,Governor,,DEM,Doug Jones,6
Geneva,0011 GENEVA COUNTY FARM CTR.,Governor,,DEM,Jamel J. Brown,0
Geneva,0011 GENEVA COUNTY FARM CTR.,Governor,,DEM,"Nathan ""Nate"" Mathis",0
Geneva,0011 GENEVA COUNTY FARM CTR.,Governor,,DEM,Will Boyd,0
Geneva,0011 GENEVA COUNTY FARM CTR.,Governor,,DEM,Yolanda Rochelle Flowers,0
Geneva,0011 GENEVA COUNTY FARM CTR.,Lieutenant Governor,,DEM,Darryl D. Perryman,2
Geneva,0011 GENEVA COUNTY FARM CTR.,Lieutenant Governor,,DEM,Phillip Ensler,4
Geneva,0011 GENEVA COUNTY FARM CTR.,"Public Service Commission, Place No. 1",,DEM,John Northrop,1
Geneva,0011 GENEVA COUNTY FARM CTR.,"Public Service Commission, Place No. 1",,DEM,James O. Gordon,2
Geneva,0011 GENEVA COUNTY FARM CTR.,"Public Service Commission, Place No. 1",,DEM,Jeff Ramsey,2
Geneva,0011 GENEVA COUNTY FARM CTR.,U.S. Senate,,DEM,Mark S. Wheeler II,1
Geneva,0011 GENEVA COUNTY FARM CTR.,U.S. Senate,,DEM,Kyle Sweetser,3
Geneva,0011 GENEVA COUNTY FARM CTR.,U.S. Senate,,DEM,Dakarai Larriett,1
Geneva,0011 GENEVA COUNTY FARM CTR.,U.S. Senate,,DEM,Everett Wess,1
Geneva,0011 GENEVA COUNTY FARM CTR.,Attorney General,,REP,Jay Mitchell,62
Geneva,0011 GENEVA COUNTY FARM CTR.,Attorney General,,REP,Katherine Robertson,79
Geneva,0011 GENEVA COUNTY FARM CTR.,Attorney General,,REP,Pamela L. Casey,43
Geneva,0011 GENEVA COUNTY FARM CTR.,Commissioner of Agriculture and Industries,,REP,Christina Woerner McInnis,40
Geneva,0011 GENEVA COUNTY FARM CTR.,Commissioner of Agriculture and Industries,,REP,Cory Hill,76
Geneva,0011 GENEVA COUNTY FARM CTR.,Commissioner of Agriculture and Industries,,REP,Jack Williams,59
Geneva,0011 GENEVA COUNTY FARM CTR.,Geneva County Sheriff,,REP,David Hall,174
Geneva,0011 GENEVA COUNTY FARM CTR.,Geneva County Sheriff,,REP,Tim Forehand,22
Geneva,0011 GENEVA COUNTY FARM CTR.,Governor,,REP,"""Alabama"" Will Santivasci",5
Geneva,0011 GENEVA COUNTY FARM CTR.,Governor,,REP,Ken McFeeters,14
Geneva,0011 GENEVA COUNTY FARM CTR.,Governor,,REP,Thomas Tuberville,175
Geneva,0011 GENEVA COUNTY FARM CTR.,Lieutenant Governor,,REP,George Childress,3
Geneva,0011 GENEVA COUNTY FARM CTR.,Lieutenant Governor,,REP,John Wahl,49
Geneva,0011 GENEVA COUNTY FARM CTR.,Lieutenant Governor,,REP,Nicole Jones Wadsworth,8
Geneva,0011 GENEVA COUNTY FARM CTR.,Lieutenant Governor,,REP,Pat Bishop,14
Geneva,0011 GENEVA COUNTY FARM CTR.,Lieutenant Governor,,REP,Rick Pate,20
Geneva,0011 GENEVA COUNTY FARM CTR.,Lieutenant Governor,,REP,Stewart Hill Tankersley,4
Geneva,0011 GENEVA COUNTY FARM CTR.,Lieutenant Governor,,REP,Wes Allen,86
Geneva,0011 GENEVA COUNTY FARM CTR.,"Public Service Commission, Place No. 1",,REP,Jeremy H. Oden,45
Geneva,0011 GENEVA COUNTY FARM CTR.,"Public Service Commission, Place No. 1",,REP,Matt Gentry,122
Geneva,0011 GENEVA COUNTY FARM CTR.,"Public Service Commission, Place No. 2",,REP,Brent Woodall,24
Geneva,0011 GENEVA COUNTY FARM CTR.,"Public Service Commission, Place No. 2",,REP,Chris Beeker,34
Geneva,0011 GENEVA COUNTY FARM CTR.,"Public Service Commission, Place No. 2",,REP,Jim Zig Zeigler,93
Geneva,0011 GENEVA COUNTY FARM CTR.,"Public Service Commission, Place No. 2",,REP,Priscilla Andrews,17
Geneva,0011 GENEVA COUNTY FARM CTR.,Secretary of State,,REP,Caroleene Dobson,84
Geneva,0011 GENEVA COUNTY FARM CTR.,Secretary of State,,REP,Christopher Christian Horn,51
Geneva,0011 GENEVA COUNTY FARM CTR.,Secretary of State,,REP,Glenda S. Jackson,28
Geneva,0011 GENEVA COUNTY FARM CTR.,State Auditor,,REP,Andrew Sorrell,143
Geneva,0011 GENEVA COUNTY FARM CTR.,State Auditor,,REP,Derek Chen,31
Geneva,0011 GENEVA COUNTY FARM CTR.,State Senate,29.0,REP,Donnie Chesteen,182
Geneva,0011 GENEVA COUNTY FARM CTR.,State Senate,29.0,REP,Val Glasgow Paul,3
Geneva,0011 GENEVA COUNTY FARM CTR.,State Senate,29.0,REP,Zachary J. Hurst,10
Geneva,0011 GENEVA COUNTY FARM CTR.,State Treasurer,,REP,Steve Lolley,54
Geneva,0011 GENEVA COUNTY FARM CTR.,State Treasurer,,REP,Young Boozer,128
Geneva,0011 GENEVA COUNTY FARM CTR.,U.S. House,1.0,REP,Austin Sidwell,3
Geneva,0011 GENEVA COUNTY FARM CTR.,U.S. House,1.0,REP,James (Jimmy) Dees,10
Geneva,0011 GENEVA COUNTY FARM CTR.,U.S. House,1.0,REP,James Richardson,10
Geneva,0011 GENEVA COUNTY FARM CTR.,U.S. House,1.0,REP,Jerry Carl,25
Geneva,0011 GENEVA COUNTY FARM CTR.,U.S. House,1.0,REP,John Mills,11
Geneva,0011 GENEVA COUNTY FARM CTR.,U.S. House,1.0,REP,Joshua McKee,32
Geneva,0011 GENEVA COUNTY FARM CTR.,U.S. House,1.0,REP,Rhett Maques,84
Geneva,0011 GENEVA COUNTY FARM CTR.,U.S. Senate,,REP,Barry Moore,137
Geneva,0011 GENEVA COUNTY FARM CTR.,U.S. Senate,,REP,Dale Shelton Deas Jr.,4
Geneva,0011 GENEVA COUNTY FARM CTR.,U.S. Senate,,REP,Jared Hudson,8
Geneva,0011 GENEVA COUNTY FARM CTR.,U.S. Senate,,REP,Morgan Murphy,0
Geneva,0011 GENEVA COUNTY FARM CTR.,U.S. Senate,,REP,Rodney Walker,1
Geneva,0011 GENEVA COUNTY FARM CTR.,U.S. Senate,,REP,Seth Burton,0
Geneva,0011 GENEVA COUNTY FARM CTR.,U.S. Senate,,REP,Steve Marshall,41
Geneva,0011 GENEVA COUNTY FARM CTR.,Proposed Statewide Amendment 1,,,No,13
Geneva,0011 GENEVA COUNTY FARM CTR.,Proposed Statewide Amendment 1,,,Yes,181
Geneva,0011 GENEVA COUNTY FARM CTR.,Proposed Statewide Amendment 2,,,No,69
Geneva,0011 GENEVA COUNTY FARM CTR.,Proposed Statewide Amendment 2,,,Yes,116
Geneva,0012 COFFEE SPRINGS,Governor,,DEM,"Chad ""Chig"" Martin",0
Geneva,0012 COFFEE SPRINGS,Governor,,DEM,Doug Jones,9
Geneva,0012 COFFEE SPRINGS,Governor,,DEM,Jamel J. Brown,0
Geneva,0012 COFFEE SPRINGS,Governor,,DEM,"Nathan ""Nate"" Mathis",1
Geneva,0012 COFFEE SPRINGS,Governor,,DEM,Will Boyd,1
Geneva,0012 COFFEE SPRINGS,Governor,,DEM,Yolanda Rochelle Flowers,0
Geneva,0012 COFFEE SPRINGS,Lieutenant Governor,,DEM,Darryl D. Perryman,2
Geneva,0012 COFFEE SPRINGS,Lieutenant Governor,,DEM,Phillip Ensler,6
Geneva,0012 COFFEE SPRINGS,"Public Service Commission, Place No. 1",,DEM,John Northrop,0
Geneva,0012 COFFEE SPRINGS,"Public Service Commission, Place No. 1",,DEM,James O. Gordon,5
Geneva,0012 COFFEE SPRINGS,"Public Service Commission, Place No. 1",,DEM,Jeff Ramsey,2
Geneva,0012 COFFEE SPRINGS,U.S. Senate,,DEM,Mark S. Wheeler II,1
Geneva,0012 COFFEE SPRINGS,U.S. Senate,,DEM,Kyle Sweetser,0
Geneva,0012 COFFEE SPRINGS,U.S. Senate,,DEM,Dakarai Larriett,0
Geneva,0012 COFFEE SPRINGS,U.S. Senate,,DEM,Everett Wess,6
Geneva,0012 COFFEE SPRINGS,Attorney General,,REP,Jay Mitchell,47
Geneva,0012 COFFEE SPRINGS,Attorney General,,REP,Katherine Robertson,54
Geneva,0012 COFFEE SPRINGS,Attorney General,,REP,Pamela L. Casey,32
Geneva,0012 COFFEE SPRINGS,Commissioner of Agriculture and Industries,,REP,Christina Woerner McInnis,39
Geneva,0012 COFFEE SPRINGS,Commissioner of Agriculture and Industries,,REP,Cory Hill,48
Geneva,0012 COFFEE SPRINGS,Commissioner of Agriculture and Industries,,REP,Jack Williams,39
Geneva,0012 COFFEE SPRINGS,Geneva County Sheriff,,REP,David Hall,104
Geneva,0012 COFFEE SPRINGS,Geneva County Sheriff,,REP,Tim Forehand,50
Geneva,0012 COFFEE SPRINGS,Governor,,REP,"""Alabama"" Will Santivasci",5
Geneva,0012 COFFEE SPRINGS,Governor,,REP,Ken McFeeters,14
Geneva,0012 COFFEE SPRINGS,Governor,,REP,Thomas Tuberville,132
Geneva,0012 COFFEE SPRINGS,Lieutenant Governor,,REP,George Childress,2
Geneva,0012 COFFEE SPRINGS,Lieutenant Governor,,REP,John Wahl,72
Geneva,0012 COFFEE SPRINGS,Lieutenant Governor,,REP,Nicole Jones Wadsworth,5
Geneva,0012 COFFEE SPRINGS,Lieutenant Governor,,REP,Pat Bishop,4
Geneva,0012 COFFEE SPRINGS,Lieutenant Governor,,REP,Rick Pate,12
Geneva,0012 COFFEE SPRINGS,Lieutenant Governor,,REP,Stewart Hill Tankersley,4
Geneva,0012 COFFEE SPRINGS,Lieutenant Governor,,REP,Wes Allen,43
Geneva,0012 COFFEE SPRINGS,"Public Service Commission, Place No. 1",,REP,Jeremy H. Oden,21
Geneva,0012 COFFEE SPRINGS,"Public Service Commission, Place No. 1",,REP,Matt Gentry,96
Geneva,0012 COFFEE SPRINGS,"Public Service Commission, Place No. 2",,REP,Brent Woodall,23
Geneva,0012 COFFEE SPRINGS,"Public Service Commission, Place No. 2",,REP,Chris Beeker,22
Geneva,0012 COFFEE SPRINGS,"Public Service Commission, Place No. 2",,REP,Jim Zig Zeigler,65
Geneva,0012 COFFEE SPRINGS,"Public Service Commission, Place No. 2",,REP,Priscilla Andrews,24
Geneva,0012 COFFEE SPRINGS,Secretary of State,,REP,Caroleene Dobson,57
Geneva,0012 COFFEE SPRINGS,Secretary of State,,REP,Christopher Christian Horn,44
Geneva,0012 COFFEE SPRINGS,Secretary of State,,REP,Glenda S. Jackson,21
Geneva,0012 COFFEE SPRINGS,State Auditor,,REP,Andrew Sorrell,100
Geneva,0012 COFFEE SPRINGS,State Auditor,,REP,Derek Chen,31
Geneva,0012 COFFEE SPRINGS,State Senate,29.0,REP,Donnie Chesteen,124
Geneva,0012 COFFEE SPRINGS,State Senate,29.0,REP,Val Glasgow Paul,5
Geneva,0012 COFFEE SPRINGS,State Senate,29.0,REP,Zachary J. Hurst,18
Geneva,0012 COFFEE SPRINGS,State Treasurer,,REP,Steve Lolley,37
Geneva,0012 COFFEE SPRINGS,State Treasurer,,REP,Young Boozer,95
Geneva,0012 COFFEE SPRINGS,U.S. House,1.0,REP,Austin Sidwell,5
Geneva,0012 COFFEE SPRINGS,U.S. House,1.0,REP,James (Jimmy) Dees,3
Geneva,0012 COFFEE SPRINGS,U.S. House,1.0,REP,James Richardson,7
Geneva,0012 COFFEE SPRINGS,U.S. House,1.0,REP,Jerry Carl,16
Geneva,0012 COFFEE SPRINGS,U.S. House,1.0,REP,John Mills,7
Geneva,0012 COFFEE SPRINGS,U.S. House,1.0,REP,Joshua McKee,28
Geneva,0012 COFFEE SPRINGS,U.S. House,1.0,REP,Rhett Maques,79
Geneva,0012 COFFEE SPRINGS,U.S. Senate,,REP,Barry Moore,116
Geneva,0012 COFFEE SPRINGS,U.S. Senate,,REP,Dale Shelton Deas Jr.,2
Geneva,0012 COFFEE SPRINGS,U.S. Senate,,REP,Jared Hudson,8
Geneva,0012 COFFEE SPRINGS,U.S. Senate,,REP,Morgan Murphy,1
Geneva,0012 COFFEE SPRINGS,U.S. Senate,,REP,Rodney Walker,6
Geneva,0012 COFFEE SPRINGS,U.S. Senate,,REP,Seth Burton,5
Geneva,0012 COFFEE SPRINGS,U.S. Senate,,REP,Steve Marshall,14
Geneva,0012 COFFEE SPRINGS,Proposed Statewide Amendment 1,,,No,18
Geneva,0012 COFFEE SPRINGS,Proposed Statewide Amendment 1,,,Yes,143
Geneva,0012 COFFEE SPRINGS,Proposed Statewide Amendment 2,,,No,77
Geneva,0012 COFFEE SPRINGS,Proposed Statewide Amendment 2,,,Yes,81
Geneva,0013 LYTLE,Governor,,DEM,"Chad ""Chig"" Martin",1
Geneva,0013 LYTLE,Governor,,DEM,Doug Jones,4
Geneva,0013 LYTLE,Governor,,DEM,Jamel J. Brown,1
Geneva,0013 LYTLE,Governor,,DEM,"Nathan ""Nate"" Mathis",2
Geneva,0013 LYTLE,Governor,,DEM,Will Boyd,2
Geneva,0013 LYTLE,Governor,,DEM,Yolanda Rochelle Flowers,1
Geneva,0013 LYTLE,Lieutenant Governor,,DEM,Darryl D. Perryman,4
Geneva,0013 LYTLE,Lieutenant Governor,,DEM,Phillip Ensler,6
Geneva,0013 LYTLE,"Public Service Commission, Place No. 1",,DEM,John Northrop,1
Geneva,0013 LYTLE,"Public Service Commission, Place No. 1",,DEM,James O. Gordon,5
Geneva,0013 LYTLE,"Public Service Commission, Place No. 1",,DEM,Jeff Ramsey,4
Geneva,0013 LYTLE,U.S. Senate,,DEM,Mark S. Wheeler II,1
Geneva,0013 LYTLE,U.S. Senate,,DEM,Kyle Sweetser,2
Geneva,0013 LYTLE,U.S. Senate,,DEM,Dakarai Larriett,3
Geneva,0013 LYTLE,U.S. Senate,,DEM,Everett Wess,4
Geneva,0013 LYTLE,Attorney General,,REP,Jay Mitchell,66
Geneva,0013 LYTLE,Attorney General,,REP,Katherine Robertson,46
Geneva,0013 LYTLE,Attorney General,,REP,Pamela L. Casey,29
Geneva,0013 LYTLE,Commissioner of Agriculture and Industries,,REP,Christina Woerner McInnis,31
Geneva,0013 LYTLE,Commissioner of Agriculture and Industries,,REP,Cory Hill,65
Geneva,0013 LYTLE,Commissioner of Agriculture and Industries,,REP,Jack Williams,40
Geneva,0013 LYTLE,Geneva County Sheriff,,REP,David Hall,135
Geneva,0013 LYTLE,Geneva County Sheriff,,REP,Tim Forehand,28
Geneva,0013 LYTLE,Governor,,REP,"""Alabama"" Will Santivasci",5
Geneva,0013 LYTLE,Governor,,REP,Ken McFeeters,9
Geneva,0013 LYTLE,Governor,,REP,Thomas Tuberville,142
Geneva,0013 LYTLE,Lieutenant Governor,,REP,George Childress,10
Geneva,0013 LYTLE,Lieutenant Governor,,REP,John Wahl,60
Geneva,0013 LYTLE,Lieutenant Governor,,REP,Nicole Jones Wadsworth,5
Geneva,0013 LYTLE,Lieutenant Governor,,REP,Pat Bishop,2
Geneva,0013 LYTLE,Lieutenant Governor,,REP,Rick Pate,11
Geneva,0013 LYTLE,Lieutenant Governor,,REP,Stewart Hill Tankersley,4
Geneva,0013 LYTLE,Lieutenant Governor,,REP,Wes Allen,49
Geneva,0013 LYTLE,"Public Service Commission, Place No. 1",,REP,Jeremy H. Oden,38
Geneva,0013 LYTLE,"Public Service Commission, Place No. 1",,REP,Matt Gentry,85
Geneva,0013 LYTLE,"Public Service Commission, Place No. 2",,REP,Brent Woodall,31
Geneva,0013 LYTLE,"Public Service Commission, Place No. 2",,REP,Chris Beeker,21
Geneva,0013 LYTLE,"Public Service Commission, Place No. 2",,REP,Jim Zig Zeigler,49
Geneva,0013 LYTLE,"Public Service Commission, Place No. 2",,REP,Priscilla Andrews,26
Geneva,0013 LYTLE,Secretary of State,,REP,Caroleene Dobson,57
Geneva,0013 LYTLE,Secretary of State,,REP,Christopher Christian Horn,35
Geneva,0013 LYTLE,Secretary of State,,REP,Glenda S. Jackson,24
Geneva,0013 LYTLE,State Auditor,,REP,Andrew Sorrell,94
Geneva,0013 LYTLE,State Auditor,,REP,Derek Chen,35
Geneva,0013 LYTLE,State Senate,29.0,REP,Donnie Chesteen,148
Geneva,0013 LYTLE,State Senate,29.0,REP,Val Glasgow Paul,3
Geneva,0013 LYTLE,State Senate,29.0,REP,Zachary J. Hurst,6
Geneva,0013 LYTLE,State Treasurer,,REP,Steve Lolley,49
Geneva,0013 LYTLE,State Treasurer,,REP,Young Boozer,86
Geneva,0013 LYTLE,U.S. House,1.0,REP,Austin Sidwell,9
Geneva,0013 LYTLE,U.S. House,1.0,REP,James (Jimmy) Dees,7
Geneva,0013 LYTLE,U.S. House,1.0,REP,James Richardson,3
Geneva,0013 LYTLE,U.S. House,1.0,REP,Jerry Carl,18
Geneva,0013 LYTLE,U.S. House,1.0,REP,John Mills,9
Geneva,0013 LYTLE,U.S. House,1.0,REP,Joshua McKee,26
Geneva,0013 LYTLE,U.S. House,1.0,REP,Rhett Maques,63
Geneva,0013 LYTLE,U.S. Senate,,REP,Barry Moore,136
Geneva,0013 LYTLE,U.S. Senate,,REP,Dale Shelton Deas Jr.,1
Geneva,0013 LYTLE,U.S. Senate,,REP,Jared Hudson,5
Geneva,0013 LYTLE,U.S. Senate,,REP,Morgan Murphy,1
Geneva,0013 LYTLE,U.S. Senate,,REP,Rodney Walker,1
Geneva,0013 LYTLE,U.S. Senate,,REP,Seth Burton,0
Geneva,0013 LYTLE,U.S. Senate,,REP,Steve Marshall,14
Geneva,0013 LYTLE,Proposed Statewide Amendment 1,,,No,17
Geneva,0013 LYTLE,Proposed Statewide Amendment 1,,,Yes,144
Geneva,0013 LYTLE,Proposed Statewide Amendment 2,,,No,62
Geneva,0013 LYTLE,Proposed Statewide Amendment 2,,,Yes,81
Geneva,0014 PINEY GROVE VTG HOUSE,Governor,,DEM,"Chad ""Chig"" Martin",0
Geneva,0014 PINEY GROVE VTG HOUSE,Governor,,DEM,Doug Jones,0
Geneva,0014 PINEY GROVE VTG HOUSE,Governor,,DEM,Jamel J. Brown,0
Geneva,0014 PINEY GROVE VTG HOUSE,Governor,,DEM,"Nathan ""Nate"" Mathis",0
Geneva,0014 PINEY GROVE VTG HOUSE,Governor,,DEM,Will Boyd,0
Geneva,0014 PINEY GROVE VTG HOUSE,Governor,,DEM,Yolanda Rochelle Flowers,0
Geneva,0014 PINEY GROVE VTG HOUSE,Lieutenant Governor,,DEM,Darryl D. Perryman,0
Geneva,0014 PINEY GROVE VTG HOUSE,Lieutenant Governor,,DEM,Phillip Ensler,0
Geneva,0014 PINEY GROVE VTG HOUSE,"Public Service Commission, Place No. 1",,DEM,John Northrop,0
Geneva,0014 PINEY GROVE VTG HOUSE,"Public Service Commission, Place No. 1",,DEM,James O. Gordon,0
Geneva,0014 PINEY GROVE VTG HOUSE,"Public Service Commission, Place No. 1",,DEM,Jeff Ramsey,0
Geneva,0014 PINEY GROVE VTG HOUSE,U.S. Senate,,DEM,Mark S. Wheeler II,0
Geneva,0014 PINEY GROVE VTG HOUSE,U.S. Senate,,DEM,Kyle Sweetser,0
Geneva,0014 PINEY GROVE VTG HOUSE,U.S. Senate,,DEM,Dakarai Larriett,0
Geneva,0014 PINEY GROVE VTG HOUSE,U.S. Senate,,DEM,Everett Wess,0
Geneva,0014 PINEY GROVE VTG HOUSE,Attorney General,,REP,Jay Mitchell,37
Geneva,0014 PINEY GROVE VTG HOUSE,Attorney General,,REP,Katherine Robertson,20
Geneva,0014 PINEY GROVE VTG HOUSE,Attorney General,,REP,Pamela L. Casey,12
Geneva,0014 PINEY GROVE VTG HOUSE,Commissioner of Agriculture and Industries,,REP,Christina Woerner McInnis,10
Geneva,0014 PINEY GROVE VTG HOUSE,Commissioner of Agriculture and Industries,,REP,Cory Hill,25
Geneva,0014 PINEY GROVE VTG HOUSE,Commissioner of Agriculture and Industries,,REP,Jack Williams,31
Geneva,0014 PINEY GROVE VTG HOUSE,Geneva County Sheriff,,REP,David Hall,69
Geneva,0014 PINEY GROVE VTG HOUSE,Geneva County Sheriff,,REP,Tim Forehand,11
Geneva,0014 PINEY GROVE VTG HOUSE,Governor,,REP,"""Alabama"" Will Santivasci",2
Geneva,0014 PINEY GROVE VTG HOUSE,Governor,,REP,Ken McFeeters,4
Geneva,0014 PINEY GROVE VTG HOUSE,Governor,,REP,Thomas Tuberville,75
Geneva,0014 PINEY GROVE VTG HOUSE,Lieutenant Governor,,REP,George Childress,0
Geneva,0014 PINEY GROVE VTG HOUSE,Lieutenant Governor,,REP,John Wahl,25
Geneva,0014 PINEY GROVE VTG HOUSE,Lieutenant Governor,,REP,Nicole Jones Wadsworth,2
Geneva,0014 PINEY GROVE VTG HOUSE,Lieutenant Governor,,REP,Pat Bishop,2
Geneva,0014 PINEY GROVE VTG HOUSE,Lieutenant Governor,,REP,Rick Pate,7
Geneva,0014 PINEY GROVE VTG HOUSE,Lieutenant Governor,,REP,Stewart Hill Tankersley,1
Geneva,0014 PINEY GROVE VTG HOUSE,Lieutenant Governor,,REP,Wes Allen,39
Geneva,0014 PINEY GROVE VTG HOUSE,"Public Service Commission, Place No. 1",,REP,Jeremy H. Oden,10
Geneva,0014 PINEY GROVE VTG HOUSE,"Public Service Commission, Place No. 1",,REP,Matt Gentry,57
Geneva,0014 PINEY GROVE VTG HOUSE,"Public Service Commission, Place No. 2",,REP,Brent Woodall,7
Geneva,0014 PINEY GROVE VTG HOUSE,"Public Service Commission, Place No. 2",,REP,Chris Beeker,10
Geneva,0014 PINEY GROVE VTG HOUSE,"Public Service Commission, Place No. 2",,REP,Jim Zig Zeigler,41
Geneva,0014 PINEY GROVE VTG HOUSE,"Public Service Commission, Place No. 2",,REP,Priscilla Andrews,10
Geneva,0014 PINEY GROVE VTG HOUSE,Secretary of State,,REP,Caroleene Dobson,23
Geneva,0014 PINEY GROVE VTG HOUSE,Secretary of State,,REP,Christopher Christian Horn,31
Geneva,0014 PINEY GROVE VTG HOUSE,Secretary of State,,REP,Glenda S. Jackson,13
Geneva,0014 PINEY GROVE VTG HOUSE,State Auditor,,REP,Andrew Sorrell,51
Geneva,0014 PINEY GROVE VTG HOUSE,State Auditor,,REP,Derek Chen,18
Geneva,0014 PINEY GROVE VTG HOUSE,State Senate,29.0,REP,Donnie Chesteen,71
Geneva,0014 PINEY GROVE VTG HOUSE,State Senate,29.0,REP,Val Glasgow Paul,3
Geneva,0014 PINEY GROVE VTG HOUSE,State Senate,29.0,REP,Zachary J. Hurst,6
Geneva,0014 PINEY GROVE VTG HOUSE,State Treasurer,,REP,Steve Lolley,19
Geneva,0014 PINEY GROVE VTG HOUSE,State Treasurer,,REP,Young Boozer,53
Geneva,0014 PINEY GROVE VTG HOUSE,U.S. House,1.0,REP,Austin Sidwell,1
Geneva,0014 PINEY GROVE VTG HOUSE,U.S. House,1.0,REP,James (Jimmy) Dees,3
Geneva,0014 PINEY GROVE VTG HOUSE,U.S. House,1.0,REP,James Richardson,2
Geneva,0014 PINEY GROVE VTG HOUSE,U.S. House,1.0,REP,Jerry Carl,13
Geneva,0014 PINEY GROVE VTG HOUSE,U.S. House,1.0,REP,John Mills,4
Geneva,0014 PINEY GROVE VTG HOUSE,U.S. House,1.0,REP,Joshua McKee,16
Geneva,0014 PINEY GROVE VTG HOUSE,U.S. House,1.0,REP,Rhett Maques,32
Geneva,0014 PINEY GROVE VTG HOUSE,U.S. Senate,,REP,Barry Moore,64
Geneva,0014 PINEY GROVE VTG HOUSE,U.S. Senate,,REP,Dale Shelton Deas Jr.,0
Geneva,0014 PINEY GROVE VTG HOUSE,U.S. Senate,,REP,Jared Hudson,10
Geneva,0014 PINEY GROVE VTG HOUSE,U.S. Senate,,REP,Morgan Murphy,1
Geneva,0014 PINEY GROVE VTG HOUSE,U.S. Senate,,REP,Rodney Walker,2
Geneva,0014 PINEY GROVE VTG HOUSE,U.S. Senate,,REP,Seth Burton,0
Geneva,0014 PINEY GROVE VTG HOUSE,U.S. Senate,,REP,Steve Marshall,4
Geneva,0014 PINEY GROVE VTG HOUSE,Proposed Statewide Amendment 1,,,No,7
Geneva,0014 PINEY GROVE VTG HOUSE,Proposed Statewide Amendment 1,,,Yes,72
Geneva,0014 PINEY GROVE VTG HOUSE,Proposed Statewide Amendment 2,,,No,29
Geneva,0014 PINEY GROVE VTG HOUSE,Proposed Statewide Amendment 2,,,Yes,46
Geneva,0015 SAMSON FIRST UMC,Governor,,DEM,"Chad ""Chig"" Martin",4
Geneva,0015 SAMSON FIRST UMC,Governor,,DEM,Doug Jones,26
Geneva,0015 SAMSON FIRST UMC,Governor,,DEM,Jamel J. Brown,11
Geneva,0015 SAMSON FIRST UMC,Governor,,DEM,"Nathan ""Nate"" Mathis",4
Geneva,0015 SAMSON FIRST UMC,Governor,,DEM,Will Boyd,13
Geneva,0015 SAMSON FIRST UMC,Governor,,DEM,Yolanda Rochelle Flowers,1
Geneva,0015 SAMSON FIRST UMC,Lieutenant Governor,,DEM,Darryl D. Perryman,27
Geneva,0015 SAMSON FIRST UMC,Lieutenant Governor,,DEM,Phillip Ensler,25
Geneva,0015 SAMSON FIRST UMC,"Public Service Commission, Place No. 1",,DEM,John Northrop,11
Geneva,0015 SAMSON FIRST UMC,"Public Service Commission, Place No. 1",,DEM,James O. Gordon,24
Geneva,0015 SAMSON FIRST UMC,"Public Service Commission, Place No. 1",,DEM,Jeff Ramsey,20
Geneva,0015 SAMSON FIRST UMC,U.S. Senate,,DEM,Mark S. Wheeler II,19
Geneva,0015 SAMSON FIRST UMC,U.S. Senate,,DEM,Kyle Sweetser,9
Geneva,0015 SAMSON FIRST UMC,U.S. Senate,,DEM,Dakarai Larriett,7
Geneva,0015 SAMSON FIRST UMC,U.S. Senate,,DEM,Everett Wess,19
Geneva,0015 SAMSON FIRST UMC,Attorney General,,REP,Jay Mitchell,112
Geneva,0015 SAMSON FIRST UMC,Attorney General,,REP,Katherine Robertson,110
Geneva,0015 SAMSON FIRST UMC,Attorney General,,REP,Pamela L. Casey,92
Geneva,0015 SAMSON FIRST UMC,Commissioner of Agriculture and Industries,,REP,Christina Woerner McInnis,74
Geneva,0015 SAMSON FIRST UMC,Commissioner of Agriculture and Industries,,REP,Cory Hill,140
Geneva,0015 SAMSON FIRST UMC,Commissioner of Agriculture and Industries,,REP,Jack Williams,82
Geneva,0015 SAMSON FIRST UMC,Geneva County Sheriff,,REP,David Hall,292
Geneva,0015 SAMSON FIRST UMC,Geneva County Sheriff,,REP,Tim Forehand,49
Geneva,0015 SAMSON FIRST UMC,Governor,,REP,"""Alabama"" Will Santivasci",7
Geneva,0015 SAMSON FIRST UMC,Governor,,REP,Ken McFeeters,13
Geneva,0015 SAMSON FIRST UMC,Governor,,REP,Thomas Tuberville,320
Geneva,0015 SAMSON FIRST UMC,Lieutenant Governor,,REP,George Childress,8
Geneva,0015 SAMSON FIRST UMC,Lieutenant Governor,,REP,John Wahl,126
Geneva,0015 SAMSON FIRST UMC,Lieutenant Governor,,REP,Nicole Jones Wadsworth,15
Geneva,0015 SAMSON FIRST UMC,Lieutenant Governor,,REP,Pat Bishop,10
Geneva,0015 SAMSON FIRST UMC,Lieutenant Governor,,REP,Rick Pate,19
Geneva,0015 SAMSON FIRST UMC,Lieutenant Governor,,REP,Stewart Hill Tankersley,2
Geneva,0015 SAMSON FIRST UMC,Lieutenant Governor,,REP,Wes Allen,145
Geneva,0015 SAMSON FIRST UMC,"Public Service Commission, Place No. 1",,REP,Jeremy H. Oden,63
Geneva,0015 SAMSON FIRST UMC,"Public Service Commission, Place No. 1",,REP,Matt Gentry,208
Geneva,0015 SAMSON FIRST UMC,"Public Service Commission, Place No. 2",,REP,Brent Woodall,59
Geneva,0015 SAMSON FIRST UMC,"Public Service Commission, Place No. 2",,REP,Chris Beeker,39
Geneva,0015 SAMSON FIRST UMC,"Public Service Commission, Place No. 2",,REP,Jim Zig Zeigler,140
Geneva,0015 SAMSON FIRST UMC,"Public Service Commission, Place No. 2",,REP,Priscilla Andrews,59
Geneva,0015 SAMSON FIRST UMC,Secretary of State,,REP,Caroleene Dobson,121
Geneva,0015 SAMSON FIRST UMC,Secretary of State,,REP,Christopher Christian Horn,110
Geneva,0015 SAMSON FIRST UMC,Secretary of State,,REP,Glenda S. Jackson,40
Geneva,0015 SAMSON FIRST UMC,State Auditor,,REP,Andrew Sorrell,248
Geneva,0015 SAMSON FIRST UMC,State Auditor,,REP,Derek Chen,53
Geneva,0015 SAMSON FIRST UMC,State Senate,29.0,REP,Donnie Chesteen,315
Geneva,0015 SAMSON FIRST UMC,State Senate,29.0,REP,Val Glasgow Paul,7
Geneva,0015 SAMSON FIRST UMC,State Senate,29.0,REP,Zachary J. Hurst,15
Geneva,0015 SAMSON FIRST UMC,State Treasurer,,REP,Steve Lolley,88
Geneva,0015 SAMSON FIRST UMC,State Treasurer,,REP,Young Boozer,234
Geneva,0015 SAMSON FIRST UMC,U.S. House,1.0,REP,Austin Sidwell,10
Geneva,0015 SAMSON FIRST UMC,U.S. House,1.0,REP,James (Jimmy) Dees,18
Geneva,0015 SAMSON FIRST UMC,U.S. House,1.0,REP,James Richardson,11
Geneva,0015 SAMSON FIRST UMC,U.S. House,1.0,REP,Jerry Carl,33
Geneva,0015 SAMSON FIRST UMC,U.S. House,1.0,REP,John Mills,25
Geneva,0015 SAMSON FIRST UMC,U.S. House,1.0,REP,Joshua McKee,47
Geneva,0015 SAMSON FIRST UMC,U.S. House,1.0,REP,Rhett Maques,164
Geneva,0015 SAMSON FIRST UMC,U.S. Senate,,REP,Barry Moore,277
Geneva,0015 SAMSON FIRST UMC,U.S. Senate,,REP,Dale Shelton Deas Jr.,1
Geneva,0015 SAMSON FIRST UMC,U.S. Senate,,REP,Jared Hudson,30
Geneva,0015 SAMSON FIRST UMC,U.S. Senate,,REP,Morgan Murphy,1
Geneva,0015 SAMSON FIRST UMC,U.S. Senate,,REP,Rodney Walker,5
Geneva,0015 SAMSON FIRST UMC,U.S. Senate,,REP,Seth Burton,1
Geneva,0015 SAMSON FIRST UMC,U.S. Senate,,REP,Steve Marshall,24
Geneva,0015 SAMSON FIRST UMC,Proposed Statewide Amendment 1,,,No,57
Geneva,0015 SAMSON FIRST UMC,Proposed Statewide Amendment 1,,,Yes,330
Geneva,0015 SAMSON FIRST UMC,Proposed Statewide Amendment 2,,,No,180
Geneva,0015 SAMSON FIRST UMC,Proposed Statewide Amendment 2,,,Yes,192
Geneva,0016 GILMORE VTG HOUSE,Governor,,DEM,"Chad ""Chig"" Martin",0
Geneva,0016 GILMORE VTG HOUSE,Governor,,DEM,Doug Jones,2
Geneva,0016 GILMORE VTG HOUSE,Governor,,DEM,Jamel J. Brown,1
Geneva,0016 GILMORE VTG HOUSE,Governor,,DEM,"Nathan ""Nate"" Mathis",1
Geneva,0016 GILMORE VTG HOUSE,Governor,,DEM,Will Boyd,2
Geneva,0016 GILMORE VTG HOUSE,Governor,,DEM,Yolanda Rochelle Flowers,0
Geneva,0016 GILMORE VTG HOUSE,Lieutenant Governor,,DEM,Darryl D. Perryman,3
Geneva,0016 GILMORE VTG HOUSE,Lieutenant Governor,,DEM,Phillip Ensler,2
Geneva,0016 GILMORE VTG HOUSE,"Public Service Commission, Place No. 1",,DEM,John Northrop,1
Geneva,0016 GILMORE VTG HOUSE,"Public Service Commission, Place No. 1",,DEM,James O. Gordon,0
Geneva,0016 GILMORE VTG HOUSE,"Public Service Commission, Place No. 1",,DEM,Jeff Ramsey,4
Geneva,0016 GILMORE VTG HOUSE,U.S. Senate,,DEM,Mark S. Wheeler II,0
Geneva,0016 GILMORE VTG HOUSE,U.S. Senate,,DEM,Kyle Sweetser,1
Geneva,0016 GILMORE VTG HOUSE,U.S. Senate,,DEM,Dakarai Larriett,2
Geneva,0016 GILMORE VTG HOUSE,U.S. Senate,,DEM,Everett Wess,2
Geneva,0016 GILMORE VTG HOUSE,Attorney General,,REP,Jay Mitchell,28
Geneva,0016 GILMORE VTG HOUSE,Attorney General,,REP,Katherine Robertson,29
Geneva,0016 GILMORE VTG HOUSE,Attorney General,,REP,Pamela L. Casey,19
Geneva,0016 GILMORE VTG HOUSE,Commissioner of Agriculture and Industries,,REP,Christina Woerner McInnis,18
Geneva,0016 GILMORE VTG HOUSE,Commissioner of Agriculture and Industries,,REP,Cory Hill,37
Geneva,0016 GILMORE VTG HOUSE,Commissioner of Agriculture and Industries,,REP,Jack Williams,23
Geneva,0016 GILMORE VTG HOUSE,Geneva County Sheriff,,REP,David Hall,62
Geneva,0016 GILMORE VTG HOUSE,Geneva County Sheriff,,REP,Tim Forehand,28
Geneva,0016 GILMORE VTG HOUSE,Governor,,REP,"""Alabama"" Will Santivasci",5
Geneva,0016 GILMORE VTG HOUSE,Governor,,REP,Ken McFeeters,4
Geneva,0016 GILMORE VTG HOUSE,Governor,,REP,Thomas Tuberville,76
Geneva,0016 GILMORE VTG HOUSE,Lieutenant Governor,,REP,George Childress,2
Geneva,0016 GILMORE VTG HOUSE,Lieutenant Governor,,REP,John Wahl,26
Geneva,0016 GILMORE VTG HOUSE,Lieutenant Governor,,REP,Nicole Jones Wadsworth,8
Geneva,0016 GILMORE VTG HOUSE,Lieutenant Governor,,REP,Pat Bishop,2
Geneva,0016 GILMORE VTG HOUSE,Lieutenant Governor,,REP,Rick Pate,8
Geneva,0016 GILMORE VTG HOUSE,Lieutenant Governor,,REP,Stewart Hill Tankersley,2
Geneva,0016 GILMORE VTG HOUSE,Lieutenant Governor,,REP,Wes Allen,29
Geneva,0016 GILMORE VTG HOUSE,"Public Service Commission, Place No. 1",,REP,Jeremy H. Oden,16
Geneva,0016 GILMORE VTG HOUSE,"Public Service Commission, Place No. 1",,REP,Matt Gentry,53
Geneva,0016 GILMORE VTG HOUSE,"Public Service Commission, Place No. 2",,REP,Brent Woodall,17
Geneva,0016 GILMORE VTG HOUSE,"Public Service Commission, Place No. 2",,REP,Chris Beeker,11
Geneva,0016 GILMORE VTG HOUSE,"Public Service Commission, Place No. 2",,REP,Jim Zig Zeigler,33
Geneva,0016 GILMORE VTG HOUSE,"Public Service Commission, Place No. 2",,REP,Priscilla Andrews,11
Geneva,0016 GILMORE VTG HOUSE,Secretary of State,,REP,Caroleene Dobson,28
Geneva,0016 GILMORE VTG HOUSE,Secretary of State,,REP,Christopher Christian Horn,19
Geneva,0016 GILMORE VTG HOUSE,Secretary of State,,REP,Glenda S. Jackson,18
Geneva,0016 GILMORE VTG HOUSE,State Auditor,,REP,Andrew Sorrell,54
Geneva,0016 GILMORE VTG HOUSE,State Auditor,,REP,Derek Chen,20
Geneva,0016 GILMORE VTG HOUSE,State Senate,29.0,REP,Donnie Chesteen,76
Geneva,0016 GILMORE VTG HOUSE,State Senate,29.0,REP,Val Glasgow Paul,1
Geneva,0016 GILMORE VTG HOUSE,State Senate,29.0,REP,Zachary J. Hurst,6
Geneva,0016 GILMORE VTG HOUSE,State Treasurer,,REP,Steve Lolley,28
Geneva,0016 GILMORE VTG HOUSE,State Treasurer,,REP,Young Boozer,51
Geneva,0016 GILMORE VTG HOUSE,U.S. House,1.0,REP,Austin Sidwell,0
Geneva,0016 GILMORE VTG HOUSE,U.S. House,1.0,REP,James (Jimmy) Dees,4
Geneva,0016 GILMORE VTG HOUSE,U.S. House,1.0,REP,James Richardson,3
Geneva,0016 GILMORE VTG HOUSE,U.S. House,1.0,REP,Jerry Carl,8
Geneva,0016 GILMORE VTG HOUSE,U.S. House,1.0,REP,John Mills,1
Geneva,0016 GILMORE VTG HOUSE,U.S. House,1.0,REP,Joshua McKee,13
Geneva,0016 GILMORE VTG HOUSE,U.S. House,1.0,REP,Rhett Maques,46
Geneva,0016 GILMORE VTG HOUSE,U.S. Senate,,REP,Barry Moore,72
Geneva,0016 GILMORE VTG HOUSE,U.S. Senate,,REP,Dale Shelton Deas Jr.,2
Geneva,0016 GILMORE VTG HOUSE,U.S. Senate,,REP,Jared Hudson,5
Geneva,0016 GILMORE VTG HOUSE,U.S. Senate,,REP,Morgan Murphy,0
Geneva,0016 GILMORE VTG HOUSE,U.S. Senate,,REP,Rodney Walker,1
Geneva,0016 GILMORE VTG HOUSE,U.S. Senate,,REP,Seth Burton,0
Geneva,0016 GILMORE VTG HOUSE,U.S. Senate,,REP,Steve Marshall,5
Geneva,0016 GILMORE VTG HOUSE,Proposed Statewide Amendment 1,,,No,9
Geneva,0016 GILMORE VTG HOUSE,Proposed Statewide Amendment 1,,,Yes,82
Geneva,0016 GILMORE VTG HOUSE,Proposed Statewide Amendment 2,,,No,52
Geneva,0016 GILMORE VTG HOUSE,Proposed Statewide Amendment 2,,,Yes,37
Geneva,0017 LOWERY VTG HOUSE,Governor,,DEM,"Chad ""Chig"" Martin",1
Geneva,0017 LOWERY VTG HOUSE,Governor,,DEM,Doug Jones,2
Geneva,0017 LOWERY VTG HOUSE,Governor,,DEM,Jamel J. Brown,0
Geneva,0017 LOWERY VTG HOUSE,Governor,,DEM,"Nathan ""Nate"" Mathis",0
Geneva,0017 LOWERY VTG HOUSE,Governor,,DEM,Will Boyd,0
Geneva,0017 LOWERY VTG HOUSE,Governor,,DEM,Yolanda Rochelle Flowers,0
Geneva,0017 LOWERY VTG HOUSE,Lieutenant Governor,,DEM,Darryl D. Perryman,0
Geneva,0017 LOWERY VTG HOUSE,Lieutenant Governor,,DEM,Phillip Ensler,2
Geneva,0017 LOWERY VTG HOUSE,"Public Service Commission, Place No. 1",,DEM,John Northrop,0
Geneva,0017 LOWERY VTG HOUSE,"Public Service Commission, Place No. 1",,DEM,James O. Gordon,1
Geneva,0017 LOWERY VTG HOUSE,"Public Service Commission, Place No. 1",,DEM,Jeff Ramsey,1
Geneva,0017 LOWERY VTG HOUSE,U.S. Senate,,DEM,Mark S. Wheeler II,1
Geneva,0017 LOWERY VTG HOUSE,U.S. Senate,,DEM,Kyle Sweetser,1
Geneva,0017 LOWERY VTG HOUSE,U.S. Senate,,DEM,Dakarai Larriett,0
Geneva,0017 LOWERY VTG HOUSE,U.S. Senate,,DEM,Everett Wess,0
Geneva,0017 LOWERY VTG HOUSE,Attorney General,,REP,Jay Mitchell,31
Geneva,0017 LOWERY VTG HOUSE,Attorney General,,REP,Katherine Robertson,20
Geneva,0017 LOWERY VTG HOUSE,Attorney General,,REP,Pamela L. Casey,15
Geneva,0017 LOWERY VTG HOUSE,Commissioner of Agriculture and Industries,,REP,Christina Woerner McInnis,15
Geneva,0017 LOWERY VTG HOUSE,Commissioner of Agriculture and Industries,,REP,Cory Hill,25
Geneva,0017 LOWERY VTG HOUSE,Commissioner of Agriculture and Industries,,REP,Jack Williams,20
Geneva,0017 LOWERY VTG HOUSE,Geneva County Sheriff,,REP,David Hall,55
Geneva,0017 LOWERY VTG HOUSE,Geneva County Sheriff,,REP,Tim Forehand,20
Geneva,0017 LOWERY VTG HOUSE,Governor,,REP,"""Alabama"" Will Santivasci",1
Geneva,0017 LOWERY VTG HOUSE,Governor,,REP,Ken McFeeters,5
Geneva,0017 LOWERY VTG HOUSE,Governor,,REP,Thomas Tuberville,69
Geneva,0017 LOWERY VTG HOUSE,Lieutenant Governor,,REP,George Childress,1
Geneva,0017 LOWERY VTG HOUSE,Lieutenant Governor,,REP,John Wahl,26
Geneva,0017 LOWERY VTG HOUSE,Lieutenant Governor,,REP,Nicole Jones Wadsworth,2
Geneva,0017 LOWERY VTG HOUSE,Lieutenant Governor,,REP,Pat Bishop,1
Geneva,0017 LOWERY VTG HOUSE,Lieutenant Governor,,REP,Rick Pate,2
Geneva,0017 LOWERY VTG HOUSE,Lieutenant Governor,,REP,Stewart Hill Tankersley,0
Geneva,0017 LOWERY VTG HOUSE,Lieutenant Governor,,REP,Wes Allen,39
Geneva,0017 LOWERY VTG HOUSE,"Public Service Commission, Place No. 1",,REP,Jeremy H. Oden,17
Geneva,0017 LOWERY VTG HOUSE,"Public Service Commission, Place No. 1",,REP,Matt Gentry,45
Geneva,0017 LOWERY VTG HOUSE,"Public Service Commission, Place No. 2",,REP,Brent Woodall,17
Geneva,0017 LOWERY VTG HOUSE,"Public Service Commission, Place No. 2",,REP,Chris Beeker,11
Geneva,0017 LOWERY VTG HOUSE,"Public Service Commission, Place No. 2",,REP,Jim Zig Zeigler,26
Geneva,0017 LOWERY VTG HOUSE,"Public Service Commission, Place No. 2",,REP,Priscilla Andrews,11
Geneva,0017 LOWERY VTG HOUSE,Secretary of State,,REP,Caroleene Dobson,33
Geneva,0017 LOWERY VTG HOUSE,Secretary of State,,REP,Christopher Christian Horn,14
Geneva,0017 LOWERY VTG HOUSE,Secretary of State,,REP,Glenda S. Jackson,14
Geneva,0017 LOWERY VTG HOUSE,State Auditor,,REP,Andrew Sorrell,52
Geneva,0017 LOWERY VTG HOUSE,State Auditor,,REP,Derek Chen,9
Geneva,0017 LOWERY VTG HOUSE,State Senate,29.0,REP,Donnie Chesteen,56
Geneva,0017 LOWERY VTG HOUSE,State Senate,29.0,REP,Val Glasgow Paul,2
Geneva,0017 LOWERY VTG HOUSE,State Senate,29.0,REP,Zachary J. Hurst,12
Geneva,0017 LOWERY VTG HOUSE,State Treasurer,,REP,Steve Lolley,27
Geneva,0017 LOWERY VTG HOUSE,State Treasurer,,REP,Young Boozer,39
Geneva,0017 LOWERY VTG HOUSE,U.S. House,1.0,REP,Austin Sidwell,2
Geneva,0017 LOWERY VTG HOUSE,U.S. House,1.0,REP,James (Jimmy) Dees,3
Geneva,0017 LOWERY VTG HOUSE,U.S. House,1.0,REP,James Richardson,2
Geneva,0017 LOWERY VTG HOUSE,U.S. House,1.0,REP,Jerry Carl,17
Geneva,0017 LOWERY VTG HOUSE,U.S. House,1.0,REP,John Mills,2
Geneva,0017 LOWERY VTG HOUSE,U.S. House,1.0,REP,Joshua McKee,8
Geneva,0017 LOWERY VTG HOUSE,U.S. House,1.0,REP,Rhett Maques,31
Geneva,0017 LOWERY VTG HOUSE,U.S. Senate,,REP,Barry Moore,48
Geneva,0017 LOWERY VTG HOUSE,U.S. Senate,,REP,Dale Shelton Deas Jr.,1
Geneva,0017 LOWERY VTG HOUSE,U.S. Senate,,REP,Jared Hudson,15
Geneva,0017 LOWERY VTG HOUSE,U.S. Senate,,REP,Morgan Murphy,0
Geneva,0017 LOWERY VTG HOUSE,U.S. Senate,,REP,Rodney Walker,1
Geneva,0017 LOWERY VTG HOUSE,U.S. Senate,,REP,Seth Burton,2
Geneva,0017 LOWERY VTG HOUSE,U.S. Senate,,REP,Steve Marshall,6
Geneva,0017 LOWERY VTG HOUSE,Proposed Statewide Amendment 1,,,No,4
Geneva,0017 LOWERY VTG HOUSE,Proposed Statewide Amendment 1,,,Yes,73
Geneva,0017 LOWERY VTG HOUSE,Proposed Statewide Amendment 2,,,No,36
Geneva,0017 LOWERY VTG HOUSE,Proposed Statewide Amendment 2,,,Yes,36
Geneva,0018 REVELS STORE,Governor,,DEM,"Chad ""Chig"" Martin",0
Geneva,0018 REVELS STORE,Governor,,DEM,Doug Jones,2
Geneva,0018 REVELS STORE,Governor,,DEM,Jamel J. Brown,0
Geneva,0018 REVELS STORE,Governor,,DEM,"Nathan ""Nate"" Mathis",0
Geneva,0018 REVELS STORE,Governor,,DEM,Will Boyd,0
Geneva,0018 REVELS STORE,Governor,,DEM,Yolanda Rochelle Flowers,0
Geneva,0018 REVELS STORE,Lieutenant Governor,,DEM,Darryl D. Perryman,0
Geneva,0018 REVELS STORE,Lieutenant Governor,,DEM,Phillip Ensler,2
Geneva,0018 REVELS STORE,"Public Service Commission, Place No. 1",,DEM,John Northrop,1
Geneva,0018 REVELS STORE,"Public Service Commission, Place No. 1",,DEM,James O. Gordon,1
Geneva,0018 REVELS STORE,"Public Service Commission, Place No. 1",,DEM,Jeff Ramsey,0
Geneva,0018 REVELS STORE,U.S. Senate,,DEM,Mark S. Wheeler II,0
Geneva,0018 REVELS STORE,U.S. Senate,,DEM,Kyle Sweetser,0
Geneva,0018 REVELS STORE,U.S. Senate,,DEM,Dakarai Larriett,1
Geneva,0018 REVELS STORE,U.S. Senate,,DEM,Everett Wess,1
Geneva,0018 REVELS STORE,Attorney General,,REP,Jay Mitchell,39
Geneva,0018 REVELS STORE,Attorney General,,REP,Katherine Robertson,15
Geneva,0018 REVELS STORE,Attorney General,,REP,Pamela L. Casey,25
Geneva,0018 REVELS STORE,Commissioner of Agriculture and Industries,,REP,Christina Woerner McInnis,14
Geneva,0018 REVELS STORE,Commissioner of Agriculture and Industries,,REP,Cory Hill,38
Geneva,0018 REVELS STORE,Commissioner of Agriculture and Industries,,REP,Jack Williams,23
Geneva,0018 REVELS STORE,Geneva County Sheriff,,REP,David Hall,65
Geneva,0018 REVELS STORE,Geneva County Sheriff,,REP,Tim Forehand,20
Geneva,0018 REVELS STORE,Governor,,REP,"""Alabama"" Will Santivasci",5
Geneva,0018 REVELS STORE,Governor,,REP,Ken McFeeters,6
Geneva,0018 REVELS STORE,Governor,,REP,Thomas Tuberville,74
Geneva,0018 REVELS STORE,Lieutenant Governor,,REP,George Childress,0
Geneva,0018 REVELS STORE,Lieutenant Governor,,REP,John Wahl,26
Geneva,0018 REVELS STORE,Lieutenant Governor,,REP,Nicole Jones Wadsworth,3
Geneva,0018 REVELS STORE,Lieutenant Governor,,REP,Pat Bishop,3
Geneva,0018 REVELS STORE,Lieutenant Governor,,REP,Rick Pate,8
Geneva,0018 REVELS STORE,Lieutenant Governor,,REP,Stewart Hill Tankersley,0
Geneva,0018 REVELS STORE,Lieutenant Governor,,REP,Wes Allen,42
Geneva,0018 REVELS STORE,"Public Service Commission, Place No. 1",,REP,Jeremy H. Oden,16
Geneva,0018 REVELS STORE,"Public Service Commission, Place No. 1",,REP,Matt Gentry,53
Geneva,0018 REVELS STORE,"Public Service Commission, Place No. 2",,REP,Brent Woodall,8
Geneva,0018 REVELS STORE,"Public Service Commission, Place No. 2",,REP,Chris Beeker,14
Geneva,0018 REVELS STORE,"Public Service Commission, Place No. 2",,REP,Jim Zig Zeigler,38
Geneva,0018 REVELS STORE,"Public Service Commission, Place No. 2",,REP,Priscilla Andrews,15
Geneva,0018 REVELS STORE,Secretary of State,,REP,Caroleene Dobson,38
Geneva,0018 REVELS STORE,Secretary of State,,REP,Christopher Christian Horn,20
Geneva,0018 REVELS STORE,Secretary of State,,REP,Glenda S. Jackson,13
Geneva,0018 REVELS STORE,State Auditor,,REP,Andrew Sorrell,64
Geneva,0018 REVELS STORE,State Auditor,,REP,Derek Chen,13
Geneva,0018 REVELS STORE,State Senate,29.0,REP,Donnie Chesteen,75
Geneva,0018 REVELS STORE,State Senate,29.0,REP,Val Glasgow Paul,2
Geneva,0018 REVELS STORE,State Senate,29.0,REP,Zachary J. Hurst,6
Geneva,0018 REVELS STORE,State Treasurer,,REP,Steve Lolley,22
Geneva,0018 REVELS STORE,State Treasurer,,REP,Young Boozer,55
Geneva,0018 REVELS STORE,U.S. House,1.0,REP,Austin Sidwell,4
Geneva,0018 REVELS STORE,U.S. House,1.0,REP,James (Jimmy) Dees,5
Geneva,0018 REVELS STORE,U.S. House,1.0,REP,James Richardson,3
Geneva,0018 REVELS STORE,U.S. House,1.0,REP,Jerry Carl,20
Geneva,0018 REVELS STORE,U.S. House,1.0,REP,John Mills,4
Geneva,0018 REVELS STORE,U.S. House,1.0,REP,Joshua McKee,9
Geneva,0018 REVELS STORE,U.S. House,1.0,REP,Rhett Maques,34
Geneva,0018 REVELS STORE,U.S. Senate,,REP,Barry Moore,61
Geneva,0018 REVELS STORE,U.S. Senate,,REP,Dale Shelton Deas Jr.,0
Geneva,0018 REVELS STORE,U.S. Senate,,REP,Jared Hudson,6
Geneva,0018 REVELS STORE,U.S. Senate,,REP,Morgan Murphy,1
Geneva,0018 REVELS STORE,U.S. Senate,,REP,Rodney Walker,6
Geneva,0018 REVELS STORE,U.S. Senate,,REP,Seth Burton,1
Geneva,0018 REVELS STORE,U.S. Senate,,REP,Steve Marshall,9
Geneva,0018 REVELS STORE,Proposed Statewide Amendment 1,,,No,9
Geneva,0018 REVELS STORE,Proposed Statewide Amendment 1,,,Yes,76
Geneva,0018 REVELS STORE,Proposed Statewide Amendment 2,,,No,47
Geneva,0018 REVELS STORE,Proposed Statewide Amendment 2,,,Yes,32
Geneva,0019 HACODA COMM. CTR.,Governor,,DEM,"Chad ""Chig"" Martin",0
Geneva,0019 HACODA COMM. CTR.,Governor,,DEM,Doug Jones,2
Geneva,0019 HACODA COMM. CTR.,Governor,,DEM,Jamel J. Brown,0
Geneva,0019 HACODA COMM. CTR.,Governor,,DEM,"Nathan ""Nate"" Mathis",0
Geneva,0019 HACODA COMM. CTR.,Governor,,DEM,Will Boyd,0
Geneva,0019 HACODA COMM. CTR.,Governor,,DEM,Yolanda Rochelle Flowers,0
Geneva,0019 HACODA COMM. CTR.,Lieutenant Governor,,DEM,Darryl D. Perryman,0
Geneva,0019 HACODA COMM. CTR.,Lieutenant Governor,,DEM,Phillip Ensler,2
Geneva,0019 HACODA COMM. CTR.,"Public Service Commission, Place No. 1",,DEM,John Northrop,0
Geneva,0019 HACODA COMM. CTR.,"Public Service Commission, Place No. 1",,DEM,James O. Gordon,2
Geneva,0019 HACODA COMM. CTR.,"Public Service Commission, Place No. 1",,DEM,Jeff Ramsey,0
Geneva,0019 HACODA COMM. CTR.,U.S. Senate,,DEM,Mark S. Wheeler II,0
Geneva,0019 HACODA COMM. CTR.,U.S. Senate,,DEM,Kyle Sweetser,2
Geneva,0019 HACODA COMM. CTR.,U.S. Senate,,DEM,Dakarai Larriett,0
Geneva,0019 HACODA COMM. CTR.,U.S. Senate,,DEM,Everett Wess,0
Geneva,0019 HACODA COMM. CTR.,Attorney General,,REP,Jay Mitchell,17
Geneva,0019 HACODA COMM. CTR.,Attorney General,,REP,Katherine Robertson,17
Geneva,0019 HACODA COMM. CTR.,Attorney General,,REP,Pamela L. Casey,23
Geneva,0019 HACODA COMM. CTR.,Commissioner of Agriculture and Industries,,REP,Christina Woerner McInnis,16
Geneva,0019 HACODA COMM. CTR.,Commissioner of Agriculture and Industries,,REP,Cory Hill,26
Geneva,0019 HACODA COMM. CTR.,Commissioner of Agriculture and Industries,,REP,Jack Williams,16
Geneva,0019 HACODA COMM. CTR.,Geneva County Sheriff,,REP,David Hall,47
Geneva,0019 HACODA COMM. CTR.,Geneva County Sheriff,,REP,Tim Forehand,14
Geneva,0019 HACODA COMM. CTR.,Governor,,REP,"""Alabama"" Will Santivasci",0
Geneva,0019 HACODA COMM. CTR.,Governor,,REP,Ken McFeeters,4
Geneva,0019 HACODA COMM. CTR.,Governor,,REP,Thomas Tuberville,61
Geneva,0019 HACODA COMM. CTR.,Lieutenant Governor,,REP,George Childress,1
Geneva,0019 HACODA COMM. CTR.,Lieutenant Governor,,REP,John Wahl,31
Geneva,0019 HACODA COMM. CTR.,Lieutenant Governor,,REP,Nicole Jones Wadsworth,1
Geneva,0019 HACODA COMM. CTR.,Lieutenant Governor,,REP,Pat Bishop,1
Geneva,0019 HACODA COMM. CTR.,Lieutenant Governor,,REP,Rick Pate,3
Geneva,0019 HACODA COMM. CTR.,Lieutenant Governor,,REP,Stewart Hill Tankersley,1
Geneva,0019 HACODA COMM. CTR.,Lieutenant Governor,,REP,Wes Allen,23
Geneva,0019 HACODA COMM. CTR.,"Public Service Commission, Place No. 1",,REP,Jeremy H. Oden,12
Geneva,0019 HACODA COMM. CTR.,"Public Service Commission, Place No. 1",,REP,Matt Gentry,41
Geneva,0019 HACODA COMM. CTR.,"Public Service Commission, Place No. 2",,REP,Brent Woodall,8
Geneva,0019 HACODA COMM. CTR.,"Public Service Commission, Place No. 2",,REP,Chris Beeker,11
Geneva,0019 HACODA COMM. CTR.,"Public Service Commission, Place No. 2",,REP,Jim Zig Zeigler,32
Geneva,0019 HACODA COMM. CTR.,"Public Service Commission, Place No. 2",,REP,Priscilla Andrews,4
Geneva,0019 HACODA COMM. CTR.,Secretary of State,,REP,Caroleene Dobson,26
Geneva,0019 HACODA COMM. CTR.,Secretary of State,,REP,Christopher Christian Horn,17
Geneva,0019 HACODA COMM. CTR.,Secretary of State,,REP,Glenda S. Jackson,13
Geneva,0019 HACODA COMM. CTR.,State Auditor,,REP,Andrew Sorrell,45
Geneva,0019 HACODA COMM. CTR.,State Auditor,,REP,Derek Chen,11
Geneva,0019 HACODA COMM. CTR.,State Senate,29.0,REP,Donnie Chesteen,50
Geneva,0019 HACODA COMM. CTR.,State Senate,29.0,REP,Val Glasgow Paul,3
Geneva,0019 HACODA COMM. CTR.,State Senate,29.0,REP,Zachary J. Hurst,6
Geneva,0019 HACODA COMM. CTR.,State Treasurer,,REP,Steve Lolley,24
Geneva,0019 HACODA COMM. CTR.,State Treasurer,,REP,Young Boozer,35
Geneva,0019 HACODA COMM. CTR.,U.S. House,1.0,REP,Austin Sidwell,3
Geneva,0019 HACODA COMM. CTR.,U.S. House,1.0,REP,James (Jimmy) Dees,3
Geneva,0019 HACODA COMM. CTR.,U.S. House,1.0,REP,James Richardson,1
Geneva,0019 HACODA COMM. CTR.,U.S. House,1.0,REP,Jerry Carl,18
Geneva,0019 HACODA COMM. CTR.,U.S. House,1.0,REP,John Mills,3
Geneva,0019 HACODA COMM. CTR.,U.S. House,1.0,REP,Joshua McKee,9
Geneva,0019 HACODA COMM. CTR.,U.S. House,1.0,REP,Rhett Maques,21
Geneva,0019 HACODA COMM. CTR.,U.S. Senate,,REP,Barry Moore,38
Geneva,0019 HACODA COMM. CTR.,U.S. Senate,,REP,Dale Shelton Deas Jr.,0
Geneva,0019 HACODA COMM. CTR.,U.S. Senate,,REP,Jared Hudson,6
Geneva,0019 HACODA COMM. CTR.,U.S. Senate,,REP,Morgan Murphy,2
Geneva,0019 HACODA COMM. CTR.,U.S. Senate,,REP,Rodney Walker,6
Geneva,0019 HACODA COMM. CTR.,U.S. Senate,,REP,Seth Burton,2
Geneva,0019 HACODA COMM. CTR.,U.S. Senate,,REP,Steve Marshall,8
Geneva,0019 HACODA COMM. CTR.,Proposed Statewide Amendment 1,,,No,4
Geneva,0019 HACODA COMM. CTR.,Proposed Statewide Amendment 1,,,Yes,58
Geneva,0019 HACODA COMM. CTR.,Proposed Statewide Amendment 2,,,No,20
Geneva,0019 HACODA COMM. CTR.,Proposed Statewide Amendment 2,,,Yes,39
Geneva,0020 FLAT CREEK COMM. CTR.,Governor,,DEM,"Chad ""Chig"" Martin",0
Geneva,0020 FLAT CREEK COMM. CTR.,Governor,,DEM,Doug Jones,6
Geneva,0020 FLAT CREEK COMM. CTR.,Governor,,DEM,Jamel J. Brown,0
Geneva,0020 FLAT CREEK COMM. CTR.,Governor,,DEM,"Nathan ""Nate"" Mathis",0
Geneva,0020 FLAT CREEK COMM. CTR.,Governor,,DEM,Will Boyd,1
Geneva,0020 FLAT CREEK COMM. CTR.,Governor,,DEM,Yolanda Rochelle Flowers,0
Geneva,0020 FLAT CREEK COMM. CTR.,Lieutenant Governor,,DEM,Darryl D. Perryman,1
Geneva,0020 FLAT CREEK COMM. CTR.,Lieutenant Governor,,DEM,Phillip Ensler,6
Geneva,0020 FLAT CREEK COMM. CTR.,"Public Service Commission, Place No. 1",,DEM,John Northrop,3
Geneva,0020 FLAT CREEK COMM. CTR.,"Public Service Commission, Place No. 1",,DEM,James O. Gordon,4
Geneva,0020 FLAT CREEK COMM. CTR.,"Public Service Commission, Place No. 1",,DEM,Jeff Ramsey,0
Geneva,0020 FLAT CREEK COMM. CTR.,U.S. Senate,,DEM,Mark S. Wheeler II,1
Geneva,0020 FLAT CREEK COMM. CTR.,U.S. Senate,,DEM,Kyle Sweetser,3
Geneva,0020 FLAT CREEK COMM. CTR.,U.S. Senate,,DEM,Dakarai Larriett,1
Geneva,0020 FLAT CREEK COMM. CTR.,U.S. Senate,,DEM,Everett Wess,2
Geneva,0020 FLAT CREEK COMM. CTR.,Attorney General,,REP,Jay Mitchell,36
Geneva,0020 FLAT CREEK COMM. CTR.,Attorney General,,REP,Katherine Robertson,25
Geneva,0020 FLAT CREEK COMM. CTR.,Attorney General,,REP,Pamela L. Casey,26
Geneva,0020 FLAT CREEK COMM. CTR.,Commissioner of Agriculture and Industries,,REP,Christina Woerner McInnis,15
Geneva,0020 FLAT CREEK COMM. CTR.,Commissioner of Agriculture and Industries,,REP,Cory Hill,48
Geneva,0020 FLAT CREEK COMM. CTR.,Commissioner of Agriculture and Industries,,REP,Jack Williams,25
Geneva,0020 FLAT CREEK COMM. CTR.,Geneva County Sheriff,,REP,David Hall,76
Geneva,0020 FLAT CREEK COMM. CTR.,Geneva County Sheriff,,REP,Tim Forehand,21
Geneva,0020 FLAT CREEK COMM. CTR.,Governor,,REP,"""Alabama"" Will Santivasci",4
Geneva,0020 FLAT CREEK COMM. CTR.,Governor,,REP,Ken McFeeters,2
Geneva,0020 FLAT CREEK COMM. CTR.,Governor,,REP,Thomas Tuberville,92
Geneva,0020 FLAT CREEK COMM. CTR.,Lieutenant Governor,,REP,George Childress,2
Geneva,0020 FLAT CREEK COMM. CTR.,Lieutenant Governor,,REP,John Wahl,26
Geneva,0020 FLAT CREEK COMM. CTR.,Lieutenant Governor,,REP,Nicole Jones Wadsworth,3
Geneva,0020 FLAT CREEK COMM. CTR.,Lieutenant Governor,,REP,Pat Bishop,5
Geneva,0020 FLAT CREEK COMM. CTR.,Lieutenant Governor,,REP,Rick Pate,14
Geneva,0020 FLAT CREEK COMM. CTR.,Lieutenant Governor,,REP,Stewart Hill Tankersley,3
Geneva,0020 FLAT CREEK COMM. CTR.,Lieutenant Governor,,REP,Wes Allen,41
Geneva,0020 FLAT CREEK COMM. CTR.,"Public Service Commission, Place No. 1",,REP,Jeremy H. Oden,21
Geneva,0020 FLAT CREEK COMM. CTR.,"Public Service Commission, Place No. 1",,REP,Matt Gentry,60
Geneva,0020 FLAT CREEK COMM. CTR.,"Public Service Commission, Place No. 2",,REP,Brent Woodall,17
Geneva,0020 FLAT CREEK COMM. CTR.,"Public Service Commission, Place No. 2",,REP,Chris Beeker,11
Geneva,0020 FLAT CREEK COMM. CTR.,"Public Service Commission, Place No. 2",,REP,Jim Zig Zeigler,44
Geneva,0020 FLAT CREEK COMM. CTR.,"Public Service Commission, Place No. 2",,REP,Priscilla Andrews,10
Geneva,0020 FLAT CREEK COMM. CTR.,Secretary of State,,REP,Caroleene Dobson,47
Geneva,0020 FLAT CREEK COMM. CTR.,Secretary of State,,REP,Christopher Christian Horn,27
Geneva,0020 FLAT CREEK COMM. CTR.,Secretary of State,,REP,Glenda S. Jackson,10
Geneva,0020 FLAT CREEK COMM. CTR.,State Auditor,,REP,Andrew Sorrell,67
Geneva,0020 FLAT CREEK COMM. CTR.,State Auditor,,REP,Derek Chen,18
Geneva,0020 FLAT CREEK COMM. CTR.,State Senate,29.0,REP,Donnie Chesteen,89
Geneva,0020 FLAT CREEK COMM. CTR.,State Senate,29.0,REP,Val Glasgow Paul,1
Geneva,0020 FLAT CREEK COMM. CTR.,State Senate,29.0,REP,Zachary J. Hurst,7
Geneva,0020 FLAT CREEK COMM. CTR.,State Treasurer,,REP,Steve Lolley,38
Geneva,0020 FLAT CREEK COMM. CTR.,State Treasurer,,REP,Young Boozer,56
Geneva,0020 FLAT CREEK COMM. CTR.,U.S. House,1.0,REP,Austin Sidwell,5
Geneva,0020 FLAT CREEK COMM. CTR.,U.S. House,1.0,REP,James (Jimmy) Dees,6
Geneva,0020 FLAT CREEK COMM. CTR.,U.S. House,1.0,REP,James Richardson,3
Geneva,0020 FLAT CREEK COMM. CTR.,U.S. House,1.0,REP,Jerry Carl,24
Geneva,0020 FLAT CREEK COMM. CTR.,U.S. House,1.0,REP,John Mills,3
Geneva,0020 FLAT CREEK COMM. CTR.,U.S. House,1.0,REP,Joshua McKee,19
Geneva,0020 FLAT CREEK COMM. CTR.,U.S. House,1.0,REP,Rhett Maques,28
Geneva,0020 FLAT CREEK COMM. CTR.,U.S. Senate,,REP,Barry Moore,70
Geneva,0020 FLAT CREEK COMM. CTR.,U.S. Senate,,REP,Dale Shelton Deas Jr.,0
Geneva,0020 FLAT CREEK COMM. CTR.,U.S. Senate,,REP,Jared Hudson,10
Geneva,0020 FLAT CREEK COMM. CTR.,U.S. Senate,,REP,Morgan Murphy,1
Geneva,0020 FLAT CREEK COMM. CTR.,U.S. Senate,,REP,Rodney Walker,4
Geneva,0020 FLAT CREEK COMM. CTR.,U.S. Senate,,REP,Seth Burton,2
Geneva,0020 FLAT CREEK COMM. CTR.,U.S. Senate,,REP,Steve Marshall,12
Geneva,0020 FLAT CREEK COMM. CTR.,Proposed Statewide Amendment 1,,,No,14
Geneva,0020 FLAT CREEK COMM. CTR.,Proposed Statewide Amendment 1,,,Yes,92
Geneva,0020 FLAT CREEK COMM. CTR.,Proposed Statewide Amendment 2,,,No,58
Geneva,0020 FLAT CREEK COMM. CTR.,Proposed Statewide Amendment 2,,,Yes,46
Geneva,0021 DEVCO COMM. CTR.,Governor,,DEM,"Chad ""Chig"" Martin",1
Geneva,0021 DEVCO COMM. CTR.,Governor,,DEM,Doug Jones,7
Geneva,0021 DEVCO COMM. CTR.,Governor,,DEM,Jamel J. Brown,3
Geneva,0021 DEVCO COMM. CTR.,Governor,,DEM,"Nathan ""Nate"" Mathis",4
Geneva,0021 DEVCO COMM. CTR.,Governor,,DEM,Will Boyd,3
Geneva,0021 DEVCO COMM. CTR.,Governor,,DEM,Yolanda Rochelle Flowers,2
Geneva,0021 DEVCO COMM. CTR.,Lieutenant Governor,,DEM,Darryl D. Perryman,8
Geneva,0021 DEVCO COMM. CTR.,Lieutenant Governor,,DEM,Phillip Ensler,10
Geneva,0021 DEVCO COMM. CTR.,"Public Service Commission, Place No. 1",,DEM,John Northrop,1
Geneva,0021 DEVCO COMM. CTR.,"Public Service Commission, Place No. 1",,DEM,James O. Gordon,11
Geneva,0021 DEVCO COMM. CTR.,"Public Service Commission, Place No. 1",,DEM,Jeff Ramsey,7
Geneva,0021 DEVCO COMM. CTR.,U.S. Senate,,DEM,Mark S. Wheeler II,6
Geneva,0021 DEVCO COMM. CTR.,U.S. Senate,,DEM,Kyle Sweetser,1
Geneva,0021 DEVCO COMM. CTR.,U.S. Senate,,DEM,Dakarai Larriett,6
Geneva,0021 DEVCO COMM. CTR.,U.S. Senate,,DEM,Everett Wess,6
Geneva,0021 DEVCO COMM. CTR.,Attorney General,,REP,Jay Mitchell,43
Geneva,0021 DEVCO COMM. CTR.,Attorney General,,REP,Katherine Robertson,69
Geneva,0021 DEVCO COMM. CTR.,Attorney General,,REP,Pamela L. Casey,35
Geneva,0021 DEVCO COMM. CTR.,Commissioner of Agriculture and Industries,,REP,Christina Woerner McInnis,44
Geneva,0021 DEVCO COMM. CTR.,Commissioner of Agriculture and Industries,,REP,Cory Hill,71
Geneva,0021 DEVCO COMM. CTR.,Commissioner of Agriculture and Industries,,REP,Jack Williams,26
Geneva,0021 DEVCO COMM. CTR.,Geneva County Sheriff,,REP,David Hall,139
Geneva,0021 DEVCO COMM. CTR.,Geneva County Sheriff,,REP,Tim Forehand,15
Geneva,0021 DEVCO COMM. CTR.,Governor,,REP,"""Alabama"" Will Santivasci",7
Geneva,0021 DEVCO COMM. CTR.,Governor,,REP,Ken McFeeters,10
Geneva,0021 DEVCO COMM. CTR.,Governor,,REP,Thomas Tuberville,138
Geneva,0021 DEVCO COMM. CTR.,Lieutenant Governor,,REP,George Childress,4
Geneva,0021 DEVCO COMM. CTR.,Lieutenant Governor,,REP,John Wahl,59
Geneva,0021 DEVCO COMM. CTR.,Lieutenant Governor,,REP,Nicole Jones Wadsworth,9
Geneva,0021 DEVCO COMM. CTR.,Lieutenant Governor,,REP,Pat Bishop,2
Geneva,0021 DEVCO COMM. CTR.,Lieutenant Governor,,REP,Rick Pate,4
Geneva,0021 DEVCO COMM. CTR.,Lieutenant Governor,,REP,Stewart Hill Tankersley,1
Geneva,0021 DEVCO COMM. CTR.,Lieutenant Governor,,REP,Wes Allen,65
Geneva,0021 DEVCO COMM. CTR.,"Public Service Commission, Place No. 1",,REP,Jeremy H. Oden,25
Geneva,0021 DEVCO COMM. CTR.,"Public Service Commission, Place No. 1",,REP,Matt Gentry,111
Geneva,0021 DEVCO COMM. CTR.,"Public Service Commission, Place No. 2",,REP,Brent Woodall,30
Geneva,0021 DEVCO COMM. CTR.,"Public Service Commission, Place No. 2",,REP,Chris Beeker,29
Geneva,0021 DEVCO COMM. CTR.,"Public Service Commission, Place No. 2",,REP,Jim Zig Zeigler,59
Geneva,0021 DEVCO COMM. CTR.,"Public Service Commission, Place No. 2",,REP,Priscilla Andrews,24
Geneva,0021 DEVCO COMM. CTR.,Secretary of State,,REP,Caroleene Dobson,71
Geneva,0021 DEVCO COMM. CTR.,Secretary of State,,REP,Christopher Christian Horn,50
Geneva,0021 DEVCO COMM. CTR.,Secretary of State,,REP,Glenda S. Jackson,20
Geneva,0021 DEVCO COMM. CTR.,State Auditor,,REP,Andrew Sorrell,108
Geneva,0021 DEVCO COMM. CTR.,State Auditor,,REP,Derek Chen,35
Geneva,0021 DEVCO COMM. CTR.,State Senate,29.0,REP,Donnie Chesteen,144
Geneva,0021 DEVCO COMM. CTR.,State Senate,29.0,REP,Val Glasgow Paul,0
Geneva,0021 DEVCO COMM. CTR.,State Senate,29.0,REP,Zachary J. Hurst,12
Geneva,0021 DEVCO COMM. CTR.,State Treasurer,,REP,Steve Lolley,59
Geneva,0021 DEVCO COMM. CTR.,State Treasurer,,REP,Young Boozer,85
Geneva,0021 DEVCO COMM. CTR.,U.S. House,1.0,REP,Austin Sidwell,3
Geneva,0021 DEVCO COMM. CTR.,U.S. House,1.0,REP,James (Jimmy) Dees,9
Geneva,0021 DEVCO COMM. CTR.,U.S. House,1.0,REP,James Richardson,11
Geneva,0021 DEVCO COMM. CTR.,U.S. House,1.0,REP,Jerry Carl,14
Geneva,0021 DEVCO COMM. CTR.,U.S. House,1.0,REP,John Mills,9
Geneva,0021 DEVCO COMM. CTR.,U.S. House,1.0,REP,Joshua McKee,19
Geneva,0021 DEVCO COMM. CTR.,U.S. House,1.0,REP,Rhett Maques,79
Geneva,0021 DEVCO COMM. CTR.,U.S. Senate,,REP,Barry Moore,123
Geneva,0021 DEVCO COMM. CTR.,U.S. Senate,,REP,Dale Shelton Deas Jr.,0
Geneva,0021 DEVCO COMM. CTR.,U.S. Senate,,REP,Jared Hudson,7
Geneva,0021 DEVCO COMM. CTR.,U.S. Senate,,REP,Morgan Murphy,0
Geneva,0021 DEVCO COMM. CTR.,U.S. Senate,,REP,Rodney Walker,6
Geneva,0021 DEVCO COMM. CTR.,U.S. Senate,,REP,Seth Burton,0
Geneva,0021 DEVCO COMM. CTR.,U.S. Senate,,REP,Steve Marshall,18
Geneva,0021 DEVCO COMM. CTR.,Proposed Statewide Amendment 1,,,No,15
Geneva,0021 DEVCO COMM. CTR.,Proposed Statewide Amendment 1,,,Yes,154
Geneva,0021 DEVCO COMM. CTR.,Proposed Statewide Amendment 2,,,No,76
Geneva,0021 DEVCO COMM. CTR.,Proposed Statewide Amendment 2,,,Yes,85
Geneva,0022 ABSENTEE,Governor,,DEM,"Chad ""Chig"" Martin",2
Geneva,0022 ABSENTEE,Governor,,DEM,Doug Jones,4
Geneva,0022 ABSENTEE,Governor,,DEM,Jamel J. Brown,0
Geneva,0022 ABSENTEE,Governor,,DEM,"Nathan ""Nate"" Mathis",1
Geneva,0022 ABSENTEE,Governor,,DEM,Will Boyd,2
Geneva,0022 ABSENTEE,Governor,,DEM,Yolanda Rochelle Flowers,0
Geneva,0022 ABSENTEE,Lieutenant Governor,,DEM,Darryl D. Perryman,3
Geneva,0022 ABSENTEE,Lieutenant Governor,,DEM,Phillip Ensler,5
Geneva,0022 ABSENTEE,"Public Service Commission, Place No. 1",,DEM,John Northrop,2
Geneva,0022 ABSENTEE,"Public Service Commission, Place No. 1",,DEM,James O. Gordon,2
Geneva,0022 ABSENTEE,"Public Service Commission, Place No. 1",,DEM,Jeff Ramsey,4
Geneva,0022 ABSENTEE,U.S. Senate,,DEM,Mark S. Wheeler II,2
Geneva,0022 ABSENTEE,U.S. Senate,,DEM,Kyle Sweetser,3
Geneva,0022 ABSENTEE,U.S. Senate,,DEM,Dakarai Larriett,2
Geneva,0022 ABSENTEE,U.S. Senate,,DEM,Everett Wess,1
Geneva,0022 ABSENTEE,Attorney General,,REP,Jay Mitchell,12
Geneva,0022 ABSENTEE,Attorney General,,REP,Katherine Robertson,31
Geneva,0022 ABSENTEE,Attorney General,,REP,Pamela L. Casey,10
Geneva,0022 ABSENTEE,Commissioner of Agriculture and Industries,,REP,Christina Woerner McInnis,13
Geneva,0022 ABSENTEE,Commissioner of Agriculture and Industries,,REP,Cory Hill,24
Geneva,0022 ABSENTEE,Commissioner of Agriculture and Industries,,REP,Jack Williams,15
Geneva,0022 ABSENTEE,Geneva County Sheriff,,REP,David Hall,48
Geneva,0022 ABSENTEE,Geneva County Sheriff,,REP,Tim Forehand,7
Geneva,0022 ABSENTEE,Governor,,REP,"""Alabama"" Will Santivasci",3
Geneva,0022 ABSENTEE,Governor,,REP,Ken McFeeters,3
Geneva,0022 ABSENTEE,Governor,,REP,Thomas Tuberville,50
Geneva,0022 ABSENTEE,Lieutenant Governor,,REP,George Childress,2
Geneva,0022 ABSENTEE,Lieutenant Governor,,REP,John Wahl,19
Geneva,0022 ABSENTEE,Lieutenant Governor,,REP,Nicole Jones Wadsworth,3
Geneva,0022 ABSENTEE,Lieutenant Governor,,REP,Pat Bishop,1
Geneva,0022 ABSENTEE,Lieutenant Governor,,REP,Rick Pate,1
Geneva,0022 ABSENTEE,Lieutenant Governor,,REP,Stewart Hill Tankersley,0
Geneva,0022 ABSENTEE,Lieutenant Governor,,REP,Wes Allen,29
Geneva,0022 ABSENTEE,"Member, Geneva County Commission, District No. 1",,REP,Bryan Hatton,6
Geneva,0022 ABSENTEE,"Member, Geneva County Commission, District No. 1",,REP,Kevin Watson,1
Geneva,0022 ABSENTEE,"Public Service Commission, Place No. 1",,REP,Jeremy H. Oden,14
Geneva,0022 ABSENTEE,"Public Service Commission, Place No. 1",,REP,Matt Gentry,34
Geneva,0022 ABSENTEE,"Public Service Commission, Place No. 2",,REP,Brent Woodall,9
Geneva,0022 ABSENTEE,"Public Service Commission, Place No. 2",,REP,Chris Beeker,17
Geneva,0022 ABSENTEE,"Public Service Commission, Place No. 2",,REP,Jim Zig Zeigler,19
Geneva,0022 ABSENTEE,"Public Service Commission, Place No. 2",,REP,Priscilla Andrews,6
Geneva,0022 ABSENTEE,Secretary of State,,REP,Caroleene Dobson,30
Geneva,0022 ABSENTEE,Secretary of State,,REP,Christopher Christian Horn,7
Geneva,0022 ABSENTEE,Secretary of State,,REP,Glenda S. Jackson,12
Geneva,0022 ABSENTEE,State Auditor,,REP,Andrew Sorrell,38
Geneva,0022 ABSENTEE,State Auditor,,REP,Derek Chen,13
Geneva,0022 ABSENTEE,State Senate,29.0,REP,Donnie Chesteen,51
Geneva,0022 ABSENTEE,State Senate,29.0,REP,Val Glasgow Paul,0
Geneva,0022 ABSENTEE,State Senate,29.0,REP,Zachary J. Hurst,3
Geneva,0022 ABSENTEE,State Treasurer,,REP,Steve Lolley,13
Geneva,0022 ABSENTEE,State Treasurer,,REP,Young Boozer,38
Geneva,0022 ABSENTEE,U.S. House,1.0,REP,Austin Sidwell,2
Geneva,0022 ABSENTEE,U.S. House,1.0,REP,James (Jimmy) Dees,2
Geneva,0022 ABSENTEE,U.S. House,1.0,REP,James Richardson,4
Geneva,0022 ABSENTEE,U.S. House,1.0,REP,Jerry Carl,10
Geneva,0022 ABSENTEE,U.S. House,1.0,REP,John Mills,3
Geneva,0022 ABSENTEE,U.S. House,1.0,REP,Joshua McKee,6
Geneva,0022 ABSENTEE,U.S. House,1.0,REP,Rhett Maques,25
Geneva,0022 ABSENTEE,U.S. Senate,,REP,Barry Moore,42
Geneva,0022 ABSENTEE,U.S. Senate,,REP,Dale Shelton Deas Jr.,1
Geneva,0022 ABSENTEE,U.S. Senate,,REP,Jared Hudson,3
Geneva,0022 ABSENTEE,U.S. Senate,,REP,Morgan Murphy,0
Geneva,0022 ABSENTEE,U.S. Senate,,REP,Rodney Walker,1
Geneva,0022 ABSENTEE,U.S. Senate,,REP,Seth Burton,2
Geneva,0022 ABSENTEE,U.S. Senate,,REP,Steve Marshall,6
Geneva,0022 ABSENTEE,Proposed Statewide Amendment 1,,,No,4
Geneva,0022 ABSENTEE,Proposed Statewide Amendment 1,,,Yes,59
Geneva,0022 ABSENTEE,Proposed Statewide Amendment 2,,,No,26
Geneva,0022 ABSENTEE,Proposed Statewide Amendment 2,,,Yes,33
Geneva,0023 PROVISIONAL,Governor,,DEM,"Chad ""Chig"" Martin",0
Geneva,0023 PROVISIONAL,Governor,,DEM,Doug Jones,0
Geneva,0023 PROVISIONAL,Governor,,DEM,Jamel J. Brown,2
Geneva,0023 PROVISIONAL,Governor,,DEM,"Nathan ""Nate"" Mathis",0
Geneva,0023 PROVISIONAL,Governor,,DEM,Will Boyd,0
Geneva,0023 PROVISIONAL,Governor,,DEM,Yolanda Rochelle Flowers,0
Geneva,0023 PROVISIONAL,Lieutenant Governor,,DEM,Darryl D. Perryman,2
Geneva,0023 PROVISIONAL,Lieutenant Governor,,DEM,Phillip Ensler,0
Geneva,0023 PROVISIONAL,"Public Service Commission, Place No. 1",,DEM,John Northrop,0
Geneva,0023 PROVISIONAL,"Public Service Commission, Place No. 1",,DEM,James O. Gordon,1
Geneva,0023 PROVISIONAL,"Public Service Commission, Place No. 1",,DEM,Jeff Ramsey,1
Geneva,0023 PROVISIONAL,U.S. Senate,,DEM,Mark S. Wheeler II,1
Geneva,0023 PROVISIONAL,U.S. Senate,,DEM,Kyle Sweetser,0
Geneva,0023 PROVISIONAL,U.S. Senate,,DEM,Dakarai Larriett,1
Geneva,0023 PROVISIONAL,U.S. Senate,,DEM,Everett Wess,0
Geneva,0023 PROVISIONAL,Attorney General,,REP,Jay Mitchell,0
Geneva,0023 PROVISIONAL,Attorney General,,REP,Katherine Robertson,3
Geneva,0023 PROVISIONAL,Attorney General,,REP,Pamela L. Casey,0
Geneva,0023 PROVISIONAL,Commissioner of Agriculture and Industries,,REP,Christina Woerner McInnis,1
Geneva,0023 PROVISIONAL,Commissioner of Agriculture and Industries,,REP,Cory Hill,1
Geneva,0023 PROVISIONAL,Commissioner of Agriculture and Industries,,REP,Jack Williams,1
Geneva,0023 PROVISIONAL,Geneva County Sheriff,,REP,David Hall,2
Geneva,0023 PROVISIONAL,Geneva County Sheriff,,REP,Tim Forehand,1
Geneva,0023 PROVISIONAL,Governor,,REP,"""Alabama"" Will Santivasci",0
Geneva,0023 PROVISIONAL,Governor,,REP,Ken McFeeters,0
Geneva,0023 PROVISIONAL,Governor,,REP,Thomas Tuberville,3
Geneva,0023 PROVISIONAL,Lieutenant Governor,,REP,George Childress,0
Geneva,0023 PROVISIONAL,Lieutenant Governor,,REP,John Wahl,2
Geneva,0023 PROVISIONAL,Lieutenant Governor,,REP,Nicole Jones Wadsworth,0
Geneva,0023 PROVISIONAL,Lieutenant Governor,,REP,Pat Bishop,0
Geneva,0023 PROVISIONAL,Lieutenant Governor,,REP,Rick Pate,0
Geneva,0023 PROVISIONAL,Lieutenant Governor,,REP,Stewart Hill Tankersley,0
Geneva,0023 PROVISIONAL,Lieutenant Governor,,REP,Wes Allen,1
Geneva,0023 PROVISIONAL,"Member, Geneva County Commission, District No. 1",,REP,Bryan Hatton,0
Geneva,0023 PROVISIONAL,"Member, Geneva County Commission, District No. 1",,REP,Kevin Watson,0
Geneva,0023 PROVISIONAL,"Public Service Commission, Place No. 1",,REP,Jeremy H. Oden,1
Geneva,0023 PROVISIONAL,"Public Service Commission, Place No. 1",,REP,Matt Gentry,2
Geneva,0023 PROVISIONAL,"Public Service Commission, Place No. 2",,REP,Brent Woodall,2
Geneva,0023 PROVISIONAL,"Public Service Commission, Place No. 2",,REP,Chris Beeker,0
Geneva,0023 PROVISIONAL,"Public Service Commission, Place No. 2",,REP,Jim Zig Zeigler,1
Geneva,0023 PROVISIONAL,"Public Service Commission, Place No. 2",,REP,Priscilla Andrews,0
Geneva,0023 PROVISIONAL,Secretary of State,,REP,Caroleene Dobson,0
Geneva,0023 PROVISIONAL,Secretary of State,,REP,Christopher Christian Horn,2
Geneva,0023 PROVISIONAL,Secretary of State,,REP,Glenda S. Jackson,1
Geneva,0023 PROVISIONAL,State Auditor,,REP,Andrew Sorrell,3
Geneva,0023 PROVISIONAL,State Auditor,,REP,Derek Chen,0
Geneva,0023 PROVISIONAL,State Senate,29.0,REP,Donnie Chesteen,3
Geneva,0023 PROVISIONAL,State Senate,29.0,REP,Val Glasgow Paul,0
Geneva,0023 PROVISIONAL,State Senate,29.0,REP,Zachary J. Hurst,0
Geneva,0023 PROVISIONAL,State Treasurer,,REP,Steve Lolley,2
Geneva,0023 PROVISIONAL,State Treasurer,,REP,Young Boozer,1
Geneva,0023 PROVISIONAL,U.S. House,1.0,REP,Austin Sidwell,0
Geneva,0023 PROVISIONAL,U.S. House,1.0,REP,James (Jimmy) Dees,0
Geneva,0023 PROVISIONAL,U.S. House,1.0,REP,James Richardson,0
Geneva,0023 PROVISIONAL,U.S. House,1.0,REP,Jerry Carl,0
Geneva,0023 PROVISIONAL,U.S. House,1.0,REP,John Mills,0
Geneva,0023 PROVISIONAL,U.S. House,1.0,REP,Joshua McKee,1
Geneva,0023 PROVISIONAL,U.S. House,1.0,REP,Rhett Maques,2
Geneva,0023 PROVISIONAL,U.S. Senate,,REP,Barry Moore,3
Geneva,0023 PROVISIONAL,U.S. Senate,,REP,Dale Shelton Deas Jr.,0
Geneva,0023 PROVISIONAL,U.S. Senate,,REP,Jared Hudson,0
Geneva,0023 PROVISIONAL,U.S. Senate,,REP,Morgan Murphy,0
Geneva,0023 PROVISIONAL,U.S. Senate,,REP,Rodney Walker,0
Geneva,0023 PROVISIONAL,U.S. Senate,,REP,Seth Burton,0
Geneva,0023 PROVISIONAL,U.S. Senate,,REP,Steve Marshall,0
Geneva,0023 PROVISIONAL,Proposed Statewide Amendment 1,,,No,0
Geneva,0023 PROVISIONAL,Proposed Statewide Amendment 1,,,Yes,4
Geneva,0023 PROVISIONAL,Proposed Statewide Amendment 2,,,No,2
Geneva,0023 PROVISIONAL,Proposed Statewide Amendment 2,,,Yes,2
