county,precinct,office,district,party,candidate,votes
Etowah,0001 NOCCALULA KIWANIS,Proposed Statewide Amendment 1,,,No,104
Etowah,0001 NOCCALULA KIWANIS,Proposed Statewide Amendment 1,,,Yes,747
Etowah,0001 NOCCALULA KIWANIS,Proposed Statewide Amendment 2,,,No,373
Etowah,0001 NOCCALULA KIWANIS,Proposed Statewide Amendment 2,,,Yes,446
Etowah,0001 NOCCALULA KIWANIS,Governor,,DEM,"Chad ""Chig"" Martin",6
Etowah,0001 NOCCALULA KIWANIS,Governor,,DEM,Doug Jones,125
Etowah,0001 NOCCALULA KIWANIS,Governor,,DEM,Jamel J. Brown,6
Etowah,0001 NOCCALULA KIWANIS,Governor,,DEM,"Nathan ""Nate"" Mathis",3
Etowah,0001 NOCCALULA KIWANIS,Governor,,DEM,Will Boyd,8
Etowah,0001 NOCCALULA KIWANIS,Governor,,DEM,Yolanda Rochelle Flowers,3
Etowah,0001 NOCCALULA KIWANIS,Lieutenant Governor,,DEM,Darryl D. Perryman,63
Etowah,0001 NOCCALULA KIWANIS,Lieutenant Governor,,DEM,Phillip Ensler,74
Etowah,0001 NOCCALULA KIWANIS,"Public Service Commission, Place No. 1",,DEM,James O. Gordon,38
Etowah,0001 NOCCALULA KIWANIS,"Public Service Commission, Place No. 1",,DEM,Jeff Ramsey,55
Etowah,0001 NOCCALULA KIWANIS,"Public Service Commission, Place No. 1",,DEM,John Northrop,41
Etowah,0001 NOCCALULA KIWANIS,State Democratic Executive Committee,,DEM,Christina Ray Dunbar,80
Etowah,0001 NOCCALULA KIWANIS,State Democratic Executive Committee,,DEM,Kyle Pierce,0
Etowah,0001 NOCCALULA KIWANIS,State Democratic Executive Committee,,DEM,Larry J Avery Jr,0
Etowah,0001 NOCCALULA KIWANIS,State Democratic Executive Committee,,DEM,Mark Henderson,51
Etowah,0001 NOCCALULA KIWANIS,State Democratic Executive Committee,,DEM,Michael Dunbar,37
Etowah,0001 NOCCALULA KIWANIS,State Democratic Executive Committee,,DEM,Randy Kelley,53
Etowah,0001 NOCCALULA KIWANIS,State Democratic Executive Committee,,DEM,Sheila Degan Gilbert,60
Etowah,0001 NOCCALULA KIWANIS,U.S. Senate,,DEM,Dakarai Larriett,37
Etowah,0001 NOCCALULA KIWANIS,U.S. Senate,,DEM,Everett Wess,35
Etowah,0001 NOCCALULA KIWANIS,U.S. Senate,,DEM,Kyle Sweetser,32
Etowah,0001 NOCCALULA KIWANIS,U.S. Senate,,DEM,Mark S. Wheeler II,36
Etowah,0001 NOCCALULA KIWANIS,Attorney General,,REP,Jay Mitchell,264
Etowah,0001 NOCCALULA KIWANIS,Attorney General,,REP,Katherine Robertson,232
Etowah,0001 NOCCALULA KIWANIS,Attorney General,,REP,Pamela L. Casey,161
Etowah,0001 NOCCALULA KIWANIS,Commissioner of Agriculture and Industries,,REP,Christina Woerner McInnis,185
Etowah,0001 NOCCALULA KIWANIS,Commissioner of Agriculture and Industries,,REP,Corey Hill,214
Etowah,0001 NOCCALULA KIWANIS,Commissioner of Agriculture and Industries,,REP,Jack Williams,224
Etowah,0001 NOCCALULA KIWANIS,Etowah County Coroner,,REP,London Pearce,337
Etowah,0001 NOCCALULA KIWANIS,Etowah County Coroner,,REP,Nicholas Clanton,291
Etowah,0001 NOCCALULA KIWANIS,Etowah County School District,,REP,Ben Greene,86
Etowah,0001 NOCCALULA KIWANIS,Etowah County School District,,REP,Scarlett Rains Farley,42
Etowah,0001 NOCCALULA KIWANIS,Etowah County Sheriff,,REP,John Henry Hill Jr.,89
Etowah,0001 NOCCALULA KIWANIS,Etowah County Sheriff,,REP,Jonathon W. Horton,624
Etowah,0001 NOCCALULA KIWANIS,Governor,,REP,"""Alabama"" Will Santivasci",48
Etowah,0001 NOCCALULA KIWANIS,Governor,,REP,Ken McFeeters,62
Etowah,0001 NOCCALULA KIWANIS,Governor,,REP,Thomas Tuberville,601
Etowah,0001 NOCCALULA KIWANIS,Lieutenant Governor,,REP,George Childress,17
Etowah,0001 NOCCALULA KIWANIS,Lieutenant Governor,,REP,John Wahl,307
Etowah,0001 NOCCALULA KIWANIS,Lieutenant Governor,,REP,Nicole Jones Wadsworth,32
Etowah,0001 NOCCALULA KIWANIS,Lieutenant Governor,,REP,Pat Bishop,19
Etowah,0001 NOCCALULA KIWANIS,Lieutenant Governor,,REP,Rick Pate,42
Etowah,0001 NOCCALULA KIWANIS,Lieutenant Governor,,REP,Stewart Hill Tankersley,17
Etowah,0001 NOCCALULA KIWANIS,Lieutenant Governor,,REP,Wes Allen,239
Etowah,0001 NOCCALULA KIWANIS,"Public Service Commission, Place No. 1",,REP,Jeremy H. Oden,152
Etowah,0001 NOCCALULA KIWANIS,"Public Service Commission, Place No. 1",,REP,Matt Gentry,456
Etowah,0001 NOCCALULA KIWANIS,"Public Service Commission, Place No. 2",,REP,Brent Woodall,114
Etowah,0001 NOCCALULA KIWANIS,"Public Service Commission, Place No. 2",,REP,Chris Beeker,134
Etowah,0001 NOCCALULA KIWANIS,"Public Service Commission, Place No. 2",,REP,Jim Zig Zeigler,299
Etowah,0001 NOCCALULA KIWANIS,"Public Service Commission, Place No. 2",,REP,Priscilla Andrews,77
Etowah,0001 NOCCALULA KIWANIS,Secretary of State,,REP,Caroleene Dobson,320
Etowah,0001 NOCCALULA KIWANIS,Secretary of State,,REP,Christopher Christian Horn,175
Etowah,0001 NOCCALULA KIWANIS,Secretary of State,,REP,Glenda S. Jackson,121
Etowah,0001 NOCCALULA KIWANIS,State Auditor,,REP,Andrew Sorrell,462
Etowah,0001 NOCCALULA KIWANIS,State Auditor,,REP,Derek Chen,173
Etowah,0001 NOCCALULA KIWANIS,State Board of Education,6,REP,Cathi Bradford,338
Etowah,0001 NOCCALULA KIWANIS,State Board of Education,6,REP,Marie Manning,263
Etowah,0001 NOCCALULA KIWANIS,"State Republican Executive Committee, Etowah County,",,REP,Unverified Candidate 1,383
Etowah,0001 NOCCALULA KIWANIS,"State Republican Executive Committee, Etowah County,",,REP,Unverified Candidate 1,505
Etowah,0001 NOCCALULA KIWANIS,"State Republican Executive Committee, Etowah County,",,REP,Unverified Candidate 2,214
Etowah,0001 NOCCALULA KIWANIS,"State Republican Executive Committee, Etowah County,",,REP,Unverified Candidate 2,117
Etowah,0001 NOCCALULA KIWANIS,State Senate,10,REP,Amy Dozier Minton,321
Etowah,0001 NOCCALULA KIWANIS,State Senate,10,REP,Andrew Jones,312
Etowah,0001 NOCCALULA KIWANIS,State Treasurer,,REP,Steve Lolley,195
Etowah,0001 NOCCALULA KIWANIS,State Treasurer,,REP,Young Boozer,437
Etowah,0001 NOCCALULA KIWANIS,U.S. House,3,REP,Mike Rogers,577
Etowah,0001 NOCCALULA KIWANIS,U.S. House,3,REP,Terri LaPoint,96
Etowah,0001 NOCCALULA KIWANIS,U.S. Senate,,REP,Barry Moore,192
Etowah,0001 NOCCALULA KIWANIS,U.S. Senate,,REP,Dale Shelton Deas Jr.,14
Etowah,0001 NOCCALULA KIWANIS,U.S. Senate,,REP,Jared Hudson,273
Etowah,0001 NOCCALULA KIWANIS,U.S. Senate,,REP,Morgan Murphy,10
Etowah,0001 NOCCALULA KIWANIS,U.S. Senate,,REP,Rodney Walker,18
Etowah,0001 NOCCALULA KIWANIS,U.S. Senate,,REP,Seth Burton,14
Etowah,0001 NOCCALULA KIWANIS,U.S. Senate,,REP,Steve Marshall,180
Etowah,0002 GADSDEN SR. WELLNESS,Proposed Statewide Amendment 1,,,No,123
Etowah,0002 GADSDEN SR. WELLNESS,Proposed Statewide Amendment 1,,,Yes,446
Etowah,0002 GADSDEN SR. WELLNESS,Proposed Statewide Amendment 2,,,No,247
Etowah,0002 GADSDEN SR. WELLNESS,Proposed Statewide Amendment 2,,,Yes,315
Etowah,0002 GADSDEN SR. WELLNESS,Governor,,DEM,"Chad ""Chig"" Martin",9
Etowah,0002 GADSDEN SR. WELLNESS,Governor,,DEM,Doug Jones,165
Etowah,0002 GADSDEN SR. WELLNESS,Governor,,DEM,Jamel J. Brown,12
Etowah,0002 GADSDEN SR. WELLNESS,Governor,,DEM,"Nathan ""Nate"" Mathis",1
Etowah,0002 GADSDEN SR. WELLNESS,Governor,,DEM,Will Boyd,39
Etowah,0002 GADSDEN SR. WELLNESS,Governor,,DEM,Yolanda Rochelle Flowers,13
Etowah,0002 GADSDEN SR. WELLNESS,Lieutenant Governor,,DEM,Darryl D. Perryman,95
Etowah,0002 GADSDEN SR. WELLNESS,Lieutenant Governor,,DEM,Phillip Ensler,134
Etowah,0002 GADSDEN SR. WELLNESS,"Public Service Commission, Place No. 1",,DEM,James O. Gordon,111
Etowah,0002 GADSDEN SR. WELLNESS,"Public Service Commission, Place No. 1",,DEM,Jeff Ramsey,83
Etowah,0002 GADSDEN SR. WELLNESS,"Public Service Commission, Place No. 1",,DEM,John Northrop,31
Etowah,0002 GADSDEN SR. WELLNESS,State Democratic Executive Committee,,DEM,Christina Ray Dunbar,0
Etowah,0002 GADSDEN SR. WELLNESS,State Democratic Executive Committee,,DEM,Kyle Pierce,51
Etowah,0002 GADSDEN SR. WELLNESS,State Democratic Executive Committee,,DEM,Larry J Avery Jr,187
Etowah,0002 GADSDEN SR. WELLNESS,State Democratic Executive Committee,,DEM,Mark Henderson,0
Etowah,0002 GADSDEN SR. WELLNESS,State Democratic Executive Committee,,DEM,Michael Dunbar,0
Etowah,0002 GADSDEN SR. WELLNESS,State Democratic Executive Committee,,DEM,Randy Kelley,0
Etowah,0002 GADSDEN SR. WELLNESS,State Democratic Executive Committee,,DEM,Sheila Degan Gilbert,0
Etowah,0002 GADSDEN SR. WELLNESS,U.S. Senate,,DEM,Dakarai Larriett,65
Etowah,0002 GADSDEN SR. WELLNESS,U.S. Senate,,DEM,Everett Wess,82
Etowah,0002 GADSDEN SR. WELLNESS,U.S. Senate,,DEM,Kyle Sweetser,26
Etowah,0002 GADSDEN SR. WELLNESS,U.S. Senate,,DEM,Mark S. Wheeler II,57
Etowah,0002 GADSDEN SR. WELLNESS,Attorney General,,REP,Jay Mitchell,124
Etowah,0002 GADSDEN SR. WELLNESS,Attorney General,,REP,Katherine Robertson,128
Etowah,0002 GADSDEN SR. WELLNESS,Attorney General,,REP,Pamela L. Casey,72
Etowah,0002 GADSDEN SR. WELLNESS,Commissioner of Agriculture and Industries,,REP,Christina Woerner McInnis,80
Etowah,0002 GADSDEN SR. WELLNESS,Commissioner of Agriculture and Industries,,REP,Corey Hill,133
Etowah,0002 GADSDEN SR. WELLNESS,Commissioner of Agriculture and Industries,,REP,Jack Williams,91
Etowah,0002 GADSDEN SR. WELLNESS,Etowah County Coroner,,REP,London Pearce,112
Etowah,0002 GADSDEN SR. WELLNESS,Etowah County Coroner,,REP,Nicholas Clanton,191
Etowah,0002 GADSDEN SR. WELLNESS,Etowah County School District,,REP,Ben Greene,0
Etowah,0002 GADSDEN SR. WELLNESS,Etowah County School District,,REP,Scarlett Rains Farley,0
Etowah,0002 GADSDEN SR. WELLNESS,Etowah County Sheriff,,REP,John Henry Hill Jr.,68
Etowah,0002 GADSDEN SR. WELLNESS,Etowah County Sheriff,,REP,Jonathon W. Horton,270
Etowah,0002 GADSDEN SR. WELLNESS,Governor,,REP,"""Alabama"" Will Santivasci",19
Etowah,0002 GADSDEN SR. WELLNESS,Governor,,REP,Ken McFeeters,26
Etowah,0002 GADSDEN SR. WELLNESS,Governor,,REP,Thomas Tuberville,291
Etowah,0002 GADSDEN SR. WELLNESS,Lieutenant Governor,,REP,George Childress,9
Etowah,0002 GADSDEN SR. WELLNESS,Lieutenant Governor,,REP,John Wahl,157
Etowah,0002 GADSDEN SR. WELLNESS,Lieutenant Governor,,REP,Nicole Jones Wadsworth,19
Etowah,0002 GADSDEN SR. WELLNESS,Lieutenant Governor,,REP,Pat Bishop,12
Etowah,0002 GADSDEN SR. WELLNESS,Lieutenant Governor,,REP,Rick Pate,17
Etowah,0002 GADSDEN SR. WELLNESS,Lieutenant Governor,,REP,Stewart Hill Tankersley,4
Etowah,0002 GADSDEN SR. WELLNESS,Lieutenant Governor,,REP,Wes Allen,109
Etowah,0002 GADSDEN SR. WELLNESS,"Member, Etowah County Commission, District No. 4",,REP,Jeff Bynum,0
Etowah,0002 GADSDEN SR. WELLNESS,"Member, Etowah County Commission, District No. 4",,REP,Tim F. Ramsey,0
Etowah,0002 GADSDEN SR. WELLNESS,"Public Service Commission, Place No. 1",,REP,Jeremy H. Oden,64
Etowah,0002 GADSDEN SR. WELLNESS,"Public Service Commission, Place No. 1",,REP,Matt Gentry,241
Etowah,0002 GADSDEN SR. WELLNESS,"Public Service Commission, Place No. 2",,REP,Brent Woodall,60
Etowah,0002 GADSDEN SR. WELLNESS,"Public Service Commission, Place No. 2",,REP,Chris Beeker,44
Etowah,0002 GADSDEN SR. WELLNESS,"Public Service Commission, Place No. 2",,REP,Jim Zig Zeigler,155
Etowah,0002 GADSDEN SR. WELLNESS,"Public Service Commission, Place No. 2",,REP,Priscilla Andrews,52
Etowah,0002 GADSDEN SR. WELLNESS,Secretary of State,,REP,Caroleene Dobson,126
Etowah,0002 GADSDEN SR. WELLNESS,Secretary of State,,REP,Christopher Christian Horn,88
Etowah,0002 GADSDEN SR. WELLNESS,Secretary of State,,REP,Glenda S. Jackson,91
Etowah,0002 GADSDEN SR. WELLNESS,State Auditor,,REP,Andrew Sorrell,216
Etowah,0002 GADSDEN SR. WELLNESS,State Auditor,,REP,Derek Chen,97
Etowah,0002 GADSDEN SR. WELLNESS,State Board of Education,6,REP,Cathi Bradford,165
Etowah,0002 GADSDEN SR. WELLNESS,State Board of Education,6,REP,Marie Manning,122
Etowah,0002 GADSDEN SR. WELLNESS,"State Republican Executive Committee, Etowah County,",,REP,Unverified Candidate 1,215
Etowah,0002 GADSDEN SR. WELLNESS,"State Republican Executive Committee, Etowah County,",,REP,Unverified Candidate 1,256
Etowah,0002 GADSDEN SR. WELLNESS,"State Republican Executive Committee, Etowah County,",,REP,Unverified Candidate 2,91
Etowah,0002 GADSDEN SR. WELLNESS,"State Republican Executive Committee, Etowah County,",,REP,Unverified Candidate 2,52
Etowah,0002 GADSDEN SR. WELLNESS,State Senate,10,REP,Amy Dozier Minton,133
Etowah,0002 GADSDEN SR. WELLNESS,State Senate,10,REP,Andrew Jones,180
Etowah,0002 GADSDEN SR. WELLNESS,State Treasurer,,REP,Steve Lolley,121
Etowah,0002 GADSDEN SR. WELLNESS,State Treasurer,,REP,Young Boozer,195
Etowah,0002 GADSDEN SR. WELLNESS,U.S. House,3,REP,Mike Rogers,276
Etowah,0002 GADSDEN SR. WELLNESS,U.S. House,3,REP,Terri LaPoint,41
Etowah,0002 GADSDEN SR. WELLNESS,U.S. Senate,,REP,Barry Moore,111
Etowah,0002 GADSDEN SR. WELLNESS,U.S. Senate,,REP,Dale Shelton Deas Jr.,4
Etowah,0002 GADSDEN SR. WELLNESS,U.S. Senate,,REP,Jared Hudson,100
Etowah,0002 GADSDEN SR. WELLNESS,U.S. Senate,,REP,Morgan Murphy,8
Etowah,0002 GADSDEN SR. WELLNESS,U.S. Senate,,REP,Rodney Walker,7
Etowah,0002 GADSDEN SR. WELLNESS,U.S. Senate,,REP,Seth Burton,5
Etowah,0002 GADSDEN SR. WELLNESS,U.S. Senate,,REP,Steve Marshall,99
Etowah,0003 CARVER COMM. CTR.,Proposed Statewide Amendment 1,,,No,90
Etowah,0003 CARVER COMM. CTR.,Proposed Statewide Amendment 1,,,Yes,290
Etowah,0003 CARVER COMM. CTR.,Proposed Statewide Amendment 2,,,No,57
Etowah,0003 CARVER COMM. CTR.,Proposed Statewide Amendment 2,,,Yes,318
Etowah,0003 CARVER COMM. CTR.,Governor,,DEM,"Chad ""Chig"" Martin",0
Etowah,0003 CARVER COMM. CTR.,Governor,,DEM,Doug Jones,282
Etowah,0003 CARVER COMM. CTR.,Governor,,DEM,Jamel J. Brown,19
Etowah,0003 CARVER COMM. CTR.,Governor,,DEM,"Nathan ""Nate"" Mathis",8
Etowah,0003 CARVER COMM. CTR.,Governor,,DEM,Will Boyd,42
Etowah,0003 CARVER COMM. CTR.,Governor,,DEM,Yolanda Rochelle Flowers,19
Etowah,0003 CARVER COMM. CTR.,Lieutenant Governor,,DEM,Darryl D. Perryman,56
Etowah,0003 CARVER COMM. CTR.,Lieutenant Governor,,DEM,Phillip Ensler,309
Etowah,0003 CARVER COMM. CTR.,"Public Service Commission, Place No. 1",,DEM,James O. Gordon,308
Etowah,0003 CARVER COMM. CTR.,"Public Service Commission, Place No. 1",,DEM,Jeff Ramsey,31
Etowah,0003 CARVER COMM. CTR.,"Public Service Commission, Place No. 1",,DEM,John Northrop,12
Etowah,0003 CARVER COMM. CTR.,State Democratic Executive Committee,,DEM,Kyle Pierce,36
Etowah,0003 CARVER COMM. CTR.,State Democratic Executive Committee,,DEM,Larry J Avery Jr,332
Etowah,0003 CARVER COMM. CTR.,U.S. Senate,,DEM,Dakarai Larriett,45
Etowah,0003 CARVER COMM. CTR.,U.S. Senate,,DEM,Everett Wess,285
Etowah,0003 CARVER COMM. CTR.,U.S. Senate,,DEM,Kyle Sweetser,19
Etowah,0003 CARVER COMM. CTR.,U.S. Senate,,DEM,Mark S. Wheeler II,14
Etowah,0003 CARVER COMM. CTR.,Attorney General,,REP,Jay Mitchell,5
Etowah,0003 CARVER COMM. CTR.,Attorney General,,REP,Katherine Robertson,2
Etowah,0003 CARVER COMM. CTR.,Attorney General,,REP,Pamela L. Casey,1
Etowah,0003 CARVER COMM. CTR.,Commissioner of Agriculture and Industries,,REP,Christina Woerner McInnis,3
Etowah,0003 CARVER COMM. CTR.,Commissioner of Agriculture and Industries,,REP,Corey Hill,4
Etowah,0003 CARVER COMM. CTR.,Commissioner of Agriculture and Industries,,REP,Jack Williams,1
Etowah,0003 CARVER COMM. CTR.,Etowah County Coroner,,REP,London Pearce,3
Etowah,0003 CARVER COMM. CTR.,Etowah County Coroner,,REP,Nicholas Clanton,5
Etowah,0003 CARVER COMM. CTR.,Etowah County Sheriff,,REP,John Henry Hill Jr.,5
Etowah,0003 CARVER COMM. CTR.,Etowah County Sheriff,,REP,Jonathon W. Horton,3
Etowah,0003 CARVER COMM. CTR.,Governor,,REP,"""Alabama"" Will Santivasci",0
Etowah,0003 CARVER COMM. CTR.,Governor,,REP,Ken McFeeters,1
Etowah,0003 CARVER COMM. CTR.,Governor,,REP,Thomas Tuberville,7
Etowah,0003 CARVER COMM. CTR.,Lieutenant Governor,,REP,George Childress,0
Etowah,0003 CARVER COMM. CTR.,Lieutenant Governor,,REP,John Wahl,2
Etowah,0003 CARVER COMM. CTR.,Lieutenant Governor,,REP,Nicole Jones Wadsworth,1
Etowah,0003 CARVER COMM. CTR.,Lieutenant Governor,,REP,Pat Bishop,0
Etowah,0003 CARVER COMM. CTR.,Lieutenant Governor,,REP,Rick Pate,1
Etowah,0003 CARVER COMM. CTR.,Lieutenant Governor,,REP,Stewart Hill Tankersley,0
Etowah,0003 CARVER COMM. CTR.,Lieutenant Governor,,REP,Wes Allen,4
Etowah,0003 CARVER COMM. CTR.,"Public Service Commission, Place No. 1",,REP,Jeremy H. Oden,3
Etowah,0003 CARVER COMM. CTR.,"Public Service Commission, Place No. 1",,REP,Matt Gentry,5
Etowah,0003 CARVER COMM. CTR.,"Public Service Commission, Place No. 2",,REP,Brent Woodall,2
Etowah,0003 CARVER COMM. CTR.,"Public Service Commission, Place No. 2",,REP,Chris Beeker,0
Etowah,0003 CARVER COMM. CTR.,"Public Service Commission, Place No. 2",,REP,Jim Zig Zeigler,5
Etowah,0003 CARVER COMM. CTR.,"Public Service Commission, Place No. 2",,REP,Priscilla Andrews,1
Etowah,0003 CARVER COMM. CTR.,Secretary of State,,REP,Caroleene Dobson,4
Etowah,0003 CARVER COMM. CTR.,Secretary of State,,REP,Christopher Christian Horn,2
Etowah,0003 CARVER COMM. CTR.,Secretary of State,,REP,Glenda S. Jackson,2
Etowah,0003 CARVER COMM. CTR.,State Auditor,,REP,Andrew Sorrell,3
Etowah,0003 CARVER COMM. CTR.,State Auditor,,REP,Derek Chen,5
Etowah,0003 CARVER COMM. CTR.,State Board of Education,6,REP,Cathi Bradford,4
Etowah,0003 CARVER COMM. CTR.,State Board of Education,6,REP,Marie Manning,3
Etowah,0003 CARVER COMM. CTR.,"State Republican Executive Committee, Etowah County,",,REP,Unverified Candidate 1,6
Etowah,0003 CARVER COMM. CTR.,"State Republican Executive Committee, Etowah County,",,REP,Unverified Candidate 1,6
Etowah,0003 CARVER COMM. CTR.,"State Republican Executive Committee, Etowah County,",,REP,Unverified Candidate 2,2
Etowah,0003 CARVER COMM. CTR.,"State Republican Executive Committee, Etowah County,",,REP,Unverified Candidate 2,2
Etowah,0003 CARVER COMM. CTR.,State Senate,10,REP,Amy Dozier Minton,3
Etowah,0003 CARVER COMM. CTR.,State Senate,10,REP,Andrew Jones,5
Etowah,0003 CARVER COMM. CTR.,State Treasurer,,REP,Steve Lolley,3
Etowah,0003 CARVER COMM. CTR.,State Treasurer,,REP,Young Boozer,5
Etowah,0003 CARVER COMM. CTR.,U.S. House,3,REP,Mike Rogers,6
Etowah,0003 CARVER COMM. CTR.,U.S. House,3,REP,Terri LaPoint,2
Etowah,0003 CARVER COMM. CTR.,U.S. Senate,,REP,Barry Moore,1
Etowah,0003 CARVER COMM. CTR.,U.S. Senate,,REP,Dale Shelton Deas Jr.,0
Etowah,0003 CARVER COMM. CTR.,U.S. Senate,,REP,Jared Hudson,3
Etowah,0003 CARVER COMM. CTR.,U.S. Senate,,REP,Morgan Murphy,0
Etowah,0003 CARVER COMM. CTR.,U.S. Senate,,REP,Rodney Walker,0
Etowah,0003 CARVER COMM. CTR.,U.S. Senate,,REP,Seth Burton,1
Etowah,0003 CARVER COMM. CTR.,U.S. Senate,,REP,Steve Marshall,3
Etowah,0004 NE ETOWAH COMM CTR,Proposed Statewide Amendment 1,,,No,175
Etowah,0004 NE ETOWAH COMM CTR,Proposed Statewide Amendment 1,,,Yes,846
Etowah,0004 NE ETOWAH COMM CTR,Proposed Statewide Amendment 2,,,No,408
Etowah,0004 NE ETOWAH COMM CTR,Proposed Statewide Amendment 2,,,Yes,585
Etowah,0004 NE ETOWAH COMM CTR,Governor,,DEM,"Chad ""Chig"" Martin",12
Etowah,0004 NE ETOWAH COMM CTR,Governor,,DEM,Doug Jones,308
Etowah,0004 NE ETOWAH COMM CTR,Governor,,DEM,Jamel J. Brown,9
Etowah,0004 NE ETOWAH COMM CTR,Governor,,DEM,"Nathan ""Nate"" Mathis",1
Etowah,0004 NE ETOWAH COMM CTR,Governor,,DEM,Will Boyd,37
Etowah,0004 NE ETOWAH COMM CTR,Governor,,DEM,Yolanda Rochelle Flowers,12
Etowah,0004 NE ETOWAH COMM CTR,Lieutenant Governor,,DEM,Darryl D. Perryman,96
Etowah,0004 NE ETOWAH COMM CTR,Lieutenant Governor,,DEM,Phillip Ensler,263
Etowah,0004 NE ETOWAH COMM CTR,"Public Service Commission, Place No. 1",,DEM,James O. Gordon,246
Etowah,0004 NE ETOWAH COMM CTR,"Public Service Commission, Place No. 1",,DEM,Jeff Ramsey,75
Etowah,0004 NE ETOWAH COMM CTR,"Public Service Commission, Place No. 1",,DEM,John Northrop,36
Etowah,0004 NE ETOWAH COMM CTR,State Democratic Executive Committee,,DEM,Christina Ray Dunbar,76
Etowah,0004 NE ETOWAH COMM CTR,State Democratic Executive Committee,,DEM,Kyle Pierce,43
Etowah,0004 NE ETOWAH COMM CTR,State Democratic Executive Committee,,DEM,Larry J Avery Jr,186
Etowah,0004 NE ETOWAH COMM CTR,State Democratic Executive Committee,,DEM,Mark Henderson,35
Etowah,0004 NE ETOWAH COMM CTR,State Democratic Executive Committee,,DEM,Michael Dunbar,20
Etowah,0004 NE ETOWAH COMM CTR,State Democratic Executive Committee,,DEM,Randy Kelley,82
Etowah,0004 NE ETOWAH COMM CTR,State Democratic Executive Committee,,DEM,Sheila Degan Gilbert,54
Etowah,0004 NE ETOWAH COMM CTR,U.S. Senate,,DEM,Dakarai Larriett,72
Etowah,0004 NE ETOWAH COMM CTR,U.S. Senate,,DEM,Everett Wess,207
Etowah,0004 NE ETOWAH COMM CTR,U.S. Senate,,DEM,Kyle Sweetser,34
Etowah,0004 NE ETOWAH COMM CTR,U.S. Senate,,DEM,Mark S. Wheeler II,48
Etowah,0004 NE ETOWAH COMM CTR,Attorney General,,REP,Jay Mitchell,219
Etowah,0004 NE ETOWAH COMM CTR,Attorney General,,REP,Katherine Robertson,236
Etowah,0004 NE ETOWAH COMM CTR,Attorney General,,REP,Pamela L. Casey,152
Etowah,0004 NE ETOWAH COMM CTR,Commissioner of Agriculture and Industries,,REP,Christina Woerner McInnis,176
Etowah,0004 NE ETOWAH COMM CTR,Commissioner of Agriculture and Industries,,REP,Corey Hill,219
Etowah,0004 NE ETOWAH COMM CTR,Commissioner of Agriculture and Industries,,REP,Jack Williams,182
Etowah,0004 NE ETOWAH COMM CTR,Etowah County Coroner,,REP,London Pearce,341
Etowah,0004 NE ETOWAH COMM CTR,Etowah County Coroner,,REP,Nicholas Clanton,220
Etowah,0004 NE ETOWAH COMM CTR,Etowah County School District,,REP,Ben Greene,293
Etowah,0004 NE ETOWAH COMM CTR,Etowah County School District,,REP,Scarlett Rains Farley,165
Etowah,0004 NE ETOWAH COMM CTR,Etowah County Sheriff,,REP,John Henry Hill Jr.,114
Etowah,0004 NE ETOWAH COMM CTR,Etowah County Sheriff,,REP,Jonathon W. Horton,524
Etowah,0004 NE ETOWAH COMM CTR,Governor,,REP,"""Alabama"" Will Santivasci",41
Etowah,0004 NE ETOWAH COMM CTR,Governor,,REP,Ken McFeeters,52
Etowah,0004 NE ETOWAH COMM CTR,Governor,,REP,Thomas Tuberville,557
Etowah,0004 NE ETOWAH COMM CTR,Lieutenant Governor,,REP,George Childress,12
Etowah,0004 NE ETOWAH COMM CTR,Lieutenant Governor,,REP,John Wahl,289
Etowah,0004 NE ETOWAH COMM CTR,Lieutenant Governor,,REP,Nicole Jones Wadsworth,21
Etowah,0004 NE ETOWAH COMM CTR,Lieutenant Governor,,REP,Pat Bishop,22
Etowah,0004 NE ETOWAH COMM CTR,Lieutenant Governor,,REP,Rick Pate,35
Etowah,0004 NE ETOWAH COMM CTR,Lieutenant Governor,,REP,Stewart Hill Tankersley,11
Etowah,0004 NE ETOWAH COMM CTR,Lieutenant Governor,,REP,Wes Allen,229
Etowah,0004 NE ETOWAH COMM CTR,"Public Service Commission, Place No. 1",,REP,Jeremy H. Oden,158
Etowah,0004 NE ETOWAH COMM CTR,"Public Service Commission, Place No. 1",,REP,Matt Gentry,395
Etowah,0004 NE ETOWAH COMM CTR,"Public Service Commission, Place No. 2",,REP,Brent Woodall,100
Etowah,0004 NE ETOWAH COMM CTR,"Public Service Commission, Place No. 2",,REP,Chris Beeker,142
Etowah,0004 NE ETOWAH COMM CTR,"Public Service Commission, Place No. 2",,REP,Jim Zig Zeigler,236
Etowah,0004 NE ETOWAH COMM CTR,"Public Service Commission, Place No. 2",,REP,Priscilla Andrews,82
Etowah,0004 NE ETOWAH COMM CTR,Secretary of State,,REP,Caroleene Dobson,271
Etowah,0004 NE ETOWAH COMM CTR,Secretary of State,,REP,Christopher Christian Horn,166
Etowah,0004 NE ETOWAH COMM CTR,Secretary of State,,REP,Glenda S. Jackson,117
Etowah,0004 NE ETOWAH COMM CTR,State Auditor,,REP,Andrew Sorrell,385
Etowah,0004 NE ETOWAH COMM CTR,State Auditor,,REP,Derek Chen,195
Etowah,0004 NE ETOWAH COMM CTR,State Board of Education,6,REP,Cathi Bradford,310
Etowah,0004 NE ETOWAH COMM CTR,State Board of Education,6,REP,Marie Manning,220
Etowah,0004 NE ETOWAH COMM CTR,"State Republican Executive Committee, Etowah County,",,REP,Unverified Candidate 1,352
Etowah,0004 NE ETOWAH COMM CTR,"State Republican Executive Committee, Etowah County,",,REP,Unverified Candidate 1,477
Etowah,0004 NE ETOWAH COMM CTR,"State Republican Executive Committee, Etowah County,",,REP,Unverified Candidate 2,192
Etowah,0004 NE ETOWAH COMM CTR,"State Republican Executive Committee, Etowah County,",,REP,Unverified Candidate 2,100
Etowah,0004 NE ETOWAH COMM CTR,State Senate,10,REP,Amy Dozier Minton,261
Etowah,0004 NE ETOWAH COMM CTR,State Senate,10,REP,Andrew Jones,302
Etowah,0004 NE ETOWAH COMM CTR,State Treasurer,,REP,Steve Lolley,202
Etowah,0004 NE ETOWAH COMM CTR,State Treasurer,,REP,Young Boozer,361
Etowah,0004 NE ETOWAH COMM CTR,U.S. House,3,REP,Mike Rogers,527
Etowah,0004 NE ETOWAH COMM CTR,U.S. House,3,REP,Terri LaPoint,95
Etowah,0004 NE ETOWAH COMM CTR,U.S. Senate,,REP,Barry Moore,229
Etowah,0004 NE ETOWAH COMM CTR,U.S. Senate,,REP,Dale Shelton Deas Jr.,5
Etowah,0004 NE ETOWAH COMM CTR,U.S. Senate,,REP,Jared Hudson,226
Etowah,0004 NE ETOWAH COMM CTR,U.S. Senate,,REP,Morgan Murphy,4
Etowah,0004 NE ETOWAH COMM CTR,U.S. Senate,,REP,Rodney Walker,20
Etowah,0004 NE ETOWAH COMM CTR,U.S. Senate,,REP,Seth Burton,14
Etowah,0004 NE ETOWAH COMM CTR,U.S. Senate,,REP,Steve Marshall,126
Etowah,0007 DOWNTOWN CIVIC CTR.,Proposed Statewide Amendment 1,,,No,137
Etowah,0007 DOWNTOWN CIVIC CTR.,Proposed Statewide Amendment 1,,,Yes,461
Etowah,0007 DOWNTOWN CIVIC CTR.,Proposed Statewide Amendment 2,,,No,200
Etowah,0007 DOWNTOWN CIVIC CTR.,Proposed Statewide Amendment 2,,,Yes,386
Etowah,0007 DOWNTOWN CIVIC CTR.,Governor,,DEM,"Chad ""Chig"" Martin",11
Etowah,0007 DOWNTOWN CIVIC CTR.,Governor,,DEM,Doug Jones,340
Etowah,0007 DOWNTOWN CIVIC CTR.,Governor,,DEM,Jamel J. Brown,13
Etowah,0007 DOWNTOWN CIVIC CTR.,Governor,,DEM,"Nathan ""Nate"" Mathis",4
Etowah,0007 DOWNTOWN CIVIC CTR.,Governor,,DEM,Will Boyd,42
Etowah,0007 DOWNTOWN CIVIC CTR.,Governor,,DEM,Yolanda Rochelle Flowers,14
Etowah,0007 DOWNTOWN CIVIC CTR.,Lieutenant Governor,,DEM,Darryl D. Perryman,122
Etowah,0007 DOWNTOWN CIVIC CTR.,Lieutenant Governor,,DEM,Phillip Ensler,284
Etowah,0007 DOWNTOWN CIVIC CTR.,"Public Service Commission, Place No. 1",,DEM,James O. Gordon,260
Etowah,0007 DOWNTOWN CIVIC CTR.,"Public Service Commission, Place No. 1",,DEM,Jeff Ramsey,91
Etowah,0007 DOWNTOWN CIVIC CTR.,"Public Service Commission, Place No. 1",,DEM,John Northrop,49
Etowah,0007 DOWNTOWN CIVIC CTR.,State Democratic Executive Committee,,DEM,Kyle Pierce,75
Etowah,0007 DOWNTOWN CIVIC CTR.,State Democratic Executive Committee,,DEM,Larry J Avery Jr,340
Etowah,0007 DOWNTOWN CIVIC CTR.,U.S. Senate,,DEM,Dakarai Larriett,98
Etowah,0007 DOWNTOWN CIVIC CTR.,U.S. Senate,,DEM,Everett Wess,216
Etowah,0007 DOWNTOWN CIVIC CTR.,U.S. Senate,,DEM,Kyle Sweetser,54
Etowah,0007 DOWNTOWN CIVIC CTR.,U.S. Senate,,DEM,Mark S. Wheeler II,39
Etowah,0007 DOWNTOWN CIVIC CTR.,Attorney General,,REP,Jay Mitchell,74
Etowah,0007 DOWNTOWN CIVIC CTR.,Attorney General,,REP,Katherine Robertson,58
Etowah,0007 DOWNTOWN CIVIC CTR.,Attorney General,,REP,Pamela L. Casey,35
Etowah,0007 DOWNTOWN CIVIC CTR.,Commissioner of Agriculture and Industries,,REP,Christina Woerner McInnis,48
Etowah,0007 DOWNTOWN CIVIC CTR.,Commissioner of Agriculture and Industries,,REP,Corey Hill,67
Etowah,0007 DOWNTOWN CIVIC CTR.,Commissioner of Agriculture and Industries,,REP,Jack Williams,39
Etowah,0007 DOWNTOWN CIVIC CTR.,Etowah County Coroner,,REP,London Pearce,92
Etowah,0007 DOWNTOWN CIVIC CTR.,Etowah County Coroner,,REP,Nicholas Clanton,57
Etowah,0007 DOWNTOWN CIVIC CTR.,Etowah County Sheriff,,REP,John Henry Hill Jr.,33
Etowah,0007 DOWNTOWN CIVIC CTR.,Etowah County Sheriff,,REP,Jonathon W. Horton,141
Etowah,0007 DOWNTOWN CIVIC CTR.,Governor,,REP,"""Alabama"" Will Santivasci",15
Etowah,0007 DOWNTOWN CIVIC CTR.,Governor,,REP,Ken McFeeters,22
Etowah,0007 DOWNTOWN CIVIC CTR.,Governor,,REP,Thomas Tuberville,139
Etowah,0007 DOWNTOWN CIVIC CTR.,Lieutenant Governor,,REP,George Childress,6
Etowah,0007 DOWNTOWN CIVIC CTR.,Lieutenant Governor,,REP,John Wahl,63
Etowah,0007 DOWNTOWN CIVIC CTR.,Lieutenant Governor,,REP,Nicole Jones Wadsworth,9
Etowah,0007 DOWNTOWN CIVIC CTR.,Lieutenant Governor,,REP,Pat Bishop,1
Etowah,0007 DOWNTOWN CIVIC CTR.,Lieutenant Governor,,REP,Rick Pate,15
Etowah,0007 DOWNTOWN CIVIC CTR.,Lieutenant Governor,,REP,Stewart Hill Tankersley,4
Etowah,0007 DOWNTOWN CIVIC CTR.,Lieutenant Governor,,REP,Wes Allen,72
Etowah,0007 DOWNTOWN CIVIC CTR.,"Public Service Commission, Place No. 1",,REP,Jeremy H. Oden,32
Etowah,0007 DOWNTOWN CIVIC CTR.,"Public Service Commission, Place No. 1",,REP,Matt Gentry,114
Etowah,0007 DOWNTOWN CIVIC CTR.,"Public Service Commission, Place No. 2",,REP,Brent Woodall,22
Etowah,0007 DOWNTOWN CIVIC CTR.,"Public Service Commission, Place No. 2",,REP,Chris Beeker,40
Etowah,0007 DOWNTOWN CIVIC CTR.,"Public Service Commission, Place No. 2",,REP,Jim Zig Zeigler,77
Etowah,0007 DOWNTOWN CIVIC CTR.,"Public Service Commission, Place No. 2",,REP,Priscilla Andrews,18
Etowah,0007 DOWNTOWN CIVIC CTR.,Secretary of State,,REP,Caroleene Dobson,67
Etowah,0007 DOWNTOWN CIVIC CTR.,Secretary of State,,REP,Christopher Christian Horn,52
Etowah,0007 DOWNTOWN CIVIC CTR.,Secretary of State,,REP,Glenda S. Jackson,45
Etowah,0007 DOWNTOWN CIVIC CTR.,State Auditor,,REP,Andrew Sorrell,97
Etowah,0007 DOWNTOWN CIVIC CTR.,State Auditor,,REP,Derek Chen,63
Etowah,0007 DOWNTOWN CIVIC CTR.,State Board of Education,6,REP,Cathi Bradford,76
Etowah,0007 DOWNTOWN CIVIC CTR.,State Board of Education,6,REP,Marie Manning,65
Etowah,0007 DOWNTOWN CIVIC CTR.,"State Republican Executive Committee, Etowah County,",,REP,Unverified Candidate 1,84
Etowah,0007 DOWNTOWN CIVIC CTR.,"State Republican Executive Committee, Etowah County,",,REP,Unverified Candidate 1,110
Etowah,0007 DOWNTOWN CIVIC CTR.,"State Republican Executive Committee, Etowah County,",,REP,Unverified Candidate 2,68
Etowah,0007 DOWNTOWN CIVIC CTR.,"State Republican Executive Committee, Etowah County,",,REP,Unverified Candidate 2,45
Etowah,0007 DOWNTOWN CIVIC CTR.,State Senate,10,REP,Amy Dozier Minton,62
Etowah,0007 DOWNTOWN CIVIC CTR.,State Senate,10,REP,Andrew Jones,102
Etowah,0007 DOWNTOWN CIVIC CTR.,State Treasurer,,REP,Steve Lolley,51
Etowah,0007 DOWNTOWN CIVIC CTR.,State Treasurer,,REP,Young Boozer,105
Etowah,0007 DOWNTOWN CIVIC CTR.,U.S. House,3,REP,Mike Rogers,130
Etowah,0007 DOWNTOWN CIVIC CTR.,U.S. House,3,REP,Terri LaPoint,36
Etowah,0007 DOWNTOWN CIVIC CTR.,U.S. Senate,,REP,Barry Moore,55
Etowah,0007 DOWNTOWN CIVIC CTR.,U.S. Senate,,REP,Dale Shelton Deas Jr.,2
Etowah,0007 DOWNTOWN CIVIC CTR.,U.S. Senate,,REP,Jared Hudson,54
Etowah,0007 DOWNTOWN CIVIC CTR.,U.S. Senate,,REP,Morgan Murphy,1
Etowah,0007 DOWNTOWN CIVIC CTR.,U.S. Senate,,REP,Rodney Walker,6
Etowah,0007 DOWNTOWN CIVIC CTR.,U.S. Senate,,REP,Seth Burton,6
Etowah,0007 DOWNTOWN CIVIC CTR.,U.S. Senate,,REP,Steve Marshall,48
Etowah,0008 EAST GADSDEN COM CTR,Proposed Statewide Amendment 1,,,No,200
Etowah,0008 EAST GADSDEN COM CTR,Proposed Statewide Amendment 1,,,Yes,1071
Etowah,0008 EAST GADSDEN COM CTR,Proposed Statewide Amendment 2,,,No,248
Etowah,0008 EAST GADSDEN COM CTR,Proposed Statewide Amendment 2,,,Yes,1014
Etowah,0008 EAST GADSDEN COM CTR,Governor,,DEM,"Chad ""Chig"" Martin",13
Etowah,0008 EAST GADSDEN COM CTR,Governor,,DEM,Doug Jones,838
Etowah,0008 EAST GADSDEN COM CTR,Governor,,DEM,Jamel J. Brown,33
Etowah,0008 EAST GADSDEN COM CTR,Governor,,DEM,"Nathan ""Nate"" Mathis",8
Etowah,0008 EAST GADSDEN COM CTR,Governor,,DEM,Will Boyd,152
Etowah,0008 EAST GADSDEN COM CTR,Governor,,DEM,Yolanda Rochelle Flowers,30
Etowah,0008 EAST GADSDEN COM CTR,Lieutenant Governor,,DEM,Darryl D. Perryman,176
Etowah,0008 EAST GADSDEN COM CTR,Lieutenant Governor,,DEM,Phillip Ensler,868
Etowah,0008 EAST GADSDEN COM CTR,"Public Service Commission, Place No. 1",,DEM,James O. Gordon,895
Etowah,0008 EAST GADSDEN COM CTR,"Public Service Commission, Place No. 1",,DEM,Jeff Ramsey,96
Etowah,0008 EAST GADSDEN COM CTR,"Public Service Commission, Place No. 1",,DEM,John Northrop,57
Etowah,0008 EAST GADSDEN COM CTR,State Democratic Executive Committee,,DEM,Kyle Pierce,70
Etowah,0008 EAST GADSDEN COM CTR,State Democratic Executive Committee,,DEM,Larry J Avery Jr,983
Etowah,0008 EAST GADSDEN COM CTR,State Democratic Executive Committee,,DEM,Peggy Anderson,0
Etowah,0008 EAST GADSDEN COM CTR,State Democratic Executive Committee,,DEM,Shae Sanders,0
Etowah,0008 EAST GADSDEN COM CTR,U.S. Senate,,DEM,Dakarai Larriett,119
Etowah,0008 EAST GADSDEN COM CTR,U.S. Senate,,DEM,Everett Wess,828
Etowah,0008 EAST GADSDEN COM CTR,U.S. Senate,,DEM,Kyle Sweetser,51
Etowah,0008 EAST GADSDEN COM CTR,U.S. Senate,,DEM,Mark S. Wheeler II,55
Etowah,0008 EAST GADSDEN COM CTR,Attorney General,,REP,Jay Mitchell,66
Etowah,0008 EAST GADSDEN COM CTR,Attorney General,,REP,Katherine Robertson,77
Etowah,0008 EAST GADSDEN COM CTR,Attorney General,,REP,Pamela L. Casey,46
Etowah,0008 EAST GADSDEN COM CTR,Commissioner of Agriculture and Industries,,REP,Christina Woerner McInnis,62
Etowah,0008 EAST GADSDEN COM CTR,Commissioner of Agriculture and Industries,,REP,Corey Hill,54
Etowah,0008 EAST GADSDEN COM CTR,Commissioner of Agriculture and Industries,,REP,Jack Williams,72
Etowah,0008 EAST GADSDEN COM CTR,Etowah County Coroner,,REP,London Pearce,90
Etowah,0008 EAST GADSDEN COM CTR,Etowah County Coroner,,REP,Nicholas Clanton,95
Etowah,0008 EAST GADSDEN COM CTR,Etowah County School District,,REP,Ben Greene,0
Etowah,0008 EAST GADSDEN COM CTR,Etowah County School District,,REP,Scarlett Rains Farley,0
Etowah,0008 EAST GADSDEN COM CTR,Etowah County Sheriff,,REP,John Henry Hill Jr.,30
Etowah,0008 EAST GADSDEN COM CTR,Etowah County Sheriff,,REP,Jonathon W. Horton,173
Etowah,0008 EAST GADSDEN COM CTR,Governor,,REP,"""Alabama"" Will Santivasci",14
Etowah,0008 EAST GADSDEN COM CTR,Governor,,REP,Ken McFeeters,24
Etowah,0008 EAST GADSDEN COM CTR,Governor,,REP,Thomas Tuberville,162
Etowah,0008 EAST GADSDEN COM CTR,Lieutenant Governor,,REP,George Childress,6
Etowah,0008 EAST GADSDEN COM CTR,Lieutenant Governor,,REP,John Wahl,73
Etowah,0008 EAST GADSDEN COM CTR,Lieutenant Governor,,REP,Nicole Jones Wadsworth,12
Etowah,0008 EAST GADSDEN COM CTR,Lieutenant Governor,,REP,Pat Bishop,5
Etowah,0008 EAST GADSDEN COM CTR,Lieutenant Governor,,REP,Rick Pate,17
Etowah,0008 EAST GADSDEN COM CTR,Lieutenant Governor,,REP,Stewart Hill Tankersley,4
Etowah,0008 EAST GADSDEN COM CTR,Lieutenant Governor,,REP,Wes Allen,75
Etowah,0008 EAST GADSDEN COM CTR,"Public Service Commission, Place No. 1",,REP,Jeremy H. Oden,53
Etowah,0008 EAST GADSDEN COM CTR,"Public Service Commission, Place No. 1",,REP,Matt Gentry,129
Etowah,0008 EAST GADSDEN COM CTR,"Public Service Commission, Place No. 2",,REP,Brent Woodall,36
Etowah,0008 EAST GADSDEN COM CTR,"Public Service Commission, Place No. 2",,REP,Chris Beeker,51
Etowah,0008 EAST GADSDEN COM CTR,"Public Service Commission, Place No. 2",,REP,Jim Zig Zeigler,74
Etowah,0008 EAST GADSDEN COM CTR,"Public Service Commission, Place No. 2",,REP,Priscilla Andrews,24
Etowah,0008 EAST GADSDEN COM CTR,Secretary of State,,REP,Caroleene Dobson,79
Etowah,0008 EAST GADSDEN COM CTR,Secretary of State,,REP,Christopher Christian Horn,66
Etowah,0008 EAST GADSDEN COM CTR,Secretary of State,,REP,Glenda S. Jackson,41
Etowah,0008 EAST GADSDEN COM CTR,State Auditor,,REP,Andrew Sorrell,137
Etowah,0008 EAST GADSDEN COM CTR,State Auditor,,REP,Derek Chen,52
Etowah,0008 EAST GADSDEN COM CTR,State Board of Education,6,REP,Cathi Bradford,113
Etowah,0008 EAST GADSDEN COM CTR,State Board of Education,6,REP,Marie Manning,70
Etowah,0008 EAST GADSDEN COM CTR,"State Republican Executive Committee, Etowah County,",,REP,Unverified Candidate 1,116
Etowah,0008 EAST GADSDEN COM CTR,"State Republican Executive Committee, Etowah County,",,REP,Unverified Candidate 1,139
Etowah,0008 EAST GADSDEN COM CTR,"State Republican Executive Committee, Etowah County,",,REP,Unverified Candidate 2,68
Etowah,0008 EAST GADSDEN COM CTR,"State Republican Executive Committee, Etowah County,",,REP,Unverified Candidate 2,44
Etowah,0008 EAST GADSDEN COM CTR,State Senate,10,REP,Amy Dozier Minton,81
Etowah,0008 EAST GADSDEN COM CTR,State Senate,10,REP,Andrew Jones,108
Etowah,0008 EAST GADSDEN COM CTR,State Treasurer,,REP,Steve Lolley,78
Etowah,0008 EAST GADSDEN COM CTR,State Treasurer,,REP,Young Boozer,107
Etowah,0008 EAST GADSDEN COM CTR,U.S. House,3,REP,Mike Rogers,160
Etowah,0008 EAST GADSDEN COM CTR,U.S. House,3,REP,Terri LaPoint,31
Etowah,0008 EAST GADSDEN COM CTR,U.S. Senate,,REP,Barry Moore,48
Etowah,0008 EAST GADSDEN COM CTR,U.S. Senate,,REP,Dale Shelton Deas Jr.,5
Etowah,0008 EAST GADSDEN COM CTR,U.S. Senate,,REP,Jared Hudson,62
Etowah,0008 EAST GADSDEN COM CTR,U.S. Senate,,REP,Morgan Murphy,5
Etowah,0008 EAST GADSDEN COM CTR,U.S. Senate,,REP,Rodney Walker,6
Etowah,0008 EAST GADSDEN COM CTR,U.S. Senate,,REP,Seth Burton,5
Etowah,0008 EAST GADSDEN COM CTR,U.S. Senate,,REP,Steve Marshall,66
Etowah,0009 MEADOWBROOK BAPT.,Proposed Statewide Amendment 1,,,No,67
Etowah,0009 MEADOWBROOK BAPT.,Proposed Statewide Amendment 1,,,Yes,560
Etowah,0009 MEADOWBROOK BAPT.,Proposed Statewide Amendment 2,,,No,253
Etowah,0009 MEADOWBROOK BAPT.,Proposed Statewide Amendment 2,,,Yes,356
Etowah,0009 MEADOWBROOK BAPT.,Governor,,DEM,"Chad ""Chig"" Martin",3
Etowah,0009 MEADOWBROOK BAPT.,Governor,,DEM,Doug Jones,89
Etowah,0009 MEADOWBROOK BAPT.,Governor,,DEM,Jamel J. Brown,0
Etowah,0009 MEADOWBROOK BAPT.,Governor,,DEM,"Nathan ""Nate"" Mathis",1
Etowah,0009 MEADOWBROOK BAPT.,Governor,,DEM,Will Boyd,6
Etowah,0009 MEADOWBROOK BAPT.,Governor,,DEM,Yolanda Rochelle Flowers,4
Etowah,0009 MEADOWBROOK BAPT.,Lieutenant Governor,,DEM,Darryl D. Perryman,28
Etowah,0009 MEADOWBROOK BAPT.,Lieutenant Governor,,DEM,Phillip Ensler,66
Etowah,0009 MEADOWBROOK BAPT.,"Public Service Commission, Place No. 1",,DEM,James O. Gordon,30
Etowah,0009 MEADOWBROOK BAPT.,"Public Service Commission, Place No. 1",,DEM,Jeff Ramsey,41
Etowah,0009 MEADOWBROOK BAPT.,"Public Service Commission, Place No. 1",,DEM,John Northrop,21
Etowah,0009 MEADOWBROOK BAPT.,State Democratic Executive Committee,,DEM,Kyle Pierce,38
Etowah,0009 MEADOWBROOK BAPT.,State Democratic Executive Committee,,DEM,Larry J Avery Jr,49
Etowah,0009 MEADOWBROOK BAPT.,State Democratic Executive Committee,,DEM,Peggy Anderson,4
Etowah,0009 MEADOWBROOK BAPT.,State Democratic Executive Committee,,DEM,Shae Sanders,4
Etowah,0009 MEADOWBROOK BAPT.,U.S. Senate,,DEM,Dakarai Larriett,27
Etowah,0009 MEADOWBROOK BAPT.,U.S. Senate,,DEM,Everett Wess,22
Etowah,0009 MEADOWBROOK BAPT.,U.S. Senate,,DEM,Kyle Sweetser,31
Etowah,0009 MEADOWBROOK BAPT.,U.S. Senate,,DEM,Mark S. Wheeler II,13
Etowah,0009 MEADOWBROOK BAPT.,Attorney General,,REP,Jay Mitchell,148
Etowah,0009 MEADOWBROOK BAPT.,Attorney General,,REP,Katherine Robertson,228
Etowah,0009 MEADOWBROOK BAPT.,Attorney General,,REP,Pamela L. Casey,131
Etowah,0009 MEADOWBROOK BAPT.,Commissioner of Agriculture and Industries,,REP,Christina Woerner McInnis,192
Etowah,0009 MEADOWBROOK BAPT.,Commissioner of Agriculture and Industries,,REP,Corey Hill,133
Etowah,0009 MEADOWBROOK BAPT.,Commissioner of Agriculture and Industries,,REP,Jack Williams,129
Etowah,0009 MEADOWBROOK BAPT.,Etowah County Coroner,,REP,London Pearce,275
Etowah,0009 MEADOWBROOK BAPT.,Etowah County Coroner,,REP,Nicholas Clanton,165
Etowah,0009 MEADOWBROOK BAPT.,Etowah County School District,,REP,Ben Greene,5
Etowah,0009 MEADOWBROOK BAPT.,Etowah County School District,,REP,Scarlett Rains Farley,4
Etowah,0009 MEADOWBROOK BAPT.,Etowah County Sheriff,,REP,John Henry Hill Jr.,70
Etowah,0009 MEADOWBROOK BAPT.,Etowah County Sheriff,,REP,Jonathon W. Horton,463
Etowah,0009 MEADOWBROOK BAPT.,Governor,,REP,"""Alabama"" Will Santivasci",35
Etowah,0009 MEADOWBROOK BAPT.,Governor,,REP,Ken McFeeters,70
Etowah,0009 MEADOWBROOK BAPT.,Governor,,REP,Thomas Tuberville,428
Etowah,0009 MEADOWBROOK BAPT.,Lieutenant Governor,,REP,George Childress,10
Etowah,0009 MEADOWBROOK BAPT.,Lieutenant Governor,,REP,John Wahl,209
Etowah,0009 MEADOWBROOK BAPT.,Lieutenant Governor,,REP,Nicole Jones Wadsworth,16
Etowah,0009 MEADOWBROOK BAPT.,Lieutenant Governor,,REP,Pat Bishop,11
Etowah,0009 MEADOWBROOK BAPT.,Lieutenant Governor,,REP,Rick Pate,31
Etowah,0009 MEADOWBROOK BAPT.,Lieutenant Governor,,REP,Stewart Hill Tankersley,10
Etowah,0009 MEADOWBROOK BAPT.,Lieutenant Governor,,REP,Wes Allen,232
Etowah,0009 MEADOWBROOK BAPT.,"Public Service Commission, Place No. 1",,REP,Jeremy H. Oden,104
Etowah,0009 MEADOWBROOK BAPT.,"Public Service Commission, Place No. 1",,REP,Matt Gentry,336
Etowah,0009 MEADOWBROOK BAPT.,"Public Service Commission, Place No. 2",,REP,Brent Woodall,76
Etowah,0009 MEADOWBROOK BAPT.,"Public Service Commission, Place No. 2",,REP,Chris Beeker,91
Etowah,0009 MEADOWBROOK BAPT.,"Public Service Commission, Place No. 2",,REP,Jim Zig Zeigler,238
Etowah,0009 MEADOWBROOK BAPT.,"Public Service Commission, Place No. 2",,REP,Priscilla Andrews,46
Etowah,0009 MEADOWBROOK BAPT.,Secretary of State,,REP,Caroleene Dobson,284
Etowah,0009 MEADOWBROOK BAPT.,Secretary of State,,REP,Christopher Christian Horn,99
Etowah,0009 MEADOWBROOK BAPT.,Secretary of State,,REP,Glenda S. Jackson,77
Etowah,0009 MEADOWBROOK BAPT.,State Auditor,,REP,Andrew Sorrell,337
Etowah,0009 MEADOWBROOK BAPT.,State Auditor,,REP,Derek Chen,139
Etowah,0009 MEADOWBROOK BAPT.,State Board of Education,6,REP,Cathi Bradford,211
Etowah,0009 MEADOWBROOK BAPT.,State Board of Education,6,REP,Marie Manning,219
Etowah,0009 MEADOWBROOK BAPT.,"State Republican Executive Committee, Etowah County,",,REP,Unverified Candidate 1,256
Etowah,0009 MEADOWBROOK BAPT.,"State Republican Executive Committee, Etowah County,",,REP,Unverified Candidate 1,309
Etowah,0009 MEADOWBROOK BAPT.,"State Republican Executive Committee, Etowah County,",,REP,Unverified Candidate 2,199
Etowah,0009 MEADOWBROOK BAPT.,"State Republican Executive Committee, Etowah County,",,REP,Unverified Candidate 2,147
Etowah,0009 MEADOWBROOK BAPT.,State Senate,10,REP,Amy Dozier Minton,313
Etowah,0009 MEADOWBROOK BAPT.,State Senate,10,REP,Andrew Jones,174
Etowah,0009 MEADOWBROOK BAPT.,State Treasurer,,REP,Steve Lolley,148
Etowah,0009 MEADOWBROOK BAPT.,State Treasurer,,REP,Young Boozer,327
Etowah,0009 MEADOWBROOK BAPT.,U.S. House,3,REP,Mike Rogers,451
Etowah,0009 MEADOWBROOK BAPT.,U.S. House,3,REP,Terri LaPoint,51
Etowah,0009 MEADOWBROOK BAPT.,U.S. Senate,,REP,Barry Moore,169
Etowah,0009 MEADOWBROOK BAPT.,U.S. Senate,,REP,Dale Shelton Deas Jr.,9
Etowah,0009 MEADOWBROOK BAPT.,U.S. Senate,,REP,Jared Hudson,160
Etowah,0009 MEADOWBROOK BAPT.,U.S. Senate,,REP,Morgan Murphy,11
Etowah,0009 MEADOWBROOK BAPT.,U.S. Senate,,REP,Rodney Walker,2
Etowah,0009 MEADOWBROOK BAPT.,U.S. Senate,,REP,Seth Burton,9
Etowah,0009 MEADOWBROOK BAPT.,U.S. Senate,,REP,Steve Marshall,167
Etowah,0011 SOUTHSIDE COMM. CTR.,Proposed Statewide Amendment 1,,,No,170
Etowah,0011 SOUTHSIDE COMM. CTR.,Proposed Statewide Amendment 1,,,Yes,1570
Etowah,0011 SOUTHSIDE COMM. CTR.,Proposed Statewide Amendment 2,,,No,764
Etowah,0011 SOUTHSIDE COMM. CTR.,Proposed Statewide Amendment 2,,,Yes,902
Etowah,0011 SOUTHSIDE COMM. CTR.,Governor,,DEM,"Chad ""Chig"" Martin",9
Etowah,0011 SOUTHSIDE COMM. CTR.,Governor,,DEM,Doug Jones,135
Etowah,0011 SOUTHSIDE COMM. CTR.,Governor,,DEM,Jamel J. Brown,2
Etowah,0011 SOUTHSIDE COMM. CTR.,Governor,,DEM,"Nathan ""Nate"" Mathis",2
Etowah,0011 SOUTHSIDE COMM. CTR.,Governor,,DEM,Will Boyd,14
Etowah,0011 SOUTHSIDE COMM. CTR.,Governor,,DEM,Yolanda Rochelle Flowers,6
Etowah,0011 SOUTHSIDE COMM. CTR.,Lieutenant Governor,,DEM,Darryl D. Perryman,64
Etowah,0011 SOUTHSIDE COMM. CTR.,Lieutenant Governor,,DEM,Phillip Ensler,86
Etowah,0011 SOUTHSIDE COMM. CTR.,"Public Service Commission, Place No. 1",,DEM,James O. Gordon,51
Etowah,0011 SOUTHSIDE COMM. CTR.,"Public Service Commission, Place No. 1",,DEM,Jeff Ramsey,71
Etowah,0011 SOUTHSIDE COMM. CTR.,"Public Service Commission, Place No. 1",,DEM,John Northrop,29
Etowah,0011 SOUTHSIDE COMM. CTR.,State Democratic Executive Committee,,DEM,Christina Ray Dunbar,0
Etowah,0011 SOUTHSIDE COMM. CTR.,State Democratic Executive Committee,,DEM,Mark Henderson,0
Etowah,0011 SOUTHSIDE COMM. CTR.,State Democratic Executive Committee,,DEM,Michael Dunbar,0
Etowah,0011 SOUTHSIDE COMM. CTR.,State Democratic Executive Committee,,DEM,Peggy Anderson,77
Etowah,0011 SOUTHSIDE COMM. CTR.,State Democratic Executive Committee,,DEM,Randy Kelley,0
Etowah,0011 SOUTHSIDE COMM. CTR.,State Democratic Executive Committee,,DEM,Shae Sanders,72
Etowah,0011 SOUTHSIDE COMM. CTR.,State Democratic Executive Committee,,DEM,Sheila Degan Gilbert,0
Etowah,0011 SOUTHSIDE COMM. CTR.,U.S. Senate,,DEM,Dakarai Larriett,42
Etowah,0011 SOUTHSIDE COMM. CTR.,U.S. Senate,,DEM,Everett Wess,39
Etowah,0011 SOUTHSIDE COMM. CTR.,U.S. Senate,,DEM,Kyle Sweetser,46
Etowah,0011 SOUTHSIDE COMM. CTR.,U.S. Senate,,DEM,Mark S. Wheeler II,28
Etowah,0011 SOUTHSIDE COMM. CTR.,Attorney General,,REP,Jay Mitchell,543
Etowah,0011 SOUTHSIDE COMM. CTR.,Attorney General,,REP,Katherine Robertson,575
Etowah,0011 SOUTHSIDE COMM. CTR.,Attorney General,,REP,Pamela L. Casey,377
Etowah,0011 SOUTHSIDE COMM. CTR.,Commissioner of Agriculture and Industries,,REP,Christina Woerner McInnis,481
Etowah,0011 SOUTHSIDE COMM. CTR.,Commissioner of Agriculture and Industries,,REP,Corey Hill,463
Etowah,0011 SOUTHSIDE COMM. CTR.,Commissioner of Agriculture and Industries,,REP,Jack Williams,461
Etowah,0011 SOUTHSIDE COMM. CTR.,Etowah County Coroner,,REP,London Pearce,1004
Etowah,0011 SOUTHSIDE COMM. CTR.,Etowah County Coroner,,REP,Nicholas Clanton,426
Etowah,0011 SOUTHSIDE COMM. CTR.,Etowah County School District,,REP,Ben Greene,1026
Etowah,0011 SOUTHSIDE COMM. CTR.,Etowah County School District,,REP,Scarlett Rains Farley,476
Etowah,0011 SOUTHSIDE COMM. CTR.,Etowah County Sheriff,,REP,John Henry Hill Jr.,199
Etowah,0011 SOUTHSIDE COMM. CTR.,Etowah County Sheriff,,REP,Jonathon W. Horton,1393
Etowah,0011 SOUTHSIDE COMM. CTR.,Governor,,REP,"""Alabama"" Will Santivasci",66
Etowah,0011 SOUTHSIDE COMM. CTR.,Governor,,REP,Ken McFeeters,112
Etowah,0011 SOUTHSIDE COMM. CTR.,Governor,,REP,Thomas Tuberville,1427
Etowah,0011 SOUTHSIDE COMM. CTR.,Lieutenant Governor,,REP,George Childress,29
Etowah,0011 SOUTHSIDE COMM. CTR.,Lieutenant Governor,,REP,John Wahl,649
Etowah,0011 SOUTHSIDE COMM. CTR.,Lieutenant Governor,,REP,Nicole Jones Wadsworth,73
Etowah,0011 SOUTHSIDE COMM. CTR.,Lieutenant Governor,,REP,Pat Bishop,34
Etowah,0011 SOUTHSIDE COMM. CTR.,Lieutenant Governor,,REP,Rick Pate,119
Etowah,0011 SOUTHSIDE COMM. CTR.,Lieutenant Governor,,REP,Stewart Hill Tankersley,24
Etowah,0011 SOUTHSIDE COMM. CTR.,Lieutenant Governor,,REP,Wes Allen,582
Etowah,0011 SOUTHSIDE COMM. CTR.,"Public Service Commission, Place No. 1",,REP,Jeremy H. Oden,326
Etowah,0011 SOUTHSIDE COMM. CTR.,"Public Service Commission, Place No. 1",,REP,Matt Gentry,1063
Etowah,0011 SOUTHSIDE COMM. CTR.,"Public Service Commission, Place No. 2",,REP,Brent Woodall,229
Etowah,0011 SOUTHSIDE COMM. CTR.,"Public Service Commission, Place No. 2",,REP,Chris Beeker,365
Etowah,0011 SOUTHSIDE COMM. CTR.,"Public Service Commission, Place No. 2",,REP,Jim Zig Zeigler,634
Etowah,0011 SOUTHSIDE COMM. CTR.,"Public Service Commission, Place No. 2",,REP,Priscilla Andrews,173
Etowah,0011 SOUTHSIDE COMM. CTR.,Secretary of State,,REP,Caroleene Dobson,774
Etowah,0011 SOUTHSIDE COMM. CTR.,Secretary of State,,REP,Christopher Christian Horn,389
Etowah,0011 SOUTHSIDE COMM. CTR.,Secretary of State,,REP,Glenda S. Jackson,218
Etowah,0011 SOUTHSIDE COMM. CTR.,State Auditor,,REP,Andrew Sorrell,1000
Etowah,0011 SOUTHSIDE COMM. CTR.,State Auditor,,REP,Derek Chen,420
Etowah,0011 SOUTHSIDE COMM. CTR.,State Board of Education,6,REP,Cathi Bradford,720
Etowah,0011 SOUTHSIDE COMM. CTR.,State Board of Education,6,REP,Marie Manning,620
Etowah,0011 SOUTHSIDE COMM. CTR.,"State Republican Executive Committee, Etowah County,",,REP,Unverified Candidate 1,775
Etowah,0011 SOUTHSIDE COMM. CTR.,"State Republican Executive Committee, Etowah County,",,REP,Unverified Candidate 1,1079
Etowah,0011 SOUTHSIDE COMM. CTR.,"State Republican Executive Committee, Etowah County,",,REP,Unverified Candidate 2,583
Etowah,0011 SOUTHSIDE COMM. CTR.,"State Republican Executive Committee, Etowah County,",,REP,Unverified Candidate 2,305
Etowah,0011 SOUTHSIDE COMM. CTR.,State Senate,10,REP,Amy Dozier Minton,728
Etowah,0011 SOUTHSIDE COMM. CTR.,State Senate,10,REP,Andrew Jones,682
Etowah,0011 SOUTHSIDE COMM. CTR.,State Treasurer,,REP,Steve Lolley,470
Etowah,0011 SOUTHSIDE COMM. CTR.,State Treasurer,,REP,Young Boozer,941
Etowah,0011 SOUTHSIDE COMM. CTR.,U.S. House,3,REP,Mike Rogers,1308
Etowah,0011 SOUTHSIDE COMM. CTR.,U.S. House,3,REP,Terri LaPoint,208
Etowah,0011 SOUTHSIDE COMM. CTR.,U.S. Senate,,REP,Barry Moore,490
Etowah,0011 SOUTHSIDE COMM. CTR.,U.S. Senate,,REP,Dale Shelton Deas Jr.,28
Etowah,0011 SOUTHSIDE COMM. CTR.,U.S. Senate,,REP,Jared Hudson,537
Etowah,0011 SOUTHSIDE COMM. CTR.,U.S. Senate,,REP,Morgan Murphy,19
Etowah,0011 SOUTHSIDE COMM. CTR.,U.S. Senate,,REP,Rodney Walker,41
Etowah,0011 SOUTHSIDE COMM. CTR.,U.S. Senate,,REP,Seth Burton,35
Etowah,0011 SOUTHSIDE COMM. CTR.,U.S. Senate,,REP,Steve Marshall,421
Etowah,0013 GEORGE WALLACE SR. CTR.,Proposed Statewide Amendment 1,,,No,100
Etowah,0013 GEORGE WALLACE SR. CTR.,Proposed Statewide Amendment 1,,,Yes,1129
Etowah,0013 GEORGE WALLACE SR. CTR.,Proposed Statewide Amendment 2,,,No,477
Etowah,0013 GEORGE WALLACE SR. CTR.,Proposed Statewide Amendment 2,,,Yes,690
Etowah,0013 GEORGE WALLACE SR. CTR.,Governor,,DEM,"Chad ""Chig"" Martin",9
Etowah,0013 GEORGE WALLACE SR. CTR.,Governor,,DEM,Doug Jones,132
Etowah,0013 GEORGE WALLACE SR. CTR.,Governor,,DEM,Jamel J. Brown,2
Etowah,0013 GEORGE WALLACE SR. CTR.,Governor,,DEM,"Nathan ""Nate"" Mathis",5
Etowah,0013 GEORGE WALLACE SR. CTR.,Governor,,DEM,Will Boyd,6
Etowah,0013 GEORGE WALLACE SR. CTR.,Governor,,DEM,Yolanda Rochelle Flowers,5
Etowah,0013 GEORGE WALLACE SR. CTR.,Lieutenant Governor,,DEM,Darryl D. Perryman,53
Etowah,0013 GEORGE WALLACE SR. CTR.,Lieutenant Governor,,DEM,Phillip Ensler,96
Etowah,0013 GEORGE WALLACE SR. CTR.,"Public Service Commission, Place No. 1",,DEM,James O. Gordon,62
Etowah,0013 GEORGE WALLACE SR. CTR.,"Public Service Commission, Place No. 1",,DEM,Jeff Ramsey,55
Etowah,0013 GEORGE WALLACE SR. CTR.,"Public Service Commission, Place No. 1",,DEM,John Northrop,30
Etowah,0013 GEORGE WALLACE SR. CTR.,State Democratic Executive Committee,,DEM,Christina Ray Dunbar,1
Etowah,0013 GEORGE WALLACE SR. CTR.,State Democratic Executive Committee,,DEM,Kyle Pierce,11
Etowah,0013 GEORGE WALLACE SR. CTR.,State Democratic Executive Committee,,DEM,Larry J Avery Jr,23
Etowah,0013 GEORGE WALLACE SR. CTR.,State Democratic Executive Committee,,DEM,Mark Henderson,1
Etowah,0013 GEORGE WALLACE SR. CTR.,State Democratic Executive Committee,,DEM,Michael Dunbar,0
Etowah,0013 GEORGE WALLACE SR. CTR.,State Democratic Executive Committee,,DEM,Peggy Anderson,47
Etowah,0013 GEORGE WALLACE SR. CTR.,State Democratic Executive Committee,,DEM,Randy Kelley,0
Etowah,0013 GEORGE WALLACE SR. CTR.,State Democratic Executive Committee,,DEM,Shae Sanders,65
Etowah,0013 GEORGE WALLACE SR. CTR.,State Democratic Executive Committee,,DEM,Sheila Degan Gilbert,0
Etowah,0013 GEORGE WALLACE SR. CTR.,U.S. Senate,,DEM,Dakarai Larriett,41
Etowah,0013 GEORGE WALLACE SR. CTR.,U.S. Senate,,DEM,Everett Wess,33
Etowah,0013 GEORGE WALLACE SR. CTR.,U.S. Senate,,DEM,Kyle Sweetser,38
Etowah,0013 GEORGE WALLACE SR. CTR.,U.S. Senate,,DEM,Mark S. Wheeler II,37
Etowah,0013 GEORGE WALLACE SR. CTR.,Attorney General,,REP,Jay Mitchell,359
Etowah,0013 GEORGE WALLACE SR. CTR.,Attorney General,,REP,Katherine Robertson,356
Etowah,0013 GEORGE WALLACE SR. CTR.,Attorney General,,REP,Pamela L. Casey,286
Etowah,0013 GEORGE WALLACE SR. CTR.,Commissioner of Agriculture and Industries,,REP,Christina Woerner McInnis,315
Etowah,0013 GEORGE WALLACE SR. CTR.,Commissioner of Agriculture and Industries,,REP,Corey Hill,347
Etowah,0013 GEORGE WALLACE SR. CTR.,Commissioner of Agriculture and Industries,,REP,Jack Williams,275
Etowah,0013 GEORGE WALLACE SR. CTR.,Etowah County Coroner,,REP,London Pearce,570
Etowah,0013 GEORGE WALLACE SR. CTR.,Etowah County Coroner,,REP,Nicholas Clanton,340
Etowah,0013 GEORGE WALLACE SR. CTR.,Etowah County School District,,REP,Ben Greene,843
Etowah,0013 GEORGE WALLACE SR. CTR.,Etowah County School District,,REP,Scarlett Rains Farley,216
Etowah,0013 GEORGE WALLACE SR. CTR.,Etowah County Sheriff,,REP,John Henry Hill Jr.,127
Etowah,0013 GEORGE WALLACE SR. CTR.,Etowah County Sheriff,,REP,Jonathon W. Horton,955
Etowah,0013 GEORGE WALLACE SR. CTR.,Governor,,REP,"""Alabama"" Will Santivasci",42
Etowah,0013 GEORGE WALLACE SR. CTR.,Governor,,REP,Ken McFeeters,71
Etowah,0013 GEORGE WALLACE SR. CTR.,Governor,,REP,Thomas Tuberville,959
Etowah,0013 GEORGE WALLACE SR. CTR.,Lieutenant Governor,,REP,George Childress,14
Etowah,0013 GEORGE WALLACE SR. CTR.,Lieutenant Governor,,REP,John Wahl,459
Etowah,0013 GEORGE WALLACE SR. CTR.,Lieutenant Governor,,REP,Nicole Jones Wadsworth,43
Etowah,0013 GEORGE WALLACE SR. CTR.,Lieutenant Governor,,REP,Pat Bishop,38
Etowah,0013 GEORGE WALLACE SR. CTR.,Lieutenant Governor,,REP,Rick Pate,43
Etowah,0013 GEORGE WALLACE SR. CTR.,Lieutenant Governor,,REP,Stewart Hill Tankersley,19
Etowah,0013 GEORGE WALLACE SR. CTR.,Lieutenant Governor,,REP,Wes Allen,390
Etowah,0013 GEORGE WALLACE SR. CTR.,"Public Service Commission, Place No. 1",,REP,Jeremy H. Oden,196
Etowah,0013 GEORGE WALLACE SR. CTR.,"Public Service Commission, Place No. 1",,REP,Matt Gentry,718
Etowah,0013 GEORGE WALLACE SR. CTR.,"Public Service Commission, Place No. 2",,REP,Brent Woodall,148
Etowah,0013 GEORGE WALLACE SR. CTR.,"Public Service Commission, Place No. 2",,REP,Chris Beeker,224
Etowah,0013 GEORGE WALLACE SR. CTR.,"Public Service Commission, Place No. 2",,REP,Jim Zig Zeigler,428
Etowah,0013 GEORGE WALLACE SR. CTR.,"Public Service Commission, Place No. 2",,REP,Priscilla Andrews,134
Etowah,0013 GEORGE WALLACE SR. CTR.,Secretary of State,,REP,Caroleene Dobson,502
Etowah,0013 GEORGE WALLACE SR. CTR.,Secretary of State,,REP,Christopher Christian Horn,254
Etowah,0013 GEORGE WALLACE SR. CTR.,Secretary of State,,REP,Glenda S. Jackson,156
Etowah,0013 GEORGE WALLACE SR. CTR.,State Auditor,,REP,Andrew Sorrell,650
Etowah,0013 GEORGE WALLACE SR. CTR.,State Auditor,,REP,Derek Chen,291
Etowah,0013 GEORGE WALLACE SR. CTR.,State Board of Education,6,REP,Cathi Bradford,497
Etowah,0013 GEORGE WALLACE SR. CTR.,State Board of Education,6,REP,Marie Manning,388
Etowah,0013 GEORGE WALLACE SR. CTR.,"State Republican Executive Committee, Etowah County,",,REP,Unverified Candidate 1,548
Etowah,0013 GEORGE WALLACE SR. CTR.,"State Republican Executive Committee, Etowah County,",,REP,Unverified Candidate 1,808
Etowah,0013 GEORGE WALLACE SR. CTR.,"State Republican Executive Committee, Etowah County,",,REP,Unverified Candidate 2,350
Etowah,0013 GEORGE WALLACE SR. CTR.,"State Republican Executive Committee, Etowah County,",,REP,Unverified Candidate 2,162
Etowah,0013 GEORGE WALLACE SR. CTR.,State Senate,10,REP,Amy Dozier Minton,503
Etowah,0013 GEORGE WALLACE SR. CTR.,State Senate,10,REP,Andrew Jones,466
Etowah,0013 GEORGE WALLACE SR. CTR.,State Treasurer,,REP,Steve Lolley,253
Etowah,0013 GEORGE WALLACE SR. CTR.,State Treasurer,,REP,Young Boozer,697
Etowah,0013 GEORGE WALLACE SR. CTR.,U.S. House,3,REP,Mike Rogers,886
Etowah,0013 GEORGE WALLACE SR. CTR.,U.S. House,3,REP,Terri LaPoint,125
Etowah,0013 GEORGE WALLACE SR. CTR.,U.S. Senate,,REP,Barry Moore,255
Etowah,0013 GEORGE WALLACE SR. CTR.,U.S. Senate,,REP,Dale Shelton Deas Jr.,13
Etowah,0013 GEORGE WALLACE SR. CTR.,U.S. Senate,,REP,Jared Hudson,465
Etowah,0013 GEORGE WALLACE SR. CTR.,U.S. Senate,,REP,Morgan Murphy,13
Etowah,0013 GEORGE WALLACE SR. CTR.,U.S. Senate,,REP,Rodney Walker,30
Etowah,0013 GEORGE WALLACE SR. CTR.,U.S. Senate,,REP,Seth Burton,21
Etowah,0013 GEORGE WALLACE SR. CTR.,U.S. Senate,,REP,Steve Marshall,251
Etowah,0014 HOKES BLUFF COMM.,Proposed Statewide Amendment 1,,,No,116
Etowah,0014 HOKES BLUFF COMM.,Proposed Statewide Amendment 1,,,Yes,1175
Etowah,0014 HOKES BLUFF COMM.,Proposed Statewide Amendment 2,,,No,569
Etowah,0014 HOKES BLUFF COMM.,Proposed Statewide Amendment 2,,,Yes,662
Etowah,0014 HOKES BLUFF COMM.,Governor,,DEM,"Chad ""Chig"" Martin",13
Etowah,0014 HOKES BLUFF COMM.,Governor,,DEM,Doug Jones,86
Etowah,0014 HOKES BLUFF COMM.,Governor,,DEM,Jamel J. Brown,1
Etowah,0014 HOKES BLUFF COMM.,Governor,,DEM,"Nathan ""Nate"" Mathis",0
Etowah,0014 HOKES BLUFF COMM.,Governor,,DEM,Will Boyd,6
Etowah,0014 HOKES BLUFF COMM.,Governor,,DEM,Yolanda Rochelle Flowers,7
Etowah,0014 HOKES BLUFF COMM.,Lieutenant Governor,,DEM,Darryl D. Perryman,35
Etowah,0014 HOKES BLUFF COMM.,Lieutenant Governor,,DEM,Phillip Ensler,72
Etowah,0014 HOKES BLUFF COMM.,"Public Service Commission, Place No. 1",,DEM,James O. Gordon,37
Etowah,0014 HOKES BLUFF COMM.,"Public Service Commission, Place No. 1",,DEM,Jeff Ramsey,44
Etowah,0014 HOKES BLUFF COMM.,"Public Service Commission, Place No. 1",,DEM,John Northrop,18
Etowah,0014 HOKES BLUFF COMM.,State Democratic Executive Committee,,DEM,Christina Ray Dunbar,64
Etowah,0014 HOKES BLUFF COMM.,State Democratic Executive Committee,,DEM,Kyle Pierce,0
Etowah,0014 HOKES BLUFF COMM.,State Democratic Executive Committee,,DEM,Larry J Avery Jr,0
Etowah,0014 HOKES BLUFF COMM.,State Democratic Executive Committee,,DEM,Mark Henderson,35
Etowah,0014 HOKES BLUFF COMM.,State Democratic Executive Committee,,DEM,Michael Dunbar,41
Etowah,0014 HOKES BLUFF COMM.,State Democratic Executive Committee,,DEM,Peggy Anderson,0
Etowah,0014 HOKES BLUFF COMM.,State Democratic Executive Committee,,DEM,Randy Kelley,29
Etowah,0014 HOKES BLUFF COMM.,State Democratic Executive Committee,,DEM,Shae Sanders,1
Etowah,0014 HOKES BLUFF COMM.,State Democratic Executive Committee,,DEM,Sheila Degan Gilbert,35
Etowah,0014 HOKES BLUFF COMM.,U.S. Senate,,DEM,Dakarai Larriett,23
Etowah,0014 HOKES BLUFF COMM.,U.S. Senate,,DEM,Everett Wess,25
Etowah,0014 HOKES BLUFF COMM.,U.S. Senate,,DEM,Kyle Sweetser,24
Etowah,0014 HOKES BLUFF COMM.,U.S. Senate,,DEM,Mark S. Wheeler II,30
Etowah,0014 HOKES BLUFF COMM.,Attorney General,,REP,Jay Mitchell,436
Etowah,0014 HOKES BLUFF COMM.,Attorney General,,REP,Katherine Robertson,367
Etowah,0014 HOKES BLUFF COMM.,Attorney General,,REP,Pamela L. Casey,289
Etowah,0014 HOKES BLUFF COMM.,Commissioner of Agriculture and Industries,,REP,Christina Woerner McInnis,310
Etowah,0014 HOKES BLUFF COMM.,Commissioner of Agriculture and Industries,,REP,Corey Hill,413
Etowah,0014 HOKES BLUFF COMM.,Commissioner of Agriculture and Industries,,REP,Jack Williams,297
Etowah,0014 HOKES BLUFF COMM.,Etowah County Coroner,,REP,London Pearce,646
Etowah,0014 HOKES BLUFF COMM.,Etowah County Coroner,,REP,Nicholas Clanton,371
Etowah,0014 HOKES BLUFF COMM.,Etowah County School District,,REP,Ben Greene,814
Etowah,0014 HOKES BLUFF COMM.,Etowah County School District,,REP,Scarlett Rains Farley,306
Etowah,0014 HOKES BLUFF COMM.,Etowah County Sheriff,,REP,John Henry Hill Jr.,147
Etowah,0014 HOKES BLUFF COMM.,Etowah County Sheriff,,REP,Jonathon W. Horton,1033
Etowah,0014 HOKES BLUFF COMM.,Governor,,REP,"""Alabama"" Will Santivasci",59
Etowah,0014 HOKES BLUFF COMM.,Governor,,REP,Ken McFeeters,69
Etowah,0014 HOKES BLUFF COMM.,Governor,,REP,Thomas Tuberville,1067
Etowah,0014 HOKES BLUFF COMM.,Lieutenant Governor,,REP,George Childress,18
Etowah,0014 HOKES BLUFF COMM.,Lieutenant Governor,,REP,John Wahl,511
Etowah,0014 HOKES BLUFF COMM.,Lieutenant Governor,,REP,Nicole Jones Wadsworth,63
Etowah,0014 HOKES BLUFF COMM.,Lieutenant Governor,,REP,Pat Bishop,20
Etowah,0014 HOKES BLUFF COMM.,Lieutenant Governor,,REP,Rick Pate,65
Etowah,0014 HOKES BLUFF COMM.,Lieutenant Governor,,REP,Stewart Hill Tankersley,19
Etowah,0014 HOKES BLUFF COMM.,Lieutenant Governor,,REP,Wes Allen,409
Etowah,0014 HOKES BLUFF COMM.,"Public Service Commission, Place No. 1",,REP,Jeremy H. Oden,213
Etowah,0014 HOKES BLUFF COMM.,"Public Service Commission, Place No. 1",,REP,Matt Gentry,794
Etowah,0014 HOKES BLUFF COMM.,"Public Service Commission, Place No. 2",,REP,Brent Woodall,214
Etowah,0014 HOKES BLUFF COMM.,"Public Service Commission, Place No. 2",,REP,Chris Beeker,240
Etowah,0014 HOKES BLUFF COMM.,"Public Service Commission, Place No. 2",,REP,Jim Zig Zeigler,439
Etowah,0014 HOKES BLUFF COMM.,"Public Service Commission, Place No. 2",,REP,Priscilla Andrews,128
Etowah,0014 HOKES BLUFF COMM.,Secretary of State,,REP,Caroleene Dobson,511
Etowah,0014 HOKES BLUFF COMM.,Secretary of State,,REP,Christopher Christian Horn,286
Etowah,0014 HOKES BLUFF COMM.,Secretary of State,,REP,Glenda S. Jackson,190
Etowah,0014 HOKES BLUFF COMM.,State Auditor,,REP,Andrew Sorrell,715
Etowah,0014 HOKES BLUFF COMM.,State Auditor,,REP,Derek Chen,317
Etowah,0014 HOKES BLUFF COMM.,State Board of Education,6,REP,Cathi Bradford,469
Etowah,0014 HOKES BLUFF COMM.,State Board of Education,6,REP,Marie Manning,490
Etowah,0014 HOKES BLUFF COMM.,"State Republican Executive Committee, Etowah County,",,REP,Unverified Candidate 1,661
Etowah,0014 HOKES BLUFF COMM.,"State Republican Executive Committee, Etowah County,",,REP,Unverified Candidate 1,1034
Etowah,0014 HOKES BLUFF COMM.,"State Republican Executive Committee, Etowah County,",,REP,Unverified Candidate 2,343
Etowah,0014 HOKES BLUFF COMM.,"State Republican Executive Committee, Etowah County,",,REP,Unverified Candidate 2,107
Etowah,0014 HOKES BLUFF COMM.,State Senate,10,REP,Amy Dozier Minton,489
Etowah,0014 HOKES BLUFF COMM.,State Senate,10,REP,Andrew Jones,528
Etowah,0014 HOKES BLUFF COMM.,State Treasurer,,REP,Steve Lolley,341
Etowah,0014 HOKES BLUFF COMM.,State Treasurer,,REP,Young Boozer,696
Etowah,0014 HOKES BLUFF COMM.,U.S. House,3,REP,Mike Rogers,991
Etowah,0014 HOKES BLUFF COMM.,U.S. House,3,REP,Terri LaPoint,119
Etowah,0014 HOKES BLUFF COMM.,U.S. Senate,,REP,Barry Moore,360
Etowah,0014 HOKES BLUFF COMM.,U.S. Senate,,REP,Dale Shelton Deas Jr.,9
Etowah,0014 HOKES BLUFF COMM.,U.S. Senate,,REP,Jared Hudson,407
Etowah,0014 HOKES BLUFF COMM.,U.S. Senate,,REP,Morgan Murphy,21
Etowah,0014 HOKES BLUFF COMM.,U.S. Senate,,REP,Rodney Walker,29
Etowah,0014 HOKES BLUFF COMM.,U.S. Senate,,REP,Seth Burton,26
Etowah,0014 HOKES BLUFF COMM.,U.S. Senate,,REP,Steve Marshall,298
Etowah,0016 LOOKOUT MT. COMM.,Proposed Statewide Amendment 1,,,No,54
Etowah,0016 LOOKOUT MT. COMM.,Proposed Statewide Amendment 1,,,Yes,369
Etowah,0016 LOOKOUT MT. COMM.,Proposed Statewide Amendment 2,,,No,221
Etowah,0016 LOOKOUT MT. COMM.,Proposed Statewide Amendment 2,,,Yes,188
Etowah,0016 LOOKOUT MT. COMM.,Governor,,DEM,"Chad ""Chig"" Martin",3
Etowah,0016 LOOKOUT MT. COMM.,Governor,,DEM,Doug Jones,30
Etowah,0016 LOOKOUT MT. COMM.,Governor,,DEM,Jamel J. Brown,1
Etowah,0016 LOOKOUT MT. COMM.,Governor,,DEM,"Nathan ""Nate"" Mathis",0
Etowah,0016 LOOKOUT MT. COMM.,Governor,,DEM,Will Boyd,3
Etowah,0016 LOOKOUT MT. COMM.,Governor,,DEM,Yolanda Rochelle Flowers,2
Etowah,0016 LOOKOUT MT. COMM.,Lieutenant Governor,,DEM,Darryl D. Perryman,13
Etowah,0016 LOOKOUT MT. COMM.,Lieutenant Governor,,DEM,Phillip Ensler,24
Etowah,0016 LOOKOUT MT. COMM.,"Public Service Commission, Place No. 1",,DEM,James O. Gordon,13
Etowah,0016 LOOKOUT MT. COMM.,"Public Service Commission, Place No. 1",,DEM,Jeff Ramsey,18
Etowah,0016 LOOKOUT MT. COMM.,"Public Service Commission, Place No. 1",,DEM,John Northrop,7
Etowah,0016 LOOKOUT MT. COMM.,State Democratic Executive Committee,,DEM,Christina Ray Dunbar,18
Etowah,0016 LOOKOUT MT. COMM.,State Democratic Executive Committee,,DEM,Mark Henderson,12
Etowah,0016 LOOKOUT MT. COMM.,State Democratic Executive Committee,,DEM,Michael Dunbar,12
Etowah,0016 LOOKOUT MT. COMM.,State Democratic Executive Committee,,DEM,Randy Kelley,14
Etowah,0016 LOOKOUT MT. COMM.,State Democratic Executive Committee,,DEM,Sheila Degan Gilbert,20
Etowah,0016 LOOKOUT MT. COMM.,U.S. Senate,,DEM,Dakarai Larriett,14
Etowah,0016 LOOKOUT MT. COMM.,U.S. Senate,,DEM,Everett Wess,7
Etowah,0016 LOOKOUT MT. COMM.,U.S. Senate,,DEM,Kyle Sweetser,9
Etowah,0016 LOOKOUT MT. COMM.,U.S. Senate,,DEM,Mark S. Wheeler II,9
Etowah,0016 LOOKOUT MT. COMM.,Attorney General,,REP,Jay Mitchell,149
Etowah,0016 LOOKOUT MT. COMM.,Attorney General,,REP,Katherine Robertson,129
Etowah,0016 LOOKOUT MT. COMM.,Attorney General,,REP,Pamela L. Casey,87
Etowah,0016 LOOKOUT MT. COMM.,Commissioner of Agriculture and Industries,,REP,Christina Woerner McInnis,100
Etowah,0016 LOOKOUT MT. COMM.,Commissioner of Agriculture and Industries,,REP,Corey Hill,112
Etowah,0016 LOOKOUT MT. COMM.,Commissioner of Agriculture and Industries,,REP,Jack Williams,138
Etowah,0016 LOOKOUT MT. COMM.,Etowah County Coroner,,REP,London Pearce,179
Etowah,0016 LOOKOUT MT. COMM.,Etowah County Coroner,,REP,Nicholas Clanton,155
Etowah,0016 LOOKOUT MT. COMM.,Etowah County School District,,REP,Ben Greene,198
Etowah,0016 LOOKOUT MT. COMM.,Etowah County School District,,REP,Scarlett Rains Farley,163
Etowah,0016 LOOKOUT MT. COMM.,Etowah County Sheriff,,REP,John Henry Hill Jr.,53
Etowah,0016 LOOKOUT MT. COMM.,Etowah County Sheriff,,REP,Jonathon W. Horton,339
Etowah,0016 LOOKOUT MT. COMM.,Governor,,REP,"""Alabama"" Will Santivasci",15
Etowah,0016 LOOKOUT MT. COMM.,Governor,,REP,Ken McFeeters,23
Etowah,0016 LOOKOUT MT. COMM.,Governor,,REP,Thomas Tuberville,353
Etowah,0016 LOOKOUT MT. COMM.,Lieutenant Governor,,REP,George Childress,14
Etowah,0016 LOOKOUT MT. COMM.,Lieutenant Governor,,REP,John Wahl,169
Etowah,0016 LOOKOUT MT. COMM.,Lieutenant Governor,,REP,Nicole Jones Wadsworth,15
Etowah,0016 LOOKOUT MT. COMM.,Lieutenant Governor,,REP,Pat Bishop,10
Etowah,0016 LOOKOUT MT. COMM.,Lieutenant Governor,,REP,Rick Pate,23
Etowah,0016 LOOKOUT MT. COMM.,Lieutenant Governor,,REP,Stewart Hill Tankersley,9
Etowah,0016 LOOKOUT MT. COMM.,Lieutenant Governor,,REP,Wes Allen,131
Etowah,0016 LOOKOUT MT. COMM.,"Public Service Commission, Place No. 1",,REP,Jeremy H. Oden,101
Etowah,0016 LOOKOUT MT. COMM.,"Public Service Commission, Place No. 1",,REP,Matt Gentry,247
Etowah,0016 LOOKOUT MT. COMM.,"Public Service Commission, Place No. 2",,REP,Brent Woodall,77
Etowah,0016 LOOKOUT MT. COMM.,"Public Service Commission, Place No. 2",,REP,Chris Beeker,95
Etowah,0016 LOOKOUT MT. COMM.,"Public Service Commission, Place No. 2",,REP,Jim Zig Zeigler,137
Etowah,0016 LOOKOUT MT. COMM.,"Public Service Commission, Place No. 2",,REP,Priscilla Andrews,38
Etowah,0016 LOOKOUT MT. COMM.,Secretary of State,,REP,Caroleene Dobson,174
Etowah,0016 LOOKOUT MT. COMM.,Secretary of State,,REP,Christopher Christian Horn,113
Etowah,0016 LOOKOUT MT. COMM.,Secretary of State,,REP,Glenda S. Jackson,58
Etowah,0016 LOOKOUT MT. COMM.,State Auditor,,REP,Andrew Sorrell,263
Etowah,0016 LOOKOUT MT. COMM.,State Auditor,,REP,Derek Chen,88
Etowah,0016 LOOKOUT MT. COMM.,State Board of Education,6,REP,Cathi Bradford,209
Etowah,0016 LOOKOUT MT. COMM.,State Board of Education,6,REP,Marie Manning,121
Etowah,0016 LOOKOUT MT. COMM.,"State Republican Executive Committee, Etowah County,",,REP,Unverified Candidate 1,221
Etowah,0016 LOOKOUT MT. COMM.,"State Republican Executive Committee, Etowah County,",,REP,Unverified Candidate 1,276
Etowah,0016 LOOKOUT MT. COMM.,"State Republican Executive Committee, Etowah County,",,REP,Unverified Candidate 2,98
Etowah,0016 LOOKOUT MT. COMM.,"State Republican Executive Committee, Etowah County,",,REP,Unverified Candidate 2,61
Etowah,0016 LOOKOUT MT. COMM.,State Senate,10,REP,Amy Dozier Minton,148
Etowah,0016 LOOKOUT MT. COMM.,State Senate,10,REP,Andrew Jones,199
Etowah,0016 LOOKOUT MT. COMM.,State Treasurer,,REP,Steve Lolley,120
Etowah,0016 LOOKOUT MT. COMM.,State Treasurer,,REP,Young Boozer,224
Etowah,0016 LOOKOUT MT. COMM.,U.S. House,3,REP,Mike Rogers,314
Etowah,0016 LOOKOUT MT. COMM.,U.S. House,3,REP,Terri LaPoint,54
Etowah,0016 LOOKOUT MT. COMM.,U.S. Senate,,REP,Barry Moore,88
Etowah,0016 LOOKOUT MT. COMM.,U.S. Senate,,REP,Dale Shelton Deas Jr.,7
Etowah,0016 LOOKOUT MT. COMM.,U.S. Senate,,REP,Jared Hudson,173
Etowah,0016 LOOKOUT MT. COMM.,U.S. Senate,,REP,Morgan Murphy,4
Etowah,0016 LOOKOUT MT. COMM.,U.S. Senate,,REP,Rodney Walker,12
Etowah,0016 LOOKOUT MT. COMM.,U.S. Senate,,REP,Seth Burton,9
Etowah,0016 LOOKOUT MT. COMM.,U.S. Senate,,REP,Steve Marshall,94
Etowah,0019 1ST UMC ATTALLA,Proposed Statewide Amendment 1,,,No,65
Etowah,0019 1ST UMC ATTALLA,Proposed Statewide Amendment 1,,,Yes,268
Etowah,0019 1ST UMC ATTALLA,Proposed Statewide Amendment 2,,,No,128
Etowah,0019 1ST UMC ATTALLA,Proposed Statewide Amendment 2,,,Yes,199
Etowah,0019 1ST UMC ATTALLA,Governor,,DEM,"Chad ""Chig"" Martin",6
Etowah,0019 1ST UMC ATTALLA,Governor,,DEM,Doug Jones,135
Etowah,0019 1ST UMC ATTALLA,Governor,,DEM,Jamel J. Brown,7
Etowah,0019 1ST UMC ATTALLA,Governor,,DEM,"Nathan ""Nate"" Mathis",2
Etowah,0019 1ST UMC ATTALLA,Governor,,DEM,Will Boyd,21
Etowah,0019 1ST UMC ATTALLA,Governor,,DEM,Yolanda Rochelle Flowers,4
Etowah,0019 1ST UMC ATTALLA,Lieutenant Governor,,DEM,Darryl D. Perryman,61
Etowah,0019 1ST UMC ATTALLA,Lieutenant Governor,,DEM,Phillip Ensler,98
Etowah,0019 1ST UMC ATTALLA,"Public Service Commission, Place No. 1",,DEM,James O. Gordon,98
Etowah,0019 1ST UMC ATTALLA,"Public Service Commission, Place No. 1",,DEM,Jeff Ramsey,43
Etowah,0019 1ST UMC ATTALLA,"Public Service Commission, Place No. 1",,DEM,John Northrop,20
Etowah,0019 1ST UMC ATTALLA,State Democratic Executive Committee,,DEM,Christina Ray Dunbar,0
Etowah,0019 1ST UMC ATTALLA,State Democratic Executive Committee,,DEM,Kyle Pierce,16
Etowah,0019 1ST UMC ATTALLA,State Democratic Executive Committee,,DEM,Larry J Avery Jr,153
Etowah,0019 1ST UMC ATTALLA,State Democratic Executive Committee,,DEM,Mark Henderson,0
Etowah,0019 1ST UMC ATTALLA,State Democratic Executive Committee,,DEM,Michael Dunbar,0
Etowah,0019 1ST UMC ATTALLA,State Democratic Executive Committee,,DEM,Randy Kelley,0
Etowah,0019 1ST UMC ATTALLA,State Democratic Executive Committee,,DEM,Sheila Degan Gilbert,0
Etowah,0019 1ST UMC ATTALLA,U.S. Senate,,DEM,Dakarai Larriett,46
Etowah,0019 1ST UMC ATTALLA,U.S. Senate,,DEM,Everett Wess,75
Etowah,0019 1ST UMC ATTALLA,U.S. Senate,,DEM,Kyle Sweetser,20
Etowah,0019 1ST UMC ATTALLA,U.S. Senate,,DEM,Mark S. Wheeler II,21
Etowah,0019 1ST UMC ATTALLA,Attorney General,,REP,Jay Mitchell,65
Etowah,0019 1ST UMC ATTALLA,Attorney General,,REP,Katherine Robertson,49
Etowah,0019 1ST UMC ATTALLA,Attorney General,,REP,Pamela L. Casey,39
Etowah,0019 1ST UMC ATTALLA,Commissioner of Agriculture and Industries,,REP,Christina Woerner McInnis,37
Etowah,0019 1ST UMC ATTALLA,Commissioner of Agriculture and Industries,,REP,Corey Hill,52
Etowah,0019 1ST UMC ATTALLA,Commissioner of Agriculture and Industries,,REP,Jack Williams,53
Etowah,0019 1ST UMC ATTALLA,Etowah County Coroner,,REP,London Pearce,80
Etowah,0019 1ST UMC ATTALLA,Etowah County Coroner,,REP,Nicholas Clanton,74
Etowah,0019 1ST UMC ATTALLA,Etowah County School District,,REP,Ben Greene,1
Etowah,0019 1ST UMC ATTALLA,Etowah County School District,,REP,Scarlett Rains Farley,1
Etowah,0019 1ST UMC ATTALLA,Etowah County Sheriff,,REP,John Henry Hill Jr.,34
Etowah,0019 1ST UMC ATTALLA,Etowah County Sheriff,,REP,Jonathon W. Horton,131
Etowah,0019 1ST UMC ATTALLA,Governor,,REP,"""Alabama"" Will Santivasci",6
Etowah,0019 1ST UMC ATTALLA,Governor,,REP,Ken McFeeters,15
Etowah,0019 1ST UMC ATTALLA,Governor,,REP,Thomas Tuberville,144
Etowah,0019 1ST UMC ATTALLA,Lieutenant Governor,,REP,George Childress,7
Etowah,0019 1ST UMC ATTALLA,Lieutenant Governor,,REP,John Wahl,64
Etowah,0019 1ST UMC ATTALLA,Lieutenant Governor,,REP,Nicole Jones Wadsworth,11
Etowah,0019 1ST UMC ATTALLA,Lieutenant Governor,,REP,Pat Bishop,2
Etowah,0019 1ST UMC ATTALLA,Lieutenant Governor,,REP,Rick Pate,4
Etowah,0019 1ST UMC ATTALLA,Lieutenant Governor,,REP,Stewart Hill Tankersley,0
Etowah,0019 1ST UMC ATTALLA,Lieutenant Governor,,REP,Wes Allen,64
Etowah,0019 1ST UMC ATTALLA,"Public Service Commission, Place No. 1",,REP,Jeremy H. Oden,41
Etowah,0019 1ST UMC ATTALLA,"Public Service Commission, Place No. 1",,REP,Matt Gentry,96
Etowah,0019 1ST UMC ATTALLA,"Public Service Commission, Place No. 2",,REP,Brent Woodall,23
Etowah,0019 1ST UMC ATTALLA,"Public Service Commission, Place No. 2",,REP,Chris Beeker,24
Etowah,0019 1ST UMC ATTALLA,"Public Service Commission, Place No. 2",,REP,Jim Zig Zeigler,74
Etowah,0019 1ST UMC ATTALLA,"Public Service Commission, Place No. 2",,REP,Priscilla Andrews,24
Etowah,0019 1ST UMC ATTALLA,Secretary of State,,REP,Caroleene Dobson,68
Etowah,0019 1ST UMC ATTALLA,Secretary of State,,REP,Christopher Christian Horn,46
Etowah,0019 1ST UMC ATTALLA,Secretary of State,,REP,Glenda S. Jackson,25
Etowah,0019 1ST UMC ATTALLA,State Auditor,,REP,Andrew Sorrell,108
Etowah,0019 1ST UMC ATTALLA,State Auditor,,REP,Derek Chen,34
Etowah,0019 1ST UMC ATTALLA,State Board of Education,6,REP,Cathi Bradford,90
Etowah,0019 1ST UMC ATTALLA,State Board of Education,6,REP,Marie Manning,49
Etowah,0019 1ST UMC ATTALLA,"State Republican Executive Committee, Etowah County,",,REP,Unverified Candidate 1,91
Etowah,0019 1ST UMC ATTALLA,"State Republican Executive Committee, Etowah County,",,REP,Unverified Candidate 1,105
Etowah,0019 1ST UMC ATTALLA,"State Republican Executive Committee, Etowah County,",,REP,Unverified Candidate 2,44
Etowah,0019 1ST UMC ATTALLA,"State Republican Executive Committee, Etowah County,",,REP,Unverified Candidate 2,37
Etowah,0019 1ST UMC ATTALLA,State Senate,10,REP,Amy Dozier Minton,64
Etowah,0019 1ST UMC ATTALLA,State Senate,10,REP,Andrew Jones,84
Etowah,0019 1ST UMC ATTALLA,State Treasurer,,REP,Steve Lolley,60
Etowah,0019 1ST UMC ATTALLA,State Treasurer,,REP,Young Boozer,84
Etowah,0019 1ST UMC ATTALLA,U.S. House,3,REP,Mike Rogers,141
Etowah,0019 1ST UMC ATTALLA,U.S. House,3,REP,Terri LaPoint,13
Etowah,0019 1ST UMC ATTALLA,U.S. Senate,,REP,Barry Moore,48
Etowah,0019 1ST UMC ATTALLA,U.S. Senate,,REP,Dale Shelton Deas Jr.,1
Etowah,0019 1ST UMC ATTALLA,U.S. Senate,,REP,Jared Hudson,50
Etowah,0019 1ST UMC ATTALLA,U.S. Senate,,REP,Morgan Murphy,2
Etowah,0019 1ST UMC ATTALLA,U.S. Senate,,REP,Rodney Walker,6
Etowah,0019 1ST UMC ATTALLA,U.S. Senate,,REP,Seth Burton,2
Etowah,0019 1ST UMC ATTALLA,U.S. Senate,,REP,Steve Marshall,53
Etowah,0020 JANE PHILLIPS COMM,Proposed Statewide Amendment 1,,,No,49
Etowah,0020 JANE PHILLIPS COMM,Proposed Statewide Amendment 1,,,Yes,401
Etowah,0020 JANE PHILLIPS COMM,Proposed Statewide Amendment 2,,,No,207
Etowah,0020 JANE PHILLIPS COMM,Proposed Statewide Amendment 2,,,Yes,220
Etowah,0020 JANE PHILLIPS COMM,Governor,,DEM,"Chad ""Chig"" Martin",6
Etowah,0020 JANE PHILLIPS COMM,Governor,,DEM,Doug Jones,40
Etowah,0020 JANE PHILLIPS COMM,Governor,,DEM,Jamel J. Brown,0
Etowah,0020 JANE PHILLIPS COMM,Governor,,DEM,"Nathan ""Nate"" Mathis",0
Etowah,0020 JANE PHILLIPS COMM,Governor,,DEM,Will Boyd,5
Etowah,0020 JANE PHILLIPS COMM,Governor,,DEM,Yolanda Rochelle Flowers,0
Etowah,0020 JANE PHILLIPS COMM,Lieutenant Governor,,DEM,Darryl D. Perryman,17
Etowah,0020 JANE PHILLIPS COMM,Lieutenant Governor,,DEM,Phillip Ensler,32
Etowah,0020 JANE PHILLIPS COMM,"Public Service Commission, Place No. 1",,DEM,James O. Gordon,21
Etowah,0020 JANE PHILLIPS COMM,"Public Service Commission, Place No. 1",,DEM,Jeff Ramsey,17
Etowah,0020 JANE PHILLIPS COMM,"Public Service Commission, Place No. 1",,DEM,John Northrop,6
Etowah,0020 JANE PHILLIPS COMM,State Democratic Executive Committee,,DEM,Kyle Pierce,18
Etowah,0020 JANE PHILLIPS COMM,State Democratic Executive Committee,,DEM,Larry J Avery Jr,29
Etowah,0020 JANE PHILLIPS COMM,U.S. Senate,,DEM,Dakarai Larriett,11
Etowah,0020 JANE PHILLIPS COMM,U.S. Senate,,DEM,Everett Wess,17
Etowah,0020 JANE PHILLIPS COMM,U.S. Senate,,DEM,Kyle Sweetser,5
Etowah,0020 JANE PHILLIPS COMM,U.S. Senate,,DEM,Mark S. Wheeler II,15
Etowah,0020 JANE PHILLIPS COMM,Attorney General,,REP,Jay Mitchell,140
Etowah,0020 JANE PHILLIPS COMM,Attorney General,,REP,Katherine Robertson,131
Etowah,0020 JANE PHILLIPS COMM,Attorney General,,REP,Pamela L. Casey,114
Etowah,0020 JANE PHILLIPS COMM,Commissioner of Agriculture and Industries,,REP,Christina Woerner McInnis,117
Etowah,0020 JANE PHILLIPS COMM,Commissioner of Agriculture and Industries,,REP,Corey Hill,128
Etowah,0020 JANE PHILLIPS COMM,Commissioner of Agriculture and Industries,,REP,Jack Williams,122
Etowah,0020 JANE PHILLIPS COMM,Etowah County Coroner,,REP,London Pearce,230
Etowah,0020 JANE PHILLIPS COMM,Etowah County Coroner,,REP,Nicholas Clanton,156
Etowah,0020 JANE PHILLIPS COMM,Etowah County School District,,REP,Ben Greene,56
Etowah,0020 JANE PHILLIPS COMM,Etowah County School District,,REP,Scarlett Rains Farley,33
Etowah,0020 JANE PHILLIPS COMM,Etowah County Sheriff,,REP,John Henry Hill Jr.,60
Etowah,0020 JANE PHILLIPS COMM,Etowah County Sheriff,,REP,Jonathon W. Horton,359
Etowah,0020 JANE PHILLIPS COMM,Governor,,REP,"""Alabama"" Will Santivasci",18
Etowah,0020 JANE PHILLIPS COMM,Governor,,REP,Ken McFeeters,31
Etowah,0020 JANE PHILLIPS COMM,Governor,,REP,Thomas Tuberville,368
Etowah,0020 JANE PHILLIPS COMM,Lieutenant Governor,,REP,George Childress,13
Etowah,0020 JANE PHILLIPS COMM,Lieutenant Governor,,REP,John Wahl,173
Etowah,0020 JANE PHILLIPS COMM,Lieutenant Governor,,REP,Nicole Jones Wadsworth,21
Etowah,0020 JANE PHILLIPS COMM,Lieutenant Governor,,REP,Pat Bishop,9
Etowah,0020 JANE PHILLIPS COMM,Lieutenant Governor,,REP,Rick Pate,31
Etowah,0020 JANE PHILLIPS COMM,Lieutenant Governor,,REP,Stewart Hill Tankersley,5
Etowah,0020 JANE PHILLIPS COMM,Lieutenant Governor,,REP,Wes Allen,132
Etowah,0020 JANE PHILLIPS COMM,"Member, Etowah County Commission, District No. 4",,REP,Jeff Bynum,232
Etowah,0020 JANE PHILLIPS COMM,"Member, Etowah County Commission, District No. 4",,REP,Tim F. Ramsey,163
Etowah,0020 JANE PHILLIPS COMM,"Public Service Commission, Place No. 1",,REP,Jeremy H. Oden,91
Etowah,0020 JANE PHILLIPS COMM,"Public Service Commission, Place No. 1",,REP,Matt Gentry,273
Etowah,0020 JANE PHILLIPS COMM,"Public Service Commission, Place No. 2",,REP,Brent Woodall,76
Etowah,0020 JANE PHILLIPS COMM,"Public Service Commission, Place No. 2",,REP,Chris Beeker,84
Etowah,0020 JANE PHILLIPS COMM,"Public Service Commission, Place No. 2",,REP,Jim Zig Zeigler,147
Etowah,0020 JANE PHILLIPS COMM,"Public Service Commission, Place No. 2",,REP,Priscilla Andrews,54
Etowah,0020 JANE PHILLIPS COMM,Secretary of State,,REP,Caroleene Dobson,176
Etowah,0020 JANE PHILLIPS COMM,Secretary of State,,REP,Christopher Christian Horn,127
Etowah,0020 JANE PHILLIPS COMM,Secretary of State,,REP,Glenda S. Jackson,61
Etowah,0020 JANE PHILLIPS COMM,State Auditor,,REP,Andrew Sorrell,255
Etowah,0020 JANE PHILLIPS COMM,State Auditor,,REP,Derek Chen,119
Etowah,0020 JANE PHILLIPS COMM,State Board of Education,6,REP,Cathi Bradford,209
Etowah,0020 JANE PHILLIPS COMM,State Board of Education,6,REP,Marie Manning,136
Etowah,0020 JANE PHILLIPS COMM,"State Republican Executive Committee, Etowah County,",,REP,Unverified Candidate 1,227
Etowah,0020 JANE PHILLIPS COMM,"State Republican Executive Committee, Etowah County,",,REP,Unverified Candidate 1,287
Etowah,0020 JANE PHILLIPS COMM,"State Republican Executive Committee, Etowah County,",,REP,Unverified Candidate 2,121
Etowah,0020 JANE PHILLIPS COMM,"State Republican Executive Committee, Etowah County,",,REP,Unverified Candidate 2,73
Etowah,0020 JANE PHILLIPS COMM,State Senate,10,REP,Amy Dozier Minton,164
Etowah,0020 JANE PHILLIPS COMM,State Senate,10,REP,Andrew Jones,187
Etowah,0020 JANE PHILLIPS COMM,State Treasurer,,REP,Steve Lolley,144
Etowah,0020 JANE PHILLIPS COMM,State Treasurer,,REP,Young Boozer,224
Etowah,0020 JANE PHILLIPS COMM,U.S. House,3,REP,Mike Rogers,330
Etowah,0020 JANE PHILLIPS COMM,U.S. House,3,REP,Terri LaPoint,47
Etowah,0020 JANE PHILLIPS COMM,U.S. Senate,,REP,Barry Moore,112
Etowah,0020 JANE PHILLIPS COMM,U.S. Senate,,REP,Dale Shelton Deas Jr.,5
Etowah,0020 JANE PHILLIPS COMM,U.S. Senate,,REP,Jared Hudson,153
Etowah,0020 JANE PHILLIPS COMM,U.S. Senate,,REP,Morgan Murphy,2
Etowah,0020 JANE PHILLIPS COMM,U.S. Senate,,REP,Rodney Walker,4
Etowah,0020 JANE PHILLIPS COMM,U.S. Senate,,REP,Seth Burton,7
Etowah,0020 JANE PHILLIPS COMM,U.S. Senate,,REP,Steve Marshall,118
Etowah,0022 SARDIS SENIOR CTR,Proposed Statewide Amendment 1,,,No,100
Etowah,0022 SARDIS SENIOR CTR,Proposed Statewide Amendment 1,,,Yes,846
Etowah,0022 SARDIS SENIOR CTR,Proposed Statewide Amendment 2,,,No,465
Etowah,0022 SARDIS SENIOR CTR,Proposed Statewide Amendment 2,,,Yes,447
Etowah,0022 SARDIS SENIOR CTR,Governor,,DEM,"Chad ""Chig"" Martin",8
Etowah,0022 SARDIS SENIOR CTR,Governor,,DEM,Doug Jones,68
Etowah,0022 SARDIS SENIOR CTR,Governor,,DEM,Jamel J. Brown,1
Etowah,0022 SARDIS SENIOR CTR,Governor,,DEM,"Nathan ""Nate"" Mathis",2
Etowah,0022 SARDIS SENIOR CTR,Governor,,DEM,Will Boyd,7
Etowah,0022 SARDIS SENIOR CTR,Governor,,DEM,Yolanda Rochelle Flowers,6
Etowah,0022 SARDIS SENIOR CTR,Lieutenant Governor,,DEM,Darryl D. Perryman,35
Etowah,0022 SARDIS SENIOR CTR,Lieutenant Governor,,DEM,Phillip Ensler,50
Etowah,0022 SARDIS SENIOR CTR,"Public Service Commission, Place No. 1",,DEM,James O. Gordon,30
Etowah,0022 SARDIS SENIOR CTR,"Public Service Commission, Place No. 1",,DEM,Jeff Ramsey,37
Etowah,0022 SARDIS SENIOR CTR,"Public Service Commission, Place No. 1",,DEM,John Northrop,17
Etowah,0022 SARDIS SENIOR CTR,State Democratic Executive Committee,,DEM,Christina Ray Dunbar,38
Etowah,0022 SARDIS SENIOR CTR,State Democratic Executive Committee,,DEM,Kyle Pierce,0
Etowah,0022 SARDIS SENIOR CTR,State Democratic Executive Committee,,DEM,Larry J Avery Jr,0
Etowah,0022 SARDIS SENIOR CTR,State Democratic Executive Committee,,DEM,Mark Henderson,23
Etowah,0022 SARDIS SENIOR CTR,State Democratic Executive Committee,,DEM,Michael Dunbar,23
Etowah,0022 SARDIS SENIOR CTR,State Democratic Executive Committee,,DEM,Peggy Anderson,5
Etowah,0022 SARDIS SENIOR CTR,State Democratic Executive Committee,,DEM,Randy Kelley,26
Etowah,0022 SARDIS SENIOR CTR,State Democratic Executive Committee,,DEM,Shae Sanders,8
Etowah,0022 SARDIS SENIOR CTR,State Democratic Executive Committee,,DEM,Sheila Degan Gilbert,33
Etowah,0022 SARDIS SENIOR CTR,U.S. Senate,,DEM,Dakarai Larriett,24
Etowah,0022 SARDIS SENIOR CTR,U.S. Senate,,DEM,Everett Wess,17
Etowah,0022 SARDIS SENIOR CTR,U.S. Senate,,DEM,Kyle Sweetser,18
Etowah,0022 SARDIS SENIOR CTR,U.S. Senate,,DEM,Mark S. Wheeler II,27
Etowah,0022 SARDIS SENIOR CTR,Attorney General,,REP,Jay Mitchell,311
Etowah,0022 SARDIS SENIOR CTR,Attorney General,,REP,Katherine Robertson,294
Etowah,0022 SARDIS SENIOR CTR,Attorney General,,REP,Pamela L. Casey,224
Etowah,0022 SARDIS SENIOR CTR,Commissioner of Agriculture and Industries,,REP,Christina Woerner McInnis,179
Etowah,0022 SARDIS SENIOR CTR,Commissioner of Agriculture and Industries,,REP,Corey Hill,451
Etowah,0022 SARDIS SENIOR CTR,Commissioner of Agriculture and Industries,,REP,Jack Williams,173
Etowah,0022 SARDIS SENIOR CTR,Etowah County Coroner,,REP,London Pearce,320
Etowah,0022 SARDIS SENIOR CTR,Etowah County Coroner,,REP,Nicholas Clanton,408
Etowah,0022 SARDIS SENIOR CTR,Etowah County School District,,REP,Ben Greene,415
Etowah,0022 SARDIS SENIOR CTR,Etowah County School District,,REP,Scarlett Rains Farley,331
Etowah,0022 SARDIS SENIOR CTR,Etowah County Sheriff,,REP,John Henry Hill Jr.,114
Etowah,0022 SARDIS SENIOR CTR,Etowah County Sheriff,,REP,Jonathon W. Horton,748
Etowah,0022 SARDIS SENIOR CTR,Governor,,REP,"""Alabama"" Will Santivasci",38
Etowah,0022 SARDIS SENIOR CTR,Governor,,REP,Ken McFeeters,52
Etowah,0022 SARDIS SENIOR CTR,Governor,,REP,Thomas Tuberville,793
Etowah,0022 SARDIS SENIOR CTR,Lieutenant Governor,,REP,George Childress,13
Etowah,0022 SARDIS SENIOR CTR,Lieutenant Governor,,REP,John Wahl,360
Etowah,0022 SARDIS SENIOR CTR,Lieutenant Governor,,REP,Nicole Jones Wadsworth,29
Etowah,0022 SARDIS SENIOR CTR,Lieutenant Governor,,REP,Pat Bishop,22
Etowah,0022 SARDIS SENIOR CTR,Lieutenant Governor,,REP,Rick Pate,38
Etowah,0022 SARDIS SENIOR CTR,Lieutenant Governor,,REP,Stewart Hill Tankersley,17
Etowah,0022 SARDIS SENIOR CTR,Lieutenant Governor,,REP,Wes Allen,361
Etowah,0022 SARDIS SENIOR CTR,"Public Service Commission, Place No. 1",,REP,Jeremy H. Oden,187
Etowah,0022 SARDIS SENIOR CTR,"Public Service Commission, Place No. 1",,REP,Matt Gentry,573
Etowah,0022 SARDIS SENIOR CTR,"Public Service Commission, Place No. 2",,REP,Brent Woodall,139
Etowah,0022 SARDIS SENIOR CTR,"Public Service Commission, Place No. 2",,REP,Chris Beeker,202
Etowah,0022 SARDIS SENIOR CTR,"Public Service Commission, Place No. 2",,REP,Jim Zig Zeigler,320
Etowah,0022 SARDIS SENIOR CTR,"Public Service Commission, Place No. 2",,REP,Priscilla Andrews,89
Etowah,0022 SARDIS SENIOR CTR,Secretary of State,,REP,Caroleene Dobson,460
Etowah,0022 SARDIS SENIOR CTR,Secretary of State,,REP,Christopher Christian Horn,205
Etowah,0022 SARDIS SENIOR CTR,Secretary of State,,REP,Glenda S. Jackson,96
Etowah,0022 SARDIS SENIOR CTR,State Auditor,,REP,Andrew Sorrell,558
Etowah,0022 SARDIS SENIOR CTR,State Auditor,,REP,Derek Chen,211
Etowah,0022 SARDIS SENIOR CTR,State Board of Education,6,REP,Cathi Bradford,376
Etowah,0022 SARDIS SENIOR CTR,State Board of Education,6,REP,Marie Manning,342
Etowah,0022 SARDIS SENIOR CTR,"State Republican Executive Committee, Etowah County,",,REP,Unverified Candidate 1,503
Etowah,0022 SARDIS SENIOR CTR,"State Republican Executive Committee, Etowah County,",,REP,Unverified Candidate 1,607
Etowah,0022 SARDIS SENIOR CTR,"State Republican Executive Committee, Etowah County,",,REP,Unverified Candidate 2,189
Etowah,0022 SARDIS SENIOR CTR,"State Republican Executive Committee, Etowah County,",,REP,Unverified Candidate 2,116
Etowah,0022 SARDIS SENIOR CTR,State Senate,10,REP,Amy Dozier Minton,325
Etowah,0022 SARDIS SENIOR CTR,State Senate,10,REP,Andrew Jones,503
Etowah,0022 SARDIS SENIOR CTR,State Treasurer,,REP,Steve Lolley,217
Etowah,0022 SARDIS SENIOR CTR,State Treasurer,,REP,Young Boozer,556
Etowah,0022 SARDIS SENIOR CTR,U.S. House,3,REP,Mike Rogers,728
Etowah,0022 SARDIS SENIOR CTR,U.S. House,3,REP,Terri LaPoint,88
Etowah,0022 SARDIS SENIOR CTR,U.S. Senate,,REP,Barry Moore,207
Etowah,0022 SARDIS SENIOR CTR,U.S. Senate,,REP,Dale Shelton Deas Jr.,15
Etowah,0022 SARDIS SENIOR CTR,U.S. Senate,,REP,Jared Hudson,261
Etowah,0022 SARDIS SENIOR CTR,U.S. Senate,,REP,Morgan Murphy,4
Etowah,0022 SARDIS SENIOR CTR,U.S. Senate,,REP,Rodney Walker,9
Etowah,0022 SARDIS SENIOR CTR,U.S. Senate,,REP,Seth Burton,14
Etowah,0022 SARDIS SENIOR CTR,U.S. Senate,,REP,Steve Marshall,362
Etowah,0023 AURORA BAPTIST CHU,Proposed Statewide Amendment 1,,,No,48
Etowah,0023 AURORA BAPTIST CHU,Proposed Statewide Amendment 1,,,Yes,361
Etowah,0023 AURORA BAPTIST CHU,Proposed Statewide Amendment 2,,,No,198
Etowah,0023 AURORA BAPTIST CHU,Proposed Statewide Amendment 2,,,Yes,196
Etowah,0023 AURORA BAPTIST CHU,Governor,,DEM,"Chad ""Chig"" Martin",2
Etowah,0023 AURORA BAPTIST CHU,Governor,,DEM,Doug Jones,25
Etowah,0023 AURORA BAPTIST CHU,Governor,,DEM,Jamel J. Brown,0
Etowah,0023 AURORA BAPTIST CHU,Governor,,DEM,"Nathan ""Nate"" Mathis",1
Etowah,0023 AURORA BAPTIST CHU,Governor,,DEM,Will Boyd,2
Etowah,0023 AURORA BAPTIST CHU,Governor,,DEM,Yolanda Rochelle Flowers,3
Etowah,0023 AURORA BAPTIST CHU,Lieutenant Governor,,DEM,Darryl D. Perryman,15
Etowah,0023 AURORA BAPTIST CHU,Lieutenant Governor,,DEM,Phillip Ensler,14
Etowah,0023 AURORA BAPTIST CHU,"Public Service Commission, Place No. 1",,DEM,James O. Gordon,9
Etowah,0023 AURORA BAPTIST CHU,"Public Service Commission, Place No. 1",,DEM,Jeff Ramsey,12
Etowah,0023 AURORA BAPTIST CHU,"Public Service Commission, Place No. 1",,DEM,John Northrop,6
Etowah,0023 AURORA BAPTIST CHU,State Democratic Executive Committee,,DEM,Kyle Pierce,0
Etowah,0023 AURORA BAPTIST CHU,State Democratic Executive Committee,,DEM,Larry J Avery Jr,0
Etowah,0023 AURORA BAPTIST CHU,State Democratic Executive Committee,,DEM,Peggy Anderson,12
Etowah,0023 AURORA BAPTIST CHU,State Democratic Executive Committee,,DEM,Shae Sanders,13
Etowah,0023 AURORA BAPTIST CHU,U.S. Senate,,DEM,Dakarai Larriett,7
Etowah,0023 AURORA BAPTIST CHU,U.S. Senate,,DEM,Everett Wess,3
Etowah,0023 AURORA BAPTIST CHU,U.S. Senate,,DEM,Kyle Sweetser,11
Etowah,0023 AURORA BAPTIST CHU,U.S. Senate,,DEM,Mark S. Wheeler II,7
Etowah,0023 AURORA BAPTIST CHU,Attorney General,,REP,Jay Mitchell,129
Etowah,0023 AURORA BAPTIST CHU,Attorney General,,REP,Katherine Robertson,109
Etowah,0023 AURORA BAPTIST CHU,Attorney General,,REP,Pamela L. Casey,125
Etowah,0023 AURORA BAPTIST CHU,Commissioner of Agriculture and Industries,,REP,Christina Woerner McInnis,53
Etowah,0023 AURORA BAPTIST CHU,Commissioner of Agriculture and Industries,,REP,Corey Hill,220
Etowah,0023 AURORA BAPTIST CHU,Commissioner of Agriculture and Industries,,REP,Jack Williams,78
Etowah,0023 AURORA BAPTIST CHU,Etowah County Coroner,,REP,London Pearce,136
Etowah,0023 AURORA BAPTIST CHU,Etowah County Coroner,,REP,Nicholas Clanton,187
Etowah,0023 AURORA BAPTIST CHU,Etowah County School District,,REP,Ben Greene,192
Etowah,0023 AURORA BAPTIST CHU,Etowah County School District,,REP,Scarlett Rains Farley,135
Etowah,0023 AURORA BAPTIST CHU,Etowah County Sheriff,,REP,John Henry Hill Jr.,68
Etowah,0023 AURORA BAPTIST CHU,Etowah County Sheriff,,REP,Jonathon W. Horton,305
Etowah,0023 AURORA BAPTIST CHU,Governor,,REP,"""Alabama"" Will Santivasci",19
Etowah,0023 AURORA BAPTIST CHU,Governor,,REP,Ken McFeeters,28
Etowah,0023 AURORA BAPTIST CHU,Governor,,REP,Thomas Tuberville,331
Etowah,0023 AURORA BAPTIST CHU,Lieutenant Governor,,REP,George Childress,10
Etowah,0023 AURORA BAPTIST CHU,Lieutenant Governor,,REP,John Wahl,178
Etowah,0023 AURORA BAPTIST CHU,Lieutenant Governor,,REP,Nicole Jones Wadsworth,16
Etowah,0023 AURORA BAPTIST CHU,Lieutenant Governor,,REP,Pat Bishop,15
Etowah,0023 AURORA BAPTIST CHU,Lieutenant Governor,,REP,Rick Pate,22
Etowah,0023 AURORA BAPTIST CHU,Lieutenant Governor,,REP,Stewart Hill Tankersley,7
Etowah,0023 AURORA BAPTIST CHU,Lieutenant Governor,,REP,Wes Allen,113
Etowah,0023 AURORA BAPTIST CHU,"Member, Etowah County Commission, District No. 4",,REP,Jeff Bynum,91
Etowah,0023 AURORA BAPTIST CHU,"Member, Etowah County Commission, District No. 4",,REP,Tim F. Ramsey,43
Etowah,0023 AURORA BAPTIST CHU,"Public Service Commission, Place No. 1",,REP,Jeremy H. Oden,84
Etowah,0023 AURORA BAPTIST CHU,"Public Service Commission, Place No. 1",,REP,Matt Gentry,252
Etowah,0023 AURORA BAPTIST CHU,"Public Service Commission, Place No. 2",,REP,Brent Woodall,62
Etowah,0023 AURORA BAPTIST CHU,"Public Service Commission, Place No. 2",,REP,Chris Beeker,98
Etowah,0023 AURORA BAPTIST CHU,"Public Service Commission, Place No. 2",,REP,Jim Zig Zeigler,137
Etowah,0023 AURORA BAPTIST CHU,"Public Service Commission, Place No. 2",,REP,Priscilla Andrews,40
Etowah,0023 AURORA BAPTIST CHU,Secretary of State,,REP,Caroleene Dobson,174
Etowah,0023 AURORA BAPTIST CHU,Secretary of State,,REP,Christopher Christian Horn,98
Etowah,0023 AURORA BAPTIST CHU,Secretary of State,,REP,Glenda S. Jackson,57
Etowah,0023 AURORA BAPTIST CHU,State Auditor,,REP,Andrew Sorrell,242
Etowah,0023 AURORA BAPTIST CHU,State Auditor,,REP,Derek Chen,101
Etowah,0023 AURORA BAPTIST CHU,State Board of Education,6,REP,Cathi Bradford,169
Etowah,0023 AURORA BAPTIST CHU,State Board of Education,6,REP,Marie Manning,153
Etowah,0023 AURORA BAPTIST CHU,"State Republican Executive Committee, Etowah County,",,REP,Unverified Candidate 1,229
Etowah,0023 AURORA BAPTIST CHU,"State Republican Executive Committee, Etowah County,",,REP,Unverified Candidate 1,211
Etowah,0023 AURORA BAPTIST CHU,"State Republican Executive Committee, Etowah County,",,REP,Unverified Candidate 2,86
Etowah,0023 AURORA BAPTIST CHU,"State Republican Executive Committee, Etowah County,",,REP,Unverified Candidate 2,107
Etowah,0023 AURORA BAPTIST CHU,State Senate,10,REP,Amy Dozier Minton,143
Etowah,0023 AURORA BAPTIST CHU,State Senate,10,REP,Andrew Jones,208
Etowah,0023 AURORA BAPTIST CHU,State Treasurer,,REP,Steve Lolley,129
Etowah,0023 AURORA BAPTIST CHU,State Treasurer,,REP,Young Boozer,211
Etowah,0023 AURORA BAPTIST CHU,U.S. House,3,REP,Mike Rogers,302
Etowah,0023 AURORA BAPTIST CHU,U.S. House,3,REP,Terri LaPoint,43
Etowah,0023 AURORA BAPTIST CHU,U.S. Senate,,REP,Barry Moore,99
Etowah,0023 AURORA BAPTIST CHU,U.S. Senate,,REP,Dale Shelton Deas Jr.,5
Etowah,0023 AURORA BAPTIST CHU,U.S. Senate,,REP,Jared Hudson,96
Etowah,0023 AURORA BAPTIST CHU,U.S. Senate,,REP,Morgan Murphy,3
Etowah,0023 AURORA BAPTIST CHU,U.S. Senate,,REP,Rodney Walker,15
Etowah,0023 AURORA BAPTIST CHU,U.S. Senate,,REP,Seth Burton,7
Etowah,0023 AURORA BAPTIST CHU,U.S. Senate,,REP,Steve Marshall,155
Etowah,0025 WALNUT GROVE COMM,Proposed Statewide Amendment 1,,,No,45
Etowah,0025 WALNUT GROVE COMM,Proposed Statewide Amendment 1,,,Yes,373
Etowah,0025 WALNUT GROVE COMM,Proposed Statewide Amendment 2,,,No,197
Etowah,0025 WALNUT GROVE COMM,Proposed Statewide Amendment 2,,,Yes,211
Etowah,0025 WALNUT GROVE COMM,Governor,,DEM,"Chad ""Chig"" Martin",3
Etowah,0025 WALNUT GROVE COMM,Governor,,DEM,Doug Jones,29
Etowah,0025 WALNUT GROVE COMM,Governor,,DEM,Jamel J. Brown,0
Etowah,0025 WALNUT GROVE COMM,Governor,,DEM,"Nathan ""Nate"" Mathis",0
Etowah,0025 WALNUT GROVE COMM,Governor,,DEM,Will Boyd,2
Etowah,0025 WALNUT GROVE COMM,Governor,,DEM,Yolanda Rochelle Flowers,0
Etowah,0025 WALNUT GROVE COMM,Lieutenant Governor,,DEM,Darryl D. Perryman,10
Etowah,0025 WALNUT GROVE COMM,Lieutenant Governor,,DEM,Phillip Ensler,22
Etowah,0025 WALNUT GROVE COMM,"Public Service Commission, Place No. 1",,DEM,James O. Gordon,6
Etowah,0025 WALNUT GROVE COMM,"Public Service Commission, Place No. 1",,DEM,Jeff Ramsey,18
Etowah,0025 WALNUT GROVE COMM,"Public Service Commission, Place No. 1",,DEM,John Northrop,7
Etowah,0025 WALNUT GROVE COMM,State Democratic Executive Committee,,DEM,Kyle Pierce,1
Etowah,0025 WALNUT GROVE COMM,State Democratic Executive Committee,,DEM,Larry J Avery Jr,0
Etowah,0025 WALNUT GROVE COMM,State Democratic Executive Committee,,DEM,Peggy Anderson,24
Etowah,0025 WALNUT GROVE COMM,State Democratic Executive Committee,,DEM,Shae Sanders,4
Etowah,0025 WALNUT GROVE COMM,U.S. Senate,,DEM,Dakarai Larriett,9
Etowah,0025 WALNUT GROVE COMM,U.S. Senate,,DEM,Everett Wess,5
Etowah,0025 WALNUT GROVE COMM,U.S. Senate,,DEM,Kyle Sweetser,6
Etowah,0025 WALNUT GROVE COMM,U.S. Senate,,DEM,Mark S. Wheeler II,11
Etowah,0025 WALNUT GROVE COMM,Attorney General,,REP,Jay Mitchell,107
Etowah,0025 WALNUT GROVE COMM,Attorney General,,REP,Katherine Robertson,98
Etowah,0025 WALNUT GROVE COMM,Attorney General,,REP,Pamela L. Casey,182
Etowah,0025 WALNUT GROVE COMM,Commissioner of Agriculture and Industries,,REP,Christina Woerner McInnis,69
Etowah,0025 WALNUT GROVE COMM,Commissioner of Agriculture and Industries,,REP,Corey Hill,183
Etowah,0025 WALNUT GROVE COMM,Commissioner of Agriculture and Industries,,REP,Jack Williams,110
Etowah,0025 WALNUT GROVE COMM,Etowah County Coroner,,REP,London Pearce,158
Etowah,0025 WALNUT GROVE COMM,Etowah County Coroner,,REP,Nicholas Clanton,181
Etowah,0025 WALNUT GROVE COMM,Etowah County School District,,REP,Ben Greene,200
Etowah,0025 WALNUT GROVE COMM,Etowah County School District,,REP,Scarlett Rains Farley,152
Etowah,0025 WALNUT GROVE COMM,Etowah County Sheriff,,REP,John Henry Hill Jr.,68
Etowah,0025 WALNUT GROVE COMM,Etowah County Sheriff,,REP,Jonathon W. Horton,322
Etowah,0025 WALNUT GROVE COMM,Governor,,REP,"""Alabama"" Will Santivasci",25
Etowah,0025 WALNUT GROVE COMM,Governor,,REP,Ken McFeeters,26
Etowah,0025 WALNUT GROVE COMM,Governor,,REP,Thomas Tuberville,345
Etowah,0025 WALNUT GROVE COMM,Lieutenant Governor,,REP,George Childress,9
Etowah,0025 WALNUT GROVE COMM,Lieutenant Governor,,REP,John Wahl,153
Etowah,0025 WALNUT GROVE COMM,Lieutenant Governor,,REP,Nicole Jones Wadsworth,29
Etowah,0025 WALNUT GROVE COMM,Lieutenant Governor,,REP,Pat Bishop,22
Etowah,0025 WALNUT GROVE COMM,Lieutenant Governor,,REP,Rick Pate,26
Etowah,0025 WALNUT GROVE COMM,Lieutenant Governor,,REP,Stewart Hill Tankersley,1
Etowah,0025 WALNUT GROVE COMM,Lieutenant Governor,,REP,Wes Allen,146
Etowah,0025 WALNUT GROVE COMM,"Member, Etowah County Commission, District No. 4",,REP,Jeff Bynum,200
Etowah,0025 WALNUT GROVE COMM,"Member, Etowah County Commission, District No. 4",,REP,Tim F. Ramsey,177
Etowah,0025 WALNUT GROVE COMM,"Public Service Commission, Place No. 1",,REP,Jeremy H. Oden,74
Etowah,0025 WALNUT GROVE COMM,"Public Service Commission, Place No. 1",,REP,Matt Gentry,279
Etowah,0025 WALNUT GROVE COMM,"Public Service Commission, Place No. 2",,REP,Brent Woodall,75
Etowah,0025 WALNUT GROVE COMM,"Public Service Commission, Place No. 2",,REP,Chris Beeker,98
Etowah,0025 WALNUT GROVE COMM,"Public Service Commission, Place No. 2",,REP,Jim Zig Zeigler,129
Etowah,0025 WALNUT GROVE COMM,"Public Service Commission, Place No. 2",,REP,Priscilla Andrews,43
Etowah,0025 WALNUT GROVE COMM,Secretary of State,,REP,Caroleene Dobson,193
Etowah,0025 WALNUT GROVE COMM,Secretary of State,,REP,Christopher Christian Horn,104
Etowah,0025 WALNUT GROVE COMM,Secretary of State,,REP,Glenda S. Jackson,54
Etowah,0025 WALNUT GROVE COMM,State Auditor,,REP,Andrew Sorrell,266
Etowah,0025 WALNUT GROVE COMM,State Auditor,,REP,Derek Chen,97
Etowah,0025 WALNUT GROVE COMM,State Board of Education,6,REP,Cathi Bradford,216
Etowah,0025 WALNUT GROVE COMM,State Board of Education,6,REP,Marie Manning,131
Etowah,0025 WALNUT GROVE COMM,"State Republican Executive Committee, Etowah County,",,REP,Unverified Candidate 1,229
Etowah,0025 WALNUT GROVE COMM,"State Republican Executive Committee, Etowah County,",,REP,Unverified Candidate 1,267
Etowah,0025 WALNUT GROVE COMM,"State Republican Executive Committee, Etowah County,",,REP,Unverified Candidate 2,109
Etowah,0025 WALNUT GROVE COMM,"State Republican Executive Committee, Etowah County,",,REP,Unverified Candidate 2,75
Etowah,0025 WALNUT GROVE COMM,State Senate,10,REP,Amy Dozier Minton,176
Etowah,0025 WALNUT GROVE COMM,State Senate,10,REP,Andrew Jones,198
Etowah,0025 WALNUT GROVE COMM,State Treasurer,,REP,Steve Lolley,135
Etowah,0025 WALNUT GROVE COMM,State Treasurer,,REP,Young Boozer,231
Etowah,0025 WALNUT GROVE COMM,U.S. House,3,REP,Mike Rogers,306
Etowah,0025 WALNUT GROVE COMM,U.S. House,3,REP,Terri LaPoint,53
Etowah,0025 WALNUT GROVE COMM,U.S. Senate,,REP,Barry Moore,115
Etowah,0025 WALNUT GROVE COMM,U.S. Senate,,REP,Dale Shelton Deas Jr.,5
Etowah,0025 WALNUT GROVE COMM,U.S. Senate,,REP,Jared Hudson,121
Etowah,0025 WALNUT GROVE COMM,U.S. Senate,,REP,Morgan Murphy,1
Etowah,0025 WALNUT GROVE COMM,U.S. Senate,,REP,Rodney Walker,22
Etowah,0025 WALNUT GROVE COMM,U.S. Senate,,REP,Seth Burton,10
Etowah,0025 WALNUT GROVE COMM,U.S. Senate,,REP,Steve Marshall,112
Etowah,0027 GALLANT RD BAPT CH,Proposed Statewide Amendment 1,,,No,46
Etowah,0027 GALLANT RD BAPT CH,Proposed Statewide Amendment 1,,,Yes,283
Etowah,0027 GALLANT RD BAPT CH,Proposed Statewide Amendment 2,,,No,144
Etowah,0027 GALLANT RD BAPT CH,Proposed Statewide Amendment 2,,,Yes,171
Etowah,0027 GALLANT RD BAPT CH,Governor,,DEM,"Chad ""Chig"" Martin",0
Etowah,0027 GALLANT RD BAPT CH,Governor,,DEM,Doug Jones,21
Etowah,0027 GALLANT RD BAPT CH,Governor,,DEM,Jamel J. Brown,0
Etowah,0027 GALLANT RD BAPT CH,Governor,,DEM,"Nathan ""Nate"" Mathis",0
Etowah,0027 GALLANT RD BAPT CH,Governor,,DEM,Will Boyd,4
Etowah,0027 GALLANT RD BAPT CH,Governor,,DEM,Yolanda Rochelle Flowers,0
Etowah,0027 GALLANT RD BAPT CH,Lieutenant Governor,,DEM,Darryl D. Perryman,4
Etowah,0027 GALLANT RD BAPT CH,Lieutenant Governor,,DEM,Phillip Ensler,16
Etowah,0027 GALLANT RD BAPT CH,"Public Service Commission, Place No. 1",,DEM,James O. Gordon,7
Etowah,0027 GALLANT RD BAPT CH,"Public Service Commission, Place No. 1",,DEM,Jeff Ramsey,11
Etowah,0027 GALLANT RD BAPT CH,"Public Service Commission, Place No. 1",,DEM,John Northrop,3
Etowah,0027 GALLANT RD BAPT CH,State Democratic Executive Committee,,DEM,Kyle Pierce,13
Etowah,0027 GALLANT RD BAPT CH,State Democratic Executive Committee,,DEM,Larry J Avery Jr,10
Etowah,0027 GALLANT RD BAPT CH,State Democratic Executive Committee,,DEM,Peggy Anderson,0
Etowah,0027 GALLANT RD BAPT CH,State Democratic Executive Committee,,DEM,Shae Sanders,0
Etowah,0027 GALLANT RD BAPT CH,U.S. Senate,,DEM,Dakarai Larriett,5
Etowah,0027 GALLANT RD BAPT CH,U.S. Senate,,DEM,Everett Wess,6
Etowah,0027 GALLANT RD BAPT CH,U.S. Senate,,DEM,Kyle Sweetser,5
Etowah,0027 GALLANT RD BAPT CH,U.S. Senate,,DEM,Mark S. Wheeler II,5
Etowah,0027 GALLANT RD BAPT CH,Attorney General,,REP,Jay Mitchell,99
Etowah,0027 GALLANT RD BAPT CH,Attorney General,,REP,Katherine Robertson,100
Etowah,0027 GALLANT RD BAPT CH,Attorney General,,REP,Pamela L. Casey,102
Etowah,0027 GALLANT RD BAPT CH,Commissioner of Agriculture and Industries,,REP,Christina Woerner McInnis,66
Etowah,0027 GALLANT RD BAPT CH,Commissioner of Agriculture and Industries,,REP,Corey Hill,123
Etowah,0027 GALLANT RD BAPT CH,Commissioner of Agriculture and Industries,,REP,Jack Williams,85
Etowah,0027 GALLANT RD BAPT CH,Etowah County Coroner,,REP,London Pearce,157
Etowah,0027 GALLANT RD BAPT CH,Etowah County Coroner,,REP,Nicholas Clanton,122
Etowah,0027 GALLANT RD BAPT CH,Etowah County School District,,REP,Ben Greene,181
Etowah,0027 GALLANT RD BAPT CH,Etowah County School District,,REP,Scarlett Rains Farley,107
Etowah,0027 GALLANT RD BAPT CH,Etowah County Sheriff,,REP,John Henry Hill Jr.,26
Etowah,0027 GALLANT RD BAPT CH,Etowah County Sheriff,,REP,Jonathon W. Horton,290
Etowah,0027 GALLANT RD BAPT CH,Governor,,REP,"""Alabama"" Will Santivasci",11
Etowah,0027 GALLANT RD BAPT CH,Governor,,REP,Ken McFeeters,20
Etowah,0027 GALLANT RD BAPT CH,Governor,,REP,Thomas Tuberville,284
Etowah,0027 GALLANT RD BAPT CH,Lieutenant Governor,,REP,George Childress,7
Etowah,0027 GALLANT RD BAPT CH,Lieutenant Governor,,REP,John Wahl,108
Etowah,0027 GALLANT RD BAPT CH,Lieutenant Governor,,REP,Nicole Jones Wadsworth,14
Etowah,0027 GALLANT RD BAPT CH,Lieutenant Governor,,REP,Pat Bishop,10
Etowah,0027 GALLANT RD BAPT CH,Lieutenant Governor,,REP,Rick Pate,26
Etowah,0027 GALLANT RD BAPT CH,Lieutenant Governor,,REP,Stewart Hill Tankersley,10
Etowah,0027 GALLANT RD BAPT CH,Lieutenant Governor,,REP,Wes Allen,113
Etowah,0027 GALLANT RD BAPT CH,"Member, Etowah County Commission, District No. 4",,REP,Jeff Bynum,91
Etowah,0027 GALLANT RD BAPT CH,"Member, Etowah County Commission, District No. 4",,REP,Tim F. Ramsey,89
Etowah,0027 GALLANT RD BAPT CH,"Public Service Commission, Place No. 1",,REP,Jeremy H. Oden,91
Etowah,0027 GALLANT RD BAPT CH,"Public Service Commission, Place No. 1",,REP,Matt Gentry,188
Etowah,0027 GALLANT RD BAPT CH,"Public Service Commission, Place No. 2",,REP,Brent Woodall,63
Etowah,0027 GALLANT RD BAPT CH,"Public Service Commission, Place No. 2",,REP,Chris Beeker,67
Etowah,0027 GALLANT RD BAPT CH,"Public Service Commission, Place No. 2",,REP,Jim Zig Zeigler,102
Etowah,0027 GALLANT RD BAPT CH,"Public Service Commission, Place No. 2",,REP,Priscilla Andrews,37
Etowah,0027 GALLANT RD BAPT CH,Secretary of State,,REP,Caroleene Dobson,119
Etowah,0027 GALLANT RD BAPT CH,Secretary of State,,REP,Christopher Christian Horn,85
Etowah,0027 GALLANT RD BAPT CH,Secretary of State,,REP,Glenda S. Jackson,50
Etowah,0027 GALLANT RD BAPT CH,State Auditor,,REP,Andrew Sorrell,197
Etowah,0027 GALLANT RD BAPT CH,State Auditor,,REP,Derek Chen,79
Etowah,0027 GALLANT RD BAPT CH,State Board of Education,6,REP,Cathi Bradford,129
Etowah,0027 GALLANT RD BAPT CH,State Board of Education,6,REP,Marie Manning,134
Etowah,0027 GALLANT RD BAPT CH,"State Republican Executive Committee, Etowah County,",,REP,Unverified Candidate 1,171
Etowah,0027 GALLANT RD BAPT CH,"State Republican Executive Committee, Etowah County,",,REP,Unverified Candidate 1,208
Etowah,0027 GALLANT RD BAPT CH,"State Republican Executive Committee, Etowah County,",,REP,Unverified Candidate 2,73
Etowah,0027 GALLANT RD BAPT CH,"State Republican Executive Committee, Etowah County,",,REP,Unverified Candidate 2,56
Etowah,0027 GALLANT RD BAPT CH,State Senate,10,REP,Amy Dozier Minton,125
Etowah,0027 GALLANT RD BAPT CH,State Senate,10,REP,Andrew Jones,117
Etowah,0027 GALLANT RD BAPT CH,State Treasurer,,REP,Steve Lolley,114
Etowah,0027 GALLANT RD BAPT CH,State Treasurer,,REP,Young Boozer,156
Etowah,0027 GALLANT RD BAPT CH,U.S. House,3,REP,Mike Rogers,244
Etowah,0027 GALLANT RD BAPT CH,U.S. House,3,REP,Terri LaPoint,34
Etowah,0027 GALLANT RD BAPT CH,U.S. Senate,,REP,Barry Moore,68
Etowah,0027 GALLANT RD BAPT CH,U.S. Senate,,REP,Dale Shelton Deas Jr.,2
Etowah,0027 GALLANT RD BAPT CH,U.S. Senate,,REP,Jared Hudson,149
Etowah,0027 GALLANT RD BAPT CH,U.S. Senate,,REP,Morgan Murphy,0
Etowah,0027 GALLANT RD BAPT CH,U.S. Senate,,REP,Rodney Walker,6
Etowah,0027 GALLANT RD BAPT CH,U.S. Senate,,REP,Seth Burton,7
Etowah,0027 GALLANT RD BAPT CH,U.S. Senate,,REP,Steve Marshall,80
Etowah,0028 RAINBOW CITY REC CTR,Proposed Statewide Amendment 1,,,No,181
Etowah,0028 RAINBOW CITY REC CTR,Proposed Statewide Amendment 1,,,Yes,1399
Etowah,0028 RAINBOW CITY REC CTR,Proposed Statewide Amendment 2,,,No,689
Etowah,0028 RAINBOW CITY REC CTR,Proposed Statewide Amendment 2,,,Yes,822
Etowah,0028 RAINBOW CITY REC CTR,Governor,,DEM,"Chad ""Chig"" Martin",6
Etowah,0028 RAINBOW CITY REC CTR,Governor,,DEM,Doug Jones,208
Etowah,0028 RAINBOW CITY REC CTR,Governor,,DEM,Jamel J. Brown,8
Etowah,0028 RAINBOW CITY REC CTR,Governor,,DEM,"Nathan ""Nate"" Mathis",2
Etowah,0028 RAINBOW CITY REC CTR,Governor,,DEM,Will Boyd,32
Etowah,0028 RAINBOW CITY REC CTR,Governor,,DEM,Yolanda Rochelle Flowers,20
Etowah,0028 RAINBOW CITY REC CTR,Lieutenant Governor,,DEM,Darryl D. Perryman,113
Etowah,0028 RAINBOW CITY REC CTR,Lieutenant Governor,,DEM,Phillip Ensler,159
Etowah,0028 RAINBOW CITY REC CTR,"Public Service Commission, Place No. 1",,DEM,James O. Gordon,110
Etowah,0028 RAINBOW CITY REC CTR,"Public Service Commission, Place No. 1",,DEM,Jeff Ramsey,125
Etowah,0028 RAINBOW CITY REC CTR,"Public Service Commission, Place No. 1",,DEM,John Northrop,34
Etowah,0028 RAINBOW CITY REC CTR,State Democratic Executive Committee,,DEM,Kyle Pierce,71
Etowah,0028 RAINBOW CITY REC CTR,State Democratic Executive Committee,,DEM,Larry J Avery Jr,179
Etowah,0028 RAINBOW CITY REC CTR,State Democratic Executive Committee,,DEM,Peggy Anderson,14
Etowah,0028 RAINBOW CITY REC CTR,State Democratic Executive Committee,,DEM,Shae Sanders,4
Etowah,0028 RAINBOW CITY REC CTR,U.S. Senate,,DEM,Dakarai Larriett,71
Etowah,0028 RAINBOW CITY REC CTR,U.S. Senate,,DEM,Everett Wess,108
Etowah,0028 RAINBOW CITY REC CTR,U.S. Senate,,DEM,Kyle Sweetser,33
Etowah,0028 RAINBOW CITY REC CTR,U.S. Senate,,DEM,Mark S. Wheeler II,61
Etowah,0028 RAINBOW CITY REC CTR,Attorney General,,REP,Jay Mitchell,429
Etowah,0028 RAINBOW CITY REC CTR,Attorney General,,REP,Katherine Robertson,464
Etowah,0028 RAINBOW CITY REC CTR,Attorney General,,REP,Pamela L. Casey,315
Etowah,0028 RAINBOW CITY REC CTR,Commissioner of Agriculture and Industries,,REP,Christina Woerner McInnis,384
Etowah,0028 RAINBOW CITY REC CTR,Commissioner of Agriculture and Industries,,REP,Corey Hill,395
Etowah,0028 RAINBOW CITY REC CTR,Commissioner of Agriculture and Industries,,REP,Jack Williams,352
Etowah,0028 RAINBOW CITY REC CTR,Etowah County Coroner,,REP,London Pearce,739
Etowah,0028 RAINBOW CITY REC CTR,Etowah County Coroner,,REP,Nicholas Clanton,386
Etowah,0028 RAINBOW CITY REC CTR,Etowah County School District,,REP,Ben Greene,822
Etowah,0028 RAINBOW CITY REC CTR,Etowah County School District,,REP,Scarlett Rains Farley,393
Etowah,0028 RAINBOW CITY REC CTR,Etowah County Sheriff,,REP,John Henry Hill Jr.,155
Etowah,0028 RAINBOW CITY REC CTR,Etowah County Sheriff,,REP,Jonathon W. Horton,1166
Etowah,0028 RAINBOW CITY REC CTR,Governor,,REP,"""Alabama"" Will Santivasci",69
Etowah,0028 RAINBOW CITY REC CTR,Governor,,REP,Ken McFeeters,108
Etowah,0028 RAINBOW CITY REC CTR,Governor,,REP,Thomas Tuberville,1143
Etowah,0028 RAINBOW CITY REC CTR,Lieutenant Governor,,REP,George Childress,25
Etowah,0028 RAINBOW CITY REC CTR,Lieutenant Governor,,REP,John Wahl,490
Etowah,0028 RAINBOW CITY REC CTR,Lieutenant Governor,,REP,Nicole Jones Wadsworth,83
Etowah,0028 RAINBOW CITY REC CTR,Lieutenant Governor,,REP,Pat Bishop,28
Etowah,0028 RAINBOW CITY REC CTR,Lieutenant Governor,,REP,Rick Pate,79
Etowah,0028 RAINBOW CITY REC CTR,Lieutenant Governor,,REP,Stewart Hill Tankersley,18
Etowah,0028 RAINBOW CITY REC CTR,Lieutenant Governor,,REP,Wes Allen,534
Etowah,0028 RAINBOW CITY REC CTR,"Member, Etowah County Commission, District No. 4",,REP,Jeff Bynum,409
Etowah,0028 RAINBOW CITY REC CTR,"Member, Etowah County Commission, District No. 4",,REP,Tim F. Ramsey,735
Etowah,0028 RAINBOW CITY REC CTR,"Public Service Commission, Place No. 1",,REP,Jeremy H. Oden,258
Etowah,0028 RAINBOW CITY REC CTR,"Public Service Commission, Place No. 1",,REP,Matt Gentry,866
Etowah,0028 RAINBOW CITY REC CTR,"Public Service Commission, Place No. 2",,REP,Brent Woodall,184
Etowah,0028 RAINBOW CITY REC CTR,"Public Service Commission, Place No. 2",,REP,Chris Beeker,284
Etowah,0028 RAINBOW CITY REC CTR,"Public Service Commission, Place No. 2",,REP,Jim Zig Zeigler,532
Etowah,0028 RAINBOW CITY REC CTR,"Public Service Commission, Place No. 2",,REP,Priscilla Andrews,139
Etowah,0028 RAINBOW CITY REC CTR,Secretary of State,,REP,Caroleene Dobson,599
Etowah,0028 RAINBOW CITY REC CTR,Secretary of State,,REP,Christopher Christian Horn,280
Etowah,0028 RAINBOW CITY REC CTR,Secretary of State,,REP,Glenda S. Jackson,217
Etowah,0028 RAINBOW CITY REC CTR,State Auditor,,REP,Andrew Sorrell,844
Etowah,0028 RAINBOW CITY REC CTR,State Auditor,,REP,Derek Chen,327
Etowah,0028 RAINBOW CITY REC CTR,State Board of Education,6,REP,Cathi Bradford,570
Etowah,0028 RAINBOW CITY REC CTR,State Board of Education,6,REP,Marie Manning,501
Etowah,0028 RAINBOW CITY REC CTR,"State Republican Executive Committee, Etowah County,",,REP,Unverified Candidate 1,634
Etowah,0028 RAINBOW CITY REC CTR,"State Republican Executive Committee, Etowah County,",,REP,Unverified Candidate 1,833
Etowah,0028 RAINBOW CITY REC CTR,"State Republican Executive Committee, Etowah County,",,REP,Unverified Candidate 2,487
Etowah,0028 RAINBOW CITY REC CTR,"State Republican Executive Committee, Etowah County,",,REP,Unverified Candidate 2,306
Etowah,0028 RAINBOW CITY REC CTR,State Senate,10,REP,Amy Dozier Minton,633
Etowah,0028 RAINBOW CITY REC CTR,State Senate,10,REP,Andrew Jones,558
Etowah,0028 RAINBOW CITY REC CTR,State Treasurer,,REP,Steve Lolley,370
Etowah,0028 RAINBOW CITY REC CTR,State Treasurer,,REP,Young Boozer,786
Etowah,0028 RAINBOW CITY REC CTR,U.S. House,3,REP,Mike Rogers,1060
Etowah,0028 RAINBOW CITY REC CTR,U.S. House,3,REP,Terri LaPoint,172
Etowah,0028 RAINBOW CITY REC CTR,U.S. Senate,,REP,Barry Moore,378
Etowah,0028 RAINBOW CITY REC CTR,U.S. Senate,,REP,Dale Shelton Deas Jr.,20
Etowah,0028 RAINBOW CITY REC CTR,U.S. Senate,,REP,Jared Hudson,494
Etowah,0028 RAINBOW CITY REC CTR,U.S. Senate,,REP,Morgan Murphy,12
Etowah,0028 RAINBOW CITY REC CTR,U.S. Senate,,REP,Rodney Walker,30
Etowah,0028 RAINBOW CITY REC CTR,U.S. Senate,,REP,Seth Burton,34
Etowah,0028 RAINBOW CITY REC CTR,U.S. Senate,,REP,Steve Marshall,321
Etowah,0029 WHORTON BEND,Proposed Statewide Amendment 1,,,No,52
Etowah,0029 WHORTON BEND,Proposed Statewide Amendment 1,,,Yes,543
Etowah,0029 WHORTON BEND,Proposed Statewide Amendment 2,,,No,247
Etowah,0029 WHORTON BEND,Proposed Statewide Amendment 2,,,Yes,322
Etowah,0029 WHORTON BEND,Governor,,DEM,"Chad ""Chig"" Martin",0
Etowah,0029 WHORTON BEND,Governor,,DEM,Doug Jones,58
Etowah,0029 WHORTON BEND,Governor,,DEM,Jamel J. Brown,0
Etowah,0029 WHORTON BEND,Governor,,DEM,"Nathan ""Nate"" Mathis",0
Etowah,0029 WHORTON BEND,Governor,,DEM,Will Boyd,3
Etowah,0029 WHORTON BEND,Governor,,DEM,Yolanda Rochelle Flowers,0
Etowah,0029 WHORTON BEND,Lieutenant Governor,,DEM,Darryl D. Perryman,16
Etowah,0029 WHORTON BEND,Lieutenant Governor,,DEM,Phillip Ensler,43
Etowah,0029 WHORTON BEND,"Public Service Commission, Place No. 1",,DEM,James O. Gordon,26
Etowah,0029 WHORTON BEND,"Public Service Commission, Place No. 1",,DEM,Jeff Ramsey,20
Etowah,0029 WHORTON BEND,"Public Service Commission, Place No. 1",,DEM,John Northrop,13
Etowah,0029 WHORTON BEND,State Democratic Executive Committee,,DEM,Kyle Pierce,1
Etowah,0029 WHORTON BEND,State Democratic Executive Committee,,DEM,Larry J Avery Jr,0
Etowah,0029 WHORTON BEND,State Democratic Executive Committee,,DEM,Peggy Anderson,27
Etowah,0029 WHORTON BEND,State Democratic Executive Committee,,DEM,Shae Sanders,29
Etowah,0029 WHORTON BEND,U.S. Senate,,DEM,Dakarai Larriett,18
Etowah,0029 WHORTON BEND,U.S. Senate,,DEM,Everett Wess,20
Etowah,0029 WHORTON BEND,U.S. Senate,,DEM,Kyle Sweetser,8
Etowah,0029 WHORTON BEND,U.S. Senate,,DEM,Mark S. Wheeler II,13
Etowah,0029 WHORTON BEND,Attorney General,,REP,Jay Mitchell,182
Etowah,0029 WHORTON BEND,Attorney General,,REP,Katherine Robertson,195
Etowah,0029 WHORTON BEND,Attorney General,,REP,Pamela L. Casey,126
Etowah,0029 WHORTON BEND,Commissioner of Agriculture and Industries,,REP,Christina Woerner McInnis,156
Etowah,0029 WHORTON BEND,Commissioner of Agriculture and Industries,,REP,Corey Hill,141
Etowah,0029 WHORTON BEND,Commissioner of Agriculture and Industries,,REP,Jack Williams,162
Etowah,0029 WHORTON BEND,Etowah County Coroner,,REP,London Pearce,380
Etowah,0029 WHORTON BEND,Etowah County Coroner,,REP,Nicholas Clanton,106
Etowah,0029 WHORTON BEND,Etowah County School District,,REP,Ben Greene,320
Etowah,0029 WHORTON BEND,Etowah County School District,,REP,Scarlett Rains Farley,177
Etowah,0029 WHORTON BEND,Etowah County Sheriff,,REP,John Henry Hill Jr.,50
Etowah,0029 WHORTON BEND,Etowah County Sheriff,,REP,Jonathon W. Horton,493
Etowah,0029 WHORTON BEND,Governor,,REP,"""Alabama"" Will Santivasci",18
Etowah,0029 WHORTON BEND,Governor,,REP,Ken McFeeters,52
Etowah,0029 WHORTON BEND,Governor,,REP,Thomas Tuberville,475
Etowah,0029 WHORTON BEND,Lieutenant Governor,,REP,George Childress,9
Etowah,0029 WHORTON BEND,Lieutenant Governor,,REP,John Wahl,177
Etowah,0029 WHORTON BEND,Lieutenant Governor,,REP,Nicole Jones Wadsworth,23
Etowah,0029 WHORTON BEND,Lieutenant Governor,,REP,Pat Bishop,5
Etowah,0029 WHORTON BEND,Lieutenant Governor,,REP,Rick Pate,38
Etowah,0029 WHORTON BEND,Lieutenant Governor,,REP,Stewart Hill Tankersley,9
Etowah,0029 WHORTON BEND,Lieutenant Governor,,REP,Wes Allen,244
Etowah,0029 WHORTON BEND,"Public Service Commission, Place No. 1",,REP,Jeremy H. Oden,97
Etowah,0029 WHORTON BEND,"Public Service Commission, Place No. 1",,REP,Matt Gentry,354
Etowah,0029 WHORTON BEND,"Public Service Commission, Place No. 2",,REP,Brent Woodall,90
Etowah,0029 WHORTON BEND,"Public Service Commission, Place No. 2",,REP,Chris Beeker,93
Etowah,0029 WHORTON BEND,"Public Service Commission, Place No. 2",,REP,Jim Zig Zeigler,217
Etowah,0029 WHORTON BEND,"Public Service Commission, Place No. 2",,REP,Priscilla Andrews,60
Etowah,0029 WHORTON BEND,Secretary of State,,REP,Caroleene Dobson,266
Etowah,0029 WHORTON BEND,Secretary of State,,REP,Christopher Christian Horn,105
Etowah,0029 WHORTON BEND,Secretary of State,,REP,Glenda S. Jackson,89
Etowah,0029 WHORTON BEND,State Auditor,,REP,Andrew Sorrell,340
Etowah,0029 WHORTON BEND,State Auditor,,REP,Derek Chen,137
Etowah,0029 WHORTON BEND,State Board of Education,6,REP,Cathi Bradford,226
Etowah,0029 WHORTON BEND,State Board of Education,6,REP,Marie Manning,206
Etowah,0029 WHORTON BEND,"State Republican Executive Committee, Etowah County,",,REP,Unverified Candidate 1,237
Etowah,0029 WHORTON BEND,"State Republican Executive Committee, Etowah County,",,REP,Unverified Candidate 1,376
Etowah,0029 WHORTON BEND,"State Republican Executive Committee, Etowah County,",,REP,Unverified Candidate 2,231
Etowah,0029 WHORTON BEND,"State Republican Executive Committee, Etowah County,",,REP,Unverified Candidate 2,96
Etowah,0029 WHORTON BEND,State Senate,10,REP,Amy Dozier Minton,277
Etowah,0029 WHORTON BEND,State Senate,10,REP,Andrew Jones,221
Etowah,0029 WHORTON BEND,State Treasurer,,REP,Steve Lolley,131
Etowah,0029 WHORTON BEND,State Treasurer,,REP,Young Boozer,352
Etowah,0029 WHORTON BEND,U.S. House,3,REP,Mike Rogers,435
Etowah,0029 WHORTON BEND,U.S. House,3,REP,Terri LaPoint,66
Etowah,0029 WHORTON BEND,U.S. Senate,,REP,Barry Moore,132
Etowah,0029 WHORTON BEND,U.S. Senate,,REP,Dale Shelton Deas Jr.,5
Etowah,0029 WHORTON BEND,U.S. Senate,,REP,Jared Hudson,206
Etowah,0029 WHORTON BEND,U.S. Senate,,REP,Morgan Murphy,2
Etowah,0029 WHORTON BEND,U.S. Senate,,REP,Rodney Walker,8
Etowah,0029 WHORTON BEND,U.S. Senate,,REP,Seth Burton,12
Etowah,0029 WHORTON BEND,U.S. Senate,,REP,Steve Marshall,161
Etowah,0032 ABSENTEE,Proposed Statewide Amendment 1,,,No,27
Etowah,0032 ABSENTEE,Proposed Statewide Amendment 1,,,Yes,267
Etowah,0032 ABSENTEE,Proposed Statewide Amendment 2,,,No,114
Etowah,0032 ABSENTEE,Proposed Statewide Amendment 2,,,Yes,175
Etowah,0032 ABSENTEE,Governor,,DEM,"Chad ""Chig"" Martin",2
Etowah,0032 ABSENTEE,Governor,,DEM,Doug Jones,69
Etowah,0032 ABSENTEE,Governor,,DEM,Jamel J. Brown,2
Etowah,0032 ABSENTEE,Governor,,DEM,"Nathan ""Nate"" Mathis",2
Etowah,0032 ABSENTEE,Governor,,DEM,Will Boyd,4
Etowah,0032 ABSENTEE,Governor,,DEM,Yolanda Rochelle Flowers,5
Etowah,0032 ABSENTEE,Lieutenant Governor,,DEM,Darryl D. Perryman,29
Etowah,0032 ABSENTEE,Lieutenant Governor,,DEM,Phillip Ensler,48
Etowah,0032 ABSENTEE,"Public Service Commission, Place No. 1",,DEM,James O. Gordon,27
Etowah,0032 ABSENTEE,"Public Service Commission, Place No. 1",,DEM,Jeff Ramsey,30
Etowah,0032 ABSENTEE,"Public Service Commission, Place No. 1",,DEM,John Northrop,16
Etowah,0032 ABSENTEE,State Democratic Executive Committee,,DEM,Christina Ray Dunbar,5
Etowah,0032 ABSENTEE,State Democratic Executive Committee,,DEM,Kyle Pierce,17
Etowah,0032 ABSENTEE,State Democratic Executive Committee,,DEM,Larry J Avery Jr,44
Etowah,0032 ABSENTEE,State Democratic Executive Committee,,DEM,Mark Henderson,6
Etowah,0032 ABSENTEE,State Democratic Executive Committee,,DEM,Michael Dunbar,2
Etowah,0032 ABSENTEE,State Democratic Executive Committee,,DEM,Peggy Anderson,4
Etowah,0032 ABSENTEE,State Democratic Executive Committee,,DEM,Randy Kelley,1
Etowah,0032 ABSENTEE,State Democratic Executive Committee,,DEM,Shae Sanders,5
Etowah,0032 ABSENTEE,State Democratic Executive Committee,,DEM,Sheila Degan Gilbert,4
Etowah,0032 ABSENTEE,U.S. Senate,,DEM,Dakarai Larriett,22
Etowah,0032 ABSENTEE,U.S. Senate,,DEM,Everett Wess,20
Etowah,0032 ABSENTEE,U.S. Senate,,DEM,Kyle Sweetser,9
Etowah,0032 ABSENTEE,U.S. Senate,,DEM,Mark S. Wheeler II,26
Etowah,0032 ABSENTEE,Attorney General,,REP,Jay Mitchell,69
Etowah,0032 ABSENTEE,Attorney General,,REP,Katherine Robertson,77
Etowah,0032 ABSENTEE,Attorney General,,REP,Pamela L. Casey,56
Etowah,0032 ABSENTEE,Commissioner of Agriculture and Industries,,REP,Christina Woerner McInnis,58
Etowah,0032 ABSENTEE,Commissioner of Agriculture and Industries,,REP,Corey Hill,74
Etowah,0032 ABSENTEE,Commissioner of Agriculture and Industries,,REP,Jack Williams,59
Etowah,0032 ABSENTEE,Etowah County Coroner,,REP,London Pearce,138
Etowah,0032 ABSENTEE,Etowah County Coroner,,REP,Nicholas Clanton,54
Etowah,0032 ABSENTEE,Etowah County School District,,REP,Ben Greene,87
Etowah,0032 ABSENTEE,Etowah County School District,,REP,Scarlett Rains Farley,55
Etowah,0032 ABSENTEE,Etowah County Sheriff,,REP,John Henry Hill Jr.,32
Etowah,0032 ABSENTEE,Etowah County Sheriff,,REP,Jonathon W. Horton,175
Etowah,0032 ABSENTEE,Governor,,REP,"""Alabama"" Will Santivasci",14
Etowah,0032 ABSENTEE,Governor,,REP,Ken McFeeters,19
Etowah,0032 ABSENTEE,Governor,,REP,Thomas Tuberville,185
Etowah,0032 ABSENTEE,Lieutenant Governor,,REP,George Childress,7
Etowah,0032 ABSENTEE,Lieutenant Governor,,REP,John Wahl,51
Etowah,0032 ABSENTEE,Lieutenant Governor,,REP,Nicole Jones Wadsworth,25
Etowah,0032 ABSENTEE,Lieutenant Governor,,REP,Pat Bishop,9
Etowah,0032 ABSENTEE,Lieutenant Governor,,REP,Rick Pate,14
Etowah,0032 ABSENTEE,Lieutenant Governor,,REP,Stewart Hill Tankersley,7
Etowah,0032 ABSENTEE,Lieutenant Governor,,REP,Wes Allen,89
Etowah,0032 ABSENTEE,"Member, Etowah County Commission, District No. 4",,REP,Jeff Bynum,20
Etowah,0032 ABSENTEE,"Member, Etowah County Commission, District No. 4",,REP,Tim F. Ramsey,25
Etowah,0032 ABSENTEE,"Public Service Commission, Place No. 1",,REP,Jeremy H. Oden,62
Etowah,0032 ABSENTEE,"Public Service Commission, Place No. 1",,REP,Matt Gentry,122
Etowah,0032 ABSENTEE,"Public Service Commission, Place No. 2",,REP,Brent Woodall,40
Etowah,0032 ABSENTEE,"Public Service Commission, Place No. 2",,REP,Chris Beeker,42
Etowah,0032 ABSENTEE,"Public Service Commission, Place No. 2",,REP,Jim Zig Zeigler,72
Etowah,0032 ABSENTEE,"Public Service Commission, Place No. 2",,REP,Priscilla Andrews,33
Etowah,0032 ABSENTEE,Secretary of State,,REP,Caroleene Dobson,86
Etowah,0032 ABSENTEE,Secretary of State,,REP,Christopher Christian Horn,50
Etowah,0032 ABSENTEE,Secretary of State,,REP,Glenda S. Jackson,54
Etowah,0032 ABSENTEE,State Auditor,,REP,Andrew Sorrell,137
Etowah,0032 ABSENTEE,State Auditor,,REP,Derek Chen,58
Etowah,0032 ABSENTEE,State Board of Education,6,REP,Cathi Bradford,91
Etowah,0032 ABSENTEE,State Board of Education,6,REP,Marie Manning,93
Etowah,0032 ABSENTEE,"State Republican Executive Committee, Etowah County,",,REP,Unverified Candidate 1,105
Etowah,0032 ABSENTEE,"State Republican Executive Committee, Etowah County,",,REP,Unverified Candidate 1,149
Etowah,0032 ABSENTEE,"State Republican Executive Committee, Etowah County,",,REP,Unverified Candidate 2,88
Etowah,0032 ABSENTEE,"State Republican Executive Committee, Etowah County,",,REP,Unverified Candidate 2,44
Etowah,0032 ABSENTEE,State Senate,10,REP,Amy Dozier Minton,91
Etowah,0032 ABSENTEE,State Senate,10,REP,Andrew Jones,112
Etowah,0032 ABSENTEE,State Treasurer,,REP,Steve Lolley,71
Etowah,0032 ABSENTEE,State Treasurer,,REP,Young Boozer,123
Etowah,0032 ABSENTEE,U.S. House,3,REP,Mike Rogers,170
Etowah,0032 ABSENTEE,U.S. House,3,REP,Terri LaPoint,33
Etowah,0032 ABSENTEE,U.S. Senate,,REP,Barry Moore,52
Etowah,0032 ABSENTEE,U.S. Senate,,REP,Dale Shelton Deas Jr.,6
Etowah,0032 ABSENTEE,U.S. Senate,,REP,Jared Hudson,75
Etowah,0032 ABSENTEE,U.S. Senate,,REP,Morgan Murphy,3
Etowah,0032 ABSENTEE,U.S. Senate,,REP,Rodney Walker,6
Etowah,0032 ABSENTEE,U.S. Senate,,REP,Seth Burton,5
Etowah,0032 ABSENTEE,U.S. Senate,,REP,Steve Marshall,60
Etowah,0033 PROVISIONAL,Proposed Statewide Amendment 1,,,No,9
Etowah,0033 PROVISIONAL,Proposed Statewide Amendment 1,,,Yes,27
Etowah,0033 PROVISIONAL,Proposed Statewide Amendment 2,,,No,14
Etowah,0033 PROVISIONAL,Proposed Statewide Amendment 2,,,Yes,22
Etowah,0033 PROVISIONAL,Governor,,DEM,"Chad ""Chig"" Martin",0
Etowah,0033 PROVISIONAL,Governor,,DEM,Doug Jones,10
Etowah,0033 PROVISIONAL,Governor,,DEM,Jamel J. Brown,1
Etowah,0033 PROVISIONAL,Governor,,DEM,"Nathan ""Nate"" Mathis",0
Etowah,0033 PROVISIONAL,Governor,,DEM,Will Boyd,2
Etowah,0033 PROVISIONAL,Governor,,DEM,Yolanda Rochelle Flowers,0
Etowah,0033 PROVISIONAL,Lieutenant Governor,,DEM,Darryl D. Perryman,4
Etowah,0033 PROVISIONAL,Lieutenant Governor,,DEM,Phillip Ensler,8
Etowah,0033 PROVISIONAL,"Public Service Commission, Place No. 1",,DEM,James O. Gordon,7
Etowah,0033 PROVISIONAL,"Public Service Commission, Place No. 1",,DEM,Jeff Ramsey,4
Etowah,0033 PROVISIONAL,"Public Service Commission, Place No. 1",,DEM,John Northrop,1
Etowah,0033 PROVISIONAL,State Democratic Executive Committee,,DEM,Christina Ray Dunbar,0
Etowah,0033 PROVISIONAL,State Democratic Executive Committee,,DEM,Kyle Pierce,2
Etowah,0033 PROVISIONAL,State Democratic Executive Committee,,DEM,Larry J Avery Jr,7
Etowah,0033 PROVISIONAL,State Democratic Executive Committee,,DEM,Mark Henderson,1
Etowah,0033 PROVISIONAL,State Democratic Executive Committee,,DEM,Michael Dunbar,0
Etowah,0033 PROVISIONAL,State Democratic Executive Committee,,DEM,Peggy Anderson,2
Etowah,0033 PROVISIONAL,State Democratic Executive Committee,,DEM,Randy Kelley,1
Etowah,0033 PROVISIONAL,State Democratic Executive Committee,,DEM,Shae Sanders,0
Etowah,0033 PROVISIONAL,State Democratic Executive Committee,,DEM,Sheila Degan Gilbert,2
Etowah,0033 PROVISIONAL,U.S. Senate,,DEM,Dakarai Larriett,5
Etowah,0033 PROVISIONAL,U.S. Senate,,DEM,Everett Wess,6
Etowah,0033 PROVISIONAL,U.S. Senate,,DEM,Kyle Sweetser,1
Etowah,0033 PROVISIONAL,U.S. Senate,,DEM,Mark S. Wheeler II,0
Etowah,0033 PROVISIONAL,Attorney General,,REP,Jay Mitchell,11
Etowah,0033 PROVISIONAL,Attorney General,,REP,Katherine Robertson,3
Etowah,0033 PROVISIONAL,Attorney General,,REP,Pamela L. Casey,6
Etowah,0033 PROVISIONAL,Commissioner of Agriculture and Industries,,REP,Christina Woerner McInnis,2
Etowah,0033 PROVISIONAL,Commissioner of Agriculture and Industries,,REP,Corey Hill,10
Etowah,0033 PROVISIONAL,Commissioner of Agriculture and Industries,,REP,Jack Williams,7
Etowah,0033 PROVISIONAL,Etowah County Coroner,,REP,London Pearce,14
Etowah,0033 PROVISIONAL,Etowah County Coroner,,REP,Nicholas Clanton,7
Etowah,0033 PROVISIONAL,Etowah County School District,,REP,Ben Greene,13
Etowah,0033 PROVISIONAL,Etowah County School District,,REP,Scarlett Rains Farley,5
Etowah,0033 PROVISIONAL,Etowah County Sheriff,,REP,John Henry Hill Jr.,1
Etowah,0033 PROVISIONAL,Etowah County Sheriff,,REP,Jonathon W. Horton,24
Etowah,0033 PROVISIONAL,Governor,,REP,"""Alabama"" Will Santivasci",2
Etowah,0033 PROVISIONAL,Governor,,REP,Ken McFeeters,2
Etowah,0033 PROVISIONAL,Governor,,REP,Thomas Tuberville,22
Etowah,0033 PROVISIONAL,Lieutenant Governor,,REP,George Childress,2
Etowah,0033 PROVISIONAL,Lieutenant Governor,,REP,John Wahl,4
Etowah,0033 PROVISIONAL,Lieutenant Governor,,REP,Nicole Jones Wadsworth,0
Etowah,0033 PROVISIONAL,Lieutenant Governor,,REP,Pat Bishop,3
Etowah,0033 PROVISIONAL,Lieutenant Governor,,REP,Rick Pate,0
Etowah,0033 PROVISIONAL,Lieutenant Governor,,REP,Stewart Hill Tankersley,1
Etowah,0033 PROVISIONAL,Lieutenant Governor,,REP,Wes Allen,13
Etowah,0033 PROVISIONAL,"Member, Etowah County Commission, District No. 4",,REP,Jeff Bynum,6
Etowah,0033 PROVISIONAL,"Member, Etowah County Commission, District No. 4",,REP,Tim F. Ramsey,5
Etowah,0033 PROVISIONAL,"Public Service Commission, Place No. 1",,REP,Jeremy H. Oden,4
Etowah,0033 PROVISIONAL,"Public Service Commission, Place No. 1",,REP,Matt Gentry,15
Etowah,0033 PROVISIONAL,"Public Service Commission, Place No. 2",,REP,Brent Woodall,5
Etowah,0033 PROVISIONAL,"Public Service Commission, Place No. 2",,REP,Chris Beeker,4
Etowah,0033 PROVISIONAL,"Public Service Commission, Place No. 2",,REP,Jim Zig Zeigler,5
Etowah,0033 PROVISIONAL,"Public Service Commission, Place No. 2",,REP,Priscilla Andrews,5
Etowah,0033 PROVISIONAL,Secretary of State,,REP,Caroleene Dobson,8
Etowah,0033 PROVISIONAL,Secretary of State,,REP,Christopher Christian Horn,5
Etowah,0033 PROVISIONAL,Secretary of State,,REP,Glenda S. Jackson,5
Etowah,0033 PROVISIONAL,State Auditor,,REP,Andrew Sorrell,14
Etowah,0033 PROVISIONAL,State Auditor,,REP,Derek Chen,5
Etowah,0033 PROVISIONAL,State Board of Education,6,REP,Cathi Bradford,9
Etowah,0033 PROVISIONAL,State Board of Education,6,REP,Marie Manning,9
Etowah,0033 PROVISIONAL,"State Republican Executive Committee, Etowah County,",,REP,Unverified Candidate 1,16
Etowah,0033 PROVISIONAL,"State Republican Executive Committee, Etowah County,",,REP,Unverified Candidate 1,16
Etowah,0033 PROVISIONAL,"State Republican Executive Committee, Etowah County,",,REP,Unverified Candidate 2,5
Etowah,0033 PROVISIONAL,"State Republican Executive Committee, Etowah County,",,REP,Unverified Candidate 2,3
Etowah,0033 PROVISIONAL,State Senate,10,REP,Amy Dozier Minton,8
Etowah,0033 PROVISIONAL,State Senate,10,REP,Andrew Jones,14
Etowah,0033 PROVISIONAL,State Treasurer,,REP,Steve Lolley,12
Etowah,0033 PROVISIONAL,State Treasurer,,REP,Young Boozer,9
Etowah,0033 PROVISIONAL,U.S. House,3,REP,Mike Rogers,19
Etowah,0033 PROVISIONAL,U.S. House,3,REP,Terri LaPoint,1
Etowah,0033 PROVISIONAL,U.S. Senate,,REP,Barry Moore,5
Etowah,0033 PROVISIONAL,U.S. Senate,,REP,Dale Shelton Deas Jr.,0
Etowah,0033 PROVISIONAL,U.S. Senate,,REP,Jared Hudson,11
Etowah,0033 PROVISIONAL,U.S. Senate,,REP,Morgan Murphy,2
Etowah,0033 PROVISIONAL,U.S. Senate,,REP,Rodney Walker,1
Etowah,0033 PROVISIONAL,U.S. Senate,,REP,Seth Burton,0
Etowah,0033 PROVISIONAL,U.S. Senate,,REP,Steve Marshall,6
