county,precinct,office,district,party,candidate,votes
Pike,0001 TROY PUBLIC LIBRARY,Proposed Statewide Amendment 1,,,No,120
Pike,0001 TROY PUBLIC LIBRARY,Proposed Statewide Amendment 1,,,Yes,415
Pike,0001 TROY PUBLIC LIBRARY,Proposed Statewide Amendment 2,,,No,194
Pike,0001 TROY PUBLIC LIBRARY,Proposed Statewide Amendment 2,,,Yes,332
Pike,0001 TROY PUBLIC LIBRARY,Governor,,DEM,Unverified Candidate 2,55
Pike,0001 TROY PUBLIC LIBRARY,Governor,,DEM,Unverified Candidate 3,37
Pike,0001 TROY PUBLIC LIBRARY,Governor,,DEM,Unverified Candidate 4,316
Pike,0001 TROY PUBLIC LIBRARY,Governor,,DEM,Unverified Candidate 5,5
Pike,0001 TROY PUBLIC LIBRARY,Governor,,DEM,Unverified Candidate 6,5
Pike,0001 TROY PUBLIC LIBRARY,Governor,,DEM,Will Boyd,46
Pike,0001 TROY PUBLIC LIBRARY,Lieutenant Governor,,DEM,Darryl D. Perryman,211
Pike,0001 TROY PUBLIC LIBRARY,Lieutenant Governor,,DEM,Phillip Ensler,216
Pike,0001 TROY PUBLIC LIBRARY,"Public Service Commission, Place No. 1",,DEM,James O. Gordon,248
Pike,0001 TROY PUBLIC LIBRARY,"Public Service Commission, Place No. 1",,DEM,Jeff Ramsey,103
Pike,0001 TROY PUBLIC LIBRARY,"Public Service Commission, Place No. 1",,DEM,John Northrop,68
Pike,0001 TROY PUBLIC LIBRARY,State Democratic Executive Committee,,DEM,Jesse Kelley,112
Pike,0001 TROY PUBLIC LIBRARY,State Democratic Executive Committee,,DEM,Sandra Mobley Scott,309
Pike,0001 TROY PUBLIC LIBRARY,U.S. Senate,,DEM,Dakarai Larriett,147
Pike,0001 TROY PUBLIC LIBRARY,U.S. Senate,,DEM,Everett Wess,152
Pike,0001 TROY PUBLIC LIBRARY,U.S. Senate,,DEM,Kyle Sweetser,37
Pike,0001 TROY PUBLIC LIBRARY,U.S. Senate,,DEM,Mark S. Wheeler II,90
Pike,0001 TROY PUBLIC LIBRARY,Attorney General,,REP,Jay Mitchell,17
Pike,0001 TROY PUBLIC LIBRARY,Attorney General,,REP,Katherine Robertson,32
Pike,0001 TROY PUBLIC LIBRARY,Attorney General,,REP,Pamela L. Casey,32
Pike,0001 TROY PUBLIC LIBRARY,Commissioner of Agriculture and Industries,,REP,Christina Woerner McInnis,20
Pike,0001 TROY PUBLIC LIBRARY,Commissioner of Agriculture and Industries,,REP,Cory Hill,29
Pike,0001 TROY PUBLIC LIBRARY,Commissioner of Agriculture and Industries,,REP,Jack Williams,30
Pike,0001 TROY PUBLIC LIBRARY,Governor,,REP,"""Alabama"" Will Santivasci",3
Pike,0001 TROY PUBLIC LIBRARY,Governor,,REP,Ken McFeeters,4
Pike,0001 TROY PUBLIC LIBRARY,Governor,,REP,Thomas Tuberville,74
Pike,0001 TROY PUBLIC LIBRARY,Lieutenant Governor,,REP,George Childress,4
Pike,0001 TROY PUBLIC LIBRARY,Lieutenant Governor,,REP,John Wahl,7
Pike,0001 TROY PUBLIC LIBRARY,Lieutenant Governor,,REP,Nicole Jones Wadsworth,2
Pike,0001 TROY PUBLIC LIBRARY,Lieutenant Governor,,REP,Pat Bishop,0
Pike,0001 TROY PUBLIC LIBRARY,Lieutenant Governor,,REP,Rick Pate,4
Pike,0001 TROY PUBLIC LIBRARY,Lieutenant Governor,,REP,Stewart Hill Tankersley,1
Pike,0001 TROY PUBLIC LIBRARY,Lieutenant Governor,,REP,Wes Allen,65
Pike,0001 TROY PUBLIC LIBRARY,"Public Service Commission, Place No. 1",,REP,Jeremy H. Oden,22
Pike,0001 TROY PUBLIC LIBRARY,"Public Service Commission, Place No. 1",,REP,Matt Gentry,54
Pike,0001 TROY PUBLIC LIBRARY,"Public Service Commission, Place No. 2",,REP,Brent Woodall,10
Pike,0001 TROY PUBLIC LIBRARY,"Public Service Commission, Place No. 2",,REP,Chris Beeker,24
Pike,0001 TROY PUBLIC LIBRARY,"Public Service Commission, Place No. 2",,REP,Jim Zig Zeigler,27
Pike,0001 TROY PUBLIC LIBRARY,"Public Service Commission, Place No. 2",,REP,Priscilla Andrews,15
Pike,0001 TROY PUBLIC LIBRARY,Secretary of State,,REP,Caroleene Dobson,59
Pike,0001 TROY PUBLIC LIBRARY,Secretary of State,,REP,Christopher Christian Horn,14
Pike,0001 TROY PUBLIC LIBRARY,Secretary of State,,REP,Glenda S. Jackson,7
Pike,0001 TROY PUBLIC LIBRARY,State Auditor,,REP,Andrew Sorrell,45
Pike,0001 TROY PUBLIC LIBRARY,State Auditor,,REP,Derek Chen,32
Pike,0001 TROY PUBLIC LIBRARY,State Treasurer,,REP,Steve Lolley,20
Pike,0001 TROY PUBLIC LIBRARY,State Treasurer,,REP,Young Boozer,60
Pike,0001 TROY PUBLIC LIBRARY,U.S. Senate,,REP,Barry Moore,35
Pike,0001 TROY PUBLIC LIBRARY,U.S. Senate,,REP,Dale Shelton Deas Jr.,2
Pike,0001 TROY PUBLIC LIBRARY,U.S. Senate,,REP,Jared Hudson,17
Pike,0001 TROY PUBLIC LIBRARY,U.S. Senate,,REP,Morgan Murphy,2
Pike,0001 TROY PUBLIC LIBRARY,U.S. Senate,,REP,Rodney Walker,2
Pike,0001 TROY PUBLIC LIBRARY,U.S. Senate,,REP,Seth Burton,2
Pike,0001 TROY PUBLIC LIBRARY,U.S. Senate,,REP,Steve Marshall,22
Pike,0002 MEEKSVILLE STORM SHELTER,Proposed Statewide Amendment 1,,,No,35
Pike,0002 MEEKSVILLE STORM SHELTER,Proposed Statewide Amendment 1,,,Yes,146
Pike,0002 MEEKSVILLE STORM SHELTER,Proposed Statewide Amendment 2,,,No,63
Pike,0002 MEEKSVILLE STORM SHELTER,Proposed Statewide Amendment 2,,,Yes,115
Pike,0002 MEEKSVILLE STORM SHELTER,Governor,,DEM,Unverified Candidate 2,10
Pike,0002 MEEKSVILLE STORM SHELTER,Governor,,DEM,Unverified Candidate 3,12
Pike,0002 MEEKSVILLE STORM SHELTER,Governor,,DEM,Unverified Candidate 4,71
Pike,0002 MEEKSVILLE STORM SHELTER,Governor,,DEM,Unverified Candidate 5,1
Pike,0002 MEEKSVILLE STORM SHELTER,Governor,,DEM,Unverified Candidate 6,0
Pike,0002 MEEKSVILLE STORM SHELTER,Governor,,DEM,Will Boyd,13
Pike,0002 MEEKSVILLE STORM SHELTER,Lieutenant Governor,,DEM,Darryl D. Perryman,61
Pike,0002 MEEKSVILLE STORM SHELTER,Lieutenant Governor,,DEM,Phillip Ensler,44
Pike,0002 MEEKSVILLE STORM SHELTER,"Public Service Commission, Place No. 1",,DEM,James O. Gordon,63
Pike,0002 MEEKSVILLE STORM SHELTER,"Public Service Commission, Place No. 1",,DEM,Jeff Ramsey,28
Pike,0002 MEEKSVILLE STORM SHELTER,"Public Service Commission, Place No. 1",,DEM,John Northrop,12
Pike,0002 MEEKSVILLE STORM SHELTER,State Democratic Executive Committee,,DEM,Jesse Kelley,38
Pike,0002 MEEKSVILLE STORM SHELTER,State Democratic Executive Committee,,DEM,Sandra Mobley Scott,63
Pike,0002 MEEKSVILLE STORM SHELTER,U.S. Senate,,DEM,Dakarai Larriett,49
Pike,0002 MEEKSVILLE STORM SHELTER,U.S. Senate,,DEM,Everett Wess,25
Pike,0002 MEEKSVILLE STORM SHELTER,U.S. Senate,,DEM,Kyle Sweetser,12
Pike,0002 MEEKSVILLE STORM SHELTER,U.S. Senate,,DEM,Mark S. Wheeler II,17
Pike,0002 MEEKSVILLE STORM SHELTER,Attorney General,,REP,Jay Mitchell,22
Pike,0002 MEEKSVILLE STORM SHELTER,Attorney General,,REP,Katherine Robertson,35
Pike,0002 MEEKSVILLE STORM SHELTER,Attorney General,,REP,Pamela L. Casey,20
Pike,0002 MEEKSVILLE STORM SHELTER,Commissioner of Agriculture and Industries,,REP,Christina Woerner McInnis,18
Pike,0002 MEEKSVILLE STORM SHELTER,Commissioner of Agriculture and Industries,,REP,Cory Hill,39
Pike,0002 MEEKSVILLE STORM SHELTER,Commissioner of Agriculture and Industries,,REP,Jack Williams,16
Pike,0002 MEEKSVILLE STORM SHELTER,Governor,,REP,"""Alabama"" Will Santivasci",1
Pike,0002 MEEKSVILLE STORM SHELTER,Governor,,REP,Ken McFeeters,2
Pike,0002 MEEKSVILLE STORM SHELTER,Governor,,REP,Thomas Tuberville,74
Pike,0002 MEEKSVILLE STORM SHELTER,Lieutenant Governor,,REP,George Childress,0
Pike,0002 MEEKSVILLE STORM SHELTER,Lieutenant Governor,,REP,John Wahl,11
Pike,0002 MEEKSVILLE STORM SHELTER,Lieutenant Governor,,REP,Nicole Jones Wadsworth,0
Pike,0002 MEEKSVILLE STORM SHELTER,Lieutenant Governor,,REP,Pat Bishop,0
Pike,0002 MEEKSVILLE STORM SHELTER,Lieutenant Governor,,REP,Rick Pate,1
Pike,0002 MEEKSVILLE STORM SHELTER,Lieutenant Governor,,REP,Stewart Hill Tankersley,1
Pike,0002 MEEKSVILLE STORM SHELTER,Lieutenant Governor,,REP,Wes Allen,63
Pike,0002 MEEKSVILLE STORM SHELTER,"Public Service Commission, Place No. 1",,REP,Jeremy H. Oden,11
Pike,0002 MEEKSVILLE STORM SHELTER,"Public Service Commission, Place No. 1",,REP,Matt Gentry,61
Pike,0002 MEEKSVILLE STORM SHELTER,"Public Service Commission, Place No. 2",,REP,Brent Woodall,13
Pike,0002 MEEKSVILLE STORM SHELTER,"Public Service Commission, Place No. 2",,REP,Chris Beeker,17
Pike,0002 MEEKSVILLE STORM SHELTER,"Public Service Commission, Place No. 2",,REP,Jim Zig Zeigler,34
Pike,0002 MEEKSVILLE STORM SHELTER,"Public Service Commission, Place No. 2",,REP,Priscilla Andrews,8
Pike,0002 MEEKSVILLE STORM SHELTER,Secretary of State,,REP,Caroleene Dobson,65
Pike,0002 MEEKSVILLE STORM SHELTER,Secretary of State,,REP,Christopher Christian Horn,10
Pike,0002 MEEKSVILLE STORM SHELTER,Secretary of State,,REP,Glenda S. Jackson,2
Pike,0002 MEEKSVILLE STORM SHELTER,State Auditor,,REP,Andrew Sorrell,46
Pike,0002 MEEKSVILLE STORM SHELTER,State Auditor,,REP,Derek Chen,30
Pike,0002 MEEKSVILLE STORM SHELTER,State Treasurer,,REP,Steve Lolley,21
Pike,0002 MEEKSVILLE STORM SHELTER,State Treasurer,,REP,Young Boozer,54
Pike,0002 MEEKSVILLE STORM SHELTER,U.S. Senate,,REP,Barry Moore,39
Pike,0002 MEEKSVILLE STORM SHELTER,U.S. Senate,,REP,Dale Shelton Deas Jr.,1
Pike,0002 MEEKSVILLE STORM SHELTER,U.S. Senate,,REP,Jared Hudson,19
Pike,0002 MEEKSVILLE STORM SHELTER,U.S. Senate,,REP,Morgan Murphy,0
Pike,0002 MEEKSVILLE STORM SHELTER,U.S. Senate,,REP,Rodney Walker,0
Pike,0002 MEEKSVILLE STORM SHELTER,U.S. Senate,,REP,Seth Burton,1
Pike,0002 MEEKSVILLE STORM SHELTER,U.S. Senate,,REP,Steve Marshall,17
Pike,0003 CHINA GROVE CO BLDG,Proposed Statewide Amendment 1,,,No,6
Pike,0003 CHINA GROVE CO BLDG,Proposed Statewide Amendment 1,,,Yes,65
Pike,0003 CHINA GROVE CO BLDG,Proposed Statewide Amendment 2,,,No,24
Pike,0003 CHINA GROVE CO BLDG,Proposed Statewide Amendment 2,,,Yes,47
Pike,0003 CHINA GROVE CO BLDG,Governor,,DEM,Unverified Candidate 2,10
Pike,0003 CHINA GROVE CO BLDG,Governor,,DEM,Unverified Candidate 3,3
Pike,0003 CHINA GROVE CO BLDG,Governor,,DEM,Unverified Candidate 4,21
Pike,0003 CHINA GROVE CO BLDG,Governor,,DEM,Unverified Candidate 5,0
Pike,0003 CHINA GROVE CO BLDG,Governor,,DEM,Unverified Candidate 6,1
Pike,0003 CHINA GROVE CO BLDG,Governor,,DEM,Will Boyd,4
Pike,0003 CHINA GROVE CO BLDG,Lieutenant Governor,,DEM,Darryl D. Perryman,21
Pike,0003 CHINA GROVE CO BLDG,Lieutenant Governor,,DEM,Phillip Ensler,16
Pike,0003 CHINA GROVE CO BLDG,"Public Service Commission, Place No. 1",,DEM,James O. Gordon,19
Pike,0003 CHINA GROVE CO BLDG,"Public Service Commission, Place No. 1",,DEM,Jeff Ramsey,15
Pike,0003 CHINA GROVE CO BLDG,"Public Service Commission, Place No. 1",,DEM,John Northrop,4
Pike,0003 CHINA GROVE CO BLDG,State Democratic Executive Committee,,DEM,Jesse Kelley,14
Pike,0003 CHINA GROVE CO BLDG,State Democratic Executive Committee,,DEM,Sandra Mobley Scott,22
Pike,0003 CHINA GROVE CO BLDG,U.S. Senate,,DEM,Dakarai Larriett,13
Pike,0003 CHINA GROVE CO BLDG,U.S. Senate,,DEM,Everett Wess,10
Pike,0003 CHINA GROVE CO BLDG,U.S. Senate,,DEM,Kyle Sweetser,2
Pike,0003 CHINA GROVE CO BLDG,U.S. Senate,,DEM,Mark S. Wheeler II,11
Pike,0003 CHINA GROVE CO BLDG,Attorney General,,REP,Jay Mitchell,15
Pike,0003 CHINA GROVE CO BLDG,Attorney General,,REP,Katherine Robertson,10
Pike,0003 CHINA GROVE CO BLDG,Attorney General,,REP,Pamela L. Casey,9
Pike,0003 CHINA GROVE CO BLDG,Commissioner of Agriculture and Industries,,REP,Christina Woerner McInnis,8
Pike,0003 CHINA GROVE CO BLDG,Commissioner of Agriculture and Industries,,REP,Cory Hill,19
Pike,0003 CHINA GROVE CO BLDG,Commissioner of Agriculture and Industries,,REP,Jack Williams,5
Pike,0003 CHINA GROVE CO BLDG,Governor,,REP,"""Alabama"" Will Santivasci",1
Pike,0003 CHINA GROVE CO BLDG,Governor,,REP,Ken McFeeters,0
Pike,0003 CHINA GROVE CO BLDG,Governor,,REP,Thomas Tuberville,33
Pike,0003 CHINA GROVE CO BLDG,Lieutenant Governor,,REP,George Childress,0
Pike,0003 CHINA GROVE CO BLDG,Lieutenant Governor,,REP,John Wahl,0
Pike,0003 CHINA GROVE CO BLDG,Lieutenant Governor,,REP,Nicole Jones Wadsworth,0
Pike,0003 CHINA GROVE CO BLDG,Lieutenant Governor,,REP,Pat Bishop,0
Pike,0003 CHINA GROVE CO BLDG,Lieutenant Governor,,REP,Rick Pate,0
Pike,0003 CHINA GROVE CO BLDG,Lieutenant Governor,,REP,Stewart Hill Tankersley,1
Pike,0003 CHINA GROVE CO BLDG,Lieutenant Governor,,REP,Wes Allen,33
Pike,0003 CHINA GROVE CO BLDG,"Public Service Commission, Place No. 1",,REP,Jeremy H. Oden,10
Pike,0003 CHINA GROVE CO BLDG,"Public Service Commission, Place No. 1",,REP,Matt Gentry,22
Pike,0003 CHINA GROVE CO BLDG,"Public Service Commission, Place No. 2",,REP,Brent Woodall,7
Pike,0003 CHINA GROVE CO BLDG,"Public Service Commission, Place No. 2",,REP,Chris Beeker,5
Pike,0003 CHINA GROVE CO BLDG,"Public Service Commission, Place No. 2",,REP,Jim Zig Zeigler,15
Pike,0003 CHINA GROVE CO BLDG,"Public Service Commission, Place No. 2",,REP,Priscilla Andrews,5
Pike,0003 CHINA GROVE CO BLDG,Secretary of State,,REP,Caroleene Dobson,30
Pike,0003 CHINA GROVE CO BLDG,Secretary of State,,REP,Christopher Christian Horn,2
Pike,0003 CHINA GROVE CO BLDG,Secretary of State,,REP,Glenda S. Jackson,1
Pike,0003 CHINA GROVE CO BLDG,State Auditor,,REP,Andrew Sorrell,24
Pike,0003 CHINA GROVE CO BLDG,State Auditor,,REP,Derek Chen,6
Pike,0003 CHINA GROVE CO BLDG,State Treasurer,,REP,Steve Lolley,4
Pike,0003 CHINA GROVE CO BLDG,State Treasurer,,REP,Young Boozer,29
Pike,0003 CHINA GROVE CO BLDG,U.S. Senate,,REP,Barry Moore,23
Pike,0003 CHINA GROVE CO BLDG,U.S. Senate,,REP,Dale Shelton Deas Jr.,1
Pike,0003 CHINA GROVE CO BLDG,U.S. Senate,,REP,Jared Hudson,1
Pike,0003 CHINA GROVE CO BLDG,U.S. Senate,,REP,Morgan Murphy,0
Pike,0003 CHINA GROVE CO BLDG,U.S. Senate,,REP,Rodney Walker,0
Pike,0003 CHINA GROVE CO BLDG,U.S. Senate,,REP,Seth Burton,0
Pike,0003 CHINA GROVE CO BLDG,U.S. Senate,,REP,Steve Marshall,9
Pike,0004 HAMILTON CROSS ROADS,Proposed Statewide Amendment 1,,,No,10
Pike,0004 HAMILTON CROSS ROADS,Proposed Statewide Amendment 1,,,Yes,67
Pike,0004 HAMILTON CROSS ROADS,Proposed Statewide Amendment 2,,,No,36
Pike,0004 HAMILTON CROSS ROADS,Proposed Statewide Amendment 2,,,Yes,38
Pike,0004 HAMILTON CROSS ROADS,Governor,,DEM,Unverified Candidate 2,2
Pike,0004 HAMILTON CROSS ROADS,Governor,,DEM,Unverified Candidate 3,0
Pike,0004 HAMILTON CROSS ROADS,Governor,,DEM,Unverified Candidate 4,4
Pike,0004 HAMILTON CROSS ROADS,Governor,,DEM,Unverified Candidate 5,0
Pike,0004 HAMILTON CROSS ROADS,Governor,,DEM,Unverified Candidate 6,0
Pike,0004 HAMILTON CROSS ROADS,Governor,,DEM,Will Boyd,0
Pike,0004 HAMILTON CROSS ROADS,Lieutenant Governor,,DEM,Darryl D. Perryman,4
Pike,0004 HAMILTON CROSS ROADS,Lieutenant Governor,,DEM,Phillip Ensler,1
Pike,0004 HAMILTON CROSS ROADS,"Public Service Commission, Place No. 1",,DEM,James O. Gordon,2
Pike,0004 HAMILTON CROSS ROADS,"Public Service Commission, Place No. 1",,DEM,Jeff Ramsey,2
Pike,0004 HAMILTON CROSS ROADS,"Public Service Commission, Place No. 1",,DEM,John Northrop,0
Pike,0004 HAMILTON CROSS ROADS,State Democratic Executive Committee,,DEM,Jesse Kelley,2
Pike,0004 HAMILTON CROSS ROADS,State Democratic Executive Committee,,DEM,Sandra Mobley Scott,2
Pike,0004 HAMILTON CROSS ROADS,U.S. Senate,,DEM,Dakarai Larriett,0
Pike,0004 HAMILTON CROSS ROADS,U.S. Senate,,DEM,Everett Wess,2
Pike,0004 HAMILTON CROSS ROADS,U.S. Senate,,DEM,Kyle Sweetser,2
Pike,0004 HAMILTON CROSS ROADS,U.S. Senate,,DEM,Mark S. Wheeler II,0
Pike,0004 HAMILTON CROSS ROADS,Attorney General,,REP,Jay Mitchell,28
Pike,0004 HAMILTON CROSS ROADS,Attorney General,,REP,Katherine Robertson,21
Pike,0004 HAMILTON CROSS ROADS,Attorney General,,REP,Pamela L. Casey,25
Pike,0004 HAMILTON CROSS ROADS,Commissioner of Agriculture and Industries,,REP,Christina Woerner McInnis,13
Pike,0004 HAMILTON CROSS ROADS,Commissioner of Agriculture and Industries,,REP,Cory Hill,27
Pike,0004 HAMILTON CROSS ROADS,Commissioner of Agriculture and Industries,,REP,Jack Williams,31
Pike,0004 HAMILTON CROSS ROADS,Governor,,REP,"""Alabama"" Will Santivasci",2
Pike,0004 HAMILTON CROSS ROADS,Governor,,REP,Ken McFeeters,5
Pike,0004 HAMILTON CROSS ROADS,Governor,,REP,Thomas Tuberville,66
Pike,0004 HAMILTON CROSS ROADS,Lieutenant Governor,,REP,George Childress,1
Pike,0004 HAMILTON CROSS ROADS,Lieutenant Governor,,REP,John Wahl,12
Pike,0004 HAMILTON CROSS ROADS,Lieutenant Governor,,REP,Nicole Jones Wadsworth,1
Pike,0004 HAMILTON CROSS ROADS,Lieutenant Governor,,REP,Pat Bishop,0
Pike,0004 HAMILTON CROSS ROADS,Lieutenant Governor,,REP,Rick Pate,3
Pike,0004 HAMILTON CROSS ROADS,Lieutenant Governor,,REP,Stewart Hill Tankersley,3
Pike,0004 HAMILTON CROSS ROADS,Lieutenant Governor,,REP,Wes Allen,55
Pike,0004 HAMILTON CROSS ROADS,"Public Service Commission, Place No. 1",,REP,Jeremy H. Oden,14
Pike,0004 HAMILTON CROSS ROADS,"Public Service Commission, Place No. 1",,REP,Matt Gentry,53
Pike,0004 HAMILTON CROSS ROADS,"Public Service Commission, Place No. 2",,REP,Brent Woodall,6
Pike,0004 HAMILTON CROSS ROADS,"Public Service Commission, Place No. 2",,REP,Chris Beeker,13
Pike,0004 HAMILTON CROSS ROADS,"Public Service Commission, Place No. 2",,REP,Jim Zig Zeigler,42
Pike,0004 HAMILTON CROSS ROADS,"Public Service Commission, Place No. 2",,REP,Priscilla Andrews,7
Pike,0004 HAMILTON CROSS ROADS,Secretary of State,,REP,Caroleene Dobson,61
Pike,0004 HAMILTON CROSS ROADS,Secretary of State,,REP,Christopher Christian Horn,6
Pike,0004 HAMILTON CROSS ROADS,Secretary of State,,REP,Glenda S. Jackson,6
Pike,0004 HAMILTON CROSS ROADS,State Auditor,,REP,Andrew Sorrell,47
Pike,0004 HAMILTON CROSS ROADS,State Auditor,,REP,Derek Chen,24
Pike,0004 HAMILTON CROSS ROADS,State Treasurer,,REP,Steve Lolley,25
Pike,0004 HAMILTON CROSS ROADS,State Treasurer,,REP,Young Boozer,43
Pike,0004 HAMILTON CROSS ROADS,U.S. Senate,,REP,Barry Moore,53
Pike,0004 HAMILTON CROSS ROADS,U.S. Senate,,REP,Dale Shelton Deas Jr.,1
Pike,0004 HAMILTON CROSS ROADS,U.S. Senate,,REP,Jared Hudson,6
Pike,0004 HAMILTON CROSS ROADS,U.S. Senate,,REP,Morgan Murphy,0
Pike,0004 HAMILTON CROSS ROADS,U.S. Senate,,REP,Rodney Walker,2
Pike,0004 HAMILTON CROSS ROADS,U.S. Senate,,REP,Seth Burton,0
Pike,0004 HAMILTON CROSS ROADS,U.S. Senate,,REP,Steve Marshall,13
Pike,0005 WILLIAMS V/ CTR #1,Proposed Statewide Amendment 1,,,No,9
Pike,0005 WILLIAMS V/ CTR #1,Proposed Statewide Amendment 1,,,Yes,30
Pike,0005 WILLIAMS V/ CTR #1,Proposed Statewide Amendment 2,,,No,15
Pike,0005 WILLIAMS V/ CTR #1,Proposed Statewide Amendment 2,,,Yes,23
Pike,0005 WILLIAMS V/ CTR #1,Governor,,DEM,Unverified Candidate 2,2
Pike,0005 WILLIAMS V/ CTR #1,Governor,,DEM,Unverified Candidate 3,4
Pike,0005 WILLIAMS V/ CTR #1,Governor,,DEM,Unverified Candidate 4,11
Pike,0005 WILLIAMS V/ CTR #1,Governor,,DEM,Unverified Candidate 5,0
Pike,0005 WILLIAMS V/ CTR #1,Governor,,DEM,Unverified Candidate 6,0
Pike,0005 WILLIAMS V/ CTR #1,Governor,,DEM,Will Boyd,7
Pike,0005 WILLIAMS V/ CTR #1,Lieutenant Governor,,DEM,Darryl D. Perryman,8
Pike,0005 WILLIAMS V/ CTR #1,Lieutenant Governor,,DEM,Phillip Ensler,12
Pike,0005 WILLIAMS V/ CTR #1,"Public Service Commission, Place No. 1",,DEM,James O. Gordon,14
Pike,0005 WILLIAMS V/ CTR #1,"Public Service Commission, Place No. 1",,DEM,Jeff Ramsey,8
Pike,0005 WILLIAMS V/ CTR #1,"Public Service Commission, Place No. 1",,DEM,John Northrop,1
Pike,0005 WILLIAMS V/ CTR #1,State Democratic Executive Committee,,DEM,Jesse Kelley,10
Pike,0005 WILLIAMS V/ CTR #1,State Democratic Executive Committee,,DEM,Sandra Mobley Scott,11
Pike,0005 WILLIAMS V/ CTR #1,U.S. Senate,,DEM,Dakarai Larriett,5
Pike,0005 WILLIAMS V/ CTR #1,U.S. Senate,,DEM,Everett Wess,8
Pike,0005 WILLIAMS V/ CTR #1,U.S. Senate,,DEM,Kyle Sweetser,3
Pike,0005 WILLIAMS V/ CTR #1,U.S. Senate,,DEM,Mark S. Wheeler II,4
Pike,0005 WILLIAMS V/ CTR #1,Attorney General,,REP,Jay Mitchell,6
Pike,0005 WILLIAMS V/ CTR #1,Attorney General,,REP,Katherine Robertson,8
Pike,0005 WILLIAMS V/ CTR #1,Attorney General,,REP,Pamela L. Casey,3
Pike,0005 WILLIAMS V/ CTR #1,Commissioner of Agriculture and Industries,,REP,Christina Woerner McInnis,4
Pike,0005 WILLIAMS V/ CTR #1,Commissioner of Agriculture and Industries,,REP,Cory Hill,5
Pike,0005 WILLIAMS V/ CTR #1,Commissioner of Agriculture and Industries,,REP,Jack Williams,7
Pike,0005 WILLIAMS V/ CTR #1,Governor,,REP,"""Alabama"" Will Santivasci",2
Pike,0005 WILLIAMS V/ CTR #1,Governor,,REP,Ken McFeeters,2
Pike,0005 WILLIAMS V/ CTR #1,Governor,,REP,Thomas Tuberville,13
Pike,0005 WILLIAMS V/ CTR #1,Lieutenant Governor,,REP,George Childress,0
Pike,0005 WILLIAMS V/ CTR #1,Lieutenant Governor,,REP,John Wahl,0
Pike,0005 WILLIAMS V/ CTR #1,Lieutenant Governor,,REP,Nicole Jones Wadsworth,0
Pike,0005 WILLIAMS V/ CTR #1,Lieutenant Governor,,REP,Pat Bishop,1
Pike,0005 WILLIAMS V/ CTR #1,Lieutenant Governor,,REP,Rick Pate,0
Pike,0005 WILLIAMS V/ CTR #1,Lieutenant Governor,,REP,Stewart Hill Tankersley,0
Pike,0005 WILLIAMS V/ CTR #1,Lieutenant Governor,,REP,Wes Allen,16
Pike,0005 WILLIAMS V/ CTR #1,"Public Service Commission, Place No. 1",,REP,Jeremy H. Oden,4
Pike,0005 WILLIAMS V/ CTR #1,"Public Service Commission, Place No. 1",,REP,Matt Gentry,10
Pike,0005 WILLIAMS V/ CTR #1,"Public Service Commission, Place No. 2",,REP,Brent Woodall,1
Pike,0005 WILLIAMS V/ CTR #1,"Public Service Commission, Place No. 2",,REP,Chris Beeker,2
Pike,0005 WILLIAMS V/ CTR #1,"Public Service Commission, Place No. 2",,REP,Jim Zig Zeigler,8
Pike,0005 WILLIAMS V/ CTR #1,"Public Service Commission, Place No. 2",,REP,Priscilla Andrews,3
Pike,0005 WILLIAMS V/ CTR #1,Secretary of State,,REP,Caroleene Dobson,12
Pike,0005 WILLIAMS V/ CTR #1,Secretary of State,,REP,Christopher Christian Horn,3
Pike,0005 WILLIAMS V/ CTR #1,Secretary of State,,REP,Glenda S. Jackson,1
Pike,0005 WILLIAMS V/ CTR #1,State Auditor,,REP,Andrew Sorrell,11
Pike,0005 WILLIAMS V/ CTR #1,State Auditor,,REP,Derek Chen,4
Pike,0005 WILLIAMS V/ CTR #1,State Treasurer,,REP,Steve Lolley,8
Pike,0005 WILLIAMS V/ CTR #1,State Treasurer,,REP,Young Boozer,7
Pike,0005 WILLIAMS V/ CTR #1,U.S. Senate,,REP,Barry Moore,9
Pike,0005 WILLIAMS V/ CTR #1,U.S. Senate,,REP,Dale Shelton Deas Jr.,0
Pike,0005 WILLIAMS V/ CTR #1,U.S. Senate,,REP,Jared Hudson,2
Pike,0005 WILLIAMS V/ CTR #1,U.S. Senate,,REP,Morgan Murphy,0
Pike,0005 WILLIAMS V/ CTR #1,U.S. Senate,,REP,Rodney Walker,0
Pike,0005 WILLIAMS V/ CTR #1,U.S. Senate,,REP,Seth Burton,0
Pike,0005 WILLIAMS V/ CTR #1,U.S. Senate,,REP,Steve Marshall,6
Pike,0006 COLLEGEDALE CH OF CHRIST,Proposed Statewide Amendment 1,,,No,58
Pike,0006 COLLEGEDALE CH OF CHRIST,Proposed Statewide Amendment 1,,,Yes,460
Pike,0006 COLLEGEDALE CH OF CHRIST,Proposed Statewide Amendment 2,,,No,188
Pike,0006 COLLEGEDALE CH OF CHRIST,Proposed Statewide Amendment 2,,,Yes,304
Pike,0006 COLLEGEDALE CH OF CHRIST,Governor,,DEM,Unverified Candidate 2,14
Pike,0006 COLLEGEDALE CH OF CHRIST,Governor,,DEM,Unverified Candidate 3,15
Pike,0006 COLLEGEDALE CH OF CHRIST,Governor,,DEM,Unverified Candidate 4,129
Pike,0006 COLLEGEDALE CH OF CHRIST,Governor,,DEM,Unverified Candidate 5,4
Pike,0006 COLLEGEDALE CH OF CHRIST,Governor,,DEM,Unverified Candidate 6,2
Pike,0006 COLLEGEDALE CH OF CHRIST,Governor,,DEM,Will Boyd,18
Pike,0006 COLLEGEDALE CH OF CHRIST,Lieutenant Governor,,DEM,Darryl D. Perryman,84
Pike,0006 COLLEGEDALE CH OF CHRIST,Lieutenant Governor,,DEM,Phillip Ensler,94
Pike,0006 COLLEGEDALE CH OF CHRIST,"Public Service Commission, Place No. 1",,DEM,James O. Gordon,93
Pike,0006 COLLEGEDALE CH OF CHRIST,"Public Service Commission, Place No. 1",,DEM,Jeff Ramsey,54
Pike,0006 COLLEGEDALE CH OF CHRIST,"Public Service Commission, Place No. 1",,DEM,John Northrop,30
Pike,0006 COLLEGEDALE CH OF CHRIST,State Democratic Executive Committee,,DEM,Jesse Kelley,44
Pike,0006 COLLEGEDALE CH OF CHRIST,State Democratic Executive Committee,,DEM,Sandra Mobley Scott,129
Pike,0006 COLLEGEDALE CH OF CHRIST,U.S. Senate,,DEM,Dakarai Larriett,65
Pike,0006 COLLEGEDALE CH OF CHRIST,U.S. Senate,,DEM,Everett Wess,50
Pike,0006 COLLEGEDALE CH OF CHRIST,U.S. Senate,,DEM,Kyle Sweetser,24
Pike,0006 COLLEGEDALE CH OF CHRIST,U.S. Senate,,DEM,Mark S. Wheeler II,39
Pike,0006 COLLEGEDALE CH OF CHRIST,Attorney General,,REP,Jay Mitchell,94
Pike,0006 COLLEGEDALE CH OF CHRIST,Attorney General,,REP,Katherine Robertson,135
Pike,0006 COLLEGEDALE CH OF CHRIST,Attorney General,,REP,Pamela L. Casey,96
Pike,0006 COLLEGEDALE CH OF CHRIST,Commissioner of Agriculture and Industries,,REP,Christina Woerner McInnis,88
Pike,0006 COLLEGEDALE CH OF CHRIST,Commissioner of Agriculture and Industries,,REP,Cory Hill,140
Pike,0006 COLLEGEDALE CH OF CHRIST,Commissioner of Agriculture and Industries,,REP,Jack Williams,69
Pike,0006 COLLEGEDALE CH OF CHRIST,Governor,,REP,"""Alabama"" Will Santivasci",16
Pike,0006 COLLEGEDALE CH OF CHRIST,Governor,,REP,Ken McFeeters,35
Pike,0006 COLLEGEDALE CH OF CHRIST,Governor,,REP,Thomas Tuberville,289
Pike,0006 COLLEGEDALE CH OF CHRIST,Lieutenant Governor,,REP,George Childress,1
Pike,0006 COLLEGEDALE CH OF CHRIST,Lieutenant Governor,,REP,John Wahl,29
Pike,0006 COLLEGEDALE CH OF CHRIST,Lieutenant Governor,,REP,Nicole Jones Wadsworth,6
Pike,0006 COLLEGEDALE CH OF CHRIST,Lieutenant Governor,,REP,Pat Bishop,5
Pike,0006 COLLEGEDALE CH OF CHRIST,Lieutenant Governor,,REP,Rick Pate,16
Pike,0006 COLLEGEDALE CH OF CHRIST,Lieutenant Governor,,REP,Stewart Hill Tankersley,3
Pike,0006 COLLEGEDALE CH OF CHRIST,Lieutenant Governor,,REP,Wes Allen,285
Pike,0006 COLLEGEDALE CH OF CHRIST,"Public Service Commission, Place No. 1",,REP,Jeremy H. Oden,90
Pike,0006 COLLEGEDALE CH OF CHRIST,"Public Service Commission, Place No. 1",,REP,Matt Gentry,183
Pike,0006 COLLEGEDALE CH OF CHRIST,"Public Service Commission, Place No. 2",,REP,Brent Woodall,49
Pike,0006 COLLEGEDALE CH OF CHRIST,"Public Service Commission, Place No. 2",,REP,Chris Beeker,77
Pike,0006 COLLEGEDALE CH OF CHRIST,"Public Service Commission, Place No. 2",,REP,Jim Zig Zeigler,127
Pike,0006 COLLEGEDALE CH OF CHRIST,"Public Service Commission, Place No. 2",,REP,Priscilla Andrews,33
Pike,0006 COLLEGEDALE CH OF CHRIST,Secretary of State,,REP,Caroleene Dobson,262
Pike,0006 COLLEGEDALE CH OF CHRIST,Secretary of State,,REP,Christopher Christian Horn,35
Pike,0006 COLLEGEDALE CH OF CHRIST,Secretary of State,,REP,Glenda S. Jackson,19
Pike,0006 COLLEGEDALE CH OF CHRIST,State Auditor,,REP,Andrew Sorrell,180
Pike,0006 COLLEGEDALE CH OF CHRIST,State Auditor,,REP,Derek Chen,124
Pike,0006 COLLEGEDALE CH OF CHRIST,State Treasurer,,REP,Steve Lolley,79
Pike,0006 COLLEGEDALE CH OF CHRIST,State Treasurer,,REP,Young Boozer,239
Pike,0006 COLLEGEDALE CH OF CHRIST,U.S. Senate,,REP,Barry Moore,183
Pike,0006 COLLEGEDALE CH OF CHRIST,U.S. Senate,,REP,Dale Shelton Deas Jr.,2
Pike,0006 COLLEGEDALE CH OF CHRIST,U.S. Senate,,REP,Jared Hudson,43
Pike,0006 COLLEGEDALE CH OF CHRIST,U.S. Senate,,REP,Morgan Murphy,2
Pike,0006 COLLEGEDALE CH OF CHRIST,U.S. Senate,,REP,Rodney Walker,10
Pike,0006 COLLEGEDALE CH OF CHRIST,U.S. Senate,,REP,Seth Burton,7
Pike,0006 COLLEGEDALE CH OF CHRIST,U.S. Senate,,REP,Steve Marshall,90
Pike,0007 SACO VFD #1,Proposed Statewide Amendment 1,,,No,0
Pike,0007 SACO VFD #1,Proposed Statewide Amendment 1,,,Yes,1
Pike,0007 SACO VFD #1,Proposed Statewide Amendment 2,,,No,0
Pike,0007 SACO VFD #1,Proposed Statewide Amendment 2,,,Yes,1
Pike,0007 SACO VFD #1,Governor,,DEM,Unverified Candidate 2,1
Pike,0007 SACO VFD #1,Governor,,DEM,Unverified Candidate 3,0
Pike,0007 SACO VFD #1,Governor,,DEM,Unverified Candidate 4,0
Pike,0007 SACO VFD #1,Governor,,DEM,Unverified Candidate 5,0
Pike,0007 SACO VFD #1,Governor,,DEM,Unverified Candidate 6,0
Pike,0007 SACO VFD #1,Governor,,DEM,Will Boyd,1
Pike,0007 SACO VFD #1,Lieutenant Governor,,DEM,Darryl D. Perryman,1
Pike,0007 SACO VFD #1,Lieutenant Governor,,DEM,Phillip Ensler,1
Pike,0007 SACO VFD #1,"Public Service Commission, Place No. 1",,DEM,James O. Gordon,1
Pike,0007 SACO VFD #1,"Public Service Commission, Place No. 1",,DEM,Jeff Ramsey,0
Pike,0007 SACO VFD #1,"Public Service Commission, Place No. 1",,DEM,John Northrop,1
Pike,0007 SACO VFD #1,State Democratic Executive Committee,,DEM,Jesse Kelley,1
Pike,0007 SACO VFD #1,State Democratic Executive Committee,,DEM,Sandra Mobley Scott,0
Pike,0007 SACO VFD #1,U.S. Senate,,DEM,Dakarai Larriett,2
Pike,0007 SACO VFD #1,U.S. Senate,,DEM,Everett Wess,0
Pike,0007 SACO VFD #1,U.S. Senate,,DEM,Kyle Sweetser,0
Pike,0007 SACO VFD #1,U.S. Senate,,DEM,Mark S. Wheeler II,0
Pike,0007 SACO VFD #1,Attorney General,,REP,Jay Mitchell,0
Pike,0007 SACO VFD #1,Attorney General,,REP,Katherine Robertson,0
Pike,0007 SACO VFD #1,Attorney General,,REP,Pamela L. Casey,0
Pike,0007 SACO VFD #1,Commissioner of Agriculture and Industries,,REP,Christina Woerner McInnis,0
Pike,0007 SACO VFD #1,Commissioner of Agriculture and Industries,,REP,Cory Hill,0
Pike,0007 SACO VFD #1,Commissioner of Agriculture and Industries,,REP,Jack Williams,0
Pike,0007 SACO VFD #1,Governor,,REP,"""Alabama"" Will Santivasci",0
Pike,0007 SACO VFD #1,Governor,,REP,Ken McFeeters,0
Pike,0007 SACO VFD #1,Governor,,REP,Thomas Tuberville,0
Pike,0007 SACO VFD #1,Lieutenant Governor,,REP,George Childress,0
Pike,0007 SACO VFD #1,Lieutenant Governor,,REP,John Wahl,0
Pike,0007 SACO VFD #1,Lieutenant Governor,,REP,Nicole Jones Wadsworth,0
Pike,0007 SACO VFD #1,Lieutenant Governor,,REP,Pat Bishop,0
Pike,0007 SACO VFD #1,Lieutenant Governor,,REP,Rick Pate,0
Pike,0007 SACO VFD #1,Lieutenant Governor,,REP,Stewart Hill Tankersley,0
Pike,0007 SACO VFD #1,Lieutenant Governor,,REP,Wes Allen,0
Pike,0007 SACO VFD #1,"Public Service Commission, Place No. 1",,REP,Jeremy H. Oden,0
Pike,0007 SACO VFD #1,"Public Service Commission, Place No. 1",,REP,Matt Gentry,0
Pike,0007 SACO VFD #1,"Public Service Commission, Place No. 2",,REP,Brent Woodall,0
Pike,0007 SACO VFD #1,"Public Service Commission, Place No. 2",,REP,Chris Beeker,0
Pike,0007 SACO VFD #1,"Public Service Commission, Place No. 2",,REP,Jim Zig Zeigler,0
Pike,0007 SACO VFD #1,"Public Service Commission, Place No. 2",,REP,Priscilla Andrews,0
Pike,0007 SACO VFD #1,Secretary of State,,REP,Caroleene Dobson,0
Pike,0007 SACO VFD #1,Secretary of State,,REP,Christopher Christian Horn,0
Pike,0007 SACO VFD #1,Secretary of State,,REP,Glenda S. Jackson,0
Pike,0007 SACO VFD #1,State Auditor,,REP,Andrew Sorrell,0
Pike,0007 SACO VFD #1,State Auditor,,REP,Derek Chen,0
Pike,0007 SACO VFD #1,State Treasurer,,REP,Steve Lolley,0
Pike,0007 SACO VFD #1,State Treasurer,,REP,Young Boozer,0
Pike,0007 SACO VFD #1,U.S. Senate,,REP,Barry Moore,0
Pike,0007 SACO VFD #1,U.S. Senate,,REP,Dale Shelton Deas Jr.,0
Pike,0007 SACO VFD #1,U.S. Senate,,REP,Jared Hudson,0
Pike,0007 SACO VFD #1,U.S. Senate,,REP,Morgan Murphy,0
Pike,0007 SACO VFD #1,U.S. Senate,,REP,Rodney Walker,0
Pike,0007 SACO VFD #1,U.S. Senate,,REP,Seth Burton,0
Pike,0007 SACO VFD #1,U.S. Senate,,REP,Steve Marshall,0
Pike,0008 EBENEZER VOTING CTR #1,Proposed Statewide Amendment 1,,,No,15
Pike,0008 EBENEZER VOTING CTR #1,Proposed Statewide Amendment 1,,,Yes,26
Pike,0008 EBENEZER VOTING CTR #1,Proposed Statewide Amendment 2,,,No,24
Pike,0008 EBENEZER VOTING CTR #1,Proposed Statewide Amendment 2,,,Yes,17
Pike,0008 EBENEZER VOTING CTR #1,Governor,,DEM,Unverified Candidate 2,3
Pike,0008 EBENEZER VOTING CTR #1,Governor,,DEM,Unverified Candidate 3,3
Pike,0008 EBENEZER VOTING CTR #1,Governor,,DEM,Unverified Candidate 4,9
Pike,0008 EBENEZER VOTING CTR #1,Governor,,DEM,Unverified Candidate 5,0
Pike,0008 EBENEZER VOTING CTR #1,Governor,,DEM,Unverified Candidate 6,0
Pike,0008 EBENEZER VOTING CTR #1,Governor,,DEM,Will Boyd,1
Pike,0008 EBENEZER VOTING CTR #1,Lieutenant Governor,,DEM,Darryl D. Perryman,9
Pike,0008 EBENEZER VOTING CTR #1,Lieutenant Governor,,DEM,Phillip Ensler,7
Pike,0008 EBENEZER VOTING CTR #1,"Public Service Commission, Place No. 1",,DEM,James O. Gordon,12
Pike,0008 EBENEZER VOTING CTR #1,"Public Service Commission, Place No. 1",,DEM,Jeff Ramsey,3
Pike,0008 EBENEZER VOTING CTR #1,"Public Service Commission, Place No. 1",,DEM,John Northrop,1
Pike,0008 EBENEZER VOTING CTR #1,State Democratic Executive Committee,,DEM,Jesse Kelley,1
Pike,0008 EBENEZER VOTING CTR #1,State Democratic Executive Committee,,DEM,Sandra Mobley Scott,15
Pike,0008 EBENEZER VOTING CTR #1,U.S. Senate,,DEM,Dakarai Larriett,4
Pike,0008 EBENEZER VOTING CTR #1,U.S. Senate,,DEM,Everett Wess,1
Pike,0008 EBENEZER VOTING CTR #1,U.S. Senate,,DEM,Kyle Sweetser,9
Pike,0008 EBENEZER VOTING CTR #1,U.S. Senate,,DEM,Mark S. Wheeler II,2
Pike,0008 EBENEZER VOTING CTR #1,Attorney General,,REP,Jay Mitchell,10
Pike,0008 EBENEZER VOTING CTR #1,Attorney General,,REP,Katherine Robertson,7
Pike,0008 EBENEZER VOTING CTR #1,Attorney General,,REP,Pamela L. Casey,6
Pike,0008 EBENEZER VOTING CTR #1,Commissioner of Agriculture and Industries,,REP,Christina Woerner McInnis,9
Pike,0008 EBENEZER VOTING CTR #1,Commissioner of Agriculture and Industries,,REP,Cory Hill,4
Pike,0008 EBENEZER VOTING CTR #1,Commissioner of Agriculture and Industries,,REP,Jack Williams,9
Pike,0008 EBENEZER VOTING CTR #1,Governor,,REP,"""Alabama"" Will Santivasci",1
Pike,0008 EBENEZER VOTING CTR #1,Governor,,REP,Ken McFeeters,3
Pike,0008 EBENEZER VOTING CTR #1,Governor,,REP,Thomas Tuberville,21
Pike,0008 EBENEZER VOTING CTR #1,Lieutenant Governor,,REP,George Childress,0
Pike,0008 EBENEZER VOTING CTR #1,Lieutenant Governor,,REP,John Wahl,4
Pike,0008 EBENEZER VOTING CTR #1,Lieutenant Governor,,REP,Nicole Jones Wadsworth,0
Pike,0008 EBENEZER VOTING CTR #1,Lieutenant Governor,,REP,Pat Bishop,0
Pike,0008 EBENEZER VOTING CTR #1,Lieutenant Governor,,REP,Rick Pate,2
Pike,0008 EBENEZER VOTING CTR #1,Lieutenant Governor,,REP,Stewart Hill Tankersley,0
Pike,0008 EBENEZER VOTING CTR #1,Lieutenant Governor,,REP,Wes Allen,19
Pike,0008 EBENEZER VOTING CTR #1,"Public Service Commission, Place No. 1",,REP,Jeremy H. Oden,6
Pike,0008 EBENEZER VOTING CTR #1,"Public Service Commission, Place No. 1",,REP,Matt Gentry,16
Pike,0008 EBENEZER VOTING CTR #1,"Public Service Commission, Place No. 2",,REP,Brent Woodall,5
Pike,0008 EBENEZER VOTING CTR #1,"Public Service Commission, Place No. 2",,REP,Chris Beeker,3
Pike,0008 EBENEZER VOTING CTR #1,"Public Service Commission, Place No. 2",,REP,Jim Zig Zeigler,14
Pike,0008 EBENEZER VOTING CTR #1,"Public Service Commission, Place No. 2",,REP,Priscilla Andrews,2
Pike,0008 EBENEZER VOTING CTR #1,Secretary of State,,REP,Caroleene Dobson,15
Pike,0008 EBENEZER VOTING CTR #1,Secretary of State,,REP,Christopher Christian Horn,5
Pike,0008 EBENEZER VOTING CTR #1,Secretary of State,,REP,Glenda S. Jackson,2
Pike,0008 EBENEZER VOTING CTR #1,State Auditor,,REP,Andrew Sorrell,17
Pike,0008 EBENEZER VOTING CTR #1,State Auditor,,REP,Derek Chen,5
Pike,0008 EBENEZER VOTING CTR #1,State Treasurer,,REP,Steve Lolley,11
Pike,0008 EBENEZER VOTING CTR #1,State Treasurer,,REP,Young Boozer,14
Pike,0008 EBENEZER VOTING CTR #1,U.S. Senate,,REP,Barry Moore,14
Pike,0008 EBENEZER VOTING CTR #1,U.S. Senate,,REP,Dale Shelton Deas Jr.,1
Pike,0008 EBENEZER VOTING CTR #1,U.S. Senate,,REP,Jared Hudson,6
Pike,0008 EBENEZER VOTING CTR #1,U.S. Senate,,REP,Morgan Murphy,0
Pike,0008 EBENEZER VOTING CTR #1,U.S. Senate,,REP,Rodney Walker,0
Pike,0008 EBENEZER VOTING CTR #1,U.S. Senate,,REP,Seth Burton,0
Pike,0008 EBENEZER VOTING CTR #1,U.S. Senate,,REP,Steve Marshall,3
Pike,0009 RAMAH CHURCH,Proposed Statewide Amendment 1,,,No,17
Pike,0009 RAMAH CHURCH,Proposed Statewide Amendment 1,,,Yes,69
Pike,0009 RAMAH CHURCH,Proposed Statewide Amendment 2,,,No,29
Pike,0009 RAMAH CHURCH,Proposed Statewide Amendment 2,,,Yes,55
Pike,0009 RAMAH CHURCH,Governor,,DEM,Unverified Candidate 2,0
Pike,0009 RAMAH CHURCH,Governor,,DEM,Unverified Candidate 3,0
Pike,0009 RAMAH CHURCH,Governor,,DEM,Unverified Candidate 4,14
Pike,0009 RAMAH CHURCH,Governor,,DEM,Unverified Candidate 5,0
Pike,0009 RAMAH CHURCH,Governor,,DEM,Unverified Candidate 6,0
Pike,0009 RAMAH CHURCH,Governor,,DEM,Will Boyd,0
Pike,0009 RAMAH CHURCH,Lieutenant Governor,,DEM,Darryl D. Perryman,6
Pike,0009 RAMAH CHURCH,Lieutenant Governor,,DEM,Phillip Ensler,7
Pike,0009 RAMAH CHURCH,"Public Service Commission, Place No. 1",,DEM,James O. Gordon,5
Pike,0009 RAMAH CHURCH,"Public Service Commission, Place No. 1",,DEM,Jeff Ramsey,4
Pike,0009 RAMAH CHURCH,"Public Service Commission, Place No. 1",,DEM,John Northrop,4
Pike,0009 RAMAH CHURCH,State Democratic Executive Committee,,DEM,Jesse Kelley,6
Pike,0009 RAMAH CHURCH,State Democratic Executive Committee,,DEM,Sandra Mobley Scott,7
Pike,0009 RAMAH CHURCH,U.S. Senate,,DEM,Dakarai Larriett,4
Pike,0009 RAMAH CHURCH,U.S. Senate,,DEM,Everett Wess,7
Pike,0009 RAMAH CHURCH,U.S. Senate,,DEM,Kyle Sweetser,0
Pike,0009 RAMAH CHURCH,U.S. Senate,,DEM,Mark S. Wheeler II,2
Pike,0009 RAMAH CHURCH,Attorney General,,REP,Jay Mitchell,21
Pike,0009 RAMAH CHURCH,Attorney General,,REP,Katherine Robertson,23
Pike,0009 RAMAH CHURCH,Attorney General,,REP,Pamela L. Casey,27
Pike,0009 RAMAH CHURCH,Commissioner of Agriculture and Industries,,REP,Christina Woerner McInnis,11
Pike,0009 RAMAH CHURCH,Commissioner of Agriculture and Industries,,REP,Cory Hill,50
Pike,0009 RAMAH CHURCH,Commissioner of Agriculture and Industries,,REP,Jack Williams,10
Pike,0009 RAMAH CHURCH,Governor,,REP,"""Alabama"" Will Santivasci",1
Pike,0009 RAMAH CHURCH,Governor,,REP,Ken McFeeters,2
Pike,0009 RAMAH CHURCH,Governor,,REP,Thomas Tuberville,69
Pike,0009 RAMAH CHURCH,Lieutenant Governor,,REP,George Childress,0
Pike,0009 RAMAH CHURCH,Lieutenant Governor,,REP,John Wahl,11
Pike,0009 RAMAH CHURCH,Lieutenant Governor,,REP,Nicole Jones Wadsworth,0
Pike,0009 RAMAH CHURCH,Lieutenant Governor,,REP,Pat Bishop,0
Pike,0009 RAMAH CHURCH,Lieutenant Governor,,REP,Rick Pate,4
Pike,0009 RAMAH CHURCH,Lieutenant Governor,,REP,Stewart Hill Tankersley,0
Pike,0009 RAMAH CHURCH,Lieutenant Governor,,REP,Wes Allen,58
Pike,0009 RAMAH CHURCH,"Public Service Commission, Place No. 1",,REP,Jeremy H. Oden,19
Pike,0009 RAMAH CHURCH,"Public Service Commission, Place No. 1",,REP,Matt Gentry,49
Pike,0009 RAMAH CHURCH,"Public Service Commission, Place No. 2",,REP,Brent Woodall,11
Pike,0009 RAMAH CHURCH,"Public Service Commission, Place No. 2",,REP,Chris Beeker,23
Pike,0009 RAMAH CHURCH,"Public Service Commission, Place No. 2",,REP,Jim Zig Zeigler,29
Pike,0009 RAMAH CHURCH,"Public Service Commission, Place No. 2",,REP,Priscilla Andrews,5
Pike,0009 RAMAH CHURCH,Secretary of State,,REP,Caroleene Dobson,66
Pike,0009 RAMAH CHURCH,Secretary of State,,REP,Christopher Christian Horn,5
Pike,0009 RAMAH CHURCH,Secretary of State,,REP,Glenda S. Jackson,0
Pike,0009 RAMAH CHURCH,State Auditor,,REP,Andrew Sorrell,40
Pike,0009 RAMAH CHURCH,State Auditor,,REP,Derek Chen,31
Pike,0009 RAMAH CHURCH,State Treasurer,,REP,Steve Lolley,21
Pike,0009 RAMAH CHURCH,State Treasurer,,REP,Young Boozer,49
Pike,0009 RAMAH CHURCH,U.S. Senate,,REP,Barry Moore,38
Pike,0009 RAMAH CHURCH,U.S. Senate,,REP,Dale Shelton Deas Jr.,1
Pike,0009 RAMAH CHURCH,U.S. Senate,,REP,Jared Hudson,9
Pike,0009 RAMAH CHURCH,U.S. Senate,,REP,Morgan Murphy,1
Pike,0009 RAMAH CHURCH,U.S. Senate,,REP,Rodney Walker,3
Pike,0009 RAMAH CHURCH,U.S. Senate,,REP,Seth Burton,0
Pike,0009 RAMAH CHURCH,U.S. Senate,,REP,Steve Marshall,21
Pike,0010 ENON CO BLDG,Proposed Statewide Amendment 1,,,No,7
Pike,0010 ENON CO BLDG,Proposed Statewide Amendment 1,,,Yes,69
Pike,0010 ENON CO BLDG,Proposed Statewide Amendment 2,,,No,26
Pike,0010 ENON CO BLDG,Proposed Statewide Amendment 2,,,Yes,45
Pike,0010 ENON CO BLDG,Governor,,DEM,Unverified Candidate 2,0
Pike,0010 ENON CO BLDG,Governor,,DEM,Unverified Candidate 3,0
Pike,0010 ENON CO BLDG,Governor,,DEM,Unverified Candidate 4,5
Pike,0010 ENON CO BLDG,Governor,,DEM,Unverified Candidate 5,0
Pike,0010 ENON CO BLDG,Governor,,DEM,Unverified Candidate 6,0
Pike,0010 ENON CO BLDG,Governor,,DEM,Will Boyd,0
Pike,0010 ENON CO BLDG,Lieutenant Governor,,DEM,Darryl D. Perryman,0
Pike,0010 ENON CO BLDG,Lieutenant Governor,,DEM,Phillip Ensler,4
Pike,0010 ENON CO BLDG,"Public Service Commission, Place No. 1",,DEM,James O. Gordon,1
Pike,0010 ENON CO BLDG,"Public Service Commission, Place No. 1",,DEM,Jeff Ramsey,1
Pike,0010 ENON CO BLDG,"Public Service Commission, Place No. 1",,DEM,John Northrop,1
Pike,0010 ENON CO BLDG,State Democratic Executive Committee,,DEM,Jesse Kelley,1
Pike,0010 ENON CO BLDG,State Democratic Executive Committee,,DEM,Sandra Mobley Scott,2
Pike,0010 ENON CO BLDG,U.S. Senate,,DEM,Dakarai Larriett,0
Pike,0010 ENON CO BLDG,U.S. Senate,,DEM,Everett Wess,2
Pike,0010 ENON CO BLDG,U.S. Senate,,DEM,Kyle Sweetser,0
Pike,0010 ENON CO BLDG,U.S. Senate,,DEM,Mark S. Wheeler II,1
Pike,0010 ENON CO BLDG,Attorney General,,REP,Jay Mitchell,27
Pike,0010 ENON CO BLDG,Attorney General,,REP,Katherine Robertson,28
Pike,0010 ENON CO BLDG,Attorney General,,REP,Pamela L. Casey,14
Pike,0010 ENON CO BLDG,Commissioner of Agriculture and Industries,,REP,Christina Woerner McInnis,17
Pike,0010 ENON CO BLDG,Commissioner of Agriculture and Industries,,REP,Cory Hill,37
Pike,0010 ENON CO BLDG,Commissioner of Agriculture and Industries,,REP,Jack Williams,13
Pike,0010 ENON CO BLDG,Governor,,REP,"""Alabama"" Will Santivasci",0
Pike,0010 ENON CO BLDG,Governor,,REP,Ken McFeeters,1
Pike,0010 ENON CO BLDG,Governor,,REP,Thomas Tuberville,71
Pike,0010 ENON CO BLDG,Lieutenant Governor,,REP,George Childress,0
Pike,0010 ENON CO BLDG,Lieutenant Governor,,REP,John Wahl,3
Pike,0010 ENON CO BLDG,Lieutenant Governor,,REP,Nicole Jones Wadsworth,0
Pike,0010 ENON CO BLDG,Lieutenant Governor,,REP,Pat Bishop,0
Pike,0010 ENON CO BLDG,Lieutenant Governor,,REP,Rick Pate,3
Pike,0010 ENON CO BLDG,Lieutenant Governor,,REP,Stewart Hill Tankersley,1
Pike,0010 ENON CO BLDG,Lieutenant Governor,,REP,Wes Allen,66
Pike,0010 ENON CO BLDG,"Public Service Commission, Place No. 1",,REP,Jeremy H. Oden,14
Pike,0010 ENON CO BLDG,"Public Service Commission, Place No. 1",,REP,Matt Gentry,45
Pike,0010 ENON CO BLDG,"Public Service Commission, Place No. 2",,REP,Brent Woodall,10
Pike,0010 ENON CO BLDG,"Public Service Commission, Place No. 2",,REP,Chris Beeker,18
Pike,0010 ENON CO BLDG,"Public Service Commission, Place No. 2",,REP,Jim Zig Zeigler,28
Pike,0010 ENON CO BLDG,"Public Service Commission, Place No. 2",,REP,Priscilla Andrews,8
Pike,0010 ENON CO BLDG,Secretary of State,,REP,Caroleene Dobson,58
Pike,0010 ENON CO BLDG,Secretary of State,,REP,Christopher Christian Horn,10
Pike,0010 ENON CO BLDG,Secretary of State,,REP,Glenda S. Jackson,1
Pike,0010 ENON CO BLDG,State Auditor,,REP,Andrew Sorrell,39
Pike,0010 ENON CO BLDG,State Auditor,,REP,Derek Chen,30
Pike,0010 ENON CO BLDG,State Treasurer,,REP,Steve Lolley,15
Pike,0010 ENON CO BLDG,State Treasurer,,REP,Young Boozer,51
Pike,0010 ENON CO BLDG,U.S. Senate,,REP,Barry Moore,37
Pike,0010 ENON CO BLDG,U.S. Senate,,REP,Dale Shelton Deas Jr.,4
Pike,0010 ENON CO BLDG,U.S. Senate,,REP,Jared Hudson,4
Pike,0010 ENON CO BLDG,U.S. Senate,,REP,Morgan Murphy,0
Pike,0010 ENON CO BLDG,U.S. Senate,,REP,Rodney Walker,0
Pike,0010 ENON CO BLDG,U.S. Senate,,REP,Seth Burton,2
Pike,0010 ENON CO BLDG,U.S. Senate,,REP,Steve Marshall,23
Pike,0011 SWEET PILGRIM CH,Proposed Statewide Amendment 1,,,No,15
Pike,0011 SWEET PILGRIM CH,Proposed Statewide Amendment 1,,,Yes,32
Pike,0011 SWEET PILGRIM CH,Proposed Statewide Amendment 2,,,No,27
Pike,0011 SWEET PILGRIM CH,Proposed Statewide Amendment 2,,,Yes,20
Pike,0011 SWEET PILGRIM CH,Governor,,DEM,Unverified Candidate 2,2
Pike,0011 SWEET PILGRIM CH,Governor,,DEM,Unverified Candidate 3,2
Pike,0011 SWEET PILGRIM CH,Governor,,DEM,Unverified Candidate 4,19
Pike,0011 SWEET PILGRIM CH,Governor,,DEM,Unverified Candidate 5,0
Pike,0011 SWEET PILGRIM CH,Governor,,DEM,Unverified Candidate 6,0
Pike,0011 SWEET PILGRIM CH,Governor,,DEM,Will Boyd,1
Pike,0011 SWEET PILGRIM CH,Lieutenant Governor,,DEM,Darryl D. Perryman,16
Pike,0011 SWEET PILGRIM CH,Lieutenant Governor,,DEM,Phillip Ensler,7
Pike,0011 SWEET PILGRIM CH,"Public Service Commission, Place No. 1",,DEM,James O. Gordon,16
Pike,0011 SWEET PILGRIM CH,"Public Service Commission, Place No. 1",,DEM,Jeff Ramsey,5
Pike,0011 SWEET PILGRIM CH,"Public Service Commission, Place No. 1",,DEM,John Northrop,0
Pike,0011 SWEET PILGRIM CH,State Democratic Executive Committee,,DEM,Jesse Kelley,2
Pike,0011 SWEET PILGRIM CH,State Democratic Executive Committee,,DEM,Sandra Mobley Scott,18
Pike,0011 SWEET PILGRIM CH,U.S. Senate,,DEM,Dakarai Larriett,5
Pike,0011 SWEET PILGRIM CH,U.S. Senate,,DEM,Everett Wess,3
Pike,0011 SWEET PILGRIM CH,U.S. Senate,,DEM,Kyle Sweetser,0
Pike,0011 SWEET PILGRIM CH,U.S. Senate,,DEM,Mark S. Wheeler II,15
Pike,0011 SWEET PILGRIM CH,Attorney General,,REP,Jay Mitchell,6
Pike,0011 SWEET PILGRIM CH,Attorney General,,REP,Katherine Robertson,11
Pike,0011 SWEET PILGRIM CH,Attorney General,,REP,Pamela L. Casey,7
Pike,0011 SWEET PILGRIM CH,Commissioner of Agriculture and Industries,,REP,Christina Woerner McInnis,4
Pike,0011 SWEET PILGRIM CH,Commissioner of Agriculture and Industries,,REP,Cory Hill,18
Pike,0011 SWEET PILGRIM CH,Commissioner of Agriculture and Industries,,REP,Jack Williams,2
Pike,0011 SWEET PILGRIM CH,Governor,,REP,"""Alabama"" Will Santivasci",3
Pike,0011 SWEET PILGRIM CH,Governor,,REP,Ken McFeeters,2
Pike,0011 SWEET PILGRIM CH,Governor,,REP,Thomas Tuberville,19
Pike,0011 SWEET PILGRIM CH,Lieutenant Governor,,REP,George Childress,0
Pike,0011 SWEET PILGRIM CH,Lieutenant Governor,,REP,John Wahl,4
Pike,0011 SWEET PILGRIM CH,Lieutenant Governor,,REP,Nicole Jones Wadsworth,0
Pike,0011 SWEET PILGRIM CH,Lieutenant Governor,,REP,Pat Bishop,0
Pike,0011 SWEET PILGRIM CH,Lieutenant Governor,,REP,Rick Pate,0
Pike,0011 SWEET PILGRIM CH,Lieutenant Governor,,REP,Stewart Hill Tankersley,0
Pike,0011 SWEET PILGRIM CH,Lieutenant Governor,,REP,Wes Allen,20
Pike,0011 SWEET PILGRIM CH,"Public Service Commission, Place No. 1",,REP,Jeremy H. Oden,8
Pike,0011 SWEET PILGRIM CH,"Public Service Commission, Place No. 1",,REP,Matt Gentry,15
Pike,0011 SWEET PILGRIM CH,"Public Service Commission, Place No. 2",,REP,Brent Woodall,2
Pike,0011 SWEET PILGRIM CH,"Public Service Commission, Place No. 2",,REP,Chris Beeker,3
Pike,0011 SWEET PILGRIM CH,"Public Service Commission, Place No. 2",,REP,Jim Zig Zeigler,17
Pike,0011 SWEET PILGRIM CH,"Public Service Commission, Place No. 2",,REP,Priscilla Andrews,2
Pike,0011 SWEET PILGRIM CH,Secretary of State,,REP,Caroleene Dobson,23
Pike,0011 SWEET PILGRIM CH,Secretary of State,,REP,Christopher Christian Horn,1
Pike,0011 SWEET PILGRIM CH,Secretary of State,,REP,Glenda S. Jackson,0
Pike,0011 SWEET PILGRIM CH,State Auditor,,REP,Andrew Sorrell,16
Pike,0011 SWEET PILGRIM CH,State Auditor,,REP,Derek Chen,8
Pike,0011 SWEET PILGRIM CH,State Treasurer,,REP,Steve Lolley,7
Pike,0011 SWEET PILGRIM CH,State Treasurer,,REP,Young Boozer,17
Pike,0011 SWEET PILGRIM CH,U.S. Senate,,REP,Barry Moore,14
Pike,0011 SWEET PILGRIM CH,U.S. Senate,,REP,Dale Shelton Deas Jr.,0
Pike,0011 SWEET PILGRIM CH,U.S. Senate,,REP,Jared Hudson,4
Pike,0011 SWEET PILGRIM CH,U.S. Senate,,REP,Morgan Murphy,0
Pike,0011 SWEET PILGRIM CH,U.S. Senate,,REP,Rodney Walker,1
Pike,0011 SWEET PILGRIM CH,U.S. Senate,,REP,Seth Burton,0
Pike,0011 SWEET PILGRIM CH,U.S. Senate,,REP,Steve Marshall,5
Pike,0012 BANKS VOTING CTR #1,Proposed Statewide Amendment 1,,,No,4
Pike,0012 BANKS VOTING CTR #1,Proposed Statewide Amendment 1,,,Yes,37
Pike,0012 BANKS VOTING CTR #1,Proposed Statewide Amendment 2,,,No,15
Pike,0012 BANKS VOTING CTR #1,Proposed Statewide Amendment 2,,,Yes,20
Pike,0012 BANKS VOTING CTR #1,Governor,,DEM,Unverified Candidate 2,2
Pike,0012 BANKS VOTING CTR #1,Governor,,DEM,Unverified Candidate 3,1
Pike,0012 BANKS VOTING CTR #1,Governor,,DEM,Unverified Candidate 4,8
Pike,0012 BANKS VOTING CTR #1,Governor,,DEM,Unverified Candidate 5,0
Pike,0012 BANKS VOTING CTR #1,Governor,,DEM,Unverified Candidate 6,0
Pike,0012 BANKS VOTING CTR #1,Governor,,DEM,Will Boyd,2
Pike,0012 BANKS VOTING CTR #1,Lieutenant Governor,,DEM,Darryl D. Perryman,7
Pike,0012 BANKS VOTING CTR #1,Lieutenant Governor,,DEM,Phillip Ensler,6
Pike,0012 BANKS VOTING CTR #1,"Public Service Commission, Place No. 1",,DEM,James O. Gordon,5
Pike,0012 BANKS VOTING CTR #1,"Public Service Commission, Place No. 1",,DEM,Jeff Ramsey,6
Pike,0012 BANKS VOTING CTR #1,"Public Service Commission, Place No. 1",,DEM,John Northrop,2
Pike,0012 BANKS VOTING CTR #1,State Democratic Executive Committee,,DEM,Jesse Kelley,5
Pike,0012 BANKS VOTING CTR #1,State Democratic Executive Committee,,DEM,Sandra Mobley Scott,8
Pike,0012 BANKS VOTING CTR #1,U.S. Senate,,DEM,Dakarai Larriett,7
Pike,0012 BANKS VOTING CTR #1,U.S. Senate,,DEM,Everett Wess,2
Pike,0012 BANKS VOTING CTR #1,U.S. Senate,,DEM,Kyle Sweetser,0
Pike,0012 BANKS VOTING CTR #1,U.S. Senate,,DEM,Mark S. Wheeler II,4
Pike,0012 BANKS VOTING CTR #1,Attorney General,,REP,Jay Mitchell,11
Pike,0012 BANKS VOTING CTR #1,Attorney General,,REP,Katherine Robertson,9
Pike,0012 BANKS VOTING CTR #1,Attorney General,,REP,Pamela L. Casey,6
Pike,0012 BANKS VOTING CTR #1,Commissioner of Agriculture and Industries,,REP,Christina Woerner McInnis,4
Pike,0012 BANKS VOTING CTR #1,Commissioner of Agriculture and Industries,,REP,Cory Hill,9
Pike,0012 BANKS VOTING CTR #1,Commissioner of Agriculture and Industries,,REP,Jack Williams,10
Pike,0012 BANKS VOTING CTR #1,Governor,,REP,"""Alabama"" Will Santivasci",0
Pike,0012 BANKS VOTING CTR #1,Governor,,REP,Ken McFeeters,0
Pike,0012 BANKS VOTING CTR #1,Governor,,REP,Thomas Tuberville,28
Pike,0012 BANKS VOTING CTR #1,Lieutenant Governor,,REP,George Childress,0
Pike,0012 BANKS VOTING CTR #1,Lieutenant Governor,,REP,John Wahl,5
Pike,0012 BANKS VOTING CTR #1,Lieutenant Governor,,REP,Nicole Jones Wadsworth,0
Pike,0012 BANKS VOTING CTR #1,Lieutenant Governor,,REP,Pat Bishop,0
Pike,0012 BANKS VOTING CTR #1,Lieutenant Governor,,REP,Rick Pate,0
Pike,0012 BANKS VOTING CTR #1,Lieutenant Governor,,REP,Stewart Hill Tankersley,1
Pike,0012 BANKS VOTING CTR #1,Lieutenant Governor,,REP,Wes Allen,22
Pike,0012 BANKS VOTING CTR #1,"Public Service Commission, Place No. 1",,REP,Jeremy H. Oden,3
Pike,0012 BANKS VOTING CTR #1,"Public Service Commission, Place No. 1",,REP,Matt Gentry,19
Pike,0012 BANKS VOTING CTR #1,"Public Service Commission, Place No. 2",,REP,Brent Woodall,3
Pike,0012 BANKS VOTING CTR #1,"Public Service Commission, Place No. 2",,REP,Chris Beeker,2
Pike,0012 BANKS VOTING CTR #1,"Public Service Commission, Place No. 2",,REP,Jim Zig Zeigler,12
Pike,0012 BANKS VOTING CTR #1,"Public Service Commission, Place No. 2",,REP,Priscilla Andrews,5
Pike,0012 BANKS VOTING CTR #1,Secretary of State,,REP,Caroleene Dobson,22
Pike,0012 BANKS VOTING CTR #1,Secretary of State,,REP,Christopher Christian Horn,4
Pike,0012 BANKS VOTING CTR #1,Secretary of State,,REP,Glenda S. Jackson,1
Pike,0012 BANKS VOTING CTR #1,State Auditor,,REP,Andrew Sorrell,12
Pike,0012 BANKS VOTING CTR #1,State Auditor,,REP,Derek Chen,14
Pike,0012 BANKS VOTING CTR #1,State Treasurer,,REP,Steve Lolley,5
Pike,0012 BANKS VOTING CTR #1,State Treasurer,,REP,Young Boozer,21
Pike,0012 BANKS VOTING CTR #1,U.S. Senate,,REP,Barry Moore,17
Pike,0012 BANKS VOTING CTR #1,U.S. Senate,,REP,Dale Shelton Deas Jr.,1
Pike,0012 BANKS VOTING CTR #1,U.S. Senate,,REP,Jared Hudson,1
Pike,0012 BANKS VOTING CTR #1,U.S. Senate,,REP,Morgan Murphy,0
Pike,0012 BANKS VOTING CTR #1,U.S. Senate,,REP,Rodney Walker,2
Pike,0012 BANKS VOTING CTR #1,U.S. Senate,,REP,Seth Burton,1
Pike,0012 BANKS VOTING CTR #1,U.S. Senate,,REP,Steve Marshall,6
Pike,0013 TROY REC CTR,Proposed Statewide Amendment 1,,,No,95
Pike,0013 TROY REC CTR,Proposed Statewide Amendment 1,,,Yes,672
Pike,0013 TROY REC CTR,Proposed Statewide Amendment 2,,,No,310
Pike,0013 TROY REC CTR,Proposed Statewide Amendment 2,,,Yes,424
Pike,0013 TROY REC CTR,Governor,,DEM,Unverified Candidate 2,29
Pike,0013 TROY REC CTR,Governor,,DEM,Unverified Candidate 3,20
Pike,0013 TROY REC CTR,Governor,,DEM,Unverified Candidate 4,185
Pike,0013 TROY REC CTR,Governor,,DEM,Unverified Candidate 5,11
Pike,0013 TROY REC CTR,Governor,,DEM,Unverified Candidate 6,2
Pike,0013 TROY REC CTR,Governor,,DEM,Will Boyd,33
Pike,0013 TROY REC CTR,Lieutenant Governor,,DEM,Darryl D. Perryman,130
Pike,0013 TROY REC CTR,Lieutenant Governor,,DEM,Phillip Ensler,137
Pike,0013 TROY REC CTR,"Public Service Commission, Place No. 1",,DEM,James O. Gordon,137
Pike,0013 TROY REC CTR,"Public Service Commission, Place No. 1",,DEM,Jeff Ramsey,79
Pike,0013 TROY REC CTR,"Public Service Commission, Place No. 1",,DEM,John Northrop,46
Pike,0013 TROY REC CTR,State Democratic Executive Committee,,DEM,Jesse Kelley,76
Pike,0013 TROY REC CTR,State Democratic Executive Committee,,DEM,Sandra Mobley Scott,185
Pike,0013 TROY REC CTR,U.S. Senate,,DEM,Dakarai Larriett,106
Pike,0013 TROY REC CTR,U.S. Senate,,DEM,Everett Wess,74
Pike,0013 TROY REC CTR,U.S. Senate,,DEM,Kyle Sweetser,31
Pike,0013 TROY REC CTR,U.S. Senate,,DEM,Mark S. Wheeler II,61
Pike,0013 TROY REC CTR,Attorney General,,REP,Jay Mitchell,169
Pike,0013 TROY REC CTR,Attorney General,,REP,Katherine Robertson,167
Pike,0013 TROY REC CTR,Attorney General,,REP,Pamela L. Casey,152
Pike,0013 TROY REC CTR,Commissioner of Agriculture and Industries,,REP,Christina Woerner McInnis,95
Pike,0013 TROY REC CTR,Commissioner of Agriculture and Industries,,REP,Cory Hill,213
Pike,0013 TROY REC CTR,Commissioner of Agriculture and Industries,,REP,Jack Williams,134
Pike,0013 TROY REC CTR,Governor,,REP,"""Alabama"" Will Santivasci",23
Pike,0013 TROY REC CTR,Governor,,REP,Ken McFeeters,28
Pike,0013 TROY REC CTR,Governor,,REP,Thomas Tuberville,444
Pike,0013 TROY REC CTR,Lieutenant Governor,,REP,George Childress,1
Pike,0013 TROY REC CTR,Lieutenant Governor,,REP,John Wahl,38
Pike,0013 TROY REC CTR,Lieutenant Governor,,REP,Nicole Jones Wadsworth,7
Pike,0013 TROY REC CTR,Lieutenant Governor,,REP,Pat Bishop,2
Pike,0013 TROY REC CTR,Lieutenant Governor,,REP,Rick Pate,12
Pike,0013 TROY REC CTR,Lieutenant Governor,,REP,Stewart Hill Tankersley,6
Pike,0013 TROY REC CTR,Lieutenant Governor,,REP,Wes Allen,440
Pike,0013 TROY REC CTR,"Public Service Commission, Place No. 1",,REP,Jeremy H. Oden,146
Pike,0013 TROY REC CTR,"Public Service Commission, Place No. 1",,REP,Matt Gentry,284
Pike,0013 TROY REC CTR,"Public Service Commission, Place No. 2",,REP,Brent Woodall,57
Pike,0013 TROY REC CTR,"Public Service Commission, Place No. 2",,REP,Chris Beeker,165
Pike,0013 TROY REC CTR,"Public Service Commission, Place No. 2",,REP,Jim Zig Zeigler,165
Pike,0013 TROY REC CTR,"Public Service Commission, Place No. 2",,REP,Priscilla Andrews,46
Pike,0013 TROY REC CTR,Secretary of State,,REP,Caroleene Dobson,416
Pike,0013 TROY REC CTR,Secretary of State,,REP,Christopher Christian Horn,49
Pike,0013 TROY REC CTR,Secretary of State,,REP,Glenda S. Jackson,19
Pike,0013 TROY REC CTR,State Auditor,,REP,Andrew Sorrell,235
Pike,0013 TROY REC CTR,State Auditor,,REP,Derek Chen,215
Pike,0013 TROY REC CTR,State Treasurer,,REP,Steve Lolley,113
Pike,0013 TROY REC CTR,State Treasurer,,REP,Young Boozer,359
Pike,0013 TROY REC CTR,U.S. Senate,,REP,Barry Moore,287
Pike,0013 TROY REC CTR,U.S. Senate,,REP,Dale Shelton Deas Jr.,2
Pike,0013 TROY REC CTR,U.S. Senate,,REP,Jared Hudson,82
Pike,0013 TROY REC CTR,U.S. Senate,,REP,Morgan Murphy,4
Pike,0013 TROY REC CTR,U.S. Senate,,REP,Rodney Walker,8
Pike,0013 TROY REC CTR,U.S. Senate,,REP,Seth Burton,6
Pike,0013 TROY REC CTR,U.S. Senate,,REP,Steve Marshall,105
Pike,0014 BRUNDIDGE STATION,Proposed Statewide Amendment 1,,,No,19
Pike,0014 BRUNDIDGE STATION,Proposed Statewide Amendment 1,,,Yes,86
Pike,0014 BRUNDIDGE STATION,Proposed Statewide Amendment 2,,,No,35
Pike,0014 BRUNDIDGE STATION,Proposed Statewide Amendment 2,,,Yes,67
Pike,0014 BRUNDIDGE STATION,Governor,,DEM,Unverified Candidate 2,9
Pike,0014 BRUNDIDGE STATION,Governor,,DEM,Unverified Candidate 3,3
Pike,0014 BRUNDIDGE STATION,Governor,,DEM,Unverified Candidate 4,42
Pike,0014 BRUNDIDGE STATION,Governor,,DEM,Unverified Candidate 5,1
Pike,0014 BRUNDIDGE STATION,Governor,,DEM,Unverified Candidate 6,2
Pike,0014 BRUNDIDGE STATION,Governor,,DEM,Will Boyd,3
Pike,0014 BRUNDIDGE STATION,Lieutenant Governor,,DEM,Darryl D. Perryman,38
Pike,0014 BRUNDIDGE STATION,Lieutenant Governor,,DEM,Phillip Ensler,19
Pike,0014 BRUNDIDGE STATION,"Public Service Commission, Place No. 1",,DEM,James O. Gordon,23
Pike,0014 BRUNDIDGE STATION,"Public Service Commission, Place No. 1",,DEM,Jeff Ramsey,22
Pike,0014 BRUNDIDGE STATION,"Public Service Commission, Place No. 1",,DEM,John Northrop,11
Pike,0014 BRUNDIDGE STATION,State Democratic Executive Committee,,DEM,Jesse Kelley,19
Pike,0014 BRUNDIDGE STATION,State Democratic Executive Committee,,DEM,Sandra Mobley Scott,36
Pike,0014 BRUNDIDGE STATION,U.S. Senate,,DEM,Dakarai Larriett,15
Pike,0014 BRUNDIDGE STATION,U.S. Senate,,DEM,Everett Wess,15
Pike,0014 BRUNDIDGE STATION,U.S. Senate,,DEM,Kyle Sweetser,8
Pike,0014 BRUNDIDGE STATION,U.S. Senate,,DEM,Mark S. Wheeler II,19
Pike,0014 BRUNDIDGE STATION,Attorney General,,REP,Jay Mitchell,7
Pike,0014 BRUNDIDGE STATION,Attorney General,,REP,Katherine Robertson,25
Pike,0014 BRUNDIDGE STATION,Attorney General,,REP,Pamela L. Casey,18
Pike,0014 BRUNDIDGE STATION,Commissioner of Agriculture and Industries,,REP,Christina Woerner McInnis,15
Pike,0014 BRUNDIDGE STATION,Commissioner of Agriculture and Industries,,REP,Cory Hill,20
Pike,0014 BRUNDIDGE STATION,Commissioner of Agriculture and Industries,,REP,Jack Williams,9
Pike,0014 BRUNDIDGE STATION,Governor,,REP,"""Alabama"" Will Santivasci",2
Pike,0014 BRUNDIDGE STATION,Governor,,REP,Ken McFeeters,0
Pike,0014 BRUNDIDGE STATION,Governor,,REP,Thomas Tuberville,47
Pike,0014 BRUNDIDGE STATION,Lieutenant Governor,,REP,George Childress,0
Pike,0014 BRUNDIDGE STATION,Lieutenant Governor,,REP,John Wahl,5
Pike,0014 BRUNDIDGE STATION,Lieutenant Governor,,REP,Nicole Jones Wadsworth,1
Pike,0014 BRUNDIDGE STATION,Lieutenant Governor,,REP,Pat Bishop,2
Pike,0014 BRUNDIDGE STATION,Lieutenant Governor,,REP,Rick Pate,0
Pike,0014 BRUNDIDGE STATION,Lieutenant Governor,,REP,Stewart Hill Tankersley,0
Pike,0014 BRUNDIDGE STATION,Lieutenant Governor,,REP,Wes Allen,43
Pike,0014 BRUNDIDGE STATION,"Public Service Commission, Place No. 1",,REP,Jeremy H. Oden,4
Pike,0014 BRUNDIDGE STATION,"Public Service Commission, Place No. 1",,REP,Matt Gentry,37
Pike,0014 BRUNDIDGE STATION,"Public Service Commission, Place No. 2",,REP,Brent Woodall,1
Pike,0014 BRUNDIDGE STATION,"Public Service Commission, Place No. 2",,REP,Chris Beeker,18
Pike,0014 BRUNDIDGE STATION,"Public Service Commission, Place No. 2",,REP,Jim Zig Zeigler,22
Pike,0014 BRUNDIDGE STATION,"Public Service Commission, Place No. 2",,REP,Priscilla Andrews,4
Pike,0014 BRUNDIDGE STATION,Secretary of State,,REP,Caroleene Dobson,46
Pike,0014 BRUNDIDGE STATION,Secretary of State,,REP,Christopher Christian Horn,1
Pike,0014 BRUNDIDGE STATION,Secretary of State,,REP,Glenda S. Jackson,2
Pike,0014 BRUNDIDGE STATION,State Auditor,,REP,Andrew Sorrell,25
Pike,0014 BRUNDIDGE STATION,State Auditor,,REP,Derek Chen,24
Pike,0014 BRUNDIDGE STATION,State Treasurer,,REP,Steve Lolley,10
Pike,0014 BRUNDIDGE STATION,State Treasurer,,REP,Young Boozer,38
Pike,0014 BRUNDIDGE STATION,U.S. Senate,,REP,Barry Moore,34
Pike,0014 BRUNDIDGE STATION,U.S. Senate,,REP,Dale Shelton Deas Jr.,0
Pike,0014 BRUNDIDGE STATION,U.S. Senate,,REP,Jared Hudson,2
Pike,0014 BRUNDIDGE STATION,U.S. Senate,,REP,Morgan Murphy,1
Pike,0014 BRUNDIDGE STATION,U.S. Senate,,REP,Rodney Walker,2
Pike,0014 BRUNDIDGE STATION,U.S. Senate,,REP,Seth Burton,0
Pike,0014 BRUNDIDGE STATION,U.S. Senate,,REP,Steve Marshall,11
Pike,0015 TENNILLE METHODIST CH,Proposed Statewide Amendment 1,,,No,4
Pike,0015 TENNILLE METHODIST CH,Proposed Statewide Amendment 1,,,Yes,30
Pike,0015 TENNILLE METHODIST CH,Proposed Statewide Amendment 2,,,No,23
Pike,0015 TENNILLE METHODIST CH,Proposed Statewide Amendment 2,,,Yes,10
Pike,0015 TENNILLE METHODIST CH,Governor,,DEM,Unverified Candidate 2,0
Pike,0015 TENNILLE METHODIST CH,Governor,,DEM,Unverified Candidate 3,0
Pike,0015 TENNILLE METHODIST CH,Governor,,DEM,Unverified Candidate 4,2
Pike,0015 TENNILLE METHODIST CH,Governor,,DEM,Unverified Candidate 5,0
Pike,0015 TENNILLE METHODIST CH,Governor,,DEM,Unverified Candidate 6,0
Pike,0015 TENNILLE METHODIST CH,Governor,,DEM,Will Boyd,0
Pike,0015 TENNILLE METHODIST CH,Lieutenant Governor,,DEM,Darryl D. Perryman,0
Pike,0015 TENNILLE METHODIST CH,Lieutenant Governor,,DEM,Phillip Ensler,2
Pike,0015 TENNILLE METHODIST CH,"Public Service Commission, Place No. 1",,DEM,James O. Gordon,2
Pike,0015 TENNILLE METHODIST CH,"Public Service Commission, Place No. 1",,DEM,Jeff Ramsey,0
Pike,0015 TENNILLE METHODIST CH,"Public Service Commission, Place No. 1",,DEM,John Northrop,0
Pike,0015 TENNILLE METHODIST CH,State Democratic Executive Committee,,DEM,Jesse Kelley,0
Pike,0015 TENNILLE METHODIST CH,State Democratic Executive Committee,,DEM,Sandra Mobley Scott,2
Pike,0015 TENNILLE METHODIST CH,U.S. Senate,,DEM,Dakarai Larriett,0
Pike,0015 TENNILLE METHODIST CH,U.S. Senate,,DEM,Everett Wess,0
Pike,0015 TENNILLE METHODIST CH,U.S. Senate,,DEM,Kyle Sweetser,0
Pike,0015 TENNILLE METHODIST CH,U.S. Senate,,DEM,Mark S. Wheeler II,2
Pike,0015 TENNILLE METHODIST CH,Attorney General,,REP,Jay Mitchell,10
Pike,0015 TENNILLE METHODIST CH,Attorney General,,REP,Katherine Robertson,11
Pike,0015 TENNILLE METHODIST CH,Attorney General,,REP,Pamela L. Casey,9
Pike,0015 TENNILLE METHODIST CH,Commissioner of Agriculture and Industries,,REP,Christina Woerner McInnis,6
Pike,0015 TENNILLE METHODIST CH,Commissioner of Agriculture and Industries,,REP,Cory Hill,19
Pike,0015 TENNILLE METHODIST CH,Commissioner of Agriculture and Industries,,REP,Jack Williams,6
Pike,0015 TENNILLE METHODIST CH,Governor,,REP,"""Alabama"" Will Santivasci",0
Pike,0015 TENNILLE METHODIST CH,Governor,,REP,Ken McFeeters,1
Pike,0015 TENNILLE METHODIST CH,Governor,,REP,Thomas Tuberville,30
Pike,0015 TENNILLE METHODIST CH,Lieutenant Governor,,REP,George Childress,1
Pike,0015 TENNILLE METHODIST CH,Lieutenant Governor,,REP,John Wahl,3
Pike,0015 TENNILLE METHODIST CH,Lieutenant Governor,,REP,Nicole Jones Wadsworth,0
Pike,0015 TENNILLE METHODIST CH,Lieutenant Governor,,REP,Pat Bishop,2
Pike,0015 TENNILLE METHODIST CH,Lieutenant Governor,,REP,Rick Pate,1
Pike,0015 TENNILLE METHODIST CH,Lieutenant Governor,,REP,Stewart Hill Tankersley,0
Pike,0015 TENNILLE METHODIST CH,Lieutenant Governor,,REP,Wes Allen,24
Pike,0015 TENNILLE METHODIST CH,"Public Service Commission, Place No. 1",,REP,Jeremy H. Oden,8
Pike,0015 TENNILLE METHODIST CH,"Public Service Commission, Place No. 1",,REP,Matt Gentry,23
Pike,0015 TENNILLE METHODIST CH,"Public Service Commission, Place No. 2",,REP,Brent Woodall,5
Pike,0015 TENNILLE METHODIST CH,"Public Service Commission, Place No. 2",,REP,Chris Beeker,5
Pike,0015 TENNILLE METHODIST CH,"Public Service Commission, Place No. 2",,REP,Jim Zig Zeigler,17
Pike,0015 TENNILLE METHODIST CH,"Public Service Commission, Place No. 2",,REP,Priscilla Andrews,3
Pike,0015 TENNILLE METHODIST CH,Secretary of State,,REP,Caroleene Dobson,23
Pike,0015 TENNILLE METHODIST CH,Secretary of State,,REP,Christopher Christian Horn,6
Pike,0015 TENNILLE METHODIST CH,Secretary of State,,REP,Glenda S. Jackson,2
Pike,0015 TENNILLE METHODIST CH,State Auditor,,REP,Andrew Sorrell,21
Pike,0015 TENNILLE METHODIST CH,State Auditor,,REP,Derek Chen,8
Pike,0015 TENNILLE METHODIST CH,State Treasurer,,REP,Steve Lolley,17
Pike,0015 TENNILLE METHODIST CH,State Treasurer,,REP,Young Boozer,14
Pike,0015 TENNILLE METHODIST CH,U.S. Senate,,REP,Barry Moore,19
Pike,0015 TENNILLE METHODIST CH,U.S. Senate,,REP,Dale Shelton Deas Jr.,0
Pike,0015 TENNILLE METHODIST CH,U.S. Senate,,REP,Jared Hudson,4
Pike,0015 TENNILLE METHODIST CH,U.S. Senate,,REP,Morgan Murphy,0
Pike,0015 TENNILLE METHODIST CH,U.S. Senate,,REP,Rodney Walker,2
Pike,0015 TENNILLE METHODIST CH,U.S. Senate,,REP,Seth Burton,1
Pike,0015 TENNILLE METHODIST CH,U.S. Senate,,REP,Steve Marshall,5
Pike,0016 TARENTUM COMM CLUB,Proposed Statewide Amendment 1,,,No,14
Pike,0016 TARENTUM COMM CLUB,Proposed Statewide Amendment 1,,,Yes,103
Pike,0016 TARENTUM COMM CLUB,Proposed Statewide Amendment 2,,,No,49
Pike,0016 TARENTUM COMM CLUB,Proposed Statewide Amendment 2,,,Yes,65
Pike,0016 TARENTUM COMM CLUB,Governor,,DEM,Unverified Candidate 2,3
Pike,0016 TARENTUM COMM CLUB,Governor,,DEM,Unverified Candidate 3,3
Pike,0016 TARENTUM COMM CLUB,Governor,,DEM,Unverified Candidate 4,17
Pike,0016 TARENTUM COMM CLUB,Governor,,DEM,Unverified Candidate 5,0
Pike,0016 TARENTUM COMM CLUB,Governor,,DEM,Unverified Candidate 6,0
Pike,0016 TARENTUM COMM CLUB,Governor,,DEM,Will Boyd,2
Pike,0016 TARENTUM COMM CLUB,Lieutenant Governor,,DEM,Darryl D. Perryman,11
Pike,0016 TARENTUM COMM CLUB,Lieutenant Governor,,DEM,Phillip Ensler,14
Pike,0016 TARENTUM COMM CLUB,"Public Service Commission, Place No. 1",,DEM,James O. Gordon,13
Pike,0016 TARENTUM COMM CLUB,"Public Service Commission, Place No. 1",,DEM,Jeff Ramsey,10
Pike,0016 TARENTUM COMM CLUB,"Public Service Commission, Place No. 1",,DEM,John Northrop,1
Pike,0016 TARENTUM COMM CLUB,State Democratic Executive Committee,,DEM,Jesse Kelley,6
Pike,0016 TARENTUM COMM CLUB,State Democratic Executive Committee,,DEM,Sandra Mobley Scott,16
Pike,0016 TARENTUM COMM CLUB,U.S. Senate,,DEM,Dakarai Larriett,5
Pike,0016 TARENTUM COMM CLUB,U.S. Senate,,DEM,Everett Wess,9
Pike,0016 TARENTUM COMM CLUB,U.S. Senate,,DEM,Kyle Sweetser,2
Pike,0016 TARENTUM COMM CLUB,U.S. Senate,,DEM,Mark S. Wheeler II,7
Pike,0016 TARENTUM COMM CLUB,Attorney General,,REP,Jay Mitchell,34
Pike,0016 TARENTUM COMM CLUB,Attorney General,,REP,Katherine Robertson,28
Pike,0016 TARENTUM COMM CLUB,Attorney General,,REP,Pamela L. Casey,34
Pike,0016 TARENTUM COMM CLUB,Commissioner of Agriculture and Industries,,REP,Christina Woerner McInnis,27
Pike,0016 TARENTUM COMM CLUB,Commissioner of Agriculture and Industries,,REP,Cory Hill,43
Pike,0016 TARENTUM COMM CLUB,Commissioner of Agriculture and Industries,,REP,Jack Williams,21
Pike,0016 TARENTUM COMM CLUB,Governor,,REP,"""Alabama"" Will Santivasci",2
Pike,0016 TARENTUM COMM CLUB,Governor,,REP,Ken McFeeters,3
Pike,0016 TARENTUM COMM CLUB,Governor,,REP,Thomas Tuberville,96
Pike,0016 TARENTUM COMM CLUB,Lieutenant Governor,,REP,George Childress,0
Pike,0016 TARENTUM COMM CLUB,Lieutenant Governor,,REP,John Wahl,11
Pike,0016 TARENTUM COMM CLUB,Lieutenant Governor,,REP,Nicole Jones Wadsworth,0
Pike,0016 TARENTUM COMM CLUB,Lieutenant Governor,,REP,Pat Bishop,0
Pike,0016 TARENTUM COMM CLUB,Lieutenant Governor,,REP,Rick Pate,10
Pike,0016 TARENTUM COMM CLUB,Lieutenant Governor,,REP,Stewart Hill Tankersley,0
Pike,0016 TARENTUM COMM CLUB,Lieutenant Governor,,REP,Wes Allen,80
Pike,0016 TARENTUM COMM CLUB,"Public Service Commission, Place No. 1",,REP,Jeremy H. Oden,21
Pike,0016 TARENTUM COMM CLUB,"Public Service Commission, Place No. 1",,REP,Matt Gentry,64
Pike,0016 TARENTUM COMM CLUB,"Public Service Commission, Place No. 2",,REP,Brent Woodall,18
Pike,0016 TARENTUM COMM CLUB,"Public Service Commission, Place No. 2",,REP,Chris Beeker,20
Pike,0016 TARENTUM COMM CLUB,"Public Service Commission, Place No. 2",,REP,Jim Zig Zeigler,38
Pike,0016 TARENTUM COMM CLUB,"Public Service Commission, Place No. 2",,REP,Priscilla Andrews,12
Pike,0016 TARENTUM COMM CLUB,Secretary of State,,REP,Caroleene Dobson,74
Pike,0016 TARENTUM COMM CLUB,Secretary of State,,REP,Christopher Christian Horn,17
Pike,0016 TARENTUM COMM CLUB,Secretary of State,,REP,Glenda S. Jackson,3
Pike,0016 TARENTUM COMM CLUB,State Auditor,,REP,Andrew Sorrell,60
Pike,0016 TARENTUM COMM CLUB,State Auditor,,REP,Derek Chen,33
Pike,0016 TARENTUM COMM CLUB,State Treasurer,,REP,Steve Lolley,30
Pike,0016 TARENTUM COMM CLUB,State Treasurer,,REP,Young Boozer,64
Pike,0016 TARENTUM COMM CLUB,U.S. Senate,,REP,Barry Moore,58
Pike,0016 TARENTUM COMM CLUB,U.S. Senate,,REP,Dale Shelton Deas Jr.,0
Pike,0016 TARENTUM COMM CLUB,U.S. Senate,,REP,Jared Hudson,12
Pike,0016 TARENTUM COMM CLUB,U.S. Senate,,REP,Morgan Murphy,1
Pike,0016 TARENTUM COMM CLUB,U.S. Senate,,REP,Rodney Walker,3
Pike,0016 TARENTUM COMM CLUB,U.S. Senate,,REP,Seth Burton,2
Pike,0016 TARENTUM COMM CLUB,U.S. Senate,,REP,Steve Marshall,22
Pike,0017 SPRINGHILL VFD,Proposed Statewide Amendment 1,,,No,14
Pike,0017 SPRINGHILL VFD,Proposed Statewide Amendment 1,,,Yes,107
Pike,0017 SPRINGHILL VFD,Proposed Statewide Amendment 2,,,No,52
Pike,0017 SPRINGHILL VFD,Proposed Statewide Amendment 2,,,Yes,58
Pike,0017 SPRINGHILL VFD,Governor,,DEM,Unverified Candidate 2,2
Pike,0017 SPRINGHILL VFD,Governor,,DEM,Unverified Candidate 3,1
Pike,0017 SPRINGHILL VFD,Governor,,DEM,Unverified Candidate 4,14
Pike,0017 SPRINGHILL VFD,Governor,,DEM,Unverified Candidate 5,1
Pike,0017 SPRINGHILL VFD,Governor,,DEM,Unverified Candidate 6,0
Pike,0017 SPRINGHILL VFD,Governor,,DEM,Will Boyd,1
Pike,0017 SPRINGHILL VFD,Lieutenant Governor,,DEM,Darryl D. Perryman,10
Pike,0017 SPRINGHILL VFD,Lieutenant Governor,,DEM,Phillip Ensler,6
Pike,0017 SPRINGHILL VFD,"Public Service Commission, Place No. 1",,DEM,James O. Gordon,8
Pike,0017 SPRINGHILL VFD,"Public Service Commission, Place No. 1",,DEM,Jeff Ramsey,5
Pike,0017 SPRINGHILL VFD,"Public Service Commission, Place No. 1",,DEM,John Northrop,3
Pike,0017 SPRINGHILL VFD,State Democratic Executive Committee,,DEM,Jesse Kelley,7
Pike,0017 SPRINGHILL VFD,State Democratic Executive Committee,,DEM,Sandra Mobley Scott,9
Pike,0017 SPRINGHILL VFD,U.S. Senate,,DEM,Dakarai Larriett,5
Pike,0017 SPRINGHILL VFD,U.S. Senate,,DEM,Everett Wess,1
Pike,0017 SPRINGHILL VFD,U.S. Senate,,DEM,Kyle Sweetser,4
Pike,0017 SPRINGHILL VFD,U.S. Senate,,DEM,Mark S. Wheeler II,6
Pike,0017 SPRINGHILL VFD,Attorney General,,REP,Jay Mitchell,30
Pike,0017 SPRINGHILL VFD,Attorney General,,REP,Katherine Robertson,32
Pike,0017 SPRINGHILL VFD,Attorney General,,REP,Pamela L. Casey,41
Pike,0017 SPRINGHILL VFD,Commissioner of Agriculture and Industries,,REP,Christina Woerner McInnis,33
Pike,0017 SPRINGHILL VFD,Commissioner of Agriculture and Industries,,REP,Cory Hill,37
Pike,0017 SPRINGHILL VFD,Commissioner of Agriculture and Industries,,REP,Jack Williams,27
Pike,0017 SPRINGHILL VFD,Governor,,REP,"""Alabama"" Will Santivasci",4
Pike,0017 SPRINGHILL VFD,Governor,,REP,Ken McFeeters,9
Pike,0017 SPRINGHILL VFD,Governor,,REP,Thomas Tuberville,94
Pike,0017 SPRINGHILL VFD,Lieutenant Governor,,REP,George Childress,0
Pike,0017 SPRINGHILL VFD,Lieutenant Governor,,REP,John Wahl,11
Pike,0017 SPRINGHILL VFD,Lieutenant Governor,,REP,Nicole Jones Wadsworth,3
Pike,0017 SPRINGHILL VFD,Lieutenant Governor,,REP,Pat Bishop,1
Pike,0017 SPRINGHILL VFD,Lieutenant Governor,,REP,Rick Pate,3
Pike,0017 SPRINGHILL VFD,Lieutenant Governor,,REP,Stewart Hill Tankersley,3
Pike,0017 SPRINGHILL VFD,Lieutenant Governor,,REP,Wes Allen,86
Pike,0017 SPRINGHILL VFD,"Public Service Commission, Place No. 1",,REP,Jeremy H. Oden,36
Pike,0017 SPRINGHILL VFD,"Public Service Commission, Place No. 1",,REP,Matt Gentry,53
Pike,0017 SPRINGHILL VFD,"Public Service Commission, Place No. 2",,REP,Brent Woodall,9
Pike,0017 SPRINGHILL VFD,"Public Service Commission, Place No. 2",,REP,Chris Beeker,21
Pike,0017 SPRINGHILL VFD,"Public Service Commission, Place No. 2",,REP,Jim Zig Zeigler,46
Pike,0017 SPRINGHILL VFD,"Public Service Commission, Place No. 2",,REP,Priscilla Andrews,15
Pike,0017 SPRINGHILL VFD,Secretary of State,,REP,Caroleene Dobson,85
Pike,0017 SPRINGHILL VFD,Secretary of State,,REP,Christopher Christian Horn,6
Pike,0017 SPRINGHILL VFD,Secretary of State,,REP,Glenda S. Jackson,9
Pike,0017 SPRINGHILL VFD,State Auditor,,REP,Andrew Sorrell,56
Pike,0017 SPRINGHILL VFD,State Auditor,,REP,Derek Chen,40
Pike,0017 SPRINGHILL VFD,State Treasurer,,REP,Steve Lolley,22
Pike,0017 SPRINGHILL VFD,State Treasurer,,REP,Young Boozer,76
Pike,0017 SPRINGHILL VFD,U.S. Senate,,REP,Barry Moore,76
Pike,0017 SPRINGHILL VFD,U.S. Senate,,REP,Dale Shelton Deas Jr.,2
Pike,0017 SPRINGHILL VFD,U.S. Senate,,REP,Jared Hudson,5
Pike,0017 SPRINGHILL VFD,U.S. Senate,,REP,Morgan Murphy,1
Pike,0017 SPRINGHILL VFD,U.S. Senate,,REP,Rodney Walker,2
Pike,0017 SPRINGHILL VFD,U.S. Senate,,REP,Seth Burton,1
Pike,0017 SPRINGHILL VFD,U.S. Senate,,REP,Steve Marshall,16
Pike,0018 HEPHZIBAH VOTING CTR #1,Proposed Statewide Amendment 1,,,No,13
Pike,0018 HEPHZIBAH VOTING CTR #1,Proposed Statewide Amendment 1,,,Yes,125
Pike,0018 HEPHZIBAH VOTING CTR #1,Proposed Statewide Amendment 2,,,No,47
Pike,0018 HEPHZIBAH VOTING CTR #1,Proposed Statewide Amendment 2,,,Yes,83
Pike,0018 HEPHZIBAH VOTING CTR #1,Governor,,DEM,Unverified Candidate 2,1
Pike,0018 HEPHZIBAH VOTING CTR #1,Governor,,DEM,Unverified Candidate 3,2
Pike,0018 HEPHZIBAH VOTING CTR #1,Governor,,DEM,Unverified Candidate 4,12
Pike,0018 HEPHZIBAH VOTING CTR #1,Governor,,DEM,Unverified Candidate 5,1
Pike,0018 HEPHZIBAH VOTING CTR #1,Governor,,DEM,Unverified Candidate 6,0
Pike,0018 HEPHZIBAH VOTING CTR #1,Governor,,DEM,Will Boyd,0
Pike,0018 HEPHZIBAH VOTING CTR #1,Lieutenant Governor,,DEM,Darryl D. Perryman,11
Pike,0018 HEPHZIBAH VOTING CTR #1,Lieutenant Governor,,DEM,Phillip Ensler,4
Pike,0018 HEPHZIBAH VOTING CTR #1,"Public Service Commission, Place No. 1",,DEM,James O. Gordon,4
Pike,0018 HEPHZIBAH VOTING CTR #1,"Public Service Commission, Place No. 1",,DEM,Jeff Ramsey,10
Pike,0018 HEPHZIBAH VOTING CTR #1,"Public Service Commission, Place No. 1",,DEM,John Northrop,1
Pike,0018 HEPHZIBAH VOTING CTR #1,State Democratic Executive Committee,,DEM,Jesse Kelley,5
Pike,0018 HEPHZIBAH VOTING CTR #1,State Democratic Executive Committee,,DEM,Sandra Mobley Scott,9
Pike,0018 HEPHZIBAH VOTING CTR #1,U.S. Senate,,DEM,Dakarai Larriett,8
Pike,0018 HEPHZIBAH VOTING CTR #1,U.S. Senate,,DEM,Everett Wess,4
Pike,0018 HEPHZIBAH VOTING CTR #1,U.S. Senate,,DEM,Kyle Sweetser,0
Pike,0018 HEPHZIBAH VOTING CTR #1,U.S. Senate,,DEM,Mark S. Wheeler II,3
Pike,0018 HEPHZIBAH VOTING CTR #1,Attorney General,,REP,Jay Mitchell,41
Pike,0018 HEPHZIBAH VOTING CTR #1,Attorney General,,REP,Katherine Robertson,42
Pike,0018 HEPHZIBAH VOTING CTR #1,Attorney General,,REP,Pamela L. Casey,37
Pike,0018 HEPHZIBAH VOTING CTR #1,Commissioner of Agriculture and Industries,,REP,Christina Woerner McInnis,27
Pike,0018 HEPHZIBAH VOTING CTR #1,Commissioner of Agriculture and Industries,,REP,Cory Hill,45
Pike,0018 HEPHZIBAH VOTING CTR #1,Commissioner of Agriculture and Industries,,REP,Jack Williams,37
Pike,0018 HEPHZIBAH VOTING CTR #1,Governor,,REP,"""Alabama"" Will Santivasci",2
Pike,0018 HEPHZIBAH VOTING CTR #1,Governor,,REP,Ken McFeeters,5
Pike,0018 HEPHZIBAH VOTING CTR #1,Governor,,REP,Thomas Tuberville,114
Pike,0018 HEPHZIBAH VOTING CTR #1,Lieutenant Governor,,REP,George Childress,0
Pike,0018 HEPHZIBAH VOTING CTR #1,Lieutenant Governor,,REP,John Wahl,8
Pike,0018 HEPHZIBAH VOTING CTR #1,Lieutenant Governor,,REP,Nicole Jones Wadsworth,1
Pike,0018 HEPHZIBAH VOTING CTR #1,Lieutenant Governor,,REP,Pat Bishop,2
Pike,0018 HEPHZIBAH VOTING CTR #1,Lieutenant Governor,,REP,Rick Pate,5
Pike,0018 HEPHZIBAH VOTING CTR #1,Lieutenant Governor,,REP,Stewart Hill Tankersley,1
Pike,0018 HEPHZIBAH VOTING CTR #1,Lieutenant Governor,,REP,Wes Allen,107
Pike,0018 HEPHZIBAH VOTING CTR #1,"Public Service Commission, Place No. 1",,REP,Jeremy H. Oden,34
Pike,0018 HEPHZIBAH VOTING CTR #1,"Public Service Commission, Place No. 1",,REP,Matt Gentry,70
Pike,0018 HEPHZIBAH VOTING CTR #1,"Public Service Commission, Place No. 2",,REP,Brent Woodall,22
Pike,0018 HEPHZIBAH VOTING CTR #1,"Public Service Commission, Place No. 2",,REP,Chris Beeker,25
Pike,0018 HEPHZIBAH VOTING CTR #1,"Public Service Commission, Place No. 2",,REP,Jim Zig Zeigler,38
Pike,0018 HEPHZIBAH VOTING CTR #1,"Public Service Commission, Place No. 2",,REP,Priscilla Andrews,19
Pike,0018 HEPHZIBAH VOTING CTR #1,Secretary of State,,REP,Caroleene Dobson,99
Pike,0018 HEPHZIBAH VOTING CTR #1,Secretary of State,,REP,Christopher Christian Horn,11
Pike,0018 HEPHZIBAH VOTING CTR #1,Secretary of State,,REP,Glenda S. Jackson,8
Pike,0018 HEPHZIBAH VOTING CTR #1,State Auditor,,REP,Andrew Sorrell,63
Pike,0018 HEPHZIBAH VOTING CTR #1,State Auditor,,REP,Derek Chen,48
Pike,0018 HEPHZIBAH VOTING CTR #1,State Treasurer,,REP,Steve Lolley,28
Pike,0018 HEPHZIBAH VOTING CTR #1,State Treasurer,,REP,Young Boozer,93
Pike,0018 HEPHZIBAH VOTING CTR #1,U.S. Senate,,REP,Barry Moore,66
Pike,0018 HEPHZIBAH VOTING CTR #1,U.S. Senate,,REP,Dale Shelton Deas Jr.,1
Pike,0018 HEPHZIBAH VOTING CTR #1,U.S. Senate,,REP,Jared Hudson,19
Pike,0018 HEPHZIBAH VOTING CTR #1,U.S. Senate,,REP,Morgan Murphy,0
Pike,0018 HEPHZIBAH VOTING CTR #1,U.S. Senate,,REP,Rodney Walker,5
Pike,0018 HEPHZIBAH VOTING CTR #1,U.S. Senate,,REP,Seth Burton,0
Pike,0018 HEPHZIBAH VOTING CTR #1,U.S. Senate,,REP,Steve Marshall,29
Pike,0019 GALLOWAY RD COMM CTR,Proposed Statewide Amendment 1,,,No,86
Pike,0019 GALLOWAY RD COMM CTR,Proposed Statewide Amendment 1,,,Yes,259
Pike,0019 GALLOWAY RD COMM CTR,Proposed Statewide Amendment 2,,,No,151
Pike,0019 GALLOWAY RD COMM CTR,Proposed Statewide Amendment 2,,,Yes,180
Pike,0019 GALLOWAY RD COMM CTR,Governor,,DEM,Unverified Candidate 2,24
Pike,0019 GALLOWAY RD COMM CTR,Governor,,DEM,Unverified Candidate 3,19
Pike,0019 GALLOWAY RD COMM CTR,Governor,,DEM,Unverified Candidate 4,210
Pike,0019 GALLOWAY RD COMM CTR,Governor,,DEM,Unverified Candidate 5,6
Pike,0019 GALLOWAY RD COMM CTR,Governor,,DEM,Unverified Candidate 6,4
Pike,0019 GALLOWAY RD COMM CTR,Governor,,DEM,Will Boyd,23
Pike,0019 GALLOWAY RD COMM CTR,Lieutenant Governor,,DEM,Darryl D. Perryman,153
Pike,0019 GALLOWAY RD COMM CTR,Lieutenant Governor,,DEM,Phillip Ensler,112
Pike,0019 GALLOWAY RD COMM CTR,"Public Service Commission, Place No. 1",,DEM,James O. Gordon,144
Pike,0019 GALLOWAY RD COMM CTR,"Public Service Commission, Place No. 1",,DEM,Jeff Ramsey,91
Pike,0019 GALLOWAY RD COMM CTR,"Public Service Commission, Place No. 1",,DEM,John Northrop,30
Pike,0019 GALLOWAY RD COMM CTR,State Democratic Executive Committee,,DEM,Jesse Kelley,102
Pike,0019 GALLOWAY RD COMM CTR,State Democratic Executive Committee,,DEM,Sandra Mobley Scott,166
Pike,0019 GALLOWAY RD COMM CTR,U.S. Senate,,DEM,Dakarai Larriett,90
Pike,0019 GALLOWAY RD COMM CTR,U.S. Senate,,DEM,Everett Wess,76
Pike,0019 GALLOWAY RD COMM CTR,U.S. Senate,,DEM,Kyle Sweetser,28
Pike,0019 GALLOWAY RD COMM CTR,U.S. Senate,,DEM,Mark S. Wheeler II,74
Pike,0019 GALLOWAY RD COMM CTR,Attorney General,,REP,Jay Mitchell,22
Pike,0019 GALLOWAY RD COMM CTR,Attorney General,,REP,Katherine Robertson,34
Pike,0019 GALLOWAY RD COMM CTR,Attorney General,,REP,Pamela L. Casey,15
Pike,0019 GALLOWAY RD COMM CTR,Commissioner of Agriculture and Industries,,REP,Christina Woerner McInnis,16
Pike,0019 GALLOWAY RD COMM CTR,Commissioner of Agriculture and Industries,,REP,Cory Hill,39
Pike,0019 GALLOWAY RD COMM CTR,Commissioner of Agriculture and Industries,,REP,Jack Williams,16
Pike,0019 GALLOWAY RD COMM CTR,Governor,,REP,"""Alabama"" Will Santivasci",1
Pike,0019 GALLOWAY RD COMM CTR,Governor,,REP,Ken McFeeters,4
Pike,0019 GALLOWAY RD COMM CTR,Governor,,REP,Thomas Tuberville,71
Pike,0019 GALLOWAY RD COMM CTR,Lieutenant Governor,,REP,George Childress,0
Pike,0019 GALLOWAY RD COMM CTR,Lieutenant Governor,,REP,John Wahl,5
Pike,0019 GALLOWAY RD COMM CTR,Lieutenant Governor,,REP,Nicole Jones Wadsworth,1
Pike,0019 GALLOWAY RD COMM CTR,Lieutenant Governor,,REP,Pat Bishop,0
Pike,0019 GALLOWAY RD COMM CTR,Lieutenant Governor,,REP,Rick Pate,5
Pike,0019 GALLOWAY RD COMM CTR,Lieutenant Governor,,REP,Stewart Hill Tankersley,1
Pike,0019 GALLOWAY RD COMM CTR,Lieutenant Governor,,REP,Wes Allen,64
Pike,0019 GALLOWAY RD COMM CTR,"Public Service Commission, Place No. 1",,REP,Jeremy H. Oden,28
Pike,0019 GALLOWAY RD COMM CTR,"Public Service Commission, Place No. 1",,REP,Matt Gentry,40
Pike,0019 GALLOWAY RD COMM CTR,"Public Service Commission, Place No. 2",,REP,Brent Woodall,15
Pike,0019 GALLOWAY RD COMM CTR,"Public Service Commission, Place No. 2",,REP,Chris Beeker,14
Pike,0019 GALLOWAY RD COMM CTR,"Public Service Commission, Place No. 2",,REP,Jim Zig Zeigler,32
Pike,0019 GALLOWAY RD COMM CTR,"Public Service Commission, Place No. 2",,REP,Priscilla Andrews,8
Pike,0019 GALLOWAY RD COMM CTR,Secretary of State,,REP,Caroleene Dobson,63
Pike,0019 GALLOWAY RD COMM CTR,Secretary of State,,REP,Christopher Christian Horn,6
Pike,0019 GALLOWAY RD COMM CTR,Secretary of State,,REP,Glenda S. Jackson,1
Pike,0019 GALLOWAY RD COMM CTR,State Auditor,,REP,Andrew Sorrell,31
Pike,0019 GALLOWAY RD COMM CTR,State Auditor,,REP,Derek Chen,37
Pike,0019 GALLOWAY RD COMM CTR,State Treasurer,,REP,Steve Lolley,19
Pike,0019 GALLOWAY RD COMM CTR,State Treasurer,,REP,Young Boozer,50
Pike,0019 GALLOWAY RD COMM CTR,U.S. Senate,,REP,Barry Moore,47
Pike,0019 GALLOWAY RD COMM CTR,U.S. Senate,,REP,Dale Shelton Deas Jr.,0
Pike,0019 GALLOWAY RD COMM CTR,U.S. Senate,,REP,Jared Hudson,5
Pike,0019 GALLOWAY RD COMM CTR,U.S. Senate,,REP,Morgan Murphy,0
Pike,0019 GALLOWAY RD COMM CTR,U.S. Senate,,REP,Rodney Walker,2
Pike,0019 GALLOWAY RD COMM CTR,U.S. Senate,,REP,Seth Burton,0
Pike,0019 GALLOWAY RD COMM CTR,U.S. Senate,,REP,Steve Marshall,20
Pike,0020 SPRINGHILL HOUSING,Proposed Statewide Amendment 1,,,No,22
Pike,0020 SPRINGHILL HOUSING,Proposed Statewide Amendment 1,,,Yes,68
Pike,0020 SPRINGHILL HOUSING,Proposed Statewide Amendment 2,,,No,41
Pike,0020 SPRINGHILL HOUSING,Proposed Statewide Amendment 2,,,Yes,41
Pike,0020 SPRINGHILL HOUSING,Governor,,DEM,Unverified Candidate 2,5
Pike,0020 SPRINGHILL HOUSING,Governor,,DEM,Unverified Candidate 3,4
Pike,0020 SPRINGHILL HOUSING,Governor,,DEM,Unverified Candidate 4,36
Pike,0020 SPRINGHILL HOUSING,Governor,,DEM,Unverified Candidate 5,0
Pike,0020 SPRINGHILL HOUSING,Governor,,DEM,Unverified Candidate 6,1
Pike,0020 SPRINGHILL HOUSING,Governor,,DEM,Will Boyd,6
Pike,0020 SPRINGHILL HOUSING,Lieutenant Governor,,DEM,Darryl D. Perryman,34
Pike,0020 SPRINGHILL HOUSING,Lieutenant Governor,,DEM,Phillip Ensler,15
Pike,0020 SPRINGHILL HOUSING,"Public Service Commission, Place No. 1",,DEM,James O. Gordon,31
Pike,0020 SPRINGHILL HOUSING,"Public Service Commission, Place No. 1",,DEM,Jeff Ramsey,15
Pike,0020 SPRINGHILL HOUSING,"Public Service Commission, Place No. 1",,DEM,John Northrop,3
Pike,0020 SPRINGHILL HOUSING,State Democratic Executive Committee,,DEM,Jesse Kelley,21
Pike,0020 SPRINGHILL HOUSING,State Democratic Executive Committee,,DEM,Sandra Mobley Scott,29
Pike,0020 SPRINGHILL HOUSING,U.S. Senate,,DEM,Dakarai Larriett,19
Pike,0020 SPRINGHILL HOUSING,U.S. Senate,,DEM,Everett Wess,13
Pike,0020 SPRINGHILL HOUSING,U.S. Senate,,DEM,Kyle Sweetser,1
Pike,0020 SPRINGHILL HOUSING,U.S. Senate,,DEM,Mark S. Wheeler II,16
Pike,0020 SPRINGHILL HOUSING,Attorney General,,REP,Jay Mitchell,11
Pike,0020 SPRINGHILL HOUSING,Attorney General,,REP,Katherine Robertson,20
Pike,0020 SPRINGHILL HOUSING,Attorney General,,REP,Pamela L. Casey,8
Pike,0020 SPRINGHILL HOUSING,Commissioner of Agriculture and Industries,,REP,Christina Woerner McInnis,11
Pike,0020 SPRINGHILL HOUSING,Commissioner of Agriculture and Industries,,REP,Cory Hill,16
Pike,0020 SPRINGHILL HOUSING,Commissioner of Agriculture and Industries,,REP,Jack Williams,9
Pike,0020 SPRINGHILL HOUSING,Governor,,REP,"""Alabama"" Will Santivasci",2
Pike,0020 SPRINGHILL HOUSING,Governor,,REP,Ken McFeeters,3
Pike,0020 SPRINGHILL HOUSING,Governor,,REP,Thomas Tuberville,37
Pike,0020 SPRINGHILL HOUSING,Lieutenant Governor,,REP,George Childress,0
Pike,0020 SPRINGHILL HOUSING,Lieutenant Governor,,REP,John Wahl,4
Pike,0020 SPRINGHILL HOUSING,Lieutenant Governor,,REP,Nicole Jones Wadsworth,0
Pike,0020 SPRINGHILL HOUSING,Lieutenant Governor,,REP,Pat Bishop,0
Pike,0020 SPRINGHILL HOUSING,Lieutenant Governor,,REP,Rick Pate,4
Pike,0020 SPRINGHILL HOUSING,Lieutenant Governor,,REP,Stewart Hill Tankersley,0
Pike,0020 SPRINGHILL HOUSING,Lieutenant Governor,,REP,Wes Allen,33
Pike,0020 SPRINGHILL HOUSING,"Public Service Commission, Place No. 1",,REP,Jeremy H. Oden,11
Pike,0020 SPRINGHILL HOUSING,"Public Service Commission, Place No. 1",,REP,Matt Gentry,18
Pike,0020 SPRINGHILL HOUSING,"Public Service Commission, Place No. 2",,REP,Brent Woodall,4
Pike,0020 SPRINGHILL HOUSING,"Public Service Commission, Place No. 2",,REP,Chris Beeker,7
Pike,0020 SPRINGHILL HOUSING,"Public Service Commission, Place No. 2",,REP,Jim Zig Zeigler,21
Pike,0020 SPRINGHILL HOUSING,"Public Service Commission, Place No. 2",,REP,Priscilla Andrews,4
Pike,0020 SPRINGHILL HOUSING,Secretary of State,,REP,Caroleene Dobson,32
Pike,0020 SPRINGHILL HOUSING,Secretary of State,,REP,Christopher Christian Horn,3
Pike,0020 SPRINGHILL HOUSING,Secretary of State,,REP,Glenda S. Jackson,2
Pike,0020 SPRINGHILL HOUSING,State Auditor,,REP,Andrew Sorrell,18
Pike,0020 SPRINGHILL HOUSING,State Auditor,,REP,Derek Chen,15
Pike,0020 SPRINGHILL HOUSING,State Treasurer,,REP,Steve Lolley,7
Pike,0020 SPRINGHILL HOUSING,State Treasurer,,REP,Young Boozer,33
Pike,0020 SPRINGHILL HOUSING,U.S. Senate,,REP,Barry Moore,27
Pike,0020 SPRINGHILL HOUSING,U.S. Senate,,REP,Dale Shelton Deas Jr.,0
Pike,0020 SPRINGHILL HOUSING,U.S. Senate,,REP,Jared Hudson,2
Pike,0020 SPRINGHILL HOUSING,U.S. Senate,,REP,Morgan Murphy,0
Pike,0020 SPRINGHILL HOUSING,U.S. Senate,,REP,Rodney Walker,2
Pike,0020 SPRINGHILL HOUSING,U.S. Senate,,REP,Seth Burton,2
Pike,0020 SPRINGHILL HOUSING,U.S. Senate,,REP,Steve Marshall,8
Pike,0021 PIKE CO COURTHOUSE,Proposed Statewide Amendment 1,,,No,60
Pike,0021 PIKE CO COURTHOUSE,Proposed Statewide Amendment 1,,,Yes,268
Pike,0021 PIKE CO COURTHOUSE,Proposed Statewide Amendment 2,,,No,131
Pike,0021 PIKE CO COURTHOUSE,Proposed Statewide Amendment 2,,,Yes,192
Pike,0021 PIKE CO COURTHOUSE,Governor,,DEM,Unverified Candidate 2,43
Pike,0021 PIKE CO COURTHOUSE,Governor,,DEM,Unverified Candidate 3,19
Pike,0021 PIKE CO COURTHOUSE,Governor,,DEM,Unverified Candidate 4,198
Pike,0021 PIKE CO COURTHOUSE,Governor,,DEM,Unverified Candidate 5,4
Pike,0021 PIKE CO COURTHOUSE,Governor,,DEM,Unverified Candidate 6,3
Pike,0021 PIKE CO COURTHOUSE,Governor,,DEM,Will Boyd,25
Pike,0021 PIKE CO COURTHOUSE,Lieutenant Governor,,DEM,Darryl D. Perryman,151
Pike,0021 PIKE CO COURTHOUSE,Lieutenant Governor,,DEM,Phillip Ensler,128
Pike,0021 PIKE CO COURTHOUSE,"Public Service Commission, Place No. 1",,DEM,James O. Gordon,154
Pike,0021 PIKE CO COURTHOUSE,"Public Service Commission, Place No. 1",,DEM,Jeff Ramsey,94
Pike,0021 PIKE CO COURTHOUSE,"Public Service Commission, Place No. 1",,DEM,John Northrop,34
Pike,0021 PIKE CO COURTHOUSE,State Democratic Executive Committee,,DEM,Jesse Kelley,77
Pike,0021 PIKE CO COURTHOUSE,State Democratic Executive Committee,,DEM,Sandra Mobley Scott,206
Pike,0021 PIKE CO COURTHOUSE,U.S. Senate,,DEM,Dakarai Larriett,112
Pike,0021 PIKE CO COURTHOUSE,U.S. Senate,,DEM,Everett Wess,78
Pike,0021 PIKE CO COURTHOUSE,U.S. Senate,,DEM,Kyle Sweetser,27
Pike,0021 PIKE CO COURTHOUSE,U.S. Senate,,DEM,Mark S. Wheeler II,64
Pike,0021 PIKE CO COURTHOUSE,Attorney General,,REP,Jay Mitchell,17
Pike,0021 PIKE CO COURTHOUSE,Attorney General,,REP,Katherine Robertson,7
Pike,0021 PIKE CO COURTHOUSE,Attorney General,,REP,Pamela L. Casey,12
Pike,0021 PIKE CO COURTHOUSE,Commissioner of Agriculture and Industries,,REP,Christina Woerner McInnis,5
Pike,0021 PIKE CO COURTHOUSE,Commissioner of Agriculture and Industries,,REP,Cory Hill,10
Pike,0021 PIKE CO COURTHOUSE,Commissioner of Agriculture and Industries,,REP,Jack Williams,18
Pike,0021 PIKE CO COURTHOUSE,Governor,,REP,"""Alabama"" Will Santivasci",2
Pike,0021 PIKE CO COURTHOUSE,Governor,,REP,Ken McFeeters,1
Pike,0021 PIKE CO COURTHOUSE,Governor,,REP,Thomas Tuberville,34
Pike,0021 PIKE CO COURTHOUSE,Lieutenant Governor,,REP,George Childress,0
Pike,0021 PIKE CO COURTHOUSE,Lieutenant Governor,,REP,John Wahl,4
Pike,0021 PIKE CO COURTHOUSE,Lieutenant Governor,,REP,Nicole Jones Wadsworth,0
Pike,0021 PIKE CO COURTHOUSE,Lieutenant Governor,,REP,Pat Bishop,1
Pike,0021 PIKE CO COURTHOUSE,Lieutenant Governor,,REP,Rick Pate,1
Pike,0021 PIKE CO COURTHOUSE,Lieutenant Governor,,REP,Stewart Hill Tankersley,0
Pike,0021 PIKE CO COURTHOUSE,Lieutenant Governor,,REP,Wes Allen,32
Pike,0021 PIKE CO COURTHOUSE,"Public Service Commission, Place No. 1",,REP,Jeremy H. Oden,12
Pike,0021 PIKE CO COURTHOUSE,"Public Service Commission, Place No. 1",,REP,Matt Gentry,20
Pike,0021 PIKE CO COURTHOUSE,"Public Service Commission, Place No. 2",,REP,Brent Woodall,7
Pike,0021 PIKE CO COURTHOUSE,"Public Service Commission, Place No. 2",,REP,Chris Beeker,4
Pike,0021 PIKE CO COURTHOUSE,"Public Service Commission, Place No. 2",,REP,Jim Zig Zeigler,12
Pike,0021 PIKE CO COURTHOUSE,"Public Service Commission, Place No. 2",,REP,Priscilla Andrews,9
Pike,0021 PIKE CO COURTHOUSE,Secretary of State,,REP,Caroleene Dobson,27
Pike,0021 PIKE CO COURTHOUSE,Secretary of State,,REP,Christopher Christian Horn,6
Pike,0021 PIKE CO COURTHOUSE,Secretary of State,,REP,Glenda S. Jackson,1
Pike,0021 PIKE CO COURTHOUSE,State Auditor,,REP,Andrew Sorrell,24
Pike,0021 PIKE CO COURTHOUSE,State Auditor,,REP,Derek Chen,9
Pike,0021 PIKE CO COURTHOUSE,State Treasurer,,REP,Steve Lolley,13
Pike,0021 PIKE CO COURTHOUSE,State Treasurer,,REP,Young Boozer,21
Pike,0021 PIKE CO COURTHOUSE,U.S. Senate,,REP,Barry Moore,23
Pike,0021 PIKE CO COURTHOUSE,U.S. Senate,,REP,Dale Shelton Deas Jr.,0
Pike,0021 PIKE CO COURTHOUSE,U.S. Senate,,REP,Jared Hudson,3
Pike,0021 PIKE CO COURTHOUSE,U.S. Senate,,REP,Morgan Murphy,0
Pike,0021 PIKE CO COURTHOUSE,U.S. Senate,,REP,Rodney Walker,1
Pike,0021 PIKE CO COURTHOUSE,U.S. Senate,,REP,Seth Burton,4
Pike,0021 PIKE CO COURTHOUSE,U.S. Senate,,REP,Steve Marshall,5
Pike,0022 FIRST BAPTIST CHURCH,Proposed Statewide Amendment 1,,,No,56
Pike,0022 FIRST BAPTIST CHURCH,Proposed Statewide Amendment 1,,,Yes,455
Pike,0022 FIRST BAPTIST CHURCH,Proposed Statewide Amendment 2,,,No,172
Pike,0022 FIRST BAPTIST CHURCH,Proposed Statewide Amendment 2,,,Yes,318
Pike,0022 FIRST BAPTIST CHURCH,Governor,,DEM,Unverified Candidate 2,11
Pike,0022 FIRST BAPTIST CHURCH,Governor,,DEM,Unverified Candidate 3,3
Pike,0022 FIRST BAPTIST CHURCH,Governor,,DEM,Unverified Candidate 4,137
Pike,0022 FIRST BAPTIST CHURCH,Governor,,DEM,Unverified Candidate 5,3
Pike,0022 FIRST BAPTIST CHURCH,Governor,,DEM,Unverified Candidate 6,1
Pike,0022 FIRST BAPTIST CHURCH,Governor,,DEM,Will Boyd,10
Pike,0022 FIRST BAPTIST CHURCH,Lieutenant Governor,,DEM,Darryl D. Perryman,62
Pike,0022 FIRST BAPTIST CHURCH,Lieutenant Governor,,DEM,Phillip Ensler,96
Pike,0022 FIRST BAPTIST CHURCH,"Public Service Commission, Place No. 1",,DEM,James O. Gordon,73
Pike,0022 FIRST BAPTIST CHURCH,"Public Service Commission, Place No. 1",,DEM,Jeff Ramsey,50
Pike,0022 FIRST BAPTIST CHURCH,"Public Service Commission, Place No. 1",,DEM,John Northrop,25
Pike,0022 FIRST BAPTIST CHURCH,State Democratic Executive Committee,,DEM,Jesse Kelley,51
Pike,0022 FIRST BAPTIST CHURCH,State Democratic Executive Committee,,DEM,Sandra Mobley Scott,102
Pike,0022 FIRST BAPTIST CHURCH,U.S. Senate,,DEM,Dakarai Larriett,48
Pike,0022 FIRST BAPTIST CHURCH,U.S. Senate,,DEM,Everett Wess,50
Pike,0022 FIRST BAPTIST CHURCH,U.S. Senate,,DEM,Kyle Sweetser,21
Pike,0022 FIRST BAPTIST CHURCH,U.S. Senate,,DEM,Mark S. Wheeler II,39
Pike,0022 FIRST BAPTIST CHURCH,Attorney General,,REP,Jay Mitchell,97
Pike,0022 FIRST BAPTIST CHURCH,Attorney General,,REP,Katherine Robertson,122
Pike,0022 FIRST BAPTIST CHURCH,Attorney General,,REP,Pamela L. Casey,121
Pike,0022 FIRST BAPTIST CHURCH,Commissioner of Agriculture and Industries,,REP,Christina Woerner McInnis,82
Pike,0022 FIRST BAPTIST CHURCH,Commissioner of Agriculture and Industries,,REP,Cory Hill,172
Pike,0022 FIRST BAPTIST CHURCH,Commissioner of Agriculture and Industries,,REP,Jack Williams,73
Pike,0022 FIRST BAPTIST CHURCH,Governor,,REP,"""Alabama"" Will Santivasci",16
Pike,0022 FIRST BAPTIST CHURCH,Governor,,REP,Ken McFeeters,31
Pike,0022 FIRST BAPTIST CHURCH,Governor,,REP,Thomas Tuberville,304
Pike,0022 FIRST BAPTIST CHURCH,Lieutenant Governor,,REP,George Childress,1
Pike,0022 FIRST BAPTIST CHURCH,Lieutenant Governor,,REP,John Wahl,35
Pike,0022 FIRST BAPTIST CHURCH,Lieutenant Governor,,REP,Nicole Jones Wadsworth,6
Pike,0022 FIRST BAPTIST CHURCH,Lieutenant Governor,,REP,Pat Bishop,5
Pike,0022 FIRST BAPTIST CHURCH,Lieutenant Governor,,REP,Rick Pate,5
Pike,0022 FIRST BAPTIST CHURCH,Lieutenant Governor,,REP,Stewart Hill Tankersley,6
Pike,0022 FIRST BAPTIST CHURCH,Lieutenant Governor,,REP,Wes Allen,299
Pike,0022 FIRST BAPTIST CHURCH,"Public Service Commission, Place No. 1",,REP,Jeremy H. Oden,98
Pike,0022 FIRST BAPTIST CHURCH,"Public Service Commission, Place No. 1",,REP,Matt Gentry,209
Pike,0022 FIRST BAPTIST CHURCH,"Public Service Commission, Place No. 2",,REP,Brent Woodall,64
Pike,0022 FIRST BAPTIST CHURCH,"Public Service Commission, Place No. 2",,REP,Chris Beeker,80
Pike,0022 FIRST BAPTIST CHURCH,"Public Service Commission, Place No. 2",,REP,Jim Zig Zeigler,136
Pike,0022 FIRST BAPTIST CHURCH,"Public Service Commission, Place No. 2",,REP,Priscilla Andrews,32
Pike,0022 FIRST BAPTIST CHURCH,Secretary of State,,REP,Caroleene Dobson,294
Pike,0022 FIRST BAPTIST CHURCH,Secretary of State,,REP,Christopher Christian Horn,31
Pike,0022 FIRST BAPTIST CHURCH,Secretary of State,,REP,Glenda S. Jackson,17
Pike,0022 FIRST BAPTIST CHURCH,State Auditor,,REP,Andrew Sorrell,186
Pike,0022 FIRST BAPTIST CHURCH,State Auditor,,REP,Derek Chen,144
Pike,0022 FIRST BAPTIST CHURCH,State Treasurer,,REP,Steve Lolley,68
Pike,0022 FIRST BAPTIST CHURCH,State Treasurer,,REP,Young Boozer,270
Pike,0022 FIRST BAPTIST CHURCH,U.S. Senate,,REP,Barry Moore,189
Pike,0022 FIRST BAPTIST CHURCH,U.S. Senate,,REP,Dale Shelton Deas Jr.,5
Pike,0022 FIRST BAPTIST CHURCH,U.S. Senate,,REP,Jared Hudson,58
Pike,0022 FIRST BAPTIST CHURCH,U.S. Senate,,REP,Morgan Murphy,3
Pike,0022 FIRST BAPTIST CHURCH,U.S. Senate,,REP,Rodney Walker,8
Pike,0022 FIRST BAPTIST CHURCH,U.S. Senate,,REP,Seth Burton,11
Pike,0022 FIRST BAPTIST CHURCH,U.S. Senate,,REP,Steve Marshall,78
Pike,0023 HENDERSON VOTING CTR #1,Proposed Statewide Amendment 1,,,No,1
Pike,0023 HENDERSON VOTING CTR #1,Proposed Statewide Amendment 1,,,Yes,52
Pike,0023 HENDERSON VOTING CTR #1,Proposed Statewide Amendment 2,,,No,18
Pike,0023 HENDERSON VOTING CTR #1,Proposed Statewide Amendment 2,,,Yes,33
Pike,0023 HENDERSON VOTING CTR #1,Governor,,DEM,Unverified Candidate 2,0
Pike,0023 HENDERSON VOTING CTR #1,Governor,,DEM,Unverified Candidate 3,0
Pike,0023 HENDERSON VOTING CTR #1,Governor,,DEM,Unverified Candidate 4,5
Pike,0023 HENDERSON VOTING CTR #1,Governor,,DEM,Unverified Candidate 5,0
Pike,0023 HENDERSON VOTING CTR #1,Governor,,DEM,Unverified Candidate 6,0
Pike,0023 HENDERSON VOTING CTR #1,Governor,,DEM,Will Boyd,1
Pike,0023 HENDERSON VOTING CTR #1,Lieutenant Governor,,DEM,Darryl D. Perryman,5
Pike,0023 HENDERSON VOTING CTR #1,Lieutenant Governor,,DEM,Phillip Ensler,1
Pike,0023 HENDERSON VOTING CTR #1,"Public Service Commission, Place No. 1",,DEM,James O. Gordon,2
Pike,0023 HENDERSON VOTING CTR #1,"Public Service Commission, Place No. 1",,DEM,Jeff Ramsey,2
Pike,0023 HENDERSON VOTING CTR #1,"Public Service Commission, Place No. 1",,DEM,John Northrop,1
Pike,0023 HENDERSON VOTING CTR #1,State Democratic Executive Committee,,DEM,Jesse Kelley,2
Pike,0023 HENDERSON VOTING CTR #1,State Democratic Executive Committee,,DEM,Sandra Mobley Scott,4
Pike,0023 HENDERSON VOTING CTR #1,U.S. Senate,,DEM,Dakarai Larriett,1
Pike,0023 HENDERSON VOTING CTR #1,U.S. Senate,,DEM,Everett Wess,1
Pike,0023 HENDERSON VOTING CTR #1,U.S. Senate,,DEM,Kyle Sweetser,0
Pike,0023 HENDERSON VOTING CTR #1,U.S. Senate,,DEM,Mark S. Wheeler II,3
Pike,0023 HENDERSON VOTING CTR #1,Attorney General,,REP,Jay Mitchell,14
Pike,0023 HENDERSON VOTING CTR #1,Attorney General,,REP,Katherine Robertson,14
Pike,0023 HENDERSON VOTING CTR #1,Attorney General,,REP,Pamela L. Casey,18
Pike,0023 HENDERSON VOTING CTR #1,Commissioner of Agriculture and Industries,,REP,Christina Woerner McInnis,10
Pike,0023 HENDERSON VOTING CTR #1,Commissioner of Agriculture and Industries,,REP,Cory Hill,15
Pike,0023 HENDERSON VOTING CTR #1,Commissioner of Agriculture and Industries,,REP,Jack Williams,20
Pike,0023 HENDERSON VOTING CTR #1,Governor,,REP,"""Alabama"" Will Santivasci",2
Pike,0023 HENDERSON VOTING CTR #1,Governor,,REP,Ken McFeeters,3
Pike,0023 HENDERSON VOTING CTR #1,Governor,,REP,Thomas Tuberville,43
Pike,0023 HENDERSON VOTING CTR #1,Lieutenant Governor,,REP,George Childress,0
Pike,0023 HENDERSON VOTING CTR #1,Lieutenant Governor,,REP,John Wahl,5
Pike,0023 HENDERSON VOTING CTR #1,Lieutenant Governor,,REP,Nicole Jones Wadsworth,1
Pike,0023 HENDERSON VOTING CTR #1,Lieutenant Governor,,REP,Pat Bishop,0
Pike,0023 HENDERSON VOTING CTR #1,Lieutenant Governor,,REP,Rick Pate,4
Pike,0023 HENDERSON VOTING CTR #1,Lieutenant Governor,,REP,Stewart Hill Tankersley,3
Pike,0023 HENDERSON VOTING CTR #1,Lieutenant Governor,,REP,Wes Allen,35
Pike,0023 HENDERSON VOTING CTR #1,"Public Service Commission, Place No. 1",,REP,Jeremy H. Oden,13
Pike,0023 HENDERSON VOTING CTR #1,"Public Service Commission, Place No. 1",,REP,Matt Gentry,29
Pike,0023 HENDERSON VOTING CTR #1,"Public Service Commission, Place No. 2",,REP,Brent Woodall,3
Pike,0023 HENDERSON VOTING CTR #1,"Public Service Commission, Place No. 2",,REP,Chris Beeker,14
Pike,0023 HENDERSON VOTING CTR #1,"Public Service Commission, Place No. 2",,REP,Jim Zig Zeigler,26
Pike,0023 HENDERSON VOTING CTR #1,"Public Service Commission, Place No. 2",,REP,Priscilla Andrews,1
Pike,0023 HENDERSON VOTING CTR #1,Secretary of State,,REP,Caroleene Dobson,38
Pike,0023 HENDERSON VOTING CTR #1,Secretary of State,,REP,Christopher Christian Horn,6
Pike,0023 HENDERSON VOTING CTR #1,Secretary of State,,REP,Glenda S. Jackson,2
Pike,0023 HENDERSON VOTING CTR #1,State Auditor,,REP,Andrew Sorrell,28
Pike,0023 HENDERSON VOTING CTR #1,State Auditor,,REP,Derek Chen,16
Pike,0023 HENDERSON VOTING CTR #1,State Treasurer,,REP,Steve Lolley,10
Pike,0023 HENDERSON VOTING CTR #1,State Treasurer,,REP,Young Boozer,35
Pike,0023 HENDERSON VOTING CTR #1,U.S. Senate,,REP,Barry Moore,29
Pike,0023 HENDERSON VOTING CTR #1,U.S. Senate,,REP,Dale Shelton Deas Jr.,0
Pike,0023 HENDERSON VOTING CTR #1,U.S. Senate,,REP,Jared Hudson,8
Pike,0023 HENDERSON VOTING CTR #1,U.S. Senate,,REP,Morgan Murphy,2
Pike,0023 HENDERSON VOTING CTR #1,U.S. Senate,,REP,Rodney Walker,1
Pike,0023 HENDERSON VOTING CTR #1,U.S. Senate,,REP,Seth Burton,0
Pike,0023 HENDERSON VOTING CTR #1,U.S. Senate,,REP,Steve Marshall,8
Pike,0024 GOSHEN TOWN HALL,Proposed Statewide Amendment 1,,,No,14
Pike,0024 GOSHEN TOWN HALL,Proposed Statewide Amendment 1,,,Yes,164
Pike,0024 GOSHEN TOWN HALL,Proposed Statewide Amendment 2,,,No,69
Pike,0024 GOSHEN TOWN HALL,Proposed Statewide Amendment 2,,,Yes,106
Pike,0024 GOSHEN TOWN HALL,Governor,,DEM,Unverified Candidate 2,4
Pike,0024 GOSHEN TOWN HALL,Governor,,DEM,Unverified Candidate 3,1
Pike,0024 GOSHEN TOWN HALL,Governor,,DEM,Unverified Candidate 4,28
Pike,0024 GOSHEN TOWN HALL,Governor,,DEM,Unverified Candidate 5,2
Pike,0024 GOSHEN TOWN HALL,Governor,,DEM,Unverified Candidate 6,1
Pike,0024 GOSHEN TOWN HALL,Governor,,DEM,Will Boyd,4
Pike,0024 GOSHEN TOWN HALL,Lieutenant Governor,,DEM,Darryl D. Perryman,18
Pike,0024 GOSHEN TOWN HALL,Lieutenant Governor,,DEM,Phillip Ensler,19
Pike,0024 GOSHEN TOWN HALL,"Public Service Commission, Place No. 1",,DEM,James O. Gordon,13
Pike,0024 GOSHEN TOWN HALL,"Public Service Commission, Place No. 1",,DEM,Jeff Ramsey,15
Pike,0024 GOSHEN TOWN HALL,"Public Service Commission, Place No. 1",,DEM,John Northrop,7
Pike,0024 GOSHEN TOWN HALL,State Democratic Executive Committee,,DEM,Jesse Kelley,12
Pike,0024 GOSHEN TOWN HALL,State Democratic Executive Committee,,DEM,Sandra Mobley Scott,22
Pike,0024 GOSHEN TOWN HALL,U.S. Senate,,DEM,Dakarai Larriett,14
Pike,0024 GOSHEN TOWN HALL,U.S. Senate,,DEM,Everett Wess,5
Pike,0024 GOSHEN TOWN HALL,U.S. Senate,,DEM,Kyle Sweetser,3
Pike,0024 GOSHEN TOWN HALL,U.S. Senate,,DEM,Mark S. Wheeler II,14
Pike,0024 GOSHEN TOWN HALL,Attorney General,,REP,Jay Mitchell,48
Pike,0024 GOSHEN TOWN HALL,Attorney General,,REP,Katherine Robertson,59
Pike,0024 GOSHEN TOWN HALL,Attorney General,,REP,Pamela L. Casey,36
Pike,0024 GOSHEN TOWN HALL,Commissioner of Agriculture and Industries,,REP,Christina Woerner McInnis,36
Pike,0024 GOSHEN TOWN HALL,Commissioner of Agriculture and Industries,,REP,Cory Hill,57
Pike,0024 GOSHEN TOWN HALL,Commissioner of Agriculture and Industries,,REP,Jack Williams,43
Pike,0024 GOSHEN TOWN HALL,Governor,,REP,"""Alabama"" Will Santivasci",4
Pike,0024 GOSHEN TOWN HALL,Governor,,REP,Ken McFeeters,4
Pike,0024 GOSHEN TOWN HALL,Governor,,REP,Thomas Tuberville,136
Pike,0024 GOSHEN TOWN HALL,Lieutenant Governor,,REP,George Childress,1
Pike,0024 GOSHEN TOWN HALL,Lieutenant Governor,,REP,John Wahl,20
Pike,0024 GOSHEN TOWN HALL,Lieutenant Governor,,REP,Nicole Jones Wadsworth,2
Pike,0024 GOSHEN TOWN HALL,Lieutenant Governor,,REP,Pat Bishop,0
Pike,0024 GOSHEN TOWN HALL,Lieutenant Governor,,REP,Rick Pate,8
Pike,0024 GOSHEN TOWN HALL,Lieutenant Governor,,REP,Stewart Hill Tankersley,0
Pike,0024 GOSHEN TOWN HALL,Lieutenant Governor,,REP,Wes Allen,114
Pike,0024 GOSHEN TOWN HALL,"Public Service Commission, Place No. 1",,REP,Jeremy H. Oden,37
Pike,0024 GOSHEN TOWN HALL,"Public Service Commission, Place No. 1",,REP,Matt Gentry,88
Pike,0024 GOSHEN TOWN HALL,"Public Service Commission, Place No. 2",,REP,Brent Woodall,14
Pike,0024 GOSHEN TOWN HALL,"Public Service Commission, Place No. 2",,REP,Chris Beeker,50
Pike,0024 GOSHEN TOWN HALL,"Public Service Commission, Place No. 2",,REP,Jim Zig Zeigler,53
Pike,0024 GOSHEN TOWN HALL,"Public Service Commission, Place No. 2",,REP,Priscilla Andrews,11
Pike,0024 GOSHEN TOWN HALL,Secretary of State,,REP,Caroleene Dobson,125
Pike,0024 GOSHEN TOWN HALL,Secretary of State,,REP,Christopher Christian Horn,10
Pike,0024 GOSHEN TOWN HALL,Secretary of State,,REP,Glenda S. Jackson,2
Pike,0024 GOSHEN TOWN HALL,State Auditor,,REP,Andrew Sorrell,70
Pike,0024 GOSHEN TOWN HALL,State Auditor,,REP,Derek Chen,67
Pike,0024 GOSHEN TOWN HALL,State Treasurer,,REP,Steve Lolley,27
Pike,0024 GOSHEN TOWN HALL,State Treasurer,,REP,Young Boozer,113
Pike,0024 GOSHEN TOWN HALL,U.S. Senate,,REP,Barry Moore,75
Pike,0024 GOSHEN TOWN HALL,U.S. Senate,,REP,Dale Shelton Deas Jr.,1
Pike,0024 GOSHEN TOWN HALL,U.S. Senate,,REP,Jared Hudson,20
Pike,0024 GOSHEN TOWN HALL,U.S. Senate,,REP,Morgan Murphy,0
Pike,0024 GOSHEN TOWN HALL,U.S. Senate,,REP,Rodney Walker,3
Pike,0024 GOSHEN TOWN HALL,U.S. Senate,,REP,Seth Burton,2
Pike,0024 GOSHEN TOWN HALL,U.S. Senate,,REP,Steve Marshall,44
Pike,0025 ROCKWEST MISS BAPT,Proposed Statewide Amendment 1,,,No,27
Pike,0025 ROCKWEST MISS BAPT,Proposed Statewide Amendment 1,,,Yes,165
Pike,0025 ROCKWEST MISS BAPT,Proposed Statewide Amendment 2,,,No,68
Pike,0025 ROCKWEST MISS BAPT,Proposed Statewide Amendment 2,,,Yes,118
Pike,0025 ROCKWEST MISS BAPT,Governor,,DEM,Unverified Candidate 2,16
Pike,0025 ROCKWEST MISS BAPT,Governor,,DEM,Unverified Candidate 3,6
Pike,0025 ROCKWEST MISS BAPT,Governor,,DEM,Unverified Candidate 4,43
Pike,0025 ROCKWEST MISS BAPT,Governor,,DEM,Unverified Candidate 5,2
Pike,0025 ROCKWEST MISS BAPT,Governor,,DEM,Unverified Candidate 6,1
Pike,0025 ROCKWEST MISS BAPT,Governor,,DEM,Will Boyd,9
Pike,0025 ROCKWEST MISS BAPT,Lieutenant Governor,,DEM,Darryl D. Perryman,41
Pike,0025 ROCKWEST MISS BAPT,Lieutenant Governor,,DEM,Phillip Ensler,31
Pike,0025 ROCKWEST MISS BAPT,"Public Service Commission, Place No. 1",,DEM,James O. Gordon,29
Pike,0025 ROCKWEST MISS BAPT,"Public Service Commission, Place No. 1",,DEM,Jeff Ramsey,27
Pike,0025 ROCKWEST MISS BAPT,"Public Service Commission, Place No. 1",,DEM,John Northrop,13
Pike,0025 ROCKWEST MISS BAPT,State Democratic Executive Committee,,DEM,Jesse Kelley,26
Pike,0025 ROCKWEST MISS BAPT,State Democratic Executive Committee,,DEM,Sandra Mobley Scott,46
Pike,0025 ROCKWEST MISS BAPT,U.S. Senate,,DEM,Dakarai Larriett,34
Pike,0025 ROCKWEST MISS BAPT,U.S. Senate,,DEM,Everett Wess,13
Pike,0025 ROCKWEST MISS BAPT,U.S. Senate,,DEM,Kyle Sweetser,6
Pike,0025 ROCKWEST MISS BAPT,U.S. Senate,,DEM,Mark S. Wheeler II,17
Pike,0025 ROCKWEST MISS BAPT,Attorney General,,REP,Jay Mitchell,44
Pike,0025 ROCKWEST MISS BAPT,Attorney General,,REP,Katherine Robertson,45
Pike,0025 ROCKWEST MISS BAPT,Attorney General,,REP,Pamela L. Casey,28
Pike,0025 ROCKWEST MISS BAPT,Commissioner of Agriculture and Industries,,REP,Christina Woerner McInnis,26
Pike,0025 ROCKWEST MISS BAPT,Commissioner of Agriculture and Industries,,REP,Cory Hill,58
Pike,0025 ROCKWEST MISS BAPT,Commissioner of Agriculture and Industries,,REP,Jack Williams,29
Pike,0025 ROCKWEST MISS BAPT,Governor,,REP,"""Alabama"" Will Santivasci",3
Pike,0025 ROCKWEST MISS BAPT,Governor,,REP,Ken McFeeters,6
Pike,0025 ROCKWEST MISS BAPT,Governor,,REP,Thomas Tuberville,110
Pike,0025 ROCKWEST MISS BAPT,Lieutenant Governor,,REP,George Childress,0
Pike,0025 ROCKWEST MISS BAPT,Lieutenant Governor,,REP,John Wahl,19
Pike,0025 ROCKWEST MISS BAPT,Lieutenant Governor,,REP,Nicole Jones Wadsworth,1
Pike,0025 ROCKWEST MISS BAPT,Lieutenant Governor,,REP,Pat Bishop,2
Pike,0025 ROCKWEST MISS BAPT,Lieutenant Governor,,REP,Rick Pate,5
Pike,0025 ROCKWEST MISS BAPT,Lieutenant Governor,,REP,Stewart Hill Tankersley,1
Pike,0025 ROCKWEST MISS BAPT,Lieutenant Governor,,REP,Wes Allen,88
Pike,0025 ROCKWEST MISS BAPT,"Public Service Commission, Place No. 1",,REP,Jeremy H. Oden,22
Pike,0025 ROCKWEST MISS BAPT,"Public Service Commission, Place No. 1",,REP,Matt Gentry,86
Pike,0025 ROCKWEST MISS BAPT,"Public Service Commission, Place No. 2",,REP,Brent Woodall,22
Pike,0025 ROCKWEST MISS BAPT,"Public Service Commission, Place No. 2",,REP,Chris Beeker,30
Pike,0025 ROCKWEST MISS BAPT,"Public Service Commission, Place No. 2",,REP,Jim Zig Zeigler,44
Pike,0025 ROCKWEST MISS BAPT,"Public Service Commission, Place No. 2",,REP,Priscilla Andrews,13
Pike,0025 ROCKWEST MISS BAPT,Secretary of State,,REP,Caroleene Dobson,96
Pike,0025 ROCKWEST MISS BAPT,Secretary of State,,REP,Christopher Christian Horn,14
Pike,0025 ROCKWEST MISS BAPT,Secretary of State,,REP,Glenda S. Jackson,4
Pike,0025 ROCKWEST MISS BAPT,State Auditor,,REP,Andrew Sorrell,61
Pike,0025 ROCKWEST MISS BAPT,State Auditor,,REP,Derek Chen,46
Pike,0025 ROCKWEST MISS BAPT,State Treasurer,,REP,Steve Lolley,34
Pike,0025 ROCKWEST MISS BAPT,State Treasurer,,REP,Young Boozer,81
Pike,0025 ROCKWEST MISS BAPT,U.S. Senate,,REP,Barry Moore,67
Pike,0025 ROCKWEST MISS BAPT,U.S. Senate,,REP,Dale Shelton Deas Jr.,0
Pike,0025 ROCKWEST MISS BAPT,U.S. Senate,,REP,Jared Hudson,15
Pike,0025 ROCKWEST MISS BAPT,U.S. Senate,,REP,Morgan Murphy,0
Pike,0025 ROCKWEST MISS BAPT,U.S. Senate,,REP,Rodney Walker,4
Pike,0025 ROCKWEST MISS BAPT,U.S. Senate,,REP,Seth Burton,1
Pike,0025 ROCKWEST MISS BAPT,U.S. Senate,,REP,Steve Marshall,32
Pike,0026 ANTIOCH CH OF CHRIST,Proposed Statewide Amendment 1,,,No,15
Pike,0026 ANTIOCH CH OF CHRIST,Proposed Statewide Amendment 1,,,Yes,117
Pike,0026 ANTIOCH CH OF CHRIST,Proposed Statewide Amendment 2,,,No,61
Pike,0026 ANTIOCH CH OF CHRIST,Proposed Statewide Amendment 2,,,Yes,69
Pike,0026 ANTIOCH CH OF CHRIST,Governor,,DEM,Unverified Candidate 2,2
Pike,0026 ANTIOCH CH OF CHRIST,Governor,,DEM,Unverified Candidate 3,2
Pike,0026 ANTIOCH CH OF CHRIST,Governor,,DEM,Unverified Candidate 4,23
Pike,0026 ANTIOCH CH OF CHRIST,Governor,,DEM,Unverified Candidate 5,1
Pike,0026 ANTIOCH CH OF CHRIST,Governor,,DEM,Unverified Candidate 6,0
Pike,0026 ANTIOCH CH OF CHRIST,Governor,,DEM,Will Boyd,2
Pike,0026 ANTIOCH CH OF CHRIST,Lieutenant Governor,,DEM,Darryl D. Perryman,8
Pike,0026 ANTIOCH CH OF CHRIST,Lieutenant Governor,,DEM,Phillip Ensler,21
Pike,0026 ANTIOCH CH OF CHRIST,"Public Service Commission, Place No. 1",,DEM,James O. Gordon,19
Pike,0026 ANTIOCH CH OF CHRIST,"Public Service Commission, Place No. 1",,DEM,Jeff Ramsey,8
Pike,0026 ANTIOCH CH OF CHRIST,"Public Service Commission, Place No. 1",,DEM,John Northrop,2
Pike,0026 ANTIOCH CH OF CHRIST,State Democratic Executive Committee,,DEM,Jesse Kelley,12
Pike,0026 ANTIOCH CH OF CHRIST,State Democratic Executive Committee,,DEM,Sandra Mobley Scott,17
Pike,0026 ANTIOCH CH OF CHRIST,U.S. Senate,,DEM,Dakarai Larriett,13
Pike,0026 ANTIOCH CH OF CHRIST,U.S. Senate,,DEM,Everett Wess,6
Pike,0026 ANTIOCH CH OF CHRIST,U.S. Senate,,DEM,Kyle Sweetser,3
Pike,0026 ANTIOCH CH OF CHRIST,U.S. Senate,,DEM,Mark S. Wheeler II,6
Pike,0026 ANTIOCH CH OF CHRIST,Attorney General,,REP,Jay Mitchell,35
Pike,0026 ANTIOCH CH OF CHRIST,Attorney General,,REP,Katherine Robertson,38
Pike,0026 ANTIOCH CH OF CHRIST,Attorney General,,REP,Pamela L. Casey,32
Pike,0026 ANTIOCH CH OF CHRIST,Commissioner of Agriculture and Industries,,REP,Christina Woerner McInnis,23
Pike,0026 ANTIOCH CH OF CHRIST,Commissioner of Agriculture and Industries,,REP,Cory Hill,49
Pike,0026 ANTIOCH CH OF CHRIST,Commissioner of Agriculture and Industries,,REP,Jack Williams,25
Pike,0026 ANTIOCH CH OF CHRIST,Governor,,REP,"""Alabama"" Will Santivasci",4
Pike,0026 ANTIOCH CH OF CHRIST,Governor,,REP,Ken McFeeters,3
Pike,0026 ANTIOCH CH OF CHRIST,Governor,,REP,Thomas Tuberville,103
Pike,0026 ANTIOCH CH OF CHRIST,Lieutenant Governor,,REP,George Childress,1
Pike,0026 ANTIOCH CH OF CHRIST,Lieutenant Governor,,REP,John Wahl,8
Pike,0026 ANTIOCH CH OF CHRIST,Lieutenant Governor,,REP,Nicole Jones Wadsworth,0
Pike,0026 ANTIOCH CH OF CHRIST,Lieutenant Governor,,REP,Pat Bishop,0
Pike,0026 ANTIOCH CH OF CHRIST,Lieutenant Governor,,REP,Rick Pate,0
Pike,0026 ANTIOCH CH OF CHRIST,Lieutenant Governor,,REP,Stewart Hill Tankersley,1
Pike,0026 ANTIOCH CH OF CHRIST,Lieutenant Governor,,REP,Wes Allen,102
Pike,0026 ANTIOCH CH OF CHRIST,"Public Service Commission, Place No. 1",,REP,Jeremy H. Oden,33
Pike,0026 ANTIOCH CH OF CHRIST,"Public Service Commission, Place No. 1",,REP,Matt Gentry,61
Pike,0026 ANTIOCH CH OF CHRIST,"Public Service Commission, Place No. 2",,REP,Brent Woodall,21
Pike,0026 ANTIOCH CH OF CHRIST,"Public Service Commission, Place No. 2",,REP,Chris Beeker,24
Pike,0026 ANTIOCH CH OF CHRIST,"Public Service Commission, Place No. 2",,REP,Jim Zig Zeigler,39
Pike,0026 ANTIOCH CH OF CHRIST,"Public Service Commission, Place No. 2",,REP,Priscilla Andrews,14
Pike,0026 ANTIOCH CH OF CHRIST,Secretary of State,,REP,Caroleene Dobson,87
Pike,0026 ANTIOCH CH OF CHRIST,Secretary of State,,REP,Christopher Christian Horn,13
Pike,0026 ANTIOCH CH OF CHRIST,Secretary of State,,REP,Glenda S. Jackson,3
Pike,0026 ANTIOCH CH OF CHRIST,State Auditor,,REP,Andrew Sorrell,65
Pike,0026 ANTIOCH CH OF CHRIST,State Auditor,,REP,Derek Chen,33
Pike,0026 ANTIOCH CH OF CHRIST,State Treasurer,,REP,Steve Lolley,28
Pike,0026 ANTIOCH CH OF CHRIST,State Treasurer,,REP,Young Boozer,74
Pike,0026 ANTIOCH CH OF CHRIST,U.S. Senate,,REP,Barry Moore,70
Pike,0026 ANTIOCH CH OF CHRIST,U.S. Senate,,REP,Dale Shelton Deas Jr.,0
Pike,0026 ANTIOCH CH OF CHRIST,U.S. Senate,,REP,Jared Hudson,7
Pike,0026 ANTIOCH CH OF CHRIST,U.S. Senate,,REP,Morgan Murphy,0
Pike,0026 ANTIOCH CH OF CHRIST,U.S. Senate,,REP,Rodney Walker,5
Pike,0026 ANTIOCH CH OF CHRIST,U.S. Senate,,REP,Seth Burton,0
Pike,0026 ANTIOCH CH OF CHRIST,U.S. Senate,,REP,Steve Marshall,26
Pike,0027 OAK BOWERY CHURCH,Proposed Statewide Amendment 1,,,No,6
Pike,0027 OAK BOWERY CHURCH,Proposed Statewide Amendment 1,,,Yes,72
Pike,0027 OAK BOWERY CHURCH,Proposed Statewide Amendment 2,,,No,37
Pike,0027 OAK BOWERY CHURCH,Proposed Statewide Amendment 2,,,Yes,39
Pike,0027 OAK BOWERY CHURCH,Governor,,DEM,Unverified Candidate 2,6
Pike,0027 OAK BOWERY CHURCH,Governor,,DEM,Unverified Candidate 3,1
Pike,0027 OAK BOWERY CHURCH,Governor,,DEM,Unverified Candidate 4,24
Pike,0027 OAK BOWERY CHURCH,Governor,,DEM,Unverified Candidate 5,2
Pike,0027 OAK BOWERY CHURCH,Governor,,DEM,Unverified Candidate 6,0
Pike,0027 OAK BOWERY CHURCH,Governor,,DEM,Will Boyd,0
Pike,0027 OAK BOWERY CHURCH,Lieutenant Governor,,DEM,Darryl D. Perryman,15
Pike,0027 OAK BOWERY CHURCH,Lieutenant Governor,,DEM,Phillip Ensler,17
Pike,0027 OAK BOWERY CHURCH,"Public Service Commission, Place No. 1",,DEM,James O. Gordon,15
Pike,0027 OAK BOWERY CHURCH,"Public Service Commission, Place No. 1",,DEM,Jeff Ramsey,8
Pike,0027 OAK BOWERY CHURCH,"Public Service Commission, Place No. 1",,DEM,John Northrop,6
Pike,0027 OAK BOWERY CHURCH,State Democratic Executive Committee,,DEM,Jesse Kelley,9
Pike,0027 OAK BOWERY CHURCH,State Democratic Executive Committee,,DEM,Sandra Mobley Scott,18
Pike,0027 OAK BOWERY CHURCH,U.S. Senate,,DEM,Dakarai Larriett,8
Pike,0027 OAK BOWERY CHURCH,U.S. Senate,,DEM,Everett Wess,10
Pike,0027 OAK BOWERY CHURCH,U.S. Senate,,DEM,Kyle Sweetser,1
Pike,0027 OAK BOWERY CHURCH,U.S. Senate,,DEM,Mark S. Wheeler II,10
Pike,0027 OAK BOWERY CHURCH,Attorney General,,REP,Jay Mitchell,10
Pike,0027 OAK BOWERY CHURCH,Attorney General,,REP,Katherine Robertson,21
Pike,0027 OAK BOWERY CHURCH,Attorney General,,REP,Pamela L. Casey,14
Pike,0027 OAK BOWERY CHURCH,Commissioner of Agriculture and Industries,,REP,Christina Woerner McInnis,10
Pike,0027 OAK BOWERY CHURCH,Commissioner of Agriculture and Industries,,REP,Cory Hill,17
Pike,0027 OAK BOWERY CHURCH,Commissioner of Agriculture and Industries,,REP,Jack Williams,16
Pike,0027 OAK BOWERY CHURCH,Governor,,REP,"""Alabama"" Will Santivasci",0
Pike,0027 OAK BOWERY CHURCH,Governor,,REP,Ken McFeeters,2
Pike,0027 OAK BOWERY CHURCH,Governor,,REP,Thomas Tuberville,45
Pike,0027 OAK BOWERY CHURCH,Lieutenant Governor,,REP,George Childress,0
Pike,0027 OAK BOWERY CHURCH,Lieutenant Governor,,REP,John Wahl,4
Pike,0027 OAK BOWERY CHURCH,Lieutenant Governor,,REP,Nicole Jones Wadsworth,0
Pike,0027 OAK BOWERY CHURCH,Lieutenant Governor,,REP,Pat Bishop,0
Pike,0027 OAK BOWERY CHURCH,Lieutenant Governor,,REP,Rick Pate,1
Pike,0027 OAK BOWERY CHURCH,Lieutenant Governor,,REP,Stewart Hill Tankersley,0
Pike,0027 OAK BOWERY CHURCH,Lieutenant Governor,,REP,Wes Allen,42
Pike,0027 OAK BOWERY CHURCH,"Public Service Commission, Place No. 1",,REP,Jeremy H. Oden,17
Pike,0027 OAK BOWERY CHURCH,"Public Service Commission, Place No. 1",,REP,Matt Gentry,27
Pike,0027 OAK BOWERY CHURCH,"Public Service Commission, Place No. 2",,REP,Brent Woodall,10
Pike,0027 OAK BOWERY CHURCH,"Public Service Commission, Place No. 2",,REP,Chris Beeker,7
Pike,0027 OAK BOWERY CHURCH,"Public Service Commission, Place No. 2",,REP,Jim Zig Zeigler,22
Pike,0027 OAK BOWERY CHURCH,"Public Service Commission, Place No. 2",,REP,Priscilla Andrews,2
Pike,0027 OAK BOWERY CHURCH,Secretary of State,,REP,Caroleene Dobson,37
Pike,0027 OAK BOWERY CHURCH,Secretary of State,,REP,Christopher Christian Horn,6
Pike,0027 OAK BOWERY CHURCH,Secretary of State,,REP,Glenda S. Jackson,1
Pike,0027 OAK BOWERY CHURCH,State Auditor,,REP,Andrew Sorrell,31
Pike,0027 OAK BOWERY CHURCH,State Auditor,,REP,Derek Chen,14
Pike,0027 OAK BOWERY CHURCH,State Treasurer,,REP,Steve Lolley,12
Pike,0027 OAK BOWERY CHURCH,State Treasurer,,REP,Young Boozer,32
Pike,0027 OAK BOWERY CHURCH,U.S. Senate,,REP,Barry Moore,27
Pike,0027 OAK BOWERY CHURCH,U.S. Senate,,REP,Dale Shelton Deas Jr.,0
Pike,0027 OAK BOWERY CHURCH,U.S. Senate,,REP,Jared Hudson,4
Pike,0027 OAK BOWERY CHURCH,U.S. Senate,,REP,Morgan Murphy,0
Pike,0027 OAK BOWERY CHURCH,U.S. Senate,,REP,Rodney Walker,0
Pike,0027 OAK BOWERY CHURCH,U.S. Senate,,REP,Seth Burton,0
Pike,0027 OAK BOWERY CHURCH,U.S. Senate,,REP,Steve Marshall,16
Pike,0028 WILLIAMS V/ CTR #2,Proposed Statewide Amendment 1,,,No,1
Pike,0028 WILLIAMS V/ CTR #2,Proposed Statewide Amendment 1,,,Yes,43
Pike,0028 WILLIAMS V/ CTR #2,Proposed Statewide Amendment 2,,,No,17
Pike,0028 WILLIAMS V/ CTR #2,Proposed Statewide Amendment 2,,,Yes,25
Pike,0028 WILLIAMS V/ CTR #2,Governor,,DEM,Unverified Candidate 2,0
Pike,0028 WILLIAMS V/ CTR #2,Governor,,DEM,Unverified Candidate 3,1
Pike,0028 WILLIAMS V/ CTR #2,Governor,,DEM,Unverified Candidate 4,2
Pike,0028 WILLIAMS V/ CTR #2,Governor,,DEM,Unverified Candidate 5,0
Pike,0028 WILLIAMS V/ CTR #2,Governor,,DEM,Unverified Candidate 6,0
Pike,0028 WILLIAMS V/ CTR #2,Governor,,DEM,Will Boyd,1
Pike,0028 WILLIAMS V/ CTR #2,Lieutenant Governor,,DEM,Darryl D. Perryman,2
Pike,0028 WILLIAMS V/ CTR #2,Lieutenant Governor,,DEM,Phillip Ensler,1
Pike,0028 WILLIAMS V/ CTR #2,"Public Service Commission, Place No. 1",,DEM,James O. Gordon,3
Pike,0028 WILLIAMS V/ CTR #2,"Public Service Commission, Place No. 1",,DEM,Jeff Ramsey,0
Pike,0028 WILLIAMS V/ CTR #2,"Public Service Commission, Place No. 1",,DEM,John Northrop,0
Pike,0028 WILLIAMS V/ CTR #2,State Democratic Executive Committee,,DEM,Jesse Kelley,2
Pike,0028 WILLIAMS V/ CTR #2,State Democratic Executive Committee,,DEM,Sandra Mobley Scott,1
Pike,0028 WILLIAMS V/ CTR #2,U.S. Senate,,DEM,Dakarai Larriett,2
Pike,0028 WILLIAMS V/ CTR #2,U.S. Senate,,DEM,Everett Wess,1
Pike,0028 WILLIAMS V/ CTR #2,U.S. Senate,,DEM,Kyle Sweetser,0
Pike,0028 WILLIAMS V/ CTR #2,U.S. Senate,,DEM,Mark S. Wheeler II,0
Pike,0028 WILLIAMS V/ CTR #2,Attorney General,,REP,Jay Mitchell,14
Pike,0028 WILLIAMS V/ CTR #2,Attorney General,,REP,Katherine Robertson,18
Pike,0028 WILLIAMS V/ CTR #2,Attorney General,,REP,Pamela L. Casey,10
Pike,0028 WILLIAMS V/ CTR #2,Commissioner of Agriculture and Industries,,REP,Christina Woerner McInnis,12
Pike,0028 WILLIAMS V/ CTR #2,Commissioner of Agriculture and Industries,,REP,Cory Hill,14
Pike,0028 WILLIAMS V/ CTR #2,Commissioner of Agriculture and Industries,,REP,Jack Williams,15
Pike,0028 WILLIAMS V/ CTR #2,Governor,,REP,"""Alabama"" Will Santivasci",4
Pike,0028 WILLIAMS V/ CTR #2,Governor,,REP,Ken McFeeters,2
Pike,0028 WILLIAMS V/ CTR #2,Governor,,REP,Thomas Tuberville,36
Pike,0028 WILLIAMS V/ CTR #2,Lieutenant Governor,,REP,George Childress,0
Pike,0028 WILLIAMS V/ CTR #2,Lieutenant Governor,,REP,John Wahl,1
Pike,0028 WILLIAMS V/ CTR #2,Lieutenant Governor,,REP,Nicole Jones Wadsworth,1
Pike,0028 WILLIAMS V/ CTR #2,Lieutenant Governor,,REP,Pat Bishop,1
Pike,0028 WILLIAMS V/ CTR #2,Lieutenant Governor,,REP,Rick Pate,1
Pike,0028 WILLIAMS V/ CTR #2,Lieutenant Governor,,REP,Stewart Hill Tankersley,0
Pike,0028 WILLIAMS V/ CTR #2,Lieutenant Governor,,REP,Wes Allen,38
Pike,0028 WILLIAMS V/ CTR #2,"Public Service Commission, Place No. 1",,REP,Jeremy H. Oden,14
Pike,0028 WILLIAMS V/ CTR #2,"Public Service Commission, Place No. 1",,REP,Matt Gentry,23
Pike,0028 WILLIAMS V/ CTR #2,"Public Service Commission, Place No. 2",,REP,Brent Woodall,4
Pike,0028 WILLIAMS V/ CTR #2,"Public Service Commission, Place No. 2",,REP,Chris Beeker,18
Pike,0028 WILLIAMS V/ CTR #2,"Public Service Commission, Place No. 2",,REP,Jim Zig Zeigler,10
Pike,0028 WILLIAMS V/ CTR #2,"Public Service Commission, Place No. 2",,REP,Priscilla Andrews,6
Pike,0028 WILLIAMS V/ CTR #2,Secretary of State,,REP,Caroleene Dobson,36
Pike,0028 WILLIAMS V/ CTR #2,Secretary of State,,REP,Christopher Christian Horn,4
Pike,0028 WILLIAMS V/ CTR #2,Secretary of State,,REP,Glenda S. Jackson,1
Pike,0028 WILLIAMS V/ CTR #2,State Auditor,,REP,Andrew Sorrell,21
Pike,0028 WILLIAMS V/ CTR #2,State Auditor,,REP,Derek Chen,21
Pike,0028 WILLIAMS V/ CTR #2,State Treasurer,,REP,Steve Lolley,11
Pike,0028 WILLIAMS V/ CTR #2,State Treasurer,,REP,Young Boozer,27
Pike,0028 WILLIAMS V/ CTR #2,U.S. Senate,,REP,Barry Moore,21
Pike,0028 WILLIAMS V/ CTR #2,U.S. Senate,,REP,Dale Shelton Deas Jr.,1
Pike,0028 WILLIAMS V/ CTR #2,U.S. Senate,,REP,Jared Hudson,14
Pike,0028 WILLIAMS V/ CTR #2,U.S. Senate,,REP,Morgan Murphy,0
Pike,0028 WILLIAMS V/ CTR #2,U.S. Senate,,REP,Rodney Walker,0
Pike,0028 WILLIAMS V/ CTR #2,U.S. Senate,,REP,Seth Burton,0
Pike,0028 WILLIAMS V/ CTR #2,U.S. Senate,,REP,Steve Marshall,6
Pike,0029 BANKS VOTING CTR #2,Proposed Statewide Amendment 1,,,No,10
Pike,0029 BANKS VOTING CTR #2,Proposed Statewide Amendment 1,,,Yes,94
Pike,0029 BANKS VOTING CTR #2,Proposed Statewide Amendment 2,,,No,41
Pike,0029 BANKS VOTING CTR #2,Proposed Statewide Amendment 2,,,Yes,61
Pike,0029 BANKS VOTING CTR #2,Governor,,DEM,Unverified Candidate 2,1
Pike,0029 BANKS VOTING CTR #2,Governor,,DEM,Unverified Candidate 3,0
Pike,0029 BANKS VOTING CTR #2,Governor,,DEM,Unverified Candidate 4,14
Pike,0029 BANKS VOTING CTR #2,Governor,,DEM,Unverified Candidate 5,0
Pike,0029 BANKS VOTING CTR #2,Governor,,DEM,Unverified Candidate 6,0
Pike,0029 BANKS VOTING CTR #2,Governor,,DEM,Will Boyd,2
Pike,0029 BANKS VOTING CTR #2,Lieutenant Governor,,DEM,Darryl D. Perryman,12
Pike,0029 BANKS VOTING CTR #2,Lieutenant Governor,,DEM,Phillip Ensler,5
Pike,0029 BANKS VOTING CTR #2,"Public Service Commission, Place No. 1",,DEM,James O. Gordon,5
Pike,0029 BANKS VOTING CTR #2,"Public Service Commission, Place No. 1",,DEM,Jeff Ramsey,8
Pike,0029 BANKS VOTING CTR #2,"Public Service Commission, Place No. 1",,DEM,John Northrop,4
Pike,0029 BANKS VOTING CTR #2,State Democratic Executive Committee,,DEM,Jesse Kelley,7
Pike,0029 BANKS VOTING CTR #2,State Democratic Executive Committee,,DEM,Sandra Mobley Scott,9
Pike,0029 BANKS VOTING CTR #2,U.S. Senate,,DEM,Dakarai Larriett,6
Pike,0029 BANKS VOTING CTR #2,U.S. Senate,,DEM,Everett Wess,4
Pike,0029 BANKS VOTING CTR #2,U.S. Senate,,DEM,Kyle Sweetser,2
Pike,0029 BANKS VOTING CTR #2,U.S. Senate,,DEM,Mark S. Wheeler II,5
Pike,0029 BANKS VOTING CTR #2,Attorney General,,REP,Jay Mitchell,31
Pike,0029 BANKS VOTING CTR #2,Attorney General,,REP,Katherine Robertson,21
Pike,0029 BANKS VOTING CTR #2,Attorney General,,REP,Pamela L. Casey,33
Pike,0029 BANKS VOTING CTR #2,Commissioner of Agriculture and Industries,,REP,Christina Woerner McInnis,22
Pike,0029 BANKS VOTING CTR #2,Commissioner of Agriculture and Industries,,REP,Cory Hill,41
Pike,0029 BANKS VOTING CTR #2,Commissioner of Agriculture and Industries,,REP,Jack Williams,19
Pike,0029 BANKS VOTING CTR #2,Governor,,REP,"""Alabama"" Will Santivasci",2
Pike,0029 BANKS VOTING CTR #2,Governor,,REP,Ken McFeeters,3
Pike,0029 BANKS VOTING CTR #2,Governor,,REP,Thomas Tuberville,80
Pike,0029 BANKS VOTING CTR #2,Lieutenant Governor,,REP,George Childress,1
Pike,0029 BANKS VOTING CTR #2,Lieutenant Governor,,REP,John Wahl,13
Pike,0029 BANKS VOTING CTR #2,Lieutenant Governor,,REP,Nicole Jones Wadsworth,0
Pike,0029 BANKS VOTING CTR #2,Lieutenant Governor,,REP,Pat Bishop,1
Pike,0029 BANKS VOTING CTR #2,Lieutenant Governor,,REP,Rick Pate,0
Pike,0029 BANKS VOTING CTR #2,Lieutenant Governor,,REP,Stewart Hill Tankersley,0
Pike,0029 BANKS VOTING CTR #2,Lieutenant Governor,,REP,Wes Allen,71
Pike,0029 BANKS VOTING CTR #2,"Public Service Commission, Place No. 1",,REP,Jeremy H. Oden,24
Pike,0029 BANKS VOTING CTR #2,"Public Service Commission, Place No. 1",,REP,Matt Gentry,54
Pike,0029 BANKS VOTING CTR #2,"Public Service Commission, Place No. 2",,REP,Brent Woodall,7
Pike,0029 BANKS VOTING CTR #2,"Public Service Commission, Place No. 2",,REP,Chris Beeker,29
Pike,0029 BANKS VOTING CTR #2,"Public Service Commission, Place No. 2",,REP,Jim Zig Zeigler,35
Pike,0029 BANKS VOTING CTR #2,"Public Service Commission, Place No. 2",,REP,Priscilla Andrews,7
Pike,0029 BANKS VOTING CTR #2,Secretary of State,,REP,Caroleene Dobson,69
Pike,0029 BANKS VOTING CTR #2,Secretary of State,,REP,Christopher Christian Horn,9
Pike,0029 BANKS VOTING CTR #2,Secretary of State,,REP,Glenda S. Jackson,4
Pike,0029 BANKS VOTING CTR #2,State Auditor,,REP,Andrew Sorrell,41
Pike,0029 BANKS VOTING CTR #2,State Auditor,,REP,Derek Chen,40
Pike,0029 BANKS VOTING CTR #2,State Treasurer,,REP,Steve Lolley,12
Pike,0029 BANKS VOTING CTR #2,State Treasurer,,REP,Young Boozer,71
Pike,0029 BANKS VOTING CTR #2,U.S. Senate,,REP,Barry Moore,40
Pike,0029 BANKS VOTING CTR #2,U.S. Senate,,REP,Dale Shelton Deas Jr.,0
Pike,0029 BANKS VOTING CTR #2,U.S. Senate,,REP,Jared Hudson,18
Pike,0029 BANKS VOTING CTR #2,U.S. Senate,,REP,Morgan Murphy,0
Pike,0029 BANKS VOTING CTR #2,U.S. Senate,,REP,Rodney Walker,4
Pike,0029 BANKS VOTING CTR #2,U.S. Senate,,REP,Seth Burton,0
Pike,0029 BANKS VOTING CTR #2,U.S. Senate,,REP,Steve Marshall,24
Pike,0030 GOLDEN SATELLITE BLDG,Proposed Statewide Amendment 1,,,No,17
Pike,0030 GOLDEN SATELLITE BLDG,Proposed Statewide Amendment 1,,,Yes,106
Pike,0030 GOLDEN SATELLITE BLDG,Proposed Statewide Amendment 2,,,No,38
Pike,0030 GOLDEN SATELLITE BLDG,Proposed Statewide Amendment 2,,,Yes,80
Pike,0030 GOLDEN SATELLITE BLDG,Governor,,DEM,Unverified Candidate 2,3
Pike,0030 GOLDEN SATELLITE BLDG,Governor,,DEM,Unverified Candidate 3,3
Pike,0030 GOLDEN SATELLITE BLDG,Governor,,DEM,Unverified Candidate 4,53
Pike,0030 GOLDEN SATELLITE BLDG,Governor,,DEM,Unverified Candidate 5,0
Pike,0030 GOLDEN SATELLITE BLDG,Governor,,DEM,Unverified Candidate 6,2
Pike,0030 GOLDEN SATELLITE BLDG,Governor,,DEM,Will Boyd,5
Pike,0030 GOLDEN SATELLITE BLDG,Lieutenant Governor,,DEM,Darryl D. Perryman,28
Pike,0030 GOLDEN SATELLITE BLDG,Lieutenant Governor,,DEM,Phillip Ensler,33
Pike,0030 GOLDEN SATELLITE BLDG,"Public Service Commission, Place No. 1",,DEM,James O. Gordon,35
Pike,0030 GOLDEN SATELLITE BLDG,"Public Service Commission, Place No. 1",,DEM,Jeff Ramsey,22
Pike,0030 GOLDEN SATELLITE BLDG,"Public Service Commission, Place No. 1",,DEM,John Northrop,5
Pike,0030 GOLDEN SATELLITE BLDG,State Democratic Executive Committee,,DEM,Jesse Kelley,19
Pike,0030 GOLDEN SATELLITE BLDG,State Democratic Executive Committee,,DEM,Sandra Mobley Scott,46
Pike,0030 GOLDEN SATELLITE BLDG,U.S. Senate,,DEM,Dakarai Larriett,16
Pike,0030 GOLDEN SATELLITE BLDG,U.S. Senate,,DEM,Everett Wess,22
Pike,0030 GOLDEN SATELLITE BLDG,U.S. Senate,,DEM,Kyle Sweetser,6
Pike,0030 GOLDEN SATELLITE BLDG,U.S. Senate,,DEM,Mark S. Wheeler II,23
Pike,0030 GOLDEN SATELLITE BLDG,Attorney General,,REP,Jay Mitchell,16
Pike,0030 GOLDEN SATELLITE BLDG,Attorney General,,REP,Katherine Robertson,22
Pike,0030 GOLDEN SATELLITE BLDG,Attorney General,,REP,Pamela L. Casey,20
Pike,0030 GOLDEN SATELLITE BLDG,Commissioner of Agriculture and Industries,,REP,Christina Woerner McInnis,13
Pike,0030 GOLDEN SATELLITE BLDG,Commissioner of Agriculture and Industries,,REP,Cory Hill,27
Pike,0030 GOLDEN SATELLITE BLDG,Commissioner of Agriculture and Industries,,REP,Jack Williams,15
Pike,0030 GOLDEN SATELLITE BLDG,Governor,,REP,"""Alabama"" Will Santivasci",1
Pike,0030 GOLDEN SATELLITE BLDG,Governor,,REP,Ken McFeeters,3
Pike,0030 GOLDEN SATELLITE BLDG,Governor,,REP,Thomas Tuberville,57
Pike,0030 GOLDEN SATELLITE BLDG,Lieutenant Governor,,REP,George Childress,0
Pike,0030 GOLDEN SATELLITE BLDG,Lieutenant Governor,,REP,John Wahl,5
Pike,0030 GOLDEN SATELLITE BLDG,Lieutenant Governor,,REP,Nicole Jones Wadsworth,0
Pike,0030 GOLDEN SATELLITE BLDG,Lieutenant Governor,,REP,Pat Bishop,0
Pike,0030 GOLDEN SATELLITE BLDG,Lieutenant Governor,,REP,Rick Pate,3
Pike,0030 GOLDEN SATELLITE BLDG,Lieutenant Governor,,REP,Stewart Hill Tankersley,0
Pike,0030 GOLDEN SATELLITE BLDG,Lieutenant Governor,,REP,Wes Allen,53
Pike,0030 GOLDEN SATELLITE BLDG,"Public Service Commission, Place No. 1",,REP,Jeremy H. Oden,11
Pike,0030 GOLDEN SATELLITE BLDG,"Public Service Commission, Place No. 1",,REP,Matt Gentry,40
Pike,0030 GOLDEN SATELLITE BLDG,"Public Service Commission, Place No. 2",,REP,Brent Woodall,6
Pike,0030 GOLDEN SATELLITE BLDG,"Public Service Commission, Place No. 2",,REP,Chris Beeker,14
Pike,0030 GOLDEN SATELLITE BLDG,"Public Service Commission, Place No. 2",,REP,Jim Zig Zeigler,24
Pike,0030 GOLDEN SATELLITE BLDG,"Public Service Commission, Place No. 2",,REP,Priscilla Andrews,6
Pike,0030 GOLDEN SATELLITE BLDG,Secretary of State,,REP,Caroleene Dobson,49
Pike,0030 GOLDEN SATELLITE BLDG,Secretary of State,,REP,Christopher Christian Horn,10
Pike,0030 GOLDEN SATELLITE BLDG,Secretary of State,,REP,Glenda S. Jackson,1
Pike,0030 GOLDEN SATELLITE BLDG,State Auditor,,REP,Andrew Sorrell,34
Pike,0030 GOLDEN SATELLITE BLDG,State Auditor,,REP,Derek Chen,23
Pike,0030 GOLDEN SATELLITE BLDG,State Treasurer,,REP,Steve Lolley,13
Pike,0030 GOLDEN SATELLITE BLDG,State Treasurer,,REP,Young Boozer,46
Pike,0030 GOLDEN SATELLITE BLDG,U.S. Senate,,REP,Barry Moore,37
Pike,0030 GOLDEN SATELLITE BLDG,U.S. Senate,,REP,Dale Shelton Deas Jr.,0
Pike,0030 GOLDEN SATELLITE BLDG,U.S. Senate,,REP,Jared Hudson,8
Pike,0030 GOLDEN SATELLITE BLDG,U.S. Senate,,REP,Morgan Murphy,0
Pike,0030 GOLDEN SATELLITE BLDG,U.S. Senate,,REP,Rodney Walker,1
Pike,0030 GOLDEN SATELLITE BLDG,U.S. Senate,,REP,Seth Burton,1
Pike,0030 GOLDEN SATELLITE BLDG,U.S. Senate,,REP,Steve Marshall,13
Pike,0031 EBENEZER VOTING CTR #2,Proposed Statewide Amendment 1,,,No,1
Pike,0031 EBENEZER VOTING CTR #2,Proposed Statewide Amendment 1,,,Yes,40
Pike,0031 EBENEZER VOTING CTR #2,Proposed Statewide Amendment 2,,,No,15
Pike,0031 EBENEZER VOTING CTR #2,Proposed Statewide Amendment 2,,,Yes,23
Pike,0031 EBENEZER VOTING CTR #2,Governor,,DEM,Unverified Candidate 2,0
Pike,0031 EBENEZER VOTING CTR #2,Governor,,DEM,Unverified Candidate 3,0
Pike,0031 EBENEZER VOTING CTR #2,Governor,,DEM,Unverified Candidate 4,6
Pike,0031 EBENEZER VOTING CTR #2,Governor,,DEM,Unverified Candidate 5,0
Pike,0031 EBENEZER VOTING CTR #2,Governor,,DEM,Unverified Candidate 6,0
Pike,0031 EBENEZER VOTING CTR #2,Governor,,DEM,Will Boyd,1
Pike,0031 EBENEZER VOTING CTR #2,Lieutenant Governor,,DEM,Darryl D. Perryman,1
Pike,0031 EBENEZER VOTING CTR #2,Lieutenant Governor,,DEM,Phillip Ensler,5
Pike,0031 EBENEZER VOTING CTR #2,"Public Service Commission, Place No. 1",,DEM,James O. Gordon,6
Pike,0031 EBENEZER VOTING CTR #2,"Public Service Commission, Place No. 1",,DEM,Jeff Ramsey,0
Pike,0031 EBENEZER VOTING CTR #2,"Public Service Commission, Place No. 1",,DEM,John Northrop,0
Pike,0031 EBENEZER VOTING CTR #2,State Democratic Executive Committee,,DEM,Jesse Kelley,3
Pike,0031 EBENEZER VOTING CTR #2,State Democratic Executive Committee,,DEM,Sandra Mobley Scott,3
Pike,0031 EBENEZER VOTING CTR #2,U.S. Senate,,DEM,Dakarai Larriett,1
Pike,0031 EBENEZER VOTING CTR #2,U.S. Senate,,DEM,Everett Wess,5
Pike,0031 EBENEZER VOTING CTR #2,U.S. Senate,,DEM,Kyle Sweetser,0
Pike,0031 EBENEZER VOTING CTR #2,U.S. Senate,,DEM,Mark S. Wheeler II,0
Pike,0031 EBENEZER VOTING CTR #2,Attorney General,,REP,Jay Mitchell,7
Pike,0031 EBENEZER VOTING CTR #2,Attorney General,,REP,Katherine Robertson,14
Pike,0031 EBENEZER VOTING CTR #2,Attorney General,,REP,Pamela L. Casey,16
Pike,0031 EBENEZER VOTING CTR #2,Commissioner of Agriculture and Industries,,REP,Christina Woerner McInnis,4
Pike,0031 EBENEZER VOTING CTR #2,Commissioner of Agriculture and Industries,,REP,Cory Hill,21
Pike,0031 EBENEZER VOTING CTR #2,Commissioner of Agriculture and Industries,,REP,Jack Williams,8
Pike,0031 EBENEZER VOTING CTR #2,Governor,,REP,"""Alabama"" Will Santivasci",2
Pike,0031 EBENEZER VOTING CTR #2,Governor,,REP,Ken McFeeters,1
Pike,0031 EBENEZER VOTING CTR #2,Governor,,REP,Thomas Tuberville,34
Pike,0031 EBENEZER VOTING CTR #2,Lieutenant Governor,,REP,George Childress,1
Pike,0031 EBENEZER VOTING CTR #2,Lieutenant Governor,,REP,John Wahl,1
Pike,0031 EBENEZER VOTING CTR #2,Lieutenant Governor,,REP,Nicole Jones Wadsworth,0
Pike,0031 EBENEZER VOTING CTR #2,Lieutenant Governor,,REP,Pat Bishop,1
Pike,0031 EBENEZER VOTING CTR #2,Lieutenant Governor,,REP,Rick Pate,0
Pike,0031 EBENEZER VOTING CTR #2,Lieutenant Governor,,REP,Stewart Hill Tankersley,0
Pike,0031 EBENEZER VOTING CTR #2,Lieutenant Governor,,REP,Wes Allen,34
Pike,0031 EBENEZER VOTING CTR #2,"Public Service Commission, Place No. 1",,REP,Jeremy H. Oden,9
Pike,0031 EBENEZER VOTING CTR #2,"Public Service Commission, Place No. 1",,REP,Matt Gentry,25
Pike,0031 EBENEZER VOTING CTR #2,"Public Service Commission, Place No. 2",,REP,Brent Woodall,4
Pike,0031 EBENEZER VOTING CTR #2,"Public Service Commission, Place No. 2",,REP,Chris Beeker,10
Pike,0031 EBENEZER VOTING CTR #2,"Public Service Commission, Place No. 2",,REP,Jim Zig Zeigler,19
Pike,0031 EBENEZER VOTING CTR #2,"Public Service Commission, Place No. 2",,REP,Priscilla Andrews,2
Pike,0031 EBENEZER VOTING CTR #2,Secretary of State,,REP,Caroleene Dobson,33
Pike,0031 EBENEZER VOTING CTR #2,Secretary of State,,REP,Christopher Christian Horn,3
Pike,0031 EBENEZER VOTING CTR #2,Secretary of State,,REP,Glenda S. Jackson,1
Pike,0031 EBENEZER VOTING CTR #2,State Auditor,,REP,Andrew Sorrell,14
Pike,0031 EBENEZER VOTING CTR #2,State Auditor,,REP,Derek Chen,22
Pike,0031 EBENEZER VOTING CTR #2,State Treasurer,,REP,Steve Lolley,6
Pike,0031 EBENEZER VOTING CTR #2,State Treasurer,,REP,Young Boozer,30
Pike,0031 EBENEZER VOTING CTR #2,U.S. Senate,,REP,Barry Moore,17
Pike,0031 EBENEZER VOTING CTR #2,U.S. Senate,,REP,Dale Shelton Deas Jr.,1
Pike,0031 EBENEZER VOTING CTR #2,U.S. Senate,,REP,Jared Hudson,3
Pike,0031 EBENEZER VOTING CTR #2,U.S. Senate,,REP,Morgan Murphy,0
Pike,0031 EBENEZER VOTING CTR #2,U.S. Senate,,REP,Rodney Walker,0
Pike,0031 EBENEZER VOTING CTR #2,U.S. Senate,,REP,Seth Burton,0
Pike,0031 EBENEZER VOTING CTR #2,U.S. Senate,,REP,Steve Marshall,16
Pike,0032 HENDERSON VOTING CTR #2,Proposed Statewide Amendment 1,,,No,6
Pike,0032 HENDERSON VOTING CTR #2,Proposed Statewide Amendment 1,,,Yes,62
Pike,0032 HENDERSON VOTING CTR #2,Proposed Statewide Amendment 2,,,No,26
Pike,0032 HENDERSON VOTING CTR #2,Proposed Statewide Amendment 2,,,Yes,40
Pike,0032 HENDERSON VOTING CTR #2,Governor,,DEM,Unverified Candidate 2,0
Pike,0032 HENDERSON VOTING CTR #2,Governor,,DEM,Unverified Candidate 3,0
Pike,0032 HENDERSON VOTING CTR #2,Governor,,DEM,Unverified Candidate 4,11
Pike,0032 HENDERSON VOTING CTR #2,Governor,,DEM,Unverified Candidate 5,0
Pike,0032 HENDERSON VOTING CTR #2,Governor,,DEM,Unverified Candidate 6,0
Pike,0032 HENDERSON VOTING CTR #2,Governor,,DEM,Will Boyd,0
Pike,0032 HENDERSON VOTING CTR #2,Lieutenant Governor,,DEM,Darryl D. Perryman,4
Pike,0032 HENDERSON VOTING CTR #2,Lieutenant Governor,,DEM,Phillip Ensler,7
Pike,0032 HENDERSON VOTING CTR #2,"Public Service Commission, Place No. 1",,DEM,James O. Gordon,6
Pike,0032 HENDERSON VOTING CTR #2,"Public Service Commission, Place No. 1",,DEM,Jeff Ramsey,5
Pike,0032 HENDERSON VOTING CTR #2,"Public Service Commission, Place No. 1",,DEM,John Northrop,0
Pike,0032 HENDERSON VOTING CTR #2,State Democratic Executive Committee,,DEM,Jesse Kelley,6
Pike,0032 HENDERSON VOTING CTR #2,State Democratic Executive Committee,,DEM,Sandra Mobley Scott,5
Pike,0032 HENDERSON VOTING CTR #2,U.S. Senate,,DEM,Dakarai Larriett,2
Pike,0032 HENDERSON VOTING CTR #2,U.S. Senate,,DEM,Everett Wess,5
Pike,0032 HENDERSON VOTING CTR #2,U.S. Senate,,DEM,Kyle Sweetser,1
Pike,0032 HENDERSON VOTING CTR #2,U.S. Senate,,DEM,Mark S. Wheeler II,3
Pike,0032 HENDERSON VOTING CTR #2,Attorney General,,REP,Jay Mitchell,15
Pike,0032 HENDERSON VOTING CTR #2,Attorney General,,REP,Katherine Robertson,28
Pike,0032 HENDERSON VOTING CTR #2,Attorney General,,REP,Pamela L. Casey,14
Pike,0032 HENDERSON VOTING CTR #2,Commissioner of Agriculture and Industries,,REP,Christina Woerner McInnis,15
Pike,0032 HENDERSON VOTING CTR #2,Commissioner of Agriculture and Industries,,REP,Cory Hill,23
Pike,0032 HENDERSON VOTING CTR #2,Commissioner of Agriculture and Industries,,REP,Jack Williams,18
Pike,0032 HENDERSON VOTING CTR #2,Governor,,REP,"""Alabama"" Will Santivasci",2
Pike,0032 HENDERSON VOTING CTR #2,Governor,,REP,Ken McFeeters,3
Pike,0032 HENDERSON VOTING CTR #2,Governor,,REP,Thomas Tuberville,54
Pike,0032 HENDERSON VOTING CTR #2,Lieutenant Governor,,REP,George Childress,0
Pike,0032 HENDERSON VOTING CTR #2,Lieutenant Governor,,REP,John Wahl,12
Pike,0032 HENDERSON VOTING CTR #2,Lieutenant Governor,,REP,Nicole Jones Wadsworth,0
Pike,0032 HENDERSON VOTING CTR #2,Lieutenant Governor,,REP,Pat Bishop,1
Pike,0032 HENDERSON VOTING CTR #2,Lieutenant Governor,,REP,Rick Pate,1
Pike,0032 HENDERSON VOTING CTR #2,Lieutenant Governor,,REP,Stewart Hill Tankersley,1
Pike,0032 HENDERSON VOTING CTR #2,Lieutenant Governor,,REP,Wes Allen,43
Pike,0032 HENDERSON VOTING CTR #2,"Public Service Commission, Place No. 1",,REP,Jeremy H. Oden,14
Pike,0032 HENDERSON VOTING CTR #2,"Public Service Commission, Place No. 1",,REP,Matt Gentry,34
Pike,0032 HENDERSON VOTING CTR #2,"Public Service Commission, Place No. 2",,REP,Brent Woodall,11
Pike,0032 HENDERSON VOTING CTR #2,"Public Service Commission, Place No. 2",,REP,Chris Beeker,12
Pike,0032 HENDERSON VOTING CTR #2,"Public Service Commission, Place No. 2",,REP,Jim Zig Zeigler,21
Pike,0032 HENDERSON VOTING CTR #2,"Public Service Commission, Place No. 2",,REP,Priscilla Andrews,4
Pike,0032 HENDERSON VOTING CTR #2,Secretary of State,,REP,Caroleene Dobson,47
Pike,0032 HENDERSON VOTING CTR #2,Secretary of State,,REP,Christopher Christian Horn,7
Pike,0032 HENDERSON VOTING CTR #2,Secretary of State,,REP,Glenda S. Jackson,2
Pike,0032 HENDERSON VOTING CTR #2,State Auditor,,REP,Andrew Sorrell,31
Pike,0032 HENDERSON VOTING CTR #2,State Auditor,,REP,Derek Chen,20
Pike,0032 HENDERSON VOTING CTR #2,State Treasurer,,REP,Steve Lolley,15
Pike,0032 HENDERSON VOTING CTR #2,State Treasurer,,REP,Young Boozer,38
Pike,0032 HENDERSON VOTING CTR #2,U.S. Senate,,REP,Barry Moore,37
Pike,0032 HENDERSON VOTING CTR #2,U.S. Senate,,REP,Dale Shelton Deas Jr.,0
Pike,0032 HENDERSON VOTING CTR #2,U.S. Senate,,REP,Jared Hudson,6
Pike,0032 HENDERSON VOTING CTR #2,U.S. Senate,,REP,Morgan Murphy,0
Pike,0032 HENDERSON VOTING CTR #2,U.S. Senate,,REP,Rodney Walker,1
Pike,0032 HENDERSON VOTING CTR #2,U.S. Senate,,REP,Seth Burton,1
Pike,0032 HENDERSON VOTING CTR #2,U.S. Senate,,REP,Steve Marshall,13
Pike,0033 SACO VFD #2,Proposed Statewide Amendment 1,,,No,0
Pike,0033 SACO VFD #2,Proposed Statewide Amendment 1,,,Yes,22
Pike,0033 SACO VFD #2,Proposed Statewide Amendment 2,,,No,2
Pike,0033 SACO VFD #2,Proposed Statewide Amendment 2,,,Yes,19
Pike,0033 SACO VFD #2,Governor,,DEM,Unverified Candidate 2,1
Pike,0033 SACO VFD #2,Governor,,DEM,Unverified Candidate 3,1
Pike,0033 SACO VFD #2,Governor,,DEM,Unverified Candidate 4,10
Pike,0033 SACO VFD #2,Governor,,DEM,Unverified Candidate 5,0
Pike,0033 SACO VFD #2,Governor,,DEM,Unverified Candidate 6,0
Pike,0033 SACO VFD #2,Governor,,DEM,Will Boyd,5
Pike,0033 SACO VFD #2,Lieutenant Governor,,DEM,Darryl D. Perryman,8
Pike,0033 SACO VFD #2,Lieutenant Governor,,DEM,Phillip Ensler,8
Pike,0033 SACO VFD #2,"Public Service Commission, Place No. 1",,DEM,James O. Gordon,9
Pike,0033 SACO VFD #2,"Public Service Commission, Place No. 1",,DEM,Jeff Ramsey,4
Pike,0033 SACO VFD #2,"Public Service Commission, Place No. 1",,DEM,John Northrop,1
Pike,0033 SACO VFD #2,State Democratic Executive Committee,,DEM,Jesse Kelley,3
Pike,0033 SACO VFD #2,State Democratic Executive Committee,,DEM,Sandra Mobley Scott,11
Pike,0033 SACO VFD #2,U.S. Senate,,DEM,Dakarai Larriett,10
Pike,0033 SACO VFD #2,U.S. Senate,,DEM,Everett Wess,2
Pike,0033 SACO VFD #2,U.S. Senate,,DEM,Kyle Sweetser,1
Pike,0033 SACO VFD #2,U.S. Senate,,DEM,Mark S. Wheeler II,4
Pike,0033 SACO VFD #2,Attorney General,,REP,Jay Mitchell,1
Pike,0033 SACO VFD #2,Attorney General,,REP,Katherine Robertson,0
Pike,0033 SACO VFD #2,Attorney General,,REP,Pamela L. Casey,3
Pike,0033 SACO VFD #2,Commissioner of Agriculture and Industries,,REP,Christina Woerner McInnis,4
Pike,0033 SACO VFD #2,Commissioner of Agriculture and Industries,,REP,Cory Hill,0
Pike,0033 SACO VFD #2,Commissioner of Agriculture and Industries,,REP,Jack Williams,1
Pike,0033 SACO VFD #2,Governor,,REP,"""Alabama"" Will Santivasci",0
Pike,0033 SACO VFD #2,Governor,,REP,Ken McFeeters,0
Pike,0033 SACO VFD #2,Governor,,REP,Thomas Tuberville,4
Pike,0033 SACO VFD #2,Lieutenant Governor,,REP,George Childress,0
Pike,0033 SACO VFD #2,Lieutenant Governor,,REP,John Wahl,0
Pike,0033 SACO VFD #2,Lieutenant Governor,,REP,Nicole Jones Wadsworth,0
Pike,0033 SACO VFD #2,Lieutenant Governor,,REP,Pat Bishop,0
Pike,0033 SACO VFD #2,Lieutenant Governor,,REP,Rick Pate,1
Pike,0033 SACO VFD #2,Lieutenant Governor,,REP,Stewart Hill Tankersley,0
Pike,0033 SACO VFD #2,Lieutenant Governor,,REP,Wes Allen,4
Pike,0033 SACO VFD #2,"Public Service Commission, Place No. 1",,REP,Jeremy H. Oden,1
Pike,0033 SACO VFD #2,"Public Service Commission, Place No. 1",,REP,Matt Gentry,3
Pike,0033 SACO VFD #2,"Public Service Commission, Place No. 2",,REP,Brent Woodall,1
Pike,0033 SACO VFD #2,"Public Service Commission, Place No. 2",,REP,Chris Beeker,0
Pike,0033 SACO VFD #2,"Public Service Commission, Place No. 2",,REP,Jim Zig Zeigler,2
Pike,0033 SACO VFD #2,"Public Service Commission, Place No. 2",,REP,Priscilla Andrews,2
Pike,0033 SACO VFD #2,Secretary of State,,REP,Caroleene Dobson,4
Pike,0033 SACO VFD #2,Secretary of State,,REP,Christopher Christian Horn,1
Pike,0033 SACO VFD #2,Secretary of State,,REP,Glenda S. Jackson,0
Pike,0033 SACO VFD #2,State Auditor,,REP,Andrew Sorrell,4
Pike,0033 SACO VFD #2,State Auditor,,REP,Derek Chen,1
Pike,0033 SACO VFD #2,State Treasurer,,REP,Steve Lolley,1
Pike,0033 SACO VFD #2,State Treasurer,,REP,Young Boozer,4
Pike,0033 SACO VFD #2,U.S. Senate,,REP,Barry Moore,4
Pike,0033 SACO VFD #2,U.S. Senate,,REP,Dale Shelton Deas Jr.,0
Pike,0033 SACO VFD #2,U.S. Senate,,REP,Jared Hudson,0
Pike,0033 SACO VFD #2,U.S. Senate,,REP,Morgan Murphy,0
Pike,0033 SACO VFD #2,U.S. Senate,,REP,Rodney Walker,0
Pike,0033 SACO VFD #2,U.S. Senate,,REP,Seth Burton,0
Pike,0033 SACO VFD #2,U.S. Senate,,REP,Steve Marshall,1
Pike,0034 HEPHZIBAH VOTING CTR #2,Proposed Statewide Amendment 1,,,No,9
Pike,0034 HEPHZIBAH VOTING CTR #2,Proposed Statewide Amendment 1,,,Yes,46
Pike,0034 HEPHZIBAH VOTING CTR #2,Proposed Statewide Amendment 2,,,No,31
Pike,0034 HEPHZIBAH VOTING CTR #2,Proposed Statewide Amendment 2,,,Yes,24
Pike,0034 HEPHZIBAH VOTING CTR #2,Governor,,DEM,Unverified Candidate 2,0
Pike,0034 HEPHZIBAH VOTING CTR #2,Governor,,DEM,Unverified Candidate 3,2
Pike,0034 HEPHZIBAH VOTING CTR #2,Governor,,DEM,Unverified Candidate 4,16
Pike,0034 HEPHZIBAH VOTING CTR #2,Governor,,DEM,Unverified Candidate 5,1
Pike,0034 HEPHZIBAH VOTING CTR #2,Governor,,DEM,Unverified Candidate 6,1
Pike,0034 HEPHZIBAH VOTING CTR #2,Governor,,DEM,Will Boyd,0
Pike,0034 HEPHZIBAH VOTING CTR #2,Lieutenant Governor,,DEM,Darryl D. Perryman,9
Pike,0034 HEPHZIBAH VOTING CTR #2,Lieutenant Governor,,DEM,Phillip Ensler,11
Pike,0034 HEPHZIBAH VOTING CTR #2,"Public Service Commission, Place No. 1",,DEM,James O. Gordon,10
Pike,0034 HEPHZIBAH VOTING CTR #2,"Public Service Commission, Place No. 1",,DEM,Jeff Ramsey,9
Pike,0034 HEPHZIBAH VOTING CTR #2,"Public Service Commission, Place No. 1",,DEM,John Northrop,0
Pike,0034 HEPHZIBAH VOTING CTR #2,State Democratic Executive Committee,,DEM,Jesse Kelley,6
Pike,0034 HEPHZIBAH VOTING CTR #2,State Democratic Executive Committee,,DEM,Sandra Mobley Scott,14
Pike,0034 HEPHZIBAH VOTING CTR #2,U.S. Senate,,DEM,Dakarai Larriett,7
Pike,0034 HEPHZIBAH VOTING CTR #2,U.S. Senate,,DEM,Everett Wess,7
Pike,0034 HEPHZIBAH VOTING CTR #2,U.S. Senate,,DEM,Kyle Sweetser,1
Pike,0034 HEPHZIBAH VOTING CTR #2,U.S. Senate,,DEM,Mark S. Wheeler II,5
Pike,0034 HEPHZIBAH VOTING CTR #2,Attorney General,,REP,Jay Mitchell,5
Pike,0034 HEPHZIBAH VOTING CTR #2,Attorney General,,REP,Katherine Robertson,20
Pike,0034 HEPHZIBAH VOTING CTR #2,Attorney General,,REP,Pamela L. Casey,10
Pike,0034 HEPHZIBAH VOTING CTR #2,Commissioner of Agriculture and Industries,,REP,Christina Woerner McInnis,6
Pike,0034 HEPHZIBAH VOTING CTR #2,Commissioner of Agriculture and Industries,,REP,Cory Hill,15
Pike,0034 HEPHZIBAH VOTING CTR #2,Commissioner of Agriculture and Industries,,REP,Jack Williams,13
Pike,0034 HEPHZIBAH VOTING CTR #2,Governor,,REP,"""Alabama"" Will Santivasci",4
Pike,0034 HEPHZIBAH VOTING CTR #2,Governor,,REP,Ken McFeeters,2
Pike,0034 HEPHZIBAH VOTING CTR #2,Governor,,REP,Thomas Tuberville,29
Pike,0034 HEPHZIBAH VOTING CTR #2,Lieutenant Governor,,REP,George Childress,0
Pike,0034 HEPHZIBAH VOTING CTR #2,Lieutenant Governor,,REP,John Wahl,2
Pike,0034 HEPHZIBAH VOTING CTR #2,Lieutenant Governor,,REP,Nicole Jones Wadsworth,0
Pike,0034 HEPHZIBAH VOTING CTR #2,Lieutenant Governor,,REP,Pat Bishop,0
Pike,0034 HEPHZIBAH VOTING CTR #2,Lieutenant Governor,,REP,Rick Pate,1
Pike,0034 HEPHZIBAH VOTING CTR #2,Lieutenant Governor,,REP,Stewart Hill Tankersley,0
Pike,0034 HEPHZIBAH VOTING CTR #2,Lieutenant Governor,,REP,Wes Allen,32
Pike,0034 HEPHZIBAH VOTING CTR #2,"Public Service Commission, Place No. 1",,REP,Jeremy H. Oden,11
Pike,0034 HEPHZIBAH VOTING CTR #2,"Public Service Commission, Place No. 1",,REP,Matt Gentry,22
Pike,0034 HEPHZIBAH VOTING CTR #2,"Public Service Commission, Place No. 2",,REP,Brent Woodall,8
Pike,0034 HEPHZIBAH VOTING CTR #2,"Public Service Commission, Place No. 2",,REP,Chris Beeker,3
Pike,0034 HEPHZIBAH VOTING CTR #2,"Public Service Commission, Place No. 2",,REP,Jim Zig Zeigler,20
Pike,0034 HEPHZIBAH VOTING CTR #2,"Public Service Commission, Place No. 2",,REP,Priscilla Andrews,3
Pike,0034 HEPHZIBAH VOTING CTR #2,Secretary of State,,REP,Caroleene Dobson,31
Pike,0034 HEPHZIBAH VOTING CTR #2,Secretary of State,,REP,Christopher Christian Horn,2
Pike,0034 HEPHZIBAH VOTING CTR #2,Secretary of State,,REP,Glenda S. Jackson,1
Pike,0034 HEPHZIBAH VOTING CTR #2,State Auditor,,REP,Andrew Sorrell,23
Pike,0034 HEPHZIBAH VOTING CTR #2,State Auditor,,REP,Derek Chen,12
Pike,0034 HEPHZIBAH VOTING CTR #2,State Treasurer,,REP,Steve Lolley,6
Pike,0034 HEPHZIBAH VOTING CTR #2,State Treasurer,,REP,Young Boozer,28
Pike,0034 HEPHZIBAH VOTING CTR #2,U.S. Senate,,REP,Barry Moore,19
Pike,0034 HEPHZIBAH VOTING CTR #2,U.S. Senate,,REP,Dale Shelton Deas Jr.,0
Pike,0034 HEPHZIBAH VOTING CTR #2,U.S. Senate,,REP,Jared Hudson,2
Pike,0034 HEPHZIBAH VOTING CTR #2,U.S. Senate,,REP,Morgan Murphy,0
Pike,0034 HEPHZIBAH VOTING CTR #2,U.S. Senate,,REP,Rodney Walker,1
Pike,0034 HEPHZIBAH VOTING CTR #2,U.S. Senate,,REP,Seth Burton,0
Pike,0034 HEPHZIBAH VOTING CTR #2,U.S. Senate,,REP,Steve Marshall,12
Pike,0035 ABSENTEE,Proposed Statewide Amendment 1,,,No,3
Pike,0035 ABSENTEE,Proposed Statewide Amendment 1,,,Yes,63
Pike,0035 ABSENTEE,Proposed Statewide Amendment 2,,,No,24
Pike,0035 ABSENTEE,Proposed Statewide Amendment 2,,,Yes,38
Pike,0035 ABSENTEE,Governor,,DEM,Unverified Candidate 2,0
Pike,0035 ABSENTEE,Governor,,DEM,Unverified Candidate 3,1
Pike,0035 ABSENTEE,Governor,,DEM,Unverified Candidate 4,15
Pike,0035 ABSENTEE,Governor,,DEM,Unverified Candidate 5,0
Pike,0035 ABSENTEE,Governor,,DEM,Unverified Candidate 6,0
Pike,0035 ABSENTEE,Governor,,DEM,Will Boyd,1
Pike,0035 ABSENTEE,Lieutenant Governor,,DEM,Darryl D. Perryman,12
Pike,0035 ABSENTEE,Lieutenant Governor,,DEM,Phillip Ensler,6
Pike,0035 ABSENTEE,"Public Service Commission, Place No. 1",,DEM,James O. Gordon,11
Pike,0035 ABSENTEE,"Public Service Commission, Place No. 1",,DEM,Jeff Ramsey,4
Pike,0035 ABSENTEE,"Public Service Commission, Place No. 1",,DEM,John Northrop,1
Pike,0035 ABSENTEE,State Democratic Executive Committee,,DEM,Jesse Kelley,1
Pike,0035 ABSENTEE,State Democratic Executive Committee,,DEM,Sandra Mobley Scott,16
Pike,0035 ABSENTEE,U.S. Senate,,DEM,Dakarai Larriett,13
Pike,0035 ABSENTEE,U.S. Senate,,DEM,Everett Wess,1
Pike,0035 ABSENTEE,U.S. Senate,,DEM,Kyle Sweetser,1
Pike,0035 ABSENTEE,U.S. Senate,,DEM,Mark S. Wheeler II,1
Pike,0035 ABSENTEE,Attorney General,,REP,Jay Mitchell,10
Pike,0035 ABSENTEE,Attorney General,,REP,Katherine Robertson,23
Pike,0035 ABSENTEE,Attorney General,,REP,Pamela L. Casey,19
Pike,0035 ABSENTEE,Commissioner of Agriculture and Industries,,REP,Christina Woerner McInnis,10
Pike,0035 ABSENTEE,Commissioner of Agriculture and Industries,,REP,Cory Hill,22
Pike,0035 ABSENTEE,Commissioner of Agriculture and Industries,,REP,Jack Williams,14
Pike,0035 ABSENTEE,Governor,,REP,"""Alabama"" Will Santivasci",5
Pike,0035 ABSENTEE,Governor,,REP,Ken McFeeters,2
Pike,0035 ABSENTEE,Governor,,REP,Thomas Tuberville,45
Pike,0035 ABSENTEE,Lieutenant Governor,,REP,George Childress,0
Pike,0035 ABSENTEE,Lieutenant Governor,,REP,John Wahl,3
Pike,0035 ABSENTEE,Lieutenant Governor,,REP,Nicole Jones Wadsworth,1
Pike,0035 ABSENTEE,Lieutenant Governor,,REP,Pat Bishop,0
Pike,0035 ABSENTEE,Lieutenant Governor,,REP,Rick Pate,2
Pike,0035 ABSENTEE,Lieutenant Governor,,REP,Stewart Hill Tankersley,0
Pike,0035 ABSENTEE,Lieutenant Governor,,REP,Wes Allen,47
Pike,0035 ABSENTEE,"Public Service Commission, Place No. 1",,REP,Jeremy H. Oden,11
Pike,0035 ABSENTEE,"Public Service Commission, Place No. 1",,REP,Matt Gentry,34
Pike,0035 ABSENTEE,"Public Service Commission, Place No. 2",,REP,Brent Woodall,7
Pike,0035 ABSENTEE,"Public Service Commission, Place No. 2",,REP,Chris Beeker,22
Pike,0035 ABSENTEE,"Public Service Commission, Place No. 2",,REP,Jim Zig Zeigler,12
Pike,0035 ABSENTEE,"Public Service Commission, Place No. 2",,REP,Priscilla Andrews,8
Pike,0035 ABSENTEE,Secretary of State,,REP,Caroleene Dobson,47
Pike,0035 ABSENTEE,Secretary of State,,REP,Christopher Christian Horn,3
Pike,0035 ABSENTEE,Secretary of State,,REP,Glenda S. Jackson,2
Pike,0035 ABSENTEE,State Auditor,,REP,Andrew Sorrell,24
Pike,0035 ABSENTEE,State Auditor,,REP,Derek Chen,27
Pike,0035 ABSENTEE,State Treasurer,,REP,Steve Lolley,16
Pike,0035 ABSENTEE,State Treasurer,,REP,Young Boozer,35
Pike,0035 ABSENTEE,U.S. Senate,,REP,Barry Moore,30
Pike,0035 ABSENTEE,U.S. Senate,,REP,Dale Shelton Deas Jr.,0
Pike,0035 ABSENTEE,U.S. Senate,,REP,Jared Hudson,6
Pike,0035 ABSENTEE,U.S. Senate,,REP,Morgan Murphy,0
Pike,0035 ABSENTEE,U.S. Senate,,REP,Rodney Walker,0
Pike,0035 ABSENTEE,U.S. Senate,,REP,Seth Burton,4
Pike,0035 ABSENTEE,U.S. Senate,,REP,Steve Marshall,12
Pike,0036 PROVISIONAL,Proposed Statewide Amendment 1,,,No,0
Pike,0036 PROVISIONAL,Proposed Statewide Amendment 1,,,Yes,4
Pike,0036 PROVISIONAL,Proposed Statewide Amendment 2,,,No,1
Pike,0036 PROVISIONAL,Proposed Statewide Amendment 2,,,Yes,3
Pike,0036 PROVISIONAL,Governor,,DEM,Unverified Candidate 2,2
Pike,0036 PROVISIONAL,Governor,,DEM,Unverified Candidate 3,0
Pike,0036 PROVISIONAL,Governor,,DEM,Unverified Candidate 4,1
Pike,0036 PROVISIONAL,Governor,,DEM,Unverified Candidate 5,0
Pike,0036 PROVISIONAL,Governor,,DEM,Unverified Candidate 6,0
Pike,0036 PROVISIONAL,Governor,,DEM,Will Boyd,0
Pike,0036 PROVISIONAL,Lieutenant Governor,,DEM,Darryl D. Perryman,2
Pike,0036 PROVISIONAL,Lieutenant Governor,,DEM,Phillip Ensler,1
Pike,0036 PROVISIONAL,"Public Service Commission, Place No. 1",,DEM,James O. Gordon,1
Pike,0036 PROVISIONAL,"Public Service Commission, Place No. 1",,DEM,Jeff Ramsey,1
Pike,0036 PROVISIONAL,"Public Service Commission, Place No. 1",,DEM,John Northrop,1
Pike,0036 PROVISIONAL,State Democratic Executive Committee,,DEM,Jesse Kelley,0
Pike,0036 PROVISIONAL,State Democratic Executive Committee,,DEM,Sandra Mobley Scott,3
Pike,0036 PROVISIONAL,U.S. Senate,,DEM,Dakarai Larriett,2
Pike,0036 PROVISIONAL,U.S. Senate,,DEM,Everett Wess,0
Pike,0036 PROVISIONAL,U.S. Senate,,DEM,Kyle Sweetser,0
Pike,0036 PROVISIONAL,U.S. Senate,,DEM,Mark S. Wheeler II,1
Pike,0036 PROVISIONAL,Attorney General,,REP,Jay Mitchell,1
Pike,0036 PROVISIONAL,Attorney General,,REP,Katherine Robertson,0
Pike,0036 PROVISIONAL,Attorney General,,REP,Pamela L. Casey,0
Pike,0036 PROVISIONAL,Commissioner of Agriculture and Industries,,REP,Christina Woerner McInnis,0
Pike,0036 PROVISIONAL,Commissioner of Agriculture and Industries,,REP,Cory Hill,0
Pike,0036 PROVISIONAL,Commissioner of Agriculture and Industries,,REP,Jack Williams,1
Pike,0036 PROVISIONAL,Governor,,REP,"""Alabama"" Will Santivasci",0
Pike,0036 PROVISIONAL,Governor,,REP,Ken McFeeters,0
Pike,0036 PROVISIONAL,Governor,,REP,Thomas Tuberville,1
Pike,0036 PROVISIONAL,Lieutenant Governor,,REP,George Childress,0
Pike,0036 PROVISIONAL,Lieutenant Governor,,REP,John Wahl,0
Pike,0036 PROVISIONAL,Lieutenant Governor,,REP,Nicole Jones Wadsworth,0
Pike,0036 PROVISIONAL,Lieutenant Governor,,REP,Pat Bishop,0
Pike,0036 PROVISIONAL,Lieutenant Governor,,REP,Rick Pate,0
Pike,0036 PROVISIONAL,Lieutenant Governor,,REP,Stewart Hill Tankersley,0
Pike,0036 PROVISIONAL,Lieutenant Governor,,REP,Wes Allen,1
Pike,0036 PROVISIONAL,"Public Service Commission, Place No. 1",,REP,Jeremy H. Oden,1
Pike,0036 PROVISIONAL,"Public Service Commission, Place No. 1",,REP,Matt Gentry,0
Pike,0036 PROVISIONAL,"Public Service Commission, Place No. 2",,REP,Brent Woodall,0
Pike,0036 PROVISIONAL,"Public Service Commission, Place No. 2",,REP,Chris Beeker,0
Pike,0036 PROVISIONAL,"Public Service Commission, Place No. 2",,REP,Jim Zig Zeigler,1
Pike,0036 PROVISIONAL,"Public Service Commission, Place No. 2",,REP,Priscilla Andrews,0
Pike,0036 PROVISIONAL,Secretary of State,,REP,Caroleene Dobson,1
Pike,0036 PROVISIONAL,Secretary of State,,REP,Christopher Christian Horn,0
Pike,0036 PROVISIONAL,Secretary of State,,REP,Glenda S. Jackson,0
Pike,0036 PROVISIONAL,State Auditor,,REP,Andrew Sorrell,0
Pike,0036 PROVISIONAL,State Auditor,,REP,Derek Chen,1
Pike,0036 PROVISIONAL,State Treasurer,,REP,Steve Lolley,0
Pike,0036 PROVISIONAL,State Treasurer,,REP,Young Boozer,1
Pike,0036 PROVISIONAL,U.S. Senate,,REP,Barry Moore,1
Pike,0036 PROVISIONAL,U.S. Senate,,REP,Dale Shelton Deas Jr.,0
Pike,0036 PROVISIONAL,U.S. Senate,,REP,Jared Hudson,0
Pike,0036 PROVISIONAL,U.S. Senate,,REP,Morgan Murphy,0
Pike,0036 PROVISIONAL,U.S. Senate,,REP,Rodney Walker,0
Pike,0036 PROVISIONAL,U.S. Senate,,REP,Seth Burton,0
Pike,0036 PROVISIONAL,U.S. Senate,,REP,Steve Marshall,0
