county,precinct,office,district,party,candidate,votes
Franklin,UNION COMM CTR,Governor,,DEM,Will Boyd,2
Franklin,UNION COMM CTR,Governor,,DEM,Jamel J. Brown,0
Franklin,UNION COMM CTR,Governor,,DEM,Yolanda Rochelle Flowers,0
Franklin,UNION COMM CTR,Governor,,DEM,Doug Jones,0
Franklin,UNION COMM CTR,Governor,,DEM,"Chad ""Chig"" Martin",0
Franklin,UNION COMM CTR,Governor,,DEM,"Nathan ""Nate"" Mathis",0
Franklin,UNION COMM CTR,Lieutenant Governor,,DEM,Phillip Ensler,0
Franklin,UNION COMM CTR,Lieutenant Governor,,DEM,Darryl D. Perryman,2
Franklin,UNION COMM CTR,U.S. Senate,,DEM,Dakarai Larriett,0
Franklin,UNION COMM CTR,U.S. Senate,,DEM,Kyle Sweetser,0
Franklin,UNION COMM CTR,U.S. Senate,,DEM,Everett Wess,0
Franklin,UNION COMM CTR,U.S. Senate,,DEM,Mark S. Wheeler II,2
Franklin,UNION COMM CTR,U.S. House,4,DEM,Amanda N. Pusczek,2
Franklin,UNION COMM CTR,U.S. House,4,DEM,Shane Weaver,0
Franklin,UNION COMM CTR,"Public Service Commissioner, Place 1",,DEM,James O. Gordon,0
Franklin,UNION COMM CTR,Governor,,REP,Ken McFeeters,17
Franklin,UNION COMM CTR,Governor,,REP,"""Alabama"" Will Santivasci",16
Franklin,UNION COMM CTR,Governor,,REP,Thomas Tuberville,158
Franklin,UNION COMM CTR,Lieutenant Governor,,REP,Wes Allen,53
Franklin,UNION COMM CTR,Lieutenant Governor,,REP,Pat Bishop,22
Franklin,UNION COMM CTR,Lieutenant Governor,,REP,George Childress,5
Franklin,UNION COMM CTR,Lieutenant Governor,,REP,Rick Pate,1
Franklin,UNION COMM CTR,Lieutenant Governor,,REP,Stewart Hill Tankersley,4
Franklin,UNION COMM CTR,Lieutenant Governor,,REP,Nicole Jones Wadsworth,10
Franklin,UNION COMM CTR,Lieutenant Governor,,REP,John Wahl,79
Franklin,UNION COMM CTR,U.S. Senate,,REP,Seth Burton,3
Franklin,UNION COMM CTR,U.S. Senate,,REP,Dale Shelton Deas Jr.,0
Franklin,UNION COMM CTR,U.S. Senate,,REP,Jared Hudson,60
Franklin,UNION COMM CTR,U.S. Senate,,REP,Steve Marshall,32
Franklin,UNION COMM CTR,U.S. Senate,,REP,Barry Moore,80
Franklin,UNION COMM CTR,U.S. Senate,,REP,Morgan Murphy,2
Franklin,UNION COMM CTR,U.S. Senate,,REP,Rodney Walker,10
Franklin,UNION COMM CTR,U.S. House,4,REP,Robert B. Aderholt,155
Franklin,UNION COMM CTR,Attorney General,,REP,Pamela L. Casey,48
Franklin,UNION COMM CTR,Attorney General,,REP,Jay Mitchell,52
Franklin,UNION COMM CTR,Attorney General,,REP,Katherine Robertson,70
Franklin,UNION COMM CTR,Secretary of State,,REP,Caroleene Dobson,85
Franklin,UNION COMM CTR,Secretary of State,,REP,Christopher Christian Horn,41
Franklin,UNION COMM CTR,Secretary of State,,REP,Glenda S. Jackson,20
Franklin,UNION COMM CTR,State Treasurer,,REP,Young Boozer,75
Franklin,UNION COMM CTR,State Treasurer,,REP,Steve Lolley,81
Franklin,UNION COMM CTR,State Auditor,,REP,Derek Chen,46
Franklin,UNION COMM CTR,State Auditor,,REP,Andrew Sorrell,118
Franklin,UNION COMM CTR,Commissioner of Agriculture and Industries,,REP,Cory Hill,64
Franklin,UNION COMM CTR,Commissioner of Agriculture and Industries,,REP,Christina Woerner McInnis,32
Franklin,UNION COMM CTR,Commissioner of Agriculture and Industries,,REP,Jack Williams,61
Franklin,UNION COMM CTR,"Public Service Commission, Place No. 1",,REP,Matt Gentry,97
Franklin,UNION COMM CTR,"Public Service Commission, Place No. 1",,REP,Jeremy H. Oden,53
Franklin,UNION COMM CTR,"Public Service Commission, Place No. 2",,REP,Priscilla Andrews,19
Franklin,UNION COMM CTR,"Public Service Commission, Place No. 2",,REP,Chris Beeker,44
Franklin,UNION COMM CTR,"Member, Franklin County Commission, District 1",,REP,Curtis Baker,138
Franklin,UNION COMM CTR,"Member, Franklin County Commission, District 1",,REP,Jeffery D. Fleming,10
Franklin,UNION COMM CTR,"Member, Franklin County Commission, District 1",,REP,Judson MIles Gaston,7
Franklin,UNION COMM CTR,"Member, Franklin County Commission, District 1",,REP,Grayson Murray,18
Franklin,UNION COMM CTR,"Member, Franklin County Commission, District 1",,REP,Joey Norton,29
Franklin,UNION COMM CTR,Franklin County Sheriff,,REP,Shannon Oliver,151
Franklin,UNION COMM CTR,Franklin County Sheriff,,REP,Brian Shackelford,51
Franklin,UNION COMM CTR,Franklin County Coroner,,REP,Charles Adcox,30
Franklin,UNION COMM CTR,Franklin County Coroner,,REP,Jeff Clark,155
Franklin,UNION COMM CTR,"Republican State Executive Committee, Franklin County, Place 1",,REP,Kristy Baker Davis,118
Franklin,UNION COMM CTR,"Republican State Executive Committee, Franklin County, Place 1",,REP,Hillary Malone Hall,65
Franklin,UNION COMM CTR,"Franklin County Executive Committee, Place 3",,REP,Justine Baker,146
Franklin,UNION COMM CTR,"Franklin County Executive Committee, Place 3",,REP,Joey Norton,56
Franklin,UNION COMM CTR,"Franklin County Executive Committee, Place 4",,REP,Gage Baker,119
Franklin,UNION COMM CTR,"Franklin County Executive Committee, Place 4",,REP,Lisa Carroll Norton,72
Franklin,UNION COMM CTR,"Franklin County Executive Committee, Place 6",,REP,Hillary Malone Hall,95
Franklin,UNION COMM CTR,"Franklin County Executive Committee, Place 6",,REP,Teresa Thorn Lawler,110
Franklin,UNION COMM CTR,"Franklin County Executive Committee, Place 8",,REP,Brian Kevin Davis,84
Franklin,UNION COMM CTR,"Franklin County Executive Committee, Place 8",,REP,Jarrett Hovater,82
Franklin,UNION COMM CTR,Proposed Statewide Amendment 1,,,Yes,167
Franklin,UNION COMM CTR,Proposed Statewide Amendment 1,,,No,29
Franklin,UNION COMM CTR,Proposed Statewide Amendment 2,,,No,99
Franklin,RUSSELLVILLE HIGH,Governor,,DEM,Will Boyd,7
Franklin,RUSSELLVILLE HIGH,Governor,,DEM,Jamel J. Brown,2
Franklin,RUSSELLVILLE HIGH,Governor,,DEM,Yolanda Rochelle Flowers,2
Franklin,RUSSELLVILLE HIGH,Governor,,DEM,Doug Jones,49
Franklin,RUSSELLVILLE HIGH,Governor,,DEM,"Chad ""Chig"" Martin",2
Franklin,RUSSELLVILLE HIGH,Governor,,DEM,"Nathan ""Nate"" Mathis",2
Franklin,RUSSELLVILLE HIGH,Lieutenant Governor,,DEM,Phillip Ensler,32
Franklin,RUSSELLVILLE HIGH,Lieutenant Governor,,DEM,Darryl D. Perryman,27
Franklin,RUSSELLVILLE HIGH,U.S. Senate,,DEM,Dakarai Larriett,15
Franklin,RUSSELLVILLE HIGH,U.S. Senate,,DEM,Kyle Sweetser,12
Franklin,RUSSELLVILLE HIGH,U.S. Senate,,DEM,Everett Wess,16
Franklin,RUSSELLVILLE HIGH,U.S. Senate,,DEM,Mark S. Wheeler II,18
Franklin,RUSSELLVILLE HIGH,U.S. House,4,DEM,Amanda N. Pusczek,33
Franklin,RUSSELLVILLE HIGH,U.S. House,4,DEM,Shane Weaver,28
Franklin,RUSSELLVILLE HIGH,"Public Service Commissioner, Place 1",,DEM,James O. Gordon,16
Franklin,RUSSELLVILLE HIGH,Governor,,REP,Ken McFeeters,34
Franklin,RUSSELLVILLE HIGH,Governor,,REP,"""Alabama"" Will Santivasci",11
Franklin,RUSSELLVILLE HIGH,Governor,,REP,Thomas Tuberville,273
Franklin,RUSSELLVILLE HIGH,Lieutenant Governor,,REP,Wes Allen,164
Franklin,RUSSELLVILLE HIGH,Lieutenant Governor,,REP,Pat Bishop,6
Franklin,RUSSELLVILLE HIGH,Lieutenant Governor,,REP,George Childress,5
Franklin,RUSSELLVILLE HIGH,Lieutenant Governor,,REP,Rick Pate,15
Franklin,RUSSELLVILLE HIGH,Lieutenant Governor,,REP,Stewart Hill Tankersley,3
Franklin,RUSSELLVILLE HIGH,Lieutenant Governor,,REP,Nicole Jones Wadsworth,9
Franklin,RUSSELLVILLE HIGH,Lieutenant Governor,,REP,John Wahl,111
Franklin,RUSSELLVILLE HIGH,U.S. Senate,,REP,Seth Burton,5
Franklin,RUSSELLVILLE HIGH,U.S. Senate,,REP,Dale Shelton Deas Jr.,0
Franklin,RUSSELLVILLE HIGH,U.S. Senate,,REP,Jared Hudson,73
Franklin,RUSSELLVILLE HIGH,U.S. Senate,,REP,Steve Marshall,70
Franklin,RUSSELLVILLE HIGH,U.S. Senate,,REP,Barry Moore,155
Franklin,RUSSELLVILLE HIGH,U.S. Senate,,REP,Morgan Murphy,3
Franklin,RUSSELLVILLE HIGH,U.S. Senate,,REP,Rodney Walker,6
Franklin,RUSSELLVILLE HIGH,U.S. House,4,REP,Robert B. Aderholt,265
Franklin,RUSSELLVILLE HIGH,Attorney General,,REP,Pamela L. Casey,79
Franklin,RUSSELLVILLE HIGH,Attorney General,,REP,Jay Mitchell,100
Franklin,RUSSELLVILLE HIGH,Attorney General,,REP,Katherine Robertson,107
Franklin,RUSSELLVILLE HIGH,Secretary of State,,REP,Caroleene Dobson,128
Franklin,RUSSELLVILLE HIGH,Secretary of State,,REP,Christopher Christian Horn,77
Franklin,RUSSELLVILLE HIGH,Secretary of State,,REP,Glenda S. Jackson,52
Franklin,RUSSELLVILLE HIGH,State Treasurer,,REP,Young Boozer,153
Franklin,RUSSELLVILLE HIGH,State Treasurer,,REP,Steve Lolley,134
Franklin,RUSSELLVILLE HIGH,State Auditor,,REP,Derek Chen,54
Franklin,RUSSELLVILLE HIGH,State Auditor,,REP,Andrew Sorrell,228
Franklin,RUSSELLVILLE HIGH,Commissioner of Agriculture and Industries,,REP,Cory Hill,124
Franklin,RUSSELLVILLE HIGH,Commissioner of Agriculture and Industries,,REP,Christina Woerner McInnis,56
Franklin,RUSSELLVILLE HIGH,Commissioner of Agriculture and Industries,,REP,Jack Williams,91
Franklin,RUSSELLVILLE HIGH,"Public Service Commission, Place No. 1",,REP,Matt Gentry,175
Franklin,RUSSELLVILLE HIGH,"Public Service Commission, Place No. 1",,REP,Jeremy H. Oden,81
Franklin,RUSSELLVILLE HIGH,"Public Service Commission, Place No. 2",,REP,Priscilla Andrews,26
Franklin,RUSSELLVILLE HIGH,"Public Service Commission, Place No. 2",,REP,Chris Beeker,51
Franklin,RUSSELLVILLE HIGH,"Member, Franklin County Commission, District 1",,REP,Curtis Baker,86
Franklin,RUSSELLVILLE HIGH,"Member, Franklin County Commission, District 1",,REP,Jeffery D. Fleming,79
Franklin,RUSSELLVILLE HIGH,"Member, Franklin County Commission, District 1",,REP,Judson MIles Gaston,14
Franklin,RUSSELLVILLE HIGH,"Member, Franklin County Commission, District 1",,REP,Grayson Murray,119
Franklin,RUSSELLVILLE HIGH,"Member, Franklin County Commission, District 1",,REP,Joey Norton,15
Franklin,RUSSELLVILLE HIGH,Franklin County Sheriff,,REP,Shannon Oliver,237
Franklin,RUSSELLVILLE HIGH,Franklin County Sheriff,,REP,Brian Shackelford,95
Franklin,RUSSELLVILLE HIGH,Franklin County Coroner,,REP,Charles Adcox,91
Franklin,RUSSELLVILLE HIGH,Franklin County Coroner,,REP,Jeff Clark,196
Franklin,RUSSELLVILLE HIGH,"Republican State Executive Committee, Franklin County, Place 1",,REP,Kristy Baker Davis,136
Franklin,RUSSELLVILLE HIGH,"Republican State Executive Committee, Franklin County, Place 1",,REP,Hillary Malone Hall,159
Franklin,RUSSELLVILLE HIGH,"Franklin County Executive Committee, Place 3",,REP,Justine Baker,168
Franklin,RUSSELLVILLE HIGH,"Franklin County Executive Committee, Place 3",,REP,Joey Norton,101
Franklin,RUSSELLVILLE HIGH,"Franklin County Executive Committee, Place 4",,REP,Gage Baker,158
Franklin,RUSSELLVILLE HIGH,"Franklin County Executive Committee, Place 4",,REP,Lisa Carroll Norton,103
Franklin,RUSSELLVILLE HIGH,"Franklin County Executive Committee, Place 6",,REP,Hillary Malone Hall,158
Franklin,RUSSELLVILLE HIGH,"Franklin County Executive Committee, Place 6",,REP,Teresa Thorn Lawler,122
Franklin,RUSSELLVILLE HIGH,"Franklin County Executive Committee, Place 8",,REP,Brian Kevin Davis,100
Franklin,RUSSELLVILLE HIGH,"Franklin County Executive Committee, Place 8",,REP,Jarrett Hovater,179
Franklin,RUSSELLVILLE HIGH,Proposed Statewide Amendment 1,,,Yes,321
Franklin,RUSSELLVILLE HIGH,Proposed Statewide Amendment 1,,,No,55
Franklin,RUSSELLVILLE HIGH,Proposed Statewide Amendment 2,,,No,146
Franklin,COLLEGE AVE. SCH,Governor,,DEM,Will Boyd,5
Franklin,COLLEGE AVE. SCH,Governor,,DEM,Jamel J. Brown,1
Franklin,COLLEGE AVE. SCH,Governor,,DEM,Yolanda Rochelle Flowers,0
Franklin,COLLEGE AVE. SCH,Governor,,DEM,Doug Jones,28
Franklin,COLLEGE AVE. SCH,Governor,,DEM,"Chad ""Chig"" Martin",1
Franklin,COLLEGE AVE. SCH,Governor,,DEM,"Nathan ""Nate"" Mathis",2
Franklin,COLLEGE AVE. SCH,Lieutenant Governor,,DEM,Phillip Ensler,19
Franklin,COLLEGE AVE. SCH,Lieutenant Governor,,DEM,Darryl D. Perryman,16
Franklin,COLLEGE AVE. SCH,U.S. Senate,,DEM,Dakarai Larriett,7
Franklin,COLLEGE AVE. SCH,U.S. Senate,,DEM,Kyle Sweetser,6
Franklin,COLLEGE AVE. SCH,U.S. Senate,,DEM,Everett Wess,17
Franklin,COLLEGE AVE. SCH,U.S. Senate,,DEM,Mark S. Wheeler II,6
Franklin,COLLEGE AVE. SCH,U.S. House,4,DEM,Amanda N. Pusczek,26
Franklin,COLLEGE AVE. SCH,U.S. House,4,DEM,Shane Weaver,10
Franklin,COLLEGE AVE. SCH,"Public Service Commissioner, Place 1",,DEM,James O. Gordon,21
Franklin,COLLEGE AVE. SCH,Governor,,REP,Ken McFeeters,17
Franklin,COLLEGE AVE. SCH,Governor,,REP,"""Alabama"" Will Santivasci",7
Franklin,COLLEGE AVE. SCH,Governor,,REP,Thomas Tuberville,90
Franklin,COLLEGE AVE. SCH,Lieutenant Governor,,REP,Wes Allen,46
Franklin,COLLEGE AVE. SCH,Lieutenant Governor,,REP,Pat Bishop,8
Franklin,COLLEGE AVE. SCH,Lieutenant Governor,,REP,George Childress,5
Franklin,COLLEGE AVE. SCH,Lieutenant Governor,,REP,Rick Pate,4
Franklin,COLLEGE AVE. SCH,Lieutenant Governor,,REP,Stewart Hill Tankersley,0
Franklin,COLLEGE AVE. SCH,Lieutenant Governor,,REP,Nicole Jones Wadsworth,9
Franklin,COLLEGE AVE. SCH,Lieutenant Governor,,REP,John Wahl,39
Franklin,COLLEGE AVE. SCH,U.S. Senate,,REP,Seth Burton,5
Franklin,COLLEGE AVE. SCH,U.S. Senate,,REP,Dale Shelton Deas Jr.,0
Franklin,COLLEGE AVE. SCH,U.S. Senate,,REP,Jared Hudson,21
Franklin,COLLEGE AVE. SCH,U.S. Senate,,REP,Steve Marshall,24
Franklin,COLLEGE AVE. SCH,U.S. Senate,,REP,Barry Moore,55
Franklin,COLLEGE AVE. SCH,U.S. Senate,,REP,Morgan Murphy,3
Franklin,COLLEGE AVE. SCH,U.S. Senate,,REP,Rodney Walker,6
Franklin,COLLEGE AVE. SCH,U.S. House,4,REP,Robert B. Aderholt,88
Franklin,COLLEGE AVE. SCH,Attorney General,,REP,Pamela L. Casey,25
Franklin,COLLEGE AVE. SCH,Attorney General,,REP,Jay Mitchell,46
Franklin,COLLEGE AVE. SCH,Attorney General,,REP,Katherine Robertson,34
Franklin,COLLEGE AVE. SCH,Secretary of State,,REP,Caroleene Dobson,45
Franklin,COLLEGE AVE. SCH,Secretary of State,,REP,Christopher Christian Horn,33
Franklin,COLLEGE AVE. SCH,Secretary of State,,REP,Glenda S. Jackson,23
Franklin,COLLEGE AVE. SCH,State Treasurer,,REP,Young Boozer,48
Franklin,COLLEGE AVE. SCH,State Treasurer,,REP,Steve Lolley,57
Franklin,COLLEGE AVE. SCH,State Auditor,,REP,Derek Chen,28
Franklin,COLLEGE AVE. SCH,State Auditor,,REP,Andrew Sorrell,80
Franklin,COLLEGE AVE. SCH,Commissioner of Agriculture and Industries,,REP,Cory Hill,44
Franklin,COLLEGE AVE. SCH,Commissioner of Agriculture and Industries,,REP,Christina Woerner McInnis,30
Franklin,COLLEGE AVE. SCH,Commissioner of Agriculture and Industries,,REP,Jack Williams,34
Franklin,COLLEGE AVE. SCH,"Public Service Commission, Place No. 1",,REP,Matt Gentry,69
Franklin,COLLEGE AVE. SCH,"Public Service Commission, Place No. 1",,REP,Jeremy H. Oden,31
Franklin,COLLEGE AVE. SCH,"Public Service Commission, Place No. 2",,REP,Priscilla Andrews,15
Franklin,COLLEGE AVE. SCH,"Public Service Commission, Place No. 2",,REP,Chris Beeker,18
Franklin,COLLEGE AVE. SCH,"Member, Franklin County Commission, District 1",,REP,Curtis Baker,32
Franklin,COLLEGE AVE. SCH,"Member, Franklin County Commission, District 1",,REP,Jeffery D. Fleming,20
Franklin,COLLEGE AVE. SCH,"Member, Franklin County Commission, District 1",,REP,Judson MIles Gaston,11
Franklin,COLLEGE AVE. SCH,"Member, Franklin County Commission, District 1",,REP,Grayson Murray,41
Franklin,COLLEGE AVE. SCH,"Member, Franklin County Commission, District 1",,REP,Joey Norton,7
Franklin,COLLEGE AVE. SCH,Franklin County Sheriff,,REP,Shannon Oliver,82
Franklin,COLLEGE AVE. SCH,Franklin County Sheriff,,REP,Brian Shackelford,36
Franklin,COLLEGE AVE. SCH,Franklin County Coroner,,REP,Charles Adcox,30
Franklin,COLLEGE AVE. SCH,Franklin County Coroner,,REP,Jeff Clark,80
Franklin,COLLEGE AVE. SCH,"Republican State Executive Committee, Franklin County, Place 1",,REP,Kristy Baker Davis,50
Franklin,COLLEGE AVE. SCH,"Republican State Executive Committee, Franklin County, Place 1",,REP,Hillary Malone Hall,64
Franklin,COLLEGE AVE. SCH,"Franklin County Executive Committee, Place 3",,REP,Justine Baker,57
Franklin,COLLEGE AVE. SCH,"Franklin County Executive Committee, Place 3",,REP,Joey Norton,50
Franklin,COLLEGE AVE. SCH,"Franklin County Executive Committee, Place 4",,REP,Gage Baker,60
Franklin,COLLEGE AVE. SCH,"Franklin County Executive Committee, Place 4",,REP,Lisa Carroll Norton,44
Franklin,COLLEGE AVE. SCH,"Franklin County Executive Committee, Place 6",,REP,Hillary Malone Hall,64
Franklin,COLLEGE AVE. SCH,"Franklin County Executive Committee, Place 6",,REP,Teresa Thorn Lawler,33
Franklin,COLLEGE AVE. SCH,"Franklin County Executive Committee, Place 8",,REP,Brian Kevin Davis,34
Franklin,COLLEGE AVE. SCH,"Franklin County Executive Committee, Place 8",,REP,Jarrett Hovater,74
Franklin,COURTHOUSE ANNEX,Governor,,DEM,Will Boyd,1
Franklin,COURTHOUSE ANNEX,Governor,,DEM,Jamel J. Brown,2
Franklin,COURTHOUSE ANNEX,Governor,,DEM,Yolanda Rochelle Flowers,1
Franklin,COURTHOUSE ANNEX,Governor,,DEM,Doug Jones,13
Franklin,COURTHOUSE ANNEX,Governor,,DEM,"Chad ""Chig"" Martin",1
Franklin,COURTHOUSE ANNEX,Governor,,DEM,"Nathan ""Nate"" Mathis",0
Franklin,COURTHOUSE ANNEX,Lieutenant Governor,,DEM,Phillip Ensler,12
Franklin,COURTHOUSE ANNEX,Lieutenant Governor,,DEM,Darryl D. Perryman,6
Franklin,COURTHOUSE ANNEX,U.S. Senate,,DEM,Dakarai Larriett,5
Franklin,COURTHOUSE ANNEX,U.S. Senate,,DEM,Kyle Sweetser,6
Franklin,COURTHOUSE ANNEX,U.S. Senate,,DEM,Everett Wess,6
Franklin,COURTHOUSE ANNEX,U.S. Senate,,DEM,Mark S. Wheeler II,1
Franklin,COURTHOUSE ANNEX,U.S. House,4,DEM,Amanda N. Pusczek,11
Franklin,COURTHOUSE ANNEX,U.S. House,4,DEM,Shane Weaver,7
Franklin,COURTHOUSE ANNEX,"Public Service Commissioner, Place 1",,DEM,James O. Gordon,9
Franklin,COURTHOUSE ANNEX,Governor,,REP,Ken McFeeters,5
Franklin,COURTHOUSE ANNEX,Governor,,REP,"""Alabama"" Will Santivasci",12
Franklin,COURTHOUSE ANNEX,Governor,,REP,Thomas Tuberville,141
Franklin,COURTHOUSE ANNEX,Lieutenant Governor,,REP,Wes Allen,94
Franklin,COURTHOUSE ANNEX,Lieutenant Governor,,REP,Pat Bishop,4
Franklin,COURTHOUSE ANNEX,Lieutenant Governor,,REP,George Childress,3
Franklin,COURTHOUSE ANNEX,Lieutenant Governor,,REP,Rick Pate,4
Franklin,COURTHOUSE ANNEX,Lieutenant Governor,,REP,Stewart Hill Tankersley,2
Franklin,COURTHOUSE ANNEX,Lieutenant Governor,,REP,Nicole Jones Wadsworth,4
Franklin,COURTHOUSE ANNEX,Lieutenant Governor,,REP,John Wahl,45
Franklin,COURTHOUSE ANNEX,U.S. Senate,,REP,Seth Burton,2
Franklin,COURTHOUSE ANNEX,U.S. Senate,,REP,Dale Shelton Deas Jr.,3
Franklin,COURTHOUSE ANNEX,U.S. Senate,,REP,Jared Hudson,39
Franklin,COURTHOUSE ANNEX,U.S. Senate,,REP,Steve Marshall,26
Franklin,COURTHOUSE ANNEX,U.S. Senate,,REP,Barry Moore,87
Franklin,COURTHOUSE ANNEX,U.S. Senate,,REP,Morgan Murphy,2
Franklin,COURTHOUSE ANNEX,U.S. Senate,,REP,Rodney Walker,0
Franklin,COURTHOUSE ANNEX,U.S. House,4,REP,Robert B. Aderholt,127
Franklin,COURTHOUSE ANNEX,Attorney General,,REP,Pamela L. Casey,40
Franklin,COURTHOUSE ANNEX,Attorney General,,REP,Jay Mitchell,70
Franklin,COURTHOUSE ANNEX,Attorney General,,REP,Katherine Robertson,37
Franklin,COURTHOUSE ANNEX,Secretary of State,,REP,Caroleene Dobson,68
Franklin,COURTHOUSE ANNEX,Secretary of State,,REP,Christopher Christian Horn,45
Franklin,COURTHOUSE ANNEX,Secretary of State,,REP,Glenda S. Jackson,18
Franklin,COURTHOUSE ANNEX,State Treasurer,,REP,Young Boozer,70
Franklin,COURTHOUSE ANNEX,State Treasurer,,REP,Steve Lolley,68
Franklin,COURTHOUSE ANNEX,State Auditor,,REP,Derek Chen,32
Franklin,COURTHOUSE ANNEX,State Auditor,,REP,Andrew Sorrell,112
Franklin,COURTHOUSE ANNEX,Commissioner of Agriculture and Industries,,REP,Cory Hill,88
Franklin,COURTHOUSE ANNEX,Commissioner of Agriculture and Industries,,REP,Christina Woerner McInnis,16
Franklin,COURTHOUSE ANNEX,Commissioner of Agriculture and Industries,,REP,Jack Williams,35
Franklin,COURTHOUSE ANNEX,"Public Service Commission, Place No. 1",,REP,Matt Gentry,87
Franklin,COURTHOUSE ANNEX,"Public Service Commission, Place No. 1",,REP,Jeremy H. Oden,39
Franklin,COURTHOUSE ANNEX,"Public Service Commission, Place No. 2",,REP,Priscilla Andrews,16
Franklin,COURTHOUSE ANNEX,"Public Service Commission, Place No. 2",,REP,Chris Beeker,25
Franklin,COURTHOUSE ANNEX,"Member, Franklin County Commission, District 1",,REP,Curtis Baker,39
Franklin,COURTHOUSE ANNEX,"Member, Franklin County Commission, District 1",,REP,Jeffery D. Fleming,28
Franklin,COURTHOUSE ANNEX,"Member, Franklin County Commission, District 1",,REP,Judson MIles Gaston,9
Franklin,COURTHOUSE ANNEX,"Member, Franklin County Commission, District 1",,REP,Grayson Murray,71
Franklin,COURTHOUSE ANNEX,"Member, Franklin County Commission, District 1",,REP,Joey Norton,14
Franklin,COURTHOUSE ANNEX,Franklin County Sheriff,,REP,Shannon Oliver,129
Franklin,COURTHOUSE ANNEX,Franklin County Sheriff,,REP,Brian Shackelford,33
Franklin,COURTHOUSE ANNEX,Franklin County Coroner,,REP,Charles Adcox,37
Franklin,COURTHOUSE ANNEX,Franklin County Coroner,,REP,Jeff Clark,105
Franklin,COURTHOUSE ANNEX,"Republican State Executive Committee, Franklin County, Place 1",,REP,Kristy Baker Davis,68
Franklin,COURTHOUSE ANNEX,"Republican State Executive Committee, Franklin County, Place 1",,REP,Hillary Malone Hall,78
Franklin,COURTHOUSE ANNEX,"Franklin County Executive Committee, Place 3",,REP,Justine Baker,81
Franklin,COURTHOUSE ANNEX,"Franklin County Executive Committee, Place 3",,REP,Joey Norton,54
Franklin,COURTHOUSE ANNEX,"Franklin County Executive Committee, Place 4",,REP,Gage Baker,66
Franklin,COURTHOUSE ANNEX,"Franklin County Executive Committee, Place 4",,REP,Lisa Carroll Norton,59
Franklin,COURTHOUSE ANNEX,"Franklin County Executive Committee, Place 6",,REP,Hillary Malone Hall,72
Franklin,COURTHOUSE ANNEX,"Franklin County Executive Committee, Place 6",,REP,Teresa Thorn Lawler,71
Franklin,COURTHOUSE ANNEX,"Franklin County Executive Committee, Place 8",,REP,Brian Kevin Davis,41
Franklin,COURTHOUSE ANNEX,"Franklin County Executive Committee, Place 8",,REP,Jarrett Hovater,95
Franklin,COURTHOUSE ANNEX,Proposed Statewide Amendment 1,,,Yes,135
Franklin,COURTHOUSE ANNEX,Proposed Statewide Amendment 1,,,No,17
Franklin,COURTHOUSE ANNEX,Proposed Statewide Amendment 2,,,No,57
Franklin,CHUCKY MULLINS CTR,Governor,,DEM,Will Boyd,26
Franklin,CHUCKY MULLINS CTR,Governor,,DEM,Jamel J. Brown,8
Franklin,CHUCKY MULLINS CTR,Governor,,DEM,Yolanda Rochelle Flowers,2
Franklin,CHUCKY MULLINS CTR,Governor,,DEM,Doug Jones,53
Franklin,CHUCKY MULLINS CTR,Governor,,DEM,"Chad ""Chig"" Martin",4
Franklin,CHUCKY MULLINS CTR,Governor,,DEM,"Nathan ""Nate"" Mathis",2
Franklin,CHUCKY MULLINS CTR,Lieutenant Governor,,DEM,Phillip Ensler,46
Franklin,CHUCKY MULLINS CTR,Lieutenant Governor,,DEM,Darryl D. Perryman,43
Franklin,CHUCKY MULLINS CTR,U.S. Senate,,DEM,Dakarai Larriett,21
Franklin,CHUCKY MULLINS CTR,U.S. Senate,,DEM,Kyle Sweetser,10
Franklin,CHUCKY MULLINS CTR,U.S. Senate,,DEM,Everett Wess,44
Franklin,CHUCKY MULLINS CTR,U.S. Senate,,DEM,Mark S. Wheeler II,13
Franklin,CHUCKY MULLINS CTR,U.S. House,4,DEM,Amanda N. Pusczek,50
Franklin,CHUCKY MULLINS CTR,U.S. House,4,DEM,Shane Weaver,39
Franklin,CHUCKY MULLINS CTR,"Public Service Commissioner, Place 1",,DEM,James O. Gordon,49
Franklin,CHUCKY MULLINS CTR,Governor,,REP,Ken McFeeters,7
Franklin,CHUCKY MULLINS CTR,Governor,,REP,"""Alabama"" Will Santivasci",0
Franklin,CHUCKY MULLINS CTR,Governor,,REP,Thomas Tuberville,35
Franklin,CHUCKY MULLINS CTR,Lieutenant Governor,,REP,Wes Allen,26
Franklin,CHUCKY MULLINS CTR,Lieutenant Governor,,REP,Pat Bishop,3
Franklin,CHUCKY MULLINS CTR,Lieutenant Governor,,REP,George Childress,3
Franklin,CHUCKY MULLINS CTR,Lieutenant Governor,,REP,Rick Pate,2
Franklin,CHUCKY MULLINS CTR,Lieutenant Governor,,REP,Stewart Hill Tankersley,1
Franklin,CHUCKY MULLINS CTR,Lieutenant Governor,,REP,Nicole Jones Wadsworth,2
Franklin,CHUCKY MULLINS CTR,Lieutenant Governor,,REP,John Wahl,5
Franklin,CHUCKY MULLINS CTR,U.S. Senate,,REP,Seth Burton,0
Franklin,CHUCKY MULLINS CTR,U.S. Senate,,REP,Dale Shelton Deas Jr.,0
Franklin,CHUCKY MULLINS CTR,U.S. Senate,,REP,Jared Hudson,9
Franklin,CHUCKY MULLINS CTR,U.S. Senate,,REP,Steve Marshall,10
Franklin,CHUCKY MULLINS CTR,U.S. Senate,,REP,Barry Moore,20
Franklin,CHUCKY MULLINS CTR,U.S. Senate,,REP,Morgan Murphy,0
Franklin,CHUCKY MULLINS CTR,U.S. Senate,,REP,Rodney Walker,4
Franklin,CHUCKY MULLINS CTR,U.S. House,4,REP,Robert B. Aderholt,37
Franklin,CHUCKY MULLINS CTR,Attorney General,,REP,Pamela L. Casey,15
Franklin,CHUCKY MULLINS CTR,Attorney General,,REP,Jay Mitchell,15
Franklin,CHUCKY MULLINS CTR,Attorney General,,REP,Katherine Robertson,11
Franklin,CHUCKY MULLINS CTR,Secretary of State,,REP,Caroleene Dobson,19
Franklin,CHUCKY MULLINS CTR,Secretary of State,,REP,Christopher Christian Horn,11
Franklin,CHUCKY MULLINS CTR,Secretary of State,,REP,Glenda S. Jackson,11
Franklin,CHUCKY MULLINS CTR,State Treasurer,,REP,Young Boozer,22
Franklin,CHUCKY MULLINS CTR,State Treasurer,,REP,Steve Lolley,17
Franklin,CHUCKY MULLINS CTR,State Auditor,,REP,Derek Chen,11
Franklin,CHUCKY MULLINS CTR,State Auditor,,REP,Andrew Sorrell,30
Franklin,CHUCKY MULLINS CTR,Commissioner of Agriculture and Industries,,REP,Cory Hill,21
Franklin,CHUCKY MULLINS CTR,Commissioner of Agriculture and Industries,,REP,Christina Woerner McInnis,10
Franklin,CHUCKY MULLINS CTR,Commissioner of Agriculture and Industries,,REP,Jack Williams,9
Franklin,CHUCKY MULLINS CTR,"Public Service Commission, Place No. 1",,REP,Matt Gentry,29
Franklin,CHUCKY MULLINS CTR,"Public Service Commission, Place No. 1",,REP,Jeremy H. Oden,12
Franklin,CHUCKY MULLINS CTR,"Public Service Commission, Place No. 2",,REP,Priscilla Andrews,7
Franklin,CHUCKY MULLINS CTR,"Public Service Commission, Place No. 2",,REP,Chris Beeker,6
Franklin,CHUCKY MULLINS CTR,"Member, Franklin County Commission, District 1",,REP,Curtis Baker,12
Franklin,CHUCKY MULLINS CTR,"Member, Franklin County Commission, District 1",,REP,Jeffery D. Fleming,8
Franklin,CHUCKY MULLINS CTR,"Member, Franklin County Commission, District 1",,REP,Judson MIles Gaston,5
Franklin,CHUCKY MULLINS CTR,"Member, Franklin County Commission, District 1",,REP,Grayson Murray,15
Franklin,CHUCKY MULLINS CTR,"Member, Franklin County Commission, District 1",,REP,Joey Norton,2
Franklin,CHUCKY MULLINS CTR,Franklin County Sheriff,,REP,Shannon Oliver,32
Franklin,CHUCKY MULLINS CTR,Franklin County Sheriff,,REP,Brian Shackelford,13
Franklin,CHUCKY MULLINS CTR,Franklin County Coroner,,REP,Charles Adcox,20
Franklin,CHUCKY MULLINS CTR,Franklin County Coroner,,REP,Jeff Clark,20
Franklin,CHUCKY MULLINS CTR,"Republican State Executive Committee, Franklin County, Place 1",,REP,Kristy Baker Davis,23
Franklin,CHUCKY MULLINS CTR,"Republican State Executive Committee, Franklin County, Place 1",,REP,Hillary Malone Hall,19
Franklin,CHUCKY MULLINS CTR,"Franklin County Executive Committee, Place 3",,REP,Justine Baker,29
Franklin,CHUCKY MULLINS CTR,"Franklin County Executive Committee, Place 3",,REP,Joey Norton,11
Franklin,CHUCKY MULLINS CTR,"Franklin County Executive Committee, Place 4",,REP,Gage Baker,26
Franklin,CHUCKY MULLINS CTR,"Franklin County Executive Committee, Place 4",,REP,Lisa Carroll Norton,13
Franklin,CHUCKY MULLINS CTR,"Franklin County Executive Committee, Place 6",,REP,Hillary Malone Hall,24
Franklin,CHUCKY MULLINS CTR,"Franklin County Executive Committee, Place 6",,REP,Teresa Thorn Lawler,18
Franklin,CHUCKY MULLINS CTR,"Franklin County Executive Committee, Place 8",,REP,Brian Kevin Davis,13
Franklin,CHUCKY MULLINS CTR,"Franklin County Executive Committee, Place 8",,REP,Jarrett Hovater,28
Franklin,CHUCKY MULLINS CTR,Proposed Statewide Amendment 1,,,Yes,147
Franklin,CHUCKY MULLINS CTR,Proposed Statewide Amendment 1,,,No,24
Franklin,CHUCKY MULLINS CTR,Proposed Statewide Amendment 2,,,No,76
Franklin,RUSSELLVILLE ELECTRIC,Governor,,DEM,Will Boyd,10
Franklin,RUSSELLVILLE ELECTRIC,Governor,,DEM,Jamel J. Brown,1
Franklin,RUSSELLVILLE ELECTRIC,Governor,,DEM,Yolanda Rochelle Flowers,1
Franklin,RUSSELLVILLE ELECTRIC,Governor,,DEM,Doug Jones,40
Franklin,RUSSELLVILLE ELECTRIC,Governor,,DEM,"Chad ""Chig"" Martin",2
Franklin,RUSSELLVILLE ELECTRIC,Governor,,DEM,"Nathan ""Nate"" Mathis",1
Franklin,RUSSELLVILLE ELECTRIC,Lieutenant Governor,,DEM,Phillip Ensler,33
Franklin,RUSSELLVILLE ELECTRIC,Lieutenant Governor,,DEM,Darryl D. Perryman,19
Franklin,RUSSELLVILLE ELECTRIC,U.S. Senate,,DEM,Dakarai Larriett,14
Franklin,RUSSELLVILLE ELECTRIC,U.S. Senate,,DEM,Kyle Sweetser,16
Franklin,RUSSELLVILLE ELECTRIC,U.S. Senate,,DEM,Everett Wess,12
Franklin,RUSSELLVILLE ELECTRIC,U.S. Senate,,DEM,Mark S. Wheeler II,12
Franklin,RUSSELLVILLE ELECTRIC,U.S. House,4,DEM,Amanda N. Pusczek,30
Franklin,RUSSELLVILLE ELECTRIC,U.S. House,4,DEM,Shane Weaver,22
Franklin,RUSSELLVILLE ELECTRIC,"Public Service Commissioner, Place 1",,DEM,James O. Gordon,25
Franklin,RUSSELLVILLE ELECTRIC,Governor,,REP,Ken McFeeters,8
Franklin,RUSSELLVILLE ELECTRIC,Governor,,REP,"""Alabama"" Will Santivasci",11
Franklin,RUSSELLVILLE ELECTRIC,Governor,,REP,Thomas Tuberville,146
Franklin,RUSSELLVILLE ELECTRIC,Lieutenant Governor,,REP,Wes Allen,65
Franklin,RUSSELLVILLE ELECTRIC,Lieutenant Governor,,REP,Pat Bishop,8
Franklin,RUSSELLVILLE ELECTRIC,Lieutenant Governor,,REP,George Childress,2
Franklin,RUSSELLVILLE ELECTRIC,Lieutenant Governor,,REP,Rick Pate,8
Franklin,RUSSELLVILLE ELECTRIC,Lieutenant Governor,,REP,Stewart Hill Tankersley,4
Franklin,RUSSELLVILLE ELECTRIC,Lieutenant Governor,,REP,Nicole Jones Wadsworth,10
Franklin,RUSSELLVILLE ELECTRIC,Lieutenant Governor,,REP,John Wahl,68
Franklin,RUSSELLVILLE ELECTRIC,U.S. Senate,,REP,Seth Burton,5
Franklin,RUSSELLVILLE ELECTRIC,U.S. Senate,,REP,Dale Shelton Deas Jr.,2
Franklin,RUSSELLVILLE ELECTRIC,U.S. Senate,,REP,Jared Hudson,28
Franklin,RUSSELLVILLE ELECTRIC,U.S. Senate,,REP,Steve Marshall,34
Franklin,RUSSELLVILLE ELECTRIC,U.S. Senate,,REP,Barry Moore,84
Franklin,RUSSELLVILLE ELECTRIC,U.S. Senate,,REP,Morgan Murphy,2
Franklin,RUSSELLVILLE ELECTRIC,U.S. Senate,,REP,Rodney Walker,11
Franklin,RUSSELLVILLE ELECTRIC,U.S. House,4,REP,Robert B. Aderholt,131
Franklin,RUSSELLVILLE ELECTRIC,Attorney General,,REP,Pamela L. Casey,39
Franklin,RUSSELLVILLE ELECTRIC,Attorney General,,REP,Jay Mitchell,65
Franklin,RUSSELLVILLE ELECTRIC,Attorney General,,REP,Katherine Robertson,52
Franklin,RUSSELLVILLE ELECTRIC,Secretary of State,,REP,Caroleene Dobson,90
Franklin,RUSSELLVILLE ELECTRIC,Secretary of State,,REP,Christopher Christian Horn,35
Franklin,RUSSELLVILLE ELECTRIC,Secretary of State,,REP,Glenda S. Jackson,26
Franklin,RUSSELLVILLE ELECTRIC,State Treasurer,,REP,Young Boozer,83
Franklin,RUSSELLVILLE ELECTRIC,State Treasurer,,REP,Steve Lolley,71
Franklin,RUSSELLVILLE ELECTRIC,State Auditor,,REP,Derek Chen,39
Franklin,RUSSELLVILLE ELECTRIC,State Auditor,,REP,Andrew Sorrell,115
Franklin,RUSSELLVILLE ELECTRIC,Commissioner of Agriculture and Industries,,REP,Cory Hill,73
Franklin,RUSSELLVILLE ELECTRIC,Commissioner of Agriculture and Industries,,REP,Christina Woerner McInnis,43
Franklin,RUSSELLVILLE ELECTRIC,Commissioner of Agriculture and Industries,,REP,Jack Williams,34
Franklin,RUSSELLVILLE ELECTRIC,"Public Service Commission, Place No. 1",,REP,Matt Gentry,109
Franklin,RUSSELLVILLE ELECTRIC,"Public Service Commission, Place No. 1",,REP,Jeremy H. Oden,34
Franklin,RUSSELLVILLE ELECTRIC,"Public Service Commission, Place No. 2",,REP,Priscilla Andrews,22
Franklin,RUSSELLVILLE ELECTRIC,"Public Service Commission, Place No. 2",,REP,Chris Beeker,16
Franklin,RUSSELLVILLE ELECTRIC,"Member, Franklin County Commission, District 1",,REP,Curtis Baker,41
Franklin,RUSSELLVILLE ELECTRIC,"Member, Franklin County Commission, District 1",,REP,Jeffery D. Fleming,21
Franklin,RUSSELLVILLE ELECTRIC,"Member, Franklin County Commission, District 1",,REP,Judson MIles Gaston,11
Franklin,RUSSELLVILLE ELECTRIC,"Member, Franklin County Commission, District 1",,REP,Grayson Murray,76
Franklin,RUSSELLVILLE ELECTRIC,"Member, Franklin County Commission, District 1",,REP,Joey Norton,12
Franklin,RUSSELLVILLE ELECTRIC,Franklin County Sheriff,,REP,Shannon Oliver,123
Franklin,RUSSELLVILLE ELECTRIC,Franklin County Sheriff,,REP,Brian Shackelford,51
Franklin,RUSSELLVILLE ELECTRIC,Franklin County Coroner,,REP,Charles Adcox,39
Franklin,RUSSELLVILLE ELECTRIC,Franklin County Coroner,,REP,Jeff Clark,115
Franklin,RUSSELLVILLE ELECTRIC,"Republican State Executive Committee, Franklin County, Place 1",,REP,Kristy Baker Davis,75
Franklin,RUSSELLVILLE ELECTRIC,"Republican State Executive Committee, Franklin County, Place 1",,REP,Hillary Malone Hall,88
Franklin,RUSSELLVILLE ELECTRIC,"Franklin County Executive Committee, Place 3",,REP,Justine Baker,95
Franklin,RUSSELLVILLE ELECTRIC,"Franklin County Executive Committee, Place 3",,REP,Joey Norton,58
Franklin,RUSSELLVILLE ELECTRIC,"Franklin County Executive Committee, Place 4",,REP,Gage Baker,87
Franklin,RUSSELLVILLE ELECTRIC,"Franklin County Executive Committee, Place 4",,REP,Lisa Carroll Norton,66
Franklin,RUSSELLVILLE ELECTRIC,"Franklin County Executive Committee, Place 6",,REP,Hillary Malone Hall,91
Franklin,RUSSELLVILLE ELECTRIC,"Franklin County Executive Committee, Place 6",,REP,Teresa Thorn Lawler,75
Franklin,RUSSELLVILLE ELECTRIC,"Franklin County Executive Committee, Place 8",,REP,Brian Kevin Davis,66
Franklin,RUSSELLVILLE ELECTRIC,"Franklin County Executive Committee, Place 8",,REP,Jarrett Hovater,88
Franklin,RUSSELLVILLE ELECTRIC,Proposed Statewide Amendment 1,,,Yes,105
Franklin,RUSSELLVILLE ELECTRIC,Proposed Statewide Amendment 1,,,No,30
Franklin,RUSSELLVILLE ELECTRIC,Proposed Statewide Amendment 2,,,No,48
Franklin,FRANKFORT COMM CTR,Governor,,DEM,Will Boyd,0
Franklin,FRANKFORT COMM CTR,Governor,,DEM,Jamel J. Brown,0
Franklin,FRANKFORT COMM CTR,Governor,,DEM,Yolanda Rochelle Flowers,0
Franklin,FRANKFORT COMM CTR,Governor,,DEM,Doug Jones,3
Franklin,FRANKFORT COMM CTR,Governor,,DEM,"Chad ""Chig"" Martin",3
Franklin,FRANKFORT COMM CTR,Governor,,DEM,"Nathan ""Nate"" Mathis",0
Franklin,FRANKFORT COMM CTR,Lieutenant Governor,,DEM,Phillip Ensler,1
Franklin,FRANKFORT COMM CTR,Lieutenant Governor,,DEM,Darryl D. Perryman,4
Franklin,FRANKFORT COMM CTR,U.S. Senate,,DEM,Dakarai Larriett,0
Franklin,FRANKFORT COMM CTR,U.S. Senate,,DEM,Kyle Sweetser,0
Franklin,FRANKFORT COMM CTR,U.S. Senate,,DEM,Everett Wess,1
Franklin,FRANKFORT COMM CTR,U.S. Senate,,DEM,Mark S. Wheeler II,4
Franklin,FRANKFORT COMM CTR,U.S. House,4,DEM,Amanda N. Pusczek,2
Franklin,FRANKFORT COMM CTR,U.S. House,4,DEM,Shane Weaver,3
Franklin,FRANKFORT COMM CTR,"Public Service Commissioner, Place 1",,DEM,James O. Gordon,1
Franklin,FRANKFORT COMM CTR,Governor,,REP,Ken McFeeters,8
Franklin,FRANKFORT COMM CTR,Governor,,REP,"""Alabama"" Will Santivasci",6
Franklin,FRANKFORT COMM CTR,Governor,,REP,Thomas Tuberville,85
Franklin,FRANKFORT COMM CTR,Lieutenant Governor,,REP,Wes Allen,31
Franklin,FRANKFORT COMM CTR,Lieutenant Governor,,REP,Pat Bishop,4
Franklin,FRANKFORT COMM CTR,Lieutenant Governor,,REP,George Childress,3
Franklin,FRANKFORT COMM CTR,Lieutenant Governor,,REP,Rick Pate,1
Franklin,FRANKFORT COMM CTR,Lieutenant Governor,,REP,Stewart Hill Tankersley,0
Franklin,FRANKFORT COMM CTR,Lieutenant Governor,,REP,Nicole Jones Wadsworth,1
Franklin,FRANKFORT COMM CTR,Lieutenant Governor,,REP,John Wahl,49
Franklin,FRANKFORT COMM CTR,U.S. Senate,,REP,Seth Burton,0
Franklin,FRANKFORT COMM CTR,U.S. Senate,,REP,Dale Shelton Deas Jr.,0
Franklin,FRANKFORT COMM CTR,U.S. Senate,,REP,Jared Hudson,21
Franklin,FRANKFORT COMM CTR,U.S. Senate,,REP,Steve Marshall,15
Franklin,FRANKFORT COMM CTR,U.S. Senate,,REP,Barry Moore,55
Franklin,FRANKFORT COMM CTR,U.S. Senate,,REP,Morgan Murphy,0
Franklin,FRANKFORT COMM CTR,U.S. Senate,,REP,Rodney Walker,5
Franklin,FRANKFORT COMM CTR,U.S. House,4,REP,Robert B. Aderholt,86
Franklin,FRANKFORT COMM CTR,Attorney General,,REP,Pamela L. Casey,17
Franklin,FRANKFORT COMM CTR,Attorney General,,REP,Jay Mitchell,46
Franklin,FRANKFORT COMM CTR,Attorney General,,REP,Katherine Robertson,27
Franklin,FRANKFORT COMM CTR,Secretary of State,,REP,Caroleene Dobson,47
Franklin,FRANKFORT COMM CTR,Secretary of State,,REP,Christopher Christian Horn,26
Franklin,FRANKFORT COMM CTR,Secretary of State,,REP,Glenda S. Jackson,13
Franklin,FRANKFORT COMM CTR,State Treasurer,,REP,Young Boozer,45
Franklin,FRANKFORT COMM CTR,State Treasurer,,REP,Steve Lolley,41
Franklin,FRANKFORT COMM CTR,State Auditor,,REP,Derek Chen,25
Franklin,FRANKFORT COMM CTR,State Auditor,,REP,Andrew Sorrell,63
Franklin,FRANKFORT COMM CTR,Commissioner of Agriculture and Industries,,REP,Cory Hill,30
Franklin,FRANKFORT COMM CTR,Commissioner of Agriculture and Industries,,REP,Christina Woerner McInnis,24
Franklin,FRANKFORT COMM CTR,Commissioner of Agriculture and Industries,,REP,Jack Williams,31
Franklin,FRANKFORT COMM CTR,"Public Service Commission, Place No. 1",,REP,Matt Gentry,67
Franklin,FRANKFORT COMM CTR,"Public Service Commission, Place No. 1",,REP,Jeremy H. Oden,18
Franklin,FRANKFORT COMM CTR,"Public Service Commission, Place No. 2",,REP,Priscilla Andrews,12
Franklin,FRANKFORT COMM CTR,"Public Service Commission, Place No. 2",,REP,Chris Beeker,19
Franklin,FRANKFORT COMM CTR,"Member, Franklin County Commission, District 1",,REP,Curtis Baker,41
Franklin,FRANKFORT COMM CTR,"Member, Franklin County Commission, District 1",,REP,Jeffery D. Fleming,19
Franklin,FRANKFORT COMM CTR,"Member, Franklin County Commission, District 1",,REP,Judson MIles Gaston,2
Franklin,FRANKFORT COMM CTR,"Member, Franklin County Commission, District 1",,REP,Grayson Murray,25
Franklin,FRANKFORT COMM CTR,"Member, Franklin County Commission, District 1",,REP,Joey Norton,6
Franklin,FRANKFORT COMM CTR,Franklin County Sheriff,,REP,Shannon Oliver,86
Franklin,FRANKFORT COMM CTR,Franklin County Sheriff,,REP,Brian Shackelford,15
Franklin,FRANKFORT COMM CTR,Franklin County Coroner,,REP,Charles Adcox,23
Franklin,FRANKFORT COMM CTR,Franklin County Coroner,,REP,Jeff Clark,67
Franklin,FRANKFORT COMM CTR,"Republican State Executive Committee, Franklin County, Place 1",,REP,Kristy Baker Davis,46
Franklin,FRANKFORT COMM CTR,"Republican State Executive Committee, Franklin County, Place 1",,REP,Hillary Malone Hall,36
Franklin,FRANKFORT COMM CTR,"Franklin County Executive Committee, Place 3",,REP,Justine Baker,62
Franklin,FRANKFORT COMM CTR,"Franklin County Executive Committee, Place 3",,REP,Joey Norton,27
Franklin,FRANKFORT COMM CTR,"Franklin County Executive Committee, Place 4",,REP,Gage Baker,52
Franklin,FRANKFORT COMM CTR,"Franklin County Executive Committee, Place 4",,REP,Lisa Carroll Norton,33
Franklin,FRANKFORT COMM CTR,"Franklin County Executive Committee, Place 6",,REP,Hillary Malone Hall,41
Franklin,FRANKFORT COMM CTR,"Franklin County Executive Committee, Place 6",,REP,Teresa Thorn Lawler,42
Franklin,FRANKFORT COMM CTR,"Franklin County Executive Committee, Place 8",,REP,Brian Kevin Davis,20
Franklin,FRANKFORT COMM CTR,"Franklin County Executive Committee, Place 8",,REP,Jarrett Hovater,69
Franklin,FRANKFORT COMM CTR,Proposed Statewide Amendment 1,,,Yes,192
Franklin,FRANKFORT COMM CTR,Proposed Statewide Amendment 1,,,No,32
Franklin,FRANKFORT COMM CTR,Proposed Statewide Amendment 2,,,No,88
Franklin,PLEASANT SITE FD,Governor,,DEM,Will Boyd,0
Franklin,PLEASANT SITE FD,Governor,,DEM,Jamel J. Brown,0
Franklin,PLEASANT SITE FD,Governor,,DEM,Yolanda Rochelle Flowers,0
Franklin,PLEASANT SITE FD,Governor,,DEM,Doug Jones,4
Franklin,PLEASANT SITE FD,Governor,,DEM,"Chad ""Chig"" Martin",0
Franklin,PLEASANT SITE FD,Governor,,DEM,"Nathan ""Nate"" Mathis",0
Franklin,PLEASANT SITE FD,Lieutenant Governor,,DEM,Phillip Ensler,3
Franklin,PLEASANT SITE FD,Lieutenant Governor,,DEM,Darryl D. Perryman,1
Franklin,PLEASANT SITE FD,U.S. Senate,,DEM,Dakarai Larriett,2
Franklin,PLEASANT SITE FD,U.S. Senate,,DEM,Kyle Sweetser,0
Franklin,PLEASANT SITE FD,U.S. Senate,,DEM,Everett Wess,0
Franklin,PLEASANT SITE FD,U.S. Senate,,DEM,Mark S. Wheeler II,2
Franklin,PLEASANT SITE FD,U.S. House,4,DEM,Amanda N. Pusczek,2
Franklin,PLEASANT SITE FD,U.S. House,4,DEM,Shane Weaver,2
Franklin,PLEASANT SITE FD,"Public Service Commissioner, Place 1",,DEM,James O. Gordon,2
Franklin,PLEASANT SITE FD,Governor,,REP,Ken McFeeters,6
Franklin,PLEASANT SITE FD,Governor,,REP,"""Alabama"" Will Santivasci",2
Franklin,PLEASANT SITE FD,Governor,,REP,Thomas Tuberville,57
Franklin,PLEASANT SITE FD,Lieutenant Governor,,REP,Wes Allen,25
Franklin,PLEASANT SITE FD,Lieutenant Governor,,REP,Pat Bishop,0
Franklin,PLEASANT SITE FD,Lieutenant Governor,,REP,George Childress,3
Franklin,PLEASANT SITE FD,Lieutenant Governor,,REP,Rick Pate,4
Franklin,PLEASANT SITE FD,Lieutenant Governor,,REP,Stewart Hill Tankersley,0
Franklin,PLEASANT SITE FD,Lieutenant Governor,,REP,Nicole Jones Wadsworth,1
Franklin,PLEASANT SITE FD,Lieutenant Governor,,REP,John Wahl,23
Franklin,PLEASANT SITE FD,U.S. Senate,,REP,Seth Burton,2
Franklin,PLEASANT SITE FD,U.S. Senate,,REP,Dale Shelton Deas Jr.,2
Franklin,PLEASANT SITE FD,U.S. Senate,,REP,Jared Hudson,9
Franklin,PLEASANT SITE FD,U.S. Senate,,REP,Steve Marshall,14
Franklin,PLEASANT SITE FD,U.S. Senate,,REP,Barry Moore,31
Franklin,PLEASANT SITE FD,U.S. Senate,,REP,Morgan Murphy,0
Franklin,PLEASANT SITE FD,U.S. Senate,,REP,Rodney Walker,0
Franklin,PLEASANT SITE FD,U.S. House,4,REP,Robert B. Aderholt,44
Franklin,PLEASANT SITE FD,Attorney General,,REP,Pamela L. Casey,19
Franklin,PLEASANT SITE FD,Attorney General,,REP,Jay Mitchell,18
Franklin,PLEASANT SITE FD,Attorney General,,REP,Katherine Robertson,20
Franklin,PLEASANT SITE FD,Secretary of State,,REP,Caroleene Dobson,33
Franklin,PLEASANT SITE FD,Secretary of State,,REP,Christopher Christian Horn,14
Franklin,PLEASANT SITE FD,Secretary of State,,REP,Glenda S. Jackson,7
Franklin,PLEASANT SITE FD,State Treasurer,,REP,Young Boozer,34
Franklin,PLEASANT SITE FD,State Treasurer,,REP,Steve Lolley,21
Franklin,PLEASANT SITE FD,State Auditor,,REP,Derek Chen,19
Franklin,PLEASANT SITE FD,State Auditor,,REP,Andrew Sorrell,37
Franklin,PLEASANT SITE FD,Commissioner of Agriculture and Industries,,REP,Cory Hill,28
Franklin,PLEASANT SITE FD,Commissioner of Agriculture and Industries,,REP,Christina Woerner McInnis,12
Franklin,PLEASANT SITE FD,Commissioner of Agriculture and Industries,,REP,Jack Williams,13
Franklin,PLEASANT SITE FD,"Public Service Commission, Place No. 1",,REP,Matt Gentry,34
Franklin,PLEASANT SITE FD,"Public Service Commission, Place No. 1",,REP,Jeremy H. Oden,18
Franklin,PLEASANT SITE FD,"Public Service Commission, Place No. 2",,REP,Priscilla Andrews,7
Franklin,PLEASANT SITE FD,"Public Service Commission, Place No. 2",,REP,Chris Beeker,12
Franklin,PLEASANT SITE FD,"Member, Franklin County Commission, District 1",,REP,Curtis Baker,21
Franklin,PLEASANT SITE FD,"Member, Franklin County Commission, District 1",,REP,Jeffery D. Fleming,11
Franklin,PLEASANT SITE FD,"Member, Franklin County Commission, District 1",,REP,Judson MIles Gaston,3
Franklin,PLEASANT SITE FD,"Member, Franklin County Commission, District 1",,REP,Grayson Murray,24
Franklin,PLEASANT SITE FD,"Member, Franklin County Commission, District 1",,REP,Joey Norton,3
Franklin,PLEASANT SITE FD,Franklin County Sheriff,,REP,Shannon Oliver,54
Franklin,PLEASANT SITE FD,Franklin County Sheriff,,REP,Brian Shackelford,10
Franklin,PLEASANT SITE FD,Franklin County Coroner,,REP,Charles Adcox,18
Franklin,PLEASANT SITE FD,Franklin County Coroner,,REP,Jeff Clark,40
Franklin,PLEASANT SITE FD,"Republican State Executive Committee, Franklin County, Place 1",,REP,Kristy Baker Davis,29
Franklin,PLEASANT SITE FD,"Republican State Executive Committee, Franklin County, Place 1",,REP,Hillary Malone Hall,22
Franklin,PLEASANT SITE FD,"Franklin County Executive Committee, Place 3",,REP,Justine Baker,26
Franklin,PLEASANT SITE FD,"Franklin County Executive Committee, Place 3",,REP,Joey Norton,27
Franklin,PLEASANT SITE FD,"Franklin County Executive Committee, Place 4",,REP,Gage Baker,20
Franklin,PLEASANT SITE FD,"Franklin County Executive Committee, Place 4",,REP,Lisa Carroll Norton,32
Franklin,PLEASANT SITE FD,"Franklin County Executive Committee, Place 6",,REP,Hillary Malone Hall,11
Franklin,PLEASANT SITE FD,"Franklin County Executive Committee, Place 6",,REP,Teresa Thorn Lawler,46
Franklin,PLEASANT SITE FD,"Franklin County Executive Committee, Place 8",,REP,Brian Kevin Davis,16
Franklin,PLEASANT SITE FD,"Franklin County Executive Committee, Place 8",,REP,Jarrett Hovater,36
Franklin,PLEASANT SITE FD,Proposed Statewide Amendment 1,,,Yes,91
Franklin,PLEASANT SITE FD,Proposed Statewide Amendment 1,,,No,13
Franklin,PLEASANT SITE FD,Proposed Statewide Amendment 2,,,No,42
Franklin,RED BAY SR. CTR.,Governor,,DEM,Will Boyd,2
Franklin,RED BAY SR. CTR.,Governor,,DEM,Jamel J. Brown,0
Franklin,RED BAY SR. CTR.,Governor,,DEM,Yolanda Rochelle Flowers,2
Franklin,RED BAY SR. CTR.,Governor,,DEM,Doug Jones,20
Franklin,RED BAY SR. CTR.,Governor,,DEM,"Chad ""Chig"" Martin",6
Franklin,RED BAY SR. CTR.,Governor,,DEM,"Nathan ""Nate"" Mathis",2
Franklin,RED BAY SR. CTR.,Lieutenant Governor,,DEM,Phillip Ensler,21
Franklin,RED BAY SR. CTR.,Lieutenant Governor,,DEM,Darryl D. Perryman,8
Franklin,RED BAY SR. CTR.,U.S. Senate,,DEM,Dakarai Larriett,9
Franklin,RED BAY SR. CTR.,U.S. Senate,,DEM,Kyle Sweetser,5
Franklin,RED BAY SR. CTR.,U.S. Senate,,DEM,Everett Wess,5
Franklin,RED BAY SR. CTR.,U.S. Senate,,DEM,Mark S. Wheeler II,12
Franklin,RED BAY SR. CTR.,U.S. House,4,DEM,Amanda N. Pusczek,24
Franklin,RED BAY SR. CTR.,U.S. House,4,DEM,Shane Weaver,5
Franklin,RED BAY SR. CTR.,"Public Service Commissioner, Place 1",,DEM,James O. Gordon,9
Franklin,RED BAY SR. CTR.,Governor,,REP,Ken McFeeters,18
Franklin,RED BAY SR. CTR.,Governor,,REP,"""Alabama"" Will Santivasci",22
Franklin,RED BAY SR. CTR.,Governor,,REP,Thomas Tuberville,307
Franklin,RED BAY SR. CTR.,Lieutenant Governor,,REP,Wes Allen,124
Franklin,RED BAY SR. CTR.,Lieutenant Governor,,REP,Pat Bishop,6
Franklin,RED BAY SR. CTR.,Lieutenant Governor,,REP,George Childress,7
Franklin,RED BAY SR. CTR.,Lieutenant Governor,,REP,Rick Pate,18
Franklin,RED BAY SR. CTR.,Lieutenant Governor,,REP,Stewart Hill Tankersley,3
Franklin,RED BAY SR. CTR.,Lieutenant Governor,,REP,Nicole Jones Wadsworth,19
Franklin,RED BAY SR. CTR.,Lieutenant Governor,,REP,John Wahl,170
Franklin,RED BAY SR. CTR.,U.S. Senate,,REP,Seth Burton,7
Franklin,RED BAY SR. CTR.,U.S. Senate,,REP,Dale Shelton Deas Jr.,4
Franklin,RED BAY SR. CTR.,U.S. Senate,,REP,Jared Hudson,82
Franklin,RED BAY SR. CTR.,U.S. Senate,,REP,Steve Marshall,41
Franklin,RED BAY SR. CTR.,U.S. Senate,,REP,Barry Moore,208
Franklin,RED BAY SR. CTR.,U.S. Senate,,REP,Morgan Murphy,0
Franklin,RED BAY SR. CTR.,U.S. Senate,,REP,Rodney Walker,7
Franklin,RED BAY SR. CTR.,U.S. House,4,REP,Robert B. Aderholt,296
Franklin,RED BAY SR. CTR.,Attorney General,,REP,Pamela L. Casey,79
Franklin,RED BAY SR. CTR.,Attorney General,,REP,Jay Mitchell,138
Franklin,RED BAY SR. CTR.,Attorney General,,REP,Katherine Robertson,106
Franklin,RED BAY SR. CTR.,Secretary of State,,REP,Caroleene Dobson,187
Franklin,RED BAY SR. CTR.,Secretary of State,,REP,Christopher Christian Horn,88
Franklin,RED BAY SR. CTR.,Secretary of State,,REP,Glenda S. Jackson,38
Franklin,RED BAY SR. CTR.,State Treasurer,,REP,Young Boozer,191
Franklin,RED BAY SR. CTR.,State Treasurer,,REP,Steve Lolley,133
Franklin,RED BAY SR. CTR.,State Auditor,,REP,Derek Chen,78
Franklin,RED BAY SR. CTR.,State Auditor,,REP,Andrew Sorrell,240
Franklin,RED BAY SR. CTR.,Commissioner of Agriculture and Industries,,REP,Cory Hill,130
Franklin,RED BAY SR. CTR.,Commissioner of Agriculture and Industries,,REP,Christina Woerner McInnis,98
Franklin,RED BAY SR. CTR.,Commissioner of Agriculture and Industries,,REP,Jack Williams,83
Franklin,RED BAY SR. CTR.,"Public Service Commission, Place No. 1",,REP,Matt Gentry,232
Franklin,RED BAY SR. CTR.,"Public Service Commission, Place No. 1",,REP,Jeremy H. Oden,71
Franklin,RED BAY SR. CTR.,"Public Service Commission, Place No. 2",,REP,Priscilla Andrews,31
Franklin,RED BAY SR. CTR.,"Public Service Commission, Place No. 2",,REP,Chris Beeker,67
Franklin,RED BAY SR. CTR.,"Member, Franklin County Commission, District 1",,REP,Curtis Baker,146
Franklin,RED BAY SR. CTR.,"Member, Franklin County Commission, District 1",,REP,Jeffery D. Fleming,83
Franklin,RED BAY SR. CTR.,"Member, Franklin County Commission, District 1",,REP,Judson MIles Gaston,21
Franklin,RED BAY SR. CTR.,"Member, Franklin County Commission, District 1",,REP,Grayson Murray,45
Franklin,RED BAY SR. CTR.,"Member, Franklin County Commission, District 1",,REP,Joey Norton,21
Franklin,RED BAY SR. CTR.,Franklin County Sheriff,,REP,Shannon Oliver,298
Franklin,RED BAY SR. CTR.,Franklin County Sheriff,,REP,Brian Shackelford,53
Franklin,RED BAY SR. CTR.,Franklin County Coroner,,REP,Charles Adcox,72
Franklin,RED BAY SR. CTR.,Franklin County Coroner,,REP,Jeff Clark,245
Franklin,RED BAY SR. CTR.,"Republican State Executive Committee, Franklin County, Place 1",,REP,Kristy Baker Davis,198
Franklin,RED BAY SR. CTR.,"Republican State Executive Committee, Franklin County, Place 1",,REP,Hillary Malone Hall,85
Franklin,RED BAY SR. CTR.,"Franklin County Executive Committee, Place 3",,REP,Justine Baker,167
Franklin,RED BAY SR. CTR.,"Franklin County Executive Committee, Place 3",,REP,Joey Norton,113
Franklin,RED BAY SR. CTR.,"Franklin County Executive Committee, Place 4",,REP,Gage Baker,158
Franklin,RED BAY SR. CTR.,"Franklin County Executive Committee, Place 4",,REP,Lisa Carroll Norton,120
Franklin,RED BAY SR. CTR.,"Franklin County Executive Committee, Place 6",,REP,Hillary Malone Hall,62
Franklin,RED BAY SR. CTR.,"Franklin County Executive Committee, Place 6",,REP,Teresa Thorn Lawler,254
Franklin,RED BAY SR. CTR.,"Franklin County Executive Committee, Place 8",,REP,Brian Kevin Davis,132
Franklin,RED BAY SR. CTR.,"Franklin County Executive Committee, Place 8",,REP,Jarrett Hovater,150
Franklin,RED BAY SR. CTR.,Proposed Statewide Amendment 1,,,Yes,63
Franklin,RED BAY SR. CTR.,Proposed Statewide Amendment 1,,,No,1
Franklin,RED BAY SR. CTR.,Proposed Statewide Amendment 2,,,No,29
Franklin,VINA FIRE STATION,Governor,,DEM,Will Boyd,2
Franklin,VINA FIRE STATION,Governor,,DEM,Jamel J. Brown,0
Franklin,VINA FIRE STATION,Governor,,DEM,Yolanda Rochelle Flowers,0
Franklin,VINA FIRE STATION,Governor,,DEM,Doug Jones,0
Franklin,VINA FIRE STATION,Governor,,DEM,"Chad ""Chig"" Martin",1
Franklin,VINA FIRE STATION,Governor,,DEM,"Nathan ""Nate"" Mathis",0
Franklin,VINA FIRE STATION,Lieutenant Governor,,DEM,Phillip Ensler,1
Franklin,VINA FIRE STATION,Lieutenant Governor,,DEM,Darryl D. Perryman,2
Franklin,VINA FIRE STATION,U.S. Senate,,DEM,Dakarai Larriett,1
Franklin,VINA FIRE STATION,U.S. Senate,,DEM,Kyle Sweetser,1
Franklin,VINA FIRE STATION,U.S. Senate,,DEM,Everett Wess,1
Franklin,VINA FIRE STATION,U.S. Senate,,DEM,Mark S. Wheeler II,0
Franklin,VINA FIRE STATION,U.S. House,4,DEM,Amanda N. Pusczek,2
Franklin,VINA FIRE STATION,U.S. House,4,DEM,Shane Weaver,1
Franklin,VINA FIRE STATION,"Public Service Commissioner, Place 1",,DEM,James O. Gordon,1
Franklin,VINA FIRE STATION,Governor,,REP,Ken McFeeters,8
Franklin,VINA FIRE STATION,Governor,,REP,"""Alabama"" Will Santivasci",8
Franklin,VINA FIRE STATION,Governor,,REP,Thomas Tuberville,121
Franklin,VINA FIRE STATION,Lieutenant Governor,,REP,Wes Allen,38
Franklin,VINA FIRE STATION,Lieutenant Governor,,REP,Pat Bishop,5
Franklin,VINA FIRE STATION,Lieutenant Governor,,REP,George Childress,8
Franklin,VINA FIRE STATION,Lieutenant Governor,,REP,Rick Pate,7
Franklin,VINA FIRE STATION,Lieutenant Governor,,REP,Stewart Hill Tankersley,0
Franklin,VINA FIRE STATION,Lieutenant Governor,,REP,Nicole Jones Wadsworth,2
Franklin,VINA FIRE STATION,Lieutenant Governor,,REP,John Wahl,73
Franklin,VINA FIRE STATION,U.S. Senate,,REP,Seth Burton,3
Franklin,VINA FIRE STATION,U.S. Senate,,REP,Dale Shelton Deas Jr.,0
Franklin,VINA FIRE STATION,U.S. Senate,,REP,Jared Hudson,27
Franklin,VINA FIRE STATION,U.S. Senate,,REP,Steve Marshall,33
Franklin,VINA FIRE STATION,U.S. Senate,,REP,Barry Moore,65
Franklin,VINA FIRE STATION,U.S. Senate,,REP,Morgan Murphy,2
Franklin,VINA FIRE STATION,U.S. Senate,,REP,Rodney Walker,7
Franklin,VINA FIRE STATION,U.S. House,4,REP,Robert B. Aderholt,113
Franklin,VINA FIRE STATION,Attorney General,,REP,Pamela L. Casey,35
Franklin,VINA FIRE STATION,Attorney General,,REP,Jay Mitchell,43
Franklin,VINA FIRE STATION,Attorney General,,REP,Katherine Robertson,52
Franklin,VINA FIRE STATION,Secretary of State,,REP,Caroleene Dobson,60
Franklin,VINA FIRE STATION,Secretary of State,,REP,Christopher Christian Horn,36
Franklin,VINA FIRE STATION,Secretary of State,,REP,Glenda S. Jackson,27
Franklin,VINA FIRE STATION,State Treasurer,,REP,Young Boozer,58
Franklin,VINA FIRE STATION,State Treasurer,,REP,Steve Lolley,68
Franklin,VINA FIRE STATION,State Auditor,,REP,Derek Chen,42
Franklin,VINA FIRE STATION,State Auditor,,REP,Andrew Sorrell,80
Franklin,VINA FIRE STATION,Commissioner of Agriculture and Industries,,REP,Cory Hill,48
Franklin,VINA FIRE STATION,Commissioner of Agriculture and Industries,,REP,Christina Woerner McInnis,33
Franklin,VINA FIRE STATION,Commissioner of Agriculture and Industries,,REP,Jack Williams,46
Franklin,VINA FIRE STATION,"Public Service Commission, Place No. 1",,REP,Matt Gentry,85
Franklin,VINA FIRE STATION,"Public Service Commission, Place No. 1",,REP,Jeremy H. Oden,35
Franklin,VINA FIRE STATION,"Public Service Commission, Place No. 2",,REP,Priscilla Andrews,16
Franklin,VINA FIRE STATION,"Public Service Commission, Place No. 2",,REP,Chris Beeker,29
Franklin,VINA FIRE STATION,"Member, Franklin County Commission, District 1",,REP,Curtis Baker,49
Franklin,VINA FIRE STATION,"Member, Franklin County Commission, District 1",,REP,Jeffery D. Fleming,29
Franklin,VINA FIRE STATION,"Member, Franklin County Commission, District 1",,REP,Judson MIles Gaston,9
Franklin,VINA FIRE STATION,"Member, Franklin County Commission, District 1",,REP,Grayson Murray,22
Franklin,VINA FIRE STATION,"Member, Franklin County Commission, District 1",,REP,Joey Norton,19
Franklin,VINA FIRE STATION,Franklin County Sheriff,,REP,Shannon Oliver,105
Franklin,VINA FIRE STATION,Franklin County Sheriff,,REP,Brian Shackelford,35
Franklin,VINA FIRE STATION,Franklin County Coroner,,REP,Charles Adcox,44
Franklin,VINA FIRE STATION,Franklin County Coroner,,REP,Jeff Clark,83
Franklin,VINA FIRE STATION,"Republican State Executive Committee, Franklin County, Place 1",,REP,Kristy Baker Davis,67
Franklin,VINA FIRE STATION,"Republican State Executive Committee, Franklin County, Place 1",,REP,Hillary Malone Hall,44
Franklin,VINA FIRE STATION,"Franklin County Executive Committee, Place 3",,REP,Justine Baker,67
Franklin,VINA FIRE STATION,"Franklin County Executive Committee, Place 3",,REP,Joey Norton,48
Franklin,VINA FIRE STATION,"Franklin County Executive Committee, Place 4",,REP,Gage Baker,54
Franklin,VINA FIRE STATION,"Franklin County Executive Committee, Place 4",,REP,Lisa Carroll Norton,57
Franklin,VINA FIRE STATION,"Franklin County Executive Committee, Place 6",,REP,Hillary Malone Hall,28
Franklin,VINA FIRE STATION,"Franklin County Executive Committee, Place 6",,REP,Teresa Thorn Lawler,98
Franklin,VINA FIRE STATION,"Franklin County Executive Committee, Place 8",,REP,Brian Kevin Davis,45
Franklin,VINA FIRE STATION,"Franklin County Executive Committee, Place 8",,REP,Jarrett Hovater,66
Franklin,VINA FIRE STATION,Proposed Statewide Amendment 1,,,Yes,326
Franklin,VINA FIRE STATION,Proposed Statewide Amendment 1,,,No,41
Franklin,VINA FIRE STATION,Proposed Statewide Amendment 2,,,No,120
Franklin,BELGREEN FIRE DEPT.,Governor,,DEM,Will Boyd,2
Franklin,BELGREEN FIRE DEPT.,Governor,,DEM,Jamel J. Brown,0
Franklin,BELGREEN FIRE DEPT.,Governor,,DEM,Yolanda Rochelle Flowers,0
Franklin,BELGREEN FIRE DEPT.,Governor,,DEM,Doug Jones,4
Franklin,BELGREEN FIRE DEPT.,Governor,,DEM,"Chad ""Chig"" Martin",0
Franklin,BELGREEN FIRE DEPT.,Governor,,DEM,"Nathan ""Nate"" Mathis",0
Franklin,BELGREEN FIRE DEPT.,Lieutenant Governor,,DEM,Phillip Ensler,6
Franklin,BELGREEN FIRE DEPT.,Lieutenant Governor,,DEM,Darryl D. Perryman,0
Franklin,BELGREEN FIRE DEPT.,U.S. Senate,,DEM,Dakarai Larriett,2
Franklin,BELGREEN FIRE DEPT.,U.S. Senate,,DEM,Kyle Sweetser,2
Franklin,BELGREEN FIRE DEPT.,U.S. Senate,,DEM,Everett Wess,0
Franklin,BELGREEN FIRE DEPT.,U.S. Senate,,DEM,Mark S. Wheeler II,1
Franklin,BELGREEN FIRE DEPT.,U.S. House,4,DEM,Amanda N. Pusczek,2
Franklin,BELGREEN FIRE DEPT.,U.S. House,4,DEM,Shane Weaver,3
Franklin,BELGREEN FIRE DEPT.,"Public Service Commissioner, Place 1",,DEM,James O. Gordon,1
Franklin,BELGREEN FIRE DEPT.,Governor,,REP,Ken McFeeters,24
Franklin,BELGREEN FIRE DEPT.,Governor,,REP,"""Alabama"" Will Santivasci",27
Franklin,BELGREEN FIRE DEPT.,Governor,,REP,Thomas Tuberville,196
Franklin,BELGREEN FIRE DEPT.,Lieutenant Governor,,REP,Wes Allen,99
Franklin,BELGREEN FIRE DEPT.,Lieutenant Governor,,REP,Pat Bishop,9
Franklin,BELGREEN FIRE DEPT.,Lieutenant Governor,,REP,George Childress,4
Franklin,BELGREEN FIRE DEPT.,Lieutenant Governor,,REP,Rick Pate,6
Franklin,BELGREEN FIRE DEPT.,Lieutenant Governor,,REP,Stewart Hill Tankersley,0
Franklin,BELGREEN FIRE DEPT.,Lieutenant Governor,,REP,Nicole Jones Wadsworth,16
Franklin,BELGREEN FIRE DEPT.,Lieutenant Governor,,REP,John Wahl,107
Franklin,BELGREEN FIRE DEPT.,U.S. Senate,,REP,Seth Burton,7
Franklin,BELGREEN FIRE DEPT.,U.S. Senate,,REP,Dale Shelton Deas Jr.,4
Franklin,BELGREEN FIRE DEPT.,U.S. Senate,,REP,Jared Hudson,64
Franklin,BELGREEN FIRE DEPT.,U.S. Senate,,REP,Steve Marshall,46
Franklin,BELGREEN FIRE DEPT.,U.S. Senate,,REP,Barry Moore,111
Franklin,BELGREEN FIRE DEPT.,U.S. Senate,,REP,Morgan Murphy,3
Franklin,BELGREEN FIRE DEPT.,U.S. Senate,,REP,Rodney Walker,8
Franklin,BELGREEN FIRE DEPT.,U.S. House,4,REP,Robert B. Aderholt,182
Franklin,BELGREEN FIRE DEPT.,Attorney General,,REP,Pamela L. Casey,57
Franklin,BELGREEN FIRE DEPT.,Attorney General,,REP,Jay Mitchell,79
Franklin,BELGREEN FIRE DEPT.,Attorney General,,REP,Katherine Robertson,87
Franklin,BELGREEN FIRE DEPT.,Secretary of State,,REP,Caroleene Dobson,118
Franklin,BELGREEN FIRE DEPT.,Secretary of State,,REP,Christopher Christian Horn,41
Franklin,BELGREEN FIRE DEPT.,Secretary of State,,REP,Glenda S. Jackson,46
Franklin,BELGREEN FIRE DEPT.,State Treasurer,,REP,Young Boozer,125
Franklin,BELGREEN FIRE DEPT.,State Treasurer,,REP,Steve Lolley,95
Franklin,BELGREEN FIRE DEPT.,State Auditor,,REP,Derek Chen,54
Franklin,BELGREEN FIRE DEPT.,State Auditor,,REP,Andrew Sorrell,167
Franklin,BELGREEN FIRE DEPT.,Commissioner of Agriculture and Industries,,REP,Cory Hill,97
Franklin,BELGREEN FIRE DEPT.,Commissioner of Agriculture and Industries,,REP,Christina Woerner McInnis,64
Franklin,BELGREEN FIRE DEPT.,Commissioner of Agriculture and Industries,,REP,Jack Williams,56
Franklin,BELGREEN FIRE DEPT.,"Public Service Commission, Place No. 1",,REP,Matt Gentry,135
Franklin,BELGREEN FIRE DEPT.,"Public Service Commission, Place No. 1",,REP,Jeremy H. Oden,71
Franklin,BELGREEN FIRE DEPT.,"Public Service Commission, Place No. 2",,REP,Priscilla Andrews,33
Franklin,BELGREEN FIRE DEPT.,"Public Service Commission, Place No. 2",,REP,Chris Beeker,41
Franklin,BELGREEN FIRE DEPT.,"Member, Franklin County Commission, District 1",,REP,Curtis Baker,82
Franklin,BELGREEN FIRE DEPT.,"Member, Franklin County Commission, District 1",,REP,Jeffery D. Fleming,34
Franklin,BELGREEN FIRE DEPT.,"Member, Franklin County Commission, District 1",,REP,Judson MIles Gaston,16
Franklin,BELGREEN FIRE DEPT.,"Member, Franklin County Commission, District 1",,REP,Grayson Murray,85
Franklin,BELGREEN FIRE DEPT.,"Member, Franklin County Commission, District 1",,REP,Joey Norton,24
Franklin,BELGREEN FIRE DEPT.,Franklin County Sheriff,,REP,Shannon Oliver,192
Franklin,BELGREEN FIRE DEPT.,Franklin County Sheriff,,REP,Brian Shackelford,68
Franklin,BELGREEN FIRE DEPT.,Franklin County Coroner,,REP,Charles Adcox,67
Franklin,BELGREEN FIRE DEPT.,Franklin County Coroner,,REP,Jeff Clark,160
Franklin,BELGREEN FIRE DEPT.,"Republican State Executive Committee, Franklin County, Place 1",,REP,Kristy Baker Davis,117
Franklin,BELGREEN FIRE DEPT.,"Republican State Executive Committee, Franklin County, Place 1",,REP,Hillary Malone Hall,107
Franklin,BELGREEN FIRE DEPT.,"Franklin County Executive Committee, Place 3",,REP,Justine Baker,127
Franklin,BELGREEN FIRE DEPT.,"Franklin County Executive Committee, Place 3",,REP,Joey Norton,99
Franklin,BELGREEN FIRE DEPT.,"Franklin County Executive Committee, Place 4",,REP,Gage Baker,102
Franklin,BELGREEN FIRE DEPT.,"Franklin County Executive Committee, Place 4",,REP,Lisa Carroll Norton,115
Franklin,BELGREEN FIRE DEPT.,"Franklin County Executive Committee, Place 6",,REP,Hillary Malone Hall,107
Franklin,BELGREEN FIRE DEPT.,"Franklin County Executive Committee, Place 6",,REP,Teresa Thorn Lawler,123
Franklin,BELGREEN FIRE DEPT.,"Franklin County Executive Committee, Place 8",,REP,Brian Kevin Davis,91
Franklin,BELGREEN FIRE DEPT.,"Franklin County Executive Committee, Place 8",,REP,Jarrett Hovater,135
Franklin,BELGREEN FIRE DEPT.,Proposed Statewide Amendment 1,,,Yes,115
Franklin,BELGREEN FIRE DEPT.,Proposed Statewide Amendment 1,,,No,21
Franklin,BELGREEN FIRE DEPT.,Proposed Statewide Amendment 2,,,No,63
Franklin,HODGES COMM CTR,Governor,,DEM,Will Boyd,1
Franklin,HODGES COMM CTR,Governor,,DEM,Jamel J. Brown,0
Franklin,HODGES COMM CTR,Governor,,DEM,Yolanda Rochelle Flowers,0
Franklin,HODGES COMM CTR,Governor,,DEM,Doug Jones,1
Franklin,HODGES COMM CTR,Governor,,DEM,"Chad ""Chig"" Martin",2
Franklin,HODGES COMM CTR,Governor,,DEM,"Nathan ""Nate"" Mathis",0
Franklin,HODGES COMM CTR,Lieutenant Governor,,DEM,Phillip Ensler,3
Franklin,HODGES COMM CTR,Lieutenant Governor,,DEM,Darryl D. Perryman,1
Franklin,HODGES COMM CTR,U.S. Senate,,DEM,Dakarai Larriett,1
Franklin,HODGES COMM CTR,U.S. Senate,,DEM,Kyle Sweetser,1
Franklin,HODGES COMM CTR,U.S. Senate,,DEM,Everett Wess,0
Franklin,HODGES COMM CTR,U.S. Senate,,DEM,Mark S. Wheeler II,2
Franklin,HODGES COMM CTR,U.S. House,4,DEM,Amanda N. Pusczek,3
Franklin,HODGES COMM CTR,U.S. House,4,DEM,Shane Weaver,1
Franklin,HODGES COMM CTR,"Public Service Commissioner, Place 1",,DEM,James O. Gordon,2
Franklin,HODGES COMM CTR,Governor,,REP,Ken McFeeters,2
Franklin,HODGES COMM CTR,Governor,,REP,"""Alabama"" Will Santivasci",8
Franklin,HODGES COMM CTR,Governor,,REP,Thomas Tuberville,71
Franklin,HODGES COMM CTR,Lieutenant Governor,,REP,Wes Allen,21
Franklin,HODGES COMM CTR,Lieutenant Governor,,REP,Pat Bishop,3
Franklin,HODGES COMM CTR,Lieutenant Governor,,REP,George Childress,2
Franklin,HODGES COMM CTR,Lieutenant Governor,,REP,Rick Pate,5
Franklin,HODGES COMM CTR,Lieutenant Governor,,REP,Stewart Hill Tankersley,2
Franklin,HODGES COMM CTR,Lieutenant Governor,,REP,Nicole Jones Wadsworth,6
Franklin,HODGES COMM CTR,Lieutenant Governor,,REP,John Wahl,39
Franklin,HODGES COMM CTR,U.S. Senate,,REP,Seth Burton,4
Franklin,HODGES COMM CTR,U.S. Senate,,REP,Dale Shelton Deas Jr.,2
Franklin,HODGES COMM CTR,U.S. Senate,,REP,Jared Hudson,14
Franklin,HODGES COMM CTR,U.S. Senate,,REP,Steve Marshall,5
Franklin,HODGES COMM CTR,U.S. Senate,,REP,Barry Moore,49
Franklin,HODGES COMM CTR,U.S. Senate,,REP,Morgan Murphy,0
Franklin,HODGES COMM CTR,U.S. Senate,,REP,Rodney Walker,4
Franklin,HODGES COMM CTR,U.S. House,4,REP,Robert B. Aderholt,49
Franklin,HODGES COMM CTR,Attorney General,,REP,Pamela L. Casey,24
Franklin,HODGES COMM CTR,Attorney General,,REP,Jay Mitchell,27
Franklin,HODGES COMM CTR,Attorney General,,REP,Katherine Robertson,26
Franklin,HODGES COMM CTR,Secretary of State,,REP,Caroleene Dobson,26
Franklin,HODGES COMM CTR,Secretary of State,,REP,Christopher Christian Horn,32
Franklin,HODGES COMM CTR,Secretary of State,,REP,Glenda S. Jackson,14
Franklin,HODGES COMM CTR,State Treasurer,,REP,Young Boozer,32
Franklin,HODGES COMM CTR,State Treasurer,,REP,Steve Lolley,45
Franklin,HODGES COMM CTR,State Auditor,,REP,Derek Chen,21
Franklin,HODGES COMM CTR,State Auditor,,REP,Andrew Sorrell,52
Franklin,HODGES COMM CTR,Commissioner of Agriculture and Industries,,REP,Cory Hill,31
Franklin,HODGES COMM CTR,Commissioner of Agriculture and Industries,,REP,Christina Woerner McInnis,13
Franklin,HODGES COMM CTR,Commissioner of Agriculture and Industries,,REP,Jack Williams,27
Franklin,HODGES COMM CTR,"Public Service Commission, Place No. 1",,REP,Matt Gentry,52
Franklin,HODGES COMM CTR,"Public Service Commission, Place No. 1",,REP,Jeremy H. Oden,22
Franklin,HODGES COMM CTR,"Public Service Commission, Place No. 2",,REP,Priscilla Andrews,6
Franklin,HODGES COMM CTR,"Public Service Commission, Place No. 2",,REP,Chris Beeker,5
Franklin,HODGES COMM CTR,"Member, Franklin County Commission, District 1",,REP,Curtis Baker,38
Franklin,HODGES COMM CTR,"Member, Franklin County Commission, District 1",,REP,Jeffery D. Fleming,22
Franklin,HODGES COMM CTR,"Member, Franklin County Commission, District 1",,REP,Judson MIles Gaston,5
Franklin,HODGES COMM CTR,"Member, Franklin County Commission, District 1",,REP,Grayson Murray,9
Franklin,HODGES COMM CTR,"Member, Franklin County Commission, District 1",,REP,Joey Norton,7
Franklin,HODGES COMM CTR,Franklin County Sheriff,,REP,Shannon Oliver,59
Franklin,HODGES COMM CTR,Franklin County Sheriff,,REP,Brian Shackelford,25
Franklin,HODGES COMM CTR,Franklin County Coroner,,REP,Charles Adcox,34
Franklin,HODGES COMM CTR,Franklin County Coroner,,REP,Jeff Clark,43
Franklin,HODGES COMM CTR,"Republican State Executive Committee, Franklin County, Place 1",,REP,Kristy Baker Davis,50
Franklin,HODGES COMM CTR,"Republican State Executive Committee, Franklin County, Place 1",,REP,Hillary Malone Hall,27
Franklin,HODGES COMM CTR,"Franklin County Executive Committee, Place 3",,REP,Justine Baker,51
Franklin,HODGES COMM CTR,"Franklin County Executive Committee, Place 3",,REP,Joey Norton,27
Franklin,HODGES COMM CTR,"Franklin County Executive Committee, Place 4",,REP,Gage Baker,47
Franklin,HODGES COMM CTR,"Franklin County Executive Committee, Place 4",,REP,Lisa Carroll Norton,27
Franklin,HODGES COMM CTR,"Franklin County Executive Committee, Place 6",,REP,Hillary Malone Hall,23
Franklin,HODGES COMM CTR,"Franklin County Executive Committee, Place 6",,REP,Teresa Thorn Lawler,53
Franklin,HODGES COMM CTR,"Franklin County Executive Committee, Place 8",,REP,Brian Kevin Davis,45
Franklin,HODGES COMM CTR,"Franklin County Executive Committee, Place 8",,REP,Jarrett Hovater,30
Franklin,HODGES COMM CTR,Proposed Statewide Amendment 1,,,Yes,232
Franklin,HODGES COMM CTR,Proposed Statewide Amendment 1,,,No,18
Franklin,HODGES COMM CTR,Proposed Statewide Amendment 2,,,No,86
Franklin,PHIL CAMPBELL SR CTR,Governor,,DEM,Will Boyd,2
Franklin,PHIL CAMPBELL SR CTR,Governor,,DEM,Jamel J. Brown,1
Franklin,PHIL CAMPBELL SR CTR,Governor,,DEM,Yolanda Rochelle Flowers,2
Franklin,PHIL CAMPBELL SR CTR,Governor,,DEM,Doug Jones,18
Franklin,PHIL CAMPBELL SR CTR,Governor,,DEM,"Chad ""Chig"" Martin",2
Franklin,PHIL CAMPBELL SR CTR,Governor,,DEM,"Nathan ""Nate"" Mathis",0
Franklin,PHIL CAMPBELL SR CTR,Lieutenant Governor,,DEM,Phillip Ensler,15
Franklin,PHIL CAMPBELL SR CTR,Lieutenant Governor,,DEM,Darryl D. Perryman,7
Franklin,PHIL CAMPBELL SR CTR,U.S. Senate,,DEM,Dakarai Larriett,7
Franklin,PHIL CAMPBELL SR CTR,U.S. Senate,,DEM,Kyle Sweetser,7
Franklin,PHIL CAMPBELL SR CTR,U.S. Senate,,DEM,Everett Wess,5
Franklin,PHIL CAMPBELL SR CTR,U.S. Senate,,DEM,Mark S. Wheeler II,5
Franklin,PHIL CAMPBELL SR CTR,U.S. House,4,DEM,Amanda N. Pusczek,13
Franklin,PHIL CAMPBELL SR CTR,U.S. House,4,DEM,Shane Weaver,10
Franklin,PHIL CAMPBELL SR CTR,"Public Service Commissioner, Place 1",,DEM,James O. Gordon,7
Franklin,PHIL CAMPBELL SR CTR,Governor,,REP,Ken McFeeters,22
Franklin,PHIL CAMPBELL SR CTR,Governor,,REP,"""Alabama"" Will Santivasci",14
Franklin,PHIL CAMPBELL SR CTR,Governor,,REP,Thomas Tuberville,226
Franklin,PHIL CAMPBELL SR CTR,Lieutenant Governor,,REP,Wes Allen,82
Franklin,PHIL CAMPBELL SR CTR,Lieutenant Governor,,REP,Pat Bishop,23
Franklin,PHIL CAMPBELL SR CTR,Lieutenant Governor,,REP,George Childress,2
Franklin,PHIL CAMPBELL SR CTR,Lieutenant Governor,,REP,Rick Pate,8
Franklin,PHIL CAMPBELL SR CTR,Lieutenant Governor,,REP,Stewart Hill Tankersley,4
Franklin,PHIL CAMPBELL SR CTR,Lieutenant Governor,,REP,Nicole Jones Wadsworth,11
Franklin,PHIL CAMPBELL SR CTR,Lieutenant Governor,,REP,John Wahl,121
Franklin,PHIL CAMPBELL SR CTR,U.S. Senate,,REP,Seth Burton,13
Franklin,PHIL CAMPBELL SR CTR,U.S. Senate,,REP,Dale Shelton Deas Jr.,4
Franklin,PHIL CAMPBELL SR CTR,U.S. Senate,,REP,Jared Hudson,41
Franklin,PHIL CAMPBELL SR CTR,U.S. Senate,,REP,Steve Marshall,39
Franklin,PHIL CAMPBELL SR CTR,U.S. Senate,,REP,Barry Moore,143
Franklin,PHIL CAMPBELL SR CTR,U.S. Senate,,REP,Morgan Murphy,4
Franklin,PHIL CAMPBELL SR CTR,U.S. Senate,,REP,Rodney Walker,9
Franklin,PHIL CAMPBELL SR CTR,U.S. House,4,REP,Robert B. Aderholt,208
Franklin,PHIL CAMPBELL SR CTR,Attorney General,,REP,Pamela L. Casey,65
Franklin,PHIL CAMPBELL SR CTR,Attorney General,,REP,Jay Mitchell,82
Franklin,PHIL CAMPBELL SR CTR,Attorney General,,REP,Katherine Robertson,91
Franklin,PHIL CAMPBELL SR CTR,Secretary of State,,REP,Caroleene Dobson,123
Franklin,PHIL CAMPBELL SR CTR,Secretary of State,,REP,Christopher Christian Horn,71
Franklin,PHIL CAMPBELL SR CTR,Secretary of State,,REP,Glenda S. Jackson,29
Franklin,PHIL CAMPBELL SR CTR,State Treasurer,,REP,Young Boozer,104
Franklin,PHIL CAMPBELL SR CTR,State Treasurer,,REP,Steve Lolley,124
Franklin,PHIL CAMPBELL SR CTR,State Auditor,,REP,Derek Chen,74
Franklin,PHIL CAMPBELL SR CTR,State Auditor,,REP,Andrew Sorrell,157
Franklin,PHIL CAMPBELL SR CTR,Commissioner of Agriculture and Industries,,REP,Cory Hill,94
Franklin,PHIL CAMPBELL SR CTR,Commissioner of Agriculture and Industries,,REP,Christina Woerner McInnis,60
Franklin,PHIL CAMPBELL SR CTR,Commissioner of Agriculture and Industries,,REP,Jack Williams,70
Franklin,PHIL CAMPBELL SR CTR,"Public Service Commission, Place No. 1",,REP,Matt Gentry,150
Franklin,PHIL CAMPBELL SR CTR,"Public Service Commission, Place No. 1",,REP,Jeremy H. Oden,57
Franklin,PHIL CAMPBELL SR CTR,"Public Service Commission, Place No. 2",,REP,Priscilla Andrews,36
Franklin,PHIL CAMPBELL SR CTR,"Public Service Commission, Place No. 2",,REP,Chris Beeker,54
Franklin,PHIL CAMPBELL SR CTR,"Member, Franklin County Commission, District 1",,REP,Curtis Baker,150
Franklin,PHIL CAMPBELL SR CTR,"Member, Franklin County Commission, District 1",,REP,Jeffery D. Fleming,27
Franklin,PHIL CAMPBELL SR CTR,"Member, Franklin County Commission, District 1",,REP,Judson MIles Gaston,4
Franklin,PHIL CAMPBELL SR CTR,"Member, Franklin County Commission, District 1",,REP,Grayson Murray,35
Franklin,PHIL CAMPBELL SR CTR,"Member, Franklin County Commission, District 1",,REP,Joey Norton,41
Franklin,PHIL CAMPBELL SR CTR,Franklin County Sheriff,,REP,Shannon Oliver,165
Franklin,PHIL CAMPBELL SR CTR,Franklin County Sheriff,,REP,Brian Shackelford,99
Franklin,PHIL CAMPBELL SR CTR,Franklin County Coroner,,REP,Charles Adcox,53
Franklin,PHIL CAMPBELL SR CTR,Franklin County Coroner,,REP,Jeff Clark,184
Franklin,PHIL CAMPBELL SR CTR,"Republican State Executive Committee, Franklin County, Place 1",,REP,Kristy Baker Davis,128
Franklin,PHIL CAMPBELL SR CTR,"Republican State Executive Committee, Franklin County, Place 1",,REP,Hillary Malone Hall,103
Franklin,PHIL CAMPBELL SR CTR,"Franklin County Executive Committee, Place 3",,REP,Justine Baker,124
Franklin,PHIL CAMPBELL SR CTR,"Franklin County Executive Committee, Place 3",,REP,Joey Norton,121
Franklin,PHIL CAMPBELL SR CTR,"Franklin County Executive Committee, Place 4",,REP,Gage Baker,117
Franklin,PHIL CAMPBELL SR CTR,"Franklin County Executive Committee, Place 4",,REP,Lisa Carroll Norton,114
Franklin,PHIL CAMPBELL SR CTR,"Franklin County Executive Committee, Place 6",,REP,Hillary Malone Hall,108
Franklin,PHIL CAMPBELL SR CTR,"Franklin County Executive Committee, Place 6",,REP,Teresa Thorn Lawler,109
Franklin,PHIL CAMPBELL SR CTR,"Franklin County Executive Committee, Place 8",,REP,Brian Kevin Davis,115
Franklin,PHIL CAMPBELL SR CTR,"Franklin County Executive Committee, Place 8",,REP,Jarrett Hovater,108
Franklin,PHIL CAMPBELL SR CTR,Proposed Statewide Amendment 1,,,Yes,71
Franklin,PHIL CAMPBELL SR CTR,Proposed Statewide Amendment 1,,,No,11
Franklin,PHIL CAMPBELL SR CTR,Proposed Statewide Amendment 2,,,No,44
Franklin,DUNCAN FELLOWSHIP H,Governor,,DEM,Will Boyd,2
Franklin,DUNCAN FELLOWSHIP H,Governor,,DEM,Jamel J. Brown,0
Franklin,DUNCAN FELLOWSHIP H,Governor,,DEM,Yolanda Rochelle Flowers,0
Franklin,DUNCAN FELLOWSHIP H,Governor,,DEM,Doug Jones,15
Franklin,DUNCAN FELLOWSHIP H,Governor,,DEM,"Chad ""Chig"" Martin",0
Franklin,DUNCAN FELLOWSHIP H,Governor,,DEM,"Nathan ""Nate"" Mathis",0
Franklin,DUNCAN FELLOWSHIP H,Lieutenant Governor,,DEM,Phillip Ensler,8
Franklin,DUNCAN FELLOWSHIP H,Lieutenant Governor,,DEM,Darryl D. Perryman,8
Franklin,DUNCAN FELLOWSHIP H,U.S. Senate,,DEM,Dakarai Larriett,2
Franklin,DUNCAN FELLOWSHIP H,U.S. Senate,,DEM,Kyle Sweetser,4
Franklin,DUNCAN FELLOWSHIP H,U.S. Senate,,DEM,Everett Wess,3
Franklin,DUNCAN FELLOWSHIP H,U.S. Senate,,DEM,Mark S. Wheeler II,7
Franklin,DUNCAN FELLOWSHIP H,U.S. House,4,DEM,Amanda N. Pusczek,8
Franklin,DUNCAN FELLOWSHIP H,U.S. House,4,DEM,Shane Weaver,7
Franklin,DUNCAN FELLOWSHIP H,"Public Service Commissioner, Place 1",,DEM,James O. Gordon,9
Franklin,DUNCAN FELLOWSHIP H,Governor,,REP,Ken McFeeters,6
Franklin,DUNCAN FELLOWSHIP H,Governor,,REP,"""Alabama"" Will Santivasci",4
Franklin,DUNCAN FELLOWSHIP H,Governor,,REP,Thomas Tuberville,115
Franklin,DUNCAN FELLOWSHIP H,Lieutenant Governor,,REP,Wes Allen,53
Franklin,DUNCAN FELLOWSHIP H,Lieutenant Governor,,REP,Pat Bishop,4
Franklin,DUNCAN FELLOWSHIP H,Lieutenant Governor,,REP,George Childress,0
Franklin,DUNCAN FELLOWSHIP H,Lieutenant Governor,,REP,Rick Pate,1
Franklin,DUNCAN FELLOWSHIP H,Lieutenant Governor,,REP,Stewart Hill Tankersley,3
Franklin,DUNCAN FELLOWSHIP H,Lieutenant Governor,,REP,Nicole Jones Wadsworth,7
Franklin,DUNCAN FELLOWSHIP H,Lieutenant Governor,,REP,John Wahl,57
Franklin,DUNCAN FELLOWSHIP H,U.S. Senate,,REP,Seth Burton,1
Franklin,DUNCAN FELLOWSHIP H,U.S. Senate,,REP,Dale Shelton Deas Jr.,1
Franklin,DUNCAN FELLOWSHIP H,U.S. Senate,,REP,Jared Hudson,25
Franklin,DUNCAN FELLOWSHIP H,U.S. Senate,,REP,Steve Marshall,26
Franklin,DUNCAN FELLOWSHIP H,U.S. Senate,,REP,Barry Moore,76
Franklin,DUNCAN FELLOWSHIP H,U.S. Senate,,REP,Morgan Murphy,0
Franklin,DUNCAN FELLOWSHIP H,U.S. Senate,,REP,Rodney Walker,0
Franklin,DUNCAN FELLOWSHIP H,U.S. House,4,REP,Robert B. Aderholt,107
Franklin,DUNCAN FELLOWSHIP H,Attorney General,,REP,Pamela L. Casey,23
Franklin,DUNCAN FELLOWSHIP H,Attorney General,,REP,Jay Mitchell,48
Franklin,DUNCAN FELLOWSHIP H,Attorney General,,REP,Katherine Robertson,49
Franklin,DUNCAN FELLOWSHIP H,Secretary of State,,REP,Caroleene Dobson,53
Franklin,DUNCAN FELLOWSHIP H,Secretary of State,,REP,Christopher Christian Horn,27
Franklin,DUNCAN FELLOWSHIP H,Secretary of State,,REP,Glenda S. Jackson,30
Franklin,DUNCAN FELLOWSHIP H,State Treasurer,,REP,Young Boozer,52
Franklin,DUNCAN FELLOWSHIP H,State Treasurer,,REP,Steve Lolley,65
Franklin,DUNCAN FELLOWSHIP H,State Auditor,,REP,Derek Chen,27
Franklin,DUNCAN FELLOWSHIP H,State Auditor,,REP,Andrew Sorrell,90
Franklin,DUNCAN FELLOWSHIP H,Commissioner of Agriculture and Industries,,REP,Cory Hill,53
Franklin,DUNCAN FELLOWSHIP H,Commissioner of Agriculture and Industries,,REP,Christina Woerner McInnis,22
Franklin,DUNCAN FELLOWSHIP H,Commissioner of Agriculture and Industries,,REP,Jack Williams,37
Franklin,DUNCAN FELLOWSHIP H,"Public Service Commission, Place No. 1",,REP,Matt Gentry,71
Franklin,DUNCAN FELLOWSHIP H,"Public Service Commission, Place No. 1",,REP,Jeremy H. Oden,38
Franklin,DUNCAN FELLOWSHIP H,"Public Service Commission, Place No. 2",,REP,Priscilla Andrews,15
Franklin,DUNCAN FELLOWSHIP H,"Public Service Commission, Place No. 2",,REP,Chris Beeker,18
Franklin,DUNCAN FELLOWSHIP H,"Member, Franklin County Commission, District 1",,REP,Curtis Baker,40
Franklin,DUNCAN FELLOWSHIP H,"Member, Franklin County Commission, District 1",,REP,Jeffery D. Fleming,20
Franklin,DUNCAN FELLOWSHIP H,"Member, Franklin County Commission, District 1",,REP,Judson MIles Gaston,9
Franklin,DUNCAN FELLOWSHIP H,"Member, Franklin County Commission, District 1",,REP,Grayson Murray,41
Franklin,DUNCAN FELLOWSHIP H,"Member, Franklin County Commission, District 1",,REP,Joey Norton,19
Franklin,DUNCAN FELLOWSHIP H,Franklin County Sheriff,,REP,Shannon Oliver,109
Franklin,DUNCAN FELLOWSHIP H,Franklin County Sheriff,,REP,Brian Shackelford,30
Franklin,DUNCAN FELLOWSHIP H,Franklin County Coroner,,REP,Charles Adcox,36
Franklin,DUNCAN FELLOWSHIP H,Franklin County Coroner,,REP,Jeff Clark,87
Franklin,DUNCAN FELLOWSHIP H,"Republican State Executive Committee, Franklin County, Place 1",,REP,Kristy Baker Davis,50
Franklin,DUNCAN FELLOWSHIP H,"Republican State Executive Committee, Franklin County, Place 1",,REP,Hillary Malone Hall,65
Franklin,DUNCAN FELLOWSHIP H,"Franklin County Executive Committee, Place 3",,REP,Justine Baker,53
Franklin,DUNCAN FELLOWSHIP H,"Franklin County Executive Committee, Place 3",,REP,Joey Norton,59
Franklin,DUNCAN FELLOWSHIP H,"Franklin County Executive Committee, Place 4",,REP,Gage Baker,46
Franklin,DUNCAN FELLOWSHIP H,"Franklin County Executive Committee, Place 4",,REP,Lisa Carroll Norton,59
Franklin,DUNCAN FELLOWSHIP H,"Franklin County Executive Committee, Place 6",,REP,Hillary Malone Hall,82
Franklin,DUNCAN FELLOWSHIP H,"Franklin County Executive Committee, Place 6",,REP,Teresa Thorn Lawler,33
Franklin,DUNCAN FELLOWSHIP H,"Franklin County Executive Committee, Place 8",,REP,Brian Kevin Davis,33
Franklin,DUNCAN FELLOWSHIP H,"Franklin County Executive Committee, Place 8",,REP,Jarrett Hovater,83
Franklin,DUNCAN FELLOWSHIP H,Proposed Statewide Amendment 1,,,Yes,243
Franklin,DUNCAN FELLOWSHIP H,Proposed Statewide Amendment 1,,,No,31
Franklin,DUNCAN FELLOWSHIP H,Proposed Statewide Amendment 2,,,No,125
Franklin,MOUNTAIN STAR,Governor,,DEM,Will Boyd,2
Franklin,MOUNTAIN STAR,Governor,,DEM,Jamel J. Brown,1
Franklin,MOUNTAIN STAR,Governor,,DEM,Yolanda Rochelle Flowers,0
Franklin,MOUNTAIN STAR,Governor,,DEM,Doug Jones,4
Franklin,MOUNTAIN STAR,Governor,,DEM,"Chad ""Chig"" Martin",0
Franklin,MOUNTAIN STAR,Governor,,DEM,"Nathan ""Nate"" Mathis",0
Franklin,MOUNTAIN STAR,Lieutenant Governor,,DEM,Phillip Ensler,2
Franklin,MOUNTAIN STAR,Lieutenant Governor,,DEM,Darryl D. Perryman,3
Franklin,MOUNTAIN STAR,U.S. Senate,,DEM,Dakarai Larriett,2
Franklin,MOUNTAIN STAR,U.S. Senate,,DEM,Kyle Sweetser,2
Franklin,MOUNTAIN STAR,U.S. Senate,,DEM,Everett Wess,0
Franklin,MOUNTAIN STAR,U.S. Senate,,DEM,Mark S. Wheeler II,1
Franklin,MOUNTAIN STAR,U.S. House,4,DEM,Amanda N. Pusczek,3
Franklin,MOUNTAIN STAR,U.S. House,4,DEM,Shane Weaver,2
Franklin,MOUNTAIN STAR,"Public Service Commissioner, Place 1",,DEM,James O. Gordon,1
Franklin,MOUNTAIN STAR,Governor,,REP,Ken McFeeters,14
Franklin,MOUNTAIN STAR,Governor,,REP,"""Alabama"" Will Santivasci",2
Franklin,MOUNTAIN STAR,Governor,,REP,Thomas Tuberville,88
Franklin,MOUNTAIN STAR,Lieutenant Governor,,REP,Wes Allen,54
Franklin,MOUNTAIN STAR,Lieutenant Governor,,REP,Pat Bishop,6
Franklin,MOUNTAIN STAR,Lieutenant Governor,,REP,George Childress,2
Franklin,MOUNTAIN STAR,Lieutenant Governor,,REP,Rick Pate,1
Franklin,MOUNTAIN STAR,Lieutenant Governor,,REP,Stewart Hill Tankersley,0
Franklin,MOUNTAIN STAR,Lieutenant Governor,,REP,Nicole Jones Wadsworth,2
Franklin,MOUNTAIN STAR,Lieutenant Governor,,REP,John Wahl,34
Franklin,MOUNTAIN STAR,U.S. Senate,,REP,Seth Burton,0
Franklin,MOUNTAIN STAR,U.S. Senate,,REP,Dale Shelton Deas Jr.,1
Franklin,MOUNTAIN STAR,U.S. Senate,,REP,Jared Hudson,14
Franklin,MOUNTAIN STAR,U.S. Senate,,REP,Steve Marshall,9
Franklin,MOUNTAIN STAR,U.S. Senate,,REP,Barry Moore,73
Franklin,MOUNTAIN STAR,U.S. Senate,,REP,Morgan Murphy,2
Franklin,MOUNTAIN STAR,U.S. Senate,,REP,Rodney Walker,2
Franklin,MOUNTAIN STAR,U.S. House,4,REP,Robert B. Aderholt,79
Franklin,MOUNTAIN STAR,Attorney General,,REP,Pamela L. Casey,25
Franklin,MOUNTAIN STAR,Attorney General,,REP,Jay Mitchell,45
Franklin,MOUNTAIN STAR,Attorney General,,REP,Katherine Robertson,25
Franklin,MOUNTAIN STAR,Secretary of State,,REP,Caroleene Dobson,48
Franklin,MOUNTAIN STAR,Secretary of State,,REP,Christopher Christian Horn,27
Franklin,MOUNTAIN STAR,Secretary of State,,REP,Glenda S. Jackson,11
Franklin,MOUNTAIN STAR,State Treasurer,,REP,Young Boozer,57
Franklin,MOUNTAIN STAR,State Treasurer,,REP,Steve Lolley,28
Franklin,MOUNTAIN STAR,State Auditor,,REP,Derek Chen,20
Franklin,MOUNTAIN STAR,State Auditor,,REP,Andrew Sorrell,74
Franklin,MOUNTAIN STAR,Commissioner of Agriculture and Industries,,REP,Cory Hill,52
Franklin,MOUNTAIN STAR,Commissioner of Agriculture and Industries,,REP,Christina Woerner McInnis,17
Franklin,MOUNTAIN STAR,Commissioner of Agriculture and Industries,,REP,Jack Williams,15
Franklin,MOUNTAIN STAR,"Public Service Commission, Place No. 1",,REP,Matt Gentry,51
Franklin,MOUNTAIN STAR,"Public Service Commission, Place No. 1",,REP,Jeremy H. Oden,29
Franklin,MOUNTAIN STAR,"Public Service Commission, Place No. 2",,REP,Priscilla Andrews,9
Franklin,MOUNTAIN STAR,"Public Service Commission, Place No. 2",,REP,Chris Beeker,19
Franklin,MOUNTAIN STAR,"Member, Franklin County Commission, District 1",,REP,Curtis Baker,26
Franklin,MOUNTAIN STAR,"Member, Franklin County Commission, District 1",,REP,Jeffery D. Fleming,38
Franklin,MOUNTAIN STAR,"Member, Franklin County Commission, District 1",,REP,Judson MIles Gaston,5
Franklin,MOUNTAIN STAR,"Member, Franklin County Commission, District 1",,REP,Grayson Murray,34
Franklin,MOUNTAIN STAR,"Member, Franklin County Commission, District 1",,REP,Joey Norton,3
Franklin,MOUNTAIN STAR,Franklin County Sheriff,,REP,Shannon Oliver,83
Franklin,MOUNTAIN STAR,Franklin County Sheriff,,REP,Brian Shackelford,27
Franklin,MOUNTAIN STAR,Franklin County Coroner,,REP,Charles Adcox,10
Franklin,MOUNTAIN STAR,Franklin County Coroner,,REP,Jeff Clark,80
Franklin,MOUNTAIN STAR,"Republican State Executive Committee, Franklin County, Place 1",,REP,Kristy Baker Davis,31
Franklin,MOUNTAIN STAR,"Republican State Executive Committee, Franklin County, Place 1",,REP,Hillary Malone Hall,64
Franklin,MOUNTAIN STAR,"Franklin County Executive Committee, Place 3",,REP,Justine Baker,50
Franklin,MOUNTAIN STAR,"Franklin County Executive Committee, Place 3",,REP,Joey Norton,39
Franklin,MOUNTAIN STAR,"Franklin County Executive Committee, Place 4",,REP,Gage Baker,57
Franklin,MOUNTAIN STAR,"Franklin County Executive Committee, Place 4",,REP,Lisa Carroll Norton,26
Franklin,MOUNTAIN STAR,"Franklin County Executive Committee, Place 6",,REP,Hillary Malone Hall,69
Franklin,MOUNTAIN STAR,"Franklin County Executive Committee, Place 6",,REP,Teresa Thorn Lawler,23
Franklin,MOUNTAIN STAR,"Franklin County Executive Committee, Place 8",,REP,Brian Kevin Davis,22
Franklin,MOUNTAIN STAR,"Franklin County Executive Committee, Place 8",,REP,Jarrett Hovater,64
Franklin,MOUNTAIN STAR,Proposed Statewide Amendment 1,,,Yes,133
Franklin,MOUNTAIN STAR,Proposed Statewide Amendment 1,,,No,13
Franklin,MOUNTAIN STAR,Proposed Statewide Amendment 2,,,No,58
Franklin,SAINTS CROSSROADS,Governor,,DEM,Will Boyd,0
Franklin,SAINTS CROSSROADS,Governor,,DEM,Jamel J. Brown,0
Franklin,SAINTS CROSSROADS,Governor,,DEM,Yolanda Rochelle Flowers,0
Franklin,SAINTS CROSSROADS,Governor,,DEM,Doug Jones,2
Franklin,SAINTS CROSSROADS,Governor,,DEM,"Chad ""Chig"" Martin",3
Franklin,SAINTS CROSSROADS,Governor,,DEM,"Nathan ""Nate"" Mathis",0
Franklin,SAINTS CROSSROADS,Lieutenant Governor,,DEM,Phillip Ensler,3
Franklin,SAINTS CROSSROADS,Lieutenant Governor,,DEM,Darryl D. Perryman,1
Franklin,SAINTS CROSSROADS,U.S. Senate,,DEM,Dakarai Larriett,1
Franklin,SAINTS CROSSROADS,U.S. Senate,,DEM,Kyle Sweetser,0
Franklin,SAINTS CROSSROADS,U.S. Senate,,DEM,Everett Wess,0
Franklin,SAINTS CROSSROADS,U.S. Senate,,DEM,Mark S. Wheeler II,4
Franklin,SAINTS CROSSROADS,U.S. House,4,DEM,Amanda N. Pusczek,2
Franklin,SAINTS CROSSROADS,U.S. House,4,DEM,Shane Weaver,2
Franklin,SAINTS CROSSROADS,"Public Service Commissioner, Place 1",,DEM,James O. Gordon,0
Franklin,SAINTS CROSSROADS,Governor,,REP,Ken McFeeters,6
Franklin,SAINTS CROSSROADS,Governor,,REP,"""Alabama"" Will Santivasci",3
Franklin,SAINTS CROSSROADS,Governor,,REP,Thomas Tuberville,78
Franklin,SAINTS CROSSROADS,Lieutenant Governor,,REP,Wes Allen,45
Franklin,SAINTS CROSSROADS,Lieutenant Governor,,REP,Pat Bishop,1
Franklin,SAINTS CROSSROADS,Lieutenant Governor,,REP,George Childress,2
Franklin,SAINTS CROSSROADS,Lieutenant Governor,,REP,Rick Pate,2
Franklin,SAINTS CROSSROADS,Lieutenant Governor,,REP,Stewart Hill Tankersley,1
Franklin,SAINTS CROSSROADS,Lieutenant Governor,,REP,Nicole Jones Wadsworth,3
Franklin,SAINTS CROSSROADS,Lieutenant Governor,,REP,John Wahl,32
Franklin,SAINTS CROSSROADS,U.S. Senate,,REP,Seth Burton,1
Franklin,SAINTS CROSSROADS,U.S. Senate,,REP,Dale Shelton Deas Jr.,0
Franklin,SAINTS CROSSROADS,U.S. Senate,,REP,Jared Hudson,19
Franklin,SAINTS CROSSROADS,U.S. Senate,,REP,Steve Marshall,15
Franklin,SAINTS CROSSROADS,U.S. Senate,,REP,Barry Moore,48
Franklin,SAINTS CROSSROADS,U.S. Senate,,REP,Morgan Murphy,0
Franklin,SAINTS CROSSROADS,U.S. Senate,,REP,Rodney Walker,2
Franklin,SAINTS CROSSROADS,U.S. House,4,REP,Robert B. Aderholt,71
Franklin,SAINTS CROSSROADS,Attorney General,,REP,Pamela L. Casey,19
Franklin,SAINTS CROSSROADS,Attorney General,,REP,Jay Mitchell,30
Franklin,SAINTS CROSSROADS,Attorney General,,REP,Katherine Robertson,33
Franklin,SAINTS CROSSROADS,Secretary of State,,REP,Caroleene Dobson,43
Franklin,SAINTS CROSSROADS,Secretary of State,,REP,Christopher Christian Horn,23
Franklin,SAINTS CROSSROADS,Secretary of State,,REP,Glenda S. Jackson,10
Franklin,SAINTS CROSSROADS,State Treasurer,,REP,Young Boozer,41
Franklin,SAINTS CROSSROADS,State Treasurer,,REP,Steve Lolley,38
Franklin,SAINTS CROSSROADS,State Auditor,,REP,Derek Chen,20
Franklin,SAINTS CROSSROADS,State Auditor,,REP,Andrew Sorrell,60
Franklin,SAINTS CROSSROADS,Commissioner of Agriculture and Industries,,REP,Cory Hill,40
Franklin,SAINTS CROSSROADS,Commissioner of Agriculture and Industries,,REP,Christina Woerner McInnis,14
Franklin,SAINTS CROSSROADS,Commissioner of Agriculture and Industries,,REP,Jack Williams,26
Franklin,SAINTS CROSSROADS,"Public Service Commission, Place No. 1",,REP,Matt Gentry,51
Franklin,SAINTS CROSSROADS,"Public Service Commission, Place No. 1",,REP,Jeremy H. Oden,27
Franklin,SAINTS CROSSROADS,"Public Service Commission, Place No. 2",,REP,Priscilla Andrews,5
Franklin,SAINTS CROSSROADS,"Public Service Commission, Place No. 2",,REP,Chris Beeker,10
Franklin,SAINTS CROSSROADS,"Member, Franklin County Commission, District 1",,REP,Curtis Baker,15
Franklin,SAINTS CROSSROADS,"Member, Franklin County Commission, District 1",,REP,Jeffery D. Fleming,10
Franklin,SAINTS CROSSROADS,"Member, Franklin County Commission, District 1",,REP,Judson MIles Gaston,18
Franklin,SAINTS CROSSROADS,"Member, Franklin County Commission, District 1",,REP,Grayson Murray,38
Franklin,SAINTS CROSSROADS,"Member, Franklin County Commission, District 1",,REP,Joey Norton,6
Franklin,SAINTS CROSSROADS,Franklin County Sheriff,,REP,Shannon Oliver,68
Franklin,SAINTS CROSSROADS,Franklin County Sheriff,,REP,Brian Shackelford,21
Franklin,SAINTS CROSSROADS,Franklin County Coroner,,REP,Charles Adcox,17
Franklin,SAINTS CROSSROADS,Franklin County Coroner,,REP,Jeff Clark,62
Franklin,SAINTS CROSSROADS,"Republican State Executive Committee, Franklin County, Place 1",,REP,Kristy Baker Davis,28
Franklin,SAINTS CROSSROADS,"Republican State Executive Committee, Franklin County, Place 1",,REP,Hillary Malone Hall,48
Franklin,SAINTS CROSSROADS,"Franklin County Executive Committee, Place 3",,REP,Justine Baker,36
Franklin,SAINTS CROSSROADS,"Franklin County Executive Committee, Place 3",,REP,Joey Norton,39
Franklin,SAINTS CROSSROADS,"Franklin County Executive Committee, Place 4",,REP,Gage Baker,41
Franklin,SAINTS CROSSROADS,"Franklin County Executive Committee, Place 4",,REP,Lisa Carroll Norton,34
Franklin,SAINTS CROSSROADS,"Franklin County Executive Committee, Place 6",,REP,Hillary Malone Hall,39
Franklin,SAINTS CROSSROADS,"Franklin County Executive Committee, Place 6",,REP,Teresa Thorn Lawler,37
Franklin,SAINTS CROSSROADS,"Franklin County Executive Committee, Place 8",,REP,Brian Kevin Davis,26
Franklin,SAINTS CROSSROADS,"Franklin County Executive Committee, Place 8",,REP,Jarrett Hovater,48
Franklin,SAINTS CROSSROADS,Proposed Statewide Amendment 1,,,Yes,97
Franklin,SAINTS CROSSROADS,Proposed Statewide Amendment 1,,,No,9
Franklin,SAINTS CROSSROADS,Proposed Statewide Amendment 2,,,No,50
Franklin,THARPTOWN BAPT. CHU,Governor,,DEM,Will Boyd,2
Franklin,THARPTOWN BAPT. CHU,Governor,,DEM,Jamel J. Brown,0
Franklin,THARPTOWN BAPT. CHU,Governor,,DEM,Yolanda Rochelle Flowers,2
Franklin,THARPTOWN BAPT. CHU,Governor,,DEM,Doug Jones,10
Franklin,THARPTOWN BAPT. CHU,Governor,,DEM,"Chad ""Chig"" Martin",1
Franklin,THARPTOWN BAPT. CHU,Governor,,DEM,"Nathan ""Nate"" Mathis",0
Franklin,THARPTOWN BAPT. CHU,Lieutenant Governor,,DEM,Phillip Ensler,10
Franklin,THARPTOWN BAPT. CHU,Lieutenant Governor,,DEM,Darryl D. Perryman,3
Franklin,THARPTOWN BAPT. CHU,U.S. Senate,,DEM,Dakarai Larriett,2
Franklin,THARPTOWN BAPT. CHU,U.S. Senate,,DEM,Kyle Sweetser,5
Franklin,THARPTOWN BAPT. CHU,U.S. Senate,,DEM,Everett Wess,5
Franklin,THARPTOWN BAPT. CHU,U.S. Senate,,DEM,Mark S. Wheeler II,2
Franklin,THARPTOWN BAPT. CHU,U.S. House,4,DEM,Amanda N. Pusczek,12
Franklin,THARPTOWN BAPT. CHU,U.S. House,4,DEM,Shane Weaver,1
Franklin,THARPTOWN BAPT. CHU,"Public Service Commissioner, Place 1",,DEM,James O. Gordon,5
Franklin,THARPTOWN BAPT. CHU,Governor,,REP,Ken McFeeters,10
Franklin,THARPTOWN BAPT. CHU,Governor,,REP,"""Alabama"" Will Santivasci",5
Franklin,THARPTOWN BAPT. CHU,Governor,,REP,Thomas Tuberville,123
Franklin,THARPTOWN BAPT. CHU,Lieutenant Governor,,REP,Wes Allen,79
Franklin,THARPTOWN BAPT. CHU,Lieutenant Governor,,REP,Pat Bishop,4
Franklin,THARPTOWN BAPT. CHU,Lieutenant Governor,,REP,George Childress,3
Franklin,THARPTOWN BAPT. CHU,Lieutenant Governor,,REP,Rick Pate,0
Franklin,THARPTOWN BAPT. CHU,Lieutenant Governor,,REP,Stewart Hill Tankersley,1
Franklin,THARPTOWN BAPT. CHU,Lieutenant Governor,,REP,Nicole Jones Wadsworth,2
Franklin,THARPTOWN BAPT. CHU,Lieutenant Governor,,REP,John Wahl,47
Franklin,THARPTOWN BAPT. CHU,U.S. Senate,,REP,Seth Burton,8
Franklin,THARPTOWN BAPT. CHU,U.S. Senate,,REP,Dale Shelton Deas Jr.,0
Franklin,THARPTOWN BAPT. CHU,U.S. Senate,,REP,Jared Hudson,25
Franklin,THARPTOWN BAPT. CHU,U.S. Senate,,REP,Steve Marshall,28
Franklin,THARPTOWN BAPT. CHU,U.S. Senate,,REP,Barry Moore,70
Franklin,THARPTOWN BAPT. CHU,U.S. Senate,,REP,Morgan Murphy,1
Franklin,THARPTOWN BAPT. CHU,U.S. Senate,,REP,Rodney Walker,2
Franklin,THARPTOWN BAPT. CHU,U.S. House,4,REP,Robert B. Aderholt,110
Franklin,THARPTOWN BAPT. CHU,Attorney General,,REP,Pamela L. Casey,30
Franklin,THARPTOWN BAPT. CHU,Attorney General,,REP,Jay Mitchell,54
Franklin,THARPTOWN BAPT. CHU,Attorney General,,REP,Katherine Robertson,43
Franklin,THARPTOWN BAPT. CHU,Secretary of State,,REP,Caroleene Dobson,65
Franklin,THARPTOWN BAPT. CHU,Secretary of State,,REP,Christopher Christian Horn,31
Franklin,THARPTOWN BAPT. CHU,Secretary of State,,REP,Glenda S. Jackson,21
Franklin,THARPTOWN BAPT. CHU,State Treasurer,,REP,Young Boozer,59
Franklin,THARPTOWN BAPT. CHU,State Treasurer,,REP,Steve Lolley,63
Franklin,THARPTOWN BAPT. CHU,State Auditor,,REP,Derek Chen,20
Franklin,THARPTOWN BAPT. CHU,State Auditor,,REP,Andrew Sorrell,106
Franklin,THARPTOWN BAPT. CHU,Commissioner of Agriculture and Industries,,REP,Cory Hill,60
Franklin,THARPTOWN BAPT. CHU,Commissioner of Agriculture and Industries,,REP,Christina Woerner McInnis,32
Franklin,THARPTOWN BAPT. CHU,Commissioner of Agriculture and Industries,,REP,Jack Williams,33
Franklin,THARPTOWN BAPT. CHU,"Public Service Commission, Place No. 1",,REP,Matt Gentry,75
Franklin,THARPTOWN BAPT. CHU,"Public Service Commission, Place No. 1",,REP,Jeremy H. Oden,40
Franklin,THARPTOWN BAPT. CHU,"Public Service Commission, Place No. 2",,REP,Priscilla Andrews,19
Franklin,THARPTOWN BAPT. CHU,"Public Service Commission, Place No. 2",,REP,Chris Beeker,29
Franklin,THARPTOWN BAPT. CHU,"Member, Franklin County Commission, District 1",,REP,Curtis Baker,27
Franklin,THARPTOWN BAPT. CHU,"Member, Franklin County Commission, District 1",,REP,Jeffery D. Fleming,25
Franklin,THARPTOWN BAPT. CHU,"Member, Franklin County Commission, District 1",,REP,Judson MIles Gaston,18
Franklin,THARPTOWN BAPT. CHU,"Member, Franklin County Commission, District 1",,REP,Grayson Murray,61
Franklin,THARPTOWN BAPT. CHU,"Member, Franklin County Commission, District 1",,REP,Joey Norton,7
Franklin,THARPTOWN BAPT. CHU,Franklin County Sheriff,,REP,Shannon Oliver,108
Franklin,THARPTOWN BAPT. CHU,Franklin County Sheriff,,REP,Brian Shackelford,39
Franklin,THARPTOWN BAPT. CHU,Franklin County Coroner,,REP,Charles Adcox,24
Franklin,THARPTOWN BAPT. CHU,Franklin County Coroner,,REP,Jeff Clark,102
Franklin,THARPTOWN BAPT. CHU,"Republican State Executive Committee, Franklin County, Place 1",,REP,Kristy Baker Davis,56
Franklin,THARPTOWN BAPT. CHU,"Republican State Executive Committee, Franklin County, Place 1",,REP,Hillary Malone Hall,69
Franklin,THARPTOWN BAPT. CHU,"Franklin County Executive Committee, Place 3",,REP,Justine Baker,65
Franklin,THARPTOWN BAPT. CHU,"Franklin County Executive Committee, Place 3",,REP,Joey Norton,54
Franklin,THARPTOWN BAPT. CHU,"Franklin County Executive Committee, Place 4",,REP,Gage Baker,55
Franklin,THARPTOWN BAPT. CHU,"Franklin County Executive Committee, Place 4",,REP,Lisa Carroll Norton,58
Franklin,THARPTOWN BAPT. CHU,"Franklin County Executive Committee, Place 6",,REP,Hillary Malone Hall,74
Franklin,THARPTOWN BAPT. CHU,"Franklin County Executive Committee, Place 6",,REP,Teresa Thorn Lawler,50
Franklin,THARPTOWN BAPT. CHU,"Franklin County Executive Committee, Place 8",,REP,Brian Kevin Davis,45
Franklin,THARPTOWN BAPT. CHU,"Franklin County Executive Committee, Place 8",,REP,Jarrett Hovater,75
Franklin,THARPTOWN BAPT. CHU,Proposed Statewide Amendment 1,,,Yes,78
Franklin,THARPTOWN BAPT. CHU,Proposed Statewide Amendment 1,,,No,9
Franklin,THARPTOWN BAPT. CHU,Proposed Statewide Amendment 2,,,No,46
Franklin,HALLTOWN COMM. CTR.,Governor,,DEM,Will Boyd,0
Franklin,HALLTOWN COMM. CTR.,Governor,,DEM,Jamel J. Brown,0
Franklin,HALLTOWN COMM. CTR.,Governor,,DEM,Yolanda Rochelle Flowers,0
Franklin,HALLTOWN COMM. CTR.,Governor,,DEM,Doug Jones,2
Franklin,HALLTOWN COMM. CTR.,Governor,,DEM,"Chad ""Chig"" Martin",0
Franklin,HALLTOWN COMM. CTR.,Governor,,DEM,"Nathan ""Nate"" Mathis",0
Franklin,HALLTOWN COMM. CTR.,Lieutenant Governor,,DEM,Phillip Ensler,0
Franklin,HALLTOWN COMM. CTR.,Lieutenant Governor,,DEM,Darryl D. Perryman,2
Franklin,HALLTOWN COMM. CTR.,U.S. Senate,,DEM,Dakarai Larriett,2
Franklin,HALLTOWN COMM. CTR.,U.S. Senate,,DEM,Kyle Sweetser,0
Franklin,HALLTOWN COMM. CTR.,U.S. Senate,,DEM,Everett Wess,0
Franklin,HALLTOWN COMM. CTR.,U.S. Senate,,DEM,Mark S. Wheeler II,0
Franklin,HALLTOWN COMM. CTR.,U.S. House,4,DEM,Amanda N. Pusczek,2
Franklin,HALLTOWN COMM. CTR.,U.S. House,4,DEM,Shane Weaver,0
Franklin,HALLTOWN COMM. CTR.,"Public Service Commissioner, Place 1",,DEM,James O. Gordon,0
Franklin,HALLTOWN COMM. CTR.,Governor,,REP,Ken McFeeters,14
Franklin,HALLTOWN COMM. CTR.,Governor,,REP,"""Alabama"" Will Santivasci",8
Franklin,HALLTOWN COMM. CTR.,Governor,,REP,Thomas Tuberville,125
Franklin,HALLTOWN COMM. CTR.,Lieutenant Governor,,REP,Wes Allen,48
Franklin,HALLTOWN COMM. CTR.,Lieutenant Governor,,REP,Pat Bishop,1
Franklin,HALLTOWN COMM. CTR.,Lieutenant Governor,,REP,George Childress,1
Franklin,HALLTOWN COMM. CTR.,Lieutenant Governor,,REP,Rick Pate,5
Franklin,HALLTOWN COMM. CTR.,Lieutenant Governor,,REP,Stewart Hill Tankersley,0
Franklin,HALLTOWN COMM. CTR.,Lieutenant Governor,,REP,Nicole Jones Wadsworth,4
Franklin,HALLTOWN COMM. CTR.,Lieutenant Governor,,REP,John Wahl,77
Franklin,HALLTOWN COMM. CTR.,U.S. Senate,,REP,Seth Burton,3
Franklin,HALLTOWN COMM. CTR.,U.S. Senate,,REP,Dale Shelton Deas Jr.,1
Franklin,HALLTOWN COMM. CTR.,U.S. Senate,,REP,Jared Hudson,37
Franklin,HALLTOWN COMM. CTR.,U.S. Senate,,REP,Steve Marshall,27
Franklin,HALLTOWN COMM. CTR.,U.S. Senate,,REP,Barry Moore,69
Franklin,HALLTOWN COMM. CTR.,U.S. Senate,,REP,Morgan Murphy,0
Franklin,HALLTOWN COMM. CTR.,U.S. Senate,,REP,Rodney Walker,6
Franklin,HALLTOWN COMM. CTR.,U.S. House,4,REP,Robert B. Aderholt,119
Franklin,HALLTOWN COMM. CTR.,Attorney General,,REP,Pamela L. Casey,24
Franklin,HALLTOWN COMM. CTR.,Attorney General,,REP,Jay Mitchell,60
Franklin,HALLTOWN COMM. CTR.,Attorney General,,REP,Katherine Robertson,46
Franklin,HALLTOWN COMM. CTR.,Secretary of State,,REP,Caroleene Dobson,74
Franklin,HALLTOWN COMM. CTR.,Secretary of State,,REP,Christopher Christian Horn,36
Franklin,HALLTOWN COMM. CTR.,Secretary of State,,REP,Glenda S. Jackson,18
Franklin,HALLTOWN COMM. CTR.,State Treasurer,,REP,Young Boozer,85
Franklin,HALLTOWN COMM. CTR.,State Treasurer,,REP,Steve Lolley,47
Franklin,HALLTOWN COMM. CTR.,State Auditor,,REP,Derek Chen,34
Franklin,HALLTOWN COMM. CTR.,State Auditor,,REP,Andrew Sorrell,97
Franklin,HALLTOWN COMM. CTR.,Commissioner of Agriculture and Industries,,REP,Cory Hill,50
Franklin,HALLTOWN COMM. CTR.,Commissioner of Agriculture and Industries,,REP,Christina Woerner McInnis,36
Franklin,HALLTOWN COMM. CTR.,Commissioner of Agriculture and Industries,,REP,Jack Williams,44
Franklin,HALLTOWN COMM. CTR.,"Public Service Commission, Place No. 1",,REP,Matt Gentry,92
Franklin,HALLTOWN COMM. CTR.,"Public Service Commission, Place No. 1",,REP,Jeremy H. Oden,27
Franklin,HALLTOWN COMM. CTR.,"Public Service Commission, Place No. 2",,REP,Priscilla Andrews,12
Franklin,HALLTOWN COMM. CTR.,"Public Service Commission, Place No. 2",,REP,Chris Beeker,27
Franklin,HALLTOWN COMM. CTR.,"Member, Franklin County Commission, District 1",,REP,Curtis Baker,65
Franklin,HALLTOWN COMM. CTR.,"Member, Franklin County Commission, District 1",,REP,Jeffery D. Fleming,23
Franklin,HALLTOWN COMM. CTR.,"Member, Franklin County Commission, District 1",,REP,Judson MIles Gaston,6
Franklin,HALLTOWN COMM. CTR.,"Member, Franklin County Commission, District 1",,REP,Grayson Murray,33
Franklin,HALLTOWN COMM. CTR.,"Member, Franklin County Commission, District 1",,REP,Joey Norton,11
Franklin,HALLTOWN COMM. CTR.,Franklin County Sheriff,,REP,Shannon Oliver,120
Franklin,HALLTOWN COMM. CTR.,Franklin County Sheriff,,REP,Brian Shackelford,30
Franklin,HALLTOWN COMM. CTR.,Franklin County Coroner,,REP,Charles Adcox,49
Franklin,HALLTOWN COMM. CTR.,Franklin County Coroner,,REP,Jeff Clark,85
Franklin,HALLTOWN COMM. CTR.,"Republican State Executive Committee, Franklin County, Place 1",,REP,Kristy Baker Davis,74
Franklin,HALLTOWN COMM. CTR.,"Republican State Executive Committee, Franklin County, Place 1",,REP,Hillary Malone Hall,45
Franklin,HALLTOWN COMM. CTR.,"Franklin County Executive Committee, Place 3",,REP,Justine Baker,64
Franklin,HALLTOWN COMM. CTR.,"Franklin County Executive Committee, Place 3",,REP,Joey Norton,53
Franklin,HALLTOWN COMM. CTR.,"Franklin County Executive Committee, Place 4",,REP,Gage Baker,59
Franklin,HALLTOWN COMM. CTR.,"Franklin County Executive Committee, Place 4",,REP,Lisa Carroll Norton,56
Franklin,HALLTOWN COMM. CTR.,"Franklin County Executive Committee, Place 6",,REP,Hillary Malone Hall,29
Franklin,HALLTOWN COMM. CTR.,"Franklin County Executive Committee, Place 6",,REP,Teresa Thorn Lawler,105
Franklin,HALLTOWN COMM. CTR.,"Franklin County Executive Committee, Place 8",,REP,Brian Kevin Davis,48
Franklin,HALLTOWN COMM. CTR.,"Franklin County Executive Committee, Place 8",,REP,Jarrett Hovater,69
Franklin,HALLTOWN COMM. CTR.,Proposed Statewide Amendment 1,,,Yes,128
Franklin,HALLTOWN COMM. CTR.,Proposed Statewide Amendment 1,,,No,23
Franklin,HALLTOWN COMM. CTR.,Proposed Statewide Amendment 2,,,No,73
Franklin,LAWLERS FIRE DEPT.,Governor,,DEM,Will Boyd,3
Franklin,LAWLERS FIRE DEPT.,Governor,,DEM,Jamel J. Brown,0
Franklin,LAWLERS FIRE DEPT.,Governor,,DEM,Yolanda Rochelle Flowers,0
Franklin,LAWLERS FIRE DEPT.,Governor,,DEM,Doug Jones,12
Franklin,LAWLERS FIRE DEPT.,Governor,,DEM,"Chad ""Chig"" Martin",0
Franklin,LAWLERS FIRE DEPT.,Governor,,DEM,"Nathan ""Nate"" Mathis",0
Franklin,LAWLERS FIRE DEPT.,Lieutenant Governor,,DEM,Phillip Ensler,9
Franklin,LAWLERS FIRE DEPT.,Lieutenant Governor,,DEM,Darryl D. Perryman,5
Franklin,LAWLERS FIRE DEPT.,U.S. Senate,,DEM,Dakarai Larriett,2
Franklin,LAWLERS FIRE DEPT.,U.S. Senate,,DEM,Kyle Sweetser,2
Franklin,LAWLERS FIRE DEPT.,U.S. Senate,,DEM,Everett Wess,7
Franklin,LAWLERS FIRE DEPT.,U.S. Senate,,DEM,Mark S. Wheeler II,4
Franklin,LAWLERS FIRE DEPT.,U.S. House,4,DEM,Amanda N. Pusczek,8
Franklin,LAWLERS FIRE DEPT.,U.S. House,4,DEM,Shane Weaver,7
Franklin,LAWLERS FIRE DEPT.,"Public Service Commissioner, Place 1",,DEM,James O. Gordon,4
Franklin,LAWLERS FIRE DEPT.,Governor,,REP,Ken McFeeters,8
Franklin,LAWLERS FIRE DEPT.,Governor,,REP,"""Alabama"" Will Santivasci",13
Franklin,LAWLERS FIRE DEPT.,Governor,,REP,Thomas Tuberville,127
Franklin,LAWLERS FIRE DEPT.,Lieutenant Governor,,REP,Wes Allen,41
Franklin,LAWLERS FIRE DEPT.,Lieutenant Governor,,REP,Pat Bishop,1
Franklin,LAWLERS FIRE DEPT.,Lieutenant Governor,,REP,George Childress,0
Franklin,LAWLERS FIRE DEPT.,Lieutenant Governor,,REP,Rick Pate,6
Franklin,LAWLERS FIRE DEPT.,Lieutenant Governor,,REP,Stewart Hill Tankersley,5
Franklin,LAWLERS FIRE DEPT.,Lieutenant Governor,,REP,Nicole Jones Wadsworth,5
Franklin,LAWLERS FIRE DEPT.,Lieutenant Governor,,REP,John Wahl,78
Franklin,LAWLERS FIRE DEPT.,U.S. Senate,,REP,Seth Burton,7
Franklin,LAWLERS FIRE DEPT.,U.S. Senate,,REP,Dale Shelton Deas Jr.,1
Franklin,LAWLERS FIRE DEPT.,U.S. Senate,,REP,Jared Hudson,49
Franklin,LAWLERS FIRE DEPT.,U.S. Senate,,REP,Steve Marshall,17
Franklin,LAWLERS FIRE DEPT.,U.S. Senate,,REP,Barry Moore,67
Franklin,LAWLERS FIRE DEPT.,U.S. Senate,,REP,Morgan Murphy,1
Franklin,LAWLERS FIRE DEPT.,U.S. Senate,,REP,Rodney Walker,2
Franklin,LAWLERS FIRE DEPT.,U.S. House,4,REP,Robert B. Aderholt,118
Franklin,LAWLERS FIRE DEPT.,Attorney General,,REP,Pamela L. Casey,30
Franklin,LAWLERS FIRE DEPT.,Attorney General,,REP,Jay Mitchell,53
Franklin,LAWLERS FIRE DEPT.,Attorney General,,REP,Katherine Robertson,34
Franklin,LAWLERS FIRE DEPT.,Secretary of State,,REP,Caroleene Dobson,68
Franklin,LAWLERS FIRE DEPT.,Secretary of State,,REP,Christopher Christian Horn,33
Franklin,LAWLERS FIRE DEPT.,Secretary of State,,REP,Glenda S. Jackson,10
Franklin,LAWLERS FIRE DEPT.,State Treasurer,,REP,Young Boozer,66
Franklin,LAWLERS FIRE DEPT.,State Treasurer,,REP,Steve Lolley,53
Franklin,LAWLERS FIRE DEPT.,State Auditor,,REP,Derek Chen,18
Franklin,LAWLERS FIRE DEPT.,State Auditor,,REP,Andrew Sorrell,101
Franklin,LAWLERS FIRE DEPT.,Commissioner of Agriculture and Industries,,REP,Cory Hill,49
Franklin,LAWLERS FIRE DEPT.,Commissioner of Agriculture and Industries,,REP,Christina Woerner McInnis,40
Franklin,LAWLERS FIRE DEPT.,Commissioner of Agriculture and Industries,,REP,Jack Williams,28
Franklin,LAWLERS FIRE DEPT.,"Public Service Commission, Place No. 1",,REP,Matt Gentry,79
Franklin,LAWLERS FIRE DEPT.,"Public Service Commission, Place No. 1",,REP,Jeremy H. Oden,32
Franklin,LAWLERS FIRE DEPT.,"Public Service Commission, Place No. 2",,REP,Priscilla Andrews,15
Franklin,LAWLERS FIRE DEPT.,"Public Service Commission, Place No. 2",,REP,Chris Beeker,16
Franklin,LAWLERS FIRE DEPT.,"Member, Franklin County Commission, District 1",,REP,Curtis Baker,58
Franklin,LAWLERS FIRE DEPT.,"Member, Franklin County Commission, District 1",,REP,Jeffery D. Fleming,30
Franklin,LAWLERS FIRE DEPT.,"Member, Franklin County Commission, District 1",,REP,Judson MIles Gaston,6
Franklin,LAWLERS FIRE DEPT.,"Member, Franklin County Commission, District 1",,REP,Grayson Murray,27
Franklin,LAWLERS FIRE DEPT.,"Member, Franklin County Commission, District 1",,REP,Joey Norton,25
Franklin,LAWLERS FIRE DEPT.,Franklin County Sheriff,,REP,Shannon Oliver,108
Franklin,LAWLERS FIRE DEPT.,Franklin County Sheriff,,REP,Brian Shackelford,46
Franklin,LAWLERS FIRE DEPT.,Franklin County Coroner,,REP,Charles Adcox,22
Franklin,LAWLERS FIRE DEPT.,Franklin County Coroner,,REP,Jeff Clark,101
Franklin,LAWLERS FIRE DEPT.,"Republican State Executive Committee, Franklin County, Place 1",,REP,Kristy Baker Davis,64
Franklin,LAWLERS FIRE DEPT.,"Republican State Executive Committee, Franklin County, Place 1",,REP,Hillary Malone Hall,52
Franklin,LAWLERS FIRE DEPT.,"Franklin County Executive Committee, Place 3",,REP,Justine Baker,60
Franklin,LAWLERS FIRE DEPT.,"Franklin County Executive Committee, Place 3",,REP,Joey Norton,63
Franklin,LAWLERS FIRE DEPT.,"Franklin County Executive Committee, Place 4",,REP,Gage Baker,53
Franklin,LAWLERS FIRE DEPT.,"Franklin County Executive Committee, Place 4",,REP,Lisa Carroll Norton,64
Franklin,LAWLERS FIRE DEPT.,"Franklin County Executive Committee, Place 6",,REP,Hillary Malone Hall,41
Franklin,LAWLERS FIRE DEPT.,"Franklin County Executive Committee, Place 6",,REP,Teresa Thorn Lawler,77
Franklin,LAWLERS FIRE DEPT.,"Franklin County Executive Committee, Place 8",,REP,Brian Kevin Davis,66
Franklin,LAWLERS FIRE DEPT.,"Franklin County Executive Committee, Place 8",,REP,Jarrett Hovater,54
Franklin,LAWLERS FIRE DEPT.,Proposed Statewide Amendment 1,,,Yes,121
Franklin,LAWLERS FIRE DEPT.,Proposed Statewide Amendment 1,,,No,21
Franklin,LAWLERS FIRE DEPT.,Proposed Statewide Amendment 2,,,No,67
Franklin,WACO BAPT. CHURCH,Governor,,DEM,Will Boyd,3
Franklin,WACO BAPT. CHURCH,Governor,,DEM,Jamel J. Brown,1
Franklin,WACO BAPT. CHURCH,Governor,,DEM,Yolanda Rochelle Flowers,0
Franklin,WACO BAPT. CHURCH,Governor,,DEM,Doug Jones,13
Franklin,WACO BAPT. CHURCH,Governor,,DEM,"Chad ""Chig"" Martin",1
Franklin,WACO BAPT. CHURCH,Governor,,DEM,"Nathan ""Nate"" Mathis",0
Franklin,WACO BAPT. CHURCH,Lieutenant Governor,,DEM,Phillip Ensler,10
Franklin,WACO BAPT. CHURCH,Lieutenant Governor,,DEM,Darryl D. Perryman,6
Franklin,WACO BAPT. CHURCH,U.S. Senate,,DEM,Dakarai Larriett,1
Franklin,WACO BAPT. CHURCH,U.S. Senate,,DEM,Kyle Sweetser,6
Franklin,WACO BAPT. CHURCH,U.S. Senate,,DEM,Everett Wess,2
Franklin,WACO BAPT. CHURCH,U.S. Senate,,DEM,Mark S. Wheeler II,7
Franklin,WACO BAPT. CHURCH,U.S. House,4,DEM,Amanda N. Pusczek,11
Franklin,WACO BAPT. CHURCH,U.S. House,4,DEM,Shane Weaver,6
Franklin,WACO BAPT. CHURCH,"Public Service Commissioner, Place 1",,DEM,James O. Gordon,6
Franklin,WACO BAPT. CHURCH,Governor,,REP,Ken McFeeters,4
Franklin,WACO BAPT. CHURCH,Governor,,REP,"""Alabama"" Will Santivasci",7
Franklin,WACO BAPT. CHURCH,Governor,,REP,Thomas Tuberville,66
Franklin,WACO BAPT. CHURCH,Lieutenant Governor,,REP,Wes Allen,36
Franklin,WACO BAPT. CHURCH,Lieutenant Governor,,REP,Pat Bishop,4
Franklin,WACO BAPT. CHURCH,Lieutenant Governor,,REP,George Childress,2
Franklin,WACO BAPT. CHURCH,Lieutenant Governor,,REP,Rick Pate,5
Franklin,WACO BAPT. CHURCH,Lieutenant Governor,,REP,Stewart Hill Tankersley,2
Franklin,WACO BAPT. CHURCH,Lieutenant Governor,,REP,Nicole Jones Wadsworth,3
Franklin,WACO BAPT. CHURCH,Lieutenant Governor,,REP,John Wahl,27
Franklin,WACO BAPT. CHURCH,U.S. Senate,,REP,Seth Burton,0
Franklin,WACO BAPT. CHURCH,U.S. Senate,,REP,Dale Shelton Deas Jr.,1
Franklin,WACO BAPT. CHURCH,U.S. Senate,,REP,Jared Hudson,25
Franklin,WACO BAPT. CHURCH,U.S. Senate,,REP,Steve Marshall,20
Franklin,WACO BAPT. CHURCH,U.S. Senate,,REP,Barry Moore,26
Franklin,WACO BAPT. CHURCH,U.S. Senate,,REP,Morgan Murphy,1
Franklin,WACO BAPT. CHURCH,U.S. Senate,,REP,Rodney Walker,5
Franklin,WACO BAPT. CHURCH,U.S. House,4,REP,Robert B. Aderholt,65
Franklin,WACO BAPT. CHURCH,Attorney General,,REP,Pamela L. Casey,22
Franklin,WACO BAPT. CHURCH,Attorney General,,REP,Jay Mitchell,23
Franklin,WACO BAPT. CHURCH,Attorney General,,REP,Katherine Robertson,30
Franklin,WACO BAPT. CHURCH,Secretary of State,,REP,Caroleene Dobson,38
Franklin,WACO BAPT. CHURCH,Secretary of State,,REP,Christopher Christian Horn,18
Franklin,WACO BAPT. CHURCH,Secretary of State,,REP,Glenda S. Jackson,17
Franklin,WACO BAPT. CHURCH,State Treasurer,,REP,Young Boozer,38
Franklin,WACO BAPT. CHURCH,State Treasurer,,REP,Steve Lolley,35
Franklin,WACO BAPT. CHURCH,State Auditor,,REP,Derek Chen,27
Franklin,WACO BAPT. CHURCH,State Auditor,,REP,Andrew Sorrell,48
Franklin,WACO BAPT. CHURCH,Commissioner of Agriculture and Industries,,REP,Cory Hill,35
Franklin,WACO BAPT. CHURCH,Commissioner of Agriculture and Industries,,REP,Christina Woerner McInnis,24
Franklin,WACO BAPT. CHURCH,Commissioner of Agriculture and Industries,,REP,Jack Williams,18
Franklin,WACO BAPT. CHURCH,"Public Service Commission, Place No. 1",,REP,Matt Gentry,54
Franklin,WACO BAPT. CHURCH,"Public Service Commission, Place No. 1",,REP,Jeremy H. Oden,21
Franklin,WACO BAPT. CHURCH,"Public Service Commission, Place No. 2",,REP,Priscilla Andrews,11
Franklin,WACO BAPT. CHURCH,"Public Service Commission, Place No. 2",,REP,Chris Beeker,14
Franklin,WACO BAPT. CHURCH,"Member, Franklin County Commission, District 1",,REP,Curtis Baker,22
Franklin,WACO BAPT. CHURCH,"Member, Franklin County Commission, District 1",,REP,Jeffery D. Fleming,16
Franklin,WACO BAPT. CHURCH,"Member, Franklin County Commission, District 1",,REP,Judson MIles Gaston,13
Franklin,WACO BAPT. CHURCH,"Member, Franklin County Commission, District 1",,REP,Grayson Murray,21
Franklin,WACO BAPT. CHURCH,"Member, Franklin County Commission, District 1",,REP,Joey Norton,6
Franklin,WACO BAPT. CHURCH,Franklin County Sheriff,,REP,Shannon Oliver,59
Franklin,WACO BAPT. CHURCH,Franklin County Sheriff,,REP,Brian Shackelford,23
Franklin,WACO BAPT. CHURCH,Franklin County Coroner,,REP,Charles Adcox,18
Franklin,WACO BAPT. CHURCH,Franklin County Coroner,,REP,Jeff Clark,59
Franklin,WACO BAPT. CHURCH,"Republican State Executive Committee, Franklin County, Place 1",,REP,Kristy Baker Davis,31
Franklin,WACO BAPT. CHURCH,"Republican State Executive Committee, Franklin County, Place 1",,REP,Hillary Malone Hall,44
Franklin,WACO BAPT. CHURCH,"Franklin County Executive Committee, Place 3",,REP,Justine Baker,39
Franklin,WACO BAPT. CHURCH,"Franklin County Executive Committee, Place 3",,REP,Joey Norton,32
Franklin,WACO BAPT. CHURCH,"Franklin County Executive Committee, Place 4",,REP,Gage Baker,35
Franklin,WACO BAPT. CHURCH,"Franklin County Executive Committee, Place 4",,REP,Lisa Carroll Norton,37
Franklin,WACO BAPT. CHURCH,"Franklin County Executive Committee, Place 6",,REP,Hillary Malone Hall,34
Franklin,WACO BAPT. CHURCH,"Franklin County Executive Committee, Place 6",,REP,Teresa Thorn Lawler,38
Franklin,WACO BAPT. CHURCH,"Franklin County Executive Committee, Place 8",,REP,Brian Kevin Davis,29
Franklin,WACO BAPT. CHURCH,"Franklin County Executive Committee, Place 8",,REP,Jarrett Hovater,46
Franklin,WACO BAPT. CHURCH,Proposed Statewide Amendment 1,,,Yes,129
Franklin,WACO BAPT. CHURCH,Proposed Statewide Amendment 1,,,No,20
Franklin,WACO BAPT. CHURCH,Proposed Statewide Amendment 2,,,No,79
Franklin,JONESBORO BAPT CHU,Governor,,DEM,Will Boyd,0
Franklin,JONESBORO BAPT CHU,Governor,,DEM,Jamel J. Brown,1
Franklin,JONESBORO BAPT CHU,Governor,,DEM,Yolanda Rochelle Flowers,1
Franklin,JONESBORO BAPT CHU,Governor,,DEM,Doug Jones,12
Franklin,JONESBORO BAPT CHU,Governor,,DEM,"Chad ""Chig"" Martin",0
Franklin,JONESBORO BAPT CHU,Governor,,DEM,"Nathan ""Nate"" Mathis",1
Franklin,JONESBORO BAPT CHU,Lieutenant Governor,,DEM,Phillip Ensler,8
Franklin,JONESBORO BAPT CHU,Lieutenant Governor,,DEM,Darryl D. Perryman,6
Franklin,JONESBORO BAPT CHU,U.S. Senate,,DEM,Dakarai Larriett,1
Franklin,JONESBORO BAPT CHU,U.S. Senate,,DEM,Kyle Sweetser,6
Franklin,JONESBORO BAPT CHU,U.S. Senate,,DEM,Everett Wess,3
Franklin,JONESBORO BAPT CHU,U.S. Senate,,DEM,Mark S. Wheeler II,4
Franklin,JONESBORO BAPT CHU,U.S. House,4,DEM,Amanda N. Pusczek,8
Franklin,JONESBORO BAPT CHU,U.S. House,4,DEM,Shane Weaver,6
Franklin,JONESBORO BAPT CHU,"Public Service Commissioner, Place 1",,DEM,James O. Gordon,9
Franklin,JONESBORO BAPT CHU,Governor,,REP,Ken McFeeters,16
Franklin,JONESBORO BAPT CHU,Governor,,REP,"""Alabama"" Will Santivasci",2
Franklin,JONESBORO BAPT CHU,Governor,,REP,Thomas Tuberville,126
Franklin,JONESBORO BAPT CHU,Lieutenant Governor,,REP,Wes Allen,63
Franklin,JONESBORO BAPT CHU,Lieutenant Governor,,REP,Pat Bishop,6
Franklin,JONESBORO BAPT CHU,Lieutenant Governor,,REP,George Childress,2
Franklin,JONESBORO BAPT CHU,Lieutenant Governor,,REP,Rick Pate,2
Franklin,JONESBORO BAPT CHU,Lieutenant Governor,,REP,Stewart Hill Tankersley,3
Franklin,JONESBORO BAPT CHU,Lieutenant Governor,,REP,Nicole Jones Wadsworth,6
Franklin,JONESBORO BAPT CHU,Lieutenant Governor,,REP,John Wahl,52
Franklin,JONESBORO BAPT CHU,U.S. Senate,,REP,Seth Burton,5
Franklin,JONESBORO BAPT CHU,U.S. Senate,,REP,Dale Shelton Deas Jr.,1
Franklin,JONESBORO BAPT CHU,U.S. Senate,,REP,Jared Hudson,19
Franklin,JONESBORO BAPT CHU,U.S. Senate,,REP,Steve Marshall,28
Franklin,JONESBORO BAPT CHU,U.S. Senate,,REP,Barry Moore,80
Franklin,JONESBORO BAPT CHU,U.S. Senate,,REP,Morgan Murphy,2
Franklin,JONESBORO BAPT CHU,U.S. Senate,,REP,Rodney Walker,3
Franklin,JONESBORO BAPT CHU,U.S. House,4,REP,Robert B. Aderholt,123
Franklin,JONESBORO BAPT CHU,Attorney General,,REP,Pamela L. Casey,27
Franklin,JONESBORO BAPT CHU,Attorney General,,REP,Jay Mitchell,52
Franklin,JONESBORO BAPT CHU,Attorney General,,REP,Katherine Robertson,44
Franklin,JONESBORO BAPT CHU,Secretary of State,,REP,Caroleene Dobson,60
Franklin,JONESBORO BAPT CHU,Secretary of State,,REP,Christopher Christian Horn,33
Franklin,JONESBORO BAPT CHU,Secretary of State,,REP,Glenda S. Jackson,18
Franklin,JONESBORO BAPT CHU,State Treasurer,,REP,Young Boozer,64
Franklin,JONESBORO BAPT CHU,State Treasurer,,REP,Steve Lolley,52
Franklin,JONESBORO BAPT CHU,State Auditor,,REP,Derek Chen,38
Franklin,JONESBORO BAPT CHU,State Auditor,,REP,Andrew Sorrell,87
Franklin,JONESBORO BAPT CHU,Commissioner of Agriculture and Industries,,REP,Cory Hill,49
Franklin,JONESBORO BAPT CHU,Commissioner of Agriculture and Industries,,REP,Christina Woerner McInnis,36
Franklin,JONESBORO BAPT CHU,Commissioner of Agriculture and Industries,,REP,Jack Williams,36
Franklin,JONESBORO BAPT CHU,"Public Service Commission, Place No. 1",,REP,Matt Gentry,81
Franklin,JONESBORO BAPT CHU,"Public Service Commission, Place No. 1",,REP,Jeremy H. Oden,32
Franklin,JONESBORO BAPT CHU,"Public Service Commission, Place No. 2",,REP,Priscilla Andrews,18
Franklin,JONESBORO BAPT CHU,"Public Service Commission, Place No. 2",,REP,Chris Beeker,17
Franklin,JONESBORO BAPT CHU,"Member, Franklin County Commission, District 1",,REP,Curtis Baker,45
Franklin,JONESBORO BAPT CHU,"Member, Franklin County Commission, District 1",,REP,Jeffery D. Fleming,14
Franklin,JONESBORO BAPT CHU,"Member, Franklin County Commission, District 1",,REP,Judson MIles Gaston,9
Franklin,JONESBORO BAPT CHU,"Member, Franklin County Commission, District 1",,REP,Grayson Murray,51
Franklin,JONESBORO BAPT CHU,"Member, Franklin County Commission, District 1",,REP,Joey Norton,13
Franklin,JONESBORO BAPT CHU,Franklin County Sheriff,,REP,Shannon Oliver,113
Franklin,JONESBORO BAPT CHU,Franklin County Sheriff,,REP,Brian Shackelford,40
Franklin,JONESBORO BAPT CHU,Franklin County Coroner,,REP,Charles Adcox,27
Franklin,JONESBORO BAPT CHU,Franklin County Coroner,,REP,Jeff Clark,96
Franklin,JONESBORO BAPT CHU,"Republican State Executive Committee, Franklin County, Place 1",,REP,Kristy Baker Davis,49
Franklin,JONESBORO BAPT CHU,"Republican State Executive Committee, Franklin County, Place 1",,REP,Hillary Malone Hall,73
Franklin,JONESBORO BAPT CHU,"Franklin County Executive Committee, Place 3",,REP,Justine Baker,68
Franklin,JONESBORO BAPT CHU,"Franklin County Executive Committee, Place 3",,REP,Joey Norton,47
Franklin,JONESBORO BAPT CHU,"Franklin County Executive Committee, Place 4",,REP,Gage Baker,66
Franklin,JONESBORO BAPT CHU,"Franklin County Executive Committee, Place 4",,REP,Lisa Carroll Norton,42
Franklin,JONESBORO BAPT CHU,"Franklin County Executive Committee, Place 6",,REP,Hillary Malone Hall,71
Franklin,JONESBORO BAPT CHU,"Franklin County Executive Committee, Place 6",,REP,Teresa Thorn Lawler,52
Franklin,JONESBORO BAPT CHU,"Franklin County Executive Committee, Place 8",,REP,Brian Kevin Davis,41
Franklin,JONESBORO BAPT CHU,"Franklin County Executive Committee, Place 8",,REP,Jarrett Hovater,89
Franklin,JONESBORO BAPT CHU,Proposed Statewide Amendment 1,,,Yes,86
Franklin,JONESBORO BAPT CHU,Proposed Statewide Amendment 1,,,No,8
Franklin,JONESBORO BAPT CHU,Proposed Statewide Amendment 2,,,No,39
Franklin,SPRUCE PINE COMM CTR,Governor,,DEM,Will Boyd,3
Franklin,SPRUCE PINE COMM CTR,Governor,,DEM,Jamel J. Brown,0
Franklin,SPRUCE PINE COMM CTR,Governor,,DEM,Yolanda Rochelle Flowers,1
Franklin,SPRUCE PINE COMM CTR,Governor,,DEM,Doug Jones,13
Franklin,SPRUCE PINE COMM CTR,Governor,,DEM,"Chad ""Chig"" Martin",1
Franklin,SPRUCE PINE COMM CTR,Governor,,DEM,"Nathan ""Nate"" Mathis",0
Franklin,SPRUCE PINE COMM CTR,Lieutenant Governor,,DEM,Phillip Ensler,3
Franklin,SPRUCE PINE COMM CTR,Lieutenant Governor,,DEM,Darryl D. Perryman,12
Franklin,SPRUCE PINE COMM CTR,U.S. Senate,,DEM,Dakarai Larriett,7
Franklin,SPRUCE PINE COMM CTR,U.S. Senate,,DEM,Kyle Sweetser,2
Franklin,SPRUCE PINE COMM CTR,U.S. Senate,,DEM,Everett Wess,4
Franklin,SPRUCE PINE COMM CTR,U.S. Senate,,DEM,Mark S. Wheeler II,4
Franklin,SPRUCE PINE COMM CTR,U.S. House,4,DEM,Amanda N. Pusczek,14
Franklin,SPRUCE PINE COMM CTR,U.S. House,4,DEM,Shane Weaver,1
Franklin,SPRUCE PINE COMM CTR,"Public Service Commissioner, Place 1",,DEM,James O. Gordon,7
Franklin,SPRUCE PINE COMM CTR,Governor,,REP,Ken McFeeters,21
Franklin,SPRUCE PINE COMM CTR,Governor,,REP,"""Alabama"" Will Santivasci",10
Franklin,SPRUCE PINE COMM CTR,Governor,,REP,Thomas Tuberville,177
Franklin,SPRUCE PINE COMM CTR,Lieutenant Governor,,REP,Wes Allen,78
Franklin,SPRUCE PINE COMM CTR,Lieutenant Governor,,REP,Pat Bishop,10
Franklin,SPRUCE PINE COMM CTR,Lieutenant Governor,,REP,George Childress,1
Franklin,SPRUCE PINE COMM CTR,Lieutenant Governor,,REP,Rick Pate,2
Franklin,SPRUCE PINE COMM CTR,Lieutenant Governor,,REP,Stewart Hill Tankersley,1
Franklin,SPRUCE PINE COMM CTR,Lieutenant Governor,,REP,Nicole Jones Wadsworth,13
Franklin,SPRUCE PINE COMM CTR,Lieutenant Governor,,REP,John Wahl,96
Franklin,SPRUCE PINE COMM CTR,U.S. Senate,,REP,Seth Burton,3
Franklin,SPRUCE PINE COMM CTR,U.S. Senate,,REP,Dale Shelton Deas Jr.,2
Franklin,SPRUCE PINE COMM CTR,U.S. Senate,,REP,Jared Hudson,39
Franklin,SPRUCE PINE COMM CTR,U.S. Senate,,REP,Steve Marshall,39
Franklin,SPRUCE PINE COMM CTR,U.S. Senate,,REP,Barry Moore,108
Franklin,SPRUCE PINE COMM CTR,U.S. Senate,,REP,Morgan Murphy,0
Franklin,SPRUCE PINE COMM CTR,U.S. Senate,,REP,Rodney Walker,8
Franklin,SPRUCE PINE COMM CTR,U.S. House,4,REP,Robert B. Aderholt,165
Franklin,SPRUCE PINE COMM CTR,Attorney General,,REP,Pamela L. Casey,40
Franklin,SPRUCE PINE COMM CTR,Attorney General,,REP,Jay Mitchell,77
Franklin,SPRUCE PINE COMM CTR,Attorney General,,REP,Katherine Robertson,74
Franklin,SPRUCE PINE COMM CTR,Secretary of State,,REP,Caroleene Dobson,92
Franklin,SPRUCE PINE COMM CTR,Secretary of State,,REP,Christopher Christian Horn,56
Franklin,SPRUCE PINE COMM CTR,Secretary of State,,REP,Glenda S. Jackson,24
Franklin,SPRUCE PINE COMM CTR,State Treasurer,,REP,Young Boozer,85
Franklin,SPRUCE PINE COMM CTR,State Treasurer,,REP,Steve Lolley,91
Franklin,SPRUCE PINE COMM CTR,State Auditor,,REP,Derek Chen,41
Franklin,SPRUCE PINE COMM CTR,State Auditor,,REP,Andrew Sorrell,134
Franklin,SPRUCE PINE COMM CTR,Commissioner of Agriculture and Industries,,REP,Cory Hill,83
Franklin,SPRUCE PINE COMM CTR,Commissioner of Agriculture and Industries,,REP,Christina Woerner McInnis,47
Franklin,SPRUCE PINE COMM CTR,Commissioner of Agriculture and Industries,,REP,Jack Williams,47
Franklin,SPRUCE PINE COMM CTR,"Public Service Commission, Place No. 1",,REP,Matt Gentry,106
Franklin,SPRUCE PINE COMM CTR,"Public Service Commission, Place No. 1",,REP,Jeremy H. Oden,67
Franklin,SPRUCE PINE COMM CTR,"Public Service Commission, Place No. 2",,REP,Priscilla Andrews,19
Franklin,SPRUCE PINE COMM CTR,"Public Service Commission, Place No. 2",,REP,Chris Beeker,45
Franklin,SPRUCE PINE COMM CTR,"Member, Franklin County Commission, District 1",,REP,Curtis Baker,134
Franklin,SPRUCE PINE COMM CTR,"Member, Franklin County Commission, District 1",,REP,Jeffery D. Fleming,8
Franklin,SPRUCE PINE COMM CTR,"Member, Franklin County Commission, District 1",,REP,Judson MIles Gaston,10
Franklin,SPRUCE PINE COMM CTR,"Member, Franklin County Commission, District 1",,REP,Grayson Murray,29
Franklin,SPRUCE PINE COMM CTR,"Member, Franklin County Commission, District 1",,REP,Joey Norton,38
Franklin,SPRUCE PINE COMM CTR,Franklin County Sheriff,,REP,Shannon Oliver,132
Franklin,SPRUCE PINE COMM CTR,Franklin County Sheriff,,REP,Brian Shackelford,86
Franklin,SPRUCE PINE COMM CTR,Franklin County Coroner,,REP,Charles Adcox,47
Franklin,SPRUCE PINE COMM CTR,Franklin County Coroner,,REP,Jeff Clark,151
Franklin,SPRUCE PINE COMM CTR,"Republican State Executive Committee, Franklin County, Place 1",,REP,Kristy Baker Davis,107
Franklin,SPRUCE PINE COMM CTR,"Republican State Executive Committee, Franklin County, Place 1",,REP,Hillary Malone Hall,83
Franklin,SPRUCE PINE COMM CTR,"Franklin County Executive Committee, Place 3",,REP,Justine Baker,122
Franklin,SPRUCE PINE COMM CTR,"Franklin County Executive Committee, Place 3",,REP,Joey Norton,88
Franklin,SPRUCE PINE COMM CTR,"Franklin County Executive Committee, Place 4",,REP,Gage Baker,104
Franklin,SPRUCE PINE COMM CTR,"Franklin County Executive Committee, Place 4",,REP,Lisa Carroll Norton,90
Franklin,SPRUCE PINE COMM CTR,"Franklin County Executive Committee, Place 6",,REP,Hillary Malone Hall,92
Franklin,SPRUCE PINE COMM CTR,"Franklin County Executive Committee, Place 6",,REP,Teresa Thorn Lawler,106
Franklin,SPRUCE PINE COMM CTR,"Franklin County Executive Committee, Place 8",,REP,Brian Kevin Davis,74
Franklin,SPRUCE PINE COMM CTR,"Franklin County Executive Committee, Place 8",,REP,Jarrett Hovater,110
Franklin,SPRUCE PINE COMM CTR,Proposed Statewide Amendment 1,,,Yes,140
Franklin,SPRUCE PINE COMM CTR,Proposed Statewide Amendment 1,,,No,16
Franklin,SPRUCE PINE COMM CTR,Proposed Statewide Amendment 2,,,No,75
Franklin,CHURNTOWN,Governor,,DEM,Will Boyd,0
Franklin,CHURNTOWN,Governor,,DEM,Jamel J. Brown,0
Franklin,CHURNTOWN,Governor,,DEM,Yolanda Rochelle Flowers,0
Franklin,CHURNTOWN,Governor,,DEM,Doug Jones,8
Franklin,CHURNTOWN,Governor,,DEM,"Chad ""Chig"" Martin",3
Franklin,CHURNTOWN,Governor,,DEM,"Nathan ""Nate"" Mathis",0
Franklin,CHURNTOWN,Lieutenant Governor,,DEM,Phillip Ensler,6
Franklin,CHURNTOWN,Lieutenant Governor,,DEM,Darryl D. Perryman,5
Franklin,CHURNTOWN,U.S. Senate,,DEM,Dakarai Larriett,2
Franklin,CHURNTOWN,U.S. Senate,,DEM,Kyle Sweetser,5
Franklin,CHURNTOWN,U.S. Senate,,DEM,Everett Wess,2
Franklin,CHURNTOWN,U.S. Senate,,DEM,Mark S. Wheeler II,2
Franklin,CHURNTOWN,U.S. House,4,DEM,Amanda N. Pusczek,2
Franklin,CHURNTOWN,U.S. House,4,DEM,Shane Weaver,8
Franklin,CHURNTOWN,"Public Service Commissioner, Place 1",,DEM,James O. Gordon,2
Franklin,CHURNTOWN,Governor,,REP,Ken McFeeters,16
Franklin,CHURNTOWN,Governor,,REP,"""Alabama"" Will Santivasci",18
Franklin,CHURNTOWN,Governor,,REP,Thomas Tuberville,246
Franklin,CHURNTOWN,Lieutenant Governor,,REP,Wes Allen,117
Franklin,CHURNTOWN,Lieutenant Governor,,REP,Pat Bishop,18
Franklin,CHURNTOWN,Lieutenant Governor,,REP,George Childress,6
Franklin,CHURNTOWN,Lieutenant Governor,,REP,Rick Pate,5
Franklin,CHURNTOWN,Lieutenant Governor,,REP,Stewart Hill Tankersley,2
Franklin,CHURNTOWN,Lieutenant Governor,,REP,Nicole Jones Wadsworth,16
Franklin,CHURNTOWN,Lieutenant Governor,,REP,John Wahl,111
Franklin,CHURNTOWN,U.S. Senate,,REP,Seth Burton,5
Franklin,CHURNTOWN,U.S. Senate,,REP,Dale Shelton Deas Jr.,4
Franklin,CHURNTOWN,U.S. Senate,,REP,Jared Hudson,52
Franklin,CHURNTOWN,U.S. Senate,,REP,Steve Marshall,48
Franklin,CHURNTOWN,U.S. Senate,,REP,Barry Moore,148
Franklin,CHURNTOWN,U.S. Senate,,REP,Morgan Murphy,3
Franklin,CHURNTOWN,U.S. Senate,,REP,Rodney Walker,12
Franklin,CHURNTOWN,U.S. House,4,REP,Robert B. Aderholt,242
Franklin,CHURNTOWN,Attorney General,,REP,Pamela L. Casey,78
Franklin,CHURNTOWN,Attorney General,,REP,Jay Mitchell,102
Franklin,CHURNTOWN,Attorney General,,REP,Katherine Robertson,74
Franklin,CHURNTOWN,Secretary of State,,REP,Caroleene Dobson,121
Franklin,CHURNTOWN,Secretary of State,,REP,Christopher Christian Horn,69
Franklin,CHURNTOWN,Secretary of State,,REP,Glenda S. Jackson,40
Franklin,CHURNTOWN,State Treasurer,,REP,Young Boozer,132
Franklin,CHURNTOWN,State Treasurer,,REP,Steve Lolley,116
Franklin,CHURNTOWN,State Auditor,,REP,Derek Chen,77
Franklin,CHURNTOWN,State Auditor,,REP,Andrew Sorrell,166
Franklin,CHURNTOWN,Commissioner of Agriculture and Industries,,REP,Cory Hill,111
Franklin,CHURNTOWN,Commissioner of Agriculture and Industries,,REP,Christina Woerner McInnis,50
Franklin,CHURNTOWN,Commissioner of Agriculture and Industries,,REP,Jack Williams,93
Franklin,CHURNTOWN,"Public Service Commission, Place No. 1",,REP,Matt Gentry,162
Franklin,CHURNTOWN,"Public Service Commission, Place No. 1",,REP,Jeremy H. Oden,79
Franklin,CHURNTOWN,"Public Service Commission, Place No. 2",,REP,Priscilla Andrews,19
Franklin,CHURNTOWN,"Public Service Commission, Place No. 2",,REP,Chris Beeker,61
Franklin,CHURNTOWN,"Member, Franklin County Commission, District 1",,REP,Curtis Baker,197
Franklin,CHURNTOWN,"Member, Franklin County Commission, District 1",,REP,Jeffery D. Fleming,19
Franklin,CHURNTOWN,"Member, Franklin County Commission, District 1",,REP,Judson MIles Gaston,16
Franklin,CHURNTOWN,"Member, Franklin County Commission, District 1",,REP,Grayson Murray,18
Franklin,CHURNTOWN,"Member, Franklin County Commission, District 1",,REP,Joey Norton,43
Franklin,CHURNTOWN,Franklin County Sheriff,,REP,Shannon Oliver,234
Franklin,CHURNTOWN,Franklin County Sheriff,,REP,Brian Shackelford,57
Franklin,CHURNTOWN,Franklin County Coroner,,REP,Charles Adcox,28
Franklin,CHURNTOWN,Franklin County Coroner,,REP,Jeff Clark,255
Franklin,CHURNTOWN,"Republican State Executive Committee, Franklin County, Place 1",,REP,Kristy Baker Davis,185
Franklin,CHURNTOWN,"Republican State Executive Committee, Franklin County, Place 1",,REP,Hillary Malone Hall,83
Franklin,CHURNTOWN,"Franklin County Executive Committee, Place 3",,REP,Justine Baker,213
Franklin,CHURNTOWN,"Franklin County Executive Committee, Place 3",,REP,Joey Norton,75
Franklin,CHURNTOWN,"Franklin County Executive Committee, Place 4",,REP,Gage Baker,182
Franklin,CHURNTOWN,"Franklin County Executive Committee, Place 4",,REP,Lisa Carroll Norton,94
Franklin,CHURNTOWN,"Franklin County Executive Committee, Place 6",,REP,Hillary Malone Hall,122
Franklin,CHURNTOWN,"Franklin County Executive Committee, Place 6",,REP,Teresa Thorn Lawler,121
Franklin,CHURNTOWN,"Franklin County Executive Committee, Place 8",,REP,Brian Kevin Davis,142
Franklin,CHURNTOWN,"Franklin County Executive Committee, Place 8",,REP,Jarrett Hovater,120
Franklin,CHURNTOWN,Proposed Statewide Amendment 1,,,Yes,207
Franklin,CHURNTOWN,Proposed Statewide Amendment 1,,,No,25
Franklin,CHURNTOWN,Proposed Statewide Amendment 2,,,No,104
Franklin,NEWBURG,Governor,,DEM,Will Boyd,2
Franklin,NEWBURG,Governor,,DEM,Jamel J. Brown,0
Franklin,NEWBURG,Governor,,DEM,Yolanda Rochelle Flowers,2
Franklin,NEWBURG,Governor,,DEM,Doug Jones,25
Franklin,NEWBURG,Governor,,DEM,"Chad ""Chig"" Martin",0
Franklin,NEWBURG,Governor,,DEM,"Nathan ""Nate"" Mathis",1
Franklin,NEWBURG,Lieutenant Governor,,DEM,Phillip Ensler,12
Franklin,NEWBURG,Lieutenant Governor,,DEM,Darryl D. Perryman,16
Franklin,NEWBURG,U.S. Senate,,DEM,Dakarai Larriett,6
Franklin,NEWBURG,U.S. Senate,,DEM,Kyle Sweetser,3
Franklin,NEWBURG,U.S. Senate,,DEM,Everett Wess,13
Franklin,NEWBURG,U.S. Senate,,DEM,Mark S. Wheeler II,4
Franklin,NEWBURG,U.S. House,4,DEM,Amanda N. Pusczek,19
Franklin,NEWBURG,U.S. House,4,DEM,Shane Weaver,7
Franklin,NEWBURG,"Public Service Commissioner, Place 1",,DEM,James O. Gordon,14
Franklin,NEWBURG,Governor,,REP,Ken McFeeters,5
Franklin,NEWBURG,Governor,,REP,"""Alabama"" Will Santivasci",2
Franklin,NEWBURG,Governor,,REP,Thomas Tuberville,42
Franklin,NEWBURG,Lieutenant Governor,,REP,Wes Allen,22
Franklin,NEWBURG,Lieutenant Governor,,REP,Pat Bishop,1
Franklin,NEWBURG,Lieutenant Governor,,REP,George Childress,2
Franklin,NEWBURG,Lieutenant Governor,,REP,Rick Pate,3
Franklin,NEWBURG,Lieutenant Governor,,REP,Stewart Hill Tankersley,0
Franklin,NEWBURG,Lieutenant Governor,,REP,Nicole Jones Wadsworth,1
Franklin,NEWBURG,Lieutenant Governor,,REP,John Wahl,20
Franklin,NEWBURG,U.S. Senate,,REP,Seth Burton,0
Franklin,NEWBURG,U.S. Senate,,REP,Dale Shelton Deas Jr.,0
Franklin,NEWBURG,U.S. Senate,,REP,Jared Hudson,9
Franklin,NEWBURG,U.S. Senate,,REP,Steve Marshall,7
Franklin,NEWBURG,U.S. Senate,,REP,Barry Moore,26
Franklin,NEWBURG,U.S. Senate,,REP,Morgan Murphy,0
Franklin,NEWBURG,U.S. Senate,,REP,Rodney Walker,7
Franklin,NEWBURG,U.S. House,4,REP,Robert B. Aderholt,43
Franklin,NEWBURG,Attorney General,,REP,Pamela L. Casey,5
Franklin,NEWBURG,Attorney General,,REP,Jay Mitchell,22
Franklin,NEWBURG,Attorney General,,REP,Katherine Robertson,15
Franklin,NEWBURG,Secretary of State,,REP,Caroleene Dobson,24
Franklin,NEWBURG,Secretary of State,,REP,Christopher Christian Horn,10
Franklin,NEWBURG,Secretary of State,,REP,Glenda S. Jackson,12
Franklin,NEWBURG,State Treasurer,,REP,Young Boozer,26
Franklin,NEWBURG,State Treasurer,,REP,Steve Lolley,19
Franklin,NEWBURG,State Auditor,,REP,Derek Chen,6
Franklin,NEWBURG,State Auditor,,REP,Andrew Sorrell,42
Franklin,NEWBURG,Commissioner of Agriculture and Industries,,REP,Cory Hill,23
Franklin,NEWBURG,Commissioner of Agriculture and Industries,,REP,Christina Woerner McInnis,18
Franklin,NEWBURG,Commissioner of Agriculture and Industries,,REP,Jack Williams,5
Franklin,NEWBURG,"Public Service Commission, Place No. 1",,REP,Matt Gentry,34
Franklin,NEWBURG,"Public Service Commission, Place No. 1",,REP,Jeremy H. Oden,12
Franklin,NEWBURG,"Public Service Commission, Place No. 2",,REP,Priscilla Andrews,2
Franklin,NEWBURG,"Public Service Commission, Place No. 2",,REP,Chris Beeker,5
Franklin,NEWBURG,"Member, Franklin County Commission, District 1",,REP,Curtis Baker,8
Franklin,NEWBURG,"Member, Franklin County Commission, District 1",,REP,Jeffery D. Fleming,11
Franklin,NEWBURG,"Member, Franklin County Commission, District 1",,REP,Judson MIles Gaston,9
Franklin,NEWBURG,"Member, Franklin County Commission, District 1",,REP,Grayson Murray,17
Franklin,NEWBURG,"Member, Franklin County Commission, District 1",,REP,Joey Norton,3
Franklin,NEWBURG,Franklin County Sheriff,,REP,Shannon Oliver,43
Franklin,NEWBURG,Franklin County Sheriff,,REP,Brian Shackelford,8
Franklin,NEWBURG,Franklin County Coroner,,REP,Charles Adcox,16
Franklin,NEWBURG,Franklin County Coroner,,REP,Jeff Clark,29
Franklin,NEWBURG,"Republican State Executive Committee, Franklin County, Place 1",,REP,Kristy Baker Davis,16
Franklin,NEWBURG,"Republican State Executive Committee, Franklin County, Place 1",,REP,Hillary Malone Hall,30
Franklin,NEWBURG,"Franklin County Executive Committee, Place 3",,REP,Justine Baker,22
Franklin,NEWBURG,"Franklin County Executive Committee, Place 3",,REP,Joey Norton,21
Franklin,NEWBURG,"Franklin County Executive Committee, Place 4",,REP,Gage Baker,21
Franklin,NEWBURG,"Franklin County Executive Committee, Place 4",,REP,Lisa Carroll Norton,18
Franklin,NEWBURG,"Franklin County Executive Committee, Place 6",,REP,Hillary Malone Hall,22
Franklin,NEWBURG,"Franklin County Executive Committee, Place 6",,REP,Teresa Thorn Lawler,23
Franklin,NEWBURG,"Franklin County Executive Committee, Place 8",,REP,Brian Kevin Davis,9
Franklin,NEWBURG,"Franklin County Executive Committee, Place 8",,REP,Jarrett Hovater,35
Franklin,NEWBURG,Proposed Statewide Amendment 1,,,Yes,273
Franklin,NEWBURG,Proposed Statewide Amendment 1,,,No,20
Franklin,NEWBURG,Proposed Statewide Amendment 2,,,No,103
Franklin,ABSENTEE,Governor,,DEM,Will Boyd,5
Franklin,ABSENTEE,Governor,,DEM,Jamel J. Brown,0
Franklin,ABSENTEE,Governor,,DEM,Yolanda Rochelle Flowers,0
Franklin,ABSENTEE,Governor,,DEM,Doug Jones,5
Franklin,ABSENTEE,Governor,,DEM,"Chad ""Chig"" Martin",0
Franklin,ABSENTEE,Governor,,DEM,"Nathan ""Nate"" Mathis",1
Franklin,ABSENTEE,Lieutenant Governor,,DEM,Phillip Ensler,3
Franklin,ABSENTEE,Lieutenant Governor,,DEM,Darryl D. Perryman,7
Franklin,ABSENTEE,U.S. Senate,,DEM,Dakarai Larriett,2
Franklin,ABSENTEE,U.S. Senate,,DEM,Kyle Sweetser,2
Franklin,ABSENTEE,U.S. Senate,,DEM,Everett Wess,1
Franklin,ABSENTEE,U.S. Senate,,DEM,Mark S. Wheeler II,5
Franklin,ABSENTEE,U.S. House,4,DEM,Amanda N. Pusczek,1
Franklin,ABSENTEE,U.S. House,4,DEM,Shane Weaver,9
Franklin,ABSENTEE,"Public Service Commissioner, Place 1",,DEM,James O. Gordon,2
Franklin,ABSENTEE,Governor,,REP,Ken McFeeters,10
Franklin,ABSENTEE,Governor,,REP,"""Alabama"" Will Santivasci",2
Franklin,ABSENTEE,Governor,,REP,Thomas Tuberville,76
Franklin,ABSENTEE,Lieutenant Governor,,REP,Wes Allen,40
Franklin,ABSENTEE,Lieutenant Governor,,REP,Pat Bishop,5
Franklin,ABSENTEE,Lieutenant Governor,,REP,George Childress,2
Franklin,ABSENTEE,Lieutenant Governor,,REP,Rick Pate,6
Franklin,ABSENTEE,Lieutenant Governor,,REP,Stewart Hill Tankersley,3
Franklin,ABSENTEE,Lieutenant Governor,,REP,Nicole Jones Wadsworth,5
Franklin,ABSENTEE,Lieutenant Governor,,REP,John Wahl,23
Franklin,ABSENTEE,U.S. Senate,,REP,Seth Burton,2
Franklin,ABSENTEE,U.S. Senate,,REP,Dale Shelton Deas Jr.,2
Franklin,ABSENTEE,U.S. Senate,,REP,Jared Hudson,19
Franklin,ABSENTEE,U.S. Senate,,REP,Steve Marshall,20
Franklin,ABSENTEE,U.S. Senate,,REP,Barry Moore,36
Franklin,ABSENTEE,U.S. Senate,,REP,Morgan Murphy,1
Franklin,ABSENTEE,U.S. Senate,,REP,Rodney Walker,7
Franklin,ABSENTEE,U.S. House,4,REP,Robert B. Aderholt,78
Franklin,ABSENTEE,Attorney General,,REP,Pamela L. Casey,22
Franklin,ABSENTEE,Attorney General,,REP,Jay Mitchell,26
Franklin,ABSENTEE,Attorney General,,REP,Katherine Robertson,35
Franklin,ABSENTEE,Secretary of State,,REP,Caroleene Dobson,40
Franklin,ABSENTEE,Secretary of State,,REP,Christopher Christian Horn,12
Franklin,ABSENTEE,Secretary of State,,REP,Glenda S. Jackson,17
Franklin,ABSENTEE,State Treasurer,,REP,Young Boozer,33
Franklin,ABSENTEE,State Treasurer,,REP,Steve Lolley,43
Franklin,ABSENTEE,State Auditor,,REP,Derek Chen,25
Franklin,ABSENTEE,State Auditor,,REP,Andrew Sorrell,53
Franklin,ABSENTEE,Commissioner of Agriculture and Industries,,REP,Cory Hill,37
Franklin,ABSENTEE,Commissioner of Agriculture and Industries,,REP,Christina Woerner McInnis,8
Franklin,ABSENTEE,Commissioner of Agriculture and Industries,,REP,Jack Williams,27
Franklin,ABSENTEE,"Public Service Commission, Place No. 1",,REP,Matt Gentry,42
Franklin,ABSENTEE,"Public Service Commission, Place No. 1",,REP,Jeremy H. Oden,24
Franklin,ABSENTEE,"Public Service Commission, Place No. 2",,REP,Priscilla Andrews,14
Franklin,ABSENTEE,"Public Service Commission, Place No. 2",,REP,Chris Beeker,15
Franklin,ABSENTEE,"Member, Franklin County Commission, District 1",,REP,Curtis Baker,37
Franklin,ABSENTEE,"Member, Franklin County Commission, District 1",,REP,Jeffery D. Fleming,9
Franklin,ABSENTEE,"Member, Franklin County Commission, District 1",,REP,Judson MIles Gaston,1
Franklin,ABSENTEE,"Member, Franklin County Commission, District 1",,REP,Grayson Murray,33
Franklin,ABSENTEE,"Member, Franklin County Commission, District 1",,REP,Joey Norton,8
Franklin,ABSENTEE,Franklin County Sheriff,,REP,Shannon Oliver,72
Franklin,ABSENTEE,Franklin County Sheriff,,REP,Brian Shackelford,18
Franklin,ABSENTEE,Franklin County Coroner,,REP,Charles Adcox,23
Franklin,ABSENTEE,Franklin County Coroner,,REP,Jeff Clark,61
Franklin,ABSENTEE,"Republican State Executive Committee, Franklin County, Place 1",,REP,Kristy Baker Davis,46
Franklin,ABSENTEE,"Republican State Executive Committee, Franklin County, Place 1",,REP,Hillary Malone Hall,39
Franklin,ABSENTEE,"Franklin County Executive Committee, Place 3",,REP,Justine Baker,53
Franklin,ABSENTEE,"Franklin County Executive Committee, Place 3",,REP,Joey Norton,26
Franklin,ABSENTEE,"Franklin County Executive Committee, Place 4",,REP,Gage Baker,42
Franklin,ABSENTEE,"Franklin County Executive Committee, Place 4",,REP,Lisa Carroll Norton,27
Franklin,ABSENTEE,"Franklin County Executive Committee, Place 6",,REP,Hillary Malone Hall,40
Franklin,ABSENTEE,"Franklin County Executive Committee, Place 6",,REP,Teresa Thorn Lawler,38
Franklin,ABSENTEE,"Franklin County Executive Committee, Place 8",,REP,Brian Kevin Davis,26
Franklin,ABSENTEE,"Franklin County Executive Committee, Place 8",,REP,Jarrett Hovater,48
Franklin,ABSENTEE,Proposed Statewide Amendment 1,,,Yes,73
Franklin,ABSENTEE,Proposed Statewide Amendment 1,,,No,6
Franklin,ABSENTEE,Proposed Statewide Amendment 2,,,No,22
Franklin,PROVISIONAL,Governor,,DEM,Will Boyd,0
Franklin,PROVISIONAL,Governor,,DEM,Jamel J. Brown,0
Franklin,PROVISIONAL,Governor,,DEM,Yolanda Rochelle Flowers,0
Franklin,PROVISIONAL,Governor,,DEM,Doug Jones,0
Franklin,PROVISIONAL,Governor,,DEM,"Chad ""Chig"" Martin",0
Franklin,PROVISIONAL,Governor,,DEM,"Nathan ""Nate"" Mathis",0
Franklin,PROVISIONAL,Lieutenant Governor,,DEM,Phillip Ensler,0
Franklin,PROVISIONAL,Lieutenant Governor,,DEM,Darryl D. Perryman,0
Franklin,PROVISIONAL,U.S. Senate,,DEM,Dakarai Larriett,0
Franklin,PROVISIONAL,U.S. Senate,,DEM,Kyle Sweetser,0
Franklin,PROVISIONAL,U.S. Senate,,DEM,Everett Wess,0
Franklin,PROVISIONAL,U.S. Senate,,DEM,Mark S. Wheeler II,0
Franklin,PROVISIONAL,U.S. House,4,DEM,Amanda N. Pusczek,0
Franklin,PROVISIONAL,U.S. House,4,DEM,Shane Weaver,0
Franklin,PROVISIONAL,"Public Service Commissioner, Place 1",,DEM,James O. Gordon,0
Franklin,PROVISIONAL,Governor,,REP,Ken McFeeters,0
Franklin,PROVISIONAL,Governor,,REP,"""Alabama"" Will Santivasci",0
Franklin,PROVISIONAL,Governor,,REP,Thomas Tuberville,0
Franklin,PROVISIONAL,Lieutenant Governor,,REP,Wes Allen,0
Franklin,PROVISIONAL,Lieutenant Governor,,REP,Pat Bishop,0
Franklin,PROVISIONAL,Lieutenant Governor,,REP,George Childress,0
Franklin,PROVISIONAL,Lieutenant Governor,,REP,Rick Pate,0
Franklin,PROVISIONAL,Lieutenant Governor,,REP,Stewart Hill Tankersley,0
Franklin,PROVISIONAL,Lieutenant Governor,,REP,Nicole Jones Wadsworth,0
Franklin,PROVISIONAL,Lieutenant Governor,,REP,John Wahl,0
Franklin,PROVISIONAL,U.S. Senate,,REP,Seth Burton,0
Franklin,PROVISIONAL,U.S. Senate,,REP,Dale Shelton Deas Jr.,0
Franklin,PROVISIONAL,U.S. Senate,,REP,Jared Hudson,0
Franklin,PROVISIONAL,U.S. Senate,,REP,Steve Marshall,0
Franklin,PROVISIONAL,U.S. Senate,,REP,Barry Moore,0
Franklin,PROVISIONAL,U.S. Senate,,REP,Morgan Murphy,0
Franklin,PROVISIONAL,U.S. Senate,,REP,Rodney Walker,0
Franklin,PROVISIONAL,U.S. House,4,REP,Robert B. Aderholt,0
Franklin,PROVISIONAL,Attorney General,,REP,Pamela L. Casey,0
Franklin,PROVISIONAL,Attorney General,,REP,Jay Mitchell,0
Franklin,PROVISIONAL,Attorney General,,REP,Katherine Robertson,0
Franklin,PROVISIONAL,Secretary of State,,REP,Caroleene Dobson,0
Franklin,PROVISIONAL,Secretary of State,,REP,Christopher Christian Horn,0
Franklin,PROVISIONAL,Secretary of State,,REP,Glenda S. Jackson,0
Franklin,PROVISIONAL,State Treasurer,,REP,Young Boozer,0
Franklin,PROVISIONAL,State Treasurer,,REP,Steve Lolley,0
Franklin,PROVISIONAL,State Auditor,,REP,Derek Chen,0
Franklin,PROVISIONAL,State Auditor,,REP,Andrew Sorrell,0
Franklin,PROVISIONAL,Commissioner of Agriculture and Industries,,REP,Cory Hill,0
Franklin,PROVISIONAL,Commissioner of Agriculture and Industries,,REP,Christina Woerner McInnis,0
Franklin,PROVISIONAL,Commissioner of Agriculture and Industries,,REP,Jack Williams,0
Franklin,PROVISIONAL,"Public Service Commission, Place No. 1",,REP,Matt Gentry,0
Franklin,PROVISIONAL,"Public Service Commission, Place No. 1",,REP,Jeremy H. Oden,0
Franklin,PROVISIONAL,"Public Service Commission, Place No. 2",,REP,Priscilla Andrews,0
Franklin,PROVISIONAL,"Public Service Commission, Place No. 2",,REP,Chris Beeker,0
Franklin,PROVISIONAL,"Member, Franklin County Commission, District 1",,REP,Curtis Baker,0
Franklin,PROVISIONAL,"Member, Franklin County Commission, District 1",,REP,Jeffery D. Fleming,0
Franklin,PROVISIONAL,"Member, Franklin County Commission, District 1",,REP,Judson MIles Gaston,0
Franklin,PROVISIONAL,"Member, Franklin County Commission, District 1",,REP,Grayson Murray,0
Franklin,PROVISIONAL,"Member, Franklin County Commission, District 1",,REP,Joey Norton,0
Franklin,PROVISIONAL,Franklin County Sheriff,,REP,Shannon Oliver,0
Franklin,PROVISIONAL,Franklin County Sheriff,,REP,Brian Shackelford,0
Franklin,PROVISIONAL,Franklin County Coroner,,REP,Charles Adcox,0
Franklin,PROVISIONAL,Franklin County Coroner,,REP,Jeff Clark,0
Franklin,PROVISIONAL,"Republican State Executive Committee, Franklin County, Place 1",,REP,Kristy Baker Davis,0
Franklin,PROVISIONAL,"Republican State Executive Committee, Franklin County, Place 1",,REP,Hillary Malone Hall,0
Franklin,PROVISIONAL,"Franklin County Executive Committee, Place 3",,REP,Justine Baker,0
Franklin,PROVISIONAL,"Franklin County Executive Committee, Place 3",,REP,Joey Norton,0
Franklin,PROVISIONAL,"Franklin County Executive Committee, Place 4",,REP,Gage Baker,0
Franklin,PROVISIONAL,"Franklin County Executive Committee, Place 4",,REP,Lisa Carroll Norton,0
Franklin,PROVISIONAL,"Franklin County Executive Committee, Place 6",,REP,Hillary Malone Hall,0
Franklin,PROVISIONAL,"Franklin County Executive Committee, Place 6",,REP,Teresa Thorn Lawler,0
Franklin,PROVISIONAL,"Franklin County Executive Committee, Place 8",,REP,Brian Kevin Davis,0
Franklin,PROVISIONAL,"Franklin County Executive Committee, Place 8",,REP,Jarrett Hovater,0
Franklin,PROVISIONAL,Proposed Statewide Amendment 1,,,Yes,70
Franklin,PROVISIONAL,Proposed Statewide Amendment 1,,,No,11
Franklin,PROVISIONAL,Proposed Statewide Amendment 2,,,No,23
