county,precinct,office,district,party,candidate,votes
Madison,0001 AL A&M ELMORE GYM,Governor,,DEM,"Chad ""Chig"" Martin",3
Madison,0001 AL A&M ELMORE GYM,Governor,,DEM,Doug Jones,204
Madison,0001 AL A&M ELMORE GYM,Governor,,DEM,Jamel J. Brown,15
Madison,0001 AL A&M ELMORE GYM,Governor,,DEM,"Nathan ""Nate"" Mathis",2
Madison,0001 AL A&M ELMORE GYM,Governor,,DEM,Will Boyd,44
Madison,0001 AL A&M ELMORE GYM,Governor,,DEM,Yolanda Rochelle Flowers,32
Madison,0001 AL A&M ELMORE GYM,Lieutenant Governor,,DEM,Darryl D. Perryman,140
Madison,0001 AL A&M ELMORE GYM,Lieutenant Governor,,DEM,Phillip Ensler,146
Madison,0001 AL A&M ELMORE GYM,U.S. House,5,DEM,Andrew Sneed,115
Madison,0001 AL A&M ELMORE GYM,U.S. House,5,DEM,Candice Dollar Duvieilh,110
Madison,0001 AL A&M ELMORE GYM,U.S. House,5,DEM,Jeremy Devito,65
Madison,0001 AL A&M ELMORE GYM,"District Court Judge, Madison County, Place No. 1",,REP,Michael Tewalt,12
Madison,0001 AL A&M ELMORE GYM,"District Court Judge, Madison County, Place No. 1",,REP,Tim Douthit,17
Madison,0001 AL A&M ELMORE GYM,"Districts 4 & 6, Place No. 2",,REP,Shannon Dempsey,10
Madison,0001 AL A&M ELMORE GYM,"Districts 4 & 6, Place No. 2",,REP,Sydney Dean,16
Madison,0001 AL A&M ELMORE GYM,Lieutenant Governor,,REP,George Childress,4
Madison,0001 AL A&M ELMORE GYM,Lieutenant Governor,,REP,John Wahl,11
Madison,0001 AL A&M ELMORE GYM,Lieutenant Governor,,REP,Nicole Jones Wadsworth,3
Madison,0001 AL A&M ELMORE GYM,Lieutenant Governor,,REP,Pat Bishop,2
Madison,0001 AL A&M ELMORE GYM,Lieutenant Governor,,REP,Rick Pate,1
Madison,0001 AL A&M ELMORE GYM,Lieutenant Governor,,REP,Stewart Hill Tankersley,1
Madison,0001 AL A&M ELMORE GYM,Lieutenant Governor,,REP,Wes Allen,9
Madison,0001 AL A&M ELMORE GYM,"Public Service Commission, Place No. 1",,REP,Jeremy H. Oden,15
Madison,0001 AL A&M ELMORE GYM,"Public Service Commission, Place No. 1",,REP,Matt Gentry,14
Madison,0001 AL A&M ELMORE GYM,"Public Service Commission, Place No. 2",,REP,Brent Woodall,5
Madison,0001 AL A&M ELMORE GYM,"Public Service Commission, Place No. 2",,REP,Chris Beeker,4
Madison,0001 AL A&M ELMORE GYM,"Public Service Commission, Place No. 2",,REP,Jim Zig Zeigler,16
Madison,0001 AL A&M ELMORE GYM,"Public Service Commission, Place No. 2",,REP,Priscilla Andrews,6
Madison,0001 AL A&M ELMORE GYM,State Auditor,,REP,Andrew Sorrell,20
Madison,0001 AL A&M ELMORE GYM,State Auditor,,REP,Derek Chen,10
Madison,0001 AL A&M ELMORE GYM,State Treasurer,,REP,Steve Lolley,13
Madison,0001 AL A&M ELMORE GYM,State Treasurer,,REP,Young Boozer,19
Madison,0001 AL A&M ELMORE GYM,U.S. Senate,,REP,Barry Moore,6
Madison,0001 AL A&M ELMORE GYM,U.S. Senate,,REP,Dale Shelton Deas Jr.,5
Madison,0001 AL A&M ELMORE GYM,U.S. Senate,,REP,Jared Hudson,9
Madison,0001 AL A&M ELMORE GYM,U.S. Senate,,REP,Morgan Murphy,2
Madison,0001 AL A&M ELMORE GYM,U.S. Senate,,REP,Rodney Walker,1
Madison,0001 AL A&M ELMORE GYM,U.S. Senate,,REP,Seth Burton,0
Madison,0001 AL A&M ELMORE GYM,U.S. Senate,,REP,Steve Marshall,8
Madison,0002 LINCOLN CH OF CHRIST,Governor,,DEM,"Chad ""Chig"" Martin",6
Madison,0002 LINCOLN CH OF CHRIST,Governor,,DEM,Doug Jones,100
Madison,0002 LINCOLN CH OF CHRIST,Governor,,DEM,Jamel J. Brown,3
Madison,0002 LINCOLN CH OF CHRIST,Governor,,DEM,"Nathan ""Nate"" Mathis",1
Madison,0002 LINCOLN CH OF CHRIST,Governor,,DEM,Will Boyd,6
Madison,0002 LINCOLN CH OF CHRIST,Governor,,DEM,Yolanda Rochelle Flowers,10
Madison,0002 LINCOLN CH OF CHRIST,Lieutenant Governor,,DEM,Darryl D. Perryman,49
Madison,0002 LINCOLN CH OF CHRIST,Lieutenant Governor,,DEM,Phillip Ensler,69
Madison,0002 LINCOLN CH OF CHRIST,U.S. House,5,DEM,Andrew Sneed,47
Madison,0002 LINCOLN CH OF CHRIST,U.S. House,5,DEM,Candice Dollar Duvieilh,42
Madison,0002 LINCOLN CH OF CHRIST,U.S. House,5,DEM,Jeremy Devito,31
Madison,0002 LINCOLN CH OF CHRIST,"District Court Judge, Madison County, Place No. 1",,REP,Michael Tewalt,9
Madison,0002 LINCOLN CH OF CHRIST,"District Court Judge, Madison County, Place No. 1",,REP,Tim Douthit,12
Madison,0002 LINCOLN CH OF CHRIST,"Districts 4 & 6, Place No. 2",,REP,Shannon Dempsey,12
Madison,0002 LINCOLN CH OF CHRIST,"Districts 4 & 6, Place No. 2",,REP,Sydney Dean,7
Madison,0002 LINCOLN CH OF CHRIST,Lieutenant Governor,,REP,George Childress,0
Madison,0002 LINCOLN CH OF CHRIST,Lieutenant Governor,,REP,John Wahl,11
Madison,0002 LINCOLN CH OF CHRIST,Lieutenant Governor,,REP,Nicole Jones Wadsworth,2
Madison,0002 LINCOLN CH OF CHRIST,Lieutenant Governor,,REP,Pat Bishop,0
Madison,0002 LINCOLN CH OF CHRIST,Lieutenant Governor,,REP,Rick Pate,1
Madison,0002 LINCOLN CH OF CHRIST,Lieutenant Governor,,REP,Stewart Hill Tankersley,2
Madison,0002 LINCOLN CH OF CHRIST,Lieutenant Governor,,REP,Wes Allen,7
Madison,0002 LINCOLN CH OF CHRIST,"Public Service Commission, Place No. 1",,REP,Jeremy H. Oden,7
Madison,0002 LINCOLN CH OF CHRIST,"Public Service Commission, Place No. 1",,REP,Matt Gentry,13
Madison,0002 LINCOLN CH OF CHRIST,"Public Service Commission, Place No. 2",,REP,Brent Woodall,2
Madison,0002 LINCOLN CH OF CHRIST,"Public Service Commission, Place No. 2",,REP,Chris Beeker,4
Madison,0002 LINCOLN CH OF CHRIST,"Public Service Commission, Place No. 2",,REP,Jim Zig Zeigler,12
Madison,0002 LINCOLN CH OF CHRIST,"Public Service Commission, Place No. 2",,REP,Priscilla Andrews,2
Madison,0002 LINCOLN CH OF CHRIST,State Auditor,,REP,Andrew Sorrell,15
Madison,0002 LINCOLN CH OF CHRIST,State Auditor,,REP,Derek Chen,8
Madison,0002 LINCOLN CH OF CHRIST,State Treasurer,,REP,Steve Lolley,8
Madison,0002 LINCOLN CH OF CHRIST,State Treasurer,,REP,Young Boozer,15
Madison,0002 LINCOLN CH OF CHRIST,U.S. Senate,,REP,Barry Moore,14
Madison,0002 LINCOLN CH OF CHRIST,U.S. Senate,,REP,Dale Shelton Deas Jr.,0
Madison,0002 LINCOLN CH OF CHRIST,U.S. Senate,,REP,Jared Hudson,3
Madison,0002 LINCOLN CH OF CHRIST,U.S. Senate,,REP,Morgan Murphy,0
Madison,0002 LINCOLN CH OF CHRIST,U.S. Senate,,REP,Rodney Walker,2
Madison,0002 LINCOLN CH OF CHRIST,U.S. Senate,,REP,Seth Burton,0
Madison,0002 LINCOLN CH OF CHRIST,U.S. Senate,,REP,Steve Marshall,4
Madison,0003 JACKSON WAY BAPT CH,Governor,,DEM,"Chad ""Chig"" Martin",13
Madison,0003 JACKSON WAY BAPT CH,Governor,,DEM,Doug Jones,341
Madison,0003 JACKSON WAY BAPT CH,Governor,,DEM,Jamel J. Brown,7
Madison,0003 JACKSON WAY BAPT CH,Governor,,DEM,"Nathan ""Nate"" Mathis",0
Madison,0003 JACKSON WAY BAPT CH,Governor,,DEM,Will Boyd,37
Madison,0003 JACKSON WAY BAPT CH,Governor,,DEM,Yolanda Rochelle Flowers,18
Madison,0003 JACKSON WAY BAPT CH,Lieutenant Governor,,DEM,Darryl D. Perryman,88
Madison,0003 JACKSON WAY BAPT CH,Lieutenant Governor,,DEM,Phillip Ensler,275
Madison,0003 JACKSON WAY BAPT CH,Madison County Democratic Executive Committee (Male) District No. 1,,DEM,Landon Britton,135
Madison,0003 JACKSON WAY BAPT CH,Madison County Democratic Executive Committee (Male) District No. 1,,DEM,William Heath Brooks,122
Madison,0003 JACKSON WAY BAPT CH,Madison County Democratic Executive Committee (Male) District No. 1,,DEM,Hoban Carney,80
Madison,0003 JACKSON WAY BAPT CH,Madison County Democratic Executive Committee (Male) District No. 1,,DEM,Thomas Casez,109
Madison,0003 JACKSON WAY BAPT CH,State Democratic Executive Committee,,DEM,Forrest Satterfield,174
Madison,0003 JACKSON WAY BAPT CH,State Democratic Executive Committee,,DEM,Jason M. Jones,148
Madison,0003 JACKSON WAY BAPT CH,U.S. House,5,DEM,Andrew Sneed,247
Madison,0003 JACKSON WAY BAPT CH,U.S. House,5,DEM,Candice Dollar Duvieilh,84
Madison,0003 JACKSON WAY BAPT CH,U.S. House,5,DEM,Jeremy Devito,71
Madison,0003 JACKSON WAY BAPT CH,"District Court Judge, Madison County, Place No. 1",,REP,Michael Tewalt,85
Madison,0003 JACKSON WAY BAPT CH,"District Court Judge, Madison County, Place No. 1",,REP,Tim Douthit,136
Madison,0003 JACKSON WAY BAPT CH,Lieutenant Governor,,REP,George Childress,10
Madison,0003 JACKSON WAY BAPT CH,Lieutenant Governor,,REP,John Wahl,80
Madison,0003 JACKSON WAY BAPT CH,Lieutenant Governor,,REP,Nicole Jones Wadsworth,29
Madison,0003 JACKSON WAY BAPT CH,Lieutenant Governor,,REP,Pat Bishop,12
Madison,0003 JACKSON WAY BAPT CH,Lieutenant Governor,,REP,Rick Pate,10
Madison,0003 JACKSON WAY BAPT CH,Lieutenant Governor,,REP,Stewart Hill Tankersley,12
Madison,0003 JACKSON WAY BAPT CH,Lieutenant Governor,,REP,Wes Allen,82
Madison,0003 JACKSON WAY BAPT CH,"Public Service Commission, Place No. 1",,REP,Jeremy H. Oden,89
Madison,0003 JACKSON WAY BAPT CH,"Public Service Commission, Place No. 1",,REP,Matt Gentry,125
Madison,0003 JACKSON WAY BAPT CH,"Public Service Commission, Place No. 2",,REP,Brent Woodall,38
Madison,0003 JACKSON WAY BAPT CH,"Public Service Commission, Place No. 2",,REP,Chris Beeker,41
Madison,0003 JACKSON WAY BAPT CH,"Public Service Commission, Place No. 2",,REP,Jim Zig Zeigler,103
Madison,0003 JACKSON WAY BAPT CH,"Public Service Commission, Place No. 2",,REP,Priscilla Andrews,34
Madison,0003 JACKSON WAY BAPT CH,State Auditor,,REP,Andrew Sorrell,154
Madison,0003 JACKSON WAY BAPT CH,State Auditor,,REP,Derek Chen,64
Madison,0003 JACKSON WAY BAPT CH,"State Republican Executive Committee, District 1, Place 1",,REP,Gerald Alvis,63
Madison,0003 JACKSON WAY BAPT CH,"State Republican Executive Committee, District 1, Place 1",,REP,Walt Hennessee,113
Madison,0003 JACKSON WAY BAPT CH,State Treasurer,,REP,Steve Lolley,75
Madison,0003 JACKSON WAY BAPT CH,State Treasurer,,REP,Young Boozer,149
Madison,0003 JACKSON WAY BAPT CH,U.S. Senate,,REP,Barry Moore,70
Madison,0003 JACKSON WAY BAPT CH,U.S. Senate,,REP,Dale Shelton Deas Jr.,12
Madison,0003 JACKSON WAY BAPT CH,U.S. Senate,,REP,Jared Hudson,54
Madison,0003 JACKSON WAY BAPT CH,U.S. Senate,,REP,Morgan Murphy,6
Madison,0003 JACKSON WAY BAPT CH,U.S. Senate,,REP,Rodney Walker,15
Madison,0003 JACKSON WAY BAPT CH,U.S. Senate,,REP,Seth Burton,17
Madison,0003 JACKSON WAY BAPT CH,U.S. Senate,,REP,Steve Marshall,61
Madison,0004 FIRST BAPT CH,Governor,,DEM,"Chad ""Chig"" Martin",7
Madison,0004 FIRST BAPT CH,Governor,,DEM,Doug Jones,559
Madison,0004 FIRST BAPT CH,Governor,,DEM,Jamel J. Brown,5
Madison,0004 FIRST BAPT CH,Governor,,DEM,"Nathan ""Nate"" Mathis",3
Madison,0004 FIRST BAPT CH,Governor,,DEM,Will Boyd,50
Madison,0004 FIRST BAPT CH,Governor,,DEM,Yolanda Rochelle Flowers,17
Madison,0004 FIRST BAPT CH,Lieutenant Governor,,DEM,Darryl D. Perryman,124
Madison,0004 FIRST BAPT CH,Lieutenant Governor,,DEM,Phillip Ensler,417
Madison,0004 FIRST BAPT CH,Madison County Democratic Executive Committee (Male) District No. 1,,DEM,Landon Britton,168
Madison,0004 FIRST BAPT CH,Madison County Democratic Executive Committee (Male) District No. 1,,DEM,William Heath Brooks,218
Madison,0004 FIRST BAPT CH,Madison County Democratic Executive Committee (Male) District No. 1,,DEM,Hoban Carney,109
Madison,0004 FIRST BAPT CH,Madison County Democratic Executive Committee (Male) District No. 1,,DEM,Thomas Casez,149
Madison,0004 FIRST BAPT CH,State Democratic Executive Committee,,DEM,Forrest Satterfield,255
Madison,0004 FIRST BAPT CH,State Democratic Executive Committee,,DEM,Jason M. Jones,208
Madison,0004 FIRST BAPT CH,U.S. House,5,DEM,Andrew Sneed,466
Madison,0004 FIRST BAPT CH,U.S. House,5,DEM,Candice Dollar Duvieilh,85
Madison,0004 FIRST BAPT CH,U.S. House,5,DEM,Jeremy Devito,80
Madison,0004 FIRST BAPT CH,"District Court Judge, Madison County, Place No. 1",,REP,Michael Tewalt,150
Madison,0004 FIRST BAPT CH,"District Court Judge, Madison County, Place No. 1",,REP,Tim Douthit,322
Madison,0004 FIRST BAPT CH,Lieutenant Governor,,REP,George Childress,12
Madison,0004 FIRST BAPT CH,Lieutenant Governor,,REP,John Wahl,194
Madison,0004 FIRST BAPT CH,Lieutenant Governor,,REP,Nicole Jones Wadsworth,49
Madison,0004 FIRST BAPT CH,Lieutenant Governor,,REP,Pat Bishop,21
Madison,0004 FIRST BAPT CH,Lieutenant Governor,,REP,Rick Pate,30
Madison,0004 FIRST BAPT CH,Lieutenant Governor,,REP,Stewart Hill Tankersley,26
Madison,0004 FIRST BAPT CH,Lieutenant Governor,,REP,Wes Allen,178
Madison,0004 FIRST BAPT CH,"Public Service Commission, Place No. 1",,REP,Jeremy H. Oden,133
Madison,0004 FIRST BAPT CH,"Public Service Commission, Place No. 1",,REP,Matt Gentry,281
Madison,0004 FIRST BAPT CH,"Public Service Commission, Place No. 2",,REP,Brent Woodall,91
Madison,0004 FIRST BAPT CH,"Public Service Commission, Place No. 2",,REP,Chris Beeker,101
Madison,0004 FIRST BAPT CH,"Public Service Commission, Place No. 2",,REP,Jim Zig Zeigler,177
Madison,0004 FIRST BAPT CH,"Public Service Commission, Place No. 2",,REP,Priscilla Andrews,59
Madison,0004 FIRST BAPT CH,State Auditor,,REP,Andrew Sorrell,316
Madison,0004 FIRST BAPT CH,State Auditor,,REP,Derek Chen,138
Madison,0004 FIRST BAPT CH,"State Republican Executive Committee, District 1, Place 1",,REP,Gerald Alvis,107
Madison,0004 FIRST BAPT CH,"State Republican Executive Committee, District 1, Place 1",,REP,Walt Hennessee,221
Madison,0004 FIRST BAPT CH,State Treasurer,,REP,Steve Lolley,130
Madison,0004 FIRST BAPT CH,State Treasurer,,REP,Young Boozer,355
Madison,0004 FIRST BAPT CH,U.S. Senate,,REP,Barry Moore,152
Madison,0004 FIRST BAPT CH,U.S. Senate,,REP,Dale Shelton Deas Jr.,19
Madison,0004 FIRST BAPT CH,U.S. Senate,,REP,Jared Hudson,113
Madison,0004 FIRST BAPT CH,U.S. Senate,,REP,Morgan Murphy,3
Madison,0004 FIRST BAPT CH,U.S. Senate,,REP,Rodney Walker,15
Madison,0004 FIRST BAPT CH,U.S. Senate,,REP,Seth Burton,89
Madison,0004 FIRST BAPT CH,U.S. Senate,,REP,Steve Marshall,130
Madison,0005 OPTIMIST PRK REC CTR,Governor,,DEM,"Chad ""Chig"" Martin",12
Madison,0005 OPTIMIST PRK REC CTR,Governor,,DEM,Doug Jones,368
Madison,0005 OPTIMIST PRK REC CTR,Governor,,DEM,Jamel J. Brown,4
Madison,0005 OPTIMIST PRK REC CTR,Governor,,DEM,"Nathan ""Nate"" Mathis",3
Madison,0005 OPTIMIST PRK REC CTR,Governor,,DEM,Will Boyd,31
Madison,0005 OPTIMIST PRK REC CTR,Governor,,DEM,Yolanda Rochelle Flowers,23
Madison,0005 OPTIMIST PRK REC CTR,Lieutenant Governor,,DEM,Darryl D. Perryman,103
Madison,0005 OPTIMIST PRK REC CTR,Lieutenant Governor,,DEM,Phillip Ensler,284
Madison,0005 OPTIMIST PRK REC CTR,Madison County Democratic Executive Committee (Male) District No. 1,,DEM,Landon Britton,161
Madison,0005 OPTIMIST PRK REC CTR,Madison County Democratic Executive Committee (Male) District No. 1,,DEM,William Heath Brooks,136
Madison,0005 OPTIMIST PRK REC CTR,Madison County Democratic Executive Committee (Male) District No. 1,,DEM,Hoban Carney,81
Madison,0005 OPTIMIST PRK REC CTR,Madison County Democratic Executive Committee (Male) District No. 1,,DEM,Thomas Casez,113
Madison,0005 OPTIMIST PRK REC CTR,State Democratic Executive Committee,,DEM,Forrest Satterfield,199
Madison,0005 OPTIMIST PRK REC CTR,State Democratic Executive Committee,,DEM,Jason M. Jones,157
Madison,0005 OPTIMIST PRK REC CTR,U.S. House,5,DEM,Andrew Sneed,249
Madison,0005 OPTIMIST PRK REC CTR,U.S. House,5,DEM,Candice Dollar Duvieilh,100
Madison,0005 OPTIMIST PRK REC CTR,U.S. House,5,DEM,Jeremy Devito,82
Madison,0005 OPTIMIST PRK REC CTR,"District Court Judge, Madison County, Place No. 1",,REP,Michael Tewalt,107
Madison,0005 OPTIMIST PRK REC CTR,"District Court Judge, Madison County, Place No. 1",,REP,Tim Douthit,254
Madison,0005 OPTIMIST PRK REC CTR,Lieutenant Governor,,REP,George Childress,12
Madison,0005 OPTIMIST PRK REC CTR,Lieutenant Governor,,REP,John Wahl,149
Madison,0005 OPTIMIST PRK REC CTR,Lieutenant Governor,,REP,Nicole Jones Wadsworth,45
Madison,0005 OPTIMIST PRK REC CTR,Lieutenant Governor,,REP,Pat Bishop,19
Madison,0005 OPTIMIST PRK REC CTR,Lieutenant Governor,,REP,Rick Pate,17
Madison,0005 OPTIMIST PRK REC CTR,Lieutenant Governor,,REP,Stewart Hill Tankersley,6
Madison,0005 OPTIMIST PRK REC CTR,Lieutenant Governor,,REP,Wes Allen,140
Madison,0005 OPTIMIST PRK REC CTR,"Public Service Commission, Place No. 1",,REP,Jeremy H. Oden,116
Madison,0005 OPTIMIST PRK REC CTR,"Public Service Commission, Place No. 1",,REP,Matt Gentry,212
Madison,0005 OPTIMIST PRK REC CTR,"Public Service Commission, Place No. 2",,REP,Brent Woodall,42
Madison,0005 OPTIMIST PRK REC CTR,"Public Service Commission, Place No. 2",,REP,Chris Beeker,97
Madison,0005 OPTIMIST PRK REC CTR,"Public Service Commission, Place No. 2",,REP,Jim Zig Zeigler,147
Madison,0005 OPTIMIST PRK REC CTR,"Public Service Commission, Place No. 2",,REP,Priscilla Andrews,57
Madison,0005 OPTIMIST PRK REC CTR,State Auditor,,REP,Andrew Sorrell,241
Madison,0005 OPTIMIST PRK REC CTR,State Auditor,,REP,Derek Chen,114
Madison,0005 OPTIMIST PRK REC CTR,"State Republican Executive Committee, District 1, Place 1",,REP,Gerald Alvis,84
Madison,0005 OPTIMIST PRK REC CTR,"State Republican Executive Committee, District 1, Place 1",,REP,Walt Hennessee,192
Madison,0005 OPTIMIST PRK REC CTR,State Treasurer,,REP,Steve Lolley,92
Madison,0005 OPTIMIST PRK REC CTR,State Treasurer,,REP,Young Boozer,273
Madison,0005 OPTIMIST PRK REC CTR,U.S. Senate,,REP,Barry Moore,143
Madison,0005 OPTIMIST PRK REC CTR,U.S. Senate,,REP,Dale Shelton Deas Jr.,19
Madison,0005 OPTIMIST PRK REC CTR,U.S. Senate,,REP,Jared Hudson,83
Madison,0005 OPTIMIST PRK REC CTR,U.S. Senate,,REP,Morgan Murphy,4
Madison,0005 OPTIMIST PRK REC CTR,U.S. Senate,,REP,Rodney Walker,13
Madison,0005 OPTIMIST PRK REC CTR,U.S. Senate,,REP,Seth Burton,29
Madison,0005 OPTIMIST PRK REC CTR,U.S. Senate,,REP,Steve Marshall,104
Madison,0006 HOPE VALLEY BIBLE CH,Governor,,DEM,"Chad ""Chig"" Martin",3
Madison,0006 HOPE VALLEY BIBLE CH,Governor,,DEM,Doug Jones,214
Madison,0006 HOPE VALLEY BIBLE CH,Governor,,DEM,Jamel J. Brown,3
Madison,0006 HOPE VALLEY BIBLE CH,Governor,,DEM,"Nathan ""Nate"" Mathis",5
Madison,0006 HOPE VALLEY BIBLE CH,Governor,,DEM,Will Boyd,30
Madison,0006 HOPE VALLEY BIBLE CH,Governor,,DEM,Yolanda Rochelle Flowers,14
Madison,0006 HOPE VALLEY BIBLE CH,Lieutenant Governor,,DEM,Darryl D. Perryman,100
Madison,0006 HOPE VALLEY BIBLE CH,Lieutenant Governor,,DEM,Phillip Ensler,153
Madison,0006 HOPE VALLEY BIBLE CH,State Democratic Executive Committee,,DEM,Forrest Satterfield,109
Madison,0006 HOPE VALLEY BIBLE CH,State Democratic Executive Committee,,DEM,Jason M. Jones,126
Madison,0006 HOPE VALLEY BIBLE CH,U.S. House,5,DEM,Andrew Sneed,102
Madison,0006 HOPE VALLEY BIBLE CH,U.S. House,5,DEM,Candice Dollar Duvieilh,89
Madison,0006 HOPE VALLEY BIBLE CH,U.S. House,5,DEM,Jeremy Devito,71
Madison,0006 HOPE VALLEY BIBLE CH,"District Court Judge, Madison County, Place No. 1",,REP,Michael Tewalt,110
Madison,0006 HOPE VALLEY BIBLE CH,"District Court Judge, Madison County, Place No. 1",,REP,Tim Douthit,113
Madison,0006 HOPE VALLEY BIBLE CH,Lieutenant Governor,,REP,George Childress,3
Madison,0006 HOPE VALLEY BIBLE CH,Lieutenant Governor,,REP,John Wahl,125
Madison,0006 HOPE VALLEY BIBLE CH,Lieutenant Governor,,REP,Nicole Jones Wadsworth,22
Madison,0006 HOPE VALLEY BIBLE CH,Lieutenant Governor,,REP,Pat Bishop,9
Madison,0006 HOPE VALLEY BIBLE CH,Lieutenant Governor,,REP,Rick Pate,12
Madison,0006 HOPE VALLEY BIBLE CH,Lieutenant Governor,,REP,Stewart Hill Tankersley,3
Madison,0006 HOPE VALLEY BIBLE CH,Lieutenant Governor,,REP,Wes Allen,73
Madison,0006 HOPE VALLEY BIBLE CH,"Madison County Republican Executive Committee, District 3, Place 2",,REP,Bree Willbourn,84
Madison,0006 HOPE VALLEY BIBLE CH,"Madison County Republican Executive Committee, District 3, Place 2",,REP,Keith Kizer,100
Madison,0006 HOPE VALLEY BIBLE CH,"Public Service Commission, Place No. 1",,REP,Jeremy H. Oden,68
Madison,0006 HOPE VALLEY BIBLE CH,"Public Service Commission, Place No. 1",,REP,Matt Gentry,149
Madison,0006 HOPE VALLEY BIBLE CH,"Public Service Commission, Place No. 2",,REP,Brent Woodall,36
Madison,0006 HOPE VALLEY BIBLE CH,"Public Service Commission, Place No. 2",,REP,Chris Beeker,54
Madison,0006 HOPE VALLEY BIBLE CH,"Public Service Commission, Place No. 2",,REP,Jim Zig Zeigler,102
Madison,0006 HOPE VALLEY BIBLE CH,"Public Service Commission, Place No. 2",,REP,Priscilla Andrews,26
Madison,0006 HOPE VALLEY BIBLE CH,State Auditor,,REP,Andrew Sorrell,158
Madison,0006 HOPE VALLEY BIBLE CH,State Auditor,,REP,Derek Chen,71
Madison,0006 HOPE VALLEY BIBLE CH,"State Republican Executive Committee, District 3, Place 3",,REP,Brad Taylor,111
Madison,0006 HOPE VALLEY BIBLE CH,"State Republican Executive Committee, District 3, Place 3",,REP,Stephanie A Miles,70
Madison,0006 HOPE VALLEY BIBLE CH,State Treasurer,,REP,Steve Lolley,66
Madison,0006 HOPE VALLEY BIBLE CH,State Treasurer,,REP,Young Boozer,165
Madison,0006 HOPE VALLEY BIBLE CH,U.S. Senate,,REP,Barry Moore,87
Madison,0006 HOPE VALLEY BIBLE CH,U.S. Senate,,REP,Dale Shelton Deas Jr.,7
Madison,0006 HOPE VALLEY BIBLE CH,U.S. Senate,,REP,Jared Hudson,68
Madison,0006 HOPE VALLEY BIBLE CH,U.S. Senate,,REP,Morgan Murphy,5
Madison,0006 HOPE VALLEY BIBLE CH,U.S. Senate,,REP,Rodney Walker,14
Madison,0006 HOPE VALLEY BIBLE CH,U.S. Senate,,REP,Seth Burton,16
Madison,0006 HOPE VALLEY BIBLE CH,U.S. Senate,,REP,Steve Marshall,51
Madison,0007 CHASE PARK CH OF CHR,Governor,,DEM,"Chad ""Chig"" Martin",13
Madison,0007 CHASE PARK CH OF CHR,Governor,,DEM,Doug Jones,794
Madison,0007 CHASE PARK CH OF CHR,Governor,,DEM,Jamel J. Brown,14
Madison,0007 CHASE PARK CH OF CHR,Governor,,DEM,"Nathan ""Nate"" Mathis",5
Madison,0007 CHASE PARK CH OF CHR,Governor,,DEM,Will Boyd,96
Madison,0007 CHASE PARK CH OF CHR,Governor,,DEM,Yolanda Rochelle Flowers,54
Madison,0007 CHASE PARK CH OF CHR,Lieutenant Governor,,DEM,Darryl D. Perryman,344
Madison,0007 CHASE PARK CH OF CHR,Lieutenant Governor,,DEM,Phillip Ensler,583
Madison,0007 CHASE PARK CH OF CHR,Madison County Democratic Executive Committee (Male) District No. 1,,DEM,Landon Britton,365
Madison,0007 CHASE PARK CH OF CHR,Madison County Democratic Executive Committee (Male) District No. 1,,DEM,William Heath Brooks,366
Madison,0007 CHASE PARK CH OF CHR,Madison County Democratic Executive Committee (Male) District No. 1,,DEM,Hoban Carney,248
Madison,0007 CHASE PARK CH OF CHR,Madison County Democratic Executive Committee (Male) District No. 1,,DEM,Thomas Casez,257
Madison,0007 CHASE PARK CH OF CHR,State Democratic Executive Committee,,DEM,Forrest Satterfield,258
Madison,0007 CHASE PARK CH OF CHR,State Democratic Executive Committee,,DEM,Jason M. Jones,640
Madison,0007 CHASE PARK CH OF CHR,U.S. House,5,DEM,Andrew Sneed,402
Madison,0007 CHASE PARK CH OF CHR,U.S. House,5,DEM,Candice Dollar Duvieilh,354
Madison,0007 CHASE PARK CH OF CHR,U.S. House,5,DEM,Jeremy Devito,179
Madison,0007 CHASE PARK CH OF CHR,"District Court Judge, Madison County, Place No. 1",,REP,Michael Tewalt,374
Madison,0007 CHASE PARK CH OF CHR,"District Court Judge, Madison County, Place No. 1",,REP,Tim Douthit,426
Madison,0007 CHASE PARK CH OF CHR,Lieutenant Governor,,REP,George Childress,24
Madison,0007 CHASE PARK CH OF CHR,Lieutenant Governor,,REP,John Wahl,406
Madison,0007 CHASE PARK CH OF CHR,Lieutenant Governor,,REP,Nicole Jones Wadsworth,47
Madison,0007 CHASE PARK CH OF CHR,Lieutenant Governor,,REP,Pat Bishop,27
Madison,0007 CHASE PARK CH OF CHR,Lieutenant Governor,,REP,Rick Pate,39
Madison,0007 CHASE PARK CH OF CHR,Lieutenant Governor,,REP,Stewart Hill Tankersley,12
Madison,0007 CHASE PARK CH OF CHR,Lieutenant Governor,,REP,Wes Allen,302
Madison,0007 CHASE PARK CH OF CHR,"Public Service Commission, Place No. 1",,REP,Jeremy H. Oden,228
Madison,0007 CHASE PARK CH OF CHR,"Public Service Commission, Place No. 1",,REP,Matt Gentry,552
Madison,0007 CHASE PARK CH OF CHR,"Public Service Commission, Place No. 2",,REP,Brent Woodall,124
Madison,0007 CHASE PARK CH OF CHR,"Public Service Commission, Place No. 2",,REP,Chris Beeker,170
Madison,0007 CHASE PARK CH OF CHR,"Public Service Commission, Place No. 2",,REP,Jim Zig Zeigler,387
Madison,0007 CHASE PARK CH OF CHR,"Public Service Commission, Place No. 2",,REP,Priscilla Andrews,94
Madison,0007 CHASE PARK CH OF CHR,State Auditor,,REP,Andrew Sorrell,633
Madison,0007 CHASE PARK CH OF CHR,State Auditor,,REP,Derek Chen,174
Madison,0007 CHASE PARK CH OF CHR,"State Republican Executive Committee, District 1, Place 1",,REP,Gerald Alvis,239
Madison,0007 CHASE PARK CH OF CHR,"State Republican Executive Committee, District 1, Place 1",,REP,Walt Hennessee,403
Madison,0007 CHASE PARK CH OF CHR,State Treasurer,,REP,Steve Lolley,210
Madison,0007 CHASE PARK CH OF CHR,State Treasurer,,REP,Young Boozer,604
Madison,0007 CHASE PARK CH OF CHR,U.S. Senate,,REP,Barry Moore,304
Madison,0007 CHASE PARK CH OF CHR,U.S. Senate,,REP,Dale Shelton Deas Jr.,29
Madison,0007 CHASE PARK CH OF CHR,U.S. Senate,,REP,Jared Hudson,190
Madison,0007 CHASE PARK CH OF CHR,U.S. Senate,,REP,Morgan Murphy,8
Madison,0007 CHASE PARK CH OF CHR,U.S. Senate,,REP,Rodney Walker,27
Madison,0007 CHASE PARK CH OF CHR,U.S. Senate,,REP,Seth Burton,47
Madison,0007 CHASE PARK CH OF CHR,U.S. Senate,,REP,Steve Marshall,254
Madison,0008 CORNERSTONE PRESB,Governor,,DEM,"Chad ""Chig"" Martin",2
Madison,0008 CORNERSTONE PRESB,Governor,,DEM,Doug Jones,317
Madison,0008 CORNERSTONE PRESB,Governor,,DEM,Jamel J. Brown,1
Madison,0008 CORNERSTONE PRESB,Governor,,DEM,"Nathan ""Nate"" Mathis",0
Madison,0008 CORNERSTONE PRESB,Governor,,DEM,Will Boyd,12
Madison,0008 CORNERSTONE PRESB,Governor,,DEM,Yolanda Rochelle Flowers,3
Madison,0008 CORNERSTONE PRESB,Lieutenant Governor,,DEM,Darryl D. Perryman,65
Madison,0008 CORNERSTONE PRESB,Lieutenant Governor,,DEM,Phillip Ensler,202
Madison,0008 CORNERSTONE PRESB,State Democratic Executive Committee,,DEM,Cindi Cassis Branham,5
Madison,0008 CORNERSTONE PRESB,State Democratic Executive Committee,,DEM,Eddie Sherrod,6
Madison,0008 CORNERSTONE PRESB,State Democratic Executive Committee,,DEM,Forrest Satterfield,119
Madison,0008 CORNERSTONE PRESB,State Democratic Executive Committee,,DEM,Jason M. Jones,77
Madison,0008 CORNERSTONE PRESB,State Democratic Executive Committee,,DEM,Martha Lynn Sherrod,9
Madison,0008 CORNERSTONE PRESB,State Democratic Executive Committee,,DEM,Tom Ryan,6
Madison,0008 CORNERSTONE PRESB,U.S. House,5,DEM,Andrew Sneed,288
Madison,0008 CORNERSTONE PRESB,U.S. House,5,DEM,Candice Dollar Duvieilh,18
Madison,0008 CORNERSTONE PRESB,U.S. House,5,DEM,Jeremy Devito,18
Madison,0008 CORNERSTONE PRESB,"District Court Judge, Madison County, Place No. 1",,REP,Michael Tewalt,94
Madison,0008 CORNERSTONE PRESB,"District Court Judge, Madison County, Place No. 1",,REP,Tim Douthit,256
Madison,0008 CORNERSTONE PRESB,Lieutenant Governor,,REP,George Childress,12
Madison,0008 CORNERSTONE PRESB,Lieutenant Governor,,REP,John Wahl,129
Madison,0008 CORNERSTONE PRESB,Lieutenant Governor,,REP,Nicole Jones Wadsworth,42
Madison,0008 CORNERSTONE PRESB,Lieutenant Governor,,REP,Pat Bishop,16
Madison,0008 CORNERSTONE PRESB,Lieutenant Governor,,REP,Rick Pate,21
Madison,0008 CORNERSTONE PRESB,Lieutenant Governor,,REP,Stewart Hill Tankersley,12
Madison,0008 CORNERSTONE PRESB,Lieutenant Governor,,REP,Wes Allen,136
Madison,0008 CORNERSTONE PRESB,"Madison County Republican Executive Committee, District 3, Place 2",,REP,Bree Willbourn,115
Madison,0008 CORNERSTONE PRESB,"Madison County Republican Executive Committee, District 3, Place 2",,REP,Keith Kizer,132
Madison,0008 CORNERSTONE PRESB,"Public Service Commission, Place No. 1",,REP,Jeremy H. Oden,108
Madison,0008 CORNERSTONE PRESB,"Public Service Commission, Place No. 1",,REP,Matt Gentry,184
Madison,0008 CORNERSTONE PRESB,"Public Service Commission, Place No. 2",,REP,Brent Woodall,62
Madison,0008 CORNERSTONE PRESB,"Public Service Commission, Place No. 2",,REP,Chris Beeker,71
Madison,0008 CORNERSTONE PRESB,"Public Service Commission, Place No. 2",,REP,Jim Zig Zeigler,127
Madison,0008 CORNERSTONE PRESB,"Public Service Commission, Place No. 2",,REP,Priscilla Andrews,42
Madison,0008 CORNERSTONE PRESB,State Auditor,,REP,Andrew Sorrell,218
Madison,0008 CORNERSTONE PRESB,State Auditor,,REP,Derek Chen,102
Madison,0008 CORNERSTONE PRESB,State House,20,REP,James Lomax,23
Madison,0008 CORNERSTONE PRESB,State House,20,REP,Mo Brooks,15
Madison,0008 CORNERSTONE PRESB,"State Republican Executive Committee, District 3, Place 3",,REP,Brad Taylor,135
Madison,0008 CORNERSTONE PRESB,"State Republican Executive Committee, District 3, Place 3",,REP,Stephanie A Miles,111
Madison,0008 CORNERSTONE PRESB,State Treasurer,,REP,Steve Lolley,81
Madison,0008 CORNERSTONE PRESB,State Treasurer,,REP,Young Boozer,261
Madison,0008 CORNERSTONE PRESB,U.S. Senate,,REP,Barry Moore,96
Madison,0008 CORNERSTONE PRESB,U.S. Senate,,REP,Dale Shelton Deas Jr.,6
Madison,0008 CORNERSTONE PRESB,U.S. Senate,,REP,Jared Hudson,86
Madison,0008 CORNERSTONE PRESB,U.S. Senate,,REP,Morgan Murphy,6
Madison,0008 CORNERSTONE PRESB,U.S. Senate,,REP,Rodney Walker,10
Madison,0008 CORNERSTONE PRESB,U.S. Senate,,REP,Seth Burton,74
Madison,0008 CORNERSTONE PRESB,U.S. Senate,,REP,Steve Marshall,96
Madison,0009 CHURCH ON THE HILL,Governor,,DEM,"Chad ""Chig"" Martin",3
Madison,0009 CHURCH ON THE HILL,Governor,,DEM,Doug Jones,109
Madison,0009 CHURCH ON THE HILL,Governor,,DEM,Jamel J. Brown,9
Madison,0009 CHURCH ON THE HILL,Governor,,DEM,"Nathan ""Nate"" Mathis",4
Madison,0009 CHURCH ON THE HILL,Governor,,DEM,Will Boyd,24
Madison,0009 CHURCH ON THE HILL,Governor,,DEM,Yolanda Rochelle Flowers,14
Madison,0009 CHURCH ON THE HILL,Lieutenant Governor,,DEM,Darryl D. Perryman,59
Madison,0009 CHURCH ON THE HILL,Lieutenant Governor,,DEM,Phillip Ensler,95
Madison,0009 CHURCH ON THE HILL,State Senate,2,DEM,Alex House,61
Madison,0009 CHURCH ON THE HILL,State Senate,2,DEM,Guy Sotomayor,41
Madison,0009 CHURCH ON THE HILL,State Senate,2,DEM,Rudolph Valentino Drake,50
Madison,0009 CHURCH ON THE HILL,U.S. House,5,DEM,Andrew Sneed,34
Madison,0009 CHURCH ON THE HILL,U.S. House,5,DEM,Candice Dollar Duvieilh,63
Madison,0009 CHURCH ON THE HILL,U.S. House,5,DEM,Jeremy Devito,55
Madison,0009 CHURCH ON THE HILL,"District Court Judge, Madison County, Place No. 1",,REP,Michael Tewalt,36
Madison,0009 CHURCH ON THE HILL,"District Court Judge, Madison County, Place No. 1",,REP,Tim Douthit,58
Madison,0009 CHURCH ON THE HILL,"Districts 4 & 6, Place No. 2",,REP,Shannon Dempsey,35
Madison,0009 CHURCH ON THE HILL,"Districts 4 & 6, Place No. 2",,REP,Sydney Dean,41
Madison,0009 CHURCH ON THE HILL,Lieutenant Governor,,REP,George Childress,6
Madison,0009 CHURCH ON THE HILL,Lieutenant Governor,,REP,John Wahl,46
Madison,0009 CHURCH ON THE HILL,Lieutenant Governor,,REP,Nicole Jones Wadsworth,5
Madison,0009 CHURCH ON THE HILL,Lieutenant Governor,,REP,Pat Bishop,3
Madison,0009 CHURCH ON THE HILL,Lieutenant Governor,,REP,Rick Pate,5
Madison,0009 CHURCH ON THE HILL,Lieutenant Governor,,REP,Stewart Hill Tankersley,2
Madison,0009 CHURCH ON THE HILL,Lieutenant Governor,,REP,Wes Allen,31
Madison,0009 CHURCH ON THE HILL,"Public Service Commission, Place No. 1",,REP,Jeremy H. Oden,34
Madison,0009 CHURCH ON THE HILL,"Public Service Commission, Place No. 1",,REP,Matt Gentry,57
Madison,0009 CHURCH ON THE HILL,"Public Service Commission, Place No. 2",,REP,Brent Woodall,22
Madison,0009 CHURCH ON THE HILL,"Public Service Commission, Place No. 2",,REP,Chris Beeker,17
Madison,0009 CHURCH ON THE HILL,"Public Service Commission, Place No. 2",,REP,Jim Zig Zeigler,45
Madison,0009 CHURCH ON THE HILL,"Public Service Commission, Place No. 2",,REP,Priscilla Andrews,9
Madison,0009 CHURCH ON THE HILL,State Auditor,,REP,Andrew Sorrell,71
Madison,0009 CHURCH ON THE HILL,State Auditor,,REP,Derek Chen,24
Madison,0009 CHURCH ON THE HILL,State Treasurer,,REP,Steve Lolley,27
Madison,0009 CHURCH ON THE HILL,State Treasurer,,REP,Young Boozer,73
Madison,0009 CHURCH ON THE HILL,U.S. Senate,,REP,Barry Moore,29
Madison,0009 CHURCH ON THE HILL,U.S. Senate,,REP,Dale Shelton Deas Jr.,4
Madison,0009 CHURCH ON THE HILL,U.S. Senate,,REP,Jared Hudson,28
Madison,0009 CHURCH ON THE HILL,U.S. Senate,,REP,Morgan Murphy,0
Madison,0009 CHURCH ON THE HILL,U.S. Senate,,REP,Rodney Walker,0
Madison,0009 CHURCH ON THE HILL,U.S. Senate,,REP,Seth Burton,9
Madison,0009 CHURCH ON THE HILL,U.S. Senate,,REP,Steve Marshall,26
Madison,0010 MONTE SANO UMC,Governor,,DEM,"Chad ""Chig"" Martin",1
Madison,0010 MONTE SANO UMC,Governor,,DEM,Doug Jones,251
Madison,0010 MONTE SANO UMC,Governor,,DEM,Jamel J. Brown,0
Madison,0010 MONTE SANO UMC,Governor,,DEM,"Nathan ""Nate"" Mathis",0
Madison,0010 MONTE SANO UMC,Governor,,DEM,Will Boyd,8
Madison,0010 MONTE SANO UMC,Governor,,DEM,Yolanda Rochelle Flowers,7
Madison,0010 MONTE SANO UMC,Lieutenant Governor,,DEM,Darryl D. Perryman,52
Madison,0010 MONTE SANO UMC,Lieutenant Governor,,DEM,Phillip Ensler,178
Madison,0010 MONTE SANO UMC,State Democratic Executive Committee,,DEM,Cindi Cassis Branham,132
Madison,0010 MONTE SANO UMC,State Democratic Executive Committee,,DEM,Eddie Sherrod,66
Madison,0010 MONTE SANO UMC,State Democratic Executive Committee,,DEM,Martha Lynn Sherrod,86
Madison,0010 MONTE SANO UMC,State Democratic Executive Committee,,DEM,Tom Ryan,133
Madison,0010 MONTE SANO UMC,U.S. House,5,DEM,Andrew Sneed,215
Madison,0010 MONTE SANO UMC,U.S. House,5,DEM,Candice Dollar Duvieilh,34
Madison,0010 MONTE SANO UMC,U.S. House,5,DEM,Jeremy Devito,9
Madison,0010 MONTE SANO UMC,"District Court Judge, Madison County, Place No. 1",,REP,Michael Tewalt,66
Madison,0010 MONTE SANO UMC,"District Court Judge, Madison County, Place No. 1",,REP,Tim Douthit,103
Madison,0010 MONTE SANO UMC,Lieutenant Governor,,REP,George Childress,8
Madison,0010 MONTE SANO UMC,Lieutenant Governor,,REP,John Wahl,71
Madison,0010 MONTE SANO UMC,Lieutenant Governor,,REP,Nicole Jones Wadsworth,22
Madison,0010 MONTE SANO UMC,Lieutenant Governor,,REP,Pat Bishop,13
Madison,0010 MONTE SANO UMC,Lieutenant Governor,,REP,Rick Pate,10
Madison,0010 MONTE SANO UMC,Lieutenant Governor,,REP,Stewart Hill Tankersley,9
Madison,0010 MONTE SANO UMC,Lieutenant Governor,,REP,Wes Allen,54
Madison,0010 MONTE SANO UMC,"Madison County Republican Executive Committee, District 3, Place 2",,REP,Bree Willbourn,57
Madison,0010 MONTE SANO UMC,"Madison County Republican Executive Committee, District 3, Place 2",,REP,Keith Kizer,70
Madison,0010 MONTE SANO UMC,"Public Service Commission, Place No. 1",,REP,Jeremy H. Oden,64
Madison,0010 MONTE SANO UMC,"Public Service Commission, Place No. 1",,REP,Matt Gentry,97
Madison,0010 MONTE SANO UMC,"Public Service Commission, Place No. 2",,REP,Brent Woodall,33
Madison,0010 MONTE SANO UMC,"Public Service Commission, Place No. 2",,REP,Chris Beeker,29
Madison,0010 MONTE SANO UMC,"Public Service Commission, Place No. 2",,REP,Jim Zig Zeigler,89
Madison,0010 MONTE SANO UMC,"Public Service Commission, Place No. 2",,REP,Priscilla Andrews,20
Madison,0010 MONTE SANO UMC,State Auditor,,REP,Andrew Sorrell,124
Madison,0010 MONTE SANO UMC,State Auditor,,REP,Derek Chen,49
Madison,0010 MONTE SANO UMC,State House,20,REP,James Lomax,129
Madison,0010 MONTE SANO UMC,State House,20,REP,Mo Brooks,61
Madison,0010 MONTE SANO UMC,"State Republican Executive Committee, District 3, Place 3",,REP,Brad Taylor,75
Madison,0010 MONTE SANO UMC,"State Republican Executive Committee, District 3, Place 3",,REP,Stephanie A Miles,46
Madison,0010 MONTE SANO UMC,State Treasurer,,REP,Steve Lolley,38
Madison,0010 MONTE SANO UMC,State Treasurer,,REP,Young Boozer,142
Madison,0010 MONTE SANO UMC,U.S. Senate,,REP,Barry Moore,53
Madison,0010 MONTE SANO UMC,U.S. Senate,,REP,Dale Shelton Deas Jr.,8
Madison,0010 MONTE SANO UMC,U.S. Senate,,REP,Jared Hudson,36
Madison,0010 MONTE SANO UMC,U.S. Senate,,REP,Morgan Murphy,1
Madison,0010 MONTE SANO UMC,U.S. Senate,,REP,Rodney Walker,12
Madison,0010 MONTE SANO UMC,U.S. Senate,,REP,Seth Burton,25
Madison,0010 MONTE SANO UMC,U.S. Senate,,REP,Steve Marshall,53
Madison,0011 COVE CHURCH,Governor,,DEM,"Chad ""Chig"" Martin",0
Madison,0011 COVE CHURCH,Governor,,DEM,Doug Jones,344
Madison,0011 COVE CHURCH,Governor,,DEM,Jamel J. Brown,6
Madison,0011 COVE CHURCH,Governor,,DEM,"Nathan ""Nate"" Mathis",2
Madison,0011 COVE CHURCH,Governor,,DEM,Will Boyd,43
Madison,0011 COVE CHURCH,Governor,,DEM,Yolanda Rochelle Flowers,13
Madison,0011 COVE CHURCH,Lieutenant Governor,,DEM,Darryl D. Perryman,96
Madison,0011 COVE CHURCH,Lieutenant Governor,,DEM,Phillip Ensler,258
Madison,0011 COVE CHURCH,State Democratic Executive Committee,,DEM,Cindi Cassis Branham,172
Madison,0011 COVE CHURCH,State Democratic Executive Committee,,DEM,Eddie Sherrod,125
Madison,0011 COVE CHURCH,State Democratic Executive Committee,,DEM,Martha Lynn Sherrod,145
Madison,0011 COVE CHURCH,State Democratic Executive Committee,,DEM,Tom Ryan,180
Madison,0011 COVE CHURCH,U.S. House,5,DEM,Andrew Sneed,204
Madison,0011 COVE CHURCH,U.S. House,5,DEM,Candice Dollar Duvieilh,112
Madison,0011 COVE CHURCH,U.S. House,5,DEM,Jeremy Devito,67
Madison,0011 COVE CHURCH,"District Court Judge, Madison County, Place No. 1",,REP,Michael Tewalt,290
Madison,0011 COVE CHURCH,"District Court Judge, Madison County, Place No. 1",,REP,Tim Douthit,654
Madison,0011 COVE CHURCH,Lieutenant Governor,,REP,George Childress,20
Madison,0011 COVE CHURCH,Lieutenant Governor,,REP,John Wahl,461
Madison,0011 COVE CHURCH,Lieutenant Governor,,REP,Nicole Jones Wadsworth,121
Madison,0011 COVE CHURCH,Lieutenant Governor,,REP,Pat Bishop,33
Madison,0011 COVE CHURCH,Lieutenant Governor,,REP,Rick Pate,56
Madison,0011 COVE CHURCH,Lieutenant Governor,,REP,Stewart Hill Tankersley,40
Madison,0011 COVE CHURCH,Lieutenant Governor,,REP,Wes Allen,347
Madison,0011 COVE CHURCH,"Madison County Republican Executive Committee, District 3, Place 2",,REP,Bree Willbourn,292
Madison,0011 COVE CHURCH,"Madison County Republican Executive Committee, District 3, Place 2",,REP,Keith Kizer,449
Madison,0011 COVE CHURCH,"Public Service Commission, Place No. 1",,REP,Jeremy H. Oden,281
Madison,0011 COVE CHURCH,"Public Service Commission, Place No. 1",,REP,Matt Gentry,592
Madison,0011 COVE CHURCH,"Public Service Commission, Place No. 2",,REP,Brent Woodall,183
Madison,0011 COVE CHURCH,"Public Service Commission, Place No. 2",,REP,Chris Beeker,182
Madison,0011 COVE CHURCH,"Public Service Commission, Place No. 2",,REP,Jim Zig Zeigler,428
Madison,0011 COVE CHURCH,"Public Service Commission, Place No. 2",,REP,Priscilla Andrews,110
Madison,0011 COVE CHURCH,State Auditor,,REP,Andrew Sorrell,694
Madison,0011 COVE CHURCH,State Auditor,,REP,Derek Chen,270
Madison,0011 COVE CHURCH,State House,20,REP,James Lomax,696
Madison,0011 COVE CHURCH,State House,20,REP,Mo Brooks,385
Madison,0011 COVE CHURCH,"State Republican Executive Committee, District 3, Place 3",,REP,Brad Taylor,407
Madison,0011 COVE CHURCH,"State Republican Executive Committee, District 3, Place 3",,REP,Stephanie A Miles,331
Madison,0011 COVE CHURCH,State Treasurer,,REP,Steve Lolley,258
Madison,0011 COVE CHURCH,State Treasurer,,REP,Young Boozer,730
Madison,0011 COVE CHURCH,U.S. Senate,,REP,Barry Moore,398
Madison,0011 COVE CHURCH,U.S. Senate,,REP,Dale Shelton Deas Jr.,29
Madison,0011 COVE CHURCH,U.S. Senate,,REP,Jared Hudson,201
Madison,0011 COVE CHURCH,U.S. Senate,,REP,Morgan Murphy,18
Madison,0011 COVE CHURCH,U.S. Senate,,REP,Rodney Walker,32
Madison,0011 COVE CHURCH,U.S. Senate,,REP,Seth Burton,112
Madison,0011 COVE CHURCH,U.S. Senate,,REP,Steve Marshall,307
Madison,0012 HAMPTON COVE C OF CHR,Governor,,DEM,"Chad ""Chig"" Martin",2
Madison,0012 HAMPTON COVE C OF CHR,Governor,,DEM,Doug Jones,187
Madison,0012 HAMPTON COVE C OF CHR,Governor,,DEM,Jamel J. Brown,5
Madison,0012 HAMPTON COVE C OF CHR,Governor,,DEM,"Nathan ""Nate"" Mathis",1
Madison,0012 HAMPTON COVE C OF CHR,Governor,,DEM,Will Boyd,25
Madison,0012 HAMPTON COVE C OF CHR,Governor,,DEM,Yolanda Rochelle Flowers,3
Madison,0012 HAMPTON COVE C OF CHR,Lieutenant Governor,,DEM,Darryl D. Perryman,44
Madison,0012 HAMPTON COVE C OF CHR,Lieutenant Governor,,DEM,Phillip Ensler,149
Madison,0012 HAMPTON COVE C OF CHR,State Democratic Executive Committee,,DEM,Cindi Cassis Branham,95
Madison,0012 HAMPTON COVE C OF CHR,State Democratic Executive Committee,,DEM,Eddie Sherrod,74
Madison,0012 HAMPTON COVE C OF CHR,State Democratic Executive Committee,,DEM,Martha Lynn Sherrod,90
Madison,0012 HAMPTON COVE C OF CHR,State Democratic Executive Committee,,DEM,Tom Ryan,103
Madison,0012 HAMPTON COVE C OF CHR,U.S. House,5,DEM,Andrew Sneed,116
Madison,0012 HAMPTON COVE C OF CHR,U.S. House,5,DEM,Candice Dollar Duvieilh,58
Madison,0012 HAMPTON COVE C OF CHR,U.S. House,5,DEM,Jeremy Devito,41
Madison,0012 HAMPTON COVE C OF CHR,"District Court Judge, Madison County, Place No. 1",,REP,Michael Tewalt,208
Madison,0012 HAMPTON COVE C OF CHR,"District Court Judge, Madison County, Place No. 1",,REP,Tim Douthit,386
Madison,0012 HAMPTON COVE C OF CHR,Lieutenant Governor,,REP,George Childress,9
Madison,0012 HAMPTON COVE C OF CHR,Lieutenant Governor,,REP,John Wahl,262
Madison,0012 HAMPTON COVE C OF CHR,Lieutenant Governor,,REP,Nicole Jones Wadsworth,74
Madison,0012 HAMPTON COVE C OF CHR,Lieutenant Governor,,REP,Pat Bishop,21
Madison,0012 HAMPTON COVE C OF CHR,Lieutenant Governor,,REP,Rick Pate,39
Madison,0012 HAMPTON COVE C OF CHR,Lieutenant Governor,,REP,Stewart Hill Tankersley,20
Madison,0012 HAMPTON COVE C OF CHR,Lieutenant Governor,,REP,Wes Allen,254
Madison,0012 HAMPTON COVE C OF CHR,"Madison County Republican Executive Committee, District 3, Place 2",,REP,Bree Willbourn,198
Madison,0012 HAMPTON COVE C OF CHR,"Madison County Republican Executive Committee, District 3, Place 2",,REP,Keith Kizer,282
Madison,0012 HAMPTON COVE C OF CHR,"Public Service Commission, Place No. 1",,REP,Jeremy H. Oden,163
Madison,0012 HAMPTON COVE C OF CHR,"Public Service Commission, Place No. 1",,REP,Matt Gentry,410
Madison,0012 HAMPTON COVE C OF CHR,"Public Service Commission, Place No. 2",,REP,Brent Woodall,93
Madison,0012 HAMPTON COVE C OF CHR,"Public Service Commission, Place No. 2",,REP,Chris Beeker,120
Madison,0012 HAMPTON COVE C OF CHR,"Public Service Commission, Place No. 2",,REP,Jim Zig Zeigler,280
Madison,0012 HAMPTON COVE C OF CHR,"Public Service Commission, Place No. 2",,REP,Priscilla Andrews,92
Madison,0012 HAMPTON COVE C OF CHR,State Auditor,,REP,Andrew Sorrell,436
Madison,0012 HAMPTON COVE C OF CHR,State Auditor,,REP,Derek Chen,173
Madison,0012 HAMPTON COVE C OF CHR,State House,20,REP,James Lomax,443
Madison,0012 HAMPTON COVE C OF CHR,State House,20,REP,Mo Brooks,238
Madison,0012 HAMPTON COVE C OF CHR,"State Republican Executive Committee, District 3, Place 3",,REP,Brad Taylor,269
Madison,0012 HAMPTON COVE C OF CHR,"State Republican Executive Committee, District 3, Place 3",,REP,Stephanie A Miles,212
Madison,0012 HAMPTON COVE C OF CHR,State Treasurer,,REP,Steve Lolley,172
Madison,0012 HAMPTON COVE C OF CHR,State Treasurer,,REP,Young Boozer,455
Madison,0012 HAMPTON COVE C OF CHR,U.S. Senate,,REP,Barry Moore,244
Madison,0012 HAMPTON COVE C OF CHR,U.S. Senate,,REP,Dale Shelton Deas Jr.,22
Madison,0012 HAMPTON COVE C OF CHR,U.S. Senate,,REP,Jared Hudson,145
Madison,0012 HAMPTON COVE C OF CHR,U.S. Senate,,REP,Morgan Murphy,9
Madison,0012 HAMPTON COVE C OF CHR,U.S. Senate,,REP,Rodney Walker,23
Madison,0012 HAMPTON COVE C OF CHR,U.S. Senate,,REP,Seth Burton,71
Madison,0012 HAMPTON COVE C OF CHR,U.S. Senate,,REP,Steve Marshall,162
Madison,0013 COVENANT PRESB CH,Governor,,DEM,"Chad ""Chig"" Martin",2
Madison,0013 COVENANT PRESB CH,Governor,,DEM,Doug Jones,466
Madison,0013 COVENANT PRESB CH,Governor,,DEM,Jamel J. Brown,3
Madison,0013 COVENANT PRESB CH,Governor,,DEM,"Nathan ""Nate"" Mathis",1
Madison,0013 COVENANT PRESB CH,Governor,,DEM,Will Boyd,20
Madison,0013 COVENANT PRESB CH,Governor,,DEM,Yolanda Rochelle Flowers,9
Madison,0013 COVENANT PRESB CH,Lieutenant Governor,,DEM,Darryl D. Perryman,101
Madison,0013 COVENANT PRESB CH,Lieutenant Governor,,DEM,Phillip Ensler,297
Madison,0013 COVENANT PRESB CH,State Democratic Executive Committee,,DEM,Cindi Cassis Branham,4
Madison,0013 COVENANT PRESB CH,State Democratic Executive Committee,,DEM,Eddie Sherrod,1
Madison,0013 COVENANT PRESB CH,State Democratic Executive Committee,,DEM,Forrest Satterfield,117
Madison,0013 COVENANT PRESB CH,State Democratic Executive Committee,,DEM,Jason M. Jones,74
Madison,0013 COVENANT PRESB CH,State Democratic Executive Committee,,DEM,Martha Lynn Sherrod,2
Madison,0013 COVENANT PRESB CH,State Democratic Executive Committee,,DEM,Tom Ryan,5
Madison,0013 COVENANT PRESB CH,U.S. House,5,DEM,Andrew Sneed,363
Madison,0013 COVENANT PRESB CH,U.S. House,5,DEM,Candice Dollar Duvieilh,71
Madison,0013 COVENANT PRESB CH,U.S. House,5,DEM,Jeremy Devito,50
Madison,0013 COVENANT PRESB CH,"District Court Judge, Madison County, Place No. 1",,REP,Michael Tewalt,205
Madison,0013 COVENANT PRESB CH,"District Court Judge, Madison County, Place No. 1",,REP,Tim Douthit,420
Madison,0013 COVENANT PRESB CH,Lieutenant Governor,,REP,George Childress,19
Madison,0013 COVENANT PRESB CH,Lieutenant Governor,,REP,John Wahl,235
Madison,0013 COVENANT PRESB CH,Lieutenant Governor,,REP,Nicole Jones Wadsworth,59
Madison,0013 COVENANT PRESB CH,Lieutenant Governor,,REP,Pat Bishop,34
Madison,0013 COVENANT PRESB CH,Lieutenant Governor,,REP,Rick Pate,52
Madison,0013 COVENANT PRESB CH,Lieutenant Governor,,REP,Stewart Hill Tankersley,25
Madison,0013 COVENANT PRESB CH,Lieutenant Governor,,REP,Wes Allen,260
Madison,0013 COVENANT PRESB CH,"Madison County Republican Executive Committee, District 3, Place 2",,REP,Bree Willbourn,230
Madison,0013 COVENANT PRESB CH,"Madison County Republican Executive Committee, District 3, Place 2",,REP,Keith Kizer,247
Madison,0013 COVENANT PRESB CH,"Public Service Commission, Place No. 1",,REP,Jeremy H. Oden,184
Madison,0013 COVENANT PRESB CH,"Public Service Commission, Place No. 1",,REP,Matt Gentry,359
Madison,0013 COVENANT PRESB CH,"Public Service Commission, Place No. 2",,REP,Brent Woodall,104
Madison,0013 COVENANT PRESB CH,"Public Service Commission, Place No. 2",,REP,Chris Beeker,140
Madison,0013 COVENANT PRESB CH,"Public Service Commission, Place No. 2",,REP,Jim Zig Zeigler,250
Madison,0013 COVENANT PRESB CH,"Public Service Commission, Place No. 2",,REP,Priscilla Andrews,81
Madison,0013 COVENANT PRESB CH,State Auditor,,REP,Andrew Sorrell,413
Madison,0013 COVENANT PRESB CH,State Auditor,,REP,Derek Chen,185
Madison,0013 COVENANT PRESB CH,State House,20,REP,James Lomax,14
Madison,0013 COVENANT PRESB CH,State House,20,REP,Mo Brooks,5
Madison,0013 COVENANT PRESB CH,"State Republican Executive Committee, District 3, Place 3",,REP,Brad Taylor,250
Madison,0013 COVENANT PRESB CH,"State Republican Executive Committee, District 3, Place 3",,REP,Stephanie A Miles,213
Madison,0013 COVENANT PRESB CH,State Treasurer,,REP,Steve Lolley,154
Madison,0013 COVENANT PRESB CH,State Treasurer,,REP,Young Boozer,474
Madison,0013 COVENANT PRESB CH,U.S. Senate,,REP,Barry Moore,195
Madison,0013 COVENANT PRESB CH,U.S. Senate,,REP,Dale Shelton Deas Jr.,16
Madison,0013 COVENANT PRESB CH,U.S. Senate,,REP,Jared Hudson,155
Madison,0013 COVENANT PRESB CH,U.S. Senate,,REP,Morgan Murphy,3
Madison,0013 COVENANT PRESB CH,U.S. Senate,,REP,Rodney Walker,23
Madison,0013 COVENANT PRESB CH,U.S. Senate,,REP,Seth Burton,100
Madison,0013 COVENANT PRESB CH,U.S. Senate,,REP,Steve Marshall,203
Madison,0014 SOUTHWOOD PRESB,Governor,,DEM,"Chad ""Chig"" Martin",2
Madison,0014 SOUTHWOOD PRESB,Governor,,DEM,Doug Jones,214
Madison,0014 SOUTHWOOD PRESB,Governor,,DEM,Jamel J. Brown,3
Madison,0014 SOUTHWOOD PRESB,Governor,,DEM,"Nathan ""Nate"" Mathis",2
Madison,0014 SOUTHWOOD PRESB,Governor,,DEM,Will Boyd,14
Madison,0014 SOUTHWOOD PRESB,Governor,,DEM,Yolanda Rochelle Flowers,3
Madison,0014 SOUTHWOOD PRESB,Lieutenant Governor,,DEM,Darryl D. Perryman,42
Madison,0014 SOUTHWOOD PRESB,Lieutenant Governor,,DEM,Phillip Ensler,155
Madison,0014 SOUTHWOOD PRESB,State Democratic Executive Committee,,DEM,Cindi Cassis Branham,97
Madison,0014 SOUTHWOOD PRESB,State Democratic Executive Committee,,DEM,Eddie Sherrod,67
Madison,0014 SOUTHWOOD PRESB,State Democratic Executive Committee,,DEM,Forrest Satterfield,2
Madison,0014 SOUTHWOOD PRESB,State Democratic Executive Committee,,DEM,Jason M. Jones,0
Madison,0014 SOUTHWOOD PRESB,State Democratic Executive Committee,,DEM,Martha Lynn Sherrod,80
Madison,0014 SOUTHWOOD PRESB,State Democratic Executive Committee,,DEM,Tom Ryan,100
Madison,0014 SOUTHWOOD PRESB,U.S. House,5,DEM,Andrew Sneed,150
Madison,0014 SOUTHWOOD PRESB,U.S. House,5,DEM,Candice Dollar Duvieilh,46
Madison,0014 SOUTHWOOD PRESB,U.S. House,5,DEM,Jeremy Devito,35
Madison,0014 SOUTHWOOD PRESB,"District Court Judge, Madison County, Place No. 1",,REP,Michael Tewalt,178
Madison,0014 SOUTHWOOD PRESB,"District Court Judge, Madison County, Place No. 1",,REP,Tim Douthit,376
Madison,0014 SOUTHWOOD PRESB,Lieutenant Governor,,REP,George Childress,11
Madison,0014 SOUTHWOOD PRESB,Lieutenant Governor,,REP,John Wahl,228
Madison,0014 SOUTHWOOD PRESB,Lieutenant Governor,,REP,Nicole Jones Wadsworth,64
Madison,0014 SOUTHWOOD PRESB,Lieutenant Governor,,REP,Pat Bishop,17
Madison,0014 SOUTHWOOD PRESB,Lieutenant Governor,,REP,Rick Pate,27
Madison,0014 SOUTHWOOD PRESB,Lieutenant Governor,,REP,Stewart Hill Tankersley,25
Madison,0014 SOUTHWOOD PRESB,Lieutenant Governor,,REP,Wes Allen,231
Madison,0014 SOUTHWOOD PRESB,"Public Service Commission, Place No. 1",,REP,Jeremy H. Oden,157
Madison,0014 SOUTHWOOD PRESB,"Public Service Commission, Place No. 1",,REP,Matt Gentry,331
Madison,0014 SOUTHWOOD PRESB,"Public Service Commission, Place No. 2",,REP,Brent Woodall,112
Madison,0014 SOUTHWOOD PRESB,"Public Service Commission, Place No. 2",,REP,Chris Beeker,123
Madison,0014 SOUTHWOOD PRESB,"Public Service Commission, Place No. 2",,REP,Jim Zig Zeigler,210
Madison,0014 SOUTHWOOD PRESB,"Public Service Commission, Place No. 2",,REP,Priscilla Andrews,66
Madison,0014 SOUTHWOOD PRESB,State Auditor,,REP,Andrew Sorrell,387
Madison,0014 SOUTHWOOD PRESB,State Auditor,,REP,Derek Chen,152
Madison,0014 SOUTHWOOD PRESB,State House,20,REP,James Lomax,419
Madison,0014 SOUTHWOOD PRESB,State House,20,REP,Mo Brooks,195
Madison,0014 SOUTHWOOD PRESB,State Treasurer,,REP,Steve Lolley,132
Madison,0014 SOUTHWOOD PRESB,State Treasurer,,REP,Young Boozer,444
Madison,0014 SOUTHWOOD PRESB,U.S. Senate,,REP,Barry Moore,173
Madison,0014 SOUTHWOOD PRESB,U.S. Senate,,REP,Dale Shelton Deas Jr.,18
Madison,0014 SOUTHWOOD PRESB,U.S. Senate,,REP,Jared Hudson,123
Madison,0014 SOUTHWOOD PRESB,U.S. Senate,,REP,Morgan Murphy,3
Madison,0014 SOUTHWOOD PRESB,U.S. Senate,,REP,Rodney Walker,14
Madison,0014 SOUTHWOOD PRESB,U.S. Senate,,REP,Seth Burton,77
Madison,0014 SOUTHWOOD PRESB,U.S. Senate,,REP,Steve Marshall,210
Madison,0015 WILLOWBROOK BAPT CH,Governor,,DEM,"Chad ""Chig"" Martin",8
Madison,0015 WILLOWBROOK BAPT CH,Governor,,DEM,Doug Jones,457
Madison,0015 WILLOWBROOK BAPT CH,Governor,,DEM,Jamel J. Brown,7
Madison,0015 WILLOWBROOK BAPT CH,Governor,,DEM,"Nathan ""Nate"" Mathis",1
Madison,0015 WILLOWBROOK BAPT CH,Governor,,DEM,Will Boyd,35
Madison,0015 WILLOWBROOK BAPT CH,Governor,,DEM,Yolanda Rochelle Flowers,18
Madison,0015 WILLOWBROOK BAPT CH,Lieutenant Governor,,DEM,Darryl D. Perryman,126
Madison,0015 WILLOWBROOK BAPT CH,Lieutenant Governor,,DEM,Phillip Ensler,334
Madison,0015 WILLOWBROOK BAPT CH,State Democratic Executive Committee,,DEM,Cindi Cassis Branham,244
Madison,0015 WILLOWBROOK BAPT CH,State Democratic Executive Committee,,DEM,Eddie Sherrod,180
Madison,0015 WILLOWBROOK BAPT CH,State Democratic Executive Committee,,DEM,Martha Lynn Sherrod,190
Madison,0015 WILLOWBROOK BAPT CH,State Democratic Executive Committee,,DEM,Tom Ryan,246
Madison,0015 WILLOWBROOK BAPT CH,U.S. House,5,DEM,Andrew Sneed,240
Madison,0015 WILLOWBROOK BAPT CH,U.S. House,5,DEM,Candice Dollar Duvieilh,146
Madison,0015 WILLOWBROOK BAPT CH,U.S. House,5,DEM,Jeremy Devito,107
Madison,0015 WILLOWBROOK BAPT CH,"District Court Judge, Madison County, Place No. 1",,REP,Michael Tewalt,265
Madison,0015 WILLOWBROOK BAPT CH,"District Court Judge, Madison County, Place No. 1",,REP,Tim Douthit,727
Madison,0015 WILLOWBROOK BAPT CH,Lieutenant Governor,,REP,George Childress,33
Madison,0015 WILLOWBROOK BAPT CH,Lieutenant Governor,,REP,John Wahl,407
Madison,0015 WILLOWBROOK BAPT CH,Lieutenant Governor,,REP,Nicole Jones Wadsworth,115
Madison,0015 WILLOWBROOK BAPT CH,Lieutenant Governor,,REP,Pat Bishop,46
Madison,0015 WILLOWBROOK BAPT CH,Lieutenant Governor,,REP,Rick Pate,52
Madison,0015 WILLOWBROOK BAPT CH,Lieutenant Governor,,REP,Stewart Hill Tankersley,29
Madison,0015 WILLOWBROOK BAPT CH,Lieutenant Governor,,REP,Wes Allen,378
Madison,0015 WILLOWBROOK BAPT CH,"Public Service Commission, Place No. 1",,REP,Jeremy H. Oden,292
Madison,0015 WILLOWBROOK BAPT CH,"Public Service Commission, Place No. 1",,REP,Matt Gentry,581
Madison,0015 WILLOWBROOK BAPT CH,"Public Service Commission, Place No. 2",,REP,Brent Woodall,176
Madison,0015 WILLOWBROOK BAPT CH,"Public Service Commission, Place No. 2",,REP,Chris Beeker,207
Madison,0015 WILLOWBROOK BAPT CH,"Public Service Commission, Place No. 2",,REP,Jim Zig Zeigler,404
Madison,0015 WILLOWBROOK BAPT CH,"Public Service Commission, Place No. 2",,REP,Priscilla Andrews,115
Madison,0015 WILLOWBROOK BAPT CH,State Auditor,,REP,Andrew Sorrell,685
Madison,0015 WILLOWBROOK BAPT CH,State Auditor,,REP,Derek Chen,284
Madison,0015 WILLOWBROOK BAPT CH,State House,20,REP,James Lomax,623
Madison,0015 WILLOWBROOK BAPT CH,State House,20,REP,Mo Brooks,488
Madison,0015 WILLOWBROOK BAPT CH,State Treasurer,,REP,Steve Lolley,261
Madison,0015 WILLOWBROOK BAPT CH,State Treasurer,,REP,Young Boozer,731
Madison,0015 WILLOWBROOK BAPT CH,U.S. Senate,,REP,Barry Moore,287
Madison,0015 WILLOWBROOK BAPT CH,U.S. Senate,,REP,Dale Shelton Deas Jr.,44
Madison,0015 WILLOWBROOK BAPT CH,U.S. Senate,,REP,Jared Hudson,256
Madison,0015 WILLOWBROOK BAPT CH,U.S. Senate,,REP,Morgan Murphy,15
Madison,0015 WILLOWBROOK BAPT CH,U.S. Senate,,REP,Rodney Walker,28
Madison,0015 WILLOWBROOK BAPT CH,U.S. Senate,,REP,Seth Burton,136
Madison,0015 WILLOWBROOK BAPT CH,U.S. Senate,,REP,Steve Marshall,323
Madison,0016 WESTSIDE COMM CTR,Governor,,DEM,"Chad ""Chig"" Martin",2
Madison,0016 WESTSIDE COMM CTR,Governor,,DEM,Doug Jones,28
Madison,0016 WESTSIDE COMM CTR,Governor,,DEM,Jamel J. Brown,3
Madison,0016 WESTSIDE COMM CTR,Governor,,DEM,"Nathan ""Nate"" Mathis",0
Madison,0016 WESTSIDE COMM CTR,Governor,,DEM,Will Boyd,1
Madison,0016 WESTSIDE COMM CTR,Governor,,DEM,Yolanda Rochelle Flowers,6
Madison,0016 WESTSIDE COMM CTR,Lieutenant Governor,,DEM,Darryl D. Perryman,22
Madison,0016 WESTSIDE COMM CTR,Lieutenant Governor,,DEM,Phillip Ensler,17
Madison,0016 WESTSIDE COMM CTR,U.S. House,5,DEM,Andrew Sneed,14
Madison,0016 WESTSIDE COMM CTR,U.S. House,5,DEM,Candice Dollar Duvieilh,17
Madison,0016 WESTSIDE COMM CTR,U.S. House,5,DEM,Jeremy Devito,8
Madison,0016 WESTSIDE COMM CTR,"District Court Judge, Madison County, Place No. 1",,REP,Michael Tewalt,1
Madison,0016 WESTSIDE COMM CTR,"District Court Judge, Madison County, Place No. 1",,REP,Tim Douthit,3
Madison,0016 WESTSIDE COMM CTR,"Districts 4 & 6, Place No. 2",,REP,Shannon Dempsey,3
Madison,0016 WESTSIDE COMM CTR,"Districts 4 & 6, Place No. 2",,REP,Sydney Dean,1
Madison,0016 WESTSIDE COMM CTR,Lieutenant Governor,,REP,George Childress,1
Madison,0016 WESTSIDE COMM CTR,Lieutenant Governor,,REP,John Wahl,0
Madison,0016 WESTSIDE COMM CTR,Lieutenant Governor,,REP,Nicole Jones Wadsworth,1
Madison,0016 WESTSIDE COMM CTR,Lieutenant Governor,,REP,Pat Bishop,0
Madison,0016 WESTSIDE COMM CTR,Lieutenant Governor,,REP,Rick Pate,0
Madison,0016 WESTSIDE COMM CTR,Lieutenant Governor,,REP,Stewart Hill Tankersley,0
Madison,0016 WESTSIDE COMM CTR,Lieutenant Governor,,REP,Wes Allen,2
Madison,0016 WESTSIDE COMM CTR,"Public Service Commission, Place No. 1",,REP,Jeremy H. Oden,1
Madison,0016 WESTSIDE COMM CTR,"Public Service Commission, Place No. 1",,REP,Matt Gentry,3
Madison,0016 WESTSIDE COMM CTR,"Public Service Commission, Place No. 2",,REP,Brent Woodall,2
Madison,0016 WESTSIDE COMM CTR,"Public Service Commission, Place No. 2",,REP,Chris Beeker,0
Madison,0016 WESTSIDE COMM CTR,"Public Service Commission, Place No. 2",,REP,Jim Zig Zeigler,1
Madison,0016 WESTSIDE COMM CTR,"Public Service Commission, Place No. 2",,REP,Priscilla Andrews,1
Madison,0016 WESTSIDE COMM CTR,State Auditor,,REP,Andrew Sorrell,2
Madison,0016 WESTSIDE COMM CTR,State Auditor,,REP,Derek Chen,2
Madison,0016 WESTSIDE COMM CTR,State Treasurer,,REP,Steve Lolley,2
Madison,0016 WESTSIDE COMM CTR,State Treasurer,,REP,Young Boozer,2
Madison,0016 WESTSIDE COMM CTR,U.S. Senate,,REP,Barry Moore,3
Madison,0016 WESTSIDE COMM CTR,U.S. Senate,,REP,Dale Shelton Deas Jr.,0
Madison,0016 WESTSIDE COMM CTR,U.S. Senate,,REP,Jared Hudson,0
Madison,0016 WESTSIDE COMM CTR,U.S. Senate,,REP,Morgan Murphy,0
Madison,0016 WESTSIDE COMM CTR,U.S. Senate,,REP,Rodney Walker,0
Madison,0016 WESTSIDE COMM CTR,U.S. Senate,,REP,Seth Burton,0
Madison,0016 WESTSIDE COMM CTR,U.S. Senate,,REP,Steve Marshall,1
Madison,0017 TRINITY UMC,Governor,,DEM,"Chad ""Chig"" Martin",8
Madison,0017 TRINITY UMC,Governor,,DEM,Doug Jones,280
Madison,0017 TRINITY UMC,Governor,,DEM,Jamel J. Brown,10
Madison,0017 TRINITY UMC,Governor,,DEM,"Nathan ""Nate"" Mathis",3
Madison,0017 TRINITY UMC,Governor,,DEM,Will Boyd,51
Madison,0017 TRINITY UMC,Governor,,DEM,Yolanda Rochelle Flowers,18
Madison,0017 TRINITY UMC,Lieutenant Governor,,DEM,Darryl D. Perryman,143
Madison,0017 TRINITY UMC,Lieutenant Governor,,DEM,Phillip Ensler,202
Madison,0017 TRINITY UMC,U.S. House,5,DEM,Andrew Sneed,193
Madison,0017 TRINITY UMC,U.S. House,5,DEM,Candice Dollar Duvieilh,105
Madison,0017 TRINITY UMC,U.S. House,5,DEM,Jeremy Devito,65
Madison,0017 TRINITY UMC,"District Court Judge, Madison County, Place No. 1",,REP,Michael Tewalt,93
Madison,0017 TRINITY UMC,"District Court Judge, Madison County, Place No. 1",,REP,Tim Douthit,167
Madison,0017 TRINITY UMC,Lieutenant Governor,,REP,George Childress,13
Madison,0017 TRINITY UMC,Lieutenant Governor,,REP,John Wahl,116
Madison,0017 TRINITY UMC,Lieutenant Governor,,REP,Nicole Jones Wadsworth,28
Madison,0017 TRINITY UMC,Lieutenant Governor,,REP,Pat Bishop,11
Madison,0017 TRINITY UMC,Lieutenant Governor,,REP,Rick Pate,16
Madison,0017 TRINITY UMC,Lieutenant Governor,,REP,Stewart Hill Tankersley,9
Madison,0017 TRINITY UMC,Lieutenant Governor,,REP,Wes Allen,96
Madison,0017 TRINITY UMC,"Public Service Commission, Place No. 1",,REP,Jeremy H. Oden,76
Madison,0017 TRINITY UMC,"Public Service Commission, Place No. 1",,REP,Matt Gentry,173
Madison,0017 TRINITY UMC,"Public Service Commission, Place No. 2",,REP,Brent Woodall,42
Madison,0017 TRINITY UMC,"Public Service Commission, Place No. 2",,REP,Chris Beeker,79
Madison,0017 TRINITY UMC,"Public Service Commission, Place No. 2",,REP,Jim Zig Zeigler,107
Madison,0017 TRINITY UMC,"Public Service Commission, Place No. 2",,REP,Priscilla Andrews,32
Madison,0017 TRINITY UMC,State Auditor,,REP,Andrew Sorrell,197
Madison,0017 TRINITY UMC,State Auditor,,REP,Derek Chen,73
Madison,0017 TRINITY UMC,State Treasurer,,REP,Steve Lolley,85
Madison,0017 TRINITY UMC,State Treasurer,,REP,Young Boozer,189
Madison,0017 TRINITY UMC,U.S. Senate,,REP,Barry Moore,88
Madison,0017 TRINITY UMC,U.S. Senate,,REP,Dale Shelton Deas Jr.,9
Madison,0017 TRINITY UMC,U.S. Senate,,REP,Jared Hudson,65
Madison,0017 TRINITY UMC,U.S. Senate,,REP,Morgan Murphy,6
Madison,0017 TRINITY UMC,U.S. Senate,,REP,Rodney Walker,9
Madison,0017 TRINITY UMC,U.S. Senate,,REP,Seth Burton,31
Madison,0017 TRINITY UMC,U.S. Senate,,REP,Steve Marshall,81
Madison,0018 WHITESBURG BAPT CH,Governor,,DEM,"Chad ""Chig"" Martin",11
Madison,0018 WHITESBURG BAPT CH,Governor,,DEM,Doug Jones,332
Madison,0018 WHITESBURG BAPT CH,Governor,,DEM,Jamel J. Brown,5
Madison,0018 WHITESBURG BAPT CH,Governor,,DEM,"Nathan ""Nate"" Mathis",2
Madison,0018 WHITESBURG BAPT CH,Governor,,DEM,Will Boyd,45
Madison,0018 WHITESBURG BAPT CH,Governor,,DEM,Yolanda Rochelle Flowers,15
Madison,0018 WHITESBURG BAPT CH,Lieutenant Governor,,DEM,Darryl D. Perryman,96
Madison,0018 WHITESBURG BAPT CH,Lieutenant Governor,,DEM,Phillip Ensler,265
Madison,0018 WHITESBURG BAPT CH,State Democratic Executive Committee,,DEM,Cindi Cassis Branham,191
Madison,0018 WHITESBURG BAPT CH,State Democratic Executive Committee,,DEM,Eddie Sherrod,138
Madison,0018 WHITESBURG BAPT CH,State Democratic Executive Committee,,DEM,Martha Lynn Sherrod,149
Madison,0018 WHITESBURG BAPT CH,State Democratic Executive Committee,,DEM,Tom Ryan,189
Madison,0018 WHITESBURG BAPT CH,U.S. House,5,DEM,Andrew Sneed,225
Madison,0018 WHITESBURG BAPT CH,U.S. House,5,DEM,Candice Dollar Duvieilh,86
Madison,0018 WHITESBURG BAPT CH,U.S. House,5,DEM,Jeremy Devito,89
Madison,0018 WHITESBURG BAPT CH,"District Court Judge, Madison County, Place No. 1",,REP,Michael Tewalt,227
Madison,0018 WHITESBURG BAPT CH,"District Court Judge, Madison County, Place No. 1",,REP,Tim Douthit,483
Madison,0018 WHITESBURG BAPT CH,Lieutenant Governor,,REP,George Childress,23
Madison,0018 WHITESBURG BAPT CH,Lieutenant Governor,,REP,John Wahl,313
Madison,0018 WHITESBURG BAPT CH,Lieutenant Governor,,REP,Nicole Jones Wadsworth,82
Madison,0018 WHITESBURG BAPT CH,Lieutenant Governor,,REP,Pat Bishop,27
Madison,0018 WHITESBURG BAPT CH,Lieutenant Governor,,REP,Rick Pate,29
Madison,0018 WHITESBURG BAPT CH,Lieutenant Governor,,REP,Stewart Hill Tankersley,26
Madison,0018 WHITESBURG BAPT CH,Lieutenant Governor,,REP,Wes Allen,248
Madison,0018 WHITESBURG BAPT CH,"Public Service Commission, Place No. 1",,REP,Jeremy H. Oden,190
Madison,0018 WHITESBURG BAPT CH,"Public Service Commission, Place No. 1",,REP,Matt Gentry,436
Madison,0018 WHITESBURG BAPT CH,"Public Service Commission, Place No. 2",,REP,Brent Woodall,131
Madison,0018 WHITESBURG BAPT CH,"Public Service Commission, Place No. 2",,REP,Chris Beeker,136
Madison,0018 WHITESBURG BAPT CH,"Public Service Commission, Place No. 2",,REP,Jim Zig Zeigler,312
Madison,0018 WHITESBURG BAPT CH,"Public Service Commission, Place No. 2",,REP,Priscilla Andrews,87
Madison,0018 WHITESBURG BAPT CH,State Auditor,,REP,Andrew Sorrell,496
Madison,0018 WHITESBURG BAPT CH,State Auditor,,REP,Derek Chen,185
Madison,0018 WHITESBURG BAPT CH,State House,20,REP,James Lomax,485
Madison,0018 WHITESBURG BAPT CH,State House,20,REP,Mo Brooks,293
Madison,0018 WHITESBURG BAPT CH,State Treasurer,,REP,Steve Lolley,166
Madison,0018 WHITESBURG BAPT CH,State Treasurer,,REP,Young Boozer,526
Madison,0018 WHITESBURG BAPT CH,U.S. Senate,,REP,Barry Moore,213
Madison,0018 WHITESBURG BAPT CH,U.S. Senate,,REP,Dale Shelton Deas Jr.,20
Madison,0018 WHITESBURG BAPT CH,U.S. Senate,,REP,Jared Hudson,171
Madison,0018 WHITESBURG BAPT CH,U.S. Senate,,REP,Morgan Murphy,11
Madison,0018 WHITESBURG BAPT CH,U.S. Senate,,REP,Rodney Walker,20
Madison,0018 WHITESBURG BAPT CH,U.S. Senate,,REP,Seth Burton,90
Madison,0018 WHITESBURG BAPT CH,U.S. Senate,,REP,Steve Marshall,240
Madison,0019 WEATHERLY HGTS BAPT,Governor,,DEM,"Chad ""Chig"" Martin",10
Madison,0019 WEATHERLY HGTS BAPT,Governor,,DEM,Doug Jones,359
Madison,0019 WEATHERLY HGTS BAPT,Governor,,DEM,Jamel J. Brown,7
Madison,0019 WEATHERLY HGTS BAPT,Governor,,DEM,"Nathan ""Nate"" Mathis",1
Madison,0019 WEATHERLY HGTS BAPT,Governor,,DEM,Will Boyd,36
Madison,0019 WEATHERLY HGTS BAPT,Governor,,DEM,Yolanda Rochelle Flowers,10
Madison,0019 WEATHERLY HGTS BAPT,Lieutenant Governor,,DEM,Darryl D. Perryman,81
Madison,0019 WEATHERLY HGTS BAPT,Lieutenant Governor,,DEM,Phillip Ensler,298
Madison,0019 WEATHERLY HGTS BAPT,State Democratic Executive Committee,,DEM,Cindi Cassis Branham,214
Madison,0019 WEATHERLY HGTS BAPT,State Democratic Executive Committee,,DEM,Eddie Sherrod,138
Madison,0019 WEATHERLY HGTS BAPT,State Democratic Executive Committee,,DEM,Martha Lynn Sherrod,141
Madison,0019 WEATHERLY HGTS BAPT,State Democratic Executive Committee,,DEM,Tom Ryan,205
Madison,0019 WEATHERLY HGTS BAPT,U.S. House,5,DEM,Andrew Sneed,180
Madison,0019 WEATHERLY HGTS BAPT,U.S. House,5,DEM,Candice Dollar Duvieilh,120
Madison,0019 WEATHERLY HGTS BAPT,U.S. House,5,DEM,Jeremy Devito,105
Madison,0019 WEATHERLY HGTS BAPT,"District Court Judge, Madison County, Place No. 1",,REP,Michael Tewalt,241
Madison,0019 WEATHERLY HGTS BAPT,"District Court Judge, Madison County, Place No. 1",,REP,Tim Douthit,423
Madison,0019 WEATHERLY HGTS BAPT,Lieutenant Governor,,REP,George Childress,20
Madison,0019 WEATHERLY HGTS BAPT,Lieutenant Governor,,REP,John Wahl,284
Madison,0019 WEATHERLY HGTS BAPT,Lieutenant Governor,,REP,Nicole Jones Wadsworth,111
Madison,0019 WEATHERLY HGTS BAPT,Lieutenant Governor,,REP,Pat Bishop,28
Madison,0019 WEATHERLY HGTS BAPT,Lieutenant Governor,,REP,Rick Pate,30
Madison,0019 WEATHERLY HGTS BAPT,Lieutenant Governor,,REP,Stewart Hill Tankersley,27
Madison,0019 WEATHERLY HGTS BAPT,Lieutenant Governor,,REP,Wes Allen,233
Madison,0019 WEATHERLY HGTS BAPT,"Public Service Commission, Place No. 1",,REP,Jeremy H. Oden,211
Madison,0019 WEATHERLY HGTS BAPT,"Public Service Commission, Place No. 1",,REP,Matt Gentry,417
Madison,0019 WEATHERLY HGTS BAPT,"Public Service Commission, Place No. 2",,REP,Brent Woodall,106
Madison,0019 WEATHERLY HGTS BAPT,"Public Service Commission, Place No. 2",,REP,Chris Beeker,159
Madison,0019 WEATHERLY HGTS BAPT,"Public Service Commission, Place No. 2",,REP,Jim Zig Zeigler,288
Madison,0019 WEATHERLY HGTS BAPT,"Public Service Commission, Place No. 2",,REP,Priscilla Andrews,98
Madison,0019 WEATHERLY HGTS BAPT,State Auditor,,REP,Andrew Sorrell,482
Madison,0019 WEATHERLY HGTS BAPT,State Auditor,,REP,Derek Chen,189
Madison,0019 WEATHERLY HGTS BAPT,State House,20,REP,James Lomax,404
Madison,0019 WEATHERLY HGTS BAPT,State House,20,REP,Mo Brooks,355
Madison,0019 WEATHERLY HGTS BAPT,State Treasurer,,REP,Steve Lolley,201
Madison,0019 WEATHERLY HGTS BAPT,State Treasurer,,REP,Young Boozer,489
Madison,0019 WEATHERLY HGTS BAPT,U.S. Senate,,REP,Barry Moore,232
Madison,0019 WEATHERLY HGTS BAPT,U.S. Senate,,REP,Dale Shelton Deas Jr.,29
Madison,0019 WEATHERLY HGTS BAPT,U.S. Senate,,REP,Jared Hudson,166
Madison,0019 WEATHERLY HGTS BAPT,U.S. Senate,,REP,Morgan Murphy,10
Madison,0019 WEATHERLY HGTS BAPT,U.S. Senate,,REP,Rodney Walker,25
Madison,0019 WEATHERLY HGTS BAPT,U.S. Senate,,REP,Seth Burton,85
Madison,0019 WEATHERLY HGTS BAPT,U.S. Senate,,REP,Steve Marshall,203
Madison,0020 ALDERSGATE UMC,Governor,,DEM,"Chad ""Chig"" Martin",11
Madison,0020 ALDERSGATE UMC,Governor,,DEM,Doug Jones,415
Madison,0020 ALDERSGATE UMC,Governor,,DEM,Jamel J. Brown,5
Madison,0020 ALDERSGATE UMC,Governor,,DEM,"Nathan ""Nate"" Mathis",5
Madison,0020 ALDERSGATE UMC,Governor,,DEM,Will Boyd,37
Madison,0020 ALDERSGATE UMC,Governor,,DEM,Yolanda Rochelle Flowers,20
Madison,0020 ALDERSGATE UMC,Lieutenant Governor,,DEM,Darryl D. Perryman,127
Madison,0020 ALDERSGATE UMC,Lieutenant Governor,,DEM,Phillip Ensler,307
Madison,0020 ALDERSGATE UMC,State Democratic Executive Committee,,DEM,Cindi Cassis Branham,224
Madison,0020 ALDERSGATE UMC,State Democratic Executive Committee,,DEM,Eddie Sherrod,179
Madison,0020 ALDERSGATE UMC,State Democratic Executive Committee,,DEM,Martha Lynn Sherrod,193
Madison,0020 ALDERSGATE UMC,State Democratic Executive Committee,,DEM,Tom Ryan,223
Madison,0020 ALDERSGATE UMC,U.S. House,5,DEM,Andrew Sneed,188
Madison,0020 ALDERSGATE UMC,U.S. House,5,DEM,Candice Dollar Duvieilh,138
Madison,0020 ALDERSGATE UMC,U.S. House,5,DEM,Jeremy Devito,140
Madison,0020 ALDERSGATE UMC,"District Court Judge, Madison County, Place No. 1",,REP,Michael Tewalt,274
Madison,0020 ALDERSGATE UMC,"District Court Judge, Madison County, Place No. 1",,REP,Tim Douthit,465
Madison,0020 ALDERSGATE UMC,Lieutenant Governor,,REP,George Childress,30
Madison,0020 ALDERSGATE UMC,Lieutenant Governor,,REP,John Wahl,309
Madison,0020 ALDERSGATE UMC,Lieutenant Governor,,REP,Nicole Jones Wadsworth,89
Madison,0020 ALDERSGATE UMC,Lieutenant Governor,,REP,Pat Bishop,37
Madison,0020 ALDERSGATE UMC,Lieutenant Governor,,REP,Rick Pate,37
Madison,0020 ALDERSGATE UMC,Lieutenant Governor,,REP,Stewart Hill Tankersley,26
Madison,0020 ALDERSGATE UMC,Lieutenant Governor,,REP,Wes Allen,301
Madison,0020 ALDERSGATE UMC,"Public Service Commission, Place No. 1",,REP,Jeremy H. Oden,207
Madison,0020 ALDERSGATE UMC,"Public Service Commission, Place No. 1",,REP,Matt Gentry,465
Madison,0020 ALDERSGATE UMC,"Public Service Commission, Place No. 2",,REP,Brent Woodall,144
Madison,0020 ALDERSGATE UMC,"Public Service Commission, Place No. 2",,REP,Chris Beeker,130
Madison,0020 ALDERSGATE UMC,"Public Service Commission, Place No. 2",,REP,Jim Zig Zeigler,334
Madison,0020 ALDERSGATE UMC,"Public Service Commission, Place No. 2",,REP,Priscilla Andrews,96
Madison,0020 ALDERSGATE UMC,State Auditor,,REP,Andrew Sorrell,555
Madison,0020 ALDERSGATE UMC,State Auditor,,REP,Derek Chen,181
Madison,0020 ALDERSGATE UMC,State House,20,REP,James Lomax,496
Madison,0020 ALDERSGATE UMC,State House,20,REP,Mo Brooks,339
Madison,0020 ALDERSGATE UMC,State Treasurer,,REP,Steve Lolley,199
Madison,0020 ALDERSGATE UMC,State Treasurer,,REP,Young Boozer,565
Madison,0020 ALDERSGATE UMC,U.S. Senate,,REP,Barry Moore,255
Madison,0020 ALDERSGATE UMC,U.S. Senate,,REP,Dale Shelton Deas Jr.,33
Madison,0020 ALDERSGATE UMC,U.S. Senate,,REP,Jared Hudson,174
Madison,0020 ALDERSGATE UMC,U.S. Senate,,REP,Morgan Murphy,16
Madison,0020 ALDERSGATE UMC,U.S. Senate,,REP,Rodney Walker,30
Madison,0020 ALDERSGATE UMC,U.S. Senate,,REP,Seth Burton,90
Madison,0020 ALDERSGATE UMC,U.S. Senate,,REP,Steve Marshall,240
Madison,0021 FARLEY COMM CH,Governor,,DEM,"Chad ""Chig"" Martin",11
Madison,0021 FARLEY COMM CH,Governor,,DEM,Doug Jones,380
Madison,0021 FARLEY COMM CH,Governor,,DEM,Jamel J. Brown,7
Madison,0021 FARLEY COMM CH,Governor,,DEM,"Nathan ""Nate"" Mathis",3
Madison,0021 FARLEY COMM CH,Governor,,DEM,Will Boyd,51
Madison,0021 FARLEY COMM CH,Governor,,DEM,Yolanda Rochelle Flowers,28
Madison,0021 FARLEY COMM CH,Lieutenant Governor,,DEM,Darryl D. Perryman,171
Madison,0021 FARLEY COMM CH,Lieutenant Governor,,DEM,Phillip Ensler,265
Madison,0021 FARLEY COMM CH,State Democratic Executive Committee,,DEM,Blake L. Fleming,151
Madison,0021 FARLEY COMM CH,State Democratic Executive Committee,,DEM,Cindi Cassis Branham,35
Madison,0021 FARLEY COMM CH,State Democratic Executive Committee,,DEM,Eddie Sherrod,30
Madison,0021 FARLEY COMM CH,State Democratic Executive Committee,,DEM,James Maxwell Bosley,143
Madison,0021 FARLEY COMM CH,State Democratic Executive Committee,,DEM,Martha Lynn Sherrod,27
Madison,0021 FARLEY COMM CH,State Democratic Executive Committee,,DEM,Richard Gonel,39
Madison,0021 FARLEY COMM CH,State Democratic Executive Committee,,DEM,Tom Ryan,32
Madison,0021 FARLEY COMM CH,U.S. House,5,DEM,Andrew Sneed,182
Madison,0021 FARLEY COMM CH,U.S. House,5,DEM,Candice Dollar Duvieilh,148
Madison,0021 FARLEY COMM CH,U.S. House,5,DEM,Jeremy Devito,127
Madison,0021 FARLEY COMM CH,"District Court Judge, Madison County, Place No. 1",,REP,Michael Tewalt,247
Madison,0021 FARLEY COMM CH,"District Court Judge, Madison County, Place No. 1",,REP,Tim Douthit,384
Madison,0021 FARLEY COMM CH,Lieutenant Governor,,REP,George Childress,16
Madison,0021 FARLEY COMM CH,Lieutenant Governor,,REP,John Wahl,304
Madison,0021 FARLEY COMM CH,Lieutenant Governor,,REP,Nicole Jones Wadsworth,73
Madison,0021 FARLEY COMM CH,Lieutenant Governor,,REP,Pat Bishop,26
Madison,0021 FARLEY COMM CH,Lieutenant Governor,,REP,Rick Pate,33
Madison,0021 FARLEY COMM CH,Lieutenant Governor,,REP,Stewart Hill Tankersley,21
Madison,0021 FARLEY COMM CH,Lieutenant Governor,,REP,Wes Allen,220
Madison,0021 FARLEY COMM CH,"Public Service Commission, Place No. 1",,REP,Jeremy H. Oden,166
Madison,0021 FARLEY COMM CH,"Public Service Commission, Place No. 1",,REP,Matt Gentry,446
Madison,0021 FARLEY COMM CH,"Public Service Commission, Place No. 2",,REP,Brent Woodall,90
Madison,0021 FARLEY COMM CH,"Public Service Commission, Place No. 2",,REP,Chris Beeker,141
Madison,0021 FARLEY COMM CH,"Public Service Commission, Place No. 2",,REP,Jim Zig Zeigler,288
Madison,0021 FARLEY COMM CH,"Public Service Commission, Place No. 2",,REP,Priscilla Andrews,90
Madison,0021 FARLEY COMM CH,State Auditor,,REP,Andrew Sorrell,460
Madison,0021 FARLEY COMM CH,State Auditor,,REP,Derek Chen,180
Madison,0021 FARLEY COMM CH,State House,20,REP,James Lomax,90
Madison,0021 FARLEY COMM CH,State House,20,REP,Mo Brooks,40
Madison,0021 FARLEY COMM CH,State Treasurer,,REP,Steve Lolley,189
Madison,0021 FARLEY COMM CH,State Treasurer,,REP,Young Boozer,461
Madison,0021 FARLEY COMM CH,U.S. Senate,,REP,Barry Moore,223
Madison,0021 FARLEY COMM CH,U.S. Senate,,REP,Dale Shelton Deas Jr.,27
Madison,0021 FARLEY COMM CH,U.S. Senate,,REP,Jared Hudson,172
Madison,0021 FARLEY COMM CH,U.S. Senate,,REP,Morgan Murphy,7
Madison,0021 FARLEY COMM CH,U.S. Senate,,REP,Rodney Walker,23
Madison,0021 FARLEY COMM CH,U.S. Senate,,REP,Seth Burton,69
Madison,0021 FARLEY COMM CH,U.S. Senate,,REP,Steve Marshall,170
Madison,0022 HILLWOOD BAPT CH,Governor,,DEM,"Chad ""Chig"" Martin",12
Madison,0022 HILLWOOD BAPT CH,Governor,,DEM,Doug Jones,317
Madison,0022 HILLWOOD BAPT CH,Governor,,DEM,Jamel J. Brown,10
Madison,0022 HILLWOOD BAPT CH,Governor,,DEM,"Nathan ""Nate"" Mathis",3
Madison,0022 HILLWOOD BAPT CH,Governor,,DEM,Will Boyd,40
Madison,0022 HILLWOOD BAPT CH,Governor,,DEM,Yolanda Rochelle Flowers,37
Madison,0022 HILLWOOD BAPT CH,Lieutenant Governor,,DEM,Darryl D. Perryman,126
Madison,0022 HILLWOOD BAPT CH,Lieutenant Governor,,DEM,Phillip Ensler,266
Madison,0022 HILLWOOD BAPT CH,State Democratic Executive Committee,,DEM,Cindi Cassis Branham,193
Madison,0022 HILLWOOD BAPT CH,State Democratic Executive Committee,,DEM,Eddie Sherrod,177
Madison,0022 HILLWOOD BAPT CH,State Democratic Executive Committee,,DEM,Martha Lynn Sherrod,182
Madison,0022 HILLWOOD BAPT CH,State Democratic Executive Committee,,DEM,Tom Ryan,192
Madison,0022 HILLWOOD BAPT CH,U.S. House,5,DEM,Andrew Sneed,161
Madison,0022 HILLWOOD BAPT CH,U.S. House,5,DEM,Candice Dollar Duvieilh,126
Madison,0022 HILLWOOD BAPT CH,U.S. House,5,DEM,Jeremy Devito,117
Madison,0022 HILLWOOD BAPT CH,"District Court Judge, Madison County, Place No. 1",,REP,Michael Tewalt,167
Madison,0022 HILLWOOD BAPT CH,"District Court Judge, Madison County, Place No. 1",,REP,Tim Douthit,321
Madison,0022 HILLWOOD BAPT CH,Lieutenant Governor,,REP,George Childress,20
Madison,0022 HILLWOOD BAPT CH,Lieutenant Governor,,REP,John Wahl,237
Madison,0022 HILLWOOD BAPT CH,Lieutenant Governor,,REP,Nicole Jones Wadsworth,74
Madison,0022 HILLWOOD BAPT CH,Lieutenant Governor,,REP,Pat Bishop,27
Madison,0022 HILLWOOD BAPT CH,Lieutenant Governor,,REP,Rick Pate,29
Madison,0022 HILLWOOD BAPT CH,Lieutenant Governor,,REP,Stewart Hill Tankersley,17
Madison,0022 HILLWOOD BAPT CH,Lieutenant Governor,,REP,Wes Allen,177
Madison,0022 HILLWOOD BAPT CH,"Public Service Commission, Place No. 1",,REP,Jeremy H. Oden,153
Madison,0022 HILLWOOD BAPT CH,"Public Service Commission, Place No. 1",,REP,Matt Gentry,326
Madison,0022 HILLWOOD BAPT CH,"Public Service Commission, Place No. 2",,REP,Brent Woodall,85
Madison,0022 HILLWOOD BAPT CH,"Public Service Commission, Place No. 2",,REP,Chris Beeker,95
Madison,0022 HILLWOOD BAPT CH,"Public Service Commission, Place No. 2",,REP,Jim Zig Zeigler,226
Madison,0022 HILLWOOD BAPT CH,"Public Service Commission, Place No. 2",,REP,Priscilla Andrews,80
Madison,0022 HILLWOOD BAPT CH,State Auditor,,REP,Andrew Sorrell,367
Madison,0022 HILLWOOD BAPT CH,State Auditor,,REP,Derek Chen,153
Madison,0022 HILLWOOD BAPT CH,State House,20,REP,James Lomax,333
Madison,0022 HILLWOOD BAPT CH,State House,20,REP,Mo Brooks,262
Madison,0022 HILLWOOD BAPT CH,State Treasurer,,REP,Steve Lolley,155
Madison,0022 HILLWOOD BAPT CH,State Treasurer,,REP,Young Boozer,376
Madison,0022 HILLWOOD BAPT CH,U.S. Senate,,REP,Barry Moore,173
Madison,0022 HILLWOOD BAPT CH,U.S. Senate,,REP,Dale Shelton Deas Jr.,25
Madison,0022 HILLWOOD BAPT CH,U.S. Senate,,REP,Jared Hudson,130
Madison,0022 HILLWOOD BAPT CH,U.S. Senate,,REP,Morgan Murphy,15
Madison,0022 HILLWOOD BAPT CH,U.S. Senate,,REP,Rodney Walker,29
Madison,0022 HILLWOOD BAPT CH,U.S. Senate,,REP,Seth Burton,71
Madison,0022 HILLWOOD BAPT CH,U.S. Senate,,REP,Steve Marshall,145
Madison,0023 COMM FELLOWSHIP,Governor,,DEM,"Chad ""Chig"" Martin",10
Madison,0023 COMM FELLOWSHIP,Governor,,DEM,Doug Jones,341
Madison,0023 COMM FELLOWSHIP,Governor,,DEM,Jamel J. Brown,5
Madison,0023 COMM FELLOWSHIP,Governor,,DEM,"Nathan ""Nate"" Mathis",2
Madison,0023 COMM FELLOWSHIP,Governor,,DEM,Will Boyd,48
Madison,0023 COMM FELLOWSHIP,Governor,,DEM,Yolanda Rochelle Flowers,22
Madison,0023 COMM FELLOWSHIP,Lieutenant Governor,,DEM,Darryl D. Perryman,108
Madison,0023 COMM FELLOWSHIP,Lieutenant Governor,,DEM,Phillip Ensler,260
Madison,0023 COMM FELLOWSHIP,State Democratic Executive Committee,,DEM,Blake L. Fleming,157
Madison,0023 COMM FELLOWSHIP,State Democratic Executive Committee,,DEM,James Maxwell Bosley,125
Madison,0023 COMM FELLOWSHIP,State Democratic Executive Committee,,DEM,Richard Gonel,36
Madison,0023 COMM FELLOWSHIP,U.S. House,5,DEM,Andrew Sneed,165
Madison,0023 COMM FELLOWSHIP,U.S. House,5,DEM,Candice Dollar Duvieilh,134
Madison,0023 COMM FELLOWSHIP,U.S. House,5,DEM,Jeremy Devito,103
Madison,0023 COMM FELLOWSHIP,"District Court Judge, Madison County, Place No. 1",,REP,Michael Tewalt,209
Madison,0023 COMM FELLOWSHIP,"District Court Judge, Madison County, Place No. 1",,REP,Tim Douthit,380
Madison,0023 COMM FELLOWSHIP,Lieutenant Governor,,REP,George Childress,11
Madison,0023 COMM FELLOWSHIP,Lieutenant Governor,,REP,John Wahl,258
Madison,0023 COMM FELLOWSHIP,Lieutenant Governor,,REP,Nicole Jones Wadsworth,63
Madison,0023 COMM FELLOWSHIP,Lieutenant Governor,,REP,Pat Bishop,35
Madison,0023 COMM FELLOWSHIP,Lieutenant Governor,,REP,Rick Pate,30
Madison,0023 COMM FELLOWSHIP,Lieutenant Governor,,REP,Stewart Hill Tankersley,28
Madison,0023 COMM FELLOWSHIP,Lieutenant Governor,,REP,Wes Allen,226
Madison,0023 COMM FELLOWSHIP,"Public Service Commission, Place No. 1",,REP,Jeremy H. Oden,187
Madison,0023 COMM FELLOWSHIP,"Public Service Commission, Place No. 1",,REP,Matt Gentry,375
Madison,0023 COMM FELLOWSHIP,"Public Service Commission, Place No. 2",,REP,Brent Woodall,101
Madison,0023 COMM FELLOWSHIP,"Public Service Commission, Place No. 2",,REP,Chris Beeker,127
Madison,0023 COMM FELLOWSHIP,"Public Service Commission, Place No. 2",,REP,Jim Zig Zeigler,262
Madison,0023 COMM FELLOWSHIP,"Public Service Commission, Place No. 2",,REP,Priscilla Andrews,88
Madison,0023 COMM FELLOWSHIP,State Auditor,,REP,Andrew Sorrell,421
Madison,0023 COMM FELLOWSHIP,State Auditor,,REP,Derek Chen,180
Madison,0023 COMM FELLOWSHIP,State Treasurer,,REP,Steve Lolley,154
Madison,0023 COMM FELLOWSHIP,State Treasurer,,REP,Young Boozer,455
Madison,0023 COMM FELLOWSHIP,U.S. Senate,,REP,Barry Moore,200
Madison,0023 COMM FELLOWSHIP,U.S. Senate,,REP,Dale Shelton Deas Jr.,29
Madison,0023 COMM FELLOWSHIP,U.S. Senate,,REP,Jared Hudson,149
Madison,0023 COMM FELLOWSHIP,U.S. Senate,,REP,Morgan Murphy,10
Madison,0023 COMM FELLOWSHIP,U.S. Senate,,REP,Rodney Walker,16
Madison,0023 COMM FELLOWSHIP,U.S. Senate,,REP,Seth Burton,63
Madison,0023 COMM FELLOWSHIP,U.S. Senate,,REP,Steve Marshall,199
Madison,0024 OAKWOOD UNIVERSITY CH,Governor,,DEM,"Chad ""Chig"" Martin",16
Madison,0024 OAKWOOD UNIVERSITY CH,Governor,,DEM,Doug Jones,728
Madison,0024 OAKWOOD UNIVERSITY CH,Governor,,DEM,Jamel J. Brown,24
Madison,0024 OAKWOOD UNIVERSITY CH,Governor,,DEM,"Nathan ""Nate"" Mathis",9
Madison,0024 OAKWOOD UNIVERSITY CH,Governor,,DEM,Will Boyd,122
Madison,0024 OAKWOOD UNIVERSITY CH,Governor,,DEM,Yolanda Rochelle Flowers,67
Madison,0024 OAKWOOD UNIVERSITY CH,Lieutenant Governor,,DEM,Darryl D. Perryman,402
Madison,0024 OAKWOOD UNIVERSITY CH,Lieutenant Governor,,DEM,Phillip Ensler,509
Madison,0024 OAKWOOD UNIVERSITY CH,State Senate,2,DEM,Alex House,329
Madison,0024 OAKWOOD UNIVERSITY CH,State Senate,2,DEM,Guy Sotomayor,192
Madison,0024 OAKWOOD UNIVERSITY CH,State Senate,2,DEM,Rudolph Valentino Drake,358
Madison,0024 OAKWOOD UNIVERSITY CH,U.S. House,5,DEM,Andrew Sneed,428
Madison,0024 OAKWOOD UNIVERSITY CH,U.S. House,5,DEM,Candice Dollar Duvieilh,342
Madison,0024 OAKWOOD UNIVERSITY CH,U.S. House,5,DEM,Jeremy Devito,157
Madison,0024 OAKWOOD UNIVERSITY CH,"District Court Judge, Madison County, Place No. 1",,REP,Michael Tewalt,45
Madison,0024 OAKWOOD UNIVERSITY CH,"District Court Judge, Madison County, Place No. 1",,REP,Tim Douthit,65
Madison,0024 OAKWOOD UNIVERSITY CH,"Districts 4 & 6, Place No. 2",,REP,Shannon Dempsey,52
Madison,0024 OAKWOOD UNIVERSITY CH,"Districts 4 & 6, Place No. 2",,REP,Sydney Dean,47
Madison,0024 OAKWOOD UNIVERSITY CH,Lieutenant Governor,,REP,George Childress,6
Madison,0024 OAKWOOD UNIVERSITY CH,Lieutenant Governor,,REP,John Wahl,46
Madison,0024 OAKWOOD UNIVERSITY CH,Lieutenant Governor,,REP,Nicole Jones Wadsworth,9
Madison,0024 OAKWOOD UNIVERSITY CH,Lieutenant Governor,,REP,Pat Bishop,6
Madison,0024 OAKWOOD UNIVERSITY CH,Lieutenant Governor,,REP,Rick Pate,3
Madison,0024 OAKWOOD UNIVERSITY CH,Lieutenant Governor,,REP,Stewart Hill Tankersley,5
Madison,0024 OAKWOOD UNIVERSITY CH,Lieutenant Governor,,REP,Wes Allen,45
Madison,0024 OAKWOOD UNIVERSITY CH,"Public Service Commission, Place No. 1",,REP,Jeremy H. Oden,37
Madison,0024 OAKWOOD UNIVERSITY CH,"Public Service Commission, Place No. 1",,REP,Matt Gentry,71
Madison,0024 OAKWOOD UNIVERSITY CH,"Public Service Commission, Place No. 2",,REP,Brent Woodall,17
Madison,0024 OAKWOOD UNIVERSITY CH,"Public Service Commission, Place No. 2",,REP,Chris Beeker,22
Madison,0024 OAKWOOD UNIVERSITY CH,"Public Service Commission, Place No. 2",,REP,Jim Zig Zeigler,52
Madison,0024 OAKWOOD UNIVERSITY CH,"Public Service Commission, Place No. 2",,REP,Priscilla Andrews,20
Madison,0024 OAKWOOD UNIVERSITY CH,State Auditor,,REP,Andrew Sorrell,78
Madison,0024 OAKWOOD UNIVERSITY CH,State Auditor,,REP,Derek Chen,34
Madison,0024 OAKWOOD UNIVERSITY CH,State Treasurer,,REP,Steve Lolley,40
Madison,0024 OAKWOOD UNIVERSITY CH,State Treasurer,,REP,Young Boozer,75
Madison,0024 OAKWOOD UNIVERSITY CH,U.S. Senate,,REP,Barry Moore,51
Madison,0024 OAKWOOD UNIVERSITY CH,U.S. Senate,,REP,Dale Shelton Deas Jr.,8
Madison,0024 OAKWOOD UNIVERSITY CH,U.S. Senate,,REP,Jared Hudson,19
Madison,0024 OAKWOOD UNIVERSITY CH,U.S. Senate,,REP,Morgan Murphy,3
Madison,0024 OAKWOOD UNIVERSITY CH,U.S. Senate,,REP,Rodney Walker,5
Madison,0024 OAKWOOD UNIVERSITY CH,U.S. Senate,,REP,Seth Burton,14
Madison,0024 OAKWOOD UNIVERSITY CH,U.S. Senate,,REP,Steve Marshall,20
Madison,0025 CLUBHOUSE ON GREEN MT,Governor,,DEM,"Chad ""Chig"" Martin",0
Madison,0025 CLUBHOUSE ON GREEN MT,Governor,,DEM,Doug Jones,93
Madison,0025 CLUBHOUSE ON GREEN MT,Governor,,DEM,Jamel J. Brown,2
Madison,0025 CLUBHOUSE ON GREEN MT,Governor,,DEM,"Nathan ""Nate"" Mathis",1
Madison,0025 CLUBHOUSE ON GREEN MT,Governor,,DEM,Will Boyd,14
Madison,0025 CLUBHOUSE ON GREEN MT,Governor,,DEM,Yolanda Rochelle Flowers,3
Madison,0025 CLUBHOUSE ON GREEN MT,Lieutenant Governor,,DEM,Darryl D. Perryman,21
Madison,0025 CLUBHOUSE ON GREEN MT,Lieutenant Governor,,DEM,Phillip Ensler,78
Madison,0025 CLUBHOUSE ON GREEN MT,State Democratic Executive Committee,,DEM,Cindi Cassis Branham,36
Madison,0025 CLUBHOUSE ON GREEN MT,State Democratic Executive Committee,,DEM,Eddie Sherrod,37
Madison,0025 CLUBHOUSE ON GREEN MT,State Democratic Executive Committee,,DEM,Martha Lynn Sherrod,48
Madison,0025 CLUBHOUSE ON GREEN MT,State Democratic Executive Committee,,DEM,Tom Ryan,42
Madison,0025 CLUBHOUSE ON GREEN MT,U.S. House,5,DEM,Andrew Sneed,38
Madison,0025 CLUBHOUSE ON GREEN MT,U.S. House,5,DEM,Candice Dollar Duvieilh,37
Madison,0025 CLUBHOUSE ON GREEN MT,U.S. House,5,DEM,Jeremy Devito,28
Madison,0025 CLUBHOUSE ON GREEN MT,"District Court Judge, Madison County, Place No. 1",,REP,Michael Tewalt,102
Madison,0025 CLUBHOUSE ON GREEN MT,"District Court Judge, Madison County, Place No. 1",,REP,Tim Douthit,164
Madison,0025 CLUBHOUSE ON GREEN MT,Lieutenant Governor,,REP,George Childress,10
Madison,0025 CLUBHOUSE ON GREEN MT,Lieutenant Governor,,REP,John Wahl,113
Madison,0025 CLUBHOUSE ON GREEN MT,Lieutenant Governor,,REP,Nicole Jones Wadsworth,35
Madison,0025 CLUBHOUSE ON GREEN MT,Lieutenant Governor,,REP,Pat Bishop,17
Madison,0025 CLUBHOUSE ON GREEN MT,Lieutenant Governor,,REP,Rick Pate,8
Madison,0025 CLUBHOUSE ON GREEN MT,Lieutenant Governor,,REP,Stewart Hill Tankersley,8
Madison,0025 CLUBHOUSE ON GREEN MT,Lieutenant Governor,,REP,Wes Allen,106
Madison,0025 CLUBHOUSE ON GREEN MT,"Madison County Republican Executive Committee, District 3, Place 2",,REP,Bree Willbourn,66
Madison,0025 CLUBHOUSE ON GREEN MT,"Madison County Republican Executive Committee, District 3, Place 2",,REP,Keith Kizer,98
Madison,0025 CLUBHOUSE ON GREEN MT,"Public Service Commission, Place No. 1",,REP,Jeremy H. Oden,53
Madison,0025 CLUBHOUSE ON GREEN MT,"Public Service Commission, Place No. 1",,REP,Matt Gentry,189
Madison,0025 CLUBHOUSE ON GREEN MT,"Public Service Commission, Place No. 2",,REP,Brent Woodall,56
Madison,0025 CLUBHOUSE ON GREEN MT,"Public Service Commission, Place No. 2",,REP,Chris Beeker,51
Madison,0025 CLUBHOUSE ON GREEN MT,"Public Service Commission, Place No. 2",,REP,Jim Zig Zeigler,110
Madison,0025 CLUBHOUSE ON GREEN MT,"Public Service Commission, Place No. 2",,REP,Priscilla Andrews,45
Madison,0025 CLUBHOUSE ON GREEN MT,State Auditor,,REP,Andrew Sorrell,178
Madison,0025 CLUBHOUSE ON GREEN MT,State Auditor,,REP,Derek Chen,97
Madison,0025 CLUBHOUSE ON GREEN MT,State House,20,REP,James Lomax,172
Madison,0025 CLUBHOUSE ON GREEN MT,State House,20,REP,Mo Brooks,132
Madison,0025 CLUBHOUSE ON GREEN MT,"State Republican Executive Committee, District 3, Place 3",,REP,Brad Taylor,104
Madison,0025 CLUBHOUSE ON GREEN MT,"State Republican Executive Committee, District 3, Place 3",,REP,Stephanie A Miles,68
Madison,0025 CLUBHOUSE ON GREEN MT,State Treasurer,,REP,Steve Lolley,82
Madison,0025 CLUBHOUSE ON GREEN MT,State Treasurer,,REP,Young Boozer,195
Madison,0025 CLUBHOUSE ON GREEN MT,U.S. Senate,,REP,Barry Moore,113
Madison,0025 CLUBHOUSE ON GREEN MT,U.S. Senate,,REP,Dale Shelton Deas Jr.,8
Madison,0025 CLUBHOUSE ON GREEN MT,U.S. Senate,,REP,Jared Hudson,69
Madison,0025 CLUBHOUSE ON GREEN MT,U.S. Senate,,REP,Morgan Murphy,4
Madison,0025 CLUBHOUSE ON GREEN MT,U.S. Senate,,REP,Rodney Walker,3
Madison,0025 CLUBHOUSE ON GREEN MT,U.S. Senate,,REP,Seth Burton,46
Madison,0025 CLUBHOUSE ON GREEN MT,U.S. Senate,,REP,Steve Marshall,61
Madison,0026 ST MATTHEWS PB CH,Governor,,DEM,"Chad ""Chig"" Martin",4
Madison,0026 ST MATTHEWS PB CH,Governor,,DEM,Doug Jones,320
Madison,0026 ST MATTHEWS PB CH,Governor,,DEM,Jamel J. Brown,17
Madison,0026 ST MATTHEWS PB CH,Governor,,DEM,"Nathan ""Nate"" Mathis",5
Madison,0026 ST MATTHEWS PB CH,Governor,,DEM,Will Boyd,33
Madison,0026 ST MATTHEWS PB CH,Governor,,DEM,Yolanda Rochelle Flowers,44
Madison,0026 ST MATTHEWS PB CH,Lieutenant Governor,,DEM,Darryl D. Perryman,192
Madison,0026 ST MATTHEWS PB CH,Lieutenant Governor,,DEM,Phillip Ensler,201
Madison,0026 ST MATTHEWS PB CH,U.S. House,5,DEM,Andrew Sneed,163
Madison,0026 ST MATTHEWS PB CH,U.S. House,5,DEM,Candice Dollar Duvieilh,163
Madison,0026 ST MATTHEWS PB CH,U.S. House,5,DEM,Jeremy Devito,71
Madison,0026 ST MATTHEWS PB CH,"District Court Judge, Madison County, Place No. 1",,REP,Michael Tewalt,22
Madison,0026 ST MATTHEWS PB CH,"District Court Judge, Madison County, Place No. 1",,REP,Tim Douthit,33
Madison,0026 ST MATTHEWS PB CH,"Districts 4 & 6, Place No. 2",,REP,Shannon Dempsey,23
Madison,0026 ST MATTHEWS PB CH,"Districts 4 & 6, Place No. 2",,REP,Sydney Dean,25
Madison,0026 ST MATTHEWS PB CH,Lieutenant Governor,,REP,George Childress,1
Madison,0026 ST MATTHEWS PB CH,Lieutenant Governor,,REP,John Wahl,24
Madison,0026 ST MATTHEWS PB CH,Lieutenant Governor,,REP,Nicole Jones Wadsworth,6
Madison,0026 ST MATTHEWS PB CH,Lieutenant Governor,,REP,Pat Bishop,3
Madison,0026 ST MATTHEWS PB CH,Lieutenant Governor,,REP,Rick Pate,3
Madison,0026 ST MATTHEWS PB CH,Lieutenant Governor,,REP,Stewart Hill Tankersley,0
Madison,0026 ST MATTHEWS PB CH,Lieutenant Governor,,REP,Wes Allen,26
Madison,0026 ST MATTHEWS PB CH,"Public Service Commission, Place No. 1",,REP,Jeremy H. Oden,19
Madison,0026 ST MATTHEWS PB CH,"Public Service Commission, Place No. 1",,REP,Matt Gentry,35
Madison,0026 ST MATTHEWS PB CH,"Public Service Commission, Place No. 2",,REP,Brent Woodall,8
Madison,0026 ST MATTHEWS PB CH,"Public Service Commission, Place No. 2",,REP,Chris Beeker,16
Madison,0026 ST MATTHEWS PB CH,"Public Service Commission, Place No. 2",,REP,Jim Zig Zeigler,27
Madison,0026 ST MATTHEWS PB CH,"Public Service Commission, Place No. 2",,REP,Priscilla Andrews,8
Madison,0026 ST MATTHEWS PB CH,State Auditor,,REP,Andrew Sorrell,47
Madison,0026 ST MATTHEWS PB CH,State Auditor,,REP,Derek Chen,14
Madison,0026 ST MATTHEWS PB CH,State Treasurer,,REP,Steve Lolley,14
Madison,0026 ST MATTHEWS PB CH,State Treasurer,,REP,Young Boozer,43
Madison,0026 ST MATTHEWS PB CH,U.S. Senate,,REP,Barry Moore,20
Madison,0026 ST MATTHEWS PB CH,U.S. Senate,,REP,Dale Shelton Deas Jr.,3
Madison,0026 ST MATTHEWS PB CH,U.S. Senate,,REP,Jared Hudson,9
Madison,0026 ST MATTHEWS PB CH,U.S. Senate,,REP,Morgan Murphy,0
Madison,0026 ST MATTHEWS PB CH,U.S. Senate,,REP,Rodney Walker,7
Madison,0026 ST MATTHEWS PB CH,U.S. Senate,,REP,Seth Burton,3
Madison,0026 ST MATTHEWS PB CH,U.S. Senate,,REP,Steve Marshall,23
Madison,0027 FIRST MISSIONARY BAPT,Governor,,DEM,"Chad ""Chig"" Martin",9
Madison,0027 FIRST MISSIONARY BAPT,Governor,,DEM,Doug Jones,546
Madison,0027 FIRST MISSIONARY BAPT,Governor,,DEM,Jamel J. Brown,14
Madison,0027 FIRST MISSIONARY BAPT,Governor,,DEM,"Nathan ""Nate"" Mathis",3
Madison,0027 FIRST MISSIONARY BAPT,Governor,,DEM,Will Boyd,86
Madison,0027 FIRST MISSIONARY BAPT,Governor,,DEM,Yolanda Rochelle Flowers,45
Madison,0027 FIRST MISSIONARY BAPT,Lieutenant Governor,,DEM,Darryl D. Perryman,287
Madison,0027 FIRST MISSIONARY BAPT,Lieutenant Governor,,DEM,Phillip Ensler,365
Madison,0027 FIRST MISSIONARY BAPT,U.S. House,5,DEM,Andrew Sneed,347
Madison,0027 FIRST MISSIONARY BAPT,U.S. House,5,DEM,Candice Dollar Duvieilh,218
Madison,0027 FIRST MISSIONARY BAPT,U.S. House,5,DEM,Jeremy Devito,109
Madison,0027 FIRST MISSIONARY BAPT,"District Court Judge, Madison County, Place No. 1",,REP,Michael Tewalt,14
Madison,0027 FIRST MISSIONARY BAPT,"District Court Judge, Madison County, Place No. 1",,REP,Tim Douthit,18
Madison,0027 FIRST MISSIONARY BAPT,"Districts 4 & 6, Place No. 2",,REP,Shannon Dempsey,12
Madison,0027 FIRST MISSIONARY BAPT,"Districts 4 & 6, Place No. 2",,REP,Sydney Dean,17
Madison,0027 FIRST MISSIONARY BAPT,Lieutenant Governor,,REP,George Childress,0
Madison,0027 FIRST MISSIONARY BAPT,Lieutenant Governor,,REP,John Wahl,10
Madison,0027 FIRST MISSIONARY BAPT,Lieutenant Governor,,REP,Nicole Jones Wadsworth,4
Madison,0027 FIRST MISSIONARY BAPT,Lieutenant Governor,,REP,Pat Bishop,4
Madison,0027 FIRST MISSIONARY BAPT,Lieutenant Governor,,REP,Rick Pate,3
Madison,0027 FIRST MISSIONARY BAPT,Lieutenant Governor,,REP,Stewart Hill Tankersley,1
Madison,0027 FIRST MISSIONARY BAPT,Lieutenant Governor,,REP,Wes Allen,15
Madison,0027 FIRST MISSIONARY BAPT,"Public Service Commission, Place No. 1",,REP,Jeremy H. Oden,16
Madison,0027 FIRST MISSIONARY BAPT,"Public Service Commission, Place No. 1",,REP,Matt Gentry,16
Madison,0027 FIRST MISSIONARY BAPT,"Public Service Commission, Place No. 2",,REP,Brent Woodall,5
Madison,0027 FIRST MISSIONARY BAPT,"Public Service Commission, Place No. 2",,REP,Chris Beeker,13
Madison,0027 FIRST MISSIONARY BAPT,"Public Service Commission, Place No. 2",,REP,Jim Zig Zeigler,12
Madison,0027 FIRST MISSIONARY BAPT,"Public Service Commission, Place No. 2",,REP,Priscilla Andrews,5
Madison,0027 FIRST MISSIONARY BAPT,State Auditor,,REP,Andrew Sorrell,25
Madison,0027 FIRST MISSIONARY BAPT,State Auditor,,REP,Derek Chen,11
Madison,0027 FIRST MISSIONARY BAPT,State Treasurer,,REP,Steve Lolley,15
Madison,0027 FIRST MISSIONARY BAPT,State Treasurer,,REP,Young Boozer,21
Madison,0027 FIRST MISSIONARY BAPT,U.S. Senate,,REP,Barry Moore,8
Madison,0027 FIRST MISSIONARY BAPT,U.S. Senate,,REP,Dale Shelton Deas Jr.,6
Madison,0027 FIRST MISSIONARY BAPT,U.S. Senate,,REP,Jared Hudson,4
Madison,0027 FIRST MISSIONARY BAPT,U.S. Senate,,REP,Morgan Murphy,0
Madison,0027 FIRST MISSIONARY BAPT,U.S. Senate,,REP,Rodney Walker,3
Madison,0027 FIRST MISSIONARY BAPT,U.S. Senate,,REP,Seth Burton,3
Madison,0027 FIRST MISSIONARY BAPT,U.S. Senate,,REP,Steve Marshall,14
Madison,0028 DR RICHARD SHOWERS CTR,Governor,,DEM,"Chad ""Chig"" Martin",9
Madison,0028 DR RICHARD SHOWERS CTR,Governor,,DEM,Doug Jones,418
Madison,0028 DR RICHARD SHOWERS CTR,Governor,,DEM,Jamel J. Brown,21
Madison,0028 DR RICHARD SHOWERS CTR,Governor,,DEM,"Nathan ""Nate"" Mathis",3
Madison,0028 DR RICHARD SHOWERS CTR,Governor,,DEM,Will Boyd,60
Madison,0028 DR RICHARD SHOWERS CTR,Governor,,DEM,Yolanda Rochelle Flowers,24
Madison,0028 DR RICHARD SHOWERS CTR,Lieutenant Governor,,DEM,Darryl D. Perryman,228
Madison,0028 DR RICHARD SHOWERS CTR,Lieutenant Governor,,DEM,Phillip Ensler,268
Madison,0028 DR RICHARD SHOWERS CTR,U.S. House,5,DEM,Andrew Sneed,260
Madison,0028 DR RICHARD SHOWERS CTR,U.S. House,5,DEM,Candice Dollar Duvieilh,155
Madison,0028 DR RICHARD SHOWERS CTR,U.S. House,5,DEM,Jeremy Devito,97
Madison,0028 DR RICHARD SHOWERS CTR,"District Court Judge, Madison County, Place No. 1",,REP,Michael Tewalt,10
Madison,0028 DR RICHARD SHOWERS CTR,"District Court Judge, Madison County, Place No. 1",,REP,Tim Douthit,11
Madison,0028 DR RICHARD SHOWERS CTR,"Districts 4 & 6, Place No. 2",,REP,Shannon Dempsey,11
Madison,0028 DR RICHARD SHOWERS CTR,"Districts 4 & 6, Place No. 2",,REP,Sydney Dean,10
Madison,0028 DR RICHARD SHOWERS CTR,Lieutenant Governor,,REP,George Childress,2
Madison,0028 DR RICHARD SHOWERS CTR,Lieutenant Governor,,REP,John Wahl,9
Madison,0028 DR RICHARD SHOWERS CTR,Lieutenant Governor,,REP,Nicole Jones Wadsworth,1
Madison,0028 DR RICHARD SHOWERS CTR,Lieutenant Governor,,REP,Pat Bishop,2
Madison,0028 DR RICHARD SHOWERS CTR,Lieutenant Governor,,REP,Rick Pate,2
Madison,0028 DR RICHARD SHOWERS CTR,Lieutenant Governor,,REP,Stewart Hill Tankersley,0
Madison,0028 DR RICHARD SHOWERS CTR,Lieutenant Governor,,REP,Wes Allen,5
Madison,0028 DR RICHARD SHOWERS CTR,"Public Service Commission, Place No. 1",,REP,Jeremy H. Oden,11
Madison,0028 DR RICHARD SHOWERS CTR,"Public Service Commission, Place No. 1",,REP,Matt Gentry,9
Madison,0028 DR RICHARD SHOWERS CTR,"Public Service Commission, Place No. 2",,REP,Brent Woodall,3
Madison,0028 DR RICHARD SHOWERS CTR,"Public Service Commission, Place No. 2",,REP,Chris Beeker,2
Madison,0028 DR RICHARD SHOWERS CTR,"Public Service Commission, Place No. 2",,REP,Jim Zig Zeigler,8
Madison,0028 DR RICHARD SHOWERS CTR,"Public Service Commission, Place No. 2",,REP,Priscilla Andrews,8
Madison,0028 DR RICHARD SHOWERS CTR,State Auditor,,REP,Andrew Sorrell,15
Madison,0028 DR RICHARD SHOWERS CTR,State Auditor,,REP,Derek Chen,5
Madison,0028 DR RICHARD SHOWERS CTR,State Treasurer,,REP,Steve Lolley,5
Madison,0028 DR RICHARD SHOWERS CTR,State Treasurer,,REP,Young Boozer,16
Madison,0028 DR RICHARD SHOWERS CTR,U.S. Senate,,REP,Barry Moore,10
Madison,0028 DR RICHARD SHOWERS CTR,U.S. Senate,,REP,Dale Shelton Deas Jr.,0
Madison,0028 DR RICHARD SHOWERS CTR,U.S. Senate,,REP,Jared Hudson,1
Madison,0028 DR RICHARD SHOWERS CTR,U.S. Senate,,REP,Morgan Murphy,3
Madison,0028 DR RICHARD SHOWERS CTR,U.S. Senate,,REP,Rodney Walker,2
Madison,0028 DR RICHARD SHOWERS CTR,U.S. Senate,,REP,Seth Burton,0
Madison,0028 DR RICHARD SHOWERS CTR,U.S. Senate,,REP,Steve Marshall,5
Madison,0029 HOUSE OF HOPE & REST,Governor,,DEM,"Chad ""Chig"" Martin",12
Madison,0029 HOUSE OF HOPE & REST,Governor,,DEM,Doug Jones,637
Madison,0029 HOUSE OF HOPE & REST,Governor,,DEM,Jamel J. Brown,25
Madison,0029 HOUSE OF HOPE & REST,Governor,,DEM,"Nathan ""Nate"" Mathis",3
Madison,0029 HOUSE OF HOPE & REST,Governor,,DEM,Will Boyd,103
Madison,0029 HOUSE OF HOPE & REST,Governor,,DEM,Yolanda Rochelle Flowers,53
Madison,0029 HOUSE OF HOPE & REST,Lieutenant Governor,,DEM,Darryl D. Perryman,257
Madison,0029 HOUSE OF HOPE & REST,Lieutenant Governor,,DEM,Phillip Ensler,536
Madison,0029 HOUSE OF HOPE & REST,State Senate,2,DEM,Alex House,121
Madison,0029 HOUSE OF HOPE & REST,State Senate,2,DEM,Guy Sotomayor,67
Madison,0029 HOUSE OF HOPE & REST,State Senate,2,DEM,Rudolph Valentino Drake,115
Madison,0029 HOUSE OF HOPE & REST,U.S. House,5,DEM,Andrew Sneed,377
Madison,0029 HOUSE OF HOPE & REST,U.S. House,5,DEM,Candice Dollar Duvieilh,302
Madison,0029 HOUSE OF HOPE & REST,U.S. House,5,DEM,Jeremy Devito,117
Madison,0029 HOUSE OF HOPE & REST,"District Court Judge, Madison County, Place No. 1",,REP,Michael Tewalt,20
Madison,0029 HOUSE OF HOPE & REST,"District Court Judge, Madison County, Place No. 1",,REP,Tim Douthit,23
Madison,0029 HOUSE OF HOPE & REST,"Districts 4 & 6, Place No. 2",,REP,Shannon Dempsey,21
Madison,0029 HOUSE OF HOPE & REST,"Districts 4 & 6, Place No. 2",,REP,Sydney Dean,15
Madison,0029 HOUSE OF HOPE & REST,Lieutenant Governor,,REP,George Childress,2
Madison,0029 HOUSE OF HOPE & REST,Lieutenant Governor,,REP,John Wahl,15
Madison,0029 HOUSE OF HOPE & REST,Lieutenant Governor,,REP,Nicole Jones Wadsworth,6
Madison,0029 HOUSE OF HOPE & REST,Lieutenant Governor,,REP,Pat Bishop,3
Madison,0029 HOUSE OF HOPE & REST,Lieutenant Governor,,REP,Rick Pate,3
Madison,0029 HOUSE OF HOPE & REST,Lieutenant Governor,,REP,Stewart Hill Tankersley,1
Madison,0029 HOUSE OF HOPE & REST,Lieutenant Governor,,REP,Wes Allen,16
Madison,0029 HOUSE OF HOPE & REST,"Public Service Commission, Place No. 1",,REP,Jeremy H. Oden,21
Madison,0029 HOUSE OF HOPE & REST,"Public Service Commission, Place No. 1",,REP,Matt Gentry,21
Madison,0029 HOUSE OF HOPE & REST,"Public Service Commission, Place No. 2",,REP,Brent Woodall,13
Madison,0029 HOUSE OF HOPE & REST,"Public Service Commission, Place No. 2",,REP,Chris Beeker,5
Madison,0029 HOUSE OF HOPE & REST,"Public Service Commission, Place No. 2",,REP,Jim Zig Zeigler,19
Madison,0029 HOUSE OF HOPE & REST,"Public Service Commission, Place No. 2",,REP,Priscilla Andrews,7
Madison,0029 HOUSE OF HOPE & REST,State Auditor,,REP,Andrew Sorrell,32
Madison,0029 HOUSE OF HOPE & REST,State Auditor,,REP,Derek Chen,12
Madison,0029 HOUSE OF HOPE & REST,State Treasurer,,REP,Steve Lolley,12
Madison,0029 HOUSE OF HOPE & REST,State Treasurer,,REP,Young Boozer,31
Madison,0029 HOUSE OF HOPE & REST,U.S. Senate,,REP,Barry Moore,14
Madison,0029 HOUSE OF HOPE & REST,U.S. Senate,,REP,Dale Shelton Deas Jr.,2
Madison,0029 HOUSE OF HOPE & REST,U.S. Senate,,REP,Jared Hudson,6
Madison,0029 HOUSE OF HOPE & REST,U.S. Senate,,REP,Morgan Murphy,2
Madison,0029 HOUSE OF HOPE & REST,U.S. Senate,,REP,Rodney Walker,5
Madison,0029 HOUSE OF HOPE & REST,U.S. Senate,,REP,Seth Burton,2
Madison,0029 HOUSE OF HOPE & REST,U.S. Senate,,REP,Steve Marshall,15
Madison,0030 BOB HARRISON SR CTR,Governor,,DEM,"Chad ""Chig"" Martin",3
Madison,0030 BOB HARRISON SR CTR,Governor,,DEM,Doug Jones,762
Madison,0030 BOB HARRISON SR CTR,Governor,,DEM,Jamel J. Brown,26
Madison,0030 BOB HARRISON SR CTR,Governor,,DEM,"Nathan ""Nate"" Mathis",7
Madison,0030 BOB HARRISON SR CTR,Governor,,DEM,Will Boyd,109
Madison,0030 BOB HARRISON SR CTR,Governor,,DEM,Yolanda Rochelle Flowers,64
Madison,0030 BOB HARRISON SR CTR,Lieutenant Governor,,DEM,Darryl D. Perryman,378
Madison,0030 BOB HARRISON SR CTR,Lieutenant Governor,,DEM,Phillip Ensler,552
Madison,0030 BOB HARRISON SR CTR,U.S. House,5,DEM,Andrew Sneed,474
Madison,0030 BOB HARRISON SR CTR,U.S. House,5,DEM,Candice Dollar Duvieilh,325
Madison,0030 BOB HARRISON SR CTR,U.S. House,5,DEM,Jeremy Devito,134
Madison,0030 BOB HARRISON SR CTR,"District Court Judge, Madison County, Place No. 1",,REP,Michael Tewalt,23
Madison,0030 BOB HARRISON SR CTR,"District Court Judge, Madison County, Place No. 1",,REP,Tim Douthit,51
Madison,0030 BOB HARRISON SR CTR,"Districts 4 & 6, Place No. 2",,REP,Shannon Dempsey,29
Madison,0030 BOB HARRISON SR CTR,"Districts 4 & 6, Place No. 2",,REP,Sydney Dean,32
Madison,0030 BOB HARRISON SR CTR,Lieutenant Governor,,REP,George Childress,3
Madison,0030 BOB HARRISON SR CTR,Lieutenant Governor,,REP,John Wahl,34
Madison,0030 BOB HARRISON SR CTR,Lieutenant Governor,,REP,Nicole Jones Wadsworth,7
Madison,0030 BOB HARRISON SR CTR,Lieutenant Governor,,REP,Pat Bishop,2
Madison,0030 BOB HARRISON SR CTR,Lieutenant Governor,,REP,Rick Pate,1
Madison,0030 BOB HARRISON SR CTR,Lieutenant Governor,,REP,Stewart Hill Tankersley,2
Madison,0030 BOB HARRISON SR CTR,Lieutenant Governor,,REP,Wes Allen,24
Madison,0030 BOB HARRISON SR CTR,"Public Service Commission, Place No. 1",,REP,Jeremy H. Oden,23
Madison,0030 BOB HARRISON SR CTR,"Public Service Commission, Place No. 1",,REP,Matt Gentry,44
Madison,0030 BOB HARRISON SR CTR,"Public Service Commission, Place No. 2",,REP,Brent Woodall,16
Madison,0030 BOB HARRISON SR CTR,"Public Service Commission, Place No. 2",,REP,Chris Beeker,16
Madison,0030 BOB HARRISON SR CTR,"Public Service Commission, Place No. 2",,REP,Jim Zig Zeigler,22
Madison,0030 BOB HARRISON SR CTR,"Public Service Commission, Place No. 2",,REP,Priscilla Andrews,15
Madison,0030 BOB HARRISON SR CTR,State Auditor,,REP,Andrew Sorrell,49
Madison,0030 BOB HARRISON SR CTR,State Auditor,,REP,Derek Chen,19
Madison,0030 BOB HARRISON SR CTR,State Treasurer,,REP,Steve Lolley,27
Madison,0030 BOB HARRISON SR CTR,State Treasurer,,REP,Young Boozer,44
Madison,0030 BOB HARRISON SR CTR,U.S. Senate,,REP,Barry Moore,21
Madison,0030 BOB HARRISON SR CTR,U.S. Senate,,REP,Dale Shelton Deas Jr.,3
Madison,0030 BOB HARRISON SR CTR,U.S. Senate,,REP,Jared Hudson,22
Madison,0030 BOB HARRISON SR CTR,U.S. Senate,,REP,Morgan Murphy,2
Madison,0030 BOB HARRISON SR CTR,U.S. Senate,,REP,Rodney Walker,3
Madison,0030 BOB HARRISON SR CTR,U.S. Senate,,REP,Seth Burton,6
Madison,0030 BOB HARRISON SR CTR,U.S. Senate,,REP,Steve Marshall,16
Madison,0031 CALVARY HILL COMM CTR,Governor,,DEM,"Chad ""Chig"" Martin",8
Madison,0031 CALVARY HILL COMM CTR,Governor,,DEM,Doug Jones,259
Madison,0031 CALVARY HILL COMM CTR,Governor,,DEM,Jamel J. Brown,10
Madison,0031 CALVARY HILL COMM CTR,Governor,,DEM,"Nathan ""Nate"" Mathis",4
Madison,0031 CALVARY HILL COMM CTR,Governor,,DEM,Will Boyd,45
Madison,0031 CALVARY HILL COMM CTR,Governor,,DEM,Yolanda Rochelle Flowers,32
Madison,0031 CALVARY HILL COMM CTR,Lieutenant Governor,,DEM,Darryl D. Perryman,154
Madison,0031 CALVARY HILL COMM CTR,Lieutenant Governor,,DEM,Phillip Ensler,168
Madison,0031 CALVARY HILL COMM CTR,U.S. House,5,DEM,Andrew Sneed,126
Madison,0031 CALVARY HILL COMM CTR,U.S. House,5,DEM,Candice Dollar Duvieilh,136
Madison,0031 CALVARY HILL COMM CTR,U.S. House,5,DEM,Jeremy Devito,78
Madison,0031 CALVARY HILL COMM CTR,"District Court Judge, Madison County, Place No. 1",,REP,Michael Tewalt,21
Madison,0031 CALVARY HILL COMM CTR,"District Court Judge, Madison County, Place No. 1",,REP,Tim Douthit,46
Madison,0031 CALVARY HILL COMM CTR,"Districts 4 & 6, Place No. 2",,REP,Shannon Dempsey,24
Madison,0031 CALVARY HILL COMM CTR,"Districts 4 & 6, Place No. 2",,REP,Sydney Dean,30
Madison,0031 CALVARY HILL COMM CTR,Lieutenant Governor,,REP,George Childress,5
Madison,0031 CALVARY HILL COMM CTR,Lieutenant Governor,,REP,John Wahl,30
Madison,0031 CALVARY HILL COMM CTR,Lieutenant Governor,,REP,Nicole Jones Wadsworth,4
Madison,0031 CALVARY HILL COMM CTR,Lieutenant Governor,,REP,Pat Bishop,6
Madison,0031 CALVARY HILL COMM CTR,Lieutenant Governor,,REP,Rick Pate,2
Madison,0031 CALVARY HILL COMM CTR,Lieutenant Governor,,REP,Stewart Hill Tankersley,4
Madison,0031 CALVARY HILL COMM CTR,Lieutenant Governor,,REP,Wes Allen,24
Madison,0031 CALVARY HILL COMM CTR,"Public Service Commission, Place No. 1",,REP,Jeremy H. Oden,33
Madison,0031 CALVARY HILL COMM CTR,"Public Service Commission, Place No. 1",,REP,Matt Gentry,35
Madison,0031 CALVARY HILL COMM CTR,"Public Service Commission, Place No. 2",,REP,Brent Woodall,12
Madison,0031 CALVARY HILL COMM CTR,"Public Service Commission, Place No. 2",,REP,Chris Beeker,19
Madison,0031 CALVARY HILL COMM CTR,"Public Service Commission, Place No. 2",,REP,Jim Zig Zeigler,24
Madison,0031 CALVARY HILL COMM CTR,"Public Service Commission, Place No. 2",,REP,Priscilla Andrews,13
Madison,0031 CALVARY HILL COMM CTR,State Auditor,,REP,Andrew Sorrell,45
Madison,0031 CALVARY HILL COMM CTR,State Auditor,,REP,Derek Chen,21
Madison,0031 CALVARY HILL COMM CTR,State Treasurer,,REP,Steve Lolley,23
Madison,0031 CALVARY HILL COMM CTR,State Treasurer,,REP,Young Boozer,47
Madison,0031 CALVARY HILL COMM CTR,U.S. Senate,,REP,Barry Moore,22
Madison,0031 CALVARY HILL COMM CTR,U.S. Senate,,REP,Dale Shelton Deas Jr.,5
Madison,0031 CALVARY HILL COMM CTR,U.S. Senate,,REP,Jared Hudson,17
Madison,0031 CALVARY HILL COMM CTR,U.S. Senate,,REP,Morgan Murphy,0
Madison,0031 CALVARY HILL COMM CTR,U.S. Senate,,REP,Rodney Walker,4
Madison,0031 CALVARY HILL COMM CTR,U.S. Senate,,REP,Seth Burton,5
Madison,0031 CALVARY HILL COMM CTR,U.S. Senate,,REP,Steve Marshall,23
Madison,0032 LEWIS CHAPEL C P CH,Governor,,DEM,"Chad ""Chig"" Martin",0
Madison,0032 LEWIS CHAPEL C P CH,Governor,,DEM,Doug Jones,97
Madison,0032 LEWIS CHAPEL C P CH,Governor,,DEM,Jamel J. Brown,5
Madison,0032 LEWIS CHAPEL C P CH,Governor,,DEM,"Nathan ""Nate"" Mathis",1
Madison,0032 LEWIS CHAPEL C P CH,Governor,,DEM,Will Boyd,6
Madison,0032 LEWIS CHAPEL C P CH,Governor,,DEM,Yolanda Rochelle Flowers,12
Madison,0032 LEWIS CHAPEL C P CH,Lieutenant Governor,,DEM,Darryl D. Perryman,57
Madison,0032 LEWIS CHAPEL C P CH,Lieutenant Governor,,DEM,Phillip Ensler,60
Madison,0032 LEWIS CHAPEL C P CH,U.S. House,5,DEM,Andrew Sneed,44
Madison,0032 LEWIS CHAPEL C P CH,U.S. House,5,DEM,Candice Dollar Duvieilh,45
Madison,0032 LEWIS CHAPEL C P CH,U.S. House,5,DEM,Jeremy Devito,26
Madison,0032 LEWIS CHAPEL C P CH,"District Court Judge, Madison County, Place No. 1",,REP,Michael Tewalt,4
Madison,0032 LEWIS CHAPEL C P CH,"District Court Judge, Madison County, Place No. 1",,REP,Tim Douthit,6
Madison,0032 LEWIS CHAPEL C P CH,"Districts 4 & 6, Place No. 2",,REP,Shannon Dempsey,6
Madison,0032 LEWIS CHAPEL C P CH,"Districts 4 & 6, Place No. 2",,REP,Sydney Dean,2
Madison,0032 LEWIS CHAPEL C P CH,Lieutenant Governor,,REP,George Childress,2
Madison,0032 LEWIS CHAPEL C P CH,Lieutenant Governor,,REP,John Wahl,4
Madison,0032 LEWIS CHAPEL C P CH,Lieutenant Governor,,REP,Nicole Jones Wadsworth,0
Madison,0032 LEWIS CHAPEL C P CH,Lieutenant Governor,,REP,Pat Bishop,0
Madison,0032 LEWIS CHAPEL C P CH,Lieutenant Governor,,REP,Rick Pate,0
Madison,0032 LEWIS CHAPEL C P CH,Lieutenant Governor,,REP,Stewart Hill Tankersley,0
Madison,0032 LEWIS CHAPEL C P CH,Lieutenant Governor,,REP,Wes Allen,7
Madison,0032 LEWIS CHAPEL C P CH,"Public Service Commission, Place No. 1",,REP,Jeremy H. Oden,2
Madison,0032 LEWIS CHAPEL C P CH,"Public Service Commission, Place No. 1",,REP,Matt Gentry,10
Madison,0032 LEWIS CHAPEL C P CH,"Public Service Commission, Place No. 2",,REP,Brent Woodall,1
Madison,0032 LEWIS CHAPEL C P CH,"Public Service Commission, Place No. 2",,REP,Chris Beeker,3
Madison,0032 LEWIS CHAPEL C P CH,"Public Service Commission, Place No. 2",,REP,Jim Zig Zeigler,6
Madison,0032 LEWIS CHAPEL C P CH,"Public Service Commission, Place No. 2",,REP,Priscilla Andrews,2
Madison,0032 LEWIS CHAPEL C P CH,State Auditor,,REP,Andrew Sorrell,8
Madison,0032 LEWIS CHAPEL C P CH,State Auditor,,REP,Derek Chen,2
Madison,0032 LEWIS CHAPEL C P CH,State Treasurer,,REP,Steve Lolley,3
Madison,0032 LEWIS CHAPEL C P CH,State Treasurer,,REP,Young Boozer,9
Madison,0032 LEWIS CHAPEL C P CH,U.S. Senate,,REP,Barry Moore,8
Madison,0032 LEWIS CHAPEL C P CH,U.S. Senate,,REP,Dale Shelton Deas Jr.,0
Madison,0032 LEWIS CHAPEL C P CH,U.S. Senate,,REP,Jared Hudson,2
Madison,0032 LEWIS CHAPEL C P CH,U.S. Senate,,REP,Morgan Murphy,0
Madison,0032 LEWIS CHAPEL C P CH,U.S. Senate,,REP,Rodney Walker,1
Madison,0032 LEWIS CHAPEL C P CH,U.S. Senate,,REP,Seth Burton,0
Madison,0032 LEWIS CHAPEL C P CH,U.S. Senate,,REP,Steve Marshall,3
Madison,0033 LAKEWOOD COMM CTR,Governor,,DEM,"Chad ""Chig"" Martin",7
Madison,0033 LAKEWOOD COMM CTR,Governor,,DEM,Doug Jones,239
Madison,0033 LAKEWOOD COMM CTR,Governor,,DEM,Jamel J. Brown,15
Madison,0033 LAKEWOOD COMM CTR,Governor,,DEM,"Nathan ""Nate"" Mathis",4
Madison,0033 LAKEWOOD COMM CTR,Governor,,DEM,Will Boyd,48
Madison,0033 LAKEWOOD COMM CTR,Governor,,DEM,Yolanda Rochelle Flowers,29
Madison,0033 LAKEWOOD COMM CTR,Lieutenant Governor,,DEM,Darryl D. Perryman,165
Madison,0033 LAKEWOOD COMM CTR,Lieutenant Governor,,DEM,Phillip Ensler,144
Madison,0033 LAKEWOOD COMM CTR,U.S. House,5,DEM,Andrew Sneed,125
Madison,0033 LAKEWOOD COMM CTR,U.S. House,5,DEM,Candice Dollar Duvieilh,136
Madison,0033 LAKEWOOD COMM CTR,U.S. House,5,DEM,Jeremy Devito,64
Madison,0033 LAKEWOOD COMM CTR,"District Court Judge, Madison County, Place No. 1",,REP,Michael Tewalt,15
Madison,0033 LAKEWOOD COMM CTR,"District Court Judge, Madison County, Place No. 1",,REP,Tim Douthit,23
Madison,0033 LAKEWOOD COMM CTR,"Districts 4 & 6, Place No. 2",,REP,Shannon Dempsey,17
Madison,0033 LAKEWOOD COMM CTR,"Districts 4 & 6, Place No. 2",,REP,Sydney Dean,17
Madison,0033 LAKEWOOD COMM CTR,Lieutenant Governor,,REP,George Childress,1
Madison,0033 LAKEWOOD COMM CTR,Lieutenant Governor,,REP,John Wahl,14
Madison,0033 LAKEWOOD COMM CTR,Lieutenant Governor,,REP,Nicole Jones Wadsworth,5
Madison,0033 LAKEWOOD COMM CTR,Lieutenant Governor,,REP,Pat Bishop,3
Madison,0033 LAKEWOOD COMM CTR,Lieutenant Governor,,REP,Rick Pate,0
Madison,0033 LAKEWOOD COMM CTR,Lieutenant Governor,,REP,Stewart Hill Tankersley,2
Madison,0033 LAKEWOOD COMM CTR,Lieutenant Governor,,REP,Wes Allen,16
Madison,0033 LAKEWOOD COMM CTR,"Public Service Commission, Place No. 1",,REP,Jeremy H. Oden,14
Madison,0033 LAKEWOOD COMM CTR,"Public Service Commission, Place No. 1",,REP,Matt Gentry,23
Madison,0033 LAKEWOOD COMM CTR,"Public Service Commission, Place No. 2",,REP,Brent Woodall,8
Madison,0033 LAKEWOOD COMM CTR,"Public Service Commission, Place No. 2",,REP,Chris Beeker,12
Madison,0033 LAKEWOOD COMM CTR,"Public Service Commission, Place No. 2",,REP,Jim Zig Zeigler,13
Madison,0033 LAKEWOOD COMM CTR,"Public Service Commission, Place No. 2",,REP,Priscilla Andrews,5
Madison,0033 LAKEWOOD COMM CTR,State Auditor,,REP,Andrew Sorrell,27
Madison,0033 LAKEWOOD COMM CTR,State Auditor,,REP,Derek Chen,12
Madison,0033 LAKEWOOD COMM CTR,State Treasurer,,REP,Steve Lolley,14
Madison,0033 LAKEWOOD COMM CTR,State Treasurer,,REP,Young Boozer,23
Madison,0033 LAKEWOOD COMM CTR,U.S. Senate,,REP,Barry Moore,9
Madison,0033 LAKEWOOD COMM CTR,U.S. Senate,,REP,Dale Shelton Deas Jr.,1
Madison,0033 LAKEWOOD COMM CTR,U.S. Senate,,REP,Jared Hudson,9
Madison,0033 LAKEWOOD COMM CTR,U.S. Senate,,REP,Morgan Murphy,1
Madison,0033 LAKEWOOD COMM CTR,U.S. Senate,,REP,Rodney Walker,2
Madison,0033 LAKEWOOD COMM CTR,U.S. Senate,,REP,Seth Burton,2
Madison,0033 LAKEWOOD COMM CTR,U.S. Senate,,REP,Steve Marshall,16
Madison,0034 WEST HUNTSVILLE BAPT,Governor,,DEM,"Chad ""Chig"" Martin",7
Madison,0034 WEST HUNTSVILLE BAPT,Governor,,DEM,Doug Jones,162
Madison,0034 WEST HUNTSVILLE BAPT,Governor,,DEM,Jamel J. Brown,8
Madison,0034 WEST HUNTSVILLE BAPT,Governor,,DEM,"Nathan ""Nate"" Mathis",3
Madison,0034 WEST HUNTSVILLE BAPT,Governor,,DEM,Will Boyd,34
Madison,0034 WEST HUNTSVILLE BAPT,Governor,,DEM,Yolanda Rochelle Flowers,27
Madison,0034 WEST HUNTSVILLE BAPT,Lieutenant Governor,,DEM,Darryl D. Perryman,98
Madison,0034 WEST HUNTSVILLE BAPT,Lieutenant Governor,,DEM,Phillip Ensler,125
Madison,0034 WEST HUNTSVILLE BAPT,U.S. House,5,DEM,Andrew Sneed,92
Madison,0034 WEST HUNTSVILLE BAPT,U.S. House,5,DEM,Candice Dollar Duvieilh,84
Madison,0034 WEST HUNTSVILLE BAPT,U.S. House,5,DEM,Jeremy Devito,55
Madison,0034 WEST HUNTSVILLE BAPT,"District Court Judge, Madison County, Place No. 1",,REP,Michael Tewalt,9
Madison,0034 WEST HUNTSVILLE BAPT,"District Court Judge, Madison County, Place No. 1",,REP,Tim Douthit,31
Madison,0034 WEST HUNTSVILLE BAPT,Lieutenant Governor,,REP,George Childress,2
Madison,0034 WEST HUNTSVILLE BAPT,Lieutenant Governor,,REP,John Wahl,23
Madison,0034 WEST HUNTSVILLE BAPT,Lieutenant Governor,,REP,Nicole Jones Wadsworth,2
Madison,0034 WEST HUNTSVILLE BAPT,Lieutenant Governor,,REP,Pat Bishop,3
Madison,0034 WEST HUNTSVILLE BAPT,Lieutenant Governor,,REP,Rick Pate,2
Madison,0034 WEST HUNTSVILLE BAPT,Lieutenant Governor,,REP,Stewart Hill Tankersley,0
Madison,0034 WEST HUNTSVILLE BAPT,Lieutenant Governor,,REP,Wes Allen,14
Madison,0034 WEST HUNTSVILLE BAPT,"Madison County Republican Executive Committee, District 3, Place 2",,REP,Bree Willbourn,18
Madison,0034 WEST HUNTSVILLE BAPT,"Madison County Republican Executive Committee, District 3, Place 2",,REP,Keith Kizer,20
Madison,0034 WEST HUNTSVILLE BAPT,"Public Service Commission, Place No. 1",,REP,Jeremy H. Oden,14
Madison,0034 WEST HUNTSVILLE BAPT,"Public Service Commission, Place No. 1",,REP,Matt Gentry,24
Madison,0034 WEST HUNTSVILLE BAPT,"Public Service Commission, Place No. 2",,REP,Brent Woodall,11
Madison,0034 WEST HUNTSVILLE BAPT,"Public Service Commission, Place No. 2",,REP,Chris Beeker,9
Madison,0034 WEST HUNTSVILLE BAPT,"Public Service Commission, Place No. 2",,REP,Jim Zig Zeigler,14
Madison,0034 WEST HUNTSVILLE BAPT,"Public Service Commission, Place No. 2",,REP,Priscilla Andrews,7
Madison,0034 WEST HUNTSVILLE BAPT,State Auditor,,REP,Andrew Sorrell,28
Madison,0034 WEST HUNTSVILLE BAPT,State Auditor,,REP,Derek Chen,14
Madison,0034 WEST HUNTSVILLE BAPT,"State Republican Executive Committee, District 3, Place 3",,REP,Brad Taylor,18
Madison,0034 WEST HUNTSVILLE BAPT,"State Republican Executive Committee, District 3, Place 3",,REP,Stephanie A Miles,19
Madison,0034 WEST HUNTSVILLE BAPT,State Treasurer,,REP,Steve Lolley,11
Madison,0034 WEST HUNTSVILLE BAPT,State Treasurer,,REP,Young Boozer,31
Madison,0034 WEST HUNTSVILLE BAPT,U.S. Senate,,REP,Barry Moore,13
Madison,0034 WEST HUNTSVILLE BAPT,U.S. Senate,,REP,Dale Shelton Deas Jr.,3
Madison,0034 WEST HUNTSVILLE BAPT,U.S. Senate,,REP,Jared Hudson,14
Madison,0034 WEST HUNTSVILLE BAPT,U.S. Senate,,REP,Morgan Murphy,0
Madison,0034 WEST HUNTSVILLE BAPT,U.S. Senate,,REP,Rodney Walker,2
Madison,0034 WEST HUNTSVILLE BAPT,U.S. Senate,,REP,Seth Burton,3
Madison,0034 WEST HUNTSVILLE BAPT,U.S. Senate,,REP,Steve Marshall,9
Madison,0035 ST PAUL UMC,Governor,,DEM,"Chad ""Chig"" Martin",17
Madison,0035 ST PAUL UMC,Governor,,DEM,Doug Jones,292
Madison,0035 ST PAUL UMC,Governor,,DEM,Jamel J. Brown,17
Madison,0035 ST PAUL UMC,Governor,,DEM,"Nathan ""Nate"" Mathis",4
Madison,0035 ST PAUL UMC,Governor,,DEM,Will Boyd,55
Madison,0035 ST PAUL UMC,Governor,,DEM,Yolanda Rochelle Flowers,35
Madison,0035 ST PAUL UMC,Lieutenant Governor,,DEM,Darryl D. Perryman,144
Madison,0035 ST PAUL UMC,Lieutenant Governor,,DEM,Phillip Ensler,254
Madison,0035 ST PAUL UMC,State Democratic Executive Committee,,DEM,Blake L. Fleming,143
Madison,0035 ST PAUL UMC,State Democratic Executive Committee,,DEM,James Maxwell Bosley,134
Madison,0035 ST PAUL UMC,State Democratic Executive Committee,,DEM,Richard Gonel,36
Madison,0035 ST PAUL UMC,U.S. House,5,DEM,Andrew Sneed,158
Madison,0035 ST PAUL UMC,U.S. House,5,DEM,Candice Dollar Duvieilh,124
Madison,0035 ST PAUL UMC,U.S. House,5,DEM,Jeremy Devito,112
Madison,0035 ST PAUL UMC,"District Court Judge, Madison County, Place No. 1",,REP,Michael Tewalt,85
Madison,0035 ST PAUL UMC,"District Court Judge, Madison County, Place No. 1",,REP,Tim Douthit,121
Madison,0035 ST PAUL UMC,Lieutenant Governor,,REP,George Childress,10
Madison,0035 ST PAUL UMC,Lieutenant Governor,,REP,John Wahl,101
Madison,0035 ST PAUL UMC,Lieutenant Governor,,REP,Nicole Jones Wadsworth,23
Madison,0035 ST PAUL UMC,Lieutenant Governor,,REP,Pat Bishop,8
Madison,0035 ST PAUL UMC,Lieutenant Governor,,REP,Rick Pate,13
Madison,0035 ST PAUL UMC,Lieutenant Governor,,REP,Stewart Hill Tankersley,4
Madison,0035 ST PAUL UMC,Lieutenant Governor,,REP,Wes Allen,65
Madison,0035 ST PAUL UMC,"Public Service Commission, Place No. 1",,REP,Jeremy H. Oden,59
Madison,0035 ST PAUL UMC,"Public Service Commission, Place No. 1",,REP,Matt Gentry,137
Madison,0035 ST PAUL UMC,"Public Service Commission, Place No. 2",,REP,Brent Woodall,41
Madison,0035 ST PAUL UMC,"Public Service Commission, Place No. 2",,REP,Chris Beeker,45
Madison,0035 ST PAUL UMC,"Public Service Commission, Place No. 2",,REP,Jim Zig Zeigler,79
Madison,0035 ST PAUL UMC,"Public Service Commission, Place No. 2",,REP,Priscilla Andrews,37
Madison,0035 ST PAUL UMC,State Auditor,,REP,Andrew Sorrell,148
Madison,0035 ST PAUL UMC,State Auditor,,REP,Derek Chen,60
Madison,0035 ST PAUL UMC,State Treasurer,,REP,Steve Lolley,72
Madison,0035 ST PAUL UMC,State Treasurer,,REP,Young Boozer,141
Madison,0035 ST PAUL UMC,U.S. Senate,,REP,Barry Moore,70
Madison,0035 ST PAUL UMC,U.S. Senate,,REP,Dale Shelton Deas Jr.,15
Madison,0035 ST PAUL UMC,U.S. Senate,,REP,Jared Hudson,48
Madison,0035 ST PAUL UMC,U.S. Senate,,REP,Morgan Murphy,6
Madison,0035 ST PAUL UMC,U.S. Senate,,REP,Rodney Walker,9
Madison,0035 ST PAUL UMC,U.S. Senate,,REP,Seth Burton,9
Madison,0035 ST PAUL UMC,U.S. Senate,,REP,Steve Marshall,69
Madison,0036 ST LUKE CHRISTIAN CH,Governor,,DEM,"Chad ""Chig"" Martin",12
Madison,0036 ST LUKE CHRISTIAN CH,Governor,,DEM,Doug Jones,454
Madison,0036 ST LUKE CHRISTIAN CH,Governor,,DEM,Jamel J. Brown,16
Madison,0036 ST LUKE CHRISTIAN CH,Governor,,DEM,"Nathan ""Nate"" Mathis",1
Madison,0036 ST LUKE CHRISTIAN CH,Governor,,DEM,Will Boyd,95
Madison,0036 ST LUKE CHRISTIAN CH,Governor,,DEM,Yolanda Rochelle Flowers,51
Madison,0036 ST LUKE CHRISTIAN CH,Lieutenant Governor,,DEM,Darryl D. Perryman,261
Madison,0036 ST LUKE CHRISTIAN CH,Lieutenant Governor,,DEM,Phillip Ensler,358
Madison,0036 ST LUKE CHRISTIAN CH,State Senate,2,DEM,Alex House,223
Madison,0036 ST LUKE CHRISTIAN CH,State Senate,2,DEM,Guy Sotomayor,145
Madison,0036 ST LUKE CHRISTIAN CH,State Senate,2,DEM,Rudolph Valentino Drake,222
Madison,0036 ST LUKE CHRISTIAN CH,U.S. House,5,DEM,Andrew Sneed,262
Madison,0036 ST LUKE CHRISTIAN CH,U.S. House,5,DEM,Candice Dollar Duvieilh,243
Madison,0036 ST LUKE CHRISTIAN CH,U.S. House,5,DEM,Jeremy Devito,112
Madison,0036 ST LUKE CHRISTIAN CH,"District Court Judge, Madison County, Place No. 1",,REP,Michael Tewalt,30
Madison,0036 ST LUKE CHRISTIAN CH,"District Court Judge, Madison County, Place No. 1",,REP,Tim Douthit,44
Madison,0036 ST LUKE CHRISTIAN CH,"Districts 4 & 6, Place No. 2",,REP,Shannon Dempsey,32
Madison,0036 ST LUKE CHRISTIAN CH,"Districts 4 & 6, Place No. 2",,REP,Sydney Dean,33
Madison,0036 ST LUKE CHRISTIAN CH,Lieutenant Governor,,REP,George Childress,6
Madison,0036 ST LUKE CHRISTIAN CH,Lieutenant Governor,,REP,John Wahl,22
Madison,0036 ST LUKE CHRISTIAN CH,Lieutenant Governor,,REP,Nicole Jones Wadsworth,11
Madison,0036 ST LUKE CHRISTIAN CH,Lieutenant Governor,,REP,Pat Bishop,3
Madison,0036 ST LUKE CHRISTIAN CH,Lieutenant Governor,,REP,Rick Pate,8
Madison,0036 ST LUKE CHRISTIAN CH,Lieutenant Governor,,REP,Stewart Hill Tankersley,1
Madison,0036 ST LUKE CHRISTIAN CH,Lieutenant Governor,,REP,Wes Allen,28
Madison,0036 ST LUKE CHRISTIAN CH,"Public Service Commission, Place No. 1",,REP,Jeremy H. Oden,29
Madison,0036 ST LUKE CHRISTIAN CH,"Public Service Commission, Place No. 1",,REP,Matt Gentry,46
Madison,0036 ST LUKE CHRISTIAN CH,"Public Service Commission, Place No. 2",,REP,Brent Woodall,22
Madison,0036 ST LUKE CHRISTIAN CH,"Public Service Commission, Place No. 2",,REP,Chris Beeker,17
Madison,0036 ST LUKE CHRISTIAN CH,"Public Service Commission, Place No. 2",,REP,Jim Zig Zeigler,25
Madison,0036 ST LUKE CHRISTIAN CH,"Public Service Commission, Place No. 2",,REP,Priscilla Andrews,13
Madison,0036 ST LUKE CHRISTIAN CH,State Auditor,,REP,Andrew Sorrell,46
Madison,0036 ST LUKE CHRISTIAN CH,State Auditor,,REP,Derek Chen,31
Madison,0036 ST LUKE CHRISTIAN CH,State Treasurer,,REP,Steve Lolley,32
Madison,0036 ST LUKE CHRISTIAN CH,State Treasurer,,REP,Young Boozer,49
Madison,0036 ST LUKE CHRISTIAN CH,U.S. Senate,,REP,Barry Moore,25
Madison,0036 ST LUKE CHRISTIAN CH,U.S. Senate,,REP,Dale Shelton Deas Jr.,5
Madison,0036 ST LUKE CHRISTIAN CH,U.S. Senate,,REP,Jared Hudson,18
Madison,0036 ST LUKE CHRISTIAN CH,U.S. Senate,,REP,Morgan Murphy,4
Madison,0036 ST LUKE CHRISTIAN CH,U.S. Senate,,REP,Rodney Walker,3
Madison,0036 ST LUKE CHRISTIAN CH,U.S. Senate,,REP,Seth Burton,9
Madison,0036 ST LUKE CHRISTIAN CH,U.S. Senate,,REP,Steve Marshall,18
Madison,0037 W HUNTSVILLE C OF CHR,Governor,,DEM,"Chad ""Chig"" Martin",7
Madison,0037 W HUNTSVILLE C OF CHR,Governor,,DEM,Doug Jones,367
Madison,0037 W HUNTSVILLE C OF CHR,Governor,,DEM,Jamel J. Brown,13
Madison,0037 W HUNTSVILLE C OF CHR,Governor,,DEM,"Nathan ""Nate"" Mathis",5
Madison,0037 W HUNTSVILLE C OF CHR,Governor,,DEM,Will Boyd,90
Madison,0037 W HUNTSVILLE C OF CHR,Governor,,DEM,Yolanda Rochelle Flowers,35
Madison,0037 W HUNTSVILLE C OF CHR,Lieutenant Governor,,DEM,Darryl D. Perryman,149
Madison,0037 W HUNTSVILLE C OF CHR,Lieutenant Governor,,DEM,Phillip Ensler,340
Madison,0037 W HUNTSVILLE C OF CHR,Madison County Democratic Executive Committee (Female) District No. 4,,DEM,Eleanor Walker Burks,224
Madison,0037 W HUNTSVILLE C OF CHR,Madison County Democratic Executive Committee (Female) District No. 4,,DEM,Eddgra Fallin,156
Madison,0037 W HUNTSVILLE C OF CHR,Madison County Democratic Executive Committee (Female) District No. 4,,DEM,Mary Jones Moore,229
Madison,0037 W HUNTSVILLE C OF CHR,Madison County Democratic Executive Committee (Female) District No. 4,,DEM,Amy Shadoin,129
Madison,0037 W HUNTSVILLE C OF CHR,Madison County Democratic Executive Committee (Male) District No. 4,,DEM,Willie Burks Jr.,263
Madison,0037 W HUNTSVILLE C OF CHR,Madison County Democratic Executive Committee (Male) District No. 4,,DEM,Jacob Linde,111
Madison,0037 W HUNTSVILLE C OF CHR,Madison County Democratic Executive Committee (Male) District No. 4,,DEM,Guy Sotomayor,216
Madison,0037 W HUNTSVILLE C OF CHR,Madison County Democratic Executive Committee (Male) District No. 4,,DEM,Eddie Strickland Jr.,110
Madison,0037 W HUNTSVILLE C OF CHR,State Senate,2,DEM,Alex House,186
Madison,0037 W HUNTSVILLE C OF CHR,State Senate,2,DEM,Guy Sotomayor,132
Madison,0037 W HUNTSVILLE C OF CHR,State Senate,2,DEM,Rudolph Valentino Drake,146
Madison,0037 W HUNTSVILLE C OF CHR,U.S. House,5,DEM,Andrew Sneed,173
Madison,0037 W HUNTSVILLE C OF CHR,U.S. House,5,DEM,Candice Dollar Duvieilh,178
Madison,0037 W HUNTSVILLE C OF CHR,U.S. House,5,DEM,Jeremy Devito,151
Madison,0037 W HUNTSVILLE C OF CHR,"District Court Judge, Madison County, Place No. 1",,REP,Michael Tewalt,63
Madison,0037 W HUNTSVILLE C OF CHR,"District Court Judge, Madison County, Place No. 1",,REP,Tim Douthit,153
Madison,0037 W HUNTSVILLE C OF CHR,"Districts 4 & 6, Place No. 2",,REP,Shannon Dempsey,92
Madison,0037 W HUNTSVILLE C OF CHR,"Districts 4 & 6, Place No. 2",,REP,Sydney Dean,77
Madison,0037 W HUNTSVILLE C OF CHR,Lieutenant Governor,,REP,George Childress,7
Madison,0037 W HUNTSVILLE C OF CHR,Lieutenant Governor,,REP,John Wahl,87
Madison,0037 W HUNTSVILLE C OF CHR,Lieutenant Governor,,REP,Nicole Jones Wadsworth,29
Madison,0037 W HUNTSVILLE C OF CHR,Lieutenant Governor,,REP,Pat Bishop,9
Madison,0037 W HUNTSVILLE C OF CHR,Lieutenant Governor,,REP,Rick Pate,9
Madison,0037 W HUNTSVILLE C OF CHR,Lieutenant Governor,,REP,Stewart Hill Tankersley,6
Madison,0037 W HUNTSVILLE C OF CHR,Lieutenant Governor,,REP,Wes Allen,99
Madison,0037 W HUNTSVILLE C OF CHR,"Public Service Commission, Place No. 1",,REP,Jeremy H. Oden,72
Madison,0037 W HUNTSVILLE C OF CHR,"Public Service Commission, Place No. 1",,REP,Matt Gentry,130
Madison,0037 W HUNTSVILLE C OF CHR,"Public Service Commission, Place No. 2",,REP,Brent Woodall,46
Madison,0037 W HUNTSVILLE C OF CHR,"Public Service Commission, Place No. 2",,REP,Chris Beeker,43
Madison,0037 W HUNTSVILLE C OF CHR,"Public Service Commission, Place No. 2",,REP,Jim Zig Zeigler,96
Madison,0037 W HUNTSVILLE C OF CHR,"Public Service Commission, Place No. 2",,REP,Priscilla Andrews,28
Madison,0037 W HUNTSVILLE C OF CHR,State Auditor,,REP,Andrew Sorrell,156
Madison,0037 W HUNTSVILLE C OF CHR,State Auditor,,REP,Derek Chen,63
Madison,0037 W HUNTSVILLE C OF CHR,State Treasurer,,REP,Steve Lolley,72
Madison,0037 W HUNTSVILLE C OF CHR,State Treasurer,,REP,Young Boozer,157
Madison,0037 W HUNTSVILLE C OF CHR,U.S. Senate,,REP,Barry Moore,101
Madison,0037 W HUNTSVILLE C OF CHR,U.S. Senate,,REP,Dale Shelton Deas Jr.,8
Madison,0037 W HUNTSVILLE C OF CHR,U.S. Senate,,REP,Jared Hudson,54
Madison,0037 W HUNTSVILLE C OF CHR,U.S. Senate,,REP,Morgan Murphy,4
Madison,0037 W HUNTSVILLE C OF CHR,U.S. Senate,,REP,Rodney Walker,5
Madison,0037 W HUNTSVILLE C OF CHR,U.S. Senate,,REP,Seth Burton,19
Madison,0037 W HUNTSVILLE C OF CHR,U.S. Senate,,REP,Steve Marshall,49
Madison,0038 TOWN WELLNESS CTR,Governor,,DEM,"Chad ""Chig"" Martin",10
Madison,0038 TOWN WELLNESS CTR,Governor,,DEM,Doug Jones,428
Madison,0038 TOWN WELLNESS CTR,Governor,,DEM,Jamel J. Brown,13
Madison,0038 TOWN WELLNESS CTR,Governor,,DEM,"Nathan ""Nate"" Mathis",1
Madison,0038 TOWN WELLNESS CTR,Governor,,DEM,Will Boyd,81
Madison,0038 TOWN WELLNESS CTR,Governor,,DEM,Yolanda Rochelle Flowers,46
Madison,0038 TOWN WELLNESS CTR,Lieutenant Governor,,DEM,Darryl D. Perryman,209
Madison,0038 TOWN WELLNESS CTR,Lieutenant Governor,,DEM,Phillip Ensler,340
Madison,0038 TOWN WELLNESS CTR,State Democratic Executive Committee,,DEM,Blake L. Fleming,228
Madison,0038 TOWN WELLNESS CTR,State Democratic Executive Committee,,DEM,James Maxwell Bosley,213
Madison,0038 TOWN WELLNESS CTR,State Democratic Executive Committee,,DEM,Richard Gonel,70
Madison,0038 TOWN WELLNESS CTR,State Senate,2,DEM,Alex House,6
Madison,0038 TOWN WELLNESS CTR,State Senate,2,DEM,Guy Sotomayor,2
Madison,0038 TOWN WELLNESS CTR,State Senate,2,DEM,Rudolph Valentino Drake,3
Madison,0038 TOWN WELLNESS CTR,U.S. House,5,DEM,Andrew Sneed,174
Madison,0038 TOWN WELLNESS CTR,U.S. House,5,DEM,Candice Dollar Duvieilh,228
Madison,0038 TOWN WELLNESS CTR,U.S. House,5,DEM,Jeremy Devito,154
Madison,0038 TOWN WELLNESS CTR,"District Court Judge, Madison County, Place No. 1",,REP,Michael Tewalt,104
Madison,0038 TOWN WELLNESS CTR,"District Court Judge, Madison County, Place No. 1",,REP,Tim Douthit,189
Madison,0038 TOWN WELLNESS CTR,Lieutenant Governor,,REP,George Childress,10
Madison,0038 TOWN WELLNESS CTR,Lieutenant Governor,,REP,John Wahl,154
Madison,0038 TOWN WELLNESS CTR,Lieutenant Governor,,REP,Nicole Jones Wadsworth,33
Madison,0038 TOWN WELLNESS CTR,Lieutenant Governor,,REP,Pat Bishop,19
Madison,0038 TOWN WELLNESS CTR,Lieutenant Governor,,REP,Rick Pate,16
Madison,0038 TOWN WELLNESS CTR,Lieutenant Governor,,REP,Stewart Hill Tankersley,5
Madison,0038 TOWN WELLNESS CTR,Lieutenant Governor,,REP,Wes Allen,96
Madison,0038 TOWN WELLNESS CTR,"Public Service Commission, Place No. 1",,REP,Jeremy H. Oden,71
Madison,0038 TOWN WELLNESS CTR,"Public Service Commission, Place No. 1",,REP,Matt Gentry,227
Madison,0038 TOWN WELLNESS CTR,"Public Service Commission, Place No. 2",,REP,Brent Woodall,39
Madison,0038 TOWN WELLNESS CTR,"Public Service Commission, Place No. 2",,REP,Chris Beeker,76
Madison,0038 TOWN WELLNESS CTR,"Public Service Commission, Place No. 2",,REP,Jim Zig Zeigler,133
Madison,0038 TOWN WELLNESS CTR,"Public Service Commission, Place No. 2",,REP,Priscilla Andrews,47
Madison,0038 TOWN WELLNESS CTR,State Auditor,,REP,Andrew Sorrell,229
Madison,0038 TOWN WELLNESS CTR,State Auditor,,REP,Derek Chen,81
Madison,0038 TOWN WELLNESS CTR,"State Republican Executive Committee, District 2, Place 1",,REP,"Charles ""Chet"" Trupp",52
Madison,0038 TOWN WELLNESS CTR,"State Republican Executive Committee, District 2, Place 1",,REP,Charles B. Nailer,72
Madison,0038 TOWN WELLNESS CTR,"State Republican Executive Committee, District 2, Place 1",,REP,Timothy J Courson,89
Madison,0038 TOWN WELLNESS CTR,State Treasurer,,REP,Steve Lolley,102
Madison,0038 TOWN WELLNESS CTR,State Treasurer,,REP,Young Boozer,217
Madison,0038 TOWN WELLNESS CTR,U.S. Senate,,REP,Barry Moore,137
Madison,0038 TOWN WELLNESS CTR,U.S. Senate,,REP,Dale Shelton Deas Jr.,14
Madison,0038 TOWN WELLNESS CTR,U.S. Senate,,REP,Jared Hudson,73
Madison,0038 TOWN WELLNESS CTR,U.S. Senate,,REP,Morgan Murphy,4
Madison,0038 TOWN WELLNESS CTR,U.S. Senate,,REP,Rodney Walker,6
Madison,0038 TOWN WELLNESS CTR,U.S. Senate,,REP,Seth Burton,30
Madison,0038 TOWN WELLNESS CTR,U.S. Senate,,REP,Steve Marshall,66
Madison,0039 SHERWOOD BAPT CH,Governor,,DEM,"Chad ""Chig"" Martin",3
Madison,0039 SHERWOOD BAPT CH,Governor,,DEM,Doug Jones,176
Madison,0039 SHERWOOD BAPT CH,Governor,,DEM,Jamel J. Brown,6
Madison,0039 SHERWOOD BAPT CH,Governor,,DEM,"Nathan ""Nate"" Mathis",2
Madison,0039 SHERWOOD BAPT CH,Governor,,DEM,Will Boyd,63
Madison,0039 SHERWOOD BAPT CH,Governor,,DEM,Yolanda Rochelle Flowers,10
Madison,0039 SHERWOOD BAPT CH,Lieutenant Governor,,DEM,Darryl D. Perryman,97
Madison,0039 SHERWOOD BAPT CH,Lieutenant Governor,,DEM,Phillip Ensler,141
Madison,0039 SHERWOOD BAPT CH,State Democratic Executive Committee,,DEM,Carl Fallin,118
Madison,0039 SHERWOOD BAPT CH,State Democratic Executive Committee,,DEM,Eddgra Hill Fallin,108
Madison,0039 SHERWOOD BAPT CH,State Democratic Executive Committee,,DEM,Joseph Rucker,112
Madison,0039 SHERWOOD BAPT CH,State Democratic Executive Committee,,DEM,Wyndie Meyer,124
Madison,0039 SHERWOOD BAPT CH,State House,25,DEM,Allison T Montgomery,150
Madison,0039 SHERWOOD BAPT CH,State House,25,DEM,Damon Eubanks,86
Madison,0039 SHERWOOD BAPT CH,State Senate,2,DEM,Alex House,80
Madison,0039 SHERWOOD BAPT CH,State Senate,2,DEM,Guy Sotomayor,77
Madison,0039 SHERWOOD BAPT CH,State Senate,2,DEM,Rudolph Valentino Drake,80
Madison,0039 SHERWOOD BAPT CH,U.S. House,5,DEM,Andrew Sneed,71
Madison,0039 SHERWOOD BAPT CH,U.S. House,5,DEM,Candice Dollar Duvieilh,77
Madison,0039 SHERWOOD BAPT CH,U.S. House,5,DEM,Jeremy Devito,97
Madison,0039 SHERWOOD BAPT CH,"District Court Judge, Madison County, Place No. 1",,REP,Michael Tewalt,42
Madison,0039 SHERWOOD BAPT CH,"District Court Judge, Madison County, Place No. 1",,REP,Tim Douthit,113
Madison,0039 SHERWOOD BAPT CH,"Districts 4 & 6, Place No. 2",,REP,Shannon Dempsey,74
Madison,0039 SHERWOOD BAPT CH,"Districts 4 & 6, Place No. 2",,REP,Sydney Dean,46
Madison,0039 SHERWOOD BAPT CH,Lieutenant Governor,,REP,George Childress,3
Madison,0039 SHERWOOD BAPT CH,Lieutenant Governor,,REP,John Wahl,59
Madison,0039 SHERWOOD BAPT CH,Lieutenant Governor,,REP,Nicole Jones Wadsworth,15
Madison,0039 SHERWOOD BAPT CH,Lieutenant Governor,,REP,Pat Bishop,8
Madison,0039 SHERWOOD BAPT CH,Lieutenant Governor,,REP,Rick Pate,12
Madison,0039 SHERWOOD BAPT CH,Lieutenant Governor,,REP,Stewart Hill Tankersley,6
Madison,0039 SHERWOOD BAPT CH,Lieutenant Governor,,REP,Wes Allen,63
Madison,0039 SHERWOOD BAPT CH,"Public Service Commission, Place No. 1",,REP,Jeremy H. Oden,53
Madison,0039 SHERWOOD BAPT CH,"Public Service Commission, Place No. 1",,REP,Matt Gentry,100
Madison,0039 SHERWOOD BAPT CH,"Public Service Commission, Place No. 2",,REP,Brent Woodall,28
Madison,0039 SHERWOOD BAPT CH,"Public Service Commission, Place No. 2",,REP,Chris Beeker,41
Madison,0039 SHERWOOD BAPT CH,"Public Service Commission, Place No. 2",,REP,Jim Zig Zeigler,71
Madison,0039 SHERWOOD BAPT CH,"Public Service Commission, Place No. 2",,REP,Priscilla Andrews,18
Madison,0039 SHERWOOD BAPT CH,State Auditor,,REP,Andrew Sorrell,114
Madison,0039 SHERWOOD BAPT CH,State Auditor,,REP,Derek Chen,44
Madison,0039 SHERWOOD BAPT CH,State Treasurer,,REP,Steve Lolley,44
Madison,0039 SHERWOOD BAPT CH,State Treasurer,,REP,Young Boozer,122
Madison,0039 SHERWOOD BAPT CH,U.S. Senate,,REP,Barry Moore,69
Madison,0039 SHERWOOD BAPT CH,U.S. Senate,,REP,Dale Shelton Deas Jr.,7
Madison,0039 SHERWOOD BAPT CH,U.S. Senate,,REP,Jared Hudson,26
Madison,0039 SHERWOOD BAPT CH,U.S. Senate,,REP,Morgan Murphy,6
Madison,0039 SHERWOOD BAPT CH,U.S. Senate,,REP,Rodney Walker,3
Madison,0039 SHERWOOD BAPT CH,U.S. Senate,,REP,Seth Burton,14
Madison,0039 SHERWOOD BAPT CH,U.S. Senate,,REP,Steve Marshall,44
Madison,0040 NEW MARKET REC CTR,Governor,,DEM,"Chad ""Chig"" Martin",5
Madison,0040 NEW MARKET REC CTR,Governor,,DEM,Doug Jones,121
Madison,0040 NEW MARKET REC CTR,Governor,,DEM,Jamel J. Brown,1
Madison,0040 NEW MARKET REC CTR,Governor,,DEM,"Nathan ""Nate"" Mathis",1
Madison,0040 NEW MARKET REC CTR,Governor,,DEM,Will Boyd,7
Madison,0040 NEW MARKET REC CTR,Governor,,DEM,Yolanda Rochelle Flowers,3
Madison,0040 NEW MARKET REC CTR,Lieutenant Governor,,DEM,Darryl D. Perryman,43
Madison,0040 NEW MARKET REC CTR,Lieutenant Governor,,DEM,Phillip Ensler,85
Madison,0040 NEW MARKET REC CTR,Madison County Democratic Executive Committee (Male) District No. 1,,DEM,Landon Britton,45
Madison,0040 NEW MARKET REC CTR,Madison County Democratic Executive Committee (Male) District No. 1,,DEM,William Heath Brooks,53
Madison,0040 NEW MARKET REC CTR,Madison County Democratic Executive Committee (Male) District No. 1,,DEM,Hoban Carney,27
Madison,0040 NEW MARKET REC CTR,Madison County Democratic Executive Committee (Male) District No. 1,,DEM,Thomas Casez,44
Madison,0040 NEW MARKET REC CTR,U.S. House,5,DEM,Andrew Sneed,48
Madison,0040 NEW MARKET REC CTR,U.S. House,5,DEM,Candice Dollar Duvieilh,57
Madison,0040 NEW MARKET REC CTR,U.S. House,5,DEM,Jeremy Devito,27
Madison,0040 NEW MARKET REC CTR,"District Court Judge, Madison County, Place No. 1",,REP,Michael Tewalt,104
Madison,0040 NEW MARKET REC CTR,"District Court Judge, Madison County, Place No. 1",,REP,Tim Douthit,122
Madison,0040 NEW MARKET REC CTR,Lieutenant Governor,,REP,George Childress,1
Madison,0040 NEW MARKET REC CTR,Lieutenant Governor,,REP,John Wahl,124
Madison,0040 NEW MARKET REC CTR,Lieutenant Governor,,REP,Nicole Jones Wadsworth,14
Madison,0040 NEW MARKET REC CTR,Lieutenant Governor,,REP,Pat Bishop,3
Madison,0040 NEW MARKET REC CTR,Lieutenant Governor,,REP,Rick Pate,11
Madison,0040 NEW MARKET REC CTR,Lieutenant Governor,,REP,Stewart Hill Tankersley,3
Madison,0040 NEW MARKET REC CTR,Lieutenant Governor,,REP,Wes Allen,98
Madison,0040 NEW MARKET REC CTR,"Public Service Commission, Place No. 1",,REP,Jeremy H. Oden,76
Madison,0040 NEW MARKET REC CTR,"Public Service Commission, Place No. 1",,REP,Matt Gentry,151
Madison,0040 NEW MARKET REC CTR,"Public Service Commission, Place No. 2",,REP,Brent Woodall,50
Madison,0040 NEW MARKET REC CTR,"Public Service Commission, Place No. 2",,REP,Chris Beeker,54
Madison,0040 NEW MARKET REC CTR,"Public Service Commission, Place No. 2",,REP,Jim Zig Zeigler,97
Madison,0040 NEW MARKET REC CTR,"Public Service Commission, Place No. 2",,REP,Priscilla Andrews,28
Madison,0040 NEW MARKET REC CTR,State Auditor,,REP,Andrew Sorrell,173
Madison,0040 NEW MARKET REC CTR,State Auditor,,REP,Derek Chen,63
Madison,0040 NEW MARKET REC CTR,"State Republican Executive Committee, District 1, Place 1",,REP,Gerald Alvis,61
Madison,0040 NEW MARKET REC CTR,"State Republican Executive Committee, District 1, Place 1",,REP,Walt Hennessee,121
Madison,0040 NEW MARKET REC CTR,State Treasurer,,REP,Steve Lolley,66
Madison,0040 NEW MARKET REC CTR,State Treasurer,,REP,Young Boozer,172
Madison,0040 NEW MARKET REC CTR,U.S. Senate,,REP,Barry Moore,102
Madison,0040 NEW MARKET REC CTR,U.S. Senate,,REP,Dale Shelton Deas Jr.,6
Madison,0040 NEW MARKET REC CTR,U.S. Senate,,REP,Jared Hudson,53
Madison,0040 NEW MARKET REC CTR,U.S. Senate,,REP,Morgan Murphy,3
Madison,0040 NEW MARKET REC CTR,U.S. Senate,,REP,Rodney Walker,6
Madison,0040 NEW MARKET REC CTR,U.S. Senate,,REP,Seth Burton,6
Madison,0040 NEW MARKET REC CTR,U.S. Senate,,REP,Steve Marshall,75
Madison,0041 MAYSVILLE C OF CHR,Governor,,DEM,"Chad ""Chig"" Martin",7
Madison,0041 MAYSVILLE C OF CHR,Governor,,DEM,Doug Jones,275
Madison,0041 MAYSVILLE C OF CHR,Governor,,DEM,Jamel J. Brown,8
Madison,0041 MAYSVILLE C OF CHR,Governor,,DEM,"Nathan ""Nate"" Mathis",3
Madison,0041 MAYSVILLE C OF CHR,Governor,,DEM,Will Boyd,30
Madison,0041 MAYSVILLE C OF CHR,Governor,,DEM,Yolanda Rochelle Flowers,18
Madison,0041 MAYSVILLE C OF CHR,Lieutenant Governor,,DEM,Darryl D. Perryman,123
Madison,0041 MAYSVILLE C OF CHR,Lieutenant Governor,,DEM,Phillip Ensler,195
Madison,0041 MAYSVILLE C OF CHR,U.S. House,5,DEM,Andrew Sneed,118
Madison,0041 MAYSVILLE C OF CHR,U.S. House,5,DEM,Candice Dollar Duvieilh,126
Madison,0041 MAYSVILLE C OF CHR,U.S. House,5,DEM,Jeremy Devito,75
Madison,0041 MAYSVILLE C OF CHR,"District Court Judge, Madison County, Place No. 1",,REP,Michael Tewalt,264
Madison,0041 MAYSVILLE C OF CHR,"District Court Judge, Madison County, Place No. 1",,REP,Tim Douthit,343
Madison,0041 MAYSVILLE C OF CHR,Lieutenant Governor,,REP,George Childress,10
Madison,0041 MAYSVILLE C OF CHR,Lieutenant Governor,,REP,John Wahl,282
Madison,0041 MAYSVILLE C OF CHR,Lieutenant Governor,,REP,Nicole Jones Wadsworth,49
Madison,0041 MAYSVILLE C OF CHR,Lieutenant Governor,,REP,Pat Bishop,18
Madison,0041 MAYSVILLE C OF CHR,Lieutenant Governor,,REP,Rick Pate,23
Madison,0041 MAYSVILLE C OF CHR,Lieutenant Governor,,REP,Stewart Hill Tankersley,16
Madison,0041 MAYSVILLE C OF CHR,Lieutenant Governor,,REP,Wes Allen,258
Madison,0041 MAYSVILLE C OF CHR,"Madison County Republican Executive Committee, District 3, Place 2",,REP,Bree Willbourn,200
Madison,0041 MAYSVILLE C OF CHR,"Madison County Republican Executive Committee, District 3, Place 2",,REP,Keith Kizer,288
Madison,0041 MAYSVILLE C OF CHR,"Public Service Commission, Place No. 1",,REP,Jeremy H. Oden,172
Madison,0041 MAYSVILLE C OF CHR,"Public Service Commission, Place No. 1",,REP,Matt Gentry,427
Madison,0041 MAYSVILLE C OF CHR,"Public Service Commission, Place No. 2",,REP,Brent Woodall,100
Madison,0041 MAYSVILLE C OF CHR,"Public Service Commission, Place No. 2",,REP,Chris Beeker,153
Madison,0041 MAYSVILLE C OF CHR,"Public Service Commission, Place No. 2",,REP,Jim Zig Zeigler,276
Madison,0041 MAYSVILLE C OF CHR,"Public Service Commission, Place No. 2",,REP,Priscilla Andrews,68
Madison,0041 MAYSVILLE C OF CHR,State Auditor,,REP,Andrew Sorrell,465
Madison,0041 MAYSVILLE C OF CHR,State Auditor,,REP,Derek Chen,150
Madison,0041 MAYSVILLE C OF CHR,"State Republican Executive Committee, District 3, Place 3",,REP,Brad Taylor,294
Madison,0041 MAYSVILLE C OF CHR,"State Republican Executive Committee, District 3, Place 3",,REP,Stephanie A Miles,191
Madison,0041 MAYSVILLE C OF CHR,State Treasurer,,REP,Steve Lolley,145
Madison,0041 MAYSVILLE C OF CHR,State Treasurer,,REP,Young Boozer,484
Madison,0041 MAYSVILLE C OF CHR,U.S. Senate,,REP,Barry Moore,261
Madison,0041 MAYSVILLE C OF CHR,U.S. Senate,,REP,Dale Shelton Deas Jr.,19
Madison,0041 MAYSVILLE C OF CHR,U.S. Senate,,REP,Jared Hudson,148
Madison,0041 MAYSVILLE C OF CHR,U.S. Senate,,REP,Morgan Murphy,14
Madison,0041 MAYSVILLE C OF CHR,U.S. Senate,,REP,Rodney Walker,17
Madison,0041 MAYSVILLE C OF CHR,U.S. Senate,,REP,Seth Burton,30
Madison,0041 MAYSVILLE C OF CHR,U.S. Senate,,REP,Steve Marshall,172
Madison,0042 LITTLE INDIAN CREEK,Governor,,DEM,"Chad ""Chig"" Martin",16
Madison,0042 LITTLE INDIAN CREEK,Governor,,DEM,Doug Jones,619
Madison,0042 LITTLE INDIAN CREEK,Governor,,DEM,Jamel J. Brown,11
Madison,0042 LITTLE INDIAN CREEK,Governor,,DEM,"Nathan ""Nate"" Mathis",6
Madison,0042 LITTLE INDIAN CREEK,Governor,,DEM,Will Boyd,62
Madison,0042 LITTLE INDIAN CREEK,Governor,,DEM,Yolanda Rochelle Flowers,28
Madison,0042 LITTLE INDIAN CREEK,Lieutenant Governor,,DEM,Darryl D. Perryman,269
Madison,0042 LITTLE INDIAN CREEK,Lieutenant Governor,,DEM,Phillip Ensler,431
Madison,0042 LITTLE INDIAN CREEK,Madison County Democratic Executive Committee (Female) District No. 4,,DEM,Eleanor Walker Burks,316
Madison,0042 LITTLE INDIAN CREEK,Madison County Democratic Executive Committee (Female) District No. 4,,DEM,Eddgra Fallin,245
Madison,0042 LITTLE INDIAN CREEK,Madison County Democratic Executive Committee (Female) District No. 4,,DEM,Mary Jones Moore,382
Madison,0042 LITTLE INDIAN CREEK,Madison County Democratic Executive Committee (Female) District No. 4,,DEM,Amy Shadoin,134
Madison,0042 LITTLE INDIAN CREEK,Madison County Democratic Executive Committee (Male) District No. 4,,DEM,Willie Burks Jr.,414
Madison,0042 LITTLE INDIAN CREEK,Madison County Democratic Executive Committee (Male) District No. 4,,DEM,Jacob Linde,176
Madison,0042 LITTLE INDIAN CREEK,Madison County Democratic Executive Committee (Male) District No. 4,,DEM,Guy Sotomayor,258
Madison,0042 LITTLE INDIAN CREEK,Madison County Democratic Executive Committee (Male) District No. 4,,DEM,Eddie Strickland Jr.,208
Madison,0042 LITTLE INDIAN CREEK,State Democratic Executive Committee,,DEM,Carl Fallin,161
Madison,0042 LITTLE INDIAN CREEK,State Democratic Executive Committee,,DEM,Eddgra Hill Fallin,162
Madison,0042 LITTLE INDIAN CREEK,State Democratic Executive Committee,,DEM,Joseph Rucker,116
Madison,0042 LITTLE INDIAN CREEK,State Democratic Executive Committee,,DEM,Wyndie Meyer,113
Madison,0042 LITTLE INDIAN CREEK,State House,25,DEM,Allison T Montgomery,180
Madison,0042 LITTLE INDIAN CREEK,State House,25,DEM,Damon Eubanks,101
Madison,0042 LITTLE INDIAN CREEK,State Senate,2,DEM,Alex House,199
Madison,0042 LITTLE INDIAN CREEK,State Senate,2,DEM,Guy Sotomayor,223
Madison,0042 LITTLE INDIAN CREEK,State Senate,2,DEM,Rudolph Valentino Drake,245
Madison,0042 LITTLE INDIAN CREEK,U.S. House,5,DEM,Andrew Sneed,272
Madison,0042 LITTLE INDIAN CREEK,U.S. House,5,DEM,Candice Dollar Duvieilh,288
Madison,0042 LITTLE INDIAN CREEK,U.S. House,5,DEM,Jeremy Devito,150
Madison,0042 LITTLE INDIAN CREEK,"District Court Judge, Madison County, Place No. 1",,REP,Michael Tewalt,166
Madison,0042 LITTLE INDIAN CREEK,"District Court Judge, Madison County, Place No. 1",,REP,Tim Douthit,290
Madison,0042 LITTLE INDIAN CREEK,"Districts 4 & 6, Place No. 2",,REP,Shannon Dempsey,171
Madison,0042 LITTLE INDIAN CREEK,"Districts 4 & 6, Place No. 2",,REP,Sydney Dean,162
Madison,0042 LITTLE INDIAN CREEK,Lieutenant Governor,,REP,George Childress,9
Madison,0042 LITTLE INDIAN CREEK,Lieutenant Governor,,REP,John Wahl,199
Madison,0042 LITTLE INDIAN CREEK,Lieutenant Governor,,REP,Nicole Jones Wadsworth,42
Madison,0042 LITTLE INDIAN CREEK,Lieutenant Governor,,REP,Pat Bishop,21
Madison,0042 LITTLE INDIAN CREEK,Lieutenant Governor,,REP,Rick Pate,13
Madison,0042 LITTLE INDIAN CREEK,Lieutenant Governor,,REP,Stewart Hill Tankersley,9
Madison,0042 LITTLE INDIAN CREEK,Lieutenant Governor,,REP,Wes Allen,202
Madison,0042 LITTLE INDIAN CREEK,"Public Service Commission, Place No. 1",,REP,Jeremy H. Oden,136
Madison,0042 LITTLE INDIAN CREEK,"Public Service Commission, Place No. 1",,REP,Matt Gentry,296
Madison,0042 LITTLE INDIAN CREEK,"Public Service Commission, Place No. 2",,REP,Brent Woodall,96
Madison,0042 LITTLE INDIAN CREEK,"Public Service Commission, Place No. 2",,REP,Chris Beeker,98
Madison,0042 LITTLE INDIAN CREEK,"Public Service Commission, Place No. 2",,REP,Jim Zig Zeigler,199
Madison,0042 LITTLE INDIAN CREEK,"Public Service Commission, Place No. 2",,REP,Priscilla Andrews,47
Madison,0042 LITTLE INDIAN CREEK,State Auditor,,REP,Andrew Sorrell,331
Madison,0042 LITTLE INDIAN CREEK,State Auditor,,REP,Derek Chen,119
Madison,0042 LITTLE INDIAN CREEK,State Treasurer,,REP,Steve Lolley,106
Madison,0042 LITTLE INDIAN CREEK,State Treasurer,,REP,Young Boozer,353
Madison,0042 LITTLE INDIAN CREEK,U.S. Senate,,REP,Barry Moore,172
Madison,0042 LITTLE INDIAN CREEK,U.S. Senate,,REP,Dale Shelton Deas Jr.,11
Madison,0042 LITTLE INDIAN CREEK,U.S. Senate,,REP,Jared Hudson,124
Madison,0042 LITTLE INDIAN CREEK,U.S. Senate,,REP,Morgan Murphy,7
Madison,0042 LITTLE INDIAN CREEK,U.S. Senate,,REP,Rodney Walker,20
Madison,0042 LITTLE INDIAN CREEK,U.S. Senate,,REP,Seth Burton,41
Madison,0042 LITTLE INDIAN CREEK,U.S. Senate,,REP,Steve Marshall,108
Madison,0043 TRIANA CITY HALL,Governor,,DEM,"Chad ""Chig"" Martin",11
Madison,0043 TRIANA CITY HALL,Governor,,DEM,Doug Jones,551
Madison,0043 TRIANA CITY HALL,Governor,,DEM,Jamel J. Brown,31
Madison,0043 TRIANA CITY HALL,Governor,,DEM,"Nathan ""Nate"" Mathis",9
Madison,0043 TRIANA CITY HALL,Governor,,DEM,Will Boyd,102
Madison,0043 TRIANA CITY HALL,Governor,,DEM,Yolanda Rochelle Flowers,65
Madison,0043 TRIANA CITY HALL,Lieutenant Governor,,DEM,Darryl D. Perryman,362
Madison,0043 TRIANA CITY HALL,Lieutenant Governor,,DEM,Phillip Ensler,357
Madison,0043 TRIANA CITY HALL,State Democratic Executive Committee,,DEM,Blake L. Fleming,249
Madison,0043 TRIANA CITY HALL,State Democratic Executive Committee,,DEM,James Maxwell Bosley,353
Madison,0043 TRIANA CITY HALL,State Democratic Executive Committee,,DEM,Richard Gonel,76
Madison,0043 TRIANA CITY HALL,U.S. House,5,DEM,Andrew Sneed,255
Madison,0043 TRIANA CITY HALL,U.S. House,5,DEM,Candice Dollar Duvieilh,305
Madison,0043 TRIANA CITY HALL,U.S. House,5,DEM,Jeremy Devito,162
Madison,0043 TRIANA CITY HALL,"District Court Judge, Madison County, Place No. 1",,REP,Michael Tewalt,65
Madison,0043 TRIANA CITY HALL,"District Court Judge, Madison County, Place No. 1",,REP,Tim Douthit,82
Madison,0043 TRIANA CITY HALL,Lieutenant Governor,,REP,George Childress,9
Madison,0043 TRIANA CITY HALL,Lieutenant Governor,,REP,John Wahl,71
Madison,0043 TRIANA CITY HALL,Lieutenant Governor,,REP,Nicole Jones Wadsworth,15
Madison,0043 TRIANA CITY HALL,Lieutenant Governor,,REP,Pat Bishop,9
Madison,0043 TRIANA CITY HALL,Lieutenant Governor,,REP,Rick Pate,5
Madison,0043 TRIANA CITY HALL,Lieutenant Governor,,REP,Stewart Hill Tankersley,7
Madison,0043 TRIANA CITY HALL,Lieutenant Governor,,REP,Wes Allen,60
Madison,0043 TRIANA CITY HALL,"Public Service Commission, Place No. 1",,REP,Jeremy H. Oden,46
Madison,0043 TRIANA CITY HALL,"Public Service Commission, Place No. 1",,REP,Matt Gentry,104
Madison,0043 TRIANA CITY HALL,"Public Service Commission, Place No. 2",,REP,Brent Woodall,34
Madison,0043 TRIANA CITY HALL,"Public Service Commission, Place No. 2",,REP,Chris Beeker,35
Madison,0043 TRIANA CITY HALL,"Public Service Commission, Place No. 2",,REP,Jim Zig Zeigler,57
Madison,0043 TRIANA CITY HALL,"Public Service Commission, Place No. 2",,REP,Priscilla Andrews,32
Madison,0043 TRIANA CITY HALL,State Auditor,,REP,Andrew Sorrell,115
Madison,0043 TRIANA CITY HALL,State Auditor,,REP,Derek Chen,44
Madison,0043 TRIANA CITY HALL,"State Republican Executive Committee, District 2, Place 1",,REP,"Charles ""Chet"" Trupp",51
Madison,0043 TRIANA CITY HALL,"State Republican Executive Committee, District 2, Place 1",,REP,Charles B. Nailer,47
Madison,0043 TRIANA CITY HALL,"State Republican Executive Committee, District 2, Place 1",,REP,Timothy J Courson,36
Madison,0043 TRIANA CITY HALL,State Treasurer,,REP,Steve Lolley,60
Madison,0043 TRIANA CITY HALL,State Treasurer,,REP,Young Boozer,98
Madison,0043 TRIANA CITY HALL,U.S. Senate,,REP,Barry Moore,72
Madison,0043 TRIANA CITY HALL,U.S. Senate,,REP,Dale Shelton Deas Jr.,10
Madison,0043 TRIANA CITY HALL,U.S. Senate,,REP,Jared Hudson,49
Madison,0043 TRIANA CITY HALL,U.S. Senate,,REP,Morgan Murphy,9
Madison,0043 TRIANA CITY HALL,U.S. Senate,,REP,Rodney Walker,6
Madison,0043 TRIANA CITY HALL,U.S. Senate,,REP,Seth Burton,7
Madison,0043 TRIANA CITY HALL,U.S. Senate,,REP,Steve Marshall,26
Madison,0044,Governor,,DEM,"Chad ""Chig"" Martin",8
Madison,0044,Governor,,DEM,Doug Jones,336
Madison,0044,Governor,,DEM,Jamel J. Brown,8
Madison,0044,Governor,,DEM,"Nathan ""Nate"" Mathis",1
Madison,0044,Governor,,DEM,Will Boyd,40
Madison,0044,Governor,,DEM,Yolanda Rochelle Flowers,29
Madison,0044,Lieutenant Governor,,DEM,Darryl D. Perryman,134
Madison,0044,Lieutenant Governor,,DEM,Phillip Ensler,246
Madison,0044,U.S. House,5,DEM,Andrew Sneed,176
Madison,0044,U.S. House,5,DEM,Candice Dollar Duvieilh,138
Madison,0044,U.S. House,5,DEM,Jeremy Devito,94
Madison,0044 RIVERTREE CH,"District Court Judge, Madison County, Place No. 1",,REP,Michael Tewalt,305
Madison,0044 RIVERTREE CH,"District Court Judge, Madison County, Place No. 1",,REP,Tim Douthit,664
Madison,0044 RIVERTREE CH,Lieutenant Governor,,REP,George Childress,27
Madison,0044 RIVERTREE CH,Lieutenant Governor,,REP,John Wahl,469
Madison,0044 RIVERTREE CH,Lieutenant Governor,,REP,Nicole Jones Wadsworth,99
Madison,0044 RIVERTREE CH,Lieutenant Governor,,REP,Pat Bishop,38
Madison,0044 RIVERTREE CH,Lieutenant Governor,,REP,Rick Pate,49
Madison,0044 RIVERTREE CH,Lieutenant Governor,,REP,Stewart Hill Tankersley,30
Madison,0044 RIVERTREE CH,Lieutenant Governor,,REP,Wes Allen,346
Madison,0044 RIVERTREE CH,"Madison County Republican Executive Committee, District 3, Place 2",,REP,Bree Willbourn,314
Madison,0044 RIVERTREE CH,"Madison County Republican Executive Committee, District 3, Place 2",,REP,Keith Kizer,469
Madison,0044 RIVERTREE CH,"Public Service Commission, Place No. 1",,REP,Jeremy H. Oden,265
Madison,0044 RIVERTREE CH,"Public Service Commission, Place No. 1",,REP,Matt Gentry,654
Madison,0044 RIVERTREE CH,"Public Service Commission, Place No. 2",,REP,Brent Woodall,169
Madison,0044 RIVERTREE CH,"Public Service Commission, Place No. 2",,REP,Chris Beeker,228
Madison,0044 RIVERTREE CH,"Public Service Commission, Place No. 2",,REP,Jim Zig Zeigler,435
Madison,0044 RIVERTREE CH,"Public Service Commission, Place No. 2",,REP,Priscilla Andrews,112
Madison,0044 RIVERTREE CH,State Auditor,,REP,Andrew Sorrell,726
Madison,0044 RIVERTREE CH,State Auditor,,REP,Derek Chen,242
Madison,0044 RIVERTREE CH,"State Republican Executive Committee, District 3, Place 3",,REP,Brad Taylor,480
Madison,0044 RIVERTREE CH,"State Republican Executive Committee, District 3, Place 3",,REP,Stephanie A Miles,312
Madison,0044 RIVERTREE CH,State Treasurer,,REP,Steve Lolley,249
Madison,0044 RIVERTREE CH,State Treasurer,,REP,Young Boozer,735
Madison,0044 RIVERTREE CH,U.S. Senate,,REP,Barry Moore,366
Madison,0044 RIVERTREE CH,U.S. Senate,,REP,Dale Shelton Deas Jr.,31
Madison,0044 RIVERTREE CH,U.S. Senate,,REP,Jared Hudson,253
Madison,0044 RIVERTREE CH,U.S. Senate,,REP,Morgan Murphy,13
Madison,0044 RIVERTREE CH,U.S. Senate,,REP,Rodney Walker,27
Madison,0044 RIVERTREE CH,U.S. Senate,,REP,Seth Burton,110
Madison,0044 RIVERTREE CH,U.S. Senate,,REP,Steve Marshall,270
Madison,0045,Governor,,DEM,"Chad ""Chig"" Martin",7
Madison,0045,Governor,,DEM,Doug Jones,66
Madison,0045,Governor,,DEM,Jamel J. Brown,1
Madison,0045,Governor,,DEM,"Nathan ""Nate"" Mathis",1
Madison,0045,Governor,,DEM,Will Boyd,7
Madison,0045,Governor,,DEM,Yolanda Rochelle Flowers,9
Madison,0045,Lieutenant Governor,,DEM,Darryl D. Perryman,27
Madison,0045,Lieutenant Governor,,DEM,Phillip Ensler,51
Madison,0045,U.S. House,5,DEM,Andrew Sneed,25
Madison,0045,U.S. House,5,DEM,Candice Dollar Duvieilh,32
Madison,0045,U.S. House,5,DEM,Jeremy Devito,27
Madison,0045 GURLEY SENIOR CTR,"District Court Judge, Madison County, Place No. 1",,REP,Michael Tewalt,93
Madison,0045 GURLEY SENIOR CTR,"District Court Judge, Madison County, Place No. 1",,REP,Tim Douthit,160
Madison,0045 GURLEY SENIOR CTR,Lieutenant Governor,,REP,George Childress,10
Madison,0045 GURLEY SENIOR CTR,Lieutenant Governor,,REP,John Wahl,138
Madison,0045 GURLEY SENIOR CTR,Lieutenant Governor,,REP,Nicole Jones Wadsworth,20
Madison,0045 GURLEY SENIOR CTR,Lieutenant Governor,,REP,Pat Bishop,4
Madison,0045 GURLEY SENIOR CTR,Lieutenant Governor,,REP,Rick Pate,12
Madison,0045 GURLEY SENIOR CTR,Lieutenant Governor,,REP,Stewart Hill Tankersley,8
Madison,0045 GURLEY SENIOR CTR,Lieutenant Governor,,REP,Wes Allen,104
Madison,0045 GURLEY SENIOR CTR,"Madison County Republican Executive Committee, District 3, Place 2",,REP,Bree Willbourn,98
Madison,0045 GURLEY SENIOR CTR,"Madison County Republican Executive Committee, District 3, Place 2",,REP,Keith Kizer,117
Madison,0045 GURLEY SENIOR CTR,"Public Service Commission, Place No. 1",,REP,Jeremy H. Oden,71
Madison,0045 GURLEY SENIOR CTR,"Public Service Commission, Place No. 1",,REP,Matt Gentry,189
Madison,0045 GURLEY SENIOR CTR,"Public Service Commission, Place No. 2",,REP,Brent Woodall,45
Madison,0045 GURLEY SENIOR CTR,"Public Service Commission, Place No. 2",,REP,Chris Beeker,62
Madison,0045 GURLEY SENIOR CTR,"Public Service Commission, Place No. 2",,REP,Jim Zig Zeigler,127
Madison,0045 GURLEY SENIOR CTR,"Public Service Commission, Place No. 2",,REP,Priscilla Andrews,33
Madison,0045 GURLEY SENIOR CTR,State Auditor,,REP,Andrew Sorrell,192
Madison,0045 GURLEY SENIOR CTR,State Auditor,,REP,Derek Chen,84
Madison,0045 GURLEY SENIOR CTR,"State Republican Executive Committee, District 3, Place 3",,REP,Brad Taylor,135
Madison,0045 GURLEY SENIOR CTR,"State Republican Executive Committee, District 3, Place 3",,REP,Stephanie A Miles,79
Madison,0045 GURLEY SENIOR CTR,State Treasurer,,REP,Steve Lolley,64
Madison,0045 GURLEY SENIOR CTR,State Treasurer,,REP,Young Boozer,215
Madison,0045 GURLEY SENIOR CTR,U.S. Senate,,REP,Barry Moore,119
Madison,0045 GURLEY SENIOR CTR,U.S. Senate,,REP,Dale Shelton Deas Jr.,8
Madison,0045 GURLEY SENIOR CTR,U.S. Senate,,REP,Jared Hudson,66
Madison,0045 GURLEY SENIOR CTR,U.S. Senate,,REP,Morgan Murphy,3
Madison,0045 GURLEY SENIOR CTR,U.S. Senate,,REP,Rodney Walker,5
Madison,0045 GURLEY SENIOR CTR,U.S. Senate,,REP,Seth Burton,23
Madison,0045 GURLEY SENIOR CTR,U.S. Senate,,REP,Steve Marshall,75
Madison,0046 MISSION 7TH DAY ADV,Governor,,DEM,"Chad ""Chig"" Martin",12
Madison,0046 MISSION 7TH DAY ADV,Governor,,DEM,Doug Jones,426
Madison,0046 MISSION 7TH DAY ADV,Governor,,DEM,Jamel J. Brown,17
Madison,0046 MISSION 7TH DAY ADV,Governor,,DEM,"Nathan ""Nate"" Mathis",4
Madison,0046 MISSION 7TH DAY ADV,Governor,,DEM,Will Boyd,60
Madison,0046 MISSION 7TH DAY ADV,Governor,,DEM,Yolanda Rochelle Flowers,45
Madison,0046 MISSION 7TH DAY ADV,Lieutenant Governor,,DEM,Darryl D. Perryman,204
Madison,0046 MISSION 7TH DAY ADV,Lieutenant Governor,,DEM,Phillip Ensler,331
Madison,0046 MISSION 7TH DAY ADV,State Democratic Executive Committee,,DEM,Blake L. Fleming,204
Madison,0046 MISSION 7TH DAY ADV,State Democratic Executive Committee,,DEM,James Maxwell Bosley,207
Madison,0046 MISSION 7TH DAY ADV,State Democratic Executive Committee,,DEM,Richard Gonel,53
Madison,0046 MISSION 7TH DAY ADV,State Senate,2,DEM,Alex House,177
Madison,0046 MISSION 7TH DAY ADV,State Senate,2,DEM,Guy Sotomayor,131
Madison,0046 MISSION 7TH DAY ADV,State Senate,2,DEM,Rudolph Valentino Drake,156
Madison,0046 MISSION 7TH DAY ADV,U.S. House,5,DEM,Andrew Sneed,213
Madison,0046 MISSION 7TH DAY ADV,U.S. House,5,DEM,Candice Dollar Duvieilh,202
Madison,0046 MISSION 7TH DAY ADV,U.S. House,5,DEM,Jeremy Devito,138
Madison,0046 MISSION 7TH DAY ADV,"District Court Judge, Madison County, Place No. 1",,REP,Michael Tewalt,138
Madison,0046 MISSION 7TH DAY ADV,"District Court Judge, Madison County, Place No. 1",,REP,Tim Douthit,183
Madison,0046 MISSION 7TH DAY ADV,Lieutenant Governor,,REP,George Childress,10
Madison,0046 MISSION 7TH DAY ADV,Lieutenant Governor,,REP,John Wahl,139
Madison,0046 MISSION 7TH DAY ADV,Lieutenant Governor,,REP,Nicole Jones Wadsworth,46
Madison,0046 MISSION 7TH DAY ADV,Lieutenant Governor,,REP,Pat Bishop,33
Madison,0046 MISSION 7TH DAY ADV,Lieutenant Governor,,REP,Rick Pate,17
Madison,0046 MISSION 7TH DAY ADV,Lieutenant Governor,,REP,Stewart Hill Tankersley,7
Madison,0046 MISSION 7TH DAY ADV,Lieutenant Governor,,REP,Wes Allen,114
Madison,0046 MISSION 7TH DAY ADV,"Public Service Commission, Place No. 1",,REP,Jeremy H. Oden,101
Madison,0046 MISSION 7TH DAY ADV,"Public Service Commission, Place No. 1",,REP,Matt Gentry,208
Madison,0046 MISSION 7TH DAY ADV,"Public Service Commission, Place No. 2",,REP,Brent Woodall,56
Madison,0046 MISSION 7TH DAY ADV,"Public Service Commission, Place No. 2",,REP,Chris Beeker,81
Madison,0046 MISSION 7TH DAY ADV,"Public Service Commission, Place No. 2",,REP,Jim Zig Zeigler,131
Madison,0046 MISSION 7TH DAY ADV,"Public Service Commission, Place No. 2",,REP,Priscilla Andrews,52
Madison,0046 MISSION 7TH DAY ADV,State Auditor,,REP,Andrew Sorrell,243
Madison,0046 MISSION 7TH DAY ADV,State Auditor,,REP,Derek Chen,92
Madison,0046 MISSION 7TH DAY ADV,"State Republican Executive Committee, District 2, Place 1",,REP,"Charles ""Chet"" Trupp",82
Madison,0046 MISSION 7TH DAY ADV,"State Republican Executive Committee, District 2, Place 1",,REP,Charles B. Nailer,81
Madison,0046 MISSION 7TH DAY ADV,"State Republican Executive Committee, District 2, Place 1",,REP,Timothy J Courson,73
Madison,0046 MISSION 7TH DAY ADV,State Treasurer,,REP,Steve Lolley,98
Madison,0046 MISSION 7TH DAY ADV,State Treasurer,,REP,Young Boozer,246
Madison,0046 MISSION 7TH DAY ADV,U.S. Senate,,REP,Barry Moore,121
Madison,0046 MISSION 7TH DAY ADV,U.S. Senate,,REP,Dale Shelton Deas Jr.,21
Madison,0046 MISSION 7TH DAY ADV,U.S. Senate,,REP,Jared Hudson,67
Madison,0046 MISSION 7TH DAY ADV,U.S. Senate,,REP,Morgan Murphy,7
Madison,0046 MISSION 7TH DAY ADV,U.S. Senate,,REP,Rodney Walker,15
Madison,0046 MISSION 7TH DAY ADV,U.S. Senate,,REP,Seth Burton,39
Madison,0046 MISSION 7TH DAY ADV,U.S. Senate,,REP,Steve Marshall,93
Madison,0047 PINEVIEW BAPT CH,Governor,,DEM,"Chad ""Chig"" Martin",9
Madison,0047 PINEVIEW BAPT CH,Governor,,DEM,Doug Jones,460
Madison,0047 PINEVIEW BAPT CH,Governor,,DEM,Jamel J. Brown,14
Madison,0047 PINEVIEW BAPT CH,Governor,,DEM,"Nathan ""Nate"" Mathis",2
Madison,0047 PINEVIEW BAPT CH,Governor,,DEM,Will Boyd,85
Madison,0047 PINEVIEW BAPT CH,Governor,,DEM,Yolanda Rochelle Flowers,41
Madison,0047 PINEVIEW BAPT CH,Lieutenant Governor,,DEM,Darryl D. Perryman,269
Madison,0047 PINEVIEW BAPT CH,Lieutenant Governor,,DEM,Phillip Ensler,309
Madison,0047 PINEVIEW BAPT CH,Madison County Democratic Executive Committee (Female) District No. 4,,DEM,Eleanor Walker Burks,288
Madison,0047 PINEVIEW BAPT CH,Madison County Democratic Executive Committee (Female) District No. 4,,DEM,Eddgra Fallin,184
Madison,0047 PINEVIEW BAPT CH,Madison County Democratic Executive Committee (Female) District No. 4,,DEM,Mary Jones Moore,330
Madison,0047 PINEVIEW BAPT CH,Madison County Democratic Executive Committee (Female) District No. 4,,DEM,Amy Shadoin,84
Madison,0047 PINEVIEW BAPT CH,Madison County Democratic Executive Committee (Male) District No. 4,,DEM,Willie Burks Jr.,391
Madison,0047 PINEVIEW BAPT CH,Madison County Democratic Executive Committee (Male) District No. 4,,DEM,Jacob Linde,126
Madison,0047 PINEVIEW BAPT CH,Madison County Democratic Executive Committee (Male) District No. 4,,DEM,Guy Sotomayor,168
Madison,0047 PINEVIEW BAPT CH,Madison County Democratic Executive Committee (Male) District No. 4,,DEM,Eddie Strickland Jr.,165
Madison,0047 PINEVIEW BAPT CH,State Senate,2,DEM,Alex House,180
Madison,0047 PINEVIEW BAPT CH,State Senate,2,DEM,Guy Sotomayor,127
Madison,0047 PINEVIEW BAPT CH,State Senate,2,DEM,Rudolph Valentino Drake,238
Madison,0047 PINEVIEW BAPT CH,U.S. House,5,DEM,Andrew Sneed,219
Madison,0047 PINEVIEW BAPT CH,U.S. House,5,DEM,Candice Dollar Duvieilh,231
Madison,0047 PINEVIEW BAPT CH,U.S. House,5,DEM,Jeremy Devito,128
Madison,0047 PINEVIEW BAPT CH,"District Court Judge, Madison County, Place No. 1",,REP,Michael Tewalt,58
Madison,0047 PINEVIEW BAPT CH,"District Court Judge, Madison County, Place No. 1",,REP,Tim Douthit,146
Madison,0047 PINEVIEW BAPT CH,"Districts 4 & 6, Place No. 2",,REP,Shannon Dempsey,81
Madison,0047 PINEVIEW BAPT CH,"Districts 4 & 6, Place No. 2",,REP,Sydney Dean,85
Madison,0047 PINEVIEW BAPT CH,Lieutenant Governor,,REP,George Childress,11
Madison,0047 PINEVIEW BAPT CH,Lieutenant Governor,,REP,John Wahl,83
Madison,0047 PINEVIEW BAPT CH,Lieutenant Governor,,REP,Nicole Jones Wadsworth,19
Madison,0047 PINEVIEW BAPT CH,Lieutenant Governor,,REP,Pat Bishop,7
Madison,0047 PINEVIEW BAPT CH,Lieutenant Governor,,REP,Rick Pate,17
Madison,0047 PINEVIEW BAPT CH,Lieutenant Governor,,REP,Stewart Hill Tankersley,11
Madison,0047 PINEVIEW BAPT CH,Lieutenant Governor,,REP,Wes Allen,69
Madison,0047 PINEVIEW BAPT CH,"Public Service Commission, Place No. 1",,REP,Jeremy H. Oden,68
Madison,0047 PINEVIEW BAPT CH,"Public Service Commission, Place No. 1",,REP,Matt Gentry,131
Madison,0047 PINEVIEW BAPT CH,"Public Service Commission, Place No. 2",,REP,Brent Woodall,39
Madison,0047 PINEVIEW BAPT CH,"Public Service Commission, Place No. 2",,REP,Chris Beeker,45
Madison,0047 PINEVIEW BAPT CH,"Public Service Commission, Place No. 2",,REP,Jim Zig Zeigler,96
Madison,0047 PINEVIEW BAPT CH,"Public Service Commission, Place No. 2",,REP,Priscilla Andrews,24
Madison,0047 PINEVIEW BAPT CH,State Auditor,,REP,Andrew Sorrell,150
Madison,0047 PINEVIEW BAPT CH,State Auditor,,REP,Derek Chen,62
Madison,0047 PINEVIEW BAPT CH,State Treasurer,,REP,Steve Lolley,65
Madison,0047 PINEVIEW BAPT CH,State Treasurer,,REP,Young Boozer,148
Madison,0047 PINEVIEW BAPT CH,U.S. Senate,,REP,Barry Moore,83
Madison,0047 PINEVIEW BAPT CH,U.S. Senate,,REP,Dale Shelton Deas Jr.,11
Madison,0047 PINEVIEW BAPT CH,U.S. Senate,,REP,Jared Hudson,40
Madison,0047 PINEVIEW BAPT CH,U.S. Senate,,REP,Morgan Murphy,3
Madison,0047 PINEVIEW BAPT CH,U.S. Senate,,REP,Rodney Walker,9
Madison,0047 PINEVIEW BAPT CH,U.S. Senate,,REP,Seth Burton,16
Madison,0047 PINEVIEW BAPT CH,U.S. Senate,,REP,Steve Marshall,58
Madison,0048 TONEY CHURCH,Governor,,DEM,"Chad ""Chig"" Martin",18
Madison,0048 TONEY CHURCH,Governor,,DEM,Doug Jones,580
Madison,0048 TONEY CHURCH,Governor,,DEM,Jamel J. Brown,18
Madison,0048 TONEY CHURCH,Governor,,DEM,"Nathan ""Nate"" Mathis",8
Madison,0048 TONEY CHURCH,Governor,,DEM,Will Boyd,93
Madison,0048 TONEY CHURCH,Governor,,DEM,Yolanda Rochelle Flowers,51
Madison,0048 TONEY CHURCH,Lieutenant Governor,,DEM,Darryl D. Perryman,322
Madison,0048 TONEY CHURCH,Lieutenant Governor,,DEM,Phillip Ensler,416
Madison,0048 TONEY CHURCH,Madison County Democratic Executive Committee (Female) District No. 4,,DEM,Eleanor Walker Burks,359
Madison,0048 TONEY CHURCH,Madison County Democratic Executive Committee (Female) District No. 4,,DEM,Eddgra Fallin,260
Madison,0048 TONEY CHURCH,Madison County Democratic Executive Committee (Female) District No. 4,,DEM,Mary Jones Moore,427
Madison,0048 TONEY CHURCH,Madison County Democratic Executive Committee (Female) District No. 4,,DEM,Amy Shadoin,114
Madison,0048 TONEY CHURCH,Madison County Democratic Executive Committee (Male) District No. 4,,DEM,Willie Burks Jr.,494
Madison,0048 TONEY CHURCH,Madison County Democratic Executive Committee (Male) District No. 4,,DEM,Jacob Linde,176
Madison,0048 TONEY CHURCH,Madison County Democratic Executive Committee (Male) District No. 4,,DEM,Guy Sotomayor,259
Madison,0048 TONEY CHURCH,Madison County Democratic Executive Committee (Male) District No. 4,,DEM,Eddie Strickland Jr.,210
Madison,0048 TONEY CHURCH,State Democratic Executive Committee,,DEM,Benard Simelton,188
Madison,0048 TONEY CHURCH,State Democratic Executive Committee,,DEM,Guy Sotomayor,76
Madison,0048 TONEY CHURCH,State Senate,2,DEM,Alex House,171
Madison,0048 TONEY CHURCH,State Senate,2,DEM,Guy Sotomayor,130
Madison,0048 TONEY CHURCH,State Senate,2,DEM,Rudolph Valentino Drake,267
Madison,0048 TONEY CHURCH,U.S. House,5,DEM,Andrew Sneed,222
Madison,0048 TONEY CHURCH,U.S. House,5,DEM,Candice Dollar Duvieilh,342
Madison,0048 TONEY CHURCH,U.S. House,5,DEM,Jeremy Devito,170
Madison,0048 TONEY CHURCH,"District Court Judge, Madison County, Place No. 1",,REP,Michael Tewalt,150
Madison,0048 TONEY CHURCH,"District Court Judge, Madison County, Place No. 1",,REP,Tim Douthit,238
Madison,0048 TONEY CHURCH,"Districts 4 & 6, Place No. 2",,REP,Shannon Dempsey,170
Madison,0048 TONEY CHURCH,"Districts 4 & 6, Place No. 2",,REP,Sydney Dean,162
Madison,0048 TONEY CHURCH,Lieutenant Governor,,REP,George Childress,13
Madison,0048 TONEY CHURCH,Lieutenant Governor,,REP,John Wahl,173
Madison,0048 TONEY CHURCH,Lieutenant Governor,,REP,Nicole Jones Wadsworth,29
Madison,0048 TONEY CHURCH,Lieutenant Governor,,REP,Pat Bishop,16
Madison,0048 TONEY CHURCH,Lieutenant Governor,,REP,Rick Pate,27
Madison,0048 TONEY CHURCH,Lieutenant Governor,,REP,Stewart Hill Tankersley,9
Madison,0048 TONEY CHURCH,Lieutenant Governor,,REP,Wes Allen,150
Madison,0048 TONEY CHURCH,"Public Service Commission, Place No. 1",,REP,Jeremy H. Oden,119
Madison,0048 TONEY CHURCH,"Public Service Commission, Place No. 1",,REP,Matt Gentry,264
Madison,0048 TONEY CHURCH,"Public Service Commission, Place No. 2",,REP,Brent Woodall,76
Madison,0048 TONEY CHURCH,"Public Service Commission, Place No. 2",,REP,Chris Beeker,91
Madison,0048 TONEY CHURCH,"Public Service Commission, Place No. 2",,REP,Jim Zig Zeigler,164
Madison,0048 TONEY CHURCH,"Public Service Commission, Place No. 2",,REP,Priscilla Andrews,51
Madison,0048 TONEY CHURCH,State Auditor,,REP,Andrew Sorrell,305
Madison,0048 TONEY CHURCH,State Auditor,,REP,Derek Chen,92
Madison,0048 TONEY CHURCH,State Treasurer,,REP,Steve Lolley,111
Madison,0048 TONEY CHURCH,State Treasurer,,REP,Young Boozer,291
Madison,0048 TONEY CHURCH,U.S. Senate,,REP,Barry Moore,152
Madison,0048 TONEY CHURCH,U.S. Senate,,REP,Dale Shelton Deas Jr.,14
Madison,0048 TONEY CHURCH,U.S. Senate,,REP,Jared Hudson,92
Madison,0048 TONEY CHURCH,U.S. Senate,,REP,Morgan Murphy,5
Madison,0048 TONEY CHURCH,U.S. Senate,,REP,Rodney Walker,10
Madison,0048 TONEY CHURCH,U.S. Senate,,REP,Seth Burton,33
Madison,0048 TONEY CHURCH,U.S. Senate,,REP,Steve Marshall,110
Madison,0049 MARY K JOHNSTON GYM,Governor,,DEM,"Chad ""Chig"" Martin",2
Madison,0049 MARY K JOHNSTON GYM,Governor,,DEM,Doug Jones,206
Madison,0049 MARY K JOHNSTON GYM,Governor,,DEM,Jamel J. Brown,4
Madison,0049 MARY K JOHNSTON GYM,Governor,,DEM,"Nathan ""Nate"" Mathis",1
Madison,0049 MARY K JOHNSTON GYM,Governor,,DEM,Will Boyd,32
Madison,0049 MARY K JOHNSTON GYM,Governor,,DEM,Yolanda Rochelle Flowers,12
Madison,0049 MARY K JOHNSTON GYM,Lieutenant Governor,,DEM,Darryl D. Perryman,100
Madison,0049 MARY K JOHNSTON GYM,Lieutenant Governor,,DEM,Phillip Ensler,141
Madison,0049 MARY K JOHNSTON GYM,Madison County Democratic Executive Committee (Male) District No. 1,,DEM,Landon Britton,97
Madison,0049 MARY K JOHNSTON GYM,Madison County Democratic Executive Committee (Male) District No. 1,,DEM,William Heath Brooks,85
Madison,0049 MARY K JOHNSTON GYM,Madison County Democratic Executive Committee (Male) District No. 1,,DEM,Hoban Carney,61
Madison,0049 MARY K JOHNSTON GYM,Madison County Democratic Executive Committee (Male) District No. 1,,DEM,Thomas Casez,59
Madison,0049 MARY K JOHNSTON GYM,State Democratic Executive Committee,,DEM,Forrest Satterfield,87
Madison,0049 MARY K JOHNSTON GYM,State Democratic Executive Committee,,DEM,Jason M. Jones,147
Madison,0049 MARY K JOHNSTON GYM,U.S. House,5,DEM,Andrew Sneed,109
Madison,0049 MARY K JOHNSTON GYM,U.S. House,5,DEM,Candice Dollar Duvieilh,85
Madison,0049 MARY K JOHNSTON GYM,U.S. House,5,DEM,Jeremy Devito,51
Madison,0049 MARY K JOHNSTON GYM,"District Court Judge, Madison County, Place No. 1",,REP,Michael Tewalt,62
Madison,0049 MARY K JOHNSTON GYM,"District Court Judge, Madison County, Place No. 1",,REP,Tim Douthit,132
Madison,0049 MARY K JOHNSTON GYM,Lieutenant Governor,,REP,George Childress,5
Madison,0049 MARY K JOHNSTON GYM,Lieutenant Governor,,REP,John Wahl,95
Madison,0049 MARY K JOHNSTON GYM,Lieutenant Governor,,REP,Nicole Jones Wadsworth,14
Madison,0049 MARY K JOHNSTON GYM,Lieutenant Governor,,REP,Pat Bishop,4
Madison,0049 MARY K JOHNSTON GYM,Lieutenant Governor,,REP,Rick Pate,6
Madison,0049 MARY K JOHNSTON GYM,Lieutenant Governor,,REP,Stewart Hill Tankersley,4
Madison,0049 MARY K JOHNSTON GYM,Lieutenant Governor,,REP,Wes Allen,86
Madison,0049 MARY K JOHNSTON GYM,"Public Service Commission, Place No. 1",,REP,Jeremy H. Oden,62
Madison,0049 MARY K JOHNSTON GYM,"Public Service Commission, Place No. 1",,REP,Matt Gentry,120
Madison,0049 MARY K JOHNSTON GYM,"Public Service Commission, Place No. 2",,REP,Brent Woodall,32
Madison,0049 MARY K JOHNSTON GYM,"Public Service Commission, Place No. 2",,REP,Chris Beeker,41
Madison,0049 MARY K JOHNSTON GYM,"Public Service Commission, Place No. 2",,REP,Jim Zig Zeigler,98
Madison,0049 MARY K JOHNSTON GYM,"Public Service Commission, Place No. 2",,REP,Priscilla Andrews,16
Madison,0049 MARY K JOHNSTON GYM,State Auditor,,REP,Andrew Sorrell,159
Madison,0049 MARY K JOHNSTON GYM,State Auditor,,REP,Derek Chen,36
Madison,0049 MARY K JOHNSTON GYM,"State Republican Executive Committee, District 1, Place 1",,REP,Gerald Alvis,75
Madison,0049 MARY K JOHNSTON GYM,"State Republican Executive Committee, District 1, Place 1",,REP,Walt Hennessee,94
Madison,0049 MARY K JOHNSTON GYM,State Treasurer,,REP,Steve Lolley,47
Madison,0049 MARY K JOHNSTON GYM,State Treasurer,,REP,Young Boozer,153
Madison,0049 MARY K JOHNSTON GYM,U.S. Senate,,REP,Barry Moore,83
Madison,0049 MARY K JOHNSTON GYM,U.S. Senate,,REP,Dale Shelton Deas Jr.,8
Madison,0049 MARY K JOHNSTON GYM,U.S. Senate,,REP,Jared Hudson,54
Madison,0049 MARY K JOHNSTON GYM,U.S. Senate,,REP,Morgan Murphy,3
Madison,0049 MARY K JOHNSTON GYM,U.S. Senate,,REP,Rodney Walker,7
Madison,0049 MARY K JOHNSTON GYM,U.S. Senate,,REP,Seth Burton,10
Madison,0049 MARY K JOHNSTON GYM,U.S. Senate,,REP,Steve Marshall,53
Madison,0050 PLAINVIEW CH OF CHR,Governor,,DEM,"Chad ""Chig"" Martin",3
Madison,0050 PLAINVIEW CH OF CHR,Governor,,DEM,Doug Jones,222
Madison,0050 PLAINVIEW CH OF CHR,Governor,,DEM,Jamel J. Brown,8
Madison,0050 PLAINVIEW CH OF CHR,Governor,,DEM,"Nathan ""Nate"" Mathis",4
Madison,0050 PLAINVIEW CH OF CHR,Governor,,DEM,Will Boyd,53
Madison,0050 PLAINVIEW CH OF CHR,Governor,,DEM,Yolanda Rochelle Flowers,22
Madison,0050 PLAINVIEW CH OF CHR,Lieutenant Governor,,DEM,Darryl D. Perryman,116
Madison,0050 PLAINVIEW CH OF CHR,Lieutenant Governor,,DEM,Phillip Ensler,181
Madison,0050 PLAINVIEW CH OF CHR,Madison County Democratic Executive Committee (Male) District No. 1,,DEM,Landon Britton,140
Madison,0050 PLAINVIEW CH OF CHR,Madison County Democratic Executive Committee (Male) District No. 1,,DEM,William Heath Brooks,122
Madison,0050 PLAINVIEW CH OF CHR,Madison County Democratic Executive Committee (Male) District No. 1,,DEM,Hoban Carney,52
Madison,0050 PLAINVIEW CH OF CHR,Madison County Democratic Executive Committee (Male) District No. 1,,DEM,Thomas Casez,75
Madison,0050 PLAINVIEW CH OF CHR,State Democratic Executive Committee,,DEM,Benard Simelton,19
Madison,0050 PLAINVIEW CH OF CHR,State Democratic Executive Committee,,DEM,Forrest Satterfield,88
Madison,0050 PLAINVIEW CH OF CHR,State Democratic Executive Committee,,DEM,Guy Sotomayor,25
Madison,0050 PLAINVIEW CH OF CHR,State Democratic Executive Committee,,DEM,Jason M. Jones,153
Madison,0050 PLAINVIEW CH OF CHR,U.S. House,5,DEM,Andrew Sneed,96
Madison,0050 PLAINVIEW CH OF CHR,U.S. House,5,DEM,Candice Dollar Duvieilh,123
Madison,0050 PLAINVIEW CH OF CHR,U.S. House,5,DEM,Jeremy Devito,77
Madison,0050 PLAINVIEW CH OF CHR,"District Court Judge, Madison County, Place No. 1",,REP,Michael Tewalt,132
Madison,0050 PLAINVIEW CH OF CHR,"District Court Judge, Madison County, Place No. 1",,REP,Tim Douthit,255
Madison,0050 PLAINVIEW CH OF CHR,Lieutenant Governor,,REP,George Childress,4
Madison,0050 PLAINVIEW CH OF CHR,Lieutenant Governor,,REP,John Wahl,239
Madison,0050 PLAINVIEW CH OF CHR,Lieutenant Governor,,REP,Nicole Jones Wadsworth,20
Madison,0050 PLAINVIEW CH OF CHR,Lieutenant Governor,,REP,Pat Bishop,8
Madison,0050 PLAINVIEW CH OF CHR,Lieutenant Governor,,REP,Rick Pate,12
Madison,0050 PLAINVIEW CH OF CHR,Lieutenant Governor,,REP,Stewart Hill Tankersley,6
Madison,0050 PLAINVIEW CH OF CHR,Lieutenant Governor,,REP,Wes Allen,128
Madison,0050 PLAINVIEW CH OF CHR,"Public Service Commission, Place No. 1",,REP,Jeremy H. Oden,109
Madison,0050 PLAINVIEW CH OF CHR,"Public Service Commission, Place No. 1",,REP,Matt Gentry,263
Madison,0050 PLAINVIEW CH OF CHR,"Public Service Commission, Place No. 2",,REP,Brent Woodall,59
Madison,0050 PLAINVIEW CH OF CHR,"Public Service Commission, Place No. 2",,REP,Chris Beeker,111
Madison,0050 PLAINVIEW CH OF CHR,"Public Service Commission, Place No. 2",,REP,Jim Zig Zeigler,167
Madison,0050 PLAINVIEW CH OF CHR,"Public Service Commission, Place No. 2",,REP,Priscilla Andrews,41
Madison,0050 PLAINVIEW CH OF CHR,State Auditor,,REP,Andrew Sorrell,304
Madison,0050 PLAINVIEW CH OF CHR,State Auditor,,REP,Derek Chen,85
Madison,0050 PLAINVIEW CH OF CHR,"State Republican Executive Committee, District 1, Place 1",,REP,Gerald Alvis,107
Madison,0050 PLAINVIEW CH OF CHR,"State Republican Executive Committee, District 1, Place 1",,REP,Walt Hennessee,220
Madison,0050 PLAINVIEW CH OF CHR,State Treasurer,,REP,Steve Lolley,105
Madison,0050 PLAINVIEW CH OF CHR,State Treasurer,,REP,Young Boozer,294
Madison,0050 PLAINVIEW CH OF CHR,U.S. Senate,,REP,Barry Moore,171
Madison,0050 PLAINVIEW CH OF CHR,U.S. Senate,,REP,Dale Shelton Deas Jr.,9
Madison,0050 PLAINVIEW CH OF CHR,U.S. Senate,,REP,Jared Hudson,88
Madison,0050 PLAINVIEW CH OF CHR,U.S. Senate,,REP,Morgan Murphy,7
Madison,0050 PLAINVIEW CH OF CHR,U.S. Senate,,REP,Rodney Walker,7
Madison,0050 PLAINVIEW CH OF CHR,U.S. Senate,,REP,Seth Burton,15
Madison,0050 PLAINVIEW CH OF CHR,U.S. Senate,,REP,Steve Marshall,120
Madison,0051 NEW HOPE CITY HALL,Governor,,DEM,"Chad ""Chig"" Martin",8
Madison,0051 NEW HOPE CITY HALL,Governor,,DEM,Doug Jones,89
Madison,0051 NEW HOPE CITY HALL,Governor,,DEM,Jamel J. Brown,2
Madison,0051 NEW HOPE CITY HALL,Governor,,DEM,"Nathan ""Nate"" Mathis",0
Madison,0051 NEW HOPE CITY HALL,Governor,,DEM,Will Boyd,10
Madison,0051 NEW HOPE CITY HALL,Governor,,DEM,Yolanda Rochelle Flowers,6
Madison,0051 NEW HOPE CITY HALL,Lieutenant Governor,,DEM,Darryl D. Perryman,31
Madison,0051 NEW HOPE CITY HALL,Lieutenant Governor,,DEM,Phillip Ensler,78
Madison,0051 NEW HOPE CITY HALL,State Democratic Executive Committee,,DEM,Cindi Cassis Branham,4
Madison,0051 NEW HOPE CITY HALL,State Democratic Executive Committee,,DEM,Eddie Sherrod,5
Madison,0051 NEW HOPE CITY HALL,State Democratic Executive Committee,,DEM,Martha Lynn Sherrod,9
Madison,0051 NEW HOPE CITY HALL,State Democratic Executive Committee,,DEM,Tom Ryan,7
Madison,0051 NEW HOPE CITY HALL,U.S. House,5,DEM,Andrew Sneed,47
Madison,0051 NEW HOPE CITY HALL,U.S. House,5,DEM,Candice Dollar Duvieilh,35
Madison,0051 NEW HOPE CITY HALL,U.S. House,5,DEM,Jeremy Devito,32
Madison,0051 NEW HOPE CITY HALL,"District Court Judge, Madison County, Place No. 1",,REP,Michael Tewalt,151
Madison,0051 NEW HOPE CITY HALL,"District Court Judge, Madison County, Place No. 1",,REP,Tim Douthit,307
Madison,0051 NEW HOPE CITY HALL,Lieutenant Governor,,REP,George Childress,6
Madison,0051 NEW HOPE CITY HALL,Lieutenant Governor,,REP,John Wahl,206
Madison,0051 NEW HOPE CITY HALL,Lieutenant Governor,,REP,Nicole Jones Wadsworth,31
Madison,0051 NEW HOPE CITY HALL,Lieutenant Governor,,REP,Pat Bishop,8
Madison,0051 NEW HOPE CITY HALL,Lieutenant Governor,,REP,Rick Pate,23
Madison,0051 NEW HOPE CITY HALL,Lieutenant Governor,,REP,Stewart Hill Tankersley,9
Madison,0051 NEW HOPE CITY HALL,Lieutenant Governor,,REP,Wes Allen,212
Madison,0051 NEW HOPE CITY HALL,"Madison County Republican Executive Committee, District 3, Place 2",,REP,Bree Willbourn,140
Madison,0051 NEW HOPE CITY HALL,"Madison County Republican Executive Committee, District 3, Place 2",,REP,Keith Kizer,242
Madison,0051 NEW HOPE CITY HALL,"Public Service Commission, Place No. 1",,REP,Jeremy H. Oden,147
Madison,0051 NEW HOPE CITY HALL,"Public Service Commission, Place No. 1",,REP,Matt Gentry,291
Madison,0051 NEW HOPE CITY HALL,"Public Service Commission, Place No. 2",,REP,Brent Woodall,86
Madison,0051 NEW HOPE CITY HALL,"Public Service Commission, Place No. 2",,REP,Chris Beeker,141
Madison,0051 NEW HOPE CITY HALL,"Public Service Commission, Place No. 2",,REP,Jim Zig Zeigler,177
Madison,0051 NEW HOPE CITY HALL,"Public Service Commission, Place No. 2",,REP,Priscilla Andrews,52
Madison,0051 NEW HOPE CITY HALL,State Auditor,,REP,Andrew Sorrell,331
Madison,0051 NEW HOPE CITY HALL,State Auditor,,REP,Derek Chen,133
Madison,0051 NEW HOPE CITY HALL,State House,20,REP,James Lomax,32
Madison,0051 NEW HOPE CITY HALL,State House,20,REP,Mo Brooks,14
Madison,0051 NEW HOPE CITY HALL,"State Republican Executive Committee, District 3, Place 3",,REP,Brad Taylor,233
Madison,0051 NEW HOPE CITY HALL,"State Republican Executive Committee, District 3, Place 3",,REP,Stephanie A Miles,157
Madison,0051 NEW HOPE CITY HALL,State Treasurer,,REP,Steve Lolley,131
Madison,0051 NEW HOPE CITY HALL,State Treasurer,,REP,Young Boozer,341
Madison,0051 NEW HOPE CITY HALL,U.S. Senate,,REP,Barry Moore,180
Madison,0051 NEW HOPE CITY HALL,U.S. Senate,,REP,Dale Shelton Deas Jr.,6
Madison,0051 NEW HOPE CITY HALL,U.S. Senate,,REP,Jared Hudson,106
Madison,0051 NEW HOPE CITY HALL,U.S. Senate,,REP,Morgan Murphy,1
Madison,0051 NEW HOPE CITY HALL,U.S. Senate,,REP,Rodney Walker,10
Madison,0051 NEW HOPE CITY HALL,U.S. Senate,,REP,Seth Burton,65
Madison,0051 NEW HOPE CITY HALL,U.S. Senate,,REP,Steve Marshall,139
Madison,0052 MADISON PUBLIC LIBR,Governor,,DEM,"Chad ""Chig"" Martin",5
Madison,0052 MADISON PUBLIC LIBR,Governor,,DEM,Doug Jones,224
Madison,0052 MADISON PUBLIC LIBR,Governor,,DEM,Jamel J. Brown,5
Madison,0052 MADISON PUBLIC LIBR,Governor,,DEM,"Nathan ""Nate"" Mathis",0
Madison,0052 MADISON PUBLIC LIBR,Governor,,DEM,Will Boyd,31
Madison,0052 MADISON PUBLIC LIBR,Governor,,DEM,Yolanda Rochelle Flowers,18
Madison,0052 MADISON PUBLIC LIBR,Lieutenant Governor,,DEM,Darryl D. Perryman,88
Madison,0052 MADISON PUBLIC LIBR,Lieutenant Governor,,DEM,Phillip Ensler,175
Madison,0052 MADISON PUBLIC LIBR,State Democratic Executive Committee,,DEM,Carl Fallin,109
Madison,0052 MADISON PUBLIC LIBR,State Democratic Executive Committee,,DEM,Eddgra Hill Fallin,83
Madison,0052 MADISON PUBLIC LIBR,State Democratic Executive Committee,,DEM,Joseph Rucker,123
Madison,0052 MADISON PUBLIC LIBR,State Democratic Executive Committee,,DEM,Wyndie Meyer,156
Madison,0052 MADISON PUBLIC LIBR,State House,25,DEM,Allison T Montgomery,189
Madison,0052 MADISON PUBLIC LIBR,State House,25,DEM,Damon Eubanks,66
Madison,0052 MADISON PUBLIC LIBR,State Senate,2,DEM,Alex House,88
Madison,0052 MADISON PUBLIC LIBR,State Senate,2,DEM,Guy Sotomayor,97
Madison,0052 MADISON PUBLIC LIBR,State Senate,2,DEM,Rudolph Valentino Drake,60
Madison,0052 MADISON PUBLIC LIBR,U.S. House,5,DEM,Andrew Sneed,88
Madison,0052 MADISON PUBLIC LIBR,U.S. House,5,DEM,Candice Dollar Duvieilh,112
Madison,0052 MADISON PUBLIC LIBR,U.S. House,5,DEM,Jeremy Devito,64
Madison,0052 MADISON PUBLIC LIBR,"District Court Judge, Madison County, Place No. 1",,REP,Michael Tewalt,92
Madison,0052 MADISON PUBLIC LIBR,"District Court Judge, Madison County, Place No. 1",,REP,Tim Douthit,192
Madison,0052 MADISON PUBLIC LIBR,Lieutenant Governor,,REP,George Childress,18
Madison,0052 MADISON PUBLIC LIBR,Lieutenant Governor,,REP,John Wahl,123
Madison,0052 MADISON PUBLIC LIBR,Lieutenant Governor,,REP,Nicole Jones Wadsworth,35
Madison,0052 MADISON PUBLIC LIBR,Lieutenant Governor,,REP,Pat Bishop,8
Madison,0052 MADISON PUBLIC LIBR,Lieutenant Governor,,REP,Rick Pate,17
Madison,0052 MADISON PUBLIC LIBR,Lieutenant Governor,,REP,Stewart Hill Tankersley,14
Madison,0052 MADISON PUBLIC LIBR,Lieutenant Governor,,REP,Wes Allen,115
Madison,0052 MADISON PUBLIC LIBR,"Public Service Commission, Place No. 1",,REP,Jeremy H. Oden,89
Madison,0052 MADISON PUBLIC LIBR,"Public Service Commission, Place No. 1",,REP,Matt Gentry,192
Madison,0052 MADISON PUBLIC LIBR,"Public Service Commission, Place No. 2",,REP,Brent Woodall,73
Madison,0052 MADISON PUBLIC LIBR,"Public Service Commission, Place No. 2",,REP,Chris Beeker,64
Madison,0052 MADISON PUBLIC LIBR,"Public Service Commission, Place No. 2",,REP,Jim Zig Zeigler,109
Madison,0052 MADISON PUBLIC LIBR,"Public Service Commission, Place No. 2",,REP,Priscilla Andrews,39
Madison,0052 MADISON PUBLIC LIBR,State Auditor,,REP,Andrew Sorrell,222
Madison,0052 MADISON PUBLIC LIBR,State Auditor,,REP,Derek Chen,81
Madison,0052 MADISON PUBLIC LIBR,"State Republican Executive Committee, District 2, Place 1",,REP,"Charles ""Chet"" Trupp",63
Madison,0052 MADISON PUBLIC LIBR,"State Republican Executive Committee, District 2, Place 1",,REP,Charles B. Nailer,68
Madison,0052 MADISON PUBLIC LIBR,"State Republican Executive Committee, District 2, Place 1",,REP,Timothy J Courson,72
Madison,0052 MADISON PUBLIC LIBR,State Treasurer,,REP,Steve Lolley,94
Madison,0052 MADISON PUBLIC LIBR,State Treasurer,,REP,Young Boozer,208
Madison,0052 MADISON PUBLIC LIBR,U.S. Senate,,REP,Barry Moore,112
Madison,0052 MADISON PUBLIC LIBR,U.S. Senate,,REP,Dale Shelton Deas Jr.,18
Madison,0052 MADISON PUBLIC LIBR,U.S. Senate,,REP,Jared Hudson,57
Madison,0052 MADISON PUBLIC LIBR,U.S. Senate,,REP,Morgan Murphy,10
Madison,0052 MADISON PUBLIC LIBR,U.S. Senate,,REP,Rodney Walker,19
Madison,0052 MADISON PUBLIC LIBR,U.S. Senate,,REP,Seth Burton,29
Madison,0052 MADISON PUBLIC LIBR,U.S. Senate,,REP,Steve Marshall,84
Madison,0053 PINE GROVE MISSION,Governor,,DEM,"Chad ""Chig"" Martin",4
Madison,0053 PINE GROVE MISSION,Governor,,DEM,Doug Jones,319
Madison,0053 PINE GROVE MISSION,Governor,,DEM,Jamel J. Brown,12
Madison,0053 PINE GROVE MISSION,Governor,,DEM,"Nathan ""Nate"" Mathis",3
Madison,0053 PINE GROVE MISSION,Governor,,DEM,Will Boyd,55
Madison,0053 PINE GROVE MISSION,Governor,,DEM,Yolanda Rochelle Flowers,23
Madison,0053 PINE GROVE MISSION,Lieutenant Governor,,DEM,Darryl D. Perryman,162
Madison,0053 PINE GROVE MISSION,Lieutenant Governor,,DEM,Phillip Ensler,234
Madison,0053 PINE GROVE MISSION,Madison County Democratic Executive Committee (Female) District No. 4,,DEM,Eleanor Walker Burks,179
Madison,0053 PINE GROVE MISSION,Madison County Democratic Executive Committee (Female) District No. 4,,DEM,Eddgra Fallin,110
Madison,0053 PINE GROVE MISSION,Madison County Democratic Executive Committee (Female) District No. 4,,DEM,Mary Jones Moore,210
Madison,0053 PINE GROVE MISSION,Madison County Democratic Executive Committee (Female) District No. 4,,DEM,Amy Shadoin,85
Madison,0053 PINE GROVE MISSION,Madison County Democratic Executive Committee (Male) District No. 4,,DEM,Willie Burks Jr.,239
Madison,0053 PINE GROVE MISSION,Madison County Democratic Executive Committee (Male) District No. 4,,DEM,Jacob Linde,92
Madison,0053 PINE GROVE MISSION,Madison County Democratic Executive Committee (Male) District No. 4,,DEM,Guy Sotomayor,144
Madison,0053 PINE GROVE MISSION,Madison County Democratic Executive Committee (Male) District No. 4,,DEM,Eddie Strickland Jr.,103
Madison,0053 PINE GROVE MISSION,State Democratic Executive Committee,,DEM,Benard Simelton,230
Madison,0053 PINE GROVE MISSION,State Democratic Executive Committee,,DEM,Guy Sotomayor,155
Madison,0053 PINE GROVE MISSION,State Senate,2,DEM,Alex House,118
Madison,0053 PINE GROVE MISSION,State Senate,2,DEM,Guy Sotomayor,122
Madison,0053 PINE GROVE MISSION,State Senate,2,DEM,Rudolph Valentino Drake,135
Madison,0053 PINE GROVE MISSION,U.S. House,5,DEM,Andrew Sneed,149
Madison,0053 PINE GROVE MISSION,U.S. House,5,DEM,Candice Dollar Duvieilh,161
Madison,0053 PINE GROVE MISSION,U.S. House,5,DEM,Jeremy Devito,94
Madison,0053 PINE GROVE MISSION,"District Court Judge, Madison County, Place No. 1",,REP,Michael Tewalt,120
Madison,0053 PINE GROVE MISSION,"District Court Judge, Madison County, Place No. 1",,REP,Tim Douthit,218
Madison,0053 PINE GROVE MISSION,"Districts 4 & 6, Place No. 2",,REP,Shannon Dempsey,139
Madison,0053 PINE GROVE MISSION,"Districts 4 & 6, Place No. 2",,REP,Sydney Dean,131
Madison,0053 PINE GROVE MISSION,Lieutenant Governor,,REP,George Childress,10
Madison,0053 PINE GROVE MISSION,Lieutenant Governor,,REP,John Wahl,166
Madison,0053 PINE GROVE MISSION,Lieutenant Governor,,REP,Nicole Jones Wadsworth,27
Madison,0053 PINE GROVE MISSION,Lieutenant Governor,,REP,Pat Bishop,20
Madison,0053 PINE GROVE MISSION,Lieutenant Governor,,REP,Rick Pate,17
Madison,0053 PINE GROVE MISSION,Lieutenant Governor,,REP,Stewart Hill Tankersley,12
Madison,0053 PINE GROVE MISSION,Lieutenant Governor,,REP,Wes Allen,114
Madison,0053 PINE GROVE MISSION,"Public Service Commission, Place No. 1",,REP,Jeremy H. Oden,110
Madison,0053 PINE GROVE MISSION,"Public Service Commission, Place No. 1",,REP,Matt Gentry,222
Madison,0053 PINE GROVE MISSION,"Public Service Commission, Place No. 2",,REP,Brent Woodall,71
Madison,0053 PINE GROVE MISSION,"Public Service Commission, Place No. 2",,REP,Chris Beeker,80
Madison,0053 PINE GROVE MISSION,"Public Service Commission, Place No. 2",,REP,Jim Zig Zeigler,142
Madison,0053 PINE GROVE MISSION,"Public Service Commission, Place No. 2",,REP,Priscilla Andrews,32
Madison,0053 PINE GROVE MISSION,State Auditor,,REP,Andrew Sorrell,266
Madison,0053 PINE GROVE MISSION,State Auditor,,REP,Derek Chen,76
Madison,0053 PINE GROVE MISSION,State Treasurer,,REP,Steve Lolley,94
Madison,0053 PINE GROVE MISSION,State Treasurer,,REP,Young Boozer,257
Madison,0053 PINE GROVE MISSION,U.S. Senate,,REP,Barry Moore,147
Madison,0053 PINE GROVE MISSION,U.S. Senate,,REP,Dale Shelton Deas Jr.,15
Madison,0053 PINE GROVE MISSION,U.S. Senate,,REP,Jared Hudson,77
Madison,0053 PINE GROVE MISSION,U.S. Senate,,REP,Morgan Murphy,5
Madison,0053 PINE GROVE MISSION,U.S. Senate,,REP,Rodney Walker,15
Madison,0053 PINE GROVE MISSION,U.S. Senate,,REP,Seth Burton,32
Madison,0053 PINE GROVE MISSION,U.S. Senate,,REP,Steve Marshall,80
Madison,0054 MADISON CITY HALL,Governor,,DEM,"Chad ""Chig"" Martin",3
Madison,0054 MADISON CITY HALL,Governor,,DEM,Doug Jones,348
Madison,0054 MADISON CITY HALL,Governor,,DEM,Jamel J. Brown,7
Madison,0054 MADISON CITY HALL,Governor,,DEM,"Nathan ""Nate"" Mathis",4
Madison,0054 MADISON CITY HALL,Governor,,DEM,Will Boyd,56
Madison,0054 MADISON CITY HALL,Governor,,DEM,Yolanda Rochelle Flowers,28
Madison,0054 MADISON CITY HALL,Lieutenant Governor,,DEM,Darryl D. Perryman,141
Madison,0054 MADISON CITY HALL,Lieutenant Governor,,DEM,Phillip Ensler,273
Madison,0054 MADISON CITY HALL,State Democratic Executive Committee,,DEM,Blake L. Fleming,136
Madison,0054 MADISON CITY HALL,State Democratic Executive Committee,,DEM,Carl Fallin,12
Madison,0054 MADISON CITY HALL,State Democratic Executive Committee,,DEM,Eddgra Hill Fallin,11
Madison,0054 MADISON CITY HALL,State Democratic Executive Committee,,DEM,James Maxwell Bosley,138
Madison,0054 MADISON CITY HALL,State Democratic Executive Committee,,DEM,Joseph Rucker,17
Madison,0054 MADISON CITY HALL,State Democratic Executive Committee,,DEM,Richard Gonel,32
Madison,0054 MADISON CITY HALL,State Democratic Executive Committee,,DEM,Wyndie Meyer,18
Madison,0054 MADISON CITY HALL,State House,25,DEM,Allison T Montgomery,23
Madison,0054 MADISON CITY HALL,State House,25,DEM,Damon Eubanks,9
Madison,0054 MADISON CITY HALL,State Senate,2,DEM,Alex House,126
Madison,0054 MADISON CITY HALL,State Senate,2,DEM,Guy Sotomayor,140
Madison,0054 MADISON CITY HALL,State Senate,2,DEM,Rudolph Valentino Drake,126
Madison,0054 MADISON CITY HALL,U.S. House,5,DEM,Andrew Sneed,159
Madison,0054 MADISON CITY HALL,U.S. House,5,DEM,Candice Dollar Duvieilh,155
Madison,0054 MADISON CITY HALL,U.S. House,5,DEM,Jeremy Devito,115
Madison,0054 MADISON CITY HALL,"District Court Judge, Madison County, Place No. 1",,REP,Michael Tewalt,129
Madison,0054 MADISON CITY HALL,"District Court Judge, Madison County, Place No. 1",,REP,Tim Douthit,259
Madison,0054 MADISON CITY HALL,Lieutenant Governor,,REP,George Childress,16
Madison,0054 MADISON CITY HALL,Lieutenant Governor,,REP,John Wahl,170
Madison,0054 MADISON CITY HALL,Lieutenant Governor,,REP,Nicole Jones Wadsworth,59
Madison,0054 MADISON CITY HALL,Lieutenant Governor,,REP,Pat Bishop,28
Madison,0054 MADISON CITY HALL,Lieutenant Governor,,REP,Rick Pate,31
Madison,0054 MADISON CITY HALL,Lieutenant Governor,,REP,Stewart Hill Tankersley,16
Madison,0054 MADISON CITY HALL,Lieutenant Governor,,REP,Wes Allen,141
Madison,0054 MADISON CITY HALL,"Public Service Commission, Place No. 1",,REP,Jeremy H. Oden,135
Madison,0054 MADISON CITY HALL,"Public Service Commission, Place No. 1",,REP,Matt Gentry,258
Madison,0054 MADISON CITY HALL,"Public Service Commission, Place No. 2",,REP,Brent Woodall,69
Madison,0054 MADISON CITY HALL,"Public Service Commission, Place No. 2",,REP,Chris Beeker,81
Madison,0054 MADISON CITY HALL,"Public Service Commission, Place No. 2",,REP,Jim Zig Zeigler,186
Madison,0054 MADISON CITY HALL,"Public Service Commission, Place No. 2",,REP,Priscilla Andrews,68
Madison,0054 MADISON CITY HALL,State Auditor,,REP,Andrew Sorrell,282
Madison,0054 MADISON CITY HALL,State Auditor,,REP,Derek Chen,136
Madison,0054 MADISON CITY HALL,"State Republican Executive Committee, District 2, Place 1",,REP,"Charles ""Chet"" Trupp",84
Madison,0054 MADISON CITY HALL,"State Republican Executive Committee, District 2, Place 1",,REP,Charles B. Nailer,115
Madison,0054 MADISON CITY HALL,"State Republican Executive Committee, District 2, Place 1",,REP,Timothy J Courson,99
Madison,0054 MADISON CITY HALL,State Treasurer,,REP,Steve Lolley,123
Madison,0054 MADISON CITY HALL,State Treasurer,,REP,Young Boozer,301
Madison,0054 MADISON CITY HALL,U.S. Senate,,REP,Barry Moore,170
Madison,0054 MADISON CITY HALL,U.S. Senate,,REP,Dale Shelton Deas Jr.,21
Madison,0054 MADISON CITY HALL,U.S. Senate,,REP,Jared Hudson,97
Madison,0054 MADISON CITY HALL,U.S. Senate,,REP,Morgan Murphy,19
Madison,0054 MADISON CITY HALL,U.S. Senate,,REP,Rodney Walker,26
Madison,0054 MADISON CITY HALL,U.S. Senate,,REP,Seth Burton,26
Madison,0054 MADISON CITY HALL,U.S. Senate,,REP,Steve Marshall,109
Madison,0055 LOCUST GROVE BAPT CH,Governor,,DEM,"Chad ""Chig"" Martin",9
Madison,0055 LOCUST GROVE BAPT CH,Governor,,DEM,Doug Jones,396
Madison,0055 LOCUST GROVE BAPT CH,Governor,,DEM,Jamel J. Brown,9
Madison,0055 LOCUST GROVE BAPT CH,Governor,,DEM,"Nathan ""Nate"" Mathis",2
Madison,0055 LOCUST GROVE BAPT CH,Governor,,DEM,Will Boyd,57
Madison,0055 LOCUST GROVE BAPT CH,Governor,,DEM,Yolanda Rochelle Flowers,31
Madison,0055 LOCUST GROVE BAPT CH,Lieutenant Governor,,DEM,Darryl D. Perryman,190
Madison,0055 LOCUST GROVE BAPT CH,Lieutenant Governor,,DEM,Phillip Ensler,295
Madison,0055 LOCUST GROVE BAPT CH,Madison County Democratic Executive Committee (Male) District No. 1,,DEM,Landon Britton,221
Madison,0055 LOCUST GROVE BAPT CH,Madison County Democratic Executive Committee (Male) District No. 1,,DEM,William Heath Brooks,189
Madison,0055 LOCUST GROVE BAPT CH,Madison County Democratic Executive Committee (Male) District No. 1,,DEM,Hoban Carney,125
Madison,0055 LOCUST GROVE BAPT CH,Madison County Democratic Executive Committee (Male) District No. 1,,DEM,Thomas Casez,161
Madison,0055 LOCUST GROVE BAPT CH,U.S. House,5,DEM,Andrew Sneed,195
Madison,0055 LOCUST GROVE BAPT CH,U.S. House,5,DEM,Candice Dollar Duvieilh,187
Madison,0055 LOCUST GROVE BAPT CH,U.S. House,5,DEM,Jeremy Devito,106
Madison,0055 LOCUST GROVE BAPT CH,"District Court Judge, Madison County, Place No. 1",,REP,Michael Tewalt,194
Madison,0055 LOCUST GROVE BAPT CH,"District Court Judge, Madison County, Place No. 1",,REP,Tim Douthit,201
Madison,0055 LOCUST GROVE BAPT CH,Lieutenant Governor,,REP,George Childress,9
Madison,0055 LOCUST GROVE BAPT CH,Lieutenant Governor,,REP,John Wahl,206
Madison,0055 LOCUST GROVE BAPT CH,Lieutenant Governor,,REP,Nicole Jones Wadsworth,28
Madison,0055 LOCUST GROVE BAPT CH,Lieutenant Governor,,REP,Pat Bishop,16
Madison,0055 LOCUST GROVE BAPT CH,Lieutenant Governor,,REP,Rick Pate,21
Madison,0055 LOCUST GROVE BAPT CH,Lieutenant Governor,,REP,Stewart Hill Tankersley,23
Madison,0055 LOCUST GROVE BAPT CH,Lieutenant Governor,,REP,Wes Allen,130
Madison,0055 LOCUST GROVE BAPT CH,"Public Service Commission, Place No. 1",,REP,Jeremy H. Oden,104
Madison,0055 LOCUST GROVE BAPT CH,"Public Service Commission, Place No. 1",,REP,Matt Gentry,276
Madison,0055 LOCUST GROVE BAPT CH,"Public Service Commission, Place No. 2",,REP,Brent Woodall,62
Madison,0055 LOCUST GROVE BAPT CH,"Public Service Commission, Place No. 2",,REP,Chris Beeker,84
Madison,0055 LOCUST GROVE BAPT CH,"Public Service Commission, Place No. 2",,REP,Jim Zig Zeigler,188
Madison,0055 LOCUST GROVE BAPT CH,"Public Service Commission, Place No. 2",,REP,Priscilla Andrews,42
Madison,0055 LOCUST GROVE BAPT CH,State Auditor,,REP,Andrew Sorrell,304
Madison,0055 LOCUST GROVE BAPT CH,State Auditor,,REP,Derek Chen,96
Madison,0055 LOCUST GROVE BAPT CH,"State Republican Executive Committee, District 1, Place 1",,REP,Gerald Alvis,98
Madison,0055 LOCUST GROVE BAPT CH,"State Republican Executive Committee, District 1, Place 1",,REP,Walt Hennessee,203
Madison,0055 LOCUST GROVE BAPT CH,State Treasurer,,REP,Steve Lolley,114
Madison,0055 LOCUST GROVE BAPT CH,State Treasurer,,REP,Young Boozer,291
Madison,0055 LOCUST GROVE BAPT CH,U.S. Senate,,REP,Barry Moore,167
Madison,0055 LOCUST GROVE BAPT CH,U.S. Senate,,REP,Dale Shelton Deas Jr.,11
Madison,0055 LOCUST GROVE BAPT CH,U.S. Senate,,REP,Jared Hudson,113
Madison,0055 LOCUST GROVE BAPT CH,U.S. Senate,,REP,Morgan Murphy,4
Madison,0055 LOCUST GROVE BAPT CH,U.S. Senate,,REP,Rodney Walker,15
Madison,0055 LOCUST GROVE BAPT CH,U.S. Senate,,REP,Seth Burton,26
Madison,0055 LOCUST GROVE BAPT CH,U.S. Senate,,REP,Steve Marshall,104
Madison,0056 NEW MARKET VOL FIRE,Governor,,DEM,"Chad ""Chig"" Martin",2
Madison,0056 NEW MARKET VOL FIRE,Governor,,DEM,Doug Jones,33
Madison,0056 NEW MARKET VOL FIRE,Governor,,DEM,Jamel J. Brown,0
Madison,0056 NEW MARKET VOL FIRE,Governor,,DEM,"Nathan ""Nate"" Mathis",2
Madison,0056 NEW MARKET VOL FIRE,Governor,,DEM,Will Boyd,5
Madison,0056 NEW MARKET VOL FIRE,Governor,,DEM,Yolanda Rochelle Flowers,1
Madison,0056 NEW MARKET VOL FIRE,Lieutenant Governor,,DEM,Darryl D. Perryman,12
Madison,0056 NEW MARKET VOL FIRE,Lieutenant Governor,,DEM,Phillip Ensler,25
Madison,0056 NEW MARKET VOL FIRE,Madison County Democratic Executive Committee (Male) District No. 1,,DEM,Landon Britton,19
Madison,0056 NEW MARKET VOL FIRE,Madison County Democratic Executive Committee (Male) District No. 1,,DEM,William Heath Brooks,22
Madison,0056 NEW MARKET VOL FIRE,Madison County Democratic Executive Committee (Male) District No. 1,,DEM,Hoban Carney,10
Madison,0056 NEW MARKET VOL FIRE,Madison County Democratic Executive Committee (Male) District No. 1,,DEM,Thomas Casez,4
Madison,0056 NEW MARKET VOL FIRE,U.S. House,5,DEM,Andrew Sneed,19
Madison,0056 NEW MARKET VOL FIRE,U.S. House,5,DEM,Candice Dollar Duvieilh,16
Madison,0056 NEW MARKET VOL FIRE,U.S. House,5,DEM,Jeremy Devito,7
Madison,0056 NEW MARKET VOL FIRE,"District Court Judge, Madison County, Place No. 1",,REP,Michael Tewalt,66
Madison,0056 NEW MARKET VOL FIRE,"District Court Judge, Madison County, Place No. 1",,REP,Tim Douthit,2
Madison,0056 NEW MARKET VOL FIRE,Lieutenant Governor,,REP,George Childress,2
Madison,0056 NEW MARKET VOL FIRE,Lieutenant Governor,,REP,John Wahl,58
Madison,0056 NEW MARKET VOL FIRE,Lieutenant Governor,,REP,Nicole Jones Wadsworth,7
Madison,0056 NEW MARKET VOL FIRE,Lieutenant Governor,,REP,Pat Bishop,2
Madison,0056 NEW MARKET VOL FIRE,Lieutenant Governor,,REP,Rick Pate,5
Madison,0056 NEW MARKET VOL FIRE,Lieutenant Governor,,REP,Stewart Hill Tankersley,7
Madison,0056 NEW MARKET VOL FIRE,Lieutenant Governor,,REP,Wes Allen,58
Madison,0056 NEW MARKET VOL FIRE,"Public Service Commission, Place No. 1",,REP,Jeremy H. Oden,26
Madison,0056 NEW MARKET VOL FIRE,"Public Service Commission, Place No. 1",,REP,Matt Gentry,92
Madison,0056 NEW MARKET VOL FIRE,"Public Service Commission, Place No. 2",,REP,Brent Woodall,21
Madison,0056 NEW MARKET VOL FIRE,"Public Service Commission, Place No. 2",,REP,Chris Beeker,37
Madison,0056 NEW MARKET VOL FIRE,"Public Service Commission, Place No. 2",,REP,Jim Zig Zeigler,53
Madison,0056 NEW MARKET VOL FIRE,"Public Service Commission, Place No. 2",,REP,Priscilla Andrews,9
Madison,0056 NEW MARKET VOL FIRE,State Auditor,,REP,Andrew Sorrell,95
Madison,0056 NEW MARKET VOL FIRE,State Auditor,,REP,Derek Chen,35
Madison,0056 NEW MARKET VOL FIRE,"State Republican Executive Committee, District 1, Place 1",,REP,Gerald Alvis,39
Madison,0056 NEW MARKET VOL FIRE,"State Republican Executive Committee, District 1, Place 1",,REP,Walt Hennessee,65
Madison,0056 NEW MARKET VOL FIRE,State Treasurer,,REP,Steve Lolley,31
Madison,0056 NEW MARKET VOL FIRE,State Treasurer,,REP,Young Boozer,92
Madison,0056 NEW MARKET VOL FIRE,U.S. Senate,,REP,Barry Moore,48
Madison,0056 NEW MARKET VOL FIRE,U.S. Senate,,REP,Dale Shelton Deas Jr.,2
Madison,0056 NEW MARKET VOL FIRE,U.S. Senate,,REP,Jared Hudson,38
Madison,0056 NEW MARKET VOL FIRE,U.S. Senate,,REP,Morgan Murphy,0
Madison,0056 NEW MARKET VOL FIRE,U.S. Senate,,REP,Rodney Walker,2
Madison,0056 NEW MARKET VOL FIRE,U.S. Senate,,REP,Seth Burton,2
Madison,0056 NEW MARKET VOL FIRE,U.S. Senate,,REP,Steve Marshall,52
Madison,0057 OWENS CROSS ROADS CT,Governor,,DEM,"Chad ""Chig"" Martin",5
Madison,0057 OWENS CROSS ROADS CT,Governor,,DEM,Doug Jones,96
Madison,0057 OWENS CROSS ROADS CT,Governor,,DEM,Jamel J. Brown,5
Madison,0057 OWENS CROSS ROADS CT,Governor,,DEM,"Nathan ""Nate"" Mathis",0
Madison,0057 OWENS CROSS ROADS CT,Governor,,DEM,Will Boyd,29
Madison,0057 OWENS CROSS ROADS CT,Governor,,DEM,Yolanda Rochelle Flowers,8
Madison,0057 OWENS CROSS ROADS CT,Lieutenant Governor,,DEM,Darryl D. Perryman,42
Madison,0057 OWENS CROSS ROADS CT,Lieutenant Governor,,DEM,Phillip Ensler,88
Madison,0057 OWENS CROSS ROADS CT,U.S. House,5,DEM,Andrew Sneed,53
Madison,0057 OWENS CROSS ROADS CT,U.S. House,5,DEM,Candice Dollar Duvieilh,49
Madison,0057 OWENS CROSS ROADS CT,U.S. House,5,DEM,Jeremy Devito,32
Madison,0057 OWENS CROSS ROADS CT,"District Court Judge, Madison County, Place No. 1",,REP,Michael Tewalt,108
Madison,0057 OWENS CROSS ROADS CT,"District Court Judge, Madison County, Place No. 1",,REP,Tim Douthit,243
Madison,0057 OWENS CROSS ROADS CT,Lieutenant Governor,,REP,George Childress,14
Madison,0057 OWENS CROSS ROADS CT,Lieutenant Governor,,REP,John Wahl,157
Madison,0057 OWENS CROSS ROADS CT,Lieutenant Governor,,REP,Nicole Jones Wadsworth,35
Madison,0057 OWENS CROSS ROADS CT,Lieutenant Governor,,REP,Pat Bishop,13
Madison,0057 OWENS CROSS ROADS CT,Lieutenant Governor,,REP,Rick Pate,8
Madison,0057 OWENS CROSS ROADS CT,Lieutenant Governor,,REP,Stewart Hill Tankersley,5
Madison,0057 OWENS CROSS ROADS CT,Lieutenant Governor,,REP,Wes Allen,147
Madison,0057 OWENS CROSS ROADS CT,"Madison County Republican Executive Committee, District 3, Place 2",,REP,Bree Willbourn,108
Madison,0057 OWENS CROSS ROADS CT,"Madison County Republican Executive Committee, District 3, Place 2",,REP,Keith Kizer,177
Madison,0057 OWENS CROSS ROADS CT,"Public Service Commission, Place No. 1",,REP,Jeremy H. Oden,120
Madison,0057 OWENS CROSS ROADS CT,"Public Service Commission, Place No. 1",,REP,Matt Gentry,220
Madison,0057 OWENS CROSS ROADS CT,"Public Service Commission, Place No. 2",,REP,Brent Woodall,70
Madison,0057 OWENS CROSS ROADS CT,"Public Service Commission, Place No. 2",,REP,Chris Beeker,75
Madison,0057 OWENS CROSS ROADS CT,"Public Service Commission, Place No. 2",,REP,Jim Zig Zeigler,165
Madison,0057 OWENS CROSS ROADS CT,"Public Service Commission, Place No. 2",,REP,Priscilla Andrews,40
Madison,0057 OWENS CROSS ROADS CT,State Auditor,,REP,Andrew Sorrell,267
Madison,0057 OWENS CROSS ROADS CT,State Auditor,,REP,Derek Chen,95
Madison,0057 OWENS CROSS ROADS CT,"State Republican Executive Committee, District 3, Place 3",,REP,Brad Taylor,161
Madison,0057 OWENS CROSS ROADS CT,"State Republican Executive Committee, District 3, Place 3",,REP,Stephanie A Miles,136
Madison,0057 OWENS CROSS ROADS CT,State Treasurer,,REP,Steve Lolley,79
Madison,0057 OWENS CROSS ROADS CT,State Treasurer,,REP,Young Boozer,281
Madison,0057 OWENS CROSS ROADS CT,U.S. Senate,,REP,Barry Moore,142
Madison,0057 OWENS CROSS ROADS CT,U.S. Senate,,REP,Dale Shelton Deas Jr.,10
Madison,0057 OWENS CROSS ROADS CT,U.S. Senate,,REP,Jared Hudson,74
Madison,0057 OWENS CROSS ROADS CT,U.S. Senate,,REP,Morgan Murphy,7
Madison,0057 OWENS CROSS ROADS CT,U.S. Senate,,REP,Rodney Walker,13
Madison,0057 OWENS CROSS ROADS CT,U.S. Senate,,REP,Seth Burton,38
Madison,0057 OWENS CROSS ROADS CT,U.S. Senate,,REP,Steve Marshall,104
Madison,0058 FIRST BAPT CH MER,Governor,,DEM,"Chad ""Chig"" Martin",8
Madison,0058 FIRST BAPT CH MER,Governor,,DEM,Doug Jones,372
Madison,0058 FIRST BAPT CH MER,Governor,,DEM,Jamel J. Brown,16
Madison,0058 FIRST BAPT CH MER,Governor,,DEM,"Nathan ""Nate"" Mathis",3
Madison,0058 FIRST BAPT CH MER,Governor,,DEM,Will Boyd,58
Madison,0058 FIRST BAPT CH MER,Governor,,DEM,Yolanda Rochelle Flowers,33
Madison,0058 FIRST BAPT CH MER,Lieutenant Governor,,DEM,Darryl D. Perryman,210
Madison,0058 FIRST BAPT CH MER,Lieutenant Governor,,DEM,Phillip Ensler,266
Madison,0058 FIRST BAPT CH MER,Madison County Democratic Executive Committee (Male) District No. 1,,DEM,Landon Britton,184
Madison,0058 FIRST BAPT CH MER,Madison County Democratic Executive Committee (Male) District No. 1,,DEM,William Heath Brooks,199
Madison,0058 FIRST BAPT CH MER,Madison County Democratic Executive Committee (Male) District No. 1,,DEM,Hoban Carney,106
Madison,0058 FIRST BAPT CH MER,Madison County Democratic Executive Committee (Male) District No. 1,,DEM,Thomas Casez,123
Madison,0058 FIRST BAPT CH MER,U.S. House,5,DEM,Andrew Sneed,200
Madison,0058 FIRST BAPT CH MER,U.S. House,5,DEM,Candice Dollar Duvieilh,176
Madison,0058 FIRST BAPT CH MER,U.S. House,5,DEM,Jeremy Devito,100
Madison,0058 FIRST BAPT CH MER,"District Court Judge, Madison County, Place No. 1",,REP,Michael Tewalt,85
Madison,0058 FIRST BAPT CH MER,"District Court Judge, Madison County, Place No. 1",,REP,Tim Douthit,132
Madison,0058 FIRST BAPT CH MER,Lieutenant Governor,,REP,George Childress,8
Madison,0058 FIRST BAPT CH MER,Lieutenant Governor,,REP,John Wahl,108
Madison,0058 FIRST BAPT CH MER,Lieutenant Governor,,REP,Nicole Jones Wadsworth,16
Madison,0058 FIRST BAPT CH MER,Lieutenant Governor,,REP,Pat Bishop,9
Madison,0058 FIRST BAPT CH MER,Lieutenant Governor,,REP,Rick Pate,10
Madison,0058 FIRST BAPT CH MER,Lieutenant Governor,,REP,Stewart Hill Tankersley,6
Madison,0058 FIRST BAPT CH MER,Lieutenant Governor,,REP,Wes Allen,78
Madison,0058 FIRST BAPT CH MER,"Public Service Commission, Place No. 1",,REP,Jeremy H. Oden,71
Madison,0058 FIRST BAPT CH MER,"Public Service Commission, Place No. 1",,REP,Matt Gentry,143
Madison,0058 FIRST BAPT CH MER,"Public Service Commission, Place No. 2",,REP,Brent Woodall,23
Madison,0058 FIRST BAPT CH MER,"Public Service Commission, Place No. 2",,REP,Chris Beeker,70
Madison,0058 FIRST BAPT CH MER,"Public Service Commission, Place No. 2",,REP,Jim Zig Zeigler,99
Madison,0058 FIRST BAPT CH MER,"Public Service Commission, Place No. 2",,REP,Priscilla Andrews,21
Madison,0058 FIRST BAPT CH MER,State Auditor,,REP,Andrew Sorrell,162
Madison,0058 FIRST BAPT CH MER,State Auditor,,REP,Derek Chen,63
Madison,0058 FIRST BAPT CH MER,"State Republican Executive Committee, District 1, Place 1",,REP,Gerald Alvis,69
Madison,0058 FIRST BAPT CH MER,"State Republican Executive Committee, District 1, Place 1",,REP,Walt Hennessee,107
Madison,0058 FIRST BAPT CH MER,State Treasurer,,REP,Steve Lolley,58
Madison,0058 FIRST BAPT CH MER,State Treasurer,,REP,Young Boozer,166
Madison,0058 FIRST BAPT CH MER,U.S. Senate,,REP,Barry Moore,86
Madison,0058 FIRST BAPT CH MER,U.S. Senate,,REP,Dale Shelton Deas Jr.,8
Madison,0058 FIRST BAPT CH MER,U.S. Senate,,REP,Jared Hudson,56
Madison,0058 FIRST BAPT CH MER,U.S. Senate,,REP,Morgan Murphy,3
Madison,0058 FIRST BAPT CH MER,U.S. Senate,,REP,Rodney Walker,9
Madison,0058 FIRST BAPT CH MER,U.S. Senate,,REP,Seth Burton,12
Madison,0058 FIRST BAPT CH MER,U.S. Senate,,REP,Steve Marshall,67
Madison,0059 BROWNSBORO BAPT CH,Governor,,DEM,"Chad ""Chig"" Martin",5
Madison,0059 BROWNSBORO BAPT CH,Governor,,DEM,Doug Jones,141
Madison,0059 BROWNSBORO BAPT CH,Governor,,DEM,Jamel J. Brown,7
Madison,0059 BROWNSBORO BAPT CH,Governor,,DEM,"Nathan ""Nate"" Mathis",0
Madison,0059 BROWNSBORO BAPT CH,Governor,,DEM,Will Boyd,20
Madison,0059 BROWNSBORO BAPT CH,Governor,,DEM,Yolanda Rochelle Flowers,12
Madison,0059 BROWNSBORO BAPT CH,Lieutenant Governor,,DEM,Darryl D. Perryman,62
Madison,0059 BROWNSBORO BAPT CH,Lieutenant Governor,,DEM,Phillip Ensler,113
Madison,0059 BROWNSBORO BAPT CH,U.S. House,5,DEM,Andrew Sneed,82
Madison,0059 BROWNSBORO BAPT CH,U.S. House,5,DEM,Candice Dollar Duvieilh,63
Madison,0059 BROWNSBORO BAPT CH,U.S. House,5,DEM,Jeremy Devito,36
Madison,0059 BROWNSBORO BAPT CH,"District Court Judge, Madison County, Place No. 1",,REP,Michael Tewalt,175
Madison,0059 BROWNSBORO BAPT CH,"District Court Judge, Madison County, Place No. 1",,REP,Tim Douthit,188
Madison,0059 BROWNSBORO BAPT CH,Lieutenant Governor,,REP,George Childress,5
Madison,0059 BROWNSBORO BAPT CH,Lieutenant Governor,,REP,John Wahl,167
Madison,0059 BROWNSBORO BAPT CH,Lieutenant Governor,,REP,Nicole Jones Wadsworth,28
Madison,0059 BROWNSBORO BAPT CH,Lieutenant Governor,,REP,Pat Bishop,12
Madison,0059 BROWNSBORO BAPT CH,Lieutenant Governor,,REP,Rick Pate,19
Madison,0059 BROWNSBORO BAPT CH,Lieutenant Governor,,REP,Stewart Hill Tankersley,10
Madison,0059 BROWNSBORO BAPT CH,Lieutenant Governor,,REP,Wes Allen,149
Madison,0059 BROWNSBORO BAPT CH,"Madison County Republican Executive Committee, District 3, Place 2",,REP,Bree Willbourn,118
Madison,0059 BROWNSBORO BAPT CH,"Madison County Republican Executive Committee, District 3, Place 2",,REP,Keith Kizer,170
Madison,0059 BROWNSBORO BAPT CH,"Public Service Commission, Place No. 1",,REP,Jeremy H. Oden,102
Madison,0059 BROWNSBORO BAPT CH,"Public Service Commission, Place No. 1",,REP,Matt Gentry,248
Madison,0059 BROWNSBORO BAPT CH,"Public Service Commission, Place No. 2",,REP,Brent Woodall,77
Madison,0059 BROWNSBORO BAPT CH,"Public Service Commission, Place No. 2",,REP,Chris Beeker,67
Madison,0059 BROWNSBORO BAPT CH,"Public Service Commission, Place No. 2",,REP,Jim Zig Zeigler,174
Madison,0059 BROWNSBORO BAPT CH,"Public Service Commission, Place No. 2",,REP,Priscilla Andrews,37
Madison,0059 BROWNSBORO BAPT CH,State Auditor,,REP,Andrew Sorrell,276
Madison,0059 BROWNSBORO BAPT CH,State Auditor,,REP,Derek Chen,92
Madison,0059 BROWNSBORO BAPT CH,"State Republican Executive Committee, District 3, Place 3",,REP,Brad Taylor,176
Madison,0059 BROWNSBORO BAPT CH,"State Republican Executive Committee, District 3, Place 3",,REP,Stephanie A Miles,110
Madison,0059 BROWNSBORO BAPT CH,State Treasurer,,REP,Steve Lolley,101
Madison,0059 BROWNSBORO BAPT CH,State Treasurer,,REP,Young Boozer,271
Madison,0059 BROWNSBORO BAPT CH,U.S. Senate,,REP,Barry Moore,128
Madison,0059 BROWNSBORO BAPT CH,U.S. Senate,,REP,Dale Shelton Deas Jr.,10
Madison,0059 BROWNSBORO BAPT CH,U.S. Senate,,REP,Jared Hudson,83
Madison,0059 BROWNSBORO BAPT CH,U.S. Senate,,REP,Morgan Murphy,6
Madison,0059 BROWNSBORO BAPT CH,U.S. Senate,,REP,Rodney Walker,13
Madison,0059 BROWNSBORO BAPT CH,U.S. Senate,,REP,Seth Burton,24
Madison,0059 BROWNSBORO BAPT CH,U.S. Senate,,REP,Steve Marshall,131
Madison,0060 MONROVIA CH OF CHR,Governor,,DEM,"Chad ""Chig"" Martin",3
Madison,0060 MONROVIA CH OF CHR,Governor,,DEM,Doug Jones,368
Madison,0060 MONROVIA CH OF CHR,Governor,,DEM,Jamel J. Brown,11
Madison,0060 MONROVIA CH OF CHR,Governor,,DEM,"Nathan ""Nate"" Mathis",5
Madison,0060 MONROVIA CH OF CHR,Governor,,DEM,Will Boyd,54
Madison,0060 MONROVIA CH OF CHR,Governor,,DEM,Yolanda Rochelle Flowers,39
Madison,0060 MONROVIA CH OF CHR,Lieutenant Governor,,DEM,Darryl D. Perryman,190
Madison,0060 MONROVIA CH OF CHR,Lieutenant Governor,,DEM,Phillip Ensler,274
Madison,0060 MONROVIA CH OF CHR,Madison County Democratic Executive Committee (Female) District No. 4,,DEM,Eleanor Walker Burks,197
Madison,0060 MONROVIA CH OF CHR,Madison County Democratic Executive Committee (Female) District No. 4,,DEM,Eddgra Fallin,185
Madison,0060 MONROVIA CH OF CHR,Madison County Democratic Executive Committee (Female) District No. 4,,DEM,Mary Jones Moore,224
Madison,0060 MONROVIA CH OF CHR,Madison County Democratic Executive Committee (Female) District No. 4,,DEM,Amy Shadoin,94
Madison,0060 MONROVIA CH OF CHR,Madison County Democratic Executive Committee (Male) District No. 4,,DEM,Willie Burks Jr.,266
Madison,0060 MONROVIA CH OF CHR,Madison County Democratic Executive Committee (Male) District No. 4,,DEM,Jacob Linde,106
Madison,0060 MONROVIA CH OF CHR,Madison County Democratic Executive Committee (Male) District No. 4,,DEM,Guy Sotomayor,182
Madison,0060 MONROVIA CH OF CHR,Madison County Democratic Executive Committee (Male) District No. 4,,DEM,Eddie Strickland Jr.,121
Madison,0060 MONROVIA CH OF CHR,State Democratic Executive Committee,,DEM,Carl Fallin,230
Madison,0060 MONROVIA CH OF CHR,State Democratic Executive Committee,,DEM,Eddgra Hill Fallin,228
Madison,0060 MONROVIA CH OF CHR,State Democratic Executive Committee,,DEM,Joseph Rucker,210
Madison,0060 MONROVIA CH OF CHR,State Democratic Executive Committee,,DEM,Wyndie Meyer,210
Madison,0060 MONROVIA CH OF CHR,State House,25,DEM,Allison T Montgomery,308
Madison,0060 MONROVIA CH OF CHR,State House,25,DEM,Damon Eubanks,142
Madison,0060 MONROVIA CH OF CHR,State Senate,2,DEM,Alex House,120
Madison,0060 MONROVIA CH OF CHR,State Senate,2,DEM,Guy Sotomayor,142
Madison,0060 MONROVIA CH OF CHR,State Senate,2,DEM,Rudolph Valentino Drake,183
Madison,0060 MONROVIA CH OF CHR,U.S. House,5,DEM,Andrew Sneed,145
Madison,0060 MONROVIA CH OF CHR,U.S. House,5,DEM,Candice Dollar Duvieilh,194
Madison,0060 MONROVIA CH OF CHR,U.S. House,5,DEM,Jeremy Devito,128
Madison,0060 MONROVIA CH OF CHR,"District Court Judge, Madison County, Place No. 1",,REP,Michael Tewalt,95
Madison,0060 MONROVIA CH OF CHR,"District Court Judge, Madison County, Place No. 1",,REP,Tim Douthit,307
Madison,0060 MONROVIA CH OF CHR,"Districts 4 & 6, Place No. 2",,REP,Shannon Dempsey,187
Madison,0060 MONROVIA CH OF CHR,"Districts 4 & 6, Place No. 2",,REP,Sydney Dean,137
Madison,0060 MONROVIA CH OF CHR,Lieutenant Governor,,REP,George Childress,13
Madison,0060 MONROVIA CH OF CHR,Lieutenant Governor,,REP,John Wahl,169
Madison,0060 MONROVIA CH OF CHR,Lieutenant Governor,,REP,Nicole Jones Wadsworth,33
Madison,0060 MONROVIA CH OF CHR,Lieutenant Governor,,REP,Pat Bishop,20
Madison,0060 MONROVIA CH OF CHR,Lieutenant Governor,,REP,Rick Pate,15
Madison,0060 MONROVIA CH OF CHR,Lieutenant Governor,,REP,Stewart Hill Tankersley,7
Madison,0060 MONROVIA CH OF CHR,Lieutenant Governor,,REP,Wes Allen,188
Madison,0060 MONROVIA CH OF CHR,"Public Service Commission, Place No. 1",,REP,Jeremy H. Oden,120
Madison,0060 MONROVIA CH OF CHR,"Public Service Commission, Place No. 1",,REP,Matt Gentry,270
Madison,0060 MONROVIA CH OF CHR,"Public Service Commission, Place No. 2",,REP,Brent Woodall,74
Madison,0060 MONROVIA CH OF CHR,"Public Service Commission, Place No. 2",,REP,Chris Beeker,104
Madison,0060 MONROVIA CH OF CHR,"Public Service Commission, Place No. 2",,REP,Jim Zig Zeigler,166
Madison,0060 MONROVIA CH OF CHR,"Public Service Commission, Place No. 2",,REP,Priscilla Andrews,49
Madison,0060 MONROVIA CH OF CHR,State Auditor,,REP,Andrew Sorrell,296
Madison,0060 MONROVIA CH OF CHR,State Auditor,,REP,Derek Chen,122
Madison,0060 MONROVIA CH OF CHR,State Treasurer,,REP,Steve Lolley,107
Madison,0060 MONROVIA CH OF CHR,State Treasurer,,REP,Young Boozer,314
Madison,0060 MONROVIA CH OF CHR,U.S. Senate,,REP,Barry Moore,182
Madison,0060 MONROVIA CH OF CHR,U.S. Senate,,REP,Dale Shelton Deas Jr.,12
Madison,0060 MONROVIA CH OF CHR,U.S. Senate,,REP,Jared Hudson,94
Madison,0060 MONROVIA CH OF CHR,U.S. Senate,,REP,Morgan Murphy,4
Madison,0060 MONROVIA CH OF CHR,U.S. Senate,,REP,Rodney Walker,9
Madison,0060 MONROVIA CH OF CHR,U.S. Senate,,REP,Seth Burton,27
Madison,0060 MONROVIA CH OF CHR,U.S. Senate,,REP,Steve Marshall,121
Madison,0061 CO COMMISSION DIST 1,Governor,,DEM,"Chad ""Chig"" Martin",8
Madison,0061 CO COMMISSION DIST 1,Governor,,DEM,Doug Jones,193
Madison,0061 CO COMMISSION DIST 1,Governor,,DEM,Jamel J. Brown,5
Madison,0061 CO COMMISSION DIST 1,Governor,,DEM,"Nathan ""Nate"" Mathis",0
Madison,0061 CO COMMISSION DIST 1,Governor,,DEM,Will Boyd,41
Madison,0061 CO COMMISSION DIST 1,Governor,,DEM,Yolanda Rochelle Flowers,23
Madison,0061 CO COMMISSION DIST 1,Lieutenant Governor,,DEM,Darryl D. Perryman,120
Madison,0061 CO COMMISSION DIST 1,Lieutenant Governor,,DEM,Phillip Ensler,134
Madison,0061 CO COMMISSION DIST 1,Madison County Democratic Executive Committee (Male) District No. 1,,DEM,Landon Britton,120
Madison,0061 CO COMMISSION DIST 1,Madison County Democratic Executive Committee (Male) District No. 1,,DEM,William Heath Brooks,113
Madison,0061 CO COMMISSION DIST 1,Madison County Democratic Executive Committee (Male) District No. 1,,DEM,Hoban Carney,47
Madison,0061 CO COMMISSION DIST 1,Madison County Democratic Executive Committee (Male) District No. 1,,DEM,Thomas Casez,66
Madison,0061 CO COMMISSION DIST 1,U.S. House,5,DEM,Andrew Sneed,102
Madison,0061 CO COMMISSION DIST 1,U.S. House,5,DEM,Candice Dollar Duvieilh,95
Madison,0061 CO COMMISSION DIST 1,U.S. House,5,DEM,Jeremy Devito,65
Madison,0061 CO COMMISSION DIST 1,"District Court Judge, Madison County, Place No. 1",,REP,Michael Tewalt,175
Madison,0061 CO COMMISSION DIST 1,"District Court Judge, Madison County, Place No. 1",,REP,Tim Douthit,1
Madison,0061 CO COMMISSION DIST 1,Lieutenant Governor,,REP,George Childress,6
Madison,0061 CO COMMISSION DIST 1,Lieutenant Governor,,REP,John Wahl,179
Madison,0061 CO COMMISSION DIST 1,Lieutenant Governor,,REP,Nicole Jones Wadsworth,20
Madison,0061 CO COMMISSION DIST 1,Lieutenant Governor,,REP,Pat Bishop,7
Madison,0061 CO COMMISSION DIST 1,Lieutenant Governor,,REP,Rick Pate,13
Madison,0061 CO COMMISSION DIST 1,Lieutenant Governor,,REP,Stewart Hill Tankersley,12
Madison,0061 CO COMMISSION DIST 1,Lieutenant Governor,,REP,Wes Allen,115
Madison,0061 CO COMMISSION DIST 1,"Public Service Commission, Place No. 1",,REP,Jeremy H. Oden,89
Madison,0061 CO COMMISSION DIST 1,"Public Service Commission, Place No. 1",,REP,Matt Gentry,215
Madison,0061 CO COMMISSION DIST 1,"Public Service Commission, Place No. 2",,REP,Brent Woodall,67
Madison,0061 CO COMMISSION DIST 1,"Public Service Commission, Place No. 2",,REP,Chris Beeker,73
Madison,0061 CO COMMISSION DIST 1,"Public Service Commission, Place No. 2",,REP,Jim Zig Zeigler,136
Madison,0061 CO COMMISSION DIST 1,"Public Service Commission, Place No. 2",,REP,Priscilla Andrews,42
Madison,0061 CO COMMISSION DIST 1,State Auditor,,REP,Andrew Sorrell,236
Madison,0061 CO COMMISSION DIST 1,State Auditor,,REP,Derek Chen,100
Madison,0061 CO COMMISSION DIST 1,"State Republican Executive Committee, District 1, Place 1",,REP,Gerald Alvis,81
Madison,0061 CO COMMISSION DIST 1,"State Republican Executive Committee, District 1, Place 1",,REP,Walt Hennessee,175
Madison,0061 CO COMMISSION DIST 1,State Treasurer,,REP,Steve Lolley,91
Madison,0061 CO COMMISSION DIST 1,State Treasurer,,REP,Young Boozer,241
Madison,0061 CO COMMISSION DIST 1,U.S. Senate,,REP,Barry Moore,133
Madison,0061 CO COMMISSION DIST 1,U.S. Senate,,REP,Dale Shelton Deas Jr.,12
Madison,0061 CO COMMISSION DIST 1,U.S. Senate,,REP,Jared Hudson,79
Madison,0061 CO COMMISSION DIST 1,U.S. Senate,,REP,Morgan Murphy,4
Madison,0061 CO COMMISSION DIST 1,U.S. Senate,,REP,Rodney Walker,12
Madison,0061 CO COMMISSION DIST 1,U.S. Senate,,REP,Seth Burton,18
Madison,0061 CO COMMISSION DIST 1,U.S. Senate,,REP,Steve Marshall,93
Madison,0062 BOBO VFD,Governor,,DEM,"Chad ""Chig"" Martin",2
Madison,0062 BOBO VFD,Governor,,DEM,Doug Jones,141
Madison,0062 BOBO VFD,Governor,,DEM,Jamel J. Brown,2
Madison,0062 BOBO VFD,Governor,,DEM,"Nathan ""Nate"" Mathis",1
Madison,0062 BOBO VFD,Governor,,DEM,Will Boyd,22
Madison,0062 BOBO VFD,Governor,,DEM,Yolanda Rochelle Flowers,11
Madison,0062 BOBO VFD,Lieutenant Governor,,DEM,Darryl D. Perryman,79
Madison,0062 BOBO VFD,Lieutenant Governor,,DEM,Phillip Ensler,91
Madison,0062 BOBO VFD,Madison County Democratic Executive Committee (Female) District No. 4,,DEM,Eleanor Walker Burks,73
Madison,0062 BOBO VFD,Madison County Democratic Executive Committee (Female) District No. 4,,DEM,Eddgra Fallin,44
Madison,0062 BOBO VFD,Madison County Democratic Executive Committee (Female) District No. 4,,DEM,Mary Jones Moore,90
Madison,0062 BOBO VFD,Madison County Democratic Executive Committee (Female) District No. 4,,DEM,Amy Shadoin,44
Madison,0062 BOBO VFD,Madison County Democratic Executive Committee (Male) District No. 4,,DEM,Willie Burks Jr.,100
Madison,0062 BOBO VFD,Madison County Democratic Executive Committee (Male) District No. 4,,DEM,Jacob Linde,36
Madison,0062 BOBO VFD,Madison County Democratic Executive Committee (Male) District No. 4,,DEM,Guy Sotomayor,66
Madison,0062 BOBO VFD,Madison County Democratic Executive Committee (Male) District No. 4,,DEM,Eddie Strickland Jr.,35
Madison,0062 BOBO VFD,State Democratic Executive Committee,,DEM,Benard Simelton,101
Madison,0062 BOBO VFD,State Democratic Executive Committee,,DEM,Guy Sotomayor,59
Madison,0062 BOBO VFD,U.S. House,5,DEM,Andrew Sneed,60
Madison,0062 BOBO VFD,U.S. House,5,DEM,Candice Dollar Duvieilh,60
Madison,0062 BOBO VFD,U.S. House,5,DEM,Jeremy Devito,48
Madison,0062 BOBO VFD,"District Court Judge, Madison County, Place No. 1",,REP,Michael Tewalt,0
Madison,0062 BOBO VFD,"District Court Judge, Madison County, Place No. 1",,REP,Tim Douthit,190
Madison,0062 BOBO VFD,"Districts 4 & 6, Place No. 2",,REP,Shannon Dempsey,141
Madison,0062 BOBO VFD,"Districts 4 & 6, Place No. 2",,REP,Sydney Dean,90
Madison,0062 BOBO VFD,Lieutenant Governor,,REP,George Childress,6
Madison,0062 BOBO VFD,Lieutenant Governor,,REP,John Wahl,136
Madison,0062 BOBO VFD,Lieutenant Governor,,REP,Nicole Jones Wadsworth,24
Madison,0062 BOBO VFD,Lieutenant Governor,,REP,Pat Bishop,8
Madison,0062 BOBO VFD,Lieutenant Governor,,REP,Rick Pate,11
Madison,0062 BOBO VFD,Lieutenant Governor,,REP,Stewart Hill Tankersley,10
Madison,0062 BOBO VFD,Lieutenant Governor,,REP,Wes Allen,106
Madison,0062 BOBO VFD,"Public Service Commission, Place No. 1",,REP,Jeremy H. Oden,72
Madison,0062 BOBO VFD,"Public Service Commission, Place No. 1",,REP,Matt Gentry,192
Madison,0062 BOBO VFD,"Public Service Commission, Place No. 2",,REP,Brent Woodall,43
Madison,0062 BOBO VFD,"Public Service Commission, Place No. 2",,REP,Chris Beeker,66
Madison,0062 BOBO VFD,"Public Service Commission, Place No. 2",,REP,Jim Zig Zeigler,123
Madison,0062 BOBO VFD,"Public Service Commission, Place No. 2",,REP,Priscilla Andrews,33
Madison,0062 BOBO VFD,State Auditor,,REP,Andrew Sorrell,200
Madison,0062 BOBO VFD,State Auditor,,REP,Derek Chen,78
Madison,0062 BOBO VFD,State Treasurer,,REP,Steve Lolley,84
Madison,0062 BOBO VFD,State Treasurer,,REP,Young Boozer,194
Madison,0062 BOBO VFD,U.S. Senate,,REP,Barry Moore,124
Madison,0062 BOBO VFD,U.S. Senate,,REP,Dale Shelton Deas Jr.,7
Madison,0062 BOBO VFD,U.S. Senate,,REP,Jared Hudson,66
Madison,0062 BOBO VFD,U.S. Senate,,REP,Morgan Murphy,4
Madison,0062 BOBO VFD,U.S. Senate,,REP,Rodney Walker,10
Madison,0062 BOBO VFD,U.S. Senate,,REP,Seth Burton,14
Madison,0062 BOBO VFD,U.S. Senate,,REP,Steve Marshall,75
Madison,0063 MERDIANVILLE C OF CHR,Governor,,DEM,"Chad ""Chig"" Martin",20
Madison,0063 MERDIANVILLE C OF CHR,Governor,,DEM,Doug Jones,803
Madison,0063 MERDIANVILLE C OF CHR,Governor,,DEM,Jamel J. Brown,27
Madison,0063 MERDIANVILLE C OF CHR,Governor,,DEM,"Nathan ""Nate"" Mathis",12
Madison,0063 MERDIANVILLE C OF CHR,Governor,,DEM,Will Boyd,149
Madison,0063 MERDIANVILLE C OF CHR,Governor,,DEM,Yolanda Rochelle Flowers,102
Madison,0063 MERDIANVILLE C OF CHR,Lieutenant Governor,,DEM,Darryl D. Perryman,469
Madison,0063 MERDIANVILLE C OF CHR,Lieutenant Governor,,DEM,Phillip Ensler,601
Madison,0063 MERDIANVILLE C OF CHR,Madison County Democratic Executive Committee (Male) District No. 1,,DEM,Landon Britton,471
Madison,0063 MERDIANVILLE C OF CHR,Madison County Democratic Executive Committee (Male) District No. 1,,DEM,William Heath Brooks,416
Madison,0063 MERDIANVILLE C OF CHR,Madison County Democratic Executive Committee (Male) District No. 1,,DEM,Hoban Carney,223
Madison,0063 MERDIANVILLE C OF CHR,Madison County Democratic Executive Committee (Male) District No. 1,,DEM,Thomas Casez,324
Madison,0063 MERDIANVILLE C OF CHR,State Democratic Executive Committee,,DEM,Forrest Satterfield,287
Madison,0063 MERDIANVILLE C OF CHR,State Democratic Executive Committee,,DEM,Jason M. Jones,776
Madison,0063 MERDIANVILLE C OF CHR,U.S. House,5,DEM,Andrew Sneed,400
Madison,0063 MERDIANVILLE C OF CHR,U.S. House,5,DEM,Candice Dollar Duvieilh,445
Madison,0063 MERDIANVILLE C OF CHR,U.S. House,5,DEM,Jeremy Devito,230
Madison,0063 MERDIANVILLE C OF CHR,"District Court Judge, Madison County, Place No. 1",,REP,Michael Tewalt,87
Madison,0063 MERDIANVILLE C OF CHR,"District Court Judge, Madison County, Place No. 1",,REP,Tim Douthit,190
Madison,0063 MERDIANVILLE C OF CHR,Lieutenant Governor,,REP,George Childress,13
Madison,0063 MERDIANVILLE C OF CHR,Lieutenant Governor,,REP,John Wahl,336
Madison,0063 MERDIANVILLE C OF CHR,Lieutenant Governor,,REP,Nicole Jones Wadsworth,52
Madison,0063 MERDIANVILLE C OF CHR,Lieutenant Governor,,REP,Pat Bishop,11
Madison,0063 MERDIANVILLE C OF CHR,Lieutenant Governor,,REP,Rick Pate,23
Madison,0063 MERDIANVILLE C OF CHR,Lieutenant Governor,,REP,Stewart Hill Tankersley,15
Madison,0063 MERDIANVILLE C OF CHR,Lieutenant Governor,,REP,Wes Allen,290
Madison,0063 MERDIANVILLE C OF CHR,"Public Service Commission, Place No. 1",,REP,Jeremy H. Oden,204
Madison,0063 MERDIANVILLE C OF CHR,"Public Service Commission, Place No. 1",,REP,Matt Gentry,485
Madison,0063 MERDIANVILLE C OF CHR,"Public Service Commission, Place No. 2",,REP,Brent Woodall,130
Madison,0063 MERDIANVILLE C OF CHR,"Public Service Commission, Place No. 2",,REP,Chris Beeker,177
Madison,0063 MERDIANVILLE C OF CHR,"Public Service Commission, Place No. 2",,REP,Jim Zig Zeigler,290
Madison,0063 MERDIANVILLE C OF CHR,"Public Service Commission, Place No. 2",,REP,Priscilla Andrews,75
Madison,0063 MERDIANVILLE C OF CHR,State Auditor,,REP,Andrew Sorrell,512
Madison,0063 MERDIANVILLE C OF CHR,State Auditor,,REP,Derek Chen,185
Madison,0063 MERDIANVILLE C OF CHR,"State Republican Executive Committee, District 1, Place 1",,REP,Gerald Alvis,208
Madison,0063 MERDIANVILLE C OF CHR,"State Republican Executive Committee, District 1, Place 1",,REP,Walt Hennessee,378
Madison,0063 MERDIANVILLE C OF CHR,State Treasurer,,REP,Steve Lolley,196
Madison,0063 MERDIANVILLE C OF CHR,State Treasurer,,REP,Young Boozer,518
Madison,0063 MERDIANVILLE C OF CHR,U.S. Senate,,REP,Barry Moore,264
Madison,0063 MERDIANVILLE C OF CHR,U.S. Senate,,REP,Dale Shelton Deas Jr.,14
Madison,0063 MERDIANVILLE C OF CHR,U.S. Senate,,REP,Jared Hudson,185
Madison,0063 MERDIANVILLE C OF CHR,U.S. Senate,,REP,Morgan Murphy,7
Madison,0063 MERDIANVILLE C OF CHR,U.S. Senate,,REP,Rodney Walker,37
Madison,0063 MERDIANVILLE C OF CHR,U.S. Senate,,REP,Seth Burton,42
Madison,0063 MERDIANVILLE C OF CHR,U.S. Senate,,REP,Steve Marshall,189
Madison,0064 MT ZION BAPT CH,Governor,,DEM,"Chad ""Chig"" Martin",17
Madison,0064 MT ZION BAPT CH,Governor,,DEM,Doug Jones,709
Madison,0064 MT ZION BAPT CH,Governor,,DEM,Jamel J. Brown,25
Madison,0064 MT ZION BAPT CH,Governor,,DEM,"Nathan ""Nate"" Mathis",2
Madison,0064 MT ZION BAPT CH,Governor,,DEM,Will Boyd,85
Madison,0064 MT ZION BAPT CH,Governor,,DEM,Yolanda Rochelle Flowers,53
Madison,0064 MT ZION BAPT CH,Lieutenant Governor,,DEM,Darryl D. Perryman,320
Madison,0064 MT ZION BAPT CH,Lieutenant Governor,,DEM,Phillip Ensler,527
Madison,0064 MT ZION BAPT CH,Madison County Democratic Executive Committee (Female) District No. 4,,DEM,Eleanor Walker Burks,411
Madison,0064 MT ZION BAPT CH,Madison County Democratic Executive Committee (Female) District No. 4,,DEM,Eddgra Fallin,251
Madison,0064 MT ZION BAPT CH,Madison County Democratic Executive Committee (Female) District No. 4,,DEM,Mary Jones Moore,442
Madison,0064 MT ZION BAPT CH,Madison County Democratic Executive Committee (Female) District No. 4,,DEM,Amy Shadoin,148
Madison,0064 MT ZION BAPT CH,Madison County Democratic Executive Committee (Male) District No. 4,,DEM,Willie Burks Jr.,504
Madison,0064 MT ZION BAPT CH,Madison County Democratic Executive Committee (Male) District No. 4,,DEM,Jacob Linde,180
Madison,0064 MT ZION BAPT CH,Madison County Democratic Executive Committee (Male) District No. 4,,DEM,Guy Sotomayor,317
Madison,0064 MT ZION BAPT CH,Madison County Democratic Executive Committee (Male) District No. 4,,DEM,Eddie Strickland Jr.,209
Madison,0064 MT ZION BAPT CH,State Democratic Executive Committee,,DEM,Benard Simelton,502
Madison,0064 MT ZION BAPT CH,State Democratic Executive Committee,,DEM,Carl Fallin,0
Madison,0064 MT ZION BAPT CH,State Democratic Executive Committee,,DEM,Eddgra Hill Fallin,0
Madison,0064 MT ZION BAPT CH,State Democratic Executive Committee,,DEM,Guy Sotomayor,315
Madison,0064 MT ZION BAPT CH,State Democratic Executive Committee,,DEM,Joseph Rucker,0
Madison,0064 MT ZION BAPT CH,State Democratic Executive Committee,,DEM,Wyndie Meyer,0
Madison,0064 MT ZION BAPT CH,State House,25,DEM,Allison T Montgomery,0
Madison,0064 MT ZION BAPT CH,State House,25,DEM,Damon Eubanks,0
Madison,0064 MT ZION BAPT CH,State Senate,2,DEM,Alex House,263
Madison,0064 MT ZION BAPT CH,State Senate,2,DEM,Guy Sotomayor,238
Madison,0064 MT ZION BAPT CH,State Senate,2,DEM,Rudolph Valentino Drake,303
Madison,0064 MT ZION BAPT CH,U.S. House,5,DEM,Andrew Sneed,349
Madison,0064 MT ZION BAPT CH,U.S. House,5,DEM,Candice Dollar Duvieilh,323
Madison,0064 MT ZION BAPT CH,U.S. House,5,DEM,Jeremy Devito,189
Madison,0064 MT ZION BAPT CH,"District Court Judge, Madison County, Place No. 1",,REP,Michael Tewalt,189
Madison,0064 MT ZION BAPT CH,"District Court Judge, Madison County, Place No. 1",,REP,Tim Douthit,434
Madison,0064 MT ZION BAPT CH,"Districts 4 & 6, Place No. 2",,REP,Shannon Dempsey,249
Madison,0064 MT ZION BAPT CH,"Districts 4 & 6, Place No. 2",,REP,Sydney Dean,219
Madison,0064 MT ZION BAPT CH,Lieutenant Governor,,REP,George Childress,23
Madison,0064 MT ZION BAPT CH,Lieutenant Governor,,REP,John Wahl,262
Madison,0064 MT ZION BAPT CH,Lieutenant Governor,,REP,Nicole Jones Wadsworth,61
Madison,0064 MT ZION BAPT CH,Lieutenant Governor,,REP,Pat Bishop,28
Madison,0064 MT ZION BAPT CH,Lieutenant Governor,,REP,Rick Pate,28
Madison,0064 MT ZION BAPT CH,Lieutenant Governor,,REP,Stewart Hill Tankersley,11
Madison,0064 MT ZION BAPT CH,Lieutenant Governor,,REP,Wes Allen,268
Madison,0064 MT ZION BAPT CH,"Public Service Commission, Place No. 1",,REP,Jeremy H. Oden,182
Madison,0064 MT ZION BAPT CH,"Public Service Commission, Place No. 1",,REP,Matt Gentry,415
Madison,0064 MT ZION BAPT CH,"Public Service Commission, Place No. 2",,REP,Brent Woodall,117
Madison,0064 MT ZION BAPT CH,"Public Service Commission, Place No. 2",,REP,Chris Beeker,137
Madison,0064 MT ZION BAPT CH,"Public Service Commission, Place No. 2",,REP,Jim Zig Zeigler,271
Madison,0064 MT ZION BAPT CH,"Public Service Commission, Place No. 2",,REP,Priscilla Andrews,72
Madison,0064 MT ZION BAPT CH,State Auditor,,REP,Andrew Sorrell,464
Madison,0064 MT ZION BAPT CH,State Auditor,,REP,Derek Chen,173
Madison,0064 MT ZION BAPT CH,State Treasurer,,REP,Steve Lolley,170
Madison,0064 MT ZION BAPT CH,State Treasurer,,REP,Young Boozer,474
Madison,0064 MT ZION BAPT CH,U.S. Senate,,REP,Barry Moore,255
Madison,0064 MT ZION BAPT CH,U.S. Senate,,REP,Dale Shelton Deas Jr.,36
Madison,0064 MT ZION BAPT CH,U.S. Senate,,REP,Jared Hudson,152
Madison,0064 MT ZION BAPT CH,U.S. Senate,,REP,Morgan Murphy,11
Madison,0064 MT ZION BAPT CH,U.S. Senate,,REP,Rodney Walker,25
Madison,0064 MT ZION BAPT CH,U.S. Senate,,REP,Seth Burton,54
Madison,0064 MT ZION BAPT CH,U.S. Senate,,REP,Steve Marshall,161
Madison,0065 HAROLD HARBIN GYM,Governor,,DEM,"Chad ""Chig"" Martin",3
Madison,0065 HAROLD HARBIN GYM,Governor,,DEM,Doug Jones,95
Madison,0065 HAROLD HARBIN GYM,Governor,,DEM,Jamel J. Brown,6
Madison,0065 HAROLD HARBIN GYM,Governor,,DEM,"Nathan ""Nate"" Mathis",0
Madison,0065 HAROLD HARBIN GYM,Governor,,DEM,Will Boyd,18
Madison,0065 HAROLD HARBIN GYM,Governor,,DEM,Yolanda Rochelle Flowers,3
Madison,0065 HAROLD HARBIN GYM,Lieutenant Governor,,DEM,Darryl D. Perryman,43
Madison,0065 HAROLD HARBIN GYM,Lieutenant Governor,,DEM,Phillip Ensler,72
Madison,0065 HAROLD HARBIN GYM,Madison County Democratic Executive Committee (Male) District No. 1,,DEM,Landon Britton,50
Madison,0065 HAROLD HARBIN GYM,Madison County Democratic Executive Committee (Male) District No. 1,,DEM,William Heath Brooks,44
Madison,0065 HAROLD HARBIN GYM,Madison County Democratic Executive Committee (Male) District No. 1,,DEM,Hoban Carney,22
Madison,0065 HAROLD HARBIN GYM,Madison County Democratic Executive Committee (Male) District No. 1,,DEM,Thomas Casez,29
Madison,0065 HAROLD HARBIN GYM,State Democratic Executive Committee,,DEM,Forrest Satterfield,43
Madison,0065 HAROLD HARBIN GYM,State Democratic Executive Committee,,DEM,Jason M. Jones,67
Madison,0065 HAROLD HARBIN GYM,U.S. House,5,DEM,Andrew Sneed,38
Madison,0065 HAROLD HARBIN GYM,U.S. House,5,DEM,Candice Dollar Duvieilh,53
Madison,0065 HAROLD HARBIN GYM,U.S. House,5,DEM,Jeremy Devito,28
Madison,0065 HAROLD HARBIN GYM,"District Court Judge, Madison County, Place No. 1",,REP,Michael Tewalt,146
Madison,0065 HAROLD HARBIN GYM,"District Court Judge, Madison County, Place No. 1",,REP,Tim Douthit,434
Madison,0065 HAROLD HARBIN GYM,Lieutenant Governor,,REP,George Childress,6
Madison,0065 HAROLD HARBIN GYM,Lieutenant Governor,,REP,John Wahl,177
Madison,0065 HAROLD HARBIN GYM,Lieutenant Governor,,REP,Nicole Jones Wadsworth,16
Madison,0065 HAROLD HARBIN GYM,Lieutenant Governor,,REP,Pat Bishop,7
Madison,0065 HAROLD HARBIN GYM,Lieutenant Governor,,REP,Rick Pate,8
Madison,0065 HAROLD HARBIN GYM,Lieutenant Governor,,REP,Stewart Hill Tankersley,4
Madison,0065 HAROLD HARBIN GYM,Lieutenant Governor,,REP,Wes Allen,138
Madison,0065 HAROLD HARBIN GYM,"Public Service Commission, Place No. 1",,REP,Jeremy H. Oden,102
Madison,0065 HAROLD HARBIN GYM,"Public Service Commission, Place No. 1",,REP,Matt Gentry,221
Madison,0065 HAROLD HARBIN GYM,"Public Service Commission, Place No. 2",,REP,Brent Woodall,67
Madison,0065 HAROLD HARBIN GYM,"Public Service Commission, Place No. 2",,REP,Chris Beeker,71
Madison,0065 HAROLD HARBIN GYM,"Public Service Commission, Place No. 2",,REP,Jim Zig Zeigler,143
Madison,0065 HAROLD HARBIN GYM,"Public Service Commission, Place No. 2",,REP,Priscilla Andrews,41
Madison,0065 HAROLD HARBIN GYM,State Auditor,,REP,Andrew Sorrell,255
Madison,0065 HAROLD HARBIN GYM,State Auditor,,REP,Derek Chen,86
Madison,0065 HAROLD HARBIN GYM,"State Republican Executive Committee, District 1, Place 1",,REP,Gerald Alvis,91
Madison,0065 HAROLD HARBIN GYM,"State Republican Executive Committee, District 1, Place 1",,REP,Walt Hennessee,195
Madison,0065 HAROLD HARBIN GYM,State Treasurer,,REP,Steve Lolley,109
Madison,0065 HAROLD HARBIN GYM,State Treasurer,,REP,Young Boozer,231
Madison,0065 HAROLD HARBIN GYM,U.S. Senate,,REP,Barry Moore,129
Madison,0065 HAROLD HARBIN GYM,U.S. Senate,,REP,Dale Shelton Deas Jr.,4
Madison,0065 HAROLD HARBIN GYM,U.S. Senate,,REP,Jared Hudson,70
Madison,0065 HAROLD HARBIN GYM,U.S. Senate,,REP,Morgan Murphy,6
Madison,0065 HAROLD HARBIN GYM,U.S. Senate,,REP,Rodney Walker,12
Madison,0065 HAROLD HARBIN GYM,U.S. Senate,,REP,Seth Burton,18
Madison,0065 HAROLD HARBIN GYM,U.S. Senate,,REP,Steve Marshall,116
Madison,0066 FAITH LUTHERAN CH,Governor,,DEM,"Chad ""Chig"" Martin",6
Madison,0066 FAITH LUTHERAN CH,Governor,,DEM,Doug Jones,383
Madison,0066 FAITH LUTHERAN CH,Governor,,DEM,Jamel J. Brown,4
Madison,0066 FAITH LUTHERAN CH,Governor,,DEM,"Nathan ""Nate"" Mathis",1
Madison,0066 FAITH LUTHERAN CH,Governor,,DEM,Will Boyd,40
Madison,0066 FAITH LUTHERAN CH,Governor,,DEM,Yolanda Rochelle Flowers,30
Madison,0066 FAITH LUTHERAN CH,Lieutenant Governor,,DEM,Darryl D. Perryman,163
Madison,0066 FAITH LUTHERAN CH,Lieutenant Governor,,DEM,Phillip Ensler,274
Madison,0066 FAITH LUTHERAN CH,State Democratic Executive Committee,,DEM,Blake L. Fleming,48
Madison,0066 FAITH LUTHERAN CH,State Democratic Executive Committee,,DEM,Carl Fallin,115
Madison,0066 FAITH LUTHERAN CH,State Democratic Executive Committee,,DEM,Eddgra Hill Fallin,121
Madison,0066 FAITH LUTHERAN CH,State Democratic Executive Committee,,DEM,James Maxwell Bosley,46
Madison,0066 FAITH LUTHERAN CH,State Democratic Executive Committee,,DEM,Joseph Rucker,140
Madison,0066 FAITH LUTHERAN CH,State Democratic Executive Committee,,DEM,Richard Gonel,13
Madison,0066 FAITH LUTHERAN CH,State Democratic Executive Committee,,DEM,Wyndie Meyer,141
Madison,0066 FAITH LUTHERAN CH,State House,25,DEM,Allison T Montgomery,190
Madison,0066 FAITH LUTHERAN CH,State House,25,DEM,Damon Eubanks,74
Madison,0066 FAITH LUTHERAN CH,State Senate,2,DEM,Alex House,120
Madison,0066 FAITH LUTHERAN CH,State Senate,2,DEM,Guy Sotomayor,122
Madison,0066 FAITH LUTHERAN CH,State Senate,2,DEM,Rudolph Valentino Drake,171
Madison,0066 FAITH LUTHERAN CH,U.S. House,5,DEM,Andrew Sneed,166
Madison,0066 FAITH LUTHERAN CH,U.S. House,5,DEM,Candice Dollar Duvieilh,167
Madison,0066 FAITH LUTHERAN CH,U.S. House,5,DEM,Jeremy Devito,111
Madison,0066 FAITH LUTHERAN CH,"District Court Judge, Madison County, Place No. 1",,REP,Michael Tewalt,146
Madison,0066 FAITH LUTHERAN CH,"District Court Judge, Madison County, Place No. 1",,REP,Tim Douthit,180
Madison,0066 FAITH LUTHERAN CH,Lieutenant Governor,,REP,George Childress,18
Madison,0066 FAITH LUTHERAN CH,Lieutenant Governor,,REP,John Wahl,162
Madison,0066 FAITH LUTHERAN CH,Lieutenant Governor,,REP,Nicole Jones Wadsworth,46
Madison,0066 FAITH LUTHERAN CH,Lieutenant Governor,,REP,Pat Bishop,23
Madison,0066 FAITH LUTHERAN CH,Lieutenant Governor,,REP,Rick Pate,17
Madison,0066 FAITH LUTHERAN CH,Lieutenant Governor,,REP,Stewart Hill Tankersley,13
Madison,0066 FAITH LUTHERAN CH,Lieutenant Governor,,REP,Wes Allen,160
Madison,0066 FAITH LUTHERAN CH,"Public Service Commission, Place No. 1",,REP,Jeremy H. Oden,124
Madison,0066 FAITH LUTHERAN CH,"Public Service Commission, Place No. 1",,REP,Matt Gentry,266
Madison,0066 FAITH LUTHERAN CH,"Public Service Commission, Place No. 2",,REP,Brent Woodall,74
Madison,0066 FAITH LUTHERAN CH,"Public Service Commission, Place No. 2",,REP,Chris Beeker,78
Madison,0066 FAITH LUTHERAN CH,"Public Service Commission, Place No. 2",,REP,Jim Zig Zeigler,180
Madison,0066 FAITH LUTHERAN CH,"Public Service Commission, Place No. 2",,REP,Priscilla Andrews,64
Madison,0066 FAITH LUTHERAN CH,State Auditor,,REP,Andrew Sorrell,300
Madison,0066 FAITH LUTHERAN CH,State Auditor,,REP,Derek Chen,120
Madison,0066 FAITH LUTHERAN CH,"State Republican Executive Committee, District 2, Place 1",,REP,"Charles ""Chet"" Trupp",95
Madison,0066 FAITH LUTHERAN CH,"State Republican Executive Committee, District 2, Place 1",,REP,Charles B. Nailer,115
Madison,0066 FAITH LUTHERAN CH,"State Republican Executive Committee, District 2, Place 1",,REP,Timothy J Courson,87
Madison,0066 FAITH LUTHERAN CH,State Treasurer,,REP,Steve Lolley,128
Madison,0066 FAITH LUTHERAN CH,State Treasurer,,REP,Young Boozer,296
Madison,0066 FAITH LUTHERAN CH,U.S. Senate,,REP,Barry Moore,152
Madison,0066 FAITH LUTHERAN CH,U.S. Senate,,REP,Dale Shelton Deas Jr.,19
Madison,0066 FAITH LUTHERAN CH,U.S. Senate,,REP,Jared Hudson,122
Madison,0066 FAITH LUTHERAN CH,U.S. Senate,,REP,Morgan Murphy,2
Madison,0066 FAITH LUTHERAN CH,U.S. Senate,,REP,Rodney Walker,23
Madison,0066 FAITH LUTHERAN CH,U.S. Senate,,REP,Seth Burton,32
Madison,0066 FAITH LUTHERAN CH,U.S. Senate,,REP,Steve Marshall,102
Madison,0067 MADISON COMM CTR,Governor,,DEM,"Chad ""Chig"" Martin",8
Madison,0067 MADISON COMM CTR,Governor,,DEM,Doug Jones,374
Madison,0067 MADISON COMM CTR,Governor,,DEM,Jamel J. Brown,11
Madison,0067 MADISON COMM CTR,Governor,,DEM,"Nathan ""Nate"" Mathis",4
Madison,0067 MADISON COMM CTR,Governor,,DEM,Will Boyd,53
Madison,0067 MADISON COMM CTR,Governor,,DEM,Yolanda Rochelle Flowers,29
Madison,0067 MADISON COMM CTR,Lieutenant Governor,,DEM,Darryl D. Perryman,155
Madison,0067 MADISON COMM CTR,Lieutenant Governor,,DEM,Phillip Ensler,298
Madison,0067 MADISON COMM CTR,State Democratic Executive Committee,,DEM,Blake L. Fleming,0
Madison,0067 MADISON COMM CTR,State Democratic Executive Committee,,DEM,Carl Fallin,29
Madison,0067 MADISON COMM CTR,State Democratic Executive Committee,,DEM,Eddgra Hill Fallin,29
Madison,0067 MADISON COMM CTR,State Democratic Executive Committee,,DEM,James Maxwell Bosley,3
Madison,0067 MADISON COMM CTR,State Democratic Executive Committee,,DEM,Joseph Rucker,38
Madison,0067 MADISON COMM CTR,State Democratic Executive Committee,,DEM,Richard Gonel,0
Madison,0067 MADISON COMM CTR,State Democratic Executive Committee,,DEM,Wyndie Meyer,39
Madison,0067 MADISON COMM CTR,State House,25,DEM,Allison T Montgomery,50
Madison,0067 MADISON COMM CTR,State House,25,DEM,Damon Eubanks,16
Madison,0067 MADISON COMM CTR,State Senate,2,DEM,Alex House,143
Madison,0067 MADISON COMM CTR,State Senate,2,DEM,Guy Sotomayor,151
Madison,0067 MADISON COMM CTR,State Senate,2,DEM,Rudolph Valentino Drake,139
Madison,0067 MADISON COMM CTR,U.S. House,5,DEM,Andrew Sneed,182
Madison,0067 MADISON COMM CTR,U.S. House,5,DEM,Candice Dollar Duvieilh,165
Madison,0067 MADISON COMM CTR,U.S. House,5,DEM,Jeremy Devito,107
Madison,0067 MADISON COMM CTR,"District Court Judge, Madison County, Place No. 1",,REP,Michael Tewalt,121
Madison,0067 MADISON COMM CTR,"District Court Judge, Madison County, Place No. 1",,REP,Tim Douthit,276
Madison,0067 MADISON COMM CTR,Lieutenant Governor,,REP,George Childress,15
Madison,0067 MADISON COMM CTR,Lieutenant Governor,,REP,John Wahl,179
Madison,0067 MADISON COMM CTR,Lieutenant Governor,,REP,Nicole Jones Wadsworth,57
Madison,0067 MADISON COMM CTR,Lieutenant Governor,,REP,Pat Bishop,18
Madison,0067 MADISON COMM CTR,Lieutenant Governor,,REP,Rick Pate,28
Madison,0067 MADISON COMM CTR,Lieutenant Governor,,REP,Stewart Hill Tankersley,21
Madison,0067 MADISON COMM CTR,Lieutenant Governor,,REP,Wes Allen,168
Madison,0067 MADISON COMM CTR,"Public Service Commission, Place No. 1",,REP,Jeremy H. Oden,117
Madison,0067 MADISON COMM CTR,"Public Service Commission, Place No. 1",,REP,Matt Gentry,293
Madison,0067 MADISON COMM CTR,"Public Service Commission, Place No. 2",,REP,Brent Woodall,70
Madison,0067 MADISON COMM CTR,"Public Service Commission, Place No. 2",,REP,Chris Beeker,102
Madison,0067 MADISON COMM CTR,"Public Service Commission, Place No. 2",,REP,Jim Zig Zeigler,185
Madison,0067 MADISON COMM CTR,"Public Service Commission, Place No. 2",,REP,Priscilla Andrews,65
Madison,0067 MADISON COMM CTR,State Auditor,,REP,Andrew Sorrell,333
Madison,0067 MADISON COMM CTR,State Auditor,,REP,Derek Chen,122
Madison,0067 MADISON COMM CTR,"State Republican Executive Committee, District 2, Place 1",,REP,"Charles ""Chet"" Trupp",83
Madison,0067 MADISON COMM CTR,"State Republican Executive Committee, District 2, Place 1",,REP,Charles B. Nailer,104
Madison,0067 MADISON COMM CTR,"State Republican Executive Committee, District 2, Place 1",,REP,Timothy J Courson,119
Madison,0067 MADISON COMM CTR,State Treasurer,,REP,Steve Lolley,109
Madison,0067 MADISON COMM CTR,State Treasurer,,REP,Young Boozer,335
Madison,0067 MADISON COMM CTR,U.S. Senate,,REP,Barry Moore,160
Madison,0067 MADISON COMM CTR,U.S. Senate,,REP,Dale Shelton Deas Jr.,20
Madison,0067 MADISON COMM CTR,U.S. Senate,,REP,Jared Hudson,135
Madison,0067 MADISON COMM CTR,U.S. Senate,,REP,Morgan Murphy,5
Madison,0067 MADISON COMM CTR,U.S. Senate,,REP,Rodney Walker,18
Madison,0067 MADISON COMM CTR,U.S. Senate,,REP,Seth Burton,37
Madison,0067 MADISON COMM CTR,U.S. Senate,,REP,Steve Marshall,107
Madison,0068 ASBURY CHURCH,Governor,,DEM,"Chad ""Chig"" Martin",4
Madison,0068 ASBURY CHURCH,Governor,,DEM,Doug Jones,435
Madison,0068 ASBURY CHURCH,Governor,,DEM,Jamel J. Brown,8
Madison,0068 ASBURY CHURCH,Governor,,DEM,"Nathan ""Nate"" Mathis",3
Madison,0068 ASBURY CHURCH,Governor,,DEM,Will Boyd,37
Madison,0068 ASBURY CHURCH,Governor,,DEM,Yolanda Rochelle Flowers,16
Madison,0068 ASBURY CHURCH,Lieutenant Governor,,DEM,Darryl D. Perryman,111
Madison,0068 ASBURY CHURCH,Lieutenant Governor,,DEM,Phillip Ensler,343
Madison,0068 ASBURY CHURCH,State Democratic Executive Committee,,DEM,Carl Fallin,192
Madison,0068 ASBURY CHURCH,State Democratic Executive Committee,,DEM,Eddgra Hill Fallin,184
Madison,0068 ASBURY CHURCH,State Democratic Executive Committee,,DEM,Joseph Rucker,197
Madison,0068 ASBURY CHURCH,State Democratic Executive Committee,,DEM,Wyndie Meyer,226
Madison,0068 ASBURY CHURCH,State House,25,DEM,Allison T Montgomery,302
Madison,0068 ASBURY CHURCH,State House,25,DEM,Damon Eubanks,126
Madison,0068 ASBURY CHURCH,State Senate,2,DEM,Alex House,148
Madison,0068 ASBURY CHURCH,State Senate,2,DEM,Guy Sotomayor,180
Madison,0068 ASBURY CHURCH,State Senate,2,DEM,Rudolph Valentino Drake,97
Madison,0068 ASBURY CHURCH,U.S. House,5,DEM,Andrew Sneed,184
Madison,0068 ASBURY CHURCH,U.S. House,5,DEM,Candice Dollar Duvieilh,178
Madison,0068 ASBURY CHURCH,U.S. House,5,DEM,Jeremy Devito,111
Madison,0068 ASBURY CHURCH,"District Court Judge, Madison County, Place No. 1",,REP,Michael Tewalt,123
Madison,0068 ASBURY CHURCH,"District Court Judge, Madison County, Place No. 1",,REP,Tim Douthit,300
Madison,0068 ASBURY CHURCH,Lieutenant Governor,,REP,George Childress,27
Madison,0068 ASBURY CHURCH,Lieutenant Governor,,REP,John Wahl,339
Madison,0068 ASBURY CHURCH,Lieutenant Governor,,REP,Nicole Jones Wadsworth,105
Madison,0068 ASBURY CHURCH,Lieutenant Governor,,REP,Pat Bishop,37
Madison,0068 ASBURY CHURCH,Lieutenant Governor,,REP,Rick Pate,47
Madison,0068 ASBURY CHURCH,Lieutenant Governor,,REP,Stewart Hill Tankersley,17
Madison,0068 ASBURY CHURCH,Lieutenant Governor,,REP,Wes Allen,308
Madison,0068 ASBURY CHURCH,"Public Service Commission, Place No. 1",,REP,Jeremy H. Oden,213
Madison,0068 ASBURY CHURCH,"Public Service Commission, Place No. 1",,REP,Matt Gentry,538
Madison,0068 ASBURY CHURCH,"Public Service Commission, Place No. 2",,REP,Brent Woodall,172
Madison,0068 ASBURY CHURCH,"Public Service Commission, Place No. 2",,REP,Chris Beeker,176
Madison,0068 ASBURY CHURCH,"Public Service Commission, Place No. 2",,REP,Jim Zig Zeigler,327
Madison,0068 ASBURY CHURCH,"Public Service Commission, Place No. 2",,REP,Priscilla Andrews,102
Madison,0068 ASBURY CHURCH,State Auditor,,REP,Andrew Sorrell,587
Madison,0068 ASBURY CHURCH,State Auditor,,REP,Derek Chen,222
Madison,0068 ASBURY CHURCH,"State Republican Executive Committee, District 2, Place 1",,REP,"Charles ""Chet"" Trupp",173
Madison,0068 ASBURY CHURCH,"State Republican Executive Committee, District 2, Place 1",,REP,Charles B. Nailer,177
Madison,0068 ASBURY CHURCH,"State Republican Executive Committee, District 2, Place 1",,REP,Timothy J Courson,157
Madison,0068 ASBURY CHURCH,State Treasurer,,REP,Steve Lolley,210
Madison,0068 ASBURY CHURCH,State Treasurer,,REP,Young Boozer,612
Madison,0068 ASBURY CHURCH,U.S. Senate,,REP,Barry Moore,301
Madison,0068 ASBURY CHURCH,U.S. Senate,,REP,Dale Shelton Deas Jr.,49
Madison,0068 ASBURY CHURCH,U.S. Senate,,REP,Jared Hudson,173
Madison,0068 ASBURY CHURCH,U.S. Senate,,REP,Morgan Murphy,22
Madison,0068 ASBURY CHURCH,U.S. Senate,,REP,Rodney Walker,34
Madison,0068 ASBURY CHURCH,U.S. Senate,,REP,Seth Burton,68
Madison,0068 ASBURY CHURCH,U.S. Senate,,REP,Steve Marshall,242
Madison,0069 RESTORATION CHURCH,Governor,,DEM,"Chad ""Chig"" Martin",5
Madison,0069 RESTORATION CHURCH,Governor,,DEM,Doug Jones,410
Madison,0069 RESTORATION CHURCH,Governor,,DEM,Jamel J. Brown,3
Madison,0069 RESTORATION CHURCH,Governor,,DEM,"Nathan ""Nate"" Mathis",1
Madison,0069 RESTORATION CHURCH,Governor,,DEM,Will Boyd,44
Madison,0069 RESTORATION CHURCH,Governor,,DEM,Yolanda Rochelle Flowers,19
Madison,0069 RESTORATION CHURCH,Lieutenant Governor,,DEM,Darryl D. Perryman,149
Madison,0069 RESTORATION CHURCH,Lieutenant Governor,,DEM,Phillip Ensler,307
Madison,0069 RESTORATION CHURCH,State Democratic Executive Committee,,DEM,Carl Fallin,198
Madison,0069 RESTORATION CHURCH,State Democratic Executive Committee,,DEM,Eddgra Hill Fallin,186
Madison,0069 RESTORATION CHURCH,State Democratic Executive Committee,,DEM,Joseph Rucker,205
Madison,0069 RESTORATION CHURCH,State Democratic Executive Committee,,DEM,Wyndie Meyer,227
Madison,0069 RESTORATION CHURCH,State House,25,DEM,Allison T Montgomery,279
Madison,0069 RESTORATION CHURCH,State House,25,DEM,Damon Eubanks,140
Madison,0069 RESTORATION CHURCH,State Senate,2,DEM,Alex House,144
Madison,0069 RESTORATION CHURCH,State Senate,2,DEM,Guy Sotomayor,142
Madison,0069 RESTORATION CHURCH,State Senate,2,DEM,Rudolph Valentino Drake,137
Madison,0069 RESTORATION CHURCH,U.S. House,5,DEM,Andrew Sneed,182
Madison,0069 RESTORATION CHURCH,U.S. House,5,DEM,Candice Dollar Duvieilh,187
Madison,0069 RESTORATION CHURCH,U.S. House,5,DEM,Jeremy Devito,91
Madison,0069 RESTORATION CHURCH,"District Court Judge, Madison County, Place No. 1",,REP,Michael Tewalt,216
Madison,0069 RESTORATION CHURCH,"District Court Judge, Madison County, Place No. 1",,REP,Tim Douthit,594
Madison,0069 RESTORATION CHURCH,Lieutenant Governor,,REP,George Childress,26
Madison,0069 RESTORATION CHURCH,Lieutenant Governor,,REP,John Wahl,212
Madison,0069 RESTORATION CHURCH,Lieutenant Governor,,REP,Nicole Jones Wadsworth,68
Madison,0069 RESTORATION CHURCH,Lieutenant Governor,,REP,Pat Bishop,28
Madison,0069 RESTORATION CHURCH,Lieutenant Governor,,REP,Rick Pate,12
Madison,0069 RESTORATION CHURCH,Lieutenant Governor,,REP,Stewart Hill Tankersley,16
Madison,0069 RESTORATION CHURCH,Lieutenant Governor,,REP,Wes Allen,199
Madison,0069 RESTORATION CHURCH,"Public Service Commission, Place No. 1",,REP,Jeremy H. Oden,150
Madison,0069 RESTORATION CHURCH,"Public Service Commission, Place No. 1",,REP,Matt Gentry,327
Madison,0069 RESTORATION CHURCH,"Public Service Commission, Place No. 2",,REP,Brent Woodall,88
Madison,0069 RESTORATION CHURCH,"Public Service Commission, Place No. 2",,REP,Chris Beeker,101
Madison,0069 RESTORATION CHURCH,"Public Service Commission, Place No. 2",,REP,Jim Zig Zeigler,221
Madison,0069 RESTORATION CHURCH,"Public Service Commission, Place No. 2",,REP,Priscilla Andrews,77
Madison,0069 RESTORATION CHURCH,State Auditor,,REP,Andrew Sorrell,368
Madison,0069 RESTORATION CHURCH,State Auditor,,REP,Derek Chen,147
Madison,0069 RESTORATION CHURCH,"State Republican Executive Committee, District 2, Place 1",,REP,"Charles ""Chet"" Trupp",120
Madison,0069 RESTORATION CHURCH,"State Republican Executive Committee, District 2, Place 1",,REP,Charles B. Nailer,125
Madison,0069 RESTORATION CHURCH,"State Republican Executive Committee, District 2, Place 1",,REP,Timothy J Courson,118
Madison,0069 RESTORATION CHURCH,State Treasurer,,REP,Steve Lolley,147
Madison,0069 RESTORATION CHURCH,State Treasurer,,REP,Young Boozer,374
Madison,0069 RESTORATION CHURCH,U.S. Senate,,REP,Barry Moore,196
Madison,0069 RESTORATION CHURCH,U.S. Senate,,REP,Dale Shelton Deas Jr.,31
Madison,0069 RESTORATION CHURCH,U.S. Senate,,REP,Jared Hudson,116
Madison,0069 RESTORATION CHURCH,U.S. Senate,,REP,Morgan Murphy,11
Madison,0069 RESTORATION CHURCH,U.S. Senate,,REP,Rodney Walker,25
Madison,0069 RESTORATION CHURCH,U.S. Senate,,REP,Seth Burton,37
Madison,0069 RESTORATION CHURCH,U.S. Senate,,REP,Steve Marshall,144
Madison,0070 MONROVIA COMM CTR,Governor,,DEM,"Chad ""Chig"" Martin",8
Madison,0070 MONROVIA COMM CTR,Governor,,DEM,Doug Jones,618
Madison,0070 MONROVIA COMM CTR,Governor,,DEM,Jamel J. Brown,9
Madison,0070 MONROVIA COMM CTR,Governor,,DEM,"Nathan ""Nate"" Mathis",2
Madison,0070 MONROVIA COMM CTR,Governor,,DEM,Will Boyd,77
Madison,0070 MONROVIA COMM CTR,Governor,,DEM,Yolanda Rochelle Flowers,34
Madison,0070 MONROVIA COMM CTR,Lieutenant Governor,,DEM,Darryl D. Perryman,301
Madison,0070 MONROVIA COMM CTR,Lieutenant Governor,,DEM,Phillip Ensler,409
Madison,0070 MONROVIA COMM CTR,Madison County Democratic Executive Committee (Female) District No. 4,,DEM,Eleanor Walker Burks,350
Madison,0070 MONROVIA COMM CTR,Madison County Democratic Executive Committee (Female) District No. 4,,DEM,Eddgra Fallin,247
Madison,0070 MONROVIA COMM CTR,Madison County Democratic Executive Committee (Female) District No. 4,,DEM,Mary Jones Moore,375
Madison,0070 MONROVIA COMM CTR,Madison County Democratic Executive Committee (Female) District No. 4,,DEM,Amy Shadoin,122
Madison,0070 MONROVIA COMM CTR,Madison County Democratic Executive Committee (Male) District No. 4,,DEM,Willie Burks Jr.,459
Madison,0070 MONROVIA COMM CTR,Madison County Democratic Executive Committee (Male) District No. 4,,DEM,Jacob Linde,157
Madison,0070 MONROVIA COMM CTR,Madison County Democratic Executive Committee (Male) District No. 4,,DEM,Guy Sotomayor,282
Madison,0070 MONROVIA COMM CTR,Madison County Democratic Executive Committee (Male) District No. 4,,DEM,Eddie Strickland Jr.,190
Madison,0070 MONROVIA COMM CTR,State Democratic Executive Committee,,DEM,Benard Simelton,424
Madison,0070 MONROVIA COMM CTR,State Democratic Executive Committee,,DEM,Guy Sotomayor,265
Madison,0070 MONROVIA COMM CTR,State Senate,2,DEM,Alex House,207
Madison,0070 MONROVIA COMM CTR,State Senate,2,DEM,Guy Sotomayor,230
Madison,0070 MONROVIA COMM CTR,State Senate,2,DEM,Rudolph Valentino Drake,237
Madison,0070 MONROVIA COMM CTR,U.S. House,5,DEM,Andrew Sneed,301
Madison,0070 MONROVIA COMM CTR,U.S. House,5,DEM,Candice Dollar Duvieilh,281
Madison,0070 MONROVIA COMM CTR,U.S. House,5,DEM,Jeremy Devito,137
Madison,0070 MONROVIA COMM CTR,"District Court Judge, Madison County, Place No. 1",,REP,Michael Tewalt,146
Madison,0070 MONROVIA COMM CTR,"District Court Judge, Madison County, Place No. 1",,REP,Tim Douthit,287
Madison,0070 MONROVIA COMM CTR,"Districts 4 & 6, Place No. 2",,REP,Shannon Dempsey,192
Madison,0070 MONROVIA COMM CTR,"Districts 4 & 6, Place No. 2",,REP,Sydney Dean,147
Madison,0070 MONROVIA COMM CTR,Lieutenant Governor,,REP,George Childress,10
Madison,0070 MONROVIA COMM CTR,Lieutenant Governor,,REP,John Wahl,183
Madison,0070 MONROVIA COMM CTR,Lieutenant Governor,,REP,Nicole Jones Wadsworth,49
Madison,0070 MONROVIA COMM CTR,Lieutenant Governor,,REP,Pat Bishop,15
Madison,0070 MONROVIA COMM CTR,Lieutenant Governor,,REP,Rick Pate,24
Madison,0070 MONROVIA COMM CTR,Lieutenant Governor,,REP,Stewart Hill Tankersley,8
Madison,0070 MONROVIA COMM CTR,Lieutenant Governor,,REP,Wes Allen,191
Madison,0070 MONROVIA COMM CTR,"Public Service Commission, Place No. 1",,REP,Jeremy H. Oden,112
Madison,0070 MONROVIA COMM CTR,"Public Service Commission, Place No. 1",,REP,Matt Gentry,307
Madison,0070 MONROVIA COMM CTR,"Public Service Commission, Place No. 2",,REP,Brent Woodall,76
Madison,0070 MONROVIA COMM CTR,"Public Service Commission, Place No. 2",,REP,Chris Beeker,112
Madison,0070 MONROVIA COMM CTR,"Public Service Commission, Place No. 2",,REP,Jim Zig Zeigler,170
Madison,0070 MONROVIA COMM CTR,"Public Service Commission, Place No. 2",,REP,Priscilla Andrews,66
Madison,0070 MONROVIA COMM CTR,State Auditor,,REP,Andrew Sorrell,325
Madison,0070 MONROVIA COMM CTR,State Auditor,,REP,Derek Chen,119
Madison,0070 MONROVIA COMM CTR,State Treasurer,,REP,Steve Lolley,117
Madison,0070 MONROVIA COMM CTR,State Treasurer,,REP,Young Boozer,333
Madison,0070 MONROVIA COMM CTR,U.S. Senate,,REP,Barry Moore,183
Madison,0070 MONROVIA COMM CTR,U.S. Senate,,REP,Dale Shelton Deas Jr.,7
Madison,0070 MONROVIA COMM CTR,U.S. Senate,,REP,Jared Hudson,107
Madison,0070 MONROVIA COMM CTR,U.S. Senate,,REP,Morgan Murphy,6
Madison,0070 MONROVIA COMM CTR,U.S. Senate,,REP,Rodney Walker,14
Madison,0070 MONROVIA COMM CTR,U.S. Senate,,REP,Seth Burton,40
Madison,0070 MONROVIA COMM CTR,U.S. Senate,,REP,Steve Marshall,124
Madison,0071 MOVEMENT CHURCH,Governor,,DEM,"Chad ""Chig"" Martin",4
Madison,0071 MOVEMENT CHURCH,Governor,,DEM,Doug Jones,223
Madison,0071 MOVEMENT CHURCH,Governor,,DEM,Jamel J. Brown,4
Madison,0071 MOVEMENT CHURCH,Governor,,DEM,"Nathan ""Nate"" Mathis",0
Madison,0071 MOVEMENT CHURCH,Governor,,DEM,Will Boyd,36
Madison,0071 MOVEMENT CHURCH,Governor,,DEM,Yolanda Rochelle Flowers,9
Madison,0071 MOVEMENT CHURCH,Lieutenant Governor,,DEM,Darryl D. Perryman,96
Madison,0071 MOVEMENT CHURCH,Lieutenant Governor,,DEM,Phillip Ensler,161
Madison,0071 MOVEMENT CHURCH,State Democratic Executive Committee,,DEM,Blake L. Fleming,3
Madison,0071 MOVEMENT CHURCH,State Democratic Executive Committee,,DEM,James Maxwell Bosley,11
Madison,0071 MOVEMENT CHURCH,State Democratic Executive Committee,,DEM,Richard Gonel,2
Madison,0071 MOVEMENT CHURCH,State Senate,2,DEM,Alex House,90
Madison,0071 MOVEMENT CHURCH,State Senate,2,DEM,Guy Sotomayor,71
Madison,0071 MOVEMENT CHURCH,State Senate,2,DEM,Rudolph Valentino Drake,91
Madison,0071 MOVEMENT CHURCH,U.S. House,5,DEM,Andrew Sneed,97
Madison,0071 MOVEMENT CHURCH,U.S. House,5,DEM,Candice Dollar Duvieilh,86
Madison,0071 MOVEMENT CHURCH,U.S. House,5,DEM,Jeremy Devito,79
Madison,0071 MOVEMENT CHURCH,"District Court Judge, Madison County, Place No. 1",,REP,Michael Tewalt,141
Madison,0071 MOVEMENT CHURCH,"District Court Judge, Madison County, Place No. 1",,REP,Tim Douthit,287
Madison,0071 MOVEMENT CHURCH,Lieutenant Governor,,REP,George Childress,8
Madison,0071 MOVEMENT CHURCH,Lieutenant Governor,,REP,John Wahl,59
Madison,0071 MOVEMENT CHURCH,Lieutenant Governor,,REP,Nicole Jones Wadsworth,24
Madison,0071 MOVEMENT CHURCH,Lieutenant Governor,,REP,Pat Bishop,11
Madison,0071 MOVEMENT CHURCH,Lieutenant Governor,,REP,Rick Pate,6
Madison,0071 MOVEMENT CHURCH,Lieutenant Governor,,REP,Stewart Hill Tankersley,13
Madison,0071 MOVEMENT CHURCH,Lieutenant Governor,,REP,Wes Allen,76
Madison,0071 MOVEMENT CHURCH,"Public Service Commission, Place No. 1",,REP,Jeremy H. Oden,45
Madison,0071 MOVEMENT CHURCH,"Public Service Commission, Place No. 1",,REP,Matt Gentry,126
Madison,0071 MOVEMENT CHURCH,"Public Service Commission, Place No. 2",,REP,Brent Woodall,43
Madison,0071 MOVEMENT CHURCH,"Public Service Commission, Place No. 2",,REP,Chris Beeker,29
Madison,0071 MOVEMENT CHURCH,"Public Service Commission, Place No. 2",,REP,Jim Zig Zeigler,79
Madison,0071 MOVEMENT CHURCH,"Public Service Commission, Place No. 2",,REP,Priscilla Andrews,22
Madison,0071 MOVEMENT CHURCH,State Auditor,,REP,Andrew Sorrell,117
Madison,0071 MOVEMENT CHURCH,State Auditor,,REP,Derek Chen,60
Madison,0071 MOVEMENT CHURCH,"State Republican Executive Committee, District 2, Place 1",,REP,"Charles ""Chet"" Trupp",44
Madison,0071 MOVEMENT CHURCH,"State Republican Executive Committee, District 2, Place 1",,REP,Charles B. Nailer,41
Madison,0071 MOVEMENT CHURCH,"State Republican Executive Committee, District 2, Place 1",,REP,Timothy J Courson,48
Madison,0071 MOVEMENT CHURCH,State Treasurer,,REP,Steve Lolley,66
Madison,0071 MOVEMENT CHURCH,State Treasurer,,REP,Young Boozer,119
Madison,0071 MOVEMENT CHURCH,U.S. Senate,,REP,Barry Moore,62
Madison,0071 MOVEMENT CHURCH,U.S. Senate,,REP,Dale Shelton Deas Jr.,10
Madison,0071 MOVEMENT CHURCH,U.S. Senate,,REP,Jared Hudson,53
Madison,0071 MOVEMENT CHURCH,U.S. Senate,,REP,Morgan Murphy,4
Madison,0071 MOVEMENT CHURCH,U.S. Senate,,REP,Rodney Walker,9
Madison,0071 MOVEMENT CHURCH,U.S. Senate,,REP,Seth Burton,23
Madison,0071 MOVEMENT CHURCH,U.S. Senate,,REP,Steve Marshall,36
Madison,0072 INDIAN CREEK BAPT CH,Governor,,DEM,"Chad ""Chig"" Martin",5
Madison,0072 INDIAN CREEK BAPT CH,Governor,,DEM,Doug Jones,573
Madison,0072 INDIAN CREEK BAPT CH,Governor,,DEM,Jamel J. Brown,12
Madison,0072 INDIAN CREEK BAPT CH,Governor,,DEM,"Nathan ""Nate"" Mathis",4
Madison,0072 INDIAN CREEK BAPT CH,Governor,,DEM,Will Boyd,95
Madison,0072 INDIAN CREEK BAPT CH,Governor,,DEM,Yolanda Rochelle Flowers,44
Madison,0072 INDIAN CREEK BAPT CH,Lieutenant Governor,,DEM,Darryl D. Perryman,241
Madison,0072 INDIAN CREEK BAPT CH,Lieutenant Governor,,DEM,Phillip Ensler,443
Madison,0072 INDIAN CREEK BAPT CH,Madison County Democratic Executive Committee (Female) District No. 4,,DEM,Eleanor Walker Burks,318
Madison,0072 INDIAN CREEK BAPT CH,Madison County Democratic Executive Committee (Female) District No. 4,,DEM,Eddgra Fallin,251
Madison,0072 INDIAN CREEK BAPT CH,Madison County Democratic Executive Committee (Female) District No. 4,,DEM,Mary Jones Moore,357
Madison,0072 INDIAN CREEK BAPT CH,Madison County Democratic Executive Committee (Female) District No. 4,,DEM,Amy Shadoin,117
Madison,0072 INDIAN CREEK BAPT CH,Madison County Democratic Executive Committee (Male) District No. 4,,DEM,Willie Burks Jr.,426
Madison,0072 INDIAN CREEK BAPT CH,Madison County Democratic Executive Committee (Male) District No. 4,,DEM,Jacob Linde,151
Madison,0072 INDIAN CREEK BAPT CH,Madison County Democratic Executive Committee (Male) District No. 4,,DEM,Guy Sotomayor,263
Madison,0072 INDIAN CREEK BAPT CH,Madison County Democratic Executive Committee (Male) District No. 4,,DEM,Eddie Strickland Jr.,180
Madison,0072 INDIAN CREEK BAPT CH,State Democratic Executive Committee,,DEM,Carl Fallin,219
Madison,0072 INDIAN CREEK BAPT CH,State Democratic Executive Committee,,DEM,Eddgra Hill Fallin,195
Madison,0072 INDIAN CREEK BAPT CH,State Democratic Executive Committee,,DEM,Joseph Rucker,130
Madison,0072 INDIAN CREEK BAPT CH,State Democratic Executive Committee,,DEM,Wyndie Meyer,155
Madison,0072 INDIAN CREEK BAPT CH,State House,25,DEM,Allison T Montgomery,246
Madison,0072 INDIAN CREEK BAPT CH,State House,25,DEM,Damon Eubanks,113
Madison,0072 INDIAN CREEK BAPT CH,State Senate,2,DEM,Alex House,212
Madison,0072 INDIAN CREEK BAPT CH,State Senate,2,DEM,Guy Sotomayor,166
Madison,0072 INDIAN CREEK BAPT CH,State Senate,2,DEM,Rudolph Valentino Drake,268
Madison,0072 INDIAN CREEK BAPT CH,U.S. House,5,DEM,Andrew Sneed,283
Madison,0072 INDIAN CREEK BAPT CH,U.S. House,5,DEM,Candice Dollar Duvieilh,262
Madison,0072 INDIAN CREEK BAPT CH,U.S. House,5,DEM,Jeremy Devito,150
Madison,0072 INDIAN CREEK BAPT CH,"District Court Judge, Madison County, Place No. 1",,REP,Michael Tewalt,75
Madison,0072 INDIAN CREEK BAPT CH,"District Court Judge, Madison County, Place No. 1",,REP,Tim Douthit,102
Madison,0072 INDIAN CREEK BAPT CH,"Districts 4 & 6, Place No. 2",,REP,Shannon Dempsey,174
Madison,0072 INDIAN CREEK BAPT CH,"Districts 4 & 6, Place No. 2",,REP,Sydney Dean,182
Madison,0072 INDIAN CREEK BAPT CH,Lieutenant Governor,,REP,George Childress,10
Madison,0072 INDIAN CREEK BAPT CH,Lieutenant Governor,,REP,John Wahl,201
Madison,0072 INDIAN CREEK BAPT CH,Lieutenant Governor,,REP,Nicole Jones Wadsworth,60
Madison,0072 INDIAN CREEK BAPT CH,Lieutenant Governor,,REP,Pat Bishop,24
Madison,0072 INDIAN CREEK BAPT CH,Lieutenant Governor,,REP,Rick Pate,30
Madison,0072 INDIAN CREEK BAPT CH,Lieutenant Governor,,REP,Stewart Hill Tankersley,10
Madison,0072 INDIAN CREEK BAPT CH,Lieutenant Governor,,REP,Wes Allen,192
Madison,0072 INDIAN CREEK BAPT CH,"Public Service Commission, Place No. 1",,REP,Jeremy H. Oden,137
Madison,0072 INDIAN CREEK BAPT CH,"Public Service Commission, Place No. 1",,REP,Matt Gentry,317
Madison,0072 INDIAN CREEK BAPT CH,"Public Service Commission, Place No. 2",,REP,Brent Woodall,93
Madison,0072 INDIAN CREEK BAPT CH,"Public Service Commission, Place No. 2",,REP,Chris Beeker,107
Madison,0072 INDIAN CREEK BAPT CH,"Public Service Commission, Place No. 2",,REP,Jim Zig Zeigler,201
Madison,0072 INDIAN CREEK BAPT CH,"Public Service Commission, Place No. 2",,REP,Priscilla Andrews,58
Madison,0072 INDIAN CREEK BAPT CH,State Auditor,,REP,Andrew Sorrell,363
Madison,0072 INDIAN CREEK BAPT CH,State Auditor,,REP,Derek Chen,120
Madison,0072 INDIAN CREEK BAPT CH,State Treasurer,,REP,Steve Lolley,126
Madison,0072 INDIAN CREEK BAPT CH,State Treasurer,,REP,Young Boozer,359
Madison,0072 INDIAN CREEK BAPT CH,U.S. Senate,,REP,Barry Moore,196
Madison,0072 INDIAN CREEK BAPT CH,U.S. Senate,,REP,Dale Shelton Deas Jr.,12
Madison,0072 INDIAN CREEK BAPT CH,U.S. Senate,,REP,Jared Hudson,112
Madison,0072 INDIAN CREEK BAPT CH,U.S. Senate,,REP,Morgan Murphy,8
Madison,0072 INDIAN CREEK BAPT CH,U.S. Senate,,REP,Rodney Walker,17
Madison,0072 INDIAN CREEK BAPT CH,U.S. Senate,,REP,Seth Burton,55
Madison,0072 INDIAN CREEK BAPT CH,U.S. Senate,,REP,Steve Marshall,135
Madison,0073 CROSS RD COMM CTR,Governor,,DEM,"Chad ""Chig"" Martin",7
Madison,0073 CROSS RD COMM CTR,Governor,,DEM,Doug Jones,166
Madison,0073 CROSS RD COMM CTR,Governor,,DEM,Jamel J. Brown,11
Madison,0073 CROSS RD COMM CTR,Governor,,DEM,"Nathan ""Nate"" Mathis",2
Madison,0073 CROSS RD COMM CTR,Governor,,DEM,Will Boyd,32
Madison,0073 CROSS RD COMM CTR,Governor,,DEM,Yolanda Rochelle Flowers,21
Madison,0073 CROSS RD COMM CTR,Lieutenant Governor,,DEM,Darryl D. Perryman,108
Madison,0073 CROSS RD COMM CTR,Lieutenant Governor,,DEM,Phillip Ensler,123
Madison,0073 CROSS RD COMM CTR,Madison County Democratic Executive Committee (Female) District No. 4,,DEM,Eleanor Walker Burks,108
Madison,0073 CROSS RD COMM CTR,Madison County Democratic Executive Committee (Female) District No. 4,,DEM,Eddgra Fallin,61
Madison,0073 CROSS RD COMM CTR,Madison County Democratic Executive Committee (Female) District No. 4,,DEM,Mary Jones Moore,107
Madison,0073 CROSS RD COMM CTR,Madison County Democratic Executive Committee (Female) District No. 4,,DEM,Amy Shadoin,33
Madison,0073 CROSS RD COMM CTR,Madison County Democratic Executive Committee (Male) District No. 4,,DEM,Willie Burks Jr.,127
Madison,0073 CROSS RD COMM CTR,Madison County Democratic Executive Committee (Male) District No. 4,,DEM,Jacob Linde,56
Madison,0073 CROSS RD COMM CTR,Madison County Democratic Executive Committee (Male) District No. 4,,DEM,Guy Sotomayor,78
Madison,0073 CROSS RD COMM CTR,Madison County Democratic Executive Committee (Male) District No. 4,,DEM,Eddie Strickland Jr.,52
Madison,0073 CROSS RD COMM CTR,State Democratic Executive Committee,,DEM,Benard Simelton,142
Madison,0073 CROSS RD COMM CTR,State Democratic Executive Committee,,DEM,Guy Sotomayor,85
Madison,0073 CROSS RD COMM CTR,U.S. House,5,DEM,Andrew Sneed,83
Madison,0073 CROSS RD COMM CTR,U.S. House,5,DEM,Candice Dollar Duvieilh,91
Madison,0073 CROSS RD COMM CTR,U.S. House,5,DEM,Jeremy Devito,61
Madison,0073 CROSS RD COMM CTR,"District Court Judge, Madison County, Place No. 1",,REP,Michael Tewalt,146
Madison,0073 CROSS RD COMM CTR,"District Court Judge, Madison County, Place No. 1",,REP,Tim Douthit,344
Madison,0073 CROSS RD COMM CTR,"Districts 4 & 6, Place No. 2",,REP,Shannon Dempsey,170
Madison,0073 CROSS RD COMM CTR,"Districts 4 & 6, Place No. 2",,REP,Sydney Dean,143
Madison,0073 CROSS RD COMM CTR,Lieutenant Governor,,REP,George Childress,10
Madison,0073 CROSS RD COMM CTR,Lieutenant Governor,,REP,John Wahl,194
Madison,0073 CROSS RD COMM CTR,Lieutenant Governor,,REP,Nicole Jones Wadsworth,20
Madison,0073 CROSS RD COMM CTR,Lieutenant Governor,,REP,Pat Bishop,8
Madison,0073 CROSS RD COMM CTR,Lieutenant Governor,,REP,Rick Pate,15
Madison,0073 CROSS RD COMM CTR,Lieutenant Governor,,REP,Stewart Hill Tankersley,7
Madison,0073 CROSS RD COMM CTR,Lieutenant Governor,,REP,Wes Allen,136
Madison,0073 CROSS RD COMM CTR,"Public Service Commission, Place No. 1",,REP,Jeremy H. Oden,116
Madison,0073 CROSS RD COMM CTR,"Public Service Commission, Place No. 1",,REP,Matt Gentry,247
Madison,0073 CROSS RD COMM CTR,"Public Service Commission, Place No. 2",,REP,Brent Woodall,65
Madison,0073 CROSS RD COMM CTR,"Public Service Commission, Place No. 2",,REP,Chris Beeker,95
Madison,0073 CROSS RD COMM CTR,"Public Service Commission, Place No. 2",,REP,Jim Zig Zeigler,160
Madison,0073 CROSS RD COMM CTR,"Public Service Commission, Place No. 2",,REP,Priscilla Andrews,47
Madison,0073 CROSS RD COMM CTR,State Auditor,,REP,Andrew Sorrell,253
Madison,0073 CROSS RD COMM CTR,State Auditor,,REP,Derek Chen,125
Madison,0073 CROSS RD COMM CTR,State Treasurer,,REP,Steve Lolley,104
Madison,0073 CROSS RD COMM CTR,State Treasurer,,REP,Young Boozer,271
Madison,0073 CROSS RD COMM CTR,U.S. Senate,,REP,Barry Moore,144
Madison,0073 CROSS RD COMM CTR,U.S. Senate,,REP,Dale Shelton Deas Jr.,9
Madison,0073 CROSS RD COMM CTR,U.S. Senate,,REP,Jared Hudson,95
Madison,0073 CROSS RD COMM CTR,U.S. Senate,,REP,Morgan Murphy,6
Madison,0073 CROSS RD COMM CTR,U.S. Senate,,REP,Rodney Walker,12
Madison,0073 CROSS RD COMM CTR,U.S. Senate,,REP,Seth Burton,14
Madison,0073 CROSS RD COMM CTR,U.S. Senate,,REP,Steve Marshall,108
Madison,0074 PROVIDENCE BAPT CH,Governor,,DEM,"Chad ""Chig"" Martin",5
Madison,0074 PROVIDENCE BAPT CH,Governor,,DEM,Doug Jones,422
Madison,0074 PROVIDENCE BAPT CH,Governor,,DEM,Jamel J. Brown,16
Madison,0074 PROVIDENCE BAPT CH,Governor,,DEM,"Nathan ""Nate"" Mathis",8
Madison,0074 PROVIDENCE BAPT CH,Governor,,DEM,Will Boyd,61
Madison,0074 PROVIDENCE BAPT CH,Governor,,DEM,Yolanda Rochelle Flowers,31
Madison,0074 PROVIDENCE BAPT CH,Lieutenant Governor,,DEM,Darryl D. Perryman,229
Madison,0074 PROVIDENCE BAPT CH,Lieutenant Governor,,DEM,Phillip Ensler,293
Madison,0074 PROVIDENCE BAPT CH,Madison County Democratic Executive Committee (Female) District No. 4,,DEM,Eleanor Walker Burks,260
Madison,0074 PROVIDENCE BAPT CH,Madison County Democratic Executive Committee (Female) District No. 4,,DEM,Eddgra Fallin,165
Madison,0074 PROVIDENCE BAPT CH,Madison County Democratic Executive Committee (Female) District No. 4,,DEM,Mary Jones Moore,287
Madison,0074 PROVIDENCE BAPT CH,Madison County Democratic Executive Committee (Female) District No. 4,,DEM,Amy Shadoin,100
Madison,0074 PROVIDENCE BAPT CH,Madison County Democratic Executive Committee (Male) District No. 4,,DEM,Willie Burks Jr.,353
Madison,0074 PROVIDENCE BAPT CH,Madison County Democratic Executive Committee (Male) District No. 4,,DEM,Jacob Linde,129
Madison,0074 PROVIDENCE BAPT CH,Madison County Democratic Executive Committee (Male) District No. 4,,DEM,Guy Sotomayor,186
Madison,0074 PROVIDENCE BAPT CH,Madison County Democratic Executive Committee (Male) District No. 4,,DEM,Eddie Strickland Jr.,128
Madison,0074 PROVIDENCE BAPT CH,State Democratic Executive Committee,,DEM,Benard Simelton,199
Madison,0074 PROVIDENCE BAPT CH,State Democratic Executive Committee,,DEM,Guy Sotomayor,122
Madison,0074 PROVIDENCE BAPT CH,State Senate,2,DEM,Alex House,166
Madison,0074 PROVIDENCE BAPT CH,State Senate,2,DEM,Guy Sotomayor,150
Madison,0074 PROVIDENCE BAPT CH,State Senate,2,DEM,Rudolph Valentino Drake,185
Madison,0074 PROVIDENCE BAPT CH,U.S. House,5,DEM,Andrew Sneed,187
Madison,0074 PROVIDENCE BAPT CH,U.S. House,5,DEM,Candice Dollar Duvieilh,213
Madison,0074 PROVIDENCE BAPT CH,U.S. House,5,DEM,Jeremy Devito,125
Madison,0074 PROVIDENCE BAPT CH,"District Court Judge, Madison County, Place No. 1",,REP,Michael Tewalt,138
Madison,0074 PROVIDENCE BAPT CH,"District Court Judge, Madison County, Place No. 1",,REP,Tim Douthit,229
Madison,0074 PROVIDENCE BAPT CH,"Districts 4 & 6, Place No. 2",,REP,Shannon Dempsey,126
Madison,0074 PROVIDENCE BAPT CH,"Districts 4 & 6, Place No. 2",,REP,Sydney Dean,110
Madison,0074 PROVIDENCE BAPT CH,Lieutenant Governor,,REP,George Childress,7
Madison,0074 PROVIDENCE BAPT CH,Lieutenant Governor,,REP,John Wahl,122
Madison,0074 PROVIDENCE BAPT CH,Lieutenant Governor,,REP,Nicole Jones Wadsworth,24
Madison,0074 PROVIDENCE BAPT CH,Lieutenant Governor,,REP,Pat Bishop,11
Madison,0074 PROVIDENCE BAPT CH,Lieutenant Governor,,REP,Rick Pate,17
Madison,0074 PROVIDENCE BAPT CH,Lieutenant Governor,,REP,Stewart Hill Tankersley,6
Madison,0074 PROVIDENCE BAPT CH,Lieutenant Governor,,REP,Wes Allen,140
Madison,0074 PROVIDENCE BAPT CH,"Public Service Commission, Place No. 1",,REP,Jeremy H. Oden,84
Madison,0074 PROVIDENCE BAPT CH,"Public Service Commission, Place No. 1",,REP,Matt Gentry,209
Madison,0074 PROVIDENCE BAPT CH,"Public Service Commission, Place No. 2",,REP,Brent Woodall,59
Madison,0074 PROVIDENCE BAPT CH,"Public Service Commission, Place No. 2",,REP,Chris Beeker,73
Madison,0074 PROVIDENCE BAPT CH,"Public Service Commission, Place No. 2",,REP,Jim Zig Zeigler,133
Madison,0074 PROVIDENCE BAPT CH,"Public Service Commission, Place No. 2",,REP,Priscilla Andrews,35
Madison,0074 PROVIDENCE BAPT CH,State Auditor,,REP,Andrew Sorrell,225
Madison,0074 PROVIDENCE BAPT CH,State Auditor,,REP,Derek Chen,82
Madison,0074 PROVIDENCE BAPT CH,State Treasurer,,REP,Steve Lolley,72
Madison,0074 PROVIDENCE BAPT CH,State Treasurer,,REP,Young Boozer,242
Madison,0074 PROVIDENCE BAPT CH,U.S. Senate,,REP,Barry Moore,127
Madison,0074 PROVIDENCE BAPT CH,U.S. Senate,,REP,Dale Shelton Deas Jr.,13
Madison,0074 PROVIDENCE BAPT CH,U.S. Senate,,REP,Jared Hudson,66
Madison,0074 PROVIDENCE BAPT CH,U.S. Senate,,REP,Morgan Murphy,5
Madison,0074 PROVIDENCE BAPT CH,U.S. Senate,,REP,Rodney Walker,19
Madison,0074 PROVIDENCE BAPT CH,U.S. Senate,,REP,Seth Burton,25
Madison,0074 PROVIDENCE BAPT CH,U.S. Senate,,REP,Steve Marshall,76
Madison,0075 WALL HWY BAPT CH,Governor,,DEM,"Chad ""Chig"" Martin",3
Madison,0075 WALL HWY BAPT CH,Governor,,DEM,Doug Jones,247
Madison,0075 WALL HWY BAPT CH,Governor,,DEM,Jamel J. Brown,8
Madison,0075 WALL HWY BAPT CH,Governor,,DEM,"Nathan ""Nate"" Mathis",4
Madison,0075 WALL HWY BAPT CH,Governor,,DEM,Will Boyd,58
Madison,0075 WALL HWY BAPT CH,Governor,,DEM,Yolanda Rochelle Flowers,36
Madison,0075 WALL HWY BAPT CH,Lieutenant Governor,,DEM,Darryl D. Perryman,155
Madison,0075 WALL HWY BAPT CH,Lieutenant Governor,,DEM,Phillip Ensler,195
Madison,0075 WALL HWY BAPT CH,Madison County Democratic Executive Committee (Female) District No. 4,,DEM,Eleanor Walker Burks,153
Madison,0075 WALL HWY BAPT CH,Madison County Democratic Executive Committee (Female) District No. 4,,DEM,Eddgra Fallin,128
Madison,0075 WALL HWY BAPT CH,Madison County Democratic Executive Committee (Female) District No. 4,,DEM,Mary Jones Moore,176
Madison,0075 WALL HWY BAPT CH,Madison County Democratic Executive Committee (Female) District No. 4,,DEM,Amy Shadoin,62
Madison,0075 WALL HWY BAPT CH,Madison County Democratic Executive Committee (Male) District No. 4,,DEM,Willie Burks Jr.,188
Madison,0075 WALL HWY BAPT CH,Madison County Democratic Executive Committee (Male) District No. 4,,DEM,Jacob Linde,101
Madison,0075 WALL HWY BAPT CH,Madison County Democratic Executive Committee (Male) District No. 4,,DEM,Guy Sotomayor,120
Madison,0075 WALL HWY BAPT CH,Madison County Democratic Executive Committee (Male) District No. 4,,DEM,Eddie Strickland Jr.,103
Madison,0075 WALL HWY BAPT CH,State Democratic Executive Committee,,DEM,Carl Fallin,163
Madison,0075 WALL HWY BAPT CH,State Democratic Executive Committee,,DEM,Eddgra Hill Fallin,135
Madison,0075 WALL HWY BAPT CH,State Democratic Executive Committee,,DEM,Joseph Rucker,169
Madison,0075 WALL HWY BAPT CH,State Democratic Executive Committee,,DEM,Wyndie Meyer,197
Madison,0075 WALL HWY BAPT CH,State House,25,DEM,Allison T Montgomery,214
Madison,0075 WALL HWY BAPT CH,State House,25,DEM,Damon Eubanks,124
Madison,0075 WALL HWY BAPT CH,State Senate,2,DEM,Alex House,122
Madison,0075 WALL HWY BAPT CH,State Senate,2,DEM,Guy Sotomayor,95
Madison,0075 WALL HWY BAPT CH,State Senate,2,DEM,Rudolph Valentino Drake,115
Madison,0075 WALL HWY BAPT CH,U.S. House,5,DEM,Andrew Sneed,124
Madison,0075 WALL HWY BAPT CH,U.S. House,5,DEM,Candice Dollar Duvieilh,149
Madison,0075 WALL HWY BAPT CH,U.S. House,5,DEM,Jeremy Devito,75
Madison,0075 WALL HWY BAPT CH,"District Court Judge, Madison County, Place No. 1",,REP,Michael Tewalt,91
Madison,0075 WALL HWY BAPT CH,"District Court Judge, Madison County, Place No. 1",,REP,Tim Douthit,215
Madison,0075 WALL HWY BAPT CH,"Districts 4 & 6, Place No. 2",,REP,Shannon Dempsey,65
Madison,0075 WALL HWY BAPT CH,"Districts 4 & 6, Place No. 2",,REP,Sydney Dean,77
Madison,0075 WALL HWY BAPT CH,Lieutenant Governor,,REP,George Childress,11
Madison,0075 WALL HWY BAPT CH,Lieutenant Governor,,REP,John Wahl,78
Madison,0075 WALL HWY BAPT CH,Lieutenant Governor,,REP,Nicole Jones Wadsworth,17
Madison,0075 WALL HWY BAPT CH,Lieutenant Governor,,REP,Pat Bishop,7
Madison,0075 WALL HWY BAPT CH,Lieutenant Governor,,REP,Rick Pate,9
Madison,0075 WALL HWY BAPT CH,Lieutenant Governor,,REP,Stewart Hill Tankersley,4
Madison,0075 WALL HWY BAPT CH,Lieutenant Governor,,REP,Wes Allen,67
Madison,0075 WALL HWY BAPT CH,"Public Service Commission, Place No. 1",,REP,Jeremy H. Oden,53
Madison,0075 WALL HWY BAPT CH,"Public Service Commission, Place No. 1",,REP,Matt Gentry,130
Madison,0075 WALL HWY BAPT CH,"Public Service Commission, Place No. 2",,REP,Brent Woodall,43
Madison,0075 WALL HWY BAPT CH,"Public Service Commission, Place No. 2",,REP,Chris Beeker,40
Madison,0075 WALL HWY BAPT CH,"Public Service Commission, Place No. 2",,REP,Jim Zig Zeigler,71
Madison,0075 WALL HWY BAPT CH,"Public Service Commission, Place No. 2",,REP,Priscilla Andrews,29
Madison,0075 WALL HWY BAPT CH,State Auditor,,REP,Andrew Sorrell,123
Madison,0075 WALL HWY BAPT CH,State Auditor,,REP,Derek Chen,63
Madison,0075 WALL HWY BAPT CH,State Treasurer,,REP,Steve Lolley,63
Madison,0075 WALL HWY BAPT CH,State Treasurer,,REP,Young Boozer,125
Madison,0075 WALL HWY BAPT CH,U.S. Senate,,REP,Barry Moore,67
Madison,0075 WALL HWY BAPT CH,U.S. Senate,,REP,Dale Shelton Deas Jr.,6
Madison,0075 WALL HWY BAPT CH,U.S. Senate,,REP,Jared Hudson,39
Madison,0075 WALL HWY BAPT CH,U.S. Senate,,REP,Morgan Murphy,2
Madison,0075 WALL HWY BAPT CH,U.S. Senate,,REP,Rodney Walker,8
Madison,0075 WALL HWY BAPT CH,U.S. Senate,,REP,Seth Burton,24
Madison,0075 WALL HWY BAPT CH,U.S. Senate,,REP,Steve Marshall,42
Madison,0076 HOPE CHURCH,Governor,,DEM,"Chad ""Chig"" Martin",6
Madison,0076 HOPE CHURCH,Governor,,DEM,Doug Jones,437
Madison,0076 HOPE CHURCH,Governor,,DEM,Jamel J. Brown,10
Madison,0076 HOPE CHURCH,Governor,,DEM,"Nathan ""Nate"" Mathis",10
Madison,0076 HOPE CHURCH,Governor,,DEM,Will Boyd,69
Madison,0076 HOPE CHURCH,Governor,,DEM,Yolanda Rochelle Flowers,57
Madison,0076 HOPE CHURCH,Lieutenant Governor,,DEM,Darryl D. Perryman,234
Madison,0076 HOPE CHURCH,Lieutenant Governor,,DEM,Phillip Ensler,335
Madison,0076 HOPE CHURCH,Madison County Democratic Executive Committee (Female) District No. 4,,DEM,Eleanor Walker Burks,253
Madison,0076 HOPE CHURCH,Madison County Democratic Executive Committee (Female) District No. 4,,DEM,Eddgra Fallin,237
Madison,0076 HOPE CHURCH,Madison County Democratic Executive Committee (Female) District No. 4,,DEM,Mary Jones Moore,266
Madison,0076 HOPE CHURCH,Madison County Democratic Executive Committee (Female) District No. 4,,DEM,Amy Shadoin,109
Madison,0076 HOPE CHURCH,Madison County Democratic Executive Committee (Male) District No. 4,,DEM,Willie Burks Jr.,364
Madison,0076 HOPE CHURCH,Madison County Democratic Executive Committee (Male) District No. 4,,DEM,Jacob Linde,131
Madison,0076 HOPE CHURCH,Madison County Democratic Executive Committee (Male) District No. 4,,DEM,Guy Sotomayor,203
Madison,0076 HOPE CHURCH,Madison County Democratic Executive Committee (Male) District No. 4,,DEM,Eddie Strickland Jr.,130
Madison,0076 HOPE CHURCH,State Democratic Executive Committee,,DEM,Carl Fallin,321
Madison,0076 HOPE CHURCH,State Democratic Executive Committee,,DEM,Eddgra Hill Fallin,326
Madison,0076 HOPE CHURCH,State Democratic Executive Committee,,DEM,Joseph Rucker,224
Madison,0076 HOPE CHURCH,State Democratic Executive Committee,,DEM,Wyndie Meyer,228
Madison,0076 HOPE CHURCH,State House,25,DEM,Allison T Montgomery,345
Madison,0076 HOPE CHURCH,State House,25,DEM,Damon Eubanks,210
Madison,0076 HOPE CHURCH,State Senate,2,DEM,Alex House,194
Madison,0076 HOPE CHURCH,State Senate,2,DEM,Guy Sotomayor,138
Madison,0076 HOPE CHURCH,State Senate,2,DEM,Rudolph Valentino Drake,215
Madison,0076 HOPE CHURCH,U.S. House,5,DEM,Andrew Sneed,206
Madison,0076 HOPE CHURCH,U.S. House,5,DEM,Candice Dollar Duvieilh,230
Madison,0076 HOPE CHURCH,U.S. House,5,DEM,Jeremy Devito,135
Madison,0076 HOPE CHURCH,"District Court Judge, Madison County, Place No. 1",,REP,Michael Tewalt,76
Madison,0076 HOPE CHURCH,"District Court Judge, Madison County, Place No. 1",,REP,Tim Douthit,103
Madison,0076 HOPE CHURCH,"Districts 4 & 6, Place No. 2",,REP,Shannon Dempsey,97
Madison,0076 HOPE CHURCH,"Districts 4 & 6, Place No. 2",,REP,Sydney Dean,95
Madison,0076 HOPE CHURCH,Lieutenant Governor,,REP,George Childress,12
Madison,0076 HOPE CHURCH,Lieutenant Governor,,REP,John Wahl,109
Madison,0076 HOPE CHURCH,Lieutenant Governor,,REP,Nicole Jones Wadsworth,25
Madison,0076 HOPE CHURCH,Lieutenant Governor,,REP,Pat Bishop,17
Madison,0076 HOPE CHURCH,Lieutenant Governor,,REP,Rick Pate,16
Madison,0076 HOPE CHURCH,Lieutenant Governor,,REP,Stewart Hill Tankersley,3
Madison,0076 HOPE CHURCH,Lieutenant Governor,,REP,Wes Allen,81
Madison,0076 HOPE CHURCH,"Public Service Commission, Place No. 1",,REP,Jeremy H. Oden,62
Madison,0076 HOPE CHURCH,"Public Service Commission, Place No. 1",,REP,Matt Gentry,163
Madison,0076 HOPE CHURCH,"Public Service Commission, Place No. 2",,REP,Brent Woodall,42
Madison,0076 HOPE CHURCH,"Public Service Commission, Place No. 2",,REP,Chris Beeker,54
Madison,0076 HOPE CHURCH,"Public Service Commission, Place No. 2",,REP,Jim Zig Zeigler,91
Madison,0076 HOPE CHURCH,"Public Service Commission, Place No. 2",,REP,Priscilla Andrews,48
Madison,0076 HOPE CHURCH,State Auditor,,REP,Andrew Sorrell,185
Madison,0076 HOPE CHURCH,State Auditor,,REP,Derek Chen,58
Madison,0076 HOPE CHURCH,State Treasurer,,REP,Steve Lolley,72
Madison,0076 HOPE CHURCH,State Treasurer,,REP,Young Boozer,167
Madison,0076 HOPE CHURCH,U.S. Senate,,REP,Barry Moore,113
Madison,0076 HOPE CHURCH,U.S. Senate,,REP,Dale Shelton Deas Jr.,11
Madison,0076 HOPE CHURCH,U.S. Senate,,REP,Jared Hudson,53
Madison,0076 HOPE CHURCH,U.S. Senate,,REP,Morgan Murphy,3
Madison,0076 HOPE CHURCH,U.S. Senate,,REP,Rodney Walker,6
Madison,0076 HOPE CHURCH,U.S. Senate,,REP,Seth Burton,22
Madison,0076 HOPE CHURCH,U.S. Senate,,REP,Steve Marshall,50
Madison,0077 DAYSTAR CHURCH,Governor,,DEM,"Chad ""Chig"" Martin",10
Madison,0077 DAYSTAR CHURCH,Governor,,DEM,Doug Jones,623
Madison,0077 DAYSTAR CHURCH,Governor,,DEM,Jamel J. Brown,24
Madison,0077 DAYSTAR CHURCH,Governor,,DEM,"Nathan ""Nate"" Mathis",6
Madison,0077 DAYSTAR CHURCH,Governor,,DEM,Will Boyd,97
Madison,0077 DAYSTAR CHURCH,Governor,,DEM,Yolanda Rochelle Flowers,64
Madison,0077 DAYSTAR CHURCH,Lieutenant Governor,,DEM,Darryl D. Perryman,329
Madison,0077 DAYSTAR CHURCH,Lieutenant Governor,,DEM,Phillip Ensler,462
Madison,0077 DAYSTAR CHURCH,State Democratic Executive Committee,,DEM,Blake L. Fleming,277
Madison,0077 DAYSTAR CHURCH,State Democratic Executive Committee,,DEM,James Maxwell Bosley,372
Madison,0077 DAYSTAR CHURCH,State Democratic Executive Committee,,DEM,Richard Gonel,88
Madison,0077 DAYSTAR CHURCH,U.S. House,5,DEM,Andrew Sneed,302
Madison,0077 DAYSTAR CHURCH,U.S. House,5,DEM,Candice Dollar Duvieilh,348
Madison,0077 DAYSTAR CHURCH,U.S. House,5,DEM,Jeremy Devito,155
Madison,0077 DAYSTAR CHURCH,"District Court Judge, Madison County, Place No. 1",,REP,Michael Tewalt,144
Madison,0077 DAYSTAR CHURCH,"District Court Judge, Madison County, Place No. 1",,REP,Tim Douthit,283
Madison,0077 DAYSTAR CHURCH,Lieutenant Governor,,REP,George Childress,12
Madison,0077 DAYSTAR CHURCH,Lieutenant Governor,,REP,John Wahl,190
Madison,0077 DAYSTAR CHURCH,Lieutenant Governor,,REP,Nicole Jones Wadsworth,50
Madison,0077 DAYSTAR CHURCH,Lieutenant Governor,,REP,Pat Bishop,32
Madison,0077 DAYSTAR CHURCH,Lieutenant Governor,,REP,Rick Pate,20
Madison,0077 DAYSTAR CHURCH,Lieutenant Governor,,REP,Stewart Hill Tankersley,14
Madison,0077 DAYSTAR CHURCH,Lieutenant Governor,,REP,Wes Allen,162
Madison,0077 DAYSTAR CHURCH,"Public Service Commission, Place No. 1",,REP,Jeremy H. Oden,132
Madison,0077 DAYSTAR CHURCH,"Public Service Commission, Place No. 1",,REP,Matt Gentry,291
Madison,0077 DAYSTAR CHURCH,"Public Service Commission, Place No. 2",,REP,Brent Woodall,85
Madison,0077 DAYSTAR CHURCH,"Public Service Commission, Place No. 2",,REP,Chris Beeker,94
Madison,0077 DAYSTAR CHURCH,"Public Service Commission, Place No. 2",,REP,Jim Zig Zeigler,186
Madison,0077 DAYSTAR CHURCH,"Public Service Commission, Place No. 2",,REP,Priscilla Andrews,68
Madison,0077 DAYSTAR CHURCH,State Auditor,,REP,Andrew Sorrell,312
Madison,0077 DAYSTAR CHURCH,State Auditor,,REP,Derek Chen,143
Madison,0077 DAYSTAR CHURCH,"State Republican Executive Committee, District 2, Place 1",,REP,"Charles ""Chet"" Trupp",117
Madison,0077 DAYSTAR CHURCH,"State Republican Executive Committee, District 2, Place 1",,REP,Charles B. Nailer,111
Madison,0077 DAYSTAR CHURCH,"State Republican Executive Committee, District 2, Place 1",,REP,Timothy J Courson,106
Madison,0077 DAYSTAR CHURCH,State Treasurer,,REP,Steve Lolley,140
Madison,0077 DAYSTAR CHURCH,State Treasurer,,REP,Young Boozer,312
Madison,0077 DAYSTAR CHURCH,U.S. Senate,,REP,Barry Moore,180
Madison,0077 DAYSTAR CHURCH,U.S. Senate,,REP,Dale Shelton Deas Jr.,22
Madison,0077 DAYSTAR CHURCH,U.S. Senate,,REP,Jared Hudson,95
Madison,0077 DAYSTAR CHURCH,U.S. Senate,,REP,Morgan Murphy,10
Madison,0077 DAYSTAR CHURCH,U.S. Senate,,REP,Rodney Walker,24
Madison,0077 DAYSTAR CHURCH,U.S. Senate,,REP,Seth Burton,44
Madison,0077 DAYSTAR CHURCH,U.S. Senate,,REP,Steve Marshall,105
Madison,0078 CH OF JESUS CHR LDS,Governor,,DEM,"Chad ""Chig"" Martin",10
Madison,0078 CH OF JESUS CHR LDS,Governor,,DEM,Doug Jones,322
Madison,0078 CH OF JESUS CHR LDS,Governor,,DEM,Jamel J. Brown,11
Madison,0078 CH OF JESUS CHR LDS,Governor,,DEM,"Nathan ""Nate"" Mathis",0
Madison,0078 CH OF JESUS CHR LDS,Governor,,DEM,Will Boyd,85
Madison,0078 CH OF JESUS CHR LDS,Governor,,DEM,Yolanda Rochelle Flowers,38
Madison,0078 CH OF JESUS CHR LDS,Lieutenant Governor,,DEM,Darryl D. Perryman,130
Madison,0078 CH OF JESUS CHR LDS,Lieutenant Governor,,DEM,Phillip Ensler,306
Madison,0078 CH OF JESUS CHR LDS,State Democratic Executive Committee,,DEM,Carl Fallin,196
Madison,0078 CH OF JESUS CHR LDS,State Democratic Executive Committee,,DEM,Eddgra Hill Fallin,161
Madison,0078 CH OF JESUS CHR LDS,State Democratic Executive Committee,,DEM,Joseph Rucker,205
Madison,0078 CH OF JESUS CHR LDS,State Democratic Executive Committee,,DEM,Wyndie Meyer,243
Madison,0078 CH OF JESUS CHR LDS,State House,25,DEM,Allison T Montgomery,312
Madison,0078 CH OF JESUS CHR LDS,State House,25,DEM,Damon Eubanks,115
Madison,0078 CH OF JESUS CHR LDS,State Senate,2,DEM,Alex House,161
Madison,0078 CH OF JESUS CHR LDS,State Senate,2,DEM,Guy Sotomayor,136
Madison,0078 CH OF JESUS CHR LDS,State Senate,2,DEM,Rudolph Valentino Drake,127
Madison,0078 CH OF JESUS CHR LDS,U.S. House,5,DEM,Andrew Sneed,137
Madison,0078 CH OF JESUS CHR LDS,U.S. House,5,DEM,Candice Dollar Duvieilh,176
Madison,0078 CH OF JESUS CHR LDS,U.S. House,5,DEM,Jeremy Devito,134
Madison,0078 CH OF JESUS CHR LDS,"District Court Judge, Madison County, Place No. 1",,REP,Michael Tewalt,144
Madison,0078 CH OF JESUS CHR LDS,"District Court Judge, Madison County, Place No. 1",,REP,Tim Douthit,283
Madison,0078 CH OF JESUS CHR LDS,Lieutenant Governor,,REP,George Childress,10
Madison,0078 CH OF JESUS CHR LDS,Lieutenant Governor,,REP,John Wahl,89
Madison,0078 CH OF JESUS CHR LDS,Lieutenant Governor,,REP,Nicole Jones Wadsworth,29
Madison,0078 CH OF JESUS CHR LDS,Lieutenant Governor,,REP,Pat Bishop,19
Madison,0078 CH OF JESUS CHR LDS,Lieutenant Governor,,REP,Rick Pate,12
Madison,0078 CH OF JESUS CHR LDS,Lieutenant Governor,,REP,Stewart Hill Tankersley,4
Madison,0078 CH OF JESUS CHR LDS,Lieutenant Governor,,REP,Wes Allen,89
Madison,0078 CH OF JESUS CHR LDS,"Public Service Commission, Place No. 1",,REP,Jeremy H. Oden,73
Madison,0078 CH OF JESUS CHR LDS,"Public Service Commission, Place No. 1",,REP,Matt Gentry,150
Madison,0078 CH OF JESUS CHR LDS,"Public Service Commission, Place No. 2",,REP,Brent Woodall,39
Madison,0078 CH OF JESUS CHR LDS,"Public Service Commission, Place No. 2",,REP,Chris Beeker,55
Madison,0078 CH OF JESUS CHR LDS,"Public Service Commission, Place No. 2",,REP,Jim Zig Zeigler,102
Madison,0078 CH OF JESUS CHR LDS,"Public Service Commission, Place No. 2",,REP,Priscilla Andrews,33
Madison,0078 CH OF JESUS CHR LDS,State Auditor,,REP,Andrew Sorrell,161
Madison,0078 CH OF JESUS CHR LDS,State Auditor,,REP,Derek Chen,75
Madison,0078 CH OF JESUS CHR LDS,"State Republican Executive Committee, District 2, Place 1",,REP,"Charles ""Chet"" Trupp",70
Madison,0078 CH OF JESUS CHR LDS,"State Republican Executive Committee, District 2, Place 1",,REP,Charles B. Nailer,49
Madison,0078 CH OF JESUS CHR LDS,"State Republican Executive Committee, District 2, Place 1",,REP,Timothy J Courson,42
Madison,0078 CH OF JESUS CHR LDS,State Treasurer,,REP,Steve Lolley,68
Madison,0078 CH OF JESUS CHR LDS,State Treasurer,,REP,Young Boozer,176
Madison,0078 CH OF JESUS CHR LDS,U.S. Senate,,REP,Barry Moore,90
Madison,0078 CH OF JESUS CHR LDS,U.S. Senate,,REP,Dale Shelton Deas Jr.,17
Madison,0078 CH OF JESUS CHR LDS,U.S. Senate,,REP,Jared Hudson,51
Madison,0078 CH OF JESUS CHR LDS,U.S. Senate,,REP,Morgan Murphy,2
Madison,0078 CH OF JESUS CHR LDS,U.S. Senate,,REP,Rodney Walker,10
Madison,0078 CH OF JESUS CHR LDS,U.S. Senate,,REP,Seth Burton,23
Madison,0078 CH OF JESUS CHR LDS,U.S. Senate,,REP,Steve Marshall,66
Madison,0079 OCR CHURCH OF CHRIST,Governor,,DEM,"Chad ""Chig"" Martin",7
Madison,0079 OCR CHURCH OF CHRIST,Governor,,DEM,Doug Jones,86
Madison,0079 OCR CHURCH OF CHRIST,Governor,,DEM,Jamel J. Brown,7
Madison,0079 OCR CHURCH OF CHRIST,Governor,,DEM,"Nathan ""Nate"" Mathis",1
Madison,0079 OCR CHURCH OF CHRIST,Governor,,DEM,Will Boyd,26
Madison,0079 OCR CHURCH OF CHRIST,Governor,,DEM,Yolanda Rochelle Flowers,8
Madison,0079 OCR CHURCH OF CHRIST,Lieutenant Governor,,DEM,Darryl D. Perryman,45
Madison,0079 OCR CHURCH OF CHRIST,Lieutenant Governor,,DEM,Phillip Ensler,79
Madison,0079 OCR CHURCH OF CHRIST,U.S. House,5,DEM,Andrew Sneed,44
Madison,0079 OCR CHURCH OF CHRIST,U.S. House,5,DEM,Candice Dollar Duvieilh,53
Madison,0079 OCR CHURCH OF CHRIST,U.S. House,5,DEM,Jeremy Devito,36
Madison,0079 OCR CHURCH OF CHRIST,"District Court Judge, Madison County, Place No. 1",,REP,Michael Tewalt,64
Madison,0079 OCR CHURCH OF CHRIST,"District Court Judge, Madison County, Place No. 1",,REP,Tim Douthit,159
Madison,0079 OCR CHURCH OF CHRIST,Lieutenant Governor,,REP,George Childress,9
Madison,0079 OCR CHURCH OF CHRIST,Lieutenant Governor,,REP,John Wahl,127
Madison,0079 OCR CHURCH OF CHRIST,Lieutenant Governor,,REP,Nicole Jones Wadsworth,32
Madison,0079 OCR CHURCH OF CHRIST,Lieutenant Governor,,REP,Pat Bishop,9
Madison,0079 OCR CHURCH OF CHRIST,Lieutenant Governor,,REP,Rick Pate,17
Madison,0079 OCR CHURCH OF CHRIST,Lieutenant Governor,,REP,Stewart Hill Tankersley,5
Madison,0079 OCR CHURCH OF CHRIST,Lieutenant Governor,,REP,Wes Allen,103
Madison,0079 OCR CHURCH OF CHRIST,"Madison County Republican Executive Committee, District 3, Place 2",,REP,Bree Willbourn,116
Madison,0079 OCR CHURCH OF CHRIST,"Madison County Republican Executive Committee, District 3, Place 2",,REP,Keith Kizer,129
Madison,0079 OCR CHURCH OF CHRIST,"Public Service Commission, Place No. 1",,REP,Jeremy H. Oden,90
Madison,0079 OCR CHURCH OF CHRIST,"Public Service Commission, Place No. 1",,REP,Matt Gentry,181
Madison,0079 OCR CHURCH OF CHRIST,"Public Service Commission, Place No. 2",,REP,Brent Woodall,55
Madison,0079 OCR CHURCH OF CHRIST,"Public Service Commission, Place No. 2",,REP,Chris Beeker,63
Madison,0079 OCR CHURCH OF CHRIST,"Public Service Commission, Place No. 2",,REP,Jim Zig Zeigler,118
Madison,0079 OCR CHURCH OF CHRIST,"Public Service Commission, Place No. 2",,REP,Priscilla Andrews,29
Madison,0079 OCR CHURCH OF CHRIST,State Auditor,,REP,Andrew Sorrell,206
Madison,0079 OCR CHURCH OF CHRIST,State Auditor,,REP,Derek Chen,72
Madison,0079 OCR CHURCH OF CHRIST,"State Republican Executive Committee, District 3, Place 3",,REP,Brad Taylor,161
Madison,0079 OCR CHURCH OF CHRIST,"State Republican Executive Committee, District 3, Place 3",,REP,Stephanie A Miles,84
Madison,0079 OCR CHURCH OF CHRIST,State Treasurer,,REP,Steve Lolley,90
Madison,0079 OCR CHURCH OF CHRIST,State Treasurer,,REP,Young Boozer,201
Madison,0079 OCR CHURCH OF CHRIST,U.S. Senate,,REP,Barry Moore,86
Madison,0079 OCR CHURCH OF CHRIST,U.S. Senate,,REP,Dale Shelton Deas Jr.,17
Madison,0079 OCR CHURCH OF CHRIST,U.S. Senate,,REP,Jared Hudson,71
Madison,0079 OCR CHURCH OF CHRIST,U.S. Senate,,REP,Morgan Murphy,4
Madison,0079 OCR CHURCH OF CHRIST,U.S. Senate,,REP,Rodney Walker,17
Madison,0079 OCR CHURCH OF CHRIST,U.S. Senate,,REP,Seth Burton,30
Madison,0079 OCR CHURCH OF CHRIST,U.S. Senate,,REP,Steve Marshall,81
Madison,0080 ABSENTEE 1,Governor,,DEM,"Chad ""Chig"" Martin",4
Madison,0080 ABSENTEE 1,Governor,,DEM,Doug Jones,598
Madison,0080 ABSENTEE 1,Governor,,DEM,Jamel J. Brown,10
Madison,0080 ABSENTEE 1,Governor,,DEM,"Nathan ""Nate"" Mathis",0
Madison,0080 ABSENTEE 1,Governor,,DEM,Will Boyd,53
Madison,0080 ABSENTEE 1,Governor,,DEM,Yolanda Rochelle Flowers,21
Madison,0080 ABSENTEE 1,Lieutenant Governor,,DEM,Darryl D. Perryman,227
Madison,0080 ABSENTEE 1,Lieutenant Governor,,DEM,Phillip Ensler,386
Madison,0080 ABSENTEE 1,Madison County Democratic Executive Committee (Female) District No. 4,,DEM,Eleanor Walker Burks,64
Madison,0080 ABSENTEE 1,Madison County Democratic Executive Committee (Female) District No. 4,,DEM,Eddgra Fallin,53
Madison,0080 ABSENTEE 1,Madison County Democratic Executive Committee (Female) District No. 4,,DEM,Mary Jones Moore,84
Madison,0080 ABSENTEE 1,Madison County Democratic Executive Committee (Female) District No. 4,,DEM,Amy Shadoin,34
Madison,0080 ABSENTEE 1,Madison County Democratic Executive Committee (Male) District No. 1,,DEM,Landon Britton,46
Madison,0080 ABSENTEE 1,Madison County Democratic Executive Committee (Male) District No. 1,,DEM,William Heath Brooks,46
Madison,0080 ABSENTEE 1,Madison County Democratic Executive Committee (Male) District No. 1,,DEM,Hoban Carney,11
Madison,0080 ABSENTEE 1,Madison County Democratic Executive Committee (Male) District No. 1,,DEM,Thomas Casez,21
Madison,0080 ABSENTEE 1,Madison County Democratic Executive Committee (Male) District No. 4,,DEM,Willie Burks Jr.,88
Madison,0080 ABSENTEE 1,Madison County Democratic Executive Committee (Male) District No. 4,,DEM,Jacob Linde,28
Madison,0080 ABSENTEE 1,Madison County Democratic Executive Committee (Male) District No. 4,,DEM,Guy Sotomayor,58
Madison,0080 ABSENTEE 1,Madison County Democratic Executive Committee (Male) District No. 4,,DEM,Eddie Strickland Jr.,47
Madison,0080 ABSENTEE 1,State Democratic Executive Committee,,DEM,Benard Simelton,47
Madison,0080 ABSENTEE 1,State Democratic Executive Committee,,DEM,Blake L. Fleming,26
Madison,0080 ABSENTEE 1,State Democratic Executive Committee,,DEM,Carl Fallin,49
Madison,0080 ABSENTEE 1,State Democratic Executive Committee,,DEM,Cindi Cassis Branham,52
Madison,0080 ABSENTEE 1,State Democratic Executive Committee,,DEM,Eddgra Hill Fallin,46
Madison,0080 ABSENTEE 1,State Democratic Executive Committee,,DEM,Eddie Sherrod,39
Madison,0080 ABSENTEE 1,State Democratic Executive Committee,,DEM,Forrest Satterfield,30
Madison,0080 ABSENTEE 1,State Democratic Executive Committee,,DEM,Guy Sotomayor,18
Madison,0080 ABSENTEE 1,State Democratic Executive Committee,,DEM,James Maxwell Bosley,26
Madison,0080 ABSENTEE 1,State Democratic Executive Committee,,DEM,Jason M. Jones,49
Madison,0080 ABSENTEE 1,State Democratic Executive Committee,,DEM,Joseph Rucker,44
Madison,0080 ABSENTEE 1,State Democratic Executive Committee,,DEM,Martha Lynn Sherrod,40
Madison,0080 ABSENTEE 1,State Democratic Executive Committee,,DEM,Richard Gonel,2
Madison,0080 ABSENTEE 1,State Democratic Executive Committee,,DEM,Tom Ryan,47
Madison,0080 ABSENTEE 1,State Democratic Executive Committee,,DEM,Wyndie Meyer,51
Madison,0080 ABSENTEE 1,State House,25,DEM,Allison T Montgomery,70
Madison,0080 ABSENTEE 1,State House,25,DEM,Damon Eubanks,29
Madison,0080 ABSENTEE 1,State Senate,2,DEM,Alex House,66
Madison,0080 ABSENTEE 1,State Senate,2,DEM,Guy Sotomayor,102
Madison,0080 ABSENTEE 1,State Senate,2,DEM,Rudolph Valentino Drake,92
Madison,0080 ABSENTEE 1,U.S. House,5,DEM,Andrew Sneed,347
Madison,0080 ABSENTEE 1,U.S. House,5,DEM,Candice Dollar Duvieilh,179
Madison,0080 ABSENTEE 1,U.S. House,5,DEM,Jeremy Devito,128
Madison,0080 ABSENTEE 1,"District Court Judge, Madison County, Place No. 1",,REP,Michael Tewalt,89
Madison,0080 ABSENTEE 1,"District Court Judge, Madison County, Place No. 1",,REP,Tim Douthit,185
Madison,0080 ABSENTEE 1,"Districts 4 & 6, Place No. 2",,REP,Shannon Dempsey,55
Madison,0080 ABSENTEE 1,"Districts 4 & 6, Place No. 2",,REP,Sydney Dean,46
Madison,0080 ABSENTEE 1,Lieutenant Governor,,REP,George Childress,14
Madison,0080 ABSENTEE 1,Lieutenant Governor,,REP,John Wahl,182
Madison,0080 ABSENTEE 1,Lieutenant Governor,,REP,Nicole Jones Wadsworth,50
Madison,0080 ABSENTEE 1,Lieutenant Governor,,REP,Pat Bishop,27
Madison,0080 ABSENTEE 1,Lieutenant Governor,,REP,Rick Pate,51
Madison,0080 ABSENTEE 1,Lieutenant Governor,,REP,Stewart Hill Tankersley,22
Madison,0080 ABSENTEE 1,Lieutenant Governor,,REP,Wes Allen,289
Madison,0080 ABSENTEE 1,"Madison County Republican Executive Committee, District 3, Place 2",,REP,Bree Willbourn,52
Madison,0080 ABSENTEE 1,"Madison County Republican Executive Committee, District 3, Place 2",,REP,Keith Kizer,61
Madison,0080 ABSENTEE 1,"Public Service Commission, Place No. 1",,REP,Jeremy H. Oden,192
Madison,0080 ABSENTEE 1,"Public Service Commission, Place No. 1",,REP,Matt Gentry,356
Madison,0080 ABSENTEE 1,"Public Service Commission, Place No. 2",,REP,Brent Woodall,153
Madison,0080 ABSENTEE 1,"Public Service Commission, Place No. 2",,REP,Chris Beeker,136
Madison,0080 ABSENTEE 1,"Public Service Commission, Place No. 2",,REP,Jim Zig Zeigler,183
Madison,0080 ABSENTEE 1,"Public Service Commission, Place No. 2",,REP,Priscilla Andrews,84
Madison,0080 ABSENTEE 1,State Auditor,,REP,Andrew Sorrell,402
Madison,0080 ABSENTEE 1,State Auditor,,REP,Derek Chen,187
Madison,0080 ABSENTEE 1,State House,20,REP,James Lomax,106
Madison,0080 ABSENTEE 1,State House,20,REP,Mo Brooks,72
Madison,0080 ABSENTEE 1,"State Republican Executive Committee, District 1, Place 1",,REP,Gerald Alvis,23
Madison,0080 ABSENTEE 1,"State Republican Executive Committee, District 1, Place 1",,REP,Walt Hennessee,56
Madison,0080 ABSENTEE 1,"State Republican Executive Committee, District 2, Place 1",,REP,"Charles ""Chet"" Trupp",19
Madison,0080 ABSENTEE 1,"State Republican Executive Committee, District 2, Place 1",,REP,Charles B. Nailer,20
Madison,0080 ABSENTEE 1,"State Republican Executive Committee, District 2, Place 1",,REP,Timothy J Courson,20
Madison,0080 ABSENTEE 1,"State Republican Executive Committee, District 3, Place 3",,REP,Brad Taylor,66
Madison,0080 ABSENTEE 1,"State Republican Executive Committee, District 3, Place 3",,REP,Stephanie A Miles,41
Madison,0080 ABSENTEE 1,State Treasurer,,REP,Steve Lolley,150
Madison,0080 ABSENTEE 1,State Treasurer,,REP,Young Boozer,449
Madison,0080 ABSENTEE 1,U.S. Senate,,REP,Barry Moore,217
Madison,0080 ABSENTEE 1,U.S. Senate,,REP,Dale Shelton Deas Jr.,9
Madison,0080 ABSENTEE 1,U.S. Senate,,REP,Jared Hudson,156
Madison,0080 ABSENTEE 1,U.S. Senate,,REP,Morgan Murphy,18
Madison,0080 ABSENTEE 1,U.S. Senate,,REP,Rodney Walker,22
Madison,0080 ABSENTEE 1,U.S. Senate,,REP,Seth Burton,52
Madison,0080 ABSENTEE 1,U.S. Senate,,REP,Steve Marshall,175
Madison,0081 PROVISIONAL,Governor,,DEM,"Chad ""Chig"" Martin",0
Madison,0081 PROVISIONAL,Governor,,DEM,Doug Jones,51
Madison,0081 PROVISIONAL,Governor,,DEM,Jamel J. Brown,2
Madison,0081 PROVISIONAL,Governor,,DEM,"Nathan ""Nate"" Mathis",0
Madison,0081 PROVISIONAL,Governor,,DEM,Will Boyd,10
Madison,0081 PROVISIONAL,Governor,,DEM,Yolanda Rochelle Flowers,11
Madison,0081 PROVISIONAL,Lieutenant Governor,,DEM,Darryl D. Perryman,28
Madison,0081 PROVISIONAL,Lieutenant Governor,,DEM,Phillip Ensler,45
Madison,0081 PROVISIONAL,Madison County Democratic Executive Committee (Female) District No. 4,,DEM,Eleanor Walker Burks,6
Madison,0081 PROVISIONAL,Madison County Democratic Executive Committee (Female) District No. 4,,DEM,Eddgra Fallin,5
Madison,0081 PROVISIONAL,Madison County Democratic Executive Committee (Female) District No. 4,,DEM,Mary Jones Moore,5
Madison,0081 PROVISIONAL,Madison County Democratic Executive Committee (Female) District No. 4,,DEM,Amy Shadoin,2
Madison,0081 PROVISIONAL,Madison County Democratic Executive Committee (Male) District No. 1,,DEM,Landon Britton,5
Madison,0081 PROVISIONAL,Madison County Democratic Executive Committee (Male) District No. 1,,DEM,William Heath Brooks,9
Madison,0081 PROVISIONAL,Madison County Democratic Executive Committee (Male) District No. 1,,DEM,Hoban Carney,2
Madison,0081 PROVISIONAL,Madison County Democratic Executive Committee (Male) District No. 1,,DEM,Thomas Casez,3
Madison,0081 PROVISIONAL,Madison County Democratic Executive Committee (Male) District No. 4,,DEM,Willie Burks Jr.,7
Madison,0081 PROVISIONAL,Madison County Democratic Executive Committee (Male) District No. 4,,DEM,Jacob Linde,1
Madison,0081 PROVISIONAL,Madison County Democratic Executive Committee (Male) District No. 4,,DEM,Guy Sotomayor,4
Madison,0081 PROVISIONAL,Madison County Democratic Executive Committee (Male) District No. 4,,DEM,Eddie Strickland Jr.,5
Madison,0081 PROVISIONAL,State Democratic Executive Committee,,DEM,Benard Simelton,2
Madison,0081 PROVISIONAL,State Democratic Executive Committee,,DEM,Blake L. Fleming,9
Madison,0081 PROVISIONAL,State Democratic Executive Committee,,DEM,Carl Fallin,5
Madison,0081 PROVISIONAL,State Democratic Executive Committee,,DEM,Cindi Cassis Branham,6
Madison,0081 PROVISIONAL,State Democratic Executive Committee,,DEM,Eddgra Hill Fallin,4
Madison,0081 PROVISIONAL,State Democratic Executive Committee,,DEM,Eddie Sherrod,3
Madison,0081 PROVISIONAL,State Democratic Executive Committee,,DEM,Forrest Satterfield,1
Madison,0081 PROVISIONAL,State Democratic Executive Committee,,DEM,Guy Sotomayor,1
Madison,0081 PROVISIONAL,State Democratic Executive Committee,,DEM,James Maxwell Bosley,6
Madison,0081 PROVISIONAL,State Democratic Executive Committee,,DEM,Jason M. Jones,10
Madison,0081 PROVISIONAL,State Democratic Executive Committee,,DEM,Joseph Rucker,3
Madison,0081 PROVISIONAL,State Democratic Executive Committee,,DEM,Martha Lynn Sherrod,3
Madison,0081 PROVISIONAL,State Democratic Executive Committee,,DEM,Richard Gonel,1
Madison,0081 PROVISIONAL,State Democratic Executive Committee,,DEM,Tom Ryan,6
Madison,0081 PROVISIONAL,State Democratic Executive Committee,,DEM,Wyndie Meyer,4
Madison,0081 PROVISIONAL,State House,25,DEM,Allison T Montgomery,4
Madison,0081 PROVISIONAL,State House,25,DEM,Damon Eubanks,4
Madison,0081 PROVISIONAL,State Senate,2,DEM,Alex House,8
Madison,0081 PROVISIONAL,State Senate,2,DEM,Guy Sotomayor,5
Madison,0081 PROVISIONAL,State Senate,2,DEM,Rudolph Valentino Drake,8
Madison,0081 PROVISIONAL,U.S. House,5,DEM,Andrew Sneed,26
Madison,0081 PROVISIONAL,U.S. House,5,DEM,Candice Dollar Duvieilh,30
Madison,0081 PROVISIONAL,U.S. House,5,DEM,Jeremy Devito,16
Madison,0081 PROVISIONAL,"District Court Judge, Madison County, Place No. 1",,REP,Michael Tewalt,174
Madison,0081 PROVISIONAL,"District Court Judge, Madison County, Place No. 1",,REP,Tim Douthit,397
Madison,0081 PROVISIONAL,"Districts 4 & 6, Place No. 2",,REP,Shannon Dempsey,3
Madison,0081 PROVISIONAL,"Districts 4 & 6, Place No. 2",,REP,Sydney Dean,5
Madison,0081 PROVISIONAL,Lieutenant Governor,,REP,George Childress,2
Madison,0081 PROVISIONAL,Lieutenant Governor,,REP,John Wahl,11
Madison,0081 PROVISIONAL,Lieutenant Governor,,REP,Nicole Jones Wadsworth,1
Madison,0081 PROVISIONAL,Lieutenant Governor,,REP,Pat Bishop,2
Madison,0081 PROVISIONAL,Lieutenant Governor,,REP,Rick Pate,0
Madison,0081 PROVISIONAL,Lieutenant Governor,,REP,Stewart Hill Tankersley,2
Madison,0081 PROVISIONAL,Lieutenant Governor,,REP,Wes Allen,14
Madison,0081 PROVISIONAL,"Madison County Republican Executive Committee, District 3, Place 2",,REP,Bree Willbourn,2
Madison,0081 PROVISIONAL,"Madison County Republican Executive Committee, District 3, Place 2",,REP,Keith Kizer,2
Madison,0081 PROVISIONAL,"Public Service Commission, Place No. 1",,REP,Jeremy H. Oden,8
Madison,0081 PROVISIONAL,"Public Service Commission, Place No. 1",,REP,Matt Gentry,23
Madison,0081 PROVISIONAL,"Public Service Commission, Place No. 2",,REP,Brent Woodall,9
Madison,0081 PROVISIONAL,"Public Service Commission, Place No. 2",,REP,Chris Beeker,7
Madison,0081 PROVISIONAL,"Public Service Commission, Place No. 2",,REP,Jim Zig Zeigler,13
Madison,0081 PROVISIONAL,"Public Service Commission, Place No. 2",,REP,Priscilla Andrews,2
Madison,0081 PROVISIONAL,State Auditor,,REP,Andrew Sorrell,18
Madison,0081 PROVISIONAL,State Auditor,,REP,Derek Chen,13
Madison,0081 PROVISIONAL,State House,20,REP,James Lomax,7
Madison,0081 PROVISIONAL,State House,20,REP,Mo Brooks,3
Madison,0081 PROVISIONAL,"State Republican Executive Committee, District 1, Place 1",,REP,Gerald Alvis,0
Madison,0081 PROVISIONAL,"State Republican Executive Committee, District 1, Place 1",,REP,Walt Hennessee,1
Madison,0081 PROVISIONAL,"State Republican Executive Committee, District 2, Place 1",,REP,"Charles ""Chet"" Trupp",0
Madison,0081 PROVISIONAL,"State Republican Executive Committee, District 2, Place 1",,REP,Charles B. Nailer,2
Madison,0081 PROVISIONAL,"State Republican Executive Committee, District 2, Place 1",,REP,Timothy J Courson,0
Madison,0081 PROVISIONAL,"State Republican Executive Committee, District 3, Place 3",,REP,Brad Taylor,2
Madison,0081 PROVISIONAL,"State Republican Executive Committee, District 3, Place 3",,REP,Stephanie A Miles,2
Madison,0081 PROVISIONAL,State Treasurer,,REP,Steve Lolley,10
Madison,0081 PROVISIONAL,State Treasurer,,REP,Young Boozer,22
Madison,0081 PROVISIONAL,U.S. Senate,,REP,Barry Moore,12
Madison,0081 PROVISIONAL,U.S. Senate,,REP,Dale Shelton Deas Jr.,2
Madison,0081 PROVISIONAL,U.S. Senate,,REP,Jared Hudson,3
Madison,0081 PROVISIONAL,U.S. Senate,,REP,Morgan Murphy,0
Madison,0081 PROVISIONAL,U.S. Senate,,REP,Rodney Walker,0
Madison,0081 PROVISIONAL,U.S. Senate,,REP,Seth Burton,1
Madison,0081 PROVISIONAL,U.S. Senate,,REP,Steve Marshall,14
Madison,0001 AL A&M ELMORE GYM,Governor,,REP,"""Alabama"" Will Santivasci",0
Madison,0001 AL A&M ELMORE GYM,Governor,,REP,Ken McFeeters,8
Madison,0001 AL A&M ELMORE GYM,Governor,,REP,Thomas Tuberville,23
Madison,0002 LINCOLN CH OF CHRIST,Governor,,REP,"""Alabama"" Will Santivasci",1
Madison,0002 LINCOLN CH OF CHRIST,Governor,,REP,Ken McFeeters,3
Madison,0002 LINCOLN CH OF CHRIST,Governor,,REP,Thomas Tuberville,18
Madison,0003 JACKSON WAY BAPT CH,Governor,,REP,"""Alabama"" Will Santivasci",25
Madison,0003 JACKSON WAY BAPT CH,Governor,,REP,Ken McFeeters,52
Madison,0003 JACKSON WAY BAPT CH,Governor,,REP,Thomas Tuberville,161
Madison,0004 FIRST BAPT CH,Governor,,REP,"""Alabama"" Will Santivasci",46
Madison,0004 FIRST BAPT CH,Governor,,REP,Ken McFeeters,121
Madison,0004 FIRST BAPT CH,Governor,,REP,Thomas Tuberville,353
Madison,0005 OPTIMIST PRK REC CTR,Governor,,REP,"""Alabama"" Will Santivasci",34
Madison,0005 OPTIMIST PRK REC CTR,Governor,,REP,Ken McFeeters,76
Madison,0005 OPTIMIST PRK REC CTR,Governor,,REP,Thomas Tuberville,290
Madison,0006 HOPE VALLEY BIBLE CH,Governor,,REP,"""Alabama"" Will Santivasci",15
Madison,0006 HOPE VALLEY BIBLE CH,Governor,,REP,Ken McFeeters,30
Madison,0006 HOPE VALLEY BIBLE CH,Governor,,REP,Thomas Tuberville,200
Madison,0007 CHASE PARK CH OF CHR,Governor,,REP,"""Alabama"" Will Santivasci",64
Madison,0007 CHASE PARK CH OF CHR,Governor,,REP,Ken McFeeters,113
Madison,0007 CHASE PARK CH OF CHR,Governor,,REP,Thomas Tuberville,692
Madison,0008 CORNERSTONE PRESB,Governor,,REP,"""Alabama"" Will Santivasci",26
Madison,0008 CORNERSTONE PRESB,Governor,,REP,Ken McFeeters,80
Madison,0008 CORNERSTONE PRESB,Governor,,REP,Thomas Tuberville,263
Madison,0009 CHURCH ON THE HILL,Governor,,REP,"""Alabama"" Will Santivasci",4
Madison,0009 CHURCH ON THE HILL,Governor,,REP,Ken McFeeters,17
Madison,0009 CHURCH ON THE HILL,Governor,,REP,Thomas Tuberville,79
Madison,0010 MONTE SANO UMC,Governor,,REP,"""Alabama"" Will Santivasci",12
Madison,0010 MONTE SANO UMC,Governor,,REP,Ken McFeeters,35
Madison,0010 MONTE SANO UMC,Governor,,REP,Thomas Tuberville,146
Madison,0011 COVE CHURCH,Governor,,REP,"""Alabama"" Will Santivasci",65
Madison,0011 COVE CHURCH,Governor,,REP,Ken McFeeters,196
Madison,0011 COVE CHURCH,Governor,,REP,Thomas Tuberville,857
Madison,0012 HAMPTON COVE C OF CHR,Governor,,REP,"""Alabama"" Will Santivasci",58
Madison,0012 HAMPTON COVE C OF CHR,Governor,,REP,Ken McFeeters,107
Madison,0012 HAMPTON COVE C OF CHR,Governor,,REP,Thomas Tuberville,529
Madison,0013 COVENANT PRESB CH,Governor,,REP,"""Alabama"" Will Santivasci",49
Madison,0013 COVENANT PRESB CH,Governor,,REP,Ken McFeeters,121
Madison,0013 COVENANT PRESB CH,Governor,,REP,Thomas Tuberville,519
Madison,0014 SOUTHWOOD PRESB,Governor,,REP,"""Alabama"" Will Santivasci",38
Madison,0014 SOUTHWOOD PRESB,Governor,,REP,Ken McFeeters,114
Madison,0014 SOUTHWOOD PRESB,Governor,,REP,Thomas Tuberville,474
Madison,0015 WILLOWBROOK BAPT CH,Governor,,REP,"""Alabama"" Will Santivasci",93
Madison,0015 WILLOWBROOK BAPT CH,Governor,,REP,Ken McFeeters,173
Madison,0015 WILLOWBROOK BAPT CH,Governor,,REP,Thomas Tuberville,839
Madison,0016 WESTSIDE COMM CTR,Governor,,REP,"""Alabama"" Will Santivasci",0
Madison,0016 WESTSIDE COMM CTR,Governor,,REP,Ken McFeeters,1
Madison,0016 WESTSIDE COMM CTR,Governor,,REP,Thomas Tuberville,4
Madison,0017 TRINITY UMC,Governor,,REP,"""Alabama"" Will Santivasci",33
Madison,0017 TRINITY UMC,Governor,,REP,Ken McFeeters,56
Madison,0017 TRINITY UMC,Governor,,REP,Thomas Tuberville,208
Madison,0018 WHITESBURG BAPT CH,Governor,,REP,"""Alabama"" Will Santivasci",59
Madison,0018 WHITESBURG BAPT CH,Governor,,REP,Ken McFeeters,114
Madison,0018 WHITESBURG BAPT CH,Governor,,REP,Thomas Tuberville,607
Madison,0019 WEATHERLY HGTS BAPT,Governor,,REP,"""Alabama"" Will Santivasci",73
Madison,0019 WEATHERLY HGTS BAPT,Governor,,REP,Ken McFeeters,148
Madison,0019 WEATHERLY HGTS BAPT,Governor,,REP,Thomas Tuberville,549
Madison,0020 ALDERSGATE UMC,Governor,,REP,"""Alabama"" Will Santivasci",75
Madison,0020 ALDERSGATE UMC,Governor,,REP,Ken McFeeters,157
Madison,0020 ALDERSGATE UMC,Governor,,REP,Thomas Tuberville,615
Madison,0021 FARLEY COMM CH,Governor,,REP,"""Alabama"" Will Santivasci",60
Madison,0021 FARLEY COMM CH,Governor,,REP,Ken McFeeters,98
Madison,0021 FARLEY COMM CH,Governor,,REP,Thomas Tuberville,542
Madison,0022 HILLWOOD BAPT CH,Governor,,REP,"""Alabama"" Will Santivasci",61
Madison,0022 HILLWOOD BAPT CH,Governor,,REP,Ken McFeeters,120
Madison,0022 HILLWOOD BAPT CH,Governor,,REP,Thomas Tuberville,419
Madison,0023 COMM FELLOWSHIP,Governor,,REP,"""Alabama"" Will Santivasci",50
Madison,0023 COMM FELLOWSHIP,Governor,,REP,Ken McFeeters,139
Madison,0023 COMM FELLOWSHIP,Governor,,REP,Thomas Tuberville,476
Madison,0024 OAKWOOD UNIVERSITY CH,Governor,,REP,"""Alabama"" Will Santivasci",10
Madison,0024 OAKWOOD UNIVERSITY CH,Governor,,REP,Ken McFeeters,25
Madison,0024 OAKWOOD UNIVERSITY CH,Governor,,REP,Thomas Tuberville,90
Madison,0025 CLUBHOUSE ON GREEN MT,Governor,,REP,"""Alabama"" Will Santivasci",17
Madison,0025 CLUBHOUSE ON GREEN MT,Governor,,REP,Ken McFeeters,48
Madison,0025 CLUBHOUSE ON GREEN MT,Governor,,REP,Thomas Tuberville,244
Madison,0026 ST MATTHEWS PB CH,Governor,,REP,"""Alabama"" Will Santivasci",5
Madison,0026 ST MATTHEWS PB CH,Governor,,REP,Ken McFeeters,13
Madison,0026 ST MATTHEWS PB CH,Governor,,REP,Thomas Tuberville,46
Madison,0027 FIRST MISSIONARY BAPT,Governor,,REP,"""Alabama"" Will Santivasci",5
Madison,0027 FIRST MISSIONARY BAPT,Governor,,REP,Ken McFeeters,8
Madison,0027 FIRST MISSIONARY BAPT,Governor,,REP,Thomas Tuberville,25
Madison,0028 DR RICHARD SHOWERS CTR,Governor,,REP,"""Alabama"" Will Santivasci",4
Madison,0028 DR RICHARD SHOWERS CTR,Governor,,REP,Ken McFeeters,5
Madison,0028 DR RICHARD SHOWERS CTR,Governor,,REP,Thomas Tuberville,12
Madison,0029 HOUSE OF HOPE & REST,Governor,,REP,"""Alabama"" Will Santivasci",3
Madison,0029 HOUSE OF HOPE & REST,Governor,,REP,Ken McFeeters,9
Madison,0029 HOUSE OF HOPE & REST,Governor,,REP,Thomas Tuberville,35
Madison,0030 BOB HARRISON SR CTR,Governor,,REP,"""Alabama"" Will Santivasci",9
Madison,0030 BOB HARRISON SR CTR,Governor,,REP,Ken McFeeters,6
Madison,0030 BOB HARRISON SR CTR,Governor,,REP,Thomas Tuberville,58
Madison,0031 CALVARY HILL COMM CTR,Governor,,REP,"""Alabama"" Will Santivasci",10
Madison,0031 CALVARY HILL COMM CTR,Governor,,REP,Ken McFeeters,15
Madison,0031 CALVARY HILL COMM CTR,Governor,,REP,Thomas Tuberville,50
Madison,0032 LEWIS CHAPEL C P CH,Governor,,REP,"""Alabama"" Will Santivasci",0
Madison,0032 LEWIS CHAPEL C P CH,Governor,,REP,Ken McFeeters,1
Madison,0032 LEWIS CHAPEL C P CH,Governor,,REP,Thomas Tuberville,12
Madison,0033 LAKEWOOD COMM CTR,Governor,,REP,"""Alabama"" Will Santivasci",3
Madison,0033 LAKEWOOD COMM CTR,Governor,,REP,Ken McFeeters,7
Madison,0033 LAKEWOOD COMM CTR,Governor,,REP,Thomas Tuberville,29
Madison,0034 WEST HUNTSVILLE BAPT,Governor,,REP,"""Alabama"" Will Santivasci",7
Madison,0034 WEST HUNTSVILLE BAPT,Governor,,REP,Ken McFeeters,10
Madison,0034 WEST HUNTSVILLE BAPT,Governor,,REP,Thomas Tuberville,33
Madison,0035 ST PAUL UMC,Governor,,REP,"""Alabama"" Will Santivasci",27
Madison,0035 ST PAUL UMC,Governor,,REP,Ken McFeeters,36
Madison,0035 ST PAUL UMC,Governor,,REP,Thomas Tuberville,165
Madison,0036 ST LUKE CHRISTIAN CH,Governor,,REP,"""Alabama"" Will Santivasci",15
Madison,0036 ST LUKE CHRISTIAN CH,Governor,,REP,Ken McFeeters,20
Madison,0036 ST LUKE CHRISTIAN CH,Governor,,REP,Thomas Tuberville,47
Madison,0037 W HUNTSVILLE C OF CHR,Governor,,REP,"""Alabama"" Will Santivasci",29
Madison,0037 W HUNTSVILLE C OF CHR,Governor,,REP,Ken McFeeters,33
Madison,0037 W HUNTSVILLE C OF CHR,Governor,,REP,Thomas Tuberville,181
Madison,0038 TOWN WELLNESS CTR,Governor,,REP,"""Alabama"" Will Santivasci",29
Madison,0038 TOWN WELLNESS CTR,Governor,,REP,Ken McFeeters,52
Madison,0038 TOWN WELLNESS CTR,Governor,,REP,Thomas Tuberville,256
Madison,0039 SHERWOOD BAPT CH,Governor,,REP,"""Alabama"" Will Santivasci",13
Madison,0039 SHERWOOD BAPT CH,Governor,,REP,Ken McFeeters,27
Madison,0039 SHERWOOD BAPT CH,Governor,,REP,Thomas Tuberville,128
Madison,0040 NEW MARKET REC CTR,Governor,,REP,"""Alabama"" Will Santivasci",12
Madison,0040 NEW MARKET REC CTR,Governor,,REP,Ken McFeeters,23
Madison,0040 NEW MARKET REC CTR,Governor,,REP,Thomas Tuberville,221
Madison,0041 MAYSVILLE C OF CHR,Governor,,REP,"""Alabama"" Will Santivasci",40
Madison,0041 MAYSVILLE C OF CHR,Governor,,REP,Ken McFeeters,67
Madison,0041 MAYSVILLE C OF CHR,Governor,,REP,Thomas Tuberville,548
Madison,0042 LITTLE INDIAN CREEK,Governor,,REP,"""Alabama"" Will Santivasci",39
Madison,0042 LITTLE INDIAN CREEK,Governor,,REP,Ken McFeeters,83
Madison,0042 LITTLE INDIAN CREEK,Governor,,REP,Thomas Tuberville,380
Madison,0043 TRIANA CITY HALL,Governor,,REP,"""Alabama"" Will Santivasci",17
Madison,0043 TRIANA CITY HALL,Governor,,REP,Ken McFeeters,32
Madison,0043 TRIANA CITY HALL,Governor,,REP,Thomas Tuberville,131
Madison,0044 RIVERTREE CH,Governor,,REP,"""Alabama"" Will Santivasci",82
Madison,0044 RIVERTREE CH,Governor,,REP,Ken McFeeters,144
Madison,0044 RIVERTREE CH,Governor,,REP,Thomas Tuberville,853
Madison,0045 GURLEY SENIOR CTR,Governor,,REP,"""Alabama"" Will Santivasci",15
Madison,0045 GURLEY SENIOR CTR,Governor,,REP,Ken McFeeters,28
Madison,0045 GURLEY SENIOR CTR,Governor,,REP,Thomas Tuberville,262
Madison,0046 MISSION 7TH DAY ADV,Governor,,REP,"""Alabama"" Will Santivasci",43
Madison,0046 MISSION 7TH DAY ADV,Governor,,REP,Ken McFeeters,71
Madison,0046 MISSION 7TH DAY ADV,Governor,,REP,Thomas Tuberville,261
Madison,0047 PINEVIEW BAPT CH,Governor,,REP,"""Alabama"" Will Santivasci",12
Madison,0047 PINEVIEW BAPT CH,Governor,,REP,Ken McFeeters,27
Madison,0047 PINEVIEW BAPT CH,Governor,,REP,Thomas Tuberville,181
Madison,0048 TONEY CHURCH,Governor,,REP,"""Alabama"" Will Santivasci",34
Madison,0048 TONEY CHURCH,Governor,,REP,Ken McFeeters,65
Madison,0048 TONEY CHURCH,Governor,,REP,Thomas Tuberville,317
Madison,0049 MARY K JOHNSTON GYM,Governor,,REP,"""Alabama"" Will Santivasci",15
Madison,0049 MARY K JOHNSTON GYM,Governor,,REP,Ken McFeeters,25
Madison,0049 MARY K JOHNSTON GYM,Governor,,REP,Thomas Tuberville,180
Madison,0050 PLAINVIEW CH OF CHR,Governor,,REP,"""Alabama"" Will Santivasci",24
Madison,0050 PLAINVIEW CH OF CHR,Governor,,REP,Ken McFeeters,39
Madison,0050 PLAINVIEW CH OF CHR,Governor,,REP,Thomas Tuberville,363
Madison,0051 NEW HOPE CITY HALL,Governor,,REP,"""Alabama"" Will Santivasci",17
Madison,0051 NEW HOPE CITY HALL,Governor,,REP,Ken McFeeters,49
Madison,0051 NEW HOPE CITY HALL,Governor,,REP,Thomas Tuberville,437
Madison,0052 MADISON PUBLIC LIBR,Governor,,REP,"""Alabama"" Will Santivasci",23
Madison,0052 MADISON PUBLIC LIBR,Governor,,REP,Ken McFeeters,76
Madison,0052 MADISON PUBLIC LIBR,Governor,,REP,Thomas Tuberville,240
Madison,0053 PINE GROVE MISSION,Governor,,REP,"""Alabama"" Will Santivasci",30
Madison,0053 PINE GROVE MISSION,Governor,,REP,Ken McFeeters,47
Madison,0053 PINE GROVE MISSION,Governor,,REP,Thomas Tuberville,305
Madison,0054 MADISON CITY HALL,Governor,,REP,"""Alabama"" Will Santivasci",50
Madison,0054 MADISON CITY HALL,Governor,,REP,Ken McFeeters,105
Madison,0054 MADISON CITY HALL,Governor,,REP,Thomas Tuberville,324
Madison,0055 LOCUST GROVE BAPT CH,Governor,,REP,"""Alabama"" Will Santivasci",28
Madison,0055 LOCUST GROVE BAPT CH,Governor,,REP,Ken McFeeters,71
Madison,0055 LOCUST GROVE BAPT CH,Governor,,REP,Thomas Tuberville,341
Madison,0056 NEW MARKET VOL FIRE,Governor,,REP,"""Alabama"" Will Santivasci",9
Madison,0056 NEW MARKET VOL FIRE,Governor,,REP,Ken McFeeters,8
Madison,0056 NEW MARKET VOL FIRE,Governor,,REP,Thomas Tuberville,127
Madison,0057 OWENS CROSS ROADS CT,Governor,,REP,"""Alabama"" Will Santivasci",30
Madison,0057 OWENS CROSS ROADS CT,Governor,,REP,Ken McFeeters,40
Madison,0057 OWENS CROSS ROADS CT,Governor,,REP,Thomas Tuberville,317
Madison,0058 FIRST BAPT CH MER,Governor,,REP,"""Alabama"" Will Santivasci",17
Madison,0058 FIRST BAPT CH MER,Governor,,REP,Ken McFeeters,32
Madison,0058 FIRST BAPT CH MER,Governor,,REP,Thomas Tuberville,190
Madison,0059 BROWNSBORO BAPT CH,Governor,,REP,"""Alabama"" Will Santivasci",23
Madison,0059 BROWNSBORO BAPT CH,Governor,,REP,Ken McFeeters,54
Madison,0059 BROWNSBORO BAPT CH,Governor,,REP,Thomas Tuberville,320
Madison,0060 MONROVIA CH OF CHR,Governor,,REP,"""Alabama"" Will Santivasci",23
Madison,0060 MONROVIA CH OF CHR,Governor,,REP,Ken McFeeters,64
Madison,0060 MONROVIA CH OF CHR,Governor,,REP,Thomas Tuberville,361
Madison,0061 CO COMMISSION DIST 1,Governor,,REP,"""Alabama"" Will Santivasci",11
Madison,0061 CO COMMISSION DIST 1,Governor,,REP,Ken McFeeters,38
Madison,0061 CO COMMISSION DIST 1,Governor,,REP,Thomas Tuberville,307
Madison,0062 BOBO VFD,Governor,,REP,"""Alabama"" Will Santivasci",10
Madison,0062 BOBO VFD,Governor,,REP,Ken McFeeters,45
Madison,0062 BOBO VFD,Governor,,REP,Thomas Tuberville,252
Madison,0063 MERDIANVILLE C OF CHR,Governor,,REP,"""Alabama"" Will Santivasci",55
Madison,0063 MERDIANVILLE C OF CHR,Governor,,REP,Ken McFeeters,94
Madison,0063 MERDIANVILLE C OF CHR,Governor,,REP,Thomas Tuberville,603
Madison,0064 MT ZION BAPT CH,Governor,,REP,"""Alabama"" Will Santivasci",59
Madison,0064 MT ZION BAPT CH,Governor,,REP,Ken McFeeters,120
Madison,0064 MT ZION BAPT CH,Governor,,REP,Thomas Tuberville,528
Madison,0065 HAROLD HARBIN GYM,Governor,,REP,"""Alabama"" Will Santivasci",26
Madison,0065 HAROLD HARBIN GYM,Governor,,REP,Ken McFeeters,39
Madison,0065 HAROLD HARBIN GYM,Governor,,REP,Thomas Tuberville,301
Madison,0066 FAITH LUTHERAN CH,Governor,,REP,"""Alabama"" Will Santivasci",44
Madison,0066 FAITH LUTHERAN CH,Governor,,REP,Ken McFeeters,90
Madison,0066 FAITH LUTHERAN CH,Governor,,REP,Thomas Tuberville,327
Madison,0067 MADISON COMM CTR,Governor,,REP,"""Alabama"" Will Santivasci",44
Madison,0067 MADISON COMM CTR,Governor,,REP,Ken McFeeters,96
Madison,0067 MADISON COMM CTR,Governor,,REP,Thomas Tuberville,355
Madison,0068 ASBURY CHURCH,Governor,,REP,"""Alabama"" Will Santivasci",73
Madison,0068 ASBURY CHURCH,Governor,,REP,Ken McFeeters,158
Madison,0068 ASBURY CHURCH,Governor,,REP,Thomas Tuberville,662
Madison,0069 RESTORATION CHURCH,Governor,,REP,"""Alabama"" Will Santivasci",51
Madison,0069 RESTORATION CHURCH,Governor,,REP,Ken McFeeters,127
Madison,0069 RESTORATION CHURCH,Governor,,REP,Thomas Tuberville,392
Madison,0070 MONROVIA COMM CTR,Governor,,REP,"""Alabama"" Will Santivasci",24
Madison,0070 MONROVIA COMM CTR,Governor,,REP,Ken McFeeters,79
Madison,0070 MONROVIA COMM CTR,Governor,,REP,Thomas Tuberville,380
Madison,0071 MOVEMENT CHURCH,Governor,,REP,"""Alabama"" Will Santivasci",16
Madison,0071 MOVEMENT CHURCH,Governor,,REP,Ken McFeeters,42
Madison,0071 MOVEMENT CHURCH,Governor,,REP,Thomas Tuberville,143
Madison,0072 INDIAN CREEK BAPT CH,Governor,,REP,"""Alabama"" Will Santivasci",26
Madison,0072 INDIAN CREEK BAPT CH,Governor,,REP,Ken McFeeters,96
Madison,0072 INDIAN CREEK BAPT CH,Governor,,REP,Thomas Tuberville,412
Madison,0073 CROSS RD COMM CTR,Governor,,REP,"""Alabama"" Will Santivasci",33
Madison,0073 CROSS RD COMM CTR,Governor,,REP,Ken McFeeters,32
Madison,0073 CROSS RD COMM CTR,Governor,,REP,Thomas Tuberville,329
Madison,0074 PROVIDENCE BAPT CH,Governor,,REP,"""Alabama"" Will Santivasci",21
Madison,0074 PROVIDENCE BAPT CH,Governor,,REP,Ken McFeeters,43
Madison,0074 PROVIDENCE BAPT CH,Governor,,REP,Thomas Tuberville,266
Madison,0075 WALL HWY BAPT CH,Governor,,REP,"""Alabama"" Will Santivasci",17
Madison,0075 WALL HWY BAPT CH,Governor,,REP,Ken McFeeters,30
Madison,0075 WALL HWY BAPT CH,Governor,,REP,Thomas Tuberville,149
Madison,0076 HOPE CHURCH,Governor,,REP,"""Alabama"" Will Santivasci",20
Madison,0076 HOPE CHURCH,Governor,,REP,Ken McFeeters,42
Madison,0076 HOPE CHURCH,Governor,,REP,Thomas Tuberville,204
Madison,0077 DAYSTAR CHURCH,Governor,,REP,"""Alabama"" Will Santivasci",32
Madison,0077 DAYSTAR CHURCH,Governor,,REP,Ken McFeeters,91
Madison,0077 DAYSTAR CHURCH,Governor,,REP,Thomas Tuberville,362
Madison,0078 CH OF JESUS CHR LDS,Governor,,REP,"""Alabama"" Will Santivasci",18
Madison,0078 CH OF JESUS CHR LDS,Governor,,REP,Ken McFeeters,57
Madison,0078 CH OF JESUS CHR LDS,Governor,,REP,Thomas Tuberville,181
Madison,0079 OCR CHURCH OF CHRIST,Governor,,REP,"""Alabama"" Will Santivasci",26
Madison,0079 OCR CHURCH OF CHRIST,Governor,,REP,Ken McFeeters,42
Madison,0079 OCR CHURCH OF CHRIST,Governor,,REP,Thomas Tuberville,242
Madison,0080 ABSENTEE 1,Governor,,REP,"""Alabama"" Will Santivasci",47
Madison,0080 ABSENTEE 1,Governor,,REP,Ken McFeeters,99
Madison,0080 ABSENTEE 1,Governor,,REP,Thomas Tuberville,504
Madison,0081 PROVISIONAL,Governor,,REP,"""Alabama"" Will Santivasci",2
Madison,0081 PROVISIONAL,Governor,,REP,Ken McFeeters,6
Madison,0081 PROVISIONAL,Governor,,REP,Thomas Tuberville,25
Madison,0001 AL A&M ELMORE GYM,U.S. Senate,,DEM,Dakarai Larriett,105
Madison,0001 AL A&M ELMORE GYM,U.S. Senate,,DEM,Everett Wess,102
Madison,0001 AL A&M ELMORE GYM,U.S. Senate,,DEM,Kyle Sweetser,36
Madison,0001 AL A&M ELMORE GYM,U.S. Senate,,DEM,Mark S. Wheeler II,49
Madison,0002 LINCOLN CH OF CHRIST,U.S. Senate,,DEM,Dakarai Larriett,51
Madison,0002 LINCOLN CH OF CHRIST,U.S. Senate,,DEM,Everett Wess,46
Madison,0002 LINCOLN CH OF CHRIST,U.S. Senate,,DEM,Kyle Sweetser,10
Madison,0002 LINCOLN CH OF CHRIST,U.S. Senate,,DEM,Mark S. Wheeler II,13
Madison,0003 JACKSON WAY BAPT CH,U.S. Senate,,DEM,Dakarai Larriett,161
Madison,0003 JACKSON WAY BAPT CH,U.S. Senate,,DEM,Everett Wess,60
Madison,0003 JACKSON WAY BAPT CH,U.S. Senate,,DEM,Kyle Sweetser,57
Madison,0003 JACKSON WAY BAPT CH,U.S. Senate,,DEM,Mark S. Wheeler II,99
Madison,0004 FIRST BAPT CH,U.S. Senate,,DEM,Dakarai Larriett,202
Madison,0004 FIRST BAPT CH,U.S. Senate,,DEM,Everett Wess,90
Madison,0004 FIRST BAPT CH,U.S. Senate,,DEM,Kyle Sweetser,120
Madison,0004 FIRST BAPT CH,U.S. Senate,,DEM,Mark S. Wheeler II,141
Madison,0005 OPTIMIST PRK REC CTR,U.S. Senate,,DEM,Dakarai Larriett,159
Madison,0005 OPTIMIST PRK REC CTR,U.S. Senate,,DEM,Everett Wess,75
Madison,0005 OPTIMIST PRK REC CTR,U.S. Senate,,DEM,Kyle Sweetser,67
Madison,0005 OPTIMIST PRK REC CTR,U.S. Senate,,DEM,Mark S. Wheeler II,100
Madison,0006 HOPE VALLEY BIBLE CH,U.S. Senate,,DEM,Dakarai Larriett,91
Madison,0006 HOPE VALLEY BIBLE CH,U.S. Senate,,DEM,Everett Wess,71
Madison,0006 HOPE VALLEY BIBLE CH,U.S. Senate,,DEM,Kyle Sweetser,38
Madison,0006 HOPE VALLEY BIBLE CH,U.S. Senate,,DEM,Mark S. Wheeler II,57
Madison,0007 CHASE PARK CH OF CHR,U.S. Senate,,DEM,Dakarai Larriett,285
Madison,0007 CHASE PARK CH OF CHR,U.S. Senate,,DEM,Everett Wess,347
Madison,0007 CHASE PARK CH OF CHR,U.S. Senate,,DEM,Kyle Sweetser,121
Madison,0007 CHASE PARK CH OF CHR,U.S. Senate,,DEM,Mark S. Wheeler II,180
Madison,0008 CORNERSTONE PRESB,U.S. Senate,,DEM,Dakarai Larriett,87
Madison,0008 CORNERSTONE PRESB,U.S. Senate,,DEM,Everett Wess,38
Madison,0008 CORNERSTONE PRESB,U.S. Senate,,DEM,Kyle Sweetser,68
Madison,0008 CORNERSTONE PRESB,U.S. Senate,,DEM,Mark S. Wheeler II,76
Madison,0009 CHURCH ON THE HILL,U.S. Senate,,DEM,Dakarai Larriett,56
Madison,0009 CHURCH ON THE HILL,U.S. Senate,,DEM,Everett Wess,33
Madison,0009 CHURCH ON THE HILL,U.S. Senate,,DEM,Kyle Sweetser,29
Madison,0009 CHURCH ON THE HILL,U.S. Senate,,DEM,Mark S. Wheeler II,39
Madison,0010 MONTE SANO UMC,U.S. Senate,,DEM,Dakarai Larriett,84
Madison,0010 MONTE SANO UMC,U.S. Senate,,DEM,Everett Wess,38
Madison,0010 MONTE SANO UMC,U.S. Senate,,DEM,Kyle Sweetser,72
Madison,0010 MONTE SANO UMC,U.S. Senate,,DEM,Mark S. Wheeler II,38
Madison,0011 COVE CHURCH,U.S. Senate,,DEM,Dakarai Larriett,128
Madison,0011 COVE CHURCH,U.S. Senate,,DEM,Everett Wess,82
Madison,0011 COVE CHURCH,U.S. Senate,,DEM,Kyle Sweetser,72
Madison,0011 COVE CHURCH,U.S. Senate,,DEM,Mark S. Wheeler II,81
Madison,0012 HAMPTON COVE C OF CHR,U.S. Senate,,DEM,Dakarai Larriett,66
Madison,0012 HAMPTON COVE C OF CHR,U.S. Senate,,DEM,Everett Wess,50
Madison,0012 HAMPTON COVE C OF CHR,U.S. Senate,,DEM,Kyle Sweetser,40
Madison,0012 HAMPTON COVE C OF CHR,U.S. Senate,,DEM,Mark S. Wheeler II,43
Madison,0013 COVENANT PRESB CH,U.S. Senate,,DEM,Dakarai Larriett,151
Madison,0013 COVENANT PRESB CH,U.S. Senate,,DEM,Everett Wess,73
Madison,0013 COVENANT PRESB CH,U.S. Senate,,DEM,Kyle Sweetser,84
Madison,0013 COVENANT PRESB CH,U.S. Senate,,DEM,Mark S. Wheeler II,100
Madison,0014 SOUTHWOOD PRESB,U.S. Senate,,DEM,Dakarai Larriett,75
Madison,0014 SOUTHWOOD PRESB,U.S. Senate,,DEM,Everett Wess,36
Madison,0014 SOUTHWOOD PRESB,U.S. Senate,,DEM,Kyle Sweetser,42
Madison,0014 SOUTHWOOD PRESB,U.S. Senate,,DEM,Mark S. Wheeler II,48
Madison,0015 WILLOWBROOK BAPT CH,U.S. Senate,,DEM,Dakarai Larriett,157
Madison,0015 WILLOWBROOK BAPT CH,U.S. Senate,,DEM,Everett Wess,83
Madison,0015 WILLOWBROOK BAPT CH,U.S. Senate,,DEM,Kyle Sweetser,75
Madison,0015 WILLOWBROOK BAPT CH,U.S. Senate,,DEM,Mark S. Wheeler II,159
Madison,0016 WESTSIDE COMM CTR,U.S. Senate,,DEM,Dakarai Larriett,20
Madison,0016 WESTSIDE COMM CTR,U.S. Senate,,DEM,Everett Wess,11
Madison,0016 WESTSIDE COMM CTR,U.S. Senate,,DEM,Kyle Sweetser,2
Madison,0016 WESTSIDE COMM CTR,U.S. Senate,,DEM,Mark S. Wheeler II,6
Madison,0017 TRINITY UMC,U.S. Senate,,DEM,Dakarai Larriett,146
Madison,0017 TRINITY UMC,U.S. Senate,,DEM,Everett Wess,78
Madison,0017 TRINITY UMC,U.S. Senate,,DEM,Kyle Sweetser,47
Madison,0017 TRINITY UMC,U.S. Senate,,DEM,Mark S. Wheeler II,81
Madison,0018 WHITESBURG BAPT CH,U.S. Senate,,DEM,Dakarai Larriett,159
Madison,0018 WHITESBURG BAPT CH,U.S. Senate,,DEM,Everett Wess,57
Madison,0018 WHITESBURG BAPT CH,U.S. Senate,,DEM,Kyle Sweetser,76
Madison,0018 WHITESBURG BAPT CH,U.S. Senate,,DEM,Mark S. Wheeler II,87
Madison,0019 WEATHERLY HGTS BAPT,U.S. Senate,,DEM,Dakarai Larriett,154
Madison,0019 WEATHERLY HGTS BAPT,U.S. Senate,,DEM,Everett Wess,63
Madison,0019 WEATHERLY HGTS BAPT,U.S. Senate,,DEM,Kyle Sweetser,73
Madison,0019 WEATHERLY HGTS BAPT,U.S. Senate,,DEM,Mark S. Wheeler II,100
Madison,0020 ALDERSGATE UMC,U.S. Senate,,DEM,Dakarai Larriett,145
Madison,0020 ALDERSGATE UMC,U.S. Senate,,DEM,Everett Wess,78
Madison,0020 ALDERSGATE UMC,U.S. Senate,,DEM,Kyle Sweetser,90
Madison,0020 ALDERSGATE UMC,U.S. Senate,,DEM,Mark S. Wheeler II,136
Madison,0021 FARLEY COMM CH,U.S. Senate,,DEM,Dakarai Larriett,185
Madison,0021 FARLEY COMM CH,U.S. Senate,,DEM,Everett Wess,73
Madison,0021 FARLEY COMM CH,U.S. Senate,,DEM,Kyle Sweetser,79
Madison,0021 FARLEY COMM CH,U.S. Senate,,DEM,Mark S. Wheeler II,114
Madison,0022 HILLWOOD BAPT CH,U.S. Senate,,DEM,Dakarai Larriett,159
Madison,0022 HILLWOOD BAPT CH,U.S. Senate,,DEM,Everett Wess,84
Madison,0022 HILLWOOD BAPT CH,U.S. Senate,,DEM,Kyle Sweetser,70
Madison,0022 HILLWOOD BAPT CH,U.S. Senate,,DEM,Mark S. Wheeler II,86
Madison,0023 COMM FELLOWSHIP,U.S. Senate,,DEM,Dakarai Larriett,151
Madison,0023 COMM FELLOWSHIP,U.S. Senate,,DEM,Everett Wess,83
Madison,0023 COMM FELLOWSHIP,U.S. Senate,,DEM,Kyle Sweetser,60
Madison,0023 COMM FELLOWSHIP,U.S. Senate,,DEM,Mark S. Wheeler II,89
Madison,0024 OAKWOOD UNIVERSITY CH,U.S. Senate,,DEM,Dakarai Larriett,264
Madison,0024 OAKWOOD UNIVERSITY CH,U.S. Senate,,DEM,Everett Wess,441
Madison,0024 OAKWOOD UNIVERSITY CH,U.S. Senate,,DEM,Kyle Sweetser,81
Madison,0024 OAKWOOD UNIVERSITY CH,U.S. Senate,,DEM,Mark S. Wheeler II,141
Madison,0025 CLUBHOUSE ON GREEN MT,U.S. Senate,,DEM,Dakarai Larriett,42
Madison,0025 CLUBHOUSE ON GREEN MT,U.S. Senate,,DEM,Everett Wess,22
Madison,0025 CLUBHOUSE ON GREEN MT,U.S. Senate,,DEM,Kyle Sweetser,13
Madison,0025 CLUBHOUSE ON GREEN MT,U.S. Senate,,DEM,Mark S. Wheeler II,26
Madison,0026 ST MATTHEWS PB CH,U.S. Senate,,DEM,Dakarai Larriett,137
Madison,0026 ST MATTHEWS PB CH,U.S. Senate,,DEM,Everett Wess,142
Madison,0026 ST MATTHEWS PB CH,U.S. Senate,,DEM,Kyle Sweetser,34
Madison,0026 ST MATTHEWS PB CH,U.S. Senate,,DEM,Mark S. Wheeler II,86
Madison,0027 FIRST MISSIONARY BAPT,U.S. Senate,,DEM,Dakarai Larriett,227
Madison,0027 FIRST MISSIONARY BAPT,U.S. Senate,,DEM,Everett Wess,272
Madison,0027 FIRST MISSIONARY BAPT,U.S. Senate,,DEM,Kyle Sweetser,70
Madison,0027 FIRST MISSIONARY BAPT,U.S. Senate,,DEM,Mark S. Wheeler II,102
Madison,0028 DR RICHARD SHOWERS CTR,U.S. Senate,,DEM,Dakarai Larriett,121
Madison,0028 DR RICHARD SHOWERS CTR,U.S. Senate,,DEM,Everett Wess,284
Madison,0028 DR RICHARD SHOWERS CTR,U.S. Senate,,DEM,Kyle Sweetser,44
Madison,0028 DR RICHARD SHOWERS CTR,U.S. Senate,,DEM,Mark S. Wheeler II,69
Madison,0029 HOUSE OF HOPE & REST,U.S. Senate,,DEM,Dakarai Larriett,235
Madison,0029 HOUSE OF HOPE & REST,U.S. Senate,,DEM,Everett Wess,404
Madison,0029 HOUSE OF HOPE & REST,U.S. Senate,,DEM,Kyle Sweetser,66
Madison,0029 HOUSE OF HOPE & REST,U.S. Senate,,DEM,Mark S. Wheeler II,98
Madison,0030 BOB HARRISON SR CTR,U.S. Senate,,DEM,Dakarai Larriett,291
Madison,0030 BOB HARRISON SR CTR,U.S. Senate,,DEM,Everett Wess,425
Madison,0030 BOB HARRISON SR CTR,U.S. Senate,,DEM,Kyle Sweetser,85
Madison,0030 BOB HARRISON SR CTR,U.S. Senate,,DEM,Mark S. Wheeler II,127
Madison,0031 CALVARY HILL COMM CTR,U.S. Senate,,DEM,Dakarai Larriett,137
Madison,0031 CALVARY HILL COMM CTR,U.S. Senate,,DEM,Everett Wess,98
Madison,0031 CALVARY HILL COMM CTR,U.S. Senate,,DEM,Kyle Sweetser,32
Madison,0031 CALVARY HILL COMM CTR,U.S. Senate,,DEM,Mark S. Wheeler II,63
Madison,0032 LEWIS CHAPEL C P CH,U.S. Senate,,DEM,Dakarai Larriett,28
Madison,0032 LEWIS CHAPEL C P CH,U.S. Senate,,DEM,Everett Wess,53
Madison,0032 LEWIS CHAPEL C P CH,U.S. Senate,,DEM,Kyle Sweetser,14
Madison,0032 LEWIS CHAPEL C P CH,U.S. Senate,,DEM,Mark S. Wheeler II,18
Madison,0033 LAKEWOOD COMM CTR,U.S. Senate,,DEM,Dakarai Larriett,93
Madison,0033 LAKEWOOD COMM CTR,U.S. Senate,,DEM,Everett Wess,113
Madison,0033 LAKEWOOD COMM CTR,U.S. Senate,,DEM,Kyle Sweetser,39
Madison,0033 LAKEWOOD COMM CTR,U.S. Senate,,DEM,Mark S. Wheeler II,76
Madison,0034 WEST HUNTSVILLE BAPT,U.S. Senate,,DEM,Dakarai Larriett,100
Madison,0034 WEST HUNTSVILLE BAPT,U.S. Senate,,DEM,Everett Wess,58
Madison,0034 WEST HUNTSVILLE BAPT,U.S. Senate,,DEM,Kyle Sweetser,25
Madison,0034 WEST HUNTSVILLE BAPT,U.S. Senate,,DEM,Mark S. Wheeler II,47
Madison,0035 ST PAUL UMC,U.S. Senate,,DEM,Dakarai Larriett,149
Madison,0035 ST PAUL UMC,U.S. Senate,,DEM,Everett Wess,81
Madison,0035 ST PAUL UMC,U.S. Senate,,DEM,Kyle Sweetser,65
Madison,0035 ST PAUL UMC,U.S. Senate,,DEM,Mark S. Wheeler II,102
Madison,0036 ST LUKE CHRISTIAN CH,U.S. Senate,,DEM,Dakarai Larriett,233
Madison,0036 ST LUKE CHRISTIAN CH,U.S. Senate,,DEM,Everett Wess,238
Madison,0036 ST LUKE CHRISTIAN CH,U.S. Senate,,DEM,Kyle Sweetser,55
Madison,0036 ST LUKE CHRISTIAN CH,U.S. Senate,,DEM,Mark S. Wheeler II,92
Madison,0037 W HUNTSVILLE C OF CHR,U.S. Senate,,DEM,Dakarai Larriett,202
Madison,0037 W HUNTSVILLE C OF CHR,U.S. Senate,,DEM,Everett Wess,133
Madison,0037 W HUNTSVILLE C OF CHR,U.S. Senate,,DEM,Kyle Sweetser,62
Madison,0037 W HUNTSVILLE C OF CHR,U.S. Senate,,DEM,Mark S. Wheeler II,97
Madison,0038 TOWN WELLNESS CTR,U.S. Senate,,DEM,Dakarai Larriett,238
Madison,0038 TOWN WELLNESS CTR,U.S. Senate,,DEM,Everett Wess,146
Madison,0038 TOWN WELLNESS CTR,U.S. Senate,,DEM,Kyle Sweetser,77
Madison,0038 TOWN WELLNESS CTR,U.S. Senate,,DEM,Mark S. Wheeler II,94
Madison,0039 SHERWOOD BAPT CH,U.S. Senate,,DEM,Dakarai Larriett,113
Madison,0039 SHERWOOD BAPT CH,U.S. Senate,,DEM,Everett Wess,40
Madison,0039 SHERWOOD BAPT CH,U.S. Senate,,DEM,Kyle Sweetser,29
Madison,0039 SHERWOOD BAPT CH,U.S. Senate,,DEM,Mark S. Wheeler II,59
Madison,0040 NEW MARKET REC CTR,U.S. Senate,,DEM,Dakarai Larriett,48
Madison,0040 NEW MARKET REC CTR,U.S. Senate,,DEM,Everett Wess,48
Madison,0040 NEW MARKET REC CTR,U.S. Senate,,DEM,Kyle Sweetser,11
Madison,0040 NEW MARKET REC CTR,U.S. Senate,,DEM,Mark S. Wheeler II,24
Madison,0041 MAYSVILLE C OF CHR,U.S. Senate,,DEM,Dakarai Larriett,125
Madison,0041 MAYSVILLE C OF CHR,U.S. Senate,,DEM,Everett Wess,79
Madison,0041 MAYSVILLE C OF CHR,U.S. Senate,,DEM,Kyle Sweetser,48
Madison,0041 MAYSVILLE C OF CHR,U.S. Senate,,DEM,Mark S. Wheeler II,72
Madison,0042 LITTLE INDIAN CREEK,U.S. Senate,,DEM,Dakarai Larriett,245
Madison,0042 LITTLE INDIAN CREEK,U.S. Senate,,DEM,Everett Wess,268
Madison,0042 LITTLE INDIAN CREEK,U.S. Senate,,DEM,Kyle Sweetser,78
Madison,0042 LITTLE INDIAN CREEK,U.S. Senate,,DEM,Mark S. Wheeler II,122
Madison,0043 TRIANA CITY HALL,U.S. Senate,,DEM,Dakarai Larriett,319
Madison,0043 TRIANA CITY HALL,U.S. Senate,,DEM,Everett Wess,187
Madison,0043 TRIANA CITY HALL,U.S. Senate,,DEM,Kyle Sweetser,91
Madison,0043 TRIANA CITY HALL,U.S. Senate,,DEM,Mark S. Wheeler II,136
Madison,0044 RIVERTREE CH,U.S. Senate,,DEM,Dakarai Larriett,139
Madison,0044 RIVERTREE CH,U.S. Senate,,DEM,Everett Wess,82
Madison,0044 RIVERTREE CH,U.S. Senate,,DEM,Kyle Sweetser,75
Madison,0044 RIVERTREE CH,U.S. Senate,,DEM,Mark S. Wheeler II,101
Madison,0045 GURLEY SENIOR CTR,U.S. Senate,,DEM,Dakarai Larriett,31
Madison,0045 GURLEY SENIOR CTR,U.S. Senate,,DEM,Everett Wess,15
Madison,0045 GURLEY SENIOR CTR,U.S. Senate,,DEM,Kyle Sweetser,21
Madison,0045 GURLEY SENIOR CTR,U.S. Senate,,DEM,Mark S. Wheeler II,16
Madison,0046 MISSION 7TH DAY ADV,U.S. Senate,,DEM,Dakarai Larriett,210
Madison,0046 MISSION 7TH DAY ADV,U.S. Senate,,DEM,Everett Wess,158
Madison,0046 MISSION 7TH DAY ADV,U.S. Senate,,DEM,Kyle Sweetser,81
Madison,0046 MISSION 7TH DAY ADV,U.S. Senate,,DEM,Mark S. Wheeler II,101
Madison,0047 PINEVIEW BAPT CH,U.S. Senate,,DEM,Dakarai Larriett,210
Madison,0047 PINEVIEW BAPT CH,U.S. Senate,,DEM,Everett Wess,210
Madison,0047 PINEVIEW BAPT CH,U.S. Senate,,DEM,Kyle Sweetser,49
Madison,0047 PINEVIEW BAPT CH,U.S. Senate,,DEM,Mark S. Wheeler II,114
Madison,0048 TONEY CHURCH,U.S. Senate,,DEM,Dakarai Larriett,256
Madison,0048 TONEY CHURCH,U.S. Senate,,DEM,Everett Wess,283
Madison,0048 TONEY CHURCH,U.S. Senate,,DEM,Kyle Sweetser,59
Madison,0048 TONEY CHURCH,U.S. Senate,,DEM,Mark S. Wheeler II,134
Madison,0049 MARY K JOHNSTON GYM,U.S. Senate,,DEM,Dakarai Larriett,82
Madison,0049 MARY K JOHNSTON GYM,U.S. Senate,,DEM,Everett Wess,83
Madison,0049 MARY K JOHNSTON GYM,U.S. Senate,,DEM,Kyle Sweetser,33
Madison,0049 MARY K JOHNSTON GYM,U.S. Senate,,DEM,Mark S. Wheeler II,50
Madison,0050 PLAINVIEW CH OF CHR,U.S. Senate,,DEM,Dakarai Larriett,103
Madison,0050 PLAINVIEW CH OF CHR,U.S. Senate,,DEM,Everett Wess,89
Madison,0050 PLAINVIEW CH OF CHR,U.S. Senate,,DEM,Kyle Sweetser,41
Madison,0050 PLAINVIEW CH OF CHR,U.S. Senate,,DEM,Mark S. Wheeler II,68
Madison,0051 NEW HOPE CITY HALL,U.S. Senate,,DEM,Dakarai Larriett,28
Madison,0051 NEW HOPE CITY HALL,U.S. Senate,,DEM,Everett Wess,24
Madison,0051 NEW HOPE CITY HALL,U.S. Senate,,DEM,Kyle Sweetser,26
Madison,0051 NEW HOPE CITY HALL,U.S. Senate,,DEM,Mark S. Wheeler II,31
Madison,0052 MADISON PUBLIC LIBR,U.S. Senate,,DEM,Dakarai Larriett,89
Madison,0052 MADISON PUBLIC LIBR,U.S. Senate,,DEM,Everett Wess,72
Madison,0052 MADISON PUBLIC LIBR,U.S. Senate,,DEM,Kyle Sweetser,31
Madison,0052 MADISON PUBLIC LIBR,U.S. Senate,,DEM,Mark S. Wheeler II,69
Madison,0053 PINE GROVE MISSION,U.S. Senate,,DEM,Dakarai Larriett,128
Madison,0053 PINE GROVE MISSION,U.S. Senate,,DEM,Everett Wess,131
Madison,0053 PINE GROVE MISSION,U.S. Senate,,DEM,Kyle Sweetser,68
Madison,0053 PINE GROVE MISSION,U.S. Senate,,DEM,Mark S. Wheeler II,77
Madison,0054 MADISON CITY HALL,U.S. Senate,,DEM,Dakarai Larriett,201
Madison,0054 MADISON CITY HALL,U.S. Senate,,DEM,Everett Wess,86
Madison,0054 MADISON CITY HALL,U.S. Senate,,DEM,Kyle Sweetser,60
Madison,0054 MADISON CITY HALL,U.S. Senate,,DEM,Mark S. Wheeler II,77
Madison,0055 LOCUST GROVE BAPT CH,U.S. Senate,,DEM,Dakarai Larriett,155
Madison,0055 LOCUST GROVE BAPT CH,U.S. Senate,,DEM,Everett Wess,171
Madison,0055 LOCUST GROVE BAPT CH,U.S. Senate,,DEM,Kyle Sweetser,59
Madison,0055 LOCUST GROVE BAPT CH,U.S. Senate,,DEM,Mark S. Wheeler II,103
Madison,0056 NEW MARKET VOL FIRE,U.S. Senate,,DEM,Dakarai Larriett,11
Madison,0056 NEW MARKET VOL FIRE,U.S. Senate,,DEM,Everett Wess,17
Madison,0056 NEW MARKET VOL FIRE,U.S. Senate,,DEM,Kyle Sweetser,5
Madison,0056 NEW MARKET VOL FIRE,U.S. Senate,,DEM,Mark S. Wheeler II,7
Madison,0057 OWENS CROSS ROADS CT,U.S. Senate,,DEM,Dakarai Larriett,50
Madison,0057 OWENS CROSS ROADS CT,U.S. Senate,,DEM,Everett Wess,27
Madison,0057 OWENS CROSS ROADS CT,U.S. Senate,,DEM,Kyle Sweetser,29
Madison,0057 OWENS CROSS ROADS CT,U.S. Senate,,DEM,Mark S. Wheeler II,26
Madison,0058 FIRST BAPT CH MER,U.S. Senate,,DEM,Dakarai Larriett,180
Madison,0058 FIRST BAPT CH MER,U.S. Senate,,DEM,Everett Wess,160
Madison,0058 FIRST BAPT CH MER,U.S. Senate,,DEM,Kyle Sweetser,55
Madison,0058 FIRST BAPT CH MER,U.S. Senate,,DEM,Mark S. Wheeler II,80
Madison,0059 BROWNSBORO BAPT CH,U.S. Senate,,DEM,Dakarai Larriett,52
Madison,0059 BROWNSBORO BAPT CH,U.S. Senate,,DEM,Everett Wess,57
Madison,0059 BROWNSBORO BAPT CH,U.S. Senate,,DEM,Kyle Sweetser,31
Madison,0059 BROWNSBORO BAPT CH,U.S. Senate,,DEM,Mark S. Wheeler II,40
Madison,0060 MONROVIA CH OF CHR,U.S. Senate,,DEM,Dakarai Larriett,164
Madison,0060 MONROVIA CH OF CHR,U.S. Senate,,DEM,Everett Wess,153
Madison,0060 MONROVIA CH OF CHR,U.S. Senate,,DEM,Kyle Sweetser,49
Madison,0060 MONROVIA CH OF CHR,U.S. Senate,,DEM,Mark S. Wheeler II,96
Madison,0061 CO COMMISSION DIST 1,U.S. Senate,,DEM,Dakarai Larriett,75
Madison,0061 CO COMMISSION DIST 1,U.S. Senate,,DEM,Everett Wess,82
Madison,0061 CO COMMISSION DIST 1,U.S. Senate,,DEM,Kyle Sweetser,40
Madison,0061 CO COMMISSION DIST 1,U.S. Senate,,DEM,Mark S. Wheeler II,59
Madison,0062 BOBO VFD,U.S. Senate,,DEM,Dakarai Larriett,58
Madison,0062 BOBO VFD,U.S. Senate,,DEM,Everett Wess,50
Madison,0062 BOBO VFD,U.S. Senate,,DEM,Kyle Sweetser,20
Madison,0062 BOBO VFD,U.S. Senate,,DEM,Mark S. Wheeler II,40
Madison,0063 MERDIANVILLE C OF CHR,U.S. Senate,,DEM,Dakarai Larriett,421
Madison,0063 MERDIANVILLE C OF CHR,U.S. Senate,,DEM,Everett Wess,360
Madison,0063 MERDIANVILLE C OF CHR,U.S. Senate,,DEM,Kyle Sweetser,114
Madison,0063 MERDIANVILLE C OF CHR,U.S. Senate,,DEM,Mark S. Wheeler II,183
Madison,0064 MT ZION BAPT CH,U.S. Senate,,DEM,Dakarai Larriett,302
Madison,0064 MT ZION BAPT CH,U.S. Senate,,DEM,Everett Wess,302
Madison,0064 MT ZION BAPT CH,U.S. Senate,,DEM,Kyle Sweetser,104
Madison,0064 MT ZION BAPT CH,U.S. Senate,,DEM,Mark S. Wheeler II,149
Madison,0065 HAROLD HARBIN GYM,U.S. Senate,,DEM,Dakarai Larriett,40
Madison,0065 HAROLD HARBIN GYM,U.S. Senate,,DEM,Everett Wess,29
Madison,0065 HAROLD HARBIN GYM,U.S. Senate,,DEM,Kyle Sweetser,25
Madison,0065 HAROLD HARBIN GYM,U.S. Senate,,DEM,Mark S. Wheeler II,25
Madison,0066 FAITH LUTHERAN CH,U.S. Senate,,DEM,Dakarai Larriett,179
Madison,0066 FAITH LUTHERAN CH,U.S. Senate,,DEM,Everett Wess,121
Madison,0066 FAITH LUTHERAN CH,U.S. Senate,,DEM,Kyle Sweetser,71
Madison,0066 FAITH LUTHERAN CH,U.S. Senate,,DEM,Mark S. Wheeler II,72
Madison,0067 MADISON COMM CTR,U.S. Senate,,DEM,Dakarai Larriett,167
Madison,0067 MADISON COMM CTR,U.S. Senate,,DEM,Everett Wess,140
Madison,0067 MADISON COMM CTR,U.S. Senate,,DEM,Kyle Sweetser,64
Madison,0067 MADISON COMM CTR,U.S. Senate,,DEM,Mark S. Wheeler II,93
Madison,0068 ASBURY CHURCH,U.S. Senate,,DEM,Dakarai Larriett,162
Madison,0068 ASBURY CHURCH,U.S. Senate,,DEM,Everett Wess,134
Madison,0068 ASBURY CHURCH,U.S. Senate,,DEM,Kyle Sweetser,85
Madison,0068 ASBURY CHURCH,U.S. Senate,,DEM,Mark S. Wheeler II,85
Madison,0069 RESTORATION CHURCH,U.S. Senate,,DEM,Dakarai Larriett,184
Madison,0069 RESTORATION CHURCH,U.S. Senate,,DEM,Everett Wess,132
Madison,0069 RESTORATION CHURCH,U.S. Senate,,DEM,Kyle Sweetser,67
Madison,0069 RESTORATION CHURCH,U.S. Senate,,DEM,Mark S. Wheeler II,76
Madison,0070 MONROVIA COMM CTR,U.S. Senate,,DEM,Dakarai Larriett,251
Madison,0070 MONROVIA COMM CTR,U.S. Senate,,DEM,Everett Wess,267
Madison,0070 MONROVIA COMM CTR,U.S. Senate,,DEM,Kyle Sweetser,82
Madison,0070 MONROVIA COMM CTR,U.S. Senate,,DEM,Mark S. Wheeler II,116
Madison,0071 MOVEMENT CHURCH,U.S. Senate,,DEM,Dakarai Larriett,93
Madison,0071 MOVEMENT CHURCH,U.S. Senate,,DEM,Everett Wess,70
Madison,0071 MOVEMENT CHURCH,U.S. Senate,,DEM,Kyle Sweetser,40
Madison,0071 MOVEMENT CHURCH,U.S. Senate,,DEM,Mark S. Wheeler II,58
Madison,0072 INDIAN CREEK BAPT CH,U.S. Senate,,DEM,Dakarai Larriett,233
Madison,0072 INDIAN CREEK BAPT CH,U.S. Senate,,DEM,Everett Wess,278
Madison,0072 INDIAN CREEK BAPT CH,U.S. Senate,,DEM,Kyle Sweetser,74
Madison,0072 INDIAN CREEK BAPT CH,U.S. Senate,,DEM,Mark S. Wheeler II,118
Madison,0073 CROSS RD COMM CTR,U.S. Senate,,DEM,Dakarai Larriett,90
Madison,0073 CROSS RD COMM CTR,U.S. Senate,,DEM,Everett Wess,60
Madison,0073 CROSS RD COMM CTR,U.S. Senate,,DEM,Kyle Sweetser,28
Madison,0073 CROSS RD COMM CTR,U.S. Senate,,DEM,Mark S. Wheeler II,56
Madison,0074 PROVIDENCE BAPT CH,U.S. Senate,,DEM,Dakarai Larriett,193
Madison,0074 PROVIDENCE BAPT CH,U.S. Senate,,DEM,Everett Wess,191
Madison,0074 PROVIDENCE BAPT CH,U.S. Senate,,DEM,Kyle Sweetser,58
Madison,0074 PROVIDENCE BAPT CH,U.S. Senate,,DEM,Mark S. Wheeler II,86
Madison,0075 WALL HWY BAPT CH,U.S. Senate,,DEM,Dakarai Larriett,154
Madison,0075 WALL HWY BAPT CH,U.S. Senate,,DEM,Everett Wess,84
Madison,0075 WALL HWY BAPT CH,U.S. Senate,,DEM,Kyle Sweetser,40
Madison,0075 WALL HWY BAPT CH,U.S. Senate,,DEM,Mark S. Wheeler II,68
Madison,0076 HOPE CHURCH,U.S. Senate,,DEM,Dakarai Larriett,211
Madison,0076 HOPE CHURCH,U.S. Senate,,DEM,Everett Wess,199
Madison,0076 HOPE CHURCH,U.S. Senate,,DEM,Kyle Sweetser,72
Madison,0076 HOPE CHURCH,U.S. Senate,,DEM,Mark S. Wheeler II,93
Madison,0077 DAYSTAR CHURCH,U.S. Senate,,DEM,Dakarai Larriett,327
Madison,0077 DAYSTAR CHURCH,U.S. Senate,,DEM,Everett Wess,241
Madison,0077 DAYSTAR CHURCH,U.S. Senate,,DEM,Kyle Sweetser,102
Madison,0077 DAYSTAR CHURCH,U.S. Senate,,DEM,Mark S. Wheeler II,135
Madison,0078 CH OF JESUS CHR LDS,U.S. Senate,,DEM,Dakarai Larriett,194
Madison,0078 CH OF JESUS CHR LDS,U.S. Senate,,DEM,Everett Wess,87
Madison,0078 CH OF JESUS CHR LDS,U.S. Senate,,DEM,Kyle Sweetser,66
Madison,0078 CH OF JESUS CHR LDS,U.S. Senate,,DEM,Mark S. Wheeler II,108
Madison,0079 OCR CHURCH OF CHRIST,U.S. Senate,,DEM,Dakarai Larriett,45
Madison,0079 OCR CHURCH OF CHRIST,U.S. Senate,,DEM,Everett Wess,31
Madison,0079 OCR CHURCH OF CHRIST,U.S. Senate,,DEM,Kyle Sweetser,22
Madison,0079 OCR CHURCH OF CHRIST,U.S. Senate,,DEM,Mark S. Wheeler II,30
Madison,0080 ABSENTEE 1,U.S. Senate,,DEM,Dakarai Larriett,220
Madison,0080 ABSENTEE 1,U.S. Senate,,DEM,Everett Wess,175
Madison,0080 ABSENTEE 1,U.S. Senate,,DEM,Kyle Sweetser,116
Madison,0080 ABSENTEE 1,U.S. Senate,,DEM,Mark S. Wheeler II,133
Madison,0081 PROVISIONAL,U.S. Senate,,DEM,Dakarai Larriett,29
Madison,0081 PROVISIONAL,U.S. Senate,,DEM,Everett Wess,19
Madison,0081 PROVISIONAL,U.S. Senate,,DEM,Kyle Sweetser,11
Madison,0081 PROVISIONAL,U.S. Senate,,DEM,Mark S. Wheeler II,12
Madison,0001 AL A&M ELMORE GYM,Attorney General,,REP,Jay Mitchell,9
Madison,0001 AL A&M ELMORE GYM,Attorney General,,REP,Katherine Robertson,14
Madison,0001 AL A&M ELMORE GYM,Attorney General,,REP,Pamela L. Casey,8
Madison,0002 LINCOLN CH OF CHRIST,Attorney General,,REP,Jay Mitchell,9
Madison,0002 LINCOLN CH OF CHRIST,Attorney General,,REP,Katherine Robertson,9
Madison,0002 LINCOLN CH OF CHRIST,Attorney General,,REP,Pamela L. Casey,5
Madison,0003 JACKSON WAY BAPT CH,Attorney General,,REP,Jay Mitchell,58
Madison,0003 JACKSON WAY BAPT CH,Attorney General,,REP,Katherine Robertson,107
Madison,0003 JACKSON WAY BAPT CH,Attorney General,,REP,Pamela L. Casey,65
Madison,0004 FIRST BAPT CH,Attorney General,,REP,Jay Mitchell,149
Madison,0004 FIRST BAPT CH,Attorney General,,REP,Katherine Robertson,256
Madison,0004 FIRST BAPT CH,Attorney General,,REP,Pamela L. Casey,105
Madison,0005 OPTIMIST PRK REC CTR,Attorney General,,REP,Jay Mitchell,104
Madison,0005 OPTIMIST PRK REC CTR,Attorney General,,REP,Katherine Robertson,168
Madison,0005 OPTIMIST PRK REC CTR,Attorney General,,REP,Pamela L. Casey,105
Madison,0006 HOPE VALLEY BIBLE CH,Attorney General,,REP,Jay Mitchell,100
Madison,0006 HOPE VALLEY BIBLE CH,Attorney General,,REP,Katherine Robertson,97
Madison,0006 HOPE VALLEY BIBLE CH,Attorney General,,REP,Pamela L. Casey,46
Madison,0007 CHASE PARK CH OF CHR,Attorney General,,REP,Jay Mitchell,250
Madison,0007 CHASE PARK CH OF CHR,Attorney General,,REP,Katherine Robertson,389
Madison,0007 CHASE PARK CH OF CHR,Attorney General,,REP,Pamela L. Casey,195
Madison,0008 CORNERSTONE PRESB,Attorney General,,REP,Jay Mitchell,82
Madison,0008 CORNERSTONE PRESB,Attorney General,,REP,Katherine Robertson,197
Madison,0008 CORNERSTONE PRESB,Attorney General,,REP,Pamela L. Casey,79
Madison,0009 CHURCH ON THE HILL,Attorney General,,REP,Jay Mitchell,36
Madison,0009 CHURCH ON THE HILL,Attorney General,,REP,Katherine Robertson,34
Madison,0009 CHURCH ON THE HILL,Attorney General,,REP,Pamela L. Casey,25
Madison,0010 MONTE SANO UMC,Attorney General,,REP,Jay Mitchell,60
Madison,0010 MONTE SANO UMC,Attorney General,,REP,Katherine Robertson,76
Madison,0010 MONTE SANO UMC,Attorney General,,REP,Pamela L. Casey,44
Madison,0011 COVE CHURCH,Attorney General,,REP,Jay Mitchell,346
Madison,0011 COVE CHURCH,Attorney General,,REP,Katherine Robertson,506
Madison,0011 COVE CHURCH,Attorney General,,REP,Pamela L. Casey,201
Madison,0012 HAMPTON COVE C OF CHR,Attorney General,,REP,Jay Mitchell,191
Madison,0012 HAMPTON COVE C OF CHR,Attorney General,,REP,Katherine Robertson,304
Madison,0012 HAMPTON COVE C OF CHR,Attorney General,,REP,Pamela L. Casey,158
Madison,0013 COVENANT PRESB CH,Attorney General,,REP,Jay Mitchell,192
Madison,0013 COVENANT PRESB CH,Attorney General,,REP,Katherine Robertson,332
Madison,0013 COVENANT PRESB CH,Attorney General,,REP,Pamela L. Casey,134
Madison,0014 SOUTHWOOD PRESB,Attorney General,,REP,Jay Mitchell,179
Madison,0014 SOUTHWOOD PRESB,Attorney General,,REP,Katherine Robertson,305
Madison,0014 SOUTHWOOD PRESB,Attorney General,,REP,Pamela L. Casey,109
Madison,0015 WILLOWBROOK BAPT CH,Attorney General,,REP,Jay Mitchell,313
Madison,0015 WILLOWBROOK BAPT CH,Attorney General,,REP,Katherine Robertson,437
Madison,0015 WILLOWBROOK BAPT CH,Attorney General,,REP,Pamela L. Casey,277
Madison,0016 WESTSIDE COMM CTR,Attorney General,,REP,Jay Mitchell,1
Madison,0016 WESTSIDE COMM CTR,Attorney General,,REP,Katherine Robertson,2
Madison,0016 WESTSIDE COMM CTR,Attorney General,,REP,Pamela L. Casey,1
Madison,0017 TRINITY UMC,Attorney General,,REP,Jay Mitchell,72
Madison,0017 TRINITY UMC,Attorney General,,REP,Katherine Robertson,144
Madison,0017 TRINITY UMC,Attorney General,,REP,Pamela L. Casey,66
Madison,0018 WHITESBURG BAPT CH,Attorney General,,REP,Jay Mitchell,203
Madison,0018 WHITESBURG BAPT CH,Attorney General,,REP,Katherine Robertson,361
Madison,0018 WHITESBURG BAPT CH,Attorney General,,REP,Pamela L. Casey,144
Madison,0019 WEATHERLY HGTS BAPT,Attorney General,,REP,Jay Mitchell,186
Madison,0019 WEATHERLY HGTS BAPT,Attorney General,,REP,Katherine Robertson,356
Madison,0019 WEATHERLY HGTS BAPT,Attorney General,,REP,Pamela L. Casey,178
Madison,0020 ALDERSGATE UMC,Attorney General,,REP,Jay Mitchell,211
Madison,0020 ALDERSGATE UMC,Attorney General,,REP,Katherine Robertson,377
Madison,0020 ALDERSGATE UMC,Attorney General,,REP,Pamela L. Casey,211
Madison,0021 FARLEY COMM CH,Attorney General,,REP,Jay Mitchell,232
Madison,0021 FARLEY COMM CH,Attorney General,,REP,Katherine Robertson,277
Madison,0021 FARLEY COMM CH,Attorney General,,REP,Pamela L. Casey,148
Madison,0022 HILLWOOD BAPT CH,Attorney General,,REP,Jay Mitchell,153
Madison,0022 HILLWOOD BAPT CH,Attorney General,,REP,Katherine Robertson,239
Madison,0022 HILLWOOD BAPT CH,Attorney General,,REP,Pamela L. Casey,164
Madison,0023 COMM FELLOWSHIP,Attorney General,,REP,Jay Mitchell,187
Madison,0023 COMM FELLOWSHIP,Attorney General,,REP,Katherine Robertson,307
Madison,0023 COMM FELLOWSHIP,Attorney General,,REP,Pamela L. Casey,147
Madison,0024 OAKWOOD UNIVERSITY CH,Attorney General,,REP,Jay Mitchell,35
Madison,0024 OAKWOOD UNIVERSITY CH,Attorney General,,REP,Katherine Robertson,53
Madison,0024 OAKWOOD UNIVERSITY CH,Attorney General,,REP,Pamela L. Casey,30
Madison,0025 CLUBHOUSE ON GREEN MT,Attorney General,,REP,Jay Mitchell,88
Madison,0025 CLUBHOUSE ON GREEN MT,Attorney General,,REP,Katherine Robertson,129
Madison,0025 CLUBHOUSE ON GREEN MT,Attorney General,,REP,Pamela L. Casey,69
Madison,0026 ST MATTHEWS PB CH,Attorney General,,REP,Jay Mitchell,15
Madison,0026 ST MATTHEWS PB CH,Attorney General,,REP,Katherine Robertson,34
Madison,0026 ST MATTHEWS PB CH,Attorney General,,REP,Pamela L. Casey,15
Madison,0027 FIRST MISSIONARY BAPT,Attorney General,,REP,Jay Mitchell,11
Madison,0027 FIRST MISSIONARY BAPT,Attorney General,,REP,Katherine Robertson,16
Madison,0027 FIRST MISSIONARY BAPT,Attorney General,,REP,Pamela L. Casey,10
Madison,0028 DR RICHARD SHOWERS CTR,Attorney General,,REP,Jay Mitchell,5
Madison,0028 DR RICHARD SHOWERS CTR,Attorney General,,REP,Katherine Robertson,10
Madison,0028 DR RICHARD SHOWERS CTR,Attorney General,,REP,Pamela L. Casey,6
Madison,0029 HOUSE OF HOPE & REST,Attorney General,,REP,Jay Mitchell,5
Madison,0029 HOUSE OF HOPE & REST,Attorney General,,REP,Katherine Robertson,23
Madison,0029 HOUSE OF HOPE & REST,Attorney General,,REP,Pamela L. Casey,18
Madison,0030 BOB HARRISON SR CTR,Attorney General,,REP,Jay Mitchell,23
Madison,0030 BOB HARRISON SR CTR,Attorney General,,REP,Katherine Robertson,32
Madison,0030 BOB HARRISON SR CTR,Attorney General,,REP,Pamela L. Casey,17
Madison,0031 CALVARY HILL COMM CTR,Attorney General,,REP,Jay Mitchell,23
Madison,0031 CALVARY HILL COMM CTR,Attorney General,,REP,Katherine Robertson,31
Madison,0031 CALVARY HILL COMM CTR,Attorney General,,REP,Pamela L. Casey,21
Madison,0032 LEWIS CHAPEL C P CH,Attorney General,,REP,Jay Mitchell,6
Madison,0032 LEWIS CHAPEL C P CH,Attorney General,,REP,Katherine Robertson,4
Madison,0032 LEWIS CHAPEL C P CH,Attorney General,,REP,Pamela L. Casey,4
Madison,0033 LAKEWOOD COMM CTR,Attorney General,,REP,Jay Mitchell,10
Madison,0033 LAKEWOOD COMM CTR,Attorney General,,REP,Katherine Robertson,21
Madison,0033 LAKEWOOD COMM CTR,Attorney General,,REP,Pamela L. Casey,9
Madison,0034 WEST HUNTSVILLE BAPT,Attorney General,,REP,Jay Mitchell,14
Madison,0034 WEST HUNTSVILLE BAPT,Attorney General,,REP,Katherine Robertson,14
Madison,0034 WEST HUNTSVILLE BAPT,Attorney General,,REP,Pamela L. Casey,15
Madison,0035 ST PAUL UMC,Attorney General,,REP,Jay Mitchell,63
Madison,0035 ST PAUL UMC,Attorney General,,REP,Katherine Robertson,88
Madison,0035 ST PAUL UMC,Attorney General,,REP,Pamela L. Casey,71
Madison,0036 ST LUKE CHRISTIAN CH,Attorney General,,REP,Jay Mitchell,20
Madison,0036 ST LUKE CHRISTIAN CH,Attorney General,,REP,Katherine Robertson,23
Madison,0036 ST LUKE CHRISTIAN CH,Attorney General,,REP,Pamela L. Casey,36
Madison,0037 W HUNTSVILLE C OF CHR,Attorney General,,REP,Jay Mitchell,67
Madison,0037 W HUNTSVILLE C OF CHR,Attorney General,,REP,Katherine Robertson,107
Madison,0037 W HUNTSVILLE C OF CHR,Attorney General,,REP,Pamela L. Casey,62
Madison,0038 TOWN WELLNESS CTR,Attorney General,,REP,Jay Mitchell,105
Madison,0038 TOWN WELLNESS CTR,Attorney General,,REP,Katherine Robertson,137
Madison,0038 TOWN WELLNESS CTR,Attorney General,,REP,Pamela L. Casey,75
Madison,0039 SHERWOOD BAPT CH,Attorney General,,REP,Jay Mitchell,55
Madison,0039 SHERWOOD BAPT CH,Attorney General,,REP,Katherine Robertson,69
Madison,0039 SHERWOOD BAPT CH,Attorney General,,REP,Pamela L. Casey,36
Madison,0040 NEW MARKET REC CTR,Attorney General,,REP,Jay Mitchell,72
Madison,0040 NEW MARKET REC CTR,Attorney General,,REP,Katherine Robertson,116
Madison,0040 NEW MARKET REC CTR,Attorney General,,REP,Pamela L. Casey,58
Madison,0041 MAYSVILLE C OF CHR,Attorney General,,REP,Jay Mitchell,197
Madison,0041 MAYSVILLE C OF CHR,Attorney General,,REP,Katherine Robertson,287
Madison,0041 MAYSVILLE C OF CHR,Attorney General,,REP,Pamela L. Casey,145
Madison,0042 LITTLE INDIAN CREEK,Attorney General,,REP,Jay Mitchell,147
Madison,0042 LITTLE INDIAN CREEK,Attorney General,,REP,Katherine Robertson,184
Madison,0042 LITTLE INDIAN CREEK,Attorney General,,REP,Pamela L. Casey,142
Madison,0043 TRIANA CITY HALL,Attorney General,,REP,Jay Mitchell,67
Madison,0043 TRIANA CITY HALL,Attorney General,,REP,Katherine Robertson,56
Madison,0043 TRIANA CITY HALL,Attorney General,,REP,Pamela L. Casey,50
Madison,0044 RIVERTREE CH,Attorney General,,REP,Jay Mitchell,351
Madison,0044 RIVERTREE CH,Attorney General,,REP,Katherine Robertson,418
Madison,0044 RIVERTREE CH,Attorney General,,REP,Pamela L. Casey,271
Madison,0045 GURLEY SENIOR CTR,Attorney General,,REP,Jay Mitchell,103
Madison,0045 GURLEY SENIOR CTR,Attorney General,,REP,Katherine Robertson,120
Madison,0045 GURLEY SENIOR CTR,Attorney General,,REP,Pamela L. Casey,59
Madison,0046 MISSION 7TH DAY ADV,Attorney General,,REP,Jay Mitchell,117
Madison,0046 MISSION 7TH DAY ADV,Attorney General,,REP,Katherine Robertson,129
Madison,0046 MISSION 7TH DAY ADV,Attorney General,,REP,Pamela L. Casey,102
Madison,0047 PINEVIEW BAPT CH,Attorney General,,REP,Jay Mitchell,75
Madison,0047 PINEVIEW BAPT CH,Attorney General,,REP,Katherine Robertson,83
Madison,0047 PINEVIEW BAPT CH,Attorney General,,REP,Pamela L. Casey,60
Madison,0048 TONEY CHURCH,Attorney General,,REP,Jay Mitchell,129
Madison,0048 TONEY CHURCH,Attorney General,,REP,Katherine Robertson,157
Madison,0048 TONEY CHURCH,Attorney General,,REP,Pamela L. Casey,122
Madison,0049 MARY K JOHNSTON GYM,Attorney General,,REP,Jay Mitchell,49
Madison,0049 MARY K JOHNSTON GYM,Attorney General,,REP,Katherine Robertson,111
Madison,0049 MARY K JOHNSTON GYM,Attorney General,,REP,Pamela L. Casey,43
Madison,0050 PLAINVIEW CH OF CHR,Attorney General,,REP,Jay Mitchell,145
Madison,0050 PLAINVIEW CH OF CHR,Attorney General,,REP,Katherine Robertson,181
Madison,0050 PLAINVIEW CH OF CHR,Attorney General,,REP,Pamela L. Casey,81
Madison,0051 NEW HOPE CITY HALL,Attorney General,,REP,Jay Mitchell,134
Madison,0051 NEW HOPE CITY HALL,Attorney General,,REP,Katherine Robertson,239
Madison,0051 NEW HOPE CITY HALL,Attorney General,,REP,Pamela L. Casey,109
Madison,0052 MADISON PUBLIC LIBR,Attorney General,,REP,Jay Mitchell,89
Madison,0052 MADISON PUBLIC LIBR,Attorney General,,REP,Katherine Robertson,140
Madison,0052 MADISON PUBLIC LIBR,Attorney General,,REP,Pamela L. Casey,91
Madison,0053 PINE GROVE MISSION,Attorney General,,REP,Jay Mitchell,125
Madison,0053 PINE GROVE MISSION,Attorney General,,REP,Katherine Robertson,124
Madison,0053 PINE GROVE MISSION,Attorney General,,REP,Pamela L. Casey,103
Madison,0054 MADISON CITY HALL,Attorney General,,REP,Jay Mitchell,123
Madison,0054 MADISON CITY HALL,Attorney General,,REP,Katherine Robertson,179
Madison,0054 MADISON CITY HALL,Attorney General,,REP,Pamela L. Casey,142
Madison,0055 LOCUST GROVE BAPT CH,Attorney General,,REP,Jay Mitchell,138
Madison,0055 LOCUST GROVE BAPT CH,Attorney General,,REP,Katherine Robertson,166
Madison,0055 LOCUST GROVE BAPT CH,Attorney General,,REP,Pamela L. Casey,106
Madison,0056 NEW MARKET VOL FIRE,Attorney General,,REP,Jay Mitchell,59
Madison,0056 NEW MARKET VOL FIRE,Attorney General,,REP,Katherine Robertson,52
Madison,0056 NEW MARKET VOL FIRE,Attorney General,,REP,Pamela L. Casey,24
Madison,0057 OWENS CROSS ROADS CT,Attorney General,,REP,Jay Mitchell,131
Madison,0057 OWENS CROSS ROADS CT,Attorney General,,REP,Katherine Robertson,165
Madison,0057 OWENS CROSS ROADS CT,Attorney General,,REP,Pamela L. Casey,80
Madison,0058 FIRST BAPT CH MER,Attorney General,,REP,Jay Mitchell,65
Madison,0058 FIRST BAPT CH MER,Attorney General,,REP,Katherine Robertson,104
Madison,0058 FIRST BAPT CH MER,Attorney General,,REP,Pamela L. Casey,58
Madison,0059 BROWNSBORO BAPT CH,Attorney General,,REP,Jay Mitchell,109
Madison,0059 BROWNSBORO BAPT CH,Attorney General,,REP,Katherine Robertson,180
Madison,0059 BROWNSBORO BAPT CH,Attorney General,,REP,Pamela L. Casey,87
Madison,0060 MONROVIA CH OF CHR,Attorney General,,REP,Jay Mitchell,132
Madison,0060 MONROVIA CH OF CHR,Attorney General,,REP,Katherine Robertson,196
Madison,0060 MONROVIA CH OF CHR,Attorney General,,REP,Pamela L. Casey,113
Madison,0061 CO COMMISSION DIST 1,Attorney General,,REP,Jay Mitchell,96
Madison,0061 CO COMMISSION DIST 1,Attorney General,,REP,Katherine Robertson,165
Madison,0061 CO COMMISSION DIST 1,Attorney General,,REP,Pamela L. Casey,75
Madison,0062 BOBO VFD,Attorney General,,REP,Jay Mitchell,101
Madison,0062 BOBO VFD,Attorney General,,REP,Katherine Robertson,116
Madison,0062 BOBO VFD,Attorney General,,REP,Pamela L. Casey,73
Madison,0063 MERDIANVILLE C OF CHR,Attorney General,,REP,Jay Mitchell,208
Madison,0063 MERDIANVILLE C OF CHR,Attorney General,,REP,Katherine Robertson,353
Madison,0063 MERDIANVILLE C OF CHR,Attorney General,,REP,Pamela L. Casey,151
Madison,0064 MT ZION BAPT CH,Attorney General,,REP,Jay Mitchell,220
Madison,0064 MT ZION BAPT CH,Attorney General,,REP,Katherine Robertson,252
Madison,0064 MT ZION BAPT CH,Attorney General,,REP,Pamela L. Casey,191
Madison,0065 HAROLD HARBIN GYM,Attorney General,,REP,Jay Mitchell,86
Madison,0065 HAROLD HARBIN GYM,Attorney General,,REP,Katherine Robertson,175
Madison,0065 HAROLD HARBIN GYM,Attorney General,,REP,Pamela L. Casey,90
Madison,0066 FAITH LUTHERAN CH,Attorney General,,REP,Jay Mitchell,130
Madison,0066 FAITH LUTHERAN CH,Attorney General,,REP,Katherine Robertson,173
Madison,0066 FAITH LUTHERAN CH,Attorney General,,REP,Pamela L. Casey,126
Madison,0067 MADISON COMM CTR,Attorney General,,REP,Jay Mitchell,121
Madison,0067 MADISON COMM CTR,Attorney General,,REP,Katherine Robertson,205
Madison,0067 MADISON COMM CTR,Attorney General,,REP,Pamela L. Casey,127
Madison,0068 ASBURY CHURCH,Attorney General,,REP,Jay Mitchell,265
Madison,0068 ASBURY CHURCH,Attorney General,,REP,Katherine Robertson,339
Madison,0068 ASBURY CHURCH,Attorney General,,REP,Pamela L. Casey,253
Madison,0069 RESTORATION CHURCH,Attorney General,,REP,Jay Mitchell,159
Madison,0069 RESTORATION CHURCH,Attorney General,,REP,Katherine Robertson,248
Madison,0069 RESTORATION CHURCH,Attorney General,,REP,Pamela L. Casey,144
Madison,0070 MONROVIA COMM CTR,Attorney General,,REP,Jay Mitchell,155
Madison,0070 MONROVIA COMM CTR,Attorney General,,REP,Katherine Robertson,174
Madison,0070 MONROVIA COMM CTR,Attorney General,,REP,Pamela L. Casey,132
Madison,0071 MOVEMENT CHURCH,Attorney General,,REP,Jay Mitchell,70
Madison,0071 MOVEMENT CHURCH,Attorney General,,REP,Katherine Robertson,72
Madison,0071 MOVEMENT CHURCH,Attorney General,,REP,Pamela L. Casey,53
Madison,0072 INDIAN CREEK BAPT CH,Attorney General,,REP,Jay Mitchell,144
Madison,0072 INDIAN CREEK BAPT CH,Attorney General,,REP,Katherine Robertson,222
Madison,0072 INDIAN CREEK BAPT CH,Attorney General,,REP,Pamela L. Casey,140
Madison,0073 CROSS RD COMM CTR,Attorney General,,REP,Jay Mitchell,108
Madison,0073 CROSS RD COMM CTR,Attorney General,,REP,Katherine Robertson,182
Madison,0073 CROSS RD COMM CTR,Attorney General,,REP,Pamela L. Casey,91
Madison,0074 PROVIDENCE BAPT CH,Attorney General,,REP,Jay Mitchell,113
Madison,0074 PROVIDENCE BAPT CH,Attorney General,,REP,Katherine Robertson,130
Madison,0074 PROVIDENCE BAPT CH,Attorney General,,REP,Pamela L. Casey,79
Madison,0075 WALL HWY BAPT CH,Attorney General,,REP,Jay Mitchell,53
Madison,0075 WALL HWY BAPT CH,Attorney General,,REP,Katherine Robertson,91
Madison,0075 WALL HWY BAPT CH,Attorney General,,REP,Pamela L. Casey,48
Madison,0076 HOPE CHURCH,Attorney General,,REP,Jay Mitchell,66
Madison,0076 HOPE CHURCH,Attorney General,,REP,Katherine Robertson,103
Madison,0076 HOPE CHURCH,Attorney General,,REP,Pamela L. Casey,83
Madison,0077 DAYSTAR CHURCH,Attorney General,,REP,Jay Mitchell,169
Madison,0077 DAYSTAR CHURCH,Attorney General,,REP,Katherine Robertson,190
Madison,0077 DAYSTAR CHURCH,Attorney General,,REP,Pamela L. Casey,116
Madison,0078 CH OF JESUS CHR LDS,Attorney General,,REP,Jay Mitchell,82
Madison,0078 CH OF JESUS CHR LDS,Attorney General,,REP,Katherine Robertson,88
Madison,0078 CH OF JESUS CHR LDS,Attorney General,,REP,Pamela L. Casey,75
Madison,0079 OCR CHURCH OF CHRIST,Attorney General,,REP,Jay Mitchell,103
Madison,0079 OCR CHURCH OF CHRIST,Attorney General,,REP,Katherine Robertson,123
Madison,0079 OCR CHURCH OF CHRIST,Attorney General,,REP,Pamela L. Casey,76
Madison,0080 ABSENTEE 1,Attorney General,,REP,Jay Mitchell,220
Madison,0080 ABSENTEE 1,Attorney General,,REP,Katherine Robertson,261
Madison,0080 ABSENTEE 1,Attorney General,,REP,Pamela L. Casey,144
Madison,0081 PROVISIONAL,Attorney General,,REP,Jay Mitchell,12
Madison,0081 PROVISIONAL,Attorney General,,REP,Katherine Robertson,12
Madison,0081 PROVISIONAL,Attorney General,,REP,Pamela L. Casey,7
Madison,0001 AL A&M ELMORE GYM,Secretary of State,,REP,Caroleene Dobson,13
Madison,0001 AL A&M ELMORE GYM,Secretary of State,,REP,Christopher Christian Horn,8
Madison,0001 AL A&M ELMORE GYM,Secretary of State,,REP,Glenda S. Jackson,9
Madison,0002 LINCOLN CH OF CHRIST,Secretary of State,,REP,Caroleene Dobson,7
Madison,0002 LINCOLN CH OF CHRIST,Secretary of State,,REP,Christopher Christian Horn,9
Madison,0002 LINCOLN CH OF CHRIST,Secretary of State,,REP,Glenda S. Jackson,6
Madison,0003 JACKSON WAY BAPT CH,Secretary of State,,REP,Caroleene Dobson,115
Madison,0003 JACKSON WAY BAPT CH,Secretary of State,,REP,Christopher Christian Horn,56
Madison,0003 JACKSON WAY BAPT CH,Secretary of State,,REP,Glenda S. Jackson,44
Madison,0004 FIRST BAPT CH,Secretary of State,,REP,Caroleene Dobson,298
Madison,0004 FIRST BAPT CH,Secretary of State,,REP,Christopher Christian Horn,98
Madison,0004 FIRST BAPT CH,Secretary of State,,REP,Glenda S. Jackson,47
Madison,0005 OPTIMIST PRK REC CTR,Secretary of State,,REP,Caroleene Dobson,227
Madison,0005 OPTIMIST PRK REC CTR,Secretary of State,,REP,Christopher Christian Horn,81
Madison,0005 OPTIMIST PRK REC CTR,Secretary of State,,REP,Glenda S. Jackson,48
Madison,0006 HOPE VALLEY BIBLE CH,Secretary of State,,REP,Caroleene Dobson,137
Madison,0006 HOPE VALLEY BIBLE CH,Secretary of State,,REP,Christopher Christian Horn,58
Madison,0006 HOPE VALLEY BIBLE CH,Secretary of State,,REP,Glenda S. Jackson,31
Madison,0007 CHASE PARK CH OF CHR,Secretary of State,,REP,Caroleene Dobson,512
Madison,0007 CHASE PARK CH OF CHR,Secretary of State,,REP,Christopher Christian Horn,175
Madison,0007 CHASE PARK CH OF CHR,Secretary of State,,REP,Glenda S. Jackson,98
Madison,0008 CORNERSTONE PRESB,Secretary of State,,REP,Caroleene Dobson,223
Madison,0008 CORNERSTONE PRESB,Secretary of State,,REP,Christopher Christian Horn,62
Madison,0008 CORNERSTONE PRESB,Secretary of State,,REP,Glenda S. Jackson,41
Madison,0009 CHURCH ON THE HILL,Secretary of State,,REP,Caroleene Dobson,42
Madison,0009 CHURCH ON THE HILL,Secretary of State,,REP,Christopher Christian Horn,35
Madison,0009 CHURCH ON THE HILL,Secretary of State,,REP,Glenda S. Jackson,15
Madison,0010 MONTE SANO UMC,Secretary of State,,REP,Caroleene Dobson,108
Madison,0010 MONTE SANO UMC,Secretary of State,,REP,Christopher Christian Horn,41
Madison,0010 MONTE SANO UMC,Secretary of State,,REP,Glenda S. Jackson,23
Madison,0011 COVE CHURCH,Secretary of State,,REP,Caroleene Dobson,625
Madison,0011 COVE CHURCH,Secretary of State,,REP,Christopher Christian Horn,202
Madison,0011 COVE CHURCH,Secretary of State,,REP,Glenda S. Jackson,115
Madison,0012 HAMPTON COVE C OF CHR,Secretary of State,,REP,Caroleene Dobson,404
Madison,0012 HAMPTON COVE C OF CHR,Secretary of State,,REP,Christopher Christian Horn,132
Madison,0012 HAMPTON COVE C OF CHR,Secretary of State,,REP,Glenda S. Jackson,75
Madison,0013 COVENANT PRESB CH,Secretary of State,,REP,Caroleene Dobson,399
Madison,0013 COVENANT PRESB CH,Secretary of State,,REP,Christopher Christian Horn,149
Madison,0013 COVENANT PRESB CH,Secretary of State,,REP,Glenda S. Jackson,63
Madison,0014 SOUTHWOOD PRESB,Secretary of State,,REP,Caroleene Dobson,342
Madison,0014 SOUTHWOOD PRESB,Secretary of State,,REP,Christopher Christian Horn,111
Madison,0014 SOUTHWOOD PRESB,Secretary of State,,REP,Glenda S. Jackson,76
Madison,0015 WILLOWBROOK BAPT CH,Secretary of State,,REP,Caroleene Dobson,599
Madison,0015 WILLOWBROOK BAPT CH,Secretary of State,,REP,Christopher Christian Horn,208
Madison,0015 WILLOWBROOK BAPT CH,Secretary of State,,REP,Glenda S. Jackson,131
Madison,0016 WESTSIDE COMM CTR,Secretary of State,,REP,Caroleene Dobson,4
Madison,0016 WESTSIDE COMM CTR,Secretary of State,,REP,Christopher Christian Horn,0
Madison,0016 WESTSIDE COMM CTR,Secretary of State,,REP,Glenda S. Jackson,0
Madison,0017 TRINITY UMC,Secretary of State,,REP,Caroleene Dobson,169
Madison,0017 TRINITY UMC,Secretary of State,,REP,Christopher Christian Horn,60
Madison,0017 TRINITY UMC,Secretary of State,,REP,Glenda S. Jackson,36
Madison,0018 WHITESBURG BAPT CH,Secretary of State,,REP,Caroleene Dobson,434
Madison,0018 WHITESBURG BAPT CH,Secretary of State,,REP,Christopher Christian Horn,142
Madison,0018 WHITESBURG BAPT CH,Secretary of State,,REP,Glenda S. Jackson,86
Madison,0019 WEATHERLY HGTS BAPT,Secretary of State,,REP,Caroleene Dobson,393
Madison,0019 WEATHERLY HGTS BAPT,Secretary of State,,REP,Christopher Christian Horn,169
Madison,0019 WEATHERLY HGTS BAPT,Secretary of State,,REP,Glenda S. Jackson,106
Madison,0020 ALDERSGATE UMC,Secretary of State,,REP,Caroleene Dobson,453
Madison,0020 ALDERSGATE UMC,Secretary of State,,REP,Christopher Christian Horn,175
Madison,0020 ALDERSGATE UMC,Secretary of State,,REP,Glenda S. Jackson,108
Madison,0021 FARLEY COMM CH,Secretary of State,,REP,Caroleene Dobson,396
Madison,0021 FARLEY COMM CH,Secretary of State,,REP,Christopher Christian Horn,161
Madison,0021 FARLEY COMM CH,Secretary of State,,REP,Glenda S. Jackson,66
Madison,0022 HILLWOOD BAPT CH,Secretary of State,,REP,Caroleene Dobson,314
Madison,0022 HILLWOOD BAPT CH,Secretary of State,,REP,Christopher Christian Horn,116
Madison,0022 HILLWOOD BAPT CH,Secretary of State,,REP,Glenda S. Jackson,78
Madison,0023 COMM FELLOWSHIP,Secretary of State,,REP,Caroleene Dobson,403
Madison,0023 COMM FELLOWSHIP,Secretary of State,,REP,Christopher Christian Horn,118
Madison,0023 COMM FELLOWSHIP,Secretary of State,,REP,Glenda S. Jackson,83
Madison,0024 OAKWOOD UNIVERSITY CH,Secretary of State,,REP,Caroleene Dobson,69
Madison,0024 OAKWOOD UNIVERSITY CH,Secretary of State,,REP,Christopher Christian Horn,27
Madison,0024 OAKWOOD UNIVERSITY CH,Secretary of State,,REP,Glenda S. Jackson,17
Madison,0025 CLUBHOUSE ON GREEN MT,Secretary of State,,REP,Caroleene Dobson,174
Madison,0025 CLUBHOUSE ON GREEN MT,Secretary of State,,REP,Christopher Christian Horn,70
Madison,0025 CLUBHOUSE ON GREEN MT,Secretary of State,,REP,Glenda S. Jackson,25
Madison,0026 ST MATTHEWS PB CH,Secretary of State,,REP,Caroleene Dobson,39
Madison,0026 ST MATTHEWS PB CH,Secretary of State,,REP,Christopher Christian Horn,13
Madison,0026 ST MATTHEWS PB CH,Secretary of State,,REP,Glenda S. Jackson,3
Madison,0027 FIRST MISSIONARY BAPT,Secretary of State,,REP,Caroleene Dobson,19
Madison,0027 FIRST MISSIONARY BAPT,Secretary of State,,REP,Christopher Christian Horn,13
Madison,0027 FIRST MISSIONARY BAPT,Secretary of State,,REP,Glenda S. Jackson,5
Madison,0028 DR RICHARD SHOWERS CTR,Secretary of State,,REP,Caroleene Dobson,7
Madison,0028 DR RICHARD SHOWERS CTR,Secretary of State,,REP,Christopher Christian Horn,9
Madison,0028 DR RICHARD SHOWERS CTR,Secretary of State,,REP,Glenda S. Jackson,5
Madison,0029 HOUSE OF HOPE & REST,Secretary of State,,REP,Caroleene Dobson,26
Madison,0029 HOUSE OF HOPE & REST,Secretary of State,,REP,Christopher Christian Horn,14
Madison,0029 HOUSE OF HOPE & REST,Secretary of State,,REP,Glenda S. Jackson,3
Madison,0030 BOB HARRISON SR CTR,Secretary of State,,REP,Caroleene Dobson,42
Madison,0030 BOB HARRISON SR CTR,Secretary of State,,REP,Christopher Christian Horn,14
Madison,0030 BOB HARRISON SR CTR,Secretary of State,,REP,Glenda S. Jackson,12
Madison,0031 CALVARY HILL COMM CTR,Secretary of State,,REP,Caroleene Dobson,39
Madison,0031 CALVARY HILL COMM CTR,Secretary of State,,REP,Christopher Christian Horn,17
Madison,0031 CALVARY HILL COMM CTR,Secretary of State,,REP,Glenda S. Jackson,15
Madison,0032 LEWIS CHAPEL C P CH,Secretary of State,,REP,Caroleene Dobson,8
Madison,0032 LEWIS CHAPEL C P CH,Secretary of State,,REP,Christopher Christian Horn,3
Madison,0032 LEWIS CHAPEL C P CH,Secretary of State,,REP,Glenda S. Jackson,1
Madison,0033 LAKEWOOD COMM CTR,Secretary of State,,REP,Caroleene Dobson,19
Madison,0033 LAKEWOOD COMM CTR,Secretary of State,,REP,Christopher Christian Horn,13
Madison,0033 LAKEWOOD COMM CTR,Secretary of State,,REP,Glenda S. Jackson,5
Madison,0034 WEST HUNTSVILLE BAPT,Secretary of State,,REP,Caroleene Dobson,23
Madison,0034 WEST HUNTSVILLE BAPT,Secretary of State,,REP,Christopher Christian Horn,10
Madison,0034 WEST HUNTSVILLE BAPT,Secretary of State,,REP,Glenda S. Jackson,7
Madison,0035 ST PAUL UMC,Secretary of State,,REP,Caroleene Dobson,119
Madison,0035 ST PAUL UMC,Secretary of State,,REP,Christopher Christian Horn,57
Madison,0035 ST PAUL UMC,Secretary of State,,REP,Glenda S. Jackson,30
Madison,0036 ST LUKE CHRISTIAN CH,Secretary of State,,REP,Caroleene Dobson,41
Madison,0036 ST LUKE CHRISTIAN CH,Secretary of State,,REP,Christopher Christian Horn,21
Madison,0036 ST LUKE CHRISTIAN CH,Secretary of State,,REP,Glenda S. Jackson,15
Madison,0037 W HUNTSVILLE C OF CHR,Secretary of State,,REP,Caroleene Dobson,150
Madison,0037 W HUNTSVILLE C OF CHR,Secretary of State,,REP,Christopher Christian Horn,42
Madison,0037 W HUNTSVILLE C OF CHR,Secretary of State,,REP,Glenda S. Jackson,31
Madison,0038 TOWN WELLNESS CTR,Secretary of State,,REP,Caroleene Dobson,207
Madison,0038 TOWN WELLNESS CTR,Secretary of State,,REP,Christopher Christian Horn,71
Madison,0038 TOWN WELLNESS CTR,Secretary of State,,REP,Glenda S. Jackson,33
Madison,0039 SHERWOOD BAPT CH,Secretary of State,,REP,Caroleene Dobson,104
Madison,0039 SHERWOOD BAPT CH,Secretary of State,,REP,Christopher Christian Horn,38
Madison,0039 SHERWOOD BAPT CH,Secretary of State,,REP,Glenda S. Jackson,16
Madison,0040 NEW MARKET REC CTR,Secretary of State,,REP,Caroleene Dobson,160
Madison,0040 NEW MARKET REC CTR,Secretary of State,,REP,Christopher Christian Horn,43
Madison,0040 NEW MARKET REC CTR,Secretary of State,,REP,Glenda S. Jackson,25
Madison,0041 MAYSVILLE C OF CHR,Secretary of State,,REP,Caroleene Dobson,412
Madison,0041 MAYSVILLE C OF CHR,Secretary of State,,REP,Christopher Christian Horn,128
Madison,0041 MAYSVILLE C OF CHR,Secretary of State,,REP,Glenda S. Jackson,65
Madison,0042 LITTLE INDIAN CREEK,Secretary of State,,REP,Caroleene Dobson,321
Madison,0042 LITTLE INDIAN CREEK,Secretary of State,,REP,Christopher Christian Horn,90
Madison,0042 LITTLE INDIAN CREEK,Secretary of State,,REP,Glenda S. Jackson,48
Madison,0043 TRIANA CITY HALL,Secretary of State,,REP,Caroleene Dobson,89
Madison,0043 TRIANA CITY HALL,Secretary of State,,REP,Christopher Christian Horn,47
Madison,0043 TRIANA CITY HALL,Secretary of State,,REP,Glenda S. Jackson,25
Madison,0044 RIVERTREE CH,Secretary of State,,REP,Caroleene Dobson,617
Madison,0044 RIVERTREE CH,Secretary of State,,REP,Christopher Christian Horn,242
Madison,0044 RIVERTREE CH,Secretary of State,,REP,Glenda S. Jackson,119
Madison,0045 GURLEY SENIOR CTR,Secretary of State,,REP,Caroleene Dobson,180
Madison,0045 GURLEY SENIOR CTR,Secretary of State,,REP,Christopher Christian Horn,58
Madison,0045 GURLEY SENIOR CTR,Secretary of State,,REP,Glenda S. Jackson,28
Madison,0046 MISSION 7TH DAY ADV,Secretary of State,,REP,Caroleene Dobson,218
Madison,0046 MISSION 7TH DAY ADV,Secretary of State,,REP,Christopher Christian Horn,75
Madison,0046 MISSION 7TH DAY ADV,Secretary of State,,REP,Glenda S. Jackson,45
Madison,0047 PINEVIEW BAPT CH,Secretary of State,,REP,Caroleene Dobson,128
Madison,0047 PINEVIEW BAPT CH,Secretary of State,,REP,Christopher Christian Horn,49
Madison,0047 PINEVIEW BAPT CH,Secretary of State,,REP,Glenda S. Jackson,31
Madison,0048 TONEY CHURCH,Secretary of State,,REP,Caroleene Dobson,231
Madison,0048 TONEY CHURCH,Secretary of State,,REP,Christopher Christian Horn,114
Madison,0048 TONEY CHURCH,Secretary of State,,REP,Glenda S. Jackson,50
Madison,0049 MARY K JOHNSTON GYM,Secretary of State,,REP,Caroleene Dobson,131
Madison,0049 MARY K JOHNSTON GYM,Secretary of State,,REP,Christopher Christian Horn,50
Madison,0049 MARY K JOHNSTON GYM,Secretary of State,,REP,Glenda S. Jackson,12
Madison,0050 PLAINVIEW CH OF CHR,Secretary of State,,REP,Caroleene Dobson,262
Madison,0050 PLAINVIEW CH OF CHR,Secretary of State,,REP,Christopher Christian Horn,74
Madison,0050 PLAINVIEW CH OF CHR,Secretary of State,,REP,Glenda S. Jackson,43
Madison,0051 NEW HOPE CITY HALL,Secretary of State,,REP,Caroleene Dobson,293
Madison,0051 NEW HOPE CITY HALL,Secretary of State,,REP,Christopher Christian Horn,118
Madison,0051 NEW HOPE CITY HALL,Secretary of State,,REP,Glenda S. Jackson,47
Madison,0052 MADISON PUBLIC LIBR,Secretary of State,,REP,Caroleene Dobson,177
Madison,0052 MADISON PUBLIC LIBR,Secretary of State,,REP,Christopher Christian Horn,83
Madison,0052 MADISON PUBLIC LIBR,Secretary of State,,REP,Glenda S. Jackson,40
Madison,0053 PINE GROVE MISSION,Secretary of State,,REP,Caroleene Dobson,231
Madison,0053 PINE GROVE MISSION,Secretary of State,,REP,Christopher Christian Horn,74
Madison,0053 PINE GROVE MISSION,Secretary of State,,REP,Glenda S. Jackson,39
Madison,0054 MADISON CITY HALL,Secretary of State,,REP,Caroleene Dobson,260
Madison,0054 MADISON CITY HALL,Secretary of State,,REP,Christopher Christian Horn,99
Madison,0054 MADISON CITY HALL,Secretary of State,,REP,Glenda S. Jackson,57
Madison,0055 LOCUST GROVE BAPT CH,Secretary of State,,REP,Caroleene Dobson,266
Madison,0055 LOCUST GROVE BAPT CH,Secretary of State,,REP,Christopher Christian Horn,86
Madison,0055 LOCUST GROVE BAPT CH,Secretary of State,,REP,Glenda S. Jackson,42
Madison,0056 NEW MARKET VOL FIRE,Secretary of State,,REP,Caroleene Dobson,82
Madison,0056 NEW MARKET VOL FIRE,Secretary of State,,REP,Christopher Christian Horn,30
Madison,0056 NEW MARKET VOL FIRE,Secretary of State,,REP,Glenda S. Jackson,13
Madison,0057 OWENS CROSS ROADS CT,Secretary of State,,REP,Caroleene Dobson,227
Madison,0057 OWENS CROSS ROADS CT,Secretary of State,,REP,Christopher Christian Horn,83
Madison,0057 OWENS CROSS ROADS CT,Secretary of State,,REP,Glenda S. Jackson,43
Madison,0058 FIRST BAPT CH MER,Secretary of State,,REP,Caroleene Dobson,136
Madison,0058 FIRST BAPT CH MER,Secretary of State,,REP,Christopher Christian Horn,61
Madison,0058 FIRST BAPT CH MER,Secretary of State,,REP,Glenda S. Jackson,27
Madison,0059 BROWNSBORO BAPT CH,Secretary of State,,REP,Caroleene Dobson,227
Madison,0059 BROWNSBORO BAPT CH,Secretary of State,,REP,Christopher Christian Horn,90
Madison,0059 BROWNSBORO BAPT CH,Secretary of State,,REP,Glenda S. Jackson,38
Madison,0060 MONROVIA CH OF CHR,Secretary of State,,REP,Caroleene Dobson,269
Madison,0060 MONROVIA CH OF CHR,Secretary of State,,REP,Christopher Christian Horn,101
Madison,0060 MONROVIA CH OF CHR,Secretary of State,,REP,Glenda S. Jackson,53
Madison,0061 CO COMMISSION DIST 1,Secretary of State,,REP,Caroleene Dobson,210
Madison,0061 CO COMMISSION DIST 1,Secretary of State,,REP,Christopher Christian Horn,79
Madison,0061 CO COMMISSION DIST 1,Secretary of State,,REP,Glenda S. Jackson,29
Madison,0062 BOBO VFD,Secretary of State,,REP,Caroleene Dobson,170
Madison,0062 BOBO VFD,Secretary of State,,REP,Christopher Christian Horn,71
Madison,0062 BOBO VFD,Secretary of State,,REP,Glenda S. Jackson,33
Madison,0063 MERDIANVILLE C OF CHR,Secretary of State,,REP,Caroleene Dobson,461
Madison,0063 MERDIANVILLE C OF CHR,Secretary of State,,REP,Christopher Christian Horn,160
Madison,0063 MERDIANVILLE C OF CHR,Secretary of State,,REP,Glenda S. Jackson,72
Madison,0064 MT ZION BAPT CH,Secretary of State,,REP,Caroleene Dobson,426
Madison,0064 MT ZION BAPT CH,Secretary of State,,REP,Christopher Christian Horn,140
Madison,0064 MT ZION BAPT CH,Secretary of State,,REP,Glenda S. Jackson,68
Madison,0065 HAROLD HARBIN GYM,Secretary of State,,REP,Caroleene Dobson,205
Madison,0065 HAROLD HARBIN GYM,Secretary of State,,REP,Christopher Christian Horn,84
Madison,0065 HAROLD HARBIN GYM,Secretary of State,,REP,Glenda S. Jackson,39
Madison,0066 FAITH LUTHERAN CH,Secretary of State,,REP,Caroleene Dobson,266
Madison,0066 FAITH LUTHERAN CH,Secretary of State,,REP,Christopher Christian Horn,102
Madison,0066 FAITH LUTHERAN CH,Secretary of State,,REP,Glenda S. Jackson,46
Madison,0067 MADISON COMM CTR,Secretary of State,,REP,Caroleene Dobson,294
Madison,0067 MADISON COMM CTR,Secretary of State,,REP,Christopher Christian Horn,87
Madison,0067 MADISON COMM CTR,Secretary of State,,REP,Glenda S. Jackson,57
Madison,0068 ASBURY CHURCH,Secretary of State,,REP,Caroleene Dobson,569
Madison,0068 ASBURY CHURCH,Secretary of State,,REP,Christopher Christian Horn,159
Madison,0068 ASBURY CHURCH,Secretary of State,,REP,Glenda S. Jackson,79
Madison,0069 RESTORATION CHURCH,Secretary of State,,REP,Caroleene Dobson,326
Madison,0069 RESTORATION CHURCH,Secretary of State,,REP,Christopher Christian Horn,118
Madison,0069 RESTORATION CHURCH,Secretary of State,,REP,Glenda S. Jackson,65
Madison,0070 MONROVIA COMM CTR,Secretary of State,,REP,Caroleene Dobson,308
Madison,0070 MONROVIA COMM CTR,Secretary of State,,REP,Christopher Christian Horn,86
Madison,0070 MONROVIA COMM CTR,Secretary of State,,REP,Glenda S. Jackson,48
Madison,0071 MOVEMENT CHURCH,Secretary of State,,REP,Caroleene Dobson,111
Madison,0071 MOVEMENT CHURCH,Secretary of State,,REP,Christopher Christian Horn,43
Madison,0071 MOVEMENT CHURCH,Secretary of State,,REP,Glenda S. Jackson,30
Madison,0072 INDIAN CREEK BAPT CH,Secretary of State,,REP,Caroleene Dobson,347
Madison,0072 INDIAN CREEK BAPT CH,Secretary of State,,REP,Christopher Christian Horn,98
Madison,0072 INDIAN CREEK BAPT CH,Secretary of State,,REP,Glenda S. Jackson,44
Madison,0073 CROSS RD COMM CTR,Secretary of State,,REP,Caroleene Dobson,285
Madison,0073 CROSS RD COMM CTR,Secretary of State,,REP,Christopher Christian Horn,63
Madison,0073 CROSS RD COMM CTR,Secretary of State,,REP,Glenda S. Jackson,30
Madison,0074 PROVIDENCE BAPT CH,Secretary of State,,REP,Caroleene Dobson,214
Madison,0074 PROVIDENCE BAPT CH,Secretary of State,,REP,Christopher Christian Horn,60
Madison,0074 PROVIDENCE BAPT CH,Secretary of State,,REP,Glenda S. Jackson,32
Madison,0075 WALL HWY BAPT CH,Secretary of State,,REP,Caroleene Dobson,125
Madison,0075 WALL HWY BAPT CH,Secretary of State,,REP,Christopher Christian Horn,36
Madison,0075 WALL HWY BAPT CH,Secretary of State,,REP,Glenda S. Jackson,28
Madison,0076 HOPE CHURCH,Secretary of State,,REP,Caroleene Dobson,154
Madison,0076 HOPE CHURCH,Secretary of State,,REP,Christopher Christian Horn,59
Madison,0076 HOPE CHURCH,Secretary of State,,REP,Glenda S. Jackson,26
Madison,0077 DAYSTAR CHURCH,Secretary of State,,REP,Caroleene Dobson,306
Madison,0077 DAYSTAR CHURCH,Secretary of State,,REP,Christopher Christian Horn,87
Madison,0077 DAYSTAR CHURCH,Secretary of State,,REP,Glenda S. Jackson,56
Madison,0078 CH OF JESUS CHR LDS,Secretary of State,,REP,Caroleene Dobson,152
Madison,0078 CH OF JESUS CHR LDS,Secretary of State,,REP,Christopher Christian Horn,58
Madison,0078 CH OF JESUS CHR LDS,Secretary of State,,REP,Glenda S. Jackson,28
Madison,0079 OCR CHURCH OF CHRIST,Secretary of State,,REP,Caroleene Dobson,171
Madison,0079 OCR CHURCH OF CHRIST,Secretary of State,,REP,Christopher Christian Horn,66
Madison,0079 OCR CHURCH OF CHRIST,Secretary of State,,REP,Glenda S. Jackson,48
Madison,0080 ABSENTEE 1,Secretary of State,,REP,Caroleene Dobson,377
Madison,0080 ABSENTEE 1,Secretary of State,,REP,Christopher Christian Horn,146
Madison,0080 ABSENTEE 1,Secretary of State,,REP,Glenda S. Jackson,68
Madison,0081 PROVISIONAL,Secretary of State,,REP,Caroleene Dobson,16
Madison,0081 PROVISIONAL,Secretary of State,,REP,Christopher Christian Horn,12
Madison,0081 PROVISIONAL,Secretary of State,,REP,Glenda S. Jackson,3
Madison,0001 AL A&M ELMORE GYM,Commissioner of Agriculture and Industries,,REP,Christina Woerner McInnis,13
Madison,0001 AL A&M ELMORE GYM,Commissioner of Agriculture and Industries,,REP,Cory Hill,11
Madison,0001 AL A&M ELMORE GYM,Commissioner of Agriculture and Industries,,REP,Jack Williams,6
Madison,0002 LINCOLN CH OF CHRIST,Commissioner of Agriculture and Industries,,REP,Christina Woerner McInnis,8
Madison,0002 LINCOLN CH OF CHRIST,Commissioner of Agriculture and Industries,,REP,Cory Hill,5
Madison,0002 LINCOLN CH OF CHRIST,Commissioner of Agriculture and Industries,,REP,Jack Williams,10
Madison,0003 JACKSON WAY BAPT CH,Commissioner of Agriculture and Industries,,REP,Christina Woerner McInnis,95
Madison,0003 JACKSON WAY BAPT CH,Commissioner of Agriculture and Industries,,REP,Cory Hill,71
Madison,0003 JACKSON WAY BAPT CH,Commissioner of Agriculture and Industries,,REP,Jack Williams,52
Madison,0004 FIRST BAPT CH,Commissioner of Agriculture and Industries,,REP,Christina Woerner McInnis,190
Madison,0004 FIRST BAPT CH,Commissioner of Agriculture and Industries,,REP,Cory Hill,131
Madison,0004 FIRST BAPT CH,Commissioner of Agriculture and Industries,,REP,Jack Williams,118
Madison,0005 OPTIMIST PRK REC CTR,Commissioner of Agriculture and Industries,,REP,Christina Woerner McInnis,126
Madison,0005 OPTIMIST PRK REC CTR,Commissioner of Agriculture and Industries,,REP,Cory Hill,117
Madison,0005 OPTIMIST PRK REC CTR,Commissioner of Agriculture and Industries,,REP,Jack Williams,103
Madison,0006 HOPE VALLEY BIBLE CH,Commissioner of Agriculture and Industries,,REP,Christina Woerner McInnis,101
Madison,0006 HOPE VALLEY BIBLE CH,Commissioner of Agriculture and Industries,,REP,Cory Hill,70
Madison,0006 HOPE VALLEY BIBLE CH,Commissioner of Agriculture and Industries,,REP,Jack Williams,54
Madison,0007 CHASE PARK CH OF CHR,Commissioner of Agriculture and Industries,,REP,Christina Woerner McInnis,309
Madison,0007 CHASE PARK CH OF CHR,Commissioner of Agriculture and Industries,,REP,Cory Hill,321
Madison,0007 CHASE PARK CH OF CHR,Commissioner of Agriculture and Industries,,REP,Jack Williams,153
Madison,0008 CORNERSTONE PRESB,Commissioner of Agriculture and Industries,,REP,Christina Woerner McInnis,122
Madison,0008 CORNERSTONE PRESB,Commissioner of Agriculture and Industries,,REP,Cory Hill,120
Madison,0008 CORNERSTONE PRESB,Commissioner of Agriculture and Industries,,REP,Jack Williams,62
Madison,0009 CHURCH ON THE HILL,Commissioner of Agriculture and Industries,,REP,Christina Woerner McInnis,27
Madison,0009 CHURCH ON THE HILL,Commissioner of Agriculture and Industries,,REP,Cory Hill,33
Madison,0009 CHURCH ON THE HILL,Commissioner of Agriculture and Industries,,REP,Jack Williams,33
Madison,0010 MONTE SANO UMC,Commissioner of Agriculture and Industries,,REP,Christina Woerner McInnis,62
Madison,0010 MONTE SANO UMC,Commissioner of Agriculture and Industries,,REP,Cory Hill,68
Madison,0010 MONTE SANO UMC,Commissioner of Agriculture and Industries,,REP,Jack Williams,40
Madison,0011 COVE CHURCH,Commissioner of Agriculture and Industries,,REP,Christina Woerner McInnis,347
Madison,0011 COVE CHURCH,Commissioner of Agriculture and Industries,,REP,Cory Hill,372
Madison,0011 COVE CHURCH,Commissioner of Agriculture and Industries,,REP,Jack Williams,205
Madison,0012 HAMPTON COVE C OF CHR,Commissioner of Agriculture and Industries,,REP,Christina Woerner McInnis,244
Madison,0012 HAMPTON COVE C OF CHR,Commissioner of Agriculture and Industries,,REP,Cory Hill,202
Madison,0012 HAMPTON COVE C OF CHR,Commissioner of Agriculture and Industries,,REP,Jack Williams,144
Madison,0013 COVENANT PRESB CH,Commissioner of Agriculture and Industries,,REP,Christina Woerner McInnis,214
Madison,0013 COVENANT PRESB CH,Commissioner of Agriculture and Industries,,REP,Cory Hill,215
Madison,0013 COVENANT PRESB CH,Commissioner of Agriculture and Industries,,REP,Jack Williams,139
Madison,0014 SOUTHWOOD PRESB,Commissioner of Agriculture and Industries,,REP,Christina Woerner McInnis,224
Madison,0014 SOUTHWOOD PRESB,Commissioner of Agriculture and Industries,,REP,Cory Hill,190
Madison,0014 SOUTHWOOD PRESB,Commissioner of Agriculture and Industries,,REP,Jack Williams,114
Madison,0015 WILLOWBROOK BAPT CH,Commissioner of Agriculture and Industries,,REP,Christina Woerner McInnis,352
Madison,0015 WILLOWBROOK BAPT CH,Commissioner of Agriculture and Industries,,REP,Cory Hill,345
Madison,0015 WILLOWBROOK BAPT CH,Commissioner of Agriculture and Industries,,REP,Jack Williams,198
Madison,0016 WESTSIDE COMM CTR,Commissioner of Agriculture and Industries,,REP,Christina Woerner McInnis,3
Madison,0016 WESTSIDE COMM CTR,Commissioner of Agriculture and Industries,,REP,Cory Hill,1
Madison,0016 WESTSIDE COMM CTR,Commissioner of Agriculture and Industries,,REP,Jack Williams,0
Madison,0017 TRINITY UMC,Commissioner of Agriculture and Industries,,REP,Christina Woerner McInnis,95
Madison,0017 TRINITY UMC,Commissioner of Agriculture and Industries,,REP,Cory Hill,95
Madison,0017 TRINITY UMC,Commissioner of Agriculture and Industries,,REP,Jack Williams,63
Madison,0018 WHITESBURG BAPT CH,Commissioner of Agriculture and Industries,,REP,Christina Woerner McInnis,255
Madison,0018 WHITESBURG BAPT CH,Commissioner of Agriculture and Industries,,REP,Cory Hill,278
Madison,0018 WHITESBURG BAPT CH,Commissioner of Agriculture and Industries,,REP,Jack Williams,127
Madison,0019 WEATHERLY HGTS BAPT,Commissioner of Agriculture and Industries,,REP,Christina Woerner McInnis,240
Madison,0019 WEATHERLY HGTS BAPT,Commissioner of Agriculture and Industries,,REP,Cory Hill,242
Madison,0019 WEATHERLY HGTS BAPT,Commissioner of Agriculture and Industries,,REP,Jack Williams,155
Madison,0020 ALDERSGATE UMC,Commissioner of Agriculture and Industries,,REP,Christina Woerner McInnis,287
Madison,0020 ALDERSGATE UMC,Commissioner of Agriculture and Industries,,REP,Cory Hill,278
Madison,0020 ALDERSGATE UMC,Commissioner of Agriculture and Industries,,REP,Jack Williams,147
Madison,0021 FARLEY COMM CH,Commissioner of Agriculture and Industries,,REP,Christina Woerner McInnis,260
Madison,0021 FARLEY COMM CH,Commissioner of Agriculture and Industries,,REP,Cory Hill,242
Madison,0021 FARLEY COMM CH,Commissioner of Agriculture and Industries,,REP,Jack Williams,127
Madison,0022 HILLWOOD BAPT CH,Commissioner of Agriculture and Industries,,REP,Christina Woerner McInnis,219
Madison,0022 HILLWOOD BAPT CH,Commissioner of Agriculture and Industries,,REP,Cory Hill,182
Madison,0022 HILLWOOD BAPT CH,Commissioner of Agriculture and Industries,,REP,Jack Williams,93
Madison,0023 COMM FELLOWSHIP,Commissioner of Agriculture and Industries,,REP,Christina Woerner McInnis,238
Madison,0023 COMM FELLOWSHIP,Commissioner of Agriculture and Industries,,REP,Cory Hill,221
Madison,0023 COMM FELLOWSHIP,Commissioner of Agriculture and Industries,,REP,Jack Williams,117
Madison,0024 OAKWOOD UNIVERSITY CH,Commissioner of Agriculture and Industries,,REP,Christina Woerner McInnis,48
Madison,0024 OAKWOOD UNIVERSITY CH,Commissioner of Agriculture and Industries,,REP,Cory Hill,31
Madison,0024 OAKWOOD UNIVERSITY CH,Commissioner of Agriculture and Industries,,REP,Jack Williams,33
Madison,0025 CLUBHOUSE ON GREEN MT,Commissioner of Agriculture and Industries,,REP,Christina Woerner McInnis,118
Madison,0025 CLUBHOUSE ON GREEN MT,Commissioner of Agriculture and Industries,,REP,Cory Hill,102
Madison,0025 CLUBHOUSE ON GREEN MT,Commissioner of Agriculture and Industries,,REP,Jack Williams,35
Madison,0026 ST MATTHEWS PB CH,Commissioner of Agriculture and Industries,,REP,Christina Woerner McInnis,20
Madison,0026 ST MATTHEWS PB CH,Commissioner of Agriculture and Industries,,REP,Cory Hill,22
Madison,0026 ST MATTHEWS PB CH,Commissioner of Agriculture and Industries,,REP,Jack Williams,17
Madison,0027 FIRST MISSIONARY BAPT,Commissioner of Agriculture and Industries,,REP,Christina Woerner McInnis,12
Madison,0027 FIRST MISSIONARY BAPT,Commissioner of Agriculture and Industries,,REP,Cory Hill,12
Madison,0027 FIRST MISSIONARY BAPT,Commissioner of Agriculture and Industries,,REP,Jack Williams,10
Madison,0028 DR RICHARD SHOWERS CTR,Commissioner of Agriculture and Industries,,REP,Christina Woerner McInnis,9
Madison,0028 DR RICHARD SHOWERS CTR,Commissioner of Agriculture and Industries,,REP,Cory Hill,6
Madison,0028 DR RICHARD SHOWERS CTR,Commissioner of Agriculture and Industries,,REP,Jack Williams,6
Madison,0029 HOUSE OF HOPE & REST,Commissioner of Agriculture and Industries,,REP,Christina Woerner McInnis,14
Madison,0029 HOUSE OF HOPE & REST,Commissioner of Agriculture and Industries,,REP,Cory Hill,17
Madison,0029 HOUSE OF HOPE & REST,Commissioner of Agriculture and Industries,,REP,Jack Williams,12
Madison,0030 BOB HARRISON SR CTR,Commissioner of Agriculture and Industries,,REP,Christina Woerner McInnis,25
Madison,0030 BOB HARRISON SR CTR,Commissioner of Agriculture and Industries,,REP,Cory Hill,26
Madison,0030 BOB HARRISON SR CTR,Commissioner of Agriculture and Industries,,REP,Jack Williams,18
Madison,0031 CALVARY HILL COMM CTR,Commissioner of Agriculture and Industries,,REP,Christina Woerner McInnis,21
Madison,0031 CALVARY HILL COMM CTR,Commissioner of Agriculture and Industries,,REP,Cory Hill,27
Madison,0031 CALVARY HILL COMM CTR,Commissioner of Agriculture and Industries,,REP,Jack Williams,21
Madison,0032 LEWIS CHAPEL C P CH,Commissioner of Agriculture and Industries,,REP,Christina Woerner McInnis,2
Madison,0032 LEWIS CHAPEL C P CH,Commissioner of Agriculture and Industries,,REP,Cory Hill,7
Madison,0032 LEWIS CHAPEL C P CH,Commissioner of Agriculture and Industries,,REP,Jack Williams,2
Madison,0033 LAKEWOOD COMM CTR,Commissioner of Agriculture and Industries,,REP,Christina Woerner McInnis,15
Madison,0033 LAKEWOOD COMM CTR,Commissioner of Agriculture and Industries,,REP,Cory Hill,14
Madison,0033 LAKEWOOD COMM CTR,Commissioner of Agriculture and Industries,,REP,Jack Williams,7
Madison,0034 WEST HUNTSVILLE BAPT,Commissioner of Agriculture and Industries,,REP,Christina Woerner McInnis,18
Madison,0034 WEST HUNTSVILLE BAPT,Commissioner of Agriculture and Industries,,REP,Cory Hill,15
Madison,0034 WEST HUNTSVILLE BAPT,Commissioner of Agriculture and Industries,,REP,Jack Williams,7
Madison,0035 ST PAUL UMC,Commissioner of Agriculture and Industries,,REP,Christina Woerner McInnis,74
Madison,0035 ST PAUL UMC,Commissioner of Agriculture and Industries,,REP,Cory Hill,85
Madison,0035 ST PAUL UMC,Commissioner of Agriculture and Industries,,REP,Jack Williams,53
Madison,0036 ST LUKE CHRISTIAN CH,Commissioner of Agriculture and Industries,,REP,Christina Woerner McInnis,26
Madison,0036 ST LUKE CHRISTIAN CH,Commissioner of Agriculture and Industries,,REP,Cory Hill,31
Madison,0036 ST LUKE CHRISTIAN CH,Commissioner of Agriculture and Industries,,REP,Jack Williams,17
Madison,0037 W HUNTSVILLE C OF CHR,Commissioner of Agriculture and Industries,,REP,Christina Woerner McInnis,100
Madison,0037 W HUNTSVILLE C OF CHR,Commissioner of Agriculture and Industries,,REP,Cory Hill,63
Madison,0037 W HUNTSVILLE C OF CHR,Commissioner of Agriculture and Industries,,REP,Jack Williams,49
Madison,0038 TOWN WELLNESS CTR,Commissioner of Agriculture and Industries,,REP,Christina Woerner McInnis,137
Madison,0038 TOWN WELLNESS CTR,Commissioner of Agriculture and Industries,,REP,Cory Hill,114
Madison,0038 TOWN WELLNESS CTR,Commissioner of Agriculture and Industries,,REP,Jack Williams,52
Madison,0039 SHERWOOD BAPT CH,Commissioner of Agriculture and Industries,,REP,Christina Woerner McInnis,58
Madison,0039 SHERWOOD BAPT CH,Commissioner of Agriculture and Industries,,REP,Cory Hill,65
Madison,0039 SHERWOOD BAPT CH,Commissioner of Agriculture and Industries,,REP,Jack Williams,32
Madison,0040 NEW MARKET REC CTR,Commissioner of Agriculture and Industries,,REP,Christina Woerner McInnis,92
Madison,0040 NEW MARKET REC CTR,Commissioner of Agriculture and Industries,,REP,Cory Hill,89
Madison,0040 NEW MARKET REC CTR,Commissioner of Agriculture and Industries,,REP,Jack Williams,52
Madison,0041 MAYSVILLE C OF CHR,Commissioner of Agriculture and Industries,,REP,Christina Woerner McInnis,217
Madison,0041 MAYSVILLE C OF CHR,Commissioner of Agriculture and Industries,,REP,Cory Hill,240
Madison,0041 MAYSVILLE C OF CHR,Commissioner of Agriculture and Industries,,REP,Jack Williams,142
Madison,0042 LITTLE INDIAN CREEK,Commissioner of Agriculture and Industries,,REP,Christina Woerner McInnis,177
Madison,0042 LITTLE INDIAN CREEK,Commissioner of Agriculture and Industries,,REP,Cory Hill,155
Madison,0042 LITTLE INDIAN CREEK,Commissioner of Agriculture and Industries,,REP,Jack Williams,115
Madison,0043 TRIANA CITY HALL,Commissioner of Agriculture and Industries,,REP,Christina Woerner McInnis,64
Madison,0043 TRIANA CITY HALL,Commissioner of Agriculture and Industries,,REP,Cory Hill,63
Madison,0043 TRIANA CITY HALL,Commissioner of Agriculture and Industries,,REP,Jack Williams,27
Madison,0044 RIVERTREE CH,Commissioner of Agriculture and Industries,,REP,Christina Woerner McInnis,396
Madison,0044 RIVERTREE CH,Commissioner of Agriculture and Industries,,REP,Cory Hill,361
Madison,0044 RIVERTREE CH,Commissioner of Agriculture and Industries,,REP,Jack Williams,198
Madison,0045 GURLEY SENIOR CTR,Commissioner of Agriculture and Industries,,REP,Christina Woerner McInnis,88
Madison,0045 GURLEY SENIOR CTR,Commissioner of Agriculture and Industries,,REP,Cory Hill,120
Madison,0045 GURLEY SENIOR CTR,Commissioner of Agriculture and Industries,,REP,Jack Williams,58
Madison,0046 MISSION 7TH DAY ADV,Commissioner of Agriculture and Industries,,REP,Christina Woerner McInnis,158
Madison,0046 MISSION 7TH DAY ADV,Commissioner of Agriculture and Industries,,REP,Cory Hill,110
Madison,0046 MISSION 7TH DAY ADV,Commissioner of Agriculture and Industries,,REP,Jack Williams,59
Madison,0047 PINEVIEW BAPT CH,Commissioner of Agriculture and Industries,,REP,Christina Woerner McInnis,70
Madison,0047 PINEVIEW BAPT CH,Commissioner of Agriculture and Industries,,REP,Cory Hill,83
Madison,0047 PINEVIEW BAPT CH,Commissioner of Agriculture and Industries,,REP,Jack Williams,53
Madison,0048 TONEY CHURCH,Commissioner of Agriculture and Industries,,REP,Christina Woerner McInnis,146
Madison,0048 TONEY CHURCH,Commissioner of Agriculture and Industries,,REP,Cory Hill,131
Madison,0048 TONEY CHURCH,Commissioner of Agriculture and Industries,,REP,Jack Williams,117
Madison,0049 MARY K JOHNSTON GYM,Commissioner of Agriculture and Industries,,REP,Christina Woerner McInnis,76
Madison,0049 MARY K JOHNSTON GYM,Commissioner of Agriculture and Industries,,REP,Cory Hill,71
Madison,0049 MARY K JOHNSTON GYM,Commissioner of Agriculture and Industries,,REP,Jack Williams,42
Madison,0050 PLAINVIEW CH OF CHR,Commissioner of Agriculture and Industries,,REP,Christina Woerner McInnis,144
Madison,0050 PLAINVIEW CH OF CHR,Commissioner of Agriculture and Industries,,REP,Cory Hill,162
Madison,0050 PLAINVIEW CH OF CHR,Commissioner of Agriculture and Industries,,REP,Jack Williams,77
Madison,0051 NEW HOPE CITY HALL,Commissioner of Agriculture and Industries,,REP,Christina Woerner McInnis,132
Madison,0051 NEW HOPE CITY HALL,Commissioner of Agriculture and Industries,,REP,Cory Hill,229
Madison,0051 NEW HOPE CITY HALL,Commissioner of Agriculture and Industries,,REP,Jack Williams,94
Madison,0052 MADISON PUBLIC LIBR,Commissioner of Agriculture and Industries,,REP,Christina Woerner McInnis,113
Madison,0052 MADISON PUBLIC LIBR,Commissioner of Agriculture and Industries,,REP,Cory Hill,119
Madison,0052 MADISON PUBLIC LIBR,Commissioner of Agriculture and Industries,,REP,Jack Williams,66
Madison,0053 PINE GROVE MISSION,Commissioner of Agriculture and Industries,,REP,Christina Woerner McInnis,130
Madison,0053 PINE GROVE MISSION,Commissioner of Agriculture and Industries,,REP,Cory Hill,104
Madison,0053 PINE GROVE MISSION,Commissioner of Agriculture and Industries,,REP,Jack Williams,97
Madison,0054 MADISON CITY HALL,Commissioner of Agriculture and Industries,,REP,Christina Woerner McInnis,173
Madison,0054 MADISON CITY HALL,Commissioner of Agriculture and Industries,,REP,Cory Hill,131
Madison,0054 MADISON CITY HALL,Commissioner of Agriculture and Industries,,REP,Jack Williams,96
Madison,0055 LOCUST GROVE BAPT CH,Commissioner of Agriculture and Industries,,REP,Christina Woerner McInnis,159
Madison,0055 LOCUST GROVE BAPT CH,Commissioner of Agriculture and Industries,,REP,Cory Hill,133
Madison,0055 LOCUST GROVE BAPT CH,Commissioner of Agriculture and Industries,,REP,Jack Williams,97
Madison,0056 NEW MARKET VOL FIRE,Commissioner of Agriculture and Industries,,REP,Christina Woerner McInnis,36
Madison,0056 NEW MARKET VOL FIRE,Commissioner of Agriculture and Industries,,REP,Cory Hill,64
Madison,0056 NEW MARKET VOL FIRE,Commissioner of Agriculture and Industries,,REP,Jack Williams,26
Madison,0057 OWENS CROSS ROADS CT,Commissioner of Agriculture and Industries,,REP,Christina Woerner McInnis,163
Madison,0057 OWENS CROSS ROADS CT,Commissioner of Agriculture and Industries,,REP,Cory Hill,126
Madison,0057 OWENS CROSS ROADS CT,Commissioner of Agriculture and Industries,,REP,Jack Williams,63
Madison,0058 FIRST BAPT CH MER,Commissioner of Agriculture and Industries,,REP,Christina Woerner McInnis,87
Madison,0058 FIRST BAPT CH MER,Commissioner of Agriculture and Industries,,REP,Cory Hill,86
Madison,0058 FIRST BAPT CH MER,Commissioner of Agriculture and Industries,,REP,Jack Williams,47
Madison,0059 BROWNSBORO BAPT CH,Commissioner of Agriculture and Industries,,REP,Christina Woerner McInnis,142
Madison,0059 BROWNSBORO BAPT CH,Commissioner of Agriculture and Industries,,REP,Cory Hill,144
Madison,0059 BROWNSBORO BAPT CH,Commissioner of Agriculture and Industries,,REP,Jack Williams,71
Madison,0060 MONROVIA CH OF CHR,Commissioner of Agriculture and Industries,,REP,Christina Woerner McInnis,156
Madison,0060 MONROVIA CH OF CHR,Commissioner of Agriculture and Industries,,REP,Cory Hill,147
Madison,0060 MONROVIA CH OF CHR,Commissioner of Agriculture and Industries,,REP,Jack Williams,91
Madison,0061 CO COMMISSION DIST 1,Commissioner of Agriculture and Industries,,REP,Christina Woerner McInnis,112
Madison,0061 CO COMMISSION DIST 1,Commissioner of Agriculture and Industries,,REP,Cory Hill,119
Madison,0061 CO COMMISSION DIST 1,Commissioner of Agriculture and Industries,,REP,Jack Williams,84
Madison,0062 BOBO VFD,Commissioner of Agriculture and Industries,,REP,Christina Woerner McInnis,102
Madison,0062 BOBO VFD,Commissioner of Agriculture and Industries,,REP,Cory Hill,103
Madison,0062 BOBO VFD,Commissioner of Agriculture and Industries,,REP,Jack Williams,68
Madison,0063 MERDIANVILLE C OF CHR,Commissioner of Agriculture and Industries,,REP,Christina Woerner McInnis,254
Madison,0063 MERDIANVILLE C OF CHR,Commissioner of Agriculture and Industries,,REP,Cory Hill,284
Madison,0063 MERDIANVILLE C OF CHR,Commissioner of Agriculture and Industries,,REP,Jack Williams,158
Madison,0064 MT ZION BAPT CH,Commissioner of Agriculture and Industries,,REP,Christina Woerner McInnis,244
Madison,0064 MT ZION BAPT CH,Commissioner of Agriculture and Industries,,REP,Cory Hill,212
Madison,0064 MT ZION BAPT CH,Commissioner of Agriculture and Industries,,REP,Jack Williams,164
Madison,0065 HAROLD HARBIN GYM,Commissioner of Agriculture and Industries,,REP,Christina Woerner McInnis,123
Madison,0065 HAROLD HARBIN GYM,Commissioner of Agriculture and Industries,,REP,Cory Hill,129
Madison,0065 HAROLD HARBIN GYM,Commissioner of Agriculture and Industries,,REP,Jack Williams,72
Madison,0066 FAITH LUTHERAN CH,Commissioner of Agriculture and Industries,,REP,Christina Woerner McInnis,170
Madison,0066 FAITH LUTHERAN CH,Commissioner of Agriculture and Industries,,REP,Cory Hill,128
Madison,0066 FAITH LUTHERAN CH,Commissioner of Agriculture and Industries,,REP,Jack Williams,103
Madison,0067 MADISON COMM CTR,Commissioner of Agriculture and Industries,,REP,Christina Woerner McInnis,181
Madison,0067 MADISON COMM CTR,Commissioner of Agriculture and Industries,,REP,Cory Hill,126
Madison,0067 MADISON COMM CTR,Commissioner of Agriculture and Industries,,REP,Jack Williams,114
Madison,0068 ASBURY CHURCH,Commissioner of Agriculture and Industries,,REP,Christina Woerner McInnis,341
Madison,0068 ASBURY CHURCH,Commissioner of Agriculture and Industries,,REP,Cory Hill,280
Madison,0068 ASBURY CHURCH,Commissioner of Agriculture and Industries,,REP,Jack Williams,163
Madison,0069 RESTORATION CHURCH,Commissioner of Agriculture and Industries,,REP,Christina Woerner McInnis,206
Madison,0069 RESTORATION CHURCH,Commissioner of Agriculture and Industries,,REP,Cory Hill,168
Madison,0069 RESTORATION CHURCH,Commissioner of Agriculture and Industries,,REP,Jack Williams,114
Madison,0070 MONROVIA COMM CTR,Commissioner of Agriculture and Industries,,REP,Christina Woerner McInnis,176
Madison,0070 MONROVIA COMM CTR,Commissioner of Agriculture and Industries,,REP,Cory Hill,165
Madison,0070 MONROVIA COMM CTR,Commissioner of Agriculture and Industries,,REP,Jack Williams,96
Madison,0071 MOVEMENT CHURCH,Commissioner of Agriculture and Industries,,REP,Christina Woerner McInnis,63
Madison,0071 MOVEMENT CHURCH,Commissioner of Agriculture and Industries,,REP,Cory Hill,67
Madison,0071 MOVEMENT CHURCH,Commissioner of Agriculture and Industries,,REP,Jack Williams,42
Madison,0072 INDIAN CREEK BAPT CH,Commissioner of Agriculture and Industries,,REP,Christina Woerner McInnis,178
Madison,0072 INDIAN CREEK BAPT CH,Commissioner of Agriculture and Industries,,REP,Cory Hill,169
Madison,0072 INDIAN CREEK BAPT CH,Commissioner of Agriculture and Industries,,REP,Jack Williams,114
Madison,0073 CROSS RD COMM CTR,Commissioner of Agriculture and Industries,,REP,Christina Woerner McInnis,145
Madison,0073 CROSS RD COMM CTR,Commissioner of Agriculture and Industries,,REP,Cory Hill,148
Madison,0073 CROSS RD COMM CTR,Commissioner of Agriculture and Industries,,REP,Jack Williams,78
Madison,0074 PROVIDENCE BAPT CH,Commissioner of Agriculture and Industries,,REP,Christina Woerner McInnis,118
Madison,0074 PROVIDENCE BAPT CH,Commissioner of Agriculture and Industries,,REP,Cory Hill,102
Madison,0074 PROVIDENCE BAPT CH,Commissioner of Agriculture and Industries,,REP,Jack Williams,85
Madison,0075 WALL HWY BAPT CH,Commissioner of Agriculture and Industries,,REP,Christina Woerner McInnis,71
Madison,0075 WALL HWY BAPT CH,Commissioner of Agriculture and Industries,,REP,Cory Hill,75
Madison,0075 WALL HWY BAPT CH,Commissioner of Agriculture and Industries,,REP,Jack Williams,39
Madison,0076 HOPE CHURCH,Commissioner of Agriculture and Industries,,REP,Christina Woerner McInnis,107
Madison,0076 HOPE CHURCH,Commissioner of Agriculture and Industries,,REP,Cory Hill,80
Madison,0076 HOPE CHURCH,Commissioner of Agriculture and Industries,,REP,Jack Williams,50
Madison,0077 DAYSTAR CHURCH,Commissioner of Agriculture and Industries,,REP,Christina Woerner McInnis,176
Madison,0077 DAYSTAR CHURCH,Commissioner of Agriculture and Industries,,REP,Cory Hill,152
Madison,0077 DAYSTAR CHURCH,Commissioner of Agriculture and Industries,,REP,Jack Williams,110
Madison,0078 CH OF JESUS CHR LDS,Commissioner of Agriculture and Industries,,REP,Christina Woerner McInnis,99
Madison,0078 CH OF JESUS CHR LDS,Commissioner of Agriculture and Industries,,REP,Cory Hill,79
Madison,0078 CH OF JESUS CHR LDS,Commissioner of Agriculture and Industries,,REP,Jack Williams,52
Madison,0079 OCR CHURCH OF CHRIST,Commissioner of Agriculture and Industries,,REP,Christina Woerner McInnis,100
Madison,0079 OCR CHURCH OF CHRIST,Commissioner of Agriculture and Industries,,REP,Cory Hill,115
Madison,0079 OCR CHURCH OF CHRIST,Commissioner of Agriculture and Industries,,REP,Jack Williams,67
Madison,0080 ABSENTEE 1,Commissioner of Agriculture and Industries,,REP,Christina Woerner McInnis,183
Madison,0080 ABSENTEE 1,Commissioner of Agriculture and Industries,,REP,Cory Hill,237
Madison,0080 ABSENTEE 1,Commissioner of Agriculture and Industries,,REP,Jack Williams,137
Madison,0081 PROVISIONAL,Commissioner of Agriculture and Industries,,REP,Christina Woerner McInnis,10
Madison,0081 PROVISIONAL,Commissioner of Agriculture and Industries,,REP,Cory Hill,13
Madison,0081 PROVISIONAL,Commissioner of Agriculture and Industries,,REP,Jack Williams,7
Madison,0001 AL A&M ELMORE GYM,State Board of Education,8,REP,Connie Spears,3
Madison,0001 AL A&M ELMORE GYM,State Board of Education,8,REP,Emily Jones,16
Madison,0001 AL A&M ELMORE GYM,State Board of Education,8,REP,William Matthews,11
Madison,0002 LINCOLN CH OF CHRIST,State Board of Education,8,REP,Connie Spears,4
Madison,0002 LINCOLN CH OF CHRIST,State Board of Education,8,REP,Emily Jones,4
Madison,0002 LINCOLN CH OF CHRIST,State Board of Education,8,REP,William Matthews,12
Madison,0003 JACKSON WAY BAPT CH,State Board of Education,8,REP,Connie Spears,77
Madison,0003 JACKSON WAY BAPT CH,State Board of Education,8,REP,Emily Jones,83
Madison,0003 JACKSON WAY BAPT CH,State Board of Education,8,REP,William Matthews,51
Madison,0004 FIRST BAPT CH,State Board of Education,8,REP,Connie Spears,120
Madison,0004 FIRST BAPT CH,State Board of Education,8,REP,Emily Jones,155
Madison,0004 FIRST BAPT CH,State Board of Education,8,REP,William Matthews,129
Madison,0005 OPTIMIST PRK REC CTR,State Board of Education,8,REP,Connie Spears,99
Madison,0005 OPTIMIST PRK REC CTR,State Board of Education,8,REP,Emily Jones,125
Madison,0005 OPTIMIST PRK REC CTR,State Board of Education,8,REP,William Matthews,109
Madison,0006 HOPE VALLEY BIBLE CH,State Board of Education,8,REP,Connie Spears,42
Madison,0006 HOPE VALLEY BIBLE CH,State Board of Education,8,REP,Emily Jones,84
Madison,0006 HOPE VALLEY BIBLE CH,State Board of Education,8,REP,William Matthews,81
Madison,0007 CHASE PARK CH OF CHR,State Board of Education,8,REP,Connie Spears,136
Madison,0007 CHASE PARK CH OF CHR,State Board of Education,8,REP,Emily Jones,345
Madison,0007 CHASE PARK CH OF CHR,State Board of Education,8,REP,William Matthews,271
Madison,0008 CORNERSTONE PRESB,State Board of Education,8,REP,Connie Spears,86
Madison,0008 CORNERSTONE PRESB,State Board of Education,8,REP,Emily Jones,146
Madison,0008 CORNERSTONE PRESB,State Board of Education,8,REP,William Matthews,76
Madison,0009 CHURCH ON THE HILL,State Board of Education,8,REP,Connie Spears,18
Madison,0009 CHURCH ON THE HILL,State Board of Education,8,REP,Emily Jones,32
Madison,0009 CHURCH ON THE HILL,State Board of Education,8,REP,William Matthews,40
Madison,0010 MONTE SANO UMC,State Board of Education,8,REP,Connie Spears,57
Madison,0010 MONTE SANO UMC,State Board of Education,8,REP,Emily Jones,52
Madison,0010 MONTE SANO UMC,State Board of Education,8,REP,William Matthews,56
Madison,0011 COVE CHURCH,State Board of Education,8,REP,Connie Spears,203
Madison,0011 COVE CHURCH,State Board of Education,8,REP,Emily Jones,420
Madison,0011 COVE CHURCH,State Board of Education,8,REP,William Matthews,270
Madison,0012 HAMPTON COVE C OF CHR,State Board of Education,8,REP,Connie Spears,176
Madison,0012 HAMPTON COVE C OF CHR,State Board of Education,8,REP,Emily Jones,238
Madison,0012 HAMPTON COVE C OF CHR,State Board of Education,8,REP,William Matthews,162
Madison,0013 COVENANT PRESB CH,State Board of Education,8,REP,Connie Spears,174
Madison,0013 COVENANT PRESB CH,State Board of Education,8,REP,Emily Jones,224
Madison,0013 COVENANT PRESB CH,State Board of Education,8,REP,William Matthews,174
Madison,0014 SOUTHWOOD PRESB,State Board of Education,8,REP,Connie Spears,124
Madison,0014 SOUTHWOOD PRESB,State Board of Education,8,REP,Emily Jones,234
Madison,0014 SOUTHWOOD PRESB,State Board of Education,8,REP,William Matthews,125
Madison,0015 WILLOWBROOK BAPT CH,State Board of Education,8,REP,Connie Spears,215
Madison,0015 WILLOWBROOK BAPT CH,State Board of Education,8,REP,Emily Jones,416
Madison,0015 WILLOWBROOK BAPT CH,State Board of Education,8,REP,William Matthews,260
Madison,0016 WESTSIDE COMM CTR,State Board of Education,8,REP,Connie Spears,1
Madison,0016 WESTSIDE COMM CTR,State Board of Education,8,REP,Emily Jones,1
Madison,0016 WESTSIDE COMM CTR,State Board of Education,8,REP,William Matthews,2
Madison,0017 TRINITY UMC,State Board of Education,8,REP,Connie Spears,73
Madison,0017 TRINITY UMC,State Board of Education,8,REP,Emily Jones,97
Madison,0017 TRINITY UMC,State Board of Education,8,REP,William Matthews,72
Madison,0018 WHITESBURG BAPT CH,State Board of Education,8,REP,Connie Spears,136
Madison,0018 WHITESBURG BAPT CH,State Board of Education,8,REP,Emily Jones,306
Madison,0018 WHITESBURG BAPT CH,State Board of Education,8,REP,William Matthews,193
Madison,0019 WEATHERLY HGTS BAPT,State Board of Education,8,REP,Connie Spears,189
Madison,0019 WEATHERLY HGTS BAPT,State Board of Education,8,REP,Emily Jones,255
Madison,0019 WEATHERLY HGTS BAPT,State Board of Education,8,REP,William Matthews,190
Madison,0020 ALDERSGATE UMC,State Board of Education,8,REP,Connie Spears,157
Madison,0020 ALDERSGATE UMC,State Board of Education,8,REP,Emily Jones,355
Madison,0020 ALDERSGATE UMC,State Board of Education,8,REP,William Matthews,196
Madison,0021 FARLEY COMM CH,State Board of Education,8,REP,Connie Spears,143
Madison,0021 FARLEY COMM CH,State Board of Education,8,REP,Emily Jones,266
Madison,0021 FARLEY COMM CH,State Board of Education,8,REP,William Matthews,204
Madison,0022 HILLWOOD BAPT CH,State Board of Education,8,REP,Connie Spears,145
Madison,0022 HILLWOOD BAPT CH,State Board of Education,8,REP,Emily Jones,187
Madison,0022 HILLWOOD BAPT CH,State Board of Education,8,REP,William Matthews,149
Madison,0023 COMM FELLOWSHIP,State Board of Education,8,REP,Connie Spears,146
Madison,0023 COMM FELLOWSHIP,State Board of Education,8,REP,Emily Jones,249
Madison,0023 COMM FELLOWSHIP,State Board of Education,8,REP,William Matthews,148
Madison,0024 OAKWOOD UNIVERSITY CH,State Board of Education,8,REP,Connie Spears,30
Madison,0024 OAKWOOD UNIVERSITY CH,State Board of Education,8,REP,Emily Jones,46
Madison,0024 OAKWOOD UNIVERSITY CH,State Board of Education,8,REP,William Matthews,32
Madison,0025 CLUBHOUSE ON GREEN MT,State Board of Education,8,REP,Connie Spears,55
Madison,0025 CLUBHOUSE ON GREEN MT,State Board of Education,8,REP,Emily Jones,125
Madison,0025 CLUBHOUSE ON GREEN MT,State Board of Education,8,REP,William Matthews,75
Madison,0026 ST MATTHEWS PB CH,State Board of Education,8,REP,Connie Spears,14
Madison,0026 ST MATTHEWS PB CH,State Board of Education,8,REP,Emily Jones,19
Madison,0026 ST MATTHEWS PB CH,State Board of Education,8,REP,William Matthews,22
Madison,0027 FIRST MISSIONARY BAPT,State Board of Education,8,REP,Connie Spears,9
Madison,0027 FIRST MISSIONARY BAPT,State Board of Education,8,REP,Emily Jones,12
Madison,0027 FIRST MISSIONARY BAPT,State Board of Education,8,REP,William Matthews,12
Madison,0028 DR RICHARD SHOWERS CTR,State Board of Education,8,REP,Connie Spears,10
Madison,0028 DR RICHARD SHOWERS CTR,State Board of Education,8,REP,Emily Jones,2
Madison,0028 DR RICHARD SHOWERS CTR,State Board of Education,8,REP,William Matthews,9
Madison,0029 HOUSE OF HOPE & REST,State Board of Education,8,REP,Connie Spears,10
Madison,0029 HOUSE OF HOPE & REST,State Board of Education,8,REP,Emily Jones,19
Madison,0029 HOUSE OF HOPE & REST,State Board of Education,8,REP,William Matthews,14
Madison,0030 BOB HARRISON SR CTR,State Board of Education,8,REP,Connie Spears,14
Madison,0030 BOB HARRISON SR CTR,State Board of Education,8,REP,Emily Jones,25
Madison,0030 BOB HARRISON SR CTR,State Board of Education,8,REP,William Matthews,27
Madison,0031 CALVARY HILL COMM CTR,State Board of Education,8,REP,Connie Spears,18
Madison,0031 CALVARY HILL COMM CTR,State Board of Education,8,REP,Emily Jones,22
Madison,0031 CALVARY HILL COMM CTR,State Board of Education,8,REP,William Matthews,24
Madison,0032 LEWIS CHAPEL C P CH,State Board of Education,8,REP,Connie Spears,2
Madison,0032 LEWIS CHAPEL C P CH,State Board of Education,8,REP,Emily Jones,4
Madison,0032 LEWIS CHAPEL C P CH,State Board of Education,8,REP,William Matthews,2
Madison,0033 LAKEWOOD COMM CTR,State Board of Education,8,REP,Connie Spears,10
Madison,0033 LAKEWOOD COMM CTR,State Board of Education,8,REP,Emily Jones,10
Madison,0033 LAKEWOOD COMM CTR,State Board of Education,8,REP,William Matthews,14
Madison,0034 WEST HUNTSVILLE BAPT,State Board of Education,8,REP,Connie Spears,11
Madison,0034 WEST HUNTSVILLE BAPT,State Board of Education,8,REP,Emily Jones,15
Madison,0034 WEST HUNTSVILLE BAPT,State Board of Education,8,REP,William Matthews,15
Madison,0035 ST PAUL UMC,State Board of Education,8,REP,Connie Spears,45
Madison,0035 ST PAUL UMC,State Board of Education,8,REP,Emily Jones,73
Madison,0035 ST PAUL UMC,State Board of Education,8,REP,William Matthews,80
Madison,0036 ST LUKE CHRISTIAN CH,State Board of Education,8,REP,Connie Spears,19
Madison,0036 ST LUKE CHRISTIAN CH,State Board of Education,8,REP,Emily Jones,28
Madison,0036 ST LUKE CHRISTIAN CH,State Board of Education,8,REP,William Matthews,26
Madison,0037 W HUNTSVILLE C OF CHR,State Board of Education,8,REP,Connie Spears,53
Madison,0037 W HUNTSVILLE C OF CHR,State Board of Education,8,REP,Emily Jones,91
Madison,0037 W HUNTSVILLE C OF CHR,State Board of Education,8,REP,William Matthews,63
Madison,0038 TOWN WELLNESS CTR,State Board of Education,8,REP,Connie Spears,90
Madison,0038 TOWN WELLNESS CTR,State Board of Education,8,REP,Emily Jones,106
Madison,0038 TOWN WELLNESS CTR,State Board of Education,8,REP,William Matthews,98
Madison,0039 SHERWOOD BAPT CH,State Board of Education,8,REP,Connie Spears,36
Madison,0039 SHERWOOD BAPT CH,State Board of Education,8,REP,Emily Jones,52
Madison,0039 SHERWOOD BAPT CH,State Board of Education,8,REP,William Matthews,59
Madison,0040 NEW MARKET REC CTR,State Board of Education,8,REP,Connie Spears,54
Madison,0040 NEW MARKET REC CTR,State Board of Education,8,REP,Emily Jones,80
Madison,0040 NEW MARKET REC CTR,State Board of Education,8,REP,William Matthews,91
Madison,0041 MAYSVILLE C OF CHR,State Board of Education,8,REP,Connie Spears,128
Madison,0041 MAYSVILLE C OF CHR,State Board of Education,8,REP,Emily Jones,282
Madison,0041 MAYSVILLE C OF CHR,State Board of Education,8,REP,William Matthews,170
Madison,0042 LITTLE INDIAN CREEK,State Board of Education,8,REP,Connie Spears,109
Madison,0042 LITTLE INDIAN CREEK,State Board of Education,8,REP,Emily Jones,171
Madison,0042 LITTLE INDIAN CREEK,State Board of Education,8,REP,William Matthews,147
Madison,0043 TRIANA CITY HALL,State Board of Education,8,REP,Connie Spears,53
Madison,0043 TRIANA CITY HALL,State Board of Education,8,REP,Emily Jones,65
Madison,0043 TRIANA CITY HALL,State Board of Education,8,REP,William Matthews,38
Madison,0044 RIVERTREE CH,State Board of Education,8,REP,Connie Spears,225
Madison,0044 RIVERTREE CH,State Board of Education,8,REP,Emily Jones,431
Madison,0044 RIVERTREE CH,State Board of Education,8,REP,William Matthews,291
Madison,0045 GURLEY SENIOR CTR,State Board of Education,8,REP,Connie Spears,53
Madison,0045 GURLEY SENIOR CTR,State Board of Education,8,REP,Emily Jones,108
Madison,0045 GURLEY SENIOR CTR,State Board of Education,8,REP,William Matthews,89
Madison,0046 MISSION 7TH DAY ADV,State Board of Education,8,REP,Connie Spears,96
Madison,0046 MISSION 7TH DAY ADV,State Board of Education,8,REP,Emily Jones,122
Madison,0046 MISSION 7TH DAY ADV,State Board of Education,8,REP,William Matthews,100
Madison,0047 PINEVIEW BAPT CH,State Board of Education,8,REP,Connie Spears,47
Madison,0047 PINEVIEW BAPT CH,State Board of Education,8,REP,Emily Jones,86
Madison,0047 PINEVIEW BAPT CH,State Board of Education,8,REP,William Matthews,70
Madison,0048 TONEY CHURCH,State Board of Education,8,REP,Connie Spears,83
Madison,0048 TONEY CHURCH,State Board of Education,8,REP,Emily Jones,145
Madison,0048 TONEY CHURCH,State Board of Education,8,REP,William Matthews,160
Madison,0049 MARY K JOHNSTON GYM,State Board of Education,8,REP,Connie Spears,36
Madison,0049 MARY K JOHNSTON GYM,State Board of Education,8,REP,Emily Jones,70
Madison,0049 MARY K JOHNSTON GYM,State Board of Education,8,REP,William Matthews,77
Madison,0050 PLAINVIEW CH OF CHR,State Board of Education,8,REP,Connie Spears,79
Madison,0050 PLAINVIEW CH OF CHR,State Board of Education,8,REP,Emily Jones,142
Madison,0050 PLAINVIEW CH OF CHR,State Board of Education,8,REP,William Matthews,132
Madison,0051 NEW HOPE CITY HALL,State Board of Education,8,REP,Connie Spears,73
Madison,0051 NEW HOPE CITY HALL,State Board of Education,8,REP,Emily Jones,178
Madison,0051 NEW HOPE CITY HALL,State Board of Education,8,REP,William Matthews,177
Madison,0052 MADISON PUBLIC LIBR,State Board of Education,8,REP,Connie Spears,118
Madison,0052 MADISON PUBLIC LIBR,State Board of Education,8,REP,Emily Jones,99
Madison,0052 MADISON PUBLIC LIBR,State Board of Education,8,REP,William Matthews,75
Madison,0053 PINE GROVE MISSION,State Board of Education,8,REP,Connie Spears,101
Madison,0053 PINE GROVE MISSION,State Board of Education,8,REP,Emily Jones,103
Madison,0053 PINE GROVE MISSION,State Board of Education,8,REP,William Matthews,121
Madison,0054 MADISON CITY HALL,State Board of Education,8,REP,Connie Spears,187
Madison,0054 MADISON CITY HALL,State Board of Education,8,REP,Emily Jones,138
Madison,0054 MADISON CITY HALL,State Board of Education,8,REP,William Matthews,107
Madison,0055 LOCUST GROVE BAPT CH,State Board of Education,8,REP,Connie Spears,88
Madison,0055 LOCUST GROVE BAPT CH,State Board of Education,8,REP,Emily Jones,134
Madison,0055 LOCUST GROVE BAPT CH,State Board of Education,8,REP,William Matthews,139
Madison,0056 NEW MARKET VOL FIRE,State Board of Education,8,REP,Connie Spears,18
Madison,0056 NEW MARKET VOL FIRE,State Board of Education,8,REP,Emily Jones,52
Madison,0056 NEW MARKET VOL FIRE,State Board of Education,8,REP,William Matthews,48
Madison,0057 OWENS CROSS ROADS CT,State Board of Education,8,REP,Connie Spears,81
Madison,0057 OWENS CROSS ROADS CT,State Board of Education,8,REP,Emily Jones,153
Madison,0057 OWENS CROSS ROADS CT,State Board of Education,8,REP,William Matthews,99
Madison,0058 FIRST BAPT CH MER,State Board of Education,8,REP,Connie Spears,42
Madison,0058 FIRST BAPT CH MER,State Board of Education,8,REP,Emily Jones,82
Madison,0058 FIRST BAPT CH MER,State Board of Education,8,REP,William Matthews,86
Madison,0059 BROWNSBORO BAPT CH,State Board of Education,8,REP,Connie Spears,80
Madison,0059 BROWNSBORO BAPT CH,State Board of Education,8,REP,Emily Jones,116
Madison,0059 BROWNSBORO BAPT CH,State Board of Education,8,REP,William Matthews,124
Madison,0060 MONROVIA CH OF CHR,State Board of Education,8,REP,Connie Spears,103
Madison,0060 MONROVIA CH OF CHR,State Board of Education,8,REP,Emily Jones,139
Madison,0060 MONROVIA CH OF CHR,State Board of Education,8,REP,William Matthews,148
Madison,0061 CO COMMISSION DIST 1,State Board of Education,8,REP,Connie Spears,63
Madison,0061 CO COMMISSION DIST 1,State Board of Education,8,REP,Emily Jones,113
Madison,0061 CO COMMISSION DIST 1,State Board of Education,8,REP,William Matthews,112
Madison,0062 BOBO VFD,State Board of Education,8,REP,Connie Spears,55
Madison,0062 BOBO VFD,State Board of Education,8,REP,Emily Jones,120
Madison,0062 BOBO VFD,State Board of Education,8,REP,William Matthews,87
Madison,0063 MERDIANVILLE C OF CHR,State Board of Education,8,REP,Connie Spears,172
Madison,0063 MERDIANVILLE C OF CHR,State Board of Education,8,REP,Emily Jones,246
Madison,0063 MERDIANVILLE C OF CHR,State Board of Education,8,REP,William Matthews,244
Madison,0064 MT ZION BAPT CH,State Board of Education,8,REP,Connie Spears,180
Madison,0064 MT ZION BAPT CH,State Board of Education,8,REP,Emily Jones,227
Madison,0064 MT ZION BAPT CH,State Board of Education,8,REP,William Matthews,194
Madison,0065 HAROLD HARBIN GYM,State Board of Education,8,REP,Connie Spears,57
Madison,0065 HAROLD HARBIN GYM,State Board of Education,8,REP,Emily Jones,136
Madison,0065 HAROLD HARBIN GYM,State Board of Education,8,REP,William Matthews,118
Madison,0066 FAITH LUTHERAN CH,State Board of Education,8,REP,Connie Spears,174
Madison,0066 FAITH LUTHERAN CH,State Board of Education,8,REP,Emily Jones,146
Madison,0066 FAITH LUTHERAN CH,State Board of Education,8,REP,William Matthews,95
Madison,0067 MADISON COMM CTR,State Board of Education,8,REP,Connie Spears,233
Madison,0067 MADISON COMM CTR,State Board of Education,8,REP,Emily Jones,143
Madison,0067 MADISON COMM CTR,State Board of Education,8,REP,William Matthews,89
Madison,0068 ASBURY CHURCH,State Board of Education,8,REP,Connie Spears,304
Madison,0068 ASBURY CHURCH,State Board of Education,8,REP,Emily Jones,315
Madison,0068 ASBURY CHURCH,State Board of Education,8,REP,William Matthews,182
Madison,0069 RESTORATION CHURCH,State Board of Education,8,REP,Connie Spears,211
Madison,0069 RESTORATION CHURCH,State Board of Education,8,REP,Emily Jones,190
Madison,0069 RESTORATION CHURCH,State Board of Education,8,REP,William Matthews,110
Madison,0070 MONROVIA COMM CTR,State Board of Education,8,REP,Connie Spears,100
Madison,0070 MONROVIA COMM CTR,State Board of Education,8,REP,Emily Jones,187
Madison,0070 MONROVIA COMM CTR,State Board of Education,8,REP,William Matthews,128
Madison,0071 MOVEMENT CHURCH,State Board of Education,8,REP,Connie Spears,76
Madison,0071 MOVEMENT CHURCH,State Board of Education,8,REP,Emily Jones,63
Madison,0071 MOVEMENT CHURCH,State Board of Education,8,REP,William Matthews,42
Madison,0072 INDIAN CREEK BAPT CH,State Board of Education,8,REP,Connie Spears,101
Madison,0072 INDIAN CREEK BAPT CH,State Board of Education,8,REP,Emily Jones,184
Madison,0072 INDIAN CREEK BAPT CH,State Board of Education,8,REP,William Matthews,151
Madison,0073 CROSS RD COMM CTR,State Board of Education,8,REP,Connie Spears,70
Madison,0073 CROSS RD COMM CTR,State Board of Education,8,REP,Emily Jones,154
Madison,0073 CROSS RD COMM CTR,State Board of Education,8,REP,William Matthews,119
Madison,0074 PROVIDENCE BAPT CH,State Board of Education,8,REP,Connie Spears,66
Madison,0074 PROVIDENCE BAPT CH,State Board of Education,8,REP,Emily Jones,120
Madison,0074 PROVIDENCE BAPT CH,State Board of Education,8,REP,William Matthews,99
Madison,0075 WALL HWY BAPT CH,State Board of Education,8,REP,Connie Spears,48
Madison,0075 WALL HWY BAPT CH,State Board of Education,8,REP,Emily Jones,75
Madison,0075 WALL HWY BAPT CH,State Board of Education,8,REP,William Matthews,57
Madison,0076 HOPE CHURCH,State Board of Education,8,REP,Connie Spears,62
Madison,0076 HOPE CHURCH,State Board of Education,8,REP,Emily Jones,98
Madison,0076 HOPE CHURCH,State Board of Education,8,REP,William Matthews,72
Madison,0077 DAYSTAR CHURCH,State Board of Education,8,REP,Connie Spears,111
Madison,0077 DAYSTAR CHURCH,State Board of Education,8,REP,Emily Jones,188
Madison,0077 DAYSTAR CHURCH,State Board of Education,8,REP,William Matthews,125
Madison,0078 CH OF JESUS CHR LDS,State Board of Education,8,REP,Connie Spears,71
Madison,0078 CH OF JESUS CHR LDS,State Board of Education,8,REP,Emily Jones,84
Madison,0078 CH OF JESUS CHR LDS,State Board of Education,8,REP,William Matthews,66
Madison,0079 OCR CHURCH OF CHRIST,State Board of Education,8,REP,Connie Spears,63
Madison,0079 OCR CHURCH OF CHRIST,State Board of Education,8,REP,Emily Jones,130
Madison,0079 OCR CHURCH OF CHRIST,State Board of Education,8,REP,William Matthews,82
Madison,0080 ABSENTEE 1,State Board of Education,8,REP,Connie Spears,164
Madison,0080 ABSENTEE 1,State Board of Education,8,REP,Emily Jones,288
Madison,0080 ABSENTEE 1,State Board of Education,8,REP,William Matthews,91
Madison,0081 PROVISIONAL,State Board of Education,8,REP,Connie Spears,5
Madison,0081 PROVISIONAL,State Board of Education,8,REP,Emily Jones,13
Madison,0081 PROVISIONAL,State Board of Education,8,REP,William Matthews,11
Madison,0001 AL A&M ELMORE GYM,"Public Service Commission, Place No. 1",,DEM,James O. Gordon,165
Madison,0001 AL A&M ELMORE GYM,"Public Service Commission, Place No. 1",,DEM,Jeff Ramsey,76
Madison,0001 AL A&M ELMORE GYM,"Public Service Commission, Place No. 1",,DEM,John Northrop,42
Madison,0002 LINCOLN CH OF CHRIST,"Public Service Commission, Place No. 1",,DEM,James O. Gordon,57
Madison,0002 LINCOLN CH OF CHRIST,"Public Service Commission, Place No. 1",,DEM,Jeff Ramsey,29
Madison,0002 LINCOLN CH OF CHRIST,"Public Service Commission, Place No. 1",,DEM,John Northrop,33
Madison,0003 JACKSON WAY BAPT CH,"Public Service Commission, Place No. 1",,DEM,James O. Gordon,103
Madison,0003 JACKSON WAY BAPT CH,"Public Service Commission, Place No. 1",,DEM,Jeff Ramsey,138
Madison,0003 JACKSON WAY BAPT CH,"Public Service Commission, Place No. 1",,DEM,John Northrop,85
Madison,0004 FIRST BAPT CH,"Public Service Commission, Place No. 1",,DEM,James O. Gordon,146
Madison,0004 FIRST BAPT CH,"Public Service Commission, Place No. 1",,DEM,Jeff Ramsey,197
Madison,0004 FIRST BAPT CH,"Public Service Commission, Place No. 1",,DEM,John Northrop,130
Madison,0005 OPTIMIST PRK REC CTR,"Public Service Commission, Place No. 1",,DEM,James O. Gordon,122
Madison,0005 OPTIMIST PRK REC CTR,"Public Service Commission, Place No. 1",,DEM,Jeff Ramsey,156
Madison,0005 OPTIMIST PRK REC CTR,"Public Service Commission, Place No. 1",,DEM,John Northrop,93
Madison,0006 HOPE VALLEY BIBLE CH,"Public Service Commission, Place No. 1",,DEM,James O. Gordon,96
Madison,0006 HOPE VALLEY BIBLE CH,"Public Service Commission, Place No. 1",,DEM,Jeff Ramsey,78
Madison,0006 HOPE VALLEY BIBLE CH,"Public Service Commission, Place No. 1",,DEM,John Northrop,69
Madison,0007 CHASE PARK CH OF CHR,"Public Service Commission, Place No. 1",,DEM,James O. Gordon,471
Madison,0007 CHASE PARK CH OF CHR,"Public Service Commission, Place No. 1",,DEM,Jeff Ramsey,265
Madison,0007 CHASE PARK CH OF CHR,"Public Service Commission, Place No. 1",,DEM,John Northrop,168
Madison,0008 CORNERSTONE PRESB,"Public Service Commission, Place No. 1",,DEM,James O. Gordon,56
Madison,0008 CORNERSTONE PRESB,"Public Service Commission, Place No. 1",,DEM,Jeff Ramsey,102
Madison,0008 CORNERSTONE PRESB,"Public Service Commission, Place No. 1",,DEM,John Northrop,55
Madison,0009 CHURCH ON THE HILL,"Public Service Commission, Place No. 1",,DEM,James O. Gordon,67
Madison,0009 CHURCH ON THE HILL,"Public Service Commission, Place No. 1",,DEM,Jeff Ramsey,49
Madison,0009 CHURCH ON THE HILL,"Public Service Commission, Place No. 1",,DEM,John Northrop,31
Madison,0010 MONTE SANO UMC,"Public Service Commission, Place No. 1",,DEM,James O. Gordon,56
Madison,0010 MONTE SANO UMC,"Public Service Commission, Place No. 1",,DEM,Jeff Ramsey,93
Madison,0010 MONTE SANO UMC,"Public Service Commission, Place No. 1",,DEM,John Northrop,49
Madison,0011 COVE CHURCH,"Public Service Commission, Place No. 1",,DEM,James O. Gordon,110
Madison,0011 COVE CHURCH,"Public Service Commission, Place No. 1",,DEM,Jeff Ramsey,124
Madison,0011 COVE CHURCH,"Public Service Commission, Place No. 1",,DEM,John Northrop,74
Madison,0012 HAMPTON COVE C OF CHR,"Public Service Commission, Place No. 1",,DEM,James O. Gordon,68
Madison,0012 HAMPTON COVE C OF CHR,"Public Service Commission, Place No. 1",,DEM,Jeff Ramsey,62
Madison,0012 HAMPTON COVE C OF CHR,"Public Service Commission, Place No. 1",,DEM,John Northrop,52
Madison,0013 COVENANT PRESB CH,"Public Service Commission, Place No. 1",,DEM,James O. Gordon,100
Madison,0013 COVENANT PRESB CH,"Public Service Commission, Place No. 1",,DEM,Jeff Ramsey,146
Madison,0013 COVENANT PRESB CH,"Public Service Commission, Place No. 1",,DEM,John Northrop,106
Madison,0014 SOUTHWOOD PRESB,"Public Service Commission, Place No. 1",,DEM,James O. Gordon,68
Madison,0014 SOUTHWOOD PRESB,"Public Service Commission, Place No. 1",,DEM,Jeff Ramsey,64
Madison,0014 SOUTHWOOD PRESB,"Public Service Commission, Place No. 1",,DEM,John Northrop,41
Madison,0015 WILLOWBROOK BAPT CH,"Public Service Commission, Place No. 1",,DEM,James O. Gordon,135
Madison,0015 WILLOWBROOK BAPT CH,"Public Service Commission, Place No. 1",,DEM,Jeff Ramsey,193
Madison,0015 WILLOWBROOK BAPT CH,"Public Service Commission, Place No. 1",,DEM,John Northrop,103
Madison,0016 WESTSIDE COMM CTR,"Public Service Commission, Place No. 1",,DEM,James O. Gordon,20
Madison,0016 WESTSIDE COMM CTR,"Public Service Commission, Place No. 1",,DEM,Jeff Ramsey,10
Madison,0016 WESTSIDE COMM CTR,"Public Service Commission, Place No. 1",,DEM,John Northrop,8
Madison,0017 TRINITY UMC,"Public Service Commission, Place No. 1",,DEM,James O. Gordon,136
Madison,0017 TRINITY UMC,"Public Service Commission, Place No. 1",,DEM,Jeff Ramsey,119
Madison,0017 TRINITY UMC,"Public Service Commission, Place No. 1",,DEM,John Northrop,79
Madison,0018 WHITESBURG BAPT CH,"Public Service Commission, Place No. 1",,DEM,James O. Gordon,119
Madison,0018 WHITESBURG BAPT CH,"Public Service Commission, Place No. 1",,DEM,Jeff Ramsey,127
Madison,0018 WHITESBURG BAPT CH,"Public Service Commission, Place No. 1",,DEM,John Northrop,82
Madison,0019 WEATHERLY HGTS BAPT,"Public Service Commission, Place No. 1",,DEM,James O. Gordon,132
Madison,0019 WEATHERLY HGTS BAPT,"Public Service Commission, Place No. 1",,DEM,Jeff Ramsey,146
Madison,0019 WEATHERLY HGTS BAPT,"Public Service Commission, Place No. 1",,DEM,John Northrop,72
Madison,0020 ALDERSGATE UMC,"Public Service Commission, Place No. 1",,DEM,James O. Gordon,151
Madison,0020 ALDERSGATE UMC,"Public Service Commission, Place No. 1",,DEM,Jeff Ramsey,155
Madison,0020 ALDERSGATE UMC,"Public Service Commission, Place No. 1",,DEM,John Northrop,104
Madison,0021 FARLEY COMM CH,"Public Service Commission, Place No. 1",,DEM,James O. Gordon,165
Madison,0021 FARLEY COMM CH,"Public Service Commission, Place No. 1",,DEM,Jeff Ramsey,146
Madison,0021 FARLEY COMM CH,"Public Service Commission, Place No. 1",,DEM,John Northrop,102
Madison,0022 HILLWOOD BAPT CH,"Public Service Commission, Place No. 1",,DEM,James O. Gordon,150
Madison,0022 HILLWOOD BAPT CH,"Public Service Commission, Place No. 1",,DEM,Jeff Ramsey,151
Madison,0022 HILLWOOD BAPT CH,"Public Service Commission, Place No. 1",,DEM,John Northrop,76
Madison,0023 COMM FELLOWSHIP,"Public Service Commission, Place No. 1",,DEM,James O. Gordon,115
Madison,0023 COMM FELLOWSHIP,"Public Service Commission, Place No. 1",,DEM,Jeff Ramsey,141
Madison,0023 COMM FELLOWSHIP,"Public Service Commission, Place No. 1",,DEM,John Northrop,84
Madison,0024 OAKWOOD UNIVERSITY CH,"Public Service Commission, Place No. 1",,DEM,James O. Gordon,525
Madison,0024 OAKWOOD UNIVERSITY CH,"Public Service Commission, Place No. 1",,DEM,Jeff Ramsey,223
Madison,0024 OAKWOOD UNIVERSITY CH,"Public Service Commission, Place No. 1",,DEM,John Northrop,159
Madison,0025 CLUBHOUSE ON GREEN MT,"Public Service Commission, Place No. 1",,DEM,James O. Gordon,33
Madison,0025 CLUBHOUSE ON GREEN MT,"Public Service Commission, Place No. 1",,DEM,Jeff Ramsey,40
Madison,0025 CLUBHOUSE ON GREEN MT,"Public Service Commission, Place No. 1",,DEM,John Northrop,16
Madison,0026 ST MATTHEWS PB CH,"Public Service Commission, Place No. 1",,DEM,James O. Gordon,227
Madison,0026 ST MATTHEWS PB CH,"Public Service Commission, Place No. 1",,DEM,Jeff Ramsey,103
Madison,0026 ST MATTHEWS PB CH,"Public Service Commission, Place No. 1",,DEM,John Northrop,60
Madison,0027 FIRST MISSIONARY BAPT,"Public Service Commission, Place No. 1",,DEM,James O. Gordon,364
Madison,0027 FIRST MISSIONARY BAPT,"Public Service Commission, Place No. 1",,DEM,Jeff Ramsey,182
Madison,0027 FIRST MISSIONARY BAPT,"Public Service Commission, Place No. 1",,DEM,John Northrop,103
Madison,0028 DR RICHARD SHOWERS CTR,"Public Service Commission, Place No. 1",,DEM,James O. Gordon,281
Madison,0028 DR RICHARD SHOWERS CTR,"Public Service Commission, Place No. 1",,DEM,Jeff Ramsey,152
Madison,0028 DR RICHARD SHOWERS CTR,"Public Service Commission, Place No. 1",,DEM,John Northrop,64
Madison,0029 HOUSE OF HOPE & REST,"Public Service Commission, Place No. 1",,DEM,James O. Gordon,504
Madison,0029 HOUSE OF HOPE & REST,"Public Service Commission, Place No. 1",,DEM,Jeff Ramsey,173
Madison,0029 HOUSE OF HOPE & REST,"Public Service Commission, Place No. 1",,DEM,John Northrop,109
Madison,0030 BOB HARRISON SR CTR,"Public Service Commission, Place No. 1",,DEM,James O. Gordon,532
Madison,0030 BOB HARRISON SR CTR,"Public Service Commission, Place No. 1",,DEM,Jeff Ramsey,257
Madison,0030 BOB HARRISON SR CTR,"Public Service Commission, Place No. 1",,DEM,John Northrop,122
Madison,0031 CALVARY HILL COMM CTR,"Public Service Commission, Place No. 1",,DEM,James O. Gordon,173
Madison,0031 CALVARY HILL COMM CTR,"Public Service Commission, Place No. 1",,DEM,Jeff Ramsey,97
Madison,0031 CALVARY HILL COMM CTR,"Public Service Commission, Place No. 1",,DEM,John Northrop,53
Madison,0032 LEWIS CHAPEL C P CH,"Public Service Commission, Place No. 1",,DEM,James O. Gordon,68
Madison,0032 LEWIS CHAPEL C P CH,"Public Service Commission, Place No. 1",,DEM,Jeff Ramsey,24
Madison,0032 LEWIS CHAPEL C P CH,"Public Service Commission, Place No. 1",,DEM,John Northrop,19
Madison,0033 LAKEWOOD COMM CTR,"Public Service Commission, Place No. 1",,DEM,James O. Gordon,172
Madison,0033 LAKEWOOD COMM CTR,"Public Service Commission, Place No. 1",,DEM,Jeff Ramsey,83
Madison,0033 LAKEWOOD COMM CTR,"Public Service Commission, Place No. 1",,DEM,John Northrop,59
Madison,0034 WEST HUNTSVILLE BAPT,"Public Service Commission, Place No. 1",,DEM,James O. Gordon,88
Madison,0034 WEST HUNTSVILLE BAPT,"Public Service Commission, Place No. 1",,DEM,Jeff Ramsey,92
Madison,0034 WEST HUNTSVILLE BAPT,"Public Service Commission, Place No. 1",,DEM,John Northrop,35
Madison,0035 ST PAUL UMC,"Public Service Commission, Place No. 1",,DEM,James O. Gordon,178
Madison,0035 ST PAUL UMC,"Public Service Commission, Place No. 1",,DEM,Jeff Ramsey,128
Madison,0035 ST PAUL UMC,"Public Service Commission, Place No. 1",,DEM,John Northrop,75
Madison,0036 ST LUKE CHRISTIAN CH,"Public Service Commission, Place No. 1",,DEM,James O. Gordon,340
Madison,0036 ST LUKE CHRISTIAN CH,"Public Service Commission, Place No. 1",,DEM,Jeff Ramsey,176
Madison,0036 ST LUKE CHRISTIAN CH,"Public Service Commission, Place No. 1",,DEM,John Northrop,92
Madison,0037 W HUNTSVILLE C OF CHR,"Public Service Commission, Place No. 1",,DEM,James O. Gordon,218
Madison,0037 W HUNTSVILLE C OF CHR,"Public Service Commission, Place No. 1",,DEM,Jeff Ramsey,168
Madison,0037 W HUNTSVILLE C OF CHR,"Public Service Commission, Place No. 1",,DEM,John Northrop,84
Madison,0038 TOWN WELLNESS CTR,"Public Service Commission, Place No. 1",,DEM,James O. Gordon,288
Madison,0038 TOWN WELLNESS CTR,"Public Service Commission, Place No. 1",,DEM,Jeff Ramsey,142
Madison,0038 TOWN WELLNESS CTR,"Public Service Commission, Place No. 1",,DEM,John Northrop,100
Madison,0039 SHERWOOD BAPT CH,"Public Service Commission, Place No. 1",,DEM,James O. Gordon,103
Madison,0039 SHERWOOD BAPT CH,"Public Service Commission, Place No. 1",,DEM,Jeff Ramsey,93
Madison,0039 SHERWOOD BAPT CH,"Public Service Commission, Place No. 1",,DEM,John Northrop,39
Madison,0040 NEW MARKET REC CTR,"Public Service Commission, Place No. 1",,DEM,James O. Gordon,45
Madison,0040 NEW MARKET REC CTR,"Public Service Commission, Place No. 1",,DEM,Jeff Ramsey,44
Madison,0040 NEW MARKET REC CTR,"Public Service Commission, Place No. 1",,DEM,John Northrop,34
Madison,0041 MAYSVILLE C OF CHR,"Public Service Commission, Place No. 1",,DEM,James O. Gordon,121
Madison,0041 MAYSVILLE C OF CHR,"Public Service Commission, Place No. 1",,DEM,Jeff Ramsey,118
Madison,0041 MAYSVILLE C OF CHR,"Public Service Commission, Place No. 1",,DEM,John Northrop,65
Madison,0042 LITTLE INDIAN CREEK,"Public Service Commission, Place No. 1",,DEM,James O. Gordon,368
Madison,0042 LITTLE INDIAN CREEK,"Public Service Commission, Place No. 1",,DEM,Jeff Ramsey,177
Madison,0042 LITTLE INDIAN CREEK,"Public Service Commission, Place No. 1",,DEM,John Northrop,127
Madison,0043 TRIANA CITY HALL,"Public Service Commission, Place No. 1",,DEM,James O. Gordon,380
Madison,0043 TRIANA CITY HALL,"Public Service Commission, Place No. 1",,DEM,Jeff Ramsey,174
Madison,0043 TRIANA CITY HALL,"Public Service Commission, Place No. 1",,DEM,John Northrop,148
Madison,0044 RIVERTREE CH,"Public Service Commission, Place No. 1",,DEM,James O. Gordon,144
Madison,0044 RIVERTREE CH,"Public Service Commission, Place No. 1",,DEM,Jeff Ramsey,139
Madison,0044 RIVERTREE CH,"Public Service Commission, Place No. 1",,DEM,John Northrop,84
Madison,0045 GURLEY SENIOR CTR,"Public Service Commission, Place No. 1",,DEM,James O. Gordon,20
Madison,0045 GURLEY SENIOR CTR,"Public Service Commission, Place No. 1",,DEM,Jeff Ramsey,26
Madison,0045 GURLEY SENIOR CTR,"Public Service Commission, Place No. 1",,DEM,John Northrop,30
Madison,0046 MISSION 7TH DAY ADV,"Public Service Commission, Place No. 1",,DEM,James O. Gordon,242
Madison,0046 MISSION 7TH DAY ADV,"Public Service Commission, Place No. 1",,DEM,Jeff Ramsey,169
Madison,0046 MISSION 7TH DAY ADV,"Public Service Commission, Place No. 1",,DEM,John Northrop,99
Madison,0047 PINEVIEW BAPT CH,"Public Service Commission, Place No. 1",,DEM,James O. Gordon,325
Madison,0047 PINEVIEW BAPT CH,"Public Service Commission, Place No. 1",,DEM,Jeff Ramsey,143
Madison,0047 PINEVIEW BAPT CH,"Public Service Commission, Place No. 1",,DEM,John Northrop,92
Madison,0048 TONEY CHURCH,"Public Service Commission, Place No. 1",,DEM,James O. Gordon,439
Madison,0048 TONEY CHURCH,"Public Service Commission, Place No. 1",,DEM,Jeff Ramsey,171
Madison,0048 TONEY CHURCH,"Public Service Commission, Place No. 1",,DEM,John Northrop,108
Madison,0049 MARY K JOHNSTON GYM,"Public Service Commission, Place No. 1",,DEM,James O. Gordon,111
Madison,0049 MARY K JOHNSTON GYM,"Public Service Commission, Place No. 1",,DEM,Jeff Ramsey,76
Madison,0049 MARY K JOHNSTON GYM,"Public Service Commission, Place No. 1",,DEM,John Northrop,47
Madison,0050 PLAINVIEW CH OF CHR,"Public Service Commission, Place No. 1",,DEM,James O. Gordon,138
Madison,0050 PLAINVIEW CH OF CHR,"Public Service Commission, Place No. 1",,DEM,Jeff Ramsey,91
Madison,0050 PLAINVIEW CH OF CHR,"Public Service Commission, Place No. 1",,DEM,John Northrop,55
Madison,0051 NEW HOPE CITY HALL,"Public Service Commission, Place No. 1",,DEM,James O. Gordon,27
Madison,0051 NEW HOPE CITY HALL,"Public Service Commission, Place No. 1",,DEM,Jeff Ramsey,57
Madison,0051 NEW HOPE CITY HALL,"Public Service Commission, Place No. 1",,DEM,John Northrop,24
Madison,0052 MADISON PUBLIC LIBR,"Public Service Commission, Place No. 1",,DEM,James O. Gordon,96
Madison,0052 MADISON PUBLIC LIBR,"Public Service Commission, Place No. 1",,DEM,Jeff Ramsey,79
Madison,0052 MADISON PUBLIC LIBR,"Public Service Commission, Place No. 1",,DEM,John Northrop,55
Madison,0053 PINE GROVE MISSION,"Public Service Commission, Place No. 1",,DEM,James O. Gordon,197
Madison,0053 PINE GROVE MISSION,"Public Service Commission, Place No. 1",,DEM,Jeff Ramsey,111
Madison,0053 PINE GROVE MISSION,"Public Service Commission, Place No. 1",,DEM,John Northrop,77
Madison,0054 MADISON CITY HALL,"Public Service Commission, Place No. 1",,DEM,James O. Gordon,160
Madison,0054 MADISON CITY HALL,"Public Service Commission, Place No. 1",,DEM,Jeff Ramsey,137
Madison,0054 MADISON CITY HALL,"Public Service Commission, Place No. 1",,DEM,John Northrop,72
Madison,0055 LOCUST GROVE BAPT CH,"Public Service Commission, Place No. 1",,DEM,James O. Gordon,251
Madison,0055 LOCUST GROVE BAPT CH,"Public Service Commission, Place No. 1",,DEM,Jeff Ramsey,134
Madison,0055 LOCUST GROVE BAPT CH,"Public Service Commission, Place No. 1",,DEM,John Northrop,91
Madison,0056 NEW MARKET VOL FIRE,"Public Service Commission, Place No. 1",,DEM,James O. Gordon,16
Madison,0056 NEW MARKET VOL FIRE,"Public Service Commission, Place No. 1",,DEM,Jeff Ramsey,18
Madison,0056 NEW MARKET VOL FIRE,"Public Service Commission, Place No. 1",,DEM,John Northrop,5
Madison,0057 OWENS CROSS ROADS CT,"Public Service Commission, Place No. 1",,DEM,James O. Gordon,39
Madison,0057 OWENS CROSS ROADS CT,"Public Service Commission, Place No. 1",,DEM,Jeff Ramsey,43
Madison,0057 OWENS CROSS ROADS CT,"Public Service Commission, Place No. 1",,DEM,John Northrop,37
Madison,0058 FIRST BAPT CH MER,"Public Service Commission, Place No. 1",,DEM,James O. Gordon,243
Madison,0058 FIRST BAPT CH MER,"Public Service Commission, Place No. 1",,DEM,Jeff Ramsey,125
Madison,0058 FIRST BAPT CH MER,"Public Service Commission, Place No. 1",,DEM,John Northrop,91
Madison,0059 BROWNSBORO BAPT CH,"Public Service Commission, Place No. 1",,DEM,James O. Gordon,63
Madison,0059 BROWNSBORO BAPT CH,"Public Service Commission, Place No. 1",,DEM,Jeff Ramsey,62
Madison,0059 BROWNSBORO BAPT CH,"Public Service Commission, Place No. 1",,DEM,John Northrop,48
Madison,0060 MONROVIA CH OF CHR,"Public Service Commission, Place No. 1",,DEM,James O. Gordon,233
Madison,0060 MONROVIA CH OF CHR,"Public Service Commission, Place No. 1",,DEM,Jeff Ramsey,133
Madison,0060 MONROVIA CH OF CHR,"Public Service Commission, Place No. 1",,DEM,John Northrop,78
Madison,0061 CO COMMISSION DIST 1,"Public Service Commission, Place No. 1",,DEM,James O. Gordon,102
Madison,0061 CO COMMISSION DIST 1,"Public Service Commission, Place No. 1",,DEM,Jeff Ramsey,100
Madison,0061 CO COMMISSION DIST 1,"Public Service Commission, Place No. 1",,DEM,John Northrop,50
Madison,0062 BOBO VFD,"Public Service Commission, Place No. 1",,DEM,James O. Gordon,83
Madison,0062 BOBO VFD,"Public Service Commission, Place No. 1",,DEM,Jeff Ramsey,45
Madison,0062 BOBO VFD,"Public Service Commission, Place No. 1",,DEM,John Northrop,37
Madison,0063 MERDIANVILLE C OF CHR,"Public Service Commission, Place No. 1",,DEM,James O. Gordon,549
Madison,0063 MERDIANVILLE C OF CHR,"Public Service Commission, Place No. 1",,DEM,Jeff Ramsey,296
Madison,0063 MERDIANVILLE C OF CHR,"Public Service Commission, Place No. 1",,DEM,John Northrop,216
Madison,0064 MT ZION BAPT CH,"Public Service Commission, Place No. 1",,DEM,James O. Gordon,428
Madison,0064 MT ZION BAPT CH,"Public Service Commission, Place No. 1",,DEM,Jeff Ramsey,245
Madison,0064 MT ZION BAPT CH,"Public Service Commission, Place No. 1",,DEM,John Northrop,144
Madison,0065 HAROLD HARBIN GYM,"Public Service Commission, Place No. 1",,DEM,James O. Gordon,51
Madison,0065 HAROLD HARBIN GYM,"Public Service Commission, Place No. 1",,DEM,Jeff Ramsey,38
Madison,0065 HAROLD HARBIN GYM,"Public Service Commission, Place No. 1",,DEM,John Northrop,25
Madison,0066 FAITH LUTHERAN CH,"Public Service Commission, Place No. 1",,DEM,James O. Gordon,200
Madison,0066 FAITH LUTHERAN CH,"Public Service Commission, Place No. 1",,DEM,Jeff Ramsey,140
Madison,0066 FAITH LUTHERAN CH,"Public Service Commission, Place No. 1",,DEM,John Northrop,69
Madison,0067 MADISON COMM CTR,"Public Service Commission, Place No. 1",,DEM,James O. Gordon,224
Madison,0067 MADISON COMM CTR,"Public Service Commission, Place No. 1",,DEM,Jeff Ramsey,130
Madison,0067 MADISON COMM CTR,"Public Service Commission, Place No. 1",,DEM,John Northrop,83
Madison,0068 ASBURY CHURCH,"Public Service Commission, Place No. 1",,DEM,James O. Gordon,180
Madison,0068 ASBURY CHURCH,"Public Service Commission, Place No. 1",,DEM,Jeff Ramsey,145
Madison,0068 ASBURY CHURCH,"Public Service Commission, Place No. 1",,DEM,John Northrop,85
Madison,0069 RESTORATION CHURCH,"Public Service Commission, Place No. 1",,DEM,James O. Gordon,191
Madison,0069 RESTORATION CHURCH,"Public Service Commission, Place No. 1",,DEM,Jeff Ramsey,131
Madison,0069 RESTORATION CHURCH,"Public Service Commission, Place No. 1",,DEM,John Northrop,93
Madison,0070 MONROVIA COMM CTR,"Public Service Commission, Place No. 1",,DEM,James O. Gordon,375
Madison,0070 MONROVIA COMM CTR,"Public Service Commission, Place No. 1",,DEM,Jeff Ramsey,207
Madison,0070 MONROVIA COMM CTR,"Public Service Commission, Place No. 1",,DEM,John Northrop,110
Madison,0071 MOVEMENT CHURCH,"Public Service Commission, Place No. 1",,DEM,James O. Gordon,116
Madison,0071 MOVEMENT CHURCH,"Public Service Commission, Place No. 1",,DEM,Jeff Ramsey,89
Madison,0071 MOVEMENT CHURCH,"Public Service Commission, Place No. 1",,DEM,John Northrop,45
Madison,0072 INDIAN CREEK BAPT CH,"Public Service Commission, Place No. 1",,DEM,James O. Gordon,382
Madison,0072 INDIAN CREEK BAPT CH,"Public Service Commission, Place No. 1",,DEM,Jeff Ramsey,187
Madison,0072 INDIAN CREEK BAPT CH,"Public Service Commission, Place No. 1",,DEM,John Northrop,85
Madison,0073 CROSS RD COMM CTR,"Public Service Commission, Place No. 1",,DEM,James O. Gordon,126
Madison,0073 CROSS RD COMM CTR,"Public Service Commission, Place No. 1",,DEM,Jeff Ramsey,65
Madison,0073 CROSS RD COMM CTR,"Public Service Commission, Place No. 1",,DEM,John Northrop,37
Madison,0074 PROVIDENCE BAPT CH,"Public Service Commission, Place No. 1",,DEM,James O. Gordon,278
Madison,0074 PROVIDENCE BAPT CH,"Public Service Commission, Place No. 1",,DEM,Jeff Ramsey,164
Madison,0074 PROVIDENCE BAPT CH,"Public Service Commission, Place No. 1",,DEM,John Northrop,64
Madison,0075 WALL HWY BAPT CH,"Public Service Commission, Place No. 1",,DEM,James O. Gordon,183
Madison,0075 WALL HWY BAPT CH,"Public Service Commission, Place No. 1",,DEM,Jeff Ramsey,98
Madison,0075 WALL HWY BAPT CH,"Public Service Commission, Place No. 1",,DEM,John Northrop,56
Madison,0076 HOPE CHURCH,"Public Service Commission, Place No. 1",,DEM,James O. Gordon,293
Madison,0076 HOPE CHURCH,"Public Service Commission, Place No. 1",,DEM,Jeff Ramsey,164
Madison,0076 HOPE CHURCH,"Public Service Commission, Place No. 1",,DEM,John Northrop,97
Madison,0077 DAYSTAR CHURCH,"Public Service Commission, Place No. 1",,DEM,James O. Gordon,428
Madison,0077 DAYSTAR CHURCH,"Public Service Commission, Place No. 1",,DEM,Jeff Ramsey,213
Madison,0077 DAYSTAR CHURCH,"Public Service Commission, Place No. 1",,DEM,John Northrop,126
Madison,0078 CH OF JESUS CHR LDS,"Public Service Commission, Place No. 1",,DEM,James O. Gordon,187
Madison,0078 CH OF JESUS CHR LDS,"Public Service Commission, Place No. 1",,DEM,Jeff Ramsey,152
Madison,0078 CH OF JESUS CHR LDS,"Public Service Commission, Place No. 1",,DEM,John Northrop,82
Madison,0079 OCR CHURCH OF CHRIST,"Public Service Commission, Place No. 1",,DEM,James O. Gordon,46
Madison,0079 OCR CHURCH OF CHRIST,"Public Service Commission, Place No. 1",,DEM,Jeff Ramsey,53
Madison,0079 OCR CHURCH OF CHRIST,"Public Service Commission, Place No. 1",,DEM,John Northrop,23
Madison,0080 ABSENTEE 1,"Public Service Commission, Place No. 1",,DEM,James O. Gordon,242
Madison,0080 ABSENTEE 1,"Public Service Commission, Place No. 1",,DEM,Jeff Ramsey,184
Madison,0080 ABSENTEE 1,"Public Service Commission, Place No. 1",,DEM,John Northrop,167
Madison,0081 PROVISIONAL,"Public Service Commission, Place No. 1",,DEM,James O. Gordon,39
Madison,0081 PROVISIONAL,"Public Service Commission, Place No. 1",,DEM,Jeff Ramsey,16
Madison,0081 PROVISIONAL,"Public Service Commission, Place No. 1",,DEM,John Northrop,15
Madison,0014 SOUTHWOOD PRESB,"State Republican Executive Committee, District 5, Place 2",,REP,Frances Taylor,184
Madison,0014 SOUTHWOOD PRESB,"State Republican Executive Committee, District 5, Place 2",,REP,Shannon Matthew Moore,214
Madison,0015 WILLOWBROOK BAPT CH,"State Republican Executive Committee, District 5, Place 2",,REP,Frances Taylor,393
Madison,0015 WILLOWBROOK BAPT CH,"State Republican Executive Committee, District 5, Place 2",,REP,Shannon Matthew Moore,369
Madison,0017 TRINITY UMC,"State Republican Executive Committee, District 5, Place 2",,REP,Frances Taylor,89
Madison,0017 TRINITY UMC,"State Republican Executive Committee, District 5, Place 2",,REP,Shannon Matthew Moore,125
Madison,0018 WHITESBURG BAPT CH,"State Republican Executive Committee, District 5, Place 2",,REP,Frances Taylor,248
Madison,0018 WHITESBURG BAPT CH,"State Republican Executive Committee, District 5, Place 2",,REP,Shannon Matthew Moore,278
Madison,0019 WEATHERLY HGTS BAPT,"State Republican Executive Committee, District 5, Place 2",,REP,Frances Taylor,224
Madison,0019 WEATHERLY HGTS BAPT,"State Republican Executive Committee, District 5, Place 2",,REP,Shannon Matthew Moore,297
Madison,0020 ALDERSGATE UMC,"State Republican Executive Committee, District 5, Place 2",,REP,Frances Taylor,266
Madison,0020 ALDERSGATE UMC,"State Republican Executive Committee, District 5, Place 2",,REP,Shannon Matthew Moore,340
Madison,0021 FARLEY COMM CH,"State Republican Executive Committee, District 5, Place 2",,REP,Frances Taylor,186
Madison,0021 FARLEY COMM CH,"State Republican Executive Committee, District 5, Place 2",,REP,Shannon Matthew Moore,325
Madison,0022 HILLWOOD BAPT CH,"State Republican Executive Committee, District 5, Place 2",,REP,Frances Taylor,179
Madison,0022 HILLWOOD BAPT CH,"State Republican Executive Committee, District 5, Place 2",,REP,Shannon Matthew Moore,201
Madison,0023 COMM FELLOWSHIP,"State Republican Executive Committee, District 5, Place 2",,REP,Frances Taylor,192
Madison,0023 COMM FELLOWSHIP,"State Republican Executive Committee, District 5, Place 2",,REP,Shannon Matthew Moore,276
Madison,0025 CLUBHOUSE ON GREEN MT,"State Republican Executive Committee, District 5, Place 2",,REP,Frances Taylor,26
Madison,0025 CLUBHOUSE ON GREEN MT,"State Republican Executive Committee, District 5, Place 2",,REP,Shannon Matthew Moore,14
Madison,0035 ST PAUL UMC,"State Republican Executive Committee, District 5, Place 2",,REP,Frances Taylor,54
Madison,0035 ST PAUL UMC,"State Republican Executive Committee, District 5, Place 2",,REP,Shannon Matthew Moore,127
Madison,0080 ABSENTEE 1,"State Republican Executive Committee, District 5, Place 2",,REP,Frances Taylor,56
Madison,0080 ABSENTEE 1,"State Republican Executive Committee, District 5, Place 2",,REP,Shannon Matthew Moore,47
Madison,0081 PROVISIONAL,"State Republican Executive Committee, District 5, Place 2",,REP,Frances Taylor,4
Madison,0081 PROVISIONAL,"State Republican Executive Committee, District 5, Place 2",,REP,Shannon Matthew Moore,7
Madison,0001 AL A&M ELMORE GYM,Proposed Statewide Amendment 1,,,No,102
Madison,0001 AL A&M ELMORE GYM,Proposed Statewide Amendment 1,,,Yes,230
Madison,0002 LINCOLN CH OF CHRIST,Proposed Statewide Amendment 1,,,No,38
Madison,0002 LINCOLN CH OF CHRIST,Proposed Statewide Amendment 1,,,Yes,108
Madison,0003 JACKSON WAY BAPT CH,Proposed Statewide Amendment 1,,,No,187
Madison,0003 JACKSON WAY BAPT CH,Proposed Statewide Amendment 1,,,Yes,452
Madison,0004 FIRST BAPT CH,Proposed Statewide Amendment 1,,,No,257
Madison,0004 FIRST BAPT CH,Proposed Statewide Amendment 1,,,Yes,900
Madison,0005 OPTIMIST PRK REC CTR,Proposed Statewide Amendment 1,,,No,196
Madison,0005 OPTIMIST PRK REC CTR,Proposed Statewide Amendment 1,,,Yes,639
Madison,0006 HOPE VALLEY BIBLE CH,Proposed Statewide Amendment 1,,,No,122
Madison,0006 HOPE VALLEY BIBLE CH,Proposed Statewide Amendment 1,,,Yes,392
Madison,0007 CHASE PARK CH OF CHR,Proposed Statewide Amendment 1,,,No,338
Madison,0007 CHASE PARK CH OF CHR,Proposed Statewide Amendment 1,,,Yes,1489
Madison,0008 CORNERSTONE PRESB,Proposed Statewide Amendment 1,,,No,154
Madison,0008 CORNERSTONE PRESB,Proposed Statewide Amendment 1,,,Yes,546
Madison,0009 CHURCH ON THE HILL,Proposed Statewide Amendment 1,,,No,44
Madison,0009 CHURCH ON THE HILL,Proposed Statewide Amendment 1,,,Yes,222
Madison,0010 MONTE SANO UMC,Proposed Statewide Amendment 1,,,No,94
Madison,0010 MONTE SANO UMC,Proposed Statewide Amendment 1,,,Yes,354
Madison,0011 COVE CHURCH,Proposed Statewide Amendment 1,,,No,232
Madison,0011 COVE CHURCH,Proposed Statewide Amendment 1,,,Yes,1273
Madison,0012 HAMPTON COVE C OF CHR,Proposed Statewide Amendment 1,,,No,140
Madison,0012 HAMPTON COVE C OF CHR,Proposed Statewide Amendment 1,,,Yes,769
Madison,0013 COVENANT PRESB CH,Proposed Statewide Amendment 1,,,No,219
Madison,0013 COVENANT PRESB CH,Proposed Statewide Amendment 1,,,Yes,958
Madison,0014 SOUTHWOOD PRESB,Proposed Statewide Amendment 1,,,No,114
Madison,0014 SOUTHWOOD PRESB,Proposed Statewide Amendment 1,,,Yes,732
Madison,0015 WILLOWBROOK BAPT CH,Proposed Statewide Amendment 1,,,No,265
Madison,0015 WILLOWBROOK BAPT CH,Proposed Statewide Amendment 1,,,Yes,1380
Madison,0016 WESTSIDE COMM CTR,Proposed Statewide Amendment 1,,,No,8
Madison,0016 WESTSIDE COMM CTR,Proposed Statewide Amendment 1,,,Yes,37
Madison,0017 TRINITY UMC,Proposed Statewide Amendment 1,,,No,145
Madison,0017 TRINITY UMC,Proposed Statewide Amendment 1,,,Yes,512
Madison,0018 WHITESBURG BAPT CH,Proposed Statewide Amendment 1,,,No,237
Madison,0018 WHITESBURG BAPT CH,Proposed Statewide Amendment 1,,,Yes,964
Madison,0019 WEATHERLY HGTS BAPT,Proposed Statewide Amendment 1,,,No,224
Madison,0019 WEATHERLY HGTS BAPT,Proposed Statewide Amendment 1,,,Yes,960
Madison,0020 ALDERSGATE UMC,Proposed Statewide Amendment 1,,,No,261
Madison,0020 ALDERSGATE UMC,Proposed Statewide Amendment 1,,,Yes,1074
Madison,0021 FARLEY COMM CH,Proposed Statewide Amendment 1,,,No,208
Madison,0021 FARLEY COMM CH,Proposed Statewide Amendment 1,,,Yes,976
Madison,0022 HILLWOOD BAPT CH,Proposed Statewide Amendment 1,,,No,220
Madison,0022 HILLWOOD BAPT CH,Proposed Statewide Amendment 1,,,Yes,786
Madison,0023 COMM FELLOWSHIP,Proposed Statewide Amendment 1,,,No,186
Madison,0023 COMM FELLOWSHIP,Proposed Statewide Amendment 1,,,Yes,898
Madison,0024 OAKWOOD UNIVERSITY CH,Proposed Statewide Amendment 1,,,No,277
Madison,0024 OAKWOOD UNIVERSITY CH,Proposed Statewide Amendment 1,,,Yes,799
Madison,0025 CLUBHOUSE ON GREEN MT,Proposed Statewide Amendment 1,,,No,64
Madison,0025 CLUBHOUSE ON GREEN MT,Proposed Statewide Amendment 1,,,Yes,354
Madison,0026 ST MATTHEWS PB CH,Proposed Statewide Amendment 1,,,No,100
Madison,0026 ST MATTHEWS PB CH,Proposed Statewide Amendment 1,,,Yes,377
Madison,0027 FIRST MISSIONARY BAPT,Proposed Statewide Amendment 1,,,No,203
Madison,0027 FIRST MISSIONARY BAPT,Proposed Statewide Amendment 1,,,Yes,518
Madison,0028 DR RICHARD SHOWERS CTR,Proposed Statewide Amendment 1,,,No,130
Madison,0028 DR RICHARD SHOWERS CTR,Proposed Statewide Amendment 1,,,Yes,415
Madison,0029 HOUSE OF HOPE & REST,Proposed Statewide Amendment 1,,,No,224
Madison,0029 HOUSE OF HOPE & REST,Proposed Statewide Amendment 1,,,Yes,641
Madison,0030 BOB HARRISON SR CTR,Proposed Statewide Amendment 1,,,No,285
Madison,0030 BOB HARRISON SR CTR,Proposed Statewide Amendment 1,,,Yes,731
Madison,0031 CALVARY HILL COMM CTR,Proposed Statewide Amendment 1,,,No,113
Madison,0031 CALVARY HILL COMM CTR,Proposed Statewide Amendment 1,,,Yes,305
Madison,0032 LEWIS CHAPEL C P CH,Proposed Statewide Amendment 1,,,No,30
Madison,0032 LEWIS CHAPEL C P CH,Proposed Statewide Amendment 1,,,Yes,100
Madison,0033 LAKEWOOD COMM CTR,Proposed Statewide Amendment 1,,,No,105
Madison,0033 LAKEWOOD COMM CTR,Proposed Statewide Amendment 1,,,Yes,283
Madison,0034 WEST HUNTSVILLE BAPT,Proposed Statewide Amendment 1,,,No,75
Madison,0034 WEST HUNTSVILLE BAPT,Proposed Statewide Amendment 1,,,Yes,211
Madison,0035 ST PAUL UMC,Proposed Statewide Amendment 1,,,No,143
Madison,0035 ST PAUL UMC,Proposed Statewide Amendment 1,,,Yes,496
Madison,0036 ST LUKE CHRISTIAN CH,Proposed Statewide Amendment 1,,,No,221
Madison,0036 ST LUKE CHRISTIAN CH,Proposed Statewide Amendment 1,,,Yes,481
Madison,0037 W HUNTSVILLE C OF CHR,Proposed Statewide Amendment 1,,,No,176
Madison,0037 W HUNTSVILLE C OF CHR,Proposed Statewide Amendment 1,,,Yes,583
Madison,0038 TOWN WELLNESS CTR,Proposed Statewide Amendment 1,,,No,210
Madison,0038 TOWN WELLNESS CTR,Proposed Statewide Amendment 1,,,Yes,707
Madison,0039 SHERWOOD BAPT CH,Proposed Statewide Amendment 1,,,No,111
Madison,0039 SHERWOOD BAPT CH,Proposed Statewide Amendment 1,,,Yes,323
Madison,0040 NEW MARKET REC CTR,Proposed Statewide Amendment 1,,,No,62
Madison,0040 NEW MARKET REC CTR,Proposed Statewide Amendment 1,,,Yes,322
Madison,0041 MAYSVILLE C OF CHR,Proposed Statewide Amendment 1,,,No,142
Madison,0041 MAYSVILLE C OF CHR,Proposed Statewide Amendment 1,,,Yes,855
Madison,0042 LITTLE INDIAN CREEK,Proposed Statewide Amendment 1,,,No,284
Madison,0042 LITTLE INDIAN CREEK,Proposed Statewide Amendment 1,,,Yes,955
Madison,0043 TRIANA CITY HALL,Proposed Statewide Amendment 1,,,No,280
Madison,0043 TRIANA CITY HALL,Proposed Statewide Amendment 1,,,Yes,654
Madison,0044 RIVERTREE CH,Proposed Statewide Amendment 1,,,No,256
Madison,0044 RIVERTREE CH,Proposed Statewide Amendment 1,,,Yes,1250
Madison,0045 GURLEY SENIOR CTR,Proposed Statewide Amendment 1,,,No,71
Madison,0045 GURLEY SENIOR CTR,Proposed Statewide Amendment 1,,,Yes,317
Madison,0046 MISSION 7TH DAY ADV,Proposed Statewide Amendment 1,,,No,213
Madison,0046 MISSION 7TH DAY ADV,Proposed Statewide Amendment 1,,,Yes,726
Madison,0047 PINEVIEW BAPT CH,Proposed Statewide Amendment 1,,,No,226
Madison,0047 PINEVIEW BAPT CH,Proposed Statewide Amendment 1,,,Yes,591
Madison,0048 TONEY CHURCH,Proposed Statewide Amendment 1,,,No,243
Madison,0048 TONEY CHURCH,Proposed Statewide Amendment 1,,,Yes,934
Madison,0049 MARY K JOHNSTON GYM,Proposed Statewide Amendment 1,,,No,99
Madison,0049 MARY K JOHNSTON GYM,Proposed Statewide Amendment 1,,,Yes,374
Madison,0050 PLAINVIEW CH OF CHR,Proposed Statewide Amendment 1,,,No,138
Madison,0050 PLAINVIEW CH OF CHR,Proposed Statewide Amendment 1,,,Yes,591
Madison,0051 NEW HOPE CITY HALL,Proposed Statewide Amendment 1,,,No,74
Madison,0051 NEW HOPE CITY HALL,Proposed Statewide Amendment 1,,,Yes,524
Madison,0052 MADISON PUBLIC LIBR,Proposed Statewide Amendment 1,,,No,126
Madison,0052 MADISON PUBLIC LIBR,Proposed Statewide Amendment 1,,,Yes,494
Madison,0053 PINE GROVE MISSION,Proposed Statewide Amendment 1,,,No,160
Madison,0053 PINE GROVE MISSION,Proposed Statewide Amendment 1,,,Yes,646
Madison,0054 MADISON CITY HALL,Proposed Statewide Amendment 1,,,No,229
Madison,0054 MADISON CITY HALL,Proposed Statewide Amendment 1,,,Yes,700
Madison,0055 LOCUST GROVE BAPT CH,Proposed Statewide Amendment 1,,,No,184
Madison,0055 LOCUST GROVE BAPT CH,Proposed Statewide Amendment 1,,,Yes,749
Madison,0056 NEW MARKET VOL FIRE,Proposed Statewide Amendment 1,,,No,26
Madison,0056 NEW MARKET VOL FIRE,Proposed Statewide Amendment 1,,,Yes,157
Madison,0057 OWENS CROSS ROADS CT,Proposed Statewide Amendment 1,,,No,79
Madison,0057 OWENS CROSS ROADS CT,Proposed Statewide Amendment 1,,,Yes,451
Madison,0058 FIRST BAPT CH MER,Proposed Statewide Amendment 1,,,No,139
Madison,0058 FIRST BAPT CH MER,Proposed Statewide Amendment 1,,,Yes,579
Madison,0059 BROWNSBORO BAPT CH,Proposed Statewide Amendment 1,,,No,87
Madison,0059 BROWNSBORO BAPT CH,Proposed Statewide Amendment 1,,,Yes,492
Madison,0060 MONROVIA CH OF CHR,Proposed Statewide Amendment 1,,,No,209
Madison,0060 MONROVIA CH OF CHR,Proposed Statewide Amendment 1,,,Yes,728
Madison,0061 CO COMMISSION DIST 1,Proposed Statewide Amendment 1,,,No,120
Madison,0061 CO COMMISSION DIST 1,Proposed Statewide Amendment 1,,,Yes,499
Madison,0062 BOBO VFD,Proposed Statewide Amendment 1,,,No,89
Madison,0062 BOBO VFD,Proposed Statewide Amendment 1,,,Yes,395
Madison,0063 MERDIANVILLE C OF CHR,Proposed Statewide Amendment 1,,,No,420
Madison,0063 MERDIANVILLE C OF CHR,Proposed Statewide Amendment 1,,,Yes,1429
Madison,0064 MT ZION BAPT CH,Proposed Statewide Amendment 1,,,No,357
Madison,0064 MT ZION BAPT CH,Proposed Statewide Amendment 1,,,Yes,1231
Madison,0065 HAROLD HARBIN GYM,Proposed Statewide Amendment 1,,,No,68
Madison,0065 HAROLD HARBIN GYM,Proposed Statewide Amendment 1,,,Yes,419
Madison,0066 FAITH LUTHERAN CH,Proposed Statewide Amendment 1,,,No,159
Madison,0066 FAITH LUTHERAN CH,Proposed Statewide Amendment 1,,,Yes,771
Madison,0067 MADISON COMM CTR,Proposed Statewide Amendment 1,,,No,179
Madison,0067 MADISON COMM CTR,Proposed Statewide Amendment 1,,,Yes,793
Madison,0068 ASBURY CHURCH,Proposed Statewide Amendment 1,,,No,281
Madison,0068 ASBURY CHURCH,Proposed Statewide Amendment 1,,,Yes,1129
Madison,0069 RESTORATION CHURCH,Proposed Statewide Amendment 1,,,No,206
Madison,0069 RESTORATION CHURCH,Proposed Statewide Amendment 1,,,Yes,844
Madison,0070 MONROVIA COMM CTR,Proposed Statewide Amendment 1,,,No,278
Madison,0070 MONROVIA COMM CTR,Proposed Statewide Amendment 1,,,Yes,933
Madison,0071 MOVEMENT CHURCH,Proposed Statewide Amendment 1,,,No,98
Madison,0071 MOVEMENT CHURCH,Proposed Statewide Amendment 1,,,Yes,374
Madison,0072 INDIAN CREEK BAPT CH,Proposed Statewide Amendment 1,,,No,249
Madison,0072 INDIAN CREEK BAPT CH,Proposed Statewide Amendment 1,,,Yes,1013
Madison,0073 CROSS RD COMM CTR,Proposed Statewide Amendment 1,,,No,122
Madison,0073 CROSS RD COMM CTR,Proposed Statewide Amendment 1,,,Yes,503
Madison,0074 PROVIDENCE BAPT CH,Proposed Statewide Amendment 1,,,No,194
Madison,0074 PROVIDENCE BAPT CH,Proposed Statewide Amendment 1,,,Yes,677
Madison,0075 WALL HWY BAPT CH,Proposed Statewide Amendment 1,,,No,101
Madison,0075 WALL HWY BAPT CH,Proposed Statewide Amendment 1,,,Yes,454
Madison,0076 HOPE CHURCH,Proposed Statewide Amendment 1,,,No,228
Madison,0076 HOPE CHURCH,Proposed Statewide Amendment 1,,,Yes,619
Madison,0077 DAYSTAR CHURCH,Proposed Statewide Amendment 1,,,No,326
Madison,0077 DAYSTAR CHURCH,Proposed Statewide Amendment 1,,,Yes,980
Madison,0078 CH OF JESUS CHR LDS,Proposed Statewide Amendment 1,,,No,189
Madison,0078 CH OF JESUS CHR LDS,Proposed Statewide Amendment 1,,,Yes,530
Madison,0079 OCR CHURCH OF CHRIST,Proposed Statewide Amendment 1,,,No,68
Madison,0079 OCR CHURCH OF CHRIST,Proposed Statewide Amendment 1,,,Yes,381
Madison,0080 ABSENTEE 1,Proposed Statewide Amendment 1,,,No,203
Madison,0080 ABSENTEE 1,Proposed Statewide Amendment 1,,,Yes,1116
Madison,0081 PROVISIONAL,Proposed Statewide Amendment 1,,,No,26
Madison,0081 PROVISIONAL,Proposed Statewide Amendment 1,,,Yes,80
Madison,0001 AL A&M ELMORE GYM,Proposed Statewide Amendment 2,,,No,125
Madison,0001 AL A&M ELMORE GYM,Proposed Statewide Amendment 2,,,Yes,202
Madison,0002 LINCOLN CH OF CHRIST,Proposed Statewide Amendment 2,,,No,68
Madison,0002 LINCOLN CH OF CHRIST,Proposed Statewide Amendment 2,,,Yes,79
Madison,0003 JACKSON WAY BAPT CH,Proposed Statewide Amendment 2,,,No,331
Madison,0003 JACKSON WAY BAPT CH,Proposed Statewide Amendment 2,,,Yes,296
Madison,0004 FIRST BAPT CH,Proposed Statewide Amendment 2,,,No,519
Madison,0004 FIRST BAPT CH,Proposed Statewide Amendment 2,,,Yes,603
Madison,0005 OPTIMIST PRK REC CTR,Proposed Statewide Amendment 2,,,No,398
Madison,0005 OPTIMIST PRK REC CTR,Proposed Statewide Amendment 2,,,Yes,408
Madison,0006 HOPE VALLEY BIBLE CH,Proposed Statewide Amendment 2,,,No,238
Madison,0006 HOPE VALLEY BIBLE CH,Proposed Statewide Amendment 2,,,Yes,264
Madison,0007 CHASE PARK CH OF CHR,Proposed Statewide Amendment 2,,,No,764
Madison,0007 CHASE PARK CH OF CHR,Proposed Statewide Amendment 2,,,Yes,1030
Madison,0008 CORNERSTONE PRESB,Proposed Statewide Amendment 2,,,No,310
Madison,0008 CORNERSTONE PRESB,Proposed Statewide Amendment 2,,,Yes,368
Madison,0009 CHURCH ON THE HILL,Proposed Statewide Amendment 2,,,No,129
Madison,0009 CHURCH ON THE HILL,Proposed Statewide Amendment 2,,,Yes,131
Madison,0010 MONTE SANO UMC,Proposed Statewide Amendment 2,,,No,210
Madison,0010 MONTE SANO UMC,Proposed Statewide Amendment 2,,,Yes,232
Madison,0011 COVE CHURCH,Proposed Statewide Amendment 2,,,No,626
Madison,0011 COVE CHURCH,Proposed Statewide Amendment 2,,,Yes,816
Madison,0012 HAMPTON COVE C OF CHR,Proposed Statewide Amendment 2,,,No,414
Madison,0012 HAMPTON COVE C OF CHR,Proposed Statewide Amendment 2,,,Yes,467
Madison,0013 COVENANT PRESB CH,Proposed Statewide Amendment 2,,,No,516
Madison,0013 COVENANT PRESB CH,Proposed Statewide Amendment 2,,,Yes,637
Madison,0014 SOUTHWOOD PRESB,Proposed Statewide Amendment 2,,,No,333
Madison,0014 SOUTHWOOD PRESB,Proposed Statewide Amendment 2,,,Yes,475
Madison,0015 WILLOWBROOK BAPT CH,Proposed Statewide Amendment 2,,,No,671
Madison,0015 WILLOWBROOK BAPT CH,Proposed Statewide Amendment 2,,,Yes,919
Madison,0016 WESTSIDE COMM CTR,Proposed Statewide Amendment 2,,,No,19
Madison,0016 WESTSIDE COMM CTR,Proposed Statewide Amendment 2,,,Yes,25
Madison,0017 TRINITY UMC,Proposed Statewide Amendment 2,,,No,320
Madison,0017 TRINITY UMC,Proposed Statewide Amendment 2,,,Yes,329
Madison,0018 WHITESBURG BAPT CH,Proposed Statewide Amendment 2,,,No,543
Madison,0018 WHITESBURG BAPT CH,Proposed Statewide Amendment 2,,,Yes,617
Madison,0019 WEATHERLY HGTS BAPT,Proposed Statewide Amendment 2,,,No,538
Madison,0019 WEATHERLY HGTS BAPT,Proposed Statewide Amendment 2,,,Yes,614
Madison,0020 ALDERSGATE UMC,Proposed Statewide Amendment 2,,,No,616
Madison,0020 ALDERSGATE UMC,Proposed Statewide Amendment 2,,,Yes,680
Madison,0021 FARLEY COMM CH,Proposed Statewide Amendment 2,,,No,582
Madison,0021 FARLEY COMM CH,Proposed Statewide Amendment 2,,,Yes,567
Madison,0022 HILLWOOD BAPT CH,Proposed Statewide Amendment 2,,,No,459
Madison,0022 HILLWOOD BAPT CH,Proposed Statewide Amendment 2,,,Yes,523
Madison,0023 COMM FELLOWSHIP,Proposed Statewide Amendment 2,,,No,464
Madison,0023 COMM FELLOWSHIP,Proposed Statewide Amendment 2,,,Yes,589
Madison,0024 OAKWOOD UNIVERSITY CH,Proposed Statewide Amendment 2,,,No,432
Madison,0024 OAKWOOD UNIVERSITY CH,Proposed Statewide Amendment 2,,,Yes,634
Madison,0025 CLUBHOUSE ON GREEN MT,Proposed Statewide Amendment 2,,,No,201
Madison,0025 CLUBHOUSE ON GREEN MT,Proposed Statewide Amendment 2,,,Yes,206
Madison,0026 ST MATTHEWS PB CH,Proposed Statewide Amendment 2,,,No,181
Madison,0026 ST MATTHEWS PB CH,Proposed Statewide Amendment 2,,,Yes,288
Madison,0027 FIRST MISSIONARY BAPT,Proposed Statewide Amendment 2,,,No,288
Madison,0027 FIRST MISSIONARY BAPT,Proposed Statewide Amendment 2,,,Yes,419
Madison,0028 DR RICHARD SHOWERS CTR,Proposed Statewide Amendment 2,,,No,235
Madison,0028 DR RICHARD SHOWERS CTR,Proposed Statewide Amendment 2,,,Yes,305
Madison,0029 HOUSE OF HOPE & REST,Proposed Statewide Amendment 2,,,No,348
Madison,0029 HOUSE OF HOPE & REST,Proposed Statewide Amendment 2,,,Yes,509
Madison,0030 BOB HARRISON SR CTR,Proposed Statewide Amendment 2,,,No,387
Madison,0030 BOB HARRISON SR CTR,Proposed Statewide Amendment 2,,,Yes,620
Madison,0031 CALVARY HILL COMM CTR,Proposed Statewide Amendment 2,,,No,185
Madison,0031 CALVARY HILL COMM CTR,Proposed Statewide Amendment 2,,,Yes,227
Madison,0032 LEWIS CHAPEL C P CH,Proposed Statewide Amendment 2,,,No,47
Madison,0032 LEWIS CHAPEL C P CH,Proposed Statewide Amendment 2,,,Yes,84
Madison,0033 LAKEWOOD COMM CTR,Proposed Statewide Amendment 2,,,No,169
Madison,0033 LAKEWOOD COMM CTR,Proposed Statewide Amendment 2,,,Yes,211
Madison,0034 WEST HUNTSVILLE BAPT,Proposed Statewide Amendment 2,,,No,151
Madison,0034 WEST HUNTSVILLE BAPT,Proposed Statewide Amendment 2,,,Yes,129
Madison,0035 ST PAUL UMC,Proposed Statewide Amendment 2,,,No,306
Madison,0035 ST PAUL UMC,Proposed Statewide Amendment 2,,,Yes,319
Madison,0036 ST LUKE CHRISTIAN CH,Proposed Statewide Amendment 2,,,No,310
Madison,0036 ST LUKE CHRISTIAN CH,Proposed Statewide Amendment 2,,,Yes,385
Madison,0037 W HUNTSVILLE C OF CHR,Proposed Statewide Amendment 2,,,No,381
Madison,0037 W HUNTSVILLE C OF CHR,Proposed Statewide Amendment 2,,,Yes,368
Madison,0038 TOWN WELLNESS CTR,Proposed Statewide Amendment 2,,,No,463
Madison,0038 TOWN WELLNESS CTR,Proposed Statewide Amendment 2,,,Yes,434
Madison,0039 SHERWOOD BAPT CH,Proposed Statewide Amendment 2,,,No,216
Madison,0039 SHERWOOD BAPT CH,Proposed Statewide Amendment 2,,,Yes,207
Madison,0040 NEW MARKET REC CTR,Proposed Statewide Amendment 2,,,No,158
Madison,0040 NEW MARKET REC CTR,Proposed Statewide Amendment 2,,,Yes,217
Madison,0041 MAYSVILLE C OF CHR,Proposed Statewide Amendment 2,,,No,455
Madison,0041 MAYSVILLE C OF CHR,Proposed Statewide Amendment 2,,,Yes,511
Madison,0042 LITTLE INDIAN CREEK,Proposed Statewide Amendment 2,,,No,527
Madison,0042 LITTLE INDIAN CREEK,Proposed Statewide Amendment 2,,,Yes,683
Madison,0043 TRIANA CITY HALL,Proposed Statewide Amendment 2,,,No,478
Madison,0043 TRIANA CITY HALL,Proposed Statewide Amendment 2,,,Yes,443
Madison,0044 RIVERTREE CH,Proposed Statewide Amendment 2,,,No,714
Madison,0044 RIVERTREE CH,Proposed Statewide Amendment 2,,,Yes,752
Madison,0045 GURLEY SENIOR CTR,Proposed Statewide Amendment 2,,,No,194
Madison,0045 GURLEY SENIOR CTR,Proposed Statewide Amendment 2,,,Yes,182
Madison,0046 MISSION 7TH DAY ADV,Proposed Statewide Amendment 2,,,No,454
Madison,0046 MISSION 7TH DAY ADV,Proposed Statewide Amendment 2,,,Yes,469
Madison,0047 PINEVIEW BAPT CH,Proposed Statewide Amendment 2,,,No,384
Madison,0047 PINEVIEW BAPT CH,Proposed Statewide Amendment 2,,,Yes,423
Madison,0048 TONEY CHURCH,Proposed Statewide Amendment 2,,,No,486
Madison,0048 TONEY CHURCH,Proposed Statewide Amendment 2,,,Yes,670
Madison,0049 MARY K JOHNSTON GYM,Proposed Statewide Amendment 2,,,No,181
Madison,0049 MARY K JOHNSTON GYM,Proposed Statewide Amendment 2,,,Yes,278
Madison,0050 PLAINVIEW CH OF CHR,Proposed Statewide Amendment 2,,,No,343
Madison,0050 PLAINVIEW CH OF CHR,Proposed Statewide Amendment 2,,,Yes,360
Madison,0051 NEW HOPE CITY HALL,Proposed Statewide Amendment 2,,,No,264
Madison,0051 NEW HOPE CITY HALL,Proposed Statewide Amendment 2,,,Yes,305
Madison,0052 MADISON PUBLIC LIBR,Proposed Statewide Amendment 2,,,No,297
Madison,0052 MADISON PUBLIC LIBR,Proposed Statewide Amendment 2,,,Yes,303
Madison,0053 PINE GROVE MISSION,Proposed Statewide Amendment 2,,,No,362
Madison,0053 PINE GROVE MISSION,Proposed Statewide Amendment 2,,,Yes,423
Madison,0054 MADISON CITY HALL,Proposed Statewide Amendment 2,,,No,466
Madison,0054 MADISON CITY HALL,Proposed Statewide Amendment 2,,,Yes,444
Madison,0055 LOCUST GROVE BAPT CH,Proposed Statewide Amendment 2,,,No,441
Madison,0055 LOCUST GROVE BAPT CH,Proposed Statewide Amendment 2,,,Yes,465
Madison,0056 NEW MARKET VOL FIRE,Proposed Statewide Amendment 2,,,No,78
Madison,0056 NEW MARKET VOL FIRE,Proposed Statewide Amendment 2,,,Yes,98
Madison,0057 OWENS CROSS ROADS CT,Proposed Statewide Amendment 2,,,No,231
Madison,0057 OWENS CROSS ROADS CT,Proposed Statewide Amendment 2,,,Yes,279
Madison,0058 FIRST BAPT CH MER,Proposed Statewide Amendment 2,,,No,318
Madison,0058 FIRST BAPT CH MER,Proposed Statewide Amendment 2,,,Yes,389
Madison,0059 BROWNSBORO BAPT CH,Proposed Statewide Amendment 2,,,No,285
Madison,0059 BROWNSBORO BAPT CH,Proposed Statewide Amendment 2,,,Yes,272
Madison,0060 MONROVIA CH OF CHR,Proposed Statewide Amendment 2,,,No,436
Madison,0060 MONROVIA CH OF CHR,Proposed Statewide Amendment 2,,,Yes,478
Madison,0061 CO COMMISSION DIST 1,Proposed Statewide Amendment 2,,,No,293
Madison,0061 CO COMMISSION DIST 1,Proposed Statewide Amendment 2,,,Yes,301
Madison,0062 BOBO VFD,Proposed Statewide Amendment 2,,,No,229
Madison,0062 BOBO VFD,Proposed Statewide Amendment 2,,,Yes,242
Madison,0063 MERDIANVILLE C OF CHR,Proposed Statewide Amendment 2,,,No,869
Madison,0063 MERDIANVILLE C OF CHR,Proposed Statewide Amendment 2,,,Yes,943
Madison,0064 MT ZION BAPT CH,Proposed Statewide Amendment 2,,,No,724
Madison,0064 MT ZION BAPT CH,Proposed Statewide Amendment 2,,,Yes,830
Madison,0065 HAROLD HARBIN GYM,Proposed Statewide Amendment 2,,,No,215
Madison,0065 HAROLD HARBIN GYM,Proposed Statewide Amendment 2,,,Yes,262
Madison,0066 FAITH LUTHERAN CH,Proposed Statewide Amendment 2,,,No,447
Madison,0066 FAITH LUTHERAN CH,Proposed Statewide Amendment 2,,,Yes,456
Madison,0067 MADISON COMM CTR,Proposed Statewide Amendment 2,,,No,460
Madison,0067 MADISON COMM CTR,Proposed Statewide Amendment 2,,,Yes,492
Madison,0068 ASBURY CHURCH,Proposed Statewide Amendment 2,,,No,610
Madison,0068 ASBURY CHURCH,Proposed Statewide Amendment 2,,,Yes,767
Madison,0069 RESTORATION CHURCH,Proposed Statewide Amendment 2,,,No,514
Madison,0069 RESTORATION CHURCH,Proposed Statewide Amendment 2,,,Yes,507
Madison,0070 MONROVIA COMM CTR,Proposed Statewide Amendment 2,,,No,529
Madison,0070 MONROVIA COMM CTR,Proposed Statewide Amendment 2,,,Yes,657
Madison,0071 MOVEMENT CHURCH,Proposed Statewide Amendment 2,,,No,214
Madison,0071 MOVEMENT CHURCH,Proposed Statewide Amendment 2,,,Yes,246
Madison,0072 INDIAN CREEK BAPT CH,Proposed Statewide Amendment 2,,,No,535
Madison,0072 INDIAN CREEK BAPT CH,Proposed Statewide Amendment 2,,,Yes,703
Madison,0073 CROSS RD COMM CTR,Proposed Statewide Amendment 2,,,No,315
Madison,0073 CROSS RD COMM CTR,Proposed Statewide Amendment 2,,,Yes,300
Madison,0074 PROVIDENCE BAPT CH,Proposed Statewide Amendment 2,,,No,406
Madison,0074 PROVIDENCE BAPT CH,Proposed Statewide Amendment 2,,,Yes,458
Madison,0075 WALL HWY BAPT CH,Proposed Statewide Amendment 2,,,No,255
Madison,0075 WALL HWY BAPT CH,Proposed Statewide Amendment 2,,,Yes,293
Madison,0076 HOPE CHURCH,Proposed Statewide Amendment 2,,,No,389
Madison,0076 HOPE CHURCH,Proposed Statewide Amendment 2,,,Yes,448
Madison,0077 DAYSTAR CHURCH,Proposed Statewide Amendment 2,,,No,644
Madison,0077 DAYSTAR CHURCH,Proposed Statewide Amendment 2,,,Yes,649
Madison,0078 CH OF JESUS CHR LDS,Proposed Statewide Amendment 2,,,No,352
Madison,0078 CH OF JESUS CHR LDS,Proposed Statewide Amendment 2,,,Yes,361
Madison,0079 OCR CHURCH OF CHRIST,Proposed Statewide Amendment 2,,,No,214
Madison,0079 OCR CHURCH OF CHRIST,Proposed Statewide Amendment 2,,,Yes,224
Madison,0080 ABSENTEE 1,Proposed Statewide Amendment 2,,,No,568
Madison,0080 ABSENTEE 1,Proposed Statewide Amendment 2,,,Yes,716
Madison,0081 PROVISIONAL,Proposed Statewide Amendment 2,,,No,44
Madison,0081 PROVISIONAL,Proposed Statewide Amendment 2,,,Yes,60
Madison,0006 HOPE VALLEY BIBLE CH,Madison County Democratic Executive Committee (Female) District No. 7,,DEM,Barbara Cady,81
Madison,0006 HOPE VALLEY BIBLE CH,Madison County Democratic Executive Committee (Female) District No. 7,,DEM,Rebecca Reed Krause,71
Madison,0006 HOPE VALLEY BIBLE CH,Madison County Democratic Executive Committee (Female) District No. 7,,DEM,Sheila Mae Woodard,101
Madison,0006 HOPE VALLEY BIBLE CH,Madison County Democratic Executive Committee (Female) District No. 7,,DEM,Stacia Williams,127
Madison,0008 CORNERSTONE PRESB,Madison County Democratic Executive Committee (Female) District No. 7,,DEM,Barbara Cady,71
Madison,0008 CORNERSTONE PRESB,Madison County Democratic Executive Committee (Female) District No. 7,,DEM,Rebecca Reed Krause,85
Madison,0008 CORNERSTONE PRESB,Madison County Democratic Executive Committee (Female) District No. 7,,DEM,Sheila Mae Woodard,69
Madison,0008 CORNERSTONE PRESB,Madison County Democratic Executive Committee (Female) District No. 7,,DEM,Stacia Williams,105
Madison,0010 MONTE SANO UMC,Madison County Democratic Executive Committee (Female) District No. 7,,DEM,Barbara Cady,81
Madison,0010 MONTE SANO UMC,Madison County Democratic Executive Committee (Female) District No. 7,,DEM,Rebecca Reed Krause,102
Madison,0010 MONTE SANO UMC,Madison County Democratic Executive Committee (Female) District No. 7,,DEM,Sheila Mae Woodard,57
Madison,0010 MONTE SANO UMC,Madison County Democratic Executive Committee (Female) District No. 7,,DEM,Stacia Williams,77
Madison,0011 COVE CHURCH,Madison County Democratic Executive Committee (Female) District No. 7,,DEM,Barbara Cady,116
Madison,0011 COVE CHURCH,Madison County Democratic Executive Committee (Female) District No. 7,,DEM,Rebecca Reed Krause,118
Madison,0011 COVE CHURCH,Madison County Democratic Executive Committee (Female) District No. 7,,DEM,Sheila Mae Woodard,102
Madison,0011 COVE CHURCH,Madison County Democratic Executive Committee (Female) District No. 7,,DEM,Stacia Williams,136
Madison,0012 HAMPTON COVE C OF CHR,Madison County Democratic Executive Committee (Female) District No. 7,,DEM,Barbara Cady,65
Madison,0012 HAMPTON COVE C OF CHR,Madison County Democratic Executive Committee (Female) District No. 7,,DEM,Rebecca Reed Krause,65
Madison,0012 HAMPTON COVE C OF CHR,Madison County Democratic Executive Committee (Female) District No. 7,,DEM,Sheila Mae Woodard,75
Madison,0012 HAMPTON COVE C OF CHR,Madison County Democratic Executive Committee (Female) District No. 7,,DEM,Stacia Williams,76
Madison,0013 COVENANT PRESB CH,Madison County Democratic Executive Committee (Female) District No. 7,,DEM,Barbara Cady,113
Madison,0013 COVENANT PRESB CH,Madison County Democratic Executive Committee (Female) District No. 7,,DEM,Rebecca Reed Krause,147
Madison,0013 COVENANT PRESB CH,Madison County Democratic Executive Committee (Female) District No. 7,,DEM,Sheila Mae Woodard,116
Madison,0013 COVENANT PRESB CH,Madison County Democratic Executive Committee (Female) District No. 7,,DEM,Stacia Williams,140
Madison,0025 CLUBHOUSE ON GREEN MT,Madison County Democratic Executive Committee (Female) District No. 7,,DEM,Barbara Cady,29
Madison,0025 CLUBHOUSE ON GREEN MT,Madison County Democratic Executive Committee (Female) District No. 7,,DEM,Rebecca Reed Krause,25
Madison,0025 CLUBHOUSE ON GREEN MT,Madison County Democratic Executive Committee (Female) District No. 7,,DEM,Sheila Mae Woodard,25
Madison,0025 CLUBHOUSE ON GREEN MT,Madison County Democratic Executive Committee (Female) District No. 7,,DEM,Stacia Williams,36
Madison,0034 WEST HUNTSVILLE BAPT,Madison County Democratic Executive Committee (Female) District No. 7,,DEM,Barbara Cady,66
Madison,0034 WEST HUNTSVILLE BAPT,Madison County Democratic Executive Committee (Female) District No. 7,,DEM,Rebecca Reed Krause,65
Madison,0034 WEST HUNTSVILLE BAPT,Madison County Democratic Executive Committee (Female) District No. 7,,DEM,Sheila Mae Woodard,107
Madison,0034 WEST HUNTSVILLE BAPT,Madison County Democratic Executive Committee (Female) District No. 7,,DEM,Stacia Williams,101
Madison,0041 MAYSVILLE C OF CHR,Madison County Democratic Executive Committee (Female) District No. 7,,DEM,Barbara Cady,101
Madison,0041 MAYSVILLE C OF CHR,Madison County Democratic Executive Committee (Female) District No. 7,,DEM,Rebecca Reed Krause,95
Madison,0041 MAYSVILLE C OF CHR,Madison County Democratic Executive Committee (Female) District No. 7,,DEM,Sheila Mae Woodard,160
Madison,0041 MAYSVILLE C OF CHR,Madison County Democratic Executive Committee (Female) District No. 7,,DEM,Stacia Williams,164
Madison,0044 RIVERTREE CH,Madison County Democratic Executive Committee (Female) District No. 7,,DEM,Barbara Cady,127
Madison,0044 RIVERTREE CH,Madison County Democratic Executive Committee (Female) District No. 7,,DEM,Rebecca Reed Krause,150
Madison,0044 RIVERTREE CH,Madison County Democratic Executive Committee (Female) District No. 7,,DEM,Sheila Mae Woodard,181
Madison,0044 RIVERTREE CH,Madison County Democratic Executive Committee (Female) District No. 7,,DEM,Stacia Williams,187
Madison,0045 GURLEY SENIOR CTR,Madison County Democratic Executive Committee (Female) District No. 7,,DEM,Barbara Cady,22
Madison,0045 GURLEY SENIOR CTR,Madison County Democratic Executive Committee (Female) District No. 7,,DEM,Rebecca Reed Krause,42
Madison,0045 GURLEY SENIOR CTR,Madison County Democratic Executive Committee (Female) District No. 7,,DEM,Sheila Mae Woodard,30
Madison,0045 GURLEY SENIOR CTR,Madison County Democratic Executive Committee (Female) District No. 7,,DEM,Stacia Williams,41
Madison,0051 NEW HOPE CITY HALL,Madison County Democratic Executive Committee (Female) District No. 7,,DEM,Barbara Cady,36
Madison,0051 NEW HOPE CITY HALL,Madison County Democratic Executive Committee (Female) District No. 7,,DEM,Rebecca Reed Krause,46
Madison,0051 NEW HOPE CITY HALL,Madison County Democratic Executive Committee (Female) District No. 7,,DEM,Sheila Mae Woodard,40
Madison,0051 NEW HOPE CITY HALL,Madison County Democratic Executive Committee (Female) District No. 7,,DEM,Stacia Williams,47
Madison,0057 OWENS CROSS ROADS CT,Madison County Democratic Executive Committee (Female) District No. 7,,DEM,Barbara Cady,44
Madison,0057 OWENS CROSS ROADS CT,Madison County Democratic Executive Committee (Female) District No. 7,,DEM,Rebecca Reed Krause,46
Madison,0057 OWENS CROSS ROADS CT,Madison County Democratic Executive Committee (Female) District No. 7,,DEM,Sheila Mae Woodard,36
Madison,0057 OWENS CROSS ROADS CT,Madison County Democratic Executive Committee (Female) District No. 7,,DEM,Stacia Williams,55
Madison,0059 BROWNSBORO BAPT CH,Madison County Democratic Executive Committee (Female) District No. 7,,DEM,Barbara Cady,59
Madison,0059 BROWNSBORO BAPT CH,Madison County Democratic Executive Committee (Female) District No. 7,,DEM,Rebecca Reed Krause,57
Madison,0059 BROWNSBORO BAPT CH,Madison County Democratic Executive Committee (Female) District No. 7,,DEM,Sheila Mae Woodard,78
Madison,0059 BROWNSBORO BAPT CH,Madison County Democratic Executive Committee (Female) District No. 7,,DEM,Stacia Williams,85
Madison,0079 OCR CHURCH OF CHRIST,Madison County Democratic Executive Committee (Female) District No. 7,,DEM,Barbara Cady,37
Madison,0079 OCR CHURCH OF CHRIST,Madison County Democratic Executive Committee (Female) District No. 7,,DEM,Rebecca Reed Krause,37
Madison,0079 OCR CHURCH OF CHRIST,Madison County Democratic Executive Committee (Female) District No. 7,,DEM,Sheila Mae Woodard,49
Madison,0079 OCR CHURCH OF CHRIST,Madison County Democratic Executive Committee (Female) District No. 7,,DEM,Stacia Williams,64
Madison,0080 ABSENTEE 1,Madison County Democratic Executive Committee (Female) District No. 7,,DEM,Barbara Cady,26
Madison,0080 ABSENTEE 1,Madison County Democratic Executive Committee (Female) District No. 7,,DEM,Rebecca Reed Krause,36
Madison,0080 ABSENTEE 1,Madison County Democratic Executive Committee (Female) District No. 7,,DEM,Sheila Mae Woodard,30
Madison,0080 ABSENTEE 1,Madison County Democratic Executive Committee (Female) District No. 7,,DEM,Stacia Williams,35
Madison,0081 PROVISIONAL,Madison County Democratic Executive Committee (Female) District No. 7,,DEM,Barbara Cady,2
Madison,0081 PROVISIONAL,Madison County Democratic Executive Committee (Female) District No. 7,,DEM,Rebecca Reed Krause,2
Madison,0081 PROVISIONAL,Madison County Democratic Executive Committee (Female) District No. 7,,DEM,Sheila Mae Woodard,0
Madison,0081 PROVISIONAL,Madison County Democratic Executive Committee (Female) District No. 7,,DEM,Stacia Williams,2
Madison,0006 HOPE VALLEY BIBLE CH,Madison County Democratic Executive Committee (Male) District No. 7,,DEM,Eddie S. Sherrod,99
Madison,0006 HOPE VALLEY BIBLE CH,Madison County Democratic Executive Committee (Male) District No. 7,,DEM,Forrest Satterfield,84
Madison,0006 HOPE VALLEY BIBLE CH,Madison County Democratic Executive Committee (Male) District No. 7,,DEM,Jackson Hannan,59
Madison,0006 HOPE VALLEY BIBLE CH,Madison County Democratic Executive Committee (Male) District No. 7,,DEM,John Cady,57
Madison,0006 HOPE VALLEY BIBLE CH,Madison County Democratic Executive Committee (Male) District No. 7,,DEM,Tom Ryan,46
Madison,0006 HOPE VALLEY BIBLE CH,Madison County Democratic Executive Committee (Male) District No. 7,,DEM,William L. Krause,36
Madison,0008 CORNERSTONE PRESB,Madison County Democratic Executive Committee (Male) District No. 7,,DEM,Eddie S. Sherrod,61
Madison,0008 CORNERSTONE PRESB,Madison County Democratic Executive Committee (Male) District No. 7,,DEM,Forrest Satterfield,94
Madison,0008 CORNERSTONE PRESB,Madison County Democratic Executive Committee (Male) District No. 7,,DEM,Jackson Hannan,31
Madison,0008 CORNERSTONE PRESB,Madison County Democratic Executive Committee (Male) District No. 7,,DEM,John Cady,50
Madison,0008 CORNERSTONE PRESB,Madison County Democratic Executive Committee (Male) District No. 7,,DEM,Tom Ryan,53
Madison,0008 CORNERSTONE PRESB,Madison County Democratic Executive Committee (Male) District No. 7,,DEM,William L. Krause,54
Madison,0010 MONTE SANO UMC,Madison County Democratic Executive Committee (Male) District No. 7,,DEM,Eddie S. Sherrod,63
Madison,0010 MONTE SANO UMC,Madison County Democratic Executive Committee (Male) District No. 7,,DEM,Forrest Satterfield,65
Madison,0010 MONTE SANO UMC,Madison County Democratic Executive Committee (Male) District No. 7,,DEM,Jackson Hannan,34
Madison,0010 MONTE SANO UMC,Madison County Democratic Executive Committee (Male) District No. 7,,DEM,John Cady,36
Madison,0010 MONTE SANO UMC,Madison County Democratic Executive Committee (Male) District No. 7,,DEM,Tom Ryan,83
Madison,0010 MONTE SANO UMC,Madison County Democratic Executive Committee (Male) District No. 7,,DEM,William L. Krause,42
Madison,0011 COVE CHURCH,Madison County Democratic Executive Committee (Male) District No. 7,,DEM,Eddie S. Sherrod,97
Madison,0011 COVE CHURCH,Madison County Democratic Executive Committee (Male) District No. 7,,DEM,Forrest Satterfield,83
Madison,0011 COVE CHURCH,Madison County Democratic Executive Committee (Male) District No. 7,,DEM,Jackson Hannan,54
Madison,0011 COVE CHURCH,Madison County Democratic Executive Committee (Male) District No. 7,,DEM,John Cady,78
Madison,0011 COVE CHURCH,Madison County Democratic Executive Committee (Male) District No. 7,,DEM,Tom Ryan,105
Madison,0011 COVE CHURCH,Madison County Democratic Executive Committee (Male) District No. 7,,DEM,William L. Krause,70
Madison,0012 HAMPTON COVE C OF CHR,Madison County Democratic Executive Committee (Male) District No. 7,,DEM,Eddie S. Sherrod,74
Madison,0012 HAMPTON COVE C OF CHR,Madison County Democratic Executive Committee (Male) District No. 7,,DEM,Forrest Satterfield,44
Madison,0012 HAMPTON COVE C OF CHR,Madison County Democratic Executive Committee (Male) District No. 7,,DEM,Jackson Hannan,41
Madison,0012 HAMPTON COVE C OF CHR,Madison County Democratic Executive Committee (Male) District No. 7,,DEM,John Cady,37
Madison,0012 HAMPTON COVE C OF CHR,Madison County Democratic Executive Committee (Male) District No. 7,,DEM,Tom Ryan,62
Madison,0012 HAMPTON COVE C OF CHR,Madison County Democratic Executive Committee (Male) District No. 7,,DEM,William L. Krause,32
Madison,0013 COVENANT PRESB CH,Madison County Democratic Executive Committee (Male) District No. 7,,DEM,Eddie S. Sherrod,108
Madison,0013 COVENANT PRESB CH,Madison County Democratic Executive Committee (Male) District No. 7,,DEM,Forrest Satterfield,116
Madison,0013 COVENANT PRESB CH,Madison County Democratic Executive Committee (Male) District No. 7,,DEM,Jackson Hannan,71
Madison,0013 COVENANT PRESB CH,Madison County Democratic Executive Committee (Male) District No. 7,,DEM,John Cady,71
Madison,0013 COVENANT PRESB CH,Madison County Democratic Executive Committee (Male) District No. 7,,DEM,Tom Ryan,100
Madison,0013 COVENANT PRESB CH,Madison County Democratic Executive Committee (Male) District No. 7,,DEM,William L. Krause,72
Madison,0025 CLUBHOUSE ON GREEN MT,Madison County Democratic Executive Committee (Male) District No. 7,,DEM,Eddie S. Sherrod,28
Madison,0025 CLUBHOUSE ON GREEN MT,Madison County Democratic Executive Committee (Male) District No. 7,,DEM,Forrest Satterfield,14
Madison,0025 CLUBHOUSE ON GREEN MT,Madison County Democratic Executive Committee (Male) District No. 7,,DEM,Jackson Hannan,17
Madison,0025 CLUBHOUSE ON GREEN MT,Madison County Democratic Executive Committee (Male) District No. 7,,DEM,John Cady,19
Madison,0025 CLUBHOUSE ON GREEN MT,Madison County Democratic Executive Committee (Male) District No. 7,,DEM,Tom Ryan,22
Madison,0025 CLUBHOUSE ON GREEN MT,Madison County Democratic Executive Committee (Male) District No. 7,,DEM,William L. Krause,17
Madison,0034 WEST HUNTSVILLE BAPT,Madison County Democratic Executive Committee (Male) District No. 7,,DEM,Eddie S. Sherrod,96
Madison,0034 WEST HUNTSVILLE BAPT,Madison County Democratic Executive Committee (Male) District No. 7,,DEM,Forrest Satterfield,65
Madison,0034 WEST HUNTSVILLE BAPT,Madison County Democratic Executive Committee (Male) District No. 7,,DEM,Jackson Hannan,43
Madison,0034 WEST HUNTSVILLE BAPT,Madison County Democratic Executive Committee (Male) District No. 7,,DEM,John Cady,41
Madison,0034 WEST HUNTSVILLE BAPT,Madison County Democratic Executive Committee (Male) District No. 7,,DEM,Tom Ryan,40
Madison,0034 WEST HUNTSVILLE BAPT,Madison County Democratic Executive Committee (Male) District No. 7,,DEM,William L. Krause,51
Madison,0041 MAYSVILLE C OF CHR,Madison County Democratic Executive Committee (Male) District No. 7,,DEM,Eddie S. Sherrod,126
Madison,0041 MAYSVILLE C OF CHR,Madison County Democratic Executive Committee (Male) District No. 7,,DEM,Forrest Satterfield,85
Madison,0041 MAYSVILLE C OF CHR,Madison County Democratic Executive Committee (Male) District No. 7,,DEM,Jackson Hannan,78
Madison,0041 MAYSVILLE C OF CHR,Madison County Democratic Executive Committee (Male) District No. 7,,DEM,John Cady,77
Madison,0041 MAYSVILLE C OF CHR,Madison County Democratic Executive Committee (Male) District No. 7,,DEM,Tom Ryan,61
Madison,0041 MAYSVILLE C OF CHR,Madison County Democratic Executive Committee (Male) District No. 7,,DEM,William L. Krause,72
Madison,0044 RIVERTREE CH,Madison County Democratic Executive Committee (Male) District No. 7,,DEM,Eddie S. Sherrod,137
Madison,0044 RIVERTREE CH,Madison County Democratic Executive Committee (Male) District No. 7,,DEM,Forrest Satterfield,122
Madison,0044 RIVERTREE CH,Madison County Democratic Executive Committee (Male) District No. 7,,DEM,Jackson Hannan,98
Madison,0044 RIVERTREE CH,Madison County Democratic Executive Committee (Male) District No. 7,,DEM,John Cady,93
Madison,0044 RIVERTREE CH,Madison County Democratic Executive Committee (Male) District No. 7,,DEM,Tom Ryan,77
Madison,0044 RIVERTREE CH,Madison County Democratic Executive Committee (Male) District No. 7,,DEM,William L. Krause,99
Madison,0045 GURLEY SENIOR CTR,Madison County Democratic Executive Committee (Male) District No. 7,,DEM,Eddie S. Sherrod,32
Madison,0045 GURLEY SENIOR CTR,Madison County Democratic Executive Committee (Male) District No. 7,,DEM,Forrest Satterfield,28
Madison,0045 GURLEY SENIOR CTR,Madison County Democratic Executive Committee (Male) District No. 7,,DEM,Jackson Hannan,18
Madison,0045 GURLEY SENIOR CTR,Madison County Democratic Executive Committee (Male) District No. 7,,DEM,John Cady,11
Madison,0045 GURLEY SENIOR CTR,Madison County Democratic Executive Committee (Male) District No. 7,,DEM,Tom Ryan,22
Madison,0045 GURLEY SENIOR CTR,Madison County Democratic Executive Committee (Male) District No. 7,,DEM,William L. Krause,18
Madison,0051 NEW HOPE CITY HALL,Madison County Democratic Executive Committee (Male) District No. 7,,DEM,Eddie S. Sherrod,24
Madison,0051 NEW HOPE CITY HALL,Madison County Democratic Executive Committee (Male) District No. 7,,DEM,Forrest Satterfield,41
Madison,0051 NEW HOPE CITY HALL,Madison County Democratic Executive Committee (Male) District No. 7,,DEM,Jackson Hannan,13
Madison,0051 NEW HOPE CITY HALL,Madison County Democratic Executive Committee (Male) District No. 7,,DEM,John Cady,19
Madison,0051 NEW HOPE CITY HALL,Madison County Democratic Executive Committee (Male) District No. 7,,DEM,Tom Ryan,24
Madison,0051 NEW HOPE CITY HALL,Madison County Democratic Executive Committee (Male) District No. 7,,DEM,William L. Krause,37
Madison,0057 OWENS CROSS ROADS CT,Madison County Democratic Executive Committee (Male) District No. 7,,DEM,Eddie S. Sherrod,33
Madison,0057 OWENS CROSS ROADS CT,Madison County Democratic Executive Committee (Male) District No. 7,,DEM,Forrest Satterfield,32
Madison,0057 OWENS CROSS ROADS CT,Madison County Democratic Executive Committee (Male) District No. 7,,DEM,Jackson Hannan,23
Madison,0057 OWENS CROSS ROADS CT,Madison County Democratic Executive Committee (Male) District No. 7,,DEM,John Cady,32
Madison,0057 OWENS CROSS ROADS CT,Madison County Democratic Executive Committee (Male) District No. 7,,DEM,Tom Ryan,33
Madison,0057 OWENS CROSS ROADS CT,Madison County Democratic Executive Committee (Male) District No. 7,,DEM,William L. Krause,31
Madison,0059 BROWNSBORO BAPT CH,Madison County Democratic Executive Committee (Male) District No. 7,,DEM,Eddie S. Sherrod,76
Madison,0059 BROWNSBORO BAPT CH,Madison County Democratic Executive Committee (Male) District No. 7,,DEM,Forrest Satterfield,57
Madison,0059 BROWNSBORO BAPT CH,Madison County Democratic Executive Committee (Male) District No. 7,,DEM,Jackson Hannan,31
Madison,0059 BROWNSBORO BAPT CH,Madison County Democratic Executive Committee (Male) District No. 7,,DEM,John Cady,46
Madison,0059 BROWNSBORO BAPT CH,Madison County Democratic Executive Committee (Male) District No. 7,,DEM,Tom Ryan,46
Madison,0059 BROWNSBORO BAPT CH,Madison County Democratic Executive Committee (Male) District No. 7,,DEM,William L. Krause,42
Madison,0079 OCR CHURCH OF CHRIST,Madison County Democratic Executive Committee (Male) District No. 7,,DEM,Eddie S. Sherrod,46
Madison,0079 OCR CHURCH OF CHRIST,Madison County Democratic Executive Committee (Male) District No. 7,,DEM,Forrest Satterfield,37
Madison,0079 OCR CHURCH OF CHRIST,Madison County Democratic Executive Committee (Male) District No. 7,,DEM,Jackson Hannan,25
Madison,0079 OCR CHURCH OF CHRIST,Madison County Democratic Executive Committee (Male) District No. 7,,DEM,John Cady,36
Madison,0079 OCR CHURCH OF CHRIST,Madison County Democratic Executive Committee (Male) District No. 7,,DEM,Tom Ryan,19
Madison,0079 OCR CHURCH OF CHRIST,Madison County Democratic Executive Committee (Male) District No. 7,,DEM,William L. Krause,23
Madison,0080 ABSENTEE 1,Madison County Democratic Executive Committee (Male) District No. 7,,DEM,Eddie S. Sherrod,30
Madison,0080 ABSENTEE 1,Madison County Democratic Executive Committee (Male) District No. 7,,DEM,Forrest Satterfield,25
Madison,0080 ABSENTEE 1,Madison County Democratic Executive Committee (Male) District No. 7,,DEM,Jackson Hannan,14
Madison,0080 ABSENTEE 1,Madison County Democratic Executive Committee (Male) District No. 7,,DEM,John Cady,18
Madison,0080 ABSENTEE 1,Madison County Democratic Executive Committee (Male) District No. 7,,DEM,Tom Ryan,32
Madison,0080 ABSENTEE 1,Madison County Democratic Executive Committee (Male) District No. 7,,DEM,William L. Krause,17
Madison,0081 PROVISIONAL,Madison County Democratic Executive Committee (Male) District No. 7,,DEM,Eddie S. Sherrod,1
Madison,0081 PROVISIONAL,Madison County Democratic Executive Committee (Male) District No. 7,,DEM,Forrest Satterfield,1
Madison,0081 PROVISIONAL,Madison County Democratic Executive Committee (Male) District No. 7,,DEM,Jackson Hannan,2
Madison,0081 PROVISIONAL,Madison County Democratic Executive Committee (Male) District No. 7,,DEM,John Cady,1
Madison,0081 PROVISIONAL,Madison County Democratic Executive Committee (Male) District No. 7,,DEM,Tom Ryan,1
Madison,0081 PROVISIONAL,Madison County Democratic Executive Committee (Male) District No. 7,,DEM,William L. Krause,0
Madison,0003 JACKSON WAY BAPT CH,"Madison County Republican Executive Committee, District 1, Place 8",,REP,Christopher Drensek,54
Madison,0003 JACKSON WAY BAPT CH,"Madison County Republican Executive Committee, District 1, Place 8",,REP,Donald J Barnes,123
Madison,0004 FIRST BAPT CH,"Madison County Republican Executive Committee, District 1, Place 8",,REP,Christopher Drensek,79
Madison,0004 FIRST BAPT CH,"Madison County Republican Executive Committee, District 1, Place 8",,REP,Donald J Barnes,218
Madison,0005 OPTIMIST PRK REC CTR,"Madison County Republican Executive Committee, District 1, Place 8",,REP,Christopher Drensek,66
Madison,0005 OPTIMIST PRK REC CTR,"Madison County Republican Executive Committee, District 1, Place 8",,REP,Donald J Barnes,199
Madison,0007 CHASE PARK CH OF CHR,"Madison County Republican Executive Committee, District 1, Place 8",,REP,Christopher Drensek,158
Madison,0007 CHASE PARK CH OF CHR,"Madison County Republican Executive Committee, District 1, Place 8",,REP,Donald J Barnes,457
Madison,0040 NEW MARKET REC CTR,"Madison County Republican Executive Committee, District 1, Place 8",,REP,Christopher Drensek,42
Madison,0040 NEW MARKET REC CTR,"Madison County Republican Executive Committee, District 1, Place 8",,REP,Donald J Barnes,136
Madison,0049 MARY K JOHNSTON GYM,"Madison County Republican Executive Committee, District 1, Place 8",,REP,Christopher Drensek,46
Madison,0049 MARY K JOHNSTON GYM,"Madison County Republican Executive Committee, District 1, Place 8",,REP,Donald J Barnes,115
Madison,0050 PLAINVIEW CH OF CHR,"Madison County Republican Executive Committee, District 1, Place 8",,REP,Christopher Drensek,75
Madison,0050 PLAINVIEW CH OF CHR,"Madison County Republican Executive Committee, District 1, Place 8",,REP,Donald J Barnes,234
Madison,0055 LOCUST GROVE BAPT CH,"Madison County Republican Executive Committee, District 1, Place 8",,REP,Christopher Drensek,77
Madison,0055 LOCUST GROVE BAPT CH,"Madison County Republican Executive Committee, District 1, Place 8",,REP,Donald J Barnes,209
Madison,0056 NEW MARKET VOL FIRE,"Madison County Republican Executive Committee, District 1, Place 8",,REP,Christopher Drensek,17
Madison,0056 NEW MARKET VOL FIRE,"Madison County Republican Executive Committee, District 1, Place 8",,REP,Donald J Barnes,82
Madison,0058 FIRST BAPT CH MER,"Madison County Republican Executive Committee, District 1, Place 8",,REP,Christopher Drensek,44
Madison,0058 FIRST BAPT CH MER,"Madison County Republican Executive Committee, District 1, Place 8",,REP,Donald J Barnes,128
Madison,0061 CO COMMISSION DIST 1,"Madison County Republican Executive Committee, District 1, Place 8",,REP,Christopher Drensek,52
Madison,0061 CO COMMISSION DIST 1,"Madison County Republican Executive Committee, District 1, Place 8",,REP,Donald J Barnes,197
Madison,0063 MERDIANVILLE C OF CHR,"Madison County Republican Executive Committee, District 1, Place 8",,REP,Christopher Drensek,113
Madison,0063 MERDIANVILLE C OF CHR,"Madison County Republican Executive Committee, District 1, Place 8",,REP,Donald J Barnes,454
Madison,0065 HAROLD HARBIN GYM,"Madison County Republican Executive Committee, District 1, Place 8",,REP,Christopher Drensek,73
Madison,0065 HAROLD HARBIN GYM,"Madison County Republican Executive Committee, District 1, Place 8",,REP,Donald J Barnes,210
Madison,0080 ABSENTEE 1,"Madison County Republican Executive Committee, District 1, Place 8",,REP,Christopher Drensek,20
Madison,0080 ABSENTEE 1,"Madison County Republican Executive Committee, District 1, Place 8",,REP,Donald J Barnes,56
Madison,0081 PROVISIONAL,"Madison County Republican Executive Committee, District 1, Place 8",,REP,Christopher Drensek,0
Madison,0081 PROVISIONAL,"Madison County Republican Executive Committee, District 1, Place 8",,REP,Donald J Barnes,1
Madison,0038 TOWN WELLNESS CTR,"Madison County Republican Executive Committee, District 2, Place 3",,REP,Carol E. Johnson,119
Madison,0038 TOWN WELLNESS CTR,"Madison County Republican Executive Committee, District 2, Place 3",,REP,Casey Martin,96
Madison,0043 TRIANA CITY HALL,"Madison County Republican Executive Committee, District 2, Place 3",,REP,Carol E. Johnson,64
Madison,0043 TRIANA CITY HALL,"Madison County Republican Executive Committee, District 2, Place 3",,REP,Casey Martin,75
Madison,0046 MISSION 7TH DAY ADV,"Madison County Republican Executive Committee, District 2, Place 3",,REP,Carol E. Johnson,129
Madison,0046 MISSION 7TH DAY ADV,"Madison County Republican Executive Committee, District 2, Place 3",,REP,Casey Martin,115
Madison,0052 MADISON PUBLIC LIBR,"Madison County Republican Executive Committee, District 2, Place 3",,REP,Carol E. Johnson,108
Madison,0052 MADISON PUBLIC LIBR,"Madison County Republican Executive Committee, District 2, Place 3",,REP,Casey Martin,105
Madison,0054 MADISON CITY HALL,"Madison County Republican Executive Committee, District 2, Place 3",,REP,Carol E. Johnson,160
Madison,0054 MADISON CITY HALL,"Madison County Republican Executive Committee, District 2, Place 3",,REP,Casey Martin,144
Madison,0066 FAITH LUTHERAN CH,"Madison County Republican Executive Committee, District 2, Place 3",,REP,Carol E. Johnson,161
Madison,0066 FAITH LUTHERAN CH,"Madison County Republican Executive Committee, District 2, Place 3",,REP,Casey Martin,155
Madison,0067 MADISON COMM CTR,"Madison County Republican Executive Committee, District 2, Place 3",,REP,Carol E. Johnson,167
Madison,0067 MADISON COMM CTR,"Madison County Republican Executive Committee, District 2, Place 3",,REP,Casey Martin,159
Madison,0068 ASBURY CHURCH,"Madison County Republican Executive Committee, District 2, Place 3",,REP,Carol E. Johnson,283
Madison,0068 ASBURY CHURCH,"Madison County Republican Executive Committee, District 2, Place 3",,REP,Casey Martin,254
Madison,0069 RESTORATION CHURCH,"Madison County Republican Executive Committee, District 2, Place 3",,REP,Carol E. Johnson,189
Madison,0069 RESTORATION CHURCH,"Madison County Republican Executive Committee, District 2, Place 3",,REP,Casey Martin,187
Madison,0071 MOVEMENT CHURCH,"Madison County Republican Executive Committee, District 2, Place 3",,REP,Carol E. Johnson,74
Madison,0071 MOVEMENT CHURCH,"Madison County Republican Executive Committee, District 2, Place 3",,REP,Casey Martin,64
Madison,0072 INDIAN CREEK BAPT CH,"Madison County Republican Executive Committee, District 2, Place 3",,REP,Carol E. Johnson,165
Madison,0072 INDIAN CREEK BAPT CH,"Madison County Republican Executive Committee, District 2, Place 3",,REP,Casey Martin,183
Madison,0073 CROSS RD COMM CTR,"Madison County Republican Executive Committee, District 2, Place 3",,REP,Carol E. Johnson,86
Madison,0073 CROSS RD COMM CTR,"Madison County Republican Executive Committee, District 2, Place 3",,REP,Casey Martin,77
Madison,0080 ABSENTEE 1,"Madison County Republican Executive Committee, District 2, Place 3",,REP,Carol E. Johnson,37
Madison,0080 ABSENTEE 1,"Madison County Republican Executive Committee, District 2, Place 3",,REP,Casey Martin,23
Madison,0081 PROVISIONAL,"Madison County Republican Executive Committee, District 2, Place 3",,REP,Carol E. Johnson,1
Madison,0081 PROVISIONAL,"Madison County Republican Executive Committee, District 2, Place 3",,REP,Casey Martin,1
