county,precinct,office,district,party,candidate,votes
Covington,0001 ANDALUSIA KIWANIS FAIR,Proposed Statewide Amendment 1,,,No,156
Covington,0001 ANDALUSIA KIWANIS FAIR,Proposed Statewide Amendment 1,,,Yes,1397
Covington,0001 ANDALUSIA KIWANIS FAIR,Proposed Statewide Amendment 2,,,No,618
Covington,0001 ANDALUSIA KIWANIS FAIR,Proposed Statewide Amendment 2,,,Yes,892
Covington,0001 ANDALUSIA KIWANIS FAIR,Governor,,DEM,"Chad ""Chig"" Martin",9
Covington,0001 ANDALUSIA KIWANIS FAIR,Governor,,DEM,Doug Jones,263
Covington,0001 ANDALUSIA KIWANIS FAIR,Governor,,DEM,Jamel J. Brown,36
Covington,0001 ANDALUSIA KIWANIS FAIR,Governor,,DEM,"Nathan ""Nate"" Mathis",3
Covington,0001 ANDALUSIA KIWANIS FAIR,Governor,,DEM,Will Boyd,67
Covington,0001 ANDALUSIA KIWANIS FAIR,Governor,,DEM,Yolanda Rochelle Flowers,14
Covington,0001 ANDALUSIA KIWANIS FAIR,Lieutenant Governor,,DEM,Darryl D. Perryman,119
Covington,0001 ANDALUSIA KIWANIS FAIR,Lieutenant Governor,,DEM,Phillip Ensler,253
Covington,0001 ANDALUSIA KIWANIS FAIR,"Public Service Commission, Place No. 1",,DEM,James O. Gordon,239
Covington,0001 ANDALUSIA KIWANIS FAIR,"Public Service Commission, Place No. 1",,DEM,Jeff Ramsey,66
Covington,0001 ANDALUSIA KIWANIS FAIR,"Public Service Commission, Place No. 1",,DEM,John Northrop,69
Covington,0001 ANDALUSIA KIWANIS FAIR,State Democratic Executive Committee,,DEM,Harriet Hubbard,189
Covington,0001 ANDALUSIA KIWANIS FAIR,State Democratic Executive Committee,,DEM,Jackie R. Woods,276
Covington,0001 ANDALUSIA KIWANIS FAIR,State Democratic Executive Committee,,DEM,Steve Hubbard,112
Covington,0001 ANDALUSIA KIWANIS FAIR,State Democratic Executive Committee,,DEM,Sylvia Wallace-Patton,196
Covington,0001 ANDALUSIA KIWANIS FAIR,U.S. Senate,,DEM,Dakarai Larriett,90
Covington,0001 ANDALUSIA KIWANIS FAIR,U.S. Senate,,DEM,Everett Wess,185
Covington,0001 ANDALUSIA KIWANIS FAIR,U.S. Senate,,DEM,Kyle Sweetser,30
Covington,0001 ANDALUSIA KIWANIS FAIR,U.S. Senate,,DEM,Mark S. Wheeler II,70
Covington,0001 ANDALUSIA KIWANIS FAIR,Attorney General,,REP,Jay Mitchell,290
Covington,0001 ANDALUSIA KIWANIS FAIR,Attorney General,,REP,Katherine Robertson,357
Covington,0001 ANDALUSIA KIWANIS FAIR,Attorney General,,REP,Pamela L. Casey,474
Covington,0001 ANDALUSIA KIWANIS FAIR,Commissioner of Agriculture and Industries,,REP,Christina Woerner McInnis,360
Covington,0001 ANDALUSIA KIWANIS FAIR,Commissioner of Agriculture and Industries,,REP,Cory Hill,371
Covington,0001 ANDALUSIA KIWANIS FAIR,Commissioner of Agriculture and Industries,,REP,Jack Williams,277
Covington,0001 ANDALUSIA KIWANIS FAIR,Covington County Sheriff,,REP,David Blake Turman,635
Covington,0001 ANDALUSIA KIWANIS FAIR,Covington County Sheriff,,REP,Landon Thigpen,29
Covington,0001 ANDALUSIA KIWANIS FAIR,Covington County Sheriff,,REP,Mark Odom,536
Covington,0001 ANDALUSIA KIWANIS FAIR,Governor,,REP,"""Alabama"" Will Santivasci",42
Covington,0001 ANDALUSIA KIWANIS FAIR,Governor,,REP,Ken McFeeters,110
Covington,0001 ANDALUSIA KIWANIS FAIR,Governor,,REP,Thomas Tuberville,1031
Covington,0001 ANDALUSIA KIWANIS FAIR,Lieutenant Governor,,REP,George Childress,12
Covington,0001 ANDALUSIA KIWANIS FAIR,Lieutenant Governor,,REP,John Wahl,331
Covington,0001 ANDALUSIA KIWANIS FAIR,Lieutenant Governor,,REP,Nicole Jones Wadsworth,53
Covington,0001 ANDALUSIA KIWANIS FAIR,Lieutenant Governor,,REP,Pat Bishop,32
Covington,0001 ANDALUSIA KIWANIS FAIR,Lieutenant Governor,,REP,Rick Pate,74
Covington,0001 ANDALUSIA KIWANIS FAIR,Lieutenant Governor,,REP,Stewart Hill Tankersley,12
Covington,0001 ANDALUSIA KIWANIS FAIR,Lieutenant Governor,,REP,Wes Allen,604
Covington,0001 ANDALUSIA KIWANIS FAIR,"Member, Covington County Board of Education, Place N",,REP,Unverified Candidate 1,177
Covington,0001 ANDALUSIA KIWANIS FAIR,"Member, Covington County Board of Education, Place N",,REP,Unverified Candidate 2,31
Covington,0001 ANDALUSIA KIWANIS FAIR,"Member, Covington County Board of Education, Place N",,REP,Unverified Candidate 3,41
Covington,0001 ANDALUSIA KIWANIS FAIR,"Member, Covington County Board of Education, Place N",,REP,Unverified Candidate 4,7
Covington,0001 ANDALUSIA KIWANIS FAIR,"Public Service Commission, Place No. 1",,REP,Jeremy H. Oden,289
Covington,0001 ANDALUSIA KIWANIS FAIR,"Public Service Commission, Place No. 1",,REP,Matt Gentry,680
Covington,0001 ANDALUSIA KIWANIS FAIR,"Public Service Commission, Place No. 2",,REP,Brent Woodall,142
Covington,0001 ANDALUSIA KIWANIS FAIR,"Public Service Commission, Place No. 2",,REP,Chris Beeker,243
Covington,0001 ANDALUSIA KIWANIS FAIR,"Public Service Commission, Place No. 2",,REP,Jim Zig Zeigler,516
Covington,0001 ANDALUSIA KIWANIS FAIR,"Public Service Commission, Place No. 2",,REP,Priscilla Andrews,116
Covington,0001 ANDALUSIA KIWANIS FAIR,Secretary of State,,REP,Caroleene Dobson,741
Covington,0001 ANDALUSIA KIWANIS FAIR,Secretary of State,,REP,Christopher Christian Horn,178
Covington,0001 ANDALUSIA KIWANIS FAIR,Secretary of State,,REP,Glenda S. Jackson,112
Covington,0001 ANDALUSIA KIWANIS FAIR,State Auditor,,REP,Andrew Sorrell,604
Covington,0001 ANDALUSIA KIWANIS FAIR,State Auditor,,REP,Derek Chen,424
Covington,0001 ANDALUSIA KIWANIS FAIR,State Treasurer,,REP,Steve Lolley,283
Covington,0001 ANDALUSIA KIWANIS FAIR,State Treasurer,,REP,Young Boozer,784
Covington,0001 ANDALUSIA KIWANIS FAIR,U.S. House,1,REP,Austin Sidwell,150
Covington,0001 ANDALUSIA KIWANIS FAIR,U.S. House,1,REP,James (Jimmy) Dees,92
Covington,0001 ANDALUSIA KIWANIS FAIR,U.S. House,1,REP,James Richardson,42
Covington,0001 ANDALUSIA KIWANIS FAIR,U.S. House,1,REP,Jerry Carl,239
Covington,0001 ANDALUSIA KIWANIS FAIR,U.S. House,1,REP,John Mills,64
Covington,0001 ANDALUSIA KIWANIS FAIR,U.S. House,1,REP,Joshua McKee,133
Covington,0001 ANDALUSIA KIWANIS FAIR,U.S. House,1,REP,Rhett Marques,260
Covington,0001 ANDALUSIA KIWANIS FAIR,U.S. Senate,,REP,Barry Moore,628
Covington,0001 ANDALUSIA KIWANIS FAIR,U.S. Senate,,REP,Dale Shelton Deas Jr.,8
Covington,0001 ANDALUSIA KIWANIS FAIR,U.S. Senate,,REP,Jared Hudson,241
Covington,0001 ANDALUSIA KIWANIS FAIR,U.S. Senate,,REP,Morgan Murphy,14
Covington,0001 ANDALUSIA KIWANIS FAIR,U.S. Senate,,REP,Rodney Walker,64
Covington,0001 ANDALUSIA KIWANIS FAIR,U.S. Senate,,REP,Seth Burton,16
Covington,0001 ANDALUSIA KIWANIS FAIR,U.S. Senate,,REP,Steve Marshall,184
Covington,0002 HOPEWELL,Proposed Statewide Amendment 1,,,No,7
Covington,0002 HOPEWELL,Proposed Statewide Amendment 1,,,Yes,126
Covington,0002 HOPEWELL,Proposed Statewide Amendment 2,,,No,63
Covington,0002 HOPEWELL,Proposed Statewide Amendment 2,,,Yes,63
Covington,0002 HOPEWELL,Governor,,DEM,"Chad ""Chig"" Martin",1
Covington,0002 HOPEWELL,Governor,,DEM,Doug Jones,3
Covington,0002 HOPEWELL,Governor,,DEM,Jamel J. Brown,0
Covington,0002 HOPEWELL,Governor,,DEM,"Nathan ""Nate"" Mathis",0
Covington,0002 HOPEWELL,Governor,,DEM,Will Boyd,3
Covington,0002 HOPEWELL,Governor,,DEM,Yolanda Rochelle Flowers,0
Covington,0002 HOPEWELL,Lieutenant Governor,,DEM,Darryl D. Perryman,2
Covington,0002 HOPEWELL,Lieutenant Governor,,DEM,Phillip Ensler,3
Covington,0002 HOPEWELL,"Public Service Commission, Place No. 1",,DEM,James O. Gordon,0
Covington,0002 HOPEWELL,"Public Service Commission, Place No. 1",,DEM,Jeff Ramsey,2
Covington,0002 HOPEWELL,"Public Service Commission, Place No. 1",,DEM,John Northrop,3
Covington,0002 HOPEWELL,State Democratic Executive Committee,,DEM,Harriet Hubbard,4
Covington,0002 HOPEWELL,State Democratic Executive Committee,,DEM,Jackie R. Woods,2
Covington,0002 HOPEWELL,State Democratic Executive Committee,,DEM,Steve Hubbard,4
Covington,0002 HOPEWELL,State Democratic Executive Committee,,DEM,Sylvia Wallace-Patton,2
Covington,0002 HOPEWELL,U.S. Senate,,DEM,Dakarai Larriett,1
Covington,0002 HOPEWELL,U.S. Senate,,DEM,Everett Wess,2
Covington,0002 HOPEWELL,U.S. Senate,,DEM,Kyle Sweetser,1
Covington,0002 HOPEWELL,U.S. Senate,,DEM,Mark S. Wheeler II,0
Covington,0002 HOPEWELL,Attorney General,,REP,Jay Mitchell,36
Covington,0002 HOPEWELL,Attorney General,,REP,Katherine Robertson,27
Covington,0002 HOPEWELL,Attorney General,,REP,Pamela L. Casey,54
Covington,0002 HOPEWELL,Commissioner of Agriculture and Industries,,REP,Christina Woerner McInnis,38
Covington,0002 HOPEWELL,Commissioner of Agriculture and Industries,,REP,Cory Hill,38
Covington,0002 HOPEWELL,Commissioner of Agriculture and Industries,,REP,Jack Williams,31
Covington,0002 HOPEWELL,Covington County Sheriff,,REP,David Blake Turman,69
Covington,0002 HOPEWELL,Covington County Sheriff,,REP,Landon Thigpen,5
Covington,0002 HOPEWELL,Covington County Sheriff,,REP,Mark Odom,64
Covington,0002 HOPEWELL,Governor,,REP,"""Alabama"" Will Santivasci",9
Covington,0002 HOPEWELL,Governor,,REP,Ken McFeeters,10
Covington,0002 HOPEWELL,Governor,,REP,Thomas Tuberville,110
Covington,0002 HOPEWELL,Lieutenant Governor,,REP,George Childress,1
Covington,0002 HOPEWELL,Lieutenant Governor,,REP,John Wahl,37
Covington,0002 HOPEWELL,Lieutenant Governor,,REP,Nicole Jones Wadsworth,6
Covington,0002 HOPEWELL,Lieutenant Governor,,REP,Pat Bishop,4
Covington,0002 HOPEWELL,Lieutenant Governor,,REP,Rick Pate,11
Covington,0002 HOPEWELL,Lieutenant Governor,,REP,Stewart Hill Tankersley,2
Covington,0002 HOPEWELL,Lieutenant Governor,,REP,Wes Allen,62
Covington,0002 HOPEWELL,"Member, Covington County Board of Education, Place N",,REP,Unverified Candidate 1,90
Covington,0002 HOPEWELL,"Member, Covington County Board of Education, Place N",,REP,Unverified Candidate 2,20
Covington,0002 HOPEWELL,"Member, Covington County Board of Education, Place N",,REP,Unverified Candidate 3,23
Covington,0002 HOPEWELL,"Member, Covington County Board of Education, Place N",,REP,Unverified Candidate 4,1
Covington,0002 HOPEWELL,"Public Service Commission, Place No. 1",,REP,Jeremy H. Oden,25
Covington,0002 HOPEWELL,"Public Service Commission, Place No. 1",,REP,Matt Gentry,82
Covington,0002 HOPEWELL,"Public Service Commission, Place No. 2",,REP,Brent Woodall,17
Covington,0002 HOPEWELL,"Public Service Commission, Place No. 2",,REP,Chris Beeker,27
Covington,0002 HOPEWELL,"Public Service Commission, Place No. 2",,REP,Jim Zig Zeigler,56
Covington,0002 HOPEWELL,"Public Service Commission, Place No. 2",,REP,Priscilla Andrews,9
Covington,0002 HOPEWELL,Secretary of State,,REP,Caroleene Dobson,81
Covington,0002 HOPEWELL,Secretary of State,,REP,Christopher Christian Horn,16
Covington,0002 HOPEWELL,Secretary of State,,REP,Glenda S. Jackson,8
Covington,0002 HOPEWELL,State Auditor,,REP,Andrew Sorrell,64
Covington,0002 HOPEWELL,State Auditor,,REP,Derek Chen,45
Covington,0002 HOPEWELL,State Treasurer,,REP,Steve Lolley,34
Covington,0002 HOPEWELL,State Treasurer,,REP,Young Boozer,78
Covington,0002 HOPEWELL,U.S. House,1,REP,Austin Sidwell,11
Covington,0002 HOPEWELL,U.S. House,1,REP,James (Jimmy) Dees,6
Covington,0002 HOPEWELL,U.S. House,1,REP,James Richardson,6
Covington,0002 HOPEWELL,U.S. House,1,REP,Jerry Carl,35
Covington,0002 HOPEWELL,U.S. House,1,REP,John Mills,2
Covington,0002 HOPEWELL,U.S. House,1,REP,Joshua McKee,14
Covington,0002 HOPEWELL,U.S. House,1,REP,Rhett Marques,29
Covington,0002 HOPEWELL,U.S. Senate,,REP,Barry Moore,71
Covington,0002 HOPEWELL,U.S. Senate,,REP,Dale Shelton Deas Jr.,0
Covington,0002 HOPEWELL,U.S. Senate,,REP,Jared Hudson,22
Covington,0002 HOPEWELL,U.S. Senate,,REP,Morgan Murphy,0
Covington,0002 HOPEWELL,U.S. Senate,,REP,Rodney Walker,14
Covington,0002 HOPEWELL,U.S. Senate,,REP,Seth Burton,4
Covington,0002 HOPEWELL,U.S. Senate,,REP,Steve Marshall,15
Covington,0003 OPP SR. ACTIVITY CTR.,Proposed Statewide Amendment 1,,,No,97
Covington,0003 OPP SR. ACTIVITY CTR.,Proposed Statewide Amendment 1,,,Yes,938
Covington,0003 OPP SR. ACTIVITY CTR.,Proposed Statewide Amendment 2,,,No,378
Covington,0003 OPP SR. ACTIVITY CTR.,Proposed Statewide Amendment 2,,,Yes,617
Covington,0003 OPP SR. ACTIVITY CTR.,Governor,,DEM,"Chad ""Chig"" Martin",16
Covington,0003 OPP SR. ACTIVITY CTR.,Governor,,DEM,Doug Jones,96
Covington,0003 OPP SR. ACTIVITY CTR.,Governor,,DEM,Jamel J. Brown,19
Covington,0003 OPP SR. ACTIVITY CTR.,Governor,,DEM,"Nathan ""Nate"" Mathis",1
Covington,0003 OPP SR. ACTIVITY CTR.,Governor,,DEM,Will Boyd,13
Covington,0003 OPP SR. ACTIVITY CTR.,Governor,,DEM,Yolanda Rochelle Flowers,20
Covington,0003 OPP SR. ACTIVITY CTR.,Lieutenant Governor,,DEM,Darryl D. Perryman,65
Covington,0003 OPP SR. ACTIVITY CTR.,Lieutenant Governor,,DEM,Phillip Ensler,87
Covington,0003 OPP SR. ACTIVITY CTR.,"Public Service Commission, Place No. 1",,DEM,James O. Gordon,76
Covington,0003 OPP SR. ACTIVITY CTR.,"Public Service Commission, Place No. 1",,DEM,Jeff Ramsey,40
Covington,0003 OPP SR. ACTIVITY CTR.,"Public Service Commission, Place No. 1",,DEM,John Northrop,33
Covington,0003 OPP SR. ACTIVITY CTR.,State Democratic Executive Committee,,DEM,Harriet Hubbard,79
Covington,0003 OPP SR. ACTIVITY CTR.,State Democratic Executive Committee,,DEM,Jackie R. Woods,123
Covington,0003 OPP SR. ACTIVITY CTR.,State Democratic Executive Committee,,DEM,Steve Hubbard,35
Covington,0003 OPP SR. ACTIVITY CTR.,State Democratic Executive Committee,,DEM,Sylvia Wallace-Patton,66
Covington,0003 OPP SR. ACTIVITY CTR.,U.S. Senate,,DEM,Dakarai Larriett,54
Covington,0003 OPP SR. ACTIVITY CTR.,U.S. Senate,,DEM,Everett Wess,48
Covington,0003 OPP SR. ACTIVITY CTR.,U.S. Senate,,DEM,Kyle Sweetser,24
Covington,0003 OPP SR. ACTIVITY CTR.,U.S. Senate,,DEM,Mark S. Wheeler II,27
Covington,0003 OPP SR. ACTIVITY CTR.,Attorney General,,REP,Jay Mitchell,254
Covington,0003 OPP SR. ACTIVITY CTR.,Attorney General,,REP,Katherine Robertson,325
Covington,0003 OPP SR. ACTIVITY CTR.,Attorney General,,REP,Pamela L. Casey,266
Covington,0003 OPP SR. ACTIVITY CTR.,Commissioner of Agriculture and Industries,,REP,Christina Woerner McInnis,249
Covington,0003 OPP SR. ACTIVITY CTR.,Commissioner of Agriculture and Industries,,REP,Cory Hill,248
Covington,0003 OPP SR. ACTIVITY CTR.,Commissioner of Agriculture and Industries,,REP,Jack Williams,276
Covington,0003 OPP SR. ACTIVITY CTR.,Covington County Sheriff,,REP,David Blake Turman,715
Covington,0003 OPP SR. ACTIVITY CTR.,Covington County Sheriff,,REP,Landon Thigpen,20
Covington,0003 OPP SR. ACTIVITY CTR.,Covington County Sheriff,,REP,Mark Odom,169
Covington,0003 OPP SR. ACTIVITY CTR.,Governor,,REP,"""Alabama"" Will Santivasci",27
Covington,0003 OPP SR. ACTIVITY CTR.,Governor,,REP,Ken McFeeters,44
Covington,0003 OPP SR. ACTIVITY CTR.,Governor,,REP,Thomas Tuberville,833
Covington,0003 OPP SR. ACTIVITY CTR.,Lieutenant Governor,,REP,George Childress,14
Covington,0003 OPP SR. ACTIVITY CTR.,Lieutenant Governor,,REP,John Wahl,311
Covington,0003 OPP SR. ACTIVITY CTR.,Lieutenant Governor,,REP,Nicole Jones Wadsworth,35
Covington,0003 OPP SR. ACTIVITY CTR.,Lieutenant Governor,,REP,Pat Bishop,17
Covington,0003 OPP SR. ACTIVITY CTR.,Lieutenant Governor,,REP,Rick Pate,41
Covington,0003 OPP SR. ACTIVITY CTR.,Lieutenant Governor,,REP,Stewart Hill Tankersley,11
Covington,0003 OPP SR. ACTIVITY CTR.,Lieutenant Governor,,REP,Wes Allen,428
Covington,0003 OPP SR. ACTIVITY CTR.,"Member, Covington County Board of Education, Place N",,REP,Unverified Candidate 1,24
Covington,0003 OPP SR. ACTIVITY CTR.,"Member, Covington County Board of Education, Place N",,REP,Unverified Candidate 2,3
Covington,0003 OPP SR. ACTIVITY CTR.,"Member, Covington County Board of Education, Place N",,REP,Unverified Candidate 3,6
Covington,0003 OPP SR. ACTIVITY CTR.,"Member, Covington County Board of Education, Place N",,REP,Unverified Candidate 4,2
Covington,0003 OPP SR. ACTIVITY CTR.,"Public Service Commission, Place No. 1",,REP,Jeremy H. Oden,183
Covington,0003 OPP SR. ACTIVITY CTR.,"Public Service Commission, Place No. 1",,REP,Matt Gentry,574
Covington,0003 OPP SR. ACTIVITY CTR.,"Public Service Commission, Place No. 2",,REP,Brent Woodall,131
Covington,0003 OPP SR. ACTIVITY CTR.,"Public Service Commission, Place No. 2",,REP,Chris Beeker,167
Covington,0003 OPP SR. ACTIVITY CTR.,"Public Service Commission, Place No. 2",,REP,Jim Zig Zeigler,408
Covington,0003 OPP SR. ACTIVITY CTR.,"Public Service Commission, Place No. 2",,REP,Priscilla Andrews,95
Covington,0003 OPP SR. ACTIVITY CTR.,Secretary of State,,REP,Caroleene Dobson,543
Covington,0003 OPP SR. ACTIVITY CTR.,Secretary of State,,REP,Christopher Christian Horn,145
Covington,0003 OPP SR. ACTIVITY CTR.,Secretary of State,,REP,Glenda S. Jackson,114
Covington,0003 OPP SR. ACTIVITY CTR.,State Auditor,,REP,Andrew Sorrell,558
Covington,0003 OPP SR. ACTIVITY CTR.,State Auditor,,REP,Derek Chen,241
Covington,0003 OPP SR. ACTIVITY CTR.,State Treasurer,,REP,Steve Lolley,238
Covington,0003 OPP SR. ACTIVITY CTR.,State Treasurer,,REP,Young Boozer,587
Covington,0003 OPP SR. ACTIVITY CTR.,U.S. House,1,REP,Austin Sidwell,69
Covington,0003 OPP SR. ACTIVITY CTR.,U.S. House,1,REP,James (Jimmy) Dees,75
Covington,0003 OPP SR. ACTIVITY CTR.,U.S. House,1,REP,James Richardson,57
Covington,0003 OPP SR. ACTIVITY CTR.,U.S. House,1,REP,Jerry Carl,179
Covington,0003 OPP SR. ACTIVITY CTR.,U.S. House,1,REP,John Mills,48
Covington,0003 OPP SR. ACTIVITY CTR.,U.S. House,1,REP,Joshua McKee,62
Covington,0003 OPP SR. ACTIVITY CTR.,U.S. House,1,REP,Rhett Marques,275
Covington,0003 OPP SR. ACTIVITY CTR.,U.S. Senate,,REP,Barry Moore,650
Covington,0003 OPP SR. ACTIVITY CTR.,U.S. Senate,,REP,Dale Shelton Deas Jr.,4
Covington,0003 OPP SR. ACTIVITY CTR.,U.S. Senate,,REP,Jared Hudson,95
Covington,0003 OPP SR. ACTIVITY CTR.,U.S. Senate,,REP,Morgan Murphy,5
Covington,0003 OPP SR. ACTIVITY CTR.,U.S. Senate,,REP,Rodney Walker,55
Covington,0003 OPP SR. ACTIVITY CTR.,U.S. Senate,,REP,Seth Burton,12
Covington,0003 OPP SR. ACTIVITY CTR.,U.S. Senate,,REP,Steve Marshall,74
Covington,0004 HARMONY,Proposed Statewide Amendment 1,,,No,15
Covington,0004 HARMONY,Proposed Statewide Amendment 1,,,Yes,150
Covington,0004 HARMONY,Proposed Statewide Amendment 2,,,No,72
Covington,0004 HARMONY,Proposed Statewide Amendment 2,,,Yes,83
Covington,0004 HARMONY,Governor,,DEM,"Chad ""Chig"" Martin",0
Covington,0004 HARMONY,Governor,,DEM,Doug Jones,5
Covington,0004 HARMONY,Governor,,DEM,Jamel J. Brown,0
Covington,0004 HARMONY,Governor,,DEM,"Nathan ""Nate"" Mathis",0
Covington,0004 HARMONY,Governor,,DEM,Will Boyd,0
Covington,0004 HARMONY,Governor,,DEM,Yolanda Rochelle Flowers,0
Covington,0004 HARMONY,Lieutenant Governor,,DEM,Darryl D. Perryman,2
Covington,0004 HARMONY,Lieutenant Governor,,DEM,Phillip Ensler,3
Covington,0004 HARMONY,"Public Service Commission, Place No. 1",,DEM,James O. Gordon,3
Covington,0004 HARMONY,"Public Service Commission, Place No. 1",,DEM,Jeff Ramsey,2
Covington,0004 HARMONY,"Public Service Commission, Place No. 1",,DEM,John Northrop,0
Covington,0004 HARMONY,State Democratic Executive Committee,,DEM,Harriet Hubbard,4
Covington,0004 HARMONY,State Democratic Executive Committee,,DEM,Jackie R. Woods,3
Covington,0004 HARMONY,State Democratic Executive Committee,,DEM,Steve Hubbard,2
Covington,0004 HARMONY,State Democratic Executive Committee,,DEM,Sylvia Wallace-Patton,1
Covington,0004 HARMONY,U.S. Senate,,DEM,Dakarai Larriett,2
Covington,0004 HARMONY,U.S. Senate,,DEM,Everett Wess,0
Covington,0004 HARMONY,U.S. Senate,,DEM,Kyle Sweetser,1
Covington,0004 HARMONY,U.S. Senate,,DEM,Mark S. Wheeler II,2
Covington,0004 HARMONY,Attorney General,,REP,Jay Mitchell,32
Covington,0004 HARMONY,Attorney General,,REP,Katherine Robertson,43
Covington,0004 HARMONY,Attorney General,,REP,Pamela L. Casey,78
Covington,0004 HARMONY,Commissioner of Agriculture and Industries,,REP,Christina Woerner McInnis,31
Covington,0004 HARMONY,Commissioner of Agriculture and Industries,,REP,Cory Hill,74
Covington,0004 HARMONY,Commissioner of Agriculture and Industries,,REP,Jack Williams,32
Covington,0004 HARMONY,Covington County Sheriff,,REP,David Blake Turman,95
Covington,0004 HARMONY,Covington County Sheriff,,REP,Landon Thigpen,1
Covington,0004 HARMONY,Covington County Sheriff,,REP,Mark Odom,69
Covington,0004 HARMONY,Governor,,REP,"""Alabama"" Will Santivasci",7
Covington,0004 HARMONY,Governor,,REP,Ken McFeeters,11
Covington,0004 HARMONY,Governor,,REP,Thomas Tuberville,141
Covington,0004 HARMONY,Lieutenant Governor,,REP,George Childress,3
Covington,0004 HARMONY,Lieutenant Governor,,REP,John Wahl,52
Covington,0004 HARMONY,Lieutenant Governor,,REP,Nicole Jones Wadsworth,10
Covington,0004 HARMONY,Lieutenant Governor,,REP,Pat Bishop,6
Covington,0004 HARMONY,Lieutenant Governor,,REP,Rick Pate,6
Covington,0004 HARMONY,Lieutenant Governor,,REP,Stewart Hill Tankersley,2
Covington,0004 HARMONY,Lieutenant Governor,,REP,Wes Allen,68
Covington,0004 HARMONY,"Member, Covington County Board of Education, Place N",,REP,Unverified Candidate 1,110
Covington,0004 HARMONY,"Member, Covington County Board of Education, Place N",,REP,Unverified Candidate 2,19
Covington,0004 HARMONY,"Member, Covington County Board of Education, Place N",,REP,Unverified Candidate 3,17
Covington,0004 HARMONY,"Member, Covington County Board of Education, Place N",,REP,Unverified Candidate 4,11
Covington,0004 HARMONY,"Public Service Commission, Place No. 1",,REP,Jeremy H. Oden,35
Covington,0004 HARMONY,"Public Service Commission, Place No. 1",,REP,Matt Gentry,100
Covington,0004 HARMONY,"Public Service Commission, Place No. 2",,REP,Brent Woodall,28
Covington,0004 HARMONY,"Public Service Commission, Place No. 2",,REP,Chris Beeker,36
Covington,0004 HARMONY,"Public Service Commission, Place No. 2",,REP,Jim Zig Zeigler,66
Covington,0004 HARMONY,"Public Service Commission, Place No. 2",,REP,Priscilla Andrews,10
Covington,0004 HARMONY,Secretary of State,,REP,Caroleene Dobson,91
Covington,0004 HARMONY,Secretary of State,,REP,Christopher Christian Horn,32
Covington,0004 HARMONY,Secretary of State,,REP,Glenda S. Jackson,17
Covington,0004 HARMONY,State Auditor,,REP,Andrew Sorrell,97
Covington,0004 HARMONY,State Auditor,,REP,Derek Chen,41
Covington,0004 HARMONY,State Treasurer,,REP,Steve Lolley,36
Covington,0004 HARMONY,State Treasurer,,REP,Young Boozer,103
Covington,0004 HARMONY,U.S. House,1,REP,Austin Sidwell,37
Covington,0004 HARMONY,U.S. House,1,REP,James (Jimmy) Dees,7
Covington,0004 HARMONY,U.S. House,1,REP,James Richardson,10
Covington,0004 HARMONY,U.S. House,1,REP,Jerry Carl,29
Covington,0004 HARMONY,U.S. House,1,REP,John Mills,10
Covington,0004 HARMONY,U.S. House,1,REP,Joshua McKee,8
Covington,0004 HARMONY,U.S. House,1,REP,Rhett Marques,32
Covington,0004 HARMONY,U.S. Senate,,REP,Barry Moore,99
Covington,0004 HARMONY,U.S. Senate,,REP,Dale Shelton Deas Jr.,3
Covington,0004 HARMONY,U.S. Senate,,REP,Jared Hudson,18
Covington,0004 HARMONY,U.S. Senate,,REP,Morgan Murphy,2
Covington,0004 HARMONY,U.S. Senate,,REP,Rodney Walker,13
Covington,0004 HARMONY,U.S. Senate,,REP,Seth Burton,6
Covington,0004 HARMONY,U.S. Senate,,REP,Steve Marshall,13
Covington,0005 MARVIN ODOMS PLACE,Proposed Statewide Amendment 1,,,No,6
Covington,0005 MARVIN ODOMS PLACE,Proposed Statewide Amendment 1,,,Yes,64
Covington,0005 MARVIN ODOMS PLACE,Proposed Statewide Amendment 2,,,No,34
Covington,0005 MARVIN ODOMS PLACE,Proposed Statewide Amendment 2,,,Yes,32
Covington,0005 MARVIN ODOMS PLACE,Governor,,DEM,"Chad ""Chig"" Martin",0
Covington,0005 MARVIN ODOMS PLACE,Governor,,DEM,Doug Jones,2
Covington,0005 MARVIN ODOMS PLACE,Governor,,DEM,Jamel J. Brown,0
Covington,0005 MARVIN ODOMS PLACE,Governor,,DEM,"Nathan ""Nate"" Mathis",1
Covington,0005 MARVIN ODOMS PLACE,Governor,,DEM,Will Boyd,1
Covington,0005 MARVIN ODOMS PLACE,Governor,,DEM,Yolanda Rochelle Flowers,1
Covington,0005 MARVIN ODOMS PLACE,Lieutenant Governor,,DEM,Darryl D. Perryman,3
Covington,0005 MARVIN ODOMS PLACE,Lieutenant Governor,,DEM,Phillip Ensler,2
Covington,0005 MARVIN ODOMS PLACE,"Public Service Commission, Place No. 1",,DEM,James O. Gordon,3
Covington,0005 MARVIN ODOMS PLACE,"Public Service Commission, Place No. 1",,DEM,Jeff Ramsey,1
Covington,0005 MARVIN ODOMS PLACE,"Public Service Commission, Place No. 1",,DEM,John Northrop,1
Covington,0005 MARVIN ODOMS PLACE,State Democratic Executive Committee,,DEM,Harriet Hubbard,3
Covington,0005 MARVIN ODOMS PLACE,State Democratic Executive Committee,,DEM,Jackie R. Woods,2
Covington,0005 MARVIN ODOMS PLACE,State Democratic Executive Committee,,DEM,Steve Hubbard,3
Covington,0005 MARVIN ODOMS PLACE,State Democratic Executive Committee,,DEM,Sylvia Wallace-Patton,2
Covington,0005 MARVIN ODOMS PLACE,U.S. Senate,,DEM,Dakarai Larriett,1
Covington,0005 MARVIN ODOMS PLACE,U.S. Senate,,DEM,Everett Wess,1
Covington,0005 MARVIN ODOMS PLACE,U.S. Senate,,DEM,Kyle Sweetser,0
Covington,0005 MARVIN ODOMS PLACE,U.S. Senate,,DEM,Mark S. Wheeler II,3
Covington,0005 MARVIN ODOMS PLACE,Attorney General,,REP,Jay Mitchell,17
Covington,0005 MARVIN ODOMS PLACE,Attorney General,,REP,Katherine Robertson,19
Covington,0005 MARVIN ODOMS PLACE,Attorney General,,REP,Pamela L. Casey,26
Covington,0005 MARVIN ODOMS PLACE,Commissioner of Agriculture and Industries,,REP,Christina Woerner McInnis,26
Covington,0005 MARVIN ODOMS PLACE,Commissioner of Agriculture and Industries,,REP,Cory Hill,13
Covington,0005 MARVIN ODOMS PLACE,Commissioner of Agriculture and Industries,,REP,Jack Williams,20
Covington,0005 MARVIN ODOMS PLACE,Covington County Sheriff,,REP,David Blake Turman,32
Covington,0005 MARVIN ODOMS PLACE,Covington County Sheriff,,REP,Landon Thigpen,3
Covington,0005 MARVIN ODOMS PLACE,Covington County Sheriff,,REP,Mark Odom,28
Covington,0005 MARVIN ODOMS PLACE,Governor,,REP,"""Alabama"" Will Santivasci",1
Covington,0005 MARVIN ODOMS PLACE,Governor,,REP,Ken McFeeters,3
Covington,0005 MARVIN ODOMS PLACE,Governor,,REP,Thomas Tuberville,57
Covington,0005 MARVIN ODOMS PLACE,Lieutenant Governor,,REP,George Childress,0
Covington,0005 MARVIN ODOMS PLACE,Lieutenant Governor,,REP,John Wahl,31
Covington,0005 MARVIN ODOMS PLACE,Lieutenant Governor,,REP,Nicole Jones Wadsworth,1
Covington,0005 MARVIN ODOMS PLACE,Lieutenant Governor,,REP,Pat Bishop,2
Covington,0005 MARVIN ODOMS PLACE,Lieutenant Governor,,REP,Rick Pate,5
Covington,0005 MARVIN ODOMS PLACE,Lieutenant Governor,,REP,Stewart Hill Tankersley,1
Covington,0005 MARVIN ODOMS PLACE,Lieutenant Governor,,REP,Wes Allen,25
Covington,0005 MARVIN ODOMS PLACE,"Member, Covington County Board of Education, Place N",,REP,Unverified Candidate 1,15
Covington,0005 MARVIN ODOMS PLACE,"Member, Covington County Board of Education, Place N",,REP,Unverified Candidate 2,18
Covington,0005 MARVIN ODOMS PLACE,"Member, Covington County Board of Education, Place N",,REP,Unverified Candidate 3,17
Covington,0005 MARVIN ODOMS PLACE,"Member, Covington County Board of Education, Place N",,REP,Unverified Candidate 4,9
Covington,0005 MARVIN ODOMS PLACE,"Public Service Commission, Place No. 1",,REP,Jeremy H. Oden,17
Covington,0005 MARVIN ODOMS PLACE,"Public Service Commission, Place No. 1",,REP,Matt Gentry,36
Covington,0005 MARVIN ODOMS PLACE,"Public Service Commission, Place No. 2",,REP,Brent Woodall,8
Covington,0005 MARVIN ODOMS PLACE,"Public Service Commission, Place No. 2",,REP,Chris Beeker,13
Covington,0005 MARVIN ODOMS PLACE,"Public Service Commission, Place No. 2",,REP,Jim Zig Zeigler,26
Covington,0005 MARVIN ODOMS PLACE,"Public Service Commission, Place No. 2",,REP,Priscilla Andrews,8
Covington,0005 MARVIN ODOMS PLACE,Secretary of State,,REP,Caroleene Dobson,43
Covington,0005 MARVIN ODOMS PLACE,Secretary of State,,REP,Christopher Christian Horn,11
Covington,0005 MARVIN ODOMS PLACE,Secretary of State,,REP,Glenda S. Jackson,6
Covington,0005 MARVIN ODOMS PLACE,State Auditor,,REP,Andrew Sorrell,41
Covington,0005 MARVIN ODOMS PLACE,State Auditor,,REP,Derek Chen,18
Covington,0005 MARVIN ODOMS PLACE,State Treasurer,,REP,Steve Lolley,18
Covington,0005 MARVIN ODOMS PLACE,State Treasurer,,REP,Young Boozer,39
Covington,0005 MARVIN ODOMS PLACE,U.S. House,1,REP,Austin Sidwell,6
Covington,0005 MARVIN ODOMS PLACE,U.S. House,1,REP,James (Jimmy) Dees,6
Covington,0005 MARVIN ODOMS PLACE,U.S. House,1,REP,James Richardson,4
Covington,0005 MARVIN ODOMS PLACE,U.S. House,1,REP,Jerry Carl,12
Covington,0005 MARVIN ODOMS PLACE,U.S. House,1,REP,John Mills,9
Covington,0005 MARVIN ODOMS PLACE,U.S. House,1,REP,Joshua McKee,9
Covington,0005 MARVIN ODOMS PLACE,U.S. House,1,REP,Rhett Marques,14
Covington,0005 MARVIN ODOMS PLACE,U.S. Senate,,REP,Barry Moore,42
Covington,0005 MARVIN ODOMS PLACE,U.S. Senate,,REP,Dale Shelton Deas Jr.,0
Covington,0005 MARVIN ODOMS PLACE,U.S. Senate,,REP,Jared Hudson,9
Covington,0005 MARVIN ODOMS PLACE,U.S. Senate,,REP,Morgan Murphy,0
Covington,0005 MARVIN ODOMS PLACE,U.S. Senate,,REP,Rodney Walker,8
Covington,0005 MARVIN ODOMS PLACE,U.S. Senate,,REP,Seth Burton,1
Covington,0005 MARVIN ODOMS PLACE,U.S. Senate,,REP,Steve Marshall,5
Covington,0006 LOANGO FIRE DEPT.,Proposed Statewide Amendment 1,,,No,13
Covington,0006 LOANGO FIRE DEPT.,Proposed Statewide Amendment 1,,,Yes,97
Covington,0006 LOANGO FIRE DEPT.,Proposed Statewide Amendment 2,,,No,54
Covington,0006 LOANGO FIRE DEPT.,Proposed Statewide Amendment 2,,,Yes,51
Covington,0006 LOANGO FIRE DEPT.,Governor,,DEM,"Chad ""Chig"" Martin",3
Covington,0006 LOANGO FIRE DEPT.,Governor,,DEM,Doug Jones,7
Covington,0006 LOANGO FIRE DEPT.,Governor,,DEM,Jamel J. Brown,1
Covington,0006 LOANGO FIRE DEPT.,Governor,,DEM,"Nathan ""Nate"" Mathis",0
Covington,0006 LOANGO FIRE DEPT.,Governor,,DEM,Will Boyd,2
Covington,0006 LOANGO FIRE DEPT.,Governor,,DEM,Yolanda Rochelle Flowers,0
Covington,0006 LOANGO FIRE DEPT.,Lieutenant Governor,,DEM,Darryl D. Perryman,4
Covington,0006 LOANGO FIRE DEPT.,Lieutenant Governor,,DEM,Phillip Ensler,9
Covington,0006 LOANGO FIRE DEPT.,"Public Service Commission, Place No. 1",,DEM,James O. Gordon,4
Covington,0006 LOANGO FIRE DEPT.,"Public Service Commission, Place No. 1",,DEM,Jeff Ramsey,3
Covington,0006 LOANGO FIRE DEPT.,"Public Service Commission, Place No. 1",,DEM,John Northrop,6
Covington,0006 LOANGO FIRE DEPT.,State Democratic Executive Committee,,DEM,Harriet Hubbard,9
Covington,0006 LOANGO FIRE DEPT.,State Democratic Executive Committee,,DEM,Jackie R. Woods,9
Covington,0006 LOANGO FIRE DEPT.,State Democratic Executive Committee,,DEM,Steve Hubbard,4
Covington,0006 LOANGO FIRE DEPT.,State Democratic Executive Committee,,DEM,Sylvia Wallace-Patton,4
Covington,0006 LOANGO FIRE DEPT.,U.S. Senate,,DEM,Dakarai Larriett,3
Covington,0006 LOANGO FIRE DEPT.,U.S. Senate,,DEM,Everett Wess,2
Covington,0006 LOANGO FIRE DEPT.,U.S. Senate,,DEM,Kyle Sweetser,6
Covington,0006 LOANGO FIRE DEPT.,U.S. Senate,,DEM,Mark S. Wheeler II,2
Covington,0006 LOANGO FIRE DEPT.,Attorney General,,REP,Jay Mitchell,23
Covington,0006 LOANGO FIRE DEPT.,Attorney General,,REP,Katherine Robertson,36
Covington,0006 LOANGO FIRE DEPT.,Attorney General,,REP,Pamela L. Casey,29
Covington,0006 LOANGO FIRE DEPT.,Commissioner of Agriculture and Industries,,REP,Christina Woerner McInnis,29
Covington,0006 LOANGO FIRE DEPT.,Commissioner of Agriculture and Industries,,REP,Cory Hill,30
Covington,0006 LOANGO FIRE DEPT.,Commissioner of Agriculture and Industries,,REP,Jack Williams,25
Covington,0006 LOANGO FIRE DEPT.,Covington County Sheriff,,REP,David Blake Turman,43
Covington,0006 LOANGO FIRE DEPT.,Covington County Sheriff,,REP,Landon Thigpen,1
Covington,0006 LOANGO FIRE DEPT.,Covington County Sheriff,,REP,Mark Odom,58
Covington,0006 LOANGO FIRE DEPT.,Governor,,REP,"""Alabama"" Will Santivasci",2
Covington,0006 LOANGO FIRE DEPT.,Governor,,REP,Ken McFeeters,5
Covington,0006 LOANGO FIRE DEPT.,Governor,,REP,Thomas Tuberville,93
Covington,0006 LOANGO FIRE DEPT.,Lieutenant Governor,,REP,George Childress,0
Covington,0006 LOANGO FIRE DEPT.,Lieutenant Governor,,REP,John Wahl,30
Covington,0006 LOANGO FIRE DEPT.,Lieutenant Governor,,REP,Nicole Jones Wadsworth,4
Covington,0006 LOANGO FIRE DEPT.,Lieutenant Governor,,REP,Pat Bishop,3
Covington,0006 LOANGO FIRE DEPT.,Lieutenant Governor,,REP,Rick Pate,6
Covington,0006 LOANGO FIRE DEPT.,Lieutenant Governor,,REP,Stewart Hill Tankersley,4
Covington,0006 LOANGO FIRE DEPT.,Lieutenant Governor,,REP,Wes Allen,48
Covington,0006 LOANGO FIRE DEPT.,"Member, Covington County Board of Education, Place N",,REP,Unverified Candidate 1,51
Covington,0006 LOANGO FIRE DEPT.,"Member, Covington County Board of Education, Place N",,REP,Unverified Candidate 2,15
Covington,0006 LOANGO FIRE DEPT.,"Member, Covington County Board of Education, Place N",,REP,Unverified Candidate 3,31
Covington,0006 LOANGO FIRE DEPT.,"Member, Covington County Board of Education, Place N",,REP,Unverified Candidate 4,1
Covington,0006 LOANGO FIRE DEPT.,"Public Service Commission, Place No. 1",,REP,Jeremy H. Oden,21
Covington,0006 LOANGO FIRE DEPT.,"Public Service Commission, Place No. 1",,REP,Matt Gentry,57
Covington,0006 LOANGO FIRE DEPT.,"Public Service Commission, Place No. 2",,REP,Brent Woodall,18
Covington,0006 LOANGO FIRE DEPT.,"Public Service Commission, Place No. 2",,REP,Chris Beeker,12
Covington,0006 LOANGO FIRE DEPT.,"Public Service Commission, Place No. 2",,REP,Jim Zig Zeigler,41
Covington,0006 LOANGO FIRE DEPT.,"Public Service Commission, Place No. 2",,REP,Priscilla Andrews,9
Covington,0006 LOANGO FIRE DEPT.,Secretary of State,,REP,Caroleene Dobson,53
Covington,0006 LOANGO FIRE DEPT.,Secretary of State,,REP,Christopher Christian Horn,14
Covington,0006 LOANGO FIRE DEPT.,Secretary of State,,REP,Glenda S. Jackson,15
Covington,0006 LOANGO FIRE DEPT.,State Auditor,,REP,Andrew Sorrell,52
Covington,0006 LOANGO FIRE DEPT.,State Auditor,,REP,Derek Chen,32
Covington,0006 LOANGO FIRE DEPT.,State Treasurer,,REP,Steve Lolley,28
Covington,0006 LOANGO FIRE DEPT.,State Treasurer,,REP,Young Boozer,60
Covington,0006 LOANGO FIRE DEPT.,U.S. House,1,REP,Austin Sidwell,13
Covington,0006 LOANGO FIRE DEPT.,U.S. House,1,REP,James (Jimmy) Dees,10
Covington,0006 LOANGO FIRE DEPT.,U.S. House,1,REP,James Richardson,7
Covington,0006 LOANGO FIRE DEPT.,U.S. House,1,REP,Jerry Carl,11
Covington,0006 LOANGO FIRE DEPT.,U.S. House,1,REP,John Mills,10
Covington,0006 LOANGO FIRE DEPT.,U.S. House,1,REP,Joshua McKee,9
Covington,0006 LOANGO FIRE DEPT.,U.S. House,1,REP,Rhett Marques,18
Covington,0006 LOANGO FIRE DEPT.,U.S. Senate,,REP,Barry Moore,68
Covington,0006 LOANGO FIRE DEPT.,U.S. Senate,,REP,Dale Shelton Deas Jr.,1
Covington,0006 LOANGO FIRE DEPT.,U.S. Senate,,REP,Jared Hudson,8
Covington,0006 LOANGO FIRE DEPT.,U.S. Senate,,REP,Morgan Murphy,2
Covington,0006 LOANGO FIRE DEPT.,U.S. Senate,,REP,Rodney Walker,1
Covington,0006 LOANGO FIRE DEPT.,U.S. Senate,,REP,Seth Burton,1
Covington,0006 LOANGO FIRE DEPT.,U.S. Senate,,REP,Steve Marshall,15
Covington,0007 LOCKHART CITY HALL,Proposed Statewide Amendment 1,,,No,17
Covington,0007 LOCKHART CITY HALL,Proposed Statewide Amendment 1,,,Yes,143
Covington,0007 LOCKHART CITY HALL,Proposed Statewide Amendment 2,,,No,66
Covington,0007 LOCKHART CITY HALL,Proposed Statewide Amendment 2,,,Yes,92
Covington,0007 LOCKHART CITY HALL,Governor,,DEM,"Chad ""Chig"" Martin",0
Covington,0007 LOCKHART CITY HALL,Governor,,DEM,Doug Jones,11
Covington,0007 LOCKHART CITY HALL,Governor,,DEM,Jamel J. Brown,1
Covington,0007 LOCKHART CITY HALL,Governor,,DEM,"Nathan ""Nate"" Mathis",1
Covington,0007 LOCKHART CITY HALL,Governor,,DEM,Will Boyd,3
Covington,0007 LOCKHART CITY HALL,Governor,,DEM,Yolanda Rochelle Flowers,0
Covington,0007 LOCKHART CITY HALL,Lieutenant Governor,,DEM,Darryl D. Perryman,4
Covington,0007 LOCKHART CITY HALL,Lieutenant Governor,,DEM,Phillip Ensler,11
Covington,0007 LOCKHART CITY HALL,"Public Service Commission, Place No. 1",,DEM,James O. Gordon,11
Covington,0007 LOCKHART CITY HALL,"Public Service Commission, Place No. 1",,DEM,Jeff Ramsey,3
Covington,0007 LOCKHART CITY HALL,"Public Service Commission, Place No. 1",,DEM,John Northrop,1
Covington,0007 LOCKHART CITY HALL,State Democratic Executive Committee,,DEM,Harriet Hubbard,3
Covington,0007 LOCKHART CITY HALL,State Democratic Executive Committee,,DEM,Jackie R. Woods,12
Covington,0007 LOCKHART CITY HALL,State Democratic Executive Committee,,DEM,Steve Hubbard,3
Covington,0007 LOCKHART CITY HALL,State Democratic Executive Committee,,DEM,Sylvia Wallace-Patton,13
Covington,0007 LOCKHART CITY HALL,U.S. Senate,,DEM,Dakarai Larriett,4
Covington,0007 LOCKHART CITY HALL,U.S. Senate,,DEM,Everett Wess,5
Covington,0007 LOCKHART CITY HALL,U.S. Senate,,DEM,Kyle Sweetser,2
Covington,0007 LOCKHART CITY HALL,U.S. Senate,,DEM,Mark S. Wheeler II,4
Covington,0007 LOCKHART CITY HALL,Attorney General,,REP,Jay Mitchell,32
Covington,0007 LOCKHART CITY HALL,Attorney General,,REP,Katherine Robertson,42
Covington,0007 LOCKHART CITY HALL,Attorney General,,REP,Pamela L. Casey,58
Covington,0007 LOCKHART CITY HALL,Commissioner of Agriculture and Industries,,REP,Christina Woerner McInnis,39
Covington,0007 LOCKHART CITY HALL,Commissioner of Agriculture and Industries,,REP,Cory Hill,58
Covington,0007 LOCKHART CITY HALL,Commissioner of Agriculture and Industries,,REP,Jack Williams,28
Covington,0007 LOCKHART CITY HALL,Covington County Sheriff,,REP,David Blake Turman,107
Covington,0007 LOCKHART CITY HALL,Covington County Sheriff,,REP,Landon Thigpen,5
Covington,0007 LOCKHART CITY HALL,Covington County Sheriff,,REP,Mark Odom,39
Covington,0007 LOCKHART CITY HALL,Governor,,REP,"""Alabama"" Will Santivasci",18
Covington,0007 LOCKHART CITY HALL,Governor,,REP,Ken McFeeters,32
Covington,0007 LOCKHART CITY HALL,Governor,,REP,Thomas Tuberville,101
Covington,0007 LOCKHART CITY HALL,Lieutenant Governor,,REP,George Childress,1
Covington,0007 LOCKHART CITY HALL,Lieutenant Governor,,REP,John Wahl,42
Covington,0007 LOCKHART CITY HALL,Lieutenant Governor,,REP,Nicole Jones Wadsworth,6
Covington,0007 LOCKHART CITY HALL,Lieutenant Governor,,REP,Pat Bishop,6
Covington,0007 LOCKHART CITY HALL,Lieutenant Governor,,REP,Rick Pate,20
Covington,0007 LOCKHART CITY HALL,Lieutenant Governor,,REP,Stewart Hill Tankersley,4
Covington,0007 LOCKHART CITY HALL,Lieutenant Governor,,REP,Wes Allen,53
Covington,0007 LOCKHART CITY HALL,"Member, Covington County Board of Education, Place N",,REP,Unverified Candidate 1,32
Covington,0007 LOCKHART CITY HALL,"Member, Covington County Board of Education, Place N",,REP,Unverified Candidate 2,10
Covington,0007 LOCKHART CITY HALL,"Member, Covington County Board of Education, Place N",,REP,Unverified Candidate 3,20
Covington,0007 LOCKHART CITY HALL,"Member, Covington County Board of Education, Place N",,REP,Unverified Candidate 4,86
Covington,0007 LOCKHART CITY HALL,"Public Service Commission, Place No. 1",,REP,Jeremy H. Oden,41
Covington,0007 LOCKHART CITY HALL,"Public Service Commission, Place No. 1",,REP,Matt Gentry,77
Covington,0007 LOCKHART CITY HALL,"Public Service Commission, Place No. 2",,REP,Brent Woodall,25
Covington,0007 LOCKHART CITY HALL,"Public Service Commission, Place No. 2",,REP,Chris Beeker,23
Covington,0007 LOCKHART CITY HALL,"Public Service Commission, Place No. 2",,REP,Jim Zig Zeigler,59
Covington,0007 LOCKHART CITY HALL,"Public Service Commission, Place No. 2",,REP,Priscilla Andrews,13
Covington,0007 LOCKHART CITY HALL,Secretary of State,,REP,Caroleene Dobson,54
Covington,0007 LOCKHART CITY HALL,Secretary of State,,REP,Christopher Christian Horn,35
Covington,0007 LOCKHART CITY HALL,Secretary of State,,REP,Glenda S. Jackson,33
Covington,0007 LOCKHART CITY HALL,State Auditor,,REP,Andrew Sorrell,91
Covington,0007 LOCKHART CITY HALL,State Auditor,,REP,Derek Chen,34
Covington,0007 LOCKHART CITY HALL,State Treasurer,,REP,Steve Lolley,44
Covington,0007 LOCKHART CITY HALL,State Treasurer,,REP,Young Boozer,87
Covington,0007 LOCKHART CITY HALL,U.S. House,1,REP,Austin Sidwell,22
Covington,0007 LOCKHART CITY HALL,U.S. House,1,REP,James (Jimmy) Dees,17
Covington,0007 LOCKHART CITY HALL,U.S. House,1,REP,James Richardson,9
Covington,0007 LOCKHART CITY HALL,U.S. House,1,REP,Jerry Carl,27
Covington,0007 LOCKHART CITY HALL,U.S. House,1,REP,John Mills,14
Covington,0007 LOCKHART CITY HALL,U.S. House,1,REP,Joshua McKee,16
Covington,0007 LOCKHART CITY HALL,U.S. House,1,REP,Rhett Marques,27
Covington,0007 LOCKHART CITY HALL,U.S. Senate,,REP,Barry Moore,79
Covington,0007 LOCKHART CITY HALL,U.S. Senate,,REP,Dale Shelton Deas Jr.,2
Covington,0007 LOCKHART CITY HALL,U.S. Senate,,REP,Jared Hudson,12
Covington,0007 LOCKHART CITY HALL,U.S. Senate,,REP,Morgan Murphy,1
Covington,0007 LOCKHART CITY HALL,U.S. Senate,,REP,Rodney Walker,39
Covington,0007 LOCKHART CITY HALL,U.S. Senate,,REP,Seth Burton,3
Covington,0007 LOCKHART CITY HALL,U.S. Senate,,REP,Steve Marshall,13
Covington,0008 BABBIE FIRE,Proposed Statewide Amendment 1,,,No,11
Covington,0008 BABBIE FIRE,Proposed Statewide Amendment 1,,,Yes,198
Covington,0008 BABBIE FIRE,Proposed Statewide Amendment 2,,,No,86
Covington,0008 BABBIE FIRE,Proposed Statewide Amendment 2,,,Yes,109
Covington,0008 BABBIE FIRE,Governor,,DEM,"Chad ""Chig"" Martin",0
Covington,0008 BABBIE FIRE,Governor,,DEM,Doug Jones,3
Covington,0008 BABBIE FIRE,Governor,,DEM,Jamel J. Brown,0
Covington,0008 BABBIE FIRE,Governor,,DEM,"Nathan ""Nate"" Mathis",2
Covington,0008 BABBIE FIRE,Governor,,DEM,Will Boyd,0
Covington,0008 BABBIE FIRE,Governor,,DEM,Yolanda Rochelle Flowers,0
Covington,0008 BABBIE FIRE,Lieutenant Governor,,DEM,Darryl D. Perryman,3
Covington,0008 BABBIE FIRE,Lieutenant Governor,,DEM,Phillip Ensler,2
Covington,0008 BABBIE FIRE,"Public Service Commission, Place No. 1",,DEM,James O. Gordon,1
Covington,0008 BABBIE FIRE,"Public Service Commission, Place No. 1",,DEM,Jeff Ramsey,3
Covington,0008 BABBIE FIRE,"Public Service Commission, Place No. 1",,DEM,John Northrop,1
Covington,0008 BABBIE FIRE,State Democratic Executive Committee,,DEM,Harriet Hubbard,4
Covington,0008 BABBIE FIRE,State Democratic Executive Committee,,DEM,Jackie R. Woods,2
Covington,0008 BABBIE FIRE,State Democratic Executive Committee,,DEM,Steve Hubbard,3
Covington,0008 BABBIE FIRE,State Democratic Executive Committee,,DEM,Sylvia Wallace-Patton,1
Covington,0008 BABBIE FIRE,U.S. Senate,,DEM,Dakarai Larriett,1
Covington,0008 BABBIE FIRE,U.S. Senate,,DEM,Everett Wess,1
Covington,0008 BABBIE FIRE,U.S. Senate,,DEM,Kyle Sweetser,1
Covington,0008 BABBIE FIRE,U.S. Senate,,DEM,Mark S. Wheeler II,2
Covington,0008 BABBIE FIRE,Attorney General,,REP,Jay Mitchell,38
Covington,0008 BABBIE FIRE,Attorney General,,REP,Katherine Robertson,75
Covington,0008 BABBIE FIRE,Attorney General,,REP,Pamela L. Casey,81
Covington,0008 BABBIE FIRE,Commissioner of Agriculture and Industries,,REP,Christina Woerner McInnis,52
Covington,0008 BABBIE FIRE,Commissioner of Agriculture and Industries,,REP,Cory Hill,74
Covington,0008 BABBIE FIRE,Commissioner of Agriculture and Industries,,REP,Jack Williams,51
Covington,0008 BABBIE FIRE,Covington County Sheriff,,REP,David Blake Turman,144
Covington,0008 BABBIE FIRE,Covington County Sheriff,,REP,Landon Thigpen,3
Covington,0008 BABBIE FIRE,Covington County Sheriff,,REP,Mark Odom,62
Covington,0008 BABBIE FIRE,Governor,,REP,"""Alabama"" Will Santivasci",14
Covington,0008 BABBIE FIRE,Governor,,REP,Ken McFeeters,13
Covington,0008 BABBIE FIRE,Governor,,REP,Thomas Tuberville,183
Covington,0008 BABBIE FIRE,Lieutenant Governor,,REP,George Childress,3
Covington,0008 BABBIE FIRE,Lieutenant Governor,,REP,John Wahl,59
Covington,0008 BABBIE FIRE,Lieutenant Governor,,REP,Nicole Jones Wadsworth,10
Covington,0008 BABBIE FIRE,Lieutenant Governor,,REP,Pat Bishop,5
Covington,0008 BABBIE FIRE,Lieutenant Governor,,REP,Rick Pate,8
Covington,0008 BABBIE FIRE,Lieutenant Governor,,REP,Stewart Hill Tankersley,0
Covington,0008 BABBIE FIRE,Lieutenant Governor,,REP,Wes Allen,115
Covington,0008 BABBIE FIRE,"Member, Covington County Board of Education, Place N",,REP,Unverified Candidate 1,104
Covington,0008 BABBIE FIRE,"Member, Covington County Board of Education, Place N",,REP,Unverified Candidate 2,34
Covington,0008 BABBIE FIRE,"Member, Covington County Board of Education, Place N",,REP,Unverified Candidate 3,32
Covington,0008 BABBIE FIRE,"Member, Covington County Board of Education, Place N",,REP,Unverified Candidate 4,13
Covington,0008 BABBIE FIRE,"Public Service Commission, Place No. 1",,REP,Jeremy H. Oden,41
Covington,0008 BABBIE FIRE,"Public Service Commission, Place No. 1",,REP,Matt Gentry,123
Covington,0008 BABBIE FIRE,"Public Service Commission, Place No. 2",,REP,Brent Woodall,37
Covington,0008 BABBIE FIRE,"Public Service Commission, Place No. 2",,REP,Chris Beeker,33
Covington,0008 BABBIE FIRE,"Public Service Commission, Place No. 2",,REP,Jim Zig Zeigler,87
Covington,0008 BABBIE FIRE,"Public Service Commission, Place No. 2",,REP,Priscilla Andrews,22
Covington,0008 BABBIE FIRE,Secretary of State,,REP,Caroleene Dobson,126
Covington,0008 BABBIE FIRE,Secretary of State,,REP,Christopher Christian Horn,27
Covington,0008 BABBIE FIRE,Secretary of State,,REP,Glenda S. Jackson,18
Covington,0008 BABBIE FIRE,State Auditor,,REP,Andrew Sorrell,126
Covington,0008 BABBIE FIRE,State Auditor,,REP,Derek Chen,49
Covington,0008 BABBIE FIRE,State Treasurer,,REP,Steve Lolley,44
Covington,0008 BABBIE FIRE,State Treasurer,,REP,Young Boozer,142
Covington,0008 BABBIE FIRE,U.S. House,1,REP,Austin Sidwell,20
Covington,0008 BABBIE FIRE,U.S. House,1,REP,James (Jimmy) Dees,12
Covington,0008 BABBIE FIRE,U.S. House,1,REP,James Richardson,17
Covington,0008 BABBIE FIRE,U.S. House,1,REP,Jerry Carl,39
Covington,0008 BABBIE FIRE,U.S. House,1,REP,John Mills,5
Covington,0008 BABBIE FIRE,U.S. House,1,REP,Joshua McKee,16
Covington,0008 BABBIE FIRE,U.S. House,1,REP,Rhett Marques,62
Covington,0008 BABBIE FIRE,U.S. Senate,,REP,Barry Moore,118
Covington,0008 BABBIE FIRE,U.S. Senate,,REP,Dale Shelton Deas Jr.,1
Covington,0008 BABBIE FIRE,U.S. Senate,,REP,Jared Hudson,46
Covington,0008 BABBIE FIRE,U.S. Senate,,REP,Morgan Murphy,3
Covington,0008 BABBIE FIRE,U.S. Senate,,REP,Rodney Walker,7
Covington,0008 BABBIE FIRE,U.S. Senate,,REP,Seth Burton,1
Covington,0008 BABBIE FIRE,U.S. Senate,,REP,Steve Marshall,26
Covington,0009 EVANS MEMORIAL CIVIC CTR.,Proposed Statewide Amendment 1,,,No,24
Covington,0009 EVANS MEMORIAL CIVIC CTR.,Proposed Statewide Amendment 1,,,Yes,265
Covington,0009 EVANS MEMORIAL CIVIC CTR.,Proposed Statewide Amendment 2,,,No,110
Covington,0009 EVANS MEMORIAL CIVIC CTR.,Proposed Statewide Amendment 2,,,Yes,172
Covington,0009 EVANS MEMORIAL CIVIC CTR.,Governor,,DEM,"Chad ""Chig"" Martin",2
Covington,0009 EVANS MEMORIAL CIVIC CTR.,Governor,,DEM,Doug Jones,37
Covington,0009 EVANS MEMORIAL CIVIC CTR.,Governor,,DEM,Jamel J. Brown,0
Covington,0009 EVANS MEMORIAL CIVIC CTR.,Governor,,DEM,"Nathan ""Nate"" Mathis",0
Covington,0009 EVANS MEMORIAL CIVIC CTR.,Governor,,DEM,Will Boyd,2
Covington,0009 EVANS MEMORIAL CIVIC CTR.,Governor,,DEM,Yolanda Rochelle Flowers,6
Covington,0009 EVANS MEMORIAL CIVIC CTR.,Lieutenant Governor,,DEM,Darryl D. Perryman,14
Covington,0009 EVANS MEMORIAL CIVIC CTR.,Lieutenant Governor,,DEM,Phillip Ensler,31
Covington,0009 EVANS MEMORIAL CIVIC CTR.,"Public Service Commission, Place No. 1",,DEM,James O. Gordon,27
Covington,0009 EVANS MEMORIAL CIVIC CTR.,"Public Service Commission, Place No. 1",,DEM,Jeff Ramsey,8
Covington,0009 EVANS MEMORIAL CIVIC CTR.,"Public Service Commission, Place No. 1",,DEM,John Northrop,8
Covington,0009 EVANS MEMORIAL CIVIC CTR.,State Democratic Executive Committee,,DEM,Harriet Hubbard,10
Covington,0009 EVANS MEMORIAL CIVIC CTR.,State Democratic Executive Committee,,DEM,Jackie R. Woods,37
Covington,0009 EVANS MEMORIAL CIVIC CTR.,State Democratic Executive Committee,,DEM,Steve Hubbard,10
Covington,0009 EVANS MEMORIAL CIVIC CTR.,State Democratic Executive Committee,,DEM,Sylvia Wallace-Patton,37
Covington,0009 EVANS MEMORIAL CIVIC CTR.,U.S. Senate,,DEM,Dakarai Larriett,6
Covington,0009 EVANS MEMORIAL CIVIC CTR.,U.S. Senate,,DEM,Everett Wess,26
Covington,0009 EVANS MEMORIAL CIVIC CTR.,U.S. Senate,,DEM,Kyle Sweetser,7
Covington,0009 EVANS MEMORIAL CIVIC CTR.,U.S. Senate,,DEM,Mark S. Wheeler II,4
Covington,0009 EVANS MEMORIAL CIVIC CTR.,Attorney General,,REP,Jay Mitchell,44
Covington,0009 EVANS MEMORIAL CIVIC CTR.,Attorney General,,REP,Katherine Robertson,75
Covington,0009 EVANS MEMORIAL CIVIC CTR.,Attorney General,,REP,Pamela L. Casey,117
Covington,0009 EVANS MEMORIAL CIVIC CTR.,Commissioner of Agriculture and Industries,,REP,Christina Woerner McInnis,75
Covington,0009 EVANS MEMORIAL CIVIC CTR.,Commissioner of Agriculture and Industries,,REP,Cory Hill,80
Covington,0009 EVANS MEMORIAL CIVIC CTR.,Commissioner of Agriculture and Industries,,REP,Jack Williams,62
Covington,0009 EVANS MEMORIAL CIVIC CTR.,Covington County Sheriff,,REP,David Blake Turman,188
Covington,0009 EVANS MEMORIAL CIVIC CTR.,Covington County Sheriff,,REP,Landon Thigpen,20
Covington,0009 EVANS MEMORIAL CIVIC CTR.,Covington County Sheriff,,REP,Mark Odom,44
Covington,0009 EVANS MEMORIAL CIVIC CTR.,Governor,,REP,"""Alabama"" Will Santivasci",28
Covington,0009 EVANS MEMORIAL CIVIC CTR.,Governor,,REP,Ken McFeeters,23
Covington,0009 EVANS MEMORIAL CIVIC CTR.,Governor,,REP,Thomas Tuberville,198
Covington,0009 EVANS MEMORIAL CIVIC CTR.,Lieutenant Governor,,REP,George Childress,16
Covington,0009 EVANS MEMORIAL CIVIC CTR.,Lieutenant Governor,,REP,John Wahl,76
Covington,0009 EVANS MEMORIAL CIVIC CTR.,Lieutenant Governor,,REP,Nicole Jones Wadsworth,21
Covington,0009 EVANS MEMORIAL CIVIC CTR.,Lieutenant Governor,,REP,Pat Bishop,16
Covington,0009 EVANS MEMORIAL CIVIC CTR.,Lieutenant Governor,,REP,Rick Pate,15
Covington,0009 EVANS MEMORIAL CIVIC CTR.,Lieutenant Governor,,REP,Stewart Hill Tankersley,1
Covington,0009 EVANS MEMORIAL CIVIC CTR.,Lieutenant Governor,,REP,Wes Allen,85
Covington,0009 EVANS MEMORIAL CIVIC CTR.,"Member, Covington County Board of Education, Place N",,REP,Unverified Candidate 1,33
Covington,0009 EVANS MEMORIAL CIVIC CTR.,"Member, Covington County Board of Education, Place N",,REP,Unverified Candidate 2,31
Covington,0009 EVANS MEMORIAL CIVIC CTR.,"Member, Covington County Board of Education, Place N",,REP,Unverified Candidate 3,21
Covington,0009 EVANS MEMORIAL CIVIC CTR.,"Member, Covington County Board of Education, Place N",,REP,Unverified Candidate 4,166
Covington,0009 EVANS MEMORIAL CIVIC CTR.,"Public Service Commission, Place No. 1",,REP,Jeremy H. Oden,49
Covington,0009 EVANS MEMORIAL CIVIC CTR.,"Public Service Commission, Place No. 1",,REP,Matt Gentry,162
Covington,0009 EVANS MEMORIAL CIVIC CTR.,"Public Service Commission, Place No. 2",,REP,Brent Woodall,33
Covington,0009 EVANS MEMORIAL CIVIC CTR.,"Public Service Commission, Place No. 2",,REP,Chris Beeker,35
Covington,0009 EVANS MEMORIAL CIVIC CTR.,"Public Service Commission, Place No. 2",,REP,Jim Zig Zeigler,114
Covington,0009 EVANS MEMORIAL CIVIC CTR.,"Public Service Commission, Place No. 2",,REP,Priscilla Andrews,38
Covington,0009 EVANS MEMORIAL CIVIC CTR.,Secretary of State,,REP,Caroleene Dobson,105
Covington,0009 EVANS MEMORIAL CIVIC CTR.,Secretary of State,,REP,Christopher Christian Horn,66
Covington,0009 EVANS MEMORIAL CIVIC CTR.,Secretary of State,,REP,Glenda S. Jackson,41
Covington,0009 EVANS MEMORIAL CIVIC CTR.,State Auditor,,REP,Andrew Sorrell,148
Covington,0009 EVANS MEMORIAL CIVIC CTR.,State Auditor,,REP,Derek Chen,68
Covington,0009 EVANS MEMORIAL CIVIC CTR.,State Treasurer,,REP,Steve Lolley,91
Covington,0009 EVANS MEMORIAL CIVIC CTR.,State Treasurer,,REP,Young Boozer,130
Covington,0009 EVANS MEMORIAL CIVIC CTR.,U.S. House,1,REP,Austin Sidwell,52
Covington,0009 EVANS MEMORIAL CIVIC CTR.,U.S. House,1,REP,James (Jimmy) Dees,17
Covington,0009 EVANS MEMORIAL CIVIC CTR.,U.S. House,1,REP,James Richardson,22
Covington,0009 EVANS MEMORIAL CIVIC CTR.,U.S. House,1,REP,Jerry Carl,33
Covington,0009 EVANS MEMORIAL CIVIC CTR.,U.S. House,1,REP,John Mills,19
Covington,0009 EVANS MEMORIAL CIVIC CTR.,U.S. House,1,REP,Joshua McKee,33
Covington,0009 EVANS MEMORIAL CIVIC CTR.,U.S. House,1,REP,Rhett Marques,48
Covington,0009 EVANS MEMORIAL CIVIC CTR.,U.S. Senate,,REP,Barry Moore,128
Covington,0009 EVANS MEMORIAL CIVIC CTR.,U.S. Senate,,REP,Dale Shelton Deas Jr.,4
Covington,0009 EVANS MEMORIAL CIVIC CTR.,U.S. Senate,,REP,Jared Hudson,30
Covington,0009 EVANS MEMORIAL CIVIC CTR.,U.S. Senate,,REP,Morgan Murphy,1
Covington,0009 EVANS MEMORIAL CIVIC CTR.,U.S. Senate,,REP,Rodney Walker,62
Covington,0009 EVANS MEMORIAL CIVIC CTR.,U.S. Senate,,REP,Seth Burton,7
Covington,0009 EVANS MEMORIAL CIVIC CTR.,U.S. Senate,,REP,Steve Marshall,14
Covington,0010 WING FIRE DEPT.,Proposed Statewide Amendment 1,,,No,18
Covington,0010 WING FIRE DEPT.,Proposed Statewide Amendment 1,,,Yes,55
Covington,0010 WING FIRE DEPT.,Proposed Statewide Amendment 2,,,No,40
Covington,0010 WING FIRE DEPT.,Proposed Statewide Amendment 2,,,Yes,31
Covington,0010 WING FIRE DEPT.,Governor,,DEM,"Chad ""Chig"" Martin",0
Covington,0010 WING FIRE DEPT.,Governor,,DEM,Doug Jones,1
Covington,0010 WING FIRE DEPT.,Governor,,DEM,Jamel J. Brown,0
Covington,0010 WING FIRE DEPT.,Governor,,DEM,"Nathan ""Nate"" Mathis",0
Covington,0010 WING FIRE DEPT.,Governor,,DEM,Will Boyd,2
Covington,0010 WING FIRE DEPT.,Governor,,DEM,Yolanda Rochelle Flowers,0
Covington,0010 WING FIRE DEPT.,Lieutenant Governor,,DEM,Darryl D. Perryman,0
Covington,0010 WING FIRE DEPT.,Lieutenant Governor,,DEM,Phillip Ensler,3
Covington,0010 WING FIRE DEPT.,"Public Service Commission, Place No. 1",,DEM,James O. Gordon,0
Covington,0010 WING FIRE DEPT.,"Public Service Commission, Place No. 1",,DEM,Jeff Ramsey,3
Covington,0010 WING FIRE DEPT.,"Public Service Commission, Place No. 1",,DEM,John Northrop,0
Covington,0010 WING FIRE DEPT.,State Democratic Executive Committee,,DEM,Harriet Hubbard,3
Covington,0010 WING FIRE DEPT.,State Democratic Executive Committee,,DEM,Jackie R. Woods,1
Covington,0010 WING FIRE DEPT.,State Democratic Executive Committee,,DEM,Steve Hubbard,2
Covington,0010 WING FIRE DEPT.,State Democratic Executive Committee,,DEM,Sylvia Wallace-Patton,0
Covington,0010 WING FIRE DEPT.,U.S. Senate,,DEM,Dakarai Larriett,2
Covington,0010 WING FIRE DEPT.,U.S. Senate,,DEM,Everett Wess,1
Covington,0010 WING FIRE DEPT.,U.S. Senate,,DEM,Kyle Sweetser,0
Covington,0010 WING FIRE DEPT.,U.S. Senate,,DEM,Mark S. Wheeler II,0
Covington,0010 WING FIRE DEPT.,Attorney General,,REP,Jay Mitchell,16
Covington,0010 WING FIRE DEPT.,Attorney General,,REP,Katherine Robertson,23
Covington,0010 WING FIRE DEPT.,Attorney General,,REP,Pamela L. Casey,29
Covington,0010 WING FIRE DEPT.,Commissioner of Agriculture and Industries,,REP,Christina Woerner McInnis,16
Covington,0010 WING FIRE DEPT.,Commissioner of Agriculture and Industries,,REP,Cory Hill,29
Covington,0010 WING FIRE DEPT.,Commissioner of Agriculture and Industries,,REP,Jack Williams,14
Covington,0010 WING FIRE DEPT.,Covington County Sheriff,,REP,David Blake Turman,39
Covington,0010 WING FIRE DEPT.,Covington County Sheriff,,REP,Landon Thigpen,1
Covington,0010 WING FIRE DEPT.,Covington County Sheriff,,REP,Mark Odom,35
Covington,0010 WING FIRE DEPT.,Governor,,REP,"""Alabama"" Will Santivasci",6
Covington,0010 WING FIRE DEPT.,Governor,,REP,Ken McFeeters,4
Covington,0010 WING FIRE DEPT.,Governor,,REP,Thomas Tuberville,58
Covington,0010 WING FIRE DEPT.,Lieutenant Governor,,REP,George Childress,3
Covington,0010 WING FIRE DEPT.,Lieutenant Governor,,REP,John Wahl,19
Covington,0010 WING FIRE DEPT.,Lieutenant Governor,,REP,Nicole Jones Wadsworth,1
Covington,0010 WING FIRE DEPT.,Lieutenant Governor,,REP,Pat Bishop,2
Covington,0010 WING FIRE DEPT.,Lieutenant Governor,,REP,Rick Pate,8
Covington,0010 WING FIRE DEPT.,Lieutenant Governor,,REP,Stewart Hill Tankersley,1
Covington,0010 WING FIRE DEPT.,Lieutenant Governor,,REP,Wes Allen,29
Covington,0010 WING FIRE DEPT.,"Member, Covington County Board of Education, Place N",,REP,Unverified Candidate 1,44
Covington,0010 WING FIRE DEPT.,"Member, Covington County Board of Education, Place N",,REP,Unverified Candidate 2,5
Covington,0010 WING FIRE DEPT.,"Member, Covington County Board of Education, Place N",,REP,Unverified Candidate 3,13
Covington,0010 WING FIRE DEPT.,"Member, Covington County Board of Education, Place N",,REP,Unverified Candidate 4,5
Covington,0010 WING FIRE DEPT.,"Public Service Commission, Place No. 1",,REP,Jeremy H. Oden,14
Covington,0010 WING FIRE DEPT.,"Public Service Commission, Place No. 1",,REP,Matt Gentry,47
Covington,0010 WING FIRE DEPT.,"Public Service Commission, Place No. 2",,REP,Brent Woodall,8
Covington,0010 WING FIRE DEPT.,"Public Service Commission, Place No. 2",,REP,Chris Beeker,14
Covington,0010 WING FIRE DEPT.,"Public Service Commission, Place No. 2",,REP,Jim Zig Zeigler,28
Covington,0010 WING FIRE DEPT.,"Public Service Commission, Place No. 2",,REP,Priscilla Andrews,9
Covington,0010 WING FIRE DEPT.,Secretary of State,,REP,Caroleene Dobson,31
Covington,0010 WING FIRE DEPT.,Secretary of State,,REP,Christopher Christian Horn,14
Covington,0010 WING FIRE DEPT.,Secretary of State,,REP,Glenda S. Jackson,12
Covington,0010 WING FIRE DEPT.,State Auditor,,REP,Andrew Sorrell,37
Covington,0010 WING FIRE DEPT.,State Auditor,,REP,Derek Chen,22
Covington,0010 WING FIRE DEPT.,State Treasurer,,REP,Steve Lolley,24
Covington,0010 WING FIRE DEPT.,State Treasurer,,REP,Young Boozer,39
Covington,0010 WING FIRE DEPT.,U.S. House,1,REP,Austin Sidwell,6
Covington,0010 WING FIRE DEPT.,U.S. House,1,REP,James (Jimmy) Dees,8
Covington,0010 WING FIRE DEPT.,U.S. House,1,REP,James Richardson,2
Covington,0010 WING FIRE DEPT.,U.S. House,1,REP,Jerry Carl,26
Covington,0010 WING FIRE DEPT.,U.S. House,1,REP,John Mills,5
Covington,0010 WING FIRE DEPT.,U.S. House,1,REP,Joshua McKee,4
Covington,0010 WING FIRE DEPT.,U.S. House,1,REP,Rhett Marques,8
Covington,0010 WING FIRE DEPT.,U.S. Senate,,REP,Barry Moore,48
Covington,0010 WING FIRE DEPT.,U.S. Senate,,REP,Dale Shelton Deas Jr.,2
Covington,0010 WING FIRE DEPT.,U.S. Senate,,REP,Jared Hudson,10
Covington,0010 WING FIRE DEPT.,U.S. Senate,,REP,Morgan Murphy,1
Covington,0010 WING FIRE DEPT.,U.S. Senate,,REP,Rodney Walker,3
Covington,0010 WING FIRE DEPT.,U.S. Senate,,REP,Seth Burton,2
Covington,0010 WING FIRE DEPT.,U.S. Senate,,REP,Steve Marshall,3
Covington,0011 PLEASANT HOME/CATOE'S,Proposed Statewide Amendment 1,,,No,8
Covington,0011 PLEASANT HOME/CATOE'S,Proposed Statewide Amendment 1,,,Yes,51
Covington,0011 PLEASANT HOME/CATOE'S,Proposed Statewide Amendment 2,,,No,34
Covington,0011 PLEASANT HOME/CATOE'S,Proposed Statewide Amendment 2,,,Yes,21
Covington,0011 PLEASANT HOME/CATOE'S,Governor,,DEM,"Chad ""Chig"" Martin",0
Covington,0011 PLEASANT HOME/CATOE'S,Governor,,DEM,Doug Jones,1
Covington,0011 PLEASANT HOME/CATOE'S,Governor,,DEM,Jamel J. Brown,0
Covington,0011 PLEASANT HOME/CATOE'S,Governor,,DEM,"Nathan ""Nate"" Mathis",0
Covington,0011 PLEASANT HOME/CATOE'S,Governor,,DEM,Will Boyd,0
Covington,0011 PLEASANT HOME/CATOE'S,Governor,,DEM,Yolanda Rochelle Flowers,0
Covington,0011 PLEASANT HOME/CATOE'S,Lieutenant Governor,,DEM,Darryl D. Perryman,0
Covington,0011 PLEASANT HOME/CATOE'S,Lieutenant Governor,,DEM,Phillip Ensler,1
Covington,0011 PLEASANT HOME/CATOE'S,"Public Service Commission, Place No. 1",,DEM,James O. Gordon,0
Covington,0011 PLEASANT HOME/CATOE'S,"Public Service Commission, Place No. 1",,DEM,Jeff Ramsey,1
Covington,0011 PLEASANT HOME/CATOE'S,"Public Service Commission, Place No. 1",,DEM,John Northrop,0
Covington,0011 PLEASANT HOME/CATOE'S,State Democratic Executive Committee,,DEM,Harriet Hubbard,1
Covington,0011 PLEASANT HOME/CATOE'S,State Democratic Executive Committee,,DEM,Jackie R. Woods,0
Covington,0011 PLEASANT HOME/CATOE'S,State Democratic Executive Committee,,DEM,Steve Hubbard,1
Covington,0011 PLEASANT HOME/CATOE'S,State Democratic Executive Committee,,DEM,Sylvia Wallace-Patton,0
Covington,0011 PLEASANT HOME/CATOE'S,U.S. Senate,,DEM,Dakarai Larriett,1
Covington,0011 PLEASANT HOME/CATOE'S,U.S. Senate,,DEM,Everett Wess,0
Covington,0011 PLEASANT HOME/CATOE'S,U.S. Senate,,DEM,Kyle Sweetser,0
Covington,0011 PLEASANT HOME/CATOE'S,U.S. Senate,,DEM,Mark S. Wheeler II,0
Covington,0011 PLEASANT HOME/CATOE'S,Attorney General,,REP,Jay Mitchell,14
Covington,0011 PLEASANT HOME/CATOE'S,Attorney General,,REP,Katherine Robertson,17
Covington,0011 PLEASANT HOME/CATOE'S,Attorney General,,REP,Pamela L. Casey,20
Covington,0011 PLEASANT HOME/CATOE'S,Commissioner of Agriculture and Industries,,REP,Christina Woerner McInnis,15
Covington,0011 PLEASANT HOME/CATOE'S,Commissioner of Agriculture and Industries,,REP,Cory Hill,25
Covington,0011 PLEASANT HOME/CATOE'S,Commissioner of Agriculture and Industries,,REP,Jack Williams,10
Covington,0011 PLEASANT HOME/CATOE'S,Covington County Sheriff,,REP,David Blake Turman,22
Covington,0011 PLEASANT HOME/CATOE'S,Covington County Sheriff,,REP,Landon Thigpen,4
Covington,0011 PLEASANT HOME/CATOE'S,Covington County Sheriff,,REP,Mark Odom,39
Covington,0011 PLEASANT HOME/CATOE'S,Governor,,REP,"""Alabama"" Will Santivasci",6
Covington,0011 PLEASANT HOME/CATOE'S,Governor,,REP,Ken McFeeters,0
Covington,0011 PLEASANT HOME/CATOE'S,Governor,,REP,Thomas Tuberville,54
Covington,0011 PLEASANT HOME/CATOE'S,Lieutenant Governor,,REP,George Childress,0
Covington,0011 PLEASANT HOME/CATOE'S,Lieutenant Governor,,REP,John Wahl,17
Covington,0011 PLEASANT HOME/CATOE'S,Lieutenant Governor,,REP,Nicole Jones Wadsworth,3
Covington,0011 PLEASANT HOME/CATOE'S,Lieutenant Governor,,REP,Pat Bishop,0
Covington,0011 PLEASANT HOME/CATOE'S,Lieutenant Governor,,REP,Rick Pate,1
Covington,0011 PLEASANT HOME/CATOE'S,Lieutenant Governor,,REP,Stewart Hill Tankersley,1
Covington,0011 PLEASANT HOME/CATOE'S,Lieutenant Governor,,REP,Wes Allen,29
Covington,0011 PLEASANT HOME/CATOE'S,"Member, Covington County Board of Education, Place N",,REP,Unverified Candidate 1,50
Covington,0011 PLEASANT HOME/CATOE'S,"Member, Covington County Board of Education, Place N",,REP,Unverified Candidate 2,2
Covington,0011 PLEASANT HOME/CATOE'S,"Member, Covington County Board of Education, Place N",,REP,Unverified Candidate 3,9
Covington,0011 PLEASANT HOME/CATOE'S,"Member, Covington County Board of Education, Place N",,REP,Unverified Candidate 4,4
Covington,0011 PLEASANT HOME/CATOE'S,"Public Service Commission, Place No. 1",,REP,Jeremy H. Oden,5
Covington,0011 PLEASANT HOME/CATOE'S,"Public Service Commission, Place No. 1",,REP,Matt Gentry,34
Covington,0011 PLEASANT HOME/CATOE'S,"Public Service Commission, Place No. 2",,REP,Brent Woodall,3
Covington,0011 PLEASANT HOME/CATOE'S,"Public Service Commission, Place No. 2",,REP,Chris Beeker,12
Covington,0011 PLEASANT HOME/CATOE'S,"Public Service Commission, Place No. 2",,REP,Jim Zig Zeigler,26
Covington,0011 PLEASANT HOME/CATOE'S,"Public Service Commission, Place No. 2",,REP,Priscilla Andrews,5
Covington,0011 PLEASANT HOME/CATOE'S,Secretary of State,,REP,Caroleene Dobson,39
Covington,0011 PLEASANT HOME/CATOE'S,Secretary of State,,REP,Christopher Christian Horn,3
Covington,0011 PLEASANT HOME/CATOE'S,Secretary of State,,REP,Glenda S. Jackson,5
Covington,0011 PLEASANT HOME/CATOE'S,State Auditor,,REP,Andrew Sorrell,35
Covington,0011 PLEASANT HOME/CATOE'S,State Auditor,,REP,Derek Chen,13
Covington,0011 PLEASANT HOME/CATOE'S,State Treasurer,,REP,Steve Lolley,9
Covington,0011 PLEASANT HOME/CATOE'S,State Treasurer,,REP,Young Boozer,42
Covington,0011 PLEASANT HOME/CATOE'S,U.S. House,1,REP,Austin Sidwell,4
Covington,0011 PLEASANT HOME/CATOE'S,U.S. House,1,REP,James (Jimmy) Dees,2
Covington,0011 PLEASANT HOME/CATOE'S,U.S. House,1,REP,James Richardson,0
Covington,0011 PLEASANT HOME/CATOE'S,U.S. House,1,REP,Jerry Carl,20
Covington,0011 PLEASANT HOME/CATOE'S,U.S. House,1,REP,John Mills,7
Covington,0011 PLEASANT HOME/CATOE'S,U.S. House,1,REP,Joshua McKee,0
Covington,0011 PLEASANT HOME/CATOE'S,U.S. House,1,REP,Rhett Marques,8
Covington,0011 PLEASANT HOME/CATOE'S,U.S. Senate,,REP,Barry Moore,33
Covington,0011 PLEASANT HOME/CATOE'S,U.S. Senate,,REP,Dale Shelton Deas Jr.,0
Covington,0011 PLEASANT HOME/CATOE'S,U.S. Senate,,REP,Jared Hudson,8
Covington,0011 PLEASANT HOME/CATOE'S,U.S. Senate,,REP,Morgan Murphy,1
Covington,0011 PLEASANT HOME/CATOE'S,U.S. Senate,,REP,Rodney Walker,2
Covington,0011 PLEASANT HOME/CATOE'S,U.S. Senate,,REP,Seth Burton,1
Covington,0011 PLEASANT HOME/CATOE'S,U.S. Senate,,REP,Steve Marshall,11
Covington,0012 BUCK CREEK FIRE,Proposed Statewide Amendment 1,,,No,15
Covington,0012 BUCK CREEK FIRE,Proposed Statewide Amendment 1,,,Yes,129
Covington,0012 BUCK CREEK FIRE,Proposed Statewide Amendment 2,,,No,82
Covington,0012 BUCK CREEK FIRE,Proposed Statewide Amendment 2,,,Yes,59
Covington,0012 BUCK CREEK FIRE,Governor,,DEM,"Chad ""Chig"" Martin",0
Covington,0012 BUCK CREEK FIRE,Governor,,DEM,Doug Jones,4
Covington,0012 BUCK CREEK FIRE,Governor,,DEM,Jamel J. Brown,0
Covington,0012 BUCK CREEK FIRE,Governor,,DEM,"Nathan ""Nate"" Mathis",0
Covington,0012 BUCK CREEK FIRE,Governor,,DEM,Will Boyd,1
Covington,0012 BUCK CREEK FIRE,Governor,,DEM,Yolanda Rochelle Flowers,1
Covington,0012 BUCK CREEK FIRE,Lieutenant Governor,,DEM,Darryl D. Perryman,2
Covington,0012 BUCK CREEK FIRE,Lieutenant Governor,,DEM,Phillip Ensler,1
Covington,0012 BUCK CREEK FIRE,"Public Service Commission, Place No. 1",,DEM,James O. Gordon,0
Covington,0012 BUCK CREEK FIRE,"Public Service Commission, Place No. 1",,DEM,Jeff Ramsey,1
Covington,0012 BUCK CREEK FIRE,"Public Service Commission, Place No. 1",,DEM,John Northrop,2
Covington,0012 BUCK CREEK FIRE,State Democratic Executive Committee,,DEM,Harriet Hubbard,4
Covington,0012 BUCK CREEK FIRE,State Democratic Executive Committee,,DEM,Jackie R. Woods,2
Covington,0012 BUCK CREEK FIRE,State Democratic Executive Committee,,DEM,Steve Hubbard,2
Covington,0012 BUCK CREEK FIRE,State Democratic Executive Committee,,DEM,Sylvia Wallace-Patton,0
Covington,0012 BUCK CREEK FIRE,U.S. Senate,,DEM,Dakarai Larriett,0
Covington,0012 BUCK CREEK FIRE,U.S. Senate,,DEM,Everett Wess,1
Covington,0012 BUCK CREEK FIRE,U.S. Senate,,DEM,Kyle Sweetser,2
Covington,0012 BUCK CREEK FIRE,U.S. Senate,,DEM,Mark S. Wheeler II,1
Covington,0012 BUCK CREEK FIRE,Attorney General,,REP,Jay Mitchell,35
Covington,0012 BUCK CREEK FIRE,Attorney General,,REP,Katherine Robertson,42
Covington,0012 BUCK CREEK FIRE,Attorney General,,REP,Pamela L. Casey,59
Covington,0012 BUCK CREEK FIRE,Commissioner of Agriculture and Industries,,REP,Christina Woerner McInnis,30
Covington,0012 BUCK CREEK FIRE,Commissioner of Agriculture and Industries,,REP,Cory Hill,51
Covington,0012 BUCK CREEK FIRE,Commissioner of Agriculture and Industries,,REP,Jack Williams,37
Covington,0012 BUCK CREEK FIRE,Covington County Sheriff,,REP,David Blake Turman,55
Covington,0012 BUCK CREEK FIRE,Covington County Sheriff,,REP,Landon Thigpen,1
Covington,0012 BUCK CREEK FIRE,Covington County Sheriff,,REP,Mark Odom,86
Covington,0012 BUCK CREEK FIRE,Governor,,REP,"""Alabama"" Will Santivasci",2
Covington,0012 BUCK CREEK FIRE,Governor,,REP,Ken McFeeters,13
Covington,0012 BUCK CREEK FIRE,Governor,,REP,Thomas Tuberville,121
Covington,0012 BUCK CREEK FIRE,Lieutenant Governor,,REP,George Childress,5
Covington,0012 BUCK CREEK FIRE,Lieutenant Governor,,REP,John Wahl,43
Covington,0012 BUCK CREEK FIRE,Lieutenant Governor,,REP,Nicole Jones Wadsworth,6
Covington,0012 BUCK CREEK FIRE,Lieutenant Governor,,REP,Pat Bishop,1
Covington,0012 BUCK CREEK FIRE,Lieutenant Governor,,REP,Rick Pate,7
Covington,0012 BUCK CREEK FIRE,Lieutenant Governor,,REP,Stewart Hill Tankersley,4
Covington,0012 BUCK CREEK FIRE,Lieutenant Governor,,REP,Wes Allen,63
Covington,0012 BUCK CREEK FIRE,"Member, Covington County Board of Education, Place N",,REP,Unverified Candidate 1,63
Covington,0012 BUCK CREEK FIRE,"Member, Covington County Board of Education, Place N",,REP,Unverified Candidate 2,12
Covington,0012 BUCK CREEK FIRE,"Member, Covington County Board of Education, Place N",,REP,Unverified Candidate 3,53
Covington,0012 BUCK CREEK FIRE,"Member, Covington County Board of Education, Place N",,REP,Unverified Candidate 4,8
Covington,0012 BUCK CREEK FIRE,"Public Service Commission, Place No. 1",,REP,Jeremy H. Oden,21
Covington,0012 BUCK CREEK FIRE,"Public Service Commission, Place No. 1",,REP,Matt Gentry,87
Covington,0012 BUCK CREEK FIRE,"Public Service Commission, Place No. 2",,REP,Brent Woodall,14
Covington,0012 BUCK CREEK FIRE,"Public Service Commission, Place No. 2",,REP,Chris Beeker,20
Covington,0012 BUCK CREEK FIRE,"Public Service Commission, Place No. 2",,REP,Jim Zig Zeigler,63
Covington,0012 BUCK CREEK FIRE,"Public Service Commission, Place No. 2",,REP,Priscilla Andrews,20
Covington,0012 BUCK CREEK FIRE,Secretary of State,,REP,Caroleene Dobson,78
Covington,0012 BUCK CREEK FIRE,Secretary of State,,REP,Christopher Christian Horn,25
Covington,0012 BUCK CREEK FIRE,Secretary of State,,REP,Glenda S. Jackson,13
Covington,0012 BUCK CREEK FIRE,State Auditor,,REP,Andrew Sorrell,77
Covington,0012 BUCK CREEK FIRE,State Auditor,,REP,Derek Chen,42
Covington,0012 BUCK CREEK FIRE,State Treasurer,,REP,Steve Lolley,37
Covington,0012 BUCK CREEK FIRE,State Treasurer,,REP,Young Boozer,88
Covington,0012 BUCK CREEK FIRE,U.S. House,1,REP,Austin Sidwell,14
Covington,0012 BUCK CREEK FIRE,U.S. House,1,REP,James (Jimmy) Dees,15
Covington,0012 BUCK CREEK FIRE,U.S. House,1,REP,James Richardson,4
Covington,0012 BUCK CREEK FIRE,U.S. House,1,REP,Jerry Carl,28
Covington,0012 BUCK CREEK FIRE,U.S. House,1,REP,John Mills,15
Covington,0012 BUCK CREEK FIRE,U.S. House,1,REP,Joshua McKee,14
Covington,0012 BUCK CREEK FIRE,U.S. House,1,REP,Rhett Marques,20
Covington,0012 BUCK CREEK FIRE,U.S. Senate,,REP,Barry Moore,70
Covington,0012 BUCK CREEK FIRE,U.S. Senate,,REP,Dale Shelton Deas Jr.,1
Covington,0012 BUCK CREEK FIRE,U.S. Senate,,REP,Jared Hudson,23
Covington,0012 BUCK CREEK FIRE,U.S. Senate,,REP,Morgan Murphy,2
Covington,0012 BUCK CREEK FIRE,U.S. Senate,,REP,Rodney Walker,8
Covington,0012 BUCK CREEK FIRE,U.S. Senate,,REP,Seth Burton,5
Covington,0012 BUCK CREEK FIRE,U.S. Senate,,REP,Steve Marshall,24
Covington,0013 RED LEVEL FIRE DEPT.,Proposed Statewide Amendment 1,,,No,9
Covington,0013 RED LEVEL FIRE DEPT.,Proposed Statewide Amendment 1,,,Yes,135
Covington,0013 RED LEVEL FIRE DEPT.,Proposed Statewide Amendment 2,,,No,62
Covington,0013 RED LEVEL FIRE DEPT.,Proposed Statewide Amendment 2,,,Yes,78
Covington,0013 RED LEVEL FIRE DEPT.,Governor,,DEM,"Chad ""Chig"" Martin",0
Covington,0013 RED LEVEL FIRE DEPT.,Governor,,DEM,Doug Jones,6
Covington,0013 RED LEVEL FIRE DEPT.,Governor,,DEM,Jamel J. Brown,4
Covington,0013 RED LEVEL FIRE DEPT.,Governor,,DEM,"Nathan ""Nate"" Mathis",0
Covington,0013 RED LEVEL FIRE DEPT.,Governor,,DEM,Will Boyd,1
Covington,0013 RED LEVEL FIRE DEPT.,Governor,,DEM,Yolanda Rochelle Flowers,2
Covington,0013 RED LEVEL FIRE DEPT.,Lieutenant Governor,,DEM,Darryl D. Perryman,7
Covington,0013 RED LEVEL FIRE DEPT.,Lieutenant Governor,,DEM,Phillip Ensler,6
Covington,0013 RED LEVEL FIRE DEPT.,"Public Service Commission, Place No. 1",,DEM,James O. Gordon,4
Covington,0013 RED LEVEL FIRE DEPT.,"Public Service Commission, Place No. 1",,DEM,Jeff Ramsey,4
Covington,0013 RED LEVEL FIRE DEPT.,"Public Service Commission, Place No. 1",,DEM,John Northrop,4
Covington,0013 RED LEVEL FIRE DEPT.,State Democratic Executive Committee,,DEM,Harriet Hubbard,9
Covington,0013 RED LEVEL FIRE DEPT.,State Democratic Executive Committee,,DEM,Jackie R. Woods,8
Covington,0013 RED LEVEL FIRE DEPT.,State Democratic Executive Committee,,DEM,Steve Hubbard,4
Covington,0013 RED LEVEL FIRE DEPT.,State Democratic Executive Committee,,DEM,Sylvia Wallace-Patton,3
Covington,0013 RED LEVEL FIRE DEPT.,U.S. Senate,,DEM,Dakarai Larriett,5
Covington,0013 RED LEVEL FIRE DEPT.,U.S. Senate,,DEM,Everett Wess,3
Covington,0013 RED LEVEL FIRE DEPT.,U.S. Senate,,DEM,Kyle Sweetser,4
Covington,0013 RED LEVEL FIRE DEPT.,U.S. Senate,,DEM,Mark S. Wheeler II,1
Covington,0013 RED LEVEL FIRE DEPT.,Attorney General,,REP,Jay Mitchell,26
Covington,0013 RED LEVEL FIRE DEPT.,Attorney General,,REP,Katherine Robertson,37
Covington,0013 RED LEVEL FIRE DEPT.,Attorney General,,REP,Pamela L. Casey,60
Covington,0013 RED LEVEL FIRE DEPT.,Commissioner of Agriculture and Industries,,REP,Christina Woerner McInnis,34
Covington,0013 RED LEVEL FIRE DEPT.,Commissioner of Agriculture and Industries,,REP,Cory Hill,43
Covington,0013 RED LEVEL FIRE DEPT.,Commissioner of Agriculture and Industries,,REP,Jack Williams,41
Covington,0013 RED LEVEL FIRE DEPT.,Covington County Sheriff,,REP,David Blake Turman,56
Covington,0013 RED LEVEL FIRE DEPT.,Covington County Sheriff,,REP,Landon Thigpen,2
Covington,0013 RED LEVEL FIRE DEPT.,Covington County Sheriff,,REP,Mark Odom,74
Covington,0013 RED LEVEL FIRE DEPT.,Governor,,REP,"""Alabama"" Will Santivasci",12
Covington,0013 RED LEVEL FIRE DEPT.,Governor,,REP,Ken McFeeters,7
Covington,0013 RED LEVEL FIRE DEPT.,Governor,,REP,Thomas Tuberville,111
Covington,0013 RED LEVEL FIRE DEPT.,Lieutenant Governor,,REP,George Childress,0
Covington,0013 RED LEVEL FIRE DEPT.,Lieutenant Governor,,REP,John Wahl,57
Covington,0013 RED LEVEL FIRE DEPT.,Lieutenant Governor,,REP,Nicole Jones Wadsworth,5
Covington,0013 RED LEVEL FIRE DEPT.,Lieutenant Governor,,REP,Pat Bishop,4
Covington,0013 RED LEVEL FIRE DEPT.,Lieutenant Governor,,REP,Rick Pate,6
Covington,0013 RED LEVEL FIRE DEPT.,Lieutenant Governor,,REP,Stewart Hill Tankersley,5
Covington,0013 RED LEVEL FIRE DEPT.,Lieutenant Governor,,REP,Wes Allen,48
Covington,0013 RED LEVEL FIRE DEPT.,"Member, Covington County Board of Education, Place N",,REP,Unverified Candidate 1,51
Covington,0013 RED LEVEL FIRE DEPT.,"Member, Covington County Board of Education, Place N",,REP,Unverified Candidate 2,26
Covington,0013 RED LEVEL FIRE DEPT.,"Member, Covington County Board of Education, Place N",,REP,Unverified Candidate 3,46
Covington,0013 RED LEVEL FIRE DEPT.,"Member, Covington County Board of Education, Place N",,REP,Unverified Candidate 4,1
Covington,0013 RED LEVEL FIRE DEPT.,"Public Service Commission, Place No. 1",,REP,Jeremy H. Oden,38
Covington,0013 RED LEVEL FIRE DEPT.,"Public Service Commission, Place No. 1",,REP,Matt Gentry,75
Covington,0013 RED LEVEL FIRE DEPT.,"Public Service Commission, Place No. 2",,REP,Brent Woodall,16
Covington,0013 RED LEVEL FIRE DEPT.,"Public Service Commission, Place No. 2",,REP,Chris Beeker,17
Covington,0013 RED LEVEL FIRE DEPT.,"Public Service Commission, Place No. 2",,REP,Jim Zig Zeigler,67
Covington,0013 RED LEVEL FIRE DEPT.,"Public Service Commission, Place No. 2",,REP,Priscilla Andrews,13
Covington,0013 RED LEVEL FIRE DEPT.,Secretary of State,,REP,Caroleene Dobson,78
Covington,0013 RED LEVEL FIRE DEPT.,Secretary of State,,REP,Christopher Christian Horn,21
Covington,0013 RED LEVEL FIRE DEPT.,Secretary of State,,REP,Glenda S. Jackson,17
Covington,0013 RED LEVEL FIRE DEPT.,State Auditor,,REP,Andrew Sorrell,79
Covington,0013 RED LEVEL FIRE DEPT.,State Auditor,,REP,Derek Chen,39
Covington,0013 RED LEVEL FIRE DEPT.,State Treasurer,,REP,Steve Lolley,40
Covington,0013 RED LEVEL FIRE DEPT.,State Treasurer,,REP,Young Boozer,78
Covington,0013 RED LEVEL FIRE DEPT.,U.S. House,1,REP,Austin Sidwell,23
Covington,0013 RED LEVEL FIRE DEPT.,U.S. House,1,REP,James (Jimmy) Dees,11
Covington,0013 RED LEVEL FIRE DEPT.,U.S. House,1,REP,James Richardson,10
Covington,0013 RED LEVEL FIRE DEPT.,U.S. House,1,REP,Jerry Carl,33
Covington,0013 RED LEVEL FIRE DEPT.,U.S. House,1,REP,John Mills,5
Covington,0013 RED LEVEL FIRE DEPT.,U.S. House,1,REP,Joshua McKee,13
Covington,0013 RED LEVEL FIRE DEPT.,U.S. House,1,REP,Rhett Marques,14
Covington,0013 RED LEVEL FIRE DEPT.,U.S. Senate,,REP,Barry Moore,80
Covington,0013 RED LEVEL FIRE DEPT.,U.S. Senate,,REP,Dale Shelton Deas Jr.,1
Covington,0013 RED LEVEL FIRE DEPT.,U.S. Senate,,REP,Jared Hudson,19
Covington,0013 RED LEVEL FIRE DEPT.,U.S. Senate,,REP,Morgan Murphy,3
Covington,0013 RED LEVEL FIRE DEPT.,U.S. Senate,,REP,Rodney Walker,3
Covington,0013 RED LEVEL FIRE DEPT.,U.S. Senate,,REP,Seth Burton,2
Covington,0013 RED LEVEL FIRE DEPT.,U.S. Senate,,REP,Steve Marshall,22
Covington,0014 BLUE SPRGS HORN HILL,Proposed Statewide Amendment 1,,,No,1
Covington,0014 BLUE SPRGS HORN HILL,Proposed Statewide Amendment 1,,,Yes,91
Covington,0014 BLUE SPRGS HORN HILL,Proposed Statewide Amendment 2,,,No,41
Covington,0014 BLUE SPRGS HORN HILL,Proposed Statewide Amendment 2,,,Yes,49
Covington,0014 BLUE SPRGS HORN HILL,Governor,,DEM,"Chad ""Chig"" Martin",1
Covington,0014 BLUE SPRGS HORN HILL,Governor,,DEM,Doug Jones,1
Covington,0014 BLUE SPRGS HORN HILL,Governor,,DEM,Jamel J. Brown,0
Covington,0014 BLUE SPRGS HORN HILL,Governor,,DEM,"Nathan ""Nate"" Mathis",0
Covington,0014 BLUE SPRGS HORN HILL,Governor,,DEM,Will Boyd,0
Covington,0014 BLUE SPRGS HORN HILL,Governor,,DEM,Yolanda Rochelle Flowers,0
Covington,0014 BLUE SPRGS HORN HILL,Lieutenant Governor,,DEM,Darryl D. Perryman,0
Covington,0014 BLUE SPRGS HORN HILL,Lieutenant Governor,,DEM,Phillip Ensler,0
Covington,0014 BLUE SPRGS HORN HILL,"Public Service Commission, Place No. 1",,DEM,James O. Gordon,0
Covington,0014 BLUE SPRGS HORN HILL,"Public Service Commission, Place No. 1",,DEM,Jeff Ramsey,0
Covington,0014 BLUE SPRGS HORN HILL,"Public Service Commission, Place No. 1",,DEM,John Northrop,0
Covington,0014 BLUE SPRGS HORN HILL,State Democratic Executive Committee,,DEM,Harriet Hubbard,1
Covington,0014 BLUE SPRGS HORN HILL,State Democratic Executive Committee,,DEM,Jackie R. Woods,0
Covington,0014 BLUE SPRGS HORN HILL,State Democratic Executive Committee,,DEM,Steve Hubbard,1
Covington,0014 BLUE SPRGS HORN HILL,State Democratic Executive Committee,,DEM,Sylvia Wallace-Patton,0
Covington,0014 BLUE SPRGS HORN HILL,U.S. Senate,,DEM,Dakarai Larriett,0
Covington,0014 BLUE SPRGS HORN HILL,U.S. Senate,,DEM,Everett Wess,0
Covington,0014 BLUE SPRGS HORN HILL,U.S. Senate,,DEM,Kyle Sweetser,0
Covington,0014 BLUE SPRGS HORN HILL,U.S. Senate,,DEM,Mark S. Wheeler II,0
Covington,0014 BLUE SPRGS HORN HILL,Attorney General,,REP,Jay Mitchell,31
Covington,0014 BLUE SPRGS HORN HILL,Attorney General,,REP,Katherine Robertson,25
Covington,0014 BLUE SPRGS HORN HILL,Attorney General,,REP,Pamela L. Casey,33
Covington,0014 BLUE SPRGS HORN HILL,Commissioner of Agriculture and Industries,,REP,Christina Woerner McInnis,20
Covington,0014 BLUE SPRGS HORN HILL,Commissioner of Agriculture and Industries,,REP,Cory Hill,39
Covington,0014 BLUE SPRGS HORN HILL,Commissioner of Agriculture and Industries,,REP,Jack Williams,17
Covington,0014 BLUE SPRGS HORN HILL,Covington County Sheriff,,REP,David Blake Turman,82
Covington,0014 BLUE SPRGS HORN HILL,Covington County Sheriff,,REP,Landon Thigpen,0
Covington,0014 BLUE SPRGS HORN HILL,Covington County Sheriff,,REP,Mark Odom,18
Covington,0014 BLUE SPRGS HORN HILL,Governor,,REP,"""Alabama"" Will Santivasci",2
Covington,0014 BLUE SPRGS HORN HILL,Governor,,REP,Ken McFeeters,4
Covington,0014 BLUE SPRGS HORN HILL,Governor,,REP,Thomas Tuberville,92
Covington,0014 BLUE SPRGS HORN HILL,Lieutenant Governor,,REP,George Childress,3
Covington,0014 BLUE SPRGS HORN HILL,Lieutenant Governor,,REP,John Wahl,23
Covington,0014 BLUE SPRGS HORN HILL,Lieutenant Governor,,REP,Nicole Jones Wadsworth,2
Covington,0014 BLUE SPRGS HORN HILL,Lieutenant Governor,,REP,Pat Bishop,1
Covington,0014 BLUE SPRGS HORN HILL,Lieutenant Governor,,REP,Rick Pate,5
Covington,0014 BLUE SPRGS HORN HILL,Lieutenant Governor,,REP,Stewart Hill Tankersley,1
Covington,0014 BLUE SPRGS HORN HILL,Lieutenant Governor,,REP,Wes Allen,53
Covington,0014 BLUE SPRGS HORN HILL,"Member, Covington County Board of Education, Place N",,REP,Unverified Candidate 1,37
Covington,0014 BLUE SPRGS HORN HILL,"Member, Covington County Board of Education, Place N",,REP,Unverified Candidate 2,15
Covington,0014 BLUE SPRGS HORN HILL,"Member, Covington County Board of Education, Place N",,REP,Unverified Candidate 3,17
Covington,0014 BLUE SPRGS HORN HILL,"Member, Covington County Board of Education, Place N",,REP,Unverified Candidate 4,12
Covington,0014 BLUE SPRGS HORN HILL,"Public Service Commission, Place No. 1",,REP,Jeremy H. Oden,22
Covington,0014 BLUE SPRGS HORN HILL,"Public Service Commission, Place No. 1",,REP,Matt Gentry,50
Covington,0014 BLUE SPRGS HORN HILL,"Public Service Commission, Place No. 2",,REP,Brent Woodall,21
Covington,0014 BLUE SPRGS HORN HILL,"Public Service Commission, Place No. 2",,REP,Chris Beeker,10
Covington,0014 BLUE SPRGS HORN HILL,"Public Service Commission, Place No. 2",,REP,Jim Zig Zeigler,41
Covington,0014 BLUE SPRGS HORN HILL,"Public Service Commission, Place No. 2",,REP,Priscilla Andrews,10
Covington,0014 BLUE SPRGS HORN HILL,Secretary of State,,REP,Caroleene Dobson,53
Covington,0014 BLUE SPRGS HORN HILL,Secretary of State,,REP,Christopher Christian Horn,15
Covington,0014 BLUE SPRGS HORN HILL,Secretary of State,,REP,Glenda S. Jackson,8
Covington,0014 BLUE SPRGS HORN HILL,State Auditor,,REP,Andrew Sorrell,58
Covington,0014 BLUE SPRGS HORN HILL,State Auditor,,REP,Derek Chen,22
Covington,0014 BLUE SPRGS HORN HILL,State Treasurer,,REP,Steve Lolley,28
Covington,0014 BLUE SPRGS HORN HILL,State Treasurer,,REP,Young Boozer,53
Covington,0014 BLUE SPRGS HORN HILL,U.S. House,1,REP,Austin Sidwell,9
Covington,0014 BLUE SPRGS HORN HILL,U.S. House,1,REP,James (Jimmy) Dees,3
Covington,0014 BLUE SPRGS HORN HILL,U.S. House,1,REP,James Richardson,5
Covington,0014 BLUE SPRGS HORN HILL,U.S. House,1,REP,Jerry Carl,22
Covington,0014 BLUE SPRGS HORN HILL,U.S. House,1,REP,John Mills,5
Covington,0014 BLUE SPRGS HORN HILL,U.S. House,1,REP,Joshua McKee,12
Covington,0014 BLUE SPRGS HORN HILL,U.S. House,1,REP,Rhett Marques,22
Covington,0014 BLUE SPRGS HORN HILL,U.S. Senate,,REP,Barry Moore,58
Covington,0014 BLUE SPRGS HORN HILL,U.S. Senate,,REP,Dale Shelton Deas Jr.,1
Covington,0014 BLUE SPRGS HORN HILL,U.S. Senate,,REP,Jared Hudson,20
Covington,0014 BLUE SPRGS HORN HILL,U.S. Senate,,REP,Morgan Murphy,1
Covington,0014 BLUE SPRGS HORN HILL,U.S. Senate,,REP,Rodney Walker,4
Covington,0014 BLUE SPRGS HORN HILL,U.S. Senate,,REP,Seth Burton,2
Covington,0014 BLUE SPRGS HORN HILL,U.S. Senate,,REP,Steve Marshall,10
Covington,0015 UNION GROVE FIRE,Proposed Statewide Amendment 1,,,No,10
Covington,0015 UNION GROVE FIRE,Proposed Statewide Amendment 1,,,Yes,112
Covington,0015 UNION GROVE FIRE,Proposed Statewide Amendment 2,,,No,45
Covington,0015 UNION GROVE FIRE,Proposed Statewide Amendment 2,,,Yes,75
Covington,0015 UNION GROVE FIRE,Governor,,DEM,"Chad ""Chig"" Martin",0
Covington,0015 UNION GROVE FIRE,Governor,,DEM,Doug Jones,3
Covington,0015 UNION GROVE FIRE,Governor,,DEM,Jamel J. Brown,0
Covington,0015 UNION GROVE FIRE,Governor,,DEM,"Nathan ""Nate"" Mathis",0
Covington,0015 UNION GROVE FIRE,Governor,,DEM,Will Boyd,0
Covington,0015 UNION GROVE FIRE,Governor,,DEM,Yolanda Rochelle Flowers,0
Covington,0015 UNION GROVE FIRE,Lieutenant Governor,,DEM,Darryl D. Perryman,2
Covington,0015 UNION GROVE FIRE,Lieutenant Governor,,DEM,Phillip Ensler,0
Covington,0015 UNION GROVE FIRE,"Public Service Commission, Place No. 1",,DEM,James O. Gordon,2
Covington,0015 UNION GROVE FIRE,"Public Service Commission, Place No. 1",,DEM,Jeff Ramsey,1
Covington,0015 UNION GROVE FIRE,"Public Service Commission, Place No. 1",,DEM,John Northrop,0
Covington,0015 UNION GROVE FIRE,State Democratic Executive Committee,,DEM,Harriet Hubbard,2
Covington,0015 UNION GROVE FIRE,State Democratic Executive Committee,,DEM,Jackie R. Woods,2
Covington,0015 UNION GROVE FIRE,State Democratic Executive Committee,,DEM,Steve Hubbard,1
Covington,0015 UNION GROVE FIRE,State Democratic Executive Committee,,DEM,Sylvia Wallace-Patton,1
Covington,0015 UNION GROVE FIRE,U.S. Senate,,DEM,Dakarai Larriett,3
Covington,0015 UNION GROVE FIRE,U.S. Senate,,DEM,Everett Wess,0
Covington,0015 UNION GROVE FIRE,U.S. Senate,,DEM,Kyle Sweetser,0
Covington,0015 UNION GROVE FIRE,U.S. Senate,,DEM,Mark S. Wheeler II,0
Covington,0015 UNION GROVE FIRE,Attorney General,,REP,Jay Mitchell,30
Covington,0015 UNION GROVE FIRE,Attorney General,,REP,Katherine Robertson,47
Covington,0015 UNION GROVE FIRE,Attorney General,,REP,Pamela L. Casey,38
Covington,0015 UNION GROVE FIRE,Commissioner of Agriculture and Industries,,REP,Christina Woerner McInnis,44
Covington,0015 UNION GROVE FIRE,Commissioner of Agriculture and Industries,,REP,Cory Hill,33
Covington,0015 UNION GROVE FIRE,Commissioner of Agriculture and Industries,,REP,Jack Williams,36
Covington,0015 UNION GROVE FIRE,Covington County Sheriff,,REP,David Blake Turman,72
Covington,0015 UNION GROVE FIRE,Covington County Sheriff,,REP,Landon Thigpen,1
Covington,0015 UNION GROVE FIRE,Covington County Sheriff,,REP,Mark Odom,50
Covington,0015 UNION GROVE FIRE,Governor,,REP,"""Alabama"" Will Santivasci",11
Covington,0015 UNION GROVE FIRE,Governor,,REP,Ken McFeeters,7
Covington,0015 UNION GROVE FIRE,Governor,,REP,Thomas Tuberville,103
Covington,0015 UNION GROVE FIRE,Lieutenant Governor,,REP,George Childress,0
Covington,0015 UNION GROVE FIRE,Lieutenant Governor,,REP,John Wahl,55
Covington,0015 UNION GROVE FIRE,Lieutenant Governor,,REP,Nicole Jones Wadsworth,2
Covington,0015 UNION GROVE FIRE,Lieutenant Governor,,REP,Pat Bishop,2
Covington,0015 UNION GROVE FIRE,Lieutenant Governor,,REP,Rick Pate,7
Covington,0015 UNION GROVE FIRE,Lieutenant Governor,,REP,Stewart Hill Tankersley,0
Covington,0015 UNION GROVE FIRE,Lieutenant Governor,,REP,Wes Allen,53
Covington,0015 UNION GROVE FIRE,"Member, Covington County Board of Education, Place N",,REP,Unverified Candidate 1,44
Covington,0015 UNION GROVE FIRE,"Member, Covington County Board of Education, Place N",,REP,Unverified Candidate 2,32
Covington,0015 UNION GROVE FIRE,"Member, Covington County Board of Education, Place N",,REP,Unverified Candidate 3,25
Covington,0015 UNION GROVE FIRE,"Member, Covington County Board of Education, Place N",,REP,Unverified Candidate 4,14
Covington,0015 UNION GROVE FIRE,"Public Service Commission, Place No. 1",,REP,Jeremy H. Oden,28
Covington,0015 UNION GROVE FIRE,"Public Service Commission, Place No. 1",,REP,Matt Gentry,83
Covington,0015 UNION GROVE FIRE,"Public Service Commission, Place No. 2",,REP,Brent Woodall,18
Covington,0015 UNION GROVE FIRE,"Public Service Commission, Place No. 2",,REP,Chris Beeker,14
Covington,0015 UNION GROVE FIRE,"Public Service Commission, Place No. 2",,REP,Jim Zig Zeigler,70
Covington,0015 UNION GROVE FIRE,"Public Service Commission, Place No. 2",,REP,Priscilla Andrews,10
Covington,0015 UNION GROVE FIRE,Secretary of State,,REP,Caroleene Dobson,74
Covington,0015 UNION GROVE FIRE,Secretary of State,,REP,Christopher Christian Horn,23
Covington,0015 UNION GROVE FIRE,Secretary of State,,REP,Glenda S. Jackson,15
Covington,0015 UNION GROVE FIRE,State Auditor,,REP,Andrew Sorrell,77
Covington,0015 UNION GROVE FIRE,State Auditor,,REP,Derek Chen,35
Covington,0015 UNION GROVE FIRE,State Treasurer,,REP,Steve Lolley,30
Covington,0015 UNION GROVE FIRE,State Treasurer,,REP,Young Boozer,86
Covington,0015 UNION GROVE FIRE,U.S. House,1,REP,Austin Sidwell,7
Covington,0015 UNION GROVE FIRE,U.S. House,1,REP,James (Jimmy) Dees,9
Covington,0015 UNION GROVE FIRE,U.S. House,1,REP,James Richardson,7
Covington,0015 UNION GROVE FIRE,U.S. House,1,REP,Jerry Carl,25
Covington,0015 UNION GROVE FIRE,U.S. House,1,REP,John Mills,12
Covington,0015 UNION GROVE FIRE,U.S. House,1,REP,Joshua McKee,19
Covington,0015 UNION GROVE FIRE,U.S. House,1,REP,Rhett Marques,27
Covington,0015 UNION GROVE FIRE,U.S. Senate,,REP,Barry Moore,78
Covington,0015 UNION GROVE FIRE,U.S. Senate,,REP,Dale Shelton Deas Jr.,0
Covington,0015 UNION GROVE FIRE,U.S. Senate,,REP,Jared Hudson,18
Covington,0015 UNION GROVE FIRE,U.S. Senate,,REP,Morgan Murphy,1
Covington,0015 UNION GROVE FIRE,U.S. Senate,,REP,Rodney Walker,10
Covington,0015 UNION GROVE FIRE,U.S. Senate,,REP,Seth Burton,2
Covington,0015 UNION GROVE FIRE,U.S. Senate,,REP,Steve Marshall,12
Covington,0016 GANTT CITY HALL,Proposed Statewide Amendment 1,,,No,22
Covington,0016 GANTT CITY HALL,Proposed Statewide Amendment 1,,,Yes,248
Covington,0016 GANTT CITY HALL,Proposed Statewide Amendment 2,,,No,118
Covington,0016 GANTT CITY HALL,Proposed Statewide Amendment 2,,,Yes,142
Covington,0016 GANTT CITY HALL,Governor,,DEM,"Chad ""Chig"" Martin",2
Covington,0016 GANTT CITY HALL,Governor,,DEM,Doug Jones,11
Covington,0016 GANTT CITY HALL,Governor,,DEM,Jamel J. Brown,2
Covington,0016 GANTT CITY HALL,Governor,,DEM,"Nathan ""Nate"" Mathis",0
Covington,0016 GANTT CITY HALL,Governor,,DEM,Will Boyd,1
Covington,0016 GANTT CITY HALL,Governor,,DEM,Yolanda Rochelle Flowers,1
Covington,0016 GANTT CITY HALL,Lieutenant Governor,,DEM,Darryl D. Perryman,8
Covington,0016 GANTT CITY HALL,Lieutenant Governor,,DEM,Phillip Ensler,8
Covington,0016 GANTT CITY HALL,"Public Service Commission, Place No. 1",,DEM,James O. Gordon,7
Covington,0016 GANTT CITY HALL,"Public Service Commission, Place No. 1",,DEM,Jeff Ramsey,7
Covington,0016 GANTT CITY HALL,"Public Service Commission, Place No. 1",,DEM,John Northrop,3
Covington,0016 GANTT CITY HALL,State Democratic Executive Committee,,DEM,Harriet Hubbard,6
Covington,0016 GANTT CITY HALL,State Democratic Executive Committee,,DEM,Jackie R. Woods,14
Covington,0016 GANTT CITY HALL,State Democratic Executive Committee,,DEM,Steve Hubbard,3
Covington,0016 GANTT CITY HALL,State Democratic Executive Committee,,DEM,Sylvia Wallace-Patton,11
Covington,0016 GANTT CITY HALL,U.S. Senate,,DEM,Dakarai Larriett,2
Covington,0016 GANTT CITY HALL,U.S. Senate,,DEM,Everett Wess,5
Covington,0016 GANTT CITY HALL,U.S. Senate,,DEM,Kyle Sweetser,3
Covington,0016 GANTT CITY HALL,U.S. Senate,,DEM,Mark S. Wheeler II,7
Covington,0016 GANTT CITY HALL,Attorney General,,REP,Jay Mitchell,72
Covington,0016 GANTT CITY HALL,Attorney General,,REP,Katherine Robertson,74
Covington,0016 GANTT CITY HALL,Attorney General,,REP,Pamela L. Casey,103
Covington,0016 GANTT CITY HALL,Commissioner of Agriculture and Industries,,REP,Christina Woerner McInnis,84
Covington,0016 GANTT CITY HALL,Commissioner of Agriculture and Industries,,REP,Cory Hill,79
Covington,0016 GANTT CITY HALL,Commissioner of Agriculture and Industries,,REP,Jack Williams,54
Covington,0016 GANTT CITY HALL,Covington County Sheriff,,REP,David Blake Turman,119
Covington,0016 GANTT CITY HALL,Covington County Sheriff,,REP,Landon Thigpen,8
Covington,0016 GANTT CITY HALL,Covington County Sheriff,,REP,Mark Odom,137
Covington,0016 GANTT CITY HALL,Governor,,REP,"""Alabama"" Will Santivasci",9
Covington,0016 GANTT CITY HALL,Governor,,REP,Ken McFeeters,26
Covington,0016 GANTT CITY HALL,Governor,,REP,Thomas Tuberville,229
Covington,0016 GANTT CITY HALL,Lieutenant Governor,,REP,George Childress,4
Covington,0016 GANTT CITY HALL,Lieutenant Governor,,REP,John Wahl,69
Covington,0016 GANTT CITY HALL,Lieutenant Governor,,REP,Nicole Jones Wadsworth,4
Covington,0016 GANTT CITY HALL,Lieutenant Governor,,REP,Pat Bishop,6
Covington,0016 GANTT CITY HALL,Lieutenant Governor,,REP,Rick Pate,15
Covington,0016 GANTT CITY HALL,Lieutenant Governor,,REP,Stewart Hill Tankersley,8
Covington,0016 GANTT CITY HALL,Lieutenant Governor,,REP,Wes Allen,141
Covington,0016 GANTT CITY HALL,"Member, Covington County Board of Education, Place N",,REP,Unverified Candidate 1,139
Covington,0016 GANTT CITY HALL,"Member, Covington County Board of Education, Place N",,REP,Unverified Candidate 2,40
Covington,0016 GANTT CITY HALL,"Member, Covington County Board of Education, Place N",,REP,Unverified Candidate 3,52
Covington,0016 GANTT CITY HALL,"Member, Covington County Board of Education, Place N",,REP,Unverified Candidate 4,14
Covington,0016 GANTT CITY HALL,"Public Service Commission, Place No. 1",,REP,Jeremy H. Oden,56
Covington,0016 GANTT CITY HALL,"Public Service Commission, Place No. 1",,REP,Matt Gentry,157
Covington,0016 GANTT CITY HALL,"Public Service Commission, Place No. 2",,REP,Brent Woodall,41
Covington,0016 GANTT CITY HALL,"Public Service Commission, Place No. 2",,REP,Chris Beeker,47
Covington,0016 GANTT CITY HALL,"Public Service Commission, Place No. 2",,REP,Jim Zig Zeigler,102
Covington,0016 GANTT CITY HALL,"Public Service Commission, Place No. 2",,REP,Priscilla Andrews,32
Covington,0016 GANTT CITY HALL,Secretary of State,,REP,Caroleene Dobson,157
Covington,0016 GANTT CITY HALL,Secretary of State,,REP,Christopher Christian Horn,39
Covington,0016 GANTT CITY HALL,Secretary of State,,REP,Glenda S. Jackson,27
Covington,0016 GANTT CITY HALL,State Auditor,,REP,Andrew Sorrell,145
Covington,0016 GANTT CITY HALL,State Auditor,,REP,Derek Chen,84
Covington,0016 GANTT CITY HALL,State Treasurer,,REP,Steve Lolley,73
Covington,0016 GANTT CITY HALL,State Treasurer,,REP,Young Boozer,162
Covington,0016 GANTT CITY HALL,U.S. House,1,REP,Austin Sidwell,37
Covington,0016 GANTT CITY HALL,U.S. House,1,REP,James (Jimmy) Dees,17
Covington,0016 GANTT CITY HALL,U.S. House,1,REP,James Richardson,13
Covington,0016 GANTT CITY HALL,U.S. House,1,REP,Jerry Carl,63
Covington,0016 GANTT CITY HALL,U.S. House,1,REP,John Mills,19
Covington,0016 GANTT CITY HALL,U.S. House,1,REP,Joshua McKee,18
Covington,0016 GANTT CITY HALL,U.S. House,1,REP,Rhett Marques,46
Covington,0016 GANTT CITY HALL,U.S. Senate,,REP,Barry Moore,160
Covington,0016 GANTT CITY HALL,U.S. Senate,,REP,Dale Shelton Deas Jr.,2
Covington,0016 GANTT CITY HALL,U.S. Senate,,REP,Jared Hudson,43
Covington,0016 GANTT CITY HALL,U.S. Senate,,REP,Morgan Murphy,0
Covington,0016 GANTT CITY HALL,U.S. Senate,,REP,Rodney Walker,10
Covington,0016 GANTT CITY HALL,U.S. Senate,,REP,Seth Burton,8
Covington,0016 GANTT CITY HALL,U.S. Senate,,REP,Steve Marshall,31
Covington,0017 STRAUGHN HIGH SCHOOL GYM,Proposed Statewide Amendment 1,,,No,18
Covington,0017 STRAUGHN HIGH SCHOOL GYM,Proposed Statewide Amendment 1,,,Yes,274
Covington,0017 STRAUGHN HIGH SCHOOL GYM,Proposed Statewide Amendment 2,,,No,115
Covington,0017 STRAUGHN HIGH SCHOOL GYM,Proposed Statewide Amendment 2,,,Yes,161
Covington,0017 STRAUGHN HIGH SCHOOL GYM,Governor,,DEM,"Chad ""Chig"" Martin",0
Covington,0017 STRAUGHN HIGH SCHOOL GYM,Governor,,DEM,Doug Jones,8
Covington,0017 STRAUGHN HIGH SCHOOL GYM,Governor,,DEM,Jamel J. Brown,2
Covington,0017 STRAUGHN HIGH SCHOOL GYM,Governor,,DEM,"Nathan ""Nate"" Mathis",0
Covington,0017 STRAUGHN HIGH SCHOOL GYM,Governor,,DEM,Will Boyd,0
Covington,0017 STRAUGHN HIGH SCHOOL GYM,Governor,,DEM,Yolanda Rochelle Flowers,0
Covington,0017 STRAUGHN HIGH SCHOOL GYM,Lieutenant Governor,,DEM,Darryl D. Perryman,3
Covington,0017 STRAUGHN HIGH SCHOOL GYM,Lieutenant Governor,,DEM,Phillip Ensler,6
Covington,0017 STRAUGHN HIGH SCHOOL GYM,"Public Service Commission, Place No. 1",,DEM,James O. Gordon,4
Covington,0017 STRAUGHN HIGH SCHOOL GYM,"Public Service Commission, Place No. 1",,DEM,Jeff Ramsey,2
Covington,0017 STRAUGHN HIGH SCHOOL GYM,"Public Service Commission, Place No. 1",,DEM,John Northrop,3
Covington,0017 STRAUGHN HIGH SCHOOL GYM,State Democratic Executive Committee,,DEM,Harriet Hubbard,7
Covington,0017 STRAUGHN HIGH SCHOOL GYM,State Democratic Executive Committee,,DEM,Jackie R. Woods,5
Covington,0017 STRAUGHN HIGH SCHOOL GYM,State Democratic Executive Committee,,DEM,Steve Hubbard,4
Covington,0017 STRAUGHN HIGH SCHOOL GYM,State Democratic Executive Committee,,DEM,Sylvia Wallace-Patton,3
Covington,0017 STRAUGHN HIGH SCHOOL GYM,U.S. Senate,,DEM,Dakarai Larriett,2
Covington,0017 STRAUGHN HIGH SCHOOL GYM,U.S. Senate,,DEM,Everett Wess,3
Covington,0017 STRAUGHN HIGH SCHOOL GYM,U.S. Senate,,DEM,Kyle Sweetser,3
Covington,0017 STRAUGHN HIGH SCHOOL GYM,U.S. Senate,,DEM,Mark S. Wheeler II,0
Covington,0017 STRAUGHN HIGH SCHOOL GYM,Attorney General,,REP,Jay Mitchell,58
Covington,0017 STRAUGHN HIGH SCHOOL GYM,Attorney General,,REP,Katherine Robertson,57
Covington,0017 STRAUGHN HIGH SCHOOL GYM,Attorney General,,REP,Pamela L. Casey,158
Covington,0017 STRAUGHN HIGH SCHOOL GYM,Commissioner of Agriculture and Industries,,REP,Christina Woerner McInnis,77
Covington,0017 STRAUGHN HIGH SCHOOL GYM,Commissioner of Agriculture and Industries,,REP,Cory Hill,73
Covington,0017 STRAUGHN HIGH SCHOOL GYM,Commissioner of Agriculture and Industries,,REP,Jack Williams,86
Covington,0017 STRAUGHN HIGH SCHOOL GYM,Covington County Sheriff,,REP,David Blake Turman,165
Covington,0017 STRAUGHN HIGH SCHOOL GYM,Covington County Sheriff,,REP,Landon Thigpen,5
Covington,0017 STRAUGHN HIGH SCHOOL GYM,Covington County Sheriff,,REP,Mark Odom,132
Covington,0017 STRAUGHN HIGH SCHOOL GYM,Governor,,REP,"""Alabama"" Will Santivasci",8
Covington,0017 STRAUGHN HIGH SCHOOL GYM,Governor,,REP,Ken McFeeters,23
Covington,0017 STRAUGHN HIGH SCHOOL GYM,Governor,,REP,Thomas Tuberville,265
Covington,0017 STRAUGHN HIGH SCHOOL GYM,Lieutenant Governor,,REP,George Childress,7
Covington,0017 STRAUGHN HIGH SCHOOL GYM,Lieutenant Governor,,REP,John Wahl,89
Covington,0017 STRAUGHN HIGH SCHOOL GYM,Lieutenant Governor,,REP,Nicole Jones Wadsworth,3
Covington,0017 STRAUGHN HIGH SCHOOL GYM,Lieutenant Governor,,REP,Pat Bishop,6
Covington,0017 STRAUGHN HIGH SCHOOL GYM,Lieutenant Governor,,REP,Rick Pate,15
Covington,0017 STRAUGHN HIGH SCHOOL GYM,Lieutenant Governor,,REP,Stewart Hill Tankersley,6
Covington,0017 STRAUGHN HIGH SCHOOL GYM,Lieutenant Governor,,REP,Wes Allen,139
Covington,0017 STRAUGHN HIGH SCHOOL GYM,"Member, Covington County Board of Education, Place N",,REP,Unverified Candidate 1,218
Covington,0017 STRAUGHN HIGH SCHOOL GYM,"Member, Covington County Board of Education, Place N",,REP,Unverified Candidate 2,26
Covington,0017 STRAUGHN HIGH SCHOOL GYM,"Member, Covington County Board of Education, Place N",,REP,Unverified Candidate 3,26
Covington,0017 STRAUGHN HIGH SCHOOL GYM,"Member, Covington County Board of Education, Place N",,REP,Unverified Candidate 4,14
Covington,0017 STRAUGHN HIGH SCHOOL GYM,"Public Service Commission, Place No. 1",,REP,Jeremy H. Oden,62
Covington,0017 STRAUGHN HIGH SCHOOL GYM,"Public Service Commission, Place No. 1",,REP,Matt Gentry,171
Covington,0017 STRAUGHN HIGH SCHOOL GYM,"Public Service Commission, Place No. 2",,REP,Brent Woodall,45
Covington,0017 STRAUGHN HIGH SCHOOL GYM,"Public Service Commission, Place No. 2",,REP,Chris Beeker,44
Covington,0017 STRAUGHN HIGH SCHOOL GYM,"Public Service Commission, Place No. 2",,REP,Jim Zig Zeigler,123
Covington,0017 STRAUGHN HIGH SCHOOL GYM,"Public Service Commission, Place No. 2",,REP,Priscilla Andrews,27
Covington,0017 STRAUGHN HIGH SCHOOL GYM,Secretary of State,,REP,Caroleene Dobson,171
Covington,0017 STRAUGHN HIGH SCHOOL GYM,Secretary of State,,REP,Christopher Christian Horn,49
Covington,0017 STRAUGHN HIGH SCHOOL GYM,Secretary of State,,REP,Glenda S. Jackson,23
Covington,0017 STRAUGHN HIGH SCHOOL GYM,State Auditor,,REP,Andrew Sorrell,168
Covington,0017 STRAUGHN HIGH SCHOOL GYM,State Auditor,,REP,Derek Chen,76
Covington,0017 STRAUGHN HIGH SCHOOL GYM,State Treasurer,,REP,Steve Lolley,57
Covington,0017 STRAUGHN HIGH SCHOOL GYM,State Treasurer,,REP,Young Boozer,197
Covington,0017 STRAUGHN HIGH SCHOOL GYM,U.S. House,1,REP,Austin Sidwell,48
Covington,0017 STRAUGHN HIGH SCHOOL GYM,U.S. House,1,REP,James (Jimmy) Dees,13
Covington,0017 STRAUGHN HIGH SCHOOL GYM,U.S. House,1,REP,James Richardson,11
Covington,0017 STRAUGHN HIGH SCHOOL GYM,U.S. House,1,REP,Jerry Carl,57
Covington,0017 STRAUGHN HIGH SCHOOL GYM,U.S. House,1,REP,John Mills,18
Covington,0017 STRAUGHN HIGH SCHOOL GYM,U.S. House,1,REP,Joshua McKee,23
Covington,0017 STRAUGHN HIGH SCHOOL GYM,U.S. House,1,REP,Rhett Marques,62
Covington,0017 STRAUGHN HIGH SCHOOL GYM,U.S. Senate,,REP,Barry Moore,165
Covington,0017 STRAUGHN HIGH SCHOOL GYM,U.S. Senate,,REP,Dale Shelton Deas Jr.,3
Covington,0017 STRAUGHN HIGH SCHOOL GYM,U.S. Senate,,REP,Jared Hudson,57
Covington,0017 STRAUGHN HIGH SCHOOL GYM,U.S. Senate,,REP,Morgan Murphy,4
Covington,0017 STRAUGHN HIGH SCHOOL GYM,U.S. Senate,,REP,Rodney Walker,24
Covington,0017 STRAUGHN HIGH SCHOOL GYM,U.S. Senate,,REP,Seth Burton,4
Covington,0017 STRAUGHN HIGH SCHOOL GYM,U.S. Senate,,REP,Steve Marshall,27
Covington,0018 HEATH CITY HALL,Proposed Statewide Amendment 1,,,No,16
Covington,0018 HEATH CITY HALL,Proposed Statewide Amendment 1,,,Yes,160
Covington,0018 HEATH CITY HALL,Proposed Statewide Amendment 2,,,No,75
Covington,0018 HEATH CITY HALL,Proposed Statewide Amendment 2,,,Yes,96
Covington,0018 HEATH CITY HALL,Governor,,DEM,"Chad ""Chig"" Martin",2
Covington,0018 HEATH CITY HALL,Governor,,DEM,Doug Jones,13
Covington,0018 HEATH CITY HALL,Governor,,DEM,Jamel J. Brown,0
Covington,0018 HEATH CITY HALL,Governor,,DEM,"Nathan ""Nate"" Mathis",0
Covington,0018 HEATH CITY HALL,Governor,,DEM,Will Boyd,0
Covington,0018 HEATH CITY HALL,Governor,,DEM,Yolanda Rochelle Flowers,0
Covington,0018 HEATH CITY HALL,Lieutenant Governor,,DEM,Darryl D. Perryman,5
Covington,0018 HEATH CITY HALL,Lieutenant Governor,,DEM,Phillip Ensler,9
Covington,0018 HEATH CITY HALL,"Public Service Commission, Place No. 1",,DEM,James O. Gordon,8
Covington,0018 HEATH CITY HALL,"Public Service Commission, Place No. 1",,DEM,Jeff Ramsey,3
Covington,0018 HEATH CITY HALL,"Public Service Commission, Place No. 1",,DEM,John Northrop,3
Covington,0018 HEATH CITY HALL,State Democratic Executive Committee,,DEM,Harriet Hubbard,11
Covington,0018 HEATH CITY HALL,State Democratic Executive Committee,,DEM,Jackie R. Woods,9
Covington,0018 HEATH CITY HALL,State Democratic Executive Committee,,DEM,Steve Hubbard,6
Covington,0018 HEATH CITY HALL,State Democratic Executive Committee,,DEM,Sylvia Wallace-Patton,4
Covington,0018 HEATH CITY HALL,U.S. Senate,,DEM,Dakarai Larriett,4
Covington,0018 HEATH CITY HALL,U.S. Senate,,DEM,Everett Wess,5
Covington,0018 HEATH CITY HALL,U.S. Senate,,DEM,Kyle Sweetser,3
Covington,0018 HEATH CITY HALL,U.S. Senate,,DEM,Mark S. Wheeler II,2
Covington,0018 HEATH CITY HALL,Attorney General,,REP,Jay Mitchell,40
Covington,0018 HEATH CITY HALL,Attorney General,,REP,Katherine Robertson,45
Covington,0018 HEATH CITY HALL,Attorney General,,REP,Pamela L. Casey,70
Covington,0018 HEATH CITY HALL,Commissioner of Agriculture and Industries,,REP,Christina Woerner McInnis,31
Covington,0018 HEATH CITY HALL,Commissioner of Agriculture and Industries,,REP,Cory Hill,51
Covington,0018 HEATH CITY HALL,Commissioner of Agriculture and Industries,,REP,Jack Williams,46
Covington,0018 HEATH CITY HALL,Covington County Sheriff,,REP,David Blake Turman,91
Covington,0018 HEATH CITY HALL,Covington County Sheriff,,REP,Landon Thigpen,3
Covington,0018 HEATH CITY HALL,Covington County Sheriff,,REP,Mark Odom,76
Covington,0018 HEATH CITY HALL,Governor,,REP,"""Alabama"" Will Santivasci",6
Covington,0018 HEATH CITY HALL,Governor,,REP,Ken McFeeters,7
Covington,0018 HEATH CITY HALL,Governor,,REP,Thomas Tuberville,151
Covington,0018 HEATH CITY HALL,Lieutenant Governor,,REP,George Childress,3
Covington,0018 HEATH CITY HALL,Lieutenant Governor,,REP,John Wahl,46
Covington,0018 HEATH CITY HALL,Lieutenant Governor,,REP,Nicole Jones Wadsworth,5
Covington,0018 HEATH CITY HALL,Lieutenant Governor,,REP,Pat Bishop,5
Covington,0018 HEATH CITY HALL,Lieutenant Governor,,REP,Rick Pate,14
Covington,0018 HEATH CITY HALL,Lieutenant Governor,,REP,Stewart Hill Tankersley,0
Covington,0018 HEATH CITY HALL,Lieutenant Governor,,REP,Wes Allen,76
Covington,0018 HEATH CITY HALL,"Member, Covington County Board of Education, Place N",,REP,Unverified Candidate 1,84
Covington,0018 HEATH CITY HALL,"Member, Covington County Board of Education, Place N",,REP,Unverified Candidate 2,27
Covington,0018 HEATH CITY HALL,"Member, Covington County Board of Education, Place N",,REP,Unverified Candidate 3,41
Covington,0018 HEATH CITY HALL,"Member, Covington County Board of Education, Place N",,REP,Unverified Candidate 4,7
Covington,0018 HEATH CITY HALL,"Public Service Commission, Place No. 1",,REP,Jeremy H. Oden,40
Covington,0018 HEATH CITY HALL,"Public Service Commission, Place No. 1",,REP,Matt Gentry,84
Covington,0018 HEATH CITY HALL,"Public Service Commission, Place No. 2",,REP,Brent Woodall,25
Covington,0018 HEATH CITY HALL,"Public Service Commission, Place No. 2",,REP,Chris Beeker,27
Covington,0018 HEATH CITY HALL,"Public Service Commission, Place No. 2",,REP,Jim Zig Zeigler,59
Covington,0018 HEATH CITY HALL,"Public Service Commission, Place No. 2",,REP,Priscilla Andrews,20
Covington,0018 HEATH CITY HALL,Secretary of State,,REP,Caroleene Dobson,86
Covington,0018 HEATH CITY HALL,Secretary of State,,REP,Christopher Christian Horn,30
Covington,0018 HEATH CITY HALL,Secretary of State,,REP,Glenda S. Jackson,18
Covington,0018 HEATH CITY HALL,State Auditor,,REP,Andrew Sorrell,78
Covington,0018 HEATH CITY HALL,State Auditor,,REP,Derek Chen,48
Covington,0018 HEATH CITY HALL,State Treasurer,,REP,Steve Lolley,50
Covington,0018 HEATH CITY HALL,State Treasurer,,REP,Young Boozer,97
Covington,0018 HEATH CITY HALL,U.S. House,1,REP,Austin Sidwell,11
Covington,0018 HEATH CITY HALL,U.S. House,1,REP,James (Jimmy) Dees,10
Covington,0018 HEATH CITY HALL,U.S. House,1,REP,James Richardson,5
Covington,0018 HEATH CITY HALL,U.S. House,1,REP,Jerry Carl,41
Covington,0018 HEATH CITY HALL,U.S. House,1,REP,John Mills,12
Covington,0018 HEATH CITY HALL,U.S. House,1,REP,Joshua McKee,7
Covington,0018 HEATH CITY HALL,U.S. House,1,REP,Rhett Marques,37
Covington,0018 HEATH CITY HALL,U.S. Senate,,REP,Barry Moore,90
Covington,0018 HEATH CITY HALL,U.S. Senate,,REP,Dale Shelton Deas Jr.,2
Covington,0018 HEATH CITY HALL,U.S. Senate,,REP,Jared Hudson,32
Covington,0018 HEATH CITY HALL,U.S. Senate,,REP,Morgan Murphy,0
Covington,0018 HEATH CITY HALL,U.S. Senate,,REP,Rodney Walker,7
Covington,0018 HEATH CITY HALL,U.S. Senate,,REP,Seth Burton,1
Covington,0018 HEATH CITY HALL,U.S. Senate,,REP,Steve Marshall,28
Covington,0019 ROSE HILL COMM. CTR.,Proposed Statewide Amendment 1,,,No,18
Covington,0019 ROSE HILL COMM. CTR.,Proposed Statewide Amendment 1,,,Yes,184
Covington,0019 ROSE HILL COMM. CTR.,Proposed Statewide Amendment 2,,,No,91
Covington,0019 ROSE HILL COMM. CTR.,Proposed Statewide Amendment 2,,,Yes,101
Covington,0019 ROSE HILL COMM. CTR.,Governor,,DEM,"Chad ""Chig"" Martin",0
Covington,0019 ROSE HILL COMM. CTR.,Governor,,DEM,Doug Jones,9
Covington,0019 ROSE HILL COMM. CTR.,Governor,,DEM,Jamel J. Brown,0
Covington,0019 ROSE HILL COMM. CTR.,Governor,,DEM,"Nathan ""Nate"" Mathis",0
Covington,0019 ROSE HILL COMM. CTR.,Governor,,DEM,Will Boyd,1
Covington,0019 ROSE HILL COMM. CTR.,Governor,,DEM,Yolanda Rochelle Flowers,0
Covington,0019 ROSE HILL COMM. CTR.,Lieutenant Governor,,DEM,Darryl D. Perryman,3
Covington,0019 ROSE HILL COMM. CTR.,Lieutenant Governor,,DEM,Phillip Ensler,7
Covington,0019 ROSE HILL COMM. CTR.,"Public Service Commission, Place No. 1",,DEM,James O. Gordon,9
Covington,0019 ROSE HILL COMM. CTR.,"Public Service Commission, Place No. 1",,DEM,Jeff Ramsey,1
Covington,0019 ROSE HILL COMM. CTR.,"Public Service Commission, Place No. 1",,DEM,John Northrop,0
Covington,0019 ROSE HILL COMM. CTR.,State Democratic Executive Committee,,DEM,Harriet Hubbard,2
Covington,0019 ROSE HILL COMM. CTR.,State Democratic Executive Committee,,DEM,Jackie R. Woods,7
Covington,0019 ROSE HILL COMM. CTR.,State Democratic Executive Committee,,DEM,Steve Hubbard,0
Covington,0019 ROSE HILL COMM. CTR.,State Democratic Executive Committee,,DEM,Sylvia Wallace-Patton,5
Covington,0019 ROSE HILL COMM. CTR.,U.S. Senate,,DEM,Dakarai Larriett,1
Covington,0019 ROSE HILL COMM. CTR.,U.S. Senate,,DEM,Everett Wess,9
Covington,0019 ROSE HILL COMM. CTR.,U.S. Senate,,DEM,Kyle Sweetser,0
Covington,0019 ROSE HILL COMM. CTR.,U.S. Senate,,DEM,Mark S. Wheeler II,0
Covington,0019 ROSE HILL COMM. CTR.,Attorney General,,REP,Jay Mitchell,70
Covington,0019 ROSE HILL COMM. CTR.,Attorney General,,REP,Katherine Robertson,48
Covington,0019 ROSE HILL COMM. CTR.,Attorney General,,REP,Pamela L. Casey,66
Covington,0019 ROSE HILL COMM. CTR.,Commissioner of Agriculture and Industries,,REP,Christina Woerner McInnis,58
Covington,0019 ROSE HILL COMM. CTR.,Commissioner of Agriculture and Industries,,REP,Cory Hill,62
Covington,0019 ROSE HILL COMM. CTR.,Commissioner of Agriculture and Industries,,REP,Jack Williams,44
Covington,0019 ROSE HILL COMM. CTR.,Covington County Sheriff,,REP,David Blake Turman,132
Covington,0019 ROSE HILL COMM. CTR.,Covington County Sheriff,,REP,Landon Thigpen,2
Covington,0019 ROSE HILL COMM. CTR.,Covington County Sheriff,,REP,Mark Odom,69
Covington,0019 ROSE HILL COMM. CTR.,Governor,,REP,"""Alabama"" Will Santivasci",4
Covington,0019 ROSE HILL COMM. CTR.,Governor,,REP,Ken McFeeters,11
Covington,0019 ROSE HILL COMM. CTR.,Governor,,REP,Thomas Tuberville,184
Covington,0019 ROSE HILL COMM. CTR.,Lieutenant Governor,,REP,George Childress,3
Covington,0019 ROSE HILL COMM. CTR.,Lieutenant Governor,,REP,John Wahl,41
Covington,0019 ROSE HILL COMM. CTR.,Lieutenant Governor,,REP,Nicole Jones Wadsworth,2
Covington,0019 ROSE HILL COMM. CTR.,Lieutenant Governor,,REP,Pat Bishop,3
Covington,0019 ROSE HILL COMM. CTR.,Lieutenant Governor,,REP,Rick Pate,8
Covington,0019 ROSE HILL COMM. CTR.,Lieutenant Governor,,REP,Stewart Hill Tankersley,2
Covington,0019 ROSE HILL COMM. CTR.,Lieutenant Governor,,REP,Wes Allen,131
Covington,0019 ROSE HILL COMM. CTR.,"Member, Covington County Board of Education, Place N",,REP,Unverified Candidate 1,120
Covington,0019 ROSE HILL COMM. CTR.,"Member, Covington County Board of Education, Place N",,REP,Unverified Candidate 2,32
Covington,0019 ROSE HILL COMM. CTR.,"Member, Covington County Board of Education, Place N",,REP,Unverified Candidate 3,32
Covington,0019 ROSE HILL COMM. CTR.,"Member, Covington County Board of Education, Place N",,REP,Unverified Candidate 4,7
Covington,0019 ROSE HILL COMM. CTR.,"Public Service Commission, Place No. 1",,REP,Jeremy H. Oden,51
Covington,0019 ROSE HILL COMM. CTR.,"Public Service Commission, Place No. 1",,REP,Matt Gentry,108
Covington,0019 ROSE HILL COMM. CTR.,"Public Service Commission, Place No. 2",,REP,Brent Woodall,32
Covington,0019 ROSE HILL COMM. CTR.,"Public Service Commission, Place No. 2",,REP,Chris Beeker,54
Covington,0019 ROSE HILL COMM. CTR.,"Public Service Commission, Place No. 2",,REP,Jim Zig Zeigler,71
Covington,0019 ROSE HILL COMM. CTR.,"Public Service Commission, Place No. 2",,REP,Priscilla Andrews,7
Covington,0019 ROSE HILL COMM. CTR.,Secretary of State,,REP,Caroleene Dobson,123
Covington,0019 ROSE HILL COMM. CTR.,Secretary of State,,REP,Christopher Christian Horn,29
Covington,0019 ROSE HILL COMM. CTR.,Secretary of State,,REP,Glenda S. Jackson,19
Covington,0019 ROSE HILL COMM. CTR.,State Auditor,,REP,Andrew Sorrell,117
Covington,0019 ROSE HILL COMM. CTR.,State Auditor,,REP,Derek Chen,50
Covington,0019 ROSE HILL COMM. CTR.,State Treasurer,,REP,Steve Lolley,54
Covington,0019 ROSE HILL COMM. CTR.,State Treasurer,,REP,Young Boozer,119
Covington,0019 ROSE HILL COMM. CTR.,U.S. House,1,REP,Austin Sidwell,22
Covington,0019 ROSE HILL COMM. CTR.,U.S. House,1,REP,James (Jimmy) Dees,7
Covington,0019 ROSE HILL COMM. CTR.,U.S. House,1,REP,James Richardson,7
Covington,0019 ROSE HILL COMM. CTR.,U.S. House,1,REP,Jerry Carl,52
Covington,0019 ROSE HILL COMM. CTR.,U.S. House,1,REP,John Mills,14
Covington,0019 ROSE HILL COMM. CTR.,U.S. House,1,REP,Joshua McKee,18
Covington,0019 ROSE HILL COMM. CTR.,U.S. House,1,REP,Rhett Marques,38
Covington,0019 ROSE HILL COMM. CTR.,U.S. Senate,,REP,Barry Moore,92
Covington,0019 ROSE HILL COMM. CTR.,U.S. Senate,,REP,Dale Shelton Deas Jr.,0
Covington,0019 ROSE HILL COMM. CTR.,U.S. Senate,,REP,Jared Hudson,35
Covington,0019 ROSE HILL COMM. CTR.,U.S. Senate,,REP,Morgan Murphy,1
Covington,0019 ROSE HILL COMM. CTR.,U.S. Senate,,REP,Rodney Walker,15
Covington,0019 ROSE HILL COMM. CTR.,U.S. Senate,,REP,Seth Burton,4
Covington,0019 ROSE HILL COMM. CTR.,U.S. Senate,,REP,Steve Marshall,46
Covington,0020 RIVER FALLS CITY HALL,Proposed Statewide Amendment 1,,,No,26
Covington,0020 RIVER FALLS CITY HALL,Proposed Statewide Amendment 1,,,Yes,185
Covington,0020 RIVER FALLS CITY HALL,Proposed Statewide Amendment 2,,,No,86
Covington,0020 RIVER FALLS CITY HALL,Proposed Statewide Amendment 2,,,Yes,121
Covington,0020 RIVER FALLS CITY HALL,Governor,,DEM,"Chad ""Chig"" Martin",3
Covington,0020 RIVER FALLS CITY HALL,Governor,,DEM,Doug Jones,35
Covington,0020 RIVER FALLS CITY HALL,Governor,,DEM,Jamel J. Brown,10
Covington,0020 RIVER FALLS CITY HALL,Governor,,DEM,"Nathan ""Nate"" Mathis",4
Covington,0020 RIVER FALLS CITY HALL,Governor,,DEM,Will Boyd,15
Covington,0020 RIVER FALLS CITY HALL,Governor,,DEM,Yolanda Rochelle Flowers,1
Covington,0020 RIVER FALLS CITY HALL,Lieutenant Governor,,DEM,Darryl D. Perryman,23
Covington,0020 RIVER FALLS CITY HALL,Lieutenant Governor,,DEM,Phillip Ensler,44
Covington,0020 RIVER FALLS CITY HALL,"Public Service Commission, Place No. 1",,DEM,James O. Gordon,48
Covington,0020 RIVER FALLS CITY HALL,"Public Service Commission, Place No. 1",,DEM,Jeff Ramsey,9
Covington,0020 RIVER FALLS CITY HALL,"Public Service Commission, Place No. 1",,DEM,John Northrop,11
Covington,0020 RIVER FALLS CITY HALL,State Democratic Executive Committee,,DEM,Harriet Hubbard,30
Covington,0020 RIVER FALLS CITY HALL,State Democratic Executive Committee,,DEM,Jackie R. Woods,51
Covington,0020 RIVER FALLS CITY HALL,State Democratic Executive Committee,,DEM,Steve Hubbard,16
Covington,0020 RIVER FALLS CITY HALL,State Democratic Executive Committee,,DEM,Sylvia Wallace-Patton,36
Covington,0020 RIVER FALLS CITY HALL,U.S. Senate,,DEM,Dakarai Larriett,15
Covington,0020 RIVER FALLS CITY HALL,U.S. Senate,,DEM,Everett Wess,32
Covington,0020 RIVER FALLS CITY HALL,U.S. Senate,,DEM,Kyle Sweetser,10
Covington,0020 RIVER FALLS CITY HALL,U.S. Senate,,DEM,Mark S. Wheeler II,8
Covington,0020 RIVER FALLS CITY HALL,Attorney General,,REP,Jay Mitchell,35
Covington,0020 RIVER FALLS CITY HALL,Attorney General,,REP,Katherine Robertson,43
Covington,0020 RIVER FALLS CITY HALL,Attorney General,,REP,Pamela L. Casey,63
Covington,0020 RIVER FALLS CITY HALL,Commissioner of Agriculture and Industries,,REP,Christina Woerner McInnis,39
Covington,0020 RIVER FALLS CITY HALL,Commissioner of Agriculture and Industries,,REP,Cory Hill,44
Covington,0020 RIVER FALLS CITY HALL,Commissioner of Agriculture and Industries,,REP,Jack Williams,44
Covington,0020 RIVER FALLS CITY HALL,Covington County Sheriff,,REP,David Blake Turman,82
Covington,0020 RIVER FALLS CITY HALL,Covington County Sheriff,,REP,Landon Thigpen,0
Covington,0020 RIVER FALLS CITY HALL,Covington County Sheriff,,REP,Mark Odom,66
Covington,0020 RIVER FALLS CITY HALL,Governor,,REP,"""Alabama"" Will Santivasci",5
Covington,0020 RIVER FALLS CITY HALL,Governor,,REP,Ken McFeeters,15
Covington,0020 RIVER FALLS CITY HALL,Governor,,REP,Thomas Tuberville,124
Covington,0020 RIVER FALLS CITY HALL,Lieutenant Governor,,REP,George Childress,4
Covington,0020 RIVER FALLS CITY HALL,Lieutenant Governor,,REP,John Wahl,36
Covington,0020 RIVER FALLS CITY HALL,Lieutenant Governor,,REP,Nicole Jones Wadsworth,8
Covington,0020 RIVER FALLS CITY HALL,Lieutenant Governor,,REP,Pat Bishop,6
Covington,0020 RIVER FALLS CITY HALL,Lieutenant Governor,,REP,Rick Pate,6
Covington,0020 RIVER FALLS CITY HALL,Lieutenant Governor,,REP,Stewart Hill Tankersley,4
Covington,0020 RIVER FALLS CITY HALL,Lieutenant Governor,,REP,Wes Allen,72
Covington,0020 RIVER FALLS CITY HALL,"Member, Covington County Board of Education, Place N",,REP,Unverified Candidate 1,63
Covington,0020 RIVER FALLS CITY HALL,"Member, Covington County Board of Education, Place N",,REP,Unverified Candidate 2,36
Covington,0020 RIVER FALLS CITY HALL,"Member, Covington County Board of Education, Place N",,REP,Unverified Candidate 3,35
Covington,0020 RIVER FALLS CITY HALL,"Member, Covington County Board of Education, Place N",,REP,Unverified Candidate 4,4
Covington,0020 RIVER FALLS CITY HALL,"Public Service Commission, Place No. 1",,REP,Jeremy H. Oden,35
Covington,0020 RIVER FALLS CITY HALL,"Public Service Commission, Place No. 1",,REP,Matt Gentry,84
Covington,0020 RIVER FALLS CITY HALL,"Public Service Commission, Place No. 2",,REP,Brent Woodall,23
Covington,0020 RIVER FALLS CITY HALL,"Public Service Commission, Place No. 2",,REP,Chris Beeker,30
Covington,0020 RIVER FALLS CITY HALL,"Public Service Commission, Place No. 2",,REP,Jim Zig Zeigler,56
Covington,0020 RIVER FALLS CITY HALL,"Public Service Commission, Place No. 2",,REP,Priscilla Andrews,18
Covington,0020 RIVER FALLS CITY HALL,Secretary of State,,REP,Caroleene Dobson,82
Covington,0020 RIVER FALLS CITY HALL,Secretary of State,,REP,Christopher Christian Horn,21
Covington,0020 RIVER FALLS CITY HALL,Secretary of State,,REP,Glenda S. Jackson,24
Covington,0020 RIVER FALLS CITY HALL,State Auditor,,REP,Andrew Sorrell,80
Covington,0020 RIVER FALLS CITY HALL,State Auditor,,REP,Derek Chen,49
Covington,0020 RIVER FALLS CITY HALL,State Treasurer,,REP,Steve Lolley,46
Covington,0020 RIVER FALLS CITY HALL,State Treasurer,,REP,Young Boozer,83
Covington,0020 RIVER FALLS CITY HALL,U.S. House,1,REP,Austin Sidwell,15
Covington,0020 RIVER FALLS CITY HALL,U.S. House,1,REP,James (Jimmy) Dees,13
Covington,0020 RIVER FALLS CITY HALL,U.S. House,1,REP,James Richardson,13
Covington,0020 RIVER FALLS CITY HALL,U.S. House,1,REP,Jerry Carl,38
Covington,0020 RIVER FALLS CITY HALL,U.S. House,1,REP,John Mills,8
Covington,0020 RIVER FALLS CITY HALL,U.S. House,1,REP,Joshua McKee,19
Covington,0020 RIVER FALLS CITY HALL,U.S. House,1,REP,Rhett Marques,23
Covington,0020 RIVER FALLS CITY HALL,U.S. Senate,,REP,Barry Moore,98
Covington,0020 RIVER FALLS CITY HALL,U.S. Senate,,REP,Dale Shelton Deas Jr.,0
Covington,0020 RIVER FALLS CITY HALL,U.S. Senate,,REP,Jared Hudson,22
Covington,0020 RIVER FALLS CITY HALL,U.S. Senate,,REP,Morgan Murphy,3
Covington,0020 RIVER FALLS CITY HALL,U.S. Senate,,REP,Rodney Walker,2
Covington,0020 RIVER FALLS CITY HALL,U.S. Senate,,REP,Seth Burton,3
Covington,0020 RIVER FALLS CITY HALL,U.S. Senate,,REP,Steve Marshall,18
Covington,0021 RED OAK,Proposed Statewide Amendment 1,,,No,12
Covington,0021 RED OAK,Proposed Statewide Amendment 1,,,Yes,112
Covington,0021 RED OAK,Proposed Statewide Amendment 2,,,No,55
Covington,0021 RED OAK,Proposed Statewide Amendment 2,,,Yes,67
Covington,0021 RED OAK,Governor,,DEM,"Chad ""Chig"" Martin",2
Covington,0021 RED OAK,Governor,,DEM,Doug Jones,2
Covington,0021 RED OAK,Governor,,DEM,Jamel J. Brown,0
Covington,0021 RED OAK,Governor,,DEM,"Nathan ""Nate"" Mathis",0
Covington,0021 RED OAK,Governor,,DEM,Will Boyd,0
Covington,0021 RED OAK,Governor,,DEM,Yolanda Rochelle Flowers,1
Covington,0021 RED OAK,Lieutenant Governor,,DEM,Darryl D. Perryman,2
Covington,0021 RED OAK,Lieutenant Governor,,DEM,Phillip Ensler,3
Covington,0021 RED OAK,"Public Service Commission, Place No. 1",,DEM,James O. Gordon,0
Covington,0021 RED OAK,"Public Service Commission, Place No. 1",,DEM,Jeff Ramsey,2
Covington,0021 RED OAK,"Public Service Commission, Place No. 1",,DEM,John Northrop,3
Covington,0021 RED OAK,State Democratic Executive Committee,,DEM,Harriet Hubbard,4
Covington,0021 RED OAK,State Democratic Executive Committee,,DEM,Jackie R. Woods,3
Covington,0021 RED OAK,State Democratic Executive Committee,,DEM,Steve Hubbard,2
Covington,0021 RED OAK,State Democratic Executive Committee,,DEM,Sylvia Wallace-Patton,1
Covington,0021 RED OAK,U.S. Senate,,DEM,Dakarai Larriett,1
Covington,0021 RED OAK,U.S. Senate,,DEM,Everett Wess,0
Covington,0021 RED OAK,U.S. Senate,,DEM,Kyle Sweetser,3
Covington,0021 RED OAK,U.S. Senate,,DEM,Mark S. Wheeler II,1
Covington,0021 RED OAK,Attorney General,,REP,Jay Mitchell,28
Covington,0021 RED OAK,Attorney General,,REP,Katherine Robertson,39
Covington,0021 RED OAK,Attorney General,,REP,Pamela L. Casey,54
Covington,0021 RED OAK,Commissioner of Agriculture and Industries,,REP,Christina Woerner McInnis,23
Covington,0021 RED OAK,Commissioner of Agriculture and Industries,,REP,Cory Hill,47
Covington,0021 RED OAK,Commissioner of Agriculture and Industries,,REP,Jack Williams,35
Covington,0021 RED OAK,Covington County Sheriff,,REP,David Blake Turman,74
Covington,0021 RED OAK,Covington County Sheriff,,REP,Landon Thigpen,0
Covington,0021 RED OAK,Covington County Sheriff,,REP,Mark Odom,54
Covington,0021 RED OAK,Governor,,REP,"""Alabama"" Will Santivasci",4
Covington,0021 RED OAK,Governor,,REP,Ken McFeeters,13
Covington,0021 RED OAK,Governor,,REP,Thomas Tuberville,110
Covington,0021 RED OAK,Lieutenant Governor,,REP,George Childress,3
Covington,0021 RED OAK,Lieutenant Governor,,REP,John Wahl,40
Covington,0021 RED OAK,Lieutenant Governor,,REP,Nicole Jones Wadsworth,4
Covington,0021 RED OAK,Lieutenant Governor,,REP,Pat Bishop,4
Covington,0021 RED OAK,Lieutenant Governor,,REP,Rick Pate,10
Covington,0021 RED OAK,Lieutenant Governor,,REP,Stewart Hill Tankersley,0
Covington,0021 RED OAK,Lieutenant Governor,,REP,Wes Allen,61
Covington,0021 RED OAK,"Member, Covington County Board of Education, Place N",,REP,Unverified Candidate 1,77
Covington,0021 RED OAK,"Member, Covington County Board of Education, Place N",,REP,Unverified Candidate 2,15
Covington,0021 RED OAK,"Member, Covington County Board of Education, Place N",,REP,Unverified Candidate 3,12
Covington,0021 RED OAK,"Member, Covington County Board of Education, Place N",,REP,Unverified Candidate 4,22
Covington,0021 RED OAK,"Public Service Commission, Place No. 1",,REP,Jeremy H. Oden,35
Covington,0021 RED OAK,"Public Service Commission, Place No. 1",,REP,Matt Gentry,71
Covington,0021 RED OAK,"Public Service Commission, Place No. 2",,REP,Brent Woodall,20
Covington,0021 RED OAK,"Public Service Commission, Place No. 2",,REP,Chris Beeker,24
Covington,0021 RED OAK,"Public Service Commission, Place No. 2",,REP,Jim Zig Zeigler,55
Covington,0021 RED OAK,"Public Service Commission, Place No. 2",,REP,Priscilla Andrews,12
Covington,0021 RED OAK,Secretary of State,,REP,Caroleene Dobson,70
Covington,0021 RED OAK,Secretary of State,,REP,Christopher Christian Horn,28
Covington,0021 RED OAK,Secretary of State,,REP,Glenda S. Jackson,8
Covington,0021 RED OAK,State Auditor,,REP,Andrew Sorrell,79
Covington,0021 RED OAK,State Auditor,,REP,Derek Chen,31
Covington,0021 RED OAK,State Treasurer,,REP,Steve Lolley,41
Covington,0021 RED OAK,State Treasurer,,REP,Young Boozer,68
Covington,0021 RED OAK,U.S. House,1,REP,Austin Sidwell,15
Covington,0021 RED OAK,U.S. House,1,REP,James (Jimmy) Dees,11
Covington,0021 RED OAK,U.S. House,1,REP,James Richardson,7
Covington,0021 RED OAK,U.S. House,1,REP,Jerry Carl,30
Covington,0021 RED OAK,U.S. House,1,REP,John Mills,10
Covington,0021 RED OAK,U.S. House,1,REP,Joshua McKee,14
Covington,0021 RED OAK,U.S. House,1,REP,Rhett Marques,20
Covington,0021 RED OAK,U.S. Senate,,REP,Barry Moore,60
Covington,0021 RED OAK,U.S. Senate,,REP,Dale Shelton Deas Jr.,2
Covington,0021 RED OAK,U.S. Senate,,REP,Jared Hudson,20
Covington,0021 RED OAK,U.S. Senate,,REP,Morgan Murphy,2
Covington,0021 RED OAK,U.S. Senate,,REP,Rodney Walker,17
Covington,0021 RED OAK,U.S. Senate,,REP,Seth Burton,0
Covington,0021 RED OAK,U.S. Senate,,REP,Steve Marshall,22
Covington,0022 SANFORD CITY HALL,Proposed Statewide Amendment 1,,,No,17
Covington,0022 SANFORD CITY HALL,Proposed Statewide Amendment 1,,,Yes,225
Covington,0022 SANFORD CITY HALL,Proposed Statewide Amendment 2,,,No,97
Covington,0022 SANFORD CITY HALL,Proposed Statewide Amendment 2,,,Yes,131
Covington,0022 SANFORD CITY HALL,Governor,,DEM,"Chad ""Chig"" Martin",4
Covington,0022 SANFORD CITY HALL,Governor,,DEM,Doug Jones,3
Covington,0022 SANFORD CITY HALL,Governor,,DEM,Jamel J. Brown,0
Covington,0022 SANFORD CITY HALL,Governor,,DEM,"Nathan ""Nate"" Mathis",0
Covington,0022 SANFORD CITY HALL,Governor,,DEM,Will Boyd,0
Covington,0022 SANFORD CITY HALL,Governor,,DEM,Yolanda Rochelle Flowers,0
Covington,0022 SANFORD CITY HALL,Lieutenant Governor,,DEM,Darryl D. Perryman,1
Covington,0022 SANFORD CITY HALL,Lieutenant Governor,,DEM,Phillip Ensler,4
Covington,0022 SANFORD CITY HALL,"Public Service Commission, Place No. 1",,DEM,James O. Gordon,0
Covington,0022 SANFORD CITY HALL,"Public Service Commission, Place No. 1",,DEM,Jeff Ramsey,4
Covington,0022 SANFORD CITY HALL,"Public Service Commission, Place No. 1",,DEM,John Northrop,1
Covington,0022 SANFORD CITY HALL,State Democratic Executive Committee,,DEM,Harriet Hubbard,5
Covington,0022 SANFORD CITY HALL,State Democratic Executive Committee,,DEM,Jackie R. Woods,4
Covington,0022 SANFORD CITY HALL,State Democratic Executive Committee,,DEM,Steve Hubbard,3
Covington,0022 SANFORD CITY HALL,State Democratic Executive Committee,,DEM,Sylvia Wallace-Patton,2
Covington,0022 SANFORD CITY HALL,U.S. Senate,,DEM,Dakarai Larriett,1
Covington,0022 SANFORD CITY HALL,U.S. Senate,,DEM,Everett Wess,2
Covington,0022 SANFORD CITY HALL,U.S. Senate,,DEM,Kyle Sweetser,1
Covington,0022 SANFORD CITY HALL,U.S. Senate,,DEM,Mark S. Wheeler II,3
Covington,0022 SANFORD CITY HALL,Attorney General,,REP,Jay Mitchell,57
Covington,0022 SANFORD CITY HALL,Attorney General,,REP,Katherine Robertson,70
Covington,0022 SANFORD CITY HALL,Attorney General,,REP,Pamela L. Casey,99
Covington,0022 SANFORD CITY HALL,Commissioner of Agriculture and Industries,,REP,Christina Woerner McInnis,54
Covington,0022 SANFORD CITY HALL,Commissioner of Agriculture and Industries,,REP,Cory Hill,99
Covington,0022 SANFORD CITY HALL,Commissioner of Agriculture and Industries,,REP,Jack Williams,49
Covington,0022 SANFORD CITY HALL,Covington County Sheriff,,REP,David Blake Turman,135
Covington,0022 SANFORD CITY HALL,Covington County Sheriff,,REP,Landon Thigpen,3
Covington,0022 SANFORD CITY HALL,Covington County Sheriff,,REP,Mark Odom,105
Covington,0022 SANFORD CITY HALL,Governor,,REP,"""Alabama"" Will Santivasci",1
Covington,0022 SANFORD CITY HALL,Governor,,REP,Ken McFeeters,17
Covington,0022 SANFORD CITY HALL,Governor,,REP,Thomas Tuberville,218
Covington,0022 SANFORD CITY HALL,Lieutenant Governor,,REP,George Childress,4
Covington,0022 SANFORD CITY HALL,Lieutenant Governor,,REP,John Wahl,84
Covington,0022 SANFORD CITY HALL,Lieutenant Governor,,REP,Nicole Jones Wadsworth,6
Covington,0022 SANFORD CITY HALL,Lieutenant Governor,,REP,Pat Bishop,3
Covington,0022 SANFORD CITY HALL,Lieutenant Governor,,REP,Rick Pate,12
Covington,0022 SANFORD CITY HALL,Lieutenant Governor,,REP,Stewart Hill Tankersley,4
Covington,0022 SANFORD CITY HALL,Lieutenant Governor,,REP,Wes Allen,110
Covington,0022 SANFORD CITY HALL,"Member, Covington County Board of Education, Place N",,REP,Unverified Candidate 1,142
Covington,0022 SANFORD CITY HALL,"Member, Covington County Board of Education, Place N",,REP,Unverified Candidate 2,40
Covington,0022 SANFORD CITY HALL,"Member, Covington County Board of Education, Place N",,REP,Unverified Candidate 3,42
Covington,0022 SANFORD CITY HALL,"Member, Covington County Board of Education, Place N",,REP,Unverified Candidate 4,7
Covington,0022 SANFORD CITY HALL,"Public Service Commission, Place No. 1",,REP,Jeremy H. Oden,48
Covington,0022 SANFORD CITY HALL,"Public Service Commission, Place No. 1",,REP,Matt Gentry,150
Covington,0022 SANFORD CITY HALL,"Public Service Commission, Place No. 2",,REP,Brent Woodall,41
Covington,0022 SANFORD CITY HALL,"Public Service Commission, Place No. 2",,REP,Chris Beeker,26
Covington,0022 SANFORD CITY HALL,"Public Service Commission, Place No. 2",,REP,Jim Zig Zeigler,114
Covington,0022 SANFORD CITY HALL,"Public Service Commission, Place No. 2",,REP,Priscilla Andrews,20
Covington,0022 SANFORD CITY HALL,Secretary of State,,REP,Caroleene Dobson,156
Covington,0022 SANFORD CITY HALL,Secretary of State,,REP,Christopher Christian Horn,30
Covington,0022 SANFORD CITY HALL,Secretary of State,,REP,Glenda S. Jackson,24
Covington,0022 SANFORD CITY HALL,State Auditor,,REP,Andrew Sorrell,129
Covington,0022 SANFORD CITY HALL,State Auditor,,REP,Derek Chen,81
Covington,0022 SANFORD CITY HALL,State Treasurer,,REP,Steve Lolley,75
Covington,0022 SANFORD CITY HALL,State Treasurer,,REP,Young Boozer,134
Covington,0022 SANFORD CITY HALL,U.S. House,1,REP,Austin Sidwell,26
Covington,0022 SANFORD CITY HALL,U.S. House,1,REP,James (Jimmy) Dees,10
Covington,0022 SANFORD CITY HALL,U.S. House,1,REP,James Richardson,17
Covington,0022 SANFORD CITY HALL,U.S. House,1,REP,Jerry Carl,48
Covington,0022 SANFORD CITY HALL,U.S. House,1,REP,John Mills,22
Covington,0022 SANFORD CITY HALL,U.S. House,1,REP,Joshua McKee,20
Covington,0022 SANFORD CITY HALL,U.S. House,1,REP,Rhett Marques,50
Covington,0022 SANFORD CITY HALL,U.S. Senate,,REP,Barry Moore,150
Covington,0022 SANFORD CITY HALL,U.S. Senate,,REP,Dale Shelton Deas Jr.,0
Covington,0022 SANFORD CITY HALL,U.S. Senate,,REP,Jared Hudson,32
Covington,0022 SANFORD CITY HALL,U.S. Senate,,REP,Morgan Murphy,3
Covington,0022 SANFORD CITY HALL,U.S. Senate,,REP,Rodney Walker,24
Covington,0022 SANFORD CITY HALL,U.S. Senate,,REP,Seth Burton,1
Covington,0022 SANFORD CITY HALL,U.S. Senate,,REP,Steve Marshall,21
Covington,0023 CAROLINA CITY HALL,Proposed Statewide Amendment 1,,,No,5
Covington,0023 CAROLINA CITY HALL,Proposed Statewide Amendment 1,,,Yes,215
Covington,0023 CAROLINA CITY HALL,Proposed Statewide Amendment 2,,,No,89
Covington,0023 CAROLINA CITY HALL,Proposed Statewide Amendment 2,,,Yes,115
Covington,0023 CAROLINA CITY HALL,Governor,,DEM,"Chad ""Chig"" Martin",0
Covington,0023 CAROLINA CITY HALL,Governor,,DEM,Doug Jones,7
Covington,0023 CAROLINA CITY HALL,Governor,,DEM,Jamel J. Brown,2
Covington,0023 CAROLINA CITY HALL,Governor,,DEM,"Nathan ""Nate"" Mathis",0
Covington,0023 CAROLINA CITY HALL,Governor,,DEM,Will Boyd,0
Covington,0023 CAROLINA CITY HALL,Governor,,DEM,Yolanda Rochelle Flowers,2
Covington,0023 CAROLINA CITY HALL,Lieutenant Governor,,DEM,Darryl D. Perryman,5
Covington,0023 CAROLINA CITY HALL,Lieutenant Governor,,DEM,Phillip Ensler,4
Covington,0023 CAROLINA CITY HALL,"Public Service Commission, Place No. 1",,DEM,James O. Gordon,2
Covington,0023 CAROLINA CITY HALL,"Public Service Commission, Place No. 1",,DEM,Jeff Ramsey,2
Covington,0023 CAROLINA CITY HALL,"Public Service Commission, Place No. 1",,DEM,John Northrop,6
Covington,0023 CAROLINA CITY HALL,State Democratic Executive Committee,,DEM,Harriet Hubbard,7
Covington,0023 CAROLINA CITY HALL,State Democratic Executive Committee,,DEM,Jackie R. Woods,5
Covington,0023 CAROLINA CITY HALL,State Democratic Executive Committee,,DEM,Steve Hubbard,6
Covington,0023 CAROLINA CITY HALL,State Democratic Executive Committee,,DEM,Sylvia Wallace-Patton,4
Covington,0023 CAROLINA CITY HALL,U.S. Senate,,DEM,Dakarai Larriett,3
Covington,0023 CAROLINA CITY HALL,U.S. Senate,,DEM,Everett Wess,2
Covington,0023 CAROLINA CITY HALL,U.S. Senate,,DEM,Kyle Sweetser,2
Covington,0023 CAROLINA CITY HALL,U.S. Senate,,DEM,Mark S. Wheeler II,3
Covington,0023 CAROLINA CITY HALL,Attorney General,,REP,Jay Mitchell,50
Covington,0023 CAROLINA CITY HALL,Attorney General,,REP,Katherine Robertson,42
Covington,0023 CAROLINA CITY HALL,Attorney General,,REP,Pamela L. Casey,108
Covington,0023 CAROLINA CITY HALL,Commissioner of Agriculture and Industries,,REP,Christina Woerner McInnis,45
Covington,0023 CAROLINA CITY HALL,Commissioner of Agriculture and Industries,,REP,Cory Hill,86
Covington,0023 CAROLINA CITY HALL,Commissioner of Agriculture and Industries,,REP,Jack Williams,39
Covington,0023 CAROLINA CITY HALL,Covington County Sheriff,,REP,David Blake Turman,96
Covington,0023 CAROLINA CITY HALL,Covington County Sheriff,,REP,Landon Thigpen,6
Covington,0023 CAROLINA CITY HALL,Covington County Sheriff,,REP,Mark Odom,128
Covington,0023 CAROLINA CITY HALL,Governor,,REP,"""Alabama"" Will Santivasci",9
Covington,0023 CAROLINA CITY HALL,Governor,,REP,Ken McFeeters,15
Covington,0023 CAROLINA CITY HALL,Governor,,REP,Thomas Tuberville,200
Covington,0023 CAROLINA CITY HALL,Lieutenant Governor,,REP,George Childress,3
Covington,0023 CAROLINA CITY HALL,Lieutenant Governor,,REP,John Wahl,59
Covington,0023 CAROLINA CITY HALL,Lieutenant Governor,,REP,Nicole Jones Wadsworth,6
Covington,0023 CAROLINA CITY HALL,Lieutenant Governor,,REP,Pat Bishop,4
Covington,0023 CAROLINA CITY HALL,Lieutenant Governor,,REP,Rick Pate,24
Covington,0023 CAROLINA CITY HALL,Lieutenant Governor,,REP,Stewart Hill Tankersley,8
Covington,0023 CAROLINA CITY HALL,Lieutenant Governor,,REP,Wes Allen,88
Covington,0023 CAROLINA CITY HALL,"Member, Covington County Board of Education, Place N",,REP,Unverified Candidate 1,185
Covington,0023 CAROLINA CITY HALL,"Member, Covington County Board of Education, Place N",,REP,Unverified Candidate 2,17
Covington,0023 CAROLINA CITY HALL,"Member, Covington County Board of Education, Place N",,REP,Unverified Candidate 3,15
Covington,0023 CAROLINA CITY HALL,"Member, Covington County Board of Education, Place N",,REP,Unverified Candidate 4,7
Covington,0023 CAROLINA CITY HALL,"Public Service Commission, Place No. 1",,REP,Jeremy H. Oden,37
Covington,0023 CAROLINA CITY HALL,"Public Service Commission, Place No. 1",,REP,Matt Gentry,119
Covington,0023 CAROLINA CITY HALL,"Public Service Commission, Place No. 2",,REP,Brent Woodall,40
Covington,0023 CAROLINA CITY HALL,"Public Service Commission, Place No. 2",,REP,Chris Beeker,33
Covington,0023 CAROLINA CITY HALL,"Public Service Commission, Place No. 2",,REP,Jim Zig Zeigler,82
Covington,0023 CAROLINA CITY HALL,"Public Service Commission, Place No. 2",,REP,Priscilla Andrews,19
Covington,0023 CAROLINA CITY HALL,Secretary of State,,REP,Caroleene Dobson,115
Covington,0023 CAROLINA CITY HALL,Secretary of State,,REP,Christopher Christian Horn,31
Covington,0023 CAROLINA CITY HALL,Secretary of State,,REP,Glenda S. Jackson,21
Covington,0023 CAROLINA CITY HALL,State Auditor,,REP,Andrew Sorrell,102
Covington,0023 CAROLINA CITY HALL,State Auditor,,REP,Derek Chen,69
Covington,0023 CAROLINA CITY HALL,State Treasurer,,REP,Steve Lolley,48
Covington,0023 CAROLINA CITY HALL,State Treasurer,,REP,Young Boozer,128
Covington,0023 CAROLINA CITY HALL,U.S. House,1,REP,Austin Sidwell,25
Covington,0023 CAROLINA CITY HALL,U.S. House,1,REP,James (Jimmy) Dees,15
Covington,0023 CAROLINA CITY HALL,U.S. House,1,REP,James Richardson,10
Covington,0023 CAROLINA CITY HALL,U.S. House,1,REP,Jerry Carl,62
Covington,0023 CAROLINA CITY HALL,U.S. House,1,REP,John Mills,15
Covington,0023 CAROLINA CITY HALL,U.S. House,1,REP,Joshua McKee,23
Covington,0023 CAROLINA CITY HALL,U.S. House,1,REP,Rhett Marques,16
Covington,0023 CAROLINA CITY HALL,U.S. Senate,,REP,Barry Moore,122
Covington,0023 CAROLINA CITY HALL,U.S. Senate,,REP,Dale Shelton Deas Jr.,3
Covington,0023 CAROLINA CITY HALL,U.S. Senate,,REP,Jared Hudson,44
Covington,0023 CAROLINA CITY HALL,U.S. Senate,,REP,Morgan Murphy,0
Covington,0023 CAROLINA CITY HALL,U.S. Senate,,REP,Rodney Walker,13
Covington,0023 CAROLINA CITY HALL,U.S. Senate,,REP,Seth Burton,2
Covington,0023 CAROLINA CITY HALL,U.S. Senate,,REP,Steve Marshall,21
Covington,0024 LIBERTYVILLE CITY HALL,Proposed Statewide Amendment 1,,,No,9
Covington,0024 LIBERTYVILLE CITY HALL,Proposed Statewide Amendment 1,,,Yes,107
Covington,0024 LIBERTYVILLE CITY HALL,Proposed Statewide Amendment 2,,,No,58
Covington,0024 LIBERTYVILLE CITY HALL,Proposed Statewide Amendment 2,,,Yes,55
Covington,0024 LIBERTYVILLE CITY HALL,Governor,,DEM,"Chad ""Chig"" Martin",0
Covington,0024 LIBERTYVILLE CITY HALL,Governor,,DEM,Doug Jones,0
Covington,0024 LIBERTYVILLE CITY HALL,Governor,,DEM,Jamel J. Brown,0
Covington,0024 LIBERTYVILLE CITY HALL,Governor,,DEM,"Nathan ""Nate"" Mathis",0
Covington,0024 LIBERTYVILLE CITY HALL,Governor,,DEM,Will Boyd,0
Covington,0024 LIBERTYVILLE CITY HALL,Governor,,DEM,Yolanda Rochelle Flowers,0
Covington,0024 LIBERTYVILLE CITY HALL,Lieutenant Governor,,DEM,Darryl D. Perryman,0
Covington,0024 LIBERTYVILLE CITY HALL,Lieutenant Governor,,DEM,Phillip Ensler,0
Covington,0024 LIBERTYVILLE CITY HALL,"Public Service Commission, Place No. 1",,DEM,James O. Gordon,0
Covington,0024 LIBERTYVILLE CITY HALL,"Public Service Commission, Place No. 1",,DEM,Jeff Ramsey,0
Covington,0024 LIBERTYVILLE CITY HALL,"Public Service Commission, Place No. 1",,DEM,John Northrop,0
Covington,0024 LIBERTYVILLE CITY HALL,State Democratic Executive Committee,,DEM,Harriet Hubbard,0
Covington,0024 LIBERTYVILLE CITY HALL,State Democratic Executive Committee,,DEM,Jackie R. Woods,0
Covington,0024 LIBERTYVILLE CITY HALL,State Democratic Executive Committee,,DEM,Steve Hubbard,0
Covington,0024 LIBERTYVILLE CITY HALL,State Democratic Executive Committee,,DEM,Sylvia Wallace-Patton,0
Covington,0024 LIBERTYVILLE CITY HALL,U.S. Senate,,DEM,Dakarai Larriett,0
Covington,0024 LIBERTYVILLE CITY HALL,U.S. Senate,,DEM,Everett Wess,0
Covington,0024 LIBERTYVILLE CITY HALL,U.S. Senate,,DEM,Kyle Sweetser,0
Covington,0024 LIBERTYVILLE CITY HALL,U.S. Senate,,DEM,Mark S. Wheeler II,0
Covington,0024 LIBERTYVILLE CITY HALL,Attorney General,,REP,Jay Mitchell,29
Covington,0024 LIBERTYVILLE CITY HALL,Attorney General,,REP,Katherine Robertson,32
Covington,0024 LIBERTYVILLE CITY HALL,Attorney General,,REP,Pamela L. Casey,45
Covington,0024 LIBERTYVILLE CITY HALL,Commissioner of Agriculture and Industries,,REP,Christina Woerner McInnis,35
Covington,0024 LIBERTYVILLE CITY HALL,Commissioner of Agriculture and Industries,,REP,Cory Hill,35
Covington,0024 LIBERTYVILLE CITY HALL,Commissioner of Agriculture and Industries,,REP,Jack Williams,28
Covington,0024 LIBERTYVILLE CITY HALL,Covington County Sheriff,,REP,David Blake Turman,69
Covington,0024 LIBERTYVILLE CITY HALL,Covington County Sheriff,,REP,Landon Thigpen,3
Covington,0024 LIBERTYVILLE CITY HALL,Covington County Sheriff,,REP,Mark Odom,53
Covington,0024 LIBERTYVILLE CITY HALL,Governor,,REP,"""Alabama"" Will Santivasci",4
Covington,0024 LIBERTYVILLE CITY HALL,Governor,,REP,Ken McFeeters,5
Covington,0024 LIBERTYVILLE CITY HALL,Governor,,REP,Thomas Tuberville,113
Covington,0024 LIBERTYVILLE CITY HALL,Lieutenant Governor,,REP,George Childress,2
Covington,0024 LIBERTYVILLE CITY HALL,Lieutenant Governor,,REP,John Wahl,36
Covington,0024 LIBERTYVILLE CITY HALL,Lieutenant Governor,,REP,Nicole Jones Wadsworth,5
Covington,0024 LIBERTYVILLE CITY HALL,Lieutenant Governor,,REP,Pat Bishop,0
Covington,0024 LIBERTYVILLE CITY HALL,Lieutenant Governor,,REP,Rick Pate,8
Covington,0024 LIBERTYVILLE CITY HALL,Lieutenant Governor,,REP,Stewart Hill Tankersley,3
Covington,0024 LIBERTYVILLE CITY HALL,Lieutenant Governor,,REP,Wes Allen,56
Covington,0024 LIBERTYVILLE CITY HALL,"Member, Covington County Board of Education, Place N",,REP,Unverified Candidate 1,71
Covington,0024 LIBERTYVILLE CITY HALL,"Member, Covington County Board of Education, Place N",,REP,Unverified Candidate 2,22
Covington,0024 LIBERTYVILLE CITY HALL,"Member, Covington County Board of Education, Place N",,REP,Unverified Candidate 3,27
Covington,0024 LIBERTYVILLE CITY HALL,"Member, Covington County Board of Education, Place N",,REP,Unverified Candidate 4,3
Covington,0024 LIBERTYVILLE CITY HALL,"Public Service Commission, Place No. 1",,REP,Jeremy H. Oden,19
Covington,0024 LIBERTYVILLE CITY HALL,"Public Service Commission, Place No. 1",,REP,Matt Gentry,71
Covington,0024 LIBERTYVILLE CITY HALL,"Public Service Commission, Place No. 2",,REP,Brent Woodall,19
Covington,0024 LIBERTYVILLE CITY HALL,"Public Service Commission, Place No. 2",,REP,Chris Beeker,22
Covington,0024 LIBERTYVILLE CITY HALL,"Public Service Commission, Place No. 2",,REP,Jim Zig Zeigler,50
Covington,0024 LIBERTYVILLE CITY HALL,"Public Service Commission, Place No. 2",,REP,Priscilla Andrews,8
Covington,0024 LIBERTYVILLE CITY HALL,Secretary of State,,REP,Caroleene Dobson,52
Covington,0024 LIBERTYVILLE CITY HALL,Secretary of State,,REP,Christopher Christian Horn,28
Covington,0024 LIBERTYVILLE CITY HALL,Secretary of State,,REP,Glenda S. Jackson,16
Covington,0024 LIBERTYVILLE CITY HALL,State Auditor,,REP,Andrew Sorrell,68
Covington,0024 LIBERTYVILLE CITY HALL,State Auditor,,REP,Derek Chen,28
Covington,0024 LIBERTYVILLE CITY HALL,State Treasurer,,REP,Steve Lolley,36
Covington,0024 LIBERTYVILLE CITY HALL,State Treasurer,,REP,Young Boozer,60
Covington,0024 LIBERTYVILLE CITY HALL,U.S. House,1,REP,Austin Sidwell,19
Covington,0024 LIBERTYVILLE CITY HALL,U.S. House,1,REP,James (Jimmy) Dees,8
Covington,0024 LIBERTYVILLE CITY HALL,U.S. House,1,REP,James Richardson,4
Covington,0024 LIBERTYVILLE CITY HALL,U.S. House,1,REP,Jerry Carl,26
Covington,0024 LIBERTYVILLE CITY HALL,U.S. House,1,REP,John Mills,8
Covington,0024 LIBERTYVILLE CITY HALL,U.S. House,1,REP,Joshua McKee,15
Covington,0024 LIBERTYVILLE CITY HALL,U.S. House,1,REP,Rhett Marques,19
Covington,0024 LIBERTYVILLE CITY HALL,U.S. Senate,,REP,Barry Moore,71
Covington,0024 LIBERTYVILLE CITY HALL,U.S. Senate,,REP,Dale Shelton Deas Jr.,2
Covington,0024 LIBERTYVILLE CITY HALL,U.S. Senate,,REP,Jared Hudson,12
Covington,0024 LIBERTYVILLE CITY HALL,U.S. Senate,,REP,Morgan Murphy,1
Covington,0024 LIBERTYVILLE CITY HALL,U.S. Senate,,REP,Rodney Walker,15
Covington,0024 LIBERTYVILLE CITY HALL,U.S. Senate,,REP,Seth Burton,1
Covington,0024 LIBERTYVILLE CITY HALL,U.S. Senate,,REP,Steve Marshall,13
Covington,0025 BEULAH VTG HOUSE,Proposed Statewide Amendment 1,,,No,8
Covington,0025 BEULAH VTG HOUSE,Proposed Statewide Amendment 1,,,Yes,139
Covington,0025 BEULAH VTG HOUSE,Proposed Statewide Amendment 2,,,No,62
Covington,0025 BEULAH VTG HOUSE,Proposed Statewide Amendment 2,,,Yes,74
Covington,0025 BEULAH VTG HOUSE,Governor,,DEM,"Chad ""Chig"" Martin",0
Covington,0025 BEULAH VTG HOUSE,Governor,,DEM,Doug Jones,3
Covington,0025 BEULAH VTG HOUSE,Governor,,DEM,Jamel J. Brown,0
Covington,0025 BEULAH VTG HOUSE,Governor,,DEM,"Nathan ""Nate"" Mathis",0
Covington,0025 BEULAH VTG HOUSE,Governor,,DEM,Will Boyd,0
Covington,0025 BEULAH VTG HOUSE,Governor,,DEM,Yolanda Rochelle Flowers,1
Covington,0025 BEULAH VTG HOUSE,Lieutenant Governor,,DEM,Darryl D. Perryman,0
Covington,0025 BEULAH VTG HOUSE,Lieutenant Governor,,DEM,Phillip Ensler,3
Covington,0025 BEULAH VTG HOUSE,"Public Service Commission, Place No. 1",,DEM,James O. Gordon,2
Covington,0025 BEULAH VTG HOUSE,"Public Service Commission, Place No. 1",,DEM,Jeff Ramsey,1
Covington,0025 BEULAH VTG HOUSE,"Public Service Commission, Place No. 1",,DEM,John Northrop,1
Covington,0025 BEULAH VTG HOUSE,State Democratic Executive Committee,,DEM,Harriet Hubbard,4
Covington,0025 BEULAH VTG HOUSE,State Democratic Executive Committee,,DEM,Jackie R. Woods,1
Covington,0025 BEULAH VTG HOUSE,State Democratic Executive Committee,,DEM,Steve Hubbard,3
Covington,0025 BEULAH VTG HOUSE,State Democratic Executive Committee,,DEM,Sylvia Wallace-Patton,0
Covington,0025 BEULAH VTG HOUSE,U.S. Senate,,DEM,Dakarai Larriett,2
Covington,0025 BEULAH VTG HOUSE,U.S. Senate,,DEM,Everett Wess,0
Covington,0025 BEULAH VTG HOUSE,U.S. Senate,,DEM,Kyle Sweetser,0
Covington,0025 BEULAH VTG HOUSE,U.S. Senate,,DEM,Mark S. Wheeler II,2
Covington,0025 BEULAH VTG HOUSE,Attorney General,,REP,Jay Mitchell,26
Covington,0025 BEULAH VTG HOUSE,Attorney General,,REP,Katherine Robertson,59
Covington,0025 BEULAH VTG HOUSE,Attorney General,,REP,Pamela L. Casey,51
Covington,0025 BEULAH VTG HOUSE,Commissioner of Agriculture and Industries,,REP,Christina Woerner McInnis,46
Covington,0025 BEULAH VTG HOUSE,Commissioner of Agriculture and Industries,,REP,Cory Hill,47
Covington,0025 BEULAH VTG HOUSE,Commissioner of Agriculture and Industries,,REP,Jack Williams,32
Covington,0025 BEULAH VTG HOUSE,Covington County Sheriff,,REP,David Blake Turman,101
Covington,0025 BEULAH VTG HOUSE,Covington County Sheriff,,REP,Landon Thigpen,4
Covington,0025 BEULAH VTG HOUSE,Covington County Sheriff,,REP,Mark Odom,38
Covington,0025 BEULAH VTG HOUSE,Governor,,REP,"""Alabama"" Will Santivasci",4
Covington,0025 BEULAH VTG HOUSE,Governor,,REP,Ken McFeeters,5
Covington,0025 BEULAH VTG HOUSE,Governor,,REP,Thomas Tuberville,134
Covington,0025 BEULAH VTG HOUSE,Lieutenant Governor,,REP,George Childress,3
Covington,0025 BEULAH VTG HOUSE,Lieutenant Governor,,REP,John Wahl,43
Covington,0025 BEULAH VTG HOUSE,Lieutenant Governor,,REP,Nicole Jones Wadsworth,7
Covington,0025 BEULAH VTG HOUSE,Lieutenant Governor,,REP,Pat Bishop,3
Covington,0025 BEULAH VTG HOUSE,Lieutenant Governor,,REP,Rick Pate,7
Covington,0025 BEULAH VTG HOUSE,Lieutenant Governor,,REP,Stewart Hill Tankersley,1
Covington,0025 BEULAH VTG HOUSE,Lieutenant Governor,,REP,Wes Allen,69
Covington,0025 BEULAH VTG HOUSE,"Member, Covington County Board of Education, Place N",,REP,Unverified Candidate 1,46
Covington,0025 BEULAH VTG HOUSE,"Member, Covington County Board of Education, Place N",,REP,Unverified Candidate 2,25
Covington,0025 BEULAH VTG HOUSE,"Member, Covington County Board of Education, Place N",,REP,Unverified Candidate 3,33
Covington,0025 BEULAH VTG HOUSE,"Member, Covington County Board of Education, Place N",,REP,Unverified Candidate 4,21
Covington,0025 BEULAH VTG HOUSE,"Public Service Commission, Place No. 1",,REP,Jeremy H. Oden,29
Covington,0025 BEULAH VTG HOUSE,"Public Service Commission, Place No. 1",,REP,Matt Gentry,94
Covington,0025 BEULAH VTG HOUSE,"Public Service Commission, Place No. 2",,REP,Brent Woodall,18
Covington,0025 BEULAH VTG HOUSE,"Public Service Commission, Place No. 2",,REP,Chris Beeker,26
Covington,0025 BEULAH VTG HOUSE,"Public Service Commission, Place No. 2",,REP,Jim Zig Zeigler,66
Covington,0025 BEULAH VTG HOUSE,"Public Service Commission, Place No. 2",,REP,Priscilla Andrews,16
Covington,0025 BEULAH VTG HOUSE,Secretary of State,,REP,Caroleene Dobson,80
Covington,0025 BEULAH VTG HOUSE,Secretary of State,,REP,Christopher Christian Horn,29
Covington,0025 BEULAH VTG HOUSE,Secretary of State,,REP,Glenda S. Jackson,14
Covington,0025 BEULAH VTG HOUSE,State Auditor,,REP,Andrew Sorrell,101
Covington,0025 BEULAH VTG HOUSE,State Auditor,,REP,Derek Chen,27
Covington,0025 BEULAH VTG HOUSE,State Treasurer,,REP,Steve Lolley,43
Covington,0025 BEULAH VTG HOUSE,State Treasurer,,REP,Young Boozer,89
Covington,0025 BEULAH VTG HOUSE,U.S. House,1,REP,Austin Sidwell,11
Covington,0025 BEULAH VTG HOUSE,U.S. House,1,REP,James (Jimmy) Dees,9
Covington,0025 BEULAH VTG HOUSE,U.S. House,1,REP,James Richardson,10
Covington,0025 BEULAH VTG HOUSE,U.S. House,1,REP,Jerry Carl,29
Covington,0025 BEULAH VTG HOUSE,U.S. House,1,REP,John Mills,8
Covington,0025 BEULAH VTG HOUSE,U.S. House,1,REP,Joshua McKee,10
Covington,0025 BEULAH VTG HOUSE,U.S. House,1,REP,Rhett Marques,42
Covington,0025 BEULAH VTG HOUSE,U.S. Senate,,REP,Barry Moore,83
Covington,0025 BEULAH VTG HOUSE,U.S. Senate,,REP,Dale Shelton Deas Jr.,0
Covington,0025 BEULAH VTG HOUSE,U.S. Senate,,REP,Jared Hudson,22
Covington,0025 BEULAH VTG HOUSE,U.S. Senate,,REP,Morgan Murphy,0
Covington,0025 BEULAH VTG HOUSE,U.S. Senate,,REP,Rodney Walker,9
Covington,0025 BEULAH VTG HOUSE,U.S. Senate,,REP,Seth Burton,4
Covington,0025 BEULAH VTG HOUSE,U.S. Senate,,REP,Steve Marshall,21
Covington,0026 ABSENTEE,Proposed Statewide Amendment 1,,,No,6
Covington,0026 ABSENTEE,Proposed Statewide Amendment 1,,,Yes,117
Covington,0026 ABSENTEE,Proposed Statewide Amendment 2,,,No,45
Covington,0026 ABSENTEE,Proposed Statewide Amendment 2,,,Yes,73
Covington,0026 ABSENTEE,Governor,,DEM,"Chad ""Chig"" Martin",3
Covington,0026 ABSENTEE,Governor,,DEM,Doug Jones,9
Covington,0026 ABSENTEE,Governor,,DEM,Jamel J. Brown,1
Covington,0026 ABSENTEE,Governor,,DEM,"Nathan ""Nate"" Mathis",2
Covington,0026 ABSENTEE,Governor,,DEM,Will Boyd,1
Covington,0026 ABSENTEE,Governor,,DEM,Yolanda Rochelle Flowers,0
Covington,0026 ABSENTEE,Lieutenant Governor,,DEM,Darryl D. Perryman,7
Covington,0026 ABSENTEE,Lieutenant Governor,,DEM,Phillip Ensler,8
Covington,0026 ABSENTEE,"Public Service Commission, Place No. 1",,DEM,James O. Gordon,9
Covington,0026 ABSENTEE,"Public Service Commission, Place No. 1",,DEM,Jeff Ramsey,4
Covington,0026 ABSENTEE,"Public Service Commission, Place No. 1",,DEM,John Northrop,2
Covington,0026 ABSENTEE,State Democratic Executive Committee,,DEM,Harriet Hubbard,9
Covington,0026 ABSENTEE,State Democratic Executive Committee,,DEM,Jackie R. Woods,8
Covington,0026 ABSENTEE,State Democratic Executive Committee,,DEM,Steve Hubbard,8
Covington,0026 ABSENTEE,State Democratic Executive Committee,,DEM,Sylvia Wallace-Patton,7
Covington,0026 ABSENTEE,U.S. Senate,,DEM,Dakarai Larriett,1
Covington,0026 ABSENTEE,U.S. Senate,,DEM,Everett Wess,6
Covington,0026 ABSENTEE,U.S. Senate,,DEM,Kyle Sweetser,5
Covington,0026 ABSENTEE,U.S. Senate,,DEM,Mark S. Wheeler II,4
Covington,0026 ABSENTEE,Attorney General,,REP,Jay Mitchell,27
Covington,0026 ABSENTEE,Attorney General,,REP,Katherine Robertson,39
Covington,0026 ABSENTEE,Attorney General,,REP,Pamela L. Casey,36
Covington,0026 ABSENTEE,Commissioner of Agriculture and Industries,,REP,Christina Woerner McInnis,28
Covington,0026 ABSENTEE,Commissioner of Agriculture and Industries,,REP,Cory Hill,39
Covington,0026 ABSENTEE,Commissioner of Agriculture and Industries,,REP,Jack Williams,27
Covington,0026 ABSENTEE,Covington County Sheriff,,REP,David Blake Turman,65
Covington,0026 ABSENTEE,Covington County Sheriff,,REP,Landon Thigpen,3
Covington,0026 ABSENTEE,Covington County Sheriff,,REP,Mark Odom,47
Covington,0026 ABSENTEE,Governor,,REP,"""Alabama"" Will Santivasci",4
Covington,0026 ABSENTEE,Governor,,REP,Ken McFeeters,18
Covington,0026 ABSENTEE,Governor,,REP,Thomas Tuberville,87
Covington,0026 ABSENTEE,Lieutenant Governor,,REP,George Childress,4
Covington,0026 ABSENTEE,Lieutenant Governor,,REP,John Wahl,13
Covington,0026 ABSENTEE,Lieutenant Governor,,REP,Nicole Jones Wadsworth,7
Covington,0026 ABSENTEE,Lieutenant Governor,,REP,Pat Bishop,3
Covington,0026 ABSENTEE,Lieutenant Governor,,REP,Rick Pate,14
Covington,0026 ABSENTEE,Lieutenant Governor,,REP,Stewart Hill Tankersley,2
Covington,0026 ABSENTEE,Lieutenant Governor,,REP,Wes Allen,58
Covington,0026 ABSENTEE,"Member, Covington County Board of Education, Place N",,REP,Unverified Candidate 1,37
Covington,0026 ABSENTEE,"Member, Covington County Board of Education, Place N",,REP,Unverified Candidate 2,12
Covington,0026 ABSENTEE,"Member, Covington County Board of Education, Place N",,REP,Unverified Candidate 3,13
Covington,0026 ABSENTEE,"Member, Covington County Board of Education, Place N",,REP,Unverified Candidate 4,6
Covington,0026 ABSENTEE,"Public Service Commission, Place No. 1",,REP,Jeremy H. Oden,26
Covington,0026 ABSENTEE,"Public Service Commission, Place No. 1",,REP,Matt Gentry,64
Covington,0026 ABSENTEE,"Public Service Commission, Place No. 2",,REP,Brent Woodall,26
Covington,0026 ABSENTEE,"Public Service Commission, Place No. 2",,REP,Chris Beeker,26
Covington,0026 ABSENTEE,"Public Service Commission, Place No. 2",,REP,Jim Zig Zeigler,33
Covington,0026 ABSENTEE,"Public Service Commission, Place No. 2",,REP,Priscilla Andrews,7
Covington,0026 ABSENTEE,Secretary of State,,REP,Caroleene Dobson,61
Covington,0026 ABSENTEE,Secretary of State,,REP,Christopher Christian Horn,23
Covington,0026 ABSENTEE,Secretary of State,,REP,Glenda S. Jackson,16
Covington,0026 ABSENTEE,State Auditor,,REP,Andrew Sorrell,64
Covington,0026 ABSENTEE,State Auditor,,REP,Derek Chen,36
Covington,0026 ABSENTEE,State Treasurer,,REP,Steve Lolley,35
Covington,0026 ABSENTEE,State Treasurer,,REP,Young Boozer,63
Covington,0026 ABSENTEE,U.S. House,1,REP,Austin Sidwell,18
Covington,0026 ABSENTEE,U.S. House,1,REP,James (Jimmy) Dees,7
Covington,0026 ABSENTEE,U.S. House,1,REP,James Richardson,5
Covington,0026 ABSENTEE,U.S. House,1,REP,Jerry Carl,20
Covington,0026 ABSENTEE,U.S. House,1,REP,John Mills,6
Covington,0026 ABSENTEE,U.S. House,1,REP,Joshua McKee,6
Covington,0026 ABSENTEE,U.S. House,1,REP,Rhett Marques,35
Covington,0026 ABSENTEE,U.S. Senate,,REP,Barry Moore,63
Covington,0026 ABSENTEE,U.S. Senate,,REP,Dale Shelton Deas Jr.,0
Covington,0026 ABSENTEE,U.S. Senate,,REP,Jared Hudson,20
Covington,0026 ABSENTEE,U.S. Senate,,REP,Morgan Murphy,2
Covington,0026 ABSENTEE,U.S. Senate,,REP,Rodney Walker,6
Covington,0026 ABSENTEE,U.S. Senate,,REP,Seth Burton,1
Covington,0026 ABSENTEE,U.S. Senate,,REP,Steve Marshall,16
Covington,0027 PROVISIONAL,Proposed Statewide Amendment 1,,,No,0
Covington,0027 PROVISIONAL,Proposed Statewide Amendment 1,,,Yes,3
Covington,0027 PROVISIONAL,Proposed Statewide Amendment 2,,,No,2
Covington,0027 PROVISIONAL,Proposed Statewide Amendment 2,,,Yes,1
Covington,0027 PROVISIONAL,Governor,,DEM,"Chad ""Chig"" Martin",0
Covington,0027 PROVISIONAL,Governor,,DEM,Doug Jones,0
Covington,0027 PROVISIONAL,Governor,,DEM,Jamel J. Brown,0
Covington,0027 PROVISIONAL,Governor,,DEM,"Nathan ""Nate"" Mathis",0
Covington,0027 PROVISIONAL,Governor,,DEM,Will Boyd,1
Covington,0027 PROVISIONAL,Governor,,DEM,Yolanda Rochelle Flowers,0
Covington,0027 PROVISIONAL,Lieutenant Governor,,DEM,Darryl D. Perryman,0
Covington,0027 PROVISIONAL,Lieutenant Governor,,DEM,Phillip Ensler,1
Covington,0027 PROVISIONAL,"Public Service Commission, Place No. 1",,DEM,James O. Gordon,0
Covington,0027 PROVISIONAL,"Public Service Commission, Place No. 1",,DEM,Jeff Ramsey,1
Covington,0027 PROVISIONAL,"Public Service Commission, Place No. 1",,DEM,John Northrop,0
Covington,0027 PROVISIONAL,State Democratic Executive Committee,,DEM,Harriet Hubbard,1
Covington,0027 PROVISIONAL,State Democratic Executive Committee,,DEM,Jackie R. Woods,1
Covington,0027 PROVISIONAL,State Democratic Executive Committee,,DEM,Steve Hubbard,0
Covington,0027 PROVISIONAL,State Democratic Executive Committee,,DEM,Sylvia Wallace-Patton,0
Covington,0027 PROVISIONAL,U.S. Senate,,DEM,Dakarai Larriett,0
Covington,0027 PROVISIONAL,U.S. Senate,,DEM,Everett Wess,0
Covington,0027 PROVISIONAL,U.S. Senate,,DEM,Kyle Sweetser,0
Covington,0027 PROVISIONAL,U.S. Senate,,DEM,Mark S. Wheeler II,1
Covington,0027 PROVISIONAL,Attorney General,,REP,Jay Mitchell,0
Covington,0027 PROVISIONAL,Attorney General,,REP,Katherine Robertson,1
Covington,0027 PROVISIONAL,Attorney General,,REP,Pamela L. Casey,1
Covington,0027 PROVISIONAL,Commissioner of Agriculture and Industries,,REP,Christina Woerner McInnis,0
Covington,0027 PROVISIONAL,Commissioner of Agriculture and Industries,,REP,Cory Hill,1
Covington,0027 PROVISIONAL,Commissioner of Agriculture and Industries,,REP,Jack Williams,1
Covington,0027 PROVISIONAL,Covington County Sheriff,,REP,David Blake Turman,1
Covington,0027 PROVISIONAL,Covington County Sheriff,,REP,Landon Thigpen,0
Covington,0027 PROVISIONAL,Covington County Sheriff,,REP,Mark Odom,2
Covington,0027 PROVISIONAL,Governor,,REP,"""Alabama"" Will Santivasci",0
Covington,0027 PROVISIONAL,Governor,,REP,Ken McFeeters,0
Covington,0027 PROVISIONAL,Governor,,REP,Thomas Tuberville,3
Covington,0027 PROVISIONAL,Lieutenant Governor,,REP,George Childress,0
Covington,0027 PROVISIONAL,Lieutenant Governor,,REP,John Wahl,3
Covington,0027 PROVISIONAL,Lieutenant Governor,,REP,Nicole Jones Wadsworth,0
Covington,0027 PROVISIONAL,Lieutenant Governor,,REP,Pat Bishop,0
Covington,0027 PROVISIONAL,Lieutenant Governor,,REP,Rick Pate,0
Covington,0027 PROVISIONAL,Lieutenant Governor,,REP,Stewart Hill Tankersley,0
Covington,0027 PROVISIONAL,Lieutenant Governor,,REP,Wes Allen,0
Covington,0027 PROVISIONAL,"Member, Covington County Board of Education, Place N",,REP,Unverified Candidate 1,2
Covington,0027 PROVISIONAL,"Member, Covington County Board of Education, Place N",,REP,Unverified Candidate 2,0
Covington,0027 PROVISIONAL,"Member, Covington County Board of Education, Place N",,REP,Unverified Candidate 3,0
Covington,0027 PROVISIONAL,"Member, Covington County Board of Education, Place N",,REP,Unverified Candidate 4,0
Covington,0027 PROVISIONAL,"Public Service Commission, Place No. 1",,REP,Jeremy H. Oden,1
Covington,0027 PROVISIONAL,"Public Service Commission, Place No. 1",,REP,Matt Gentry,1
Covington,0027 PROVISIONAL,"Public Service Commission, Place No. 2",,REP,Brent Woodall,0
Covington,0027 PROVISIONAL,"Public Service Commission, Place No. 2",,REP,Chris Beeker,1
Covington,0027 PROVISIONAL,"Public Service Commission, Place No. 2",,REP,Jim Zig Zeigler,0
Covington,0027 PROVISIONAL,"Public Service Commission, Place No. 2",,REP,Priscilla Andrews,1
Covington,0027 PROVISIONAL,Secretary of State,,REP,Caroleene Dobson,1
Covington,0027 PROVISIONAL,Secretary of State,,REP,Christopher Christian Horn,0
Covington,0027 PROVISIONAL,Secretary of State,,REP,Glenda S. Jackson,1
Covington,0027 PROVISIONAL,State Auditor,,REP,Andrew Sorrell,2
Covington,0027 PROVISIONAL,State Auditor,,REP,Derek Chen,0
Covington,0027 PROVISIONAL,State Treasurer,,REP,Steve Lolley,2
Covington,0027 PROVISIONAL,State Treasurer,,REP,Young Boozer,0
Covington,0027 PROVISIONAL,U.S. House,1,REP,Austin Sidwell,0
Covington,0027 PROVISIONAL,U.S. House,1,REP,James (Jimmy) Dees,0
Covington,0027 PROVISIONAL,U.S. House,1,REP,James Richardson,0
Covington,0027 PROVISIONAL,U.S. House,1,REP,Jerry Carl,0
Covington,0027 PROVISIONAL,U.S. House,1,REP,John Mills,2
Covington,0027 PROVISIONAL,U.S. House,1,REP,Joshua McKee,0
Covington,0027 PROVISIONAL,U.S. House,1,REP,Rhett Marques,0
Covington,0027 PROVISIONAL,U.S. Senate,,REP,Barry Moore,3
Covington,0027 PROVISIONAL,U.S. Senate,,REP,Dale Shelton Deas Jr.,0
Covington,0027 PROVISIONAL,U.S. Senate,,REP,Jared Hudson,0
Covington,0027 PROVISIONAL,U.S. Senate,,REP,Morgan Murphy,0
Covington,0027 PROVISIONAL,U.S. Senate,,REP,Rodney Walker,0
Covington,0027 PROVISIONAL,U.S. Senate,,REP,Seth Burton,0
Covington,0027 PROVISIONAL,U.S. Senate,,REP,Steve Marshall,0
