county,precinct,office,district,party,candidate,votes
Talladega,0001 EASTABOGO BAPT CH,Attorney General,,REP,Jay Mitchell,42
Talladega,0001 EASTABOGO BAPT CH,Attorney General,,REP,Katherine Robertson,58
Talladega,0001 EASTABOGO BAPT CH,Attorney General,,REP,Pamela L. Casey,29
Talladega,0001 EASTABOGO BAPT CH,Commissioner of Agriculture and Industries,,REP,Christina Woerner McInnis,38
Talladega,0001 EASTABOGO BAPT CH,Commissioner of Agriculture and Industries,,REP,Cory Hill,42
Talladega,0001 EASTABOGO BAPT CH,Commissioner of Agriculture and Industries,,REP,Jack Williams,42
Talladega,0001 EASTABOGO BAPT CH,"District Court Judge, Talladega County Place No 1",,REP,Huel M. Love III,40
Talladega,0001 EASTABOGO BAPT CH,"District Court Judge, Talladega County Place No 1",,REP,J. Scott Brewer,84
Talladega,0001 EASTABOGO BAPT CH,"District Court Judge, Talladega County, Place No 2",,REP,Angie Walker Slaten,29
Talladega,0001 EASTABOGO BAPT CH,"District Court Judge, Talladega County, Place No 2",,REP,Dale Price,59
Talladega,0001 EASTABOGO BAPT CH,"District Court Judge, Talladega County, Place No 2",,REP,Nicholas J. Beckham,27
Talladega,0001 EASTABOGO BAPT CH,Governor,,DEM,"Chad ""Chig"" Martin",3
Talladega,0001 EASTABOGO BAPT CH,Governor,,DEM,Doug Jones,76
Talladega,0001 EASTABOGO BAPT CH,Governor,,DEM,Jamel J. Brown,4
Talladega,0001 EASTABOGO BAPT CH,Governor,,DEM,"Nathan ""Nate"" Mathis",1
Talladega,0001 EASTABOGO BAPT CH,Governor,,DEM,Will Boyd,10
Talladega,0001 EASTABOGO BAPT CH,Governor,,DEM,Yolanda Rochelle Flowers,3
Talladega,0001 EASTABOGO BAPT CH,Governor,,REP,"""Alabama"" Will Santivasci",2
Talladega,0001 EASTABOGO BAPT CH,Governor,,REP,Ken McFeeters,7
Talladega,0001 EASTABOGO BAPT CH,Governor,,REP,Thomas Tuberville,124
Talladega,0001 EASTABOGO BAPT CH,Lieutenant Governor,,DEM,Darryl D. Perryman,30
Talladega,0001 EASTABOGO BAPT CH,Lieutenant Governor,,DEM,Phillip Ensler,60
Talladega,0001 EASTABOGO BAPT CH,Lieutenant Governor,,REP,George Childress,2
Talladega,0001 EASTABOGO BAPT CH,Lieutenant Governor,,REP,John Wahl,59
Talladega,0001 EASTABOGO BAPT CH,Lieutenant Governor,,REP,Nicole Jones Wadsworth,5
Talladega,0001 EASTABOGO BAPT CH,Lieutenant Governor,,REP,Pat Bishop,1
Talladega,0001 EASTABOGO BAPT CH,Lieutenant Governor,,REP,Rick Pate,11
Talladega,0001 EASTABOGO BAPT CH,Lieutenant Governor,,REP,Stewart Hill Tankersley,0
Talladega,0001 EASTABOGO BAPT CH,Lieutenant Governor,,REP,Wes Allen,53
Talladega,0001 EASTABOGO BAPT CH,"Public Service Commission, Place No. 2",,REP,Brent Woodall,10
Talladega,0001 EASTABOGO BAPT CH,"Public Service Commission, Place No. 2",,REP,Chris Beeker,46
Talladega,0001 EASTABOGO BAPT CH,"Public Service Commission, Place No. 2",,REP,Jim Zig Zeigler,54
Talladega,0001 EASTABOGO BAPT CH,"Public Service Commission, Place No. 2",,REP,Priscilla Andrews,13
Talladega,0001 EASTABOGO BAPT CH,"Public Service Commissioner, Place 1",,DEM,James O. Gordon,58
Talladega,0001 EASTABOGO BAPT CH,"Public Service Commissioner, Place 1",,DEM,Jeff Ramsey,15
Talladega,0001 EASTABOGO BAPT CH,"Public Service Commissioner, Place 1",,DEM,John Northrop,16
Talladega,0001 EASTABOGO BAPT CH,Secretary of State,,REP,Caroleene Dobson,76
Talladega,0001 EASTABOGO BAPT CH,Secretary of State,,REP,Christopher Christian Horn,40
Talladega,0001 EASTABOGO BAPT CH,Secretary of State,,REP,Glenda S. Jackson,9
Talladega,0001 EASTABOGO BAPT CH,State Auditor,,REP,Andrew Sorrell,74
Talladega,0001 EASTABOGO BAPT CH,State Auditor,,REP,Derek Chen,52
Talladega,0001 EASTABOGO BAPT CH,State Board of Education,6,REP,Cathi Bradford,63
Talladega,0001 EASTABOGO BAPT CH,State Board of Education,6,REP,Marie Manning,55
Talladega,0001 EASTABOGO BAPT CH,State Democratic Executive Committee,,DEM,Alberta McCrory,4
Talladega,0001 EASTABOGO BAPT CH,State Democratic Executive Committee,,DEM,Barbara Bigsby Boyd,19
Talladega,0001 EASTABOGO BAPT CH,State Democratic Executive Committee,,DEM,Destry Gilmore,23
Talladega,0001 EASTABOGO BAPT CH,State Democratic Executive Committee,,DEM,Harry Gilliam,33
Talladega,0001 EASTABOGO BAPT CH,State Democratic Executive Committee,,DEM,Kelsey Girdwood,6
Talladega,0001 EASTABOGO BAPT CH,State Democratic Executive Committee,,DEM,Michelle D Jones,6
Talladega,0001 EASTABOGO BAPT CH,State House,32,DEM,David E. Reddick,5
Talladega,0001 EASTABOGO BAPT CH,State House,32,DEM,Debra D Foster,31
Talladega,0001 EASTABOGO BAPT CH,"State Republican Executive Committee, Talladega County Place No 2",,REP,Laura Barlow Heath,53
Talladega,0001 EASTABOGO BAPT CH,"State Republican Executive Committee, Talladega County Place No 2",,REP,Paxton Walker,56
Talladega,0001 EASTABOGO BAPT CH,"State Republican Executive Committee, Talladega County Place No 3",,REP,Jada R. Thomas Combs,30
Talladega,0001 EASTABOGO BAPT CH,"State Republican Executive Committee, Talladega County Place No 3",,REP,Phillip Morris,78
Talladega,0001 EASTABOGO BAPT CH,State Treasurer,,REP,Steve Lolley,43
Talladega,0001 EASTABOGO BAPT CH,State Treasurer,,REP,Young Boozer,84
Talladega,0001 EASTABOGO BAPT CH,U.S. House,3,REP,Mike Rogers,102
Talladega,0001 EASTABOGO BAPT CH,U.S. House,3,REP,Terri LaPoint,28
Talladega,0001 EASTABOGO BAPT CH,U.S. Senate,,DEM,Dakarai Larriett,31
Talladega,0001 EASTABOGO BAPT CH,U.S. Senate,,DEM,Everett Wess,33
Talladega,0001 EASTABOGO BAPT CH,U.S. Senate,,DEM,Kyle Sweetser,14
Talladega,0001 EASTABOGO BAPT CH,U.S. Senate,,DEM,Mark S. Wheeler II,11
Talladega,0001 EASTABOGO BAPT CH,U.S. Senate,,REP,Barry Moore,38
Talladega,0001 EASTABOGO BAPT CH,U.S. Senate,,REP,Dale Shelton Deas Jr.,1
Talladega,0001 EASTABOGO BAPT CH,U.S. Senate,,REP,Jared Hudson,31
Talladega,0001 EASTABOGO BAPT CH,U.S. Senate,,REP,Morgan Murphy,0
Talladega,0001 EASTABOGO BAPT CH,U.S. Senate,,REP,Rodney Walker,12
Talladega,0001 EASTABOGO BAPT CH,U.S. Senate,,REP,Seth Burton,1
Talladega,0001 EASTABOGO BAPT CH,U.S. Senate,,REP,Steve Marshall,50
Talladega,0002 LINCOLN OLD HS GYM,Attorney General,,REP,Jay Mitchell,176
Talladega,0002 LINCOLN OLD HS GYM,Attorney General,,REP,Katherine Robertson,242
Talladega,0002 LINCOLN OLD HS GYM,Attorney General,,REP,Pamela L. Casey,132
Talladega,0002 LINCOLN OLD HS GYM,Commissioner of Agriculture and Industries,,REP,Christina Woerner McInnis,179
Talladega,0002 LINCOLN OLD HS GYM,Commissioner of Agriculture and Industries,,REP,Cory Hill,166
Talladega,0002 LINCOLN OLD HS GYM,Commissioner of Agriculture and Industries,,REP,Jack Williams,177
Talladega,0002 LINCOLN OLD HS GYM,"District Court Judge, Talladega County Place No 1",,REP,Huel M. Love III,136
Talladega,0002 LINCOLN OLD HS GYM,"District Court Judge, Talladega County Place No 1",,REP,J. Scott Brewer,402
Talladega,0002 LINCOLN OLD HS GYM,"District Court Judge, Talladega County, Place No 2",,REP,Angie Walker Slaten,111
Talladega,0002 LINCOLN OLD HS GYM,"District Court Judge, Talladega County, Place No 2",,REP,Dale Price,308
Talladega,0002 LINCOLN OLD HS GYM,"District Court Judge, Talladega County, Place No 2",,REP,Nicholas J. Beckham,101
Talladega,0002 LINCOLN OLD HS GYM,Governor,,DEM,"Chad ""Chig"" Martin",8
Talladega,0002 LINCOLN OLD HS GYM,Governor,,DEM,Doug Jones,410
Talladega,0002 LINCOLN OLD HS GYM,Governor,,DEM,Jamel J. Brown,10
Talladega,0002 LINCOLN OLD HS GYM,Governor,,DEM,"Nathan ""Nate"" Mathis",2
Talladega,0002 LINCOLN OLD HS GYM,Governor,,DEM,Will Boyd,48
Talladega,0002 LINCOLN OLD HS GYM,Governor,,DEM,Yolanda Rochelle Flowers,21
Talladega,0002 LINCOLN OLD HS GYM,Governor,,REP,"""Alabama"" Will Santivasci",31
Talladega,0002 LINCOLN OLD HS GYM,Governor,,REP,Ken McFeeters,27
Talladega,0002 LINCOLN OLD HS GYM,Governor,,REP,Thomas Tuberville,517
Talladega,0002 LINCOLN OLD HS GYM,Lieutenant Governor,,DEM,Darryl D. Perryman,188
Talladega,0002 LINCOLN OLD HS GYM,Lieutenant Governor,,DEM,Phillip Ensler,306
Talladega,0002 LINCOLN OLD HS GYM,Lieutenant Governor,,REP,George Childress,5
Talladega,0002 LINCOLN OLD HS GYM,Lieutenant Governor,,REP,John Wahl,248
Talladega,0002 LINCOLN OLD HS GYM,Lieutenant Governor,,REP,Nicole Jones Wadsworth,26
Talladega,0002 LINCOLN OLD HS GYM,Lieutenant Governor,,REP,Pat Bishop,21
Talladega,0002 LINCOLN OLD HS GYM,Lieutenant Governor,,REP,Rick Pate,28
Talladega,0002 LINCOLN OLD HS GYM,Lieutenant Governor,,REP,Stewart Hill Tankersley,14
Talladega,0002 LINCOLN OLD HS GYM,Lieutenant Governor,,REP,Wes Allen,211
Talladega,0002 LINCOLN OLD HS GYM,"Public Service Commission, Place No. 2",,REP,Brent Woodall,71
Talladega,0002 LINCOLN OLD HS GYM,"Public Service Commission, Place No. 2",,REP,Chris Beeker,141
Talladega,0002 LINCOLN OLD HS GYM,"Public Service Commission, Place No. 2",,REP,Jim Zig Zeigler,236
Talladega,0002 LINCOLN OLD HS GYM,"Public Service Commission, Place No. 2",,REP,Priscilla Andrews,71
Talladega,0002 LINCOLN OLD HS GYM,"Public Service Commissioner, Place 1",,DEM,James O. Gordon,335
Talladega,0002 LINCOLN OLD HS GYM,"Public Service Commissioner, Place 1",,DEM,Jeff Ramsey,103
Talladega,0002 LINCOLN OLD HS GYM,"Public Service Commissioner, Place 1",,DEM,John Northrop,52
Talladega,0002 LINCOLN OLD HS GYM,Secretary of State,,REP,Caroleene Dobson,350
Talladega,0002 LINCOLN OLD HS GYM,Secretary of State,,REP,Christopher Christian Horn,137
Talladega,0002 LINCOLN OLD HS GYM,Secretary of State,,REP,Glenda S. Jackson,45
Talladega,0002 LINCOLN OLD HS GYM,State Auditor,,REP,Andrew Sorrell,370
Talladega,0002 LINCOLN OLD HS GYM,State Auditor,,REP,Derek Chen,166
Talladega,0002 LINCOLN OLD HS GYM,State Board of Education,6,REP,Cathi Bradford,273
Talladega,0002 LINCOLN OLD HS GYM,State Board of Education,6,REP,Marie Manning,223
Talladega,0002 LINCOLN OLD HS GYM,State Democratic Executive Committee,,DEM,Alberta McCrory,38
Talladega,0002 LINCOLN OLD HS GYM,State Democratic Executive Committee,,DEM,Barbara Bigsby Boyd,279
Talladega,0002 LINCOLN OLD HS GYM,State Democratic Executive Committee,,DEM,Debra Huffman-Church,32
Talladega,0002 LINCOLN OLD HS GYM,State Democratic Executive Committee,,DEM,Destry Gilmore,9
Talladega,0002 LINCOLN OLD HS GYM,State Democratic Executive Committee,,DEM,Harry Gilliam,11
Talladega,0002 LINCOLN OLD HS GYM,State Democratic Executive Committee,,DEM,Kelsey Girdwood,18
Talladega,0002 LINCOLN OLD HS GYM,State Democratic Executive Committee,,DEM,Michelle D Jones,45
Talladega,0002 LINCOLN OLD HS GYM,State Democratic Executive Committee,,DEM,Pam Lowery,17
Talladega,0002 LINCOLN OLD HS GYM,State Democratic Executive Committee,,DEM,Thelma O. Jones,46
Talladega,0002 LINCOLN OLD HS GYM,State House,32,DEM,David E. Reddick,168
Talladega,0002 LINCOLN OLD HS GYM,State House,32,DEM,Debra D Foster,206
Talladega,0002 LINCOLN OLD HS GYM,"State Republican Executive Committee, Talladega County Place No 2",,REP,Laura Barlow Heath,192
Talladega,0002 LINCOLN OLD HS GYM,"State Republican Executive Committee, Talladega County Place No 2",,REP,Paxton Walker,302
Talladega,0002 LINCOLN OLD HS GYM,"State Republican Executive Committee, Talladega County Place No 3",,REP,Jada R. Thomas Combs,123
Talladega,0002 LINCOLN OLD HS GYM,"State Republican Executive Committee, Talladega County Place No 3",,REP,Phillip Morris,357
Talladega,0002 LINCOLN OLD HS GYM,State Treasurer,,REP,Steve Lolley,177
Talladega,0002 LINCOLN OLD HS GYM,State Treasurer,,REP,Young Boozer,355
Talladega,0002 LINCOLN OLD HS GYM,"Talladega County Commission, District No 2",,REP,Kimberlee Davidson,110
Talladega,0002 LINCOLN OLD HS GYM,"Talladega County Commission, District No 2",,REP,Tony Haynes,139
Talladega,0002 LINCOLN OLD HS GYM,U.S. House,3,REP,Mike Rogers,482
Talladega,0002 LINCOLN OLD HS GYM,U.S. House,3,REP,Terri LaPoint,75
Talladega,0002 LINCOLN OLD HS GYM,U.S. Senate,,DEM,Dakarai Larriett,153
Talladega,0002 LINCOLN OLD HS GYM,U.S. Senate,,DEM,Everett Wess,253
Talladega,0002 LINCOLN OLD HS GYM,U.S. Senate,,DEM,Kyle Sweetser,27
Talladega,0002 LINCOLN OLD HS GYM,U.S. Senate,,DEM,Mark S. Wheeler II,61
Talladega,0002 LINCOLN OLD HS GYM,U.S. Senate,,REP,Barry Moore,183
Talladega,0002 LINCOLN OLD HS GYM,U.S. Senate,,REP,Dale Shelton Deas Jr.,6
Talladega,0002 LINCOLN OLD HS GYM,U.S. Senate,,REP,Jared Hudson,140
Talladega,0002 LINCOLN OLD HS GYM,U.S. Senate,,REP,Morgan Murphy,7
Talladega,0002 LINCOLN OLD HS GYM,U.S. Senate,,REP,Rodney Walker,50
Talladega,0002 LINCOLN OLD HS GYM,U.S. Senate,,REP,Seth Burton,15
Talladega,0002 LINCOLN OLD HS GYM,U.S. Senate,,REP,Steve Marshall,161
Talladega,0003 ANTIOCH BAPT CH,Attorney General,,REP,Jay Mitchell,201
Talladega,0003 ANTIOCH BAPT CH,Attorney General,,REP,Katherine Robertson,202
Talladega,0003 ANTIOCH BAPT CH,Attorney General,,REP,Pamela L. Casey,101
Talladega,0003 ANTIOCH BAPT CH,Commissioner of Agriculture and Industries,,REP,Christina Woerner McInnis,158
Talladega,0003 ANTIOCH BAPT CH,Commissioner of Agriculture and Industries,,REP,Cory Hill,162
Talladega,0003 ANTIOCH BAPT CH,Commissioner of Agriculture and Industries,,REP,Jack Williams,157
Talladega,0003 ANTIOCH BAPT CH,"District Court Judge, Talladega County Place No 1",,REP,Huel M. Love III,78
Talladega,0003 ANTIOCH BAPT CH,"District Court Judge, Talladega County Place No 1",,REP,J. Scott Brewer,403
Talladega,0003 ANTIOCH BAPT CH,"District Court Judge, Talladega County, Place No 2",,REP,Angie Walker Slaten,76
Talladega,0003 ANTIOCH BAPT CH,"District Court Judge, Talladega County, Place No 2",,REP,Dale Price,333
Talladega,0003 ANTIOCH BAPT CH,"District Court Judge, Talladega County, Place No 2",,REP,Nicholas J. Beckham,68
Talladega,0003 ANTIOCH BAPT CH,Governor,,DEM,"Chad ""Chig"" Martin",5
Talladega,0003 ANTIOCH BAPT CH,Governor,,DEM,Doug Jones,288
Talladega,0003 ANTIOCH BAPT CH,Governor,,DEM,Jamel J. Brown,9
Talladega,0003 ANTIOCH BAPT CH,Governor,,DEM,"Nathan ""Nate"" Mathis",0
Talladega,0003 ANTIOCH BAPT CH,Governor,,DEM,Will Boyd,23
Talladega,0003 ANTIOCH BAPT CH,Governor,,DEM,Yolanda Rochelle Flowers,14
Talladega,0003 ANTIOCH BAPT CH,Governor,,REP,"""Alabama"" Will Santivasci",43
Talladega,0003 ANTIOCH BAPT CH,Governor,,REP,Ken McFeeters,36
Talladega,0003 ANTIOCH BAPT CH,Governor,,REP,Thomas Tuberville,449
Talladega,0003 ANTIOCH BAPT CH,Lieutenant Governor,,DEM,Darryl D. Perryman,144
Talladega,0003 ANTIOCH BAPT CH,Lieutenant Governor,,DEM,Phillip Ensler,182
Talladega,0003 ANTIOCH BAPT CH,Lieutenant Governor,,REP,George Childress,7
Talladega,0003 ANTIOCH BAPT CH,Lieutenant Governor,,REP,John Wahl,202
Talladega,0003 ANTIOCH BAPT CH,Lieutenant Governor,,REP,Nicole Jones Wadsworth,26
Talladega,0003 ANTIOCH BAPT CH,Lieutenant Governor,,REP,Pat Bishop,13
Talladega,0003 ANTIOCH BAPT CH,Lieutenant Governor,,REP,Rick Pate,45
Talladega,0003 ANTIOCH BAPT CH,Lieutenant Governor,,REP,Stewart Hill Tankersley,9
Talladega,0003 ANTIOCH BAPT CH,Lieutenant Governor,,REP,Wes Allen,214
Talladega,0003 ANTIOCH BAPT CH,"Public Service Commission, Place No. 2",,REP,Brent Woodall,75
Talladega,0003 ANTIOCH BAPT CH,"Public Service Commission, Place No. 2",,REP,Chris Beeker,144
Talladega,0003 ANTIOCH BAPT CH,"Public Service Commission, Place No. 2",,REP,Jim Zig Zeigler,182
Talladega,0003 ANTIOCH BAPT CH,"Public Service Commission, Place No. 2",,REP,Priscilla Andrews,81
Talladega,0003 ANTIOCH BAPT CH,"Public Service Commissioner, Place 1",,DEM,James O. Gordon,185
Talladega,0003 ANTIOCH BAPT CH,"Public Service Commissioner, Place 1",,DEM,Jeff Ramsey,82
Talladega,0003 ANTIOCH BAPT CH,"Public Service Commissioner, Place 1",,DEM,John Northrop,52
Talladega,0003 ANTIOCH BAPT CH,Secretary of State,,REP,Caroleene Dobson,305
Talladega,0003 ANTIOCH BAPT CH,Secretary of State,,REP,Christopher Christian Horn,116
Talladega,0003 ANTIOCH BAPT CH,Secretary of State,,REP,Glenda S. Jackson,64
Talladega,0003 ANTIOCH BAPT CH,State Auditor,,REP,Andrew Sorrell,318
Talladega,0003 ANTIOCH BAPT CH,State Auditor,,REP,Derek Chen,169
Talladega,0003 ANTIOCH BAPT CH,State Board of Education,6,REP,Cathi Bradford,238
Talladega,0003 ANTIOCH BAPT CH,State Board of Education,6,REP,Marie Manning,220
Talladega,0003 ANTIOCH BAPT CH,State Democratic Executive Committee,,DEM,Destry Gilmore,122
Talladega,0003 ANTIOCH BAPT CH,State Democratic Executive Committee,,DEM,Harry Gilliam,192
Talladega,0003 ANTIOCH BAPT CH,"State Republican Executive Committee, Talladega County Place No 2",,REP,Laura Barlow Heath,223
Talladega,0003 ANTIOCH BAPT CH,"State Republican Executive Committee, Talladega County Place No 2",,REP,Paxton Walker,207
Talladega,0003 ANTIOCH BAPT CH,"State Republican Executive Committee, Talladega County Place No 3",,REP,Jada R. Thomas Combs,111
Talladega,0003 ANTIOCH BAPT CH,"State Republican Executive Committee, Talladega County Place No 3",,REP,Phillip Morris,324
Talladega,0003 ANTIOCH BAPT CH,State Treasurer,,REP,Steve Lolley,156
Talladega,0003 ANTIOCH BAPT CH,State Treasurer,,REP,Young Boozer,323
Talladega,0003 ANTIOCH BAPT CH,U.S. House,3,REP,Mike Rogers,404
Talladega,0003 ANTIOCH BAPT CH,U.S. House,3,REP,Terri LaPoint,106
Talladega,0003 ANTIOCH BAPT CH,U.S. Senate,,DEM,Dakarai Larriett,86
Talladega,0003 ANTIOCH BAPT CH,U.S. Senate,,DEM,Everett Wess,147
Talladega,0003 ANTIOCH BAPT CH,U.S. Senate,,DEM,Kyle Sweetser,33
Talladega,0003 ANTIOCH BAPT CH,U.S. Senate,,DEM,Mark S. Wheeler II,55
Talladega,0003 ANTIOCH BAPT CH,U.S. Senate,,REP,Barry Moore,143
Talladega,0003 ANTIOCH BAPT CH,U.S. Senate,,REP,Dale Shelton Deas Jr.,1
Talladega,0003 ANTIOCH BAPT CH,U.S. Senate,,REP,Jared Hudson,117
Talladega,0003 ANTIOCH BAPT CH,U.S. Senate,,REP,Morgan Murphy,5
Talladega,0003 ANTIOCH BAPT CH,U.S. Senate,,REP,Rodney Walker,73
Talladega,0003 ANTIOCH BAPT CH,U.S. Senate,,REP,Seth Burton,9
Talladega,0003 ANTIOCH BAPT CH,U.S. Senate,,REP,Steve Marshall,175
Talladega,0004 IRONATON VFD,Attorney General,,REP,Jay Mitchell,60
Talladega,0004 IRONATON VFD,Attorney General,,REP,Katherine Robertson,66
Talladega,0004 IRONATON VFD,Attorney General,,REP,Pamela L. Casey,27
Talladega,0004 IRONATON VFD,Commissioner of Agriculture and Industries,,REP,Christina Woerner McInnis,27
Talladega,0004 IRONATON VFD,Commissioner of Agriculture and Industries,,REP,Cory Hill,67
Talladega,0004 IRONATON VFD,Commissioner of Agriculture and Industries,,REP,Jack Williams,50
Talladega,0004 IRONATON VFD,"District Court Judge, Talladega County Place No 1",,REP,Huel M. Love III,57
Talladega,0004 IRONATON VFD,"District Court Judge, Talladega County Place No 1",,REP,J. Scott Brewer,100
Talladega,0004 IRONATON VFD,"District Court Judge, Talladega County, Place No 2",,REP,Angie Walker Slaten,37
Talladega,0004 IRONATON VFD,"District Court Judge, Talladega County, Place No 2",,REP,Dale Price,75
Talladega,0004 IRONATON VFD,"District Court Judge, Talladega County, Place No 2",,REP,Nicholas J. Beckham,34
Talladega,0004 IRONATON VFD,Governor,,DEM,"Chad ""Chig"" Martin",0
Talladega,0004 IRONATON VFD,Governor,,DEM,Doug Jones,28
Talladega,0004 IRONATON VFD,Governor,,DEM,Jamel J. Brown,0
Talladega,0004 IRONATON VFD,Governor,,DEM,"Nathan ""Nate"" Mathis",0
Talladega,0004 IRONATON VFD,Governor,,DEM,Will Boyd,2
Talladega,0004 IRONATON VFD,Governor,,DEM,Yolanda Rochelle Flowers,2
Talladega,0004 IRONATON VFD,Governor,,REP,"""Alabama"" Will Santivasci",4
Talladega,0004 IRONATON VFD,Governor,,REP,Ken McFeeters,15
Talladega,0004 IRONATON VFD,Governor,,REP,Thomas Tuberville,141
Talladega,0004 IRONATON VFD,Lieutenant Governor,,DEM,Darryl D. Perryman,18
Talladega,0004 IRONATON VFD,Lieutenant Governor,,DEM,Phillip Ensler,13
Talladega,0004 IRONATON VFD,Lieutenant Governor,,REP,George Childress,2
Talladega,0004 IRONATON VFD,Lieutenant Governor,,REP,John Wahl,49
Talladega,0004 IRONATON VFD,Lieutenant Governor,,REP,Nicole Jones Wadsworth,5
Talladega,0004 IRONATON VFD,Lieutenant Governor,,REP,Pat Bishop,4
Talladega,0004 IRONATON VFD,Lieutenant Governor,,REP,Rick Pate,6
Talladega,0004 IRONATON VFD,Lieutenant Governor,,REP,Stewart Hill Tankersley,7
Talladega,0004 IRONATON VFD,Lieutenant Governor,,REP,Wes Allen,84
Talladega,0004 IRONATON VFD,"Public Service Commission, Place No. 2",,REP,Brent Woodall,12
Talladega,0004 IRONATON VFD,"Public Service Commission, Place No. 2",,REP,Chris Beeker,51
Talladega,0004 IRONATON VFD,"Public Service Commission, Place No. 2",,REP,Jim Zig Zeigler,65
Talladega,0004 IRONATON VFD,"Public Service Commission, Place No. 2",,REP,Priscilla Andrews,18
Talladega,0004 IRONATON VFD,"Public Service Commissioner, Place 1",,DEM,James O. Gordon,17
Talladega,0004 IRONATON VFD,"Public Service Commissioner, Place 1",,DEM,Jeff Ramsey,11
Talladega,0004 IRONATON VFD,"Public Service Commissioner, Place 1",,DEM,John Northrop,1
Talladega,0004 IRONATON VFD,Secretary of State,,REP,Caroleene Dobson,85
Talladega,0004 IRONATON VFD,Secretary of State,,REP,Christopher Christian Horn,47
Talladega,0004 IRONATON VFD,Secretary of State,,REP,Glenda S. Jackson,7
Talladega,0004 IRONATON VFD,State Auditor,,REP,Andrew Sorrell,86
Talladega,0004 IRONATON VFD,State Auditor,,REP,Derek Chen,58
Talladega,0004 IRONATON VFD,State Board of Education,6,REP,Cathi Bradford,66
Talladega,0004 IRONATON VFD,State Board of Education,6,REP,Marie Manning,66
Talladega,0004 IRONATON VFD,State Democratic Executive Committee,,DEM,Destry Gilmore,11
Talladega,0004 IRONATON VFD,State Democratic Executive Committee,,DEM,Harry Gilliam,16
Talladega,0004 IRONATON VFD,"State Republican Executive Committee, Talladega County Place No 2",,REP,Laura Barlow Heath,67
Talladega,0004 IRONATON VFD,"State Republican Executive Committee, Talladega County Place No 2",,REP,Paxton Walker,74
Talladega,0004 IRONATON VFD,"State Republican Executive Committee, Talladega County Place No 3",,REP,Jada R. Thomas Combs,20
Talladega,0004 IRONATON VFD,"State Republican Executive Committee, Talladega County Place No 3",,REP,Phillip Morris,118
Talladega,0004 IRONATON VFD,State Treasurer,,REP,Steve Lolley,39
Talladega,0004 IRONATON VFD,State Treasurer,,REP,Young Boozer,105
Talladega,0004 IRONATON VFD,"Talladega County Commission, District No 2",,REP,Kimberlee Davidson,20
Talladega,0004 IRONATON VFD,"Talladega County Commission, District No 2",,REP,Tony Haynes,47
Talladega,0004 IRONATON VFD,U.S. House,3,REP,Mike Rogers,134
Talladega,0004 IRONATON VFD,U.S. House,3,REP,Terri LaPoint,22
Talladega,0004 IRONATON VFD,U.S. Senate,,DEM,Dakarai Larriett,9
Talladega,0004 IRONATON VFD,U.S. Senate,,DEM,Everett Wess,12
Talladega,0004 IRONATON VFD,U.S. Senate,,DEM,Kyle Sweetser,6
Talladega,0004 IRONATON VFD,U.S. Senate,,DEM,Mark S. Wheeler II,3
Talladega,0004 IRONATON VFD,U.S. Senate,,REP,Barry Moore,42
Talladega,0004 IRONATON VFD,U.S. Senate,,REP,Dale Shelton Deas Jr.,2
Talladega,0004 IRONATON VFD,U.S. Senate,,REP,Jared Hudson,29
Talladega,0004 IRONATON VFD,U.S. Senate,,REP,Morgan Murphy,1
Talladega,0004 IRONATON VFD,U.S. Senate,,REP,Rodney Walker,32
Talladega,0004 IRONATON VFD,U.S. Senate,,REP,Seth Burton,0
Talladega,0004 IRONATON VFD,U.S. Senate,,REP,Steve Marshall,54
Talladega,0005 CENTRAL AL COMM COLL,Attorney General,,REP,Jay Mitchell,52
Talladega,0005 CENTRAL AL COMM COLL,Attorney General,,REP,Katherine Robertson,68
Talladega,0005 CENTRAL AL COMM COLL,Attorney General,,REP,Pamela L. Casey,23
Talladega,0005 CENTRAL AL COMM COLL,Commissioner of Agriculture and Industries,,REP,Christina Woerner McInnis,56
Talladega,0005 CENTRAL AL COMM COLL,Commissioner of Agriculture and Industries,,REP,Cory Hill,43
Talladega,0005 CENTRAL AL COMM COLL,Commissioner of Agriculture and Industries,,REP,Jack Williams,38
Talladega,0005 CENTRAL AL COMM COLL,"District Court Judge, Talladega County Place No 1",,REP,Huel M. Love III,77
Talladega,0005 CENTRAL AL COMM COLL,"District Court Judge, Talladega County Place No 1",,REP,J. Scott Brewer,69
Talladega,0005 CENTRAL AL COMM COLL,"District Court Judge, Talladega County, Place No 2",,REP,Angie Walker Slaten,43
Talladega,0005 CENTRAL AL COMM COLL,"District Court Judge, Talladega County, Place No 2",,REP,Dale Price,72
Talladega,0005 CENTRAL AL COMM COLL,"District Court Judge, Talladega County, Place No 2",,REP,Nicholas J. Beckham,22
Talladega,0005 CENTRAL AL COMM COLL,Governor,,DEM,"Chad ""Chig"" Martin",5
Talladega,0005 CENTRAL AL COMM COLL,Governor,,DEM,Doug Jones,235
Talladega,0005 CENTRAL AL COMM COLL,Governor,,DEM,Jamel J. Brown,16
Talladega,0005 CENTRAL AL COMM COLL,Governor,,DEM,"Nathan ""Nate"" Mathis",4
Talladega,0005 CENTRAL AL COMM COLL,Governor,,DEM,Will Boyd,39
Talladega,0005 CENTRAL AL COMM COLL,Governor,,DEM,Yolanda Rochelle Flowers,9
Talladega,0005 CENTRAL AL COMM COLL,Governor,,REP,"""Alabama"" Will Santivasci",10
Talladega,0005 CENTRAL AL COMM COLL,Governor,,REP,Ken McFeeters,8
Talladega,0005 CENTRAL AL COMM COLL,Governor,,REP,Thomas Tuberville,126
Talladega,0005 CENTRAL AL COMM COLL,Lieutenant Governor,,DEM,Darryl D. Perryman,94
Talladega,0005 CENTRAL AL COMM COLL,Lieutenant Governor,,DEM,Phillip Ensler,209
Talladega,0005 CENTRAL AL COMM COLL,Lieutenant Governor,,REP,George Childress,8
Talladega,0005 CENTRAL AL COMM COLL,Lieutenant Governor,,REP,John Wahl,59
Talladega,0005 CENTRAL AL COMM COLL,Lieutenant Governor,,REP,Nicole Jones Wadsworth,10
Talladega,0005 CENTRAL AL COMM COLL,Lieutenant Governor,,REP,Pat Bishop,4
Talladega,0005 CENTRAL AL COMM COLL,Lieutenant Governor,,REP,Rick Pate,5
Talladega,0005 CENTRAL AL COMM COLL,Lieutenant Governor,,REP,Stewart Hill Tankersley,3
Talladega,0005 CENTRAL AL COMM COLL,Lieutenant Governor,,REP,Wes Allen,48
Talladega,0005 CENTRAL AL COMM COLL,"Public Service Commission, Place No. 2",,REP,Brent Woodall,16
Talladega,0005 CENTRAL AL COMM COLL,"Public Service Commission, Place No. 2",,REP,Chris Beeker,41
Talladega,0005 CENTRAL AL COMM COLL,"Public Service Commission, Place No. 2",,REP,Jim Zig Zeigler,64
Talladega,0005 CENTRAL AL COMM COLL,"Public Service Commission, Place No. 2",,REP,Priscilla Andrews,15
Talladega,0005 CENTRAL AL COMM COLL,"Public Service Commissioner, Place 1",,DEM,James O. Gordon,234
Talladega,0005 CENTRAL AL COMM COLL,"Public Service Commissioner, Place 1",,DEM,Jeff Ramsey,47
Talladega,0005 CENTRAL AL COMM COLL,"Public Service Commissioner, Place 1",,DEM,John Northrop,18
Talladega,0005 CENTRAL AL COMM COLL,Secretary of State,,REP,Caroleene Dobson,72
Talladega,0005 CENTRAL AL COMM COLL,Secretary of State,,REP,Christopher Christian Horn,41
Talladega,0005 CENTRAL AL COMM COLL,Secretary of State,,REP,Glenda S. Jackson,21
Talladega,0005 CENTRAL AL COMM COLL,State Auditor,,REP,Andrew Sorrell,94
Talladega,0005 CENTRAL AL COMM COLL,State Auditor,,REP,Derek Chen,40
Talladega,0005 CENTRAL AL COMM COLL,State Board of Education,6,REP,Cathi Bradford,78
Talladega,0005 CENTRAL AL COMM COLL,State Board of Education,6,REP,Marie Manning,51
Talladega,0005 CENTRAL AL COMM COLL,State Democratic Executive Committee,,DEM,Alberta McCrory,13
Talladega,0005 CENTRAL AL COMM COLL,State Democratic Executive Committee,,DEM,Barbara Bigsby Boyd,198
Talladega,0005 CENTRAL AL COMM COLL,State Democratic Executive Committee,,DEM,Destry Gilmore,16
Talladega,0005 CENTRAL AL COMM COLL,State Democratic Executive Committee,,DEM,Harry Gilliam,58
Talladega,0005 CENTRAL AL COMM COLL,State Democratic Executive Committee,,DEM,Kelsey Girdwood,4
Talladega,0005 CENTRAL AL COMM COLL,State Democratic Executive Committee,,DEM,Michelle D Jones,17
Talladega,0005 CENTRAL AL COMM COLL,State House,32,DEM,David E. Reddick,48
Talladega,0005 CENTRAL AL COMM COLL,State House,32,DEM,Debra D Foster,171
Talladega,0005 CENTRAL AL COMM COLL,"State Republican Executive Committee, Talladega County Place No 2",,REP,Laura Barlow Heath,60
Talladega,0005 CENTRAL AL COMM COLL,"State Republican Executive Committee, Talladega County Place No 2",,REP,Paxton Walker,67
Talladega,0005 CENTRAL AL COMM COLL,"State Republican Executive Committee, Talladega County Place No 3",,REP,Jada R. Thomas Combs,24
Talladega,0005 CENTRAL AL COMM COLL,"State Republican Executive Committee, Talladega County Place No 3",,REP,Phillip Morris,99
Talladega,0005 CENTRAL AL COMM COLL,State Treasurer,,REP,Steve Lolley,54
Talladega,0005 CENTRAL AL COMM COLL,State Treasurer,,REP,Young Boozer,80
Talladega,0005 CENTRAL AL COMM COLL,"Talladega County Commission, District No 2",,REP,Kimberlee Davidson,50
Talladega,0005 CENTRAL AL COMM COLL,"Talladega County Commission, District No 2",,REP,Tony Haynes,81
Talladega,0005 CENTRAL AL COMM COLL,U.S. House,3,REP,Mike Rogers,126
Talladega,0005 CENTRAL AL COMM COLL,U.S. House,3,REP,Terri LaPoint,16
Talladega,0005 CENTRAL AL COMM COLL,U.S. Senate,,DEM,Dakarai Larriett,66
Talladega,0005 CENTRAL AL COMM COLL,U.S. Senate,,DEM,Everett Wess,196
Talladega,0005 CENTRAL AL COMM COLL,U.S. Senate,,DEM,Kyle Sweetser,14
Talladega,0005 CENTRAL AL COMM COLL,U.S. Senate,,DEM,Mark S. Wheeler II,26
Talladega,0005 CENTRAL AL COMM COLL,U.S. Senate,,REP,Barry Moore,40
Talladega,0005 CENTRAL AL COMM COLL,U.S. Senate,,REP,Dale Shelton Deas Jr.,2
Talladega,0005 CENTRAL AL COMM COLL,U.S. Senate,,REP,Jared Hudson,23
Talladega,0005 CENTRAL AL COMM COLL,U.S. Senate,,REP,Morgan Murphy,2
Talladega,0005 CENTRAL AL COMM COLL,U.S. Senate,,REP,Rodney Walker,23
Talladega,0005 CENTRAL AL COMM COLL,U.S. Senate,,REP,Seth Burton,4
Talladega,0005 CENTRAL AL COMM COLL,U.S. Senate,,REP,Steve Marshall,49
Talladega,0006 SPRING ST COMM CTR,Attorney General,,REP,Jay Mitchell,180
Talladega,0006 SPRING ST COMM CTR,Attorney General,,REP,Katherine Robertson,190
Talladega,0006 SPRING ST COMM CTR,Attorney General,,REP,Pamela L. Casey,85
Talladega,0006 SPRING ST COMM CTR,Commissioner of Agriculture and Industries,,REP,Christina Woerner McInnis,117
Talladega,0006 SPRING ST COMM CTR,Commissioner of Agriculture and Industries,,REP,Cory Hill,150
Talladega,0006 SPRING ST COMM CTR,Commissioner of Agriculture and Industries,,REP,Jack Williams,148
Talladega,0006 SPRING ST COMM CTR,"District Court Judge, Talladega County Place No 1",,REP,Huel M. Love III,222
Talladega,0006 SPRING ST COMM CTR,"District Court Judge, Talladega County Place No 1",,REP,J. Scott Brewer,244
Talladega,0006 SPRING ST COMM CTR,"District Court Judge, Talladega County, Place No 2",,REP,Angie Walker Slaten,112
Talladega,0006 SPRING ST COMM CTR,"District Court Judge, Talladega County, Place No 2",,REP,Dale Price,278
Talladega,0006 SPRING ST COMM CTR,"District Court Judge, Talladega County, Place No 2",,REP,Nicholas J. Beckham,58
Talladega,0006 SPRING ST COMM CTR,Governor,,DEM,"Chad ""Chig"" Martin",1
Talladega,0006 SPRING ST COMM CTR,Governor,,DEM,Doug Jones,229
Talladega,0006 SPRING ST COMM CTR,Governor,,DEM,Jamel J. Brown,8
Talladega,0006 SPRING ST COMM CTR,Governor,,DEM,"Nathan ""Nate"" Mathis",1
Talladega,0006 SPRING ST COMM CTR,Governor,,DEM,Will Boyd,26
Talladega,0006 SPRING ST COMM CTR,Governor,,DEM,Yolanda Rochelle Flowers,11
Talladega,0006 SPRING ST COMM CTR,Governor,,REP,"""Alabama"" Will Santivasci",20
Talladega,0006 SPRING ST COMM CTR,Governor,,REP,Ken McFeeters,30
Talladega,0006 SPRING ST COMM CTR,Governor,,REP,Thomas Tuberville,413
Talladega,0006 SPRING ST COMM CTR,Lieutenant Governor,,DEM,Darryl D. Perryman,103
Talladega,0006 SPRING ST COMM CTR,Lieutenant Governor,,DEM,Phillip Ensler,163
Talladega,0006 SPRING ST COMM CTR,Lieutenant Governor,,REP,George Childress,9
Talladega,0006 SPRING ST COMM CTR,Lieutenant Governor,,REP,John Wahl,186
Talladega,0006 SPRING ST COMM CTR,Lieutenant Governor,,REP,Nicole Jones Wadsworth,23
Talladega,0006 SPRING ST COMM CTR,Lieutenant Governor,,REP,Pat Bishop,5
Talladega,0006 SPRING ST COMM CTR,Lieutenant Governor,,REP,Rick Pate,27
Talladega,0006 SPRING ST COMM CTR,Lieutenant Governor,,REP,Stewart Hill Tankersley,8
Talladega,0006 SPRING ST COMM CTR,Lieutenant Governor,,REP,Wes Allen,192
Talladega,0006 SPRING ST COMM CTR,"Public Service Commission, Place No. 2",,REP,Brent Woodall,55
Talladega,0006 SPRING ST COMM CTR,"Public Service Commission, Place No. 2",,REP,Chris Beeker,108
Talladega,0006 SPRING ST COMM CTR,"Public Service Commission, Place No. 2",,REP,Jim Zig Zeigler,207
Talladega,0006 SPRING ST COMM CTR,"Public Service Commission, Place No. 2",,REP,Priscilla Andrews,50
Talladega,0006 SPRING ST COMM CTR,"Public Service Commissioner, Place 1",,DEM,James O. Gordon,178
Talladega,0006 SPRING ST COMM CTR,"Public Service Commissioner, Place 1",,DEM,Jeff Ramsey,50
Talladega,0006 SPRING ST COMM CTR,"Public Service Commissioner, Place 1",,DEM,John Northrop,38
Talladega,0006 SPRING ST COMM CTR,Secretary of State,,REP,Caroleene Dobson,238
Talladega,0006 SPRING ST COMM CTR,Secretary of State,,REP,Christopher Christian Horn,132
Talladega,0006 SPRING ST COMM CTR,Secretary of State,,REP,Glenda S. Jackson,48
Talladega,0006 SPRING ST COMM CTR,State Auditor,,REP,Andrew Sorrell,304
Talladega,0006 SPRING ST COMM CTR,State Auditor,,REP,Derek Chen,126
Talladega,0006 SPRING ST COMM CTR,State Board of Education,6,REP,Cathi Bradford,236
Talladega,0006 SPRING ST COMM CTR,State Board of Education,6,REP,Marie Manning,159
Talladega,0006 SPRING ST COMM CTR,State Democratic Executive Committee,,DEM,Alberta McCrory,0
Talladega,0006 SPRING ST COMM CTR,State Democratic Executive Committee,,DEM,Barbara Bigsby Boyd,4
Talladega,0006 SPRING ST COMM CTR,State Democratic Executive Committee,,DEM,Destry Gilmore,87
Talladega,0006 SPRING ST COMM CTR,State Democratic Executive Committee,,DEM,Harry Gilliam,172
Talladega,0006 SPRING ST COMM CTR,State Democratic Executive Committee,,DEM,Kelsey Girdwood,0
Talladega,0006 SPRING ST COMM CTR,State Democratic Executive Committee,,DEM,Michelle D Jones,1
Talladega,0006 SPRING ST COMM CTR,State House,32,DEM,David E. Reddick,1
Talladega,0006 SPRING ST COMM CTR,State House,32,DEM,Debra D Foster,3
Talladega,0006 SPRING ST COMM CTR,"State Republican Executive Committee, Talladega County Place No 2",,REP,Laura Barlow Heath,224
Talladega,0006 SPRING ST COMM CTR,"State Republican Executive Committee, Talladega County Place No 2",,REP,Paxton Walker,174
Talladega,0006 SPRING ST COMM CTR,"State Republican Executive Committee, Talladega County Place No 3",,REP,Jada R. Thomas Combs,90
Talladega,0006 SPRING ST COMM CTR,"State Republican Executive Committee, Talladega County Place No 3",,REP,Phillip Morris,300
Talladega,0006 SPRING ST COMM CTR,State Treasurer,,REP,Steve Lolley,149
Talladega,0006 SPRING ST COMM CTR,State Treasurer,,REP,Young Boozer,283
Talladega,0006 SPRING ST COMM CTR,"Talladega County Commission, District No 2",,REP,Kimberlee Davidson,136
Talladega,0006 SPRING ST COMM CTR,"Talladega County Commission, District No 2",,REP,Tony Haynes,313
Talladega,0006 SPRING ST COMM CTR,U.S. House,3,REP,Mike Rogers,410
Talladega,0006 SPRING ST COMM CTR,U.S. House,3,REP,Terri LaPoint,47
Talladega,0006 SPRING ST COMM CTR,U.S. Senate,,DEM,Dakarai Larriett,45
Talladega,0006 SPRING ST COMM CTR,U.S. Senate,,DEM,Everett Wess,167
Talladega,0006 SPRING ST COMM CTR,U.S. Senate,,DEM,Kyle Sweetser,24
Talladega,0006 SPRING ST COMM CTR,U.S. Senate,,DEM,Mark S. Wheeler II,33
Talladega,0006 SPRING ST COMM CTR,U.S. Senate,,REP,Barry Moore,141
Talladega,0006 SPRING ST COMM CTR,U.S. Senate,,REP,Dale Shelton Deas Jr.,3
Talladega,0006 SPRING ST COMM CTR,U.S. Senate,,REP,Jared Hudson,92
Talladega,0006 SPRING ST COMM CTR,U.S. Senate,,REP,Morgan Murphy,5
Talladega,0006 SPRING ST COMM CTR,U.S. Senate,,REP,Rodney Walker,72
Talladega,0006 SPRING ST COMM CTR,U.S. Senate,,REP,Seth Burton,11
Talladega,0006 SPRING ST COMM CTR,U.S. Senate,,REP,Steve Marshall,134
Talladega,0007 BEMISTON. REC CTR,Attorney General,,REP,Jay Mitchell,23
Talladega,0007 BEMISTON. REC CTR,Attorney General,,REP,Katherine Robertson,35
Talladega,0007 BEMISTON. REC CTR,Attorney General,,REP,Pamela L. Casey,12
Talladega,0007 BEMISTON. REC CTR,Commissioner of Agriculture and Industries,,REP,Christina Woerner McInnis,21
Talladega,0007 BEMISTON. REC CTR,Commissioner of Agriculture and Industries,,REP,Cory Hill,23
Talladega,0007 BEMISTON. REC CTR,Commissioner of Agriculture and Industries,,REP,Jack Williams,22
Talladega,0007 BEMISTON. REC CTR,"District Court Judge, Talladega County Place No 1",,REP,Huel M. Love III,38
Talladega,0007 BEMISTON. REC CTR,"District Court Judge, Talladega County Place No 1",,REP,J. Scott Brewer,32
Talladega,0007 BEMISTON. REC CTR,"District Court Judge, Talladega County, Place No 2",,REP,Angie Walker Slaten,21
Talladega,0007 BEMISTON. REC CTR,"District Court Judge, Talladega County, Place No 2",,REP,Dale Price,41
Talladega,0007 BEMISTON. REC CTR,"District Court Judge, Talladega County, Place No 2",,REP,Nicholas J. Beckham,6
Talladega,0007 BEMISTON. REC CTR,Governor,,DEM,"Chad ""Chig"" Martin",0
Talladega,0007 BEMISTON. REC CTR,Governor,,DEM,Doug Jones,30
Talladega,0007 BEMISTON. REC CTR,Governor,,DEM,Jamel J. Brown,2
Talladega,0007 BEMISTON. REC CTR,Governor,,DEM,"Nathan ""Nate"" Mathis",0
Talladega,0007 BEMISTON. REC CTR,Governor,,DEM,Will Boyd,4
Talladega,0007 BEMISTON. REC CTR,Governor,,DEM,Yolanda Rochelle Flowers,1
Talladega,0007 BEMISTON. REC CTR,Governor,,REP,"""Alabama"" Will Santivasci",3
Talladega,0007 BEMISTON. REC CTR,Governor,,REP,Ken McFeeters,4
Talladega,0007 BEMISTON. REC CTR,Governor,,REP,Thomas Tuberville,65
Talladega,0007 BEMISTON. REC CTR,Lieutenant Governor,,DEM,Darryl D. Perryman,18
Talladega,0007 BEMISTON. REC CTR,Lieutenant Governor,,DEM,Phillip Ensler,17
Talladega,0007 BEMISTON. REC CTR,Lieutenant Governor,,REP,George Childress,0
Talladega,0007 BEMISTON. REC CTR,Lieutenant Governor,,REP,John Wahl,34
Talladega,0007 BEMISTON. REC CTR,Lieutenant Governor,,REP,Nicole Jones Wadsworth,4
Talladega,0007 BEMISTON. REC CTR,Lieutenant Governor,,REP,Pat Bishop,1
Talladega,0007 BEMISTON. REC CTR,Lieutenant Governor,,REP,Rick Pate,3
Talladega,0007 BEMISTON. REC CTR,Lieutenant Governor,,REP,Stewart Hill Tankersley,0
Talladega,0007 BEMISTON. REC CTR,Lieutenant Governor,,REP,Wes Allen,26
Talladega,0007 BEMISTON. REC CTR,"Public Service Commission, Place No. 2",,REP,Brent Woodall,7
Talladega,0007 BEMISTON. REC CTR,"Public Service Commission, Place No. 2",,REP,Chris Beeker,15
Talladega,0007 BEMISTON. REC CTR,"Public Service Commission, Place No. 2",,REP,Jim Zig Zeigler,38
Talladega,0007 BEMISTON. REC CTR,"Public Service Commission, Place No. 2",,REP,Priscilla Andrews,7
Talladega,0007 BEMISTON. REC CTR,"Public Service Commissioner, Place 1",,DEM,James O. Gordon,11
Talladega,0007 BEMISTON. REC CTR,"Public Service Commissioner, Place 1",,DEM,Jeff Ramsey,19
Talladega,0007 BEMISTON. REC CTR,"Public Service Commissioner, Place 1",,DEM,John Northrop,5
Talladega,0007 BEMISTON. REC CTR,Secretary of State,,REP,Caroleene Dobson,36
Talladega,0007 BEMISTON. REC CTR,Secretary of State,,REP,Christopher Christian Horn,18
Talladega,0007 BEMISTON. REC CTR,Secretary of State,,REP,Glenda S. Jackson,10
Talladega,0007 BEMISTON. REC CTR,State Auditor,,REP,Andrew Sorrell,40
Talladega,0007 BEMISTON. REC CTR,State Auditor,,REP,Derek Chen,27
Talladega,0007 BEMISTON. REC CTR,State Board of Education,6,REP,Cathi Bradford,33
Talladega,0007 BEMISTON. REC CTR,State Board of Education,6,REP,Marie Manning,26
Talladega,0007 BEMISTON. REC CTR,State Democratic Executive Committee,,DEM,Destry Gilmore,18
Talladega,0007 BEMISTON. REC CTR,State Democratic Executive Committee,,DEM,Harry Gilliam,16
Talladega,0007 BEMISTON. REC CTR,"State Republican Executive Committee, Talladega County Place No 2",,REP,Laura Barlow Heath,30
Talladega,0007 BEMISTON. REC CTR,"State Republican Executive Committee, Talladega County Place No 2",,REP,Paxton Walker,31
Talladega,0007 BEMISTON. REC CTR,"State Republican Executive Committee, Talladega County Place No 3",,REP,Jada R. Thomas Combs,9
Talladega,0007 BEMISTON. REC CTR,"State Republican Executive Committee, Talladega County Place No 3",,REP,Phillip Morris,53
Talladega,0007 BEMISTON. REC CTR,State Treasurer,,REP,Steve Lolley,17
Talladega,0007 BEMISTON. REC CTR,State Treasurer,,REP,Young Boozer,49
Talladega,0007 BEMISTON. REC CTR,"Talladega County Commission, District No 2",,REP,Kimberlee Davidson,22
Talladega,0007 BEMISTON. REC CTR,"Talladega County Commission, District No 2",,REP,Tony Haynes,43
Talladega,0007 BEMISTON. REC CTR,U.S. House,3,REP,Mike Rogers,61
Talladega,0007 BEMISTON. REC CTR,U.S. House,3,REP,Terri LaPoint,10
Talladega,0007 BEMISTON. REC CTR,U.S. Senate,,DEM,Dakarai Larriett,9
Talladega,0007 BEMISTON. REC CTR,U.S. Senate,,DEM,Everett Wess,10
Talladega,0007 BEMISTON. REC CTR,U.S. Senate,,DEM,Kyle Sweetser,7
Talladega,0007 BEMISTON. REC CTR,U.S. Senate,,DEM,Mark S. Wheeler II,8
Talladega,0007 BEMISTON. REC CTR,U.S. Senate,,REP,Barry Moore,16
Talladega,0007 BEMISTON. REC CTR,U.S. Senate,,REP,Dale Shelton Deas Jr.,0
Talladega,0007 BEMISTON. REC CTR,U.S. Senate,,REP,Jared Hudson,5
Talladega,0007 BEMISTON. REC CTR,U.S. Senate,,REP,Morgan Murphy,2
Talladega,0007 BEMISTON. REC CTR,U.S. Senate,,REP,Rodney Walker,27
Talladega,0007 BEMISTON. REC CTR,U.S. Senate,,REP,Seth Burton,5
Talladega,0007 BEMISTON. REC CTR,U.S. Senate,,REP,Steve Marshall,15
Talladega,0008 MABRA CTR,Attorney General,,REP,Jay Mitchell,32
Talladega,0008 MABRA CTR,Attorney General,,REP,Katherine Robertson,19
Talladega,0008 MABRA CTR,Attorney General,,REP,Pamela L. Casey,9
Talladega,0008 MABRA CTR,Commissioner of Agriculture and Industries,,REP,Christina Woerner McInnis,18
Talladega,0008 MABRA CTR,Commissioner of Agriculture and Industries,,REP,Cory Hill,16
Talladega,0008 MABRA CTR,Commissioner of Agriculture and Industries,,REP,Jack Williams,26
Talladega,0008 MABRA CTR,"District Court Judge, Talladega County Place No 1",,REP,Huel M. Love III,31
Talladega,0008 MABRA CTR,"District Court Judge, Talladega County Place No 1",,REP,J. Scott Brewer,33
Talladega,0008 MABRA CTR,"District Court Judge, Talladega County, Place No 2",,REP,Angie Walker Slaten,15
Talladega,0008 MABRA CTR,"District Court Judge, Talladega County, Place No 2",,REP,Dale Price,33
Talladega,0008 MABRA CTR,"District Court Judge, Talladega County, Place No 2",,REP,Nicholas J. Beckham,16
Talladega,0008 MABRA CTR,Governor,,DEM,"Chad ""Chig"" Martin",2
Talladega,0008 MABRA CTR,Governor,,DEM,Doug Jones,579
Talladega,0008 MABRA CTR,Governor,,DEM,Jamel J. Brown,27
Talladega,0008 MABRA CTR,Governor,,DEM,"Nathan ""Nate"" Mathis",1
Talladega,0008 MABRA CTR,Governor,,DEM,Will Boyd,93
Talladega,0008 MABRA CTR,Governor,,DEM,Yolanda Rochelle Flowers,15
Talladega,0008 MABRA CTR,Governor,,REP,"""Alabama"" Will Santivasci",7
Talladega,0008 MABRA CTR,Governor,,REP,Ken McFeeters,1
Talladega,0008 MABRA CTR,Governor,,REP,Thomas Tuberville,56
Talladega,0008 MABRA CTR,Lieutenant Governor,,DEM,Darryl D. Perryman,145
Talladega,0008 MABRA CTR,Lieutenant Governor,,DEM,Phillip Ensler,540
Talladega,0008 MABRA CTR,Lieutenant Governor,,REP,George Childress,0
Talladega,0008 MABRA CTR,Lieutenant Governor,,REP,John Wahl,27
Talladega,0008 MABRA CTR,Lieutenant Governor,,REP,Nicole Jones Wadsworth,2
Talladega,0008 MABRA CTR,Lieutenant Governor,,REP,Pat Bishop,4
Talladega,0008 MABRA CTR,Lieutenant Governor,,REP,Rick Pate,5
Talladega,0008 MABRA CTR,Lieutenant Governor,,REP,Stewart Hill Tankersley,2
Talladega,0008 MABRA CTR,Lieutenant Governor,,REP,Wes Allen,21
Talladega,0008 MABRA CTR,"Public Service Commission, Place No. 2",,REP,Brent Woodall,7
Talladega,0008 MABRA CTR,"Public Service Commission, Place No. 2",,REP,Chris Beeker,13
Talladega,0008 MABRA CTR,"Public Service Commission, Place No. 2",,REP,Jim Zig Zeigler,34
Talladega,0008 MABRA CTR,"Public Service Commission, Place No. 2",,REP,Priscilla Andrews,5
Talladega,0008 MABRA CTR,"Public Service Commissioner, Place 1",,DEM,James O. Gordon,611
Talladega,0008 MABRA CTR,"Public Service Commissioner, Place 1",,DEM,Jeff Ramsey,41
Talladega,0008 MABRA CTR,"Public Service Commissioner, Place 1",,DEM,John Northrop,32
Talladega,0008 MABRA CTR,Secretary of State,,REP,Caroleene Dobson,34
Talladega,0008 MABRA CTR,Secretary of State,,REP,Christopher Christian Horn,16
Talladega,0008 MABRA CTR,Secretary of State,,REP,Glenda S. Jackson,6
Talladega,0008 MABRA CTR,State Auditor,,REP,Andrew Sorrell,42
Talladega,0008 MABRA CTR,State Auditor,,REP,Derek Chen,19
Talladega,0008 MABRA CTR,State Board of Education,6,REP,Cathi Bradford,31
Talladega,0008 MABRA CTR,State Board of Education,6,REP,Marie Manning,22
Talladega,0008 MABRA CTR,State Democratic Executive Committee,,DEM,Alberta McCrory,11
Talladega,0008 MABRA CTR,State Democratic Executive Committee,,DEM,Barbara Bigsby Boyd,626
Talladega,0008 MABRA CTR,State Democratic Executive Committee,,DEM,Destry Gilmore,0
Talladega,0008 MABRA CTR,State Democratic Executive Committee,,DEM,Harry Gilliam,0
Talladega,0008 MABRA CTR,State Democratic Executive Committee,,DEM,Kelsey Girdwood,15
Talladega,0008 MABRA CTR,State Democratic Executive Committee,,DEM,Michelle D Jones,49
Talladega,0008 MABRA CTR,State House,32,DEM,David E. Reddick,277
Talladega,0008 MABRA CTR,State House,32,DEM,Debra D Foster,397
Talladega,0008 MABRA CTR,"State Republican Executive Committee, Talladega County Place No 2",,REP,Laura Barlow Heath,26
Talladega,0008 MABRA CTR,"State Republican Executive Committee, Talladega County Place No 2",,REP,Paxton Walker,27
Talladega,0008 MABRA CTR,"State Republican Executive Committee, Talladega County Place No 3",,REP,Jada R. Thomas Combs,14
Talladega,0008 MABRA CTR,"State Republican Executive Committee, Talladega County Place No 3",,REP,Phillip Morris,39
Talladega,0008 MABRA CTR,State Treasurer,,REP,Steve Lolley,20
Talladega,0008 MABRA CTR,State Treasurer,,REP,Young Boozer,37
Talladega,0008 MABRA CTR,U.S. House,3,REP,Mike Rogers,51
Talladega,0008 MABRA CTR,U.S. House,3,REP,Terri LaPoint,10
Talladega,0008 MABRA CTR,U.S. Senate,,DEM,Dakarai Larriett,65
Talladega,0008 MABRA CTR,U.S. Senate,,DEM,Everett Wess,572
Talladega,0008 MABRA CTR,U.S. Senate,,DEM,Kyle Sweetser,25
Talladega,0008 MABRA CTR,U.S. Senate,,DEM,Mark S. Wheeler II,27
Talladega,0008 MABRA CTR,U.S. Senate,,REP,Barry Moore,21
Talladega,0008 MABRA CTR,U.S. Senate,,REP,Dale Shelton Deas Jr.,4
Talladega,0008 MABRA CTR,U.S. Senate,,REP,Jared Hudson,8
Talladega,0008 MABRA CTR,U.S. Senate,,REP,Morgan Murphy,1
Talladega,0008 MABRA CTR,U.S. Senate,,REP,Rodney Walker,12
Talladega,0008 MABRA CTR,U.S. Senate,,REP,Seth Burton,2
Talladega,0008 MABRA CTR,U.S. Senate,,REP,Steve Marshall,16
Talladega,0009 KINGSTON BAPT CH,Attorney General,,REP,Jay Mitchell,7
Talladega,0009 KINGSTON BAPT CH,Attorney General,,REP,Katherine Robertson,16
Talladega,0009 KINGSTON BAPT CH,Attorney General,,REP,Pamela L. Casey,3
Talladega,0009 KINGSTON BAPT CH,Commissioner of Agriculture and Industries,,REP,Christina Woerner McInnis,7
Talladega,0009 KINGSTON BAPT CH,Commissioner of Agriculture and Industries,,REP,Cory Hill,7
Talladega,0009 KINGSTON BAPT CH,Commissioner of Agriculture and Industries,,REP,Jack Williams,12
Talladega,0009 KINGSTON BAPT CH,"District Court Judge, Talladega County Place No 1",,REP,Huel M. Love III,14
Talladega,0009 KINGSTON BAPT CH,"District Court Judge, Talladega County Place No 1",,REP,J. Scott Brewer,12
Talladega,0009 KINGSTON BAPT CH,"District Court Judge, Talladega County, Place No 2",,REP,Angie Walker Slaten,5
Talladega,0009 KINGSTON BAPT CH,"District Court Judge, Talladega County, Place No 2",,REP,Dale Price,19
Talladega,0009 KINGSTON BAPT CH,"District Court Judge, Talladega County, Place No 2",,REP,Nicholas J. Beckham,2
Talladega,0009 KINGSTON BAPT CH,Governor,,DEM,"Chad ""Chig"" Martin",0
Talladega,0009 KINGSTON BAPT CH,Governor,,DEM,Doug Jones,96
Talladega,0009 KINGSTON BAPT CH,Governor,,DEM,Jamel J. Brown,4
Talladega,0009 KINGSTON BAPT CH,Governor,,DEM,"Nathan ""Nate"" Mathis",0
Talladega,0009 KINGSTON BAPT CH,Governor,,DEM,Will Boyd,13
Talladega,0009 KINGSTON BAPT CH,Governor,,DEM,Yolanda Rochelle Flowers,5
Talladega,0009 KINGSTON BAPT CH,Governor,,REP,"""Alabama"" Will Santivasci",0
Talladega,0009 KINGSTON BAPT CH,Governor,,REP,Ken McFeeters,0
Talladega,0009 KINGSTON BAPT CH,Governor,,REP,Thomas Tuberville,25
Talladega,0009 KINGSTON BAPT CH,Lieutenant Governor,,DEM,Darryl D. Perryman,58
Talladega,0009 KINGSTON BAPT CH,Lieutenant Governor,,DEM,Phillip Ensler,49
Talladega,0009 KINGSTON BAPT CH,Lieutenant Governor,,REP,George Childress,1
Talladega,0009 KINGSTON BAPT CH,Lieutenant Governor,,REP,John Wahl,17
Talladega,0009 KINGSTON BAPT CH,Lieutenant Governor,,REP,Nicole Jones Wadsworth,0
Talladega,0009 KINGSTON BAPT CH,Lieutenant Governor,,REP,Pat Bishop,0
Talladega,0009 KINGSTON BAPT CH,Lieutenant Governor,,REP,Rick Pate,0
Talladega,0009 KINGSTON BAPT CH,Lieutenant Governor,,REP,Stewart Hill Tankersley,0
Talladega,0009 KINGSTON BAPT CH,Lieutenant Governor,,REP,Wes Allen,8
Talladega,0009 KINGSTON BAPT CH,"Public Service Commission, Place No. 2",,REP,Brent Woodall,1
Talladega,0009 KINGSTON BAPT CH,"Public Service Commission, Place No. 2",,REP,Chris Beeker,3
Talladega,0009 KINGSTON BAPT CH,"Public Service Commission, Place No. 2",,REP,Jim Zig Zeigler,17
Talladega,0009 KINGSTON BAPT CH,"Public Service Commission, Place No. 2",,REP,Priscilla Andrews,5
Talladega,0009 KINGSTON BAPT CH,"Public Service Commissioner, Place 1",,DEM,James O. Gordon,73
Talladega,0009 KINGSTON BAPT CH,"Public Service Commissioner, Place 1",,DEM,Jeff Ramsey,20
Talladega,0009 KINGSTON BAPT CH,"Public Service Commissioner, Place 1",,DEM,John Northrop,17
Talladega,0009 KINGSTON BAPT CH,Secretary of State,,REP,Caroleene Dobson,14
Talladega,0009 KINGSTON BAPT CH,Secretary of State,,REP,Christopher Christian Horn,8
Talladega,0009 KINGSTON BAPT CH,Secretary of State,,REP,Glenda S. Jackson,1
Talladega,0009 KINGSTON BAPT CH,State Auditor,,REP,Andrew Sorrell,13
Talladega,0009 KINGSTON BAPT CH,State Auditor,,REP,Derek Chen,12
Talladega,0009 KINGSTON BAPT CH,State Board of Education,6,REP,Cathi Bradford,11
Talladega,0009 KINGSTON BAPT CH,State Board of Education,6,REP,Marie Manning,13
Talladega,0009 KINGSTON BAPT CH,State Democratic Executive Committee,,DEM,Alberta McCrory,1
Talladega,0009 KINGSTON BAPT CH,State Democratic Executive Committee,,DEM,Barbara Bigsby Boyd,79
Talladega,0009 KINGSTON BAPT CH,State Democratic Executive Committee,,DEM,Kelsey Girdwood,1
Talladega,0009 KINGSTON BAPT CH,State Democratic Executive Committee,,DEM,Michelle D Jones,13
Talladega,0009 KINGSTON BAPT CH,State House,32,DEM,David E. Reddick,19
Talladega,0009 KINGSTON BAPT CH,State House,32,DEM,Debra D Foster,70
Talladega,0009 KINGSTON BAPT CH,"State Republican Executive Committee, Talladega County Place No 2",,REP,Laura Barlow Heath,13
Talladega,0009 KINGSTON BAPT CH,"State Republican Executive Committee, Talladega County Place No 2",,REP,Paxton Walker,10
Talladega,0009 KINGSTON BAPT CH,"State Republican Executive Committee, Talladega County Place No 3",,REP,Jada R. Thomas Combs,6
Talladega,0009 KINGSTON BAPT CH,"State Republican Executive Committee, Talladega County Place No 3",,REP,Phillip Morris,18
Talladega,0009 KINGSTON BAPT CH,State Treasurer,,REP,Steve Lolley,6
Talladega,0009 KINGSTON BAPT CH,State Treasurer,,REP,Young Boozer,19
Talladega,0009 KINGSTON BAPT CH,U.S. House,3,REP,Mike Rogers,23
Talladega,0009 KINGSTON BAPT CH,U.S. House,3,REP,Terri LaPoint,1
Talladega,0009 KINGSTON BAPT CH,U.S. Senate,,DEM,Dakarai Larriett,22
Talladega,0009 KINGSTON BAPT CH,U.S. Senate,,DEM,Everett Wess,60
Talladega,0009 KINGSTON BAPT CH,U.S. Senate,,DEM,Kyle Sweetser,9
Talladega,0009 KINGSTON BAPT CH,U.S. Senate,,DEM,Mark S. Wheeler II,17
Talladega,0009 KINGSTON BAPT CH,U.S. Senate,,REP,Barry Moore,11
Talladega,0009 KINGSTON BAPT CH,U.S. Senate,,REP,Dale Shelton Deas Jr.,1
Talladega,0009 KINGSTON BAPT CH,U.S. Senate,,REP,Jared Hudson,2
Talladega,0009 KINGSTON BAPT CH,U.S. Senate,,REP,Morgan Murphy,0
Talladega,0009 KINGSTON BAPT CH,U.S. Senate,,REP,Rodney Walker,2
Talladega,0009 KINGSTON BAPT CH,U.S. Senate,,REP,Seth Burton,0
Talladega,0009 KINGSTON BAPT CH,U.S. Senate,,REP,Steve Marshall,10
Talladega,0010 CO CENTRAL HS GYM,Attorney General,,REP,Jay Mitchell,5
Talladega,0010 CO CENTRAL HS GYM,Attorney General,,REP,Katherine Robertson,25
Talladega,0010 CO CENTRAL HS GYM,Attorney General,,REP,Pamela L. Casey,8
Talladega,0010 CO CENTRAL HS GYM,Commissioner of Agriculture and Industries,,REP,Christina Woerner McInnis,10
Talladega,0010 CO CENTRAL HS GYM,Commissioner of Agriculture and Industries,,REP,Cory Hill,7
Talladega,0010 CO CENTRAL HS GYM,Commissioner of Agriculture and Industries,,REP,Jack Williams,19
Talladega,0010 CO CENTRAL HS GYM,"District Court Judge, Talladega County Place No 1",,REP,Huel M. Love III,13
Talladega,0010 CO CENTRAL HS GYM,"District Court Judge, Talladega County Place No 1",,REP,J. Scott Brewer,24
Talladega,0010 CO CENTRAL HS GYM,"District Court Judge, Talladega County, Place No 2",,REP,Angie Walker Slaten,8
Talladega,0010 CO CENTRAL HS GYM,"District Court Judge, Talladega County, Place No 2",,REP,Dale Price,19
Talladega,0010 CO CENTRAL HS GYM,"District Court Judge, Talladega County, Place No 2",,REP,Nicholas J. Beckham,9
Talladega,0010 CO CENTRAL HS GYM,Governor,,DEM,"Chad ""Chig"" Martin",1
Talladega,0010 CO CENTRAL HS GYM,Governor,,DEM,Doug Jones,97
Talladega,0010 CO CENTRAL HS GYM,Governor,,DEM,Jamel J. Brown,4
Talladega,0010 CO CENTRAL HS GYM,Governor,,DEM,"Nathan ""Nate"" Mathis",0
Talladega,0010 CO CENTRAL HS GYM,Governor,,DEM,Will Boyd,10
Talladega,0010 CO CENTRAL HS GYM,Governor,,DEM,Yolanda Rochelle Flowers,4
Talladega,0010 CO CENTRAL HS GYM,Governor,,REP,"""Alabama"" Will Santivasci",0
Talladega,0010 CO CENTRAL HS GYM,Governor,,REP,Ken McFeeters,4
Talladega,0010 CO CENTRAL HS GYM,Governor,,REP,Thomas Tuberville,35
Talladega,0010 CO CENTRAL HS GYM,Lieutenant Governor,,DEM,Darryl D. Perryman,22
Talladega,0010 CO CENTRAL HS GYM,Lieutenant Governor,,DEM,Phillip Ensler,90
Talladega,0010 CO CENTRAL HS GYM,Lieutenant Governor,,REP,George Childress,1
Talladega,0010 CO CENTRAL HS GYM,Lieutenant Governor,,REP,John Wahl,19
Talladega,0010 CO CENTRAL HS GYM,Lieutenant Governor,,REP,Nicole Jones Wadsworth,2
Talladega,0010 CO CENTRAL HS GYM,Lieutenant Governor,,REP,Pat Bishop,0
Talladega,0010 CO CENTRAL HS GYM,Lieutenant Governor,,REP,Rick Pate,5
Talladega,0010 CO CENTRAL HS GYM,Lieutenant Governor,,REP,Stewart Hill Tankersley,0
Talladega,0010 CO CENTRAL HS GYM,Lieutenant Governor,,REP,Wes Allen,11
Talladega,0010 CO CENTRAL HS GYM,"Public Service Commission, Place No. 2",,REP,Brent Woodall,5
Talladega,0010 CO CENTRAL HS GYM,"Public Service Commission, Place No. 2",,REP,Chris Beeker,15
Talladega,0010 CO CENTRAL HS GYM,"Public Service Commission, Place No. 2",,REP,Jim Zig Zeigler,13
Talladega,0010 CO CENTRAL HS GYM,"Public Service Commission, Place No. 2",,REP,Priscilla Andrews,3
Talladega,0010 CO CENTRAL HS GYM,"Public Service Commissioner, Place 1",,DEM,James O. Gordon,96
Talladega,0010 CO CENTRAL HS GYM,"Public Service Commissioner, Place 1",,DEM,Jeff Ramsey,8
Talladega,0010 CO CENTRAL HS GYM,"Public Service Commissioner, Place 1",,DEM,John Northrop,6
Talladega,0010 CO CENTRAL HS GYM,Secretary of State,,REP,Caroleene Dobson,24
Talladega,0010 CO CENTRAL HS GYM,Secretary of State,,REP,Christopher Christian Horn,7
Talladega,0010 CO CENTRAL HS GYM,Secretary of State,,REP,Glenda S. Jackson,7
Talladega,0010 CO CENTRAL HS GYM,State Auditor,,REP,Andrew Sorrell,19
Talladega,0010 CO CENTRAL HS GYM,State Auditor,,REP,Derek Chen,16
Talladega,0010 CO CENTRAL HS GYM,State Board of Education,6,REP,Cathi Bradford,26
Talladega,0010 CO CENTRAL HS GYM,State Board of Education,6,REP,Marie Manning,11
Talladega,0010 CO CENTRAL HS GYM,State Democratic Executive Committee,,DEM,Alberta McCrory,1
Talladega,0010 CO CENTRAL HS GYM,State Democratic Executive Committee,,DEM,Barbara Bigsby Boyd,105
Talladega,0010 CO CENTRAL HS GYM,State Democratic Executive Committee,,DEM,Kelsey Girdwood,1
Talladega,0010 CO CENTRAL HS GYM,State Democratic Executive Committee,,DEM,Michelle D Jones,4
Talladega,0010 CO CENTRAL HS GYM,State House,32,DEM,David E. Reddick,29
Talladega,0010 CO CENTRAL HS GYM,State House,32,DEM,Debra D Foster,79
Talladega,0010 CO CENTRAL HS GYM,"State Republican Executive Committee, Talladega County Place No 2",,REP,Laura Barlow Heath,16
Talladega,0010 CO CENTRAL HS GYM,"State Republican Executive Committee, Talladega County Place No 2",,REP,Paxton Walker,18
Talladega,0010 CO CENTRAL HS GYM,"State Republican Executive Committee, Talladega County Place No 3",,REP,Jada R. Thomas Combs,6
Talladega,0010 CO CENTRAL HS GYM,"State Republican Executive Committee, Talladega County Place No 3",,REP,Phillip Morris,28
Talladega,0010 CO CENTRAL HS GYM,State Treasurer,,REP,Steve Lolley,16
Talladega,0010 CO CENTRAL HS GYM,State Treasurer,,REP,Young Boozer,22
Talladega,0010 CO CENTRAL HS GYM,U.S. House,3,REP,Mike Rogers,36
Talladega,0010 CO CENTRAL HS GYM,U.S. House,3,REP,Terri LaPoint,2
Talladega,0010 CO CENTRAL HS GYM,U.S. Senate,,DEM,Dakarai Larriett,9
Talladega,0010 CO CENTRAL HS GYM,U.S. Senate,,DEM,Everett Wess,97
Talladega,0010 CO CENTRAL HS GYM,U.S. Senate,,DEM,Kyle Sweetser,2
Talladega,0010 CO CENTRAL HS GYM,U.S. Senate,,DEM,Mark S. Wheeler II,5
Talladega,0010 CO CENTRAL HS GYM,U.S. Senate,,REP,Barry Moore,16
Talladega,0010 CO CENTRAL HS GYM,U.S. Senate,,REP,Dale Shelton Deas Jr.,0
Talladega,0010 CO CENTRAL HS GYM,U.S. Senate,,REP,Jared Hudson,4
Talladega,0010 CO CENTRAL HS GYM,U.S. Senate,,REP,Morgan Murphy,0
Talladega,0010 CO CENTRAL HS GYM,U.S. Senate,,REP,Rodney Walker,3
Talladega,0010 CO CENTRAL HS GYM,U.S. Senate,,REP,Seth Burton,2
Talladega,0010 CO CENTRAL HS GYM,U.S. Senate,,REP,Steve Marshall,13
Talladega,0011 BETHEL BAPT CH,Attorney General,,REP,Jay Mitchell,20
Talladega,0011 BETHEL BAPT CH,Attorney General,,REP,Katherine Robertson,27
Talladega,0011 BETHEL BAPT CH,Attorney General,,REP,Pamela L. Casey,5
Talladega,0011 BETHEL BAPT CH,Commissioner of Agriculture and Industries,,REP,Christina Woerner McInnis,17
Talladega,0011 BETHEL BAPT CH,Commissioner of Agriculture and Industries,,REP,Cory Hill,23
Talladega,0011 BETHEL BAPT CH,Commissioner of Agriculture and Industries,,REP,Jack Williams,13
Talladega,0011 BETHEL BAPT CH,"District Court Judge, Talladega County Place No 1",,REP,Huel M. Love III,22
Talladega,0011 BETHEL BAPT CH,"District Court Judge, Talladega County Place No 1",,REP,J. Scott Brewer,32
Talladega,0011 BETHEL BAPT CH,"District Court Judge, Talladega County, Place No 2",,REP,Angie Walker Slaten,12
Talladega,0011 BETHEL BAPT CH,"District Court Judge, Talladega County, Place No 2",,REP,Dale Price,27
Talladega,0011 BETHEL BAPT CH,"District Court Judge, Talladega County, Place No 2",,REP,Nicholas J. Beckham,14
Talladega,0011 BETHEL BAPT CH,Governor,,DEM,"Chad ""Chig"" Martin",1
Talladega,0011 BETHEL BAPT CH,Governor,,DEM,Doug Jones,173
Talladega,0011 BETHEL BAPT CH,Governor,,DEM,Jamel J. Brown,4
Talladega,0011 BETHEL BAPT CH,Governor,,DEM,"Nathan ""Nate"" Mathis",1
Talladega,0011 BETHEL BAPT CH,Governor,,DEM,Will Boyd,14
Talladega,0011 BETHEL BAPT CH,Governor,,DEM,Yolanda Rochelle Flowers,11
Talladega,0011 BETHEL BAPT CH,Governor,,REP,"""Alabama"" Will Santivasci",1
Talladega,0011 BETHEL BAPT CH,Governor,,REP,Ken McFeeters,2
Talladega,0011 BETHEL BAPT CH,Governor,,REP,Thomas Tuberville,56
Talladega,0011 BETHEL BAPT CH,Lieutenant Governor,,DEM,Darryl D. Perryman,53
Talladega,0011 BETHEL BAPT CH,Lieutenant Governor,,DEM,Phillip Ensler,146
Talladega,0011 BETHEL BAPT CH,Lieutenant Governor,,REP,George Childress,0
Talladega,0011 BETHEL BAPT CH,Lieutenant Governor,,REP,John Wahl,30
Talladega,0011 BETHEL BAPT CH,Lieutenant Governor,,REP,Nicole Jones Wadsworth,1
Talladega,0011 BETHEL BAPT CH,Lieutenant Governor,,REP,Pat Bishop,3
Talladega,0011 BETHEL BAPT CH,Lieutenant Governor,,REP,Rick Pate,2
Talladega,0011 BETHEL BAPT CH,Lieutenant Governor,,REP,Stewart Hill Tankersley,0
Talladega,0011 BETHEL BAPT CH,Lieutenant Governor,,REP,Wes Allen,21
Talladega,0011 BETHEL BAPT CH,"Public Service Commission, Place No. 2",,REP,Brent Woodall,3
Talladega,0011 BETHEL BAPT CH,"Public Service Commission, Place No. 2",,REP,Chris Beeker,16
Talladega,0011 BETHEL BAPT CH,"Public Service Commission, Place No. 2",,REP,Jim Zig Zeigler,27
Talladega,0011 BETHEL BAPT CH,"Public Service Commission, Place No. 2",,REP,Priscilla Andrews,3
Talladega,0011 BETHEL BAPT CH,"Public Service Commissioner, Place 1",,DEM,James O. Gordon,161
Talladega,0011 BETHEL BAPT CH,"Public Service Commissioner, Place 1",,DEM,Jeff Ramsey,19
Talladega,0011 BETHEL BAPT CH,"Public Service Commissioner, Place 1",,DEM,John Northrop,15
Talladega,0011 BETHEL BAPT CH,Secretary of State,,REP,Caroleene Dobson,32
Talladega,0011 BETHEL BAPT CH,Secretary of State,,REP,Christopher Christian Horn,10
Talladega,0011 BETHEL BAPT CH,Secretary of State,,REP,Glenda S. Jackson,7
Talladega,0011 BETHEL BAPT CH,State Auditor,,REP,Andrew Sorrell,35
Talladega,0011 BETHEL BAPT CH,State Auditor,,REP,Derek Chen,16
Talladega,0011 BETHEL BAPT CH,State Board of Education,6,REP,Cathi Bradford,34
Talladega,0011 BETHEL BAPT CH,State Board of Education,6,REP,Marie Manning,15
Talladega,0011 BETHEL BAPT CH,State Democratic Executive Committee,,DEM,Alberta McCrory,2
Talladega,0011 BETHEL BAPT CH,State Democratic Executive Committee,,DEM,Barbara Bigsby Boyd,152
Talladega,0011 BETHEL BAPT CH,State Democratic Executive Committee,,DEM,Kelsey Girdwood,2
Talladega,0011 BETHEL BAPT CH,State Democratic Executive Committee,,DEM,Michelle D Jones,20
Talladega,0011 BETHEL BAPT CH,State House,32,DEM,David E. Reddick,37
Talladega,0011 BETHEL BAPT CH,State House,32,DEM,Debra D Foster,135
Talladega,0011 BETHEL BAPT CH,"State Republican Executive Committee, Talladega County Place No 2",,REP,Laura Barlow Heath,25
Talladega,0011 BETHEL BAPT CH,"State Republican Executive Committee, Talladega County Place No 2",,REP,Paxton Walker,22
Talladega,0011 BETHEL BAPT CH,"State Republican Executive Committee, Talladega County Place No 3",,REP,Jada R. Thomas Combs,10
Talladega,0011 BETHEL BAPT CH,"State Republican Executive Committee, Talladega County Place No 3",,REP,Phillip Morris,36
Talladega,0011 BETHEL BAPT CH,State Treasurer,,REP,Steve Lolley,14
Talladega,0011 BETHEL BAPT CH,State Treasurer,,REP,Young Boozer,38
Talladega,0011 BETHEL BAPT CH,U.S. House,3,REP,Mike Rogers,53
Talladega,0011 BETHEL BAPT CH,U.S. House,3,REP,Terri LaPoint,6
Talladega,0011 BETHEL BAPT CH,U.S. Senate,,DEM,Dakarai Larriett,30
Talladega,0011 BETHEL BAPT CH,U.S. Senate,,DEM,Everett Wess,134
Talladega,0011 BETHEL BAPT CH,U.S. Senate,,DEM,Kyle Sweetser,10
Talladega,0011 BETHEL BAPT CH,U.S. Senate,,DEM,Mark S. Wheeler II,20
Talladega,0011 BETHEL BAPT CH,U.S. Senate,,REP,Barry Moore,23
Talladega,0011 BETHEL BAPT CH,U.S. Senate,,REP,Dale Shelton Deas Jr.,1
Talladega,0011 BETHEL BAPT CH,U.S. Senate,,REP,Jared Hudson,9
Talladega,0011 BETHEL BAPT CH,U.S. Senate,,REP,Morgan Murphy,0
Talladega,0011 BETHEL BAPT CH,U.S. Senate,,REP,Rodney Walker,5
Talladega,0011 BETHEL BAPT CH,U.S. Senate,,REP,Seth Burton,1
Talladega,0011 BETHEL BAPT CH,U.S. Senate,,REP,Steve Marshall,18
Talladega,0012 WINTERBORO VFD,Attorney General,,REP,Jay Mitchell,85
Talladega,0012 WINTERBORO VFD,Attorney General,,REP,Katherine Robertson,120
Talladega,0012 WINTERBORO VFD,Attorney General,,REP,Pamela L. Casey,37
Talladega,0012 WINTERBORO VFD,Commissioner of Agriculture and Industries,,REP,Christina Woerner McInnis,59
Talladega,0012 WINTERBORO VFD,Commissioner of Agriculture and Industries,,REP,Cory Hill,76
Talladega,0012 WINTERBORO VFD,Commissioner of Agriculture and Industries,,REP,Jack Williams,102
Talladega,0012 WINTERBORO VFD,"District Court Judge, Talladega County Place No 1",,REP,Huel M. Love III,66
Talladega,0012 WINTERBORO VFD,"District Court Judge, Talladega County Place No 1",,REP,J. Scott Brewer,181
Talladega,0012 WINTERBORO VFD,"District Court Judge, Talladega County, Place No 2",,REP,Angie Walker Slaten,70
Talladega,0012 WINTERBORO VFD,"District Court Judge, Talladega County, Place No 2",,REP,Dale Price,161
Talladega,0012 WINTERBORO VFD,"District Court Judge, Talladega County, Place No 2",,REP,Nicholas J. Beckham,22
Talladega,0012 WINTERBORO VFD,Governor,,DEM,"Chad ""Chig"" Martin",0
Talladega,0012 WINTERBORO VFD,Governor,,DEM,Doug Jones,280
Talladega,0012 WINTERBORO VFD,Governor,,DEM,Jamel J. Brown,10
Talladega,0012 WINTERBORO VFD,Governor,,DEM,"Nathan ""Nate"" Mathis",2
Talladega,0012 WINTERBORO VFD,Governor,,DEM,Will Boyd,25
Talladega,0012 WINTERBORO VFD,Governor,,DEM,Yolanda Rochelle Flowers,2
Talladega,0012 WINTERBORO VFD,Governor,,REP,"""Alabama"" Will Santivasci",13
Talladega,0012 WINTERBORO VFD,Governor,,REP,Ken McFeeters,9
Talladega,0012 WINTERBORO VFD,Governor,,REP,Thomas Tuberville,235
Talladega,0012 WINTERBORO VFD,Lieutenant Governor,,DEM,Darryl D. Perryman,125
Talladega,0012 WINTERBORO VFD,Lieutenant Governor,,DEM,Phillip Ensler,185
Talladega,0012 WINTERBORO VFD,Lieutenant Governor,,REP,George Childress,0
Talladega,0012 WINTERBORO VFD,Lieutenant Governor,,REP,John Wahl,95
Talladega,0012 WINTERBORO VFD,Lieutenant Governor,,REP,Nicole Jones Wadsworth,2
Talladega,0012 WINTERBORO VFD,Lieutenant Governor,,REP,Pat Bishop,3
Talladega,0012 WINTERBORO VFD,Lieutenant Governor,,REP,Rick Pate,20
Talladega,0012 WINTERBORO VFD,Lieutenant Governor,,REP,Stewart Hill Tankersley,5
Talladega,0012 WINTERBORO VFD,Lieutenant Governor,,REP,Wes Allen,124
Talladega,0012 WINTERBORO VFD,"Public Service Commission, Place No. 2",,REP,Brent Woodall,19
Talladega,0012 WINTERBORO VFD,"Public Service Commission, Place No. 2",,REP,Chris Beeker,84
Talladega,0012 WINTERBORO VFD,"Public Service Commission, Place No. 2",,REP,Jim Zig Zeigler,129
Talladega,0012 WINTERBORO VFD,"Public Service Commission, Place No. 2",,REP,Priscilla Andrews,9
Talladega,0012 WINTERBORO VFD,"Public Service Commissioner, Place 1",,DEM,James O. Gordon,232
Talladega,0012 WINTERBORO VFD,"Public Service Commissioner, Place 1",,DEM,Jeff Ramsey,49
Talladega,0012 WINTERBORO VFD,"Public Service Commissioner, Place 1",,DEM,John Northrop,31
Talladega,0012 WINTERBORO VFD,Secretary of State,,REP,Caroleene Dobson,162
Talladega,0012 WINTERBORO VFD,Secretary of State,,REP,Christopher Christian Horn,53
Talladega,0012 WINTERBORO VFD,Secretary of State,,REP,Glenda S. Jackson,18
Talladega,0012 WINTERBORO VFD,State Auditor,,REP,Andrew Sorrell,153
Talladega,0012 WINTERBORO VFD,State Auditor,,REP,Derek Chen,85
Talladega,0012 WINTERBORO VFD,State Board of Education,6,REP,Cathi Bradford,131
Talladega,0012 WINTERBORO VFD,State Board of Education,6,REP,Marie Manning,78
Talladega,0012 WINTERBORO VFD,State Democratic Executive Committee,,DEM,Alberta McCrory,6
Talladega,0012 WINTERBORO VFD,State Democratic Executive Committee,,DEM,Barbara Bigsby Boyd,140
Talladega,0012 WINTERBORO VFD,State Democratic Executive Committee,,DEM,Kelsey Girdwood,4
Talladega,0012 WINTERBORO VFD,State Democratic Executive Committee,,DEM,Michelle D Jones,17
Talladega,0012 WINTERBORO VFD,State House,32,DEM,David E. Reddick,47
Talladega,0012 WINTERBORO VFD,State House,32,DEM,Debra D Foster,115
Talladega,0012 WINTERBORO VFD,"State Republican Executive Committee, Talladega County Place No 2",,REP,Laura Barlow Heath,122
Talladega,0012 WINTERBORO VFD,"State Republican Executive Committee, Talladega County Place No 2",,REP,Paxton Walker,108
Talladega,0012 WINTERBORO VFD,"State Republican Executive Committee, Talladega County Place No 3",,REP,Jada R. Thomas Combs,57
Talladega,0012 WINTERBORO VFD,"State Republican Executive Committee, Talladega County Place No 3",,REP,Phillip Morris,176
Talladega,0012 WINTERBORO VFD,State Treasurer,,REP,Steve Lolley,63
Talladega,0012 WINTERBORO VFD,State Treasurer,,REP,Young Boozer,174
Talladega,0012 WINTERBORO VFD,U.S. House,3,REP,Mike Rogers,223
Talladega,0012 WINTERBORO VFD,U.S. House,3,REP,Terri LaPoint,20
Talladega,0012 WINTERBORO VFD,U.S. Senate,,DEM,Dakarai Larriett,50
Talladega,0012 WINTERBORO VFD,U.S. Senate,,DEM,Everett Wess,200
Talladega,0012 WINTERBORO VFD,U.S. Senate,,DEM,Kyle Sweetser,23
Talladega,0012 WINTERBORO VFD,U.S. Senate,,DEM,Mark S. Wheeler II,38
Talladega,0012 WINTERBORO VFD,U.S. Senate,,REP,Barry Moore,68
Talladega,0012 WINTERBORO VFD,U.S. Senate,,REP,Dale Shelton Deas Jr.,3
Talladega,0012 WINTERBORO VFD,U.S. Senate,,REP,Jared Hudson,66
Talladega,0012 WINTERBORO VFD,U.S. Senate,,REP,Morgan Murphy,1
Talladega,0012 WINTERBORO VFD,U.S. Senate,,REP,Rodney Walker,17
Talladega,0012 WINTERBORO VFD,U.S. Senate,,REP,Seth Burton,4
Talladega,0012 WINTERBORO VFD,U.S. Senate,,REP,Steve Marshall,94
Talladega,0013 BERNEYS STATION VFD,Attorney General,,REP,Jay Mitchell,12
Talladega,0013 BERNEYS STATION VFD,Attorney General,,REP,Katherine Robertson,13
Talladega,0013 BERNEYS STATION VFD,Attorney General,,REP,Pamela L. Casey,1
Talladega,0013 BERNEYS STATION VFD,Commissioner of Agriculture and Industries,,REP,Christina Woerner McInnis,9
Talladega,0013 BERNEYS STATION VFD,Commissioner of Agriculture and Industries,,REP,Cory Hill,12
Talladega,0013 BERNEYS STATION VFD,Commissioner of Agriculture and Industries,,REP,Jack Williams,5
Talladega,0013 BERNEYS STATION VFD,"District Court Judge, Talladega County Place No 1",,REP,Huel M. Love III,15
Talladega,0013 BERNEYS STATION VFD,"District Court Judge, Talladega County Place No 1",,REP,J. Scott Brewer,16
Talladega,0013 BERNEYS STATION VFD,"District Court Judge, Talladega County, Place No 2",,REP,Angie Walker Slaten,6
Talladega,0013 BERNEYS STATION VFD,"District Court Judge, Talladega County, Place No 2",,REP,Dale Price,19
Talladega,0013 BERNEYS STATION VFD,"District Court Judge, Talladega County, Place No 2",,REP,Nicholas J. Beckham,4
Talladega,0013 BERNEYS STATION VFD,Governor,,DEM,"Chad ""Chig"" Martin",1
Talladega,0013 BERNEYS STATION VFD,Governor,,DEM,Doug Jones,98
Talladega,0013 BERNEYS STATION VFD,Governor,,DEM,Jamel J. Brown,2
Talladega,0013 BERNEYS STATION VFD,Governor,,DEM,"Nathan ""Nate"" Mathis",0
Talladega,0013 BERNEYS STATION VFD,Governor,,DEM,Will Boyd,10
Talladega,0013 BERNEYS STATION VFD,Governor,,DEM,Yolanda Rochelle Flowers,4
Talladega,0013 BERNEYS STATION VFD,Governor,,REP,"""Alabama"" Will Santivasci",0
Talladega,0013 BERNEYS STATION VFD,Governor,,REP,Ken McFeeters,2
Talladega,0013 BERNEYS STATION VFD,Governor,,REP,Thomas Tuberville,28
Talladega,0013 BERNEYS STATION VFD,Lieutenant Governor,,DEM,Darryl D. Perryman,58
Talladega,0013 BERNEYS STATION VFD,Lieutenant Governor,,DEM,Phillip Ensler,53
Talladega,0013 BERNEYS STATION VFD,Lieutenant Governor,,REP,George Childress,0
Talladega,0013 BERNEYS STATION VFD,Lieutenant Governor,,REP,John Wahl,10
Talladega,0013 BERNEYS STATION VFD,Lieutenant Governor,,REP,Nicole Jones Wadsworth,0
Talladega,0013 BERNEYS STATION VFD,Lieutenant Governor,,REP,Pat Bishop,0
Talladega,0013 BERNEYS STATION VFD,Lieutenant Governor,,REP,Rick Pate,2
Talladega,0013 BERNEYS STATION VFD,Lieutenant Governor,,REP,Stewart Hill Tankersley,0
Talladega,0013 BERNEYS STATION VFD,Lieutenant Governor,,REP,Wes Allen,14
Talladega,0013 BERNEYS STATION VFD,"Public Service Commission, Place No. 2",,REP,Brent Woodall,6
Talladega,0013 BERNEYS STATION VFD,"Public Service Commission, Place No. 2",,REP,Chris Beeker,6
Talladega,0013 BERNEYS STATION VFD,"Public Service Commission, Place No. 2",,REP,Jim Zig Zeigler,9
Talladega,0013 BERNEYS STATION VFD,"Public Service Commission, Place No. 2",,REP,Priscilla Andrews,3
Talladega,0013 BERNEYS STATION VFD,"Public Service Commissioner, Place 1",,DEM,James O. Gordon,69
Talladega,0013 BERNEYS STATION VFD,"Public Service Commissioner, Place 1",,DEM,Jeff Ramsey,25
Talladega,0013 BERNEYS STATION VFD,"Public Service Commissioner, Place 1",,DEM,John Northrop,12
Talladega,0013 BERNEYS STATION VFD,Secretary of State,,REP,Caroleene Dobson,14
Talladega,0013 BERNEYS STATION VFD,Secretary of State,,REP,Christopher Christian Horn,8
Talladega,0013 BERNEYS STATION VFD,Secretary of State,,REP,Glenda S. Jackson,1
Talladega,0013 BERNEYS STATION VFD,State Auditor,,REP,Andrew Sorrell,16
Talladega,0013 BERNEYS STATION VFD,State Auditor,,REP,Derek Chen,7
Talladega,0013 BERNEYS STATION VFD,State Board of Education,6,REP,Cathi Bradford,9
Talladega,0013 BERNEYS STATION VFD,State Board of Education,6,REP,Marie Manning,9
Talladega,0013 BERNEYS STATION VFD,State Democratic Executive Committee,,DEM,Alberta McCrory,6
Talladega,0013 BERNEYS STATION VFD,State Democratic Executive Committee,,DEM,Barbara Bigsby Boyd,53
Talladega,0013 BERNEYS STATION VFD,State Democratic Executive Committee,,DEM,Kelsey Girdwood,4
Talladega,0013 BERNEYS STATION VFD,State Democratic Executive Committee,,DEM,Michelle D Jones,10
Talladega,0013 BERNEYS STATION VFD,State House,32,DEM,David E. Reddick,20
Talladega,0013 BERNEYS STATION VFD,State House,32,DEM,Debra D Foster,51
Talladega,0013 BERNEYS STATION VFD,"State Republican Executive Committee, Talladega County Place No 2",,REP,Laura Barlow Heath,14
Talladega,0013 BERNEYS STATION VFD,"State Republican Executive Committee, Talladega County Place No 2",,REP,Paxton Walker,9
Talladega,0013 BERNEYS STATION VFD,"State Republican Executive Committee, Talladega County Place No 3",,REP,Jada R. Thomas Combs,4
Talladega,0013 BERNEYS STATION VFD,"State Republican Executive Committee, Talladega County Place No 3",,REP,Phillip Morris,18
Talladega,0013 BERNEYS STATION VFD,State Treasurer,,REP,Steve Lolley,8
Talladega,0013 BERNEYS STATION VFD,State Treasurer,,REP,Young Boozer,18
Talladega,0013 BERNEYS STATION VFD,U.S. House,3,REP,Mike Rogers,26
Talladega,0013 BERNEYS STATION VFD,U.S. House,3,REP,Terri LaPoint,4
Talladega,0013 BERNEYS STATION VFD,U.S. Senate,,DEM,Dakarai Larriett,23
Talladega,0013 BERNEYS STATION VFD,U.S. Senate,,DEM,Everett Wess,63
Talladega,0013 BERNEYS STATION VFD,U.S. Senate,,DEM,Kyle Sweetser,8
Talladega,0013 BERNEYS STATION VFD,U.S. Senate,,DEM,Mark S. Wheeler II,16
Talladega,0013 BERNEYS STATION VFD,U.S. Senate,,REP,Barry Moore,6
Talladega,0013 BERNEYS STATION VFD,U.S. Senate,,REP,Dale Shelton Deas Jr.,0
Talladega,0013 BERNEYS STATION VFD,U.S. Senate,,REP,Jared Hudson,2
Talladega,0013 BERNEYS STATION VFD,U.S. Senate,,REP,Morgan Murphy,0
Talladega,0013 BERNEYS STATION VFD,U.S. Senate,,REP,Rodney Walker,9
Talladega,0013 BERNEYS STATION VFD,U.S. Senate,,REP,Seth Burton,0
Talladega,0013 BERNEYS STATION VFD,U.S. Senate,,REP,Steve Marshall,11
Talladega,0014 RUSSELL CHAPEL BAPT,Attorney General,,REP,Jay Mitchell,69
Talladega,0014 RUSSELL CHAPEL BAPT,Attorney General,,REP,Katherine Robertson,67
Talladega,0014 RUSSELL CHAPEL BAPT,Attorney General,,REP,Pamela L. Casey,39
Talladega,0014 RUSSELL CHAPEL BAPT,Commissioner of Agriculture and Industries,,REP,Christina Woerner McInnis,59
Talladega,0014 RUSSELL CHAPEL BAPT,Commissioner of Agriculture and Industries,,REP,Cory Hill,55
Talladega,0014 RUSSELL CHAPEL BAPT,Commissioner of Agriculture and Industries,,REP,Jack Williams,47
Talladega,0014 RUSSELL CHAPEL BAPT,"District Court Judge, Talladega County Place No 1",,REP,Huel M. Love III,22
Talladega,0014 RUSSELL CHAPEL BAPT,"District Court Judge, Talladega County Place No 1",,REP,J. Scott Brewer,146
Talladega,0014 RUSSELL CHAPEL BAPT,"District Court Judge, Talladega County, Place No 2",,REP,Angie Walker Slaten,77
Talladega,0014 RUSSELL CHAPEL BAPT,"District Court Judge, Talladega County, Place No 2",,REP,Dale Price,83
Talladega,0014 RUSSELL CHAPEL BAPT,"District Court Judge, Talladega County, Place No 2",,REP,Nicholas J. Beckham,19
Talladega,0014 RUSSELL CHAPEL BAPT,Governor,,DEM,"Chad ""Chig"" Martin",1
Talladega,0014 RUSSELL CHAPEL BAPT,Governor,,DEM,Doug Jones,16
Talladega,0014 RUSSELL CHAPEL BAPT,Governor,,DEM,Jamel J. Brown,0
Talladega,0014 RUSSELL CHAPEL BAPT,Governor,,DEM,"Nathan ""Nate"" Mathis",0
Talladega,0014 RUSSELL CHAPEL BAPT,Governor,,DEM,Will Boyd,1
Talladega,0014 RUSSELL CHAPEL BAPT,Governor,,DEM,Yolanda Rochelle Flowers,1
Talladega,0014 RUSSELL CHAPEL BAPT,Governor,,REP,"""Alabama"" Will Santivasci",5
Talladega,0014 RUSSELL CHAPEL BAPT,Governor,,REP,Ken McFeeters,13
Talladega,0014 RUSSELL CHAPEL BAPT,Governor,,REP,Thomas Tuberville,166
Talladega,0014 RUSSELL CHAPEL BAPT,Lieutenant Governor,,DEM,Darryl D. Perryman,7
Talladega,0014 RUSSELL CHAPEL BAPT,Lieutenant Governor,,DEM,Phillip Ensler,10
Talladega,0014 RUSSELL CHAPEL BAPT,Lieutenant Governor,,REP,George Childress,0
Talladega,0014 RUSSELL CHAPEL BAPT,Lieutenant Governor,,REP,John Wahl,80
Talladega,0014 RUSSELL CHAPEL BAPT,Lieutenant Governor,,REP,Nicole Jones Wadsworth,13
Talladega,0014 RUSSELL CHAPEL BAPT,Lieutenant Governor,,REP,Pat Bishop,0
Talladega,0014 RUSSELL CHAPEL BAPT,Lieutenant Governor,,REP,Rick Pate,18
Talladega,0014 RUSSELL CHAPEL BAPT,Lieutenant Governor,,REP,Stewart Hill Tankersley,2
Talladega,0014 RUSSELL CHAPEL BAPT,Lieutenant Governor,,REP,Wes Allen,67
Talladega,0014 RUSSELL CHAPEL BAPT,"Public Service Commission, Place No. 2",,REP,Brent Woodall,19
Talladega,0014 RUSSELL CHAPEL BAPT,"Public Service Commission, Place No. 2",,REP,Chris Beeker,40
Talladega,0014 RUSSELL CHAPEL BAPT,"Public Service Commission, Place No. 2",,REP,Jim Zig Zeigler,94
Talladega,0014 RUSSELL CHAPEL BAPT,"Public Service Commission, Place No. 2",,REP,Priscilla Andrews,10
Talladega,0014 RUSSELL CHAPEL BAPT,"Public Service Commissioner, Place 1",,DEM,James O. Gordon,9
Talladega,0014 RUSSELL CHAPEL BAPT,"Public Service Commissioner, Place 1",,DEM,Jeff Ramsey,6
Talladega,0014 RUSSELL CHAPEL BAPT,"Public Service Commissioner, Place 1",,DEM,John Northrop,2
Talladega,0014 RUSSELL CHAPEL BAPT,Secretary of State,,REP,Caroleene Dobson,97
Talladega,0014 RUSSELL CHAPEL BAPT,Secretary of State,,REP,Christopher Christian Horn,43
Talladega,0014 RUSSELL CHAPEL BAPT,Secretary of State,,REP,Glenda S. Jackson,20
Talladega,0014 RUSSELL CHAPEL BAPT,State Auditor,,REP,Andrew Sorrell,95
Talladega,0014 RUSSELL CHAPEL BAPT,State Auditor,,REP,Derek Chen,70
Talladega,0014 RUSSELL CHAPEL BAPT,State Board of Education,6,REP,Cathi Bradford,85
Talladega,0014 RUSSELL CHAPEL BAPT,State Board of Education,6,REP,Marie Manning,67
Talladega,0014 RUSSELL CHAPEL BAPT,"State Republican Executive Committee, Talladega County Place No 2",,REP,Laura Barlow Heath,94
Talladega,0014 RUSSELL CHAPEL BAPT,"State Republican Executive Committee, Talladega County Place No 2",,REP,Paxton Walker,69
Talladega,0014 RUSSELL CHAPEL BAPT,"State Republican Executive Committee, Talladega County Place No 3",,REP,Jada R. Thomas Combs,41
Talladega,0014 RUSSELL CHAPEL BAPT,"State Republican Executive Committee, Talladega County Place No 3",,REP,Phillip Morris,121
Talladega,0014 RUSSELL CHAPEL BAPT,State Treasurer,,REP,Steve Lolley,66
Talladega,0014 RUSSELL CHAPEL BAPT,State Treasurer,,REP,Young Boozer,103
Talladega,0014 RUSSELL CHAPEL BAPT,U.S. House,3,REP,Mike Rogers,159
Talladega,0014 RUSSELL CHAPEL BAPT,U.S. House,3,REP,Terri LaPoint,19
Talladega,0014 RUSSELL CHAPEL BAPT,U.S. Senate,,DEM,Dakarai Larriett,4
Talladega,0014 RUSSELL CHAPEL BAPT,U.S. Senate,,DEM,Everett Wess,6
Talladega,0014 RUSSELL CHAPEL BAPT,U.S. Senate,,DEM,Kyle Sweetser,3
Talladega,0014 RUSSELL CHAPEL BAPT,U.S. Senate,,DEM,Mark S. Wheeler II,4
Talladega,0014 RUSSELL CHAPEL BAPT,U.S. Senate,,REP,Barry Moore,67
Talladega,0014 RUSSELL CHAPEL BAPT,U.S. Senate,,REP,Dale Shelton Deas Jr.,2
Talladega,0014 RUSSELL CHAPEL BAPT,U.S. Senate,,REP,Jared Hudson,58
Talladega,0014 RUSSELL CHAPEL BAPT,U.S. Senate,,REP,Morgan Murphy,3
Talladega,0014 RUSSELL CHAPEL BAPT,U.S. Senate,,REP,Rodney Walker,4
Talladega,0014 RUSSELL CHAPEL BAPT,U.S. Senate,,REP,Seth Burton,4
Talladega,0014 RUSSELL CHAPEL BAPT,U.S. Senate,,REP,Steve Marshall,44
Talladega,0015 ST ANDREWS METHODIST,Attorney General,,REP,Jay Mitchell,72
Talladega,0015 ST ANDREWS METHODIST,Attorney General,,REP,Katherine Robertson,84
Talladega,0015 ST ANDREWS METHODIST,Attorney General,,REP,Pamela L. Casey,29
Talladega,0015 ST ANDREWS METHODIST,Commissioner of Agriculture and Industries,,REP,Christina Woerner McInnis,47
Talladega,0015 ST ANDREWS METHODIST,Commissioner of Agriculture and Industries,,REP,Cory Hill,56
Talladega,0015 ST ANDREWS METHODIST,Commissioner of Agriculture and Industries,,REP,Jack Williams,72
Talladega,0015 ST ANDREWS METHODIST,"District Court Judge, Talladega County Place No 1",,REP,Huel M. Love III,38
Talladega,0015 ST ANDREWS METHODIST,"District Court Judge, Talladega County Place No 1",,REP,J. Scott Brewer,142
Talladega,0015 ST ANDREWS METHODIST,"District Court Judge, Talladega County, Place No 2",,REP,Angie Walker Slaten,50
Talladega,0015 ST ANDREWS METHODIST,"District Court Judge, Talladega County, Place No 2",,REP,Dale Price,118
Talladega,0015 ST ANDREWS METHODIST,"District Court Judge, Talladega County, Place No 2",,REP,Nicholas J. Beckham,20
Talladega,0015 ST ANDREWS METHODIST,Governor,,DEM,"Chad ""Chig"" Martin",2
Talladega,0015 ST ANDREWS METHODIST,Governor,,DEM,Doug Jones,47
Talladega,0015 ST ANDREWS METHODIST,Governor,,DEM,Jamel J. Brown,1
Talladega,0015 ST ANDREWS METHODIST,Governor,,DEM,"Nathan ""Nate"" Mathis",0
Talladega,0015 ST ANDREWS METHODIST,Governor,,DEM,Will Boyd,1
Talladega,0015 ST ANDREWS METHODIST,Governor,,DEM,Yolanda Rochelle Flowers,3
Talladega,0015 ST ANDREWS METHODIST,Governor,,REP,"""Alabama"" Will Santivasci",10
Talladega,0015 ST ANDREWS METHODIST,Governor,,REP,Ken McFeeters,7
Talladega,0015 ST ANDREWS METHODIST,Governor,,REP,Thomas Tuberville,172
Talladega,0015 ST ANDREWS METHODIST,Lieutenant Governor,,DEM,Darryl D. Perryman,15
Talladega,0015 ST ANDREWS METHODIST,Lieutenant Governor,,DEM,Phillip Ensler,35
Talladega,0015 ST ANDREWS METHODIST,Lieutenant Governor,,REP,George Childress,5
Talladega,0015 ST ANDREWS METHODIST,Lieutenant Governor,,REP,John Wahl,98
Talladega,0015 ST ANDREWS METHODIST,Lieutenant Governor,,REP,Nicole Jones Wadsworth,9
Talladega,0015 ST ANDREWS METHODIST,Lieutenant Governor,,REP,Pat Bishop,1
Talladega,0015 ST ANDREWS METHODIST,Lieutenant Governor,,REP,Rick Pate,11
Talladega,0015 ST ANDREWS METHODIST,Lieutenant Governor,,REP,Stewart Hill Tankersley,7
Talladega,0015 ST ANDREWS METHODIST,Lieutenant Governor,,REP,Wes Allen,58
Talladega,0015 ST ANDREWS METHODIST,"Public Service Commission, Place No. 2",,REP,Brent Woodall,14
Talladega,0015 ST ANDREWS METHODIST,"Public Service Commission, Place No. 2",,REP,Chris Beeker,35
Talladega,0015 ST ANDREWS METHODIST,"Public Service Commission, Place No. 2",,REP,Jim Zig Zeigler,129
Talladega,0015 ST ANDREWS METHODIST,"Public Service Commission, Place No. 2",,REP,Priscilla Andrews,7
Talladega,0015 ST ANDREWS METHODIST,"Public Service Commissioner, Place 1",,DEM,James O. Gordon,31
Talladega,0015 ST ANDREWS METHODIST,"Public Service Commissioner, Place 1",,DEM,Jeff Ramsey,12
Talladega,0015 ST ANDREWS METHODIST,"Public Service Commissioner, Place 1",,DEM,John Northrop,9
Talladega,0015 ST ANDREWS METHODIST,Secretary of State,,REP,Caroleene Dobson,112
Talladega,0015 ST ANDREWS METHODIST,Secretary of State,,REP,Christopher Christian Horn,46
Talladega,0015 ST ANDREWS METHODIST,Secretary of State,,REP,Glenda S. Jackson,16
Talladega,0015 ST ANDREWS METHODIST,State Auditor,,REP,Andrew Sorrell,113
Talladega,0015 ST ANDREWS METHODIST,State Auditor,,REP,Derek Chen,64
Talladega,0015 ST ANDREWS METHODIST,State Board of Education,6,REP,Cathi Bradford,115
Talladega,0015 ST ANDREWS METHODIST,State Board of Education,6,REP,Marie Manning,58
Talladega,0015 ST ANDREWS METHODIST,"State Republican Executive Committee, Talladega County Place No 2",,REP,Laura Barlow Heath,111
Talladega,0015 ST ANDREWS METHODIST,"State Republican Executive Committee, Talladega County Place No 2",,REP,Paxton Walker,67
Talladega,0015 ST ANDREWS METHODIST,"State Republican Executive Committee, Talladega County Place No 3",,REP,Jada R. Thomas Combs,27
Talladega,0015 ST ANDREWS METHODIST,"State Republican Executive Committee, Talladega County Place No 3",,REP,Phillip Morris,144
Talladega,0015 ST ANDREWS METHODIST,State Treasurer,,REP,Steve Lolley,68
Talladega,0015 ST ANDREWS METHODIST,State Treasurer,,REP,Young Boozer,114
Talladega,0015 ST ANDREWS METHODIST,U.S. House,3,REP,Mike Rogers,171
Talladega,0015 ST ANDREWS METHODIST,U.S. House,3,REP,Terri LaPoint,13
Talladega,0015 ST ANDREWS METHODIST,U.S. Senate,,DEM,Dakarai Larriett,11
Talladega,0015 ST ANDREWS METHODIST,U.S. Senate,,DEM,Everett Wess,28
Talladega,0015 ST ANDREWS METHODIST,U.S. Senate,,DEM,Kyle Sweetser,3
Talladega,0015 ST ANDREWS METHODIST,U.S. Senate,,DEM,Mark S. Wheeler II,10
Talladega,0015 ST ANDREWS METHODIST,U.S. Senate,,REP,Barry Moore,68
Talladega,0015 ST ANDREWS METHODIST,U.S. Senate,,REP,Dale Shelton Deas Jr.,3
Talladega,0015 ST ANDREWS METHODIST,U.S. Senate,,REP,Jared Hudson,43
Talladega,0015 ST ANDREWS METHODIST,U.S. Senate,,REP,Morgan Murphy,2
Talladega,0015 ST ANDREWS METHODIST,U.S. Senate,,REP,Rodney Walker,10
Talladega,0015 ST ANDREWS METHODIST,U.S. Senate,,REP,Seth Burton,5
Talladega,0015 ST ANDREWS METHODIST,U.S. Senate,,REP,Steve Marshall,59
Talladega,0016 J. CRAIG SMITH COMM CTR,Attorney General,,REP,Jay Mitchell,398
Talladega,0016 J. CRAIG SMITH COMM CTR,Attorney General,,REP,Katherine Robertson,418
Talladega,0016 J. CRAIG SMITH COMM CTR,Attorney General,,REP,Pamela L. Casey,284
Talladega,0016 J. CRAIG SMITH COMM CTR,Commissioner of Agriculture and Industries,,REP,Christina Woerner McInnis,312
Talladega,0016 J. CRAIG SMITH COMM CTR,Commissioner of Agriculture and Industries,,REP,Cory Hill,324
Talladega,0016 J. CRAIG SMITH COMM CTR,Commissioner of Agriculture and Industries,,REP,Jack Williams,413
Talladega,0016 J. CRAIG SMITH COMM CTR,"District Court Judge, Talladega County Place No 1",,REP,Huel M. Love III,191
Talladega,0016 J. CRAIG SMITH COMM CTR,"District Court Judge, Talladega County Place No 1",,REP,J. Scott Brewer,895
Talladega,0016 J. CRAIG SMITH COMM CTR,"District Court Judge, Talladega County, Place No 2",,REP,Angie Walker Slaten,263
Talladega,0016 J. CRAIG SMITH COMM CTR,"District Court Judge, Talladega County, Place No 2",,REP,Dale Price,762
Talladega,0016 J. CRAIG SMITH COMM CTR,"District Court Judge, Talladega County, Place No 2",,REP,Nicholas J. Beckham,107
Talladega,0016 J. CRAIG SMITH COMM CTR,Governor,,DEM,"Chad ""Chig"" Martin",12
Talladega,0016 J. CRAIG SMITH COMM CTR,Governor,,DEM,Doug Jones,782
Talladega,0016 J. CRAIG SMITH COMM CTR,Governor,,DEM,Jamel J. Brown,48
Talladega,0016 J. CRAIG SMITH COMM CTR,Governor,,DEM,"Nathan ""Nate"" Mathis",6
Talladega,0016 J. CRAIG SMITH COMM CTR,Governor,,DEM,Will Boyd,87
Talladega,0016 J. CRAIG SMITH COMM CTR,Governor,,DEM,Yolanda Rochelle Flowers,39
Talladega,0016 J. CRAIG SMITH COMM CTR,Governor,,REP,"""Alabama"" Will Santivasci",36
Talladega,0016 J. CRAIG SMITH COMM CTR,Governor,,REP,Ken McFeeters,79
Talladega,0016 J. CRAIG SMITH COMM CTR,Governor,,REP,Thomas Tuberville,1012
Talladega,0016 J. CRAIG SMITH COMM CTR,Lieutenant Governor,,DEM,Darryl D. Perryman,471
Talladega,0016 J. CRAIG SMITH COMM CTR,Lieutenant Governor,,DEM,Phillip Ensler,451
Talladega,0016 J. CRAIG SMITH COMM CTR,Lieutenant Governor,,REP,George Childress,20
Talladega,0016 J. CRAIG SMITH COMM CTR,Lieutenant Governor,,REP,John Wahl,455
Talladega,0016 J. CRAIG SMITH COMM CTR,Lieutenant Governor,,REP,Nicole Jones Wadsworth,49
Talladega,0016 J. CRAIG SMITH COMM CTR,Lieutenant Governor,,REP,Pat Bishop,30
Talladega,0016 J. CRAIG SMITH COMM CTR,Lieutenant Governor,,REP,Rick Pate,67
Talladega,0016 J. CRAIG SMITH COMM CTR,Lieutenant Governor,,REP,Stewart Hill Tankersley,32
Talladega,0016 J. CRAIG SMITH COMM CTR,Lieutenant Governor,,REP,Wes Allen,460
Talladega,0016 J. CRAIG SMITH COMM CTR,"Public Service Commission, Place No. 2",,REP,Brent Woodall,75
Talladega,0016 J. CRAIG SMITH COMM CTR,"Public Service Commission, Place No. 2",,REP,Chris Beeker,167
Talladega,0016 J. CRAIG SMITH COMM CTR,"Public Service Commission, Place No. 2",,REP,Jim Zig Zeigler,781
Talladega,0016 J. CRAIG SMITH COMM CTR,"Public Service Commission, Place No. 2",,REP,Priscilla Andrews,70
Talladega,0016 J. CRAIG SMITH COMM CTR,"Public Service Commissioner, Place 1",,DEM,James O. Gordon,509
Talladega,0016 J. CRAIG SMITH COMM CTR,"Public Service Commissioner, Place 1",,DEM,Jeff Ramsey,289
Talladega,0016 J. CRAIG SMITH COMM CTR,"Public Service Commissioner, Place 1",,DEM,John Northrop,130
Talladega,0016 J. CRAIG SMITH COMM CTR,Secretary of State,,REP,Caroleene Dobson,658
Talladega,0016 J. CRAIG SMITH COMM CTR,Secretary of State,,REP,Christopher Christian Horn,257
Talladega,0016 J. CRAIG SMITH COMM CTR,Secretary of State,,REP,Glenda S. Jackson,121
Talladega,0016 J. CRAIG SMITH COMM CTR,State Auditor,,REP,Andrew Sorrell,717
Talladega,0016 J. CRAIG SMITH COMM CTR,State Auditor,,REP,Derek Chen,342
Talladega,0016 J. CRAIG SMITH COMM CTR,State Board of Education,6,REP,Cathi Bradford,5
Talladega,0016 J. CRAIG SMITH COMM CTR,State Board of Education,6,REP,Marie Manning,2
Talladega,0016 J. CRAIG SMITH COMM CTR,"State Republican Executive Committee, Talladega County Place No 2",,REP,Laura Barlow Heath,682
Talladega,0016 J. CRAIG SMITH COMM CTR,"State Republican Executive Committee, Talladega County Place No 2",,REP,Paxton Walker,396
Talladega,0016 J. CRAIG SMITH COMM CTR,"State Republican Executive Committee, Talladega County Place No 3",,REP,Jada R. Thomas Combs,262
Talladega,0016 J. CRAIG SMITH COMM CTR,"State Republican Executive Committee, Talladega County Place No 3",,REP,Phillip Morris,800
Talladega,0016 J. CRAIG SMITH COMM CTR,State Treasurer,,REP,Steve Lolley,336
Talladega,0016 J. CRAIG SMITH COMM CTR,State Treasurer,,REP,Young Boozer,722
Talladega,0016 J. CRAIG SMITH COMM CTR,U.S. House,3,REP,Mike Rogers,992
Talladega,0016 J. CRAIG SMITH COMM CTR,U.S. House,3,REP,Terri LaPoint,112
Talladega,0016 J. CRAIG SMITH COMM CTR,U.S. Senate,,DEM,Dakarai Larriett,254
Talladega,0016 J. CRAIG SMITH COMM CTR,U.S. Senate,,DEM,Everett Wess,370
Talladega,0016 J. CRAIG SMITH COMM CTR,U.S. Senate,,DEM,Kyle Sweetser,101
Talladega,0016 J. CRAIG SMITH COMM CTR,U.S. Senate,,DEM,Mark S. Wheeler II,208
Talladega,0016 J. CRAIG SMITH COMM CTR,U.S. Senate,,REP,Barry Moore,319
Talladega,0016 J. CRAIG SMITH COMM CTR,U.S. Senate,,REP,Dale Shelton Deas Jr.,23
Talladega,0016 J. CRAIG SMITH COMM CTR,U.S. Senate,,REP,Jared Hudson,310
Talladega,0016 J. CRAIG SMITH COMM CTR,U.S. Senate,,REP,Morgan Murphy,15
Talladega,0016 J. CRAIG SMITH COMM CTR,U.S. Senate,,REP,Rodney Walker,51
Talladega,0016 J. CRAIG SMITH COMM CTR,U.S. Senate,,REP,Seth Burton,29
Talladega,0016 J. CRAIG SMITH COMM CTR,U.S. Senate,,REP,Steve Marshall,371
Talladega,0017 LIMBAUGH COMM CTR,Attorney General,,REP,Jay Mitchell,186
Talladega,0017 LIMBAUGH COMM CTR,Attorney General,,REP,Katherine Robertson,221
Talladega,0017 LIMBAUGH COMM CTR,Attorney General,,REP,Pamela L. Casey,84
Talladega,0017 LIMBAUGH COMM CTR,Commissioner of Agriculture and Industries,,REP,Christina Woerner McInnis,138
Talladega,0017 LIMBAUGH COMM CTR,Commissioner of Agriculture and Industries,,REP,Cory Hill,159
Talladega,0017 LIMBAUGH COMM CTR,Commissioner of Agriculture and Industries,,REP,Jack Williams,174
Talladega,0017 LIMBAUGH COMM CTR,"District Court Judge, Talladega County Place No 1",,REP,Huel M. Love III,120
Talladega,0017 LIMBAUGH COMM CTR,"District Court Judge, Talladega County Place No 1",,REP,J. Scott Brewer,367
Talladega,0017 LIMBAUGH COMM CTR,"District Court Judge, Talladega County, Place No 2",,REP,Angie Walker Slaten,140
Talladega,0017 LIMBAUGH COMM CTR,"District Court Judge, Talladega County, Place No 2",,REP,Dale Price,242
Talladega,0017 LIMBAUGH COMM CTR,"District Court Judge, Talladega County, Place No 2",,REP,Nicholas J. Beckham,121
Talladega,0017 LIMBAUGH COMM CTR,Governor,,DEM,"Chad ""Chig"" Martin",3
Talladega,0017 LIMBAUGH COMM CTR,Governor,,DEM,Doug Jones,363
Talladega,0017 LIMBAUGH COMM CTR,Governor,,DEM,Jamel J. Brown,24
Talladega,0017 LIMBAUGH COMM CTR,Governor,,DEM,"Nathan ""Nate"" Mathis",2
Talladega,0017 LIMBAUGH COMM CTR,Governor,,DEM,Will Boyd,36
Talladega,0017 LIMBAUGH COMM CTR,Governor,,DEM,Yolanda Rochelle Flowers,24
Talladega,0017 LIMBAUGH COMM CTR,Governor,,REP,"""Alabama"" Will Santivasci",18
Talladega,0017 LIMBAUGH COMM CTR,Governor,,REP,Ken McFeeters,33
Talladega,0017 LIMBAUGH COMM CTR,Governor,,REP,Thomas Tuberville,460
Talladega,0017 LIMBAUGH COMM CTR,Lieutenant Governor,,DEM,Darryl D. Perryman,228
Talladega,0017 LIMBAUGH COMM CTR,Lieutenant Governor,,DEM,Phillip Ensler,211
Talladega,0017 LIMBAUGH COMM CTR,Lieutenant Governor,,REP,George Childress,7
Talladega,0017 LIMBAUGH COMM CTR,Lieutenant Governor,,REP,John Wahl,188
Talladega,0017 LIMBAUGH COMM CTR,Lieutenant Governor,,REP,Nicole Jones Wadsworth,16
Talladega,0017 LIMBAUGH COMM CTR,Lieutenant Governor,,REP,Pat Bishop,11
Talladega,0017 LIMBAUGH COMM CTR,Lieutenant Governor,,REP,Rick Pate,32
Talladega,0017 LIMBAUGH COMM CTR,Lieutenant Governor,,REP,Stewart Hill Tankersley,9
Talladega,0017 LIMBAUGH COMM CTR,Lieutenant Governor,,REP,Wes Allen,235
Talladega,0017 LIMBAUGH COMM CTR,"Public Service Commission, Place No. 2",,REP,Brent Woodall,58
Talladega,0017 LIMBAUGH COMM CTR,"Public Service Commission, Place No. 2",,REP,Chris Beeker,111
Talladega,0017 LIMBAUGH COMM CTR,"Public Service Commission, Place No. 2",,REP,Jim Zig Zeigler,294
Talladega,0017 LIMBAUGH COMM CTR,"Public Service Commission, Place No. 2",,REP,Priscilla Andrews,29
Talladega,0017 LIMBAUGH COMM CTR,"Public Service Commissioner, Place 1",,DEM,James O. Gordon,249
Talladega,0017 LIMBAUGH COMM CTR,"Public Service Commissioner, Place 1",,DEM,Jeff Ramsey,122
Talladega,0017 LIMBAUGH COMM CTR,"Public Service Commissioner, Place 1",,DEM,John Northrop,65
Talladega,0017 LIMBAUGH COMM CTR,Secretary of State,,REP,Caroleene Dobson,286
Talladega,0017 LIMBAUGH COMM CTR,Secretary of State,,REP,Christopher Christian Horn,138
Talladega,0017 LIMBAUGH COMM CTR,Secretary of State,,REP,Glenda S. Jackson,42
Talladega,0017 LIMBAUGH COMM CTR,State Auditor,,REP,Andrew Sorrell,319
Talladega,0017 LIMBAUGH COMM CTR,State Auditor,,REP,Derek Chen,149
Talladega,0017 LIMBAUGH COMM CTR,State Board of Education,6,REP,Cathi Bradford,275
Talladega,0017 LIMBAUGH COMM CTR,State Board of Education,6,REP,Marie Manning,166
Talladega,0017 LIMBAUGH COMM CTR,State Democratic Executive Committee,,DEM,Alberta McCrory,5
Talladega,0017 LIMBAUGH COMM CTR,State Democratic Executive Committee,,DEM,Barbara Bigsby Boyd,44
Talladega,0017 LIMBAUGH COMM CTR,State Democratic Executive Committee,,DEM,Kelsey Girdwood,2
Talladega,0017 LIMBAUGH COMM CTR,State Democratic Executive Committee,,DEM,Michelle D Jones,15
Talladega,0017 LIMBAUGH COMM CTR,State House,32,DEM,David E. Reddick,21
Talladega,0017 LIMBAUGH COMM CTR,State House,32,DEM,Debra D Foster,44
Talladega,0017 LIMBAUGH COMM CTR,"State Republican Executive Committee, Talladega County Place No 2",,REP,Laura Barlow Heath,271
Talladega,0017 LIMBAUGH COMM CTR,"State Republican Executive Committee, Talladega County Place No 2",,REP,Paxton Walker,192
Talladega,0017 LIMBAUGH COMM CTR,"State Republican Executive Committee, Talladega County Place No 3",,REP,Jada R. Thomas Combs,93
Talladega,0017 LIMBAUGH COMM CTR,"State Republican Executive Committee, Talladega County Place No 3",,REP,Phillip Morris,362
Talladega,0017 LIMBAUGH COMM CTR,State Treasurer,,REP,Steve Lolley,175
Talladega,0017 LIMBAUGH COMM CTR,State Treasurer,,REP,Young Boozer,302
Talladega,0017 LIMBAUGH COMM CTR,U.S. House,3,REP,Mike Rogers,443
Talladega,0017 LIMBAUGH COMM CTR,U.S. House,3,REP,Terri LaPoint,56
Talladega,0017 LIMBAUGH COMM CTR,U.S. Senate,,DEM,Dakarai Larriett,129
Talladega,0017 LIMBAUGH COMM CTR,U.S. Senate,,DEM,Everett Wess,178
Talladega,0017 LIMBAUGH COMM CTR,U.S. Senate,,DEM,Kyle Sweetser,37
Talladega,0017 LIMBAUGH COMM CTR,U.S. Senate,,DEM,Mark S. Wheeler II,93
Talladega,0017 LIMBAUGH COMM CTR,U.S. Senate,,REP,Barry Moore,162
Talladega,0017 LIMBAUGH COMM CTR,U.S. Senate,,REP,Dale Shelton Deas Jr.,7
Talladega,0017 LIMBAUGH COMM CTR,U.S. Senate,,REP,Jared Hudson,122
Talladega,0017 LIMBAUGH COMM CTR,U.S. Senate,,REP,Morgan Murphy,5
Talladega,0017 LIMBAUGH COMM CTR,U.S. Senate,,REP,Rodney Walker,23
Talladega,0017 LIMBAUGH COMM CTR,U.S. Senate,,REP,Seth Burton,8
Talladega,0017 LIMBAUGH COMM CTR,U.S. Senate,,REP,Steve Marshall,173
Talladega,0018 BON AIR BAPTIST CH,Attorney General,,REP,Jay Mitchell,24
Talladega,0018 BON AIR BAPTIST CH,Attorney General,,REP,Katherine Robertson,25
Talladega,0018 BON AIR BAPTIST CH,Attorney General,,REP,Pamela L. Casey,11
Talladega,0018 BON AIR BAPTIST CH,Commissioner of Agriculture and Industries,,REP,Christina Woerner McInnis,22
Talladega,0018 BON AIR BAPTIST CH,Commissioner of Agriculture and Industries,,REP,Cory Hill,16
Talladega,0018 BON AIR BAPTIST CH,Commissioner of Agriculture and Industries,,REP,Jack Williams,23
Talladega,0018 BON AIR BAPTIST CH,"District Court Judge, Talladega County Place No 1",,REP,Huel M. Love III,12
Talladega,0018 BON AIR BAPTIST CH,"District Court Judge, Talladega County Place No 1",,REP,J. Scott Brewer,51
Talladega,0018 BON AIR BAPTIST CH,"District Court Judge, Talladega County, Place No 2",,REP,Angie Walker Slaten,16
Talladega,0018 BON AIR BAPTIST CH,"District Court Judge, Talladega County, Place No 2",,REP,Dale Price,34
Talladega,0018 BON AIR BAPTIST CH,"District Court Judge, Talladega County, Place No 2",,REP,Nicholas J. Beckham,15
Talladega,0018 BON AIR BAPTIST CH,Governor,,DEM,"Chad ""Chig"" Martin",0
Talladega,0018 BON AIR BAPTIST CH,Governor,,DEM,Doug Jones,121
Talladega,0018 BON AIR BAPTIST CH,Governor,,DEM,Jamel J. Brown,5
Talladega,0018 BON AIR BAPTIST CH,Governor,,DEM,"Nathan ""Nate"" Mathis",1
Talladega,0018 BON AIR BAPTIST CH,Governor,,DEM,Will Boyd,8
Talladega,0018 BON AIR BAPTIST CH,Governor,,DEM,Yolanda Rochelle Flowers,8
Talladega,0018 BON AIR BAPTIST CH,Governor,,REP,"""Alabama"" Will Santivasci",1
Talladega,0018 BON AIR BAPTIST CH,Governor,,REP,Ken McFeeters,4
Talladega,0018 BON AIR BAPTIST CH,Governor,,REP,Thomas Tuberville,60
Talladega,0018 BON AIR BAPTIST CH,Lieutenant Governor,,DEM,Darryl D. Perryman,53
Talladega,0018 BON AIR BAPTIST CH,Lieutenant Governor,,DEM,Phillip Ensler,84
Talladega,0018 BON AIR BAPTIST CH,Lieutenant Governor,,REP,George Childress,2
Talladega,0018 BON AIR BAPTIST CH,Lieutenant Governor,,REP,John Wahl,40
Talladega,0018 BON AIR BAPTIST CH,Lieutenant Governor,,REP,Nicole Jones Wadsworth,3
Talladega,0018 BON AIR BAPTIST CH,Lieutenant Governor,,REP,Pat Bishop,0
Talladega,0018 BON AIR BAPTIST CH,Lieutenant Governor,,REP,Rick Pate,0
Talladega,0018 BON AIR BAPTIST CH,Lieutenant Governor,,REP,Stewart Hill Tankersley,0
Talladega,0018 BON AIR BAPTIST CH,Lieutenant Governor,,REP,Wes Allen,20
Talladega,0018 BON AIR BAPTIST CH,"Public Service Commission, Place No. 2",,REP,Brent Woodall,4
Talladega,0018 BON AIR BAPTIST CH,"Public Service Commission, Place No. 2",,REP,Chris Beeker,22
Talladega,0018 BON AIR BAPTIST CH,"Public Service Commission, Place No. 2",,REP,Jim Zig Zeigler,31
Talladega,0018 BON AIR BAPTIST CH,"Public Service Commission, Place No. 2",,REP,Priscilla Andrews,5
Talladega,0018 BON AIR BAPTIST CH,"Public Service Commissioner, Place 1",,DEM,James O. Gordon,85
Talladega,0018 BON AIR BAPTIST CH,"Public Service Commissioner, Place 1",,DEM,Jeff Ramsey,29
Talladega,0018 BON AIR BAPTIST CH,"Public Service Commissioner, Place 1",,DEM,John Northrop,21
Talladega,0018 BON AIR BAPTIST CH,Secretary of State,,REP,Caroleene Dobson,39
Talladega,0018 BON AIR BAPTIST CH,Secretary of State,,REP,Christopher Christian Horn,20
Talladega,0018 BON AIR BAPTIST CH,Secretary of State,,REP,Glenda S. Jackson,3
Talladega,0018 BON AIR BAPTIST CH,State Auditor,,REP,Andrew Sorrell,36
Talladega,0018 BON AIR BAPTIST CH,State Auditor,,REP,Derek Chen,24
Talladega,0018 BON AIR BAPTIST CH,State Board of Education,6,REP,Cathi Bradford,35
Talladega,0018 BON AIR BAPTIST CH,State Board of Education,6,REP,Marie Manning,25
Talladega,0018 BON AIR BAPTIST CH,"State Republican Executive Committee, Talladega County Place No 2",,REP,Laura Barlow Heath,37
Talladega,0018 BON AIR BAPTIST CH,"State Republican Executive Committee, Talladega County Place No 2",,REP,Paxton Walker,22
Talladega,0018 BON AIR BAPTIST CH,"State Republican Executive Committee, Talladega County Place No 3",,REP,Jada R. Thomas Combs,16
Talladega,0018 BON AIR BAPTIST CH,"State Republican Executive Committee, Talladega County Place No 3",,REP,Phillip Morris,42
Talladega,0018 BON AIR BAPTIST CH,State Treasurer,,REP,Steve Lolley,22
Talladega,0018 BON AIR BAPTIST CH,State Treasurer,,REP,Young Boozer,37
Talladega,0018 BON AIR BAPTIST CH,U.S. House,3,REP,Mike Rogers,63
Talladega,0018 BON AIR BAPTIST CH,U.S. House,3,REP,Terri LaPoint,2
Talladega,0018 BON AIR BAPTIST CH,U.S. Senate,,DEM,Dakarai Larriett,35
Talladega,0018 BON AIR BAPTIST CH,U.S. Senate,,DEM,Everett Wess,69
Talladega,0018 BON AIR BAPTIST CH,U.S. Senate,,DEM,Kyle Sweetser,8
Talladega,0018 BON AIR BAPTIST CH,U.S. Senate,,DEM,Mark S. Wheeler II,27
Talladega,0018 BON AIR BAPTIST CH,U.S. Senate,,REP,Barry Moore,18
Talladega,0018 BON AIR BAPTIST CH,U.S. Senate,,REP,Dale Shelton Deas Jr.,2
Talladega,0018 BON AIR BAPTIST CH,U.S. Senate,,REP,Jared Hudson,23
Talladega,0018 BON AIR BAPTIST CH,U.S. Senate,,REP,Morgan Murphy,1
Talladega,0018 BON AIR BAPTIST CH,U.S. Senate,,REP,Rodney Walker,2
Talladega,0018 BON AIR BAPTIST CH,U.S. Senate,,REP,Seth Burton,0
Talladega,0018 BON AIR BAPTIST CH,U.S. Senate,,REP,Steve Marshall,19
Talladega,0019 OAK GROVE CITY HALL,Attorney General,,REP,Jay Mitchell,96
Talladega,0019 OAK GROVE CITY HALL,Attorney General,,REP,Katherine Robertson,92
Talladega,0019 OAK GROVE CITY HALL,Attorney General,,REP,Pamela L. Casey,36
Talladega,0019 OAK GROVE CITY HALL,Commissioner of Agriculture and Industries,,REP,Christina Woerner McInnis,56
Talladega,0019 OAK GROVE CITY HALL,Commissioner of Agriculture and Industries,,REP,Cory Hill,70
Talladega,0019 OAK GROVE CITY HALL,Commissioner of Agriculture and Industries,,REP,Jack Williams,84
Talladega,0019 OAK GROVE CITY HALL,"District Court Judge, Talladega County Place No 1",,REP,Huel M. Love III,61
Talladega,0019 OAK GROVE CITY HALL,"District Court Judge, Talladega County Place No 1",,REP,J. Scott Brewer,153
Talladega,0019 OAK GROVE CITY HALL,"District Court Judge, Talladega County, Place No 2",,REP,Angie Walker Slaten,69
Talladega,0019 OAK GROVE CITY HALL,"District Court Judge, Talladega County, Place No 2",,REP,Dale Price,131
Talladega,0019 OAK GROVE CITY HALL,"District Court Judge, Talladega County, Place No 2",,REP,Nicholas J. Beckham,25
Talladega,0019 OAK GROVE CITY HALL,Governor,,DEM,"Chad ""Chig"" Martin",4
Talladega,0019 OAK GROVE CITY HALL,Governor,,DEM,Doug Jones,147
Talladega,0019 OAK GROVE CITY HALL,Governor,,DEM,Jamel J. Brown,8
Talladega,0019 OAK GROVE CITY HALL,Governor,,DEM,"Nathan ""Nate"" Mathis",1
Talladega,0019 OAK GROVE CITY HALL,Governor,,DEM,Will Boyd,22
Talladega,0019 OAK GROVE CITY HALL,Governor,,DEM,Yolanda Rochelle Flowers,7
Talladega,0019 OAK GROVE CITY HALL,Governor,,REP,"""Alabama"" Will Santivasci",10
Talladega,0019 OAK GROVE CITY HALL,Governor,,REP,Ken McFeeters,17
Talladega,0019 OAK GROVE CITY HALL,Governor,,REP,Thomas Tuberville,202
Talladega,0019 OAK GROVE CITY HALL,Lieutenant Governor,,DEM,Darryl D. Perryman,84
Talladega,0019 OAK GROVE CITY HALL,Lieutenant Governor,,DEM,Phillip Ensler,93
Talladega,0019 OAK GROVE CITY HALL,Lieutenant Governor,,REP,George Childress,4
Talladega,0019 OAK GROVE CITY HALL,Lieutenant Governor,,REP,John Wahl,114
Talladega,0019 OAK GROVE CITY HALL,Lieutenant Governor,,REP,Nicole Jones Wadsworth,13
Talladega,0019 OAK GROVE CITY HALL,Lieutenant Governor,,REP,Pat Bishop,1
Talladega,0019 OAK GROVE CITY HALL,Lieutenant Governor,,REP,Rick Pate,6
Talladega,0019 OAK GROVE CITY HALL,Lieutenant Governor,,REP,Stewart Hill Tankersley,6
Talladega,0019 OAK GROVE CITY HALL,Lieutenant Governor,,REP,Wes Allen,81
Talladega,0019 OAK GROVE CITY HALL,"Public Service Commission, Place No. 2",,REP,Brent Woodall,16
Talladega,0019 OAK GROVE CITY HALL,"Public Service Commission, Place No. 2",,REP,Chris Beeker,44
Talladega,0019 OAK GROVE CITY HALL,"Public Service Commission, Place No. 2",,REP,Jim Zig Zeigler,146
Talladega,0019 OAK GROVE CITY HALL,"Public Service Commission, Place No. 2",,REP,Priscilla Andrews,15
Talladega,0019 OAK GROVE CITY HALL,"Public Service Commissioner, Place 1",,DEM,James O. Gordon,110
Talladega,0019 OAK GROVE CITY HALL,"Public Service Commissioner, Place 1",,DEM,Jeff Ramsey,52
Talladega,0019 OAK GROVE CITY HALL,"Public Service Commissioner, Place 1",,DEM,John Northrop,21
Talladega,0019 OAK GROVE CITY HALL,Secretary of State,,REP,Caroleene Dobson,136
Talladega,0019 OAK GROVE CITY HALL,Secretary of State,,REP,Christopher Christian Horn,53
Talladega,0019 OAK GROVE CITY HALL,Secretary of State,,REP,Glenda S. Jackson,20
Talladega,0019 OAK GROVE CITY HALL,State Auditor,,REP,Andrew Sorrell,139
Talladega,0019 OAK GROVE CITY HALL,State Auditor,,REP,Derek Chen,69
Talladega,0019 OAK GROVE CITY HALL,State Board of Education,6,REP,Cathi Bradford,126
Talladega,0019 OAK GROVE CITY HALL,State Board of Education,6,REP,Marie Manning,65
Talladega,0019 OAK GROVE CITY HALL,"State Republican Executive Committee, Talladega County Place No 2",,REP,Laura Barlow Heath,148
Talladega,0019 OAK GROVE CITY HALL,"State Republican Executive Committee, Talladega County Place No 2",,REP,Paxton Walker,65
Talladega,0019 OAK GROVE CITY HALL,"State Republican Executive Committee, Talladega County Place No 3",,REP,Jada R. Thomas Combs,58
Talladega,0019 OAK GROVE CITY HALL,"State Republican Executive Committee, Talladega County Place No 3",,REP,Phillip Morris,146
Talladega,0019 OAK GROVE CITY HALL,State Treasurer,,REP,Steve Lolley,76
Talladega,0019 OAK GROVE CITY HALL,State Treasurer,,REP,Young Boozer,133
Talladega,0019 OAK GROVE CITY HALL,U.S. House,3,REP,Mike Rogers,198
Talladega,0019 OAK GROVE CITY HALL,U.S. House,3,REP,Terri LaPoint,24
Talladega,0019 OAK GROVE CITY HALL,U.S. Senate,,DEM,Dakarai Larriett,31
Talladega,0019 OAK GROVE CITY HALL,U.S. Senate,,DEM,Everett Wess,94
Talladega,0019 OAK GROVE CITY HALL,U.S. Senate,,DEM,Kyle Sweetser,20
Talladega,0019 OAK GROVE CITY HALL,U.S. Senate,,DEM,Mark S. Wheeler II,36
Talladega,0019 OAK GROVE CITY HALL,U.S. Senate,,REP,Barry Moore,62
Talladega,0019 OAK GROVE CITY HALL,U.S. Senate,,REP,Dale Shelton Deas Jr.,4
Talladega,0019 OAK GROVE CITY HALL,U.S. Senate,,REP,Jared Hudson,52
Talladega,0019 OAK GROVE CITY HALL,U.S. Senate,,REP,Morgan Murphy,7
Talladega,0019 OAK GROVE CITY HALL,U.S. Senate,,REP,Rodney Walker,7
Talladega,0019 OAK GROVE CITY HALL,U.S. Senate,,REP,Seth Burton,4
Talladega,0019 OAK GROVE CITY HALL,U.S. Senate,,REP,Steve Marshall,87
Talladega,0020 SYCAMORE NUTR CTR,Attorney General,,REP,Jay Mitchell,23
Talladega,0020 SYCAMORE NUTR CTR,Attorney General,,REP,Katherine Robertson,36
Talladega,0020 SYCAMORE NUTR CTR,Attorney General,,REP,Pamela L. Casey,14
Talladega,0020 SYCAMORE NUTR CTR,Commissioner of Agriculture and Industries,,REP,Christina Woerner McInnis,25
Talladega,0020 SYCAMORE NUTR CTR,Commissioner of Agriculture and Industries,,REP,Cory Hill,21
Talladega,0020 SYCAMORE NUTR CTR,Commissioner of Agriculture and Industries,,REP,Jack Williams,26
Talladega,0020 SYCAMORE NUTR CTR,"District Court Judge, Talladega County Place No 1",,REP,Huel M. Love III,24
Talladega,0020 SYCAMORE NUTR CTR,"District Court Judge, Talladega County Place No 1",,REP,J. Scott Brewer,53
Talladega,0020 SYCAMORE NUTR CTR,"District Court Judge, Talladega County, Place No 2",,REP,Angie Walker Slaten,31
Talladega,0020 SYCAMORE NUTR CTR,"District Court Judge, Talladega County, Place No 2",,REP,Dale Price,38
Talladega,0020 SYCAMORE NUTR CTR,"District Court Judge, Talladega County, Place No 2",,REP,Nicholas J. Beckham,6
Talladega,0020 SYCAMORE NUTR CTR,Governor,,DEM,"Chad ""Chig"" Martin",0
Talladega,0020 SYCAMORE NUTR CTR,Governor,,DEM,Doug Jones,42
Talladega,0020 SYCAMORE NUTR CTR,Governor,,DEM,Jamel J. Brown,7
Talladega,0020 SYCAMORE NUTR CTR,Governor,,DEM,"Nathan ""Nate"" Mathis",0
Talladega,0020 SYCAMORE NUTR CTR,Governor,,DEM,Will Boyd,12
Talladega,0020 SYCAMORE NUTR CTR,Governor,,DEM,Yolanda Rochelle Flowers,0
Talladega,0020 SYCAMORE NUTR CTR,Governor,,REP,"""Alabama"" Will Santivasci",1
Talladega,0020 SYCAMORE NUTR CTR,Governor,,REP,Ken McFeeters,2
Talladega,0020 SYCAMORE NUTR CTR,Governor,,REP,Thomas Tuberville,76
Talladega,0020 SYCAMORE NUTR CTR,Lieutenant Governor,,DEM,Darryl D. Perryman,32
Talladega,0020 SYCAMORE NUTR CTR,Lieutenant Governor,,DEM,Phillip Ensler,25
Talladega,0020 SYCAMORE NUTR CTR,Lieutenant Governor,,REP,George Childress,2
Talladega,0020 SYCAMORE NUTR CTR,Lieutenant Governor,,REP,John Wahl,32
Talladega,0020 SYCAMORE NUTR CTR,Lieutenant Governor,,REP,Nicole Jones Wadsworth,3
Talladega,0020 SYCAMORE NUTR CTR,Lieutenant Governor,,REP,Pat Bishop,2
Talladega,0020 SYCAMORE NUTR CTR,Lieutenant Governor,,REP,Rick Pate,1
Talladega,0020 SYCAMORE NUTR CTR,Lieutenant Governor,,REP,Stewart Hill Tankersley,2
Talladega,0020 SYCAMORE NUTR CTR,Lieutenant Governor,,REP,Wes Allen,30
Talladega,0020 SYCAMORE NUTR CTR,"Public Service Commission, Place No. 2",,REP,Brent Woodall,12
Talladega,0020 SYCAMORE NUTR CTR,"Public Service Commission, Place No. 2",,REP,Chris Beeker,14
Talladega,0020 SYCAMORE NUTR CTR,"Public Service Commission, Place No. 2",,REP,Jim Zig Zeigler,42
Talladega,0020 SYCAMORE NUTR CTR,"Public Service Commission, Place No. 2",,REP,Priscilla Andrews,8
Talladega,0020 SYCAMORE NUTR CTR,"Public Service Commissioner, Place 1",,DEM,James O. Gordon,31
Talladega,0020 SYCAMORE NUTR CTR,"Public Service Commissioner, Place 1",,DEM,Jeff Ramsey,10
Talladega,0020 SYCAMORE NUTR CTR,"Public Service Commissioner, Place 1",,DEM,John Northrop,16
Talladega,0020 SYCAMORE NUTR CTR,Secretary of State,,REP,Caroleene Dobson,32
Talladega,0020 SYCAMORE NUTR CTR,Secretary of State,,REP,Christopher Christian Horn,22
Talladega,0020 SYCAMORE NUTR CTR,Secretary of State,,REP,Glenda S. Jackson,15
Talladega,0020 SYCAMORE NUTR CTR,State Auditor,,REP,Andrew Sorrell,50
Talladega,0020 SYCAMORE NUTR CTR,State Auditor,,REP,Derek Chen,21
Talladega,0020 SYCAMORE NUTR CTR,State Board of Education,6,REP,Cathi Bradford,32
Talladega,0020 SYCAMORE NUTR CTR,State Board of Education,6,REP,Marie Manning,35
Talladega,0020 SYCAMORE NUTR CTR,"State Republican Executive Committee, Talladega County Place No 2",,REP,Laura Barlow Heath,45
Talladega,0020 SYCAMORE NUTR CTR,"State Republican Executive Committee, Talladega County Place No 2",,REP,Paxton Walker,27
Talladega,0020 SYCAMORE NUTR CTR,"State Republican Executive Committee, Talladega County Place No 3",,REP,Jada R. Thomas Combs,11
Talladega,0020 SYCAMORE NUTR CTR,"State Republican Executive Committee, Talladega County Place No 3",,REP,Phillip Morris,60
Talladega,0020 SYCAMORE NUTR CTR,State Treasurer,,REP,Steve Lolley,30
Talladega,0020 SYCAMORE NUTR CTR,State Treasurer,,REP,Young Boozer,43
Talladega,0020 SYCAMORE NUTR CTR,U.S. House,3,REP,Mike Rogers,71
Talladega,0020 SYCAMORE NUTR CTR,U.S. House,3,REP,Terri LaPoint,8
Talladega,0020 SYCAMORE NUTR CTR,U.S. Senate,,DEM,Dakarai Larriett,16
Talladega,0020 SYCAMORE NUTR CTR,U.S. Senate,,DEM,Everett Wess,15
Talladega,0020 SYCAMORE NUTR CTR,U.S. Senate,,DEM,Kyle Sweetser,9
Talladega,0020 SYCAMORE NUTR CTR,U.S. Senate,,DEM,Mark S. Wheeler II,19
Talladega,0020 SYCAMORE NUTR CTR,U.S. Senate,,REP,Barry Moore,26
Talladega,0020 SYCAMORE NUTR CTR,U.S. Senate,,REP,Dale Shelton Deas Jr.,1
Talladega,0020 SYCAMORE NUTR CTR,U.S. Senate,,REP,Jared Hudson,12
Talladega,0020 SYCAMORE NUTR CTR,U.S. Senate,,REP,Morgan Murphy,0
Talladega,0020 SYCAMORE NUTR CTR,U.S. Senate,,REP,Rodney Walker,12
Talladega,0020 SYCAMORE NUTR CTR,U.S. Senate,,REP,Seth Burton,0
Talladega,0020 SYCAMORE NUTR CTR,U.S. Senate,,REP,Steve Marshall,26
Talladega,0021 WALDO CITY HALL,Attorney General,,REP,Jay Mitchell,51
Talladega,0021 WALDO CITY HALL,Attorney General,,REP,Katherine Robertson,40
Talladega,0021 WALDO CITY HALL,Attorney General,,REP,Pamela L. Casey,18
Talladega,0021 WALDO CITY HALL,Commissioner of Agriculture and Industries,,REP,Christina Woerner McInnis,27
Talladega,0021 WALDO CITY HALL,Commissioner of Agriculture and Industries,,REP,Cory Hill,44
Talladega,0021 WALDO CITY HALL,Commissioner of Agriculture and Industries,,REP,Jack Williams,29
Talladega,0021 WALDO CITY HALL,"District Court Judge, Talladega County Place No 1",,REP,Huel M. Love III,46
Talladega,0021 WALDO CITY HALL,"District Court Judge, Talladega County Place No 1",,REP,J. Scott Brewer,63
Talladega,0021 WALDO CITY HALL,"District Court Judge, Talladega County, Place No 2",,REP,Angie Walker Slaten,27
Talladega,0021 WALDO CITY HALL,"District Court Judge, Talladega County, Place No 2",,REP,Dale Price,61
Talladega,0021 WALDO CITY HALL,"District Court Judge, Talladega County, Place No 2",,REP,Nicholas J. Beckham,17
Talladega,0021 WALDO CITY HALL,Governor,,DEM,"Chad ""Chig"" Martin",3
Talladega,0021 WALDO CITY HALL,Governor,,DEM,Doug Jones,23
Talladega,0021 WALDO CITY HALL,Governor,,DEM,Jamel J. Brown,0
Talladega,0021 WALDO CITY HALL,Governor,,DEM,"Nathan ""Nate"" Mathis",0
Talladega,0021 WALDO CITY HALL,Governor,,DEM,Will Boyd,1
Talladega,0021 WALDO CITY HALL,Governor,,DEM,Yolanda Rochelle Flowers,3
Talladega,0021 WALDO CITY HALL,Governor,,REP,"""Alabama"" Will Santivasci",5
Talladega,0021 WALDO CITY HALL,Governor,,REP,Ken McFeeters,11
Talladega,0021 WALDO CITY HALL,Governor,,REP,Thomas Tuberville,99
Talladega,0021 WALDO CITY HALL,Lieutenant Governor,,DEM,Darryl D. Perryman,15
Talladega,0021 WALDO CITY HALL,Lieutenant Governor,,DEM,Phillip Ensler,15
Talladega,0021 WALDO CITY HALL,Lieutenant Governor,,REP,George Childress,2
Talladega,0021 WALDO CITY HALL,Lieutenant Governor,,REP,John Wahl,39
Talladega,0021 WALDO CITY HALL,Lieutenant Governor,,REP,Nicole Jones Wadsworth,8
Talladega,0021 WALDO CITY HALL,Lieutenant Governor,,REP,Pat Bishop,4
Talladega,0021 WALDO CITY HALL,Lieutenant Governor,,REP,Rick Pate,11
Talladega,0021 WALDO CITY HALL,Lieutenant Governor,,REP,Stewart Hill Tankersley,3
Talladega,0021 WALDO CITY HALL,Lieutenant Governor,,REP,Wes Allen,39
Talladega,0021 WALDO CITY HALL,"Public Service Commission, Place No. 2",,REP,Brent Woodall,15
Talladega,0021 WALDO CITY HALL,"Public Service Commission, Place No. 2",,REP,Chris Beeker,31
Talladega,0021 WALDO CITY HALL,"Public Service Commission, Place No. 2",,REP,Jim Zig Zeigler,45
Talladega,0021 WALDO CITY HALL,"Public Service Commission, Place No. 2",,REP,Priscilla Andrews,9
Talladega,0021 WALDO CITY HALL,"Public Service Commissioner, Place 1",,DEM,James O. Gordon,13
Talladega,0021 WALDO CITY HALL,"Public Service Commissioner, Place 1",,DEM,Jeff Ramsey,10
Talladega,0021 WALDO CITY HALL,"Public Service Commissioner, Place 1",,DEM,John Northrop,6
Talladega,0021 WALDO CITY HALL,Secretary of State,,REP,Caroleene Dobson,57
Talladega,0021 WALDO CITY HALL,Secretary of State,,REP,Christopher Christian Horn,29
Talladega,0021 WALDO CITY HALL,Secretary of State,,REP,Glenda S. Jackson,13
Talladega,0021 WALDO CITY HALL,State Auditor,,REP,Andrew Sorrell,73
Talladega,0021 WALDO CITY HALL,State Auditor,,REP,Derek Chen,32
Talladega,0021 WALDO CITY HALL,State Board of Education,6,REP,Cathi Bradford,55
Talladega,0021 WALDO CITY HALL,State Board of Education,6,REP,Marie Manning,41
Talladega,0021 WALDO CITY HALL,"State Republican Executive Committee, Talladega County Place No 2",,REP,Laura Barlow Heath,50
Talladega,0021 WALDO CITY HALL,"State Republican Executive Committee, Talladega County Place No 2",,REP,Paxton Walker,48
Talladega,0021 WALDO CITY HALL,"State Republican Executive Committee, Talladega County Place No 3",,REP,Jada R. Thomas Combs,26
Talladega,0021 WALDO CITY HALL,"State Republican Executive Committee, Talladega County Place No 3",,REP,Phillip Morris,70
Talladega,0021 WALDO CITY HALL,State Treasurer,,REP,Steve Lolley,51
Talladega,0021 WALDO CITY HALL,State Treasurer,,REP,Young Boozer,53
Talladega,0021 WALDO CITY HALL,"Talladega County Commission, District No 2",,REP,Kimberlee Davidson,0
Talladega,0021 WALDO CITY HALL,"Talladega County Commission, District No 2",,REP,Tony Haynes,1
Talladega,0021 WALDO CITY HALL,U.S. House,3,REP,Mike Rogers,94
Talladega,0021 WALDO CITY HALL,U.S. House,3,REP,Terri LaPoint,19
Talladega,0021 WALDO CITY HALL,U.S. Senate,,DEM,Dakarai Larriett,5
Talladega,0021 WALDO CITY HALL,U.S. Senate,,DEM,Everett Wess,15
Talladega,0021 WALDO CITY HALL,U.S. Senate,,DEM,Kyle Sweetser,3
Talladega,0021 WALDO CITY HALL,U.S. Senate,,DEM,Mark S. Wheeler II,6
Talladega,0021 WALDO CITY HALL,U.S. Senate,,REP,Barry Moore,23
Talladega,0021 WALDO CITY HALL,U.S. Senate,,REP,Dale Shelton Deas Jr.,1
Talladega,0021 WALDO CITY HALL,U.S. Senate,,REP,Jared Hudson,21
Talladega,0021 WALDO CITY HALL,U.S. Senate,,REP,Morgan Murphy,2
Talladega,0021 WALDO CITY HALL,U.S. Senate,,REP,Rodney Walker,33
Talladega,0021 WALDO CITY HALL,U.S. Senate,,REP,Seth Burton,0
Talladega,0021 WALDO CITY HALL,U.S. Senate,,REP,Steve Marshall,33
Talladega,0022 FAYETTEVILLE UMC,Attorney General,,REP,Jay Mitchell,60
Talladega,0022 FAYETTEVILLE UMC,Attorney General,,REP,Katherine Robertson,92
Talladega,0022 FAYETTEVILLE UMC,Attorney General,,REP,Pamela L. Casey,37
Talladega,0022 FAYETTEVILLE UMC,Commissioner of Agriculture and Industries,,REP,Christina Woerner McInnis,49
Talladega,0022 FAYETTEVILLE UMC,Commissioner of Agriculture and Industries,,REP,Cory Hill,65
Talladega,0022 FAYETTEVILLE UMC,Commissioner of Agriculture and Industries,,REP,Jack Williams,68
Talladega,0022 FAYETTEVILLE UMC,"District Court Judge, Talladega County Place No 1",,REP,Huel M. Love III,42
Talladega,0022 FAYETTEVILLE UMC,"District Court Judge, Talladega County Place No 1",,REP,J. Scott Brewer,142
Talladega,0022 FAYETTEVILLE UMC,"District Court Judge, Talladega County, Place No 2",,REP,Angie Walker Slaten,95
Talladega,0022 FAYETTEVILLE UMC,"District Court Judge, Talladega County, Place No 2",,REP,Dale Price,91
Talladega,0022 FAYETTEVILLE UMC,"District Court Judge, Talladega County, Place No 2",,REP,Nicholas J. Beckham,12
Talladega,0022 FAYETTEVILLE UMC,Governor,,DEM,"Chad ""Chig"" Martin",1
Talladega,0022 FAYETTEVILLE UMC,Governor,,DEM,Doug Jones,37
Talladega,0022 FAYETTEVILLE UMC,Governor,,DEM,Jamel J. Brown,1
Talladega,0022 FAYETTEVILLE UMC,Governor,,DEM,"Nathan ""Nate"" Mathis",0
Talladega,0022 FAYETTEVILLE UMC,Governor,,DEM,Will Boyd,4
Talladega,0022 FAYETTEVILLE UMC,Governor,,DEM,Yolanda Rochelle Flowers,3
Talladega,0022 FAYETTEVILLE UMC,Governor,,REP,"""Alabama"" Will Santivasci",4
Talladega,0022 FAYETTEVILLE UMC,Governor,,REP,Ken McFeeters,15
Talladega,0022 FAYETTEVILLE UMC,Governor,,REP,Thomas Tuberville,186
Talladega,0022 FAYETTEVILLE UMC,Lieutenant Governor,,DEM,Darryl D. Perryman,18
Talladega,0022 FAYETTEVILLE UMC,Lieutenant Governor,,DEM,Phillip Ensler,25
Talladega,0022 FAYETTEVILLE UMC,Lieutenant Governor,,REP,George Childress,3
Talladega,0022 FAYETTEVILLE UMC,Lieutenant Governor,,REP,John Wahl,96
Talladega,0022 FAYETTEVILLE UMC,Lieutenant Governor,,REP,Nicole Jones Wadsworth,7
Talladega,0022 FAYETTEVILLE UMC,Lieutenant Governor,,REP,Pat Bishop,2
Talladega,0022 FAYETTEVILLE UMC,Lieutenant Governor,,REP,Rick Pate,6
Talladega,0022 FAYETTEVILLE UMC,Lieutenant Governor,,REP,Stewart Hill Tankersley,6
Talladega,0022 FAYETTEVILLE UMC,Lieutenant Governor,,REP,Wes Allen,79
Talladega,0022 FAYETTEVILLE UMC,"Public Service Commission, Place No. 2",,REP,Brent Woodall,19
Talladega,0022 FAYETTEVILLE UMC,"Public Service Commission, Place No. 2",,REP,Chris Beeker,59
Talladega,0022 FAYETTEVILLE UMC,"Public Service Commission, Place No. 2",,REP,Jim Zig Zeigler,91
Talladega,0022 FAYETTEVILLE UMC,"Public Service Commission, Place No. 2",,REP,Priscilla Andrews,14
Talladega,0022 FAYETTEVILLE UMC,"Public Service Commissioner, Place 1",,DEM,James O. Gordon,13
Talladega,0022 FAYETTEVILLE UMC,"Public Service Commissioner, Place 1",,DEM,Jeff Ramsey,14
Talladega,0022 FAYETTEVILLE UMC,"Public Service Commissioner, Place 1",,DEM,John Northrop,15
Talladega,0022 FAYETTEVILLE UMC,Secretary of State,,REP,Caroleene Dobson,108
Talladega,0022 FAYETTEVILLE UMC,Secretary of State,,REP,Christopher Christian Horn,44
Talladega,0022 FAYETTEVILLE UMC,Secretary of State,,REP,Glenda S. Jackson,22
Talladega,0022 FAYETTEVILLE UMC,State Auditor,,REP,Andrew Sorrell,118
Talladega,0022 FAYETTEVILLE UMC,State Auditor,,REP,Derek Chen,68
Talladega,0022 FAYETTEVILLE UMC,"State Republican Executive Committee, Talladega County Place No 2",,REP,Laura Barlow Heath,97
Talladega,0022 FAYETTEVILLE UMC,"State Republican Executive Committee, Talladega County Place No 2",,REP,Paxton Walker,80
Talladega,0022 FAYETTEVILLE UMC,"State Republican Executive Committee, Talladega County Place No 3",,REP,Jada R. Thomas Combs,51
Talladega,0022 FAYETTEVILLE UMC,"State Republican Executive Committee, Talladega County Place No 3",,REP,Phillip Morris,133
Talladega,0022 FAYETTEVILLE UMC,State Treasurer,,REP,Steve Lolley,70
Talladega,0022 FAYETTEVILLE UMC,State Treasurer,,REP,Young Boozer,110
Talladega,0022 FAYETTEVILLE UMC,U.S. House,6,REP,Case Dixon,41
Talladega,0022 FAYETTEVILLE UMC,U.S. House,6,REP,Gary Palmer,146
Talladega,0022 FAYETTEVILLE UMC,U.S. House,3,REP,Mike Rogers,3
Talladega,0022 FAYETTEVILLE UMC,U.S. House,3,REP,Terri LaPoint,0
Talladega,0022 FAYETTEVILLE UMC,U.S. Senate,,DEM,Dakarai Larriett,15
Talladega,0022 FAYETTEVILLE UMC,U.S. Senate,,DEM,Everett Wess,9
Talladega,0022 FAYETTEVILLE UMC,U.S. Senate,,DEM,Kyle Sweetser,1
Talladega,0022 FAYETTEVILLE UMC,U.S. Senate,,DEM,Mark S. Wheeler II,17
Talladega,0022 FAYETTEVILLE UMC,U.S. Senate,,REP,Barry Moore,70
Talladega,0022 FAYETTEVILLE UMC,U.S. Senate,,REP,Dale Shelton Deas Jr.,2
Talladega,0022 FAYETTEVILLE UMC,U.S. Senate,,REP,Jared Hudson,37
Talladega,0022 FAYETTEVILLE UMC,U.S. Senate,,REP,Morgan Murphy,1
Talladega,0022 FAYETTEVILLE UMC,U.S. Senate,,REP,Rodney Walker,5
Talladega,0022 FAYETTEVILLE UMC,U.S. Senate,,REP,Seth Burton,7
Talladega,0022 FAYETTEVILLE UMC,U.S. Senate,,REP,Steve Marshall,78
Talladega,0023 COUNTY LINE VFD,Attorney General,,REP,Jay Mitchell,37
Talladega,0023 COUNTY LINE VFD,Attorney General,,REP,Katherine Robertson,34
Talladega,0023 COUNTY LINE VFD,Attorney General,,REP,Pamela L. Casey,29
Talladega,0023 COUNTY LINE VFD,Commissioner of Agriculture and Industries,,REP,Christina Woerner McInnis,28
Talladega,0023 COUNTY LINE VFD,Commissioner of Agriculture and Industries,,REP,Cory Hill,33
Talladega,0023 COUNTY LINE VFD,Commissioner of Agriculture and Industries,,REP,Jack Williams,32
Talladega,0023 COUNTY LINE VFD,"District Court Judge, Talladega County Place No 1",,REP,Huel M. Love III,22
Talladega,0023 COUNTY LINE VFD,"District Court Judge, Talladega County Place No 1",,REP,J. Scott Brewer,72
Talladega,0023 COUNTY LINE VFD,"District Court Judge, Talladega County, Place No 2",,REP,Angie Walker Slaten,32
Talladega,0023 COUNTY LINE VFD,"District Court Judge, Talladega County, Place No 2",,REP,Dale Price,46
Talladega,0023 COUNTY LINE VFD,"District Court Judge, Talladega County, Place No 2",,REP,Nicholas J. Beckham,21
Talladega,0023 COUNTY LINE VFD,Governor,,DEM,"Chad ""Chig"" Martin",0
Talladega,0023 COUNTY LINE VFD,Governor,,DEM,Doug Jones,10
Talladega,0023 COUNTY LINE VFD,Governor,,DEM,Jamel J. Brown,0
Talladega,0023 COUNTY LINE VFD,Governor,,DEM,"Nathan ""Nate"" Mathis",1
Talladega,0023 COUNTY LINE VFD,Governor,,DEM,Will Boyd,1
Talladega,0023 COUNTY LINE VFD,Governor,,DEM,Yolanda Rochelle Flowers,0
Talladega,0023 COUNTY LINE VFD,Governor,,REP,"""Alabama"" Will Santivasci",3
Talladega,0023 COUNTY LINE VFD,Governor,,REP,Ken McFeeters,8
Talladega,0023 COUNTY LINE VFD,Governor,,REP,Thomas Tuberville,93
Talladega,0023 COUNTY LINE VFD,Lieutenant Governor,,DEM,Darryl D. Perryman,5
Talladega,0023 COUNTY LINE VFD,Lieutenant Governor,,DEM,Phillip Ensler,6
Talladega,0023 COUNTY LINE VFD,Lieutenant Governor,,REP,George Childress,5
Talladega,0023 COUNTY LINE VFD,Lieutenant Governor,,REP,John Wahl,40
Talladega,0023 COUNTY LINE VFD,Lieutenant Governor,,REP,Nicole Jones Wadsworth,8
Talladega,0023 COUNTY LINE VFD,Lieutenant Governor,,REP,Pat Bishop,2
Talladega,0023 COUNTY LINE VFD,Lieutenant Governor,,REP,Rick Pate,8
Talladega,0023 COUNTY LINE VFD,Lieutenant Governor,,REP,Stewart Hill Tankersley,2
Talladega,0023 COUNTY LINE VFD,Lieutenant Governor,,REP,Wes Allen,37
Talladega,0023 COUNTY LINE VFD,"Public Service Commission, Place No. 2",,REP,Brent Woodall,7
Talladega,0023 COUNTY LINE VFD,"Public Service Commission, Place No. 2",,REP,Chris Beeker,16
Talladega,0023 COUNTY LINE VFD,"Public Service Commission, Place No. 2",,REP,Jim Zig Zeigler,70
Talladega,0023 COUNTY LINE VFD,"Public Service Commission, Place No. 2",,REP,Priscilla Andrews,6
Talladega,0023 COUNTY LINE VFD,"Public Service Commissioner, Place 1",,DEM,James O. Gordon,3
Talladega,0023 COUNTY LINE VFD,"Public Service Commissioner, Place 1",,DEM,Jeff Ramsey,5
Talladega,0023 COUNTY LINE VFD,"Public Service Commissioner, Place 1",,DEM,John Northrop,3
Talladega,0023 COUNTY LINE VFD,Secretary of State,,REP,Caroleene Dobson,45
Talladega,0023 COUNTY LINE VFD,Secretary of State,,REP,Christopher Christian Horn,29
Talladega,0023 COUNTY LINE VFD,Secretary of State,,REP,Glenda S. Jackson,18
Talladega,0023 COUNTY LINE VFD,State Auditor,,REP,Andrew Sorrell,66
Talladega,0023 COUNTY LINE VFD,State Auditor,,REP,Derek Chen,28
Talladega,0023 COUNTY LINE VFD,"State Republican Executive Committee, Talladega County Place No 2",,REP,Laura Barlow Heath,71
Talladega,0023 COUNTY LINE VFD,"State Republican Executive Committee, Talladega County Place No 2",,REP,Paxton Walker,26
Talladega,0023 COUNTY LINE VFD,"State Republican Executive Committee, Talladega County Place No 3",,REP,Jada R. Thomas Combs,33
Talladega,0023 COUNTY LINE VFD,"State Republican Executive Committee, Talladega County Place No 3",,REP,Phillip Morris,63
Talladega,0023 COUNTY LINE VFD,State Treasurer,,REP,Steve Lolley,35
Talladega,0023 COUNTY LINE VFD,State Treasurer,,REP,Young Boozer,53
Talladega,0023 COUNTY LINE VFD,U.S. House,6,REP,Case Dixon,6
Talladega,0023 COUNTY LINE VFD,U.S. House,6,REP,Gary Palmer,22
Talladega,0023 COUNTY LINE VFD,U.S. House,3,REP,Mike Rogers,60
Talladega,0023 COUNTY LINE VFD,U.S. House,3,REP,Terri LaPoint,8
Talladega,0023 COUNTY LINE VFD,U.S. Senate,,DEM,Dakarai Larriett,2
Talladega,0023 COUNTY LINE VFD,U.S. Senate,,DEM,Everett Wess,4
Talladega,0023 COUNTY LINE VFD,U.S. Senate,,DEM,Kyle Sweetser,1
Talladega,0023 COUNTY LINE VFD,U.S. Senate,,DEM,Mark S. Wheeler II,4
Talladega,0023 COUNTY LINE VFD,U.S. Senate,,REP,Barry Moore,28
Talladega,0023 COUNTY LINE VFD,U.S. Senate,,REP,Dale Shelton Deas Jr.,3
Talladega,0023 COUNTY LINE VFD,U.S. Senate,,REP,Jared Hudson,13
Talladega,0023 COUNTY LINE VFD,U.S. Senate,,REP,Morgan Murphy,4
Talladega,0023 COUNTY LINE VFD,U.S. Senate,,REP,Rodney Walker,12
Talladega,0023 COUNTY LINE VFD,U.S. Senate,,REP,Seth Burton,2
Talladega,0023 COUNTY LINE VFD,U.S. Senate,,REP,Steve Marshall,40
Talladega,0024 STEMLEY VFD,Attorney General,,REP,Jay Mitchell,112
Talladega,0024 STEMLEY VFD,Attorney General,,REP,Katherine Robertson,129
Talladega,0024 STEMLEY VFD,Attorney General,,REP,Pamela L. Casey,80
Talladega,0024 STEMLEY VFD,Commissioner of Agriculture and Industries,,REP,Christina Woerner McInnis,96
Talladega,0024 STEMLEY VFD,Commissioner of Agriculture and Industries,,REP,Cory Hill,89
Talladega,0024 STEMLEY VFD,Commissioner of Agriculture and Industries,,REP,Jack Williams,110
Talladega,0024 STEMLEY VFD,"District Court Judge, Talladega County Place No 1",,REP,Huel M. Love III,89
Talladega,0024 STEMLEY VFD,"District Court Judge, Talladega County Place No 1",,REP,J. Scott Brewer,218
Talladega,0024 STEMLEY VFD,"District Court Judge, Talladega County, Place No 2",,REP,Angie Walker Slaten,94
Talladega,0024 STEMLEY VFD,"District Court Judge, Talladega County, Place No 2",,REP,Dale Price,147
Talladega,0024 STEMLEY VFD,"District Court Judge, Talladega County, Place No 2",,REP,Nicholas J. Beckham,63
Talladega,0024 STEMLEY VFD,Governor,,DEM,"Chad ""Chig"" Martin",0
Talladega,0024 STEMLEY VFD,Governor,,DEM,Doug Jones,161
Talladega,0024 STEMLEY VFD,Governor,,DEM,Jamel J. Brown,7
Talladega,0024 STEMLEY VFD,Governor,,DEM,"Nathan ""Nate"" Mathis",1
Talladega,0024 STEMLEY VFD,Governor,,DEM,Will Boyd,9
Talladega,0024 STEMLEY VFD,Governor,,DEM,Yolanda Rochelle Flowers,9
Talladega,0024 STEMLEY VFD,Governor,,REP,"""Alabama"" Will Santivasci",10
Talladega,0024 STEMLEY VFD,Governor,,REP,Ken McFeeters,12
Talladega,0024 STEMLEY VFD,Governor,,REP,Thomas Tuberville,310
Talladega,0024 STEMLEY VFD,Lieutenant Governor,,DEM,Darryl D. Perryman,63
Talladega,0024 STEMLEY VFD,Lieutenant Governor,,DEM,Phillip Ensler,99
Talladega,0024 STEMLEY VFD,Lieutenant Governor,,REP,George Childress,8
Talladega,0024 STEMLEY VFD,Lieutenant Governor,,REP,John Wahl,152
Talladega,0024 STEMLEY VFD,Lieutenant Governor,,REP,Nicole Jones Wadsworth,7
Talladega,0024 STEMLEY VFD,Lieutenant Governor,,REP,Pat Bishop,17
Talladega,0024 STEMLEY VFD,Lieutenant Governor,,REP,Rick Pate,20
Talladega,0024 STEMLEY VFD,Lieutenant Governor,,REP,Stewart Hill Tankersley,7
Talladega,0024 STEMLEY VFD,Lieutenant Governor,,REP,Wes Allen,108
Talladega,0024 STEMLEY VFD,"Public Service Commission, Place No. 2",,REP,Brent Woodall,42
Talladega,0024 STEMLEY VFD,"Public Service Commission, Place No. 2",,REP,Chris Beeker,106
Talladega,0024 STEMLEY VFD,"Public Service Commission, Place No. 2",,REP,Jim Zig Zeigler,128
Talladega,0024 STEMLEY VFD,"Public Service Commission, Place No. 2",,REP,Priscilla Andrews,28
Talladega,0024 STEMLEY VFD,"Public Service Commissioner, Place 1",,DEM,James O. Gordon,106
Talladega,0024 STEMLEY VFD,"Public Service Commissioner, Place 1",,DEM,Jeff Ramsey,29
Talladega,0024 STEMLEY VFD,"Public Service Commissioner, Place 1",,DEM,John Northrop,24
Talladega,0024 STEMLEY VFD,Secretary of State,,REP,Caroleene Dobson,187
Talladega,0024 STEMLEY VFD,Secretary of State,,REP,Christopher Christian Horn,83
Talladega,0024 STEMLEY VFD,Secretary of State,,REP,Glenda S. Jackson,32
Talladega,0024 STEMLEY VFD,State Auditor,,REP,Andrew Sorrell,208
Talladega,0024 STEMLEY VFD,State Auditor,,REP,Derek Chen,93
Talladega,0024 STEMLEY VFD,State Board of Education,6,REP,Cathi Bradford,173
Talladega,0024 STEMLEY VFD,State Board of Education,6,REP,Marie Manning,109
Talladega,0024 STEMLEY VFD,State Democratic Executive Committee,,DEM,Alberta McCrory,6
Talladega,0024 STEMLEY VFD,State Democratic Executive Committee,,DEM,Barbara Bigsby Boyd,146
Talladega,0024 STEMLEY VFD,State Democratic Executive Committee,,DEM,Kelsey Girdwood,11
Talladega,0024 STEMLEY VFD,State Democratic Executive Committee,,DEM,Michelle D Jones,14
Talladega,0024 STEMLEY VFD,State House,32,DEM,David E. Reddick,43
Talladega,0024 STEMLEY VFD,State House,32,DEM,Debra D Foster,131
Talladega,0024 STEMLEY VFD,"State Republican Executive Committee, Talladega County Place No 2",,REP,Laura Barlow Heath,136
Talladega,0024 STEMLEY VFD,"State Republican Executive Committee, Talladega County Place No 2",,REP,Paxton Walker,150
Talladega,0024 STEMLEY VFD,"State Republican Executive Committee, Talladega County Place No 3",,REP,Jada R. Thomas Combs,52
Talladega,0024 STEMLEY VFD,"State Republican Executive Committee, Talladega County Place No 3",,REP,Phillip Morris,228
Talladega,0024 STEMLEY VFD,State Treasurer,,REP,Steve Lolley,105
Talladega,0024 STEMLEY VFD,State Treasurer,,REP,Young Boozer,199
Talladega,0024 STEMLEY VFD,"Talladega County Commission, District No 2",,REP,Kimberlee Davidson,113
Talladega,0024 STEMLEY VFD,"Talladega County Commission, District No 2",,REP,Tony Haynes,156
Talladega,0024 STEMLEY VFD,U.S. House,3,REP,Mike Rogers,269
Talladega,0024 STEMLEY VFD,U.S. House,3,REP,Terri LaPoint,50
Talladega,0024 STEMLEY VFD,U.S. Senate,,DEM,Dakarai Larriett,34
Talladega,0024 STEMLEY VFD,U.S. Senate,,DEM,Everett Wess,88
Talladega,0024 STEMLEY VFD,U.S. Senate,,DEM,Kyle Sweetser,18
Talladega,0024 STEMLEY VFD,U.S. Senate,,DEM,Mark S. Wheeler II,23
Talladega,0024 STEMLEY VFD,U.S. Senate,,REP,Barry Moore,134
Talladega,0024 STEMLEY VFD,U.S. Senate,,REP,Dale Shelton Deas Jr.,1
Talladega,0024 STEMLEY VFD,U.S. Senate,,REP,Jared Hudson,66
Talladega,0024 STEMLEY VFD,U.S. Senate,,REP,Morgan Murphy,7
Talladega,0024 STEMLEY VFD,U.S. Senate,,REP,Rodney Walker,28
Talladega,0024 STEMLEY VFD,U.S. Senate,,REP,Seth Burton,7
Talladega,0024 STEMLEY VFD,U.S. Senate,,REP,Steve Marshall,83
Talladega,0025 RENFROE VFD,Attorney General,,REP,Jay Mitchell,103
Talladega,0025 RENFROE VFD,Attorney General,,REP,Katherine Robertson,124
Talladega,0025 RENFROE VFD,Attorney General,,REP,Pamela L. Casey,55
Talladega,0025 RENFROE VFD,Commissioner of Agriculture and Industries,,REP,Christina Woerner McInnis,98
Talladega,0025 RENFROE VFD,Commissioner of Agriculture and Industries,,REP,Cory Hill,83
Talladega,0025 RENFROE VFD,Commissioner of Agriculture and Industries,,REP,Jack Williams,71
Talladega,0025 RENFROE VFD,"District Court Judge, Talladega County Place No 1",,REP,Huel M. Love III,77
Talladega,0025 RENFROE VFD,"District Court Judge, Talladega County Place No 1",,REP,J. Scott Brewer,199
Talladega,0025 RENFROE VFD,"District Court Judge, Talladega County, Place No 2",,REP,Angie Walker Slaten,53
Talladega,0025 RENFROE VFD,"District Court Judge, Talladega County, Place No 2",,REP,Dale Price,144
Talladega,0025 RENFROE VFD,"District Court Judge, Talladega County, Place No 2",,REP,Nicholas J. Beckham,64
Talladega,0025 RENFROE VFD,Governor,,DEM,"Chad ""Chig"" Martin",2
Talladega,0025 RENFROE VFD,Governor,,DEM,Doug Jones,88
Talladega,0025 RENFROE VFD,Governor,,DEM,Jamel J. Brown,3
Talladega,0025 RENFROE VFD,Governor,,DEM,"Nathan ""Nate"" Mathis",1
Talladega,0025 RENFROE VFD,Governor,,DEM,Will Boyd,8
Talladega,0025 RENFROE VFD,Governor,,DEM,Yolanda Rochelle Flowers,9
Talladega,0025 RENFROE VFD,Governor,,REP,"""Alabama"" Will Santivasci",11
Talladega,0025 RENFROE VFD,Governor,,REP,Ken McFeeters,25
Talladega,0025 RENFROE VFD,Governor,,REP,Thomas Tuberville,258
Talladega,0025 RENFROE VFD,Lieutenant Governor,,DEM,Darryl D. Perryman,47
Talladega,0025 RENFROE VFD,Lieutenant Governor,,DEM,Phillip Ensler,60
Talladega,0025 RENFROE VFD,Lieutenant Governor,,REP,George Childress,5
Talladega,0025 RENFROE VFD,Lieutenant Governor,,REP,John Wahl,129
Talladega,0025 RENFROE VFD,Lieutenant Governor,,REP,Nicole Jones Wadsworth,8
Talladega,0025 RENFROE VFD,Lieutenant Governor,,REP,Pat Bishop,8
Talladega,0025 RENFROE VFD,Lieutenant Governor,,REP,Rick Pate,24
Talladega,0025 RENFROE VFD,Lieutenant Governor,,REP,Stewart Hill Tankersley,5
Talladega,0025 RENFROE VFD,Lieutenant Governor,,REP,Wes Allen,105
Talladega,0025 RENFROE VFD,"Public Service Commission, Place No. 2",,REP,Brent Woodall,39
Talladega,0025 RENFROE VFD,"Public Service Commission, Place No. 2",,REP,Chris Beeker,86
Talladega,0025 RENFROE VFD,"Public Service Commission, Place No. 2",,REP,Jim Zig Zeigler,116
Talladega,0025 RENFROE VFD,"Public Service Commission, Place No. 2",,REP,Priscilla Andrews,22
Talladega,0025 RENFROE VFD,"Public Service Commissioner, Place 1",,DEM,James O. Gordon,52
Talladega,0025 RENFROE VFD,"Public Service Commissioner, Place 1",,DEM,Jeff Ramsey,37
Talladega,0025 RENFROE VFD,"Public Service Commissioner, Place 1",,DEM,John Northrop,16
Talladega,0025 RENFROE VFD,Secretary of State,,REP,Caroleene Dobson,151
Talladega,0025 RENFROE VFD,Secretary of State,,REP,Christopher Christian Horn,74
Talladega,0025 RENFROE VFD,Secretary of State,,REP,Glenda S. Jackson,29
Talladega,0025 RENFROE VFD,State Auditor,,REP,Andrew Sorrell,181
Talladega,0025 RENFROE VFD,State Auditor,,REP,Derek Chen,82
Talladega,0025 RENFROE VFD,State Board of Education,6,REP,Cathi Bradford,138
Talladega,0025 RENFROE VFD,State Board of Education,6,REP,Marie Manning,102
Talladega,0025 RENFROE VFD,State Democratic Executive Committee,,DEM,Alberta McCrory,6
Talladega,0025 RENFROE VFD,State Democratic Executive Committee,,DEM,Barbara Bigsby Boyd,72
Talladega,0025 RENFROE VFD,State Democratic Executive Committee,,DEM,Kelsey Girdwood,5
Talladega,0025 RENFROE VFD,State Democratic Executive Committee,,DEM,Michelle D Jones,21
Talladega,0025 RENFROE VFD,State House,32,DEM,David E. Reddick,28
Talladega,0025 RENFROE VFD,State House,32,DEM,Debra D Foster,76
Talladega,0025 RENFROE VFD,"State Republican Executive Committee, Talladega County Place No 2",,REP,Laura Barlow Heath,130
Talladega,0025 RENFROE VFD,"State Republican Executive Committee, Talladega County Place No 2",,REP,Paxton Walker,110
Talladega,0025 RENFROE VFD,"State Republican Executive Committee, Talladega County Place No 3",,REP,Jada R. Thomas Combs,41
Talladega,0025 RENFROE VFD,"State Republican Executive Committee, Talladega County Place No 3",,REP,Phillip Morris,205
Talladega,0025 RENFROE VFD,State Treasurer,,REP,Steve Lolley,98
Talladega,0025 RENFROE VFD,State Treasurer,,REP,Young Boozer,175
Talladega,0025 RENFROE VFD,"Talladega County Commission, District No 2",,REP,Kimberlee Davidson,112
Talladega,0025 RENFROE VFD,"Talladega County Commission, District No 2",,REP,Tony Haynes,142
Talladega,0025 RENFROE VFD,U.S. House,3,REP,Mike Rogers,242
Talladega,0025 RENFROE VFD,U.S. House,3,REP,Terri LaPoint,44
Talladega,0025 RENFROE VFD,U.S. Senate,,DEM,Dakarai Larriett,32
Talladega,0025 RENFROE VFD,U.S. Senate,,DEM,Everett Wess,36
Talladega,0025 RENFROE VFD,U.S. Senate,,DEM,Kyle Sweetser,15
Talladega,0025 RENFROE VFD,U.S. Senate,,DEM,Mark S. Wheeler II,25
Talladega,0025 RENFROE VFD,U.S. Senate,,REP,Barry Moore,95
Talladega,0025 RENFROE VFD,U.S. Senate,,REP,Dale Shelton Deas Jr.,4
Talladega,0025 RENFROE VFD,U.S. Senate,,REP,Jared Hudson,88
Talladega,0025 RENFROE VFD,U.S. Senate,,REP,Morgan Murphy,2
Talladega,0025 RENFROE VFD,U.S. Senate,,REP,Rodney Walker,19
Talladega,0025 RENFROE VFD,U.S. Senate,,REP,Seth Burton,5
Talladega,0025 RENFROE VFD,U.S. Senate,,REP,Steve Marshall,77
Talladega,0026 MUNFORD OLD HS GYM,Attorney General,,REP,Jay Mitchell,115
Talladega,0026 MUNFORD OLD HS GYM,Attorney General,,REP,Katherine Robertson,118
Talladega,0026 MUNFORD OLD HS GYM,Attorney General,,REP,Pamela L. Casey,62
Talladega,0026 MUNFORD OLD HS GYM,Commissioner of Agriculture and Industries,,REP,Christina Woerner McInnis,80
Talladega,0026 MUNFORD OLD HS GYM,Commissioner of Agriculture and Industries,,REP,Cory Hill,110
Talladega,0026 MUNFORD OLD HS GYM,Commissioner of Agriculture and Industries,,REP,Jack Williams,91
Talladega,0026 MUNFORD OLD HS GYM,"District Court Judge, Talladega County Place No 1",,REP,Huel M. Love III,66
Talladega,0026 MUNFORD OLD HS GYM,"District Court Judge, Talladega County Place No 1",,REP,J. Scott Brewer,235
Talladega,0026 MUNFORD OLD HS GYM,"District Court Judge, Talladega County, Place No 2",,REP,Angie Walker Slaten,62
Talladega,0026 MUNFORD OLD HS GYM,"District Court Judge, Talladega County, Place No 2",,REP,Dale Price,141
Talladega,0026 MUNFORD OLD HS GYM,"District Court Judge, Talladega County, Place No 2",,REP,Nicholas J. Beckham,72
Talladega,0026 MUNFORD OLD HS GYM,Governor,,DEM,"Chad ""Chig"" Martin",0
Talladega,0026 MUNFORD OLD HS GYM,Governor,,DEM,Doug Jones,140
Talladega,0026 MUNFORD OLD HS GYM,Governor,,DEM,Jamel J. Brown,10
Talladega,0026 MUNFORD OLD HS GYM,Governor,,DEM,"Nathan ""Nate"" Mathis",0
Talladega,0026 MUNFORD OLD HS GYM,Governor,,DEM,Will Boyd,15
Talladega,0026 MUNFORD OLD HS GYM,Governor,,DEM,Yolanda Rochelle Flowers,3
Talladega,0026 MUNFORD OLD HS GYM,Governor,,REP,"""Alabama"" Will Santivasci",25
Talladega,0026 MUNFORD OLD HS GYM,Governor,,REP,Ken McFeeters,16
Talladega,0026 MUNFORD OLD HS GYM,Governor,,REP,Thomas Tuberville,262
Talladega,0026 MUNFORD OLD HS GYM,Lieutenant Governor,,DEM,Darryl D. Perryman,74
Talladega,0026 MUNFORD OLD HS GYM,Lieutenant Governor,,DEM,Phillip Ensler,82
Talladega,0026 MUNFORD OLD HS GYM,Lieutenant Governor,,REP,George Childress,6
Talladega,0026 MUNFORD OLD HS GYM,Lieutenant Governor,,REP,John Wahl,112
Talladega,0026 MUNFORD OLD HS GYM,Lieutenant Governor,,REP,Nicole Jones Wadsworth,18
Talladega,0026 MUNFORD OLD HS GYM,Lieutenant Governor,,REP,Pat Bishop,4
Talladega,0026 MUNFORD OLD HS GYM,Lieutenant Governor,,REP,Rick Pate,23
Talladega,0026 MUNFORD OLD HS GYM,Lieutenant Governor,,REP,Stewart Hill Tankersley,4
Talladega,0026 MUNFORD OLD HS GYM,Lieutenant Governor,,REP,Wes Allen,128
Talladega,0026 MUNFORD OLD HS GYM,"Public Service Commission, Place No. 2",,REP,Brent Woodall,48
Talladega,0026 MUNFORD OLD HS GYM,"Public Service Commission, Place No. 2",,REP,Chris Beeker,83
Talladega,0026 MUNFORD OLD HS GYM,"Public Service Commission, Place No. 2",,REP,Jim Zig Zeigler,105
Talladega,0026 MUNFORD OLD HS GYM,"Public Service Commission, Place No. 2",,REP,Priscilla Andrews,40
Talladega,0026 MUNFORD OLD HS GYM,"Public Service Commissioner, Place 1",,DEM,James O. Gordon,96
Talladega,0026 MUNFORD OLD HS GYM,"Public Service Commissioner, Place 1",,DEM,Jeff Ramsey,42
Talladega,0026 MUNFORD OLD HS GYM,"Public Service Commissioner, Place 1",,DEM,John Northrop,16
Talladega,0026 MUNFORD OLD HS GYM,Secretary of State,,REP,Caroleene Dobson,153
Talladega,0026 MUNFORD OLD HS GYM,Secretary of State,,REP,Christopher Christian Horn,82
Talladega,0026 MUNFORD OLD HS GYM,Secretary of State,,REP,Glenda S. Jackson,40
Talladega,0026 MUNFORD OLD HS GYM,State Auditor,,REP,Andrew Sorrell,195
Talladega,0026 MUNFORD OLD HS GYM,State Auditor,,REP,Derek Chen,88
Talladega,0026 MUNFORD OLD HS GYM,State Board of Education,6,REP,Cathi Bradford,147
Talladega,0026 MUNFORD OLD HS GYM,State Board of Education,6,REP,Marie Manning,123
Talladega,0026 MUNFORD OLD HS GYM,State Democratic Executive Committee,,DEM,Destry Gilmore,64
Talladega,0026 MUNFORD OLD HS GYM,State Democratic Executive Committee,,DEM,Harry Gilliam,92
Talladega,0026 MUNFORD OLD HS GYM,"State Republican Executive Committee, Talladega County Place No 2",,REP,Laura Barlow Heath,143
Talladega,0026 MUNFORD OLD HS GYM,"State Republican Executive Committee, Talladega County Place No 2",,REP,Paxton Walker,120
Talladega,0026 MUNFORD OLD HS GYM,"State Republican Executive Committee, Talladega County Place No 3",,REP,Jada R. Thomas Combs,76
Talladega,0026 MUNFORD OLD HS GYM,"State Republican Executive Committee, Talladega County Place No 3",,REP,Phillip Morris,187
Talladega,0026 MUNFORD OLD HS GYM,State Treasurer,,REP,Steve Lolley,120
Talladega,0026 MUNFORD OLD HS GYM,State Treasurer,,REP,Young Boozer,165
Talladega,0026 MUNFORD OLD HS GYM,U.S. House,3,REP,Mike Rogers,246
Talladega,0026 MUNFORD OLD HS GYM,U.S. House,3,REP,Terri LaPoint,57
Talladega,0026 MUNFORD OLD HS GYM,U.S. Senate,,DEM,Dakarai Larriett,33
Talladega,0026 MUNFORD OLD HS GYM,U.S. Senate,,DEM,Everett Wess,75
Talladega,0026 MUNFORD OLD HS GYM,U.S. Senate,,DEM,Kyle Sweetser,15
Talladega,0026 MUNFORD OLD HS GYM,U.S. Senate,,DEM,Mark S. Wheeler II,34
Talladega,0026 MUNFORD OLD HS GYM,U.S. Senate,,REP,Barry Moore,79
Talladega,0026 MUNFORD OLD HS GYM,U.S. Senate,,REP,Dale Shelton Deas Jr.,2
Talladega,0026 MUNFORD OLD HS GYM,U.S. Senate,,REP,Jared Hudson,66
Talladega,0026 MUNFORD OLD HS GYM,U.S. Senate,,REP,Morgan Murphy,1
Talladega,0026 MUNFORD OLD HS GYM,U.S. Senate,,REP,Rodney Walker,70
Talladega,0026 MUNFORD OLD HS GYM,U.S. Senate,,REP,Seth Burton,11
Talladega,0026 MUNFORD OLD HS GYM,U.S. Senate,,REP,Steve Marshall,76
Talladega,0027 ABSENTEE,Attorney General,,REP,Jay Mitchell,39
Talladega,0027 ABSENTEE,Attorney General,,REP,Katherine Robertson,48
Talladega,0027 ABSENTEE,Attorney General,,REP,Pamela L. Casey,12
Talladega,0027 ABSENTEE,Commissioner of Agriculture and Industries,,REP,Christina Woerner McInnis,27
Talladega,0027 ABSENTEE,Commissioner of Agriculture and Industries,,REP,Cory Hill,32
Talladega,0027 ABSENTEE,Commissioner of Agriculture and Industries,,REP,Jack Williams,39
Talladega,0027 ABSENTEE,"District Court Judge, Talladega County Place No 1",,REP,Huel M. Love III,30
Talladega,0027 ABSENTEE,"District Court Judge, Talladega County Place No 1",,REP,J. Scott Brewer,70
Talladega,0027 ABSENTEE,"District Court Judge, Talladega County, Place No 2",,REP,Angie Walker Slaten,12
Talladega,0027 ABSENTEE,"District Court Judge, Talladega County, Place No 2",,REP,Dale Price,59
Talladega,0027 ABSENTEE,"District Court Judge, Talladega County, Place No 2",,REP,Nicholas J. Beckham,26
Talladega,0027 ABSENTEE,Governor,,DEM,"Chad ""Chig"" Martin",1
Talladega,0027 ABSENTEE,Governor,,DEM,Doug Jones,38
Talladega,0027 ABSENTEE,Governor,,DEM,Jamel J. Brown,1
Talladega,0027 ABSENTEE,Governor,,DEM,"Nathan ""Nate"" Mathis",2
Talladega,0027 ABSENTEE,Governor,,DEM,Will Boyd,4
Talladega,0027 ABSENTEE,Governor,,DEM,Yolanda Rochelle Flowers,3
Talladega,0027 ABSENTEE,Governor,,REP,"""Alabama"" Will Santivasci",5
Talladega,0027 ABSENTEE,Governor,,REP,Ken McFeeters,11
Talladega,0027 ABSENTEE,Governor,,REP,Thomas Tuberville,89
Talladega,0027 ABSENTEE,Lieutenant Governor,,DEM,Darryl D. Perryman,28
Talladega,0027 ABSENTEE,Lieutenant Governor,,DEM,Phillip Ensler,18
Talladega,0027 ABSENTEE,Lieutenant Governor,,REP,George Childress,0
Talladega,0027 ABSENTEE,Lieutenant Governor,,REP,John Wahl,25
Talladega,0027 ABSENTEE,Lieutenant Governor,,REP,Nicole Jones Wadsworth,2
Talladega,0027 ABSENTEE,Lieutenant Governor,,REP,Pat Bishop,2
Talladega,0027 ABSENTEE,Lieutenant Governor,,REP,Rick Pate,14
Talladega,0027 ABSENTEE,Lieutenant Governor,,REP,Stewart Hill Tankersley,2
Talladega,0027 ABSENTEE,Lieutenant Governor,,REP,Wes Allen,58
Talladega,0027 ABSENTEE,"Public Service Commission, Place No. 2",,REP,Brent Woodall,6
Talladega,0027 ABSENTEE,"Public Service Commission, Place No. 2",,REP,Chris Beeker,23
Talladega,0027 ABSENTEE,"Public Service Commission, Place No. 2",,REP,Jim Zig Zeigler,62
Talladega,0027 ABSENTEE,"Public Service Commission, Place No. 2",,REP,Priscilla Andrews,4
Talladega,0027 ABSENTEE,"Public Service Commissioner, Place 1",,DEM,James O. Gordon,21
Talladega,0027 ABSENTEE,"Public Service Commissioner, Place 1",,DEM,Jeff Ramsey,14
Talladega,0027 ABSENTEE,"Public Service Commissioner, Place 1",,DEM,John Northrop,7
Talladega,0027 ABSENTEE,Secretary of State,,REP,Caroleene Dobson,63
Talladega,0027 ABSENTEE,Secretary of State,,REP,Christopher Christian Horn,15
Talladega,0027 ABSENTEE,Secretary of State,,REP,Glenda S. Jackson,20
Talladega,0027 ABSENTEE,State Auditor,,REP,Andrew Sorrell,63
Talladega,0027 ABSENTEE,State Auditor,,REP,Derek Chen,34
Talladega,0027 ABSENTEE,State Board of Education,6,REP,Cathi Bradford,33
Talladega,0027 ABSENTEE,State Board of Education,6,REP,Marie Manning,30
Talladega,0027 ABSENTEE,State Democratic Executive Committee,,DEM,Alberta McCrory,2
Talladega,0027 ABSENTEE,State Democratic Executive Committee,,DEM,Barbara Bigsby Boyd,18
Talladega,0027 ABSENTEE,State Democratic Executive Committee,,DEM,Debra Huffman-Church,0
Talladega,0027 ABSENTEE,State Democratic Executive Committee,,DEM,Destry Gilmore,2
Talladega,0027 ABSENTEE,State Democratic Executive Committee,,DEM,Harry Gilliam,5
Talladega,0027 ABSENTEE,State Democratic Executive Committee,,DEM,Kelsey Girdwood,2
Talladega,0027 ABSENTEE,State Democratic Executive Committee,,DEM,Michelle D Jones,1
Talladega,0027 ABSENTEE,State Democratic Executive Committee,,DEM,Pam Lowery,2
Talladega,0027 ABSENTEE,State Democratic Executive Committee,,DEM,Thelma O. Jones,0
Talladega,0027 ABSENTEE,State House,32,DEM,David E. Reddick,5
Talladega,0027 ABSENTEE,State House,32,DEM,Debra D Foster,17
Talladega,0027 ABSENTEE,"State Republican Executive Committee, Talladega County Place No 2",,REP,Laura Barlow Heath,55
Talladega,0027 ABSENTEE,"State Republican Executive Committee, Talladega County Place No 2",,REP,Paxton Walker,39
Talladega,0027 ABSENTEE,"State Republican Executive Committee, Talladega County Place No 3",,REP,Jada R. Thomas Combs,17
Talladega,0027 ABSENTEE,"State Republican Executive Committee, Talladega County Place No 3",,REP,Phillip Morris,76
Talladega,0027 ABSENTEE,State Treasurer,,REP,Steve Lolley,37
Talladega,0027 ABSENTEE,State Treasurer,,REP,Young Boozer,63
Talladega,0027 ABSENTEE,"Talladega County Commission, District No 2",,REP,Kimberlee Davidson,14
Talladega,0027 ABSENTEE,"Talladega County Commission, District No 2",,REP,Tony Haynes,20
Talladega,0027 ABSENTEE,U.S. House,6,REP,Case Dixon,3
Talladega,0027 ABSENTEE,U.S. House,6,REP,Gary Palmer,1
Talladega,0027 ABSENTEE,U.S. House,3,REP,Mike Rogers,82
Talladega,0027 ABSENTEE,U.S. House,3,REP,Terri LaPoint,11
Talladega,0027 ABSENTEE,U.S. Senate,,DEM,Dakarai Larriett,14
Talladega,0027 ABSENTEE,U.S. Senate,,DEM,Everett Wess,17
Talladega,0027 ABSENTEE,U.S. Senate,,DEM,Kyle Sweetser,3
Talladega,0027 ABSENTEE,U.S. Senate,,DEM,Mark S. Wheeler II,8
Talladega,0027 ABSENTEE,U.S. Senate,,REP,Barry Moore,24
Talladega,0027 ABSENTEE,U.S. Senate,,REP,Dale Shelton Deas Jr.,2
Talladega,0027 ABSENTEE,U.S. Senate,,REP,Jared Hudson,20
Talladega,0027 ABSENTEE,U.S. Senate,,REP,Morgan Murphy,1
Talladega,0027 ABSENTEE,U.S. Senate,,REP,Rodney Walker,11
Talladega,0027 ABSENTEE,U.S. Senate,,REP,Seth Burton,2
Talladega,0027 ABSENTEE,U.S. Senate,,REP,Steve Marshall,40
Talladega,0028 PROVISIONAL,Attorney General,,REP,Jay Mitchell,2
Talladega,0028 PROVISIONAL,Attorney General,,REP,Katherine Robertson,1
Talladega,0028 PROVISIONAL,Attorney General,,REP,Pamela L. Casey,1
Talladega,0028 PROVISIONAL,Commissioner of Agriculture and Industries,,REP,Christina Woerner McInnis,1
Talladega,0028 PROVISIONAL,Commissioner of Agriculture and Industries,,REP,Cory Hill,3
Talladega,0028 PROVISIONAL,Commissioner of Agriculture and Industries,,REP,Jack Williams,0
Talladega,0028 PROVISIONAL,"District Court Judge, Talladega County Place No 1",,REP,Huel M. Love III,1
Talladega,0028 PROVISIONAL,"District Court Judge, Talladega County Place No 1",,REP,J. Scott Brewer,4
Talladega,0028 PROVISIONAL,"District Court Judge, Talladega County, Place No 2",,REP,Angie Walker Slaten,0
Talladega,0028 PROVISIONAL,"District Court Judge, Talladega County, Place No 2",,REP,Dale Price,4
Talladega,0028 PROVISIONAL,"District Court Judge, Talladega County, Place No 2",,REP,Nicholas J. Beckham,1
Talladega,0028 PROVISIONAL,Governor,,DEM,"Chad ""Chig"" Martin",0
Talladega,0028 PROVISIONAL,Governor,,DEM,Doug Jones,3
Talladega,0028 PROVISIONAL,Governor,,DEM,Jamel J. Brown,0
Talladega,0028 PROVISIONAL,Governor,,DEM,"Nathan ""Nate"" Mathis",0
Talladega,0028 PROVISIONAL,Governor,,DEM,Will Boyd,1
Talladega,0028 PROVISIONAL,Governor,,DEM,Yolanda Rochelle Flowers,0
Talladega,0028 PROVISIONAL,Governor,,REP,"""Alabama"" Will Santivasci",0
Talladega,0028 PROVISIONAL,Governor,,REP,Ken McFeeters,0
Talladega,0028 PROVISIONAL,Governor,,REP,Thomas Tuberville,5
Talladega,0028 PROVISIONAL,Lieutenant Governor,,DEM,Darryl D. Perryman,3
Talladega,0028 PROVISIONAL,Lieutenant Governor,,DEM,Phillip Ensler,1
Talladega,0028 PROVISIONAL,Lieutenant Governor,,REP,George Childress,0
Talladega,0028 PROVISIONAL,Lieutenant Governor,,REP,John Wahl,2
Talladega,0028 PROVISIONAL,Lieutenant Governor,,REP,Nicole Jones Wadsworth,0
Talladega,0028 PROVISIONAL,Lieutenant Governor,,REP,Pat Bishop,0
Talladega,0028 PROVISIONAL,Lieutenant Governor,,REP,Rick Pate,1
Talladega,0028 PROVISIONAL,Lieutenant Governor,,REP,Stewart Hill Tankersley,0
Talladega,0028 PROVISIONAL,Lieutenant Governor,,REP,Wes Allen,2
Talladega,0028 PROVISIONAL,"Public Service Commission, Place No. 2",,REP,Brent Woodall,0
Talladega,0028 PROVISIONAL,"Public Service Commission, Place No. 2",,REP,Chris Beeker,1
Talladega,0028 PROVISIONAL,"Public Service Commission, Place No. 2",,REP,Jim Zig Zeigler,3
Talladega,0028 PROVISIONAL,"Public Service Commission, Place No. 2",,REP,Priscilla Andrews,0
Talladega,0028 PROVISIONAL,"Public Service Commissioner, Place 1",,DEM,James O. Gordon,1
Talladega,0028 PROVISIONAL,"Public Service Commissioner, Place 1",,DEM,Jeff Ramsey,3
Talladega,0028 PROVISIONAL,"Public Service Commissioner, Place 1",,DEM,John Northrop,0
Talladega,0028 PROVISIONAL,Secretary of State,,REP,Caroleene Dobson,3
Talladega,0028 PROVISIONAL,Secretary of State,,REP,Christopher Christian Horn,1
Talladega,0028 PROVISIONAL,Secretary of State,,REP,Glenda S. Jackson,0
Talladega,0028 PROVISIONAL,State Auditor,,REP,Andrew Sorrell,1
Talladega,0028 PROVISIONAL,State Auditor,,REP,Derek Chen,3
Talladega,0028 PROVISIONAL,State Board of Education,6,REP,Cathi Bradford,1
Talladega,0028 PROVISIONAL,State Board of Education,6,REP,Marie Manning,1
Talladega,0028 PROVISIONAL,State Democratic Executive Committee,,DEM,Alberta McCrory,0
Talladega,0028 PROVISIONAL,State Democratic Executive Committee,,DEM,Barbara Bigsby Boyd,1
Talladega,0028 PROVISIONAL,State Democratic Executive Committee,,DEM,Debra Huffman-Church,0
Talladega,0028 PROVISIONAL,State Democratic Executive Committee,,DEM,Destry Gilmore,0
Talladega,0028 PROVISIONAL,State Democratic Executive Committee,,DEM,Harry Gilliam,0
Talladega,0028 PROVISIONAL,State Democratic Executive Committee,,DEM,Kelsey Girdwood,0
Talladega,0028 PROVISIONAL,State Democratic Executive Committee,,DEM,Michelle D Jones,0
Talladega,0028 PROVISIONAL,State Democratic Executive Committee,,DEM,Pam Lowery,0
Talladega,0028 PROVISIONAL,State Democratic Executive Committee,,DEM,Thelma O. Jones,0
Talladega,0028 PROVISIONAL,State House,32,DEM,David E. Reddick,0
Talladega,0028 PROVISIONAL,State House,32,DEM,Debra D Foster,1
Talladega,0028 PROVISIONAL,"State Republican Executive Committee, Talladega County Place No 2",,REP,Laura Barlow Heath,2
Talladega,0028 PROVISIONAL,"State Republican Executive Committee, Talladega County Place No 2",,REP,Paxton Walker,3
Talladega,0028 PROVISIONAL,"State Republican Executive Committee, Talladega County Place No 3",,REP,Jada R. Thomas Combs,1
Talladega,0028 PROVISIONAL,"State Republican Executive Committee, Talladega County Place No 3",,REP,Phillip Morris,3
Talladega,0028 PROVISIONAL,State Treasurer,,REP,Steve Lolley,0
Talladega,0028 PROVISIONAL,State Treasurer,,REP,Young Boozer,4
Talladega,0028 PROVISIONAL,"Talladega County Commission, District No 2",,REP,Kimberlee Davidson,0
Talladega,0028 PROVISIONAL,"Talladega County Commission, District No 2",,REP,Tony Haynes,1
Talladega,0028 PROVISIONAL,U.S. House,6,REP,Case Dixon,0
Talladega,0028 PROVISIONAL,U.S. House,6,REP,Gary Palmer,0
Talladega,0028 PROVISIONAL,U.S. House,3,REP,Mike Rogers,5
Talladega,0028 PROVISIONAL,U.S. House,3,REP,Terri LaPoint,0
Talladega,0028 PROVISIONAL,U.S. Senate,,DEM,Dakarai Larriett,0
Talladega,0028 PROVISIONAL,U.S. Senate,,DEM,Everett Wess,3
Talladega,0028 PROVISIONAL,U.S. Senate,,DEM,Kyle Sweetser,0
Talladega,0028 PROVISIONAL,U.S. Senate,,DEM,Mark S. Wheeler II,1
Talladega,0028 PROVISIONAL,U.S. Senate,,REP,Barry Moore,1
Talladega,0028 PROVISIONAL,U.S. Senate,,REP,Dale Shelton Deas Jr.,0
Talladega,0028 PROVISIONAL,U.S. Senate,,REP,Jared Hudson,2
Talladega,0028 PROVISIONAL,U.S. Senate,,REP,Morgan Murphy,0
Talladega,0028 PROVISIONAL,U.S. Senate,,REP,Rodney Walker,0
Talladega,0028 PROVISIONAL,U.S. Senate,,REP,Seth Burton,0
Talladega,0028 PROVISIONAL,U.S. Senate,,REP,Steve Marshall,2
