county,precinct,office,district,party,candidate,votes
Monroe,0001 CHRYSLER ELISKA,Proposed Statewide Amendment 1,,,No,5
Monroe,0001 CHRYSLER ELISKA,Proposed Statewide Amendment 1,,,Yes,111
Monroe,0001 CHRYSLER ELISKA,Proposed Statewide Amendment 2,,,No,47
Monroe,0001 CHRYSLER ELISKA,Proposed Statewide Amendment 2,,,Yes,67
Monroe,0001 CHRYSLER ELISKA,Governor,,DEM,"Chad ""Chig"" Martin",0
Monroe,0001 CHRYSLER ELISKA,Governor,,DEM,Doug Jones,37
Monroe,0001 CHRYSLER ELISKA,Governor,,DEM,Jamel J. Brown,1
Monroe,0001 CHRYSLER ELISKA,Governor,,DEM,"Nathan ""Nate"" Mathis",0
Monroe,0001 CHRYSLER ELISKA,Governor,,DEM,Will Boyd,0
Monroe,0001 CHRYSLER ELISKA,Governor,,DEM,Yolanda Rochelle Flowers,2
Monroe,0001 CHRYSLER ELISKA,Lieutenant Governor,,DEM,Darryl D. Perryman,10
Monroe,0001 CHRYSLER ELISKA,Lieutenant Governor,,DEM,Phillip Ensler,29
Monroe,0001 CHRYSLER ELISKA,"Public Service Commission, Place No. 1",,DEM,James O. Gordon,34
Monroe,0001 CHRYSLER ELISKA,"Public Service Commission, Place No. 1",,DEM,Jeff Ramsey,3
Monroe,0001 CHRYSLER ELISKA,"Public Service Commission, Place No. 1",,DEM,John Northrop,1
Monroe,0001 CHRYSLER ELISKA,U.S. Senate,,DEM,Dakarai Larriett,10
Monroe,0001 CHRYSLER ELISKA,U.S. Senate,,DEM,Everett Wess,21
Monroe,0001 CHRYSLER ELISKA,U.S. Senate,,DEM,Kyle Sweetser,0
Monroe,0001 CHRYSLER ELISKA,U.S. Senate,,DEM,Mark S. Wheeler II,6
Monroe,0001 CHRYSLER ELISKA,Attorney General,,REP,Jay Mitchell,17
Monroe,0001 CHRYSLER ELISKA,Attorney General,,REP,Katherine Robertson,39
Monroe,0001 CHRYSLER ELISKA,Attorney General,,REP,Pamela L. Casey,18
Monroe,0001 CHRYSLER ELISKA,Commissioner of Agriculture and Industries,,REP,Christina Woerner McInnis,22
Monroe,0001 CHRYSLER ELISKA,Commissioner of Agriculture and Industries,,REP,Cory Hill,19
Monroe,0001 CHRYSLER ELISKA,Commissioner of Agriculture and Industries,,REP,Jack Williams,29
Monroe,0001 CHRYSLER ELISKA,Governor,,REP,"""Alabama"" Will Santivasci",5
Monroe,0001 CHRYSLER ELISKA,Governor,,REP,Ken McFeeters,3
Monroe,0001 CHRYSLER ELISKA,Governor,,REP,Thomas Tuberville,69
Monroe,0001 CHRYSLER ELISKA,Lieutenant Governor,,REP,George Childress,3
Monroe,0001 CHRYSLER ELISKA,Lieutenant Governor,,REP,John Wahl,38
Monroe,0001 CHRYSLER ELISKA,Lieutenant Governor,,REP,Nicole Jones Wadsworth,0
Monroe,0001 CHRYSLER ELISKA,Lieutenant Governor,,REP,Pat Bishop,3
Monroe,0001 CHRYSLER ELISKA,Lieutenant Governor,,REP,Rick Pate,5
Monroe,0001 CHRYSLER ELISKA,Lieutenant Governor,,REP,Stewart Hill Tankersley,0
Monroe,0001 CHRYSLER ELISKA,Lieutenant Governor,,REP,Wes Allen,28
Monroe,0001 CHRYSLER ELISKA,"Member, Monroe County Commission, District No. 2",,REP,Calvin Casey,0
Monroe,0001 CHRYSLER ELISKA,"Member, Monroe County Commission, District No. 2",,REP,Justin Dean Sawyer,1
Monroe,0001 CHRYSLER ELISKA,Monroe County Sheriff,,REP,Jeff Dunn,47
Monroe,0001 CHRYSLER ELISKA,Monroe County Sheriff,,REP,Brian Hamilton House,29
Monroe,0001 CHRYSLER ELISKA,"Public Service Commission, Place No. 1",,REP,Jeremy H. Oden,9
Monroe,0001 CHRYSLER ELISKA,"Public Service Commission, Place No. 1",,REP,Matt Gentry,59
Monroe,0001 CHRYSLER ELISKA,"Public Service Commission, Place No. 2",,REP,Brent Woodall,12
Monroe,0001 CHRYSLER ELISKA,"Public Service Commission, Place No. 2",,REP,Chris Beeker,20
Monroe,0001 CHRYSLER ELISKA,"Public Service Commission, Place No. 2",,REP,Jim Zig Zeigler,29
Monroe,0001 CHRYSLER ELISKA,"Public Service Commission, Place No. 2",,REP,Priscilla Andrews,9
Monroe,0001 CHRYSLER ELISKA,Secretary of State,,REP,Caroleene Dobson,68
Monroe,0001 CHRYSLER ELISKA,Secretary of State,,REP,Christopher Christian Horn,6
Monroe,0001 CHRYSLER ELISKA,Secretary of State,,REP,Glenda S. Jackson,3
Monroe,0001 CHRYSLER ELISKA,State Auditor,,REP,Andrew Sorrell,45
Monroe,0001 CHRYSLER ELISKA,State Auditor,,REP,Derek Chen,27
Monroe,0001 CHRYSLER ELISKA,State Treasurer,,REP,Steve Lolley,28
Monroe,0001 CHRYSLER ELISKA,State Treasurer,,REP,Young Boozer,45
Monroe,0001 CHRYSLER ELISKA,U.S. Senate,,REP,Seth Burton,1
Monroe,0001 CHRYSLER ELISKA,U.S. Senate,,REP,Dale Shelton Deas Jr.,0
Monroe,0001 CHRYSLER ELISKA,U.S. Senate,,REP,Jared Hudson,9
Monroe,0001 CHRYSLER ELISKA,U.S. Senate,,REP,Steve Marshall,37
Monroe,0001 CHRYSLER ELISKA,U.S. Senate,,REP,Barry Moore,28
Monroe,0001 CHRYSLER ELISKA,U.S. Senate,,REP,Morgan Murphy,1
Monroe,0001 CHRYSLER ELISKA,U.S. Senate,,REP,Rodney Walker,1
Monroe,0002 MINEOLA METHODIST CH,Proposed Statewide Amendment 1,,,No,3
Monroe,0002 MINEOLA METHODIST CH,Proposed Statewide Amendment 1,,,Yes,50
Monroe,0002 MINEOLA METHODIST CH,Proposed Statewide Amendment 2,,,No,17
Monroe,0002 MINEOLA METHODIST CH,Proposed Statewide Amendment 2,,,Yes,36
Monroe,0002 MINEOLA METHODIST CH,Governor,,DEM,"Chad ""Chig"" Martin",0
Monroe,0002 MINEOLA METHODIST CH,Governor,,DEM,Doug Jones,2
Monroe,0002 MINEOLA METHODIST CH,Governor,,DEM,Jamel J. Brown,0
Monroe,0002 MINEOLA METHODIST CH,Governor,,DEM,"Nathan ""Nate"" Mathis",0
Monroe,0002 MINEOLA METHODIST CH,Governor,,DEM,Will Boyd,0
Monroe,0002 MINEOLA METHODIST CH,Governor,,DEM,Yolanda Rochelle Flowers,0
Monroe,0002 MINEOLA METHODIST CH,Lieutenant Governor,,DEM,Darryl D. Perryman,2
Monroe,0002 MINEOLA METHODIST CH,Lieutenant Governor,,DEM,Phillip Ensler,0
Monroe,0002 MINEOLA METHODIST CH,"Public Service Commission, Place No. 1",,DEM,James O. Gordon,1
Monroe,0002 MINEOLA METHODIST CH,"Public Service Commission, Place No. 1",,DEM,Jeff Ramsey,0
Monroe,0002 MINEOLA METHODIST CH,"Public Service Commission, Place No. 1",,DEM,John Northrop,1
Monroe,0002 MINEOLA METHODIST CH,U.S. Senate,,DEM,Dakarai Larriett,0
Monroe,0002 MINEOLA METHODIST CH,U.S. Senate,,DEM,Everett Wess,1
Monroe,0002 MINEOLA METHODIST CH,U.S. Senate,,DEM,Kyle Sweetser,1
Monroe,0002 MINEOLA METHODIST CH,U.S. Senate,,DEM,Mark S. Wheeler II,0
Monroe,0002 MINEOLA METHODIST CH,Attorney General,,REP,Jay Mitchell,8
Monroe,0002 MINEOLA METHODIST CH,Attorney General,,REP,Katherine Robertson,28
Monroe,0002 MINEOLA METHODIST CH,Attorney General,,REP,Pamela L. Casey,16
Monroe,0002 MINEOLA METHODIST CH,Commissioner of Agriculture and Industries,,REP,Christina Woerner McInnis,12
Monroe,0002 MINEOLA METHODIST CH,Commissioner of Agriculture and Industries,,REP,Cory Hill,9
Monroe,0002 MINEOLA METHODIST CH,Commissioner of Agriculture and Industries,,REP,Jack Williams,29
Monroe,0002 MINEOLA METHODIST CH,Governor,,REP,"""Alabama"" Will Santivasci",2
Monroe,0002 MINEOLA METHODIST CH,Governor,,REP,Ken McFeeters,2
Monroe,0002 MINEOLA METHODIST CH,Governor,,REP,Thomas Tuberville,50
Monroe,0002 MINEOLA METHODIST CH,Lieutenant Governor,,REP,George Childress,2
Monroe,0002 MINEOLA METHODIST CH,Lieutenant Governor,,REP,John Wahl,19
Monroe,0002 MINEOLA METHODIST CH,Lieutenant Governor,,REP,Nicole Jones Wadsworth,0
Monroe,0002 MINEOLA METHODIST CH,Lieutenant Governor,,REP,Pat Bishop,3
Monroe,0002 MINEOLA METHODIST CH,Lieutenant Governor,,REP,Rick Pate,1
Monroe,0002 MINEOLA METHODIST CH,Lieutenant Governor,,REP,Stewart Hill Tankersley,0
Monroe,0002 MINEOLA METHODIST CH,Lieutenant Governor,,REP,Wes Allen,29
Monroe,0002 MINEOLA METHODIST CH,Monroe County Sheriff,,REP,Jeff Dunn,25
Monroe,0002 MINEOLA METHODIST CH,Monroe County Sheriff,,REP,Brian Hamilton House,29
Monroe,0002 MINEOLA METHODIST CH,"Public Service Commission, Place No. 1",,REP,Jeremy H. Oden,7
Monroe,0002 MINEOLA METHODIST CH,"Public Service Commission, Place No. 1",,REP,Matt Gentry,40
Monroe,0002 MINEOLA METHODIST CH,"Public Service Commission, Place No. 2",,REP,Brent Woodall,11
Monroe,0002 MINEOLA METHODIST CH,"Public Service Commission, Place No. 2",,REP,Chris Beeker,11
Monroe,0002 MINEOLA METHODIST CH,"Public Service Commission, Place No. 2",,REP,Jim Zig Zeigler,25
Monroe,0002 MINEOLA METHODIST CH,"Public Service Commission, Place No. 2",,REP,Priscilla Andrews,2
Monroe,0002 MINEOLA METHODIST CH,Secretary of State,,REP,Caroleene Dobson,49
Monroe,0002 MINEOLA METHODIST CH,Secretary of State,,REP,Christopher Christian Horn,2
Monroe,0002 MINEOLA METHODIST CH,Secretary of State,,REP,Glenda S. Jackson,2
Monroe,0002 MINEOLA METHODIST CH,State Auditor,,REP,Andrew Sorrell,34
Monroe,0002 MINEOLA METHODIST CH,State Auditor,,REP,Derek Chen,15
Monroe,0002 MINEOLA METHODIST CH,State Treasurer,,REP,Steve Lolley,16
Monroe,0002 MINEOLA METHODIST CH,State Treasurer,,REP,Young Boozer,33
Monroe,0002 MINEOLA METHODIST CH,U.S. Senate,,REP,Barry Moore,10
Monroe,0002 MINEOLA METHODIST CH,U.S. Senate,,REP,Dale Shelton Deas Jr.,2
Monroe,0002 MINEOLA METHODIST CH,U.S. Senate,,REP,Jared Hudson,4
Monroe,0002 MINEOLA METHODIST CH,U.S. Senate,,REP,Morgan Murphy,1
Monroe,0002 MINEOLA METHODIST CH,U.S. Senate,,REP,Rodney Walker,5
Monroe,0002 MINEOLA METHODIST CH,U.S. Senate,,REP,Seth Burton,0
Monroe,0002 MINEOLA METHODIST CH,U.S. Senate,,REP,Steve Marshall,31
Monroe,0003 PERDUE HILL MAS. LODG,Proposed Statewide Amendment 1,,,No,18
Monroe,0003 PERDUE HILL MAS. LODG,Proposed Statewide Amendment 1,,,Yes,115
Monroe,0003 PERDUE HILL MAS. LODG,Proposed Statewide Amendment 2,,,No,38
Monroe,0003 PERDUE HILL MAS. LODG,Proposed Statewide Amendment 2,,,Yes,96
Monroe,0003 PERDUE HILL MAS. LODG,Governor,,DEM,"Chad ""Chig"" Martin",2
Monroe,0003 PERDUE HILL MAS. LODG,Governor,,DEM,Doug Jones,57
Monroe,0003 PERDUE HILL MAS. LODG,Governor,,DEM,Jamel J. Brown,9
Monroe,0003 PERDUE HILL MAS. LODG,Governor,,DEM,"Nathan ""Nate"" Mathis",1
Monroe,0003 PERDUE HILL MAS. LODG,Governor,,DEM,Will Boyd,2
Monroe,0003 PERDUE HILL MAS. LODG,Governor,,DEM,Yolanda Rochelle Flowers,2
Monroe,0003 PERDUE HILL MAS. LODG,Lieutenant Governor,,DEM,Darryl D. Perryman,34
Monroe,0003 PERDUE HILL MAS. LODG,Lieutenant Governor,,DEM,Phillip Ensler,37
Monroe,0003 PERDUE HILL MAS. LODG,"Public Service Commission, Place No. 1",,DEM,James O. Gordon,49
Monroe,0003 PERDUE HILL MAS. LODG,"Public Service Commission, Place No. 1",,DEM,Jeff Ramsey,11
Monroe,0003 PERDUE HILL MAS. LODG,"Public Service Commission, Place No. 1",,DEM,John Northrop,9
Monroe,0003 PERDUE HILL MAS. LODG,U.S. Senate,,DEM,Dakarai Larriett,16
Monroe,0003 PERDUE HILL MAS. LODG,U.S. Senate,,DEM,Everett Wess,34
Monroe,0003 PERDUE HILL MAS. LODG,U.S. Senate,,DEM,Kyle Sweetser,7
Monroe,0003 PERDUE HILL MAS. LODG,U.S. Senate,,DEM,Mark S. Wheeler II,14
Monroe,0003 PERDUE HILL MAS. LODG,Attorney General,,REP,Jay Mitchell,18
Monroe,0003 PERDUE HILL MAS. LODG,Attorney General,,REP,Katherine Robertson,29
Monroe,0003 PERDUE HILL MAS. LODG,Attorney General,,REP,Pamela L. Casey,14
Monroe,0003 PERDUE HILL MAS. LODG,Commissioner of Agriculture and Industries,,REP,Christina Woerner McInnis,23
Monroe,0003 PERDUE HILL MAS. LODG,Commissioner of Agriculture and Industries,,REP,Cory Hill,24
Monroe,0003 PERDUE HILL MAS. LODG,Commissioner of Agriculture and Industries,,REP,Jack Williams,6
Monroe,0003 PERDUE HILL MAS. LODG,Governor,,REP,"""Alabama"" Will Santivasci",3
Monroe,0003 PERDUE HILL MAS. LODG,Governor,,REP,Ken McFeeters,4
Monroe,0003 PERDUE HILL MAS. LODG,Governor,,REP,Thomas Tuberville,54
Monroe,0003 PERDUE HILL MAS. LODG,Lieutenant Governor,,REP,George Childress,3
Monroe,0003 PERDUE HILL MAS. LODG,Lieutenant Governor,,REP,John Wahl,21
Monroe,0003 PERDUE HILL MAS. LODG,Lieutenant Governor,,REP,Nicole Jones Wadsworth,1
Monroe,0003 PERDUE HILL MAS. LODG,Lieutenant Governor,,REP,Pat Bishop,3
Monroe,0003 PERDUE HILL MAS. LODG,Lieutenant Governor,,REP,Rick Pate,1
Monroe,0003 PERDUE HILL MAS. LODG,Lieutenant Governor,,REP,Stewart Hill Tankersley,2
Monroe,0003 PERDUE HILL MAS. LODG,Lieutenant Governor,,REP,Wes Allen,29
Monroe,0003 PERDUE HILL MAS. LODG,"Member, Monroe County Commission, District No. 2",,REP,Calvin Casey,10
Monroe,0003 PERDUE HILL MAS. LODG,"Member, Monroe County Commission, District No. 2",,REP,Justin Dean Sawyer,15
Monroe,0003 PERDUE HILL MAS. LODG,Monroe County Sheriff,,REP,Jeff Dunn,9
Monroe,0003 PERDUE HILL MAS. LODG,Monroe County Sheriff,,REP,Brian Hamilton House,49
Monroe,0003 PERDUE HILL MAS. LODG,"Public Service Commission, Place No. 1",,REP,Jeremy H. Oden,10
Monroe,0003 PERDUE HILL MAS. LODG,"Public Service Commission, Place No. 1",,REP,Matt Gentry,43
Monroe,0003 PERDUE HILL MAS. LODG,"Public Service Commission, Place No. 2",,REP,Brent Woodall,8
Monroe,0003 PERDUE HILL MAS. LODG,"Public Service Commission, Place No. 2",,REP,Chris Beeker,17
Monroe,0003 PERDUE HILL MAS. LODG,"Public Service Commission, Place No. 2",,REP,Jim Zig Zeigler,23
Monroe,0003 PERDUE HILL MAS. LODG,"Public Service Commission, Place No. 2",,REP,Priscilla Andrews,9
Monroe,0003 PERDUE HILL MAS. LODG,Secretary of State,,REP,Caroleene Dobson,56
Monroe,0003 PERDUE HILL MAS. LODG,Secretary of State,,REP,Christopher Christian Horn,1
Monroe,0003 PERDUE HILL MAS. LODG,Secretary of State,,REP,Glenda S. Jackson,3
Monroe,0003 PERDUE HILL MAS. LODG,State Auditor,,REP,Andrew Sorrell,30
Monroe,0003 PERDUE HILL MAS. LODG,State Auditor,,REP,Derek Chen,29
Monroe,0003 PERDUE HILL MAS. LODG,State Treasurer,,REP,Steve Lolley,16
Monroe,0003 PERDUE HILL MAS. LODG,State Treasurer,,REP,Young Boozer,44
Monroe,0003 PERDUE HILL MAS. LODG,U.S. Senate,,REP,Barry Moore,14
Monroe,0003 PERDUE HILL MAS. LODG,U.S. Senate,,REP,Dale Shelton Deas Jr.,2
Monroe,0003 PERDUE HILL MAS. LODG,U.S. Senate,,REP,Jared Hudson,9
Monroe,0003 PERDUE HILL MAS. LODG,U.S. Senate,,REP,Morgan Murphy,0
Monroe,0003 PERDUE HILL MAS. LODG,U.S. Senate,,REP,Rodney Walker,1
Monroe,0003 PERDUE HILL MAS. LODG,U.S. Senate,,REP,Seth Burton,7
Monroe,0003 PERDUE HILL MAS. LODG,U.S. Senate,,REP,Steve Marshall,28
Monroe,0004 MONROEVILLE WATER,Proposed Statewide Amendment 1,,,No,30
Monroe,0004 MONROEVILLE WATER,Proposed Statewide Amendment 1,,,Yes,192
Monroe,0004 MONROEVILLE WATER,Proposed Statewide Amendment 2,,,No,85
Monroe,0004 MONROEVILLE WATER,Proposed Statewide Amendment 2,,,Yes,133
Monroe,0004 MONROEVILLE WATER,Governor,,DEM,"Chad ""Chig"" Martin",0
Monroe,0004 MONROEVILLE WATER,Governor,,DEM,Doug Jones,65
Monroe,0004 MONROEVILLE WATER,Governor,,DEM,Jamel J. Brown,12
Monroe,0004 MONROEVILLE WATER,Governor,,DEM,"Nathan ""Nate"" Mathis",1
Monroe,0004 MONROEVILLE WATER,Governor,,DEM,Will Boyd,6
Monroe,0004 MONROEVILLE WATER,Governor,,DEM,Yolanda Rochelle Flowers,1
Monroe,0004 MONROEVILLE WATER,Lieutenant Governor,,DEM,Darryl D. Perryman,43
Monroe,0004 MONROEVILLE WATER,Lieutenant Governor,,DEM,Phillip Ensler,40
Monroe,0004 MONROEVILLE WATER,"Public Service Commission, Place No. 1",,DEM,James O. Gordon,52
Monroe,0004 MONROEVILLE WATER,"Public Service Commission, Place No. 1",,DEM,Jeff Ramsey,17
Monroe,0004 MONROEVILLE WATER,"Public Service Commission, Place No. 1",,DEM,John Northrop,9
Monroe,0004 MONROEVILLE WATER,U.S. Senate,,DEM,Dakarai Larriett,20
Monroe,0004 MONROEVILLE WATER,U.S. Senate,,DEM,Everett Wess,44
Monroe,0004 MONROEVILLE WATER,U.S. Senate,,DEM,Kyle Sweetser,9
Monroe,0004 MONROEVILLE WATER,U.S. Senate,,DEM,Mark S. Wheeler II,9
Monroe,0004 MONROEVILLE WATER,Attorney General,,REP,Jay Mitchell,44
Monroe,0004 MONROEVILLE WATER,Attorney General,,REP,Katherine Robertson,61
Monroe,0004 MONROEVILLE WATER,Attorney General,,REP,Pamela L. Casey,22
Monroe,0004 MONROEVILLE WATER,Commissioner of Agriculture and Industries,,REP,Christina Woerner McInnis,54
Monroe,0004 MONROEVILLE WATER,Commissioner of Agriculture and Industries,,REP,Cory Hill,37
Monroe,0004 MONROEVILLE WATER,Commissioner of Agriculture and Industries,,REP,Jack Williams,33
Monroe,0004 MONROEVILLE WATER,Governor,,REP,"""Alabama"" Will Santivasci",7
Monroe,0004 MONROEVILLE WATER,Governor,,REP,Ken McFeeters,5
Monroe,0004 MONROEVILLE WATER,Governor,,REP,Thomas Tuberville,125
Monroe,0004 MONROEVILLE WATER,Monroe County Sheriff,,REP,Jeff Dunn,28
Monroe,0004 MONROEVILLE WATER,Monroe County Sheriff,,REP,Brian Hamilton House,99
Monroe,0004 MONROEVILLE WATER,"Public Service Commission, Place No. 1",,REP,Jeremy H. Oden,24
Monroe,0004 MONROEVILLE WATER,"Public Service Commission, Place No. 1",,REP,Matt Gentry,91
Monroe,0004 MONROEVILLE WATER,"Public Service Commission, Place No. 2",,REP,Brent Woodall,24
Monroe,0004 MONROEVILLE WATER,"Public Service Commission, Place No. 2",,REP,Chris Beeker,35
Monroe,0004 MONROEVILLE WATER,"Public Service Commission, Place No. 2",,REP,Jim Zig Zeigler,55
Monroe,0004 MONROEVILLE WATER,"Public Service Commission, Place No. 2",,REP,Priscilla Andrews,8
Monroe,0004 MONROEVILLE WATER,Secretary of State,,REP,Caroleene Dobson,125
Monroe,0004 MONROEVILLE WATER,Secretary of State,,REP,Christopher Christian Horn,6
Monroe,0004 MONROEVILLE WATER,Secretary of State,,REP,Glenda S. Jackson,2
Monroe,0004 MONROEVILLE WATER,State Auditor,,REP,Andrew Sorrell,79
Monroe,0004 MONROEVILLE WATER,State Auditor,,REP,Derek Chen,47
Monroe,0004 MONROEVILLE WATER,State Treasurer,,REP,Steve Lolley,35
Monroe,0004 MONROEVILLE WATER,State Treasurer,,REP,Young Boozer,95
Monroe,0004 MONROEVILLE WATER,U.S. Senate,,REP,Barry Moore,54
Monroe,0004 MONROEVILLE WATER,U.S. Senate,,REP,Dale Shelton Deas Jr.,1
Monroe,0004 MONROEVILLE WATER,U.S. Senate,,REP,Jared Hudson,32
Monroe,0004 MONROEVILLE WATER,U.S. Senate,,REP,Morgan Murphy,2
Monroe,0004 MONROEVILLE WATER,U.S. Senate,,REP,Rodney Walker,2
Monroe,0004 MONROEVILLE WATER,U.S. Senate,,REP,Seth Burton,2
Monroe,0004 MONROEVILLE WATER,U.S. Senate,,REP,Steve Marshall,39
Monroe,0004 MONROEVILLE WATER,Lieutenant Governor,,REP,Wes Allen,56
Monroe,0004 MONROEVILLE WATER,Lieutenant Governor,,REP,Pat Bishop,5
Monroe,0004 MONROEVILLE WATER,Lieutenant Governor,,REP,George Childress,2
Monroe,0004 MONROEVILLE WATER,Lieutenant Governor,,REP,Rick Pate,11
Monroe,0004 MONROEVILLE WATER,Lieutenant Governor,,REP,Stewart Hill Tankersley,6
Monroe,0004 MONROEVILLE WATER,Lieutenant Governor,,REP,Nicole Jones Wadsworth,4
Monroe,0004 MONROEVILLE WATER,Lieutenant Governor,,REP,John Wahl,52
Monroe,0005 CHURCH OF CHRIST,Proposed Statewide Amendment 1,,,No,15
Monroe,0005 CHURCH OF CHRIST,Proposed Statewide Amendment 1,,,Yes,130
Monroe,0005 CHURCH OF CHRIST,Proposed Statewide Amendment 2,,,No,35
Monroe,0005 CHURCH OF CHRIST,Proposed Statewide Amendment 2,,,Yes,107
Monroe,0005 CHURCH OF CHRIST,Governor,,DEM,"Chad ""Chig"" Martin",3
Monroe,0005 CHURCH OF CHRIST,Governor,,DEM,Doug Jones,30
Monroe,0005 CHURCH OF CHRIST,Governor,,DEM,Jamel J. Brown,5
Monroe,0005 CHURCH OF CHRIST,Governor,,DEM,"Nathan ""Nate"" Mathis",0
Monroe,0005 CHURCH OF CHRIST,Governor,,DEM,Will Boyd,4
Monroe,0005 CHURCH OF CHRIST,Governor,,DEM,Yolanda Rochelle Flowers,4
Monroe,0005 CHURCH OF CHRIST,Lieutenant Governor,,DEM,Darryl D. Perryman,22
Monroe,0005 CHURCH OF CHRIST,Lieutenant Governor,,DEM,Phillip Ensler,21
Monroe,0005 CHURCH OF CHRIST,"Public Service Commission, Place No. 1",,DEM,James O. Gordon,31
Monroe,0005 CHURCH OF CHRIST,"Public Service Commission, Place No. 1",,DEM,Jeff Ramsey,8
Monroe,0005 CHURCH OF CHRIST,"Public Service Commission, Place No. 1",,DEM,John Northrop,3
Monroe,0005 CHURCH OF CHRIST,U.S. Senate,,DEM,Dakarai Larriett,8
Monroe,0005 CHURCH OF CHRIST,U.S. Senate,,DEM,Everett Wess,23
Monroe,0005 CHURCH OF CHRIST,U.S. Senate,,DEM,Kyle Sweetser,4
Monroe,0005 CHURCH OF CHRIST,U.S. Senate,,DEM,Mark S. Wheeler II,7
Monroe,0005 CHURCH OF CHRIST,Attorney General,,REP,Jay Mitchell,31
Monroe,0005 CHURCH OF CHRIST,Attorney General,,REP,Katherine Robertson,44
Monroe,0005 CHURCH OF CHRIST,Attorney General,,REP,Pamela L. Casey,23
Monroe,0005 CHURCH OF CHRIST,Commissioner of Agriculture and Industries,,REP,Christina Woerner McInnis,31
Monroe,0005 CHURCH OF CHRIST,Commissioner of Agriculture and Industries,,REP,Cory Hill,33
Monroe,0005 CHURCH OF CHRIST,Commissioner of Agriculture and Industries,,REP,Jack Williams,30
Monroe,0005 CHURCH OF CHRIST,Governor,,REP,"""Alabama"" Will Santivasci",0
Monroe,0005 CHURCH OF CHRIST,Governor,,REP,Ken McFeeters,4
Monroe,0005 CHURCH OF CHRIST,Governor,,REP,Thomas Tuberville,100
Monroe,0005 CHURCH OF CHRIST,Lieutenant Governor,,REP,George Childress,3
Monroe,0005 CHURCH OF CHRIST,Lieutenant Governor,,REP,John Wahl,29
Monroe,0005 CHURCH OF CHRIST,Lieutenant Governor,,REP,Nicole Jones Wadsworth,6
Monroe,0005 CHURCH OF CHRIST,Lieutenant Governor,,REP,Pat Bishop,1
Monroe,0005 CHURCH OF CHRIST,Lieutenant Governor,,REP,Rick Pate,12
Monroe,0005 CHURCH OF CHRIST,Lieutenant Governor,,REP,Stewart Hill Tankersley,0
Monroe,0005 CHURCH OF CHRIST,Lieutenant Governor,,REP,Wes Allen,50
Monroe,0005 CHURCH OF CHRIST,"Member, Monroe County Commission, District No. 2",,REP,Calvin Casey,42
Monroe,0005 CHURCH OF CHRIST,"Member, Monroe County Commission, District No. 2",,REP,Justin Dean Sawyer,34
Monroe,0005 CHURCH OF CHRIST,Monroe County Sheriff,,REP,Jeff Dunn,31
Monroe,0005 CHURCH OF CHRIST,Monroe County Sheriff,,REP,Brian Hamilton House,63
Monroe,0005 CHURCH OF CHRIST,"Public Service Commission, Place No. 1",,REP,Jeremy H. Oden,14
Monroe,0005 CHURCH OF CHRIST,"Public Service Commission, Place No. 1",,REP,Matt Gentry,74
Monroe,0005 CHURCH OF CHRIST,"Public Service Commission, Place No. 2",,REP,Brent Woodall,9
Monroe,0005 CHURCH OF CHRIST,"Public Service Commission, Place No. 2",,REP,Chris Beeker,27
Monroe,0005 CHURCH OF CHRIST,"Public Service Commission, Place No. 2",,REP,Jim Zig Zeigler,41
Monroe,0005 CHURCH OF CHRIST,"Public Service Commission, Place No. 2",,REP,Priscilla Andrews,12
Monroe,0005 CHURCH OF CHRIST,Secretary of State,,REP,Caroleene Dobson,91
Monroe,0005 CHURCH OF CHRIST,Secretary of State,,REP,Christopher Christian Horn,7
Monroe,0005 CHURCH OF CHRIST,Secretary of State,,REP,Glenda S. Jackson,3
Monroe,0005 CHURCH OF CHRIST,State Auditor,,REP,Andrew Sorrell,49
Monroe,0005 CHURCH OF CHRIST,State Auditor,,REP,Derek Chen,39
Monroe,0005 CHURCH OF CHRIST,State Treasurer,,REP,Steve Lolley,29
Monroe,0005 CHURCH OF CHRIST,State Treasurer,,REP,Young Boozer,66
Monroe,0005 CHURCH OF CHRIST,U.S. Senate,,REP,Barry Moore,31
Monroe,0005 CHURCH OF CHRIST,U.S. Senate,,REP,Dale Shelton Deas Jr.,2
Monroe,0005 CHURCH OF CHRIST,U.S. Senate,,REP,Jared Hudson,16
Monroe,0005 CHURCH OF CHRIST,U.S. Senate,,REP,Morgan Murphy,2
Monroe,0005 CHURCH OF CHRIST,U.S. Senate,,REP,Rodney Walker,4
Monroe,0005 CHURCH OF CHRIST,U.S. Senate,,REP,Seth Burton,6
Monroe,0005 CHURCH OF CHRIST,U.S. Senate,,REP,Steve Marshall,40
Monroe,0006 MONROEVILLE COMM HSE,Proposed Statewide Amendment 1,,,No,61
Monroe,0006 MONROEVILLE COMM HSE,Proposed Statewide Amendment 1,,,Yes,519
Monroe,0006 MONROEVILLE COMM HSE,Proposed Statewide Amendment 2,,,No,186
Monroe,0006 MONROEVILLE COMM HSE,Proposed Statewide Amendment 2,,,Yes,383
Monroe,0006 MONROEVILLE COMM HSE,Governor,,DEM,"Chad ""Chig"" Martin",4
Monroe,0006 MONROEVILLE COMM HSE,Governor,,DEM,Doug Jones,205
Monroe,0006 MONROEVILLE COMM HSE,Governor,,DEM,Jamel J. Brown,39
Monroe,0006 MONROEVILLE COMM HSE,Governor,,DEM,"Nathan ""Nate"" Mathis",2
Monroe,0006 MONROEVILLE COMM HSE,Governor,,DEM,Will Boyd,32
Monroe,0006 MONROEVILLE COMM HSE,Governor,,DEM,Yolanda Rochelle Flowers,19
Monroe,0006 MONROEVILLE COMM HSE,Lieutenant Governor,,DEM,Darryl D. Perryman,162
Monroe,0006 MONROEVILLE COMM HSE,Lieutenant Governor,,DEM,Phillip Ensler,135
Monroe,0006 MONROEVILLE COMM HSE,"Public Service Commission, Place No. 1",,DEM,James O. Gordon,193
Monroe,0006 MONROEVILLE COMM HSE,"Public Service Commission, Place No. 1",,DEM,Jeff Ramsey,64
Monroe,0006 MONROEVILLE COMM HSE,"Public Service Commission, Place No. 1",,DEM,John Northrop,32
Monroe,0006 MONROEVILLE COMM HSE,U.S. Senate,,DEM,Dakarai Larriett,84
Monroe,0006 MONROEVILLE COMM HSE,U.S. Senate,,DEM,Everett Wess,126
Monroe,0006 MONROEVILLE COMM HSE,U.S. Senate,,DEM,Kyle Sweetser,39
Monroe,0006 MONROEVILLE COMM HSE,U.S. Senate,,DEM,Mark S. Wheeler II,39
Monroe,0006 MONROEVILLE COMM HSE,Attorney General,,REP,Jay Mitchell,72
Monroe,0006 MONROEVILLE COMM HSE,Attorney General,,REP,Katherine Robertson,132
Monroe,0006 MONROEVILLE COMM HSE,Attorney General,,REP,Pamela L. Casey,56
Monroe,0006 MONROEVILLE COMM HSE,Commissioner of Agriculture and Industries,,REP,Christina Woerner McInnis,107
Monroe,0006 MONROEVILLE COMM HSE,Commissioner of Agriculture and Industries,,REP,Cory Hill,72
Monroe,0006 MONROEVILLE COMM HSE,Commissioner of Agriculture and Industries,,REP,Jack Williams,82
Monroe,0006 MONROEVILLE COMM HSE,Governor,,REP,"""Alabama"" Will Santivasci",16
Monroe,0006 MONROEVILLE COMM HSE,Governor,,REP,Ken McFeeters,16
Monroe,0006 MONROEVILLE COMM HSE,Governor,,REP,Thomas Tuberville,242
Monroe,0006 MONROEVILLE COMM HSE,Lieutenant Governor,,REP,George Childress,9
Monroe,0006 MONROEVILLE COMM HSE,Lieutenant Governor,,REP,John Wahl,86
Monroe,0006 MONROEVILLE COMM HSE,Lieutenant Governor,,REP,Nicole Jones Wadsworth,17
Monroe,0006 MONROEVILLE COMM HSE,Lieutenant Governor,,REP,Pat Bishop,8
Monroe,0006 MONROEVILLE COMM HSE,Lieutenant Governor,,REP,Rick Pate,21
Monroe,0006 MONROEVILLE COMM HSE,Lieutenant Governor,,REP,Stewart Hill Tankersley,1
Monroe,0006 MONROEVILLE COMM HSE,Lieutenant Governor,,REP,Wes Allen,126
Monroe,0006 MONROEVILLE COMM HSE,"Member, Monroe County Commission, District No. 2",,REP,Calvin Casey,0
Monroe,0006 MONROEVILLE COMM HSE,"Member, Monroe County Commission, District No. 2",,REP,Justin Dean Sawyer,0
Monroe,0006 MONROEVILLE COMM HSE,Monroe County Sheriff,,REP,Jeff Dunn,53
Monroe,0006 MONROEVILLE COMM HSE,Monroe County Sheriff,,REP,Brian Hamilton House,206
Monroe,0006 MONROEVILLE COMM HSE,"Public Service Commission, Place No. 1",,REP,Jeremy H. Oden,45
Monroe,0006 MONROEVILLE COMM HSE,"Public Service Commission, Place No. 1",,REP,Matt Gentry,195
Monroe,0006 MONROEVILLE COMM HSE,"Public Service Commission, Place No. 2",,REP,Brent Woodall,36
Monroe,0006 MONROEVILLE COMM HSE,"Public Service Commission, Place No. 2",,REP,Chris Beeker,80
Monroe,0006 MONROEVILLE COMM HSE,"Public Service Commission, Place No. 2",,REP,Jim Zig Zeigler,122
Monroe,0006 MONROEVILLE COMM HSE,"Public Service Commission, Place No. 2",,REP,Priscilla Andrews,19
Monroe,0006 MONROEVILLE COMM HSE,Secretary of State,,REP,Caroleene Dobson,258
Monroe,0006 MONROEVILLE COMM HSE,Secretary of State,,REP,Christopher Christian Horn,18
Monroe,0006 MONROEVILLE COMM HSE,Secretary of State,,REP,Glenda S. Jackson,3
Monroe,0006 MONROEVILLE COMM HSE,State Auditor,,REP,Andrew Sorrell,155
Monroe,0006 MONROEVILLE COMM HSE,State Auditor,,REP,Derek Chen,105
Monroe,0006 MONROEVILLE COMM HSE,State Treasurer,,REP,Steve Lolley,74
Monroe,0006 MONROEVILLE COMM HSE,State Treasurer,,REP,Young Boozer,192
Monroe,0006 MONROEVILLE COMM HSE,U.S. Senate,,REP,Barry Moore,90
Monroe,0006 MONROEVILLE COMM HSE,U.S. Senate,,REP,Dale Shelton Deas Jr.,5
Monroe,0006 MONROEVILLE COMM HSE,U.S. Senate,,REP,Jared Hudson,47
Monroe,0006 MONROEVILLE COMM HSE,U.S. Senate,,REP,Morgan Murphy,7
Monroe,0006 MONROEVILLE COMM HSE,U.S. Senate,,REP,Rodney Walker,9
Monroe,0006 MONROEVILLE COMM HSE,U.S. Senate,,REP,Seth Burton,10
Monroe,0006 MONROEVILLE COMM HSE,U.S. Senate,,REP,Steve Marshall,102
Monroe,0007 LIGHTHOUSE BAPT CH,Proposed Statewide Amendment 1,,,No,14
Monroe,0007 LIGHTHOUSE BAPT CH,Proposed Statewide Amendment 1,,,Yes,266
Monroe,0007 LIGHTHOUSE BAPT CH,Proposed Statewide Amendment 2,,,No,87
Monroe,0007 LIGHTHOUSE BAPT CH,Proposed Statewide Amendment 2,,,Yes,183
Monroe,0007 LIGHTHOUSE BAPT CH,Governor,,DEM,"Chad ""Chig"" Martin",0
Monroe,0007 LIGHTHOUSE BAPT CH,Governor,,DEM,Doug Jones,68
Monroe,0007 LIGHTHOUSE BAPT CH,Governor,,DEM,Jamel J. Brown,3
Monroe,0007 LIGHTHOUSE BAPT CH,Governor,,DEM,"Nathan ""Nate"" Mathis",2
Monroe,0007 LIGHTHOUSE BAPT CH,Governor,,DEM,Will Boyd,2
Monroe,0007 LIGHTHOUSE BAPT CH,Governor,,DEM,Yolanda Rochelle Flowers,3
Monroe,0007 LIGHTHOUSE BAPT CH,Lieutenant Governor,,DEM,Darryl D. Perryman,42
Monroe,0007 LIGHTHOUSE BAPT CH,Lieutenant Governor,,DEM,Phillip Ensler,29
Monroe,0007 LIGHTHOUSE BAPT CH,"Public Service Commission, Place No. 1",,DEM,James O. Gordon,47
Monroe,0007 LIGHTHOUSE BAPT CH,"Public Service Commission, Place No. 1",,DEM,Jeff Ramsey,16
Monroe,0007 LIGHTHOUSE BAPT CH,"Public Service Commission, Place No. 1",,DEM,John Northrop,8
Monroe,0007 LIGHTHOUSE BAPT CH,U.S. Senate,,DEM,Dakarai Larriett,24
Monroe,0007 LIGHTHOUSE BAPT CH,U.S. Senate,,DEM,Everett Wess,31
Monroe,0007 LIGHTHOUSE BAPT CH,U.S. Senate,,DEM,Kyle Sweetser,4
Monroe,0007 LIGHTHOUSE BAPT CH,U.S. Senate,,DEM,Mark S. Wheeler II,12
Monroe,0007 LIGHTHOUSE BAPT CH,Attorney General,,REP,Jay Mitchell,58
Monroe,0007 LIGHTHOUSE BAPT CH,Attorney General,,REP,Katherine Robertson,78
Monroe,0007 LIGHTHOUSE BAPT CH,Attorney General,,REP,Pamela L. Casey,54
Monroe,0007 LIGHTHOUSE BAPT CH,Commissioner of Agriculture and Industries,,REP,Christina Woerner McInnis,67
Monroe,0007 LIGHTHOUSE BAPT CH,Commissioner of Agriculture and Industries,,REP,Cory Hill,54
Monroe,0007 LIGHTHOUSE BAPT CH,Commissioner of Agriculture and Industries,,REP,Jack Williams,64
Monroe,0007 LIGHTHOUSE BAPT CH,Governor,,REP,"""Alabama"" Will Santivasci",4
Monroe,0007 LIGHTHOUSE BAPT CH,Governor,,REP,Ken McFeeters,13
Monroe,0007 LIGHTHOUSE BAPT CH,Governor,,REP,Thomas Tuberville,192
Monroe,0007 LIGHTHOUSE BAPT CH,Lieutenant Governor,,REP,George Childress,9
Monroe,0007 LIGHTHOUSE BAPT CH,Lieutenant Governor,,REP,John Wahl,80
Monroe,0007 LIGHTHOUSE BAPT CH,Lieutenant Governor,,REP,Nicole Jones Wadsworth,10
Monroe,0007 LIGHTHOUSE BAPT CH,Lieutenant Governor,,REP,Pat Bishop,5
Monroe,0007 LIGHTHOUSE BAPT CH,Lieutenant Governor,,REP,Rick Pate,23
Monroe,0007 LIGHTHOUSE BAPT CH,Lieutenant Governor,,REP,Stewart Hill Tankersley,1
Monroe,0007 LIGHTHOUSE BAPT CH,Lieutenant Governor,,REP,Wes Allen,70
Monroe,0007 LIGHTHOUSE BAPT CH,"Member, Monroe County Commission, District No. 2",,REP,Calvin Casey,20
Monroe,0007 LIGHTHOUSE BAPT CH,"Member, Monroe County Commission, District No. 2",,REP,Justin Dean Sawyer,67
Monroe,0007 LIGHTHOUSE BAPT CH,Monroe County Sheriff,,REP,Jeff Dunn,49
Monroe,0007 LIGHTHOUSE BAPT CH,Monroe County Sheriff,,REP,Brian Hamilton House,149
Monroe,0007 LIGHTHOUSE BAPT CH,"Public Service Commission, Place No. 1",,REP,Jeremy H. Oden,25
Monroe,0007 LIGHTHOUSE BAPT CH,"Public Service Commission, Place No. 1",,REP,Matt Gentry,155
Monroe,0007 LIGHTHOUSE BAPT CH,"Public Service Commission, Place No. 2",,REP,Brent Woodall,33
Monroe,0007 LIGHTHOUSE BAPT CH,"Public Service Commission, Place No. 2",,REP,Chris Beeker,51
Monroe,0007 LIGHTHOUSE BAPT CH,"Public Service Commission, Place No. 2",,REP,Jim Zig Zeigler,80
Monroe,0007 LIGHTHOUSE BAPT CH,"Public Service Commission, Place No. 2",,REP,Priscilla Andrews,15
Monroe,0007 LIGHTHOUSE BAPT CH,Secretary of State,,REP,Caroleene Dobson,179
Monroe,0007 LIGHTHOUSE BAPT CH,Secretary of State,,REP,Christopher Christian Horn,13
Monroe,0007 LIGHTHOUSE BAPT CH,Secretary of State,,REP,Glenda S. Jackson,10
Monroe,0007 LIGHTHOUSE BAPT CH,State Auditor,,REP,Andrew Sorrell,116
Monroe,0007 LIGHTHOUSE BAPT CH,State Auditor,,REP,Derek Chen,76
Monroe,0007 LIGHTHOUSE BAPT CH,State Treasurer,,REP,Steve Lolley,54
Monroe,0007 LIGHTHOUSE BAPT CH,State Treasurer,,REP,Young Boozer,142
Monroe,0007 LIGHTHOUSE BAPT CH,U.S. Senate,,REP,Barry Moore,74
Monroe,0007 LIGHTHOUSE BAPT CH,U.S. Senate,,REP,Dale Shelton Deas Jr.,2
Monroe,0007 LIGHTHOUSE BAPT CH,U.S. Senate,,REP,Jared Hudson,53
Monroe,0007 LIGHTHOUSE BAPT CH,U.S. Senate,,REP,Morgan Murphy,5
Monroe,0007 LIGHTHOUSE BAPT CH,U.S. Senate,,REP,Rodney Walker,8
Monroe,0007 LIGHTHOUSE BAPT CH,U.S. Senate,,REP,Seth Burton,7
Monroe,0007 LIGHTHOUSE BAPT CH,U.S. Senate,,REP,Steve Marshall,47
Monroe,0008 BETHEL BAPT CHURCH,Proposed Statewide Amendment 1,,,No,20
Monroe,0008 BETHEL BAPT CHURCH,Proposed Statewide Amendment 1,,,Yes,105
Monroe,0008 BETHEL BAPT CHURCH,Proposed Statewide Amendment 2,,,No,34
Monroe,0008 BETHEL BAPT CHURCH,Proposed Statewide Amendment 2,,,Yes,93
Monroe,0008 BETHEL BAPT CHURCH,Governor,,DEM,"Chad ""Chig"" Martin",3
Monroe,0008 BETHEL BAPT CHURCH,Governor,,DEM,Doug Jones,93
Monroe,0008 BETHEL BAPT CHURCH,Governor,,DEM,Jamel J. Brown,18
Monroe,0008 BETHEL BAPT CHURCH,Governor,,DEM,"Nathan ""Nate"" Mathis",1
Monroe,0008 BETHEL BAPT CHURCH,Governor,,DEM,Will Boyd,4
Monroe,0008 BETHEL BAPT CHURCH,Governor,,DEM,Yolanda Rochelle Flowers,8
Monroe,0008 BETHEL BAPT CHURCH,Lieutenant Governor,,DEM,Darryl D. Perryman,75
Monroe,0008 BETHEL BAPT CHURCH,Lieutenant Governor,,DEM,Phillip Ensler,48
Monroe,0008 BETHEL BAPT CHURCH,"Public Service Commission, Place No. 1",,DEM,James O. Gordon,68
Monroe,0008 BETHEL BAPT CHURCH,"Public Service Commission, Place No. 1",,DEM,Jeff Ramsey,20
Monroe,0008 BETHEL BAPT CHURCH,"Public Service Commission, Place No. 1",,DEM,John Northrop,16
Monroe,0008 BETHEL BAPT CHURCH,U.S. Senate,,DEM,Dakarai Larriett,38
Monroe,0008 BETHEL BAPT CHURCH,U.S. Senate,,DEM,Everett Wess,47
Monroe,0008 BETHEL BAPT CHURCH,U.S. Senate,,DEM,Kyle Sweetser,14
Monroe,0008 BETHEL BAPT CHURCH,U.S. Senate,,DEM,Mark S. Wheeler II,9
Monroe,0008 BETHEL BAPT CHURCH,Attorney General,,REP,Jay Mitchell,1
Monroe,0008 BETHEL BAPT CHURCH,Attorney General,,REP,Katherine Robertson,1
Monroe,0008 BETHEL BAPT CHURCH,Attorney General,,REP,Pamela L. Casey,1
Monroe,0008 BETHEL BAPT CHURCH,Commissioner of Agriculture and Industries,,REP,Christina Woerner McInnis,0
Monroe,0008 BETHEL BAPT CHURCH,Commissioner of Agriculture and Industries,,REP,Cory Hill,2
Monroe,0008 BETHEL BAPT CHURCH,Commissioner of Agriculture and Industries,,REP,Jack Williams,1
Monroe,0008 BETHEL BAPT CHURCH,Governor,,REP,"""Alabama"" Will Santivasci",1
Monroe,0008 BETHEL BAPT CHURCH,Governor,,REP,Ken McFeeters,0
Monroe,0008 BETHEL BAPT CHURCH,Governor,,REP,Thomas Tuberville,2
Monroe,0008 BETHEL BAPT CHURCH,Lieutenant Governor,,REP,George Childress,0
Monroe,0008 BETHEL BAPT CHURCH,Lieutenant Governor,,REP,John Wahl,0
Monroe,0008 BETHEL BAPT CHURCH,Lieutenant Governor,,REP,Nicole Jones Wadsworth,0
Monroe,0008 BETHEL BAPT CHURCH,Lieutenant Governor,,REP,Pat Bishop,0
Monroe,0008 BETHEL BAPT CHURCH,Lieutenant Governor,,REP,Rick Pate,1
Monroe,0008 BETHEL BAPT CHURCH,Lieutenant Governor,,REP,Stewart Hill Tankersley,1
Monroe,0008 BETHEL BAPT CHURCH,Lieutenant Governor,,REP,Wes Allen,1
Monroe,0008 BETHEL BAPT CHURCH,Monroe County Sheriff,,REP,Jeff Dunn,2
Monroe,0008 BETHEL BAPT CHURCH,Monroe County Sheriff,,REP,Brian Hamilton House,1
Monroe,0008 BETHEL BAPT CHURCH,"Public Service Commission, Place No. 1",,REP,Jeremy H. Oden,1
Monroe,0008 BETHEL BAPT CHURCH,"Public Service Commission, Place No. 1",,REP,Matt Gentry,2
Monroe,0008 BETHEL BAPT CHURCH,"Public Service Commission, Place No. 2",,REP,Brent Woodall,1
Monroe,0008 BETHEL BAPT CHURCH,"Public Service Commission, Place No. 2",,REP,Chris Beeker,0
Monroe,0008 BETHEL BAPT CHURCH,"Public Service Commission, Place No. 2",,REP,Jim Zig Zeigler,1
Monroe,0008 BETHEL BAPT CHURCH,"Public Service Commission, Place No. 2",,REP,Priscilla Andrews,1
Monroe,0008 BETHEL BAPT CHURCH,Secretary of State,,REP,Caroleene Dobson,2
Monroe,0008 BETHEL BAPT CHURCH,Secretary of State,,REP,Christopher Christian Horn,0
Monroe,0008 BETHEL BAPT CHURCH,Secretary of State,,REP,Glenda S. Jackson,1
Monroe,0008 BETHEL BAPT CHURCH,State Auditor,,REP,Andrew Sorrell,2
Monroe,0008 BETHEL BAPT CHURCH,State Auditor,,REP,Derek Chen,1
Monroe,0008 BETHEL BAPT CHURCH,State Treasurer,,REP,Steve Lolley,1
Monroe,0008 BETHEL BAPT CHURCH,State Treasurer,,REP,Young Boozer,2
Monroe,0008 BETHEL BAPT CHURCH,U.S. Senate,,REP,Barry Moore,0
Monroe,0008 BETHEL BAPT CHURCH,U.S. Senate,,REP,Dale Shelton Deas Jr.,0
Monroe,0008 BETHEL BAPT CHURCH,U.S. Senate,,REP,Jared Hudson,0
Monroe,0008 BETHEL BAPT CHURCH,U.S. Senate,,REP,Morgan Murphy,0
Monroe,0008 BETHEL BAPT CHURCH,U.S. Senate,,REP,Rodney Walker,1
Monroe,0008 BETHEL BAPT CHURCH,U.S. Senate,,REP,Seth Burton,0
Monroe,0008 BETHEL BAPT CHURCH,U.S. Senate,,REP,Steve Marshall,2
Monroe,0009 MONROEVILLE HOUSING,Proposed Statewide Amendment 1,,,No,23
Monroe,0009 MONROEVILLE HOUSING,Proposed Statewide Amendment 1,,,Yes,262
Monroe,0009 MONROEVILLE HOUSING,Proposed Statewide Amendment 2,,,No,63
Monroe,0009 MONROEVILLE HOUSING,Proposed Statewide Amendment 2,,,Yes,217
Monroe,0009 MONROEVILLE HOUSING,Governor,,DEM,"Chad ""Chig"" Martin",3
Monroe,0009 MONROEVILLE HOUSING,Governor,,DEM,Doug Jones,160
Monroe,0009 MONROEVILLE HOUSING,Governor,,DEM,Jamel J. Brown,17
Monroe,0009 MONROEVILLE HOUSING,Governor,,DEM,"Nathan ""Nate"" Mathis",1
Monroe,0009 MONROEVILLE HOUSING,Governor,,DEM,Will Boyd,9
Monroe,0009 MONROEVILLE HOUSING,Governor,,DEM,Yolanda Rochelle Flowers,6
Monroe,0009 MONROEVILLE HOUSING,Lieutenant Governor,,DEM,Darryl D. Perryman,93
Monroe,0009 MONROEVILLE HOUSING,Lieutenant Governor,,DEM,Phillip Ensler,85
Monroe,0009 MONROEVILLE HOUSING,"Public Service Commission, Place No. 1",,DEM,James O. Gordon,105
Monroe,0009 MONROEVILLE HOUSING,"Public Service Commission, Place No. 1",,DEM,Jeff Ramsey,40
Monroe,0009 MONROEVILLE HOUSING,"Public Service Commission, Place No. 1",,DEM,John Northrop,32
Monroe,0009 MONROEVILLE HOUSING,U.S. Senate,,DEM,Dakarai Larriett,47
Monroe,0009 MONROEVILLE HOUSING,U.S. Senate,,DEM,Everett Wess,81
Monroe,0009 MONROEVILLE HOUSING,U.S. Senate,,DEM,Kyle Sweetser,28
Monroe,0009 MONROEVILLE HOUSING,U.S. Senate,,DEM,Mark S. Wheeler II,20
Monroe,0009 MONROEVILLE HOUSING,Attorney General,,REP,Jay Mitchell,40
Monroe,0009 MONROEVILLE HOUSING,Attorney General,,REP,Katherine Robertson,40
Monroe,0009 MONROEVILLE HOUSING,Attorney General,,REP,Pamela L. Casey,17
Monroe,0009 MONROEVILLE HOUSING,Commissioner of Agriculture and Industries,,REP,Christina Woerner McInnis,38
Monroe,0009 MONROEVILLE HOUSING,Commissioner of Agriculture and Industries,,REP,Cory Hill,28
Monroe,0009 MONROEVILLE HOUSING,Commissioner of Agriculture and Industries,,REP,Jack Williams,31
Monroe,0009 MONROEVILLE HOUSING,Governor,,REP,"""Alabama"" Will Santivasci",2
Monroe,0009 MONROEVILLE HOUSING,Governor,,REP,Ken McFeeters,7
Monroe,0009 MONROEVILLE HOUSING,Governor,,REP,Thomas Tuberville,91
Monroe,0009 MONROEVILLE HOUSING,Lieutenant Governor,,REP,George Childress,3
Monroe,0009 MONROEVILLE HOUSING,Lieutenant Governor,,REP,John Wahl,41
Monroe,0009 MONROEVILLE HOUSING,Lieutenant Governor,,REP,Nicole Jones Wadsworth,2
Monroe,0009 MONROEVILLE HOUSING,Lieutenant Governor,,REP,Pat Bishop,2
Monroe,0009 MONROEVILLE HOUSING,Lieutenant Governor,,REP,Rick Pate,11
Monroe,0009 MONROEVILLE HOUSING,Lieutenant Governor,,REP,Stewart Hill Tankersley,0
Monroe,0009 MONROEVILLE HOUSING,Lieutenant Governor,,REP,Wes Allen,40
Monroe,0009 MONROEVILLE HOUSING,"Member, Monroe County Commission, District No. 2",,REP,Calvin Casey,6
Monroe,0009 MONROEVILLE HOUSING,"Member, Monroe County Commission, District No. 2",,REP,Justin Dean Sawyer,9
Monroe,0009 MONROEVILLE HOUSING,Monroe County Sheriff,,REP,Jeff Dunn,23
Monroe,0009 MONROEVILLE HOUSING,Monroe County Sheriff,,REP,Brian Hamilton House,68
Monroe,0009 MONROEVILLE HOUSING,"Public Service Commission, Place No. 1",,REP,Jeremy H. Oden,12
Monroe,0009 MONROEVILLE HOUSING,"Public Service Commission, Place No. 1",,REP,Matt Gentry,78
Monroe,0009 MONROEVILLE HOUSING,"Public Service Commission, Place No. 2",,REP,Brent Woodall,20
Monroe,0009 MONROEVILLE HOUSING,"Public Service Commission, Place No. 2",,REP,Chris Beeker,18
Monroe,0009 MONROEVILLE HOUSING,"Public Service Commission, Place No. 2",,REP,Jim Zig Zeigler,54
Monroe,0009 MONROEVILLE HOUSING,"Public Service Commission, Place No. 2",,REP,Priscilla Andrews,4
Monroe,0009 MONROEVILLE HOUSING,Secretary of State,,REP,Caroleene Dobson,94
Monroe,0009 MONROEVILLE HOUSING,Secretary of State,,REP,Christopher Christian Horn,3
Monroe,0009 MONROEVILLE HOUSING,Secretary of State,,REP,Glenda S. Jackson,2
Monroe,0009 MONROEVILLE HOUSING,State Auditor,,REP,Andrew Sorrell,59
Monroe,0009 MONROEVILLE HOUSING,State Auditor,,REP,Derek Chen,39
Monroe,0009 MONROEVILLE HOUSING,State Treasurer,,REP,Steve Lolley,30
Monroe,0009 MONROEVILLE HOUSING,State Treasurer,,REP,Young Boozer,68
Monroe,0009 MONROEVILLE HOUSING,U.S. Senate,,REP,Barry Moore,37
Monroe,0009 MONROEVILLE HOUSING,U.S. Senate,,REP,Dale Shelton Deas Jr.,2
Monroe,0009 MONROEVILLE HOUSING,U.S. Senate,,REP,Jared Hudson,19
Monroe,0009 MONROEVILLE HOUSING,U.S. Senate,,REP,Morgan Murphy,0
Monroe,0009 MONROEVILLE HOUSING,U.S. Senate,,REP,Rodney Walker,4
Monroe,0009 MONROEVILLE HOUSING,U.S. Senate,,REP,Seth Burton,2
Monroe,0009 MONROEVILLE HOUSING,U.S. Senate,,REP,Steve Marshall,35
Monroe,0010 BETHANY BAPT CH,Proposed Statewide Amendment 1,,,No,22
Monroe,0010 BETHANY BAPT CH,Proposed Statewide Amendment 1,,,Yes,40
Monroe,0010 BETHANY BAPT CH,Proposed Statewide Amendment 2,,,No,26
Monroe,0010 BETHANY BAPT CH,Proposed Statewide Amendment 2,,,Yes,31
Monroe,0010 BETHANY BAPT CH,Governor,,DEM,"Chad ""Chig"" Martin",0
Monroe,0010 BETHANY BAPT CH,Governor,,DEM,Doug Jones,38
Monroe,0010 BETHANY BAPT CH,Governor,,DEM,Jamel J. Brown,2
Monroe,0010 BETHANY BAPT CH,Governor,,DEM,"Nathan ""Nate"" Mathis",0
Monroe,0010 BETHANY BAPT CH,Governor,,DEM,Will Boyd,4
Monroe,0010 BETHANY BAPT CH,Governor,,DEM,Yolanda Rochelle Flowers,1
Monroe,0010 BETHANY BAPT CH,Lieutenant Governor,,DEM,Darryl D. Perryman,27
Monroe,0010 BETHANY BAPT CH,Lieutenant Governor,,DEM,Phillip Ensler,17
Monroe,0010 BETHANY BAPT CH,"Public Service Commission, Place No. 1",,DEM,James O. Gordon,25
Monroe,0010 BETHANY BAPT CH,"Public Service Commission, Place No. 1",,DEM,Jeff Ramsey,12
Monroe,0010 BETHANY BAPT CH,"Public Service Commission, Place No. 1",,DEM,John Northrop,5
Monroe,0010 BETHANY BAPT CH,U.S. Senate,,DEM,Dakarai Larriett,12
Monroe,0010 BETHANY BAPT CH,U.S. Senate,,DEM,Everett Wess,20
Monroe,0010 BETHANY BAPT CH,U.S. Senate,,DEM,Kyle Sweetser,9
Monroe,0010 BETHANY BAPT CH,U.S. Senate,,DEM,Mark S. Wheeler II,3
Monroe,0010 BETHANY BAPT CH,Attorney General,,REP,Jay Mitchell,2
Monroe,0010 BETHANY BAPT CH,Attorney General,,REP,Katherine Robertson,13
Monroe,0010 BETHANY BAPT CH,Attorney General,,REP,Pamela L. Casey,4
Monroe,0010 BETHANY BAPT CH,Commissioner of Agriculture and Industries,,REP,Christina Woerner McInnis,7
Monroe,0010 BETHANY BAPT CH,Commissioner of Agriculture and Industries,,REP,Cory Hill,8
Monroe,0010 BETHANY BAPT CH,Commissioner of Agriculture and Industries,,REP,Jack Williams,4
Monroe,0010 BETHANY BAPT CH,Governor,,REP,"""Alabama"" Will Santivasci",0
Monroe,0010 BETHANY BAPT CH,Governor,,REP,Ken McFeeters,0
Monroe,0010 BETHANY BAPT CH,Governor,,REP,Thomas Tuberville,20
Monroe,0010 BETHANY BAPT CH,Lieutenant Governor,,REP,George Childress,3
Monroe,0010 BETHANY BAPT CH,Lieutenant Governor,,REP,John Wahl,4
Monroe,0010 BETHANY BAPT CH,Lieutenant Governor,,REP,Nicole Jones Wadsworth,1
Monroe,0010 BETHANY BAPT CH,Lieutenant Governor,,REP,Pat Bishop,0
Monroe,0010 BETHANY BAPT CH,Lieutenant Governor,,REP,Rick Pate,2
Monroe,0010 BETHANY BAPT CH,Lieutenant Governor,,REP,Stewart Hill Tankersley,1
Monroe,0010 BETHANY BAPT CH,Lieutenant Governor,,REP,Wes Allen,9
Monroe,0010 BETHANY BAPT CH,Monroe County Sheriff,,REP,Jeff Dunn,9
Monroe,0010 BETHANY BAPT CH,Monroe County Sheriff,,REP,Brian Hamilton House,8
Monroe,0010 BETHANY BAPT CH,"Public Service Commission, Place No. 1",,REP,Jeremy H. Oden,5
Monroe,0010 BETHANY BAPT CH,"Public Service Commission, Place No. 1",,REP,Matt Gentry,14
Monroe,0010 BETHANY BAPT CH,"Public Service Commission, Place No. 2",,REP,Brent Woodall,7
Monroe,0010 BETHANY BAPT CH,"Public Service Commission, Place No. 2",,REP,Chris Beeker,3
Monroe,0010 BETHANY BAPT CH,"Public Service Commission, Place No. 2",,REP,Jim Zig Zeigler,5
Monroe,0010 BETHANY BAPT CH,"Public Service Commission, Place No. 2",,REP,Priscilla Andrews,4
Monroe,0010 BETHANY BAPT CH,Secretary of State,,REP,Caroleene Dobson,17
Monroe,0010 BETHANY BAPT CH,Secretary of State,,REP,Christopher Christian Horn,2
Monroe,0010 BETHANY BAPT CH,Secretary of State,,REP,Glenda S. Jackson,1
Monroe,0010 BETHANY BAPT CH,State Auditor,,REP,Andrew Sorrell,9
Monroe,0010 BETHANY BAPT CH,State Auditor,,REP,Derek Chen,10
Monroe,0010 BETHANY BAPT CH,State Treasurer,,REP,Steve Lolley,5
Monroe,0010 BETHANY BAPT CH,State Treasurer,,REP,Young Boozer,14
Monroe,0010 BETHANY BAPT CH,U.S. Senate,,REP,Barry Moore,8
Monroe,0010 BETHANY BAPT CH,U.S. Senate,,REP,Dale Shelton Deas Jr.,2
Monroe,0010 BETHANY BAPT CH,U.S. Senate,,REP,Jared Hudson,2
Monroe,0010 BETHANY BAPT CH,U.S. Senate,,REP,Morgan Murphy,1
Monroe,0010 BETHANY BAPT CH,U.S. Senate,,REP,Rodney Walker,0
Monroe,0010 BETHANY BAPT CH,U.S. Senate,,REP,Seth Burton,1
Monroe,0010 BETHANY BAPT CH,U.S. Senate,,REP,Steve Marshall,6
Monroe,0011 LIMESTONE FAULK,Proposed Statewide Amendment 1,,,No,2
Monroe,0011 LIMESTONE FAULK,Proposed Statewide Amendment 1,,,Yes,49
Monroe,0011 LIMESTONE FAULK,Proposed Statewide Amendment 2,,,No,14
Monroe,0011 LIMESTONE FAULK,Proposed Statewide Amendment 2,,,Yes,37
Monroe,0011 LIMESTONE FAULK,Governor,,DEM,"Chad ""Chig"" Martin",0
Monroe,0011 LIMESTONE FAULK,Governor,,DEM,Doug Jones,19
Monroe,0011 LIMESTONE FAULK,Governor,,DEM,Jamel J. Brown,1
Monroe,0011 LIMESTONE FAULK,Governor,,DEM,"Nathan ""Nate"" Mathis",0
Monroe,0011 LIMESTONE FAULK,Governor,,DEM,Will Boyd,3
Monroe,0011 LIMESTONE FAULK,Governor,,DEM,Yolanda Rochelle Flowers,2
Monroe,0011 LIMESTONE FAULK,Lieutenant Governor,,DEM,Darryl D. Perryman,6
Monroe,0011 LIMESTONE FAULK,Lieutenant Governor,,DEM,Phillip Ensler,19
Monroe,0011 LIMESTONE FAULK,"Public Service Commission, Place No. 1",,DEM,James O. Gordon,20
Monroe,0011 LIMESTONE FAULK,"Public Service Commission, Place No. 1",,DEM,Jeff Ramsey,2
Monroe,0011 LIMESTONE FAULK,"Public Service Commission, Place No. 1",,DEM,John Northrop,2
Monroe,0011 LIMESTONE FAULK,U.S. Senate,,DEM,Dakarai Larriett,5
Monroe,0011 LIMESTONE FAULK,U.S. Senate,,DEM,Everett Wess,14
Monroe,0011 LIMESTONE FAULK,U.S. Senate,,DEM,Kyle Sweetser,2
Monroe,0011 LIMESTONE FAULK,U.S. Senate,,DEM,Mark S. Wheeler II,4
Monroe,0011 LIMESTONE FAULK,Attorney General,,REP,Jay Mitchell,7
Monroe,0011 LIMESTONE FAULK,Attorney General,,REP,Katherine Robertson,5
Monroe,0011 LIMESTONE FAULK,Attorney General,,REP,Pamela L. Casey,12
Monroe,0011 LIMESTONE FAULK,Commissioner of Agriculture and Industries,,REP,Christina Woerner McInnis,4
Monroe,0011 LIMESTONE FAULK,Commissioner of Agriculture and Industries,,REP,Cory Hill,8
Monroe,0011 LIMESTONE FAULK,Commissioner of Agriculture and Industries,,REP,Jack Williams,11
Monroe,0011 LIMESTONE FAULK,Governor,,REP,"""Alabama"" Will Santivasci",1
Monroe,0011 LIMESTONE FAULK,Governor,,REP,Ken McFeeters,3
Monroe,0011 LIMESTONE FAULK,Governor,,REP,Thomas Tuberville,23
Monroe,0011 LIMESTONE FAULK,Lieutenant Governor,,REP,George Childress,0
Monroe,0011 LIMESTONE FAULK,Lieutenant Governor,,REP,John Wahl,6
Monroe,0011 LIMESTONE FAULK,Lieutenant Governor,,REP,Nicole Jones Wadsworth,2
Monroe,0011 LIMESTONE FAULK,Lieutenant Governor,,REP,Pat Bishop,6
Monroe,0011 LIMESTONE FAULK,Lieutenant Governor,,REP,Rick Pate,3
Monroe,0011 LIMESTONE FAULK,Lieutenant Governor,,REP,Stewart Hill Tankersley,2
Monroe,0011 LIMESTONE FAULK,Lieutenant Governor,,REP,Wes Allen,8
Monroe,0011 LIMESTONE FAULK,Monroe County Sheriff,,REP,Jeff Dunn,2
Monroe,0011 LIMESTONE FAULK,Monroe County Sheriff,,REP,Brian Hamilton House,23
Monroe,0011 LIMESTONE FAULK,"Public Service Commission, Place No. 1",,REP,Jeremy H. Oden,2
Monroe,0011 LIMESTONE FAULK,"Public Service Commission, Place No. 1",,REP,Matt Gentry,22
Monroe,0011 LIMESTONE FAULK,"Public Service Commission, Place No. 2",,REP,Brent Woodall,5
Monroe,0011 LIMESTONE FAULK,"Public Service Commission, Place No. 2",,REP,Chris Beeker,1
Monroe,0011 LIMESTONE FAULK,"Public Service Commission, Place No. 2",,REP,Jim Zig Zeigler,12
Monroe,0011 LIMESTONE FAULK,"Public Service Commission, Place No. 2",,REP,Priscilla Andrews,5
Monroe,0011 LIMESTONE FAULK,Secretary of State,,REP,Caroleene Dobson,24
Monroe,0011 LIMESTONE FAULK,Secretary of State,,REP,Christopher Christian Horn,2
Monroe,0011 LIMESTONE FAULK,Secretary of State,,REP,Glenda S. Jackson,0
Monroe,0011 LIMESTONE FAULK,State Auditor,,REP,Andrew Sorrell,17
Monroe,0011 LIMESTONE FAULK,State Auditor,,REP,Derek Chen,8
Monroe,0011 LIMESTONE FAULK,State Treasurer,,REP,Steve Lolley,8
Monroe,0011 LIMESTONE FAULK,State Treasurer,,REP,Young Boozer,19
Monroe,0011 LIMESTONE FAULK,U.S. Senate,,REP,Barry Moore,9
Monroe,0011 LIMESTONE FAULK,U.S. Senate,,REP,Dale Shelton Deas Jr.,4
Monroe,0011 LIMESTONE FAULK,U.S. Senate,,REP,Jared Hudson,6
Monroe,0011 LIMESTONE FAULK,U.S. Senate,,REP,Morgan Murphy,3
Monroe,0011 LIMESTONE FAULK,U.S. Senate,,REP,Rodney Walker,0
Monroe,0011 LIMESTONE FAULK,U.S. Senate,,REP,Seth Burton,2
Monroe,0011 LIMESTONE FAULK,U.S. Senate,,REP,Steve Marshall,0
Monroe,0013 PETERMAN BAPT CHURCH,Proposed Statewide Amendment 1,,,No,36
Monroe,0013 PETERMAN BAPT CHURCH,Proposed Statewide Amendment 1,,,Yes,230
Monroe,0013 PETERMAN BAPT CHURCH,Proposed Statewide Amendment 2,,,No,70
Monroe,0013 PETERMAN BAPT CHURCH,Proposed Statewide Amendment 2,,,Yes,196
Monroe,0013 PETERMAN BAPT CHURCH,Governor,,DEM,"Chad ""Chig"" Martin",1
Monroe,0013 PETERMAN BAPT CHURCH,Governor,,DEM,Doug Jones,146
Monroe,0013 PETERMAN BAPT CHURCH,Governor,,DEM,Jamel J. Brown,16
Monroe,0013 PETERMAN BAPT CHURCH,Governor,,DEM,"Nathan ""Nate"" Mathis",2
Monroe,0013 PETERMAN BAPT CHURCH,Governor,,DEM,Will Boyd,12
Monroe,0013 PETERMAN BAPT CHURCH,Governor,,DEM,Yolanda Rochelle Flowers,6
Monroe,0013 PETERMAN BAPT CHURCH,Lieutenant Governor,,DEM,Darryl D. Perryman,99
Monroe,0013 PETERMAN BAPT CHURCH,Lieutenant Governor,,DEM,Phillip Ensler,80
Monroe,0013 PETERMAN BAPT CHURCH,"Public Service Commission, Place No. 1",,DEM,James O. Gordon,118
Monroe,0013 PETERMAN BAPT CHURCH,"Public Service Commission, Place No. 1",,DEM,Jeff Ramsey,35
Monroe,0013 PETERMAN BAPT CHURCH,"Public Service Commission, Place No. 1",,DEM,John Northrop,21
Monroe,0013 PETERMAN BAPT CHURCH,U.S. Senate,,DEM,Dakarai Larriett,38
Monroe,0013 PETERMAN BAPT CHURCH,U.S. Senate,,DEM,Everett Wess,90
Monroe,0013 PETERMAN BAPT CHURCH,U.S. Senate,,DEM,Kyle Sweetser,20
Monroe,0013 PETERMAN BAPT CHURCH,U.S. Senate,,DEM,Mark S. Wheeler II,25
Monroe,0013 PETERMAN BAPT CHURCH,Attorney General,,REP,Jay Mitchell,17
Monroe,0013 PETERMAN BAPT CHURCH,Attorney General,,REP,Katherine Robertson,38
Monroe,0013 PETERMAN BAPT CHURCH,Attorney General,,REP,Pamela L. Casey,21
Monroe,0013 PETERMAN BAPT CHURCH,Commissioner of Agriculture and Industries,,REP,Christina Woerner McInnis,27
Monroe,0013 PETERMAN BAPT CHURCH,Commissioner of Agriculture and Industries,,REP,Cory Hill,28
Monroe,0013 PETERMAN BAPT CHURCH,Commissioner of Agriculture and Industries,,REP,Jack Williams,19
Monroe,0013 PETERMAN BAPT CHURCH,Governor,,REP,"""Alabama"" Will Santivasci",7
Monroe,0013 PETERMAN BAPT CHURCH,Governor,,REP,Ken McFeeters,1
Monroe,0013 PETERMAN BAPT CHURCH,Governor,,REP,Thomas Tuberville,72
Monroe,0013 PETERMAN BAPT CHURCH,Lieutenant Governor,,REP,George Childress,2
Monroe,0013 PETERMAN BAPT CHURCH,Lieutenant Governor,,REP,John Wahl,30
Monroe,0013 PETERMAN BAPT CHURCH,Lieutenant Governor,,REP,Nicole Jones Wadsworth,3
Monroe,0013 PETERMAN BAPT CHURCH,Lieutenant Governor,,REP,Pat Bishop,4
Monroe,0013 PETERMAN BAPT CHURCH,Lieutenant Governor,,REP,Rick Pate,8
Monroe,0013 PETERMAN BAPT CHURCH,Lieutenant Governor,,REP,Stewart Hill Tankersley,0
Monroe,0013 PETERMAN BAPT CHURCH,Lieutenant Governor,,REP,Wes Allen,32
Monroe,0013 PETERMAN BAPT CHURCH,Monroe County Sheriff,,REP,Jeff Dunn,21
Monroe,0013 PETERMAN BAPT CHURCH,Monroe County Sheriff,,REP,Brian Hamilton House,56
Monroe,0013 PETERMAN BAPT CHURCH,"Public Service Commission, Place No. 1",,REP,Jeremy H. Oden,6
Monroe,0013 PETERMAN BAPT CHURCH,"Public Service Commission, Place No. 1",,REP,Matt Gentry,65
Monroe,0013 PETERMAN BAPT CHURCH,"Public Service Commission, Place No. 2",,REP,Brent Woodall,15
Monroe,0013 PETERMAN BAPT CHURCH,"Public Service Commission, Place No. 2",,REP,Chris Beeker,15
Monroe,0013 PETERMAN BAPT CHURCH,"Public Service Commission, Place No. 2",,REP,Jim Zig Zeigler,31
Monroe,0013 PETERMAN BAPT CHURCH,"Public Service Commission, Place No. 2",,REP,Priscilla Andrews,8
Monroe,0013 PETERMAN BAPT CHURCH,Secretary of State,,REP,Caroleene Dobson,71
Monroe,0013 PETERMAN BAPT CHURCH,Secretary of State,,REP,Christopher Christian Horn,7
Monroe,0013 PETERMAN BAPT CHURCH,Secretary of State,,REP,Glenda S. Jackson,3
Monroe,0013 PETERMAN BAPT CHURCH,State Auditor,,REP,Andrew Sorrell,44
Monroe,0013 PETERMAN BAPT CHURCH,State Auditor,,REP,Derek Chen,30
Monroe,0013 PETERMAN BAPT CHURCH,State Treasurer,,REP,Steve Lolley,27
Monroe,0013 PETERMAN BAPT CHURCH,State Treasurer,,REP,Young Boozer,46
Monroe,0013 PETERMAN BAPT CHURCH,U.S. Senate,,REP,Barry Moore,29
Monroe,0013 PETERMAN BAPT CHURCH,U.S. Senate,,REP,Dale Shelton Deas Jr.,3
Monroe,0013 PETERMAN BAPT CHURCH,U.S. Senate,,REP,Jared Hudson,17
Monroe,0013 PETERMAN BAPT CHURCH,U.S. Senate,,REP,Morgan Murphy,0
Monroe,0013 PETERMAN BAPT CHURCH,U.S. Senate,,REP,Rodney Walker,1
Monroe,0013 PETERMAN BAPT CHURCH,U.S. Senate,,REP,Seth Burton,4
Monroe,0013 PETERMAN BAPT CHURCH,U.S. Senate,,REP,Steve Marshall,23
Monroe,0014 ANTIOCH BAPT CHURCH,Proposed Statewide Amendment 1,,,No,9
Monroe,0014 ANTIOCH BAPT CHURCH,Proposed Statewide Amendment 1,,,Yes,51
Monroe,0014 ANTIOCH BAPT CHURCH,Proposed Statewide Amendment 2,,,No,12
Monroe,0014 ANTIOCH BAPT CHURCH,Proposed Statewide Amendment 2,,,Yes,46
Monroe,0014 ANTIOCH BAPT CHURCH,Governor,,DEM,"Chad ""Chig"" Martin",1
Monroe,0014 ANTIOCH BAPT CHURCH,Governor,,DEM,Doug Jones,37
Monroe,0014 ANTIOCH BAPT CHURCH,Governor,,DEM,Jamel J. Brown,6
Monroe,0014 ANTIOCH BAPT CHURCH,Governor,,DEM,"Nathan ""Nate"" Mathis",0
Monroe,0014 ANTIOCH BAPT CHURCH,Governor,,DEM,Will Boyd,4
Monroe,0014 ANTIOCH BAPT CHURCH,Governor,,DEM,Yolanda Rochelle Flowers,3
Monroe,0014 ANTIOCH BAPT CHURCH,Lieutenant Governor,,DEM,Darryl D. Perryman,32
Monroe,0014 ANTIOCH BAPT CHURCH,Lieutenant Governor,,DEM,Phillip Ensler,18
Monroe,0014 ANTIOCH BAPT CHURCH,"Public Service Commission, Place No. 1",,DEM,James O. Gordon,35
Monroe,0014 ANTIOCH BAPT CHURCH,"Public Service Commission, Place No. 1",,DEM,Jeff Ramsey,8
Monroe,0014 ANTIOCH BAPT CHURCH,"Public Service Commission, Place No. 1",,DEM,John Northrop,3
Monroe,0014 ANTIOCH BAPT CHURCH,U.S. Senate,,DEM,Dakarai Larriett,15
Monroe,0014 ANTIOCH BAPT CHURCH,U.S. Senate,,DEM,Everett Wess,22
Monroe,0014 ANTIOCH BAPT CHURCH,U.S. Senate,,DEM,Kyle Sweetser,7
Monroe,0014 ANTIOCH BAPT CHURCH,U.S. Senate,,DEM,Mark S. Wheeler II,3
Monroe,0014 ANTIOCH BAPT CHURCH,Attorney General,,REP,Jay Mitchell,4
Monroe,0014 ANTIOCH BAPT CHURCH,Attorney General,,REP,Katherine Robertson,8
Monroe,0014 ANTIOCH BAPT CHURCH,Attorney General,,REP,Pamela L. Casey,0
Monroe,0014 ANTIOCH BAPT CHURCH,Commissioner of Agriculture and Industries,,REP,Christina Woerner McInnis,3
Monroe,0014 ANTIOCH BAPT CHURCH,Commissioner of Agriculture and Industries,,REP,Cory Hill,0
Monroe,0014 ANTIOCH BAPT CHURCH,Commissioner of Agriculture and Industries,,REP,Jack Williams,7
Monroe,0014 ANTIOCH BAPT CHURCH,Governor,,REP,"""Alabama"" Will Santivasci",0
Monroe,0014 ANTIOCH BAPT CHURCH,Governor,,REP,Ken McFeeters,1
Monroe,0014 ANTIOCH BAPT CHURCH,Governor,,REP,Thomas Tuberville,14
Monroe,0014 ANTIOCH BAPT CHURCH,Lieutenant Governor,,REP,George Childress,0
Monroe,0014 ANTIOCH BAPT CHURCH,Lieutenant Governor,,REP,John Wahl,4
Monroe,0014 ANTIOCH BAPT CHURCH,Lieutenant Governor,,REP,Nicole Jones Wadsworth,0
Monroe,0014 ANTIOCH BAPT CHURCH,Lieutenant Governor,,REP,Pat Bishop,0
Monroe,0014 ANTIOCH BAPT CHURCH,Lieutenant Governor,,REP,Rick Pate,0
Monroe,0014 ANTIOCH BAPT CHURCH,Lieutenant Governor,,REP,Stewart Hill Tankersley,0
Monroe,0014 ANTIOCH BAPT CHURCH,Lieutenant Governor,,REP,Wes Allen,5
Monroe,0014 ANTIOCH BAPT CHURCH,Monroe County Sheriff,,REP,Jeff Dunn,6
Monroe,0014 ANTIOCH BAPT CHURCH,Monroe County Sheriff,,REP,Brian Hamilton House,8
Monroe,0014 ANTIOCH BAPT CHURCH,"Public Service Commission, Place No. 1",,REP,Jeremy H. Oden,2
Monroe,0014 ANTIOCH BAPT CHURCH,"Public Service Commission, Place No. 1",,REP,Matt Gentry,7
Monroe,0014 ANTIOCH BAPT CHURCH,"Public Service Commission, Place No. 2",,REP,Brent Woodall,2
Monroe,0014 ANTIOCH BAPT CHURCH,"Public Service Commission, Place No. 2",,REP,Chris Beeker,3
Monroe,0014 ANTIOCH BAPT CHURCH,"Public Service Commission, Place No. 2",,REP,Jim Zig Zeigler,4
Monroe,0014 ANTIOCH BAPT CHURCH,"Public Service Commission, Place No. 2",,REP,Priscilla Andrews,1
Monroe,0014 ANTIOCH BAPT CHURCH,Secretary of State,,REP,Caroleene Dobson,13
Monroe,0014 ANTIOCH BAPT CHURCH,Secretary of State,,REP,Christopher Christian Horn,0
Monroe,0014 ANTIOCH BAPT CHURCH,Secretary of State,,REP,Glenda S. Jackson,0
Monroe,0014 ANTIOCH BAPT CHURCH,State Auditor,,REP,Andrew Sorrell,4
Monroe,0014 ANTIOCH BAPT CHURCH,State Auditor,,REP,Derek Chen,5
Monroe,0014 ANTIOCH BAPT CHURCH,State Treasurer,,REP,Steve Lolley,5
Monroe,0014 ANTIOCH BAPT CHURCH,State Treasurer,,REP,Young Boozer,4
Monroe,0014 ANTIOCH BAPT CHURCH,U.S. Senate,,REP,Barry Moore,5
Monroe,0014 ANTIOCH BAPT CHURCH,U.S. Senate,,REP,Dale Shelton Deas Jr.,0
Monroe,0014 ANTIOCH BAPT CHURCH,U.S. Senate,,REP,Jared Hudson,6
Monroe,0014 ANTIOCH BAPT CHURCH,U.S. Senate,,REP,Morgan Murphy,0
Monroe,0014 ANTIOCH BAPT CHURCH,U.S. Senate,,REP,Rodney Walker,0
Monroe,0014 ANTIOCH BAPT CHURCH,U.S. Senate,,REP,Seth Burton,0
Monroe,0014 ANTIOCH BAPT CHURCH,U.S. Senate,,REP,Steve Marshall,0
Monroe,0015 NEW FRANKLIN FIRE DEPT,Proposed Statewide Amendment 1,,,No,4
Monroe,0015 NEW FRANKLIN FIRE DEPT,Proposed Statewide Amendment 1,,,Yes,57
Monroe,0015 NEW FRANKLIN FIRE DEPT,Proposed Statewide Amendment 2,,,No,23
Monroe,0015 NEW FRANKLIN FIRE DEPT,Proposed Statewide Amendment 2,,,Yes,34
Monroe,0015 NEW FRANKLIN FIRE DEPT,Governor,,DEM,"Chad ""Chig"" Martin",0
Monroe,0015 NEW FRANKLIN FIRE DEPT,Governor,,DEM,Doug Jones,3
Monroe,0015 NEW FRANKLIN FIRE DEPT,Governor,,DEM,Jamel J. Brown,0
Monroe,0015 NEW FRANKLIN FIRE DEPT,Governor,,DEM,"Nathan ""Nate"" Mathis",0
Monroe,0015 NEW FRANKLIN FIRE DEPT,Governor,,DEM,Will Boyd,0
Monroe,0015 NEW FRANKLIN FIRE DEPT,Governor,,DEM,Yolanda Rochelle Flowers,0
Monroe,0015 NEW FRANKLIN FIRE DEPT,Lieutenant Governor,,DEM,Darryl D. Perryman,2
Monroe,0015 NEW FRANKLIN FIRE DEPT,Lieutenant Governor,,DEM,Phillip Ensler,1
Monroe,0015 NEW FRANKLIN FIRE DEPT,"Public Service Commission, Place No. 1",,DEM,James O. Gordon,0
Monroe,0015 NEW FRANKLIN FIRE DEPT,"Public Service Commission, Place No. 1",,DEM,Jeff Ramsey,1
Monroe,0015 NEW FRANKLIN FIRE DEPT,"Public Service Commission, Place No. 1",,DEM,John Northrop,0
Monroe,0015 NEW FRANKLIN FIRE DEPT,U.S. Senate,,DEM,Dakarai Larriett,0
Monroe,0015 NEW FRANKLIN FIRE DEPT,U.S. Senate,,DEM,Everett Wess,1
Monroe,0015 NEW FRANKLIN FIRE DEPT,U.S. Senate,,DEM,Kyle Sweetser,0
Monroe,0015 NEW FRANKLIN FIRE DEPT,U.S. Senate,,DEM,Mark S. Wheeler II,0
Monroe,0015 NEW FRANKLIN FIRE DEPT,Attorney General,,REP,Jay Mitchell,15
Monroe,0015 NEW FRANKLIN FIRE DEPT,Attorney General,,REP,Katherine Robertson,32
Monroe,0015 NEW FRANKLIN FIRE DEPT,Attorney General,,REP,Pamela L. Casey,12
Monroe,0015 NEW FRANKLIN FIRE DEPT,Commissioner of Agriculture and Industries,,REP,Christina Woerner McInnis,18
Monroe,0015 NEW FRANKLIN FIRE DEPT,Commissioner of Agriculture and Industries,,REP,Cory Hill,15
Monroe,0015 NEW FRANKLIN FIRE DEPT,Commissioner of Agriculture and Industries,,REP,Jack Williams,20
Monroe,0015 NEW FRANKLIN FIRE DEPT,Governor,,REP,"""Alabama"" Will Santivasci",2
Monroe,0015 NEW FRANKLIN FIRE DEPT,Governor,,REP,Ken McFeeters,0
Monroe,0015 NEW FRANKLIN FIRE DEPT,Governor,,REP,Thomas Tuberville,60
Monroe,0015 NEW FRANKLIN FIRE DEPT,Lieutenant Governor,,REP,George Childress,2
Monroe,0015 NEW FRANKLIN FIRE DEPT,Lieutenant Governor,,REP,John Wahl,19
Monroe,0015 NEW FRANKLIN FIRE DEPT,Lieutenant Governor,,REP,Nicole Jones Wadsworth,2
Monroe,0015 NEW FRANKLIN FIRE DEPT,Lieutenant Governor,,REP,Pat Bishop,2
Monroe,0015 NEW FRANKLIN FIRE DEPT,Lieutenant Governor,,REP,Rick Pate,7
Monroe,0015 NEW FRANKLIN FIRE DEPT,Lieutenant Governor,,REP,Stewart Hill Tankersley,0
Monroe,0015 NEW FRANKLIN FIRE DEPT,Lieutenant Governor,,REP,Wes Allen,27
Monroe,0015 NEW FRANKLIN FIRE DEPT,Monroe County Sheriff,,REP,Jeff Dunn,14
Monroe,0015 NEW FRANKLIN FIRE DEPT,Monroe County Sheriff,,REP,Brian Hamilton House,43
Monroe,0015 NEW FRANKLIN FIRE DEPT,"Public Service Commission, Place No. 1",,REP,Jeremy H. Oden,14
Monroe,0015 NEW FRANKLIN FIRE DEPT,"Public Service Commission, Place No. 1",,REP,Matt Gentry,34
Monroe,0015 NEW FRANKLIN FIRE DEPT,"Public Service Commission, Place No. 2",,REP,Brent Woodall,12
Monroe,0015 NEW FRANKLIN FIRE DEPT,"Public Service Commission, Place No. 2",,REP,Chris Beeker,21
Monroe,0015 NEW FRANKLIN FIRE DEPT,"Public Service Commission, Place No. 2",,REP,Jim Zig Zeigler,16
Monroe,0015 NEW FRANKLIN FIRE DEPT,"Public Service Commission, Place No. 2",,REP,Priscilla Andrews,4
Monroe,0015 NEW FRANKLIN FIRE DEPT,Secretary of State,,REP,Caroleene Dobson,58
Monroe,0015 NEW FRANKLIN FIRE DEPT,Secretary of State,,REP,Christopher Christian Horn,3
Monroe,0015 NEW FRANKLIN FIRE DEPT,Secretary of State,,REP,Glenda S. Jackson,0
Monroe,0015 NEW FRANKLIN FIRE DEPT,State Auditor,,REP,Andrew Sorrell,32
Monroe,0015 NEW FRANKLIN FIRE DEPT,State Auditor,,REP,Derek Chen,22
Monroe,0015 NEW FRANKLIN FIRE DEPT,State Treasurer,,REP,Steve Lolley,13
Monroe,0015 NEW FRANKLIN FIRE DEPT,State Treasurer,,REP,Young Boozer,43
Monroe,0015 NEW FRANKLIN FIRE DEPT,U.S. Senate,,REP,Barry Moore,15
Monroe,0015 NEW FRANKLIN FIRE DEPT,U.S. Senate,,REP,Dale Shelton Deas Jr.,1
Monroe,0015 NEW FRANKLIN FIRE DEPT,U.S. Senate,,REP,Jared Hudson,9
Monroe,0015 NEW FRANKLIN FIRE DEPT,U.S. Senate,,REP,Morgan Murphy,1
Monroe,0015 NEW FRANKLIN FIRE DEPT,U.S. Senate,,REP,Rodney Walker,2
Monroe,0015 NEW FRANKLIN FIRE DEPT,U.S. Senate,,REP,Seth Burton,2
Monroe,0015 NEW FRANKLIN FIRE DEPT,U.S. Senate,,REP,Steve Marshall,29
Monroe,0016 WAINWRIGHT FINCHBURG,Proposed Statewide Amendment 1,,,No,4
Monroe,0016 WAINWRIGHT FINCHBURG,Proposed Statewide Amendment 1,,,Yes,49
Monroe,0016 WAINWRIGHT FINCHBURG,Proposed Statewide Amendment 2,,,No,13
Monroe,0016 WAINWRIGHT FINCHBURG,Proposed Statewide Amendment 2,,,Yes,40
Monroe,0016 WAINWRIGHT FINCHBURG,Governor,,DEM,"Chad ""Chig"" Martin",0
Monroe,0016 WAINWRIGHT FINCHBURG,Governor,,DEM,Doug Jones,23
Monroe,0016 WAINWRIGHT FINCHBURG,Governor,,DEM,Jamel J. Brown,1
Monroe,0016 WAINWRIGHT FINCHBURG,Governor,,DEM,"Nathan ""Nate"" Mathis",0
Monroe,0016 WAINWRIGHT FINCHBURG,Governor,,DEM,Will Boyd,2
Monroe,0016 WAINWRIGHT FINCHBURG,Governor,,DEM,Yolanda Rochelle Flowers,2
Monroe,0016 WAINWRIGHT FINCHBURG,Lieutenant Governor,,DEM,Darryl D. Perryman,15
Monroe,0016 WAINWRIGHT FINCHBURG,Lieutenant Governor,,DEM,Phillip Ensler,13
Monroe,0016 WAINWRIGHT FINCHBURG,"Public Service Commission, Place No. 1",,DEM,James O. Gordon,18
Monroe,0016 WAINWRIGHT FINCHBURG,"Public Service Commission, Place No. 1",,DEM,Jeff Ramsey,4
Monroe,0016 WAINWRIGHT FINCHBURG,"Public Service Commission, Place No. 1",,DEM,John Northrop,3
Monroe,0016 WAINWRIGHT FINCHBURG,U.S. Senate,,DEM,Dakarai Larriett,6
Monroe,0016 WAINWRIGHT FINCHBURG,U.S. Senate,,DEM,Everett Wess,15
Monroe,0016 WAINWRIGHT FINCHBURG,U.S. Senate,,DEM,Kyle Sweetser,6
Monroe,0016 WAINWRIGHT FINCHBURG,U.S. Senate,,DEM,Mark S. Wheeler II,1
Monroe,0016 WAINWRIGHT FINCHBURG,Attorney General,,REP,Jay Mitchell,9
Monroe,0016 WAINWRIGHT FINCHBURG,Attorney General,,REP,Katherine Robertson,10
Monroe,0016 WAINWRIGHT FINCHBURG,Attorney General,,REP,Pamela L. Casey,5
Monroe,0016 WAINWRIGHT FINCHBURG,Commissioner of Agriculture and Industries,,REP,Christina Woerner McInnis,4
Monroe,0016 WAINWRIGHT FINCHBURG,Commissioner of Agriculture and Industries,,REP,Cory Hill,14
Monroe,0016 WAINWRIGHT FINCHBURG,Commissioner of Agriculture and Industries,,REP,Jack Williams,5
Monroe,0016 WAINWRIGHT FINCHBURG,Governor,,REP,"""Alabama"" Will Santivasci",0
Monroe,0016 WAINWRIGHT FINCHBURG,Governor,,REP,Ken McFeeters,2
Monroe,0016 WAINWRIGHT FINCHBURG,Governor,,REP,Thomas Tuberville,23
Monroe,0016 WAINWRIGHT FINCHBURG,Lieutenant Governor,,REP,George Childress,1
Monroe,0016 WAINWRIGHT FINCHBURG,Lieutenant Governor,,REP,John Wahl,7
Monroe,0016 WAINWRIGHT FINCHBURG,Lieutenant Governor,,REP,Nicole Jones Wadsworth,0
Monroe,0016 WAINWRIGHT FINCHBURG,Lieutenant Governor,,REP,Pat Bishop,1
Monroe,0016 WAINWRIGHT FINCHBURG,Lieutenant Governor,,REP,Rick Pate,5
Monroe,0016 WAINWRIGHT FINCHBURG,Lieutenant Governor,,REP,Stewart Hill Tankersley,0
Monroe,0016 WAINWRIGHT FINCHBURG,Lieutenant Governor,,REP,Wes Allen,10
Monroe,0016 WAINWRIGHT FINCHBURG,Monroe County Sheriff,,REP,Jeff Dunn,6
Monroe,0016 WAINWRIGHT FINCHBURG,Monroe County Sheriff,,REP,Brian Hamilton House,19
Monroe,0016 WAINWRIGHT FINCHBURG,"Public Service Commission, Place No. 1",,REP,Jeremy H. Oden,5
Monroe,0016 WAINWRIGHT FINCHBURG,"Public Service Commission, Place No. 1",,REP,Matt Gentry,18
Monroe,0016 WAINWRIGHT FINCHBURG,"Public Service Commission, Place No. 2",,REP,Brent Woodall,4
Monroe,0016 WAINWRIGHT FINCHBURG,"Public Service Commission, Place No. 2",,REP,Chris Beeker,10
Monroe,0016 WAINWRIGHT FINCHBURG,"Public Service Commission, Place No. 2",,REP,Jim Zig Zeigler,9
Monroe,0016 WAINWRIGHT FINCHBURG,"Public Service Commission, Place No. 2",,REP,Priscilla Andrews,0
Monroe,0016 WAINWRIGHT FINCHBURG,Secretary of State,,REP,Caroleene Dobson,24
Monroe,0016 WAINWRIGHT FINCHBURG,Secretary of State,,REP,Christopher Christian Horn,1
Monroe,0016 WAINWRIGHT FINCHBURG,Secretary of State,,REP,Glenda S. Jackson,0
Monroe,0016 WAINWRIGHT FINCHBURG,State Auditor,,REP,Andrew Sorrell,13
Monroe,0016 WAINWRIGHT FINCHBURG,State Auditor,,REP,Derek Chen,10
Monroe,0016 WAINWRIGHT FINCHBURG,State Treasurer,,REP,Steve Lolley,9
Monroe,0016 WAINWRIGHT FINCHBURG,State Treasurer,,REP,Young Boozer,13
Monroe,0016 WAINWRIGHT FINCHBURG,U.S. Senate,,REP,Barry Moore,7
Monroe,0016 WAINWRIGHT FINCHBURG,U.S. Senate,,REP,Dale Shelton Deas Jr.,0
Monroe,0016 WAINWRIGHT FINCHBURG,U.S. Senate,,REP,Jared Hudson,6
Monroe,0016 WAINWRIGHT FINCHBURG,U.S. Senate,,REP,Morgan Murphy,0
Monroe,0016 WAINWRIGHT FINCHBURG,U.S. Senate,,REP,Rodney Walker,0
Monroe,0016 WAINWRIGHT FINCHBURG,U.S. Senate,,REP,Seth Burton,2
Monroe,0016 WAINWRIGHT FINCHBURG,U.S. Senate,,REP,Steve Marshall,9
Monroe,0017 L PEACHTREE PACK BEND,Proposed Statewide Amendment 1,,,No,5
Monroe,0017 L PEACHTREE PACK BEND,Proposed Statewide Amendment 1,,,Yes,123
Monroe,0017 L PEACHTREE PACK BEND,Proposed Statewide Amendment 2,,,No,6
Monroe,0017 L PEACHTREE PACK BEND,Proposed Statewide Amendment 2,,,Yes,122
Monroe,0017 L PEACHTREE PACK BEND,Governor,,DEM,"Chad ""Chig"" Martin",0
Monroe,0017 L PEACHTREE PACK BEND,Governor,,DEM,Doug Jones,41
Monroe,0017 L PEACHTREE PACK BEND,Governor,,DEM,Jamel J. Brown,13
Monroe,0017 L PEACHTREE PACK BEND,Governor,,DEM,"Nathan ""Nate"" Mathis",0
Monroe,0017 L PEACHTREE PACK BEND,Governor,,DEM,Will Boyd,74
Monroe,0017 L PEACHTREE PACK BEND,Governor,,DEM,Yolanda Rochelle Flowers,0
Monroe,0017 L PEACHTREE PACK BEND,Lieutenant Governor,,DEM,Darryl D. Perryman,119
Monroe,0017 L PEACHTREE PACK BEND,Lieutenant Governor,,DEM,Phillip Ensler,9
Monroe,0017 L PEACHTREE PACK BEND,"Public Service Commission, Place No. 1",,DEM,James O. Gordon,124
Monroe,0017 L PEACHTREE PACK BEND,"Public Service Commission, Place No. 1",,DEM,Jeff Ramsey,2
Monroe,0017 L PEACHTREE PACK BEND,"Public Service Commission, Place No. 1",,DEM,John Northrop,1
Monroe,0017 L PEACHTREE PACK BEND,U.S. Senate,,DEM,Dakarai Larriett,2
Monroe,0017 L PEACHTREE PACK BEND,U.S. Senate,,DEM,Everett Wess,124
Monroe,0017 L PEACHTREE PACK BEND,U.S. Senate,,DEM,Kyle Sweetser,0
Monroe,0017 L PEACHTREE PACK BEND,U.S. Senate,,DEM,Mark S. Wheeler II,1
Monroe,0017 L PEACHTREE PACK BEND,Attorney General,,REP,Jay Mitchell,0
Monroe,0017 L PEACHTREE PACK BEND,Attorney General,,REP,Katherine Robertson,0
Monroe,0017 L PEACHTREE PACK BEND,Attorney General,,REP,Pamela L. Casey,0
Monroe,0017 L PEACHTREE PACK BEND,Commissioner of Agriculture and Industries,,REP,Christina Woerner McInnis,0
Monroe,0017 L PEACHTREE PACK BEND,Commissioner of Agriculture and Industries,,REP,Cory Hill,0
Monroe,0017 L PEACHTREE PACK BEND,Commissioner of Agriculture and Industries,,REP,Jack Williams,0
Monroe,0017 L PEACHTREE PACK BEND,Governor,,REP,"""Alabama"" Will Santivasci",0
Monroe,0017 L PEACHTREE PACK BEND,Governor,,REP,Ken McFeeters,0
Monroe,0017 L PEACHTREE PACK BEND,Governor,,REP,Thomas Tuberville,0
Monroe,0017 L PEACHTREE PACK BEND,Lieutenant Governor,,REP,George Childress,0
Monroe,0017 L PEACHTREE PACK BEND,Lieutenant Governor,,REP,John Wahl,0
Monroe,0017 L PEACHTREE PACK BEND,Lieutenant Governor,,REP,Nicole Jones Wadsworth,0
Monroe,0017 L PEACHTREE PACK BEND,Lieutenant Governor,,REP,Pat Bishop,0
Monroe,0017 L PEACHTREE PACK BEND,Lieutenant Governor,,REP,Rick Pate,0
Monroe,0017 L PEACHTREE PACK BEND,Lieutenant Governor,,REP,Stewart Hill Tankersley,0
Monroe,0017 L PEACHTREE PACK BEND,Lieutenant Governor,,REP,Wes Allen,0
Monroe,0017 L PEACHTREE PACK BEND,Monroe County Sheriff,,REP,Jeff Dunn,0
Monroe,0017 L PEACHTREE PACK BEND,Monroe County Sheriff,,REP,Brian Hamilton House,0
Monroe,0017 L PEACHTREE PACK BEND,"Public Service Commission, Place No. 1",,REP,Jeremy H. Oden,0
Monroe,0017 L PEACHTREE PACK BEND,"Public Service Commission, Place No. 1",,REP,Matt Gentry,0
Monroe,0017 L PEACHTREE PACK BEND,"Public Service Commission, Place No. 2",,REP,Brent Woodall,0
Monroe,0017 L PEACHTREE PACK BEND,"Public Service Commission, Place No. 2",,REP,Chris Beeker,0
Monroe,0017 L PEACHTREE PACK BEND,"Public Service Commission, Place No. 2",,REP,Jim Zig Zeigler,0
Monroe,0017 L PEACHTREE PACK BEND,"Public Service Commission, Place No. 2",,REP,Priscilla Andrews,0
Monroe,0017 L PEACHTREE PACK BEND,Secretary of State,,REP,Caroleene Dobson,0
Monroe,0017 L PEACHTREE PACK BEND,Secretary of State,,REP,Christopher Christian Horn,0
Monroe,0017 L PEACHTREE PACK BEND,Secretary of State,,REP,Glenda S. Jackson,0
Monroe,0017 L PEACHTREE PACK BEND,State Auditor,,REP,Andrew Sorrell,0
Monroe,0017 L PEACHTREE PACK BEND,State Auditor,,REP,Derek Chen,0
Monroe,0017 L PEACHTREE PACK BEND,State Treasurer,,REP,Steve Lolley,0
Monroe,0017 L PEACHTREE PACK BEND,State Treasurer,,REP,Young Boozer,0
Monroe,0017 L PEACHTREE PACK BEND,U.S. Senate,,REP,Barry Moore,0
Monroe,0017 L PEACHTREE PACK BEND,U.S. Senate,,REP,Dale Shelton Deas Jr.,0
Monroe,0017 L PEACHTREE PACK BEND,U.S. Senate,,REP,Jared Hudson,0
Monroe,0017 L PEACHTREE PACK BEND,U.S. Senate,,REP,Morgan Murphy,0
Monroe,0017 L PEACHTREE PACK BEND,U.S. Senate,,REP,Rodney Walker,0
Monroe,0017 L PEACHTREE PACK BEND,U.S. Senate,,REP,Seth Burton,0
Monroe,0017 L PEACHTREE PACK BEND,U.S. Senate,,REP,Steve Marshall,0
Monroe,0018 BUENA VISTA VRENDEN,Proposed Statewide Amendment 1,,,No,5
Monroe,0018 BUENA VISTA VRENDEN,Proposed Statewide Amendment 1,,,Yes,72
Monroe,0018 BUENA VISTA VRENDEN,Proposed Statewide Amendment 2,,,No,18
Monroe,0018 BUENA VISTA VRENDEN,Proposed Statewide Amendment 2,,,Yes,56
Monroe,0018 BUENA VISTA VRENDEN,Governor,,DEM,"Chad ""Chig"" Martin",0
Monroe,0018 BUENA VISTA VRENDEN,Governor,,DEM,Doug Jones,51
Monroe,0018 BUENA VISTA VRENDEN,Governor,,DEM,Jamel J. Brown,9
Monroe,0018 BUENA VISTA VRENDEN,Governor,,DEM,"Nathan ""Nate"" Mathis",0
Monroe,0018 BUENA VISTA VRENDEN,Governor,,DEM,Will Boyd,5
Monroe,0018 BUENA VISTA VRENDEN,Governor,,DEM,Yolanda Rochelle Flowers,1
Monroe,0018 BUENA VISTA VRENDEN,Lieutenant Governor,,DEM,Darryl D. Perryman,54
Monroe,0018 BUENA VISTA VRENDEN,Lieutenant Governor,,DEM,Phillip Ensler,11
Monroe,0018 BUENA VISTA VRENDEN,"Public Service Commission, Place No. 1",,DEM,James O. Gordon,42
Monroe,0018 BUENA VISTA VRENDEN,"Public Service Commission, Place No. 1",,DEM,Jeff Ramsey,9
Monroe,0018 BUENA VISTA VRENDEN,"Public Service Commission, Place No. 1",,DEM,John Northrop,7
Monroe,0018 BUENA VISTA VRENDEN,U.S. Senate,,DEM,Dakarai Larriett,3
Monroe,0018 BUENA VISTA VRENDEN,U.S. Senate,,DEM,Everett Wess,40
Monroe,0018 BUENA VISTA VRENDEN,U.S. Senate,,DEM,Kyle Sweetser,5
Monroe,0018 BUENA VISTA VRENDEN,U.S. Senate,,DEM,Mark S. Wheeler II,9
Monroe,0018 BUENA VISTA VRENDEN,Attorney General,,REP,Jay Mitchell,5
Monroe,0018 BUENA VISTA VRENDEN,Attorney General,,REP,Katherine Robertson,7
Monroe,0018 BUENA VISTA VRENDEN,Attorney General,,REP,Pamela L. Casey,3
Monroe,0018 BUENA VISTA VRENDEN,Commissioner of Agriculture and Industries,,REP,Christina Woerner McInnis,11
Monroe,0018 BUENA VISTA VRENDEN,Commissioner of Agriculture and Industries,,REP,Cory Hill,0
Monroe,0018 BUENA VISTA VRENDEN,Commissioner of Agriculture and Industries,,REP,Jack Williams,4
Monroe,0018 BUENA VISTA VRENDEN,Governor,,REP,"""Alabama"" Will Santivasci",2
Monroe,0018 BUENA VISTA VRENDEN,Governor,,REP,Ken McFeeters,0
Monroe,0018 BUENA VISTA VRENDEN,Governor,,REP,Thomas Tuberville,14
Monroe,0018 BUENA VISTA VRENDEN,Lieutenant Governor,,REP,George Childress,1
Monroe,0018 BUENA VISTA VRENDEN,Lieutenant Governor,,REP,John Wahl,8
Monroe,0018 BUENA VISTA VRENDEN,Lieutenant Governor,,REP,Nicole Jones Wadsworth,0
Monroe,0018 BUENA VISTA VRENDEN,Lieutenant Governor,,REP,Pat Bishop,0
Monroe,0018 BUENA VISTA VRENDEN,Lieutenant Governor,,REP,Rick Pate,1
Monroe,0018 BUENA VISTA VRENDEN,Lieutenant Governor,,REP,Stewart Hill Tankersley,0
Monroe,0018 BUENA VISTA VRENDEN,Lieutenant Governor,,REP,Wes Allen,6
Monroe,0018 BUENA VISTA VRENDEN,Monroe County Sheriff,,REP,Jeff Dunn,9
Monroe,0018 BUENA VISTA VRENDEN,Monroe County Sheriff,,REP,Brian Hamilton House,7
Monroe,0018 BUENA VISTA VRENDEN,"Public Service Commission, Place No. 1",,REP,Jeremy H. Oden,4
Monroe,0018 BUENA VISTA VRENDEN,"Public Service Commission, Place No. 1",,REP,Matt Gentry,11
Monroe,0018 BUENA VISTA VRENDEN,"Public Service Commission, Place No. 2",,REP,Brent Woodall,7
Monroe,0018 BUENA VISTA VRENDEN,"Public Service Commission, Place No. 2",,REP,Chris Beeker,1
Monroe,0018 BUENA VISTA VRENDEN,"Public Service Commission, Place No. 2",,REP,Jim Zig Zeigler,5
Monroe,0018 BUENA VISTA VRENDEN,"Public Service Commission, Place No. 2",,REP,Priscilla Andrews,2
Monroe,0018 BUENA VISTA VRENDEN,Secretary of State,,REP,Caroleene Dobson,14
Monroe,0018 BUENA VISTA VRENDEN,Secretary of State,,REP,Christopher Christian Horn,1
Monroe,0018 BUENA VISTA VRENDEN,Secretary of State,,REP,Glenda S. Jackson,1
Monroe,0018 BUENA VISTA VRENDEN,State Auditor,,REP,Andrew Sorrell,8
Monroe,0018 BUENA VISTA VRENDEN,State Auditor,,REP,Derek Chen,7
Monroe,0018 BUENA VISTA VRENDEN,State Treasurer,,REP,Steve Lolley,6
Monroe,0018 BUENA VISTA VRENDEN,State Treasurer,,REP,Young Boozer,9
Monroe,0018 BUENA VISTA VRENDEN,U.S. Senate,,REP,Barry Moore,7
Monroe,0018 BUENA VISTA VRENDEN,U.S. Senate,,REP,Dale Shelton Deas Jr.,0
Monroe,0018 BUENA VISTA VRENDEN,U.S. Senate,,REP,Jared Hudson,3
Monroe,0018 BUENA VISTA VRENDEN,U.S. Senate,,REP,Morgan Murphy,0
Monroe,0018 BUENA VISTA VRENDEN,U.S. Senate,,REP,Rodney Walker,3
Monroe,0018 BUENA VISTA VRENDEN,U.S. Senate,,REP,Seth Burton,0
Monroe,0018 BUENA VISTA VRENDEN,U.S. Senate,,REP,Steve Marshall,3
Monroe,0019 BEATRICE TOWN HALL,Proposed Statewide Amendment 1,,,No,33
Monroe,0019 BEATRICE TOWN HALL,Proposed Statewide Amendment 1,,,Yes,193
Monroe,0019 BEATRICE TOWN HALL,Proposed Statewide Amendment 2,,,No,60
Monroe,0019 BEATRICE TOWN HALL,Proposed Statewide Amendment 2,,,Yes,165
Monroe,0019 BEATRICE TOWN HALL,Governor,,DEM,"Chad ""Chig"" Martin",4
Monroe,0019 BEATRICE TOWN HALL,Governor,,DEM,Doug Jones,119
Monroe,0019 BEATRICE TOWN HALL,Governor,,DEM,Jamel J. Brown,28
Monroe,0019 BEATRICE TOWN HALL,Governor,,DEM,"Nathan ""Nate"" Mathis",4
Monroe,0019 BEATRICE TOWN HALL,Governor,,DEM,Will Boyd,26
Monroe,0019 BEATRICE TOWN HALL,Governor,,DEM,Yolanda Rochelle Flowers,6
Monroe,0019 BEATRICE TOWN HALL,Lieutenant Governor,,DEM,Darryl D. Perryman,112
Monroe,0019 BEATRICE TOWN HALL,Lieutenant Governor,,DEM,Phillip Ensler,72
Monroe,0019 BEATRICE TOWN HALL,"Public Service Commission, Place No. 1",,DEM,James O. Gordon,113
Monroe,0019 BEATRICE TOWN HALL,"Public Service Commission, Place No. 1",,DEM,Jeff Ramsey,42
Monroe,0019 BEATRICE TOWN HALL,"Public Service Commission, Place No. 1",,DEM,John Northrop,16
Monroe,0019 BEATRICE TOWN HALL,U.S. Senate,,DEM,Dakarai Larriett,41
Monroe,0019 BEATRICE TOWN HALL,U.S. Senate,,DEM,Everett Wess,90
Monroe,0019 BEATRICE TOWN HALL,U.S. Senate,,DEM,Kyle Sweetser,24
Monroe,0019 BEATRICE TOWN HALL,U.S. Senate,,DEM,Mark S. Wheeler II,21
Monroe,0019 BEATRICE TOWN HALL,Attorney General,,REP,Jay Mitchell,13
Monroe,0019 BEATRICE TOWN HALL,Attorney General,,REP,Katherine Robertson,21
Monroe,0019 BEATRICE TOWN HALL,Attorney General,,REP,Pamela L. Casey,5
Monroe,0019 BEATRICE TOWN HALL,Commissioner of Agriculture and Industries,,REP,Christina Woerner McInnis,15
Monroe,0019 BEATRICE TOWN HALL,Commissioner of Agriculture and Industries,,REP,Cory Hill,8
Monroe,0019 BEATRICE TOWN HALL,Commissioner of Agriculture and Industries,,REP,Jack Williams,16
Monroe,0019 BEATRICE TOWN HALL,Governor,,REP,"""Alabama"" Will Santivasci",1
Monroe,0019 BEATRICE TOWN HALL,Governor,,REP,Ken McFeeters,1
Monroe,0019 BEATRICE TOWN HALL,Governor,,REP,Thomas Tuberville,43
Monroe,0019 BEATRICE TOWN HALL,Lieutenant Governor,,REP,George Childress,1
Monroe,0019 BEATRICE TOWN HALL,Lieutenant Governor,,REP,John Wahl,18
Monroe,0019 BEATRICE TOWN HALL,Lieutenant Governor,,REP,Nicole Jones Wadsworth,1
Monroe,0019 BEATRICE TOWN HALL,Lieutenant Governor,,REP,Pat Bishop,0
Monroe,0019 BEATRICE TOWN HALL,Lieutenant Governor,,REP,Rick Pate,4
Monroe,0019 BEATRICE TOWN HALL,Lieutenant Governor,,REP,Stewart Hill Tankersley,0
Monroe,0019 BEATRICE TOWN HALL,Lieutenant Governor,,REP,Wes Allen,19
Monroe,0019 BEATRICE TOWN HALL,Monroe County Sheriff,,REP,Jeff Dunn,12
Monroe,0019 BEATRICE TOWN HALL,Monroe County Sheriff,,REP,Brian Hamilton House,29
Monroe,0019 BEATRICE TOWN HALL,"Public Service Commission, Place No. 1",,REP,Jeremy H. Oden,2
Monroe,0019 BEATRICE TOWN HALL,"Public Service Commission, Place No. 1",,REP,Matt Gentry,36
Monroe,0019 BEATRICE TOWN HALL,"Public Service Commission, Place No. 2",,REP,Brent Woodall,6
Monroe,0019 BEATRICE TOWN HALL,"Public Service Commission, Place No. 2",,REP,Chris Beeker,11
Monroe,0019 BEATRICE TOWN HALL,"Public Service Commission, Place No. 2",,REP,Jim Zig Zeigler,22
Monroe,0019 BEATRICE TOWN HALL,"Public Service Commission, Place No. 2",,REP,Priscilla Andrews,2
Monroe,0019 BEATRICE TOWN HALL,Secretary of State,,REP,Caroleene Dobson,44
Monroe,0019 BEATRICE TOWN HALL,Secretary of State,,REP,Christopher Christian Horn,0
Monroe,0019 BEATRICE TOWN HALL,Secretary of State,,REP,Glenda S. Jackson,0
Monroe,0019 BEATRICE TOWN HALL,State Auditor,,REP,Andrew Sorrell,25
Monroe,0019 BEATRICE TOWN HALL,State Auditor,,REP,Derek Chen,15
Monroe,0019 BEATRICE TOWN HALL,State Treasurer,,REP,Steve Lolley,10
Monroe,0019 BEATRICE TOWN HALL,State Treasurer,,REP,Young Boozer,33
Monroe,0019 BEATRICE TOWN HALL,U.S. Senate,,REP,Barry Moore,10
Monroe,0019 BEATRICE TOWN HALL,U.S. Senate,,REP,Dale Shelton Deas Jr.,3
Monroe,0019 BEATRICE TOWN HALL,U.S. Senate,,REP,Jared Hudson,13
Monroe,0019 BEATRICE TOWN HALL,U.S. Senate,,REP,Morgan Murphy,0
Monroe,0019 BEATRICE TOWN HALL,U.S. Senate,,REP,Rodney Walker,1
Monroe,0019 BEATRICE TOWN HALL,U.S. Senate,,REP,Seth Burton,1
Monroe,0019 BEATRICE TOWN HALL,U.S. Senate,,REP,Steve Marshall,13
Monroe,0020 OLD TEXAS CC SIMPKINS,Proposed Statewide Amendment 1,,,No,0
Monroe,0020 OLD TEXAS CC SIMPKINS,Proposed Statewide Amendment 1,,,Yes,24
Monroe,0020 OLD TEXAS CC SIMPKINS,Proposed Statewide Amendment 2,,,No,13
Monroe,0020 OLD TEXAS CC SIMPKINS,Proposed Statewide Amendment 2,,,Yes,10
Monroe,0020 OLD TEXAS CC SIMPKINS,Governor,,DEM,"Chad ""Chig"" Martin",0
Monroe,0020 OLD TEXAS CC SIMPKINS,Governor,,DEM,Doug Jones,0
Monroe,0020 OLD TEXAS CC SIMPKINS,Governor,,DEM,Jamel J. Brown,0
Monroe,0020 OLD TEXAS CC SIMPKINS,Governor,,DEM,"Nathan ""Nate"" Mathis",0
Monroe,0020 OLD TEXAS CC SIMPKINS,Governor,,DEM,Will Boyd,0
Monroe,0020 OLD TEXAS CC SIMPKINS,Governor,,DEM,Yolanda Rochelle Flowers,0
Monroe,0020 OLD TEXAS CC SIMPKINS,Lieutenant Governor,,DEM,Darryl D. Perryman,0
Monroe,0020 OLD TEXAS CC SIMPKINS,Lieutenant Governor,,DEM,Phillip Ensler,0
Monroe,0020 OLD TEXAS CC SIMPKINS,"Public Service Commission, Place No. 1",,DEM,James O. Gordon,0
Monroe,0020 OLD TEXAS CC SIMPKINS,"Public Service Commission, Place No. 1",,DEM,Jeff Ramsey,0
Monroe,0020 OLD TEXAS CC SIMPKINS,"Public Service Commission, Place No. 1",,DEM,John Northrop,0
Monroe,0020 OLD TEXAS CC SIMPKINS,U.S. Senate,,DEM,Dakarai Larriett,0
Monroe,0020 OLD TEXAS CC SIMPKINS,U.S. Senate,,DEM,Everett Wess,0
Monroe,0020 OLD TEXAS CC SIMPKINS,U.S. Senate,,DEM,Kyle Sweetser,0
Monroe,0020 OLD TEXAS CC SIMPKINS,U.S. Senate,,DEM,Mark S. Wheeler II,0
Monroe,0020 OLD TEXAS CC SIMPKINS,Attorney General,,REP,Jay Mitchell,14
Monroe,0020 OLD TEXAS CC SIMPKINS,Attorney General,,REP,Katherine Robertson,9
Monroe,0020 OLD TEXAS CC SIMPKINS,Attorney General,,REP,Pamela L. Casey,1
Monroe,0020 OLD TEXAS CC SIMPKINS,Commissioner of Agriculture and Industries,,REP,Christina Woerner McInnis,1
Monroe,0020 OLD TEXAS CC SIMPKINS,Commissioner of Agriculture and Industries,,REP,Cory Hill,10
Monroe,0020 OLD TEXAS CC SIMPKINS,Commissioner of Agriculture and Industries,,REP,Jack Williams,14
Monroe,0020 OLD TEXAS CC SIMPKINS,Governor,,REP,"""Alabama"" Will Santivasci",0
Monroe,0020 OLD TEXAS CC SIMPKINS,Governor,,REP,Ken McFeeters,0
Monroe,0020 OLD TEXAS CC SIMPKINS,Governor,,REP,Thomas Tuberville,25
Monroe,0020 OLD TEXAS CC SIMPKINS,Lieutenant Governor,,REP,George Childress,0
Monroe,0020 OLD TEXAS CC SIMPKINS,Lieutenant Governor,,REP,John Wahl,6
Monroe,0020 OLD TEXAS CC SIMPKINS,Lieutenant Governor,,REP,Nicole Jones Wadsworth,0
Monroe,0020 OLD TEXAS CC SIMPKINS,Lieutenant Governor,,REP,Pat Bishop,0
Monroe,0020 OLD TEXAS CC SIMPKINS,Lieutenant Governor,,REP,Rick Pate,4
Monroe,0020 OLD TEXAS CC SIMPKINS,Lieutenant Governor,,REP,Stewart Hill Tankersley,0
Monroe,0020 OLD TEXAS CC SIMPKINS,Lieutenant Governor,,REP,Wes Allen,15
Monroe,0020 OLD TEXAS CC SIMPKINS,Monroe County Sheriff,,REP,Jeff Dunn,4
Monroe,0020 OLD TEXAS CC SIMPKINS,Monroe County Sheriff,,REP,Brian Hamilton House,9
Monroe,0020 OLD TEXAS CC SIMPKINS,"Public Service Commission, Place No. 1",,REP,Jeremy H. Oden,1
Monroe,0020 OLD TEXAS CC SIMPKINS,"Public Service Commission, Place No. 1",,REP,Matt Gentry,23
Monroe,0020 OLD TEXAS CC SIMPKINS,"Public Service Commission, Place No. 2",,REP,Brent Woodall,0
Monroe,0020 OLD TEXAS CC SIMPKINS,"Public Service Commission, Place No. 2",,REP,Chris Beeker,9
Monroe,0020 OLD TEXAS CC SIMPKINS,"Public Service Commission, Place No. 2",,REP,Jim Zig Zeigler,13
Monroe,0020 OLD TEXAS CC SIMPKINS,"Public Service Commission, Place No. 2",,REP,Priscilla Andrews,0
Monroe,0020 OLD TEXAS CC SIMPKINS,Secretary of State,,REP,Caroleene Dobson,24
Monroe,0020 OLD TEXAS CC SIMPKINS,Secretary of State,,REP,Christopher Christian Horn,0
Monroe,0020 OLD TEXAS CC SIMPKINS,Secretary of State,,REP,Glenda S. Jackson,0
Monroe,0020 OLD TEXAS CC SIMPKINS,State Auditor,,REP,Andrew Sorrell,7
Monroe,0020 OLD TEXAS CC SIMPKINS,State Auditor,,REP,Derek Chen,16
Monroe,0020 OLD TEXAS CC SIMPKINS,State Treasurer,,REP,Steve Lolley,2
Monroe,0020 OLD TEXAS CC SIMPKINS,State Treasurer,,REP,Young Boozer,23
Monroe,0020 OLD TEXAS CC SIMPKINS,U.S. Senate,,REP,Barry Moore,19
Monroe,0020 OLD TEXAS CC SIMPKINS,U.S. Senate,,REP,Dale Shelton Deas Jr.,0
Monroe,0020 OLD TEXAS CC SIMPKINS,U.S. Senate,,REP,Jared Hudson,4
Monroe,0020 OLD TEXAS CC SIMPKINS,U.S. Senate,,REP,Morgan Murphy,0
Monroe,0020 OLD TEXAS CC SIMPKINS,U.S. Senate,,REP,Rodney Walker,0
Monroe,0020 OLD TEXAS CC SIMPKINS,U.S. Senate,,REP,Seth Burton,0
Monroe,0020 OLD TEXAS CC SIMPKINS,U.S. Senate,,REP,Steve Marshall,2
Monroe,0022 GOODWAY FIRE DEPT,Proposed Statewide Amendment 1,,,No,12
Monroe,0022 GOODWAY FIRE DEPT,Proposed Statewide Amendment 1,,,Yes,99
Monroe,0022 GOODWAY FIRE DEPT,Proposed Statewide Amendment 2,,,No,43
Monroe,0022 GOODWAY FIRE DEPT,Proposed Statewide Amendment 2,,,Yes,62
Monroe,0022 GOODWAY FIRE DEPT,Governor,,DEM,"Chad ""Chig"" Martin",0
Monroe,0022 GOODWAY FIRE DEPT,Governor,,DEM,Doug Jones,4
Monroe,0022 GOODWAY FIRE DEPT,Governor,,DEM,Jamel J. Brown,0
Monroe,0022 GOODWAY FIRE DEPT,Governor,,DEM,"Nathan ""Nate"" Mathis",1
Monroe,0022 GOODWAY FIRE DEPT,Governor,,DEM,Will Boyd,0
Monroe,0022 GOODWAY FIRE DEPT,Governor,,DEM,Yolanda Rochelle Flowers,1
Monroe,0022 GOODWAY FIRE DEPT,Lieutenant Governor,,DEM,Darryl D. Perryman,3
Monroe,0022 GOODWAY FIRE DEPT,Lieutenant Governor,,DEM,Phillip Ensler,3
Monroe,0022 GOODWAY FIRE DEPT,"Public Service Commission, Place No. 1",,DEM,James O. Gordon,5
Monroe,0022 GOODWAY FIRE DEPT,"Public Service Commission, Place No. 1",,DEM,Jeff Ramsey,0
Monroe,0022 GOODWAY FIRE DEPT,"Public Service Commission, Place No. 1",,DEM,John Northrop,1
Monroe,0022 GOODWAY FIRE DEPT,U.S. Senate,,DEM,Dakarai Larriett,1
Monroe,0022 GOODWAY FIRE DEPT,U.S. Senate,,DEM,Everett Wess,2
Monroe,0022 GOODWAY FIRE DEPT,U.S. Senate,,DEM,Kyle Sweetser,0
Monroe,0022 GOODWAY FIRE DEPT,U.S. Senate,,DEM,Mark S. Wheeler II,2
Monroe,0022 GOODWAY FIRE DEPT,Attorney General,,REP,Jay Mitchell,32
Monroe,0022 GOODWAY FIRE DEPT,Attorney General,,REP,Katherine Robertson,52
Monroe,0022 GOODWAY FIRE DEPT,Attorney General,,REP,Pamela L. Casey,16
Monroe,0022 GOODWAY FIRE DEPT,Commissioner of Agriculture and Industries,,REP,Christina Woerner McInnis,33
Monroe,0022 GOODWAY FIRE DEPT,Commissioner of Agriculture and Industries,,REP,Cory Hill,34
Monroe,0022 GOODWAY FIRE DEPT,Commissioner of Agriculture and Industries,,REP,Jack Williams,32
Monroe,0022 GOODWAY FIRE DEPT,Governor,,REP,"""Alabama"" Will Santivasci",4
Monroe,0022 GOODWAY FIRE DEPT,Governor,,REP,Ken McFeeters,6
Monroe,0022 GOODWAY FIRE DEPT,Governor,,REP,Thomas Tuberville,99
Monroe,0022 GOODWAY FIRE DEPT,Lieutenant Governor,,REP,George Childress,1
Monroe,0022 GOODWAY FIRE DEPT,Lieutenant Governor,,REP,John Wahl,41
Monroe,0022 GOODWAY FIRE DEPT,Lieutenant Governor,,REP,Nicole Jones Wadsworth,2
Monroe,0022 GOODWAY FIRE DEPT,Lieutenant Governor,,REP,Pat Bishop,2
Monroe,0022 GOODWAY FIRE DEPT,Lieutenant Governor,,REP,Rick Pate,10
Monroe,0022 GOODWAY FIRE DEPT,Lieutenant Governor,,REP,Stewart Hill Tankersley,0
Monroe,0022 GOODWAY FIRE DEPT,Lieutenant Governor,,REP,Wes Allen,46
Monroe,0022 GOODWAY FIRE DEPT,"Member, Monroe County Commission, District No. 2",,REP,Calvin Casey,5
Monroe,0022 GOODWAY FIRE DEPT,"Member, Monroe County Commission, District No. 2",,REP,Justin Dean Sawyer,9
Monroe,0022 GOODWAY FIRE DEPT,Monroe County Sheriff,,REP,Jeff Dunn,35
Monroe,0022 GOODWAY FIRE DEPT,Monroe County Sheriff,,REP,Brian Hamilton House,67
Monroe,0022 GOODWAY FIRE DEPT,"Public Service Commission, Place No. 1",,REP,Jeremy H. Oden,15
Monroe,0022 GOODWAY FIRE DEPT,"Public Service Commission, Place No. 1",,REP,Matt Gentry,78
Monroe,0022 GOODWAY FIRE DEPT,"Public Service Commission, Place No. 2",,REP,Brent Woodall,19
Monroe,0022 GOODWAY FIRE DEPT,"Public Service Commission, Place No. 2",,REP,Chris Beeker,28
Monroe,0022 GOODWAY FIRE DEPT,"Public Service Commission, Place No. 2",,REP,Jim Zig Zeigler,39
Monroe,0022 GOODWAY FIRE DEPT,"Public Service Commission, Place No. 2",,REP,Priscilla Andrews,8
Monroe,0022 GOODWAY FIRE DEPT,Secretary of State,,REP,Caroleene Dobson,95
Monroe,0022 GOODWAY FIRE DEPT,Secretary of State,,REP,Christopher Christian Horn,5
Monroe,0022 GOODWAY FIRE DEPT,Secretary of State,,REP,Glenda S. Jackson,3
Monroe,0022 GOODWAY FIRE DEPT,State Auditor,,REP,Andrew Sorrell,42
Monroe,0022 GOODWAY FIRE DEPT,State Auditor,,REP,Derek Chen,53
Monroe,0022 GOODWAY FIRE DEPT,State Treasurer,,REP,Steve Lolley,21
Monroe,0022 GOODWAY FIRE DEPT,State Treasurer,,REP,Young Boozer,76
Monroe,0022 GOODWAY FIRE DEPT,U.S. Senate,,REP,Barry Moore,39
Monroe,0022 GOODWAY FIRE DEPT,U.S. Senate,,REP,Dale Shelton Deas Jr.,0
Monroe,0022 GOODWAY FIRE DEPT,U.S. Senate,,REP,Jared Hudson,25
Monroe,0022 GOODWAY FIRE DEPT,U.S. Senate,,REP,Morgan Murphy,0
Monroe,0022 GOODWAY FIRE DEPT,U.S. Senate,,REP,Rodney Walker,3
Monroe,0022 GOODWAY FIRE DEPT,U.S. Senate,,REP,Seth Burton,2
Monroe,0022 GOODWAY FIRE DEPT,U.S. Senate,,REP,Steve Marshall,35
Monroe,0023 URIAH FIRE DEPT,Proposed Statewide Amendment 1,,,No,18
Monroe,0023 URIAH FIRE DEPT,Proposed Statewide Amendment 1,,,Yes,212
Monroe,0023 URIAH FIRE DEPT,Proposed Statewide Amendment 2,,,No,98
Monroe,0023 URIAH FIRE DEPT,Proposed Statewide Amendment 2,,,Yes,122
Monroe,0023 URIAH FIRE DEPT,Governor,,DEM,"Chad ""Chig"" Martin",0
Monroe,0023 URIAH FIRE DEPT,Governor,,DEM,Doug Jones,17
Monroe,0023 URIAH FIRE DEPT,Governor,,DEM,Jamel J. Brown,0
Monroe,0023 URIAH FIRE DEPT,Governor,,DEM,"Nathan ""Nate"" Mathis",0
Monroe,0023 URIAH FIRE DEPT,Governor,,DEM,Will Boyd,4
Monroe,0023 URIAH FIRE DEPT,Governor,,DEM,Yolanda Rochelle Flowers,0
Monroe,0023 URIAH FIRE DEPT,Lieutenant Governor,,DEM,Darryl D. Perryman,7
Monroe,0023 URIAH FIRE DEPT,Lieutenant Governor,,DEM,Phillip Ensler,12
Monroe,0023 URIAH FIRE DEPT,"Public Service Commission, Place No. 1",,DEM,James O. Gordon,9
Monroe,0023 URIAH FIRE DEPT,"Public Service Commission, Place No. 1",,DEM,Jeff Ramsey,6
Monroe,0023 URIAH FIRE DEPT,"Public Service Commission, Place No. 1",,DEM,John Northrop,3
Monroe,0023 URIAH FIRE DEPT,U.S. Senate,,DEM,Dakarai Larriett,5
Monroe,0023 URIAH FIRE DEPT,U.S. Senate,,DEM,Everett Wess,8
Monroe,0023 URIAH FIRE DEPT,U.S. Senate,,DEM,Kyle Sweetser,1
Monroe,0023 URIAH FIRE DEPT,U.S. Senate,,DEM,Mark S. Wheeler II,6
Monroe,0023 URIAH FIRE DEPT,Attorney General,,REP,Jay Mitchell,70
Monroe,0023 URIAH FIRE DEPT,Attorney General,,REP,Katherine Robertson,83
Monroe,0023 URIAH FIRE DEPT,Attorney General,,REP,Pamela L. Casey,48
Monroe,0023 URIAH FIRE DEPT,Commissioner of Agriculture and Industries,,REP,Christina Woerner McInnis,64
Monroe,0023 URIAH FIRE DEPT,Commissioner of Agriculture and Industries,,REP,Cory Hill,53
Monroe,0023 URIAH FIRE DEPT,Commissioner of Agriculture and Industries,,REP,Jack Williams,73
Monroe,0023 URIAH FIRE DEPT,Governor,,REP,"""Alabama"" Will Santivasci",10
Monroe,0023 URIAH FIRE DEPT,Governor,,REP,Ken McFeeters,4
Monroe,0023 URIAH FIRE DEPT,Governor,,REP,Thomas Tuberville,201
Monroe,0023 URIAH FIRE DEPT,Lieutenant Governor,,REP,George Childress,5
Monroe,0023 URIAH FIRE DEPT,Lieutenant Governor,,REP,John Wahl,94
Monroe,0023 URIAH FIRE DEPT,Lieutenant Governor,,REP,Nicole Jones Wadsworth,10
Monroe,0023 URIAH FIRE DEPT,Lieutenant Governor,,REP,Pat Bishop,5
Monroe,0023 URIAH FIRE DEPT,Lieutenant Governor,,REP,Rick Pate,18
Monroe,0023 URIAH FIRE DEPT,Lieutenant Governor,,REP,Stewart Hill Tankersley,4
Monroe,0023 URIAH FIRE DEPT,Lieutenant Governor,,REP,Wes Allen,66
Monroe,0023 URIAH FIRE DEPT,"Member, Monroe County Commission, District No. 2",,REP,Calvin Casey,9
Monroe,0023 URIAH FIRE DEPT,"Member, Monroe County Commission, District No. 2",,REP,Justin Dean Sawyer,7
Monroe,0023 URIAH FIRE DEPT,Monroe County Sheriff,,REP,Jeff Dunn,95
Monroe,0023 URIAH FIRE DEPT,Monroe County Sheriff,,REP,Brian Hamilton House,115
Monroe,0023 URIAH FIRE DEPT,"Public Service Commission, Place No. 1",,REP,Jeremy H. Oden,35
Monroe,0023 URIAH FIRE DEPT,"Public Service Commission, Place No. 1",,REP,Matt Gentry,151
Monroe,0023 URIAH FIRE DEPT,"Public Service Commission, Place No. 2",,REP,Brent Woodall,35
Monroe,0023 URIAH FIRE DEPT,"Public Service Commission, Place No. 2",,REP,Chris Beeker,42
Monroe,0023 URIAH FIRE DEPT,"Public Service Commission, Place No. 2",,REP,Jim Zig Zeigler,93
Monroe,0023 URIAH FIRE DEPT,"Public Service Commission, Place No. 2",,REP,Priscilla Andrews,16
Monroe,0023 URIAH FIRE DEPT,Secretary of State,,REP,Caroleene Dobson,192
Monroe,0023 URIAH FIRE DEPT,Secretary of State,,REP,Christopher Christian Horn,15
Monroe,0023 URIAH FIRE DEPT,Secretary of State,,REP,Glenda S. Jackson,2
Monroe,0023 URIAH FIRE DEPT,State Auditor,,REP,Andrew Sorrell,115
Monroe,0023 URIAH FIRE DEPT,State Auditor,,REP,Derek Chen,78
Monroe,0023 URIAH FIRE DEPT,State Treasurer,,REP,Steve Lolley,67
Monroe,0023 URIAH FIRE DEPT,State Treasurer,,REP,Young Boozer,125
Monroe,0023 URIAH FIRE DEPT,U.S. Senate,,REP,Barry Moore,68
Monroe,0023 URIAH FIRE DEPT,U.S. Senate,,REP,Dale Shelton Deas Jr.,7
Monroe,0023 URIAH FIRE DEPT,U.S. Senate,,REP,Jared Hudson,36
Monroe,0023 URIAH FIRE DEPT,U.S. Senate,,REP,Morgan Murphy,1
Monroe,0023 URIAH FIRE DEPT,U.S. Senate,,REP,Rodney Walker,6
Monroe,0023 URIAH FIRE DEPT,U.S. Senate,,REP,Seth Burton,4
Monroe,0023 URIAH FIRE DEPT,U.S. Senate,,REP,Steve Marshall,86
Monroe,0024 SHILOH MISSIONARY,Proposed Statewide Amendment 1,,,No,4
Monroe,0024 SHILOH MISSIONARY,Proposed Statewide Amendment 1,,,Yes,29
Monroe,0024 SHILOH MISSIONARY,Proposed Statewide Amendment 2,,,No,3
Monroe,0024 SHILOH MISSIONARY,Proposed Statewide Amendment 2,,,Yes,29
Monroe,0024 SHILOH MISSIONARY,Governor,,DEM,"Chad ""Chig"" Martin",0
Monroe,0024 SHILOH MISSIONARY,Governor,,DEM,Doug Jones,26
Monroe,0024 SHILOH MISSIONARY,Governor,,DEM,Jamel J. Brown,0
Monroe,0024 SHILOH MISSIONARY,Governor,,DEM,"Nathan ""Nate"" Mathis",0
Monroe,0024 SHILOH MISSIONARY,Governor,,DEM,Will Boyd,0
Monroe,0024 SHILOH MISSIONARY,Governor,,DEM,Yolanda Rochelle Flowers,0
Monroe,0024 SHILOH MISSIONARY,Lieutenant Governor,,DEM,Darryl D. Perryman,6
Monroe,0024 SHILOH MISSIONARY,Lieutenant Governor,,DEM,Phillip Ensler,20
Monroe,0024 SHILOH MISSIONARY,"Public Service Commission, Place No. 1",,DEM,James O. Gordon,23
Monroe,0024 SHILOH MISSIONARY,"Public Service Commission, Place No. 1",,DEM,Jeff Ramsey,0
Monroe,0024 SHILOH MISSIONARY,"Public Service Commission, Place No. 1",,DEM,John Northrop,0
Monroe,0024 SHILOH MISSIONARY,U.S. Senate,,DEM,Dakarai Larriett,4
Monroe,0024 SHILOH MISSIONARY,U.S. Senate,,DEM,Everett Wess,18
Monroe,0024 SHILOH MISSIONARY,U.S. Senate,,DEM,Kyle Sweetser,1
Monroe,0024 SHILOH MISSIONARY,U.S. Senate,,DEM,Mark S. Wheeler II,1
Monroe,0024 SHILOH MISSIONARY,Attorney General,,REP,Jay Mitchell,0
Monroe,0024 SHILOH MISSIONARY,Attorney General,,REP,Katherine Robertson,4
Monroe,0024 SHILOH MISSIONARY,Attorney General,,REP,Pamela L. Casey,3
Monroe,0024 SHILOH MISSIONARY,Commissioner of Agriculture and Industries,,REP,Christina Woerner McInnis,2
Monroe,0024 SHILOH MISSIONARY,Commissioner of Agriculture and Industries,,REP,Cory Hill,3
Monroe,0024 SHILOH MISSIONARY,Commissioner of Agriculture and Industries,,REP,Jack Williams,2
Monroe,0024 SHILOH MISSIONARY,Governor,,REP,"""Alabama"" Will Santivasci",0
Monroe,0024 SHILOH MISSIONARY,Governor,,REP,Ken McFeeters,0
Monroe,0024 SHILOH MISSIONARY,Governor,,REP,Thomas Tuberville,8
Monroe,0024 SHILOH MISSIONARY,Lieutenant Governor,,REP,George Childress,0
Monroe,0024 SHILOH MISSIONARY,Lieutenant Governor,,REP,John Wahl,1
Monroe,0024 SHILOH MISSIONARY,Lieutenant Governor,,REP,Nicole Jones Wadsworth,1
Monroe,0024 SHILOH MISSIONARY,Lieutenant Governor,,REP,Pat Bishop,0
Monroe,0024 SHILOH MISSIONARY,Lieutenant Governor,,REP,Rick Pate,1
Monroe,0024 SHILOH MISSIONARY,Lieutenant Governor,,REP,Stewart Hill Tankersley,0
Monroe,0024 SHILOH MISSIONARY,Lieutenant Governor,,REP,Wes Allen,4
Monroe,0024 SHILOH MISSIONARY,"Member, Monroe County Commission, District No. 2",,REP,Calvin Casey,1
Monroe,0024 SHILOH MISSIONARY,"Member, Monroe County Commission, District No. 2",,REP,Justin Dean Sawyer,5
Monroe,0024 SHILOH MISSIONARY,Monroe County Sheriff,,REP,Jeff Dunn,5
Monroe,0024 SHILOH MISSIONARY,Monroe County Sheriff,,REP,Brian Hamilton House,3
Monroe,0024 SHILOH MISSIONARY,"Public Service Commission, Place No. 1",,REP,Jeremy H. Oden,0
Monroe,0024 SHILOH MISSIONARY,"Public Service Commission, Place No. 1",,REP,Matt Gentry,7
Monroe,0024 SHILOH MISSIONARY,"Public Service Commission, Place No. 2",,REP,Brent Woodall,0
Monroe,0024 SHILOH MISSIONARY,"Public Service Commission, Place No. 2",,REP,Chris Beeker,4
Monroe,0024 SHILOH MISSIONARY,"Public Service Commission, Place No. 2",,REP,Jim Zig Zeigler,2
Monroe,0024 SHILOH MISSIONARY,"Public Service Commission, Place No. 2",,REP,Priscilla Andrews,1
Monroe,0024 SHILOH MISSIONARY,Secretary of State,,REP,Caroleene Dobson,7
Monroe,0024 SHILOH MISSIONARY,Secretary of State,,REP,Christopher Christian Horn,0
Monroe,0024 SHILOH MISSIONARY,Secretary of State,,REP,Glenda S. Jackson,1
Monroe,0024 SHILOH MISSIONARY,State Auditor,,REP,Andrew Sorrell,3
Monroe,0024 SHILOH MISSIONARY,State Auditor,,REP,Derek Chen,4
Monroe,0024 SHILOH MISSIONARY,State Treasurer,,REP,Steve Lolley,1
Monroe,0024 SHILOH MISSIONARY,State Treasurer,,REP,Young Boozer,6
Monroe,0024 SHILOH MISSIONARY,U.S. Senate,,REP,Seth Burton,0
Monroe,0024 SHILOH MISSIONARY,U.S. Senate,,REP,Dale Shelton Deas Jr.,0
Monroe,0024 SHILOH MISSIONARY,U.S. Senate,,REP,Jared Hudson,1
Monroe,0024 SHILOH MISSIONARY,U.S. Senate,,REP,Steve Marshall,5
Monroe,0024 SHILOH MISSIONARY,U.S. Senate,,REP,Barry Moore,1
Monroe,0024 SHILOH MISSIONARY,U.S. Senate,,REP,Morgan Murphy,0
Monroe,0024 SHILOH MISSIONARY,U.S. Senate,,REP,Rodney Walker,1
Monroe,0025 OAK GROVE BAPT CHURCH,Proposed Statewide Amendment 1,,,No,2
Monroe,0025 OAK GROVE BAPT CHURCH,Proposed Statewide Amendment 1,,,Yes,47
Monroe,0025 OAK GROVE BAPT CHURCH,Proposed Statewide Amendment 2,,,No,17
Monroe,0025 OAK GROVE BAPT CHURCH,Proposed Statewide Amendment 2,,,Yes,31
Monroe,0025 OAK GROVE BAPT CHURCH,Governor,,DEM,"Chad ""Chig"" Martin",1
Monroe,0025 OAK GROVE BAPT CHURCH,Governor,,DEM,Doug Jones,2
Monroe,0025 OAK GROVE BAPT CHURCH,Governor,,DEM,Jamel J. Brown,0
Monroe,0025 OAK GROVE BAPT CHURCH,Governor,,DEM,"Nathan ""Nate"" Mathis",0
Monroe,0025 OAK GROVE BAPT CHURCH,Governor,,DEM,Will Boyd,1
Monroe,0025 OAK GROVE BAPT CHURCH,Governor,,DEM,Yolanda Rochelle Flowers,0
Monroe,0025 OAK GROVE BAPT CHURCH,Lieutenant Governor,,DEM,Darryl D. Perryman,2
Monroe,0025 OAK GROVE BAPT CHURCH,Lieutenant Governor,,DEM,Phillip Ensler,2
Monroe,0025 OAK GROVE BAPT CHURCH,"Public Service Commission, Place No. 1",,DEM,James O. Gordon,2
Monroe,0025 OAK GROVE BAPT CHURCH,"Public Service Commission, Place No. 1",,DEM,Jeff Ramsey,1
Monroe,0025 OAK GROVE BAPT CHURCH,"Public Service Commission, Place No. 1",,DEM,John Northrop,1
Monroe,0025 OAK GROVE BAPT CHURCH,U.S. Senate,,DEM,Dakarai Larriett,0
Monroe,0025 OAK GROVE BAPT CHURCH,U.S. Senate,,DEM,Everett Wess,2
Monroe,0025 OAK GROVE BAPT CHURCH,U.S. Senate,,DEM,Kyle Sweetser,1
Monroe,0025 OAK GROVE BAPT CHURCH,U.S. Senate,,DEM,Mark S. Wheeler II,1
Monroe,0025 OAK GROVE BAPT CHURCH,Attorney General,,REP,Jay Mitchell,13
Monroe,0025 OAK GROVE BAPT CHURCH,Attorney General,,REP,Katherine Robertson,19
Monroe,0025 OAK GROVE BAPT CHURCH,Attorney General,,REP,Pamela L. Casey,9
Monroe,0025 OAK GROVE BAPT CHURCH,Commissioner of Agriculture and Industries,,REP,Christina Woerner McInnis,10
Monroe,0025 OAK GROVE BAPT CHURCH,Commissioner of Agriculture and Industries,,REP,Cory Hill,17
Monroe,0025 OAK GROVE BAPT CHURCH,Commissioner of Agriculture and Industries,,REP,Jack Williams,10
Monroe,0025 OAK GROVE BAPT CHURCH,Governor,,REP,"""Alabama"" Will Santivasci",2
Monroe,0025 OAK GROVE BAPT CHURCH,Governor,,REP,Ken McFeeters,3
Monroe,0025 OAK GROVE BAPT CHURCH,Governor,,REP,Thomas Tuberville,43
Monroe,0025 OAK GROVE BAPT CHURCH,Lieutenant Governor,,REP,George Childress,0
Monroe,0025 OAK GROVE BAPT CHURCH,Lieutenant Governor,,REP,John Wahl,20
Monroe,0025 OAK GROVE BAPT CHURCH,Lieutenant Governor,,REP,Nicole Jones Wadsworth,3
Monroe,0025 OAK GROVE BAPT CHURCH,Lieutenant Governor,,REP,Pat Bishop,2
Monroe,0025 OAK GROVE BAPT CHURCH,Lieutenant Governor,,REP,Rick Pate,5
Monroe,0025 OAK GROVE BAPT CHURCH,Lieutenant Governor,,REP,Stewart Hill Tankersley,0
Monroe,0025 OAK GROVE BAPT CHURCH,Lieutenant Governor,,REP,Wes Allen,10
Monroe,0025 OAK GROVE BAPT CHURCH,"Member, Monroe County Commission, District No. 2",,REP,Calvin Casey,12
Monroe,0025 OAK GROVE BAPT CHURCH,"Member, Monroe County Commission, District No. 2",,REP,Justin Dean Sawyer,37
Monroe,0025 OAK GROVE BAPT CHURCH,Monroe County Sheriff,,REP,Jeff Dunn,8
Monroe,0025 OAK GROVE BAPT CHURCH,Monroe County Sheriff,,REP,Brian Hamilton House,41
Monroe,0025 OAK GROVE BAPT CHURCH,"Public Service Commission, Place No. 1",,REP,Jeremy H. Oden,6
Monroe,0025 OAK GROVE BAPT CHURCH,"Public Service Commission, Place No. 1",,REP,Matt Gentry,27
Monroe,0025 OAK GROVE BAPT CHURCH,"Public Service Commission, Place No. 2",,REP,Brent Woodall,7
Monroe,0025 OAK GROVE BAPT CHURCH,"Public Service Commission, Place No. 2",,REP,Chris Beeker,6
Monroe,0025 OAK GROVE BAPT CHURCH,"Public Service Commission, Place No. 2",,REP,Jim Zig Zeigler,23
Monroe,0025 OAK GROVE BAPT CHURCH,"Public Service Commission, Place No. 2",,REP,Priscilla Andrews,5
Monroe,0025 OAK GROVE BAPT CHURCH,Secretary of State,,REP,Caroleene Dobson,38
Monroe,0025 OAK GROVE BAPT CHURCH,Secretary of State,,REP,Christopher Christian Horn,8
Monroe,0025 OAK GROVE BAPT CHURCH,Secretary of State,,REP,Glenda S. Jackson,1
Monroe,0025 OAK GROVE BAPT CHURCH,State Auditor,,REP,Andrew Sorrell,23
Monroe,0025 OAK GROVE BAPT CHURCH,State Auditor,,REP,Derek Chen,14
Monroe,0025 OAK GROVE BAPT CHURCH,State Treasurer,,REP,Steve Lolley,17
Monroe,0025 OAK GROVE BAPT CHURCH,State Treasurer,,REP,Young Boozer,22
Monroe,0025 OAK GROVE BAPT CHURCH,U.S. Senate,,REP,Barry Moore,28
Monroe,0025 OAK GROVE BAPT CHURCH,U.S. Senate,,REP,Dale Shelton Deas Jr.,2
Monroe,0025 OAK GROVE BAPT CHURCH,U.S. Senate,,REP,Jared Hudson,5
Monroe,0025 OAK GROVE BAPT CHURCH,U.S. Senate,,REP,Morgan Murphy,0
Monroe,0025 OAK GROVE BAPT CHURCH,U.S. Senate,,REP,Rodney Walker,1
Monroe,0025 OAK GROVE BAPT CHURCH,U.S. Senate,,REP,Seth Burton,2
Monroe,0025 OAK GROVE BAPT CHURCH,U.S. Senate,,REP,Steve Marshall,7
Monroe,0026 FRISCO BAPT CHURCH,Proposed Statewide Amendment 1,,,No,55
Monroe,0026 FRISCO BAPT CHURCH,Proposed Statewide Amendment 1,,,Yes,265
Monroe,0026 FRISCO BAPT CHURCH,Proposed Statewide Amendment 2,,,No,93
Monroe,0026 FRISCO BAPT CHURCH,Proposed Statewide Amendment 2,,,Yes,219
Monroe,0026 FRISCO BAPT CHURCH,Governor,,DEM,"Chad ""Chig"" Martin",4
Monroe,0026 FRISCO BAPT CHURCH,Governor,,DEM,Doug Jones,138
Monroe,0026 FRISCO BAPT CHURCH,Governor,,DEM,Jamel J. Brown,20
Monroe,0026 FRISCO BAPT CHURCH,Governor,,DEM,"Nathan ""Nate"" Mathis",2
Monroe,0026 FRISCO BAPT CHURCH,Governor,,DEM,Will Boyd,5
Monroe,0026 FRISCO BAPT CHURCH,Governor,,DEM,Yolanda Rochelle Flowers,13
Monroe,0026 FRISCO BAPT CHURCH,Lieutenant Governor,,DEM,Darryl D. Perryman,62
Monroe,0026 FRISCO BAPT CHURCH,Lieutenant Governor,,DEM,Phillip Ensler,107
Monroe,0026 FRISCO BAPT CHURCH,"Public Service Commission, Place No. 1",,DEM,James O. Gordon,130
Monroe,0026 FRISCO BAPT CHURCH,"Public Service Commission, Place No. 1",,DEM,Jeff Ramsey,28
Monroe,0026 FRISCO BAPT CHURCH,"Public Service Commission, Place No. 1",,DEM,John Northrop,14
Monroe,0026 FRISCO BAPT CHURCH,U.S. Senate,,DEM,Dakarai Larriett,29
Monroe,0026 FRISCO BAPT CHURCH,U.S. Senate,,DEM,Everett Wess,105
Monroe,0026 FRISCO BAPT CHURCH,U.S. Senate,,DEM,Kyle Sweetser,14
Monroe,0026 FRISCO BAPT CHURCH,U.S. Senate,,DEM,Mark S. Wheeler II,23
Monroe,0026 FRISCO BAPT CHURCH,Attorney General,,REP,Jay Mitchell,56
Monroe,0026 FRISCO BAPT CHURCH,Attorney General,,REP,Katherine Robertson,52
Monroe,0026 FRISCO BAPT CHURCH,Attorney General,,REP,Pamela L. Casey,35
Monroe,0026 FRISCO BAPT CHURCH,Commissioner of Agriculture and Industries,,REP,Christina Woerner McInnis,61
Monroe,0026 FRISCO BAPT CHURCH,Commissioner of Agriculture and Industries,,REP,Cory Hill,25
Monroe,0026 FRISCO BAPT CHURCH,Commissioner of Agriculture and Industries,,REP,Jack Williams,55
Monroe,0026 FRISCO BAPT CHURCH,Governor,,REP,"""Alabama"" Will Santivasci",12
Monroe,0026 FRISCO BAPT CHURCH,Governor,,REP,Ken McFeeters,15
Monroe,0026 FRISCO BAPT CHURCH,Governor,,REP,Thomas Tuberville,120
Monroe,0026 FRISCO BAPT CHURCH,Lieutenant Governor,,REP,George Childress,3
Monroe,0026 FRISCO BAPT CHURCH,Lieutenant Governor,,REP,John Wahl,70
Monroe,0026 FRISCO BAPT CHURCH,Lieutenant Governor,,REP,Nicole Jones Wadsworth,8
Monroe,0026 FRISCO BAPT CHURCH,Lieutenant Governor,,REP,Pat Bishop,11
Monroe,0026 FRISCO BAPT CHURCH,Lieutenant Governor,,REP,Rick Pate,10
Monroe,0026 FRISCO BAPT CHURCH,Lieutenant Governor,,REP,Stewart Hill Tankersley,3
Monroe,0026 FRISCO BAPT CHURCH,Lieutenant Governor,,REP,Wes Allen,41
Monroe,0026 FRISCO BAPT CHURCH,"Member, Monroe County Commission, District No. 2",,REP,Calvin Casey,49
Monroe,0026 FRISCO BAPT CHURCH,"Member, Monroe County Commission, District No. 2",,REP,Justin Dean Sawyer,69
Monroe,0026 FRISCO BAPT CHURCH,Monroe County Sheriff,,REP,Jeff Dunn,47
Monroe,0026 FRISCO BAPT CHURCH,Monroe County Sheriff,,REP,Brian Hamilton House,105
Monroe,0026 FRISCO BAPT CHURCH,"Public Service Commission, Place No. 1",,REP,Jeremy H. Oden,37
Monroe,0026 FRISCO BAPT CHURCH,"Public Service Commission, Place No. 1",,REP,Matt Gentry,98
Monroe,0026 FRISCO BAPT CHURCH,"Public Service Commission, Place No. 2",,REP,Brent Woodall,22
Monroe,0026 FRISCO BAPT CHURCH,"Public Service Commission, Place No. 2",,REP,Chris Beeker,22
Monroe,0026 FRISCO BAPT CHURCH,"Public Service Commission, Place No. 2",,REP,Jim Zig Zeigler,75
Monroe,0026 FRISCO BAPT CHURCH,"Public Service Commission, Place No. 2",,REP,Priscilla Andrews,20
Monroe,0026 FRISCO BAPT CHURCH,Secretary of State,,REP,Caroleene Dobson,123
Monroe,0026 FRISCO BAPT CHURCH,Secretary of State,,REP,Christopher Christian Horn,16
Monroe,0026 FRISCO BAPT CHURCH,Secretary of State,,REP,Glenda S. Jackson,10
Monroe,0026 FRISCO BAPT CHURCH,State Auditor,,REP,Andrew Sorrell,88
Monroe,0026 FRISCO BAPT CHURCH,State Auditor,,REP,Derek Chen,49
Monroe,0026 FRISCO BAPT CHURCH,State Treasurer,,REP,Steve Lolley,43
Monroe,0026 FRISCO BAPT CHURCH,State Treasurer,,REP,Young Boozer,95
Monroe,0026 FRISCO BAPT CHURCH,U.S. Senate,,REP,Barry Moore,68
Monroe,0026 FRISCO BAPT CHURCH,U.S. Senate,,REP,Dale Shelton Deas Jr.,6
Monroe,0026 FRISCO BAPT CHURCH,U.S. Senate,,REP,Jared Hudson,18
Monroe,0026 FRISCO BAPT CHURCH,U.S. Senate,,REP,Morgan Murphy,3
Monroe,0026 FRISCO BAPT CHURCH,U.S. Senate,,REP,Rodney Walker,7
Monroe,0026 FRISCO BAPT CHURCH,U.S. Senate,,REP,Seth Burton,6
Monroe,0026 FRISCO BAPT CHURCH,U.S. Senate,,REP,Steve Marshall,38
Monroe,0027 EXCEL ASSEM OF GOD,Proposed Statewide Amendment 1,,,No,35
Monroe,0027 EXCEL ASSEM OF GOD,Proposed Statewide Amendment 1,,,Yes,464
Monroe,0027 EXCEL ASSEM OF GOD,Proposed Statewide Amendment 2,,,No,177
Monroe,0027 EXCEL ASSEM OF GOD,Proposed Statewide Amendment 2,,,Yes,306
Monroe,0027 EXCEL ASSEM OF GOD,Governor,,DEM,"Chad ""Chig"" Martin",3
Monroe,0027 EXCEL ASSEM OF GOD,Governor,,DEM,Doug Jones,47
Monroe,0027 EXCEL ASSEM OF GOD,Governor,,DEM,Jamel J. Brown,8
Monroe,0027 EXCEL ASSEM OF GOD,Governor,,DEM,"Nathan ""Nate"" Mathis",1
Monroe,0027 EXCEL ASSEM OF GOD,Governor,,DEM,Will Boyd,8
Monroe,0027 EXCEL ASSEM OF GOD,Governor,,DEM,Yolanda Rochelle Flowers,1
Monroe,0027 EXCEL ASSEM OF GOD,Lieutenant Governor,,DEM,Darryl D. Perryman,36
Monroe,0027 EXCEL ASSEM OF GOD,Lieutenant Governor,,DEM,Phillip Ensler,29
Monroe,0027 EXCEL ASSEM OF GOD,"Public Service Commission, Place No. 1",,DEM,James O. Gordon,38
Monroe,0027 EXCEL ASSEM OF GOD,"Public Service Commission, Place No. 1",,DEM,Jeff Ramsey,19
Monroe,0027 EXCEL ASSEM OF GOD,"Public Service Commission, Place No. 1",,DEM,John Northrop,8
Monroe,0027 EXCEL ASSEM OF GOD,U.S. Senate,,DEM,Dakarai Larriett,20
Monroe,0027 EXCEL ASSEM OF GOD,U.S. Senate,,DEM,Everett Wess,23
Monroe,0027 EXCEL ASSEM OF GOD,U.S. Senate,,DEM,Kyle Sweetser,6
Monroe,0027 EXCEL ASSEM OF GOD,U.S. Senate,,DEM,Mark S. Wheeler II,16
Monroe,0027 EXCEL ASSEM OF GOD,Attorney General,,REP,Jay Mitchell,131
Monroe,0027 EXCEL ASSEM OF GOD,Attorney General,,REP,Katherine Robertson,153
Monroe,0027 EXCEL ASSEM OF GOD,Attorney General,,REP,Pamela L. Casey,120
Monroe,0027 EXCEL ASSEM OF GOD,Commissioner of Agriculture and Industries,,REP,Christina Woerner McInnis,161
Monroe,0027 EXCEL ASSEM OF GOD,Commissioner of Agriculture and Industries,,REP,Cory Hill,124
Monroe,0027 EXCEL ASSEM OF GOD,Commissioner of Agriculture and Industries,,REP,Jack Williams,118
Monroe,0027 EXCEL ASSEM OF GOD,Governor,,REP,"""Alabama"" Will Santivasci",20
Monroe,0027 EXCEL ASSEM OF GOD,Governor,,REP,Ken McFeeters,15
Monroe,0027 EXCEL ASSEM OF GOD,Governor,,REP,Thomas Tuberville,391
Monroe,0027 EXCEL ASSEM OF GOD,Lieutenant Governor,,REP,George Childress,15
Monroe,0027 EXCEL ASSEM OF GOD,Lieutenant Governor,,REP,John Wahl,156
Monroe,0027 EXCEL ASSEM OF GOD,Lieutenant Governor,,REP,Nicole Jones Wadsworth,16
Monroe,0027 EXCEL ASSEM OF GOD,Lieutenant Governor,,REP,Pat Bishop,25
Monroe,0027 EXCEL ASSEM OF GOD,Lieutenant Governor,,REP,Rick Pate,32
Monroe,0027 EXCEL ASSEM OF GOD,Lieutenant Governor,,REP,Stewart Hill Tankersley,6
Monroe,0027 EXCEL ASSEM OF GOD,Lieutenant Governor,,REP,Wes Allen,161
Monroe,0027 EXCEL ASSEM OF GOD,"Member, Monroe County Commission, District No. 2",,REP,Calvin Casey,17
Monroe,0027 EXCEL ASSEM OF GOD,"Member, Monroe County Commission, District No. 2",,REP,Justin Dean Sawyer,19
Monroe,0027 EXCEL ASSEM OF GOD,Monroe County Sheriff,,REP,Jeff Dunn,73
Monroe,0027 EXCEL ASSEM OF GOD,Monroe County Sheriff,,REP,Brian Hamilton House,357
Monroe,0027 EXCEL ASSEM OF GOD,"Public Service Commission, Place No. 1",,REP,Jeremy H. Oden,56
Monroe,0027 EXCEL ASSEM OF GOD,"Public Service Commission, Place No. 1",,REP,Matt Gentry,334
Monroe,0027 EXCEL ASSEM OF GOD,"Public Service Commission, Place No. 2",,REP,Brent Woodall,71
Monroe,0027 EXCEL ASSEM OF GOD,"Public Service Commission, Place No. 2",,REP,Chris Beeker,91
Monroe,0027 EXCEL ASSEM OF GOD,"Public Service Commission, Place No. 2",,REP,Jim Zig Zeigler,190
Monroe,0027 EXCEL ASSEM OF GOD,"Public Service Commission, Place No. 2",,REP,Priscilla Andrews,41
Monroe,0027 EXCEL ASSEM OF GOD,Secretary of State,,REP,Caroleene Dobson,374
Monroe,0027 EXCEL ASSEM OF GOD,Secretary of State,,REP,Christopher Christian Horn,36
Monroe,0027 EXCEL ASSEM OF GOD,Secretary of State,,REP,Glenda S. Jackson,9
Monroe,0027 EXCEL ASSEM OF GOD,State Auditor,,REP,Andrew Sorrell,241
Monroe,0027 EXCEL ASSEM OF GOD,State Auditor,,REP,Derek Chen,154
Monroe,0027 EXCEL ASSEM OF GOD,State Treasurer,,REP,Steve Lolley,120
Monroe,0027 EXCEL ASSEM OF GOD,State Treasurer,,REP,Young Boozer,282
Monroe,0027 EXCEL ASSEM OF GOD,U.S. Senate,,REP,Barry Moore,158
Monroe,0027 EXCEL ASSEM OF GOD,U.S. Senate,,REP,Dale Shelton Deas Jr.,10
Monroe,0027 EXCEL ASSEM OF GOD,U.S. Senate,,REP,Jared Hudson,80
Monroe,0027 EXCEL ASSEM OF GOD,U.S. Senate,,REP,Morgan Murphy,13
Monroe,0027 EXCEL ASSEM OF GOD,U.S. Senate,,REP,Rodney Walker,14
Monroe,0027 EXCEL ASSEM OF GOD,U.S. Senate,,REP,Seth Burton,17
Monroe,0027 EXCEL ASSEM OF GOD,U.S. Senate,,REP,Steve Marshall,121
Monroe,0028 COLEMAN ASSEM OF GOD,Proposed Statewide Amendment 1,,,No,7
Monroe,0028 COLEMAN ASSEM OF GOD,Proposed Statewide Amendment 1,,,Yes,68
Monroe,0028 COLEMAN ASSEM OF GOD,Proposed Statewide Amendment 2,,,No,30
Monroe,0028 COLEMAN ASSEM OF GOD,Proposed Statewide Amendment 2,,,Yes,43
Monroe,0028 COLEMAN ASSEM OF GOD,Governor,,DEM,"Chad ""Chig"" Martin",0
Monroe,0028 COLEMAN ASSEM OF GOD,Governor,,DEM,Doug Jones,1
Monroe,0028 COLEMAN ASSEM OF GOD,Governor,,DEM,Jamel J. Brown,0
Monroe,0028 COLEMAN ASSEM OF GOD,Governor,,DEM,"Nathan ""Nate"" Mathis",0
Monroe,0028 COLEMAN ASSEM OF GOD,Governor,,DEM,Will Boyd,2
Monroe,0028 COLEMAN ASSEM OF GOD,Governor,,DEM,Yolanda Rochelle Flowers,0
Monroe,0028 COLEMAN ASSEM OF GOD,Lieutenant Governor,,DEM,Darryl D. Perryman,3
Monroe,0028 COLEMAN ASSEM OF GOD,Lieutenant Governor,,DEM,Phillip Ensler,0
Monroe,0028 COLEMAN ASSEM OF GOD,"Public Service Commission, Place No. 1",,DEM,James O. Gordon,2
Monroe,0028 COLEMAN ASSEM OF GOD,"Public Service Commission, Place No. 1",,DEM,Jeff Ramsey,0
Monroe,0028 COLEMAN ASSEM OF GOD,"Public Service Commission, Place No. 1",,DEM,John Northrop,1
Monroe,0028 COLEMAN ASSEM OF GOD,U.S. Senate,,DEM,Dakarai Larriett,1
Monroe,0028 COLEMAN ASSEM OF GOD,U.S. Senate,,DEM,Everett Wess,1
Monroe,0028 COLEMAN ASSEM OF GOD,U.S. Senate,,DEM,Kyle Sweetser,1
Monroe,0028 COLEMAN ASSEM OF GOD,U.S. Senate,,DEM,Mark S. Wheeler II,0
Monroe,0028 COLEMAN ASSEM OF GOD,Attorney General,,REP,Jay Mitchell,29
Monroe,0028 COLEMAN ASSEM OF GOD,Attorney General,,REP,Katherine Robertson,26
Monroe,0028 COLEMAN ASSEM OF GOD,Attorney General,,REP,Pamela L. Casey,16
Monroe,0028 COLEMAN ASSEM OF GOD,Commissioner of Agriculture and Industries,,REP,Christina Woerner McInnis,28
Monroe,0028 COLEMAN ASSEM OF GOD,Commissioner of Agriculture and Industries,,REP,Cory Hill,20
Monroe,0028 COLEMAN ASSEM OF GOD,Commissioner of Agriculture and Industries,,REP,Jack Williams,14
Monroe,0028 COLEMAN ASSEM OF GOD,Governor,,REP,"""Alabama"" Will Santivasci",1
Monroe,0028 COLEMAN ASSEM OF GOD,Governor,,REP,Ken McFeeters,1
Monroe,0028 COLEMAN ASSEM OF GOD,Governor,,REP,Thomas Tuberville,71
Monroe,0028 COLEMAN ASSEM OF GOD,Lieutenant Governor,,REP,George Childress,1
Monroe,0028 COLEMAN ASSEM OF GOD,Lieutenant Governor,,REP,John Wahl,36
Monroe,0028 COLEMAN ASSEM OF GOD,Lieutenant Governor,,REP,Nicole Jones Wadsworth,2
Monroe,0028 COLEMAN ASSEM OF GOD,Lieutenant Governor,,REP,Pat Bishop,2
Monroe,0028 COLEMAN ASSEM OF GOD,Lieutenant Governor,,REP,Rick Pate,4
Monroe,0028 COLEMAN ASSEM OF GOD,Lieutenant Governor,,REP,Stewart Hill Tankersley,0
Monroe,0028 COLEMAN ASSEM OF GOD,Lieutenant Governor,,REP,Wes Allen,19
Monroe,0028 COLEMAN ASSEM OF GOD,Monroe County Sheriff,,REP,Jeff Dunn,15
Monroe,0028 COLEMAN ASSEM OF GOD,Monroe County Sheriff,,REP,Brian Hamilton House,62
Monroe,0028 COLEMAN ASSEM OF GOD,"Public Service Commission, Place No. 1",,REP,Jeremy H. Oden,6
Monroe,0028 COLEMAN ASSEM OF GOD,"Public Service Commission, Place No. 1",,REP,Matt Gentry,58
Monroe,0028 COLEMAN ASSEM OF GOD,"Public Service Commission, Place No. 2",,REP,Brent Woodall,19
Monroe,0028 COLEMAN ASSEM OF GOD,"Public Service Commission, Place No. 2",,REP,Chris Beeker,11
Monroe,0028 COLEMAN ASSEM OF GOD,"Public Service Commission, Place No. 2",,REP,Jim Zig Zeigler,27
Monroe,0028 COLEMAN ASSEM OF GOD,"Public Service Commission, Place No. 2",,REP,Priscilla Andrews,4
Monroe,0028 COLEMAN ASSEM OF GOD,Secretary of State,,REP,Caroleene Dobson,67
Monroe,0028 COLEMAN ASSEM OF GOD,Secretary of State,,REP,Christopher Christian Horn,5
Monroe,0028 COLEMAN ASSEM OF GOD,Secretary of State,,REP,Glenda S. Jackson,1
Monroe,0028 COLEMAN ASSEM OF GOD,State Auditor,,REP,Andrew Sorrell,44
Monroe,0028 COLEMAN ASSEM OF GOD,State Auditor,,REP,Derek Chen,20
Monroe,0028 COLEMAN ASSEM OF GOD,State Treasurer,,REP,Steve Lolley,27
Monroe,0028 COLEMAN ASSEM OF GOD,State Treasurer,,REP,Young Boozer,42
Monroe,0028 COLEMAN ASSEM OF GOD,U.S. Senate,,REP,Barry Moore,25
Monroe,0028 COLEMAN ASSEM OF GOD,U.S. Senate,,REP,Dale Shelton Deas Jr.,2
Monroe,0028 COLEMAN ASSEM OF GOD,U.S. Senate,,REP,Jared Hudson,11
Monroe,0028 COLEMAN ASSEM OF GOD,U.S. Senate,,REP,Morgan Murphy,3
Monroe,0028 COLEMAN ASSEM OF GOD,U.S. Senate,,REP,Rodney Walker,1
Monroe,0028 COLEMAN ASSEM OF GOD,U.S. Senate,,REP,Seth Burton,4
Monroe,0028 COLEMAN ASSEM OF GOD,U.S. Senate,,REP,Steve Marshall,23
Monroe,0029 MEGARGEL ASSEM OF GOD,Proposed Statewide Amendment 1,,,No,1
Monroe,0029 MEGARGEL ASSEM OF GOD,Proposed Statewide Amendment 1,,,Yes,52
Monroe,0029 MEGARGEL ASSEM OF GOD,Proposed Statewide Amendment 2,,,No,16
Monroe,0029 MEGARGEL ASSEM OF GOD,Proposed Statewide Amendment 2,,,Yes,35
Monroe,0029 MEGARGEL ASSEM OF GOD,Governor,,DEM,"Chad ""Chig"" Martin",0
Monroe,0029 MEGARGEL ASSEM OF GOD,Governor,,DEM,Doug Jones,3
Monroe,0029 MEGARGEL ASSEM OF GOD,Governor,,DEM,Jamel J. Brown,1
Monroe,0029 MEGARGEL ASSEM OF GOD,Governor,,DEM,"Nathan ""Nate"" Mathis",0
Monroe,0029 MEGARGEL ASSEM OF GOD,Governor,,DEM,Will Boyd,1
Monroe,0029 MEGARGEL ASSEM OF GOD,Governor,,DEM,Yolanda Rochelle Flowers,0
Monroe,0029 MEGARGEL ASSEM OF GOD,Lieutenant Governor,,DEM,Darryl D. Perryman,0
Monroe,0029 MEGARGEL ASSEM OF GOD,Lieutenant Governor,,DEM,Phillip Ensler,5
Monroe,0029 MEGARGEL ASSEM OF GOD,"Public Service Commission, Place No. 1",,DEM,James O. Gordon,4
Monroe,0029 MEGARGEL ASSEM OF GOD,"Public Service Commission, Place No. 1",,DEM,Jeff Ramsey,1
Monroe,0029 MEGARGEL ASSEM OF GOD,"Public Service Commission, Place No. 1",,DEM,John Northrop,0
Monroe,0029 MEGARGEL ASSEM OF GOD,U.S. Senate,,DEM,Dakarai Larriett,0
Monroe,0029 MEGARGEL ASSEM OF GOD,U.S. Senate,,DEM,Everett Wess,3
Monroe,0029 MEGARGEL ASSEM OF GOD,U.S. Senate,,DEM,Kyle Sweetser,1
Monroe,0029 MEGARGEL ASSEM OF GOD,U.S. Senate,,DEM,Mark S. Wheeler II,1
Monroe,0029 MEGARGEL ASSEM OF GOD,Attorney General,,REP,Jay Mitchell,16
Monroe,0029 MEGARGEL ASSEM OF GOD,Attorney General,,REP,Katherine Robertson,16
Monroe,0029 MEGARGEL ASSEM OF GOD,Attorney General,,REP,Pamela L. Casey,14
Monroe,0029 MEGARGEL ASSEM OF GOD,Commissioner of Agriculture and Industries,,REP,Christina Woerner McInnis,28
Monroe,0029 MEGARGEL ASSEM OF GOD,Commissioner of Agriculture and Industries,,REP,Cory Hill,13
Monroe,0029 MEGARGEL ASSEM OF GOD,Commissioner of Agriculture and Industries,,REP,Jack Williams,5
Monroe,0029 MEGARGEL ASSEM OF GOD,Governor,,REP,"""Alabama"" Will Santivasci",5
Monroe,0029 MEGARGEL ASSEM OF GOD,Governor,,REP,Ken McFeeters,2
Monroe,0029 MEGARGEL ASSEM OF GOD,Governor,,REP,Thomas Tuberville,40
Monroe,0029 MEGARGEL ASSEM OF GOD,Lieutenant Governor,,REP,George Childress,1
Monroe,0029 MEGARGEL ASSEM OF GOD,Lieutenant Governor,,REP,John Wahl,20
Monroe,0029 MEGARGEL ASSEM OF GOD,Lieutenant Governor,,REP,Nicole Jones Wadsworth,1
Monroe,0029 MEGARGEL ASSEM OF GOD,Lieutenant Governor,,REP,Pat Bishop,2
Monroe,0029 MEGARGEL ASSEM OF GOD,Lieutenant Governor,,REP,Rick Pate,4
Monroe,0029 MEGARGEL ASSEM OF GOD,Lieutenant Governor,,REP,Stewart Hill Tankersley,1
Monroe,0029 MEGARGEL ASSEM OF GOD,Lieutenant Governor,,REP,Wes Allen,17
Monroe,0029 MEGARGEL ASSEM OF GOD,"Member, Monroe County Commission, District No. 2",,REP,Calvin Casey,22
Monroe,0029 MEGARGEL ASSEM OF GOD,"Member, Monroe County Commission, District No. 2",,REP,Justin Dean Sawyer,18
Monroe,0029 MEGARGEL ASSEM OF GOD,Monroe County Sheriff,,REP,Jeff Dunn,7
Monroe,0029 MEGARGEL ASSEM OF GOD,Monroe County Sheriff,,REP,Brian Hamilton House,38
Monroe,0029 MEGARGEL ASSEM OF GOD,"Public Service Commission, Place No. 1",,REP,Jeremy H. Oden,5
Monroe,0029 MEGARGEL ASSEM OF GOD,"Public Service Commission, Place No. 1",,REP,Matt Gentry,38
Monroe,0029 MEGARGEL ASSEM OF GOD,"Public Service Commission, Place No. 2",,REP,Brent Woodall,8
Monroe,0029 MEGARGEL ASSEM OF GOD,"Public Service Commission, Place No. 2",,REP,Chris Beeker,17
Monroe,0029 MEGARGEL ASSEM OF GOD,"Public Service Commission, Place No. 2",,REP,Jim Zig Zeigler,17
Monroe,0029 MEGARGEL ASSEM OF GOD,"Public Service Commission, Place No. 2",,REP,Priscilla Andrews,3
Monroe,0029 MEGARGEL ASSEM OF GOD,Secretary of State,,REP,Caroleene Dobson,39
Monroe,0029 MEGARGEL ASSEM OF GOD,Secretary of State,,REP,Christopher Christian Horn,7
Monroe,0029 MEGARGEL ASSEM OF GOD,Secretary of State,,REP,Glenda S. Jackson,1
Monroe,0029 MEGARGEL ASSEM OF GOD,State Auditor,,REP,Andrew Sorrell,32
Monroe,0029 MEGARGEL ASSEM OF GOD,State Auditor,,REP,Derek Chen,12
Monroe,0029 MEGARGEL ASSEM OF GOD,State Treasurer,,REP,Steve Lolley,16
Monroe,0029 MEGARGEL ASSEM OF GOD,State Treasurer,,REP,Young Boozer,29
Monroe,0029 MEGARGEL ASSEM OF GOD,U.S. Senate,,REP,Barry Moore,21
Monroe,0029 MEGARGEL ASSEM OF GOD,U.S. Senate,,REP,Dale Shelton Deas Jr.,1
Monroe,0029 MEGARGEL ASSEM OF GOD,U.S. Senate,,REP,Jared Hudson,6
Monroe,0029 MEGARGEL ASSEM OF GOD,U.S. Senate,,REP,Morgan Murphy,0
Monroe,0029 MEGARGEL ASSEM OF GOD,U.S. Senate,,REP,Rodney Walker,1
Monroe,0029 MEGARGEL ASSEM OF GOD,U.S. Senate,,REP,Seth Burton,6
Monroe,0029 MEGARGEL ASSEM OF GOD,U.S. Senate,,REP,Steve Marshall,10
Monroe,0031 PROVISIONAL,Proposed Statewide Amendment 1,,,No,0
Monroe,0031 PROVISIONAL,Proposed Statewide Amendment 1,,,Yes,2
Monroe,0031 PROVISIONAL,Proposed Statewide Amendment 2,,,No,1
Monroe,0031 PROVISIONAL,Proposed Statewide Amendment 2,,,Yes,1
Monroe,0031 PROVISIONAL,Governor,,DEM,"Chad ""Chig"" Martin",0
Monroe,0031 PROVISIONAL,Governor,,DEM,Doug Jones,1
Monroe,0031 PROVISIONAL,Governor,,DEM,Jamel J. Brown,0
Monroe,0031 PROVISIONAL,Governor,,DEM,"Nathan ""Nate"" Mathis",0
Monroe,0031 PROVISIONAL,Governor,,DEM,Will Boyd,0
Monroe,0031 PROVISIONAL,Governor,,DEM,Yolanda Rochelle Flowers,0
Monroe,0031 PROVISIONAL,Lieutenant Governor,,DEM,Darryl D. Perryman,0
Monroe,0031 PROVISIONAL,Lieutenant Governor,,DEM,Phillip Ensler,0
Monroe,0031 PROVISIONAL,"Public Service Commission, Place No. 1",,DEM,James O. Gordon,0
Monroe,0031 PROVISIONAL,"Public Service Commission, Place No. 1",,DEM,Jeff Ramsey,1
Monroe,0031 PROVISIONAL,"Public Service Commission, Place No. 1",,DEM,John Northrop,0
Monroe,0031 PROVISIONAL,U.S. Senate,,DEM,Dakarai Larriett,0
Monroe,0031 PROVISIONAL,U.S. Senate,,DEM,Everett Wess,0
Monroe,0031 PROVISIONAL,U.S. Senate,,DEM,Kyle Sweetser,0
Monroe,0031 PROVISIONAL,U.S. Senate,,DEM,Mark S. Wheeler II,1
Monroe,0031 PROVISIONAL,Attorney General,,REP,Jay Mitchell,0
Monroe,0031 PROVISIONAL,Attorney General,,REP,Katherine Robertson,0
Monroe,0031 PROVISIONAL,Attorney General,,REP,Pamela L. Casey,1
Monroe,0031 PROVISIONAL,Commissioner of Agriculture and Industries,,REP,Christina Woerner McInnis,1
Monroe,0031 PROVISIONAL,Commissioner of Agriculture and Industries,,REP,Cory Hill,0
Monroe,0031 PROVISIONAL,Commissioner of Agriculture and Industries,,REP,Jack Williams,0
Monroe,0031 PROVISIONAL,Governor,,REP,"""Alabama"" Will Santivasci",0
Monroe,0031 PROVISIONAL,Governor,,REP,Ken McFeeters,0
Monroe,0031 PROVISIONAL,Governor,,REP,Thomas Tuberville,1
Monroe,0031 PROVISIONAL,Lieutenant Governor,,REP,George Childress,0
Monroe,0031 PROVISIONAL,Lieutenant Governor,,REP,John Wahl,0
Monroe,0031 PROVISIONAL,Lieutenant Governor,,REP,Nicole Jones Wadsworth,0
Monroe,0031 PROVISIONAL,Lieutenant Governor,,REP,Pat Bishop,0
Monroe,0031 PROVISIONAL,Lieutenant Governor,,REP,Rick Pate,0
Monroe,0031 PROVISIONAL,Lieutenant Governor,,REP,Stewart Hill Tankersley,0
Monroe,0031 PROVISIONAL,Lieutenant Governor,,REP,Wes Allen,1
Monroe,0031 PROVISIONAL,"Member, Monroe County Commission, District No. 2",,REP,Calvin Casey,0
Monroe,0031 PROVISIONAL,"Member, Monroe County Commission, District No. 2",,REP,Justin Dean Sawyer,0
Monroe,0031 PROVISIONAL,Monroe County Sheriff,,REP,Jeff Dunn,0
Monroe,0031 PROVISIONAL,Monroe County Sheriff,,REP,Brian Hamilton House,1
Monroe,0031 PROVISIONAL,"Public Service Commission, Place No. 1",,REP,Jeremy H. Oden,0
Monroe,0031 PROVISIONAL,"Public Service Commission, Place No. 1",,REP,Matt Gentry,1
Monroe,0031 PROVISIONAL,"Public Service Commission, Place No. 2",,REP,Brent Woodall,0
Monroe,0031 PROVISIONAL,"Public Service Commission, Place No. 2",,REP,Chris Beeker,0
Monroe,0031 PROVISIONAL,"Public Service Commission, Place No. 2",,REP,Jim Zig Zeigler,0
Monroe,0031 PROVISIONAL,"Public Service Commission, Place No. 2",,REP,Priscilla Andrews,1
Monroe,0031 PROVISIONAL,Secretary of State,,REP,Caroleene Dobson,1
Monroe,0031 PROVISIONAL,Secretary of State,,REP,Christopher Christian Horn,0
Monroe,0031 PROVISIONAL,Secretary of State,,REP,Glenda S. Jackson,0
Monroe,0031 PROVISIONAL,State Auditor,,REP,Andrew Sorrell,1
Monroe,0031 PROVISIONAL,State Auditor,,REP,Derek Chen,0
Monroe,0031 PROVISIONAL,State Treasurer,,REP,Steve Lolley,1
Monroe,0031 PROVISIONAL,State Treasurer,,REP,Young Boozer,0
Monroe,0031 PROVISIONAL,U.S. Senate,,REP,Barry Moore,1
Monroe,0031 PROVISIONAL,U.S. Senate,,REP,Dale Shelton Deas Jr.,0
Monroe,0031 PROVISIONAL,U.S. Senate,,REP,Jared Hudson,0
Monroe,0031 PROVISIONAL,U.S. Senate,,REP,Morgan Murphy,0
Monroe,0031 PROVISIONAL,U.S. Senate,,REP,Rodney Walker,0
Monroe,0031 PROVISIONAL,U.S. Senate,,REP,Seth Burton,0
Monroe,0031 PROVISIONAL,U.S. Senate,,REP,Steve Marshall,0
Monroe,0032 ABSENTEE,Proposed Statewide Amendment 1,,,No,3
Monroe,0032 ABSENTEE,Proposed Statewide Amendment 1,,,Yes,46
Monroe,0032 ABSENTEE,Proposed Statewide Amendment 2,,,No,16
Monroe,0032 ABSENTEE,Proposed Statewide Amendment 2,,,Yes,30
Monroe,0032 ABSENTEE,Governor,,DEM,"Chad ""Chig"" Martin",0
Monroe,0032 ABSENTEE,Governor,,DEM,Doug Jones,24
Monroe,0032 ABSENTEE,Governor,,DEM,Jamel J. Brown,3
Monroe,0032 ABSENTEE,Governor,,DEM,"Nathan ""Nate"" Mathis",0
Monroe,0032 ABSENTEE,Governor,,DEM,Will Boyd,0
Monroe,0032 ABSENTEE,Governor,,DEM,Yolanda Rochelle Flowers,1
Monroe,0032 ABSENTEE,Lieutenant Governor,,DEM,Darryl D. Perryman,14
Monroe,0032 ABSENTEE,Lieutenant Governor,,DEM,Phillip Ensler,11
Monroe,0032 ABSENTEE,"Public Service Commission, Place No. 1",,DEM,James O. Gordon,16
Monroe,0032 ABSENTEE,"Public Service Commission, Place No. 1",,DEM,Jeff Ramsey,9
Monroe,0032 ABSENTEE,"Public Service Commission, Place No. 1",,DEM,John Northrop,1
Monroe,0032 ABSENTEE,U.S. Senate,,DEM,Dakarai Larriett,6
Monroe,0032 ABSENTEE,U.S. Senate,,DEM,Everett Wess,13
Monroe,0032 ABSENTEE,U.S. Senate,,DEM,Kyle Sweetser,3
Monroe,0032 ABSENTEE,U.S. Senate,,DEM,Mark S. Wheeler II,5
Monroe,0032 ABSENTEE,Attorney General,,REP,Jay Mitchell,1
Monroe,0032 ABSENTEE,Attorney General,,REP,Katherine Robertson,11
Monroe,0032 ABSENTEE,Attorney General,,REP,Pamela L. Casey,10
Monroe,0032 ABSENTEE,Commissioner of Agriculture and Industries,,REP,Christina Woerner McInnis,7
Monroe,0032 ABSENTEE,Commissioner of Agriculture and Industries,,REP,Cory Hill,8
Monroe,0032 ABSENTEE,Commissioner of Agriculture and Industries,,REP,Jack Williams,6
Monroe,0032 ABSENTEE,Governor,,REP,"""Alabama"" Will Santivasci",1
Monroe,0032 ABSENTEE,Governor,,REP,Ken McFeeters,0
Monroe,0032 ABSENTEE,Governor,,REP,Thomas Tuberville,21
Monroe,0032 ABSENTEE,Lieutenant Governor,,REP,George Childress,0
Monroe,0032 ABSENTEE,Lieutenant Governor,,REP,John Wahl,10
Monroe,0032 ABSENTEE,Lieutenant Governor,,REP,Nicole Jones Wadsworth,0
Monroe,0032 ABSENTEE,Lieutenant Governor,,REP,Pat Bishop,1
Monroe,0032 ABSENTEE,Lieutenant Governor,,REP,Rick Pate,2
Monroe,0032 ABSENTEE,Lieutenant Governor,,REP,Stewart Hill Tankersley,0
Monroe,0032 ABSENTEE,Lieutenant Governor,,REP,Wes Allen,8
Monroe,0032 ABSENTEE,"Member, Monroe County Commission, District No. 2",,REP,Calvin Casey,0
Monroe,0032 ABSENTEE,"Member, Monroe County Commission, District No. 2",,REP,Justin Dean Sawyer,7
Monroe,0032 ABSENTEE,Monroe County Sheriff,,REP,Jeff Dunn,6
Monroe,0032 ABSENTEE,Monroe County Sheriff,,REP,Brian Hamilton House,13
Monroe,0032 ABSENTEE,"Public Service Commission, Place No. 1",,REP,Jeremy H. Oden,5
Monroe,0032 ABSENTEE,"Public Service Commission, Place No. 1",,REP,Matt Gentry,14
Monroe,0032 ABSENTEE,"Public Service Commission, Place No. 2",,REP,Brent Woodall,4
Monroe,0032 ABSENTEE,"Public Service Commission, Place No. 2",,REP,Chris Beeker,5
Monroe,0032 ABSENTEE,"Public Service Commission, Place No. 2",,REP,Jim Zig Zeigler,9
Monroe,0032 ABSENTEE,"Public Service Commission, Place No. 2",,REP,Priscilla Andrews,2
Monroe,0032 ABSENTEE,Secretary of State,,REP,Caroleene Dobson,22
Monroe,0032 ABSENTEE,Secretary of State,,REP,Christopher Christian Horn,0
Monroe,0032 ABSENTEE,Secretary of State,,REP,Glenda S. Jackson,0
Monroe,0032 ABSENTEE,State Auditor,,REP,Andrew Sorrell,12
Monroe,0032 ABSENTEE,State Auditor,,REP,Derek Chen,10
Monroe,0032 ABSENTEE,State Treasurer,,REP,Steve Lolley,6
Monroe,0032 ABSENTEE,State Treasurer,,REP,Young Boozer,16
Monroe,0032 ABSENTEE,U.S. Senate,,REP,Barry Moore,5
Monroe,0032 ABSENTEE,U.S. Senate,,REP,Dale Shelton Deas Jr.,2
Monroe,0032 ABSENTEE,U.S. Senate,,REP,Jared Hudson,3
Monroe,0032 ABSENTEE,U.S. Senate,,REP,Morgan Murphy,0
Monroe,0032 ABSENTEE,U.S. Senate,,REP,Rodney Walker,0
Monroe,0032 ABSENTEE,U.S. Senate,,REP,Seth Burton,0
Monroe,0032 ABSENTEE,U.S. Senate,,REP,Steve Marshall,12
