county,precinct,office,district,party,candidate,votes
Cullman,0001 DONALD E. GREEN SR CTR,Proposed Statewide Amendment 1,,,No,140
Cullman,0001 DONALD E. GREEN SR CTR,Proposed Statewide Amendment 1,,,Yes,1272
Cullman,0001 DONALD E. GREEN SR CTR,Proposed Statewide Amendment 2,,,No,646
Cullman,0001 DONALD E. GREEN SR CTR,Proposed Statewide Amendment 2,,,Yes,717
Cullman,0001 DONALD E. GREEN SR CTR,"Public Service Commission, Place No. 1",,DEM,James O. Gordon,42
Cullman,0001 DONALD E. GREEN SR CTR,"Public Service Commission, Place No. 1",,DEM,Jeff Ramsey,41
Cullman,0001 DONALD E. GREEN SR CTR,"Public Service Commission, Place No. 1",,DEM,John Northrop,40
Cullman,0001 DONALD E. GREEN SR CTR,State Democratic Executive Committee,,DEM,Darron Mitchell,0
Cullman,0001 DONALD E. GREEN SR CTR,State Democratic Executive Committee,,DEM,James Kinsman,0
Cullman,0001 DONALD E. GREEN SR CTR,U.S. House,4,DEM,Amanda N. Pusczek,87
Cullman,0001 DONALD E. GREEN SR CTR,U.S. House,4,DEM,Unverified Candidate 3,39
Cullman,0001 DONALD E. GREEN SR CTR,U.S. Senate,,DEM,Dakarai Larriett,33
Cullman,0001 DONALD E. GREEN SR CTR,U.S. Senate,,DEM,Everett Wess,22
Cullman,0001 DONALD E. GREEN SR CTR,U.S. Senate,,DEM,Kyle Sweetser,31
Cullman,0001 DONALD E. GREEN SR CTR,U.S. Senate,,DEM,Mark S. Wheeler II,38
Cullman,0001 DONALD E. GREEN SR CTR,Attorney General,,REP,Jay Mitchell,465
Cullman,0001 DONALD E. GREEN SR CTR,Attorney General,,REP,Katherine Robertson,451
Cullman,0001 DONALD E. GREEN SR CTR,Attorney General,,REP,Pamela L. Casey,320
Cullman,0001 DONALD E. GREEN SR CTR,City of Cullman,,REP,Unverified Candidate 1,326
Cullman,0001 DONALD E. GREEN SR CTR,City of Cullman,,REP,Unverified Candidate 2,612
Cullman,0001 DONALD E. GREEN SR CTR,City of Cullman,,REP,Unverified Candidate 3,583
Cullman,0001 DONALD E. GREEN SR CTR,City of Cullman,,REP,Unverified Candidate 4,541
Cullman,0001 DONALD E. GREEN SR CTR,Commissioner of Agriculture and Industries,,REP,Christina Woerner McInnis,355
Cullman,0001 DONALD E. GREEN SR CTR,Commissioner of Agriculture and Industries,,REP,Cory Hill,424
Cullman,0001 DONALD E. GREEN SR CTR,Commissioner of Agriculture and Industries,,REP,Jack Williams,355
Cullman,0001 DONALD E. GREEN SR CTR,"Cullman County Republican Executive Committee, At La",,REP,Unverified Candidate 1,560
Cullman,0001 DONALD E. GREEN SR CTR,"Cullman County Republican Executive Committee, At La",,REP,Unverified Candidate 10,318
Cullman,0001 DONALD E. GREEN SR CTR,"Cullman County Republican Executive Committee, At La",,REP,Unverified Candidate 2,380
Cullman,0001 DONALD E. GREEN SR CTR,"Cullman County Republican Executive Committee, At La",,REP,Unverified Candidate 3,736
Cullman,0001 DONALD E. GREEN SR CTR,"Cullman County Republican Executive Committee, At La",,REP,Unverified Candidate 4,663
Cullman,0001 DONALD E. GREEN SR CTR,"Cullman County Republican Executive Committee, At La",,REP,Unverified Candidate 5,480
Cullman,0001 DONALD E. GREEN SR CTR,"Cullman County Republican Executive Committee, At La",,REP,Unverified Candidate 6,296
Cullman,0001 DONALD E. GREEN SR CTR,"Cullman County Republican Executive Committee, At La",,REP,Unverified Candidate 7,463
Cullman,0001 DONALD E. GREEN SR CTR,"Cullman County Republican Executive Committee, At La",,REP,Unverified Candidate 8,437
Cullman,0001 DONALD E. GREEN SR CTR,"Cullman County Republican Executive Committee, At La",,REP,Unverified Candidate 9,505
Cullman,0001 DONALD E. GREEN SR CTR,"Cullman County Republican Executive Committee, East",,REP,Unverified Candidate 1,499
Cullman,0001 DONALD E. GREEN SR CTR,"Cullman County Republican Executive Committee, East",,REP,Unverified Candidate 2,290
Cullman,0001 DONALD E. GREEN SR CTR,"Cullman County Republican Executive Committee, East",,REP,Unverified Candidate 3,481
Cullman,0001 DONALD E. GREEN SR CTR,"Cullman County Republican Executive Committee, East",,REP,Unverified Candidate 4,537
Cullman,0001 DONALD E. GREEN SR CTR,"Cullman County Republican Executive Committee, West",,REP,Unverified Candidate 1,389
Cullman,0001 DONALD E. GREEN SR CTR,"Cullman County Republican Executive Committee, West",,REP,Unverified Candidate 2,531
Cullman,0001 DONALD E. GREEN SR CTR,"Cullman County Republican Executive Committee, West",,REP,Unverified Candidate 3,505
Cullman,0001 DONALD E. GREEN SR CTR,"Cullman County Republican Executive Committee, West",,REP,Unverified Candidate 4,426
Cullman,0001 DONALD E. GREEN SR CTR,Cullman County Revenue Commissioner,,REP,Kenneth Cornelius,595
Cullman,0001 DONALD E. GREEN SR CTR,Cullman County Revenue Commissioner,,REP,Mike Pitts,653
Cullman,0001 DONALD E. GREEN SR CTR,Cullman County Sheriff,,REP,Chad Whaley,886
Cullman,0001 DONALD E. GREEN SR CTR,Cullman County Sheriff,,REP,Tim Creel,434
Cullman,0001 DONALD E. GREEN SR CTR,Governor,,REP,"""Alabama"" Will Santivasci",62
Cullman,0001 DONALD E. GREEN SR CTR,Governor,,REP,Ken McFeeters,124
Cullman,0001 DONALD E. GREEN SR CTR,Governor,,REP,Thomas Tuberville,1111
Cullman,0001 DONALD E. GREEN SR CTR,Lieutenant Governor,,REP,George Childress,14
Cullman,0001 DONALD E. GREEN SR CTR,Lieutenant Governor,,REP,John Wahl,536
Cullman,0001 DONALD E. GREEN SR CTR,Lieutenant Governor,,REP,Nicole Jones Wadsworth,91
Cullman,0001 DONALD E. GREEN SR CTR,Lieutenant Governor,,REP,Pat Bishop,86
Cullman,0001 DONALD E. GREEN SR CTR,Lieutenant Governor,,REP,Rick Pate,79
Cullman,0001 DONALD E. GREEN SR CTR,Lieutenant Governor,,REP,Stewart Hill Tankersley,25
Cullman,0001 DONALD E. GREEN SR CTR,Lieutenant Governor,,REP,Wes Allen,419
Cullman,0001 DONALD E. GREEN SR CTR,"Member, Cullman County Commission, District 1",,REP,Kenneth Walker,861
Cullman,0001 DONALD E. GREEN SR CTR,"Member, Cullman County Commission, District 1",,REP,Reburn Miller,277
Cullman,0001 DONALD E. GREEN SR CTR,"Member, Cullman County Commission, District 2",,REP,Josh Speakman,456
Cullman,0001 DONALD E. GREEN SR CTR,"Member, Cullman County Commission, District 2",,REP,Richard Barnett,695
Cullman,0001 DONALD E. GREEN SR CTR,"Public Service Commission, Place No. 1",,REP,Jeremy H. Oden,237
Cullman,0001 DONALD E. GREEN SR CTR,"Public Service Commission, Place No. 1",,REP,Matt Gentry,1098
Cullman,0001 DONALD E. GREEN SR CTR,"Public Service Commission, Place No. 2",,REP,Brent Woodall,224
Cullman,0001 DONALD E. GREEN SR CTR,"Public Service Commission, Place No. 2",,REP,Chris Beeker,286
Cullman,0001 DONALD E. GREEN SR CTR,"Public Service Commission, Place No. 2",,REP,Jim Zig Zeigler,474
Cullman,0001 DONALD E. GREEN SR CTR,"Public Service Commission, Place No. 2",,REP,Priscilla Andrews,149
Cullman,0001 DONALD E. GREEN SR CTR,Secretary of State,,REP,Caroleene Dobson,768
Cullman,0001 DONALD E. GREEN SR CTR,Secretary of State,,REP,Christopher Christian Horn,256
Cullman,0001 DONALD E. GREEN SR CTR,Secretary of State,,REP,Glenda S. Jackson,129
Cullman,0001 DONALD E. GREEN SR CTR,State Auditor,,REP,Andrew Sorrell,750
Cullman,0001 DONALD E. GREEN SR CTR,State Auditor,,REP,Derek Chen,390
Cullman,0001 DONALD E. GREEN SR CTR,State Board of Education,6,REP,Cathi Bradford,727
Cullman,0001 DONALD E. GREEN SR CTR,State Board of Education,6,REP,Marie Manning,400
Cullman,0001 DONALD E. GREEN SR CTR,"State Republican Executive Committee, Cullman County",,REP,Unverified Candidate 1,715
Cullman,0001 DONALD E. GREEN SR CTR,"State Republican Executive Committee, Cullman County",,REP,Unverified Candidate 1,625
Cullman,0001 DONALD E. GREEN SR CTR,"State Republican Executive Committee, Cullman County",,REP,Unverified Candidate 2,431
Cullman,0001 DONALD E. GREEN SR CTR,"State Republican Executive Committee, Cullman County",,REP,Unverified Candidate 2,229
Cullman,0001 DONALD E. GREEN SR CTR,"State Republican Executive Committee, Cullman County",,REP,Unverified Candidate 3,284
Cullman,0001 DONALD E. GREEN SR CTR,State Senate,4,REP,Garlan Gudger,865
Cullman,0001 DONALD E. GREEN SR CTR,State Senate,4,REP,J.R. Bowling,469
Cullman,0001 DONALD E. GREEN SR CTR,State Treasurer,,REP,Steve Lolley,391
Cullman,0001 DONALD E. GREEN SR CTR,State Treasurer,,REP,Young Boozer,768
Cullman,0001 DONALD E. GREEN SR CTR,U.S. House,4,REP,Robert B. Aderholt,991
Cullman,0001 DONALD E. GREEN SR CTR,U.S. House,4,REP,Tommy Barnes,299
Cullman,0001 DONALD E. GREEN SR CTR,U.S. Senate,,REP,Barry Moore,356
Cullman,0001 DONALD E. GREEN SR CTR,U.S. Senate,,REP,Dale Shelton Deas Jr.,26
Cullman,0001 DONALD E. GREEN SR CTR,U.S. Senate,,REP,Jared Hudson,480
Cullman,0001 DONALD E. GREEN SR CTR,U.S. Senate,,REP,Morgan Murphy,11
Cullman,0001 DONALD E. GREEN SR CTR,U.S. Senate,,REP,Rodney Walker,70
Cullman,0001 DONALD E. GREEN SR CTR,U.S. Senate,,REP,Seth Burton,28
Cullman,0001 DONALD E. GREEN SR CTR,U.S. Senate,,REP,Steve Marshall,295
Cullman,0002 CULLMAN OFFICE BLDG.,Proposed Statewide Amendment 1,,,No,69
Cullman,0002 CULLMAN OFFICE BLDG.,Proposed Statewide Amendment 1,,,Yes,594
Cullman,0002 CULLMAN OFFICE BLDG.,Proposed Statewide Amendment 2,,,No,297
Cullman,0002 CULLMAN OFFICE BLDG.,Proposed Statewide Amendment 2,,,Yes,345
Cullman,0002 CULLMAN OFFICE BLDG.,"Public Service Commission, Place No. 1",,DEM,James O. Gordon,18
Cullman,0002 CULLMAN OFFICE BLDG.,"Public Service Commission, Place No. 1",,DEM,Jeff Ramsey,26
Cullman,0002 CULLMAN OFFICE BLDG.,"Public Service Commission, Place No. 1",,DEM,John Northrop,11
Cullman,0002 CULLMAN OFFICE BLDG.,U.S. House,4,DEM,Amanda N. Pusczek,42
Cullman,0002 CULLMAN OFFICE BLDG.,U.S. House,4,DEM,Unverified Candidate 3,14
Cullman,0002 CULLMAN OFFICE BLDG.,U.S. Senate,,DEM,Dakarai Larriett,23
Cullman,0002 CULLMAN OFFICE BLDG.,U.S. Senate,,DEM,Everett Wess,7
Cullman,0002 CULLMAN OFFICE BLDG.,U.S. Senate,,DEM,Kyle Sweetser,11
Cullman,0002 CULLMAN OFFICE BLDG.,U.S. Senate,,DEM,Mark S. Wheeler II,14
Cullman,0002 CULLMAN OFFICE BLDG.,Attorney General,,REP,Jay Mitchell,208
Cullman,0002 CULLMAN OFFICE BLDG.,Attorney General,,REP,Katherine Robertson,236
Cullman,0002 CULLMAN OFFICE BLDG.,Attorney General,,REP,Pamela L. Casey,153
Cullman,0002 CULLMAN OFFICE BLDG.,City of Cullman,,REP,Unverified Candidate 1,161
Cullman,0002 CULLMAN OFFICE BLDG.,City of Cullman,,REP,Unverified Candidate 2,298
Cullman,0002 CULLMAN OFFICE BLDG.,City of Cullman,,REP,Unverified Candidate 3,271
Cullman,0002 CULLMAN OFFICE BLDG.,City of Cullman,,REP,Unverified Candidate 4,263
Cullman,0002 CULLMAN OFFICE BLDG.,Commissioner of Agriculture and Industries,,REP,Christina Woerner McInnis,147
Cullman,0002 CULLMAN OFFICE BLDG.,Commissioner of Agriculture and Industries,,REP,Cory Hill,203
Cullman,0002 CULLMAN OFFICE BLDG.,Commissioner of Agriculture and Industries,,REP,Jack Williams,193
Cullman,0002 CULLMAN OFFICE BLDG.,"Cullman County Republican Executive Committee, At La",,REP,Unverified Candidate 1,263
Cullman,0002 CULLMAN OFFICE BLDG.,"Cullman County Republican Executive Committee, At La",,REP,Unverified Candidate 10,143
Cullman,0002 CULLMAN OFFICE BLDG.,"Cullman County Republican Executive Committee, At La",,REP,Unverified Candidate 2,177
Cullman,0002 CULLMAN OFFICE BLDG.,"Cullman County Republican Executive Committee, At La",,REP,Unverified Candidate 3,355
Cullman,0002 CULLMAN OFFICE BLDG.,"Cullman County Republican Executive Committee, At La",,REP,Unverified Candidate 4,311
Cullman,0002 CULLMAN OFFICE BLDG.,"Cullman County Republican Executive Committee, At La",,REP,Unverified Candidate 5,256
Cullman,0002 CULLMAN OFFICE BLDG.,"Cullman County Republican Executive Committee, At La",,REP,Unverified Candidate 6,119
Cullman,0002 CULLMAN OFFICE BLDG.,"Cullman County Republican Executive Committee, At La",,REP,Unverified Candidate 7,219
Cullman,0002 CULLMAN OFFICE BLDG.,"Cullman County Republican Executive Committee, At La",,REP,Unverified Candidate 8,177
Cullman,0002 CULLMAN OFFICE BLDG.,"Cullman County Republican Executive Committee, At La",,REP,Unverified Candidate 9,241
Cullman,0002 CULLMAN OFFICE BLDG.,"Cullman County Republican Executive Committee, East",,REP,Unverified Candidate 1,238
Cullman,0002 CULLMAN OFFICE BLDG.,"Cullman County Republican Executive Committee, East",,REP,Unverified Candidate 2,128
Cullman,0002 CULLMAN OFFICE BLDG.,"Cullman County Republican Executive Committee, East",,REP,Unverified Candidate 3,225
Cullman,0002 CULLMAN OFFICE BLDG.,"Cullman County Republican Executive Committee, East",,REP,Unverified Candidate 4,260
Cullman,0002 CULLMAN OFFICE BLDG.,"Cullman County Republican Executive Committee, West",,REP,Unverified Candidate 1,183
Cullman,0002 CULLMAN OFFICE BLDG.,"Cullman County Republican Executive Committee, West",,REP,Unverified Candidate 2,238
Cullman,0002 CULLMAN OFFICE BLDG.,"Cullman County Republican Executive Committee, West",,REP,Unverified Candidate 3,238
Cullman,0002 CULLMAN OFFICE BLDG.,"Cullman County Republican Executive Committee, West",,REP,Unverified Candidate 4,192
Cullman,0002 CULLMAN OFFICE BLDG.,Cullman County Revenue Commissioner,,REP,Kenneth Cornelius,289
Cullman,0002 CULLMAN OFFICE BLDG.,Cullman County Revenue Commissioner,,REP,Mike Pitts,319
Cullman,0002 CULLMAN OFFICE BLDG.,Cullman County Sheriff,,REP,Chad Whaley,479
Cullman,0002 CULLMAN OFFICE BLDG.,Cullman County Sheriff,,REP,Tim Creel,163
Cullman,0002 CULLMAN OFFICE BLDG.,Governor,,REP,"""Alabama"" Will Santivasci",26
Cullman,0002 CULLMAN OFFICE BLDG.,Governor,,REP,Ken McFeeters,46
Cullman,0002 CULLMAN OFFICE BLDG.,Governor,,REP,Thomas Tuberville,569
Cullman,0002 CULLMAN OFFICE BLDG.,Lieutenant Governor,,REP,George Childress,8
Cullman,0002 CULLMAN OFFICE BLDG.,Lieutenant Governor,,REP,John Wahl,236
Cullman,0002 CULLMAN OFFICE BLDG.,Lieutenant Governor,,REP,Nicole Jones Wadsworth,47
Cullman,0002 CULLMAN OFFICE BLDG.,Lieutenant Governor,,REP,Pat Bishop,27
Cullman,0002 CULLMAN OFFICE BLDG.,Lieutenant Governor,,REP,Rick Pate,40
Cullman,0002 CULLMAN OFFICE BLDG.,Lieutenant Governor,,REP,Stewart Hill Tankersley,11
Cullman,0002 CULLMAN OFFICE BLDG.,Lieutenant Governor,,REP,Wes Allen,240
Cullman,0002 CULLMAN OFFICE BLDG.,"Member, Cullman County Commission, District 1",,REP,Kenneth Walker,427
Cullman,0002 CULLMAN OFFICE BLDG.,"Member, Cullman County Commission, District 1",,REP,Reburn Miller,122
Cullman,0002 CULLMAN OFFICE BLDG.,"Member, Cullman County Commission, District 2",,REP,Josh Speakman,214
Cullman,0002 CULLMAN OFFICE BLDG.,"Member, Cullman County Commission, District 2",,REP,Richard Barnett,331
Cullman,0002 CULLMAN OFFICE BLDG.,"Public Service Commission, Place No. 1",,REP,Jeremy H. Oden,101
Cullman,0002 CULLMAN OFFICE BLDG.,"Public Service Commission, Place No. 1",,REP,Matt Gentry,547
Cullman,0002 CULLMAN OFFICE BLDG.,"Public Service Commission, Place No. 2",,REP,Brent Woodall,114
Cullman,0002 CULLMAN OFFICE BLDG.,"Public Service Commission, Place No. 2",,REP,Chris Beeker,129
Cullman,0002 CULLMAN OFFICE BLDG.,"Public Service Commission, Place No. 2",,REP,Jim Zig Zeigler,216
Cullman,0002 CULLMAN OFFICE BLDG.,"Public Service Commission, Place No. 2",,REP,Priscilla Andrews,71
Cullman,0002 CULLMAN OFFICE BLDG.,Secretary of State,,REP,Caroleene Dobson,409
Cullman,0002 CULLMAN OFFICE BLDG.,Secretary of State,,REP,Christopher Christian Horn,98
Cullman,0002 CULLMAN OFFICE BLDG.,Secretary of State,,REP,Glenda S. Jackson,55
Cullman,0002 CULLMAN OFFICE BLDG.,State Auditor,,REP,Andrew Sorrell,342
Cullman,0002 CULLMAN OFFICE BLDG.,State Auditor,,REP,Derek Chen,212
Cullman,0002 CULLMAN OFFICE BLDG.,State Board of Education,6,REP,Cathi Bradford,309
Cullman,0002 CULLMAN OFFICE BLDG.,State Board of Education,6,REP,Marie Manning,211
Cullman,0002 CULLMAN OFFICE BLDG.,"State Republican Executive Committee, Cullman County",,REP,Unverified Candidate 1,323
Cullman,0002 CULLMAN OFFICE BLDG.,"State Republican Executive Committee, Cullman County",,REP,Unverified Candidate 1,267
Cullman,0002 CULLMAN OFFICE BLDG.,"State Republican Executive Committee, Cullman County",,REP,Unverified Candidate 2,226
Cullman,0002 CULLMAN OFFICE BLDG.,"State Republican Executive Committee, Cullman County",,REP,Unverified Candidate 2,114
Cullman,0002 CULLMAN OFFICE BLDG.,"State Republican Executive Committee, Cullman County",,REP,Unverified Candidate 3,151
Cullman,0002 CULLMAN OFFICE BLDG.,State Senate,4,REP,Garlan Gudger,492
Cullman,0002 CULLMAN OFFICE BLDG.,State Senate,4,REP,J.R. Bowling,160
Cullman,0002 CULLMAN OFFICE BLDG.,State Treasurer,,REP,Steve Lolley,155
Cullman,0002 CULLMAN OFFICE BLDG.,State Treasurer,,REP,Young Boozer,396
Cullman,0002 CULLMAN OFFICE BLDG.,U.S. House,4,REP,Robert B. Aderholt,511
Cullman,0002 CULLMAN OFFICE BLDG.,U.S. House,4,REP,Tommy Barnes,124
Cullman,0002 CULLMAN OFFICE BLDG.,U.S. Senate,,REP,Barry Moore,164
Cullman,0002 CULLMAN OFFICE BLDG.,U.S. Senate,,REP,Dale Shelton Deas Jr.,6
Cullman,0002 CULLMAN OFFICE BLDG.,U.S. Senate,,REP,Jared Hudson,261
Cullman,0002 CULLMAN OFFICE BLDG.,U.S. Senate,,REP,Morgan Murphy,9
Cullman,0002 CULLMAN OFFICE BLDG.,U.S. Senate,,REP,Rodney Walker,30
Cullman,0002 CULLMAN OFFICE BLDG.,U.S. Senate,,REP,Seth Burton,12
Cullman,0002 CULLMAN OFFICE BLDG.,U.S. Senate,,REP,Steve Marshall,156
Cullman,0003 CULLMAN CITY HALL,Proposed Statewide Amendment 1,,,No,51
Cullman,0003 CULLMAN CITY HALL,Proposed Statewide Amendment 1,,,Yes,385
Cullman,0003 CULLMAN CITY HALL,Proposed Statewide Amendment 2,,,No,198
Cullman,0003 CULLMAN CITY HALL,Proposed Statewide Amendment 2,,,Yes,220
Cullman,0003 CULLMAN CITY HALL,"Public Service Commission, Place No. 1",,DEM,James O. Gordon,4
Cullman,0003 CULLMAN CITY HALL,"Public Service Commission, Place No. 1",,DEM,Jeff Ramsey,11
Cullman,0003 CULLMAN CITY HALL,"Public Service Commission, Place No. 1",,DEM,John Northrop,8
Cullman,0003 CULLMAN CITY HALL,U.S. House,4,DEM,Amanda N. Pusczek,16
Cullman,0003 CULLMAN CITY HALL,U.S. House,4,DEM,Unverified Candidate 3,8
Cullman,0003 CULLMAN CITY HALL,U.S. Senate,,DEM,Dakarai Larriett,8
Cullman,0003 CULLMAN CITY HALL,U.S. Senate,,DEM,Everett Wess,5
Cullman,0003 CULLMAN CITY HALL,U.S. Senate,,DEM,Kyle Sweetser,9
Cullman,0003 CULLMAN CITY HALL,U.S. Senate,,DEM,Mark S. Wheeler II,4
Cullman,0003 CULLMAN CITY HALL,Attorney General,,REP,Jay Mitchell,152
Cullman,0003 CULLMAN CITY HALL,Attorney General,,REP,Katherine Robertson,152
Cullman,0003 CULLMAN CITY HALL,Attorney General,,REP,Pamela L. Casey,117
Cullman,0003 CULLMAN CITY HALL,City of Cullman,,REP,Unverified Candidate 1,109
Cullman,0003 CULLMAN CITY HALL,City of Cullman,,REP,Unverified Candidate 2,201
Cullman,0003 CULLMAN CITY HALL,City of Cullman,,REP,Unverified Candidate 3,202
Cullman,0003 CULLMAN CITY HALL,City of Cullman,,REP,Unverified Candidate 4,173
Cullman,0003 CULLMAN CITY HALL,Commissioner of Agriculture and Industries,,REP,Christina Woerner McInnis,155
Cullman,0003 CULLMAN CITY HALL,Commissioner of Agriculture and Industries,,REP,Cory Hill,127
Cullman,0003 CULLMAN CITY HALL,Commissioner of Agriculture and Industries,,REP,Jack Williams,98
Cullman,0003 CULLMAN CITY HALL,"Cullman County Republican Executive Committee, At La",,REP,Unverified Candidate 1,181
Cullman,0003 CULLMAN CITY HALL,"Cullman County Republican Executive Committee, At La",,REP,Unverified Candidate 10,107
Cullman,0003 CULLMAN CITY HALL,"Cullman County Republican Executive Committee, At La",,REP,Unverified Candidate 2,119
Cullman,0003 CULLMAN CITY HALL,"Cullman County Republican Executive Committee, At La",,REP,Unverified Candidate 3,233
Cullman,0003 CULLMAN CITY HALL,"Cullman County Republican Executive Committee, At La",,REP,Unverified Candidate 4,224
Cullman,0003 CULLMAN CITY HALL,"Cullman County Republican Executive Committee, At La",,REP,Unverified Candidate 5,193
Cullman,0003 CULLMAN CITY HALL,"Cullman County Republican Executive Committee, At La",,REP,Unverified Candidate 6,105
Cullman,0003 CULLMAN CITY HALL,"Cullman County Republican Executive Committee, At La",,REP,Unverified Candidate 7,153
Cullman,0003 CULLMAN CITY HALL,"Cullman County Republican Executive Committee, At La",,REP,Unverified Candidate 8,151
Cullman,0003 CULLMAN CITY HALL,"Cullman County Republican Executive Committee, At La",,REP,Unverified Candidate 9,177
Cullman,0003 CULLMAN CITY HALL,"Cullman County Republican Executive Committee, East",,REP,Unverified Candidate 1,161
Cullman,0003 CULLMAN CITY HALL,"Cullman County Republican Executive Committee, East",,REP,Unverified Candidate 2,90
Cullman,0003 CULLMAN CITY HALL,"Cullman County Republican Executive Committee, East",,REP,Unverified Candidate 3,148
Cullman,0003 CULLMAN CITY HALL,"Cullman County Republican Executive Committee, East",,REP,Unverified Candidate 4,184
Cullman,0003 CULLMAN CITY HALL,"Cullman County Republican Executive Committee, West",,REP,Unverified Candidate 1,117
Cullman,0003 CULLMAN CITY HALL,"Cullman County Republican Executive Committee, West",,REP,Unverified Candidate 2,179
Cullman,0003 CULLMAN CITY HALL,"Cullman County Republican Executive Committee, West",,REP,Unverified Candidate 3,186
Cullman,0003 CULLMAN CITY HALL,"Cullman County Republican Executive Committee, West",,REP,Unverified Candidate 4,125
Cullman,0003 CULLMAN CITY HALL,Cullman County Revenue Commissioner,,REP,Kenneth Cornelius,186
Cullman,0003 CULLMAN CITY HALL,Cullman County Revenue Commissioner,,REP,Mike Pitts,229
Cullman,0003 CULLMAN CITY HALL,Cullman County Sheriff,,REP,Chad Whaley,306
Cullman,0003 CULLMAN CITY HALL,Cullman County Sheriff,,REP,Tim Creel,139
Cullman,0003 CULLMAN CITY HALL,Governor,,REP,"""Alabama"" Will Santivasci",26
Cullman,0003 CULLMAN CITY HALL,Governor,,REP,Ken McFeeters,45
Cullman,0003 CULLMAN CITY HALL,Governor,,REP,Thomas Tuberville,365
Cullman,0003 CULLMAN CITY HALL,Lieutenant Governor,,REP,George Childress,6
Cullman,0003 CULLMAN CITY HALL,Lieutenant Governor,,REP,John Wahl,156
Cullman,0003 CULLMAN CITY HALL,Lieutenant Governor,,REP,Nicole Jones Wadsworth,47
Cullman,0003 CULLMAN CITY HALL,Lieutenant Governor,,REP,Pat Bishop,19
Cullman,0003 CULLMAN CITY HALL,Lieutenant Governor,,REP,Rick Pate,33
Cullman,0003 CULLMAN CITY HALL,Lieutenant Governor,,REP,Stewart Hill Tankersley,9
Cullman,0003 CULLMAN CITY HALL,Lieutenant Governor,,REP,Wes Allen,149
Cullman,0003 CULLMAN CITY HALL,"Member, Cullman County Commission, District 1",,REP,Kenneth Walker,297
Cullman,0003 CULLMAN CITY HALL,"Member, Cullman County Commission, District 1",,REP,Reburn Miller,87
Cullman,0003 CULLMAN CITY HALL,"Member, Cullman County Commission, District 2",,REP,Josh Speakman,152
Cullman,0003 CULLMAN CITY HALL,"Member, Cullman County Commission, District 2",,REP,Richard Barnett,221
Cullman,0003 CULLMAN CITY HALL,"Public Service Commission, Place No. 1",,REP,Jeremy H. Oden,81
Cullman,0003 CULLMAN CITY HALL,"Public Service Commission, Place No. 1",,REP,Matt Gentry,371
Cullman,0003 CULLMAN CITY HALL,"Public Service Commission, Place No. 2",,REP,Brent Woodall,61
Cullman,0003 CULLMAN CITY HALL,"Public Service Commission, Place No. 2",,REP,Chris Beeker,94
Cullman,0003 CULLMAN CITY HALL,"Public Service Commission, Place No. 2",,REP,Jim Zig Zeigler,166
Cullman,0003 CULLMAN CITY HALL,"Public Service Commission, Place No. 2",,REP,Priscilla Andrews,38
Cullman,0003 CULLMAN CITY HALL,Secretary of State,,REP,Caroleene Dobson,286
Cullman,0003 CULLMAN CITY HALL,Secretary of State,,REP,Christopher Christian Horn,61
Cullman,0003 CULLMAN CITY HALL,Secretary of State,,REP,Glenda S. Jackson,37
Cullman,0003 CULLMAN CITY HALL,State Auditor,,REP,Andrew Sorrell,256
Cullman,0003 CULLMAN CITY HALL,State Auditor,,REP,Derek Chen,121
Cullman,0003 CULLMAN CITY HALL,State Board of Education,6,REP,Cathi Bradford,233
Cullman,0003 CULLMAN CITY HALL,State Board of Education,6,REP,Marie Manning,134
Cullman,0003 CULLMAN CITY HALL,"State Republican Executive Committee, Cullman County",,REP,Unverified Candidate 1,191
Cullman,0003 CULLMAN CITY HALL,"State Republican Executive Committee, Cullman County",,REP,Unverified Candidate 1,213
Cullman,0003 CULLMAN CITY HALL,"State Republican Executive Committee, Cullman County",,REP,Unverified Candidate 2,184
Cullman,0003 CULLMAN CITY HALL,"State Republican Executive Committee, Cullman County",,REP,Unverified Candidate 2,55
Cullman,0003 CULLMAN CITY HALL,"State Republican Executive Committee, Cullman County",,REP,Unverified Candidate 3,115
Cullman,0003 CULLMAN CITY HALL,State Senate,4,REP,Garlan Gudger,302
Cullman,0003 CULLMAN CITY HALL,State Senate,4,REP,J.R. Bowling,142
Cullman,0003 CULLMAN CITY HALL,State Treasurer,,REP,Steve Lolley,120
Cullman,0003 CULLMAN CITY HALL,State Treasurer,,REP,Young Boozer,259
Cullman,0003 CULLMAN CITY HALL,U.S. House,4,REP,Robert B. Aderholt,363
Cullman,0003 CULLMAN CITY HALL,U.S. House,4,REP,Tommy Barnes,78
Cullman,0003 CULLMAN CITY HALL,U.S. Senate,,REP,Barry Moore,118
Cullman,0003 CULLMAN CITY HALL,U.S. Senate,,REP,Dale Shelton Deas Jr.,8
Cullman,0003 CULLMAN CITY HALL,U.S. Senate,,REP,Jared Hudson,168
Cullman,0003 CULLMAN CITY HALL,U.S. Senate,,REP,Morgan Murphy,5
Cullman,0003 CULLMAN CITY HALL,U.S. Senate,,REP,Rodney Walker,26
Cullman,0003 CULLMAN CITY HALL,U.S. Senate,,REP,Seth Burton,4
Cullman,0003 CULLMAN CITY HALL,U.S. Senate,,REP,Steve Marshall,96
Cullman,0004 COURTHOUSE CONF. ROOM,Proposed Statewide Amendment 1,,,No,28
Cullman,0004 COURTHOUSE CONF. ROOM,Proposed Statewide Amendment 1,,,Yes,304
Cullman,0004 COURTHOUSE CONF. ROOM,Proposed Statewide Amendment 2,,,No,118
Cullman,0004 COURTHOUSE CONF. ROOM,Proposed Statewide Amendment 2,,,Yes,198
Cullman,0004 COURTHOUSE CONF. ROOM,"Public Service Commission, Place No. 1",,DEM,James O. Gordon,4
Cullman,0004 COURTHOUSE CONF. ROOM,"Public Service Commission, Place No. 1",,DEM,Jeff Ramsey,9
Cullman,0004 COURTHOUSE CONF. ROOM,"Public Service Commission, Place No. 1",,DEM,John Northrop,7
Cullman,0004 COURTHOUSE CONF. ROOM,U.S. House,4,DEM,Amanda N. Pusczek,13
Cullman,0004 COURTHOUSE CONF. ROOM,U.S. House,4,DEM,Unverified Candidate 3,7
Cullman,0004 COURTHOUSE CONF. ROOM,U.S. Senate,,DEM,Dakarai Larriett,10
Cullman,0004 COURTHOUSE CONF. ROOM,U.S. Senate,,DEM,Everett Wess,5
Cullman,0004 COURTHOUSE CONF. ROOM,U.S. Senate,,DEM,Kyle Sweetser,1
Cullman,0004 COURTHOUSE CONF. ROOM,U.S. Senate,,DEM,Mark S. Wheeler II,5
Cullman,0004 COURTHOUSE CONF. ROOM,Attorney General,,REP,Jay Mitchell,122
Cullman,0004 COURTHOUSE CONF. ROOM,Attorney General,,REP,Katherine Robertson,109
Cullman,0004 COURTHOUSE CONF. ROOM,Attorney General,,REP,Pamela L. Casey,71
Cullman,0004 COURTHOUSE CONF. ROOM,City of Cullman,,REP,Unverified Candidate 1,87
Cullman,0004 COURTHOUSE CONF. ROOM,City of Cullman,,REP,Unverified Candidate 2,147
Cullman,0004 COURTHOUSE CONF. ROOM,City of Cullman,,REP,Unverified Candidate 3,138
Cullman,0004 COURTHOUSE CONF. ROOM,City of Cullman,,REP,Unverified Candidate 4,123
Cullman,0004 COURTHOUSE CONF. ROOM,Commissioner of Agriculture and Industries,,REP,Christina Woerner McInnis,92
Cullman,0004 COURTHOUSE CONF. ROOM,Commissioner of Agriculture and Industries,,REP,Cory Hill,121
Cullman,0004 COURTHOUSE CONF. ROOM,Commissioner of Agriculture and Industries,,REP,Jack Williams,67
Cullman,0004 COURTHOUSE CONF. ROOM,"Cullman County Republican Executive Committee, At La",,REP,Unverified Candidate 1,153
Cullman,0004 COURTHOUSE CONF. ROOM,"Cullman County Republican Executive Committee, At La",,REP,Unverified Candidate 10,85
Cullman,0004 COURTHOUSE CONF. ROOM,"Cullman County Republican Executive Committee, At La",,REP,Unverified Candidate 2,106
Cullman,0004 COURTHOUSE CONF. ROOM,"Cullman County Republican Executive Committee, At La",,REP,Unverified Candidate 3,181
Cullman,0004 COURTHOUSE CONF. ROOM,"Cullman County Republican Executive Committee, At La",,REP,Unverified Candidate 4,150
Cullman,0004 COURTHOUSE CONF. ROOM,"Cullman County Republican Executive Committee, At La",,REP,Unverified Candidate 5,131
Cullman,0004 COURTHOUSE CONF. ROOM,"Cullman County Republican Executive Committee, At La",,REP,Unverified Candidate 6,81
Cullman,0004 COURTHOUSE CONF. ROOM,"Cullman County Republican Executive Committee, At La",,REP,Unverified Candidate 7,128
Cullman,0004 COURTHOUSE CONF. ROOM,"Cullman County Republican Executive Committee, At La",,REP,Unverified Candidate 8,108
Cullman,0004 COURTHOUSE CONF. ROOM,"Cullman County Republican Executive Committee, At La",,REP,Unverified Candidate 9,151
Cullman,0004 COURTHOUSE CONF. ROOM,"Cullman County Republican Executive Committee, East",,REP,Unverified Candidate 1,153
Cullman,0004 COURTHOUSE CONF. ROOM,"Cullman County Republican Executive Committee, East",,REP,Unverified Candidate 2,67
Cullman,0004 COURTHOUSE CONF. ROOM,"Cullman County Republican Executive Committee, East",,REP,Unverified Candidate 3,113
Cullman,0004 COURTHOUSE CONF. ROOM,"Cullman County Republican Executive Committee, East",,REP,Unverified Candidate 4,134
Cullman,0004 COURTHOUSE CONF. ROOM,"Cullman County Republican Executive Committee, West",,REP,Unverified Candidate 1,107
Cullman,0004 COURTHOUSE CONF. ROOM,"Cullman County Republican Executive Committee, West",,REP,Unverified Candidate 2,116
Cullman,0004 COURTHOUSE CONF. ROOM,"Cullman County Republican Executive Committee, West",,REP,Unverified Candidate 3,129
Cullman,0004 COURTHOUSE CONF. ROOM,"Cullman County Republican Executive Committee, West",,REP,Unverified Candidate 4,115
Cullman,0004 COURTHOUSE CONF. ROOM,Cullman County Revenue Commissioner,,REP,Kenneth Cornelius,131
Cullman,0004 COURTHOUSE CONF. ROOM,Cullman County Revenue Commissioner,,REP,Mike Pitts,184
Cullman,0004 COURTHOUSE CONF. ROOM,Cullman County Sheriff,,REP,Chad Whaley,228
Cullman,0004 COURTHOUSE CONF. ROOM,Cullman County Sheriff,,REP,Tim Creel,101
Cullman,0004 COURTHOUSE CONF. ROOM,Governor,,REP,"""Alabama"" Will Santivasci",14
Cullman,0004 COURTHOUSE CONF. ROOM,Governor,,REP,Ken McFeeters,32
Cullman,0004 COURTHOUSE CONF. ROOM,Governor,,REP,Thomas Tuberville,277
Cullman,0004 COURTHOUSE CONF. ROOM,Lieutenant Governor,,REP,George Childress,5
Cullman,0004 COURTHOUSE CONF. ROOM,Lieutenant Governor,,REP,John Wahl,120
Cullman,0004 COURTHOUSE CONF. ROOM,Lieutenant Governor,,REP,Nicole Jones Wadsworth,24
Cullman,0004 COURTHOUSE CONF. ROOM,Lieutenant Governor,,REP,Pat Bishop,21
Cullman,0004 COURTHOUSE CONF. ROOM,Lieutenant Governor,,REP,Rick Pate,16
Cullman,0004 COURTHOUSE CONF. ROOM,Lieutenant Governor,,REP,Stewart Hill Tankersley,14
Cullman,0004 COURTHOUSE CONF. ROOM,Lieutenant Governor,,REP,Wes Allen,101
Cullman,0004 COURTHOUSE CONF. ROOM,"Member, Cullman County Commission, District 1",,REP,Kenneth Walker,205
Cullman,0004 COURTHOUSE CONF. ROOM,"Member, Cullman County Commission, District 1",,REP,Reburn Miller,72
Cullman,0004 COURTHOUSE CONF. ROOM,"Member, Cullman County Commission, District 2",,REP,Josh Speakman,127
Cullman,0004 COURTHOUSE CONF. ROOM,"Member, Cullman County Commission, District 2",,REP,Richard Barnett,150
Cullman,0004 COURTHOUSE CONF. ROOM,"Public Service Commission, Place No. 1",,REP,Jeremy H. Oden,55
Cullman,0004 COURTHOUSE CONF. ROOM,"Public Service Commission, Place No. 1",,REP,Matt Gentry,274
Cullman,0004 COURTHOUSE CONF. ROOM,"Public Service Commission, Place No. 2",,REP,Brent Woodall,54
Cullman,0004 COURTHOUSE CONF. ROOM,"Public Service Commission, Place No. 2",,REP,Chris Beeker,78
Cullman,0004 COURTHOUSE CONF. ROOM,"Public Service Commission, Place No. 2",,REP,Jim Zig Zeigler,108
Cullman,0004 COURTHOUSE CONF. ROOM,"Public Service Commission, Place No. 2",,REP,Priscilla Andrews,40
Cullman,0004 COURTHOUSE CONF. ROOM,Secretary of State,,REP,Caroleene Dobson,201
Cullman,0004 COURTHOUSE CONF. ROOM,Secretary of State,,REP,Christopher Christian Horn,54
Cullman,0004 COURTHOUSE CONF. ROOM,Secretary of State,,REP,Glenda S. Jackson,27
Cullman,0004 COURTHOUSE CONF. ROOM,State Auditor,,REP,Andrew Sorrell,197
Cullman,0004 COURTHOUSE CONF. ROOM,State Auditor,,REP,Derek Chen,93
Cullman,0004 COURTHOUSE CONF. ROOM,State Board of Education,6,REP,Cathi Bradford,188
Cullman,0004 COURTHOUSE CONF. ROOM,State Board of Education,6,REP,Marie Manning,90
Cullman,0004 COURTHOUSE CONF. ROOM,"State Republican Executive Committee, Cullman County",,REP,Unverified Candidate 1,162
Cullman,0004 COURTHOUSE CONF. ROOM,"State Republican Executive Committee, Cullman County",,REP,Unverified Candidate 1,152
Cullman,0004 COURTHOUSE CONF. ROOM,"State Republican Executive Committee, Cullman County",,REP,Unverified Candidate 2,118
Cullman,0004 COURTHOUSE CONF. ROOM,"State Republican Executive Committee, Cullman County",,REP,Unverified Candidate 2,54
Cullman,0004 COURTHOUSE CONF. ROOM,"State Republican Executive Committee, Cullman County",,REP,Unverified Candidate 3,71
Cullman,0004 COURTHOUSE CONF. ROOM,State Senate,4,REP,Garlan Gudger,232
Cullman,0004 COURTHOUSE CONF. ROOM,State Senate,4,REP,J.R. Bowling,93
Cullman,0004 COURTHOUSE CONF. ROOM,State Treasurer,,REP,Steve Lolley,96
Cullman,0004 COURTHOUSE CONF. ROOM,State Treasurer,,REP,Young Boozer,184
Cullman,0004 COURTHOUSE CONF. ROOM,U.S. House,4,REP,Robert B. Aderholt,258
Cullman,0004 COURTHOUSE CONF. ROOM,U.S. House,4,REP,Tommy Barnes,63
Cullman,0004 COURTHOUSE CONF. ROOM,U.S. Senate,,REP,Barry Moore,76
Cullman,0004 COURTHOUSE CONF. ROOM,U.S. Senate,,REP,Dale Shelton Deas Jr.,4
Cullman,0004 COURTHOUSE CONF. ROOM,U.S. Senate,,REP,Jared Hudson,166
Cullman,0004 COURTHOUSE CONF. ROOM,U.S. Senate,,REP,Morgan Murphy,1
Cullman,0004 COURTHOUSE CONF. ROOM,U.S. Senate,,REP,Rodney Walker,14
Cullman,0004 COURTHOUSE CONF. ROOM,U.S. Senate,,REP,Seth Burton,4
Cullman,0004 COURTHOUSE CONF. ROOM,U.S. Senate,,REP,Steve Marshall,56
Cullman,0005 GOOD HOPE CITY HALL,Proposed Statewide Amendment 1,,,No,41
Cullman,0005 GOOD HOPE CITY HALL,Proposed Statewide Amendment 1,,,Yes,413
Cullman,0005 GOOD HOPE CITY HALL,Proposed Statewide Amendment 2,,,No,201
Cullman,0005 GOOD HOPE CITY HALL,Proposed Statewide Amendment 2,,,Yes,241
Cullman,0005 GOOD HOPE CITY HALL,"Public Service Commission, Place No. 1",,DEM,James O. Gordon,17
Cullman,0005 GOOD HOPE CITY HALL,"Public Service Commission, Place No. 1",,DEM,Jeff Ramsey,7
Cullman,0005 GOOD HOPE CITY HALL,"Public Service Commission, Place No. 1",,DEM,John Northrop,6
Cullman,0005 GOOD HOPE CITY HALL,U.S. House,4,DEM,Amanda N. Pusczek,21
Cullman,0005 GOOD HOPE CITY HALL,U.S. House,4,DEM,Unverified Candidate 3,9
Cullman,0005 GOOD HOPE CITY HALL,U.S. Senate,,DEM,Dakarai Larriett,10
Cullman,0005 GOOD HOPE CITY HALL,U.S. Senate,,DEM,Everett Wess,6
Cullman,0005 GOOD HOPE CITY HALL,U.S. Senate,,DEM,Kyle Sweetser,8
Cullman,0005 GOOD HOPE CITY HALL,U.S. Senate,,DEM,Mark S. Wheeler II,5
Cullman,0005 GOOD HOPE CITY HALL,Attorney General,,REP,Jay Mitchell,140
Cullman,0005 GOOD HOPE CITY HALL,Attorney General,,REP,Katherine Robertson,180
Cullman,0005 GOOD HOPE CITY HALL,Attorney General,,REP,Pamela L. Casey,113
Cullman,0005 GOOD HOPE CITY HALL,Commissioner of Agriculture and Industries,,REP,Christina Woerner McInnis,135
Cullman,0005 GOOD HOPE CITY HALL,Commissioner of Agriculture and Industries,,REP,Cory Hill,150
Cullman,0005 GOOD HOPE CITY HALL,Commissioner of Agriculture and Industries,,REP,Jack Williams,131
Cullman,0005 GOOD HOPE CITY HALL,"Cullman County Republican Executive Committee, At La",,REP,Unverified Candidate 1,219
Cullman,0005 GOOD HOPE CITY HALL,"Cullman County Republican Executive Committee, At La",,REP,Unverified Candidate 10,114
Cullman,0005 GOOD HOPE CITY HALL,"Cullman County Republican Executive Committee, At La",,REP,Unverified Candidate 2,119
Cullman,0005 GOOD HOPE CITY HALL,"Cullman County Republican Executive Committee, At La",,REP,Unverified Candidate 3,245
Cullman,0005 GOOD HOPE CITY HALL,"Cullman County Republican Executive Committee, At La",,REP,Unverified Candidate 4,194
Cullman,0005 GOOD HOPE CITY HALL,"Cullman County Republican Executive Committee, At La",,REP,Unverified Candidate 5,153
Cullman,0005 GOOD HOPE CITY HALL,"Cullman County Republican Executive Committee, At La",,REP,Unverified Candidate 6,126
Cullman,0005 GOOD HOPE CITY HALL,"Cullman County Republican Executive Committee, At La",,REP,Unverified Candidate 7,155
Cullman,0005 GOOD HOPE CITY HALL,"Cullman County Republican Executive Committee, At La",,REP,Unverified Candidate 8,154
Cullman,0005 GOOD HOPE CITY HALL,"Cullman County Republican Executive Committee, At La",,REP,Unverified Candidate 9,206
Cullman,0005 GOOD HOPE CITY HALL,"Cullman County Republican Executive Committee, East",,REP,Unverified Candidate 1,191
Cullman,0005 GOOD HOPE CITY HALL,"Cullman County Republican Executive Committee, East",,REP,Unverified Candidate 2,104
Cullman,0005 GOOD HOPE CITY HALL,"Cullman County Republican Executive Committee, East",,REP,Unverified Candidate 3,152
Cullman,0005 GOOD HOPE CITY HALL,"Cullman County Republican Executive Committee, East",,REP,Unverified Candidate 4,177
Cullman,0005 GOOD HOPE CITY HALL,"Cullman County Republican Executive Committee, West",,REP,Unverified Candidate 1,146
Cullman,0005 GOOD HOPE CITY HALL,"Cullman County Republican Executive Committee, West",,REP,Unverified Candidate 2,131
Cullman,0005 GOOD HOPE CITY HALL,"Cullman County Republican Executive Committee, West",,REP,Unverified Candidate 3,180
Cullman,0005 GOOD HOPE CITY HALL,"Cullman County Republican Executive Committee, West",,REP,Unverified Candidate 4,178
Cullman,0005 GOOD HOPE CITY HALL,Cullman County Revenue Commissioner,,REP,Kenneth Cornelius,171
Cullman,0005 GOOD HOPE CITY HALL,Cullman County Revenue Commissioner,,REP,Mike Pitts,263
Cullman,0005 GOOD HOPE CITY HALL,Cullman County Sheriff,,REP,Chad Whaley,311
Cullman,0005 GOOD HOPE CITY HALL,Cullman County Sheriff,,REP,Tim Creel,154
Cullman,0005 GOOD HOPE CITY HALL,Governor,,REP,"""Alabama"" Will Santivasci",22
Cullman,0005 GOOD HOPE CITY HALL,Governor,,REP,Ken McFeeters,28
Cullman,0005 GOOD HOPE CITY HALL,Governor,,REP,Thomas Tuberville,410
Cullman,0005 GOOD HOPE CITY HALL,Lieutenant Governor,,REP,George Childress,10
Cullman,0005 GOOD HOPE CITY HALL,Lieutenant Governor,,REP,John Wahl,202
Cullman,0005 GOOD HOPE CITY HALL,Lieutenant Governor,,REP,Nicole Jones Wadsworth,15
Cullman,0005 GOOD HOPE CITY HALL,Lieutenant Governor,,REP,Pat Bishop,28
Cullman,0005 GOOD HOPE CITY HALL,Lieutenant Governor,,REP,Rick Pate,25
Cullman,0005 GOOD HOPE CITY HALL,Lieutenant Governor,,REP,Stewart Hill Tankersley,12
Cullman,0005 GOOD HOPE CITY HALL,Lieutenant Governor,,REP,Wes Allen,143
Cullman,0005 GOOD HOPE CITY HALL,"Member, Cullman County Commission, District 1",,REP,Kenneth Walker,312
Cullman,0005 GOOD HOPE CITY HALL,"Member, Cullman County Commission, District 1",,REP,Reburn Miller,111
Cullman,0005 GOOD HOPE CITY HALL,"Member, Cullman County Commission, District 2",,REP,Josh Speakman,165
Cullman,0005 GOOD HOPE CITY HALL,"Member, Cullman County Commission, District 2",,REP,Richard Barnett,243
Cullman,0005 GOOD HOPE CITY HALL,"Public Service Commission, Place No. 1",,REP,Jeremy H. Oden,83
Cullman,0005 GOOD HOPE CITY HALL,"Public Service Commission, Place No. 1",,REP,Matt Gentry,382
Cullman,0005 GOOD HOPE CITY HALL,"Public Service Commission, Place No. 2",,REP,Brent Woodall,68
Cullman,0005 GOOD HOPE CITY HALL,"Public Service Commission, Place No. 2",,REP,Chris Beeker,116
Cullman,0005 GOOD HOPE CITY HALL,"Public Service Commission, Place No. 2",,REP,Jim Zig Zeigler,171
Cullman,0005 GOOD HOPE CITY HALL,"Public Service Commission, Place No. 2",,REP,Priscilla Andrews,57
Cullman,0005 GOOD HOPE CITY HALL,Secretary of State,,REP,Caroleene Dobson,254
Cullman,0005 GOOD HOPE CITY HALL,Secretary of State,,REP,Christopher Christian Horn,98
Cullman,0005 GOOD HOPE CITY HALL,Secretary of State,,REP,Glenda S. Jackson,53
Cullman,0005 GOOD HOPE CITY HALL,State Auditor,,REP,Andrew Sorrell,286
Cullman,0005 GOOD HOPE CITY HALL,State Auditor,,REP,Derek Chen,120
Cullman,0005 GOOD HOPE CITY HALL,State Board of Education,6,REP,Cathi Bradford,246
Cullman,0005 GOOD HOPE CITY HALL,State Board of Education,6,REP,Marie Manning,158
Cullman,0005 GOOD HOPE CITY HALL,"State Republican Executive Committee, Cullman County",,REP,Unverified Candidate 1,243
Cullman,0005 GOOD HOPE CITY HALL,"State Republican Executive Committee, Cullman County",,REP,Unverified Candidate 1,255
Cullman,0005 GOOD HOPE CITY HALL,"State Republican Executive Committee, Cullman County",,REP,Unverified Candidate 2,165
Cullman,0005 GOOD HOPE CITY HALL,"State Republican Executive Committee, Cullman County",,REP,Unverified Candidate 2,65
Cullman,0005 GOOD HOPE CITY HALL,"State Republican Executive Committee, Cullman County",,REP,Unverified Candidate 3,90
Cullman,0005 GOOD HOPE CITY HALL,State Senate,4,REP,Garlan Gudger,256
Cullman,0005 GOOD HOPE CITY HALL,State Senate,4,REP,J.R. Bowling,206
Cullman,0005 GOOD HOPE CITY HALL,State Treasurer,,REP,Steve Lolley,141
Cullman,0005 GOOD HOPE CITY HALL,State Treasurer,,REP,Young Boozer,270
Cullman,0005 GOOD HOPE CITY HALL,U.S. House,4,REP,Robert B. Aderholt,365
Cullman,0005 GOOD HOPE CITY HALL,U.S. House,4,REP,Tommy Barnes,87
Cullman,0005 GOOD HOPE CITY HALL,U.S. Senate,,REP,Barry Moore,127
Cullman,0005 GOOD HOPE CITY HALL,U.S. Senate,,REP,Dale Shelton Deas Jr.,6
Cullman,0005 GOOD HOPE CITY HALL,U.S. Senate,,REP,Jared Hudson,172
Cullman,0005 GOOD HOPE CITY HALL,U.S. Senate,,REP,Morgan Murphy,8
Cullman,0005 GOOD HOPE CITY HALL,U.S. Senate,,REP,Rodney Walker,14
Cullman,0005 GOOD HOPE CITY HALL,U.S. Senate,,REP,Seth Burton,9
Cullman,0005 GOOD HOPE CITY HALL,U.S. Senate,,REP,Steve Marshall,109
Cullman,0006 DODGE CITY COMM CTR,Proposed Statewide Amendment 1,,,No,31
Cullman,0006 DODGE CITY COMM CTR,Proposed Statewide Amendment 1,,,Yes,206
Cullman,0006 DODGE CITY COMM CTR,Proposed Statewide Amendment 2,,,No,127
Cullman,0006 DODGE CITY COMM CTR,Proposed Statewide Amendment 2,,,Yes,102
Cullman,0006 DODGE CITY COMM CTR,"Public Service Commission, Place No. 1",,DEM,James O. Gordon,3
Cullman,0006 DODGE CITY COMM CTR,"Public Service Commission, Place No. 1",,DEM,Jeff Ramsey,4
Cullman,0006 DODGE CITY COMM CTR,"Public Service Commission, Place No. 1",,DEM,John Northrop,6
Cullman,0006 DODGE CITY COMM CTR,U.S. House,4,DEM,Amanda N. Pusczek,10
Cullman,0006 DODGE CITY COMM CTR,U.S. House,4,DEM,Unverified Candidate 3,4
Cullman,0006 DODGE CITY COMM CTR,U.S. Senate,,DEM,Dakarai Larriett,1
Cullman,0006 DODGE CITY COMM CTR,U.S. Senate,,DEM,Everett Wess,3
Cullman,0006 DODGE CITY COMM CTR,U.S. Senate,,DEM,Kyle Sweetser,4
Cullman,0006 DODGE CITY COMM CTR,U.S. Senate,,DEM,Mark S. Wheeler II,6
Cullman,0006 DODGE CITY COMM CTR,Attorney General,,REP,Jay Mitchell,80
Cullman,0006 DODGE CITY COMM CTR,Attorney General,,REP,Katherine Robertson,91
Cullman,0006 DODGE CITY COMM CTR,Attorney General,,REP,Pamela L. Casey,56
Cullman,0006 DODGE CITY COMM CTR,Commissioner of Agriculture and Industries,,REP,Christina Woerner McInnis,62
Cullman,0006 DODGE CITY COMM CTR,Commissioner of Agriculture and Industries,,REP,Cory Hill,74
Cullman,0006 DODGE CITY COMM CTR,Commissioner of Agriculture and Industries,,REP,Jack Williams,68
Cullman,0006 DODGE CITY COMM CTR,"Cullman County Republican Executive Committee, At La",,REP,Unverified Candidate 1,104
Cullman,0006 DODGE CITY COMM CTR,"Cullman County Republican Executive Committee, At La",,REP,Unverified Candidate 10,48
Cullman,0006 DODGE CITY COMM CTR,"Cullman County Republican Executive Committee, At La",,REP,Unverified Candidate 2,75
Cullman,0006 DODGE CITY COMM CTR,"Cullman County Republican Executive Committee, At La",,REP,Unverified Candidate 3,128
Cullman,0006 DODGE CITY COMM CTR,"Cullman County Republican Executive Committee, At La",,REP,Unverified Candidate 4,95
Cullman,0006 DODGE CITY COMM CTR,"Cullman County Republican Executive Committee, At La",,REP,Unverified Candidate 5,83
Cullman,0006 DODGE CITY COMM CTR,"Cullman County Republican Executive Committee, At La",,REP,Unverified Candidate 6,72
Cullman,0006 DODGE CITY COMM CTR,"Cullman County Republican Executive Committee, At La",,REP,Unverified Candidate 7,88
Cullman,0006 DODGE CITY COMM CTR,"Cullman County Republican Executive Committee, At La",,REP,Unverified Candidate 8,64
Cullman,0006 DODGE CITY COMM CTR,"Cullman County Republican Executive Committee, At La",,REP,Unverified Candidate 9,93
Cullman,0006 DODGE CITY COMM CTR,"Cullman County Republican Executive Committee, East",,REP,Unverified Candidate 1,89
Cullman,0006 DODGE CITY COMM CTR,"Cullman County Republican Executive Committee, East",,REP,Unverified Candidate 2,55
Cullman,0006 DODGE CITY COMM CTR,"Cullman County Republican Executive Committee, East",,REP,Unverified Candidate 3,72
Cullman,0006 DODGE CITY COMM CTR,"Cullman County Republican Executive Committee, East",,REP,Unverified Candidate 4,98
Cullman,0006 DODGE CITY COMM CTR,"Cullman County Republican Executive Committee, West",,REP,Unverified Candidate 1,78
Cullman,0006 DODGE CITY COMM CTR,"Cullman County Republican Executive Committee, West",,REP,Unverified Candidate 2,57
Cullman,0006 DODGE CITY COMM CTR,"Cullman County Republican Executive Committee, West",,REP,Unverified Candidate 3,101
Cullman,0006 DODGE CITY COMM CTR,"Cullman County Republican Executive Committee, West",,REP,Unverified Candidate 4,81
Cullman,0006 DODGE CITY COMM CTR,Cullman County Revenue Commissioner,,REP,Kenneth Cornelius,86
Cullman,0006 DODGE CITY COMM CTR,Cullman County Revenue Commissioner,,REP,Mike Pitts,141
Cullman,0006 DODGE CITY COMM CTR,Cullman County Sheriff,,REP,Chad Whaley,166
Cullman,0006 DODGE CITY COMM CTR,Cullman County Sheriff,,REP,Tim Creel,83
Cullman,0006 DODGE CITY COMM CTR,Governor,,REP,"""Alabama"" Will Santivasci",10
Cullman,0006 DODGE CITY COMM CTR,Governor,,REP,Ken McFeeters,13
Cullman,0006 DODGE CITY COMM CTR,Governor,,REP,Thomas Tuberville,217
Cullman,0006 DODGE CITY COMM CTR,Lieutenant Governor,,REP,George Childress,5
Cullman,0006 DODGE CITY COMM CTR,Lieutenant Governor,,REP,John Wahl,95
Cullman,0006 DODGE CITY COMM CTR,Lieutenant Governor,,REP,Nicole Jones Wadsworth,9
Cullman,0006 DODGE CITY COMM CTR,Lieutenant Governor,,REP,Pat Bishop,17
Cullman,0006 DODGE CITY COMM CTR,Lieutenant Governor,,REP,Rick Pate,15
Cullman,0006 DODGE CITY COMM CTR,Lieutenant Governor,,REP,Stewart Hill Tankersley,7
Cullman,0006 DODGE CITY COMM CTR,Lieutenant Governor,,REP,Wes Allen,74
Cullman,0006 DODGE CITY COMM CTR,"Member, Cullman County Commission, District 1",,REP,Kenneth Walker,139
Cullman,0006 DODGE CITY COMM CTR,"Member, Cullman County Commission, District 1",,REP,Reburn Miller,63
Cullman,0006 DODGE CITY COMM CTR,"Member, Cullman County Commission, District 2",,REP,Josh Speakman,106
Cullman,0006 DODGE CITY COMM CTR,"Member, Cullman County Commission, District 2",,REP,Richard Barnett,102
Cullman,0006 DODGE CITY COMM CTR,"Public Service Commission, Place No. 1",,REP,Jeremy H. Oden,41
Cullman,0006 DODGE CITY COMM CTR,"Public Service Commission, Place No. 1",,REP,Matt Gentry,206
Cullman,0006 DODGE CITY COMM CTR,"Public Service Commission, Place No. 2",,REP,Brent Woodall,53
Cullman,0006 DODGE CITY COMM CTR,"Public Service Commission, Place No. 2",,REP,Chris Beeker,47
Cullman,0006 DODGE CITY COMM CTR,"Public Service Commission, Place No. 2",,REP,Jim Zig Zeigler,69
Cullman,0006 DODGE CITY COMM CTR,"Public Service Commission, Place No. 2",,REP,Priscilla Andrews,33
Cullman,0006 DODGE CITY COMM CTR,Secretary of State,,REP,Caroleene Dobson,135
Cullman,0006 DODGE CITY COMM CTR,Secretary of State,,REP,Christopher Christian Horn,50
Cullman,0006 DODGE CITY COMM CTR,Secretary of State,,REP,Glenda S. Jackson,21
Cullman,0006 DODGE CITY COMM CTR,State Auditor,,REP,Andrew Sorrell,147
Cullman,0006 DODGE CITY COMM CTR,State Auditor,,REP,Derek Chen,62
Cullman,0006 DODGE CITY COMM CTR,State Board of Education,6,REP,Cathi Bradford,126
Cullman,0006 DODGE CITY COMM CTR,State Board of Education,6,REP,Marie Manning,71
Cullman,0006 DODGE CITY COMM CTR,"State Republican Executive Committee, Cullman County",,REP,Unverified Candidate 1,110
Cullman,0006 DODGE CITY COMM CTR,"State Republican Executive Committee, Cullman County",,REP,Unverified Candidate 1,101
Cullman,0006 DODGE CITY COMM CTR,"State Republican Executive Committee, Cullman County",,REP,Unverified Candidate 2,95
Cullman,0006 DODGE CITY COMM CTR,"State Republican Executive Committee, Cullman County",,REP,Unverified Candidate 2,54
Cullman,0006 DODGE CITY COMM CTR,"State Republican Executive Committee, Cullman County",,REP,Unverified Candidate 3,49
Cullman,0006 DODGE CITY COMM CTR,State Senate,4,REP,Garlan Gudger,125
Cullman,0006 DODGE CITY COMM CTR,State Senate,4,REP,J.R. Bowling,117
Cullman,0006 DODGE CITY COMM CTR,State Treasurer,,REP,Steve Lolley,81
Cullman,0006 DODGE CITY COMM CTR,State Treasurer,,REP,Young Boozer,128
Cullman,0006 DODGE CITY COMM CTR,U.S. House,4,REP,Robert B. Aderholt,165
Cullman,0006 DODGE CITY COMM CTR,U.S. House,4,REP,Tommy Barnes,69
Cullman,0006 DODGE CITY COMM CTR,U.S. Senate,,REP,Barry Moore,66
Cullman,0006 DODGE CITY COMM CTR,U.S. Senate,,REP,Dale Shelton Deas Jr.,1
Cullman,0006 DODGE CITY COMM CTR,U.S. Senate,,REP,Jared Hudson,87
Cullman,0006 DODGE CITY COMM CTR,U.S. Senate,,REP,Morgan Murphy,6
Cullman,0006 DODGE CITY COMM CTR,U.S. Senate,,REP,Rodney Walker,11
Cullman,0006 DODGE CITY COMM CTR,U.S. Senate,,REP,Seth Burton,6
Cullman,0006 DODGE CITY COMM CTR,U.S. Senate,,REP,Steve Marshall,58
Cullman,0007 HANCEVILLE CITY HALL,Proposed Statewide Amendment 1,,,No,51
Cullman,0007 HANCEVILLE CITY HALL,Proposed Statewide Amendment 1,,,Yes,339
Cullman,0007 HANCEVILLE CITY HALL,Proposed Statewide Amendment 2,,,No,199
Cullman,0007 HANCEVILLE CITY HALL,Proposed Statewide Amendment 2,,,Yes,180
Cullman,0007 HANCEVILLE CITY HALL,"Public Service Commission, Place No. 1",,DEM,James O. Gordon,7
Cullman,0007 HANCEVILLE CITY HALL,"Public Service Commission, Place No. 1",,DEM,Jeff Ramsey,4
Cullman,0007 HANCEVILLE CITY HALL,"Public Service Commission, Place No. 1",,DEM,John Northrop,2
Cullman,0007 HANCEVILLE CITY HALL,U.S. House,4,DEM,Amanda N. Pusczek,5
Cullman,0007 HANCEVILLE CITY HALL,U.S. House,4,DEM,Unverified Candidate 3,9
Cullman,0007 HANCEVILLE CITY HALL,U.S. Senate,,DEM,Dakarai Larriett,4
Cullman,0007 HANCEVILLE CITY HALL,U.S. Senate,,DEM,Everett Wess,1
Cullman,0007 HANCEVILLE CITY HALL,U.S. Senate,,DEM,Kyle Sweetser,4
Cullman,0007 HANCEVILLE CITY HALL,U.S. Senate,,DEM,Mark S. Wheeler II,5
Cullman,0007 HANCEVILLE CITY HALL,Attorney General,,REP,Jay Mitchell,130
Cullman,0007 HANCEVILLE CITY HALL,Attorney General,,REP,Katherine Robertson,123
Cullman,0007 HANCEVILLE CITY HALL,Attorney General,,REP,Pamela L. Casey,131
Cullman,0007 HANCEVILLE CITY HALL,Commissioner of Agriculture and Industries,,REP,Christina Woerner McInnis,105
Cullman,0007 HANCEVILLE CITY HALL,Commissioner of Agriculture and Industries,,REP,Cory Hill,144
Cullman,0007 HANCEVILLE CITY HALL,Commissioner of Agriculture and Industries,,REP,Jack Williams,111
Cullman,0007 HANCEVILLE CITY HALL,"Cullman County Republican Executive Committee, At La",,REP,Unverified Candidate 1,155
Cullman,0007 HANCEVILLE CITY HALL,"Cullman County Republican Executive Committee, At La",,REP,Unverified Candidate 10,105
Cullman,0007 HANCEVILLE CITY HALL,"Cullman County Republican Executive Committee, At La",,REP,Unverified Candidate 2,113
Cullman,0007 HANCEVILLE CITY HALL,"Cullman County Republican Executive Committee, At La",,REP,Unverified Candidate 3,176
Cullman,0007 HANCEVILLE CITY HALL,"Cullman County Republican Executive Committee, At La",,REP,Unverified Candidate 4,169
Cullman,0007 HANCEVILLE CITY HALL,"Cullman County Republican Executive Committee, At La",,REP,Unverified Candidate 5,173
Cullman,0007 HANCEVILLE CITY HALL,"Cullman County Republican Executive Committee, At La",,REP,Unverified Candidate 6,106
Cullman,0007 HANCEVILLE CITY HALL,"Cullman County Republican Executive Committee, At La",,REP,Unverified Candidate 7,148
Cullman,0007 HANCEVILLE CITY HALL,"Cullman County Republican Executive Committee, At La",,REP,Unverified Candidate 8,128
Cullman,0007 HANCEVILLE CITY HALL,"Cullman County Republican Executive Committee, At La",,REP,Unverified Candidate 9,125
Cullman,0007 HANCEVILLE CITY HALL,"Cullman County Republican Executive Committee, East",,REP,Unverified Candidate 1,206
Cullman,0007 HANCEVILLE CITY HALL,"Cullman County Republican Executive Committee, East",,REP,Unverified Candidate 2,71
Cullman,0007 HANCEVILLE CITY HALL,"Cullman County Republican Executive Committee, East",,REP,Unverified Candidate 3,130
Cullman,0007 HANCEVILLE CITY HALL,"Cullman County Republican Executive Committee, East",,REP,Unverified Candidate 4,134
Cullman,0007 HANCEVILLE CITY HALL,"Cullman County Republican Executive Committee, West",,REP,Unverified Candidate 1,128
Cullman,0007 HANCEVILLE CITY HALL,"Cullman County Republican Executive Committee, West",,REP,Unverified Candidate 2,106
Cullman,0007 HANCEVILLE CITY HALL,"Cullman County Republican Executive Committee, West",,REP,Unverified Candidate 3,168
Cullman,0007 HANCEVILLE CITY HALL,"Cullman County Republican Executive Committee, West",,REP,Unverified Candidate 4,137
Cullman,0007 HANCEVILLE CITY HALL,Cullman County Revenue Commissioner,,REP,Kenneth Cornelius,193
Cullman,0007 HANCEVILLE CITY HALL,Cullman County Revenue Commissioner,,REP,Mike Pitts,202
Cullman,0007 HANCEVILLE CITY HALL,Cullman County Sheriff,,REP,Chad Whaley,314
Cullman,0007 HANCEVILLE CITY HALL,Cullman County Sheriff,,REP,Tim Creel,102
Cullman,0007 HANCEVILLE CITY HALL,Governor,,REP,"""Alabama"" Will Santivasci",18
Cullman,0007 HANCEVILLE CITY HALL,Governor,,REP,Ken McFeeters,20
Cullman,0007 HANCEVILLE CITY HALL,Governor,,REP,Thomas Tuberville,363
Cullman,0007 HANCEVILLE CITY HALL,Hanceville / District No. 4,,REP,Unverified Candidate 1,197
Cullman,0007 HANCEVILLE CITY HALL,Hanceville / District No. 4,,REP,Unverified Candidate 2,182
Cullman,0007 HANCEVILLE CITY HALL,Lieutenant Governor,,REP,George Childress,12
Cullman,0007 HANCEVILLE CITY HALL,Lieutenant Governor,,REP,John Wahl,160
Cullman,0007 HANCEVILLE CITY HALL,Lieutenant Governor,,REP,Nicole Jones Wadsworth,31
Cullman,0007 HANCEVILLE CITY HALL,Lieutenant Governor,,REP,Pat Bishop,20
Cullman,0007 HANCEVILLE CITY HALL,Lieutenant Governor,,REP,Rick Pate,15
Cullman,0007 HANCEVILLE CITY HALL,Lieutenant Governor,,REP,Stewart Hill Tankersley,12
Cullman,0007 HANCEVILLE CITY HALL,Lieutenant Governor,,REP,Wes Allen,137
Cullman,0007 HANCEVILLE CITY HALL,"Member, Cullman County Commission, District 1",,REP,Kenneth Walker,270
Cullman,0007 HANCEVILLE CITY HALL,"Member, Cullman County Commission, District 1",,REP,Reburn Miller,87
Cullman,0007 HANCEVILLE CITY HALL,"Member, Cullman County Commission, District 2",,REP,Josh Speakman,165
Cullman,0007 HANCEVILLE CITY HALL,"Member, Cullman County Commission, District 2",,REP,Richard Barnett,183
Cullman,0007 HANCEVILLE CITY HALL,"Public Service Commission, Place No. 1",,REP,Jeremy H. Oden,80
Cullman,0007 HANCEVILLE CITY HALL,"Public Service Commission, Place No. 1",,REP,Matt Gentry,336
Cullman,0007 HANCEVILLE CITY HALL,"Public Service Commission, Place No. 2",,REP,Brent Woodall,64
Cullman,0007 HANCEVILLE CITY HALL,"Public Service Commission, Place No. 2",,REP,Chris Beeker,91
Cullman,0007 HANCEVILLE CITY HALL,"Public Service Commission, Place No. 2",,REP,Jim Zig Zeigler,148
Cullman,0007 HANCEVILLE CITY HALL,"Public Service Commission, Place No. 2",,REP,Priscilla Andrews,61
Cullman,0007 HANCEVILLE CITY HALL,Secretary of State,,REP,Caroleene Dobson,221
Cullman,0007 HANCEVILLE CITY HALL,Secretary of State,,REP,Christopher Christian Horn,99
Cullman,0007 HANCEVILLE CITY HALL,Secretary of State,,REP,Glenda S. Jackson,43
Cullman,0007 HANCEVILLE CITY HALL,State Auditor,,REP,Andrew Sorrell,257
Cullman,0007 HANCEVILLE CITY HALL,State Auditor,,REP,Derek Chen,110
Cullman,0007 HANCEVILLE CITY HALL,State Board of Education,6,REP,Cathi Bradford,255
Cullman,0007 HANCEVILLE CITY HALL,State Board of Education,6,REP,Marie Manning,123
Cullman,0007 HANCEVILLE CITY HALL,"State Republican Executive Committee, Cullman County",,REP,Unverified Candidate 1,252
Cullman,0007 HANCEVILLE CITY HALL,"State Republican Executive Committee, Cullman County",,REP,Unverified Candidate 1,210
Cullman,0007 HANCEVILLE CITY HALL,"State Republican Executive Committee, Cullman County",,REP,Unverified Candidate 2,120
Cullman,0007 HANCEVILLE CITY HALL,"State Republican Executive Committee, Cullman County",,REP,Unverified Candidate 2,61
Cullman,0007 HANCEVILLE CITY HALL,"State Republican Executive Committee, Cullman County",,REP,Unverified Candidate 3,95
Cullman,0007 HANCEVILLE CITY HALL,State Senate,4,REP,Garlan Gudger,276
Cullman,0007 HANCEVILLE CITY HALL,State Senate,4,REP,J.R. Bowling,135
Cullman,0007 HANCEVILLE CITY HALL,State Treasurer,,REP,Steve Lolley,121
Cullman,0007 HANCEVILLE CITY HALL,State Treasurer,,REP,Young Boozer,243
Cullman,0007 HANCEVILLE CITY HALL,U.S. House,4,REP,Robert B. Aderholt,310
Cullman,0007 HANCEVILLE CITY HALL,U.S. House,4,REP,Tommy Barnes,92
Cullman,0007 HANCEVILLE CITY HALL,U.S. Senate,,REP,Barry Moore,118
Cullman,0007 HANCEVILLE CITY HALL,U.S. Senate,,REP,Dale Shelton Deas Jr.,8
Cullman,0007 HANCEVILLE CITY HALL,U.S. Senate,,REP,Jared Hudson,118
Cullman,0007 HANCEVILLE CITY HALL,U.S. Senate,,REP,Morgan Murphy,3
Cullman,0007 HANCEVILLE CITY HALL,U.S. Senate,,REP,Rodney Walker,27
Cullman,0007 HANCEVILLE CITY HALL,U.S. Senate,,REP,Seth Burton,5
Cullman,0007 HANCEVILLE CITY HALL,U.S. Senate,,REP,Steve Marshall,117
Cullman,0008 HANCEVILLE CIVIC CTR,Proposed Statewide Amendment 1,,,No,44
Cullman,0008 HANCEVILLE CIVIC CTR,Proposed Statewide Amendment 1,,,Yes,346
Cullman,0008 HANCEVILLE CIVIC CTR,Proposed Statewide Amendment 2,,,No,179
Cullman,0008 HANCEVILLE CIVIC CTR,Proposed Statewide Amendment 2,,,Yes,195
Cullman,0008 HANCEVILLE CIVIC CTR,"Public Service Commission, Place No. 1",,DEM,James O. Gordon,13
Cullman,0008 HANCEVILLE CIVIC CTR,"Public Service Commission, Place No. 1",,DEM,Jeff Ramsey,7
Cullman,0008 HANCEVILLE CIVIC CTR,"Public Service Commission, Place No. 1",,DEM,John Northrop,11
Cullman,0008 HANCEVILLE CIVIC CTR,U.S. House,4,DEM,Amanda N. Pusczek,19
Cullman,0008 HANCEVILLE CIVIC CTR,U.S. House,4,DEM,Unverified Candidate 3,13
Cullman,0008 HANCEVILLE CIVIC CTR,U.S. Senate,,DEM,Dakarai Larriett,11
Cullman,0008 HANCEVILLE CIVIC CTR,U.S. Senate,,DEM,Everett Wess,6
Cullman,0008 HANCEVILLE CIVIC CTR,U.S. Senate,,DEM,Kyle Sweetser,4
Cullman,0008 HANCEVILLE CIVIC CTR,U.S. Senate,,DEM,Mark S. Wheeler II,11
Cullman,0008 HANCEVILLE CIVIC CTR,Attorney General,,REP,Jay Mitchell,109
Cullman,0008 HANCEVILLE CIVIC CTR,Attorney General,,REP,Katherine Robertson,97
Cullman,0008 HANCEVILLE CIVIC CTR,Attorney General,,REP,Pamela L. Casey,126
Cullman,0008 HANCEVILLE CIVIC CTR,Commissioner of Agriculture and Industries,,REP,Christina Woerner McInnis,98
Cullman,0008 HANCEVILLE CIVIC CTR,Commissioner of Agriculture and Industries,,REP,Cory Hill,132
Cullman,0008 HANCEVILLE CIVIC CTR,Commissioner of Agriculture and Industries,,REP,Jack Williams,94
Cullman,0008 HANCEVILLE CIVIC CTR,"Cullman County Republican Executive Committee, At La",,REP,Unverified Candidate 1,128
Cullman,0008 HANCEVILLE CIVIC CTR,"Cullman County Republican Executive Committee, At La",,REP,Unverified Candidate 10,82
Cullman,0008 HANCEVILLE CIVIC CTR,"Cullman County Republican Executive Committee, At La",,REP,Unverified Candidate 2,88
Cullman,0008 HANCEVILLE CIVIC CTR,"Cullman County Republican Executive Committee, At La",,REP,Unverified Candidate 3,179
Cullman,0008 HANCEVILLE CIVIC CTR,"Cullman County Republican Executive Committee, At La",,REP,Unverified Candidate 4,146
Cullman,0008 HANCEVILLE CIVIC CTR,"Cullman County Republican Executive Committee, At La",,REP,Unverified Candidate 5,129
Cullman,0008 HANCEVILLE CIVIC CTR,"Cullman County Republican Executive Committee, At La",,REP,Unverified Candidate 6,86
Cullman,0008 HANCEVILLE CIVIC CTR,"Cullman County Republican Executive Committee, At La",,REP,Unverified Candidate 7,101
Cullman,0008 HANCEVILLE CIVIC CTR,"Cullman County Republican Executive Committee, At La",,REP,Unverified Candidate 8,107
Cullman,0008 HANCEVILLE CIVIC CTR,"Cullman County Republican Executive Committee, At La",,REP,Unverified Candidate 9,121
Cullman,0008 HANCEVILLE CIVIC CTR,"Cullman County Republican Executive Committee, East",,REP,Unverified Candidate 1,205
Cullman,0008 HANCEVILLE CIVIC CTR,"Cullman County Republican Executive Committee, East",,REP,Unverified Candidate 2,71
Cullman,0008 HANCEVILLE CIVIC CTR,"Cullman County Republican Executive Committee, East",,REP,Unverified Candidate 3,92
Cullman,0008 HANCEVILLE CIVIC CTR,"Cullman County Republican Executive Committee, East",,REP,Unverified Candidate 4,138
Cullman,0008 HANCEVILLE CIVIC CTR,"Cullman County Republican Executive Committee, West",,REP,Unverified Candidate 1,118
Cullman,0008 HANCEVILLE CIVIC CTR,"Cullman County Republican Executive Committee, West",,REP,Unverified Candidate 2,88
Cullman,0008 HANCEVILLE CIVIC CTR,"Cullman County Republican Executive Committee, West",,REP,Unverified Candidate 3,144
Cullman,0008 HANCEVILLE CIVIC CTR,"Cullman County Republican Executive Committee, West",,REP,Unverified Candidate 4,143
Cullman,0008 HANCEVILLE CIVIC CTR,Cullman County Revenue Commissioner,,REP,Kenneth Cornelius,148
Cullman,0008 HANCEVILLE CIVIC CTR,Cullman County Revenue Commissioner,,REP,Mike Pitts,202
Cullman,0008 HANCEVILLE CIVIC CTR,Cullman County Sheriff,,REP,Chad Whaley,282
Cullman,0008 HANCEVILLE CIVIC CTR,Cullman County Sheriff,,REP,Tim Creel,84
Cullman,0008 HANCEVILLE CIVIC CTR,Governor,,REP,"""Alabama"" Will Santivasci",14
Cullman,0008 HANCEVILLE CIVIC CTR,Governor,,REP,Ken McFeeters,20
Cullman,0008 HANCEVILLE CIVIC CTR,Governor,,REP,Thomas Tuberville,325
Cullman,0008 HANCEVILLE CIVIC CTR,Hanceville / District No. 4,,REP,Unverified Candidate 1,194
Cullman,0008 HANCEVILLE CIVIC CTR,Hanceville / District No. 4,,REP,Unverified Candidate 2,147
Cullman,0008 HANCEVILLE CIVIC CTR,Lieutenant Governor,,REP,George Childress,9
Cullman,0008 HANCEVILLE CIVIC CTR,Lieutenant Governor,,REP,John Wahl,153
Cullman,0008 HANCEVILLE CIVIC CTR,Lieutenant Governor,,REP,Nicole Jones Wadsworth,11
Cullman,0008 HANCEVILLE CIVIC CTR,Lieutenant Governor,,REP,Pat Bishop,33
Cullman,0008 HANCEVILLE CIVIC CTR,Lieutenant Governor,,REP,Rick Pate,24
Cullman,0008 HANCEVILLE CIVIC CTR,Lieutenant Governor,,REP,Stewart Hill Tankersley,8
Cullman,0008 HANCEVILLE CIVIC CTR,Lieutenant Governor,,REP,Wes Allen,101
Cullman,0008 HANCEVILLE CIVIC CTR,"Member, Cullman County Commission, District 1",,REP,Kenneth Walker,236
Cullman,0008 HANCEVILLE CIVIC CTR,"Member, Cullman County Commission, District 1",,REP,Reburn Miller,82
Cullman,0008 HANCEVILLE CIVIC CTR,"Member, Cullman County Commission, District 2",,REP,Josh Speakman,147
Cullman,0008 HANCEVILLE CIVIC CTR,"Member, Cullman County Commission, District 2",,REP,Richard Barnett,173
Cullman,0008 HANCEVILLE CIVIC CTR,"Public Service Commission, Place No. 1",,REP,Jeremy H. Oden,46
Cullman,0008 HANCEVILLE CIVIC CTR,"Public Service Commission, Place No. 1",,REP,Matt Gentry,319
Cullman,0008 HANCEVILLE CIVIC CTR,"Public Service Commission, Place No. 2",,REP,Brent Woodall,88
Cullman,0008 HANCEVILLE CIVIC CTR,"Public Service Commission, Place No. 2",,REP,Chris Beeker,60
Cullman,0008 HANCEVILLE CIVIC CTR,"Public Service Commission, Place No. 2",,REP,Jim Zig Zeigler,120
Cullman,0008 HANCEVILLE CIVIC CTR,"Public Service Commission, Place No. 2",,REP,Priscilla Andrews,53
Cullman,0008 HANCEVILLE CIVIC CTR,Secretary of State,,REP,Caroleene Dobson,203
Cullman,0008 HANCEVILLE CIVIC CTR,Secretary of State,,REP,Christopher Christian Horn,71
Cullman,0008 HANCEVILLE CIVIC CTR,Secretary of State,,REP,Glenda S. Jackson,50
Cullman,0008 HANCEVILLE CIVIC CTR,State Auditor,,REP,Andrew Sorrell,222
Cullman,0008 HANCEVILLE CIVIC CTR,State Auditor,,REP,Derek Chen,102
Cullman,0008 HANCEVILLE CIVIC CTR,State Board of Education,6,REP,Cathi Bradford,245
Cullman,0008 HANCEVILLE CIVIC CTR,State Board of Education,6,REP,Marie Manning,88
Cullman,0008 HANCEVILLE CIVIC CTR,"State Republican Executive Committee, Cullman County",,REP,Unverified Candidate 1,227
Cullman,0008 HANCEVILLE CIVIC CTR,"State Republican Executive Committee, Cullman County",,REP,Unverified Candidate 1,189
Cullman,0008 HANCEVILLE CIVIC CTR,"State Republican Executive Committee, Cullman County",,REP,Unverified Candidate 2,106
Cullman,0008 HANCEVILLE CIVIC CTR,"State Republican Executive Committee, Cullman County",,REP,Unverified Candidate 2,62
Cullman,0008 HANCEVILLE CIVIC CTR,"State Republican Executive Committee, Cullman County",,REP,Unverified Candidate 3,69
Cullman,0008 HANCEVILLE CIVIC CTR,State Senate,4,REP,Garlan Gudger,215
Cullman,0008 HANCEVILLE CIVIC CTR,State Senate,4,REP,J.R. Bowling,146
Cullman,0008 HANCEVILLE CIVIC CTR,State Treasurer,,REP,Steve Lolley,119
Cullman,0008 HANCEVILLE CIVIC CTR,State Treasurer,,REP,Young Boozer,206
Cullman,0008 HANCEVILLE CIVIC CTR,U.S. House,4,REP,Robert B. Aderholt,257
Cullman,0008 HANCEVILLE CIVIC CTR,U.S. House,4,REP,Tommy Barnes,90
Cullman,0008 HANCEVILLE CIVIC CTR,U.S. Senate,,REP,Barry Moore,97
Cullman,0008 HANCEVILLE CIVIC CTR,U.S. Senate,,REP,Dale Shelton Deas Jr.,4
Cullman,0008 HANCEVILLE CIVIC CTR,U.S. Senate,,REP,Jared Hudson,118
Cullman,0008 HANCEVILLE CIVIC CTR,U.S. Senate,,REP,Morgan Murphy,6
Cullman,0008 HANCEVILLE CIVIC CTR,U.S. Senate,,REP,Rodney Walker,20
Cullman,0008 HANCEVILLE CIVIC CTR,U.S. Senate,,REP,Seth Burton,11
Cullman,0008 HANCEVILLE CIVIC CTR,U.S. Senate,,REP,Steve Marshall,84
Cullman,0009 GARDEN CITY TOWN HALL,Proposed Statewide Amendment 1,,,No,46
Cullman,0009 GARDEN CITY TOWN HALL,Proposed Statewide Amendment 1,,,Yes,187
Cullman,0009 GARDEN CITY TOWN HALL,Proposed Statewide Amendment 2,,,No,119
Cullman,0009 GARDEN CITY TOWN HALL,Proposed Statewide Amendment 2,,,Yes,106
Cullman,0009 GARDEN CITY TOWN HALL,"Public Service Commission, Place No. 1",,DEM,James O. Gordon,3
Cullman,0009 GARDEN CITY TOWN HALL,"Public Service Commission, Place No. 1",,DEM,Jeff Ramsey,5
Cullman,0009 GARDEN CITY TOWN HALL,"Public Service Commission, Place No. 1",,DEM,John Northrop,3
Cullman,0009 GARDEN CITY TOWN HALL,U.S. House,4,DEM,Amanda N. Pusczek,6
Cullman,0009 GARDEN CITY TOWN HALL,U.S. House,4,DEM,Unverified Candidate 3,5
Cullman,0009 GARDEN CITY TOWN HALL,U.S. Senate,,DEM,Dakarai Larriett,6
Cullman,0009 GARDEN CITY TOWN HALL,U.S. Senate,,DEM,Everett Wess,1
Cullman,0009 GARDEN CITY TOWN HALL,U.S. Senate,,DEM,Kyle Sweetser,1
Cullman,0009 GARDEN CITY TOWN HALL,U.S. Senate,,DEM,Mark S. Wheeler II,3
Cullman,0009 GARDEN CITY TOWN HALL,Attorney General,,REP,Jay Mitchell,60
Cullman,0009 GARDEN CITY TOWN HALL,Attorney General,,REP,Katherine Robertson,51
Cullman,0009 GARDEN CITY TOWN HALL,Attorney General,,REP,Pamela L. Casey,111
Cullman,0009 GARDEN CITY TOWN HALL,Commissioner of Agriculture and Industries,,REP,Christina Woerner McInnis,54
Cullman,0009 GARDEN CITY TOWN HALL,Commissioner of Agriculture and Industries,,REP,Cory Hill,93
Cullman,0009 GARDEN CITY TOWN HALL,Commissioner of Agriculture and Industries,,REP,Jack Williams,44
Cullman,0009 GARDEN CITY TOWN HALL,"Cullman County Republican Executive Committee, At La",,REP,Unverified Candidate 1,77
Cullman,0009 GARDEN CITY TOWN HALL,"Cullman County Republican Executive Committee, At La",,REP,Unverified Candidate 10,39
Cullman,0009 GARDEN CITY TOWN HALL,"Cullman County Republican Executive Committee, At La",,REP,Unverified Candidate 2,46
Cullman,0009 GARDEN CITY TOWN HALL,"Cullman County Republican Executive Committee, At La",,REP,Unverified Candidate 3,93
Cullman,0009 GARDEN CITY TOWN HALL,"Cullman County Republican Executive Committee, At La",,REP,Unverified Candidate 4,64
Cullman,0009 GARDEN CITY TOWN HALL,"Cullman County Republican Executive Committee, At La",,REP,Unverified Candidate 5,65
Cullman,0009 GARDEN CITY TOWN HALL,"Cullman County Republican Executive Committee, At La",,REP,Unverified Candidate 6,40
Cullman,0009 GARDEN CITY TOWN HALL,"Cullman County Republican Executive Committee, At La",,REP,Unverified Candidate 7,69
Cullman,0009 GARDEN CITY TOWN HALL,"Cullman County Republican Executive Committee, At La",,REP,Unverified Candidate 8,47
Cullman,0009 GARDEN CITY TOWN HALL,"Cullman County Republican Executive Committee, At La",,REP,Unverified Candidate 9,54
Cullman,0009 GARDEN CITY TOWN HALL,"Cullman County Republican Executive Committee, East",,REP,Unverified Candidate 1,119
Cullman,0009 GARDEN CITY TOWN HALL,"Cullman County Republican Executive Committee, East",,REP,Unverified Candidate 2,37
Cullman,0009 GARDEN CITY TOWN HALL,"Cullman County Republican Executive Committee, East",,REP,Unverified Candidate 3,55
Cullman,0009 GARDEN CITY TOWN HALL,"Cullman County Republican Executive Committee, East",,REP,Unverified Candidate 4,61
Cullman,0009 GARDEN CITY TOWN HALL,"Cullman County Republican Executive Committee, West",,REP,Unverified Candidate 1,60
Cullman,0009 GARDEN CITY TOWN HALL,"Cullman County Republican Executive Committee, West",,REP,Unverified Candidate 2,41
Cullman,0009 GARDEN CITY TOWN HALL,"Cullman County Republican Executive Committee, West",,REP,Unverified Candidate 3,91
Cullman,0009 GARDEN CITY TOWN HALL,"Cullman County Republican Executive Committee, West",,REP,Unverified Candidate 4,69
Cullman,0009 GARDEN CITY TOWN HALL,Cullman County Revenue Commissioner,,REP,Kenneth Cornelius,97
Cullman,0009 GARDEN CITY TOWN HALL,Cullman County Revenue Commissioner,,REP,Mike Pitts,128
Cullman,0009 GARDEN CITY TOWN HALL,Cullman County Sheriff,,REP,Chad Whaley,184
Cullman,0009 GARDEN CITY TOWN HALL,Cullman County Sheriff,,REP,Tim Creel,51
Cullman,0009 GARDEN CITY TOWN HALL,Governor,,REP,"""Alabama"" Will Santivasci",16
Cullman,0009 GARDEN CITY TOWN HALL,Governor,,REP,Ken McFeeters,22
Cullman,0009 GARDEN CITY TOWN HALL,Governor,,REP,Thomas Tuberville,198
Cullman,0009 GARDEN CITY TOWN HALL,Hanceville / District No. 4,,REP,Unverified Candidate 1,125
Cullman,0009 GARDEN CITY TOWN HALL,Hanceville / District No. 4,,REP,Unverified Candidate 2,94
Cullman,0009 GARDEN CITY TOWN HALL,Lieutenant Governor,,REP,George Childress,4
Cullman,0009 GARDEN CITY TOWN HALL,Lieutenant Governor,,REP,John Wahl,84
Cullman,0009 GARDEN CITY TOWN HALL,Lieutenant Governor,,REP,Nicole Jones Wadsworth,23
Cullman,0009 GARDEN CITY TOWN HALL,Lieutenant Governor,,REP,Pat Bishop,20
Cullman,0009 GARDEN CITY TOWN HALL,Lieutenant Governor,,REP,Rick Pate,14
Cullman,0009 GARDEN CITY TOWN HALL,Lieutenant Governor,,REP,Stewart Hill Tankersley,13
Cullman,0009 GARDEN CITY TOWN HALL,Lieutenant Governor,,REP,Wes Allen,60
Cullman,0009 GARDEN CITY TOWN HALL,"Member, Cullman County Commission, District 1",,REP,Kenneth Walker,153
Cullman,0009 GARDEN CITY TOWN HALL,"Member, Cullman County Commission, District 1",,REP,Reburn Miller,36
Cullman,0009 GARDEN CITY TOWN HALL,"Member, Cullman County Commission, District 2",,REP,Josh Speakman,99
Cullman,0009 GARDEN CITY TOWN HALL,"Member, Cullman County Commission, District 2",,REP,Richard Barnett,93
Cullman,0009 GARDEN CITY TOWN HALL,"Public Service Commission, Place No. 1",,REP,Jeremy H. Oden,46
Cullman,0009 GARDEN CITY TOWN HALL,"Public Service Commission, Place No. 1",,REP,Matt Gentry,194
Cullman,0009 GARDEN CITY TOWN HALL,"Public Service Commission, Place No. 2",,REP,Brent Woodall,34
Cullman,0009 GARDEN CITY TOWN HALL,"Public Service Commission, Place No. 2",,REP,Chris Beeker,52
Cullman,0009 GARDEN CITY TOWN HALL,"Public Service Commission, Place No. 2",,REP,Jim Zig Zeigler,72
Cullman,0009 GARDEN CITY TOWN HALL,"Public Service Commission, Place No. 2",,REP,Priscilla Andrews,34
Cullman,0009 GARDEN CITY TOWN HALL,Secretary of State,,REP,Caroleene Dobson,121
Cullman,0009 GARDEN CITY TOWN HALL,Secretary of State,,REP,Christopher Christian Horn,48
Cullman,0009 GARDEN CITY TOWN HALL,Secretary of State,,REP,Glenda S. Jackson,26
Cullman,0009 GARDEN CITY TOWN HALL,State Auditor,,REP,Andrew Sorrell,129
Cullman,0009 GARDEN CITY TOWN HALL,State Auditor,,REP,Derek Chen,72
Cullman,0009 GARDEN CITY TOWN HALL,State Board of Education,6,REP,Cathi Bradford,150
Cullman,0009 GARDEN CITY TOWN HALL,State Board of Education,6,REP,Marie Manning,49
Cullman,0009 GARDEN CITY TOWN HALL,"State Republican Executive Committee, Cullman County",,REP,Unverified Candidate 1,146
Cullman,0009 GARDEN CITY TOWN HALL,"State Republican Executive Committee, Cullman County",,REP,Unverified Candidate 1,111
Cullman,0009 GARDEN CITY TOWN HALL,"State Republican Executive Committee, Cullman County",,REP,Unverified Candidate 2,55
Cullman,0009 GARDEN CITY TOWN HALL,"State Republican Executive Committee, Cullman County",,REP,Unverified Candidate 2,32
Cullman,0009 GARDEN CITY TOWN HALL,"State Republican Executive Committee, Cullman County",,REP,Unverified Candidate 3,49
Cullman,0009 GARDEN CITY TOWN HALL,State Senate,4,REP,Garlan Gudger,157
Cullman,0009 GARDEN CITY TOWN HALL,State Senate,4,REP,J.R. Bowling,77
Cullman,0009 GARDEN CITY TOWN HALL,State Treasurer,,REP,Steve Lolley,65
Cullman,0009 GARDEN CITY TOWN HALL,State Treasurer,,REP,Young Boozer,130
Cullman,0009 GARDEN CITY TOWN HALL,U.S. House,4,REP,Robert B. Aderholt,179
Cullman,0009 GARDEN CITY TOWN HALL,U.S. House,4,REP,Tommy Barnes,44
Cullman,0009 GARDEN CITY TOWN HALL,U.S. Senate,,REP,Barry Moore,48
Cullman,0009 GARDEN CITY TOWN HALL,U.S. Senate,,REP,Dale Shelton Deas Jr.,7
Cullman,0009 GARDEN CITY TOWN HALL,U.S. Senate,,REP,Jared Hudson,83
Cullman,0009 GARDEN CITY TOWN HALL,U.S. Senate,,REP,Morgan Murphy,3
Cullman,0009 GARDEN CITY TOWN HALL,U.S. Senate,,REP,Rodney Walker,15
Cullman,0009 GARDEN CITY TOWN HALL,U.S. Senate,,REP,Seth Burton,7
Cullman,0009 GARDEN CITY TOWN HALL,U.S. Senate,,REP,Steve Marshall,62
Cullman,0010 STOUTS MTN BAPT CH,Proposed Statewide Amendment 1,,,No,6
Cullman,0010 STOUTS MTN BAPT CH,Proposed Statewide Amendment 1,,,Yes,83
Cullman,0010 STOUTS MTN BAPT CH,Proposed Statewide Amendment 2,,,No,41
Cullman,0010 STOUTS MTN BAPT CH,Proposed Statewide Amendment 2,,,Yes,43
Cullman,0010 STOUTS MTN BAPT CH,"Public Service Commission, Place No. 1",,DEM,James O. Gordon,2
Cullman,0010 STOUTS MTN BAPT CH,"Public Service Commission, Place No. 1",,DEM,Jeff Ramsey,1
Cullman,0010 STOUTS MTN BAPT CH,"Public Service Commission, Place No. 1",,DEM,John Northrop,4
Cullman,0010 STOUTS MTN BAPT CH,U.S. House,4,DEM,Amanda N. Pusczek,5
Cullman,0010 STOUTS MTN BAPT CH,U.S. House,4,DEM,Unverified Candidate 3,2
Cullman,0010 STOUTS MTN BAPT CH,U.S. Senate,,DEM,Dakarai Larriett,4
Cullman,0010 STOUTS MTN BAPT CH,U.S. Senate,,DEM,Everett Wess,0
Cullman,0010 STOUTS MTN BAPT CH,U.S. Senate,,DEM,Kyle Sweetser,1
Cullman,0010 STOUTS MTN BAPT CH,U.S. Senate,,DEM,Mark S. Wheeler II,2
Cullman,0010 STOUTS MTN BAPT CH,Attorney General,,REP,Jay Mitchell,20
Cullman,0010 STOUTS MTN BAPT CH,Attorney General,,REP,Katherine Robertson,21
Cullman,0010 STOUTS MTN BAPT CH,Attorney General,,REP,Pamela L. Casey,34
Cullman,0010 STOUTS MTN BAPT CH,Commissioner of Agriculture and Industries,,REP,Christina Woerner McInnis,23
Cullman,0010 STOUTS MTN BAPT CH,Commissioner of Agriculture and Industries,,REP,Cory Hill,30
Cullman,0010 STOUTS MTN BAPT CH,Commissioner of Agriculture and Industries,,REP,Jack Williams,19
Cullman,0010 STOUTS MTN BAPT CH,"Cullman County Republican Executive Committee, At La",,REP,Unverified Candidate 1,40
Cullman,0010 STOUTS MTN BAPT CH,"Cullman County Republican Executive Committee, At La",,REP,Unverified Candidate 10,14
Cullman,0010 STOUTS MTN BAPT CH,"Cullman County Republican Executive Committee, At La",,REP,Unverified Candidate 2,15
Cullman,0010 STOUTS MTN BAPT CH,"Cullman County Republican Executive Committee, At La",,REP,Unverified Candidate 3,44
Cullman,0010 STOUTS MTN BAPT CH,"Cullman County Republican Executive Committee, At La",,REP,Unverified Candidate 4,19
Cullman,0010 STOUTS MTN BAPT CH,"Cullman County Republican Executive Committee, At La",,REP,Unverified Candidate 5,30
Cullman,0010 STOUTS MTN BAPT CH,"Cullman County Republican Executive Committee, At La",,REP,Unverified Candidate 6,19
Cullman,0010 STOUTS MTN BAPT CH,"Cullman County Republican Executive Committee, At La",,REP,Unverified Candidate 7,20
Cullman,0010 STOUTS MTN BAPT CH,"Cullman County Republican Executive Committee, At La",,REP,Unverified Candidate 8,24
Cullman,0010 STOUTS MTN BAPT CH,"Cullman County Republican Executive Committee, At La",,REP,Unverified Candidate 9,25
Cullman,0010 STOUTS MTN BAPT CH,"Cullman County Republican Executive Committee, East",,REP,Unverified Candidate 1,43
Cullman,0010 STOUTS MTN BAPT CH,"Cullman County Republican Executive Committee, East",,REP,Unverified Candidate 2,13
Cullman,0010 STOUTS MTN BAPT CH,"Cullman County Republican Executive Committee, East",,REP,Unverified Candidate 3,28
Cullman,0010 STOUTS MTN BAPT CH,"Cullman County Republican Executive Committee, East",,REP,Unverified Candidate 4,29
Cullman,0010 STOUTS MTN BAPT CH,"Cullman County Republican Executive Committee, West",,REP,Unverified Candidate 1,22
Cullman,0010 STOUTS MTN BAPT CH,"Cullman County Republican Executive Committee, West",,REP,Unverified Candidate 2,23
Cullman,0010 STOUTS MTN BAPT CH,"Cullman County Republican Executive Committee, West",,REP,Unverified Candidate 3,33
Cullman,0010 STOUTS MTN BAPT CH,"Cullman County Republican Executive Committee, West",,REP,Unverified Candidate 4,19
Cullman,0010 STOUTS MTN BAPT CH,Cullman County Revenue Commissioner,,REP,Kenneth Cornelius,28
Cullman,0010 STOUTS MTN BAPT CH,Cullman County Revenue Commissioner,,REP,Mike Pitts,51
Cullman,0010 STOUTS MTN BAPT CH,Cullman County Sheriff,,REP,Chad Whaley,74
Cullman,0010 STOUTS MTN BAPT CH,Cullman County Sheriff,,REP,Tim Creel,12
Cullman,0010 STOUTS MTN BAPT CH,Governor,,REP,"""Alabama"" Will Santivasci",4
Cullman,0010 STOUTS MTN BAPT CH,Governor,,REP,Ken McFeeters,2
Cullman,0010 STOUTS MTN BAPT CH,Governor,,REP,Thomas Tuberville,76
Cullman,0010 STOUTS MTN BAPT CH,Hanceville / District No. 4,,REP,Unverified Candidate 1,44
Cullman,0010 STOUTS MTN BAPT CH,Hanceville / District No. 4,,REP,Unverified Candidate 2,25
Cullman,0010 STOUTS MTN BAPT CH,Lieutenant Governor,,REP,George Childress,3
Cullman,0010 STOUTS MTN BAPT CH,Lieutenant Governor,,REP,John Wahl,27
Cullman,0010 STOUTS MTN BAPT CH,Lieutenant Governor,,REP,Nicole Jones Wadsworth,4
Cullman,0010 STOUTS MTN BAPT CH,Lieutenant Governor,,REP,Pat Bishop,4
Cullman,0010 STOUTS MTN BAPT CH,Lieutenant Governor,,REP,Rick Pate,3
Cullman,0010 STOUTS MTN BAPT CH,Lieutenant Governor,,REP,Stewart Hill Tankersley,4
Cullman,0010 STOUTS MTN BAPT CH,Lieutenant Governor,,REP,Wes Allen,29
Cullman,0010 STOUTS MTN BAPT CH,"Member, Cullman County Commission, District 1",,REP,Kenneth Walker,47
Cullman,0010 STOUTS MTN BAPT CH,"Member, Cullman County Commission, District 1",,REP,Reburn Miller,21
Cullman,0010 STOUTS MTN BAPT CH,"Member, Cullman County Commission, District 2",,REP,Josh Speakman,27
Cullman,0010 STOUTS MTN BAPT CH,"Member, Cullman County Commission, District 2",,REP,Richard Barnett,45
Cullman,0010 STOUTS MTN BAPT CH,"Public Service Commission, Place No. 1",,REP,Jeremy H. Oden,12
Cullman,0010 STOUTS MTN BAPT CH,"Public Service Commission, Place No. 1",,REP,Matt Gentry,72
Cullman,0010 STOUTS MTN BAPT CH,"Public Service Commission, Place No. 2",,REP,Brent Woodall,13
Cullman,0010 STOUTS MTN BAPT CH,"Public Service Commission, Place No. 2",,REP,Chris Beeker,14
Cullman,0010 STOUTS MTN BAPT CH,"Public Service Commission, Place No. 2",,REP,Jim Zig Zeigler,29
Cullman,0010 STOUTS MTN BAPT CH,"Public Service Commission, Place No. 2",,REP,Priscilla Andrews,13
Cullman,0010 STOUTS MTN BAPT CH,Secretary of State,,REP,Caroleene Dobson,48
Cullman,0010 STOUTS MTN BAPT CH,Secretary of State,,REP,Christopher Christian Horn,16
Cullman,0010 STOUTS MTN BAPT CH,Secretary of State,,REP,Glenda S. Jackson,9
Cullman,0010 STOUTS MTN BAPT CH,State Auditor,,REP,Andrew Sorrell,57
Cullman,0010 STOUTS MTN BAPT CH,State Auditor,,REP,Derek Chen,18
Cullman,0010 STOUTS MTN BAPT CH,State Board of Education,6,REP,Cathi Bradford,53
Cullman,0010 STOUTS MTN BAPT CH,State Board of Education,6,REP,Marie Manning,20
Cullman,0010 STOUTS MTN BAPT CH,"State Republican Executive Committee, Cullman County",,REP,Unverified Candidate 1,55
Cullman,0010 STOUTS MTN BAPT CH,"State Republican Executive Committee, Cullman County",,REP,Unverified Candidate 1,39
Cullman,0010 STOUTS MTN BAPT CH,"State Republican Executive Committee, Cullman County",,REP,Unverified Candidate 2,19
Cullman,0010 STOUTS MTN BAPT CH,"State Republican Executive Committee, Cullman County",,REP,Unverified Candidate 2,11
Cullman,0010 STOUTS MTN BAPT CH,"State Republican Executive Committee, Cullman County",,REP,Unverified Candidate 3,21
Cullman,0010 STOUTS MTN BAPT CH,State Senate,4,REP,Garlan Gudger,54
Cullman,0010 STOUTS MTN BAPT CH,State Senate,4,REP,J.R. Bowling,24
Cullman,0010 STOUTS MTN BAPT CH,State Treasurer,,REP,Steve Lolley,31
Cullman,0010 STOUTS MTN BAPT CH,State Treasurer,,REP,Young Boozer,39
Cullman,0010 STOUTS MTN BAPT CH,U.S. House,4,REP,Robert B. Aderholt,63
Cullman,0010 STOUTS MTN BAPT CH,U.S. House,4,REP,Tommy Barnes,18
Cullman,0010 STOUTS MTN BAPT CH,U.S. Senate,,REP,Barry Moore,23
Cullman,0010 STOUTS MTN BAPT CH,U.S. Senate,,REP,Dale Shelton Deas Jr.,1
Cullman,0010 STOUTS MTN BAPT CH,U.S. Senate,,REP,Jared Hudson,37
Cullman,0010 STOUTS MTN BAPT CH,U.S. Senate,,REP,Morgan Murphy,0
Cullman,0010 STOUTS MTN BAPT CH,U.S. Senate,,REP,Rodney Walker,2
Cullman,0010 STOUTS MTN BAPT CH,U.S. Senate,,REP,Seth Burton,4
Cullman,0010 STOUTS MTN BAPT CH,U.S. Senate,,REP,Steve Marshall,10
Cullman,0011 MOODY TOWN UNION HILL CH,Proposed Statewide Amendment 1,,,No,4
Cullman,0011 MOODY TOWN UNION HILL CH,Proposed Statewide Amendment 1,,,Yes,44
Cullman,0011 MOODY TOWN UNION HILL CH,Proposed Statewide Amendment 2,,,No,25
Cullman,0011 MOODY TOWN UNION HILL CH,Proposed Statewide Amendment 2,,,Yes,21
Cullman,0011 MOODY TOWN UNION HILL CH,"Public Service Commission, Place No. 1",,DEM,James O. Gordon,1
Cullman,0011 MOODY TOWN UNION HILL CH,"Public Service Commission, Place No. 1",,DEM,Jeff Ramsey,1
Cullman,0011 MOODY TOWN UNION HILL CH,"Public Service Commission, Place No. 1",,DEM,John Northrop,2
Cullman,0011 MOODY TOWN UNION HILL CH,U.S. House,4,DEM,Amanda N. Pusczek,1
Cullman,0011 MOODY TOWN UNION HILL CH,U.S. House,4,DEM,Unverified Candidate 3,3
Cullman,0011 MOODY TOWN UNION HILL CH,U.S. Senate,,DEM,Dakarai Larriett,1
Cullman,0011 MOODY TOWN UNION HILL CH,U.S. Senate,,DEM,Everett Wess,1
Cullman,0011 MOODY TOWN UNION HILL CH,U.S. Senate,,DEM,Kyle Sweetser,0
Cullman,0011 MOODY TOWN UNION HILL CH,U.S. Senate,,DEM,Mark S. Wheeler II,2
Cullman,0011 MOODY TOWN UNION HILL CH,Attorney General,,REP,Jay Mitchell,17
Cullman,0011 MOODY TOWN UNION HILL CH,Attorney General,,REP,Katherine Robertson,9
Cullman,0011 MOODY TOWN UNION HILL CH,Attorney General,,REP,Pamela L. Casey,15
Cullman,0011 MOODY TOWN UNION HILL CH,Commissioner of Agriculture and Industries,,REP,Christina Woerner McInnis,18
Cullman,0011 MOODY TOWN UNION HILL CH,Commissioner of Agriculture and Industries,,REP,Cory Hill,10
Cullman,0011 MOODY TOWN UNION HILL CH,Commissioner of Agriculture and Industries,,REP,Jack Williams,13
Cullman,0011 MOODY TOWN UNION HILL CH,"Cullman County Republican Executive Committee, At La",,REP,Unverified Candidate 1,16
Cullman,0011 MOODY TOWN UNION HILL CH,"Cullman County Republican Executive Committee, At La",,REP,Unverified Candidate 10,12
Cullman,0011 MOODY TOWN UNION HILL CH,"Cullman County Republican Executive Committee, At La",,REP,Unverified Candidate 2,13
Cullman,0011 MOODY TOWN UNION HILL CH,"Cullman County Republican Executive Committee, At La",,REP,Unverified Candidate 3,19
Cullman,0011 MOODY TOWN UNION HILL CH,"Cullman County Republican Executive Committee, At La",,REP,Unverified Candidate 4,13
Cullman,0011 MOODY TOWN UNION HILL CH,"Cullman County Republican Executive Committee, At La",,REP,Unverified Candidate 5,13
Cullman,0011 MOODY TOWN UNION HILL CH,"Cullman County Republican Executive Committee, At La",,REP,Unverified Candidate 6,8
Cullman,0011 MOODY TOWN UNION HILL CH,"Cullman County Republican Executive Committee, At La",,REP,Unverified Candidate 7,11
Cullman,0011 MOODY TOWN UNION HILL CH,"Cullman County Republican Executive Committee, At La",,REP,Unverified Candidate 8,10
Cullman,0011 MOODY TOWN UNION HILL CH,"Cullman County Republican Executive Committee, At La",,REP,Unverified Candidate 9,18
Cullman,0011 MOODY TOWN UNION HILL CH,"Cullman County Republican Executive Committee, East",,REP,Unverified Candidate 1,21
Cullman,0011 MOODY TOWN UNION HILL CH,"Cullman County Republican Executive Committee, East",,REP,Unverified Candidate 2,7
Cullman,0011 MOODY TOWN UNION HILL CH,"Cullman County Republican Executive Committee, East",,REP,Unverified Candidate 3,10
Cullman,0011 MOODY TOWN UNION HILL CH,"Cullman County Republican Executive Committee, East",,REP,Unverified Candidate 4,16
Cullman,0011 MOODY TOWN UNION HILL CH,"Cullman County Republican Executive Committee, West",,REP,Unverified Candidate 1,14
Cullman,0011 MOODY TOWN UNION HILL CH,"Cullman County Republican Executive Committee, West",,REP,Unverified Candidate 2,9
Cullman,0011 MOODY TOWN UNION HILL CH,"Cullman County Republican Executive Committee, West",,REP,Unverified Candidate 3,17
Cullman,0011 MOODY TOWN UNION HILL CH,"Cullman County Republican Executive Committee, West",,REP,Unverified Candidate 4,15
Cullman,0011 MOODY TOWN UNION HILL CH,Cullman County Revenue Commissioner,,REP,Kenneth Cornelius,15
Cullman,0011 MOODY TOWN UNION HILL CH,Cullman County Revenue Commissioner,,REP,Mike Pitts,26
Cullman,0011 MOODY TOWN UNION HILL CH,Cullman County Sheriff,,REP,Chad Whaley,38
Cullman,0011 MOODY TOWN UNION HILL CH,Cullman County Sheriff,,REP,Tim Creel,6
Cullman,0011 MOODY TOWN UNION HILL CH,Governor,,REP,"""Alabama"" Will Santivasci",0
Cullman,0011 MOODY TOWN UNION HILL CH,Governor,,REP,Ken McFeeters,2
Cullman,0011 MOODY TOWN UNION HILL CH,Governor,,REP,Thomas Tuberville,42
Cullman,0011 MOODY TOWN UNION HILL CH,Hanceville / District No. 4,,REP,Unverified Candidate 1,18
Cullman,0011 MOODY TOWN UNION HILL CH,Hanceville / District No. 4,,REP,Unverified Candidate 2,22
Cullman,0011 MOODY TOWN UNION HILL CH,Lieutenant Governor,,REP,George Childress,1
Cullman,0011 MOODY TOWN UNION HILL CH,Lieutenant Governor,,REP,John Wahl,21
Cullman,0011 MOODY TOWN UNION HILL CH,Lieutenant Governor,,REP,Nicole Jones Wadsworth,3
Cullman,0011 MOODY TOWN UNION HILL CH,Lieutenant Governor,,REP,Pat Bishop,2
Cullman,0011 MOODY TOWN UNION HILL CH,Lieutenant Governor,,REP,Rick Pate,1
Cullman,0011 MOODY TOWN UNION HILL CH,Lieutenant Governor,,REP,Stewart Hill Tankersley,0
Cullman,0011 MOODY TOWN UNION HILL CH,Lieutenant Governor,,REP,Wes Allen,15
Cullman,0011 MOODY TOWN UNION HILL CH,"Member, Cullman County Commission, District 1",,REP,Kenneth Walker,27
Cullman,0011 MOODY TOWN UNION HILL CH,"Member, Cullman County Commission, District 1",,REP,Reburn Miller,11
Cullman,0011 MOODY TOWN UNION HILL CH,"Member, Cullman County Commission, District 2",,REP,Josh Speakman,18
Cullman,0011 MOODY TOWN UNION HILL CH,"Member, Cullman County Commission, District 2",,REP,Richard Barnett,19
Cullman,0011 MOODY TOWN UNION HILL CH,"Public Service Commission, Place No. 1",,REP,Jeremy H. Oden,4
Cullman,0011 MOODY TOWN UNION HILL CH,"Public Service Commission, Place No. 1",,REP,Matt Gentry,42
Cullman,0011 MOODY TOWN UNION HILL CH,"Public Service Commission, Place No. 2",,REP,Brent Woodall,4
Cullman,0011 MOODY TOWN UNION HILL CH,"Public Service Commission, Place No. 2",,REP,Chris Beeker,9
Cullman,0011 MOODY TOWN UNION HILL CH,"Public Service Commission, Place No. 2",,REP,Jim Zig Zeigler,20
Cullman,0011 MOODY TOWN UNION HILL CH,"Public Service Commission, Place No. 2",,REP,Priscilla Andrews,4
Cullman,0011 MOODY TOWN UNION HILL CH,Secretary of State,,REP,Caroleene Dobson,26
Cullman,0011 MOODY TOWN UNION HILL CH,Secretary of State,,REP,Christopher Christian Horn,7
Cullman,0011 MOODY TOWN UNION HILL CH,Secretary of State,,REP,Glenda S. Jackson,4
Cullman,0011 MOODY TOWN UNION HILL CH,State Auditor,,REP,Andrew Sorrell,30
Cullman,0011 MOODY TOWN UNION HILL CH,State Auditor,,REP,Derek Chen,8
Cullman,0011 MOODY TOWN UNION HILL CH,State Board of Education,6,REP,Cathi Bradford,29
Cullman,0011 MOODY TOWN UNION HILL CH,State Board of Education,6,REP,Marie Manning,12
Cullman,0011 MOODY TOWN UNION HILL CH,"State Republican Executive Committee, Cullman County",,REP,Unverified Candidate 1,27
Cullman,0011 MOODY TOWN UNION HILL CH,"State Republican Executive Committee, Cullman County",,REP,Unverified Candidate 1,28
Cullman,0011 MOODY TOWN UNION HILL CH,"State Republican Executive Committee, Cullman County",,REP,Unverified Candidate 2,14
Cullman,0011 MOODY TOWN UNION HILL CH,"State Republican Executive Committee, Cullman County",,REP,Unverified Candidate 2,6
Cullman,0011 MOODY TOWN UNION HILL CH,"State Republican Executive Committee, Cullman County",,REP,Unverified Candidate 3,6
Cullman,0011 MOODY TOWN UNION HILL CH,State Senate,4,REP,Garlan Gudger,26
Cullman,0011 MOODY TOWN UNION HILL CH,State Senate,4,REP,J.R. Bowling,18
Cullman,0011 MOODY TOWN UNION HILL CH,State Treasurer,,REP,Steve Lolley,14
Cullman,0011 MOODY TOWN UNION HILL CH,State Treasurer,,REP,Young Boozer,22
Cullman,0011 MOODY TOWN UNION HILL CH,U.S. House,4,REP,Robert B. Aderholt,35
Cullman,0011 MOODY TOWN UNION HILL CH,U.S. House,4,REP,Tommy Barnes,9
Cullman,0011 MOODY TOWN UNION HILL CH,U.S. Senate,,REP,Barry Moore,12
Cullman,0011 MOODY TOWN UNION HILL CH,U.S. Senate,,REP,Dale Shelton Deas Jr.,1
Cullman,0011 MOODY TOWN UNION HILL CH,U.S. Senate,,REP,Jared Hudson,19
Cullman,0011 MOODY TOWN UNION HILL CH,U.S. Senate,,REP,Morgan Murphy,0
Cullman,0011 MOODY TOWN UNION HILL CH,U.S. Senate,,REP,Rodney Walker,0
Cullman,0011 MOODY TOWN UNION HILL CH,U.S. Senate,,REP,Seth Burton,0
Cullman,0011 MOODY TOWN UNION HILL CH,U.S. Senate,,REP,Steve Marshall,14
Cullman,0012 COLONY ED. COMPLEX,Proposed Statewide Amendment 1,,,No,33
Cullman,0012 COLONY ED. COMPLEX,Proposed Statewide Amendment 1,,,Yes,98
Cullman,0012 COLONY ED. COMPLEX,Proposed Statewide Amendment 2,,,No,63
Cullman,0012 COLONY ED. COMPLEX,Proposed Statewide Amendment 2,,,Yes,66
Cullman,0012 COLONY ED. COMPLEX,"Public Service Commission, Place No. 1",,DEM,James O. Gordon,32
Cullman,0012 COLONY ED. COMPLEX,"Public Service Commission, Place No. 1",,DEM,Jeff Ramsey,13
Cullman,0012 COLONY ED. COMPLEX,"Public Service Commission, Place No. 1",,DEM,John Northrop,12
Cullman,0012 COLONY ED. COMPLEX,U.S. House,4,DEM,Amanda N. Pusczek,23
Cullman,0012 COLONY ED. COMPLEX,U.S. House,4,DEM,Unverified Candidate 3,33
Cullman,0012 COLONY ED. COMPLEX,U.S. Senate,,DEM,Dakarai Larriett,16
Cullman,0012 COLONY ED. COMPLEX,U.S. Senate,,DEM,Everett Wess,28
Cullman,0012 COLONY ED. COMPLEX,U.S. Senate,,DEM,Kyle Sweetser,5
Cullman,0012 COLONY ED. COMPLEX,U.S. Senate,,DEM,Mark S. Wheeler II,6
Cullman,0012 COLONY ED. COMPLEX,Attorney General,,REP,Jay Mitchell,18
Cullman,0012 COLONY ED. COMPLEX,Attorney General,,REP,Katherine Robertson,15
Cullman,0012 COLONY ED. COMPLEX,Attorney General,,REP,Pamela L. Casey,35
Cullman,0012 COLONY ED. COMPLEX,Commissioner of Agriculture and Industries,,REP,Christina Woerner McInnis,21
Cullman,0012 COLONY ED. COMPLEX,Commissioner of Agriculture and Industries,,REP,Cory Hill,31
Cullman,0012 COLONY ED. COMPLEX,Commissioner of Agriculture and Industries,,REP,Jack Williams,14
Cullman,0012 COLONY ED. COMPLEX,"Cullman County Republican Executive Committee, At La",,REP,Unverified Candidate 1,32
Cullman,0012 COLONY ED. COMPLEX,"Cullman County Republican Executive Committee, At La",,REP,Unverified Candidate 10,17
Cullman,0012 COLONY ED. COMPLEX,"Cullman County Republican Executive Committee, At La",,REP,Unverified Candidate 2,25
Cullman,0012 COLONY ED. COMPLEX,"Cullman County Republican Executive Committee, At La",,REP,Unverified Candidate 3,24
Cullman,0012 COLONY ED. COMPLEX,"Cullman County Republican Executive Committee, At La",,REP,Unverified Candidate 4,23
Cullman,0012 COLONY ED. COMPLEX,"Cullman County Republican Executive Committee, At La",,REP,Unverified Candidate 5,19
Cullman,0012 COLONY ED. COMPLEX,"Cullman County Republican Executive Committee, At La",,REP,Unverified Candidate 6,32
Cullman,0012 COLONY ED. COMPLEX,"Cullman County Republican Executive Committee, At La",,REP,Unverified Candidate 7,26
Cullman,0012 COLONY ED. COMPLEX,"Cullman County Republican Executive Committee, At La",,REP,Unverified Candidate 8,22
Cullman,0012 COLONY ED. COMPLEX,"Cullman County Republican Executive Committee, At La",,REP,Unverified Candidate 9,18
Cullman,0012 COLONY ED. COMPLEX,"Cullman County Republican Executive Committee, East",,REP,Unverified Candidate 1,43
Cullman,0012 COLONY ED. COMPLEX,"Cullman County Republican Executive Committee, East",,REP,Unverified Candidate 2,10
Cullman,0012 COLONY ED. COMPLEX,"Cullman County Republican Executive Committee, East",,REP,Unverified Candidate 3,23
Cullman,0012 COLONY ED. COMPLEX,"Cullman County Republican Executive Committee, East",,REP,Unverified Candidate 4,24
Cullman,0012 COLONY ED. COMPLEX,"Cullman County Republican Executive Committee, West",,REP,Unverified Candidate 1,26
Cullman,0012 COLONY ED. COMPLEX,"Cullman County Republican Executive Committee, West",,REP,Unverified Candidate 2,14
Cullman,0012 COLONY ED. COMPLEX,"Cullman County Republican Executive Committee, West",,REP,Unverified Candidate 3,31
Cullman,0012 COLONY ED. COMPLEX,"Cullman County Republican Executive Committee, West",,REP,Unverified Candidate 4,24
Cullman,0012 COLONY ED. COMPLEX,Cullman County Revenue Commissioner,,REP,Kenneth Cornelius,35
Cullman,0012 COLONY ED. COMPLEX,Cullman County Revenue Commissioner,,REP,Mike Pitts,38
Cullman,0012 COLONY ED. COMPLEX,Cullman County Sheriff,,REP,Chad Whaley,78
Cullman,0012 COLONY ED. COMPLEX,Cullman County Sheriff,,REP,Tim Creel,6
Cullman,0012 COLONY ED. COMPLEX,Governor,,REP,"""Alabama"" Will Santivasci",7
Cullman,0012 COLONY ED. COMPLEX,Governor,,REP,Ken McFeeters,32
Cullman,0012 COLONY ED. COMPLEX,Governor,,REP,Thomas Tuberville,35
Cullman,0012 COLONY ED. COMPLEX,Hanceville / District No. 4,,REP,Unverified Candidate 1,40
Cullman,0012 COLONY ED. COMPLEX,Hanceville / District No. 4,,REP,Unverified Candidate 2,30
Cullman,0012 COLONY ED. COMPLEX,Lieutenant Governor,,REP,George Childress,6
Cullman,0012 COLONY ED. COMPLEX,Lieutenant Governor,,REP,John Wahl,13
Cullman,0012 COLONY ED. COMPLEX,Lieutenant Governor,,REP,Nicole Jones Wadsworth,7
Cullman,0012 COLONY ED. COMPLEX,Lieutenant Governor,,REP,Pat Bishop,17
Cullman,0012 COLONY ED. COMPLEX,Lieutenant Governor,,REP,Rick Pate,2
Cullman,0012 COLONY ED. COMPLEX,Lieutenant Governor,,REP,Stewart Hill Tankersley,3
Cullman,0012 COLONY ED. COMPLEX,Lieutenant Governor,,REP,Wes Allen,22
Cullman,0012 COLONY ED. COMPLEX,"Member, Cullman County Commission, District 1",,REP,Kenneth Walker,48
Cullman,0012 COLONY ED. COMPLEX,"Member, Cullman County Commission, District 1",,REP,Reburn Miller,18
Cullman,0012 COLONY ED. COMPLEX,"Member, Cullman County Commission, District 2",,REP,Josh Speakman,30
Cullman,0012 COLONY ED. COMPLEX,"Member, Cullman County Commission, District 2",,REP,Richard Barnett,33
Cullman,0012 COLONY ED. COMPLEX,"Public Service Commission, Place No. 1",,REP,Jeremy H. Oden,27
Cullman,0012 COLONY ED. COMPLEX,"Public Service Commission, Place No. 1",,REP,Matt Gentry,55
Cullman,0012 COLONY ED. COMPLEX,"Public Service Commission, Place No. 2",,REP,Brent Woodall,12
Cullman,0012 COLONY ED. COMPLEX,"Public Service Commission, Place No. 2",,REP,Chris Beeker,12
Cullman,0012 COLONY ED. COMPLEX,"Public Service Commission, Place No. 2",,REP,Jim Zig Zeigler,30
Cullman,0012 COLONY ED. COMPLEX,"Public Service Commission, Place No. 2",,REP,Priscilla Andrews,10
Cullman,0012 COLONY ED. COMPLEX,Secretary of State,,REP,Caroleene Dobson,37
Cullman,0012 COLONY ED. COMPLEX,Secretary of State,,REP,Christopher Christian Horn,11
Cullman,0012 COLONY ED. COMPLEX,Secretary of State,,REP,Glenda S. Jackson,15
Cullman,0012 COLONY ED. COMPLEX,State Auditor,,REP,Andrew Sorrell,40
Cullman,0012 COLONY ED. COMPLEX,State Auditor,,REP,Derek Chen,31
Cullman,0012 COLONY ED. COMPLEX,State Board of Education,6,REP,Cathi Bradford,51
Cullman,0012 COLONY ED. COMPLEX,State Board of Education,6,REP,Marie Manning,18
Cullman,0012 COLONY ED. COMPLEX,"State Republican Executive Committee, Cullman County",,REP,Unverified Candidate 1,44
Cullman,0012 COLONY ED. COMPLEX,"State Republican Executive Committee, Cullman County",,REP,Unverified Candidate 1,31
Cullman,0012 COLONY ED. COMPLEX,"State Republican Executive Committee, Cullman County",,REP,Unverified Candidate 2,21
Cullman,0012 COLONY ED. COMPLEX,"State Republican Executive Committee, Cullman County",,REP,Unverified Candidate 2,19
Cullman,0012 COLONY ED. COMPLEX,"State Republican Executive Committee, Cullman County",,REP,Unverified Candidate 3,15
Cullman,0012 COLONY ED. COMPLEX,State Senate,4,REP,Garlan Gudger,50
Cullman,0012 COLONY ED. COMPLEX,State Senate,4,REP,J.R. Bowling,25
Cullman,0012 COLONY ED. COMPLEX,State Treasurer,,REP,Steve Lolley,30
Cullman,0012 COLONY ED. COMPLEX,State Treasurer,,REP,Young Boozer,34
Cullman,0012 COLONY ED. COMPLEX,U.S. House,4,REP,Robert B. Aderholt,46
Cullman,0012 COLONY ED. COMPLEX,U.S. House,4,REP,Tommy Barnes,25
Cullman,0012 COLONY ED. COMPLEX,U.S. Senate,,REP,Barry Moore,23
Cullman,0012 COLONY ED. COMPLEX,U.S. Senate,,REP,Dale Shelton Deas Jr.,3
Cullman,0012 COLONY ED. COMPLEX,U.S. Senate,,REP,Jared Hudson,17
Cullman,0012 COLONY ED. COMPLEX,U.S. Senate,,REP,Morgan Murphy,1
Cullman,0012 COLONY ED. COMPLEX,U.S. Senate,,REP,Rodney Walker,4
Cullman,0012 COLONY ED. COMPLEX,U.S. Senate,,REP,Seth Burton,13
Cullman,0012 COLONY ED. COMPLEX,U.S. Senate,,REP,Steve Marshall,12
Cullman,0013 ARKADELPHIA FIRE DEPT.,Proposed Statewide Amendment 1,,,No,18
Cullman,0013 ARKADELPHIA FIRE DEPT.,Proposed Statewide Amendment 1,,,Yes,103
Cullman,0013 ARKADELPHIA FIRE DEPT.,Proposed Statewide Amendment 2,,,No,65
Cullman,0013 ARKADELPHIA FIRE DEPT.,Proposed Statewide Amendment 2,,,Yes,51
Cullman,0013 ARKADELPHIA FIRE DEPT.,"Public Service Commission, Place No. 1",,DEM,James O. Gordon,3
Cullman,0013 ARKADELPHIA FIRE DEPT.,"Public Service Commission, Place No. 1",,DEM,Jeff Ramsey,0
Cullman,0013 ARKADELPHIA FIRE DEPT.,"Public Service Commission, Place No. 1",,DEM,John Northrop,0
Cullman,0013 ARKADELPHIA FIRE DEPT.,U.S. House,4,DEM,Amanda N. Pusczek,3
Cullman,0013 ARKADELPHIA FIRE DEPT.,U.S. House,4,DEM,Unverified Candidate 3,0
Cullman,0013 ARKADELPHIA FIRE DEPT.,U.S. Senate,,DEM,Dakarai Larriett,0
Cullman,0013 ARKADELPHIA FIRE DEPT.,U.S. Senate,,DEM,Everett Wess,0
Cullman,0013 ARKADELPHIA FIRE DEPT.,U.S. Senate,,DEM,Kyle Sweetser,1
Cullman,0013 ARKADELPHIA FIRE DEPT.,U.S. Senate,,DEM,Mark S. Wheeler II,2
Cullman,0013 ARKADELPHIA FIRE DEPT.,Attorney General,,REP,Jay Mitchell,34
Cullman,0013 ARKADELPHIA FIRE DEPT.,Attorney General,,REP,Katherine Robertson,37
Cullman,0013 ARKADELPHIA FIRE DEPT.,Attorney General,,REP,Pamela L. Casey,49
Cullman,0013 ARKADELPHIA FIRE DEPT.,Commissioner of Agriculture and Industries,,REP,Christina Woerner McInnis,30
Cullman,0013 ARKADELPHIA FIRE DEPT.,Commissioner of Agriculture and Industries,,REP,Cory Hill,46
Cullman,0013 ARKADELPHIA FIRE DEPT.,Commissioner of Agriculture and Industries,,REP,Jack Williams,37
Cullman,0013 ARKADELPHIA FIRE DEPT.,"Cullman County Republican Executive Committee, At La",,REP,Unverified Candidate 1,72
Cullman,0013 ARKADELPHIA FIRE DEPT.,"Cullman County Republican Executive Committee, At La",,REP,Unverified Candidate 10,28
Cullman,0013 ARKADELPHIA FIRE DEPT.,"Cullman County Republican Executive Committee, At La",,REP,Unverified Candidate 2,36
Cullman,0013 ARKADELPHIA FIRE DEPT.,"Cullman County Republican Executive Committee, At La",,REP,Unverified Candidate 3,54
Cullman,0013 ARKADELPHIA FIRE DEPT.,"Cullman County Republican Executive Committee, At La",,REP,Unverified Candidate 4,42
Cullman,0013 ARKADELPHIA FIRE DEPT.,"Cullman County Republican Executive Committee, At La",,REP,Unverified Candidate 5,48
Cullman,0013 ARKADELPHIA FIRE DEPT.,"Cullman County Republican Executive Committee, At La",,REP,Unverified Candidate 6,50
Cullman,0013 ARKADELPHIA FIRE DEPT.,"Cullman County Republican Executive Committee, At La",,REP,Unverified Candidate 7,47
Cullman,0013 ARKADELPHIA FIRE DEPT.,"Cullman County Republican Executive Committee, At La",,REP,Unverified Candidate 8,35
Cullman,0013 ARKADELPHIA FIRE DEPT.,"Cullman County Republican Executive Committee, At La",,REP,Unverified Candidate 9,39
Cullman,0013 ARKADELPHIA FIRE DEPT.,"Cullman County Republican Executive Committee, East",,REP,Unverified Candidate 1,49
Cullman,0013 ARKADELPHIA FIRE DEPT.,"Cullman County Republican Executive Committee, East",,REP,Unverified Candidate 2,29
Cullman,0013 ARKADELPHIA FIRE DEPT.,"Cullman County Republican Executive Committee, East",,REP,Unverified Candidate 3,42
Cullman,0013 ARKADELPHIA FIRE DEPT.,"Cullman County Republican Executive Committee, East",,REP,Unverified Candidate 4,35
Cullman,0013 ARKADELPHIA FIRE DEPT.,"Cullman County Republican Executive Committee, West",,REP,Unverified Candidate 1,43
Cullman,0013 ARKADELPHIA FIRE DEPT.,"Cullman County Republican Executive Committee, West",,REP,Unverified Candidate 2,15
Cullman,0013 ARKADELPHIA FIRE DEPT.,"Cullman County Republican Executive Committee, West",,REP,Unverified Candidate 3,61
Cullman,0013 ARKADELPHIA FIRE DEPT.,"Cullman County Republican Executive Committee, West",,REP,Unverified Candidate 4,46
Cullman,0013 ARKADELPHIA FIRE DEPT.,Cullman County Revenue Commissioner,,REP,Kenneth Cornelius,57
Cullman,0013 ARKADELPHIA FIRE DEPT.,Cullman County Revenue Commissioner,,REP,Mike Pitts,56
Cullman,0013 ARKADELPHIA FIRE DEPT.,Cullman County Sheriff,,REP,Chad Whaley,85
Cullman,0013 ARKADELPHIA FIRE DEPT.,Cullman County Sheriff,,REP,Tim Creel,35
Cullman,0013 ARKADELPHIA FIRE DEPT.,Governor,,REP,"""Alabama"" Will Santivasci",8
Cullman,0013 ARKADELPHIA FIRE DEPT.,Governor,,REP,Ken McFeeters,5
Cullman,0013 ARKADELPHIA FIRE DEPT.,Governor,,REP,Thomas Tuberville,112
Cullman,0013 ARKADELPHIA FIRE DEPT.,Lieutenant Governor,,REP,George Childress,0
Cullman,0013 ARKADELPHIA FIRE DEPT.,Lieutenant Governor,,REP,John Wahl,45
Cullman,0013 ARKADELPHIA FIRE DEPT.,Lieutenant Governor,,REP,Nicole Jones Wadsworth,6
Cullman,0013 ARKADELPHIA FIRE DEPT.,Lieutenant Governor,,REP,Pat Bishop,6
Cullman,0013 ARKADELPHIA FIRE DEPT.,Lieutenant Governor,,REP,Rick Pate,13
Cullman,0013 ARKADELPHIA FIRE DEPT.,Lieutenant Governor,,REP,Stewart Hill Tankersley,2
Cullman,0013 ARKADELPHIA FIRE DEPT.,Lieutenant Governor,,REP,Wes Allen,44
Cullman,0013 ARKADELPHIA FIRE DEPT.,"Member, Cullman County Commission, District 1",,REP,Kenneth Walker,80
Cullman,0013 ARKADELPHIA FIRE DEPT.,"Member, Cullman County Commission, District 1",,REP,Reburn Miller,25
Cullman,0013 ARKADELPHIA FIRE DEPT.,"Member, Cullman County Commission, District 2",,REP,Josh Speakman,56
Cullman,0013 ARKADELPHIA FIRE DEPT.,"Member, Cullman County Commission, District 2",,REP,Richard Barnett,48
Cullman,0013 ARKADELPHIA FIRE DEPT.,"Public Service Commission, Place No. 1",,REP,Jeremy H. Oden,30
Cullman,0013 ARKADELPHIA FIRE DEPT.,"Public Service Commission, Place No. 1",,REP,Matt Gentry,94
Cullman,0013 ARKADELPHIA FIRE DEPT.,"Public Service Commission, Place No. 2",,REP,Brent Woodall,21
Cullman,0013 ARKADELPHIA FIRE DEPT.,"Public Service Commission, Place No. 2",,REP,Chris Beeker,28
Cullman,0013 ARKADELPHIA FIRE DEPT.,"Public Service Commission, Place No. 2",,REP,Jim Zig Zeigler,53
Cullman,0013 ARKADELPHIA FIRE DEPT.,"Public Service Commission, Place No. 2",,REP,Priscilla Andrews,10
Cullman,0013 ARKADELPHIA FIRE DEPT.,Secretary of State,,REP,Caroleene Dobson,73
Cullman,0013 ARKADELPHIA FIRE DEPT.,Secretary of State,,REP,Christopher Christian Horn,21
Cullman,0013 ARKADELPHIA FIRE DEPT.,Secretary of State,,REP,Glenda S. Jackson,16
Cullman,0013 ARKADELPHIA FIRE DEPT.,State Auditor,,REP,Andrew Sorrell,69
Cullman,0013 ARKADELPHIA FIRE DEPT.,State Auditor,,REP,Derek Chen,42
Cullman,0013 ARKADELPHIA FIRE DEPT.,State Board of Education,6,REP,Cathi Bradford,68
Cullman,0013 ARKADELPHIA FIRE DEPT.,State Board of Education,6,REP,Marie Manning,29
Cullman,0013 ARKADELPHIA FIRE DEPT.,"State Republican Executive Committee, Cullman County",,REP,Unverified Candidate 1,55
Cullman,0013 ARKADELPHIA FIRE DEPT.,"State Republican Executive Committee, Cullman County",,REP,Unverified Candidate 1,69
Cullman,0013 ARKADELPHIA FIRE DEPT.,"State Republican Executive Committee, Cullman County",,REP,Unverified Candidate 2,44
Cullman,0013 ARKADELPHIA FIRE DEPT.,"State Republican Executive Committee, Cullman County",,REP,Unverified Candidate 2,20
Cullman,0013 ARKADELPHIA FIRE DEPT.,"State Republican Executive Committee, Cullman County",,REP,Unverified Candidate 3,15
Cullman,0013 ARKADELPHIA FIRE DEPT.,State Senate,4,REP,Garlan Gudger,41
Cullman,0013 ARKADELPHIA FIRE DEPT.,State Senate,4,REP,J.R. Bowling,79
Cullman,0013 ARKADELPHIA FIRE DEPT.,State Treasurer,,REP,Steve Lolley,45
Cullman,0013 ARKADELPHIA FIRE DEPT.,State Treasurer,,REP,Young Boozer,64
Cullman,0013 ARKADELPHIA FIRE DEPT.,U.S. House,4,REP,Robert B. Aderholt,94
Cullman,0013 ARKADELPHIA FIRE DEPT.,U.S. House,4,REP,Tommy Barnes,28
Cullman,0013 ARKADELPHIA FIRE DEPT.,U.S. Senate,,REP,Barry Moore,23
Cullman,0013 ARKADELPHIA FIRE DEPT.,U.S. Senate,,REP,Dale Shelton Deas Jr.,1
Cullman,0013 ARKADELPHIA FIRE DEPT.,U.S. Senate,,REP,Jared Hudson,53
Cullman,0013 ARKADELPHIA FIRE DEPT.,U.S. Senate,,REP,Morgan Murphy,2
Cullman,0013 ARKADELPHIA FIRE DEPT.,U.S. Senate,,REP,Rodney Walker,8
Cullman,0013 ARKADELPHIA FIRE DEPT.,U.S. Senate,,REP,Seth Burton,5
Cullman,0013 ARKADELPHIA FIRE DEPT.,U.S. Senate,,REP,Steve Marshall,29
Cullman,0014 BEAT 8 COMM CTR,Proposed Statewide Amendment 1,,,No,8
Cullman,0014 BEAT 8 COMM CTR,Proposed Statewide Amendment 1,,,Yes,84
Cullman,0014 BEAT 8 COMM CTR,Proposed Statewide Amendment 2,,,No,44
Cullman,0014 BEAT 8 COMM CTR,Proposed Statewide Amendment 2,,,Yes,43
Cullman,0014 BEAT 8 COMM CTR,"Public Service Commission, Place No. 1",,DEM,James O. Gordon,1
Cullman,0014 BEAT 8 COMM CTR,"Public Service Commission, Place No. 1",,DEM,Jeff Ramsey,0
Cullman,0014 BEAT 8 COMM CTR,"Public Service Commission, Place No. 1",,DEM,John Northrop,0
Cullman,0014 BEAT 8 COMM CTR,U.S. House,4,DEM,Amanda N. Pusczek,8
Cullman,0014 BEAT 8 COMM CTR,U.S. House,4,DEM,Unverified Candidate 4,1
Cullman,0014 BEAT 8 COMM CTR,U.S. House,4,DEM,Unverified Candidate 5,0
Cullman,0014 BEAT 8 COMM CTR,U.S. Senate,,DEM,Dakarai Larriett,1
Cullman,0014 BEAT 8 COMM CTR,U.S. Senate,,DEM,Everett Wess,0
Cullman,0014 BEAT 8 COMM CTR,U.S. Senate,,DEM,Kyle Sweetser,0
Cullman,0014 BEAT 8 COMM CTR,U.S. Senate,,DEM,Mark S. Wheeler II,0
Cullman,0014 BEAT 8 COMM CTR,Attorney General,,REP,Jay Mitchell,29
Cullman,0014 BEAT 8 COMM CTR,Attorney General,,REP,Katherine Robertson,25
Cullman,0014 BEAT 8 COMM CTR,Attorney General,,REP,Pamela L. Casey,34
Cullman,0014 BEAT 8 COMM CTR,Commissioner of Agriculture and Industries,,REP,Christina Woerner McInnis,12
Cullman,0014 BEAT 8 COMM CTR,Commissioner of Agriculture and Industries,,REP,Cory Hill,26
Cullman,0014 BEAT 8 COMM CTR,Commissioner of Agriculture and Industries,,REP,Jack Williams,46
Cullman,0014 BEAT 8 COMM CTR,"Cullman County Republican Executive Committee, At La",,REP,Unverified Candidate 1,54
Cullman,0014 BEAT 8 COMM CTR,"Cullman County Republican Executive Committee, At La",,REP,Unverified Candidate 10,30
Cullman,0014 BEAT 8 COMM CTR,"Cullman County Republican Executive Committee, At La",,REP,Unverified Candidate 2,28
Cullman,0014 BEAT 8 COMM CTR,"Cullman County Republican Executive Committee, At La",,REP,Unverified Candidate 3,46
Cullman,0014 BEAT 8 COMM CTR,"Cullman County Republican Executive Committee, At La",,REP,Unverified Candidate 4,37
Cullman,0014 BEAT 8 COMM CTR,"Cullman County Republican Executive Committee, At La",,REP,Unverified Candidate 5,32
Cullman,0014 BEAT 8 COMM CTR,"Cullman County Republican Executive Committee, At La",,REP,Unverified Candidate 6,42
Cullman,0014 BEAT 8 COMM CTR,"Cullman County Republican Executive Committee, At La",,REP,Unverified Candidate 7,30
Cullman,0014 BEAT 8 COMM CTR,"Cullman County Republican Executive Committee, At La",,REP,Unverified Candidate 8,24
Cullman,0014 BEAT 8 COMM CTR,"Cullman County Republican Executive Committee, At La",,REP,Unverified Candidate 9,30
Cullman,0014 BEAT 8 COMM CTR,"Cullman County Republican Executive Committee, East",,REP,Unverified Candidate 1,49
Cullman,0014 BEAT 8 COMM CTR,"Cullman County Republican Executive Committee, East",,REP,Unverified Candidate 2,12
Cullman,0014 BEAT 8 COMM CTR,"Cullman County Republican Executive Committee, East",,REP,Unverified Candidate 3,19
Cullman,0014 BEAT 8 COMM CTR,"Cullman County Republican Executive Committee, East",,REP,Unverified Candidate 4,32
Cullman,0014 BEAT 8 COMM CTR,"Cullman County Republican Executive Committee, West",,REP,Unverified Candidate 1,35
Cullman,0014 BEAT 8 COMM CTR,"Cullman County Republican Executive Committee, West",,REP,Unverified Candidate 2,10
Cullman,0014 BEAT 8 COMM CTR,"Cullman County Republican Executive Committee, West",,REP,Unverified Candidate 3,30
Cullman,0014 BEAT 8 COMM CTR,"Cullman County Republican Executive Committee, West",,REP,Unverified Candidate 4,27
Cullman,0014 BEAT 8 COMM CTR,Cullman County Revenue Commissioner,,REP,Kenneth Cornelius,8
Cullman,0014 BEAT 8 COMM CTR,Cullman County Revenue Commissioner,,REP,Unverified Candidate 3,38
Cullman,0014 BEAT 8 COMM CTR,Cullman County Revenue Commissioner,,REP,Unverified Candidate 4,54
Cullman,0014 BEAT 8 COMM CTR,Cullman County Sheriff,,REP,Chad Whaley,73
Cullman,0014 BEAT 8 COMM CTR,Cullman County Sheriff,,REP,Tim Creel,23
Cullman,0014 BEAT 8 COMM CTR,Governor,,REP,"""Alabama"" Will Santivasci",4
Cullman,0014 BEAT 8 COMM CTR,Governor,,REP,Ken McFeeters,13
Cullman,0014 BEAT 8 COMM CTR,Governor,,REP,Thomas Tuberville,82
Cullman,0014 BEAT 8 COMM CTR,Lieutenant Governor,,REP,George Childress,6
Cullman,0014 BEAT 8 COMM CTR,Lieutenant Governor,,REP,John Wahl,31
Cullman,0014 BEAT 8 COMM CTR,Lieutenant Governor,,REP,Nicole Jones Wadsworth,3
Cullman,0014 BEAT 8 COMM CTR,Lieutenant Governor,,REP,Pat Bishop,9
Cullman,0014 BEAT 8 COMM CTR,Lieutenant Governor,,REP,Rick Pate,12
Cullman,0014 BEAT 8 COMM CTR,Lieutenant Governor,,REP,Stewart Hill Tankersley,1
Cullman,0014 BEAT 8 COMM CTR,Lieutenant Governor,,REP,Wes Allen,30
Cullman,0014 BEAT 8 COMM CTR,"Member, Cullman County Commission, District 1",,REP,Kenneth Walker,61
Cullman,0014 BEAT 8 COMM CTR,"Member, Cullman County Commission, District 1",,REP,Reburn Miller,21
Cullman,0014 BEAT 8 COMM CTR,"Member, Cullman County Commission, District 2",,REP,Josh Speakman,31
Cullman,0014 BEAT 8 COMM CTR,"Member, Cullman County Commission, District 2",,REP,Richard Barnett,50
Cullman,0014 BEAT 8 COMM CTR,"Public Service Commission, Place No. 1",,REP,Jeremy H. Oden,11
Cullman,0014 BEAT 8 COMM CTR,"Public Service Commission, Place No. 1",,REP,Matt Gentry,86
Cullman,0014 BEAT 8 COMM CTR,"Public Service Commission, Place No. 2",,REP,Brent Woodall,16
Cullman,0014 BEAT 8 COMM CTR,"Public Service Commission, Place No. 2",,REP,Chris Beeker,29
Cullman,0014 BEAT 8 COMM CTR,"Public Service Commission, Place No. 2",,REP,Jim Zig Zeigler,30
Cullman,0014 BEAT 8 COMM CTR,"Public Service Commission, Place No. 2",,REP,Priscilla Andrews,8
Cullman,0014 BEAT 8 COMM CTR,Secretary of State,,REP,Caroleene Dobson,8
Cullman,0014 BEAT 8 COMM CTR,Secretary of State,,REP,Unverified Candidate 4,46
Cullman,0014 BEAT 8 COMM CTR,Secretary of State,,REP,Unverified Candidate 5,24
Cullman,0014 BEAT 8 COMM CTR,Secretary of State,,REP,Unverified Candidate 6,15
Cullman,0014 BEAT 8 COMM CTR,State Auditor,,REP,Andrew Sorrell,61
Cullman,0014 BEAT 8 COMM CTR,State Auditor,,REP,Derek Chen,26
Cullman,0014 BEAT 8 COMM CTR,State Board of Education,6,REP,Cathi Bradford,8
Cullman,0014 BEAT 8 COMM CTR,State Board of Education,6,REP,Unverified Candidate 3,56
Cullman,0014 BEAT 8 COMM CTR,State Board of Education,6,REP,Unverified Candidate 4,33
Cullman,0014 BEAT 8 COMM CTR,"State Republican Executive Committee, Cullman County",,REP,Unverified Candidate 1,57
Cullman,0014 BEAT 8 COMM CTR,"State Republican Executive Committee, Cullman County",,REP,Unverified Candidate 1,54
Cullman,0014 BEAT 8 COMM CTR,"State Republican Executive Committee, Cullman County",,REP,Unverified Candidate 2,30
Cullman,0014 BEAT 8 COMM CTR,"State Republican Executive Committee, Cullman County",,REP,Unverified Candidate 2,17
Cullman,0014 BEAT 8 COMM CTR,"State Republican Executive Committee, Cullman County",,REP,Unverified Candidate 3,13
Cullman,0014 BEAT 8 COMM CTR,State Senate,4,REP,Garlan Gudger,40
Cullman,0014 BEAT 8 COMM CTR,State Senate,4,REP,J.R. Bowling,58
Cullman,0014 BEAT 8 COMM CTR,State Treasurer,,REP,Steve Lolley,31
Cullman,0014 BEAT 8 COMM CTR,State Treasurer,,REP,Young Boozer,53
Cullman,0014 BEAT 8 COMM CTR,U.S. House,4,REP,Robert B. Aderholt,8
Cullman,0014 BEAT 8 COMM CTR,U.S. House,4,REP,Unverified Candidate 3,71
Cullman,0014 BEAT 8 COMM CTR,U.S. House,4,REP,Unverified Candidate 4,24
Cullman,0014 BEAT 8 COMM CTR,U.S. Senate,,REP,Barry Moore,21
Cullman,0014 BEAT 8 COMM CTR,U.S. Senate,,REP,Dale Shelton Deas Jr.,0
Cullman,0014 BEAT 8 COMM CTR,U.S. Senate,,REP,Jared Hudson,34
Cullman,0014 BEAT 8 COMM CTR,U.S. Senate,,REP,Morgan Murphy,1
Cullman,0014 BEAT 8 COMM CTR,U.S. Senate,,REP,Rodney Walker,4
Cullman,0014 BEAT 8 COMM CTR,U.S. Senate,,REP,Seth Burton,4
Cullman,0014 BEAT 8 COMM CTR,U.S. Senate,,REP,Steve Marshall,31
Cullman,0015 COLD SPRGS COMM CTR,Proposed Statewide Amendment 1,,,No,29
Cullman,0015 COLD SPRGS COMM CTR,Proposed Statewide Amendment 1,,,Yes,203
Cullman,0015 COLD SPRGS COMM CTR,Proposed Statewide Amendment 2,,,No,111
Cullman,0015 COLD SPRGS COMM CTR,Proposed Statewide Amendment 2,,,Yes,107
Cullman,0015 COLD SPRGS COMM CTR,"Public Service Commission, Place No. 1",,DEM,James O. Gordon,4
Cullman,0015 COLD SPRGS COMM CTR,"Public Service Commission, Place No. 1",,DEM,Jeff Ramsey,3
Cullman,0015 COLD SPRGS COMM CTR,"Public Service Commission, Place No. 1",,DEM,John Northrop,2
Cullman,0015 COLD SPRGS COMM CTR,U.S. House,4,DEM,Amanda N. Pusczek,4
Cullman,0015 COLD SPRGS COMM CTR,U.S. House,4,DEM,Unverified Candidate 3,4
Cullman,0015 COLD SPRGS COMM CTR,U.S. Senate,,DEM,Dakarai Larriett,0
Cullman,0015 COLD SPRGS COMM CTR,U.S. Senate,,DEM,Everett Wess,1
Cullman,0015 COLD SPRGS COMM CTR,U.S. Senate,,DEM,Kyle Sweetser,4
Cullman,0015 COLD SPRGS COMM CTR,U.S. Senate,,DEM,Mark S. Wheeler II,4
Cullman,0015 COLD SPRGS COMM CTR,Attorney General,,REP,Jay Mitchell,61
Cullman,0015 COLD SPRGS COMM CTR,Attorney General,,REP,Katherine Robertson,107
Cullman,0015 COLD SPRGS COMM CTR,Attorney General,,REP,Pamela L. Casey,51
Cullman,0015 COLD SPRGS COMM CTR,Commissioner of Agriculture and Industries,,REP,Christina Woerner McInnis,63
Cullman,0015 COLD SPRGS COMM CTR,Commissioner of Agriculture and Industries,,REP,Cory Hill,63
Cullman,0015 COLD SPRGS COMM CTR,Commissioner of Agriculture and Industries,,REP,Jack Williams,67
Cullman,0015 COLD SPRGS COMM CTR,"Cullman County Republican Executive Committee, At La",,REP,Unverified Candidate 1,131
Cullman,0015 COLD SPRGS COMM CTR,"Cullman County Republican Executive Committee, At La",,REP,Unverified Candidate 10,53
Cullman,0015 COLD SPRGS COMM CTR,"Cullman County Republican Executive Committee, At La",,REP,Unverified Candidate 2,54
Cullman,0015 COLD SPRGS COMM CTR,"Cullman County Republican Executive Committee, At La",,REP,Unverified Candidate 3,113
Cullman,0015 COLD SPRGS COMM CTR,"Cullman County Republican Executive Committee, At La",,REP,Unverified Candidate 4,81
Cullman,0015 COLD SPRGS COMM CTR,"Cullman County Republican Executive Committee, At La",,REP,Unverified Candidate 5,70
Cullman,0015 COLD SPRGS COMM CTR,"Cullman County Republican Executive Committee, At La",,REP,Unverified Candidate 6,86
Cullman,0015 COLD SPRGS COMM CTR,"Cullman County Republican Executive Committee, At La",,REP,Unverified Candidate 7,70
Cullman,0015 COLD SPRGS COMM CTR,"Cullman County Republican Executive Committee, At La",,REP,Unverified Candidate 8,63
Cullman,0015 COLD SPRGS COMM CTR,"Cullman County Republican Executive Committee, At La",,REP,Unverified Candidate 9,79
Cullman,0015 COLD SPRGS COMM CTR,"Cullman County Republican Executive Committee, East",,REP,Unverified Candidate 1,91
Cullman,0015 COLD SPRGS COMM CTR,"Cullman County Republican Executive Committee, East",,REP,Unverified Candidate 2,30
Cullman,0015 COLD SPRGS COMM CTR,"Cullman County Republican Executive Committee, East",,REP,Unverified Candidate 3,65
Cullman,0015 COLD SPRGS COMM CTR,"Cullman County Republican Executive Committee, East",,REP,Unverified Candidate 4,74
Cullman,0015 COLD SPRGS COMM CTR,"Cullman County Republican Executive Committee, West",,REP,Unverified Candidate 1,67
Cullman,0015 COLD SPRGS COMM CTR,"Cullman County Republican Executive Committee, West",,REP,Unverified Candidate 2,49
Cullman,0015 COLD SPRGS COMM CTR,"Cullman County Republican Executive Committee, West",,REP,Unverified Candidate 3,80
Cullman,0015 COLD SPRGS COMM CTR,"Cullman County Republican Executive Committee, West",,REP,Unverified Candidate 4,78
Cullman,0015 COLD SPRGS COMM CTR,Cullman County Revenue Commissioner,,REP,Kenneth Cornelius,65
Cullman,0015 COLD SPRGS COMM CTR,Cullman County Revenue Commissioner,,REP,Mike Pitts,138
Cullman,0015 COLD SPRGS COMM CTR,Cullman County Sheriff,,REP,Chad Whaley,177
Cullman,0015 COLD SPRGS COMM CTR,Cullman County Sheriff,,REP,Tim Creel,48
Cullman,0015 COLD SPRGS COMM CTR,Governor,,REP,"""Alabama"" Will Santivasci",5
Cullman,0015 COLD SPRGS COMM CTR,Governor,,REP,Ken McFeeters,12
Cullman,0015 COLD SPRGS COMM CTR,Governor,,REP,Thomas Tuberville,212
Cullman,0015 COLD SPRGS COMM CTR,Lieutenant Governor,,REP,George Childress,5
Cullman,0015 COLD SPRGS COMM CTR,Lieutenant Governor,,REP,John Wahl,89
Cullman,0015 COLD SPRGS COMM CTR,Lieutenant Governor,,REP,Nicole Jones Wadsworth,11
Cullman,0015 COLD SPRGS COMM CTR,Lieutenant Governor,,REP,Pat Bishop,9
Cullman,0015 COLD SPRGS COMM CTR,Lieutenant Governor,,REP,Rick Pate,13
Cullman,0015 COLD SPRGS COMM CTR,Lieutenant Governor,,REP,Stewart Hill Tankersley,10
Cullman,0015 COLD SPRGS COMM CTR,Lieutenant Governor,,REP,Wes Allen,75
Cullman,0015 COLD SPRGS COMM CTR,"Member, Cullman County Commission, District 1",,REP,Kenneth Walker,138
Cullman,0015 COLD SPRGS COMM CTR,"Member, Cullman County Commission, District 1",,REP,Reburn Miller,45
Cullman,0015 COLD SPRGS COMM CTR,"Member, Cullman County Commission, District 2",,REP,Josh Speakman,84
Cullman,0015 COLD SPRGS COMM CTR,"Member, Cullman County Commission, District 2",,REP,Richard Barnett,97
Cullman,0015 COLD SPRGS COMM CTR,"Public Service Commission, Place No. 1",,REP,Jeremy H. Oden,22
Cullman,0015 COLD SPRGS COMM CTR,"Public Service Commission, Place No. 1",,REP,Matt Gentry,201
Cullman,0015 COLD SPRGS COMM CTR,"Public Service Commission, Place No. 2",,REP,Brent Woodall,38
Cullman,0015 COLD SPRGS COMM CTR,"Public Service Commission, Place No. 2",,REP,Chris Beeker,51
Cullman,0015 COLD SPRGS COMM CTR,"Public Service Commission, Place No. 2",,REP,Jim Zig Zeigler,82
Cullman,0015 COLD SPRGS COMM CTR,"Public Service Commission, Place No. 2",,REP,Priscilla Andrews,25
Cullman,0015 COLD SPRGS COMM CTR,Secretary of State,,REP,Caroleene Dobson,140
Cullman,0015 COLD SPRGS COMM CTR,Secretary of State,,REP,Christopher Christian Horn,34
Cullman,0015 COLD SPRGS COMM CTR,Secretary of State,,REP,Glenda S. Jackson,22
Cullman,0015 COLD SPRGS COMM CTR,State Auditor,,REP,Andrew Sorrell,153
Cullman,0015 COLD SPRGS COMM CTR,State Auditor,,REP,Derek Chen,43
Cullman,0015 COLD SPRGS COMM CTR,State Board of Education,6,REP,Cathi Bradford,121
Cullman,0015 COLD SPRGS COMM CTR,State Board of Education,6,REP,Marie Manning,66
Cullman,0015 COLD SPRGS COMM CTR,"State Republican Executive Committee, Cullman County",,REP,Unverified Candidate 1,102
Cullman,0015 COLD SPRGS COMM CTR,"State Republican Executive Committee, Cullman County",,REP,Unverified Candidate 1,119
Cullman,0015 COLD SPRGS COMM CTR,"State Republican Executive Committee, Cullman County",,REP,Unverified Candidate 2,87
Cullman,0015 COLD SPRGS COMM CTR,"State Republican Executive Committee, Cullman County",,REP,Unverified Candidate 2,22
Cullman,0015 COLD SPRGS COMM CTR,"State Republican Executive Committee, Cullman County",,REP,Unverified Candidate 3,49
Cullman,0015 COLD SPRGS COMM CTR,State Senate,4,REP,Garlan Gudger,109
Cullman,0015 COLD SPRGS COMM CTR,State Senate,4,REP,J.R. Bowling,115
Cullman,0015 COLD SPRGS COMM CTR,State Treasurer,,REP,Steve Lolley,72
Cullman,0015 COLD SPRGS COMM CTR,State Treasurer,,REP,Young Boozer,124
Cullman,0015 COLD SPRGS COMM CTR,U.S. House,4,REP,Robert B. Aderholt,172
Cullman,0015 COLD SPRGS COMM CTR,U.S. House,4,REP,Tommy Barnes,43
Cullman,0015 COLD SPRGS COMM CTR,U.S. Senate,,REP,Barry Moore,72
Cullman,0015 COLD SPRGS COMM CTR,U.S. Senate,,REP,Dale Shelton Deas Jr.,4
Cullman,0015 COLD SPRGS COMM CTR,U.S. Senate,,REP,Jared Hudson,81
Cullman,0015 COLD SPRGS COMM CTR,U.S. Senate,,REP,Morgan Murphy,5
Cullman,0015 COLD SPRGS COMM CTR,U.S. Senate,,REP,Rodney Walker,7
Cullman,0015 COLD SPRGS COMM CTR,U.S. Senate,,REP,Seth Burton,2
Cullman,0015 COLD SPRGS COMM CTR,U.S. Senate,,REP,Steve Marshall,51
Cullman,0016 BREMEN FIRE DEPT.,Proposed Statewide Amendment 1,,,No,52
Cullman,0016 BREMEN FIRE DEPT.,Proposed Statewide Amendment 1,,,Yes,233
Cullman,0016 BREMEN FIRE DEPT.,Proposed Statewide Amendment 2,,,No,158
Cullman,0016 BREMEN FIRE DEPT.,Proposed Statewide Amendment 2,,,Yes,120
Cullman,0016 BREMEN FIRE DEPT.,"Public Service Commission, Place No. 1",,DEM,James O. Gordon,4
Cullman,0016 BREMEN FIRE DEPT.,"Public Service Commission, Place No. 1",,DEM,Jeff Ramsey,4
Cullman,0016 BREMEN FIRE DEPT.,"Public Service Commission, Place No. 1",,DEM,John Northrop,2
Cullman,0016 BREMEN FIRE DEPT.,U.S. House,4,DEM,Amanda N. Pusczek,6
Cullman,0016 BREMEN FIRE DEPT.,U.S. House,4,DEM,Unverified Candidate 3,5
Cullman,0016 BREMEN FIRE DEPT.,U.S. Senate,,DEM,Dakarai Larriett,0
Cullman,0016 BREMEN FIRE DEPT.,U.S. Senate,,DEM,Everett Wess,0
Cullman,0016 BREMEN FIRE DEPT.,U.S. Senate,,DEM,Kyle Sweetser,2
Cullman,0016 BREMEN FIRE DEPT.,U.S. Senate,,DEM,Mark S. Wheeler II,9
Cullman,0016 BREMEN FIRE DEPT.,Attorney General,,REP,Jay Mitchell,81
Cullman,0016 BREMEN FIRE DEPT.,Attorney General,,REP,Katherine Robertson,122
Cullman,0016 BREMEN FIRE DEPT.,Attorney General,,REP,Pamela L. Casey,76
Cullman,0016 BREMEN FIRE DEPT.,Commissioner of Agriculture and Industries,,REP,Christina Woerner McInnis,73
Cullman,0016 BREMEN FIRE DEPT.,Commissioner of Agriculture and Industries,,REP,Cory Hill,93
Cullman,0016 BREMEN FIRE DEPT.,Commissioner of Agriculture and Industries,,REP,Jack Williams,91
Cullman,0016 BREMEN FIRE DEPT.,"Cullman County Republican Executive Committee, At La",,REP,Unverified Candidate 1,160
Cullman,0016 BREMEN FIRE DEPT.,"Cullman County Republican Executive Committee, At La",,REP,Unverified Candidate 10,82
Cullman,0016 BREMEN FIRE DEPT.,"Cullman County Republican Executive Committee, At La",,REP,Unverified Candidate 2,86
Cullman,0016 BREMEN FIRE DEPT.,"Cullman County Republican Executive Committee, At La",,REP,Unverified Candidate 3,138
Cullman,0016 BREMEN FIRE DEPT.,"Cullman County Republican Executive Committee, At La",,REP,Unverified Candidate 4,122
Cullman,0016 BREMEN FIRE DEPT.,"Cullman County Republican Executive Committee, At La",,REP,Unverified Candidate 5,97
Cullman,0016 BREMEN FIRE DEPT.,"Cullman County Republican Executive Committee, At La",,REP,Unverified Candidate 6,116
Cullman,0016 BREMEN FIRE DEPT.,"Cullman County Republican Executive Committee, At La",,REP,Unverified Candidate 7,106
Cullman,0016 BREMEN FIRE DEPT.,"Cullman County Republican Executive Committee, At La",,REP,Unverified Candidate 8,92
Cullman,0016 BREMEN FIRE DEPT.,"Cullman County Republican Executive Committee, At La",,REP,Unverified Candidate 9,119
Cullman,0016 BREMEN FIRE DEPT.,"Cullman County Republican Executive Committee, East",,REP,Unverified Candidate 1,111
Cullman,0016 BREMEN FIRE DEPT.,"Cullman County Republican Executive Committee, East",,REP,Unverified Candidate 2,58
Cullman,0016 BREMEN FIRE DEPT.,"Cullman County Republican Executive Committee, East",,REP,Unverified Candidate 3,97
Cullman,0016 BREMEN FIRE DEPT.,"Cullman County Republican Executive Committee, East",,REP,Unverified Candidate 4,117
Cullman,0016 BREMEN FIRE DEPT.,"Cullman County Republican Executive Committee, West",,REP,Unverified Candidate 1,92
Cullman,0016 BREMEN FIRE DEPT.,"Cullman County Republican Executive Committee, West",,REP,Unverified Candidate 2,68
Cullman,0016 BREMEN FIRE DEPT.,"Cullman County Republican Executive Committee, West",,REP,Unverified Candidate 3,120
Cullman,0016 BREMEN FIRE DEPT.,"Cullman County Republican Executive Committee, West",,REP,Unverified Candidate 4,113
Cullman,0016 BREMEN FIRE DEPT.,Cullman County Revenue Commissioner,,REP,Kenneth Cornelius,125
Cullman,0016 BREMEN FIRE DEPT.,Cullman County Revenue Commissioner,,REP,Mike Pitts,137
Cullman,0016 BREMEN FIRE DEPT.,Cullman County Sheriff,,REP,Chad Whaley,220
Cullman,0016 BREMEN FIRE DEPT.,Cullman County Sheriff,,REP,Tim Creel,69
Cullman,0016 BREMEN FIRE DEPT.,Governor,,REP,"""Alabama"" Will Santivasci",6
Cullman,0016 BREMEN FIRE DEPT.,Governor,,REP,Ken McFeeters,16
Cullman,0016 BREMEN FIRE DEPT.,Governor,,REP,Thomas Tuberville,269
Cullman,0016 BREMEN FIRE DEPT.,Lieutenant Governor,,REP,George Childress,2
Cullman,0016 BREMEN FIRE DEPT.,Lieutenant Governor,,REP,John Wahl,105
Cullman,0016 BREMEN FIRE DEPT.,Lieutenant Governor,,REP,Nicole Jones Wadsworth,14
Cullman,0016 BREMEN FIRE DEPT.,Lieutenant Governor,,REP,Pat Bishop,23
Cullman,0016 BREMEN FIRE DEPT.,Lieutenant Governor,,REP,Rick Pate,18
Cullman,0016 BREMEN FIRE DEPT.,Lieutenant Governor,,REP,Stewart Hill Tankersley,5
Cullman,0016 BREMEN FIRE DEPT.,Lieutenant Governor,,REP,Wes Allen,103
Cullman,0016 BREMEN FIRE DEPT.,"Member, Cullman County Commission, District 1",,REP,Kenneth Walker,161
Cullman,0016 BREMEN FIRE DEPT.,"Member, Cullman County Commission, District 1",,REP,Reburn Miller,88
Cullman,0016 BREMEN FIRE DEPT.,"Member, Cullman County Commission, District 2",,REP,Josh Speakman,118
Cullman,0016 BREMEN FIRE DEPT.,"Member, Cullman County Commission, District 2",,REP,Richard Barnett,135
Cullman,0016 BREMEN FIRE DEPT.,"Public Service Commission, Place No. 1",,REP,Jeremy H. Oden,53
Cullman,0016 BREMEN FIRE DEPT.,"Public Service Commission, Place No. 1",,REP,Matt Gentry,242
Cullman,0016 BREMEN FIRE DEPT.,"Public Service Commission, Place No. 2",,REP,Brent Woodall,46
Cullman,0016 BREMEN FIRE DEPT.,"Public Service Commission, Place No. 2",,REP,Chris Beeker,63
Cullman,0016 BREMEN FIRE DEPT.,"Public Service Commission, Place No. 2",,REP,Jim Zig Zeigler,121
Cullman,0016 BREMEN FIRE DEPT.,"Public Service Commission, Place No. 2",,REP,Priscilla Andrews,22
Cullman,0016 BREMEN FIRE DEPT.,Secretary of State,,REP,Caroleene Dobson,199
Cullman,0016 BREMEN FIRE DEPT.,Secretary of State,,REP,Christopher Christian Horn,45
Cullman,0016 BREMEN FIRE DEPT.,Secretary of State,,REP,Glenda S. Jackson,16
Cullman,0016 BREMEN FIRE DEPT.,State Auditor,,REP,Andrew Sorrell,195
Cullman,0016 BREMEN FIRE DEPT.,State Auditor,,REP,Derek Chen,61
Cullman,0016 BREMEN FIRE DEPT.,State Board of Education,6,REP,Cathi Bradford,163
Cullman,0016 BREMEN FIRE DEPT.,State Board of Education,6,REP,Marie Manning,81
Cullman,0016 BREMEN FIRE DEPT.,"State Republican Executive Committee, Cullman County",,REP,Unverified Candidate 1,145
Cullman,0016 BREMEN FIRE DEPT.,"State Republican Executive Committee, Cullman County",,REP,Unverified Candidate 1,158
Cullman,0016 BREMEN FIRE DEPT.,"State Republican Executive Committee, Cullman County",,REP,Unverified Candidate 2,91
Cullman,0016 BREMEN FIRE DEPT.,"State Republican Executive Committee, Cullman County",,REP,Unverified Candidate 2,35
Cullman,0016 BREMEN FIRE DEPT.,"State Republican Executive Committee, Cullman County",,REP,Unverified Candidate 3,54
Cullman,0016 BREMEN FIRE DEPT.,State Senate,4,REP,Garlan Gudger,133
Cullman,0016 BREMEN FIRE DEPT.,State Senate,4,REP,J.R. Bowling,154
Cullman,0016 BREMEN FIRE DEPT.,State Treasurer,,REP,Steve Lolley,93
Cullman,0016 BREMEN FIRE DEPT.,State Treasurer,,REP,Young Boozer,162
Cullman,0016 BREMEN FIRE DEPT.,U.S. House,4,REP,Robert B. Aderholt,219
Cullman,0016 BREMEN FIRE DEPT.,U.S. House,4,REP,Tommy Barnes,60
Cullman,0016 BREMEN FIRE DEPT.,U.S. Senate,,REP,Barry Moore,72
Cullman,0016 BREMEN FIRE DEPT.,U.S. Senate,,REP,Dale Shelton Deas Jr.,10
Cullman,0016 BREMEN FIRE DEPT.,U.S. Senate,,REP,Jared Hudson,134
Cullman,0016 BREMEN FIRE DEPT.,U.S. Senate,,REP,Morgan Murphy,2
Cullman,0016 BREMEN FIRE DEPT.,U.S. Senate,,REP,Rodney Walker,5
Cullman,0016 BREMEN FIRE DEPT.,U.S. Senate,,REP,Seth Burton,5
Cullman,0016 BREMEN FIRE DEPT.,U.S. Senate,,REP,Steve Marshall,57
Cullman,0017 TRIMBLE FIRE DEPT.,Proposed Statewide Amendment 1,,,No,21
Cullman,0017 TRIMBLE FIRE DEPT.,Proposed Statewide Amendment 1,,,Yes,229
Cullman,0017 TRIMBLE FIRE DEPT.,Proposed Statewide Amendment 2,,,No,122
Cullman,0017 TRIMBLE FIRE DEPT.,Proposed Statewide Amendment 2,,,Yes,119
Cullman,0017 TRIMBLE FIRE DEPT.,"Public Service Commission, Place No. 1",,DEM,James O. Gordon,4
Cullman,0017 TRIMBLE FIRE DEPT.,"Public Service Commission, Place No. 1",,DEM,Jeff Ramsey,2
Cullman,0017 TRIMBLE FIRE DEPT.,"Public Service Commission, Place No. 1",,DEM,John Northrop,2
Cullman,0017 TRIMBLE FIRE DEPT.,U.S. House,4,DEM,Amanda N. Pusczek,6
Cullman,0017 TRIMBLE FIRE DEPT.,U.S. House,4,DEM,Unverified Candidate 3,2
Cullman,0017 TRIMBLE FIRE DEPT.,U.S. Senate,,DEM,Dakarai Larriett,0
Cullman,0017 TRIMBLE FIRE DEPT.,U.S. Senate,,DEM,Everett Wess,1
Cullman,0017 TRIMBLE FIRE DEPT.,U.S. Senate,,DEM,Kyle Sweetser,3
Cullman,0017 TRIMBLE FIRE DEPT.,U.S. Senate,,DEM,Mark S. Wheeler II,4
Cullman,0017 TRIMBLE FIRE DEPT.,Attorney General,,REP,Jay Mitchell,83
Cullman,0017 TRIMBLE FIRE DEPT.,Attorney General,,REP,Katherine Robertson,97
Cullman,0017 TRIMBLE FIRE DEPT.,Attorney General,,REP,Pamela L. Casey,64
Cullman,0017 TRIMBLE FIRE DEPT.,Commissioner of Agriculture and Industries,,REP,Christina Woerner McInnis,73
Cullman,0017 TRIMBLE FIRE DEPT.,Commissioner of Agriculture and Industries,,REP,Cory Hill,81
Cullman,0017 TRIMBLE FIRE DEPT.,Commissioner of Agriculture and Industries,,REP,Jack Williams,80
Cullman,0017 TRIMBLE FIRE DEPT.,"Cullman County Republican Executive Committee, At La",,REP,Unverified Candidate 1,134
Cullman,0017 TRIMBLE FIRE DEPT.,"Cullman County Republican Executive Committee, At La",,REP,Unverified Candidate 10,71
Cullman,0017 TRIMBLE FIRE DEPT.,"Cullman County Republican Executive Committee, At La",,REP,Unverified Candidate 2,71
Cullman,0017 TRIMBLE FIRE DEPT.,"Cullman County Republican Executive Committee, At La",,REP,Unverified Candidate 3,135
Cullman,0017 TRIMBLE FIRE DEPT.,"Cullman County Republican Executive Committee, At La",,REP,Unverified Candidate 4,103
Cullman,0017 TRIMBLE FIRE DEPT.,"Cullman County Republican Executive Committee, At La",,REP,Unverified Candidate 5,96
Cullman,0017 TRIMBLE FIRE DEPT.,"Cullman County Republican Executive Committee, At La",,REP,Unverified Candidate 6,76
Cullman,0017 TRIMBLE FIRE DEPT.,"Cullman County Republican Executive Committee, At La",,REP,Unverified Candidate 7,86
Cullman,0017 TRIMBLE FIRE DEPT.,"Cullman County Republican Executive Committee, At La",,REP,Unverified Candidate 8,83
Cullman,0017 TRIMBLE FIRE DEPT.,"Cullman County Republican Executive Committee, At La",,REP,Unverified Candidate 9,112
Cullman,0017 TRIMBLE FIRE DEPT.,"Cullman County Republican Executive Committee, East",,REP,Unverified Candidate 1,117
Cullman,0017 TRIMBLE FIRE DEPT.,"Cullman County Republican Executive Committee, East",,REP,Unverified Candidate 2,53
Cullman,0017 TRIMBLE FIRE DEPT.,"Cullman County Republican Executive Committee, East",,REP,Unverified Candidate 3,98
Cullman,0017 TRIMBLE FIRE DEPT.,"Cullman County Republican Executive Committee, East",,REP,Unverified Candidate 4,89
Cullman,0017 TRIMBLE FIRE DEPT.,"Cullman County Republican Executive Committee, West",,REP,Unverified Candidate 1,85
Cullman,0017 TRIMBLE FIRE DEPT.,"Cullman County Republican Executive Committee, West",,REP,Unverified Candidate 2,78
Cullman,0017 TRIMBLE FIRE DEPT.,"Cullman County Republican Executive Committee, West",,REP,Unverified Candidate 3,108
Cullman,0017 TRIMBLE FIRE DEPT.,"Cullman County Republican Executive Committee, West",,REP,Unverified Candidate 4,91
Cullman,0017 TRIMBLE FIRE DEPT.,Cullman County Revenue Commissioner,,REP,Kenneth Cornelius,99
Cullman,0017 TRIMBLE FIRE DEPT.,Cullman County Revenue Commissioner,,REP,Mike Pitts,140
Cullman,0017 TRIMBLE FIRE DEPT.,Cullman County Sheriff,,REP,Chad Whaley,196
Cullman,0017 TRIMBLE FIRE DEPT.,Cullman County Sheriff,,REP,Tim Creel,66
Cullman,0017 TRIMBLE FIRE DEPT.,Governor,,REP,"""Alabama"" Will Santivasci",6
Cullman,0017 TRIMBLE FIRE DEPT.,Governor,,REP,Ken McFeeters,15
Cullman,0017 TRIMBLE FIRE DEPT.,Governor,,REP,Thomas Tuberville,234
Cullman,0017 TRIMBLE FIRE DEPT.,Lieutenant Governor,,REP,George Childress,3
Cullman,0017 TRIMBLE FIRE DEPT.,Lieutenant Governor,,REP,John Wahl,111
Cullman,0017 TRIMBLE FIRE DEPT.,Lieutenant Governor,,REP,Nicole Jones Wadsworth,16
Cullman,0017 TRIMBLE FIRE DEPT.,Lieutenant Governor,,REP,Pat Bishop,13
Cullman,0017 TRIMBLE FIRE DEPT.,Lieutenant Governor,,REP,Rick Pate,12
Cullman,0017 TRIMBLE FIRE DEPT.,Lieutenant Governor,,REP,Stewart Hill Tankersley,9
Cullman,0017 TRIMBLE FIRE DEPT.,Lieutenant Governor,,REP,Wes Allen,79
Cullman,0017 TRIMBLE FIRE DEPT.,"Member, Cullman County Commission, District 1",,REP,Kenneth Walker,163
Cullman,0017 TRIMBLE FIRE DEPT.,"Member, Cullman County Commission, District 1",,REP,Reburn Miller,55
Cullman,0017 TRIMBLE FIRE DEPT.,"Member, Cullman County Commission, District 2",,REP,Josh Speakman,93
Cullman,0017 TRIMBLE FIRE DEPT.,"Member, Cullman County Commission, District 2",,REP,Richard Barnett,130
Cullman,0017 TRIMBLE FIRE DEPT.,"Public Service Commission, Place No. 1",,REP,Jeremy H. Oden,37
Cullman,0017 TRIMBLE FIRE DEPT.,"Public Service Commission, Place No. 1",,REP,Matt Gentry,228
Cullman,0017 TRIMBLE FIRE DEPT.,"Public Service Commission, Place No. 2",,REP,Brent Woodall,39
Cullman,0017 TRIMBLE FIRE DEPT.,"Public Service Commission, Place No. 2",,REP,Chris Beeker,83
Cullman,0017 TRIMBLE FIRE DEPT.,"Public Service Commission, Place No. 2",,REP,Jim Zig Zeigler,91
Cullman,0017 TRIMBLE FIRE DEPT.,"Public Service Commission, Place No. 2",,REP,Priscilla Andrews,17
Cullman,0017 TRIMBLE FIRE DEPT.,Secretary of State,,REP,Caroleene Dobson,154
Cullman,0017 TRIMBLE FIRE DEPT.,Secretary of State,,REP,Christopher Christian Horn,47
Cullman,0017 TRIMBLE FIRE DEPT.,Secretary of State,,REP,Glenda S. Jackson,31
Cullman,0017 TRIMBLE FIRE DEPT.,State Auditor,,REP,Andrew Sorrell,175
Cullman,0017 TRIMBLE FIRE DEPT.,State Auditor,,REP,Derek Chen,63
Cullman,0017 TRIMBLE FIRE DEPT.,State Board of Education,6,REP,Cathi Bradford,150
Cullman,0017 TRIMBLE FIRE DEPT.,State Board of Education,6,REP,Marie Manning,76
Cullman,0017 TRIMBLE FIRE DEPT.,"State Republican Executive Committee, Cullman County",,REP,Unverified Candidate 1,141
Cullman,0017 TRIMBLE FIRE DEPT.,"State Republican Executive Committee, Cullman County",,REP,Unverified Candidate 1,134
Cullman,0017 TRIMBLE FIRE DEPT.,"State Republican Executive Committee, Cullman County",,REP,Unverified Candidate 2,88
Cullman,0017 TRIMBLE FIRE DEPT.,"State Republican Executive Committee, Cullman County",,REP,Unverified Candidate 2,34
Cullman,0017 TRIMBLE FIRE DEPT.,"State Republican Executive Committee, Cullman County",,REP,Unverified Candidate 3,68
Cullman,0017 TRIMBLE FIRE DEPT.,State Senate,4,REP,Garlan Gudger,137
Cullman,0017 TRIMBLE FIRE DEPT.,State Senate,4,REP,J.R. Bowling,123
Cullman,0017 TRIMBLE FIRE DEPT.,State Treasurer,,REP,Steve Lolley,79
Cullman,0017 TRIMBLE FIRE DEPT.,State Treasurer,,REP,Young Boozer,151
Cullman,0017 TRIMBLE FIRE DEPT.,U.S. House,4,REP,Robert B. Aderholt,188
Cullman,0017 TRIMBLE FIRE DEPT.,U.S. House,4,REP,Tommy Barnes,68
Cullman,0017 TRIMBLE FIRE DEPT.,U.S. Senate,,REP,Barry Moore,73
Cullman,0017 TRIMBLE FIRE DEPT.,U.S. Senate,,REP,Dale Shelton Deas Jr.,0
Cullman,0017 TRIMBLE FIRE DEPT.,U.S. Senate,,REP,Jared Hudson,85
Cullman,0017 TRIMBLE FIRE DEPT.,U.S. Senate,,REP,Morgan Murphy,4
Cullman,0017 TRIMBLE FIRE DEPT.,U.S. Senate,,REP,Rodney Walker,9
Cullman,0017 TRIMBLE FIRE DEPT.,U.S. Senate,,REP,Seth Burton,2
Cullman,0017 TRIMBLE FIRE DEPT.,U.S. Senate,,REP,Steve Marshall,71
Cullman,0018 VALLEY GROVE COMM CTR,Proposed Statewide Amendment 1,,,No,40
Cullman,0018 VALLEY GROVE COMM CTR,Proposed Statewide Amendment 1,,,Yes,337
Cullman,0018 VALLEY GROVE COMM CTR,Proposed Statewide Amendment 2,,,No,182
Cullman,0018 VALLEY GROVE COMM CTR,Proposed Statewide Amendment 2,,,Yes,192
Cullman,0018 VALLEY GROVE COMM CTR,"Public Service Commission, Place No. 1",,DEM,James O. Gordon,4
Cullman,0018 VALLEY GROVE COMM CTR,"Public Service Commission, Place No. 1",,DEM,Jeff Ramsey,2
Cullman,0018 VALLEY GROVE COMM CTR,"Public Service Commission, Place No. 1",,DEM,John Northrop,3
Cullman,0018 VALLEY GROVE COMM CTR,U.S. House,4,DEM,Amanda N. Pusczek,6
Cullman,0018 VALLEY GROVE COMM CTR,U.S. House,4,DEM,Unverified Candidate 3,3
Cullman,0018 VALLEY GROVE COMM CTR,U.S. Senate,,DEM,Dakarai Larriett,1
Cullman,0018 VALLEY GROVE COMM CTR,U.S. Senate,,DEM,Everett Wess,2
Cullman,0018 VALLEY GROVE COMM CTR,U.S. Senate,,DEM,Kyle Sweetser,1
Cullman,0018 VALLEY GROVE COMM CTR,U.S. Senate,,DEM,Mark S. Wheeler II,4
Cullman,0018 VALLEY GROVE COMM CTR,Attorney General,,REP,Jay Mitchell,119
Cullman,0018 VALLEY GROVE COMM CTR,Attorney General,,REP,Katherine Robertson,150
Cullman,0018 VALLEY GROVE COMM CTR,Attorney General,,REP,Pamela L. Casey,114
Cullman,0018 VALLEY GROVE COMM CTR,Commissioner of Agriculture and Industries,,REP,Christina Woerner McInnis,117
Cullman,0018 VALLEY GROVE COMM CTR,Commissioner of Agriculture and Industries,,REP,Cory Hill,131
Cullman,0018 VALLEY GROVE COMM CTR,Commissioner of Agriculture and Industries,,REP,Jack Williams,111
Cullman,0018 VALLEY GROVE COMM CTR,"Cullman County Republican Executive Committee, At La",,REP,Unverified Candidate 1,190
Cullman,0018 VALLEY GROVE COMM CTR,"Cullman County Republican Executive Committee, At La",,REP,Unverified Candidate 10,89
Cullman,0018 VALLEY GROVE COMM CTR,"Cullman County Republican Executive Committee, At La",,REP,Unverified Candidate 2,109
Cullman,0018 VALLEY GROVE COMM CTR,"Cullman County Republican Executive Committee, At La",,REP,Unverified Candidate 3,195
Cullman,0018 VALLEY GROVE COMM CTR,"Cullman County Republican Executive Committee, At La",,REP,Unverified Candidate 4,166
Cullman,0018 VALLEY GROVE COMM CTR,"Cullman County Republican Executive Committee, At La",,REP,Unverified Candidate 5,146
Cullman,0018 VALLEY GROVE COMM CTR,"Cullman County Republican Executive Committee, At La",,REP,Unverified Candidate 6,126
Cullman,0018 VALLEY GROVE COMM CTR,"Cullman County Republican Executive Committee, At La",,REP,Unverified Candidate 7,146
Cullman,0018 VALLEY GROVE COMM CTR,"Cullman County Republican Executive Committee, At La",,REP,Unverified Candidate 8,127
Cullman,0018 VALLEY GROVE COMM CTR,"Cullman County Republican Executive Committee, At La",,REP,Unverified Candidate 9,166
Cullman,0018 VALLEY GROVE COMM CTR,"Cullman County Republican Executive Committee, East",,REP,Unverified Candidate 1,148
Cullman,0018 VALLEY GROVE COMM CTR,"Cullman County Republican Executive Committee, East",,REP,Unverified Candidate 2,85
Cullman,0018 VALLEY GROVE COMM CTR,"Cullman County Republican Executive Committee, East",,REP,Unverified Candidate 3,142
Cullman,0018 VALLEY GROVE COMM CTR,"Cullman County Republican Executive Committee, East",,REP,Unverified Candidate 4,148
Cullman,0018 VALLEY GROVE COMM CTR,"Cullman County Republican Executive Committee, West",,REP,Unverified Candidate 1,119
Cullman,0018 VALLEY GROVE COMM CTR,"Cullman County Republican Executive Committee, West",,REP,Unverified Candidate 2,107
Cullman,0018 VALLEY GROVE COMM CTR,"Cullman County Republican Executive Committee, West",,REP,Unverified Candidate 3,160
Cullman,0018 VALLEY GROVE COMM CTR,"Cullman County Republican Executive Committee, West",,REP,Unverified Candidate 4,127
Cullman,0018 VALLEY GROVE COMM CTR,Cullman County Revenue Commissioner,,REP,Kenneth Cornelius,152
Cullman,0018 VALLEY GROVE COMM CTR,Cullman County Revenue Commissioner,,REP,Mike Pitts,221
Cullman,0018 VALLEY GROVE COMM CTR,Cullman County Sheriff,,REP,Chad Whaley,255
Cullman,0018 VALLEY GROVE COMM CTR,Cullman County Sheriff,,REP,Tim Creel,132
Cullman,0018 VALLEY GROVE COMM CTR,Governor,,REP,"""Alabama"" Will Santivasci",11
Cullman,0018 VALLEY GROVE COMM CTR,Governor,,REP,Ken McFeeters,33
Cullman,0018 VALLEY GROVE COMM CTR,Governor,,REP,Thomas Tuberville,350
Cullman,0018 VALLEY GROVE COMM CTR,Lieutenant Governor,,REP,George Childress,8
Cullman,0018 VALLEY GROVE COMM CTR,Lieutenant Governor,,REP,John Wahl,170
Cullman,0018 VALLEY GROVE COMM CTR,Lieutenant Governor,,REP,Nicole Jones Wadsworth,20
Cullman,0018 VALLEY GROVE COMM CTR,Lieutenant Governor,,REP,Pat Bishop,30
Cullman,0018 VALLEY GROVE COMM CTR,Lieutenant Governor,,REP,Rick Pate,27
Cullman,0018 VALLEY GROVE COMM CTR,Lieutenant Governor,,REP,Stewart Hill Tankersley,11
Cullman,0018 VALLEY GROVE COMM CTR,Lieutenant Governor,,REP,Wes Allen,116
Cullman,0018 VALLEY GROVE COMM CTR,"Member, Cullman County Commission, District 1",,REP,Kenneth Walker,278
Cullman,0018 VALLEY GROVE COMM CTR,"Member, Cullman County Commission, District 1",,REP,Reburn Miller,77
Cullman,0018 VALLEY GROVE COMM CTR,"Member, Cullman County Commission, District 2",,REP,Josh Speakman,156
Cullman,0018 VALLEY GROVE COMM CTR,"Member, Cullman County Commission, District 2",,REP,Richard Barnett,199
Cullman,0018 VALLEY GROVE COMM CTR,"Public Service Commission, Place No. 1",,REP,Jeremy H. Oden,72
Cullman,0018 VALLEY GROVE COMM CTR,"Public Service Commission, Place No. 1",,REP,Matt Gentry,323
Cullman,0018 VALLEY GROVE COMM CTR,"Public Service Commission, Place No. 2",,REP,Brent Woodall,63
Cullman,0018 VALLEY GROVE COMM CTR,"Public Service Commission, Place No. 2",,REP,Chris Beeker,91
Cullman,0018 VALLEY GROVE COMM CTR,"Public Service Commission, Place No. 2",,REP,Jim Zig Zeigler,176
Cullman,0018 VALLEY GROVE COMM CTR,"Public Service Commission, Place No. 2",,REP,Priscilla Andrews,33
Cullman,0018 VALLEY GROVE COMM CTR,Secretary of State,,REP,Caroleene Dobson,243
Cullman,0018 VALLEY GROVE COMM CTR,Secretary of State,,REP,Christopher Christian Horn,84
Cullman,0018 VALLEY GROVE COMM CTR,Secretary of State,,REP,Glenda S. Jackson,38
Cullman,0018 VALLEY GROVE COMM CTR,State Auditor,,REP,Andrew Sorrell,270
Cullman,0018 VALLEY GROVE COMM CTR,State Auditor,,REP,Derek Chen,94
Cullman,0018 VALLEY GROVE COMM CTR,State Board of Education,6,REP,Cathi Bradford,227
Cullman,0018 VALLEY GROVE COMM CTR,State Board of Education,6,REP,Marie Manning,135
Cullman,0018 VALLEY GROVE COMM CTR,"State Republican Executive Committee, Cullman County",,REP,Unverified Candidate 1,196
Cullman,0018 VALLEY GROVE COMM CTR,"State Republican Executive Committee, Cullman County",,REP,Unverified Candidate 1,211
Cullman,0018 VALLEY GROVE COMM CTR,"State Republican Executive Committee, Cullman County",,REP,Unverified Candidate 2,157
Cullman,0018 VALLEY GROVE COMM CTR,"State Republican Executive Committee, Cullman County",,REP,Unverified Candidate 2,59
Cullman,0018 VALLEY GROVE COMM CTR,"State Republican Executive Committee, Cullman County",,REP,Unverified Candidate 3,84
Cullman,0018 VALLEY GROVE COMM CTR,State Senate,4,REP,Garlan Gudger,214
Cullman,0018 VALLEY GROVE COMM CTR,State Senate,4,REP,J.R. Bowling,178
Cullman,0018 VALLEY GROVE COMM CTR,State Treasurer,,REP,Steve Lolley,125
Cullman,0018 VALLEY GROVE COMM CTR,State Treasurer,,REP,Young Boozer,244
Cullman,0018 VALLEY GROVE COMM CTR,U.S. House,4,REP,Robert B. Aderholt,311
Cullman,0018 VALLEY GROVE COMM CTR,U.S. House,4,REP,Tommy Barnes,79
Cullman,0018 VALLEY GROVE COMM CTR,U.S. Senate,,REP,Barry Moore,113
Cullman,0018 VALLEY GROVE COMM CTR,U.S. Senate,,REP,Dale Shelton Deas Jr.,2
Cullman,0018 VALLEY GROVE COMM CTR,U.S. Senate,,REP,Jared Hudson,143
Cullman,0018 VALLEY GROVE COMM CTR,U.S. Senate,,REP,Morgan Murphy,6
Cullman,0018 VALLEY GROVE COMM CTR,U.S. Senate,,REP,Rodney Walker,18
Cullman,0018 VALLEY GROVE COMM CTR,U.S. Senate,,REP,Seth Burton,7
Cullman,0018 VALLEY GROVE COMM CTR,U.S. Senate,,REP,Steve Marshall,101
Cullman,0019 CRANE HILL FD COM BL,Proposed Statewide Amendment 1,,,No,50
Cullman,0019 CRANE HILL FD COM BL,Proposed Statewide Amendment 1,,,Yes,403
Cullman,0019 CRANE HILL FD COM BL,Proposed Statewide Amendment 2,,,No,229
Cullman,0019 CRANE HILL FD COM BL,Proposed Statewide Amendment 2,,,Yes,205
Cullman,0019 CRANE HILL FD COM BL,"Public Service Commission, Place No. 1",,DEM,James O. Gordon,11
Cullman,0019 CRANE HILL FD COM BL,"Public Service Commission, Place No. 1",,DEM,Jeff Ramsey,11
Cullman,0019 CRANE HILL FD COM BL,"Public Service Commission, Place No. 1",,DEM,John Northrop,9
Cullman,0019 CRANE HILL FD COM BL,U.S. House,4,DEM,Amanda N. Pusczek,23
Cullman,0019 CRANE HILL FD COM BL,U.S. House,4,DEM,Unverified Candidate 3,8
Cullman,0019 CRANE HILL FD COM BL,U.S. Senate,,DEM,Dakarai Larriett,10
Cullman,0019 CRANE HILL FD COM BL,U.S. Senate,,DEM,Everett Wess,6
Cullman,0019 CRANE HILL FD COM BL,U.S. Senate,,DEM,Kyle Sweetser,10
Cullman,0019 CRANE HILL FD COM BL,U.S. Senate,,DEM,Mark S. Wheeler II,6
Cullman,0019 CRANE HILL FD COM BL,Attorney General,,REP,Jay Mitchell,151
Cullman,0019 CRANE HILL FD COM BL,Attorney General,,REP,Katherine Robertson,181
Cullman,0019 CRANE HILL FD COM BL,Attorney General,,REP,Pamela L. Casey,97
Cullman,0019 CRANE HILL FD COM BL,Commissioner of Agriculture and Industries,,REP,Christina Woerner McInnis,113
Cullman,0019 CRANE HILL FD COM BL,Commissioner of Agriculture and Industries,,REP,Cory Hill,138
Cullman,0019 CRANE HILL FD COM BL,Commissioner of Agriculture and Industries,,REP,Jack Williams,153
Cullman,0019 CRANE HILL FD COM BL,"Cullman County Republican Executive Committee, At La",,REP,Unverified Candidate 1,204
Cullman,0019 CRANE HILL FD COM BL,"Cullman County Republican Executive Committee, At La",,REP,Unverified Candidate 10,133
Cullman,0019 CRANE HILL FD COM BL,"Cullman County Republican Executive Committee, At La",,REP,Unverified Candidate 2,101
Cullman,0019 CRANE HILL FD COM BL,"Cullman County Republican Executive Committee, At La",,REP,Unverified Candidate 3,201
Cullman,0019 CRANE HILL FD COM BL,"Cullman County Republican Executive Committee, At La",,REP,Unverified Candidate 4,149
Cullman,0019 CRANE HILL FD COM BL,"Cullman County Republican Executive Committee, At La",,REP,Unverified Candidate 5,139
Cullman,0019 CRANE HILL FD COM BL,"Cullman County Republican Executive Committee, At La",,REP,Unverified Candidate 6,143
Cullman,0019 CRANE HILL FD COM BL,"Cullman County Republican Executive Committee, At La",,REP,Unverified Candidate 7,132
Cullman,0019 CRANE HILL FD COM BL,"Cullman County Republican Executive Committee, At La",,REP,Unverified Candidate 8,115
Cullman,0019 CRANE HILL FD COM BL,"Cullman County Republican Executive Committee, At La",,REP,Unverified Candidate 9,168
Cullman,0019 CRANE HILL FD COM BL,"Cullman County Republican Executive Committee, East",,REP,Unverified Candidate 1,189
Cullman,0019 CRANE HILL FD COM BL,"Cullman County Republican Executive Committee, East",,REP,Unverified Candidate 2,77
Cullman,0019 CRANE HILL FD COM BL,"Cullman County Republican Executive Committee, East",,REP,Unverified Candidate 3,140
Cullman,0019 CRANE HILL FD COM BL,"Cullman County Republican Executive Committee, East",,REP,Unverified Candidate 4,154
Cullman,0019 CRANE HILL FD COM BL,"Cullman County Republican Executive Committee, West",,REP,Unverified Candidate 1,122
Cullman,0019 CRANE HILL FD COM BL,"Cullman County Republican Executive Committee, West",,REP,Unverified Candidate 2,84
Cullman,0019 CRANE HILL FD COM BL,"Cullman County Republican Executive Committee, West",,REP,Unverified Candidate 3,187
Cullman,0019 CRANE HILL FD COM BL,"Cullman County Republican Executive Committee, West",,REP,Unverified Candidate 4,162
Cullman,0019 CRANE HILL FD COM BL,Cullman County Revenue Commissioner,,REP,Kenneth Cornelius,201
Cullman,0019 CRANE HILL FD COM BL,Cullman County Revenue Commissioner,,REP,Mike Pitts,204
Cullman,0019 CRANE HILL FD COM BL,Cullman County Sheriff,,REP,Chad Whaley,310
Cullman,0019 CRANE HILL FD COM BL,Cullman County Sheriff,,REP,Tim Creel,143
Cullman,0019 CRANE HILL FD COM BL,Governor,,REP,"""Alabama"" Will Santivasci",12
Cullman,0019 CRANE HILL FD COM BL,Governor,,REP,Ken McFeeters,31
Cullman,0019 CRANE HILL FD COM BL,Governor,,REP,Thomas Tuberville,419
Cullman,0019 CRANE HILL FD COM BL,Lieutenant Governor,,REP,George Childress,11
Cullman,0019 CRANE HILL FD COM BL,Lieutenant Governor,,REP,John Wahl,189
Cullman,0019 CRANE HILL FD COM BL,Lieutenant Governor,,REP,Nicole Jones Wadsworth,31
Cullman,0019 CRANE HILL FD COM BL,Lieutenant Governor,,REP,Pat Bishop,23
Cullman,0019 CRANE HILL FD COM BL,Lieutenant Governor,,REP,Rick Pate,12
Cullman,0019 CRANE HILL FD COM BL,Lieutenant Governor,,REP,Stewart Hill Tankersley,13
Cullman,0019 CRANE HILL FD COM BL,Lieutenant Governor,,REP,Wes Allen,150
Cullman,0019 CRANE HILL FD COM BL,"Member, Cullman County Commission, District 1",,REP,Kenneth Walker,260
Cullman,0019 CRANE HILL FD COM BL,"Member, Cullman County Commission, District 1",,REP,Reburn Miller,111
Cullman,0019 CRANE HILL FD COM BL,"Member, Cullman County Commission, District 2",,REP,Josh Speakman,185
Cullman,0019 CRANE HILL FD COM BL,"Member, Cullman County Commission, District 2",,REP,Richard Barnett,217
Cullman,0019 CRANE HILL FD COM BL,"Public Service Commission, Place No. 1",,REP,Jeremy H. Oden,76
Cullman,0019 CRANE HILL FD COM BL,"Public Service Commission, Place No. 1",,REP,Matt Gentry,388
Cullman,0019 CRANE HILL FD COM BL,"Public Service Commission, Place No. 2",,REP,Brent Woodall,93
Cullman,0019 CRANE HILL FD COM BL,"Public Service Commission, Place No. 2",,REP,Chris Beeker,101
Cullman,0019 CRANE HILL FD COM BL,"Public Service Commission, Place No. 2",,REP,Jim Zig Zeigler,168
Cullman,0019 CRANE HILL FD COM BL,"Public Service Commission, Place No. 2",,REP,Priscilla Andrews,41
Cullman,0019 CRANE HILL FD COM BL,Secretary of State,,REP,Caroleene Dobson,302
Cullman,0019 CRANE HILL FD COM BL,Secretary of State,,REP,Christopher Christian Horn,69
Cullman,0019 CRANE HILL FD COM BL,Secretary of State,,REP,Glenda S. Jackson,35
Cullman,0019 CRANE HILL FD COM BL,State Auditor,,REP,Andrew Sorrell,290
Cullman,0019 CRANE HILL FD COM BL,State Auditor,,REP,Derek Chen,121
Cullman,0019 CRANE HILL FD COM BL,State Board of Education,6,REP,Cathi Bradford,241
Cullman,0019 CRANE HILL FD COM BL,State Board of Education,6,REP,Marie Manning,149
Cullman,0019 CRANE HILL FD COM BL,"State Republican Executive Committee, Cullman County",,REP,Unverified Candidate 1,213
Cullman,0019 CRANE HILL FD COM BL,"State Republican Executive Committee, Cullman County",,REP,Unverified Candidate 1,261
Cullman,0019 CRANE HILL FD COM BL,"State Republican Executive Committee, Cullman County",,REP,Unverified Candidate 2,168
Cullman,0019 CRANE HILL FD COM BL,"State Republican Executive Committee, Cullman County",,REP,Unverified Candidate 2,50
Cullman,0019 CRANE HILL FD COM BL,"State Republican Executive Committee, Cullman County",,REP,Unverified Candidate 3,89
Cullman,0019 CRANE HILL FD COM BL,State Senate,4,REP,Garlan Gudger,199
Cullman,0019 CRANE HILL FD COM BL,State Senate,4,REP,J.R. Bowling,262
Cullman,0019 CRANE HILL FD COM BL,State Treasurer,,REP,Steve Lolley,149
Cullman,0019 CRANE HILL FD COM BL,State Treasurer,,REP,Young Boozer,255
Cullman,0019 CRANE HILL FD COM BL,U.S. House,4,REP,Robert B. Aderholt,334
Cullman,0019 CRANE HILL FD COM BL,U.S. House,4,REP,Tommy Barnes,114
Cullman,0019 CRANE HILL FD COM BL,U.S. Senate,,REP,Barry Moore,130
Cullman,0019 CRANE HILL FD COM BL,U.S. Senate,,REP,Dale Shelton Deas Jr.,5
Cullman,0019 CRANE HILL FD COM BL,U.S. Senate,,REP,Jared Hudson,190
Cullman,0019 CRANE HILL FD COM BL,U.S. Senate,,REP,Morgan Murphy,3
Cullman,0019 CRANE HILL FD COM BL,U.S. Senate,,REP,Rodney Walker,20
Cullman,0019 CRANE HILL FD COM BL,U.S. Senate,,REP,Seth Burton,4
Cullman,0019 CRANE HILL FD COM BL,U.S. Senate,,REP,Steve Marshall,103
Cullman,0020 BETHSADIA FIRE DEPT.,Proposed Statewide Amendment 1,,,No,22
Cullman,0020 BETHSADIA FIRE DEPT.,Proposed Statewide Amendment 1,,,Yes,203
Cullman,0020 BETHSADIA FIRE DEPT.,Proposed Statewide Amendment 2,,,No,106
Cullman,0020 BETHSADIA FIRE DEPT.,Proposed Statewide Amendment 2,,,Yes,96
Cullman,0020 BETHSADIA FIRE DEPT.,"Public Service Commission, Place No. 1",,DEM,James O. Gordon,2
Cullman,0020 BETHSADIA FIRE DEPT.,"Public Service Commission, Place No. 1",,DEM,Jeff Ramsey,0
Cullman,0020 BETHSADIA FIRE DEPT.,"Public Service Commission, Place No. 1",,DEM,John Northrop,2
Cullman,0020 BETHSADIA FIRE DEPT.,U.S. House,4,DEM,Amanda N. Pusczek,3
Cullman,0020 BETHSADIA FIRE DEPT.,U.S. House,4,DEM,Unverified Candidate 3,3
Cullman,0020 BETHSADIA FIRE DEPT.,U.S. Senate,,DEM,Dakarai Larriett,3
Cullman,0020 BETHSADIA FIRE DEPT.,U.S. Senate,,DEM,Everett Wess,2
Cullman,0020 BETHSADIA FIRE DEPT.,U.S. Senate,,DEM,Kyle Sweetser,0
Cullman,0020 BETHSADIA FIRE DEPT.,U.S. Senate,,DEM,Mark S. Wheeler II,2
Cullman,0020 BETHSADIA FIRE DEPT.,Attorney General,,REP,Jay Mitchell,62
Cullman,0020 BETHSADIA FIRE DEPT.,Attorney General,,REP,Katherine Robertson,91
Cullman,0020 BETHSADIA FIRE DEPT.,Attorney General,,REP,Pamela L. Casey,62
Cullman,0020 BETHSADIA FIRE DEPT.,Commissioner of Agriculture and Industries,,REP,Christina Woerner McInnis,48
Cullman,0020 BETHSADIA FIRE DEPT.,Commissioner of Agriculture and Industries,,REP,Cory Hill,87
Cullman,0020 BETHSADIA FIRE DEPT.,Commissioner of Agriculture and Industries,,REP,Jack Williams,61
Cullman,0020 BETHSADIA FIRE DEPT.,"Cullman County Republican Executive Committee, At La",,REP,Unverified Candidate 1,105
Cullman,0020 BETHSADIA FIRE DEPT.,"Cullman County Republican Executive Committee, At La",,REP,Unverified Candidate 10,66
Cullman,0020 BETHSADIA FIRE DEPT.,"Cullman County Republican Executive Committee, At La",,REP,Unverified Candidate 2,44
Cullman,0020 BETHSADIA FIRE DEPT.,"Cullman County Republican Executive Committee, At La",,REP,Unverified Candidate 3,112
Cullman,0020 BETHSADIA FIRE DEPT.,"Cullman County Republican Executive Committee, At La",,REP,Unverified Candidate 4,98
Cullman,0020 BETHSADIA FIRE DEPT.,"Cullman County Republican Executive Committee, At La",,REP,Unverified Candidate 5,75
Cullman,0020 BETHSADIA FIRE DEPT.,"Cullman County Republican Executive Committee, At La",,REP,Unverified Candidate 6,46
Cullman,0020 BETHSADIA FIRE DEPT.,"Cullman County Republican Executive Committee, At La",,REP,Unverified Candidate 7,65
Cullman,0020 BETHSADIA FIRE DEPT.,"Cullman County Republican Executive Committee, At La",,REP,Unverified Candidate 8,69
Cullman,0020 BETHSADIA FIRE DEPT.,"Cullman County Republican Executive Committee, At La",,REP,Unverified Candidate 9,93
Cullman,0020 BETHSADIA FIRE DEPT.,"Cullman County Republican Executive Committee, East",,REP,Unverified Candidate 1,86
Cullman,0020 BETHSADIA FIRE DEPT.,"Cullman County Republican Executive Committee, East",,REP,Unverified Candidate 2,41
Cullman,0020 BETHSADIA FIRE DEPT.,"Cullman County Republican Executive Committee, East",,REP,Unverified Candidate 3,73
Cullman,0020 BETHSADIA FIRE DEPT.,"Cullman County Republican Executive Committee, East",,REP,Unverified Candidate 4,93
Cullman,0020 BETHSADIA FIRE DEPT.,"Cullman County Republican Executive Committee, West",,REP,Unverified Candidate 1,78
Cullman,0020 BETHSADIA FIRE DEPT.,"Cullman County Republican Executive Committee, West",,REP,Unverified Candidate 2,56
Cullman,0020 BETHSADIA FIRE DEPT.,"Cullman County Republican Executive Committee, West",,REP,Unverified Candidate 3,97
Cullman,0020 BETHSADIA FIRE DEPT.,"Cullman County Republican Executive Committee, West",,REP,Unverified Candidate 4,78
Cullman,0020 BETHSADIA FIRE DEPT.,Cullman County Revenue Commissioner,,REP,Kenneth Cornelius,102
Cullman,0020 BETHSADIA FIRE DEPT.,Cullman County Revenue Commissioner,,REP,Mike Pitts,114
Cullman,0020 BETHSADIA FIRE DEPT.,Cullman County Sheriff,,REP,Chad Whaley,145
Cullman,0020 BETHSADIA FIRE DEPT.,Cullman County Sheriff,,REP,Tim Creel,81
Cullman,0020 BETHSADIA FIRE DEPT.,Governor,,REP,"""Alabama"" Will Santivasci",11
Cullman,0020 BETHSADIA FIRE DEPT.,Governor,,REP,Ken McFeeters,14
Cullman,0020 BETHSADIA FIRE DEPT.,Governor,,REP,Thomas Tuberville,200
Cullman,0020 BETHSADIA FIRE DEPT.,Lieutenant Governor,,REP,George Childress,4
Cullman,0020 BETHSADIA FIRE DEPT.,Lieutenant Governor,,REP,John Wahl,100
Cullman,0020 BETHSADIA FIRE DEPT.,Lieutenant Governor,,REP,Nicole Jones Wadsworth,10
Cullman,0020 BETHSADIA FIRE DEPT.,Lieutenant Governor,,REP,Pat Bishop,16
Cullman,0020 BETHSADIA FIRE DEPT.,Lieutenant Governor,,REP,Rick Pate,15
Cullman,0020 BETHSADIA FIRE DEPT.,Lieutenant Governor,,REP,Stewart Hill Tankersley,8
Cullman,0020 BETHSADIA FIRE DEPT.,Lieutenant Governor,,REP,Wes Allen,56
Cullman,0020 BETHSADIA FIRE DEPT.,"Member, Cullman County Commission, District 1",,REP,Kenneth Walker,152
Cullman,0020 BETHSADIA FIRE DEPT.,"Member, Cullman County Commission, District 1",,REP,Reburn Miller,55
Cullman,0020 BETHSADIA FIRE DEPT.,"Member, Cullman County Commission, District 2",,REP,Josh Speakman,67
Cullman,0020 BETHSADIA FIRE DEPT.,"Member, Cullman County Commission, District 2",,REP,Richard Barnett,150
Cullman,0020 BETHSADIA FIRE DEPT.,"Public Service Commission, Place No. 1",,REP,Jeremy H. Oden,54
Cullman,0020 BETHSADIA FIRE DEPT.,"Public Service Commission, Place No. 1",,REP,Matt Gentry,168
Cullman,0020 BETHSADIA FIRE DEPT.,"Public Service Commission, Place No. 2",,REP,Brent Woodall,33
Cullman,0020 BETHSADIA FIRE DEPT.,"Public Service Commission, Place No. 2",,REP,Chris Beeker,58
Cullman,0020 BETHSADIA FIRE DEPT.,"Public Service Commission, Place No. 2",,REP,Jim Zig Zeigler,71
Cullman,0020 BETHSADIA FIRE DEPT.,"Public Service Commission, Place No. 2",,REP,Priscilla Andrews,34
Cullman,0020 BETHSADIA FIRE DEPT.,Secretary of State,,REP,Caroleene Dobson,153
Cullman,0020 BETHSADIA FIRE DEPT.,Secretary of State,,REP,Christopher Christian Horn,36
Cullman,0020 BETHSADIA FIRE DEPT.,Secretary of State,,REP,Glenda S. Jackson,19
Cullman,0020 BETHSADIA FIRE DEPT.,State Auditor,,REP,Andrew Sorrell,153
Cullman,0020 BETHSADIA FIRE DEPT.,State Auditor,,REP,Derek Chen,44
Cullman,0020 BETHSADIA FIRE DEPT.,State Board of Education,6,REP,Cathi Bradford,139
Cullman,0020 BETHSADIA FIRE DEPT.,State Board of Education,6,REP,Marie Manning,44
Cullman,0020 BETHSADIA FIRE DEPT.,"State Republican Executive Committee, Cullman County",,REP,Unverified Candidate 1,128
Cullman,0020 BETHSADIA FIRE DEPT.,"State Republican Executive Committee, Cullman County",,REP,Unverified Candidate 1,115
Cullman,0020 BETHSADIA FIRE DEPT.,"State Republican Executive Committee, Cullman County",,REP,Unverified Candidate 2,65
Cullman,0020 BETHSADIA FIRE DEPT.,"State Republican Executive Committee, Cullman County",,REP,Unverified Candidate 2,45
Cullman,0020 BETHSADIA FIRE DEPT.,"State Republican Executive Committee, Cullman County",,REP,Unverified Candidate 3,45
Cullman,0020 BETHSADIA FIRE DEPT.,State Senate,4,REP,Garlan Gudger,101
Cullman,0020 BETHSADIA FIRE DEPT.,State Senate,4,REP,J.R. Bowling,127
Cullman,0020 BETHSADIA FIRE DEPT.,State Treasurer,,REP,Steve Lolley,74
Cullman,0020 BETHSADIA FIRE DEPT.,State Treasurer,,REP,Young Boozer,124
Cullman,0020 BETHSADIA FIRE DEPT.,U.S. House,4,REP,Robert B. Aderholt,161
Cullman,0020 BETHSADIA FIRE DEPT.,U.S. House,4,REP,Tommy Barnes,59
Cullman,0020 BETHSADIA FIRE DEPT.,U.S. Senate,,REP,Barry Moore,53
Cullman,0020 BETHSADIA FIRE DEPT.,U.S. Senate,,REP,Dale Shelton Deas Jr.,1
Cullman,0020 BETHSADIA FIRE DEPT.,U.S. Senate,,REP,Jared Hudson,100
Cullman,0020 BETHSADIA FIRE DEPT.,U.S. Senate,,REP,Morgan Murphy,4
Cullman,0020 BETHSADIA FIRE DEPT.,U.S. Senate,,REP,Rodney Walker,11
Cullman,0020 BETHSADIA FIRE DEPT.,U.S. Senate,,REP,Seth Burton,1
Cullman,0020 BETHSADIA FIRE DEPT.,U.S. Senate,,REP,Steve Marshall,55
Cullman,0020 BETHSADIA FIRE DEPT.,West Point / District No. 1,,REP,Unverified Candidate 1,137
Cullman,0020 BETHSADIA FIRE DEPT.,West Point / District No. 1,,REP,Unverified Candidate 2,69
Cullman,0021 LOGAN FIRE DEPT.,Proposed Statewide Amendment 1,,,No,22
Cullman,0021 LOGAN FIRE DEPT.,Proposed Statewide Amendment 1,,,Yes,154
Cullman,0021 LOGAN FIRE DEPT.,Proposed Statewide Amendment 2,,,No,70
Cullman,0021 LOGAN FIRE DEPT.,Proposed Statewide Amendment 2,,,Yes,98
Cullman,0021 LOGAN FIRE DEPT.,"Public Service Commission, Place No. 1",,DEM,James O. Gordon,3
Cullman,0021 LOGAN FIRE DEPT.,"Public Service Commission, Place No. 1",,DEM,Jeff Ramsey,4
Cullman,0021 LOGAN FIRE DEPT.,"Public Service Commission, Place No. 1",,DEM,John Northrop,3
Cullman,0021 LOGAN FIRE DEPT.,U.S. House,4,DEM,Amanda N. Pusczek,4
Cullman,0021 LOGAN FIRE DEPT.,U.S. House,4,DEM,Unverified Candidate 3,6
Cullman,0021 LOGAN FIRE DEPT.,U.S. Senate,,DEM,Dakarai Larriett,4
Cullman,0021 LOGAN FIRE DEPT.,U.S. Senate,,DEM,Everett Wess,3
Cullman,0021 LOGAN FIRE DEPT.,U.S. Senate,,DEM,Kyle Sweetser,1
Cullman,0021 LOGAN FIRE DEPT.,U.S. Senate,,DEM,Mark S. Wheeler II,2
Cullman,0021 LOGAN FIRE DEPT.,Attorney General,,REP,Jay Mitchell,68
Cullman,0021 LOGAN FIRE DEPT.,Attorney General,,REP,Katherine Robertson,57
Cullman,0021 LOGAN FIRE DEPT.,Attorney General,,REP,Pamela L. Casey,40
Cullman,0021 LOGAN FIRE DEPT.,Commissioner of Agriculture and Industries,,REP,Christina Woerner McInnis,38
Cullman,0021 LOGAN FIRE DEPT.,Commissioner of Agriculture and Industries,,REP,Cory Hill,78
Cullman,0021 LOGAN FIRE DEPT.,Commissioner of Agriculture and Industries,,REP,Jack Williams,38
Cullman,0021 LOGAN FIRE DEPT.,"Cullman County Republican Executive Committee, At La",,REP,Unverified Candidate 1,87
Cullman,0021 LOGAN FIRE DEPT.,"Cullman County Republican Executive Committee, At La",,REP,Unverified Candidate 10,54
Cullman,0021 LOGAN FIRE DEPT.,"Cullman County Republican Executive Committee, At La",,REP,Unverified Candidate 2,50
Cullman,0021 LOGAN FIRE DEPT.,"Cullman County Republican Executive Committee, At La",,REP,Unverified Candidate 3,88
Cullman,0021 LOGAN FIRE DEPT.,"Cullman County Republican Executive Committee, At La",,REP,Unverified Candidate 4,74
Cullman,0021 LOGAN FIRE DEPT.,"Cullman County Republican Executive Committee, At La",,REP,Unverified Candidate 5,62
Cullman,0021 LOGAN FIRE DEPT.,"Cullman County Republican Executive Committee, At La",,REP,Unverified Candidate 6,59
Cullman,0021 LOGAN FIRE DEPT.,"Cullman County Republican Executive Committee, At La",,REP,Unverified Candidate 7,67
Cullman,0021 LOGAN FIRE DEPT.,"Cullman County Republican Executive Committee, At La",,REP,Unverified Candidate 8,61
Cullman,0021 LOGAN FIRE DEPT.,"Cullman County Republican Executive Committee, At La",,REP,Unverified Candidate 9,75
Cullman,0021 LOGAN FIRE DEPT.,"Cullman County Republican Executive Committee, East",,REP,Unverified Candidate 1,68
Cullman,0021 LOGAN FIRE DEPT.,"Cullman County Republican Executive Committee, East",,REP,Unverified Candidate 2,38
Cullman,0021 LOGAN FIRE DEPT.,"Cullman County Republican Executive Committee, East",,REP,Unverified Candidate 3,51
Cullman,0021 LOGAN FIRE DEPT.,"Cullman County Republican Executive Committee, East",,REP,Unverified Candidate 4,85
Cullman,0021 LOGAN FIRE DEPT.,"Cullman County Republican Executive Committee, West",,REP,Unverified Candidate 1,63
Cullman,0021 LOGAN FIRE DEPT.,"Cullman County Republican Executive Committee, West",,REP,Unverified Candidate 2,41
Cullman,0021 LOGAN FIRE DEPT.,"Cullman County Republican Executive Committee, West",,REP,Unverified Candidate 3,85
Cullman,0021 LOGAN FIRE DEPT.,"Cullman County Republican Executive Committee, West",,REP,Unverified Candidate 4,62
Cullman,0021 LOGAN FIRE DEPT.,Cullman County Revenue Commissioner,,REP,Kenneth Cornelius,68
Cullman,0021 LOGAN FIRE DEPT.,Cullman County Revenue Commissioner,,REP,Mike Pitts,102
Cullman,0021 LOGAN FIRE DEPT.,Cullman County Sheriff,,REP,Chad Whaley,114
Cullman,0021 LOGAN FIRE DEPT.,Cullman County Sheriff,,REP,Tim Creel,65
Cullman,0021 LOGAN FIRE DEPT.,Governor,,REP,"""Alabama"" Will Santivasci",3
Cullman,0021 LOGAN FIRE DEPT.,Governor,,REP,Ken McFeeters,8
Cullman,0021 LOGAN FIRE DEPT.,Governor,,REP,Thomas Tuberville,164
Cullman,0021 LOGAN FIRE DEPT.,Lieutenant Governor,,REP,George Childress,2
Cullman,0021 LOGAN FIRE DEPT.,Lieutenant Governor,,REP,John Wahl,70
Cullman,0021 LOGAN FIRE DEPT.,Lieutenant Governor,,REP,Nicole Jones Wadsworth,16
Cullman,0021 LOGAN FIRE DEPT.,Lieutenant Governor,,REP,Pat Bishop,20
Cullman,0021 LOGAN FIRE DEPT.,Lieutenant Governor,,REP,Rick Pate,11
Cullman,0021 LOGAN FIRE DEPT.,Lieutenant Governor,,REP,Stewart Hill Tankersley,2
Cullman,0021 LOGAN FIRE DEPT.,Lieutenant Governor,,REP,Wes Allen,48
Cullman,0021 LOGAN FIRE DEPT.,"Member, Cullman County Commission, District 1",,REP,Kenneth Walker,118
Cullman,0021 LOGAN FIRE DEPT.,"Member, Cullman County Commission, District 1",,REP,Reburn Miller,41
Cullman,0021 LOGAN FIRE DEPT.,"Member, Cullman County Commission, District 2",,REP,Josh Speakman,58
Cullman,0021 LOGAN FIRE DEPT.,"Member, Cullman County Commission, District 2",,REP,Richard Barnett,111
Cullman,0021 LOGAN FIRE DEPT.,"Public Service Commission, Place No. 1",,REP,Jeremy H. Oden,55
Cullman,0021 LOGAN FIRE DEPT.,"Public Service Commission, Place No. 1",,REP,Matt Gentry,123
Cullman,0021 LOGAN FIRE DEPT.,"Public Service Commission, Place No. 2",,REP,Brent Woodall,28
Cullman,0021 LOGAN FIRE DEPT.,"Public Service Commission, Place No. 2",,REP,Chris Beeker,38
Cullman,0021 LOGAN FIRE DEPT.,"Public Service Commission, Place No. 2",,REP,Jim Zig Zeigler,67
Cullman,0021 LOGAN FIRE DEPT.,"Public Service Commission, Place No. 2",,REP,Priscilla Andrews,18
Cullman,0021 LOGAN FIRE DEPT.,Secretary of State,,REP,Caroleene Dobson,108
Cullman,0021 LOGAN FIRE DEPT.,Secretary of State,,REP,Christopher Christian Horn,27
Cullman,0021 LOGAN FIRE DEPT.,Secretary of State,,REP,Glenda S. Jackson,16
Cullman,0021 LOGAN FIRE DEPT.,State Auditor,,REP,Andrew Sorrell,113
Cullman,0021 LOGAN FIRE DEPT.,State Auditor,,REP,Derek Chen,44
Cullman,0021 LOGAN FIRE DEPT.,State Board of Education,6,REP,Cathi Bradford,93
Cullman,0021 LOGAN FIRE DEPT.,State Board of Education,6,REP,Marie Manning,51
Cullman,0021 LOGAN FIRE DEPT.,"State Republican Executive Committee, Cullman County",,REP,Unverified Candidate 1,85
Cullman,0021 LOGAN FIRE DEPT.,"State Republican Executive Committee, Cullman County",,REP,Unverified Candidate 1,82
Cullman,0021 LOGAN FIRE DEPT.,"State Republican Executive Committee, Cullman County",,REP,Unverified Candidate 2,71
Cullman,0021 LOGAN FIRE DEPT.,"State Republican Executive Committee, Cullman County",,REP,Unverified Candidate 2,31
Cullman,0021 LOGAN FIRE DEPT.,"State Republican Executive Committee, Cullman County",,REP,Unverified Candidate 3,52
Cullman,0021 LOGAN FIRE DEPT.,State Senate,4,REP,Garlan Gudger,93
Cullman,0021 LOGAN FIRE DEPT.,State Senate,4,REP,J.R. Bowling,86
Cullman,0021 LOGAN FIRE DEPT.,State Treasurer,,REP,Steve Lolley,65
Cullman,0021 LOGAN FIRE DEPT.,State Treasurer,,REP,Young Boozer,87
Cullman,0021 LOGAN FIRE DEPT.,U.S. House,4,REP,Robert B. Aderholt,143
Cullman,0021 LOGAN FIRE DEPT.,U.S. House,4,REP,Tommy Barnes,31
Cullman,0021 LOGAN FIRE DEPT.,U.S. Senate,,REP,Barry Moore,49
Cullman,0021 LOGAN FIRE DEPT.,U.S. Senate,,REP,Dale Shelton Deas Jr.,4
Cullman,0021 LOGAN FIRE DEPT.,U.S. Senate,,REP,Jared Hudson,68
Cullman,0021 LOGAN FIRE DEPT.,U.S. Senate,,REP,Morgan Murphy,4
Cullman,0021 LOGAN FIRE DEPT.,U.S. Senate,,REP,Rodney Walker,12
Cullman,0021 LOGAN FIRE DEPT.,U.S. Senate,,REP,Seth Burton,2
Cullman,0021 LOGAN FIRE DEPT.,U.S. Senate,,REP,Steve Marshall,33
Cullman,0021 LOGAN FIRE DEPT.,West Point / District No. 1,,REP,Unverified Candidate 1,99
Cullman,0021 LOGAN FIRE DEPT.,West Point / District No. 1,,REP,Unverified Candidate 2,62
Cullman,0022 BETHEL COMM CTR,Proposed Statewide Amendment 1,,,No,16
Cullman,0022 BETHEL COMM CTR,Proposed Statewide Amendment 1,,,Yes,157
Cullman,0022 BETHEL COMM CTR,Proposed Statewide Amendment 2,,,No,92
Cullman,0022 BETHEL COMM CTR,Proposed Statewide Amendment 2,,,Yes,77
Cullman,0022 BETHEL COMM CTR,"Public Service Commission, Place No. 1",,DEM,James O. Gordon,1
Cullman,0022 BETHEL COMM CTR,"Public Service Commission, Place No. 1",,DEM,Jeff Ramsey,7
Cullman,0022 BETHEL COMM CTR,"Public Service Commission, Place No. 1",,DEM,John Northrop,2
Cullman,0022 BETHEL COMM CTR,U.S. House,4,DEM,Amanda N. Pusczek,7
Cullman,0022 BETHEL COMM CTR,U.S. House,4,DEM,Unverified Candidate 3,3
Cullman,0022 BETHEL COMM CTR,U.S. Senate,,DEM,Dakarai Larriett,1
Cullman,0022 BETHEL COMM CTR,U.S. Senate,,DEM,Everett Wess,1
Cullman,0022 BETHEL COMM CTR,U.S. Senate,,DEM,Kyle Sweetser,4
Cullman,0022 BETHEL COMM CTR,U.S. Senate,,DEM,Mark S. Wheeler II,4
Cullman,0022 BETHEL COMM CTR,Attorney General,,REP,Jay Mitchell,45
Cullman,0022 BETHEL COMM CTR,Attorney General,,REP,Katherine Robertson,69
Cullman,0022 BETHEL COMM CTR,Attorney General,,REP,Pamela L. Casey,36
Cullman,0022 BETHEL COMM CTR,Commissioner of Agriculture and Industries,,REP,Christina Woerner McInnis,43
Cullman,0022 BETHEL COMM CTR,Commissioner of Agriculture and Industries,,REP,Cory Hill,55
Cullman,0022 BETHEL COMM CTR,Commissioner of Agriculture and Industries,,REP,Jack Williams,44
Cullman,0022 BETHEL COMM CTR,"Cullman County Republican Executive Committee, At La",,REP,Unverified Candidate 1,75
Cullman,0022 BETHEL COMM CTR,"Cullman County Republican Executive Committee, At La",,REP,Unverified Candidate 10,37
Cullman,0022 BETHEL COMM CTR,"Cullman County Republican Executive Committee, At La",,REP,Unverified Candidate 2,29
Cullman,0022 BETHEL COMM CTR,"Cullman County Republican Executive Committee, At La",,REP,Unverified Candidate 3,66
Cullman,0022 BETHEL COMM CTR,"Cullman County Republican Executive Committee, At La",,REP,Unverified Candidate 4,52
Cullman,0022 BETHEL COMM CTR,"Cullman County Republican Executive Committee, At La",,REP,Unverified Candidate 5,46
Cullman,0022 BETHEL COMM CTR,"Cullman County Republican Executive Committee, At La",,REP,Unverified Candidate 6,30
Cullman,0022 BETHEL COMM CTR,"Cullman County Republican Executive Committee, At La",,REP,Unverified Candidate 7,54
Cullman,0022 BETHEL COMM CTR,"Cullman County Republican Executive Committee, At La",,REP,Unverified Candidate 8,37
Cullman,0022 BETHEL COMM CTR,"Cullman County Republican Executive Committee, At La",,REP,Unverified Candidate 9,44
Cullman,0022 BETHEL COMM CTR,"Cullman County Republican Executive Committee, East",,REP,Unverified Candidate 1,53
Cullman,0022 BETHEL COMM CTR,"Cullman County Republican Executive Committee, East",,REP,Unverified Candidate 2,26
Cullman,0022 BETHEL COMM CTR,"Cullman County Republican Executive Committee, East",,REP,Unverified Candidate 3,53
Cullman,0022 BETHEL COMM CTR,"Cullman County Republican Executive Committee, East",,REP,Unverified Candidate 4,66
Cullman,0022 BETHEL COMM CTR,"Cullman County Republican Executive Committee, West",,REP,Unverified Candidate 1,56
Cullman,0022 BETHEL COMM CTR,"Cullman County Republican Executive Committee, West",,REP,Unverified Candidate 2,38
Cullman,0022 BETHEL COMM CTR,"Cullman County Republican Executive Committee, West",,REP,Unverified Candidate 3,70
Cullman,0022 BETHEL COMM CTR,"Cullman County Republican Executive Committee, West",,REP,Unverified Candidate 4,49
Cullman,0022 BETHEL COMM CTR,Cullman County Revenue Commissioner,,REP,Kenneth Cornelius,74
Cullman,0022 BETHEL COMM CTR,Cullman County Revenue Commissioner,,REP,Mike Pitts,83
Cullman,0022 BETHEL COMM CTR,Cullman County Sheriff,,REP,Chad Whaley,82
Cullman,0022 BETHEL COMM CTR,Cullman County Sheriff,,REP,Tim Creel,89
Cullman,0022 BETHEL COMM CTR,Governor,,REP,"""Alabama"" Will Santivasci",5
Cullman,0022 BETHEL COMM CTR,Governor,,REP,Ken McFeeters,27
Cullman,0022 BETHEL COMM CTR,Governor,,REP,Thomas Tuberville,136
Cullman,0022 BETHEL COMM CTR,Lieutenant Governor,,REP,George Childress,1
Cullman,0022 BETHEL COMM CTR,Lieutenant Governor,,REP,John Wahl,60
Cullman,0022 BETHEL COMM CTR,Lieutenant Governor,,REP,Nicole Jones Wadsworth,13
Cullman,0022 BETHEL COMM CTR,Lieutenant Governor,,REP,Pat Bishop,8
Cullman,0022 BETHEL COMM CTR,Lieutenant Governor,,REP,Rick Pate,15
Cullman,0022 BETHEL COMM CTR,Lieutenant Governor,,REP,Stewart Hill Tankersley,4
Cullman,0022 BETHEL COMM CTR,Lieutenant Governor,,REP,Wes Allen,58
Cullman,0022 BETHEL COMM CTR,"Member, Cullman County Commission, District 1",,REP,Kenneth Walker,117
Cullman,0022 BETHEL COMM CTR,"Member, Cullman County Commission, District 1",,REP,Reburn Miller,30
Cullman,0022 BETHEL COMM CTR,"Member, Cullman County Commission, District 2",,REP,Josh Speakman,51
Cullman,0022 BETHEL COMM CTR,"Member, Cullman County Commission, District 2",,REP,Richard Barnett,105
Cullman,0022 BETHEL COMM CTR,"Public Service Commission, Place No. 1",,REP,Jeremy H. Oden,44
Cullman,0022 BETHEL COMM CTR,"Public Service Commission, Place No. 1",,REP,Matt Gentry,125
Cullman,0022 BETHEL COMM CTR,"Public Service Commission, Place No. 2",,REP,Brent Woodall,35
Cullman,0022 BETHEL COMM CTR,"Public Service Commission, Place No. 2",,REP,Chris Beeker,31
Cullman,0022 BETHEL COMM CTR,"Public Service Commission, Place No. 2",,REP,Jim Zig Zeigler,50
Cullman,0022 BETHEL COMM CTR,"Public Service Commission, Place No. 2",,REP,Priscilla Andrews,24
Cullman,0022 BETHEL COMM CTR,Secretary of State,,REP,Caroleene Dobson,98
Cullman,0022 BETHEL COMM CTR,Secretary of State,,REP,Christopher Christian Horn,32
Cullman,0022 BETHEL COMM CTR,Secretary of State,,REP,Glenda S. Jackson,12
Cullman,0022 BETHEL COMM CTR,State Auditor,,REP,Andrew Sorrell,85
Cullman,0022 BETHEL COMM CTR,State Auditor,,REP,Derek Chen,52
Cullman,0022 BETHEL COMM CTR,State Board of Education,6,REP,Cathi Bradford,88
Cullman,0022 BETHEL COMM CTR,State Board of Education,6,REP,Marie Manning,36
Cullman,0022 BETHEL COMM CTR,"State Republican Executive Committee, Cullman County",,REP,Unverified Candidate 1,89
Cullman,0022 BETHEL COMM CTR,"State Republican Executive Committee, Cullman County",,REP,Unverified Candidate 1,73
Cullman,0022 BETHEL COMM CTR,"State Republican Executive Committee, Cullman County",,REP,Unverified Candidate 2,54
Cullman,0022 BETHEL COMM CTR,"State Republican Executive Committee, Cullman County",,REP,Unverified Candidate 2,30
Cullman,0022 BETHEL COMM CTR,"State Republican Executive Committee, Cullman County",,REP,Unverified Candidate 3,51
Cullman,0022 BETHEL COMM CTR,State Senate,4,REP,Garlan Gudger,80
Cullman,0022 BETHEL COMM CTR,State Senate,4,REP,J.R. Bowling,85
Cullman,0022 BETHEL COMM CTR,State Treasurer,,REP,Steve Lolley,48
Cullman,0022 BETHEL COMM CTR,State Treasurer,,REP,Young Boozer,92
Cullman,0022 BETHEL COMM CTR,U.S. House,4,REP,Robert B. Aderholt,129
Cullman,0022 BETHEL COMM CTR,U.S. House,4,REP,Tommy Barnes,30
Cullman,0022 BETHEL COMM CTR,U.S. Senate,,REP,Barry Moore,32
Cullman,0022 BETHEL COMM CTR,U.S. Senate,,REP,Dale Shelton Deas Jr.,4
Cullman,0022 BETHEL COMM CTR,U.S. Senate,,REP,Jared Hudson,68
Cullman,0022 BETHEL COMM CTR,U.S. Senate,,REP,Morgan Murphy,4
Cullman,0022 BETHEL COMM CTR,U.S. Senate,,REP,Rodney Walker,12
Cullman,0022 BETHEL COMM CTR,U.S. Senate,,REP,Seth Burton,5
Cullman,0022 BETHEL COMM CTR,U.S. Senate,,REP,Steve Marshall,38
Cullman,0022 BETHEL COMM CTR,West Point / District No. 1,,REP,Unverified Candidate 1,87
Cullman,0022 BETHEL COMM CTR,West Point / District No. 1,,REP,Unverified Candidate 2,67
Cullman,0023 JONES CHAPEL FIRE DEPT.,Proposed Statewide Amendment 1,,,No,63
Cullman,0023 JONES CHAPEL FIRE DEPT.,Proposed Statewide Amendment 1,,,Yes,323
Cullman,0023 JONES CHAPEL FIRE DEPT.,Proposed Statewide Amendment 2,,,No,210
Cullman,0023 JONES CHAPEL FIRE DEPT.,Proposed Statewide Amendment 2,,,Yes,156
Cullman,0023 JONES CHAPEL FIRE DEPT.,"Public Service Commission, Place No. 1",,DEM,James O. Gordon,8
Cullman,0023 JONES CHAPEL FIRE DEPT.,"Public Service Commission, Place No. 1",,DEM,Jeff Ramsey,8
Cullman,0023 JONES CHAPEL FIRE DEPT.,"Public Service Commission, Place No. 1",,DEM,John Northrop,5
Cullman,0023 JONES CHAPEL FIRE DEPT.,U.S. House,4,DEM,Amanda N. Pusczek,10
Cullman,0023 JONES CHAPEL FIRE DEPT.,U.S. House,4,DEM,Unverified Candidate 3,11
Cullman,0023 JONES CHAPEL FIRE DEPT.,U.S. Senate,,DEM,Dakarai Larriett,7
Cullman,0023 JONES CHAPEL FIRE DEPT.,U.S. Senate,,DEM,Everett Wess,4
Cullman,0023 JONES CHAPEL FIRE DEPT.,U.S. Senate,,DEM,Kyle Sweetser,6
Cullman,0023 JONES CHAPEL FIRE DEPT.,U.S. Senate,,DEM,Mark S. Wheeler II,4
Cullman,0023 JONES CHAPEL FIRE DEPT.,Attorney General,,REP,Jay Mitchell,120
Cullman,0023 JONES CHAPEL FIRE DEPT.,Attorney General,,REP,Katherine Robertson,124
Cullman,0023 JONES CHAPEL FIRE DEPT.,Attorney General,,REP,Pamela L. Casey,101
Cullman,0023 JONES CHAPEL FIRE DEPT.,Commissioner of Agriculture and Industries,,REP,Christina Woerner McInnis,85
Cullman,0023 JONES CHAPEL FIRE DEPT.,Commissioner of Agriculture and Industries,,REP,Cory Hill,116
Cullman,0023 JONES CHAPEL FIRE DEPT.,Commissioner of Agriculture and Industries,,REP,Jack Williams,116
Cullman,0023 JONES CHAPEL FIRE DEPT.,"Cullman County Republican Executive Committee, At La",,REP,Unverified Candidate 1,161
Cullman,0023 JONES CHAPEL FIRE DEPT.,"Cullman County Republican Executive Committee, At La",,REP,Unverified Candidate 10,115
Cullman,0023 JONES CHAPEL FIRE DEPT.,"Cullman County Republican Executive Committee, At La",,REP,Unverified Candidate 2,66
Cullman,0023 JONES CHAPEL FIRE DEPT.,"Cullman County Republican Executive Committee, At La",,REP,Unverified Candidate 3,136
Cullman,0023 JONES CHAPEL FIRE DEPT.,"Cullman County Republican Executive Committee, At La",,REP,Unverified Candidate 4,109
Cullman,0023 JONES CHAPEL FIRE DEPT.,"Cullman County Republican Executive Committee, At La",,REP,Unverified Candidate 5,101
Cullman,0023 JONES CHAPEL FIRE DEPT.,"Cullman County Republican Executive Committee, At La",,REP,Unverified Candidate 6,68
Cullman,0023 JONES CHAPEL FIRE DEPT.,"Cullman County Republican Executive Committee, At La",,REP,Unverified Candidate 7,126
Cullman,0023 JONES CHAPEL FIRE DEPT.,"Cullman County Republican Executive Committee, At La",,REP,Unverified Candidate 8,72
Cullman,0023 JONES CHAPEL FIRE DEPT.,"Cullman County Republican Executive Committee, At La",,REP,Unverified Candidate 9,98
Cullman,0023 JONES CHAPEL FIRE DEPT.,"Cullman County Republican Executive Committee, East",,REP,Unverified Candidate 1,130
Cullman,0023 JONES CHAPEL FIRE DEPT.,"Cullman County Republican Executive Committee, East",,REP,Unverified Candidate 2,56
Cullman,0023 JONES CHAPEL FIRE DEPT.,"Cullman County Republican Executive Committee, East",,REP,Unverified Candidate 3,134
Cullman,0023 JONES CHAPEL FIRE DEPT.,"Cullman County Republican Executive Committee, East",,REP,Unverified Candidate 4,114
Cullman,0023 JONES CHAPEL FIRE DEPT.,"Cullman County Republican Executive Committee, West",,REP,Unverified Candidate 1,132
Cullman,0023 JONES CHAPEL FIRE DEPT.,"Cullman County Republican Executive Committee, West",,REP,Unverified Candidate 2,69
Cullman,0023 JONES CHAPEL FIRE DEPT.,"Cullman County Republican Executive Committee, West",,REP,Unverified Candidate 3,115
Cullman,0023 JONES CHAPEL FIRE DEPT.,"Cullman County Republican Executive Committee, West",,REP,Unverified Candidate 4,135
Cullman,0023 JONES CHAPEL FIRE DEPT.,Cullman County Revenue Commissioner,,REP,Kenneth Cornelius,179
Cullman,0023 JONES CHAPEL FIRE DEPT.,Cullman County Revenue Commissioner,,REP,Mike Pitts,165
Cullman,0023 JONES CHAPEL FIRE DEPT.,Cullman County Sheriff,,REP,Chad Whaley,199
Cullman,0023 JONES CHAPEL FIRE DEPT.,Cullman County Sheriff,,REP,Tim Creel,173
Cullman,0023 JONES CHAPEL FIRE DEPT.,Governor,,REP,"""Alabama"" Will Santivasci",21
Cullman,0023 JONES CHAPEL FIRE DEPT.,Governor,,REP,Ken McFeeters,17
Cullman,0023 JONES CHAPEL FIRE DEPT.,Governor,,REP,Thomas Tuberville,327
Cullman,0023 JONES CHAPEL FIRE DEPT.,Lieutenant Governor,,REP,George Childress,8
Cullman,0023 JONES CHAPEL FIRE DEPT.,Lieutenant Governor,,REP,John Wahl,140
Cullman,0023 JONES CHAPEL FIRE DEPT.,Lieutenant Governor,,REP,Nicole Jones Wadsworth,37
Cullman,0023 JONES CHAPEL FIRE DEPT.,Lieutenant Governor,,REP,Pat Bishop,21
Cullman,0023 JONES CHAPEL FIRE DEPT.,Lieutenant Governor,,REP,Rick Pate,31
Cullman,0023 JONES CHAPEL FIRE DEPT.,Lieutenant Governor,,REP,Stewart Hill Tankersley,8
Cullman,0023 JONES CHAPEL FIRE DEPT.,Lieutenant Governor,,REP,Wes Allen,106
Cullman,0023 JONES CHAPEL FIRE DEPT.,"Member, Cullman County Commission, District 1",,REP,Kenneth Walker,241
Cullman,0023 JONES CHAPEL FIRE DEPT.,"Member, Cullman County Commission, District 1",,REP,Reburn Miller,94
Cullman,0023 JONES CHAPEL FIRE DEPT.,"Member, Cullman County Commission, District 2",,REP,Josh Speakman,112
Cullman,0023 JONES CHAPEL FIRE DEPT.,"Member, Cullman County Commission, District 2",,REP,Richard Barnett,251
Cullman,0023 JONES CHAPEL FIRE DEPT.,"Public Service Commission, Place No. 1",,REP,Jeremy H. Oden,109
Cullman,0023 JONES CHAPEL FIRE DEPT.,"Public Service Commission, Place No. 1",,REP,Matt Gentry,265
Cullman,0023 JONES CHAPEL FIRE DEPT.,"Public Service Commission, Place No. 2",,REP,Brent Woodall,65
Cullman,0023 JONES CHAPEL FIRE DEPT.,"Public Service Commission, Place No. 2",,REP,Chris Beeker,79
Cullman,0023 JONES CHAPEL FIRE DEPT.,"Public Service Commission, Place No. 2",,REP,Jim Zig Zeigler,131
Cullman,0023 JONES CHAPEL FIRE DEPT.,"Public Service Commission, Place No. 2",,REP,Priscilla Andrews,48
Cullman,0023 JONES CHAPEL FIRE DEPT.,Secretary of State,,REP,Caroleene Dobson,195
Cullman,0023 JONES CHAPEL FIRE DEPT.,Secretary of State,,REP,Christopher Christian Horn,88
Cullman,0023 JONES CHAPEL FIRE DEPT.,Secretary of State,,REP,Glenda S. Jackson,37
Cullman,0023 JONES CHAPEL FIRE DEPT.,State Auditor,,REP,Andrew Sorrell,247
Cullman,0023 JONES CHAPEL FIRE DEPT.,State Auditor,,REP,Derek Chen,86
Cullman,0023 JONES CHAPEL FIRE DEPT.,State Board of Education,6,REP,Cathi Bradford,200
Cullman,0023 JONES CHAPEL FIRE DEPT.,State Board of Education,6,REP,Marie Manning,117
Cullman,0023 JONES CHAPEL FIRE DEPT.,"State Republican Executive Committee, Cullman County",,REP,Unverified Candidate 1,192
Cullman,0023 JONES CHAPEL FIRE DEPT.,"State Republican Executive Committee, Cullman County",,REP,Unverified Candidate 1,173
Cullman,0023 JONES CHAPEL FIRE DEPT.,"State Republican Executive Committee, Cullman County",,REP,Unverified Candidate 2,124
Cullman,0023 JONES CHAPEL FIRE DEPT.,"State Republican Executive Committee, Cullman County",,REP,Unverified Candidate 2,70
Cullman,0023 JONES CHAPEL FIRE DEPT.,"State Republican Executive Committee, Cullman County",,REP,Unverified Candidate 3,106
Cullman,0023 JONES CHAPEL FIRE DEPT.,State Senate,4,REP,Garlan Gudger,178
Cullman,0023 JONES CHAPEL FIRE DEPT.,State Senate,4,REP,J.R. Bowling,193
Cullman,0023 JONES CHAPEL FIRE DEPT.,State Treasurer,,REP,Steve Lolley,145
Cullman,0023 JONES CHAPEL FIRE DEPT.,State Treasurer,,REP,Young Boozer,187
Cullman,0023 JONES CHAPEL FIRE DEPT.,U.S. House,4,REP,Robert B. Aderholt,251
Cullman,0023 JONES CHAPEL FIRE DEPT.,U.S. House,4,REP,Tommy Barnes,118
Cullman,0023 JONES CHAPEL FIRE DEPT.,U.S. Senate,,REP,Barry Moore,90
Cullman,0023 JONES CHAPEL FIRE DEPT.,U.S. Senate,,REP,Dale Shelton Deas Jr.,9
Cullman,0023 JONES CHAPEL FIRE DEPT.,U.S. Senate,,REP,Jared Hudson,148
Cullman,0023 JONES CHAPEL FIRE DEPT.,U.S. Senate,,REP,Morgan Murphy,8
Cullman,0023 JONES CHAPEL FIRE DEPT.,U.S. Senate,,REP,Rodney Walker,24
Cullman,0023 JONES CHAPEL FIRE DEPT.,U.S. Senate,,REP,Seth Burton,6
Cullman,0023 JONES CHAPEL FIRE DEPT.,U.S. Senate,,REP,Steve Marshall,72
Cullman,0023 JONES CHAPEL FIRE DEPT.,West Point / District No. 1,,REP,Unverified Candidate 1,217
Cullman,0023 JONES CHAPEL FIRE DEPT.,West Point / District No. 1,,REP,Unverified Candidate 2,125
Cullman,0024 BATTLEGROUND FIRE DEPT.,Proposed Statewide Amendment 1,,,No,38
Cullman,0024 BATTLEGROUND FIRE DEPT.,Proposed Statewide Amendment 1,,,Yes,165
Cullman,0024 BATTLEGROUND FIRE DEPT.,Proposed Statewide Amendment 2,,,No,106
Cullman,0024 BATTLEGROUND FIRE DEPT.,Proposed Statewide Amendment 2,,,Yes,88
Cullman,0024 BATTLEGROUND FIRE DEPT.,"Public Service Commission, Place No. 1",,DEM,James O. Gordon,8
Cullman,0024 BATTLEGROUND FIRE DEPT.,"Public Service Commission, Place No. 1",,DEM,Jeff Ramsey,1
Cullman,0024 BATTLEGROUND FIRE DEPT.,"Public Service Commission, Place No. 1",,DEM,John Northrop,1
Cullman,0024 BATTLEGROUND FIRE DEPT.,State Democratic Executive Committee,,DEM,Darron Mitchell,3
Cullman,0024 BATTLEGROUND FIRE DEPT.,State Democratic Executive Committee,,DEM,James Kinsman,7
Cullman,0024 BATTLEGROUND FIRE DEPT.,U.S. House,4,DEM,Amanda N. Pusczek,8
Cullman,0024 BATTLEGROUND FIRE DEPT.,U.S. House,4,DEM,Unverified Candidate 3,3
Cullman,0024 BATTLEGROUND FIRE DEPT.,U.S. Senate,,DEM,Dakarai Larriett,1
Cullman,0024 BATTLEGROUND FIRE DEPT.,U.S. Senate,,DEM,Everett Wess,3
Cullman,0024 BATTLEGROUND FIRE DEPT.,U.S. Senate,,DEM,Kyle Sweetser,1
Cullman,0024 BATTLEGROUND FIRE DEPT.,U.S. Senate,,DEM,Mark S. Wheeler II,6
Cullman,0024 BATTLEGROUND FIRE DEPT.,Attorney General,,REP,Jay Mitchell,92
Cullman,0024 BATTLEGROUND FIRE DEPT.,Attorney General,,REP,Katherine Robertson,67
Cullman,0024 BATTLEGROUND FIRE DEPT.,Attorney General,,REP,Pamela L. Casey,39
Cullman,0024 BATTLEGROUND FIRE DEPT.,Commissioner of Agriculture and Industries,,REP,Christina Woerner McInnis,39
Cullman,0024 BATTLEGROUND FIRE DEPT.,Commissioner of Agriculture and Industries,,REP,Cory Hill,81
Cullman,0024 BATTLEGROUND FIRE DEPT.,Commissioner of Agriculture and Industries,,REP,Jack Williams,54
Cullman,0024 BATTLEGROUND FIRE DEPT.,"Cullman County Republican Executive Committee, At La",,REP,Unverified Candidate 1,88
Cullman,0024 BATTLEGROUND FIRE DEPT.,"Cullman County Republican Executive Committee, At La",,REP,Unverified Candidate 10,41
Cullman,0024 BATTLEGROUND FIRE DEPT.,"Cullman County Republican Executive Committee, At La",,REP,Unverified Candidate 2,36
Cullman,0024 BATTLEGROUND FIRE DEPT.,"Cullman County Republican Executive Committee, At La",,REP,Unverified Candidate 3,87
Cullman,0024 BATTLEGROUND FIRE DEPT.,"Cullman County Republican Executive Committee, At La",,REP,Unverified Candidate 4,63
Cullman,0024 BATTLEGROUND FIRE DEPT.,"Cullman County Republican Executive Committee, At La",,REP,Unverified Candidate 5,61
Cullman,0024 BATTLEGROUND FIRE DEPT.,"Cullman County Republican Executive Committee, At La",,REP,Unverified Candidate 6,31
Cullman,0024 BATTLEGROUND FIRE DEPT.,"Cullman County Republican Executive Committee, At La",,REP,Unverified Candidate 7,58
Cullman,0024 BATTLEGROUND FIRE DEPT.,"Cullman County Republican Executive Committee, At La",,REP,Unverified Candidate 8,39
Cullman,0024 BATTLEGROUND FIRE DEPT.,"Cullman County Republican Executive Committee, At La",,REP,Unverified Candidate 9,59
Cullman,0024 BATTLEGROUND FIRE DEPT.,"Cullman County Republican Executive Committee, East",,REP,Unverified Candidate 1,70
Cullman,0024 BATTLEGROUND FIRE DEPT.,"Cullman County Republican Executive Committee, East",,REP,Unverified Candidate 2,27
Cullman,0024 BATTLEGROUND FIRE DEPT.,"Cullman County Republican Executive Committee, East",,REP,Unverified Candidate 3,75
Cullman,0024 BATTLEGROUND FIRE DEPT.,"Cullman County Republican Executive Committee, East",,REP,Unverified Candidate 4,67
Cullman,0024 BATTLEGROUND FIRE DEPT.,"Cullman County Republican Executive Committee, West",,REP,Unverified Candidate 1,54
Cullman,0024 BATTLEGROUND FIRE DEPT.,"Cullman County Republican Executive Committee, West",,REP,Unverified Candidate 2,46
Cullman,0024 BATTLEGROUND FIRE DEPT.,"Cullman County Republican Executive Committee, West",,REP,Unverified Candidate 3,87
Cullman,0024 BATTLEGROUND FIRE DEPT.,"Cullman County Republican Executive Committee, West",,REP,Unverified Candidate 4,62
Cullman,0024 BATTLEGROUND FIRE DEPT.,Cullman County Revenue Commissioner,,REP,Kenneth Cornelius,84
Cullman,0024 BATTLEGROUND FIRE DEPT.,Cullman County Revenue Commissioner,,REP,Mike Pitts,109
Cullman,0024 BATTLEGROUND FIRE DEPT.,Cullman County Sheriff,,REP,Chad Whaley,122
Cullman,0024 BATTLEGROUND FIRE DEPT.,Cullman County Sheriff,,REP,Tim Creel,91
Cullman,0024 BATTLEGROUND FIRE DEPT.,Governor,,REP,"""Alabama"" Will Santivasci",5
Cullman,0024 BATTLEGROUND FIRE DEPT.,Governor,,REP,Ken McFeeters,11
Cullman,0024 BATTLEGROUND FIRE DEPT.,Governor,,REP,Thomas Tuberville,189
Cullman,0024 BATTLEGROUND FIRE DEPT.,Lieutenant Governor,,REP,George Childress,5
Cullman,0024 BATTLEGROUND FIRE DEPT.,Lieutenant Governor,,REP,John Wahl,79
Cullman,0024 BATTLEGROUND FIRE DEPT.,Lieutenant Governor,,REP,Nicole Jones Wadsworth,18
Cullman,0024 BATTLEGROUND FIRE DEPT.,Lieutenant Governor,,REP,Pat Bishop,15
Cullman,0024 BATTLEGROUND FIRE DEPT.,Lieutenant Governor,,REP,Rick Pate,11
Cullman,0024 BATTLEGROUND FIRE DEPT.,Lieutenant Governor,,REP,Stewart Hill Tankersley,5
Cullman,0024 BATTLEGROUND FIRE DEPT.,Lieutenant Governor,,REP,Wes Allen,62
Cullman,0024 BATTLEGROUND FIRE DEPT.,"Member, Cullman County Commission, District 1",,REP,Kenneth Walker,131
Cullman,0024 BATTLEGROUND FIRE DEPT.,"Member, Cullman County Commission, District 1",,REP,Reburn Miller,48
Cullman,0024 BATTLEGROUND FIRE DEPT.,"Member, Cullman County Commission, District 2",,REP,Josh Speakman,87
Cullman,0024 BATTLEGROUND FIRE DEPT.,"Member, Cullman County Commission, District 2",,REP,Richard Barnett,115
Cullman,0024 BATTLEGROUND FIRE DEPT.,"Public Service Commission, Place No. 1",,REP,Jeremy H. Oden,60
Cullman,0024 BATTLEGROUND FIRE DEPT.,"Public Service Commission, Place No. 1",,REP,Matt Gentry,152
Cullman,0024 BATTLEGROUND FIRE DEPT.,"Public Service Commission, Place No. 2",,REP,Brent Woodall,33
Cullman,0024 BATTLEGROUND FIRE DEPT.,"Public Service Commission, Place No. 2",,REP,Chris Beeker,37
Cullman,0024 BATTLEGROUND FIRE DEPT.,"Public Service Commission, Place No. 2",,REP,Jim Zig Zeigler,76
Cullman,0024 BATTLEGROUND FIRE DEPT.,"Public Service Commission, Place No. 2",,REP,Priscilla Andrews,27
Cullman,0024 BATTLEGROUND FIRE DEPT.,Secretary of State,,REP,Caroleene Dobson,104
Cullman,0024 BATTLEGROUND FIRE DEPT.,Secretary of State,,REP,Christopher Christian Horn,37
Cullman,0024 BATTLEGROUND FIRE DEPT.,Secretary of State,,REP,Glenda S. Jackson,25
Cullman,0024 BATTLEGROUND FIRE DEPT.,State Auditor,,REP,Andrew Sorrell,121
Cullman,0024 BATTLEGROUND FIRE DEPT.,State Auditor,,REP,Derek Chen,56
Cullman,0024 BATTLEGROUND FIRE DEPT.,State Board of Education,6,REP,Cathi Bradford,98
Cullman,0024 BATTLEGROUND FIRE DEPT.,State Board of Education,6,REP,Marie Manning,71
Cullman,0024 BATTLEGROUND FIRE DEPT.,"State Republican Executive Committee, Cullman County",,REP,Unverified Candidate 1,107
Cullman,0024 BATTLEGROUND FIRE DEPT.,"State Republican Executive Committee, Cullman County",,REP,Unverified Candidate 1,95
Cullman,0024 BATTLEGROUND FIRE DEPT.,"State Republican Executive Committee, Cullman County",,REP,Unverified Candidate 2,72
Cullman,0024 BATTLEGROUND FIRE DEPT.,"State Republican Executive Committee, Cullman County",,REP,Unverified Candidate 2,28
Cullman,0024 BATTLEGROUND FIRE DEPT.,"State Republican Executive Committee, Cullman County",,REP,Unverified Candidate 3,75
Cullman,0024 BATTLEGROUND FIRE DEPT.,State Senate,4,REP,Garlan Gudger,112
Cullman,0024 BATTLEGROUND FIRE DEPT.,State Senate,4,REP,J.R. Bowling,94
Cullman,0024 BATTLEGROUND FIRE DEPT.,State Treasurer,,REP,Steve Lolley,76
Cullman,0024 BATTLEGROUND FIRE DEPT.,State Treasurer,,REP,Young Boozer,101
Cullman,0024 BATTLEGROUND FIRE DEPT.,U.S. House,4,REP,Robert B. Aderholt,146
Cullman,0024 BATTLEGROUND FIRE DEPT.,U.S. House,4,REP,Tommy Barnes,51
Cullman,0024 BATTLEGROUND FIRE DEPT.,U.S. Senate,,REP,Barry Moore,65
Cullman,0024 BATTLEGROUND FIRE DEPT.,U.S. Senate,,REP,Dale Shelton Deas Jr.,4
Cullman,0024 BATTLEGROUND FIRE DEPT.,U.S. Senate,,REP,Jared Hudson,67
Cullman,0024 BATTLEGROUND FIRE DEPT.,U.S. Senate,,REP,Morgan Murphy,3
Cullman,0024 BATTLEGROUND FIRE DEPT.,U.S. Senate,,REP,Rodney Walker,13
Cullman,0024 BATTLEGROUND FIRE DEPT.,U.S. Senate,,REP,Seth Burton,2
Cullman,0024 BATTLEGROUND FIRE DEPT.,U.S. Senate,,REP,Steve Marshall,45
Cullman,0024 BATTLEGROUND FIRE DEPT.,West Point / District No. 1,,REP,Unverified Candidate 1,105
Cullman,0024 BATTLEGROUND FIRE DEPT.,West Point / District No. 1,,REP,Unverified Candidate 2,95
Cullman,0025 WEST POINT COMM CTR,Proposed Statewide Amendment 1,,,No,61
Cullman,0025 WEST POINT COMM CTR,Proposed Statewide Amendment 1,,,Yes,472
Cullman,0025 WEST POINT COMM CTR,Proposed Statewide Amendment 2,,,No,279
Cullman,0025 WEST POINT COMM CTR,Proposed Statewide Amendment 2,,,Yes,231
Cullman,0025 WEST POINT COMM CTR,"Public Service Commission, Place No. 1",,DEM,James O. Gordon,6
Cullman,0025 WEST POINT COMM CTR,"Public Service Commission, Place No. 1",,DEM,Jeff Ramsey,10
Cullman,0025 WEST POINT COMM CTR,"Public Service Commission, Place No. 1",,DEM,John Northrop,2
Cullman,0025 WEST POINT COMM CTR,State Democratic Executive Committee,,DEM,Darron Mitchell,6
Cullman,0025 WEST POINT COMM CTR,State Democratic Executive Committee,,DEM,James Kinsman,12
Cullman,0025 WEST POINT COMM CTR,U.S. House,4,DEM,Amanda N. Pusczek,10
Cullman,0025 WEST POINT COMM CTR,U.S. House,4,DEM,Unverified Candidate 3,8
Cullman,0025 WEST POINT COMM CTR,U.S. Senate,,DEM,Dakarai Larriett,3
Cullman,0025 WEST POINT COMM CTR,U.S. Senate,,DEM,Everett Wess,4
Cullman,0025 WEST POINT COMM CTR,U.S. Senate,,DEM,Kyle Sweetser,2
Cullman,0025 WEST POINT COMM CTR,U.S. Senate,,DEM,Mark S. Wheeler II,9
Cullman,0025 WEST POINT COMM CTR,Attorney General,,REP,Jay Mitchell,202
Cullman,0025 WEST POINT COMM CTR,Attorney General,,REP,Katherine Robertson,204
Cullman,0025 WEST POINT COMM CTR,Attorney General,,REP,Pamela L. Casey,134
Cullman,0025 WEST POINT COMM CTR,Commissioner of Agriculture and Industries,,REP,Christina Woerner McInnis,126
Cullman,0025 WEST POINT COMM CTR,Commissioner of Agriculture and Industries,,REP,Cory Hill,239
Cullman,0025 WEST POINT COMM CTR,Commissioner of Agriculture and Industries,,REP,Jack Williams,142
Cullman,0025 WEST POINT COMM CTR,"Cullman County Republican Executive Committee, At La",,REP,Unverified Candidate 1,264
Cullman,0025 WEST POINT COMM CTR,"Cullman County Republican Executive Committee, At La",,REP,Unverified Candidate 10,151
Cullman,0025 WEST POINT COMM CTR,"Cullman County Republican Executive Committee, At La",,REP,Unverified Candidate 2,154
Cullman,0025 WEST POINT COMM CTR,"Cullman County Republican Executive Committee, At La",,REP,Unverified Candidate 3,263
Cullman,0025 WEST POINT COMM CTR,"Cullman County Republican Executive Committee, At La",,REP,Unverified Candidate 4,236
Cullman,0025 WEST POINT COMM CTR,"Cullman County Republican Executive Committee, At La",,REP,Unverified Candidate 5,210
Cullman,0025 WEST POINT COMM CTR,"Cullman County Republican Executive Committee, At La",,REP,Unverified Candidate 6,135
Cullman,0025 WEST POINT COMM CTR,"Cullman County Republican Executive Committee, At La",,REP,Unverified Candidate 7,179
Cullman,0025 WEST POINT COMM CTR,"Cullman County Republican Executive Committee, At La",,REP,Unverified Candidate 8,153
Cullman,0025 WEST POINT COMM CTR,"Cullman County Republican Executive Committee, At La",,REP,Unverified Candidate 9,208
Cullman,0025 WEST POINT COMM CTR,"Cullman County Republican Executive Committee, East",,REP,Unverified Candidate 1,186
Cullman,0025 WEST POINT COMM CTR,"Cullman County Republican Executive Committee, East",,REP,Unverified Candidate 2,89
Cullman,0025 WEST POINT COMM CTR,"Cullman County Republican Executive Committee, East",,REP,Unverified Candidate 3,216
Cullman,0025 WEST POINT COMM CTR,"Cullman County Republican Executive Committee, East",,REP,Unverified Candidate 4,253
Cullman,0025 WEST POINT COMM CTR,"Cullman County Republican Executive Committee, West",,REP,Unverified Candidate 1,200
Cullman,0025 WEST POINT COMM CTR,"Cullman County Republican Executive Committee, West",,REP,Unverified Candidate 2,145
Cullman,0025 WEST POINT COMM CTR,"Cullman County Republican Executive Committee, West",,REP,Unverified Candidate 3,217
Cullman,0025 WEST POINT COMM CTR,"Cullman County Republican Executive Committee, West",,REP,Unverified Candidate 4,188
Cullman,0025 WEST POINT COMM CTR,Cullman County Revenue Commissioner,,REP,Kenneth Cornelius,241
Cullman,0025 WEST POINT COMM CTR,Cullman County Revenue Commissioner,,REP,Mike Pitts,300
Cullman,0025 WEST POINT COMM CTR,Cullman County Sheriff,,REP,Chad Whaley,353
Cullman,0025 WEST POINT COMM CTR,Cullman County Sheriff,,REP,Tim Creel,218
Cullman,0025 WEST POINT COMM CTR,Governor,,REP,"""Alabama"" Will Santivasci",22
Cullman,0025 WEST POINT COMM CTR,Governor,,REP,Ken McFeeters,40
Cullman,0025 WEST POINT COMM CTR,Governor,,REP,Thomas Tuberville,509
Cullman,0025 WEST POINT COMM CTR,Lieutenant Governor,,REP,George Childress,5
Cullman,0025 WEST POINT COMM CTR,Lieutenant Governor,,REP,John Wahl,242
Cullman,0025 WEST POINT COMM CTR,Lieutenant Governor,,REP,Nicole Jones Wadsworth,44
Cullman,0025 WEST POINT COMM CTR,Lieutenant Governor,,REP,Pat Bishop,39
Cullman,0025 WEST POINT COMM CTR,Lieutenant Governor,,REP,Rick Pate,22
Cullman,0025 WEST POINT COMM CTR,Lieutenant Governor,,REP,Stewart Hill Tankersley,12
Cullman,0025 WEST POINT COMM CTR,Lieutenant Governor,,REP,Wes Allen,182
Cullman,0025 WEST POINT COMM CTR,"Member, Cullman County Commission, District 1",,REP,Kenneth Walker,394
Cullman,0025 WEST POINT COMM CTR,"Member, Cullman County Commission, District 1",,REP,Reburn Miller,118
Cullman,0025 WEST POINT COMM CTR,"Member, Cullman County Commission, District 2",,REP,Josh Speakman,136
Cullman,0025 WEST POINT COMM CTR,"Member, Cullman County Commission, District 2",,REP,Richard Barnett,407
Cullman,0025 WEST POINT COMM CTR,"Public Service Commission, Place No. 1",,REP,Jeremy H. Oden,120
Cullman,0025 WEST POINT COMM CTR,"Public Service Commission, Place No. 1",,REP,Matt Gentry,453
Cullman,0025 WEST POINT COMM CTR,"Public Service Commission, Place No. 2",,REP,Brent Woodall,104
Cullman,0025 WEST POINT COMM CTR,"Public Service Commission, Place No. 2",,REP,Chris Beeker,131
Cullman,0025 WEST POINT COMM CTR,"Public Service Commission, Place No. 2",,REP,Jim Zig Zeigler,190
Cullman,0025 WEST POINT COMM CTR,"Public Service Commission, Place No. 2",,REP,Priscilla Andrews,66
Cullman,0025 WEST POINT COMM CTR,Secretary of State,,REP,Caroleene Dobson,338
Cullman,0025 WEST POINT COMM CTR,Secretary of State,,REP,Christopher Christian Horn,111
Cullman,0025 WEST POINT COMM CTR,Secretary of State,,REP,Glenda S. Jackson,50
Cullman,0025 WEST POINT COMM CTR,State Auditor,,REP,Andrew Sorrell,352
Cullman,0025 WEST POINT COMM CTR,State Auditor,,REP,Derek Chen,150
Cullman,0025 WEST POINT COMM CTR,State Board of Education,6,REP,Cathi Bradford,331
Cullman,0025 WEST POINT COMM CTR,State Board of Education,6,REP,Marie Manning,168
Cullman,0025 WEST POINT COMM CTR,"State Republican Executive Committee, Cullman County",,REP,Unverified Candidate 1,287
Cullman,0025 WEST POINT COMM CTR,"State Republican Executive Committee, Cullman County",,REP,Unverified Candidate 1,246
Cullman,0025 WEST POINT COMM CTR,"State Republican Executive Committee, Cullman County",,REP,Unverified Candidate 2,210
Cullman,0025 WEST POINT COMM CTR,"State Republican Executive Committee, Cullman County",,REP,Unverified Candidate 2,103
Cullman,0025 WEST POINT COMM CTR,"State Republican Executive Committee, Cullman County",,REP,Unverified Candidate 3,182
Cullman,0025 WEST POINT COMM CTR,State Senate,4,REP,Garlan Gudger,331
Cullman,0025 WEST POINT COMM CTR,State Senate,4,REP,J.R. Bowling,239
Cullman,0025 WEST POINT COMM CTR,State Treasurer,,REP,Steve Lolley,184
Cullman,0025 WEST POINT COMM CTR,State Treasurer,,REP,Young Boozer,309
Cullman,0025 WEST POINT COMM CTR,U.S. House,4,REP,Robert B. Aderholt,431
Cullman,0025 WEST POINT COMM CTR,U.S. House,4,REP,Tommy Barnes,131
Cullman,0025 WEST POINT COMM CTR,U.S. Senate,,REP,Barry Moore,155
Cullman,0025 WEST POINT COMM CTR,U.S. Senate,,REP,Dale Shelton Deas Jr.,12
Cullman,0025 WEST POINT COMM CTR,U.S. Senate,,REP,Jared Hudson,240
Cullman,0025 WEST POINT COMM CTR,U.S. Senate,,REP,Morgan Murphy,7
Cullman,0025 WEST POINT COMM CTR,U.S. Senate,,REP,Rodney Walker,30
Cullman,0025 WEST POINT COMM CTR,U.S. Senate,,REP,Seth Burton,9
Cullman,0025 WEST POINT COMM CTR,U.S. Senate,,REP,Steve Marshall,112
Cullman,0025 WEST POINT COMM CTR,West Point / District No. 1,,REP,Unverified Candidate 1,296
Cullman,0025 WEST POINT COMM CTR,West Point / District No. 1,,REP,Unverified Candidate 2,226
Cullman,0026 FRIENDSHIP METHODIST CH,Proposed Statewide Amendment 1,,,No,46
Cullman,0026 FRIENDSHIP METHODIST CH,Proposed Statewide Amendment 1,,,Yes,400
Cullman,0026 FRIENDSHIP METHODIST CH,Proposed Statewide Amendment 2,,,No,181
Cullman,0026 FRIENDSHIP METHODIST CH,Proposed Statewide Amendment 2,,,Yes,249
Cullman,0026 FRIENDSHIP METHODIST CH,"Public Service Commission, Place No. 1",,DEM,James O. Gordon,9
Cullman,0026 FRIENDSHIP METHODIST CH,"Public Service Commission, Place No. 1",,DEM,Jeff Ramsey,1
Cullman,0026 FRIENDSHIP METHODIST CH,"Public Service Commission, Place No. 1",,DEM,John Northrop,2
Cullman,0026 FRIENDSHIP METHODIST CH,State Democratic Executive Committee,,DEM,Darron Mitchell,11
Cullman,0026 FRIENDSHIP METHODIST CH,State Democratic Executive Committee,,DEM,James Kinsman,1
Cullman,0026 FRIENDSHIP METHODIST CH,U.S. House,4,DEM,Amanda N. Pusczek,4
Cullman,0026 FRIENDSHIP METHODIST CH,U.S. House,4,DEM,Unverified Candidate 3,7
Cullman,0026 FRIENDSHIP METHODIST CH,U.S. Senate,,DEM,Dakarai Larriett,2
Cullman,0026 FRIENDSHIP METHODIST CH,U.S. Senate,,DEM,Everett Wess,5
Cullman,0026 FRIENDSHIP METHODIST CH,U.S. Senate,,DEM,Kyle Sweetser,0
Cullman,0026 FRIENDSHIP METHODIST CH,U.S. Senate,,DEM,Mark S. Wheeler II,5
Cullman,0026 FRIENDSHIP METHODIST CH,Attorney General,,REP,Jay Mitchell,165
Cullman,0026 FRIENDSHIP METHODIST CH,Attorney General,,REP,Katherine Robertson,155
Cullman,0026 FRIENDSHIP METHODIST CH,Attorney General,,REP,Pamela L. Casey,104
Cullman,0026 FRIENDSHIP METHODIST CH,Commissioner of Agriculture and Industries,,REP,Christina Woerner McInnis,92
Cullman,0026 FRIENDSHIP METHODIST CH,Commissioner of Agriculture and Industries,,REP,Cory Hill,177
Cullman,0026 FRIENDSHIP METHODIST CH,Commissioner of Agriculture and Industries,,REP,Jack Williams,128
Cullman,0026 FRIENDSHIP METHODIST CH,"Cullman County Republican Executive Committee, At La",,REP,Unverified Candidate 1,205
Cullman,0026 FRIENDSHIP METHODIST CH,"Cullman County Republican Executive Committee, At La",,REP,Unverified Candidate 10,121
Cullman,0026 FRIENDSHIP METHODIST CH,"Cullman County Republican Executive Committee, At La",,REP,Unverified Candidate 2,114
Cullman,0026 FRIENDSHIP METHODIST CH,"Cullman County Republican Executive Committee, At La",,REP,Unverified Candidate 3,223
Cullman,0026 FRIENDSHIP METHODIST CH,"Cullman County Republican Executive Committee, At La",,REP,Unverified Candidate 4,174
Cullman,0026 FRIENDSHIP METHODIST CH,"Cullman County Republican Executive Committee, At La",,REP,Unverified Candidate 5,171
Cullman,0026 FRIENDSHIP METHODIST CH,"Cullman County Republican Executive Committee, At La",,REP,Unverified Candidate 6,105
Cullman,0026 FRIENDSHIP METHODIST CH,"Cullman County Republican Executive Committee, At La",,REP,Unverified Candidate 7,181
Cullman,0026 FRIENDSHIP METHODIST CH,"Cullman County Republican Executive Committee, At La",,REP,Unverified Candidate 8,113
Cullman,0026 FRIENDSHIP METHODIST CH,"Cullman County Republican Executive Committee, At La",,REP,Unverified Candidate 9,146
Cullman,0026 FRIENDSHIP METHODIST CH,"Cullman County Republican Executive Committee, East",,REP,Unverified Candidate 1,160
Cullman,0026 FRIENDSHIP METHODIST CH,"Cullman County Republican Executive Committee, East",,REP,Unverified Candidate 2,76
Cullman,0026 FRIENDSHIP METHODIST CH,"Cullman County Republican Executive Committee, East",,REP,Unverified Candidate 3,194
Cullman,0026 FRIENDSHIP METHODIST CH,"Cullman County Republican Executive Committee, East",,REP,Unverified Candidate 4,196
Cullman,0026 FRIENDSHIP METHODIST CH,"Cullman County Republican Executive Committee, West",,REP,Unverified Candidate 1,156
Cullman,0026 FRIENDSHIP METHODIST CH,"Cullman County Republican Executive Committee, West",,REP,Unverified Candidate 2,108
Cullman,0026 FRIENDSHIP METHODIST CH,"Cullman County Republican Executive Committee, West",,REP,Unverified Candidate 3,179
Cullman,0026 FRIENDSHIP METHODIST CH,"Cullman County Republican Executive Committee, West",,REP,Unverified Candidate 4,177
Cullman,0026 FRIENDSHIP METHODIST CH,Cullman County Revenue Commissioner,,REP,Kenneth Cornelius,214
Cullman,0026 FRIENDSHIP METHODIST CH,Cullman County Revenue Commissioner,,REP,Mike Pitts,198
Cullman,0026 FRIENDSHIP METHODIST CH,Cullman County Sheriff,,REP,Chad Whaley,245
Cullman,0026 FRIENDSHIP METHODIST CH,Cullman County Sheriff,,REP,Tim Creel,204
Cullman,0026 FRIENDSHIP METHODIST CH,Governor,,REP,"""Alabama"" Will Santivasci",18
Cullman,0026 FRIENDSHIP METHODIST CH,Governor,,REP,Ken McFeeters,34
Cullman,0026 FRIENDSHIP METHODIST CH,Governor,,REP,Thomas Tuberville,398
Cullman,0026 FRIENDSHIP METHODIST CH,Lieutenant Governor,,REP,George Childress,7
Cullman,0026 FRIENDSHIP METHODIST CH,Lieutenant Governor,,REP,John Wahl,179
Cullman,0026 FRIENDSHIP METHODIST CH,Lieutenant Governor,,REP,Nicole Jones Wadsworth,25
Cullman,0026 FRIENDSHIP METHODIST CH,Lieutenant Governor,,REP,Pat Bishop,46
Cullman,0026 FRIENDSHIP METHODIST CH,Lieutenant Governor,,REP,Rick Pate,23
Cullman,0026 FRIENDSHIP METHODIST CH,Lieutenant Governor,,REP,Stewart Hill Tankersley,10
Cullman,0026 FRIENDSHIP METHODIST CH,Lieutenant Governor,,REP,Wes Allen,140
Cullman,0026 FRIENDSHIP METHODIST CH,"Member, Cullman County Commission, District 1",,REP,Kenneth Walker,314
Cullman,0026 FRIENDSHIP METHODIST CH,"Member, Cullman County Commission, District 1",,REP,Reburn Miller,89
Cullman,0026 FRIENDSHIP METHODIST CH,"Member, Cullman County Commission, District 2",,REP,Josh Speakman,148
Cullman,0026 FRIENDSHIP METHODIST CH,"Member, Cullman County Commission, District 2",,REP,Richard Barnett,287
Cullman,0026 FRIENDSHIP METHODIST CH,"Public Service Commission, Place No. 1",,REP,Jeremy H. Oden,116
Cullman,0026 FRIENDSHIP METHODIST CH,"Public Service Commission, Place No. 1",,REP,Matt Gentry,334
Cullman,0026 FRIENDSHIP METHODIST CH,"Public Service Commission, Place No. 2",,REP,Brent Woodall,99
Cullman,0026 FRIENDSHIP METHODIST CH,"Public Service Commission, Place No. 2",,REP,Chris Beeker,89
Cullman,0026 FRIENDSHIP METHODIST CH,"Public Service Commission, Place No. 2",,REP,Jim Zig Zeigler,164
Cullman,0026 FRIENDSHIP METHODIST CH,"Public Service Commission, Place No. 2",,REP,Priscilla Andrews,51
Cullman,0026 FRIENDSHIP METHODIST CH,Secretary of State,,REP,Caroleene Dobson,247
Cullman,0026 FRIENDSHIP METHODIST CH,Secretary of State,,REP,Christopher Christian Horn,104
Cullman,0026 FRIENDSHIP METHODIST CH,Secretary of State,,REP,Glenda S. Jackson,48
Cullman,0026 FRIENDSHIP METHODIST CH,State Auditor,,REP,Andrew Sorrell,287
Cullman,0026 FRIENDSHIP METHODIST CH,State Auditor,,REP,Derek Chen,118
Cullman,0026 FRIENDSHIP METHODIST CH,State Board of Education,6,REP,Cathi Bradford,248
Cullman,0026 FRIENDSHIP METHODIST CH,State Board of Education,6,REP,Marie Manning,156
Cullman,0026 FRIENDSHIP METHODIST CH,"State Republican Executive Committee, Cullman County",,REP,Unverified Candidate 1,234
Cullman,0026 FRIENDSHIP METHODIST CH,"State Republican Executive Committee, Cullman County",,REP,Unverified Candidate 1,201
Cullman,0026 FRIENDSHIP METHODIST CH,"State Republican Executive Committee, Cullman County",,REP,Unverified Candidate 2,169
Cullman,0026 FRIENDSHIP METHODIST CH,"State Republican Executive Committee, Cullman County",,REP,Unverified Candidate 2,67
Cullman,0026 FRIENDSHIP METHODIST CH,"State Republican Executive Committee, Cullman County",,REP,Unverified Candidate 3,148
Cullman,0026 FRIENDSHIP METHODIST CH,State Senate,4,REP,Garlan Gudger,236
Cullman,0026 FRIENDSHIP METHODIST CH,State Senate,4,REP,J.R. Bowling,209
Cullman,0026 FRIENDSHIP METHODIST CH,State Treasurer,,REP,Steve Lolley,146
Cullman,0026 FRIENDSHIP METHODIST CH,State Treasurer,,REP,Young Boozer,251
Cullman,0026 FRIENDSHIP METHODIST CH,U.S. House,4,REP,Robert B. Aderholt,354
Cullman,0026 FRIENDSHIP METHODIST CH,U.S. House,4,REP,Tommy Barnes,85
Cullman,0026 FRIENDSHIP METHODIST CH,U.S. Senate,,REP,Barry Moore,113
Cullman,0026 FRIENDSHIP METHODIST CH,U.S. Senate,,REP,Dale Shelton Deas Jr.,4
Cullman,0026 FRIENDSHIP METHODIST CH,U.S. Senate,,REP,Jared Hudson,154
Cullman,0026 FRIENDSHIP METHODIST CH,U.S. Senate,,REP,Morgan Murphy,5
Cullman,0026 FRIENDSHIP METHODIST CH,U.S. Senate,,REP,Rodney Walker,38
Cullman,0026 FRIENDSHIP METHODIST CH,U.S. Senate,,REP,Seth Burton,3
Cullman,0026 FRIENDSHIP METHODIST CH,U.S. Senate,,REP,Steve Marshall,121
Cullman,0026 FRIENDSHIP METHODIST CH,West Point / District No. 1,,REP,Unverified Candidate 1,254
Cullman,0026 FRIENDSHIP METHODIST CH,West Point / District No. 1,,REP,Unverified Candidate 2,165
Cullman,0027 VINEMONT COMM CTR,Proposed Statewide Amendment 1,,,No,61
Cullman,0027 VINEMONT COMM CTR,Proposed Statewide Amendment 1,,,Yes,455
Cullman,0027 VINEMONT COMM CTR,Proposed Statewide Amendment 2,,,No,233
Cullman,0027 VINEMONT COMM CTR,Proposed Statewide Amendment 2,,,Yes,268
Cullman,0027 VINEMONT COMM CTR,"Public Service Commission, Place No. 1",,DEM,James O. Gordon,9
Cullman,0027 VINEMONT COMM CTR,"Public Service Commission, Place No. 1",,DEM,Jeff Ramsey,13
Cullman,0027 VINEMONT COMM CTR,"Public Service Commission, Place No. 1",,DEM,John Northrop,7
Cullman,0027 VINEMONT COMM CTR,U.S. House,4,DEM,Amanda N. Pusczek,22
Cullman,0027 VINEMONT COMM CTR,U.S. House,4,DEM,Unverified Candidate 3,6
Cullman,0027 VINEMONT COMM CTR,U.S. Senate,,DEM,Dakarai Larriett,5
Cullman,0027 VINEMONT COMM CTR,U.S. Senate,,DEM,Everett Wess,4
Cullman,0027 VINEMONT COMM CTR,U.S. Senate,,DEM,Kyle Sweetser,11
Cullman,0027 VINEMONT COMM CTR,U.S. Senate,,DEM,Mark S. Wheeler II,7
Cullman,0027 VINEMONT COMM CTR,Attorney General,,REP,Jay Mitchell,207
Cullman,0027 VINEMONT COMM CTR,Attorney General,,REP,Katherine Robertson,169
Cullman,0027 VINEMONT COMM CTR,Attorney General,,REP,Pamela L. Casey,106
Cullman,0027 VINEMONT COMM CTR,Commissioner of Agriculture and Industries,,REP,Christina Woerner McInnis,127
Cullman,0027 VINEMONT COMM CTR,Commissioner of Agriculture and Industries,,REP,Cory Hill,179
Cullman,0027 VINEMONT COMM CTR,Commissioner of Agriculture and Industries,,REP,Jack Williams,141
Cullman,0027 VINEMONT COMM CTR,"Cullman County Republican Executive Committee, At La",,REP,Unverified Candidate 1,216
Cullman,0027 VINEMONT COMM CTR,"Cullman County Republican Executive Committee, At La",,REP,Unverified Candidate 10,129
Cullman,0027 VINEMONT COMM CTR,"Cullman County Republican Executive Committee, At La",,REP,Unverified Candidate 2,123
Cullman,0027 VINEMONT COMM CTR,"Cullman County Republican Executive Committee, At La",,REP,Unverified Candidate 3,290
Cullman,0027 VINEMONT COMM CTR,"Cullman County Republican Executive Committee, At La",,REP,Unverified Candidate 4,227
Cullman,0027 VINEMONT COMM CTR,"Cullman County Republican Executive Committee, At La",,REP,Unverified Candidate 5,169
Cullman,0027 VINEMONT COMM CTR,"Cullman County Republican Executive Committee, At La",,REP,Unverified Candidate 6,107
Cullman,0027 VINEMONT COMM CTR,"Cullman County Republican Executive Committee, At La",,REP,Unverified Candidate 7,202
Cullman,0027 VINEMONT COMM CTR,"Cullman County Republican Executive Committee, At La",,REP,Unverified Candidate 8,149
Cullman,0027 VINEMONT COMM CTR,"Cullman County Republican Executive Committee, At La",,REP,Unverified Candidate 9,170
Cullman,0027 VINEMONT COMM CTR,"Cullman County Republican Executive Committee, East",,REP,Unverified Candidate 1,181
Cullman,0027 VINEMONT COMM CTR,"Cullman County Republican Executive Committee, East",,REP,Unverified Candidate 2,94
Cullman,0027 VINEMONT COMM CTR,"Cullman County Republican Executive Committee, East",,REP,Unverified Candidate 3,198
Cullman,0027 VINEMONT COMM CTR,"Cullman County Republican Executive Committee, East",,REP,Unverified Candidate 4,196
Cullman,0027 VINEMONT COMM CTR,"Cullman County Republican Executive Committee, West",,REP,Unverified Candidate 1,150
Cullman,0027 VINEMONT COMM CTR,"Cullman County Republican Executive Committee, West",,REP,Unverified Candidate 2,145
Cullman,0027 VINEMONT COMM CTR,"Cullman County Republican Executive Committee, West",,REP,Unverified Candidate 3,196
Cullman,0027 VINEMONT COMM CTR,"Cullman County Republican Executive Committee, West",,REP,Unverified Candidate 4,163
Cullman,0027 VINEMONT COMM CTR,Cullman County Revenue Commissioner,,REP,Kenneth Cornelius,215
Cullman,0027 VINEMONT COMM CTR,Cullman County Revenue Commissioner,,REP,Mike Pitts,261
Cullman,0027 VINEMONT COMM CTR,Cullman County Sheriff,,REP,Chad Whaley,329
Cullman,0027 VINEMONT COMM CTR,Cullman County Sheriff,,REP,Tim Creel,185
Cullman,0027 VINEMONT COMM CTR,Governor,,REP,"""Alabama"" Will Santivasci",23
Cullman,0027 VINEMONT COMM CTR,Governor,,REP,Ken McFeeters,53
Cullman,0027 VINEMONT COMM CTR,Governor,,REP,Thomas Tuberville,437
Cullman,0027 VINEMONT COMM CTR,Lieutenant Governor,,REP,George Childress,7
Cullman,0027 VINEMONT COMM CTR,Lieutenant Governor,,REP,John Wahl,218
Cullman,0027 VINEMONT COMM CTR,Lieutenant Governor,,REP,Nicole Jones Wadsworth,30
Cullman,0027 VINEMONT COMM CTR,Lieutenant Governor,,REP,Pat Bishop,27
Cullman,0027 VINEMONT COMM CTR,Lieutenant Governor,,REP,Rick Pate,33
Cullman,0027 VINEMONT COMM CTR,Lieutenant Governor,,REP,Stewart Hill Tankersley,12
Cullman,0027 VINEMONT COMM CTR,Lieutenant Governor,,REP,Wes Allen,164
Cullman,0027 VINEMONT COMM CTR,"Member, Cullman County Commission, District 1",,REP,Kenneth Walker,356
Cullman,0027 VINEMONT COMM CTR,"Member, Cullman County Commission, District 1",,REP,Reburn Miller,110
Cullman,0027 VINEMONT COMM CTR,"Member, Cullman County Commission, District 2",,REP,Josh Speakman,207
Cullman,0027 VINEMONT COMM CTR,"Member, Cullman County Commission, District 2",,REP,Richard Barnett,261
Cullman,0027 VINEMONT COMM CTR,"Public Service Commission, Place No. 1",,REP,Jeremy H. Oden,126
Cullman,0027 VINEMONT COMM CTR,"Public Service Commission, Place No. 1",,REP,Matt Gentry,391
Cullman,0027 VINEMONT COMM CTR,"Public Service Commission, Place No. 2",,REP,Brent Woodall,92
Cullman,0027 VINEMONT COMM CTR,"Public Service Commission, Place No. 2",,REP,Chris Beeker,117
Cullman,0027 VINEMONT COMM CTR,"Public Service Commission, Place No. 2",,REP,Jim Zig Zeigler,175
Cullman,0027 VINEMONT COMM CTR,"Public Service Commission, Place No. 2",,REP,Priscilla Andrews,60
Cullman,0027 VINEMONT COMM CTR,Secretary of State,,REP,Caroleene Dobson,301
Cullman,0027 VINEMONT COMM CTR,Secretary of State,,REP,Christopher Christian Horn,103
Cullman,0027 VINEMONT COMM CTR,Secretary of State,,REP,Glenda S. Jackson,48
Cullman,0027 VINEMONT COMM CTR,State Auditor,,REP,Andrew Sorrell,326
Cullman,0027 VINEMONT COMM CTR,State Auditor,,REP,Derek Chen,122
Cullman,0027 VINEMONT COMM CTR,State Board of Education,6,REP,Cathi Bradford,279
Cullman,0027 VINEMONT COMM CTR,State Board of Education,6,REP,Marie Manning,167
Cullman,0027 VINEMONT COMM CTR,"State Republican Executive Committee, Cullman County",,REP,Unverified Candidate 1,259
Cullman,0027 VINEMONT COMM CTR,"State Republican Executive Committee, Cullman County",,REP,Unverified Candidate 1,260
Cullman,0027 VINEMONT COMM CTR,"State Republican Executive Committee, Cullman County",,REP,Unverified Candidate 2,200
Cullman,0027 VINEMONT COMM CTR,"State Republican Executive Committee, Cullman County",,REP,Unverified Candidate 2,84
Cullman,0027 VINEMONT COMM CTR,"State Republican Executive Committee, Cullman County",,REP,Unverified Candidate 3,106
Cullman,0027 VINEMONT COMM CTR,State Senate,4,REP,Garlan Gudger,294
Cullman,0027 VINEMONT COMM CTR,State Senate,4,REP,J.R. Bowling,211
Cullman,0027 VINEMONT COMM CTR,State Treasurer,,REP,Steve Lolley,157
Cullman,0027 VINEMONT COMM CTR,State Treasurer,,REP,Young Boozer,287
Cullman,0027 VINEMONT COMM CTR,U.S. House,4,REP,Robert B. Aderholt,376
Cullman,0027 VINEMONT COMM CTR,U.S. House,4,REP,Tommy Barnes,119
Cullman,0027 VINEMONT COMM CTR,U.S. Senate,,REP,Barry Moore,125
Cullman,0027 VINEMONT COMM CTR,U.S. Senate,,REP,Dale Shelton Deas Jr.,7
Cullman,0027 VINEMONT COMM CTR,U.S. Senate,,REP,Jared Hudson,222
Cullman,0027 VINEMONT COMM CTR,U.S. Senate,,REP,Morgan Murphy,7
Cullman,0027 VINEMONT COMM CTR,U.S. Senate,,REP,Rodney Walker,26
Cullman,0027 VINEMONT COMM CTR,U.S. Senate,,REP,Seth Burton,10
Cullman,0027 VINEMONT COMM CTR,U.S. Senate,,REP,Steve Marshall,96
Cullman,0028 PROVIDENCE FIRE DEPT.,Proposed Statewide Amendment 1,,,No,39
Cullman,0028 PROVIDENCE FIRE DEPT.,Proposed Statewide Amendment 1,,,Yes,293
Cullman,0028 PROVIDENCE FIRE DEPT.,Proposed Statewide Amendment 2,,,No,172
Cullman,0028 PROVIDENCE FIRE DEPT.,Proposed Statewide Amendment 2,,,Yes,148
Cullman,0028 PROVIDENCE FIRE DEPT.,"Public Service Commission, Place No. 1",,DEM,James O. Gordon,5
Cullman,0028 PROVIDENCE FIRE DEPT.,"Public Service Commission, Place No. 1",,DEM,Jeff Ramsey,11
Cullman,0028 PROVIDENCE FIRE DEPT.,"Public Service Commission, Place No. 1",,DEM,John Northrop,9
Cullman,0028 PROVIDENCE FIRE DEPT.,U.S. House,4,DEM,Amanda N. Pusczek,14
Cullman,0028 PROVIDENCE FIRE DEPT.,U.S. House,4,DEM,Unverified Candidate 3,13
Cullman,0028 PROVIDENCE FIRE DEPT.,U.S. Senate,,DEM,Dakarai Larriett,9
Cullman,0028 PROVIDENCE FIRE DEPT.,U.S. Senate,,DEM,Everett Wess,3
Cullman,0028 PROVIDENCE FIRE DEPT.,U.S. Senate,,DEM,Kyle Sweetser,8
Cullman,0028 PROVIDENCE FIRE DEPT.,U.S. Senate,,DEM,Mark S. Wheeler II,6
Cullman,0028 PROVIDENCE FIRE DEPT.,Attorney General,,REP,Jay Mitchell,113
Cullman,0028 PROVIDENCE FIRE DEPT.,Attorney General,,REP,Katherine Robertson,95
Cullman,0028 PROVIDENCE FIRE DEPT.,Attorney General,,REP,Pamela L. Casey,92
Cullman,0028 PROVIDENCE FIRE DEPT.,Commissioner of Agriculture and Industries,,REP,Christina Woerner McInnis,76
Cullman,0028 PROVIDENCE FIRE DEPT.,Commissioner of Agriculture and Industries,,REP,Cory Hill,112
Cullman,0028 PROVIDENCE FIRE DEPT.,Commissioner of Agriculture and Industries,,REP,Jack Williams,103
Cullman,0028 PROVIDENCE FIRE DEPT.,"Cullman County Republican Executive Committee, At La",,REP,Unverified Candidate 1,129
Cullman,0028 PROVIDENCE FIRE DEPT.,"Cullman County Republican Executive Committee, At La",,REP,Unverified Candidate 10,78
Cullman,0028 PROVIDENCE FIRE DEPT.,"Cullman County Republican Executive Committee, At La",,REP,Unverified Candidate 2,83
Cullman,0028 PROVIDENCE FIRE DEPT.,"Cullman County Republican Executive Committee, At La",,REP,Unverified Candidate 3,157
Cullman,0028 PROVIDENCE FIRE DEPT.,"Cullman County Republican Executive Committee, At La",,REP,Unverified Candidate 4,134
Cullman,0028 PROVIDENCE FIRE DEPT.,"Cullman County Republican Executive Committee, At La",,REP,Unverified Candidate 5,110
Cullman,0028 PROVIDENCE FIRE DEPT.,"Cullman County Republican Executive Committee, At La",,REP,Unverified Candidate 6,76
Cullman,0028 PROVIDENCE FIRE DEPT.,"Cullman County Republican Executive Committee, At La",,REP,Unverified Candidate 7,129
Cullman,0028 PROVIDENCE FIRE DEPT.,"Cullman County Republican Executive Committee, At La",,REP,Unverified Candidate 8,88
Cullman,0028 PROVIDENCE FIRE DEPT.,"Cullman County Republican Executive Committee, At La",,REP,Unverified Candidate 9,112
Cullman,0028 PROVIDENCE FIRE DEPT.,"Cullman County Republican Executive Committee, East",,REP,Unverified Candidate 1,100
Cullman,0028 PROVIDENCE FIRE DEPT.,"Cullman County Republican Executive Committee, East",,REP,Unverified Candidate 2,57
Cullman,0028 PROVIDENCE FIRE DEPT.,"Cullman County Republican Executive Committee, East",,REP,Unverified Candidate 3,147
Cullman,0028 PROVIDENCE FIRE DEPT.,"Cullman County Republican Executive Committee, East",,REP,Unverified Candidate 4,126
Cullman,0028 PROVIDENCE FIRE DEPT.,"Cullman County Republican Executive Committee, West",,REP,Unverified Candidate 1,88
Cullman,0028 PROVIDENCE FIRE DEPT.,"Cullman County Republican Executive Committee, West",,REP,Unverified Candidate 2,90
Cullman,0028 PROVIDENCE FIRE DEPT.,"Cullman County Republican Executive Committee, West",,REP,Unverified Candidate 3,117
Cullman,0028 PROVIDENCE FIRE DEPT.,"Cullman County Republican Executive Committee, West",,REP,Unverified Candidate 4,128
Cullman,0028 PROVIDENCE FIRE DEPT.,Cullman County Revenue Commissioner,,REP,Kenneth Cornelius,121
Cullman,0028 PROVIDENCE FIRE DEPT.,Cullman County Revenue Commissioner,,REP,Mike Pitts,178
Cullman,0028 PROVIDENCE FIRE DEPT.,Cullman County Sheriff,,REP,Chad Whaley,185
Cullman,0028 PROVIDENCE FIRE DEPT.,Cullman County Sheriff,,REP,Tim Creel,127
Cullman,0028 PROVIDENCE FIRE DEPT.,Governor,,REP,"""Alabama"" Will Santivasci",14
Cullman,0028 PROVIDENCE FIRE DEPT.,Governor,,REP,Ken McFeeters,28
Cullman,0028 PROVIDENCE FIRE DEPT.,Governor,,REP,Thomas Tuberville,272
Cullman,0028 PROVIDENCE FIRE DEPT.,Lieutenant Governor,,REP,George Childress,10
Cullman,0028 PROVIDENCE FIRE DEPT.,Lieutenant Governor,,REP,John Wahl,154
Cullman,0028 PROVIDENCE FIRE DEPT.,Lieutenant Governor,,REP,Nicole Jones Wadsworth,16
Cullman,0028 PROVIDENCE FIRE DEPT.,Lieutenant Governor,,REP,Pat Bishop,14
Cullman,0028 PROVIDENCE FIRE DEPT.,Lieutenant Governor,,REP,Rick Pate,23
Cullman,0028 PROVIDENCE FIRE DEPT.,Lieutenant Governor,,REP,Stewart Hill Tankersley,10
Cullman,0028 PROVIDENCE FIRE DEPT.,Lieutenant Governor,,REP,Wes Allen,75
Cullman,0028 PROVIDENCE FIRE DEPT.,"Member, Cullman County Commission, District 1",,REP,Kenneth Walker,193
Cullman,0028 PROVIDENCE FIRE DEPT.,"Member, Cullman County Commission, District 1",,REP,Reburn Miller,99
Cullman,0028 PROVIDENCE FIRE DEPT.,"Member, Cullman County Commission, District 2",,REP,Josh Speakman,128
Cullman,0028 PROVIDENCE FIRE DEPT.,"Member, Cullman County Commission, District 2",,REP,Richard Barnett,166
Cullman,0028 PROVIDENCE FIRE DEPT.,"Public Service Commission, Place No. 1",,REP,Jeremy H. Oden,80
Cullman,0028 PROVIDENCE FIRE DEPT.,"Public Service Commission, Place No. 1",,REP,Matt Gentry,234
Cullman,0028 PROVIDENCE FIRE DEPT.,"Public Service Commission, Place No. 2",,REP,Brent Woodall,65
Cullman,0028 PROVIDENCE FIRE DEPT.,"Public Service Commission, Place No. 2",,REP,Chris Beeker,64
Cullman,0028 PROVIDENCE FIRE DEPT.,"Public Service Commission, Place No. 2",,REP,Jim Zig Zeigler,120
Cullman,0028 PROVIDENCE FIRE DEPT.,"Public Service Commission, Place No. 2",,REP,Priscilla Andrews,44
Cullman,0028 PROVIDENCE FIRE DEPT.,Secretary of State,,REP,Caroleene Dobson,167
Cullman,0028 PROVIDENCE FIRE DEPT.,Secretary of State,,REP,Christopher Christian Horn,85
Cullman,0028 PROVIDENCE FIRE DEPT.,Secretary of State,,REP,Glenda S. Jackson,36
Cullman,0028 PROVIDENCE FIRE DEPT.,State Auditor,,REP,Andrew Sorrell,199
Cullman,0028 PROVIDENCE FIRE DEPT.,State Auditor,,REP,Derek Chen,92
Cullman,0028 PROVIDENCE FIRE DEPT.,State Board of Education,6,REP,Cathi Bradford,166
Cullman,0028 PROVIDENCE FIRE DEPT.,State Board of Education,6,REP,Marie Manning,107
Cullman,0028 PROVIDENCE FIRE DEPT.,"State Republican Executive Committee, Cullman County",,REP,Unverified Candidate 1,147
Cullman,0028 PROVIDENCE FIRE DEPT.,"State Republican Executive Committee, Cullman County",,REP,Unverified Candidate 1,162
Cullman,0028 PROVIDENCE FIRE DEPT.,"State Republican Executive Committee, Cullman County",,REP,Unverified Candidate 2,135
Cullman,0028 PROVIDENCE FIRE DEPT.,"State Republican Executive Committee, Cullman County",,REP,Unverified Candidate 2,43
Cullman,0028 PROVIDENCE FIRE DEPT.,"State Republican Executive Committee, Cullman County",,REP,Unverified Candidate 3,79
Cullman,0028 PROVIDENCE FIRE DEPT.,State Senate,4,REP,Garlan Gudger,173
Cullman,0028 PROVIDENCE FIRE DEPT.,State Senate,4,REP,J.R. Bowling,145
Cullman,0028 PROVIDENCE FIRE DEPT.,State Treasurer,,REP,Steve Lolley,101
Cullman,0028 PROVIDENCE FIRE DEPT.,State Treasurer,,REP,Young Boozer,193
Cullman,0028 PROVIDENCE FIRE DEPT.,U.S. House,4,REP,Robert B. Aderholt,223
Cullman,0028 PROVIDENCE FIRE DEPT.,U.S. House,4,REP,Tommy Barnes,85
Cullman,0028 PROVIDENCE FIRE DEPT.,U.S. Senate,,REP,Barry Moore,78
Cullman,0028 PROVIDENCE FIRE DEPT.,U.S. Senate,,REP,Dale Shelton Deas Jr.,7
Cullman,0028 PROVIDENCE FIRE DEPT.,U.S. Senate,,REP,Jared Hudson,120
Cullman,0028 PROVIDENCE FIRE DEPT.,U.S. Senate,,REP,Morgan Murphy,6
Cullman,0028 PROVIDENCE FIRE DEPT.,U.S. Senate,,REP,Rodney Walker,18
Cullman,0028 PROVIDENCE FIRE DEPT.,U.S. Senate,,REP,Seth Burton,12
Cullman,0028 PROVIDENCE FIRE DEPT.,U.S. Senate,,REP,Steve Marshall,67
Cullman,0029 GOLD RIDGE COMM CTR,Proposed Statewide Amendment 1,,,No,67
Cullman,0029 GOLD RIDGE COMM CTR,Proposed Statewide Amendment 1,,,Yes,332
Cullman,0029 GOLD RIDGE COMM CTR,Proposed Statewide Amendment 2,,,No,207
Cullman,0029 GOLD RIDGE COMM CTR,Proposed Statewide Amendment 2,,,Yes,182
Cullman,0029 GOLD RIDGE COMM CTR,"Public Service Commission, Place No. 1",,DEM,James O. Gordon,8
Cullman,0029 GOLD RIDGE COMM CTR,"Public Service Commission, Place No. 1",,DEM,Jeff Ramsey,10
Cullman,0029 GOLD RIDGE COMM CTR,"Public Service Commission, Place No. 1",,DEM,John Northrop,2
Cullman,0029 GOLD RIDGE COMM CTR,U.S. House,4,DEM,Amanda N. Pusczek,11
Cullman,0029 GOLD RIDGE COMM CTR,U.S. House,4,DEM,Unverified Candidate 3,9
Cullman,0029 GOLD RIDGE COMM CTR,U.S. Senate,,DEM,Dakarai Larriett,11
Cullman,0029 GOLD RIDGE COMM CTR,U.S. Senate,,DEM,Everett Wess,2
Cullman,0029 GOLD RIDGE COMM CTR,U.S. Senate,,DEM,Kyle Sweetser,4
Cullman,0029 GOLD RIDGE COMM CTR,U.S. Senate,,DEM,Mark S. Wheeler II,3
Cullman,0029 GOLD RIDGE COMM CTR,Attorney General,,REP,Jay Mitchell,125
Cullman,0029 GOLD RIDGE COMM CTR,Attorney General,,REP,Katherine Robertson,118
Cullman,0029 GOLD RIDGE COMM CTR,Attorney General,,REP,Pamela L. Casey,120
Cullman,0029 GOLD RIDGE COMM CTR,Commissioner of Agriculture and Industries,,REP,Christina Woerner McInnis,86
Cullman,0029 GOLD RIDGE COMM CTR,Commissioner of Agriculture and Industries,,REP,Cory Hill,162
Cullman,0029 GOLD RIDGE COMM CTR,Commissioner of Agriculture and Industries,,REP,Jack Williams,108
Cullman,0029 GOLD RIDGE COMM CTR,"Cullman County Republican Executive Committee, At La",,REP,Unverified Candidate 1,159
Cullman,0029 GOLD RIDGE COMM CTR,"Cullman County Republican Executive Committee, At La",,REP,Unverified Candidate 10,94
Cullman,0029 GOLD RIDGE COMM CTR,"Cullman County Republican Executive Committee, At La",,REP,Unverified Candidate 2,132
Cullman,0029 GOLD RIDGE COMM CTR,"Cullman County Republican Executive Committee, At La",,REP,Unverified Candidate 3,188
Cullman,0029 GOLD RIDGE COMM CTR,"Cullman County Republican Executive Committee, At La",,REP,Unverified Candidate 4,162
Cullman,0029 GOLD RIDGE COMM CTR,"Cullman County Republican Executive Committee, At La",,REP,Unverified Candidate 5,149
Cullman,0029 GOLD RIDGE COMM CTR,"Cullman County Republican Executive Committee, At La",,REP,Unverified Candidate 6,82
Cullman,0029 GOLD RIDGE COMM CTR,"Cullman County Republican Executive Committee, At La",,REP,Unverified Candidate 7,146
Cullman,0029 GOLD RIDGE COMM CTR,"Cullman County Republican Executive Committee, At La",,REP,Unverified Candidate 8,104
Cullman,0029 GOLD RIDGE COMM CTR,"Cullman County Republican Executive Committee, At La",,REP,Unverified Candidate 9,124
Cullman,0029 GOLD RIDGE COMM CTR,"Cullman County Republican Executive Committee, East",,REP,Unverified Candidate 1,137
Cullman,0029 GOLD RIDGE COMM CTR,"Cullman County Republican Executive Committee, East",,REP,Unverified Candidate 2,91
Cullman,0029 GOLD RIDGE COMM CTR,"Cullman County Republican Executive Committee, East",,REP,Unverified Candidate 3,126
Cullman,0029 GOLD RIDGE COMM CTR,"Cullman County Republican Executive Committee, East",,REP,Unverified Candidate 4,197
Cullman,0029 GOLD RIDGE COMM CTR,"Cullman County Republican Executive Committee, West",,REP,Unverified Candidate 1,114
Cullman,0029 GOLD RIDGE COMM CTR,"Cullman County Republican Executive Committee, West",,REP,Unverified Candidate 2,87
Cullman,0029 GOLD RIDGE COMM CTR,"Cullman County Republican Executive Committee, West",,REP,Unverified Candidate 3,170
Cullman,0029 GOLD RIDGE COMM CTR,"Cullman County Republican Executive Committee, West",,REP,Unverified Candidate 4,150
Cullman,0029 GOLD RIDGE COMM CTR,Cullman County Revenue Commissioner,,REP,Kenneth Cornelius,163
Cullman,0029 GOLD RIDGE COMM CTR,Cullman County Revenue Commissioner,,REP,Mike Pitts,203
Cullman,0029 GOLD RIDGE COMM CTR,Cullman County Sheriff,,REP,Chad Whaley,227
Cullman,0029 GOLD RIDGE COMM CTR,Cullman County Sheriff,,REP,Tim Creel,175
Cullman,0029 GOLD RIDGE COMM CTR,Fairview / District No. 2,,REP,Unverified Candidate 1,164
Cullman,0029 GOLD RIDGE COMM CTR,Fairview / District No. 2,,REP,Unverified Candidate 2,185
Cullman,0029 GOLD RIDGE COMM CTR,Governor,,REP,"""Alabama"" Will Santivasci",17
Cullman,0029 GOLD RIDGE COMM CTR,Governor,,REP,Ken McFeeters,32
Cullman,0029 GOLD RIDGE COMM CTR,Governor,,REP,Thomas Tuberville,352
Cullman,0029 GOLD RIDGE COMM CTR,Lieutenant Governor,,REP,George Childress,8
Cullman,0029 GOLD RIDGE COMM CTR,Lieutenant Governor,,REP,John Wahl,150
Cullman,0029 GOLD RIDGE COMM CTR,Lieutenant Governor,,REP,Nicole Jones Wadsworth,22
Cullman,0029 GOLD RIDGE COMM CTR,Lieutenant Governor,,REP,Pat Bishop,46
Cullman,0029 GOLD RIDGE COMM CTR,Lieutenant Governor,,REP,Rick Pate,34
Cullman,0029 GOLD RIDGE COMM CTR,Lieutenant Governor,,REP,Stewart Hill Tankersley,9
Cullman,0029 GOLD RIDGE COMM CTR,Lieutenant Governor,,REP,Wes Allen,114
Cullman,0029 GOLD RIDGE COMM CTR,"Member, Cullman County Commission, District 1",,REP,Kenneth Walker,215
Cullman,0029 GOLD RIDGE COMM CTR,"Member, Cullman County Commission, District 1",,REP,Reburn Miller,162
Cullman,0029 GOLD RIDGE COMM CTR,"Member, Cullman County Commission, District 2",,REP,Josh Speakman,157
Cullman,0029 GOLD RIDGE COMM CTR,"Member, Cullman County Commission, District 2",,REP,Richard Barnett,196
Cullman,0029 GOLD RIDGE COMM CTR,"Public Service Commission, Place No. 1",,REP,Jeremy H. Oden,123
Cullman,0029 GOLD RIDGE COMM CTR,"Public Service Commission, Place No. 1",,REP,Matt Gentry,278
Cullman,0029 GOLD RIDGE COMM CTR,"Public Service Commission, Place No. 2",,REP,Brent Woodall,67
Cullman,0029 GOLD RIDGE COMM CTR,"Public Service Commission, Place No. 2",,REP,Chris Beeker,89
Cullman,0029 GOLD RIDGE COMM CTR,"Public Service Commission, Place No. 2",,REP,Jim Zig Zeigler,139
Cullman,0029 GOLD RIDGE COMM CTR,"Public Service Commission, Place No. 2",,REP,Priscilla Andrews,47
Cullman,0029 GOLD RIDGE COMM CTR,Secretary of State,,REP,Caroleene Dobson,212
Cullman,0029 GOLD RIDGE COMM CTR,Secretary of State,,REP,Christopher Christian Horn,94
Cullman,0029 GOLD RIDGE COMM CTR,Secretary of State,,REP,Glenda S. Jackson,45
Cullman,0029 GOLD RIDGE COMM CTR,State Auditor,,REP,Andrew Sorrell,270
Cullman,0029 GOLD RIDGE COMM CTR,State Auditor,,REP,Derek Chen,93
Cullman,0029 GOLD RIDGE COMM CTR,State Board of Education,6,REP,Cathi Bradford,212
Cullman,0029 GOLD RIDGE COMM CTR,State Board of Education,6,REP,Marie Manning,126
Cullman,0029 GOLD RIDGE COMM CTR,"State Republican Executive Committee, Cullman County",,REP,Unverified Candidate 1,184
Cullman,0029 GOLD RIDGE COMM CTR,"State Republican Executive Committee, Cullman County",,REP,Unverified Candidate 1,222
Cullman,0029 GOLD RIDGE COMM CTR,"State Republican Executive Committee, Cullman County",,REP,Unverified Candidate 2,162
Cullman,0029 GOLD RIDGE COMM CTR,"State Republican Executive Committee, Cullman County",,REP,Unverified Candidate 2,52
Cullman,0029 GOLD RIDGE COMM CTR,"State Republican Executive Committee, Cullman County",,REP,Unverified Candidate 3,90
Cullman,0029 GOLD RIDGE COMM CTR,State Senate,4,REP,Garlan Gudger,191
Cullman,0029 GOLD RIDGE COMM CTR,State Senate,4,REP,J.R. Bowling,203
Cullman,0029 GOLD RIDGE COMM CTR,State Treasurer,,REP,Steve Lolley,132
Cullman,0029 GOLD RIDGE COMM CTR,State Treasurer,,REP,Young Boozer,218
Cullman,0029 GOLD RIDGE COMM CTR,U.S. House,4,REP,Robert B. Aderholt,298
Cullman,0029 GOLD RIDGE COMM CTR,U.S. House,4,REP,Tommy Barnes,84
Cullman,0029 GOLD RIDGE COMM CTR,U.S. Senate,,REP,Barry Moore,96
Cullman,0029 GOLD RIDGE COMM CTR,U.S. Senate,,REP,Dale Shelton Deas Jr.,11
Cullman,0029 GOLD RIDGE COMM CTR,U.S. Senate,,REP,Jared Hudson,143
Cullman,0029 GOLD RIDGE COMM CTR,U.S. Senate,,REP,Morgan Murphy,4
Cullman,0029 GOLD RIDGE COMM CTR,U.S. Senate,,REP,Rodney Walker,24
Cullman,0029 GOLD RIDGE COMM CTR,U.S. Senate,,REP,Seth Burton,5
Cullman,0029 GOLD RIDGE COMM CTR,U.S. Senate,,REP,Steve Marshall,107
Cullman,0030 BAILEYTON SR CTR,Proposed Statewide Amendment 1,,,No,41
Cullman,0030 BAILEYTON SR CTR,Proposed Statewide Amendment 1,,,Yes,300
Cullman,0030 BAILEYTON SR CTR,Proposed Statewide Amendment 2,,,No,174
Cullman,0030 BAILEYTON SR CTR,Proposed Statewide Amendment 2,,,Yes,158
Cullman,0030 BAILEYTON SR CTR,"Public Service Commission, Place No. 1",,DEM,James O. Gordon,4
Cullman,0030 BAILEYTON SR CTR,"Public Service Commission, Place No. 1",,DEM,Jeff Ramsey,11
Cullman,0030 BAILEYTON SR CTR,"Public Service Commission, Place No. 1",,DEM,John Northrop,3
Cullman,0030 BAILEYTON SR CTR,U.S. House,4,DEM,Amanda N. Pusczek,9
Cullman,0030 BAILEYTON SR CTR,U.S. House,4,DEM,Unverified Candidate 3,10
Cullman,0030 BAILEYTON SR CTR,U.S. Senate,,DEM,Dakarai Larriett,0
Cullman,0030 BAILEYTON SR CTR,U.S. Senate,,DEM,Everett Wess,6
Cullman,0030 BAILEYTON SR CTR,U.S. Senate,,DEM,Kyle Sweetser,8
Cullman,0030 BAILEYTON SR CTR,U.S. Senate,,DEM,Mark S. Wheeler II,5
Cullman,0030 BAILEYTON SR CTR,Attorney General,,REP,Jay Mitchell,104
Cullman,0030 BAILEYTON SR CTR,Attorney General,,REP,Katherine Robertson,108
Cullman,0030 BAILEYTON SR CTR,Attorney General,,REP,Pamela L. Casey,113
Cullman,0030 BAILEYTON SR CTR,Commissioner of Agriculture and Industries,,REP,Christina Woerner McInnis,70
Cullman,0030 BAILEYTON SR CTR,Commissioner of Agriculture and Industries,,REP,Cory Hill,143
Cullman,0030 BAILEYTON SR CTR,Commissioner of Agriculture and Industries,,REP,Jack Williams,82
Cullman,0030 BAILEYTON SR CTR,"Cullman County Republican Executive Committee, At La",,REP,Unverified Candidate 1,165
Cullman,0030 BAILEYTON SR CTR,"Cullman County Republican Executive Committee, At La",,REP,Unverified Candidate 10,84
Cullman,0030 BAILEYTON SR CTR,"Cullman County Republican Executive Committee, At La",,REP,Unverified Candidate 2,133
Cullman,0030 BAILEYTON SR CTR,"Cullman County Republican Executive Committee, At La",,REP,Unverified Candidate 3,164
Cullman,0030 BAILEYTON SR CTR,"Cullman County Republican Executive Committee, At La",,REP,Unverified Candidate 4,159
Cullman,0030 BAILEYTON SR CTR,"Cullman County Republican Executive Committee, At La",,REP,Unverified Candidate 5,140
Cullman,0030 BAILEYTON SR CTR,"Cullman County Republican Executive Committee, At La",,REP,Unverified Candidate 6,68
Cullman,0030 BAILEYTON SR CTR,"Cullman County Republican Executive Committee, At La",,REP,Unverified Candidate 7,134
Cullman,0030 BAILEYTON SR CTR,"Cullman County Republican Executive Committee, At La",,REP,Unverified Candidate 8,101
Cullman,0030 BAILEYTON SR CTR,"Cullman County Republican Executive Committee, At La",,REP,Unverified Candidate 9,114
Cullman,0030 BAILEYTON SR CTR,"Cullman County Republican Executive Committee, East",,REP,Unverified Candidate 1,106
Cullman,0030 BAILEYTON SR CTR,"Cullman County Republican Executive Committee, East",,REP,Unverified Candidate 2,123
Cullman,0030 BAILEYTON SR CTR,"Cullman County Republican Executive Committee, East",,REP,Unverified Candidate 3,98
Cullman,0030 BAILEYTON SR CTR,"Cullman County Republican Executive Committee, East",,REP,Unverified Candidate 4,192
Cullman,0030 BAILEYTON SR CTR,"Cullman County Republican Executive Committee, West",,REP,Unverified Candidate 1,98
Cullman,0030 BAILEYTON SR CTR,"Cullman County Republican Executive Committee, West",,REP,Unverified Candidate 2,82
Cullman,0030 BAILEYTON SR CTR,"Cullman County Republican Executive Committee, West",,REP,Unverified Candidate 3,146
Cullman,0030 BAILEYTON SR CTR,"Cullman County Republican Executive Committee, West",,REP,Unverified Candidate 4,119
Cullman,0030 BAILEYTON SR CTR,Cullman County Revenue Commissioner,,REP,Kenneth Cornelius,174
Cullman,0030 BAILEYTON SR CTR,Cullman County Revenue Commissioner,,REP,Mike Pitts,150
Cullman,0030 BAILEYTON SR CTR,Cullman County Sheriff,,REP,Chad Whaley,190
Cullman,0030 BAILEYTON SR CTR,Cullman County Sheriff,,REP,Tim Creel,155
Cullman,0030 BAILEYTON SR CTR,Fairview / District No. 2,,REP,Unverified Candidate 1,127
Cullman,0030 BAILEYTON SR CTR,Fairview / District No. 2,,REP,Unverified Candidate 2,158
Cullman,0030 BAILEYTON SR CTR,Governor,,REP,"""Alabama"" Will Santivasci",23
Cullman,0030 BAILEYTON SR CTR,Governor,,REP,Ken McFeeters,30
Cullman,0030 BAILEYTON SR CTR,Governor,,REP,Thomas Tuberville,286
Cullman,0030 BAILEYTON SR CTR,Lieutenant Governor,,REP,George Childress,8
Cullman,0030 BAILEYTON SR CTR,Lieutenant Governor,,REP,John Wahl,103
Cullman,0030 BAILEYTON SR CTR,Lieutenant Governor,,REP,Nicole Jones Wadsworth,14
Cullman,0030 BAILEYTON SR CTR,Lieutenant Governor,,REP,Pat Bishop,75
Cullman,0030 BAILEYTON SR CTR,Lieutenant Governor,,REP,Rick Pate,17
Cullman,0030 BAILEYTON SR CTR,Lieutenant Governor,,REP,Stewart Hill Tankersley,4
Cullman,0030 BAILEYTON SR CTR,Lieutenant Governor,,REP,Wes Allen,105
Cullman,0030 BAILEYTON SR CTR,"Member, Cullman County Commission, District 1",,REP,Kenneth Walker,208
Cullman,0030 BAILEYTON SR CTR,"Member, Cullman County Commission, District 1",,REP,Reburn Miller,123
Cullman,0030 BAILEYTON SR CTR,"Member, Cullman County Commission, District 2",,REP,Josh Speakman,134
Cullman,0030 BAILEYTON SR CTR,"Member, Cullman County Commission, District 2",,REP,Richard Barnett,173
Cullman,0030 BAILEYTON SR CTR,"Public Service Commission, Place No. 1",,REP,Jeremy H. Oden,100
Cullman,0030 BAILEYTON SR CTR,"Public Service Commission, Place No. 1",,REP,Matt Gentry,244
Cullman,0030 BAILEYTON SR CTR,"Public Service Commission, Place No. 2",,REP,Brent Woodall,62
Cullman,0030 BAILEYTON SR CTR,"Public Service Commission, Place No. 2",,REP,Chris Beeker,69
Cullman,0030 BAILEYTON SR CTR,"Public Service Commission, Place No. 2",,REP,Jim Zig Zeigler,114
Cullman,0030 BAILEYTON SR CTR,"Public Service Commission, Place No. 2",,REP,Priscilla Andrews,44
Cullman,0030 BAILEYTON SR CTR,Secretary of State,,REP,Caroleene Dobson,184
Cullman,0030 BAILEYTON SR CTR,Secretary of State,,REP,Christopher Christian Horn,66
Cullman,0030 BAILEYTON SR CTR,Secretary of State,,REP,Glenda S. Jackson,47
Cullman,0030 BAILEYTON SR CTR,State Auditor,,REP,Andrew Sorrell,230
Cullman,0030 BAILEYTON SR CTR,State Auditor,,REP,Derek Chen,66
Cullman,0030 BAILEYTON SR CTR,State Board of Education,6,REP,Cathi Bradford,156
Cullman,0030 BAILEYTON SR CTR,State Board of Education,6,REP,Marie Manning,127
Cullman,0030 BAILEYTON SR CTR,"State Republican Executive Committee, Cullman County",,REP,Unverified Candidate 1,147
Cullman,0030 BAILEYTON SR CTR,"State Republican Executive Committee, Cullman County",,REP,Unverified Candidate 1,160
Cullman,0030 BAILEYTON SR CTR,"State Republican Executive Committee, Cullman County",,REP,Unverified Candidate 2,149
Cullman,0030 BAILEYTON SR CTR,"State Republican Executive Committee, Cullman County",,REP,Unverified Candidate 2,51
Cullman,0030 BAILEYTON SR CTR,"State Republican Executive Committee, Cullman County",,REP,Unverified Candidate 3,88
Cullman,0030 BAILEYTON SR CTR,State Senate,4,REP,Garlan Gudger,214
Cullman,0030 BAILEYTON SR CTR,State Senate,4,REP,J.R. Bowling,127
Cullman,0030 BAILEYTON SR CTR,State Treasurer,,REP,Steve Lolley,112
Cullman,0030 BAILEYTON SR CTR,State Treasurer,,REP,Young Boozer,186
Cullman,0030 BAILEYTON SR CTR,U.S. House,4,REP,Robert B. Aderholt,256
Cullman,0030 BAILEYTON SR CTR,U.S. House,4,REP,Tommy Barnes,77
Cullman,0030 BAILEYTON SR CTR,U.S. Senate,,REP,Barry Moore,75
Cullman,0030 BAILEYTON SR CTR,U.S. Senate,,REP,Dale Shelton Deas Jr.,2
Cullman,0030 BAILEYTON SR CTR,U.S. Senate,,REP,Jared Hudson,114
Cullman,0030 BAILEYTON SR CTR,U.S. Senate,,REP,Morgan Murphy,6
Cullman,0030 BAILEYTON SR CTR,U.S. Senate,,REP,Rodney Walker,19
Cullman,0030 BAILEYTON SR CTR,U.S. Senate,,REP,Seth Burton,5
Cullman,0030 BAILEYTON SR CTR,U.S. Senate,,REP,Steve Marshall,110
Cullman,0031 BROOKLYN COMM CTR,Proposed Statewide Amendment 1,,,No,17
Cullman,0031 BROOKLYN COMM CTR,Proposed Statewide Amendment 1,,,Yes,165
Cullman,0031 BROOKLYN COMM CTR,Proposed Statewide Amendment 2,,,No,80
Cullman,0031 BROOKLYN COMM CTR,Proposed Statewide Amendment 2,,,Yes,92
Cullman,0031 BROOKLYN COMM CTR,Lieutenant Governor,,DEM,Darryl D. Perryman,3
Cullman,0031 BROOKLYN COMM CTR,Lieutenant Governor,,DEM,Phillip Ensler,8
Cullman,0031 BROOKLYN COMM CTR,"Public Service Commission, Place No. 1",,DEM,James O. Gordon,6
Cullman,0031 BROOKLYN COMM CTR,"Public Service Commission, Place No. 1",,DEM,Jeff Ramsey,4
Cullman,0031 BROOKLYN COMM CTR,"Public Service Commission, Place No. 1",,DEM,John Northrop,1
Cullman,0031 BROOKLYN COMM CTR,U.S. House,4,DEM,Amanda N. Pusczek,7
Cullman,0031 BROOKLYN COMM CTR,U.S. House,4,DEM,Unverified Candidate 3,4
Cullman,0031 BROOKLYN COMM CTR,U.S. Senate,,DEM,Dakarai Larriett,6
Cullman,0031 BROOKLYN COMM CTR,U.S. Senate,,DEM,Everett Wess,1
Cullman,0031 BROOKLYN COMM CTR,U.S. Senate,,DEM,Kyle Sweetser,2
Cullman,0031 BROOKLYN COMM CTR,U.S. Senate,,DEM,Mark S. Wheeler II,2
Cullman,0031 BROOKLYN COMM CTR,Attorney General,,REP,Jay Mitchell,36
Cullman,0031 BROOKLYN COMM CTR,Attorney General,,REP,Katherine Robertson,49
Cullman,0031 BROOKLYN COMM CTR,Attorney General,,REP,Pamela L. Casey,83
Cullman,0031 BROOKLYN COMM CTR,Commissioner of Agriculture and Industries,,REP,Christina Woerner McInnis,33
Cullman,0031 BROOKLYN COMM CTR,Commissioner of Agriculture and Industries,,REP,Cory Hill,78
Cullman,0031 BROOKLYN COMM CTR,Commissioner of Agriculture and Industries,,REP,Jack Williams,44
Cullman,0031 BROOKLYN COMM CTR,"Cullman County Republican Executive Committee, At La",,REP,Unverified Candidate 1,64
Cullman,0031 BROOKLYN COMM CTR,"Cullman County Republican Executive Committee, At La",,REP,Unverified Candidate 10,64
Cullman,0031 BROOKLYN COMM CTR,"Cullman County Republican Executive Committee, At La",,REP,Unverified Candidate 2,69
Cullman,0031 BROOKLYN COMM CTR,"Cullman County Republican Executive Committee, At La",,REP,Unverified Candidate 3,87
Cullman,0031 BROOKLYN COMM CTR,"Cullman County Republican Executive Committee, At La",,REP,Unverified Candidate 4,72
Cullman,0031 BROOKLYN COMM CTR,"Cullman County Republican Executive Committee, At La",,REP,Unverified Candidate 5,80
Cullman,0031 BROOKLYN COMM CTR,"Cullman County Republican Executive Committee, At La",,REP,Unverified Candidate 6,38
Cullman,0031 BROOKLYN COMM CTR,"Cullman County Republican Executive Committee, At La",,REP,Unverified Candidate 7,57
Cullman,0031 BROOKLYN COMM CTR,"Cullman County Republican Executive Committee, At La",,REP,Unverified Candidate 8,50
Cullman,0031 BROOKLYN COMM CTR,"Cullman County Republican Executive Committee, At La",,REP,Unverified Candidate 9,53
Cullman,0031 BROOKLYN COMM CTR,"Cullman County Republican Executive Committee, East",,REP,Unverified Candidate 1,49
Cullman,0031 BROOKLYN COMM CTR,"Cullman County Republican Executive Committee, East",,REP,Unverified Candidate 2,45
Cullman,0031 BROOKLYN COMM CTR,"Cullman County Republican Executive Committee, East",,REP,Unverified Candidate 3,61
Cullman,0031 BROOKLYN COMM CTR,"Cullman County Republican Executive Committee, East",,REP,Unverified Candidate 4,81
Cullman,0031 BROOKLYN COMM CTR,"Cullman County Republican Executive Committee, West",,REP,Unverified Candidate 1,47
Cullman,0031 BROOKLYN COMM CTR,"Cullman County Republican Executive Committee, West",,REP,Unverified Candidate 2,29
Cullman,0031 BROOKLYN COMM CTR,"Cullman County Republican Executive Committee, West",,REP,Unverified Candidate 3,82
Cullman,0031 BROOKLYN COMM CTR,"Cullman County Republican Executive Committee, West",,REP,Unverified Candidate 4,65
Cullman,0031 BROOKLYN COMM CTR,Cullman County Revenue Commissioner,,REP,Kenneth Cornelius,99
Cullman,0031 BROOKLYN COMM CTR,Cullman County Revenue Commissioner,,REP,Mike Pitts,65
Cullman,0031 BROOKLYN COMM CTR,Cullman County Sheriff,,REP,Chad Whaley,108
Cullman,0031 BROOKLYN COMM CTR,Cullman County Sheriff,,REP,Tim Creel,69
Cullman,0031 BROOKLYN COMM CTR,Governor,,REP,"""Alabama"" Will Santivasci",6
Cullman,0031 BROOKLYN COMM CTR,Governor,,REP,Ken McFeeters,16
Cullman,0031 BROOKLYN COMM CTR,Governor,,REP,Thomas Tuberville,151
Cullman,0031 BROOKLYN COMM CTR,Lieutenant Governor,,REP,George Childress,0
Cullman,0031 BROOKLYN COMM CTR,Lieutenant Governor,,REP,John Wahl,47
Cullman,0031 BROOKLYN COMM CTR,Lieutenant Governor,,REP,Nicole Jones Wadsworth,7
Cullman,0031 BROOKLYN COMM CTR,Lieutenant Governor,,REP,Pat Bishop,38
Cullman,0031 BROOKLYN COMM CTR,Lieutenant Governor,,REP,Rick Pate,6
Cullman,0031 BROOKLYN COMM CTR,Lieutenant Governor,,REP,Stewart Hill Tankersley,5
Cullman,0031 BROOKLYN COMM CTR,Lieutenant Governor,,REP,Wes Allen,66
Cullman,0031 BROOKLYN COMM CTR,"Member, Cullman County Commission, District 1",,REP,Kenneth Walker,119
Cullman,0031 BROOKLYN COMM CTR,"Member, Cullman County Commission, District 1",,REP,Reburn Miller,47
Cullman,0031 BROOKLYN COMM CTR,"Member, Cullman County Commission, District 2",,REP,Josh Speakman,70
Cullman,0031 BROOKLYN COMM CTR,"Member, Cullman County Commission, District 2",,REP,Richard Barnett,86
Cullman,0031 BROOKLYN COMM CTR,"Public Service Commission, Place No. 1",,REP,Jeremy H. Oden,49
Cullman,0031 BROOKLYN COMM CTR,"Public Service Commission, Place No. 1",,REP,Matt Gentry,126
Cullman,0031 BROOKLYN COMM CTR,"Public Service Commission, Place No. 2",,REP,Brent Woodall,27
Cullman,0031 BROOKLYN COMM CTR,"Public Service Commission, Place No. 2",,REP,Chris Beeker,29
Cullman,0031 BROOKLYN COMM CTR,"Public Service Commission, Place No. 2",,REP,Jim Zig Zeigler,60
Cullman,0031 BROOKLYN COMM CTR,"Public Service Commission, Place No. 2",,REP,Priscilla Andrews,34
Cullman,0031 BROOKLYN COMM CTR,Secretary of State,,REP,Caroleene Dobson,100
Cullman,0031 BROOKLYN COMM CTR,Secretary of State,,REP,Christopher Christian Horn,37
Cullman,0031 BROOKLYN COMM CTR,Secretary of State,,REP,Glenda S. Jackson,14
Cullman,0031 BROOKLYN COMM CTR,State Auditor,,REP,Andrew Sorrell,105
Cullman,0031 BROOKLYN COMM CTR,State Auditor,,REP,Derek Chen,54
Cullman,0031 BROOKLYN COMM CTR,State Board of Education,6,REP,Cathi Bradford,87
Cullman,0031 BROOKLYN COMM CTR,State Board of Education,6,REP,Marie Manning,62
Cullman,0031 BROOKLYN COMM CTR,"State Republican Executive Committee, Cullman County",,REP,Unverified Candidate 1,74
Cullman,0031 BROOKLYN COMM CTR,"State Republican Executive Committee, Cullman County",,REP,Unverified Candidate 1,98
Cullman,0031 BROOKLYN COMM CTR,"State Republican Executive Committee, Cullman County",,REP,Unverified Candidate 2,75
Cullman,0031 BROOKLYN COMM CTR,"State Republican Executive Committee, Cullman County",,REP,Unverified Candidate 2,16
Cullman,0031 BROOKLYN COMM CTR,"State Republican Executive Committee, Cullman County",,REP,Unverified Candidate 3,38
Cullman,0031 BROOKLYN COMM CTR,State Senate,4,REP,Garlan Gudger,90
Cullman,0031 BROOKLYN COMM CTR,State Senate,4,REP,J.R. Bowling,83
Cullman,0031 BROOKLYN COMM CTR,State Treasurer,,REP,Steve Lolley,68
Cullman,0031 BROOKLYN COMM CTR,State Treasurer,,REP,Young Boozer,93
Cullman,0031 BROOKLYN COMM CTR,U.S. House,4,REP,Robert B. Aderholt,121
Cullman,0031 BROOKLYN COMM CTR,U.S. House,4,REP,Tommy Barnes,45
Cullman,0031 BROOKLYN COMM CTR,U.S. Senate,,REP,Barry Moore,41
Cullman,0031 BROOKLYN COMM CTR,U.S. Senate,,REP,Dale Shelton Deas Jr.,2
Cullman,0031 BROOKLYN COMM CTR,U.S. Senate,,REP,Jared Hudson,50
Cullman,0031 BROOKLYN COMM CTR,U.S. Senate,,REP,Morgan Murphy,1
Cullman,0031 BROOKLYN COMM CTR,U.S. Senate,,REP,Rodney Walker,8
Cullman,0031 BROOKLYN COMM CTR,U.S. Senate,,REP,Seth Burton,3
Cullman,0031 BROOKLYN COMM CTR,U.S. Senate,,REP,Steve Marshall,63
Cullman,0032 JOPPA FIRE DEPT.,Proposed Statewide Amendment 1,,,No,14
Cullman,0032 JOPPA FIRE DEPT.,Proposed Statewide Amendment 1,,,Yes,148
Cullman,0032 JOPPA FIRE DEPT.,Proposed Statewide Amendment 2,,,No,67
Cullman,0032 JOPPA FIRE DEPT.,Proposed Statewide Amendment 2,,,Yes,84
Cullman,0032 JOPPA FIRE DEPT.,Lieutenant Governor,,DEM,Darryl D. Perryman,4
Cullman,0032 JOPPA FIRE DEPT.,Lieutenant Governor,,DEM,Phillip Ensler,10
Cullman,0032 JOPPA FIRE DEPT.,"Public Service Commission, Place No. 1",,DEM,James O. Gordon,3
Cullman,0032 JOPPA FIRE DEPT.,"Public Service Commission, Place No. 1",,DEM,Jeff Ramsey,7
Cullman,0032 JOPPA FIRE DEPT.,"Public Service Commission, Place No. 1",,DEM,John Northrop,3
Cullman,0032 JOPPA FIRE DEPT.,U.S. House,4,DEM,Amanda N. Pusczek,7
Cullman,0032 JOPPA FIRE DEPT.,U.S. House,4,DEM,Unverified Candidate 3,7
Cullman,0032 JOPPA FIRE DEPT.,U.S. Senate,,DEM,Dakarai Larriett,4
Cullman,0032 JOPPA FIRE DEPT.,U.S. Senate,,DEM,Everett Wess,5
Cullman,0032 JOPPA FIRE DEPT.,U.S. Senate,,DEM,Kyle Sweetser,2
Cullman,0032 JOPPA FIRE DEPT.,U.S. Senate,,DEM,Mark S. Wheeler II,3
Cullman,0032 JOPPA FIRE DEPT.,Attorney General,,REP,Jay Mitchell,51
Cullman,0032 JOPPA FIRE DEPT.,Attorney General,,REP,Katherine Robertson,56
Cullman,0032 JOPPA FIRE DEPT.,Attorney General,,REP,Pamela L. Casey,43
Cullman,0032 JOPPA FIRE DEPT.,Commissioner of Agriculture and Industries,,REP,Christina Woerner McInnis,41
Cullman,0032 JOPPA FIRE DEPT.,Commissioner of Agriculture and Industries,,REP,Cory Hill,57
Cullman,0032 JOPPA FIRE DEPT.,Commissioner of Agriculture and Industries,,REP,Jack Williams,44
Cullman,0032 JOPPA FIRE DEPT.,"Cullman County Republican Executive Committee, At La",,REP,Unverified Candidate 1,70
Cullman,0032 JOPPA FIRE DEPT.,"Cullman County Republican Executive Committee, At La",,REP,Unverified Candidate 10,39
Cullman,0032 JOPPA FIRE DEPT.,"Cullman County Republican Executive Committee, At La",,REP,Unverified Candidate 2,45
Cullman,0032 JOPPA FIRE DEPT.,"Cullman County Republican Executive Committee, At La",,REP,Unverified Candidate 3,62
Cullman,0032 JOPPA FIRE DEPT.,"Cullman County Republican Executive Committee, At La",,REP,Unverified Candidate 4,52
Cullman,0032 JOPPA FIRE DEPT.,"Cullman County Republican Executive Committee, At La",,REP,Unverified Candidate 5,47
Cullman,0032 JOPPA FIRE DEPT.,"Cullman County Republican Executive Committee, At La",,REP,Unverified Candidate 6,35
Cullman,0032 JOPPA FIRE DEPT.,"Cullman County Republican Executive Committee, At La",,REP,Unverified Candidate 7,63
Cullman,0032 JOPPA FIRE DEPT.,"Cullman County Republican Executive Committee, At La",,REP,Unverified Candidate 8,31
Cullman,0032 JOPPA FIRE DEPT.,"Cullman County Republican Executive Committee, At La",,REP,Unverified Candidate 9,40
Cullman,0032 JOPPA FIRE DEPT.,"Cullman County Republican Executive Committee, East",,REP,Unverified Candidate 1,63
Cullman,0032 JOPPA FIRE DEPT.,"Cullman County Republican Executive Committee, East",,REP,Unverified Candidate 2,25
Cullman,0032 JOPPA FIRE DEPT.,"Cullman County Republican Executive Committee, East",,REP,Unverified Candidate 3,40
Cullman,0032 JOPPA FIRE DEPT.,"Cullman County Republican Executive Committee, East",,REP,Unverified Candidate 4,69
Cullman,0032 JOPPA FIRE DEPT.,"Cullman County Republican Executive Committee, West",,REP,Unverified Candidate 1,52
Cullman,0032 JOPPA FIRE DEPT.,"Cullman County Republican Executive Committee, West",,REP,Unverified Candidate 2,21
Cullman,0032 JOPPA FIRE DEPT.,"Cullman County Republican Executive Committee, West",,REP,Unverified Candidate 3,47
Cullman,0032 JOPPA FIRE DEPT.,"Cullman County Republican Executive Committee, West",,REP,Unverified Candidate 4,63
Cullman,0032 JOPPA FIRE DEPT.,Cullman County Revenue Commissioner,,REP,Kenneth Cornelius,63
Cullman,0032 JOPPA FIRE DEPT.,Cullman County Revenue Commissioner,,REP,Mike Pitts,77
Cullman,0032 JOPPA FIRE DEPT.,Cullman County Sheriff,,REP,Chad Whaley,92
Cullman,0032 JOPPA FIRE DEPT.,Cullman County Sheriff,,REP,Tim Creel,69
Cullman,0032 JOPPA FIRE DEPT.,Fairview / District No. 2,,REP,Unverified Candidate 1,67
Cullman,0032 JOPPA FIRE DEPT.,Fairview / District No. 2,,REP,Unverified Candidate 2,53
Cullman,0032 JOPPA FIRE DEPT.,Governor,,REP,"""Alabama"" Will Santivasci",12
Cullman,0032 JOPPA FIRE DEPT.,Governor,,REP,Ken McFeeters,6
Cullman,0032 JOPPA FIRE DEPT.,Governor,,REP,Thomas Tuberville,145
Cullman,0032 JOPPA FIRE DEPT.,Lieutenant Governor,,REP,George Childress,1
Cullman,0032 JOPPA FIRE DEPT.,Lieutenant Governor,,REP,John Wahl,62
Cullman,0032 JOPPA FIRE DEPT.,Lieutenant Governor,,REP,Nicole Jones Wadsworth,5
Cullman,0032 JOPPA FIRE DEPT.,Lieutenant Governor,,REP,Pat Bishop,18
Cullman,0032 JOPPA FIRE DEPT.,Lieutenant Governor,,REP,Rick Pate,7
Cullman,0032 JOPPA FIRE DEPT.,Lieutenant Governor,,REP,Stewart Hill Tankersley,3
Cullman,0032 JOPPA FIRE DEPT.,Lieutenant Governor,,REP,Wes Allen,61
Cullman,0032 JOPPA FIRE DEPT.,"Member, Cullman County Commission, District 1",,REP,Kenneth Walker,97
Cullman,0032 JOPPA FIRE DEPT.,"Member, Cullman County Commission, District 1",,REP,Reburn Miller,41
Cullman,0032 JOPPA FIRE DEPT.,"Member, Cullman County Commission, District 2",,REP,Josh Speakman,47
Cullman,0032 JOPPA FIRE DEPT.,"Member, Cullman County Commission, District 2",,REP,Richard Barnett,73
Cullman,0032 JOPPA FIRE DEPT.,"Public Service Commission, Place No. 1",,REP,Jeremy H. Oden,44
Cullman,0032 JOPPA FIRE DEPT.,"Public Service Commission, Place No. 1",,REP,Matt Gentry,115
Cullman,0032 JOPPA FIRE DEPT.,"Public Service Commission, Place No. 2",,REP,Brent Woodall,32
Cullman,0032 JOPPA FIRE DEPT.,"Public Service Commission, Place No. 2",,REP,Chris Beeker,31
Cullman,0032 JOPPA FIRE DEPT.,"Public Service Commission, Place No. 2",,REP,Jim Zig Zeigler,59
Cullman,0032 JOPPA FIRE DEPT.,"Public Service Commission, Place No. 2",,REP,Priscilla Andrews,19
Cullman,0032 JOPPA FIRE DEPT.,Secretary of State,,REP,Caroleene Dobson,98
Cullman,0032 JOPPA FIRE DEPT.,Secretary of State,,REP,Christopher Christian Horn,28
Cullman,0032 JOPPA FIRE DEPT.,Secretary of State,,REP,Glenda S. Jackson,17
Cullman,0032 JOPPA FIRE DEPT.,State Auditor,,REP,Andrew Sorrell,101
Cullman,0032 JOPPA FIRE DEPT.,State Auditor,,REP,Derek Chen,43
Cullman,0032 JOPPA FIRE DEPT.,State Board of Education,6,REP,Cathi Bradford,85
Cullman,0032 JOPPA FIRE DEPT.,State Board of Education,6,REP,Marie Manning,43
Cullman,0032 JOPPA FIRE DEPT.,"State Republican Executive Committee, Cullman County",,REP,Unverified Candidate 1,68
Cullman,0032 JOPPA FIRE DEPT.,"State Republican Executive Committee, Cullman County",,REP,Unverified Candidate 1,69
Cullman,0032 JOPPA FIRE DEPT.,"State Republican Executive Committee, Cullman County",,REP,Unverified Candidate 2,52
Cullman,0032 JOPPA FIRE DEPT.,"State Republican Executive Committee, Cullman County",,REP,Unverified Candidate 2,18
Cullman,0032 JOPPA FIRE DEPT.,"State Republican Executive Committee, Cullman County",,REP,Unverified Candidate 3,42
Cullman,0032 JOPPA FIRE DEPT.,State Senate,4,REP,Garlan Gudger,110
Cullman,0032 JOPPA FIRE DEPT.,State Senate,4,REP,J.R. Bowling,49
Cullman,0032 JOPPA FIRE DEPT.,State Treasurer,,REP,Steve Lolley,50
Cullman,0032 JOPPA FIRE DEPT.,State Treasurer,,REP,Young Boozer,95
Cullman,0032 JOPPA FIRE DEPT.,U.S. House,4,REP,Robert B. Aderholt,134
Cullman,0032 JOPPA FIRE DEPT.,U.S. House,4,REP,Tommy Barnes,26
Cullman,0032 JOPPA FIRE DEPT.,U.S. Senate,,REP,Barry Moore,51
Cullman,0032 JOPPA FIRE DEPT.,U.S. Senate,,REP,Dale Shelton Deas Jr.,5
Cullman,0032 JOPPA FIRE DEPT.,U.S. Senate,,REP,Jared Hudson,37
Cullman,0032 JOPPA FIRE DEPT.,U.S. Senate,,REP,Morgan Murphy,4
Cullman,0032 JOPPA FIRE DEPT.,U.S. Senate,,REP,Rodney Walker,6
Cullman,0032 JOPPA FIRE DEPT.,U.S. Senate,,REP,Seth Burton,2
Cullman,0032 JOPPA FIRE DEPT.,U.S. Senate,,REP,Steve Marshall,53
Cullman,0033 NEW CANAAN SR CTR,Proposed Statewide Amendment 1,,,No,22
Cullman,0033 NEW CANAAN SR CTR,Proposed Statewide Amendment 1,,,Yes,180
Cullman,0033 NEW CANAAN SR CTR,Proposed Statewide Amendment 2,,,No,93
Cullman,0033 NEW CANAAN SR CTR,Proposed Statewide Amendment 2,,,Yes,97
Cullman,0033 NEW CANAAN SR CTR,Lieutenant Governor,,DEM,Darryl D. Perryman,5
Cullman,0033 NEW CANAAN SR CTR,Lieutenant Governor,,DEM,Phillip Ensler,16
Cullman,0033 NEW CANAAN SR CTR,"Public Service Commission, Place No. 1",,DEM,James O. Gordon,5
Cullman,0033 NEW CANAAN SR CTR,"Public Service Commission, Place No. 1",,DEM,Jeff Ramsey,10
Cullman,0033 NEW CANAAN SR CTR,"Public Service Commission, Place No. 1",,DEM,John Northrop,6
Cullman,0033 NEW CANAAN SR CTR,U.S. House,4,DEM,Amanda N. Pusczek,15
Cullman,0033 NEW CANAAN SR CTR,U.S. House,4,DEM,Unverified Candidate 3,6
Cullman,0033 NEW CANAAN SR CTR,U.S. Senate,,DEM,Dakarai Larriett,7
Cullman,0033 NEW CANAAN SR CTR,U.S. Senate,,DEM,Everett Wess,1
Cullman,0033 NEW CANAAN SR CTR,U.S. Senate,,DEM,Kyle Sweetser,4
Cullman,0033 NEW CANAAN SR CTR,U.S. Senate,,DEM,Mark S. Wheeler II,9
Cullman,0033 NEW CANAAN SR CTR,Attorney General,,REP,Jay Mitchell,56
Cullman,0033 NEW CANAAN SR CTR,Attorney General,,REP,Katherine Robertson,52
Cullman,0033 NEW CANAAN SR CTR,Attorney General,,REP,Pamela L. Casey,73
Cullman,0033 NEW CANAAN SR CTR,Commissioner of Agriculture and Industries,,REP,Christina Woerner McInnis,33
Cullman,0033 NEW CANAAN SR CTR,Commissioner of Agriculture and Industries,,REP,Cory Hill,95
Cullman,0033 NEW CANAAN SR CTR,Commissioner of Agriculture and Industries,,REP,Jack Williams,45
Cullman,0033 NEW CANAAN SR CTR,"Cullman County Republican Executive Committee, At La",,REP,Unverified Candidate 1,104
Cullman,0033 NEW CANAAN SR CTR,"Cullman County Republican Executive Committee, At La",,REP,Unverified Candidate 10,61
Cullman,0033 NEW CANAAN SR CTR,"Cullman County Republican Executive Committee, At La",,REP,Unverified Candidate 2,74
Cullman,0033 NEW CANAAN SR CTR,"Cullman County Republican Executive Committee, At La",,REP,Unverified Candidate 3,96
Cullman,0033 NEW CANAAN SR CTR,"Cullman County Republican Executive Committee, At La",,REP,Unverified Candidate 4,78
Cullman,0033 NEW CANAAN SR CTR,"Cullman County Republican Executive Committee, At La",,REP,Unverified Candidate 5,71
Cullman,0033 NEW CANAAN SR CTR,"Cullman County Republican Executive Committee, At La",,REP,Unverified Candidate 6,56
Cullman,0033 NEW CANAAN SR CTR,"Cullman County Republican Executive Committee, At La",,REP,Unverified Candidate 7,84
Cullman,0033 NEW CANAAN SR CTR,"Cullman County Republican Executive Committee, At La",,REP,Unverified Candidate 8,64
Cullman,0033 NEW CANAAN SR CTR,"Cullman County Republican Executive Committee, At La",,REP,Unverified Candidate 9,81
Cullman,0033 NEW CANAAN SR CTR,"Cullman County Republican Executive Committee, East",,REP,Unverified Candidate 1,88
Cullman,0033 NEW CANAAN SR CTR,"Cullman County Republican Executive Committee, East",,REP,Unverified Candidate 2,38
Cullman,0033 NEW CANAAN SR CTR,"Cullman County Republican Executive Committee, East",,REP,Unverified Candidate 3,70
Cullman,0033 NEW CANAAN SR CTR,"Cullman County Republican Executive Committee, East",,REP,Unverified Candidate 4,97
Cullman,0033 NEW CANAAN SR CTR,"Cullman County Republican Executive Committee, West",,REP,Unverified Candidate 1,57
Cullman,0033 NEW CANAAN SR CTR,"Cullman County Republican Executive Committee, West",,REP,Unverified Candidate 2,55
Cullman,0033 NEW CANAAN SR CTR,"Cullman County Republican Executive Committee, West",,REP,Unverified Candidate 3,84
Cullman,0033 NEW CANAAN SR CTR,"Cullman County Republican Executive Committee, West",,REP,Unverified Candidate 4,92
Cullman,0033 NEW CANAAN SR CTR,Cullman County Revenue Commissioner,,REP,Kenneth Cornelius,117
Cullman,0033 NEW CANAAN SR CTR,Cullman County Revenue Commissioner,,REP,Mike Pitts,47
Cullman,0033 NEW CANAAN SR CTR,Cullman County Sheriff,,REP,Chad Whaley,117
Cullman,0033 NEW CANAAN SR CTR,Cullman County Sheriff,,REP,Tim Creel,63
Cullman,0033 NEW CANAAN SR CTR,Governor,,REP,"""Alabama"" Will Santivasci",11
Cullman,0033 NEW CANAAN SR CTR,Governor,,REP,Ken McFeeters,13
Cullman,0033 NEW CANAAN SR CTR,Governor,,REP,Thomas Tuberville,160
Cullman,0033 NEW CANAAN SR CTR,Lieutenant Governor,,REP,George Childress,2
Cullman,0033 NEW CANAAN SR CTR,Lieutenant Governor,,REP,John Wahl,68
Cullman,0033 NEW CANAAN SR CTR,Lieutenant Governor,,REP,Nicole Jones Wadsworth,12
Cullman,0033 NEW CANAAN SR CTR,Lieutenant Governor,,REP,Pat Bishop,8
Cullman,0033 NEW CANAAN SR CTR,Lieutenant Governor,,REP,Rick Pate,19
Cullman,0033 NEW CANAAN SR CTR,Lieutenant Governor,,REP,Stewart Hill Tankersley,3
Cullman,0033 NEW CANAAN SR CTR,Lieutenant Governor,,REP,Wes Allen,73
Cullman,0033 NEW CANAAN SR CTR,"Member, Cullman County Commission, District 1",,REP,Kenneth Walker,124
Cullman,0033 NEW CANAAN SR CTR,"Member, Cullman County Commission, District 1",,REP,Reburn Miller,29
Cullman,0033 NEW CANAAN SR CTR,"Member, Cullman County Commission, District 2",,REP,Josh Speakman,49
Cullman,0033 NEW CANAAN SR CTR,"Member, Cullman County Commission, District 2",,REP,Richard Barnett,105
Cullman,0033 NEW CANAAN SR CTR,"Public Service Commission, Place No. 1",,REP,Jeremy H. Oden,30
Cullman,0033 NEW CANAAN SR CTR,"Public Service Commission, Place No. 1",,REP,Matt Gentry,157
Cullman,0033 NEW CANAAN SR CTR,"Public Service Commission, Place No. 2",,REP,Brent Woodall,42
Cullman,0033 NEW CANAAN SR CTR,"Public Service Commission, Place No. 2",,REP,Chris Beeker,46
Cullman,0033 NEW CANAAN SR CTR,"Public Service Commission, Place No. 2",,REP,Jim Zig Zeigler,62
Cullman,0033 NEW CANAAN SR CTR,"Public Service Commission, Place No. 2",,REP,Priscilla Andrews,17
Cullman,0033 NEW CANAAN SR CTR,Secretary of State,,REP,Caroleene Dobson,97
Cullman,0033 NEW CANAAN SR CTR,Secretary of State,,REP,Christopher Christian Horn,41
Cullman,0033 NEW CANAAN SR CTR,Secretary of State,,REP,Glenda S. Jackson,28
Cullman,0033 NEW CANAAN SR CTR,State Auditor,,REP,Andrew Sorrell,135
Cullman,0033 NEW CANAAN SR CTR,State Auditor,,REP,Derek Chen,41
Cullman,0033 NEW CANAAN SR CTR,State Board of Education,6,REP,Cathi Bradford,102
Cullman,0033 NEW CANAAN SR CTR,State Board of Education,6,REP,Marie Manning,54
Cullman,0033 NEW CANAAN SR CTR,"State Republican Executive Committee, Cullman County",,REP,Unverified Candidate 1,88
Cullman,0033 NEW CANAAN SR CTR,"State Republican Executive Committee, Cullman County",,REP,Unverified Candidate 1,83
Cullman,0033 NEW CANAAN SR CTR,"State Republican Executive Committee, Cullman County",,REP,Unverified Candidate 2,60
Cullman,0033 NEW CANAAN SR CTR,"State Republican Executive Committee, Cullman County",,REP,Unverified Candidate 2,25
Cullman,0033 NEW CANAAN SR CTR,"State Republican Executive Committee, Cullman County",,REP,Unverified Candidate 3,44
Cullman,0033 NEW CANAAN SR CTR,State Senate,4,REP,Garlan Gudger,127
Cullman,0033 NEW CANAAN SR CTR,State Senate,4,REP,J.R. Bowling,49
Cullman,0033 NEW CANAAN SR CTR,State Treasurer,,REP,Steve Lolley,66
Cullman,0033 NEW CANAAN SR CTR,State Treasurer,,REP,Young Boozer,108
Cullman,0033 NEW CANAAN SR CTR,U.S. House,4,REP,Robert B. Aderholt,153
Cullman,0033 NEW CANAAN SR CTR,U.S. House,4,REP,Tommy Barnes,34
Cullman,0033 NEW CANAAN SR CTR,U.S. Senate,,REP,Barry Moore,41
Cullman,0033 NEW CANAAN SR CTR,U.S. Senate,,REP,Dale Shelton Deas Jr.,0
Cullman,0033 NEW CANAAN SR CTR,U.S. Senate,,REP,Jared Hudson,55
Cullman,0033 NEW CANAAN SR CTR,U.S. Senate,,REP,Morgan Murphy,0
Cullman,0033 NEW CANAAN SR CTR,U.S. Senate,,REP,Rodney Walker,5
Cullman,0033 NEW CANAAN SR CTR,U.S. Senate,,REP,Seth Burton,1
Cullman,0033 NEW CANAAN SR CTR,U.S. Senate,,REP,Steve Marshall,86
Cullman,0034 HOLLY POND FIRE DEPT.,Proposed Statewide Amendment 1,,,No,69
Cullman,0034 HOLLY POND FIRE DEPT.,Proposed Statewide Amendment 1,,,Yes,523
Cullman,0034 HOLLY POND FIRE DEPT.,Proposed Statewide Amendment 2,,,No,293
Cullman,0034 HOLLY POND FIRE DEPT.,Proposed Statewide Amendment 2,,,Yes,270
Cullman,0034 HOLLY POND FIRE DEPT.,Lieutenant Governor,,DEM,Darryl D. Perryman,5
Cullman,0034 HOLLY POND FIRE DEPT.,Lieutenant Governor,,DEM,Phillip Ensler,12
Cullman,0034 HOLLY POND FIRE DEPT.,"Public Service Commission, Place No. 1",,DEM,James O. Gordon,5
Cullman,0034 HOLLY POND FIRE DEPT.,"Public Service Commission, Place No. 1",,DEM,Jeff Ramsey,10
Cullman,0034 HOLLY POND FIRE DEPT.,"Public Service Commission, Place No. 1",,DEM,John Northrop,3
Cullman,0034 HOLLY POND FIRE DEPT.,U.S. House,4,DEM,Amanda N. Pusczek,10
Cullman,0034 HOLLY POND FIRE DEPT.,U.S. House,4,DEM,Unverified Candidate 3,7
Cullman,0034 HOLLY POND FIRE DEPT.,U.S. Senate,,DEM,Dakarai Larriett,6
Cullman,0034 HOLLY POND FIRE DEPT.,U.S. Senate,,DEM,Everett Wess,2
Cullman,0034 HOLLY POND FIRE DEPT.,U.S. Senate,,DEM,Kyle Sweetser,7
Cullman,0034 HOLLY POND FIRE DEPT.,U.S. Senate,,DEM,Mark S. Wheeler II,4
Cullman,0034 HOLLY POND FIRE DEPT.,Attorney General,,REP,Jay Mitchell,172
Cullman,0034 HOLLY POND FIRE DEPT.,Attorney General,,REP,Katherine Robertson,146
Cullman,0034 HOLLY POND FIRE DEPT.,Attorney General,,REP,Pamela L. Casey,244
Cullman,0034 HOLLY POND FIRE DEPT.,Commissioner of Agriculture and Industries,,REP,Christina Woerner McInnis,129
Cullman,0034 HOLLY POND FIRE DEPT.,Commissioner of Agriculture and Industries,,REP,Cory Hill,267
Cullman,0034 HOLLY POND FIRE DEPT.,Commissioner of Agriculture and Industries,,REP,Jack Williams,124
Cullman,0034 HOLLY POND FIRE DEPT.,"Cullman County Republican Executive Committee, At La",,REP,Unverified Candidate 1,226
Cullman,0034 HOLLY POND FIRE DEPT.,"Cullman County Republican Executive Committee, At La",,REP,Unverified Candidate 10,231
Cullman,0034 HOLLY POND FIRE DEPT.,"Cullman County Republican Executive Committee, At La",,REP,Unverified Candidate 2,136
Cullman,0034 HOLLY POND FIRE DEPT.,"Cullman County Republican Executive Committee, At La",,REP,Unverified Candidate 3,260
Cullman,0034 HOLLY POND FIRE DEPT.,"Cullman County Republican Executive Committee, At La",,REP,Unverified Candidate 4,210
Cullman,0034 HOLLY POND FIRE DEPT.,"Cullman County Republican Executive Committee, At La",,REP,Unverified Candidate 5,273
Cullman,0034 HOLLY POND FIRE DEPT.,"Cullman County Republican Executive Committee, At La",,REP,Unverified Candidate 6,111
Cullman,0034 HOLLY POND FIRE DEPT.,"Cullman County Republican Executive Committee, At La",,REP,Unverified Candidate 7,170
Cullman,0034 HOLLY POND FIRE DEPT.,"Cullman County Republican Executive Committee, At La",,REP,Unverified Candidate 8,161
Cullman,0034 HOLLY POND FIRE DEPT.,"Cullman County Republican Executive Committee, At La",,REP,Unverified Candidate 9,147
Cullman,0034 HOLLY POND FIRE DEPT.,"Cullman County Republican Executive Committee, East",,REP,Unverified Candidate 1,198
Cullman,0034 HOLLY POND FIRE DEPT.,"Cullman County Republican Executive Committee, East",,REP,Unverified Candidate 2,104
Cullman,0034 HOLLY POND FIRE DEPT.,"Cullman County Republican Executive Committee, East",,REP,Unverified Candidate 3,185
Cullman,0034 HOLLY POND FIRE DEPT.,"Cullman County Republican Executive Committee, East",,REP,Unverified Candidate 4,255
Cullman,0034 HOLLY POND FIRE DEPT.,"Cullman County Republican Executive Committee, West",,REP,Unverified Candidate 1,140
Cullman,0034 HOLLY POND FIRE DEPT.,"Cullman County Republican Executive Committee, West",,REP,Unverified Candidate 2,137
Cullman,0034 HOLLY POND FIRE DEPT.,"Cullman County Republican Executive Committee, West",,REP,Unverified Candidate 3,217
Cullman,0034 HOLLY POND FIRE DEPT.,"Cullman County Republican Executive Committee, West",,REP,Unverified Candidate 4,199
Cullman,0034 HOLLY POND FIRE DEPT.,Cullman County Revenue Commissioner,,REP,Kenneth Cornelius,290
Cullman,0034 HOLLY POND FIRE DEPT.,Cullman County Revenue Commissioner,,REP,Mike Pitts,256
Cullman,0034 HOLLY POND FIRE DEPT.,Cullman County Sheriff,,REP,Chad Whaley,383
Cullman,0034 HOLLY POND FIRE DEPT.,Cullman County Sheriff,,REP,Tim Creel,208
Cullman,0034 HOLLY POND FIRE DEPT.,Governor,,REP,"""Alabama"" Will Santivasci",21
Cullman,0034 HOLLY POND FIRE DEPT.,Governor,,REP,Ken McFeeters,46
Cullman,0034 HOLLY POND FIRE DEPT.,Governor,,REP,Thomas Tuberville,524
Cullman,0034 HOLLY POND FIRE DEPT.,Lieutenant Governor,,REP,George Childress,11
Cullman,0034 HOLLY POND FIRE DEPT.,Lieutenant Governor,,REP,John Wahl,225
Cullman,0034 HOLLY POND FIRE DEPT.,Lieutenant Governor,,REP,Nicole Jones Wadsworth,20
Cullman,0034 HOLLY POND FIRE DEPT.,Lieutenant Governor,,REP,Pat Bishop,61
Cullman,0034 HOLLY POND FIRE DEPT.,Lieutenant Governor,,REP,Rick Pate,35
Cullman,0034 HOLLY POND FIRE DEPT.,Lieutenant Governor,,REP,Stewart Hill Tankersley,13
Cullman,0034 HOLLY POND FIRE DEPT.,Lieutenant Governor,,REP,Wes Allen,198
Cullman,0034 HOLLY POND FIRE DEPT.,"Member, Cullman County Commission, District 1",,REP,Kenneth Walker,406
Cullman,0034 HOLLY POND FIRE DEPT.,"Member, Cullman County Commission, District 1",,REP,Reburn Miller,129
Cullman,0034 HOLLY POND FIRE DEPT.,"Member, Cullman County Commission, District 2",,REP,Josh Speakman,227
Cullman,0034 HOLLY POND FIRE DEPT.,"Member, Cullman County Commission, District 2",,REP,Richard Barnett,283
Cullman,0034 HOLLY POND FIRE DEPT.,"Public Service Commission, Place No. 1",,REP,Jeremy H. Oden,140
Cullman,0034 HOLLY POND FIRE DEPT.,"Public Service Commission, Place No. 1",,REP,Matt Gentry,456
Cullman,0034 HOLLY POND FIRE DEPT.,"Public Service Commission, Place No. 2",,REP,Brent Woodall,104
Cullman,0034 HOLLY POND FIRE DEPT.,"Public Service Commission, Place No. 2",,REP,Chris Beeker,132
Cullman,0034 HOLLY POND FIRE DEPT.,"Public Service Commission, Place No. 2",,REP,Jim Zig Zeigler,198
Cullman,0034 HOLLY POND FIRE DEPT.,"Public Service Commission, Place No. 2",,REP,Priscilla Andrews,72
Cullman,0034 HOLLY POND FIRE DEPT.,Secretary of State,,REP,Caroleene Dobson,335
Cullman,0034 HOLLY POND FIRE DEPT.,Secretary of State,,REP,Christopher Christian Horn,116
Cullman,0034 HOLLY POND FIRE DEPT.,Secretary of State,,REP,Glenda S. Jackson,77
Cullman,0034 HOLLY POND FIRE DEPT.,State Auditor,,REP,Andrew Sorrell,385
Cullman,0034 HOLLY POND FIRE DEPT.,State Auditor,,REP,Derek Chen,137
Cullman,0034 HOLLY POND FIRE DEPT.,State Board of Education,6,REP,Cathi Bradford,314
Cullman,0034 HOLLY POND FIRE DEPT.,State Board of Education,6,REP,Marie Manning,191
Cullman,0034 HOLLY POND FIRE DEPT.,"State Republican Executive Committee, Cullman County",,REP,Unverified Candidate 1,286
Cullman,0034 HOLLY POND FIRE DEPT.,"State Republican Executive Committee, Cullman County",,REP,Unverified Candidate 1,312
Cullman,0034 HOLLY POND FIRE DEPT.,"State Republican Executive Committee, Cullman County",,REP,Unverified Candidate 2,213
Cullman,0034 HOLLY POND FIRE DEPT.,"State Republican Executive Committee, Cullman County",,REP,Unverified Candidate 2,45
Cullman,0034 HOLLY POND FIRE DEPT.,"State Republican Executive Committee, Cullman County",,REP,Unverified Candidate 3,144
Cullman,0034 HOLLY POND FIRE DEPT.,State Senate,4,REP,Garlan Gudger,327
Cullman,0034 HOLLY POND FIRE DEPT.,State Senate,4,REP,J.R. Bowling,258
Cullman,0034 HOLLY POND FIRE DEPT.,State Treasurer,,REP,Steve Lolley,176
Cullman,0034 HOLLY POND FIRE DEPT.,State Treasurer,,REP,Young Boozer,348
Cullman,0034 HOLLY POND FIRE DEPT.,U.S. House,4,REP,Robert B. Aderholt,407
Cullman,0034 HOLLY POND FIRE DEPT.,U.S. House,4,REP,Tommy Barnes,161
Cullman,0034 HOLLY POND FIRE DEPT.,U.S. Senate,,REP,Barry Moore,135
Cullman,0034 HOLLY POND FIRE DEPT.,U.S. Senate,,REP,Dale Shelton Deas Jr.,12
Cullman,0034 HOLLY POND FIRE DEPT.,U.S. Senate,,REP,Jared Hudson,211
Cullman,0034 HOLLY POND FIRE DEPT.,U.S. Senate,,REP,Morgan Murphy,7
Cullman,0034 HOLLY POND FIRE DEPT.,U.S. Senate,,REP,Rodney Walker,49
Cullman,0034 HOLLY POND FIRE DEPT.,U.S. Senate,,REP,Seth Burton,13
Cullman,0034 HOLLY POND FIRE DEPT.,U.S. Senate,,REP,Steve Marshall,144
Cullman,0035 BERLIN COMM CTR,Proposed Statewide Amendment 1,,,No,44
Cullman,0035 BERLIN COMM CTR,Proposed Statewide Amendment 1,,,Yes,311
Cullman,0035 BERLIN COMM CTR,Proposed Statewide Amendment 2,,,No,164
Cullman,0035 BERLIN COMM CTR,Proposed Statewide Amendment 2,,,Yes,171
Cullman,0035 BERLIN COMM CTR,Lieutenant Governor,,DEM,Darryl D. Perryman,2
Cullman,0035 BERLIN COMM CTR,Lieutenant Governor,,DEM,Phillip Ensler,10
Cullman,0035 BERLIN COMM CTR,"Public Service Commission, Place No. 1",,DEM,James O. Gordon,2
Cullman,0035 BERLIN COMM CTR,"Public Service Commission, Place No. 1",,DEM,Jeff Ramsey,9
Cullman,0035 BERLIN COMM CTR,"Public Service Commission, Place No. 1",,DEM,John Northrop,2
Cullman,0035 BERLIN COMM CTR,U.S. House,4,DEM,Amanda N. Pusczek,7
Cullman,0035 BERLIN COMM CTR,U.S. House,4,DEM,Unverified Candidate 3,6
Cullman,0035 BERLIN COMM CTR,U.S. Senate,,DEM,Dakarai Larriett,1
Cullman,0035 BERLIN COMM CTR,U.S. Senate,,DEM,Everett Wess,4
Cullman,0035 BERLIN COMM CTR,U.S. Senate,,DEM,Kyle Sweetser,6
Cullman,0035 BERLIN COMM CTR,U.S. Senate,,DEM,Mark S. Wheeler II,2
Cullman,0035 BERLIN COMM CTR,Attorney General,,REP,Jay Mitchell,113
Cullman,0035 BERLIN COMM CTR,Attorney General,,REP,Katherine Robertson,107
Cullman,0035 BERLIN COMM CTR,Attorney General,,REP,Pamela L. Casey,111
Cullman,0035 BERLIN COMM CTR,Commissioner of Agriculture and Industries,,REP,Christina Woerner McInnis,79
Cullman,0035 BERLIN COMM CTR,Commissioner of Agriculture and Industries,,REP,Cory Hill,133
Cullman,0035 BERLIN COMM CTR,Commissioner of Agriculture and Industries,,REP,Jack Williams,85
Cullman,0035 BERLIN COMM CTR,"Cullman County Republican Executive Committee, At La",,REP,Unverified Candidate 1,146
Cullman,0035 BERLIN COMM CTR,"Cullman County Republican Executive Committee, At La",,REP,Unverified Candidate 10,103
Cullman,0035 BERLIN COMM CTR,"Cullman County Republican Executive Committee, At La",,REP,Unverified Candidate 2,87
Cullman,0035 BERLIN COMM CTR,"Cullman County Republican Executive Committee, At La",,REP,Unverified Candidate 3,164
Cullman,0035 BERLIN COMM CTR,"Cullman County Republican Executive Committee, At La",,REP,Unverified Candidate 4,153
Cullman,0035 BERLIN COMM CTR,"Cullman County Republican Executive Committee, At La",,REP,Unverified Candidate 5,201
Cullman,0035 BERLIN COMM CTR,"Cullman County Republican Executive Committee, At La",,REP,Unverified Candidate 6,63
Cullman,0035 BERLIN COMM CTR,"Cullman County Republican Executive Committee, At La",,REP,Unverified Candidate 7,121
Cullman,0035 BERLIN COMM CTR,"Cullman County Republican Executive Committee, At La",,REP,Unverified Candidate 8,88
Cullman,0035 BERLIN COMM CTR,"Cullman County Republican Executive Committee, At La",,REP,Unverified Candidate 9,132
Cullman,0035 BERLIN COMM CTR,"Cullman County Republican Executive Committee, East",,REP,Unverified Candidate 1,102
Cullman,0035 BERLIN COMM CTR,"Cullman County Republican Executive Committee, East",,REP,Unverified Candidate 2,77
Cullman,0035 BERLIN COMM CTR,"Cullman County Republican Executive Committee, East",,REP,Unverified Candidate 3,110
Cullman,0035 BERLIN COMM CTR,"Cullman County Republican Executive Committee, East",,REP,Unverified Candidate 4,170
Cullman,0035 BERLIN COMM CTR,"Cullman County Republican Executive Committee, West",,REP,Unverified Candidate 1,98
Cullman,0035 BERLIN COMM CTR,"Cullman County Republican Executive Committee, West",,REP,Unverified Candidate 2,102
Cullman,0035 BERLIN COMM CTR,"Cullman County Republican Executive Committee, West",,REP,Unverified Candidate 3,128
Cullman,0035 BERLIN COMM CTR,"Cullman County Republican Executive Committee, West",,REP,Unverified Candidate 4,119
Cullman,0035 BERLIN COMM CTR,Cullman County Revenue Commissioner,,REP,Kenneth Cornelius,165
Cullman,0035 BERLIN COMM CTR,Cullman County Revenue Commissioner,,REP,Mike Pitts,165
Cullman,0035 BERLIN COMM CTR,Cullman County Sheriff,,REP,Chad Whaley,223
Cullman,0035 BERLIN COMM CTR,Cullman County Sheriff,,REP,Tim Creel,131
Cullman,0035 BERLIN COMM CTR,Governor,,REP,"""Alabama"" Will Santivasci",19
Cullman,0035 BERLIN COMM CTR,Governor,,REP,Ken McFeeters,28
Cullman,0035 BERLIN COMM CTR,Governor,,REP,Thomas Tuberville,297
Cullman,0035 BERLIN COMM CTR,Lieutenant Governor,,REP,George Childress,5
Cullman,0035 BERLIN COMM CTR,Lieutenant Governor,,REP,John Wahl,117
Cullman,0035 BERLIN COMM CTR,Lieutenant Governor,,REP,Nicole Jones Wadsworth,20
Cullman,0035 BERLIN COMM CTR,Lieutenant Governor,,REP,Pat Bishop,28
Cullman,0035 BERLIN COMM CTR,Lieutenant Governor,,REP,Rick Pate,26
Cullman,0035 BERLIN COMM CTR,Lieutenant Governor,,REP,Stewart Hill Tankersley,13
Cullman,0035 BERLIN COMM CTR,Lieutenant Governor,,REP,Wes Allen,115
Cullman,0035 BERLIN COMM CTR,"Member, Cullman County Commission, District 1",,REP,Kenneth Walker,225
Cullman,0035 BERLIN COMM CTR,"Member, Cullman County Commission, District 1",,REP,Reburn Miller,90
Cullman,0035 BERLIN COMM CTR,"Member, Cullman County Commission, District 2",,REP,Josh Speakman,114
Cullman,0035 BERLIN COMM CTR,"Member, Cullman County Commission, District 2",,REP,Richard Barnett,190
Cullman,0035 BERLIN COMM CTR,"Public Service Commission, Place No. 1",,REP,Jeremy H. Oden,78
Cullman,0035 BERLIN COMM CTR,"Public Service Commission, Place No. 1",,REP,Matt Gentry,276
Cullman,0035 BERLIN COMM CTR,"Public Service Commission, Place No. 2",,REP,Brent Woodall,54
Cullman,0035 BERLIN COMM CTR,"Public Service Commission, Place No. 2",,REP,Chris Beeker,82
Cullman,0035 BERLIN COMM CTR,"Public Service Commission, Place No. 2",,REP,Jim Zig Zeigler,117
Cullman,0035 BERLIN COMM CTR,"Public Service Commission, Place No. 2",,REP,Priscilla Andrews,42
Cullman,0035 BERLIN COMM CTR,Secretary of State,,REP,Caroleene Dobson,182
Cullman,0035 BERLIN COMM CTR,Secretary of State,,REP,Christopher Christian Horn,91
Cullman,0035 BERLIN COMM CTR,Secretary of State,,REP,Glenda S. Jackson,30
Cullman,0035 BERLIN COMM CTR,State Auditor,,REP,Andrew Sorrell,211
Cullman,0035 BERLIN COMM CTR,State Auditor,,REP,Derek Chen,89
Cullman,0035 BERLIN COMM CTR,State Board of Education,6,REP,Cathi Bradford,156
Cullman,0035 BERLIN COMM CTR,State Board of Education,6,REP,Marie Manning,131
Cullman,0035 BERLIN COMM CTR,"State Republican Executive Committee, Cullman County",,REP,Unverified Candidate 1,183
Cullman,0035 BERLIN COMM CTR,"State Republican Executive Committee, Cullman County",,REP,Unverified Candidate 1,182
Cullman,0035 BERLIN COMM CTR,"State Republican Executive Committee, Cullman County",,REP,Unverified Candidate 2,118
Cullman,0035 BERLIN COMM CTR,"State Republican Executive Committee, Cullman County",,REP,Unverified Candidate 2,50
Cullman,0035 BERLIN COMM CTR,"State Republican Executive Committee, Cullman County",,REP,Unverified Candidate 3,71
Cullman,0035 BERLIN COMM CTR,State Senate,4,REP,Garlan Gudger,211
Cullman,0035 BERLIN COMM CTR,State Senate,4,REP,J.R. Bowling,133
Cullman,0035 BERLIN COMM CTR,State Treasurer,,REP,Steve Lolley,99
Cullman,0035 BERLIN COMM CTR,State Treasurer,,REP,Young Boozer,199
Cullman,0035 BERLIN COMM CTR,U.S. House,4,REP,Robert B. Aderholt,267
Cullman,0035 BERLIN COMM CTR,U.S. House,4,REP,Tommy Barnes,68
Cullman,0035 BERLIN COMM CTR,U.S. Senate,,REP,Barry Moore,89
Cullman,0035 BERLIN COMM CTR,U.S. Senate,,REP,Dale Shelton Deas Jr.,2
Cullman,0035 BERLIN COMM CTR,U.S. Senate,,REP,Jared Hudson,124
Cullman,0035 BERLIN COMM CTR,U.S. Senate,,REP,Morgan Murphy,6
Cullman,0035 BERLIN COMM CTR,U.S. Senate,,REP,Rodney Walker,24
Cullman,0035 BERLIN COMM CTR,U.S. Senate,,REP,Seth Burton,3
Cullman,0035 BERLIN COMM CTR,U.S. Senate,,REP,Steve Marshall,92
Cullman,0036 WALTER COMM CTR,Proposed Statewide Amendment 1,,,No,44
Cullman,0036 WALTER COMM CTR,Proposed Statewide Amendment 1,,,Yes,232
Cullman,0036 WALTER COMM CTR,Proposed Statewide Amendment 2,,,No,139
Cullman,0036 WALTER COMM CTR,Proposed Statewide Amendment 2,,,Yes,123
Cullman,0036 WALTER COMM CTR,Lieutenant Governor,,DEM,Darryl D. Perryman,9
Cullman,0036 WALTER COMM CTR,Lieutenant Governor,,DEM,Phillip Ensler,5
Cullman,0036 WALTER COMM CTR,"Public Service Commission, Place No. 1",,DEM,James O. Gordon,5
Cullman,0036 WALTER COMM CTR,"Public Service Commission, Place No. 1",,DEM,Jeff Ramsey,5
Cullman,0036 WALTER COMM CTR,"Public Service Commission, Place No. 1",,DEM,John Northrop,4
Cullman,0036 WALTER COMM CTR,U.S. House,4,DEM,Amanda N. Pusczek,9
Cullman,0036 WALTER COMM CTR,U.S. House,4,DEM,Unverified Candidate 3,4
Cullman,0036 WALTER COMM CTR,U.S. Senate,,DEM,Dakarai Larriett,9
Cullman,0036 WALTER COMM CTR,U.S. Senate,,DEM,Everett Wess,4
Cullman,0036 WALTER COMM CTR,U.S. Senate,,DEM,Kyle Sweetser,1
Cullman,0036 WALTER COMM CTR,U.S. Senate,,DEM,Mark S. Wheeler II,0
Cullman,0036 WALTER COMM CTR,Attorney General,,REP,Jay Mitchell,88
Cullman,0036 WALTER COMM CTR,Attorney General,,REP,Katherine Robertson,98
Cullman,0036 WALTER COMM CTR,Attorney General,,REP,Pamela L. Casey,85
Cullman,0036 WALTER COMM CTR,Commissioner of Agriculture and Industries,,REP,Christina Woerner McInnis,58
Cullman,0036 WALTER COMM CTR,Commissioner of Agriculture and Industries,,REP,Cory Hill,104
Cullman,0036 WALTER COMM CTR,Commissioner of Agriculture and Industries,,REP,Jack Williams,82
Cullman,0036 WALTER COMM CTR,"Cullman County Republican Executive Committee, At La",,REP,Unverified Candidate 1,130
Cullman,0036 WALTER COMM CTR,"Cullman County Republican Executive Committee, At La",,REP,Unverified Candidate 10,114
Cullman,0036 WALTER COMM CTR,"Cullman County Republican Executive Committee, At La",,REP,Unverified Candidate 2,81
Cullman,0036 WALTER COMM CTR,"Cullman County Republican Executive Committee, At La",,REP,Unverified Candidate 3,142
Cullman,0036 WALTER COMM CTR,"Cullman County Republican Executive Committee, At La",,REP,Unverified Candidate 4,118
Cullman,0036 WALTER COMM CTR,"Cullman County Republican Executive Committee, At La",,REP,Unverified Candidate 5,169
Cullman,0036 WALTER COMM CTR,"Cullman County Republican Executive Committee, At La",,REP,Unverified Candidate 6,75
Cullman,0036 WALTER COMM CTR,"Cullman County Republican Executive Committee, At La",,REP,Unverified Candidate 7,88
Cullman,0036 WALTER COMM CTR,"Cullman County Republican Executive Committee, At La",,REP,Unverified Candidate 8,95
Cullman,0036 WALTER COMM CTR,"Cullman County Republican Executive Committee, At La",,REP,Unverified Candidate 9,102
Cullman,0036 WALTER COMM CTR,"Cullman County Republican Executive Committee, East",,REP,Unverified Candidate 1,104
Cullman,0036 WALTER COMM CTR,"Cullman County Republican Executive Committee, East",,REP,Unverified Candidate 2,41
Cullman,0036 WALTER COMM CTR,"Cullman County Republican Executive Committee, East",,REP,Unverified Candidate 3,103
Cullman,0036 WALTER COMM CTR,"Cullman County Republican Executive Committee, East",,REP,Unverified Candidate 4,116
Cullman,0036 WALTER COMM CTR,"Cullman County Republican Executive Committee, West",,REP,Unverified Candidate 1,67
Cullman,0036 WALTER COMM CTR,"Cullman County Republican Executive Committee, West",,REP,Unverified Candidate 2,65
Cullman,0036 WALTER COMM CTR,"Cullman County Republican Executive Committee, West",,REP,Unverified Candidate 3,106
Cullman,0036 WALTER COMM CTR,"Cullman County Republican Executive Committee, West",,REP,Unverified Candidate 4,100
Cullman,0036 WALTER COMM CTR,Cullman County Revenue Commissioner,,REP,Kenneth Cornelius,103
Cullman,0036 WALTER COMM CTR,Cullman County Revenue Commissioner,,REP,Mike Pitts,173
Cullman,0036 WALTER COMM CTR,Cullman County Sheriff,,REP,Chad Whaley,187
Cullman,0036 WALTER COMM CTR,Cullman County Sheriff,,REP,Tim Creel,94
Cullman,0036 WALTER COMM CTR,Governor,,REP,"""Alabama"" Will Santivasci",8
Cullman,0036 WALTER COMM CTR,Governor,,REP,Ken McFeeters,20
Cullman,0036 WALTER COMM CTR,Governor,,REP,Thomas Tuberville,258
Cullman,0036 WALTER COMM CTR,Lieutenant Governor,,REP,George Childress,6
Cullman,0036 WALTER COMM CTR,Lieutenant Governor,,REP,John Wahl,112
Cullman,0036 WALTER COMM CTR,Lieutenant Governor,,REP,Nicole Jones Wadsworth,14
Cullman,0036 WALTER COMM CTR,Lieutenant Governor,,REP,Pat Bishop,26
Cullman,0036 WALTER COMM CTR,Lieutenant Governor,,REP,Rick Pate,16
Cullman,0036 WALTER COMM CTR,Lieutenant Governor,,REP,Stewart Hill Tankersley,13
Cullman,0036 WALTER COMM CTR,Lieutenant Governor,,REP,Wes Allen,81
Cullman,0036 WALTER COMM CTR,"Member, Cullman County Commission, District 1",,REP,Kenneth Walker,190
Cullman,0036 WALTER COMM CTR,"Member, Cullman County Commission, District 1",,REP,Reburn Miller,65
Cullman,0036 WALTER COMM CTR,"Member, Cullman County Commission, District 2",,REP,Josh Speakman,106
Cullman,0036 WALTER COMM CTR,"Member, Cullman County Commission, District 2",,REP,Richard Barnett,143
Cullman,0036 WALTER COMM CTR,"Public Service Commission, Place No. 1",,REP,Jeremy H. Oden,77
Cullman,0036 WALTER COMM CTR,"Public Service Commission, Place No. 1",,REP,Matt Gentry,207
Cullman,0036 WALTER COMM CTR,"Public Service Commission, Place No. 2",,REP,Brent Woodall,41
Cullman,0036 WALTER COMM CTR,"Public Service Commission, Place No. 2",,REP,Chris Beeker,85
Cullman,0036 WALTER COMM CTR,"Public Service Commission, Place No. 2",,REP,Jim Zig Zeigler,87
Cullman,0036 WALTER COMM CTR,"Public Service Commission, Place No. 2",,REP,Priscilla Andrews,25
Cullman,0036 WALTER COMM CTR,Secretary of State,,REP,Caroleene Dobson,166
Cullman,0036 WALTER COMM CTR,Secretary of State,,REP,Christopher Christian Horn,51
Cullman,0036 WALTER COMM CTR,Secretary of State,,REP,Glenda S. Jackson,27
Cullman,0036 WALTER COMM CTR,State Auditor,,REP,Andrew Sorrell,168
Cullman,0036 WALTER COMM CTR,State Auditor,,REP,Derek Chen,79
Cullman,0036 WALTER COMM CTR,State Board of Education,6,REP,Cathi Bradford,161
Cullman,0036 WALTER COMM CTR,State Board of Education,6,REP,Marie Manning,86
Cullman,0036 WALTER COMM CTR,"State Republican Executive Committee, Cullman County",,REP,Unverified Candidate 1,141
Cullman,0036 WALTER COMM CTR,"State Republican Executive Committee, Cullman County",,REP,Unverified Candidate 1,156
Cullman,0036 WALTER COMM CTR,"State Republican Executive Committee, Cullman County",,REP,Unverified Candidate 2,108
Cullman,0036 WALTER COMM CTR,"State Republican Executive Committee, Cullman County",,REP,Unverified Candidate 2,29
Cullman,0036 WALTER COMM CTR,"State Republican Executive Committee, Cullman County",,REP,Unverified Candidate 3,62
Cullman,0036 WALTER COMM CTR,State Senate,4,REP,Garlan Gudger,142
Cullman,0036 WALTER COMM CTR,State Senate,4,REP,J.R. Bowling,138
Cullman,0036 WALTER COMM CTR,State Treasurer,,REP,Steve Lolley,105
Cullman,0036 WALTER COMM CTR,State Treasurer,,REP,Young Boozer,146
Cullman,0036 WALTER COMM CTR,U.S. House,4,REP,Robert B. Aderholt,207
Cullman,0036 WALTER COMM CTR,U.S. House,4,REP,Tommy Barnes,70
Cullman,0036 WALTER COMM CTR,U.S. Senate,,REP,Barry Moore,95
Cullman,0036 WALTER COMM CTR,U.S. Senate,,REP,Dale Shelton Deas Jr.,6
Cullman,0036 WALTER COMM CTR,U.S. Senate,,REP,Jared Hudson,66
Cullman,0036 WALTER COMM CTR,U.S. Senate,,REP,Morgan Murphy,4
Cullman,0036 WALTER COMM CTR,U.S. Senate,,REP,Rodney Walker,23
Cullman,0036 WALTER COMM CTR,U.S. Senate,,REP,Seth Burton,5
Cullman,0036 WALTER COMM CTR,U.S. Senate,,REP,Steve Marshall,81
Cullman,0037 WELTI MT. ZION CH,Proposed Statewide Amendment 1,,,No,21
Cullman,0037 WELTI MT. ZION CH,Proposed Statewide Amendment 1,,,Yes,145
Cullman,0037 WELTI MT. ZION CH,Proposed Statewide Amendment 2,,,No,75
Cullman,0037 WELTI MT. ZION CH,Proposed Statewide Amendment 2,,,Yes,82
Cullman,0037 WELTI MT. ZION CH,Lieutenant Governor,,DEM,Darryl D. Perryman,2
Cullman,0037 WELTI MT. ZION CH,Lieutenant Governor,,DEM,Phillip Ensler,5
Cullman,0037 WELTI MT. ZION CH,"Public Service Commission, Place No. 1",,DEM,James O. Gordon,0
Cullman,0037 WELTI MT. ZION CH,"Public Service Commission, Place No. 1",,DEM,Jeff Ramsey,5
Cullman,0037 WELTI MT. ZION CH,"Public Service Commission, Place No. 1",,DEM,John Northrop,2
Cullman,0037 WELTI MT. ZION CH,U.S. House,4,DEM,Amanda N. Pusczek,4
Cullman,0037 WELTI MT. ZION CH,U.S. House,4,DEM,Unverified Candidate 3,3
Cullman,0037 WELTI MT. ZION CH,U.S. Senate,,DEM,Dakarai Larriett,0
Cullman,0037 WELTI MT. ZION CH,U.S. Senate,,DEM,Everett Wess,3
Cullman,0037 WELTI MT. ZION CH,U.S. Senate,,DEM,Kyle Sweetser,1
Cullman,0037 WELTI MT. ZION CH,U.S. Senate,,DEM,Mark S. Wheeler II,3
Cullman,0037 WELTI MT. ZION CH,Attorney General,,REP,Jay Mitchell,61
Cullman,0037 WELTI MT. ZION CH,Attorney General,,REP,Katherine Robertson,44
Cullman,0037 WELTI MT. ZION CH,Attorney General,,REP,Pamela L. Casey,49
Cullman,0037 WELTI MT. ZION CH,Commissioner of Agriculture and Industries,,REP,Christina Woerner McInnis,31
Cullman,0037 WELTI MT. ZION CH,Commissioner of Agriculture and Industries,,REP,Cory Hill,78
Cullman,0037 WELTI MT. ZION CH,Commissioner of Agriculture and Industries,,REP,Jack Williams,34
Cullman,0037 WELTI MT. ZION CH,"Cullman County Republican Executive Committee, At La",,REP,Unverified Candidate 1,74
Cullman,0037 WELTI MT. ZION CH,"Cullman County Republican Executive Committee, At La",,REP,Unverified Candidate 10,61
Cullman,0037 WELTI MT. ZION CH,"Cullman County Republican Executive Committee, At La",,REP,Unverified Candidate 2,57
Cullman,0037 WELTI MT. ZION CH,"Cullman County Republican Executive Committee, At La",,REP,Unverified Candidate 3,74
Cullman,0037 WELTI MT. ZION CH,"Cullman County Republican Executive Committee, At La",,REP,Unverified Candidate 4,69
Cullman,0037 WELTI MT. ZION CH,"Cullman County Republican Executive Committee, At La",,REP,Unverified Candidate 5,129
Cullman,0037 WELTI MT. ZION CH,"Cullman County Republican Executive Committee, At La",,REP,Unverified Candidate 6,40
Cullman,0037 WELTI MT. ZION CH,"Cullman County Republican Executive Committee, At La",,REP,Unverified Candidate 7,57
Cullman,0037 WELTI MT. ZION CH,"Cullman County Republican Executive Committee, At La",,REP,Unverified Candidate 8,43
Cullman,0037 WELTI MT. ZION CH,"Cullman County Republican Executive Committee, At La",,REP,Unverified Candidate 9,63
Cullman,0037 WELTI MT. ZION CH,"Cullman County Republican Executive Committee, East",,REP,Unverified Candidate 1,60
Cullman,0037 WELTI MT. ZION CH,"Cullman County Republican Executive Committee, East",,REP,Unverified Candidate 2,30
Cullman,0037 WELTI MT. ZION CH,"Cullman County Republican Executive Committee, East",,REP,Unverified Candidate 3,49
Cullman,0037 WELTI MT. ZION CH,"Cullman County Republican Executive Committee, East",,REP,Unverified Candidate 4,88
Cullman,0037 WELTI MT. ZION CH,"Cullman County Republican Executive Committee, West",,REP,Unverified Candidate 1,44
Cullman,0037 WELTI MT. ZION CH,"Cullman County Republican Executive Committee, West",,REP,Unverified Candidate 2,57
Cullman,0037 WELTI MT. ZION CH,"Cullman County Republican Executive Committee, West",,REP,Unverified Candidate 3,56
Cullman,0037 WELTI MT. ZION CH,"Cullman County Republican Executive Committee, West",,REP,Unverified Candidate 4,56
Cullman,0037 WELTI MT. ZION CH,Cullman County Revenue Commissioner,,REP,Kenneth Cornelius,77
Cullman,0037 WELTI MT. ZION CH,Cullman County Revenue Commissioner,,REP,Mike Pitts,87
Cullman,0037 WELTI MT. ZION CH,Cullman County Sheriff,,REP,Chad Whaley,132
Cullman,0037 WELTI MT. ZION CH,Cullman County Sheriff,,REP,Tim Creel,40
Cullman,0037 WELTI MT. ZION CH,Governor,,REP,"""Alabama"" Will Santivasci",8
Cullman,0037 WELTI MT. ZION CH,Governor,,REP,Ken McFeeters,16
Cullman,0037 WELTI MT. ZION CH,Governor,,REP,Thomas Tuberville,140
Cullman,0037 WELTI MT. ZION CH,Hanceville / District No. 4,,REP,Unverified Candidate 1,65
Cullman,0037 WELTI MT. ZION CH,Hanceville / District No. 4,,REP,Unverified Candidate 2,84
Cullman,0037 WELTI MT. ZION CH,Lieutenant Governor,,REP,George Childress,0
Cullman,0037 WELTI MT. ZION CH,Lieutenant Governor,,REP,John Wahl,34
Cullman,0037 WELTI MT. ZION CH,Lieutenant Governor,,REP,Nicole Jones Wadsworth,5
Cullman,0037 WELTI MT. ZION CH,Lieutenant Governor,,REP,Pat Bishop,17
Cullman,0037 WELTI MT. ZION CH,Lieutenant Governor,,REP,Rick Pate,13
Cullman,0037 WELTI MT. ZION CH,Lieutenant Governor,,REP,Stewart Hill Tankersley,4
Cullman,0037 WELTI MT. ZION CH,Lieutenant Governor,,REP,Wes Allen,90
Cullman,0037 WELTI MT. ZION CH,"Member, Cullman County Commission, District 1",,REP,Kenneth Walker,121
Cullman,0037 WELTI MT. ZION CH,"Member, Cullman County Commission, District 1",,REP,Reburn Miller,32
Cullman,0037 WELTI MT. ZION CH,"Member, Cullman County Commission, District 2",,REP,Josh Speakman,46
Cullman,0037 WELTI MT. ZION CH,"Member, Cullman County Commission, District 2",,REP,Richard Barnett,98
Cullman,0037 WELTI MT. ZION CH,"Public Service Commission, Place No. 1",,REP,Jeremy H. Oden,31
Cullman,0037 WELTI MT. ZION CH,"Public Service Commission, Place No. 1",,REP,Matt Gentry,144
Cullman,0037 WELTI MT. ZION CH,"Public Service Commission, Place No. 2",,REP,Brent Woodall,48
Cullman,0037 WELTI MT. ZION CH,"Public Service Commission, Place No. 2",,REP,Chris Beeker,30
Cullman,0037 WELTI MT. ZION CH,"Public Service Commission, Place No. 2",,REP,Jim Zig Zeigler,53
Cullman,0037 WELTI MT. ZION CH,"Public Service Commission, Place No. 2",,REP,Priscilla Andrews,17
Cullman,0037 WELTI MT. ZION CH,Secretary of State,,REP,Caroleene Dobson,101
Cullman,0037 WELTI MT. ZION CH,Secretary of State,,REP,Christopher Christian Horn,27
Cullman,0037 WELTI MT. ZION CH,Secretary of State,,REP,Glenda S. Jackson,17
Cullman,0037 WELTI MT. ZION CH,State Auditor,,REP,Andrew Sorrell,116
Cullman,0037 WELTI MT. ZION CH,State Auditor,,REP,Derek Chen,31
Cullman,0037 WELTI MT. ZION CH,State Board of Education,6,REP,Cathi Bradford,78
Cullman,0037 WELTI MT. ZION CH,State Board of Education,6,REP,Marie Manning,55
Cullman,0037 WELTI MT. ZION CH,"State Republican Executive Committee, Cullman County",,REP,Unverified Candidate 1,92
Cullman,0037 WELTI MT. ZION CH,"State Republican Executive Committee, Cullman County",,REP,Unverified Candidate 1,91
Cullman,0037 WELTI MT. ZION CH,"State Republican Executive Committee, Cullman County",,REP,Unverified Candidate 2,54
Cullman,0037 WELTI MT. ZION CH,"State Republican Executive Committee, Cullman County",,REP,Unverified Candidate 2,22
Cullman,0037 WELTI MT. ZION CH,"State Republican Executive Committee, Cullman County",,REP,Unverified Candidate 3,26
Cullman,0037 WELTI MT. ZION CH,State Senate,4,REP,Garlan Gudger,95
Cullman,0037 WELTI MT. ZION CH,State Senate,4,REP,J.R. Bowling,73
Cullman,0037 WELTI MT. ZION CH,State Treasurer,,REP,Steve Lolley,56
Cullman,0037 WELTI MT. ZION CH,State Treasurer,,REP,Young Boozer,94
Cullman,0037 WELTI MT. ZION CH,U.S. House,4,REP,Robert B. Aderholt,122
Cullman,0037 WELTI MT. ZION CH,U.S. House,4,REP,Tommy Barnes,42
Cullman,0037 WELTI MT. ZION CH,U.S. Senate,,REP,Barry Moore,35
Cullman,0037 WELTI MT. ZION CH,U.S. Senate,,REP,Dale Shelton Deas Jr.,3
Cullman,0037 WELTI MT. ZION CH,U.S. Senate,,REP,Jared Hudson,57
Cullman,0037 WELTI MT. ZION CH,U.S. Senate,,REP,Morgan Murphy,1
Cullman,0037 WELTI MT. ZION CH,U.S. Senate,,REP,Rodney Walker,13
Cullman,0037 WELTI MT. ZION CH,U.S. Senate,,REP,Seth Burton,3
Cullman,0037 WELTI MT. ZION CH,U.S. Senate,,REP,Steve Marshall,50
Cullman,0038 BRUSHY POND COMM CTR,Proposed Statewide Amendment 1,,,No,35
Cullman,0038 BRUSHY POND COMM CTR,Proposed Statewide Amendment 1,,,Yes,231
Cullman,0038 BRUSHY POND COMM CTR,Proposed Statewide Amendment 2,,,No,122
Cullman,0038 BRUSHY POND COMM CTR,Proposed Statewide Amendment 2,,,Yes,135
Cullman,0038 BRUSHY POND COMM CTR,Lieutenant Governor,,DEM,Darryl D. Perryman,1
Cullman,0038 BRUSHY POND COMM CTR,Lieutenant Governor,,DEM,Phillip Ensler,7
Cullman,0038 BRUSHY POND COMM CTR,"Public Service Commission, Place No. 1",,DEM,James O. Gordon,3
Cullman,0038 BRUSHY POND COMM CTR,"Public Service Commission, Place No. 1",,DEM,Jeff Ramsey,4
Cullman,0038 BRUSHY POND COMM CTR,"Public Service Commission, Place No. 1",,DEM,John Northrop,1
Cullman,0038 BRUSHY POND COMM CTR,U.S. House,4,DEM,Amanda N. Pusczek,5
Cullman,0038 BRUSHY POND COMM CTR,U.S. House,4,DEM,Unverified Candidate 3,3
Cullman,0038 BRUSHY POND COMM CTR,U.S. Senate,,DEM,Dakarai Larriett,4
Cullman,0038 BRUSHY POND COMM CTR,U.S. Senate,,DEM,Everett Wess,1
Cullman,0038 BRUSHY POND COMM CTR,U.S. Senate,,DEM,Kyle Sweetser,3
Cullman,0038 BRUSHY POND COMM CTR,U.S. Senate,,DEM,Mark S. Wheeler II,0
Cullman,0038 BRUSHY POND COMM CTR,Attorney General,,REP,Jay Mitchell,63
Cullman,0038 BRUSHY POND COMM CTR,Attorney General,,REP,Katherine Robertson,136
Cullman,0038 BRUSHY POND COMM CTR,Attorney General,,REP,Pamela L. Casey,65
Cullman,0038 BRUSHY POND COMM CTR,Commissioner of Agriculture and Industries,,REP,Christina Woerner McInnis,73
Cullman,0038 BRUSHY POND COMM CTR,Commissioner of Agriculture and Industries,,REP,Cory Hill,89
Cullman,0038 BRUSHY POND COMM CTR,Commissioner of Agriculture and Industries,,REP,Jack Williams,90
Cullman,0038 BRUSHY POND COMM CTR,"Cullman County Republican Executive Committee, At La",,REP,Unverified Candidate 1,162
Cullman,0038 BRUSHY POND COMM CTR,"Cullman County Republican Executive Committee, At La",,REP,Unverified Candidate 10,61
Cullman,0038 BRUSHY POND COMM CTR,"Cullman County Republican Executive Committee, At La",,REP,Unverified Candidate 2,77
Cullman,0038 BRUSHY POND COMM CTR,"Cullman County Republican Executive Committee, At La",,REP,Unverified Candidate 3,145
Cullman,0038 BRUSHY POND COMM CTR,"Cullman County Republican Executive Committee, At La",,REP,Unverified Candidate 4,98
Cullman,0038 BRUSHY POND COMM CTR,"Cullman County Republican Executive Committee, At La",,REP,Unverified Candidate 5,80
Cullman,0038 BRUSHY POND COMM CTR,"Cullman County Republican Executive Committee, At La",,REP,Unverified Candidate 6,104
Cullman,0038 BRUSHY POND COMM CTR,"Cullman County Republican Executive Committee, At La",,REP,Unverified Candidate 7,90
Cullman,0038 BRUSHY POND COMM CTR,"Cullman County Republican Executive Committee, At La",,REP,Unverified Candidate 8,73
Cullman,0038 BRUSHY POND COMM CTR,"Cullman County Republican Executive Committee, At La",,REP,Unverified Candidate 9,98
Cullman,0038 BRUSHY POND COMM CTR,"Cullman County Republican Executive Committee, East",,REP,Unverified Candidate 1,105
Cullman,0038 BRUSHY POND COMM CTR,"Cullman County Republican Executive Committee, East",,REP,Unverified Candidate 2,42
Cullman,0038 BRUSHY POND COMM CTR,"Cullman County Republican Executive Committee, East",,REP,Unverified Candidate 3,71
Cullman,0038 BRUSHY POND COMM CTR,"Cullman County Republican Executive Committee, East",,REP,Unverified Candidate 4,89
Cullman,0038 BRUSHY POND COMM CTR,"Cullman County Republican Executive Committee, West",,REP,Unverified Candidate 1,84
Cullman,0038 BRUSHY POND COMM CTR,"Cullman County Republican Executive Committee, West",,REP,Unverified Candidate 2,46
Cullman,0038 BRUSHY POND COMM CTR,"Cullman County Republican Executive Committee, West",,REP,Unverified Candidate 3,100
Cullman,0038 BRUSHY POND COMM CTR,"Cullman County Republican Executive Committee, West",,REP,Unverified Candidate 4,84
Cullman,0038 BRUSHY POND COMM CTR,Cullman County Revenue Commissioner,,REP,Kenneth Cornelius,122
Cullman,0038 BRUSHY POND COMM CTR,Cullman County Revenue Commissioner,,REP,Mike Pitts,129
Cullman,0038 BRUSHY POND COMM CTR,Cullman County Sheriff,,REP,Chad Whaley,222
Cullman,0038 BRUSHY POND COMM CTR,Cullman County Sheriff,,REP,Tim Creel,60
Cullman,0038 BRUSHY POND COMM CTR,Governor,,REP,"""Alabama"" Will Santivasci",10
Cullman,0038 BRUSHY POND COMM CTR,Governor,,REP,Ken McFeeters,14
Cullman,0038 BRUSHY POND COMM CTR,Governor,,REP,Thomas Tuberville,259
Cullman,0038 BRUSHY POND COMM CTR,Lieutenant Governor,,REP,George Childress,0
Cullman,0038 BRUSHY POND COMM CTR,Lieutenant Governor,,REP,John Wahl,103
Cullman,0038 BRUSHY POND COMM CTR,Lieutenant Governor,,REP,Nicole Jones Wadsworth,19
Cullman,0038 BRUSHY POND COMM CTR,Lieutenant Governor,,REP,Pat Bishop,19
Cullman,0038 BRUSHY POND COMM CTR,Lieutenant Governor,,REP,Rick Pate,24
Cullman,0038 BRUSHY POND COMM CTR,Lieutenant Governor,,REP,Stewart Hill Tankersley,7
Cullman,0038 BRUSHY POND COMM CTR,Lieutenant Governor,,REP,Wes Allen,91
Cullman,0038 BRUSHY POND COMM CTR,"Member, Cullman County Commission, District 1",,REP,Kenneth Walker,166
Cullman,0038 BRUSHY POND COMM CTR,"Member, Cullman County Commission, District 1",,REP,Reburn Miller,66
Cullman,0038 BRUSHY POND COMM CTR,"Member, Cullman County Commission, District 2",,REP,Josh Speakman,104
Cullman,0038 BRUSHY POND COMM CTR,"Member, Cullman County Commission, District 2",,REP,Richard Barnett,129
Cullman,0038 BRUSHY POND COMM CTR,"Public Service Commission, Place No. 1",,REP,Jeremy H. Oden,39
Cullman,0038 BRUSHY POND COMM CTR,"Public Service Commission, Place No. 1",,REP,Matt Gentry,246
Cullman,0038 BRUSHY POND COMM CTR,"Public Service Commission, Place No. 2",,REP,Brent Woodall,35
Cullman,0038 BRUSHY POND COMM CTR,"Public Service Commission, Place No. 2",,REP,Chris Beeker,64
Cullman,0038 BRUSHY POND COMM CTR,"Public Service Commission, Place No. 2",,REP,Jim Zig Zeigler,114
Cullman,0038 BRUSHY POND COMM CTR,"Public Service Commission, Place No. 2",,REP,Priscilla Andrews,30
Cullman,0038 BRUSHY POND COMM CTR,Secretary of State,,REP,Caroleene Dobson,175
Cullman,0038 BRUSHY POND COMM CTR,Secretary of State,,REP,Christopher Christian Horn,49
Cullman,0038 BRUSHY POND COMM CTR,Secretary of State,,REP,Glenda S. Jackson,24
Cullman,0038 BRUSHY POND COMM CTR,State Auditor,,REP,Andrew Sorrell,183
Cullman,0038 BRUSHY POND COMM CTR,State Auditor,,REP,Derek Chen,69
Cullman,0038 BRUSHY POND COMM CTR,State Board of Education,6,REP,Cathi Bradford,146
Cullman,0038 BRUSHY POND COMM CTR,State Board of Education,6,REP,Marie Manning,92
Cullman,0038 BRUSHY POND COMM CTR,"State Republican Executive Committee, Cullman County",,REP,Unverified Candidate 1,132
Cullman,0038 BRUSHY POND COMM CTR,"State Republican Executive Committee, Cullman County",,REP,Unverified Candidate 1,140
Cullman,0038 BRUSHY POND COMM CTR,"State Republican Executive Committee, Cullman County",,REP,Unverified Candidate 2,92
Cullman,0038 BRUSHY POND COMM CTR,"State Republican Executive Committee, Cullman County",,REP,Unverified Candidate 2,52
Cullman,0038 BRUSHY POND COMM CTR,"State Republican Executive Committee, Cullman County",,REP,Unverified Candidate 3,48
Cullman,0038 BRUSHY POND COMM CTR,State Senate,4,REP,Garlan Gudger,146
Cullman,0038 BRUSHY POND COMM CTR,State Senate,4,REP,J.R. Bowling,133
Cullman,0038 BRUSHY POND COMM CTR,State Treasurer,,REP,Steve Lolley,70
Cullman,0038 BRUSHY POND COMM CTR,State Treasurer,,REP,Young Boozer,172
Cullman,0038 BRUSHY POND COMM CTR,U.S. House,4,REP,Robert B. Aderholt,209
Cullman,0038 BRUSHY POND COMM CTR,U.S. House,4,REP,Tommy Barnes,62
Cullman,0038 BRUSHY POND COMM CTR,U.S. Senate,,REP,Barry Moore,63
Cullman,0038 BRUSHY POND COMM CTR,U.S. Senate,,REP,Dale Shelton Deas Jr.,6
Cullman,0038 BRUSHY POND COMM CTR,U.S. Senate,,REP,Jared Hudson,105
Cullman,0038 BRUSHY POND COMM CTR,U.S. Senate,,REP,Morgan Murphy,1
Cullman,0038 BRUSHY POND COMM CTR,U.S. Senate,,REP,Rodney Walker,8
Cullman,0038 BRUSHY POND COMM CTR,U.S. Senate,,REP,Seth Burton,5
Cullman,0038 BRUSHY POND COMM CTR,U.S. Senate,,REP,Steve Marshall,86
Cullman,0039 WHITE CITY COMM CTR,Proposed Statewide Amendment 1,,,No,36
Cullman,0039 WHITE CITY COMM CTR,Proposed Statewide Amendment 1,,,Yes,322
Cullman,0039 WHITE CITY COMM CTR,Proposed Statewide Amendment 2,,,No,153
Cullman,0039 WHITE CITY COMM CTR,Proposed Statewide Amendment 2,,,Yes,192
Cullman,0039 WHITE CITY COMM CTR,Lieutenant Governor,,DEM,Darryl D. Perryman,5
Cullman,0039 WHITE CITY COMM CTR,Lieutenant Governor,,DEM,Phillip Ensler,6
Cullman,0039 WHITE CITY COMM CTR,"Public Service Commission, Place No. 1",,DEM,James O. Gordon,0
Cullman,0039 WHITE CITY COMM CTR,"Public Service Commission, Place No. 1",,DEM,Jeff Ramsey,5
Cullman,0039 WHITE CITY COMM CTR,"Public Service Commission, Place No. 1",,DEM,John Northrop,6
Cullman,0039 WHITE CITY COMM CTR,U.S. House,4,DEM,Amanda N. Pusczek,4
Cullman,0039 WHITE CITY COMM CTR,U.S. House,4,DEM,Unverified Candidate 3,7
Cullman,0039 WHITE CITY COMM CTR,U.S. Senate,,DEM,Dakarai Larriett,5
Cullman,0039 WHITE CITY COMM CTR,U.S. Senate,,DEM,Everett Wess,2
Cullman,0039 WHITE CITY COMM CTR,U.S. Senate,,DEM,Kyle Sweetser,1
Cullman,0039 WHITE CITY COMM CTR,U.S. Senate,,DEM,Mark S. Wheeler II,3
Cullman,0039 WHITE CITY COMM CTR,Attorney General,,REP,Jay Mitchell,104
Cullman,0039 WHITE CITY COMM CTR,Attorney General,,REP,Katherine Robertson,139
Cullman,0039 WHITE CITY COMM CTR,Attorney General,,REP,Pamela L. Casey,99
Cullman,0039 WHITE CITY COMM CTR,Commissioner of Agriculture and Industries,,REP,Christina Woerner McInnis,83
Cullman,0039 WHITE CITY COMM CTR,Commissioner of Agriculture and Industries,,REP,Cory Hill,138
Cullman,0039 WHITE CITY COMM CTR,Commissioner of Agriculture and Industries,,REP,Jack Williams,92
Cullman,0039 WHITE CITY COMM CTR,"Cullman County Republican Executive Committee, At La",,REP,Unverified Candidate 1,152
Cullman,0039 WHITE CITY COMM CTR,"Cullman County Republican Executive Committee, At La",,REP,Unverified Candidate 10,79
Cullman,0039 WHITE CITY COMM CTR,"Cullman County Republican Executive Committee, At La",,REP,Unverified Candidate 2,86
Cullman,0039 WHITE CITY COMM CTR,"Cullman County Republican Executive Committee, At La",,REP,Unverified Candidate 3,180
Cullman,0039 WHITE CITY COMM CTR,"Cullman County Republican Executive Committee, At La",,REP,Unverified Candidate 4,154
Cullman,0039 WHITE CITY COMM CTR,"Cullman County Republican Executive Committee, At La",,REP,Unverified Candidate 5,143
Cullman,0039 WHITE CITY COMM CTR,"Cullman County Republican Executive Committee, At La",,REP,Unverified Candidate 6,90
Cullman,0039 WHITE CITY COMM CTR,"Cullman County Republican Executive Committee, At La",,REP,Unverified Candidate 7,119
Cullman,0039 WHITE CITY COMM CTR,"Cullman County Republican Executive Committee, At La",,REP,Unverified Candidate 8,116
Cullman,0039 WHITE CITY COMM CTR,"Cullman County Republican Executive Committee, At La",,REP,Unverified Candidate 9,145
Cullman,0039 WHITE CITY COMM CTR,"Cullman County Republican Executive Committee, East",,REP,Unverified Candidate 1,182
Cullman,0039 WHITE CITY COMM CTR,"Cullman County Republican Executive Committee, East",,REP,Unverified Candidate 2,59
Cullman,0039 WHITE CITY COMM CTR,"Cullman County Republican Executive Committee, East",,REP,Unverified Candidate 3,108
Cullman,0039 WHITE CITY COMM CTR,"Cullman County Republican Executive Committee, East",,REP,Unverified Candidate 4,118
Cullman,0039 WHITE CITY COMM CTR,"Cullman County Republican Executive Committee, West",,REP,Unverified Candidate 1,102
Cullman,0039 WHITE CITY COMM CTR,"Cullman County Republican Executive Committee, West",,REP,Unverified Candidate 2,86
Cullman,0039 WHITE CITY COMM CTR,"Cullman County Republican Executive Committee, West",,REP,Unverified Candidate 3,144
Cullman,0039 WHITE CITY COMM CTR,"Cullman County Republican Executive Committee, West",,REP,Unverified Candidate 4,127
Cullman,0039 WHITE CITY COMM CTR,Cullman County Revenue Commissioner,,REP,Kenneth Cornelius,132
Cullman,0039 WHITE CITY COMM CTR,Cullman County Revenue Commissioner,,REP,Mike Pitts,213
Cullman,0039 WHITE CITY COMM CTR,Cullman County Sheriff,,REP,Chad Whaley,289
Cullman,0039 WHITE CITY COMM CTR,Cullman County Sheriff,,REP,Tim Creel,66
Cullman,0039 WHITE CITY COMM CTR,Governor,,REP,"""Alabama"" Will Santivasci",9
Cullman,0039 WHITE CITY COMM CTR,Governor,,REP,Ken McFeeters,17
Cullman,0039 WHITE CITY COMM CTR,Governor,,REP,Thomas Tuberville,321
Cullman,0039 WHITE CITY COMM CTR,Hanceville / District No. 4,,REP,Unverified Candidate 1,166
Cullman,0039 WHITE CITY COMM CTR,Hanceville / District No. 4,,REP,Unverified Candidate 2,151
Cullman,0039 WHITE CITY COMM CTR,Lieutenant Governor,,REP,George Childress,4
Cullman,0039 WHITE CITY COMM CTR,Lieutenant Governor,,REP,John Wahl,137
Cullman,0039 WHITE CITY COMM CTR,Lieutenant Governor,,REP,Nicole Jones Wadsworth,16
Cullman,0039 WHITE CITY COMM CTR,Lieutenant Governor,,REP,Pat Bishop,27
Cullman,0039 WHITE CITY COMM CTR,Lieutenant Governor,,REP,Rick Pate,18
Cullman,0039 WHITE CITY COMM CTR,Lieutenant Governor,,REP,Stewart Hill Tankersley,8
Cullman,0039 WHITE CITY COMM CTR,Lieutenant Governor,,REP,Wes Allen,126
Cullman,0039 WHITE CITY COMM CTR,"Member, Cullman County Commission, District 1",,REP,Kenneth Walker,231
Cullman,0039 WHITE CITY COMM CTR,"Member, Cullman County Commission, District 1",,REP,Reburn Miller,77
Cullman,0039 WHITE CITY COMM CTR,"Member, Cullman County Commission, District 2",,REP,Josh Speakman,129
Cullman,0039 WHITE CITY COMM CTR,"Member, Cullman County Commission, District 2",,REP,Richard Barnett,178
Cullman,0039 WHITE CITY COMM CTR,"Public Service Commission, Place No. 1",,REP,Jeremy H. Oden,54
Cullman,0039 WHITE CITY COMM CTR,"Public Service Commission, Place No. 1",,REP,Matt Gentry,304
Cullman,0039 WHITE CITY COMM CTR,"Public Service Commission, Place No. 2",,REP,Brent Woodall,69
Cullman,0039 WHITE CITY COMM CTR,"Public Service Commission, Place No. 2",,REP,Chris Beeker,70
Cullman,0039 WHITE CITY COMM CTR,"Public Service Commission, Place No. 2",,REP,Jim Zig Zeigler,117
Cullman,0039 WHITE CITY COMM CTR,"Public Service Commission, Place No. 2",,REP,Priscilla Andrews,49
Cullman,0039 WHITE CITY COMM CTR,Secretary of State,,REP,Caroleene Dobson,225
Cullman,0039 WHITE CITY COMM CTR,Secretary of State,,REP,Christopher Christian Horn,62
Cullman,0039 WHITE CITY COMM CTR,Secretary of State,,REP,Glenda S. Jackson,31
Cullman,0039 WHITE CITY COMM CTR,State Auditor,,REP,Andrew Sorrell,213
Cullman,0039 WHITE CITY COMM CTR,State Auditor,,REP,Derek Chen,99
Cullman,0039 WHITE CITY COMM CTR,State Board of Education,6,REP,Cathi Bradford,222
Cullman,0039 WHITE CITY COMM CTR,State Board of Education,6,REP,Marie Manning,93
Cullman,0039 WHITE CITY COMM CTR,"State Republican Executive Committee, Cullman County",,REP,Unverified Candidate 1,213
Cullman,0039 WHITE CITY COMM CTR,"State Republican Executive Committee, Cullman County",,REP,Unverified Candidate 1,182
Cullman,0039 WHITE CITY COMM CTR,"State Republican Executive Committee, Cullman County",,REP,Unverified Candidate 2,103
Cullman,0039 WHITE CITY COMM CTR,"State Republican Executive Committee, Cullman County",,REP,Unverified Candidate 2,57
Cullman,0039 WHITE CITY COMM CTR,"State Republican Executive Committee, Cullman County",,REP,Unverified Candidate 3,65
Cullman,0039 WHITE CITY COMM CTR,State Senate,4,REP,Garlan Gudger,214
Cullman,0039 WHITE CITY COMM CTR,State Senate,4,REP,J.R. Bowling,134
Cullman,0039 WHITE CITY COMM CTR,State Treasurer,,REP,Steve Lolley,102
Cullman,0039 WHITE CITY COMM CTR,State Treasurer,,REP,Young Boozer,211
Cullman,0039 WHITE CITY COMM CTR,U.S. House,4,REP,Robert B. Aderholt,274
Cullman,0039 WHITE CITY COMM CTR,U.S. House,4,REP,Tommy Barnes,68
Cullman,0039 WHITE CITY COMM CTR,U.S. Senate,,REP,Barry Moore,98
Cullman,0039 WHITE CITY COMM CTR,U.S. Senate,,REP,Dale Shelton Deas Jr.,5
Cullman,0039 WHITE CITY COMM CTR,U.S. Senate,,REP,Jared Hudson,143
Cullman,0039 WHITE CITY COMM CTR,U.S. Senate,,REP,Morgan Murphy,1
Cullman,0039 WHITE CITY COMM CTR,U.S. Senate,,REP,Rodney Walker,11
Cullman,0039 WHITE CITY COMM CTR,U.S. Senate,,REP,Seth Burton,4
Cullman,0039 WHITE CITY COMM CTR,U.S. Senate,,REP,Steve Marshall,83
Cullman,0040 FAIRVIEW FIRE DEPT. A-K,Proposed Statewide Amendment 1,,,No,28
Cullman,0040 FAIRVIEW FIRE DEPT. A-K,Proposed Statewide Amendment 1,,,Yes,207
Cullman,0040 FAIRVIEW FIRE DEPT. A-K,Proposed Statewide Amendment 2,,,No,114
Cullman,0040 FAIRVIEW FIRE DEPT. A-K,Proposed Statewide Amendment 2,,,Yes,112
Cullman,0040 FAIRVIEW FIRE DEPT. A-K,Lieutenant Governor,,DEM,Darryl D. Perryman,3
Cullman,0040 FAIRVIEW FIRE DEPT. A-K,Lieutenant Governor,,DEM,Phillip Ensler,7
Cullman,0040 FAIRVIEW FIRE DEPT. A-K,"Public Service Commission, Place No. 1",,DEM,James O. Gordon,6
Cullman,0040 FAIRVIEW FIRE DEPT. A-K,"Public Service Commission, Place No. 1",,DEM,Jeff Ramsey,3
Cullman,0040 FAIRVIEW FIRE DEPT. A-K,"Public Service Commission, Place No. 1",,DEM,John Northrop,1
Cullman,0040 FAIRVIEW FIRE DEPT. A-K,U.S. House,4,DEM,Amanda N. Pusczek,4
Cullman,0040 FAIRVIEW FIRE DEPT. A-K,U.S. House,4,DEM,Unverified Candidate 3,5
Cullman,0040 FAIRVIEW FIRE DEPT. A-K,U.S. Senate,,DEM,Dakarai Larriett,1
Cullman,0040 FAIRVIEW FIRE DEPT. A-K,U.S. Senate,,DEM,Everett Wess,3
Cullman,0040 FAIRVIEW FIRE DEPT. A-K,U.S. Senate,,DEM,Kyle Sweetser,1
Cullman,0040 FAIRVIEW FIRE DEPT. A-K,U.S. Senate,,DEM,Mark S. Wheeler II,6
Cullman,0040 FAIRVIEW FIRE DEPT. A-K,Attorney General,,REP,Jay Mitchell,50
Cullman,0040 FAIRVIEW FIRE DEPT. A-K,Attorney General,,REP,Katherine Robertson,97
Cullman,0040 FAIRVIEW FIRE DEPT. A-K,Attorney General,,REP,Pamela L. Casey,78
Cullman,0040 FAIRVIEW FIRE DEPT. A-K,Commissioner of Agriculture and Industries,,REP,Christina Woerner McInnis,65
Cullman,0040 FAIRVIEW FIRE DEPT. A-K,Commissioner of Agriculture and Industries,,REP,Cory Hill,98
Cullman,0040 FAIRVIEW FIRE DEPT. A-K,Commissioner of Agriculture and Industries,,REP,Jack Williams,51
Cullman,0040 FAIRVIEW FIRE DEPT. A-K,"Cullman County Republican Executive Committee, At La",,REP,Unverified Candidate 1,113
Cullman,0040 FAIRVIEW FIRE DEPT. A-K,"Cullman County Republican Executive Committee, At La",,REP,Unverified Candidate 10,52
Cullman,0040 FAIRVIEW FIRE DEPT. A-K,"Cullman County Republican Executive Committee, At La",,REP,Unverified Candidate 2,75
Cullman,0040 FAIRVIEW FIRE DEPT. A-K,"Cullman County Republican Executive Committee, At La",,REP,Unverified Candidate 3,97
Cullman,0040 FAIRVIEW FIRE DEPT. A-K,"Cullman County Republican Executive Committee, At La",,REP,Unverified Candidate 4,102
Cullman,0040 FAIRVIEW FIRE DEPT. A-K,"Cullman County Republican Executive Committee, At La",,REP,Unverified Candidate 5,80
Cullman,0040 FAIRVIEW FIRE DEPT. A-K,"Cullman County Republican Executive Committee, At La",,REP,Unverified Candidate 6,41
Cullman,0040 FAIRVIEW FIRE DEPT. A-K,"Cullman County Republican Executive Committee, At La",,REP,Unverified Candidate 7,91
Cullman,0040 FAIRVIEW FIRE DEPT. A-K,"Cullman County Republican Executive Committee, At La",,REP,Unverified Candidate 8,56
Cullman,0040 FAIRVIEW FIRE DEPT. A-K,"Cullman County Republican Executive Committee, At La",,REP,Unverified Candidate 9,69
Cullman,0040 FAIRVIEW FIRE DEPT. A-K,"Cullman County Republican Executive Committee, East",,REP,Unverified Candidate 1,69
Cullman,0040 FAIRVIEW FIRE DEPT. A-K,"Cullman County Republican Executive Committee, East",,REP,Unverified Candidate 2,57
Cullman,0040 FAIRVIEW FIRE DEPT. A-K,"Cullman County Republican Executive Committee, East",,REP,Unverified Candidate 3,70
Cullman,0040 FAIRVIEW FIRE DEPT. A-K,"Cullman County Republican Executive Committee, East",,REP,Unverified Candidate 4,139
Cullman,0040 FAIRVIEW FIRE DEPT. A-K,"Cullman County Republican Executive Committee, West",,REP,Unverified Candidate 1,65
Cullman,0040 FAIRVIEW FIRE DEPT. A-K,"Cullman County Republican Executive Committee, West",,REP,Unverified Candidate 2,66
Cullman,0040 FAIRVIEW FIRE DEPT. A-K,"Cullman County Republican Executive Committee, West",,REP,Unverified Candidate 3,85
Cullman,0040 FAIRVIEW FIRE DEPT. A-K,"Cullman County Republican Executive Committee, West",,REP,Unverified Candidate 4,81
Cullman,0040 FAIRVIEW FIRE DEPT. A-K,Cullman County Revenue Commissioner,,REP,Kenneth Cornelius,117
Cullman,0040 FAIRVIEW FIRE DEPT. A-K,Cullman County Revenue Commissioner,,REP,Mike Pitts,108
Cullman,0040 FAIRVIEW FIRE DEPT. A-K,Cullman County Sheriff,,REP,Chad Whaley,116
Cullman,0040 FAIRVIEW FIRE DEPT. A-K,Cullman County Sheriff,,REP,Tim Creel,122
Cullman,0040 FAIRVIEW FIRE DEPT. A-K,Fairview / District No. 2,,REP,Unverified Candidate 1,93
Cullman,0040 FAIRVIEW FIRE DEPT. A-K,Fairview / District No. 2,,REP,Unverified Candidate 2,109
Cullman,0040 FAIRVIEW FIRE DEPT. A-K,Governor,,REP,"""Alabama"" Will Santivasci",9
Cullman,0040 FAIRVIEW FIRE DEPT. A-K,Governor,,REP,Ken McFeeters,16
Cullman,0040 FAIRVIEW FIRE DEPT. A-K,Governor,,REP,Thomas Tuberville,209
Cullman,0040 FAIRVIEW FIRE DEPT. A-K,Lieutenant Governor,,REP,George Childress,4
Cullman,0040 FAIRVIEW FIRE DEPT. A-K,Lieutenant Governor,,REP,John Wahl,66
Cullman,0040 FAIRVIEW FIRE DEPT. A-K,Lieutenant Governor,,REP,Nicole Jones Wadsworth,22
Cullman,0040 FAIRVIEW FIRE DEPT. A-K,Lieutenant Governor,,REP,Pat Bishop,21
Cullman,0040 FAIRVIEW FIRE DEPT. A-K,Lieutenant Governor,,REP,Rick Pate,23
Cullman,0040 FAIRVIEW FIRE DEPT. A-K,Lieutenant Governor,,REP,Stewart Hill Tankersley,7
Cullman,0040 FAIRVIEW FIRE DEPT. A-K,Lieutenant Governor,,REP,Wes Allen,78
Cullman,0040 FAIRVIEW FIRE DEPT. A-K,"Member, Cullman County Commission, District 1",,REP,Kenneth Walker,132
Cullman,0040 FAIRVIEW FIRE DEPT. A-K,"Member, Cullman County Commission, District 1",,REP,Reburn Miller,95
Cullman,0040 FAIRVIEW FIRE DEPT. A-K,"Member, Cullman County Commission, District 2",,REP,Josh Speakman,93
Cullman,0040 FAIRVIEW FIRE DEPT. A-K,"Member, Cullman County Commission, District 2",,REP,Richard Barnett,120
Cullman,0040 FAIRVIEW FIRE DEPT. A-K,"Public Service Commission, Place No. 1",,REP,Jeremy H. Oden,80
Cullman,0040 FAIRVIEW FIRE DEPT. A-K,"Public Service Commission, Place No. 1",,REP,Matt Gentry,158
Cullman,0040 FAIRVIEW FIRE DEPT. A-K,"Public Service Commission, Place No. 2",,REP,Brent Woodall,44
Cullman,0040 FAIRVIEW FIRE DEPT. A-K,"Public Service Commission, Place No. 2",,REP,Chris Beeker,55
Cullman,0040 FAIRVIEW FIRE DEPT. A-K,"Public Service Commission, Place No. 2",,REP,Jim Zig Zeigler,77
Cullman,0040 FAIRVIEW FIRE DEPT. A-K,"Public Service Commission, Place No. 2",,REP,Priscilla Andrews,33
Cullman,0040 FAIRVIEW FIRE DEPT. A-K,Secretary of State,,REP,Caroleene Dobson,126
Cullman,0040 FAIRVIEW FIRE DEPT. A-K,Secretary of State,,REP,Christopher Christian Horn,69
Cullman,0040 FAIRVIEW FIRE DEPT. A-K,Secretary of State,,REP,Glenda S. Jackson,17
Cullman,0040 FAIRVIEW FIRE DEPT. A-K,State Auditor,,REP,Andrew Sorrell,145
Cullman,0040 FAIRVIEW FIRE DEPT. A-K,State Auditor,,REP,Derek Chen,65
Cullman,0040 FAIRVIEW FIRE DEPT. A-K,State Board of Education,6,REP,Cathi Bradford,122
Cullman,0040 FAIRVIEW FIRE DEPT. A-K,State Board of Education,6,REP,Marie Manning,80
Cullman,0040 FAIRVIEW FIRE DEPT. A-K,"State Republican Executive Committee, Cullman County",,REP,Unverified Candidate 1,116
Cullman,0040 FAIRVIEW FIRE DEPT. A-K,"State Republican Executive Committee, Cullman County",,REP,Unverified Candidate 1,121
Cullman,0040 FAIRVIEW FIRE DEPT. A-K,"State Republican Executive Committee, Cullman County",,REP,Unverified Candidate 2,90
Cullman,0040 FAIRVIEW FIRE DEPT. A-K,"State Republican Executive Committee, Cullman County",,REP,Unverified Candidate 2,28
Cullman,0040 FAIRVIEW FIRE DEPT. A-K,"State Republican Executive Committee, Cullman County",,REP,Unverified Candidate 3,56
Cullman,0040 FAIRVIEW FIRE DEPT. A-K,State Senate,4,REP,Garlan Gudger,119
Cullman,0040 FAIRVIEW FIRE DEPT. A-K,State Senate,4,REP,J.R. Bowling,116
Cullman,0040 FAIRVIEW FIRE DEPT. A-K,State Treasurer,,REP,Steve Lolley,78
Cullman,0040 FAIRVIEW FIRE DEPT. A-K,State Treasurer,,REP,Young Boozer,136
Cullman,0040 FAIRVIEW FIRE DEPT. A-K,U.S. House,4,REP,Robert B. Aderholt,174
Cullman,0040 FAIRVIEW FIRE DEPT. A-K,U.S. House,4,REP,Tommy Barnes,56
Cullman,0040 FAIRVIEW FIRE DEPT. A-K,U.S. Senate,,REP,Barry Moore,58
Cullman,0040 FAIRVIEW FIRE DEPT. A-K,U.S. Senate,,REP,Dale Shelton Deas Jr.,10
Cullman,0040 FAIRVIEW FIRE DEPT. A-K,U.S. Senate,,REP,Jared Hudson,68
Cullman,0040 FAIRVIEW FIRE DEPT. A-K,U.S. Senate,,REP,Morgan Murphy,7
Cullman,0040 FAIRVIEW FIRE DEPT. A-K,U.S. Senate,,REP,Rodney Walker,18
Cullman,0040 FAIRVIEW FIRE DEPT. A-K,U.S. Senate,,REP,Seth Burton,4
Cullman,0040 FAIRVIEW FIRE DEPT. A-K,U.S. Senate,,REP,Steve Marshall,68
Cullman,0041 FAIRVIEW TOWN HALL L-Z,Proposed Statewide Amendment 1,,,No,19
Cullman,0041 FAIRVIEW TOWN HALL L-Z,Proposed Statewide Amendment 1,,,Yes,157
Cullman,0041 FAIRVIEW TOWN HALL L-Z,Proposed Statewide Amendment 2,,,No,84
Cullman,0041 FAIRVIEW TOWN HALL L-Z,Proposed Statewide Amendment 2,,,Yes,91
Cullman,0041 FAIRVIEW TOWN HALL L-Z,Lieutenant Governor,,DEM,Darryl D. Perryman,2
Cullman,0041 FAIRVIEW TOWN HALL L-Z,Lieutenant Governor,,DEM,Phillip Ensler,3
Cullman,0041 FAIRVIEW TOWN HALL L-Z,"Public Service Commission, Place No. 1",,DEM,James O. Gordon,1
Cullman,0041 FAIRVIEW TOWN HALL L-Z,"Public Service Commission, Place No. 1",,DEM,Jeff Ramsey,2
Cullman,0041 FAIRVIEW TOWN HALL L-Z,"Public Service Commission, Place No. 1",,DEM,John Northrop,1
Cullman,0041 FAIRVIEW TOWN HALL L-Z,U.S. House,4,DEM,Amanda N. Pusczek,4
Cullman,0041 FAIRVIEW TOWN HALL L-Z,U.S. House,4,DEM,Unverified Candidate 3,1
Cullman,0041 FAIRVIEW TOWN HALL L-Z,U.S. Senate,,DEM,Dakarai Larriett,3
Cullman,0041 FAIRVIEW TOWN HALL L-Z,U.S. Senate,,DEM,Everett Wess,1
Cullman,0041 FAIRVIEW TOWN HALL L-Z,U.S. Senate,,DEM,Kyle Sweetser,0
Cullman,0041 FAIRVIEW TOWN HALL L-Z,U.S. Senate,,DEM,Mark S. Wheeler II,0
Cullman,0041 FAIRVIEW TOWN HALL L-Z,Attorney General,,REP,Jay Mitchell,46
Cullman,0041 FAIRVIEW TOWN HALL L-Z,Attorney General,,REP,Katherine Robertson,60
Cullman,0041 FAIRVIEW TOWN HALL L-Z,Attorney General,,REP,Pamela L. Casey,59
Cullman,0041 FAIRVIEW TOWN HALL L-Z,Commissioner of Agriculture and Industries,,REP,Christina Woerner McInnis,36
Cullman,0041 FAIRVIEW TOWN HALL L-Z,Commissioner of Agriculture and Industries,,REP,Cory Hill,84
Cullman,0041 FAIRVIEW TOWN HALL L-Z,Commissioner of Agriculture and Industries,,REP,Jack Williams,37
Cullman,0041 FAIRVIEW TOWN HALL L-Z,"Cullman County Republican Executive Committee, At La",,REP,Unverified Candidate 1,60
Cullman,0041 FAIRVIEW TOWN HALL L-Z,"Cullman County Republican Executive Committee, At La",,REP,Unverified Candidate 10,34
Cullman,0041 FAIRVIEW TOWN HALL L-Z,"Cullman County Republican Executive Committee, At La",,REP,Unverified Candidate 2,46
Cullman,0041 FAIRVIEW TOWN HALL L-Z,"Cullman County Republican Executive Committee, At La",,REP,Unverified Candidate 3,79
Cullman,0041 FAIRVIEW TOWN HALL L-Z,"Cullman County Republican Executive Committee, At La",,REP,Unverified Candidate 4,76
Cullman,0041 FAIRVIEW TOWN HALL L-Z,"Cullman County Republican Executive Committee, At La",,REP,Unverified Candidate 5,70
Cullman,0041 FAIRVIEW TOWN HALL L-Z,"Cullman County Republican Executive Committee, At La",,REP,Unverified Candidate 6,29
Cullman,0041 FAIRVIEW TOWN HALL L-Z,"Cullman County Republican Executive Committee, At La",,REP,Unverified Candidate 7,73
Cullman,0041 FAIRVIEW TOWN HALL L-Z,"Cullman County Republican Executive Committee, At La",,REP,Unverified Candidate 8,44
Cullman,0041 FAIRVIEW TOWN HALL L-Z,"Cullman County Republican Executive Committee, At La",,REP,Unverified Candidate 9,55
Cullman,0041 FAIRVIEW TOWN HALL L-Z,"Cullman County Republican Executive Committee, East",,REP,Unverified Candidate 1,41
Cullman,0041 FAIRVIEW TOWN HALL L-Z,"Cullman County Republican Executive Committee, East",,REP,Unverified Candidate 2,36
Cullman,0041 FAIRVIEW TOWN HALL L-Z,"Cullman County Republican Executive Committee, East",,REP,Unverified Candidate 3,50
Cullman,0041 FAIRVIEW TOWN HALL L-Z,"Cullman County Republican Executive Committee, East",,REP,Unverified Candidate 4,103
Cullman,0041 FAIRVIEW TOWN HALL L-Z,"Cullman County Republican Executive Committee, West",,REP,Unverified Candidate 1,49
Cullman,0041 FAIRVIEW TOWN HALL L-Z,"Cullman County Republican Executive Committee, West",,REP,Unverified Candidate 2,40
Cullman,0041 FAIRVIEW TOWN HALL L-Z,"Cullman County Republican Executive Committee, West",,REP,Unverified Candidate 3,50
Cullman,0041 FAIRVIEW TOWN HALL L-Z,"Cullman County Republican Executive Committee, West",,REP,Unverified Candidate 4,57
Cullman,0041 FAIRVIEW TOWN HALL L-Z,Cullman County Revenue Commissioner,,REP,Kenneth Cornelius,99
Cullman,0041 FAIRVIEW TOWN HALL L-Z,Cullman County Revenue Commissioner,,REP,Mike Pitts,71
Cullman,0041 FAIRVIEW TOWN HALL L-Z,Cullman County Sheriff,,REP,Chad Whaley,92
Cullman,0041 FAIRVIEW TOWN HALL L-Z,Cullman County Sheriff,,REP,Tim Creel,92
Cullman,0041 FAIRVIEW TOWN HALL L-Z,Fairview / District No. 2,,REP,Unverified Candidate 1,64
Cullman,0041 FAIRVIEW TOWN HALL L-Z,Fairview / District No. 2,,REP,Unverified Candidate 2,85
Cullman,0041 FAIRVIEW TOWN HALL L-Z,Governor,,REP,"""Alabama"" Will Santivasci",8
Cullman,0041 FAIRVIEW TOWN HALL L-Z,Governor,,REP,Ken McFeeters,13
Cullman,0041 FAIRVIEW TOWN HALL L-Z,Governor,,REP,Thomas Tuberville,157
Cullman,0041 FAIRVIEW TOWN HALL L-Z,Lieutenant Governor,,REP,George Childress,0
Cullman,0041 FAIRVIEW TOWN HALL L-Z,Lieutenant Governor,,REP,John Wahl,56
Cullman,0041 FAIRVIEW TOWN HALL L-Z,Lieutenant Governor,,REP,Nicole Jones Wadsworth,11
Cullman,0041 FAIRVIEW TOWN HALL L-Z,Lieutenant Governor,,REP,Pat Bishop,21
Cullman,0041 FAIRVIEW TOWN HALL L-Z,Lieutenant Governor,,REP,Rick Pate,8
Cullman,0041 FAIRVIEW TOWN HALL L-Z,Lieutenant Governor,,REP,Stewart Hill Tankersley,6
Cullman,0041 FAIRVIEW TOWN HALL L-Z,Lieutenant Governor,,REP,Wes Allen,71
Cullman,0041 FAIRVIEW TOWN HALL L-Z,"Member, Cullman County Commission, District 1",,REP,Kenneth Walker,89
Cullman,0041 FAIRVIEW TOWN HALL L-Z,"Member, Cullman County Commission, District 1",,REP,Reburn Miller,84
Cullman,0041 FAIRVIEW TOWN HALL L-Z,"Member, Cullman County Commission, District 2",,REP,Josh Speakman,57
Cullman,0041 FAIRVIEW TOWN HALL L-Z,"Member, Cullman County Commission, District 2",,REP,Richard Barnett,103
Cullman,0041 FAIRVIEW TOWN HALL L-Z,"Public Service Commission, Place No. 1",,REP,Jeremy H. Oden,75
Cullman,0041 FAIRVIEW TOWN HALL L-Z,"Public Service Commission, Place No. 1",,REP,Matt Gentry,106
Cullman,0041 FAIRVIEW TOWN HALL L-Z,"Public Service Commission, Place No. 2",,REP,Brent Woodall,42
Cullman,0041 FAIRVIEW TOWN HALL L-Z,"Public Service Commission, Place No. 2",,REP,Chris Beeker,29
Cullman,0041 FAIRVIEW TOWN HALL L-Z,"Public Service Commission, Place No. 2",,REP,Jim Zig Zeigler,62
Cullman,0041 FAIRVIEW TOWN HALL L-Z,"Public Service Commission, Place No. 2",,REP,Priscilla Andrews,24
Cullman,0041 FAIRVIEW TOWN HALL L-Z,Secretary of State,,REP,Caroleene Dobson,119
Cullman,0041 FAIRVIEW TOWN HALL L-Z,Secretary of State,,REP,Christopher Christian Horn,31
Cullman,0041 FAIRVIEW TOWN HALL L-Z,Secretary of State,,REP,Glenda S. Jackson,13
Cullman,0041 FAIRVIEW TOWN HALL L-Z,State Auditor,,REP,Andrew Sorrell,122
Cullman,0041 FAIRVIEW TOWN HALL L-Z,State Auditor,,REP,Derek Chen,40
Cullman,0041 FAIRVIEW TOWN HALL L-Z,State Board of Education,6,REP,Cathi Bradford,87
Cullman,0041 FAIRVIEW TOWN HALL L-Z,State Board of Education,6,REP,Marie Manning,64
Cullman,0041 FAIRVIEW TOWN HALL L-Z,"State Republican Executive Committee, Cullman County",,REP,Unverified Candidate 1,102
Cullman,0041 FAIRVIEW TOWN HALL L-Z,"State Republican Executive Committee, Cullman County",,REP,Unverified Candidate 1,100
Cullman,0041 FAIRVIEW TOWN HALL L-Z,"State Republican Executive Committee, Cullman County",,REP,Unverified Candidate 2,47
Cullman,0041 FAIRVIEW TOWN HALL L-Z,"State Republican Executive Committee, Cullman County",,REP,Unverified Candidate 2,21
Cullman,0041 FAIRVIEW TOWN HALL L-Z,"State Republican Executive Committee, Cullman County",,REP,Unverified Candidate 3,32
Cullman,0041 FAIRVIEW TOWN HALL L-Z,State Senate,4,REP,Garlan Gudger,92
Cullman,0041 FAIRVIEW TOWN HALL L-Z,State Senate,4,REP,J.R. Bowling,86
Cullman,0041 FAIRVIEW TOWN HALL L-Z,State Treasurer,,REP,Steve Lolley,66
Cullman,0041 FAIRVIEW TOWN HALL L-Z,State Treasurer,,REP,Young Boozer,96
Cullman,0041 FAIRVIEW TOWN HALL L-Z,U.S. House,4,REP,Robert B. Aderholt,135
Cullman,0041 FAIRVIEW TOWN HALL L-Z,U.S. House,4,REP,Tommy Barnes,41
Cullman,0041 FAIRVIEW TOWN HALL L-Z,U.S. Senate,,REP,Barry Moore,34
Cullman,0041 FAIRVIEW TOWN HALL L-Z,U.S. Senate,,REP,Dale Shelton Deas Jr.,1
Cullman,0041 FAIRVIEW TOWN HALL L-Z,U.S. Senate,,REP,Jared Hudson,88
Cullman,0041 FAIRVIEW TOWN HALL L-Z,U.S. Senate,,REP,Morgan Murphy,2
Cullman,0041 FAIRVIEW TOWN HALL L-Z,U.S. Senate,,REP,Rodney Walker,10
Cullman,0041 FAIRVIEW TOWN HALL L-Z,U.S. Senate,,REP,Seth Burton,3
Cullman,0041 FAIRVIEW TOWN HALL L-Z,U.S. Senate,,REP,Steve Marshall,38
Cullman,0042 GRANDVIEW COMM CTR,Proposed Statewide Amendment 1,,,No,16
Cullman,0042 GRANDVIEW COMM CTR,Proposed Statewide Amendment 1,,,Yes,158
Cullman,0042 GRANDVIEW COMM CTR,Proposed Statewide Amendment 2,,,No,100
Cullman,0042 GRANDVIEW COMM CTR,Proposed Statewide Amendment 2,,,Yes,67
Cullman,0042 GRANDVIEW COMM CTR,Lieutenant Governor,,DEM,Darryl D. Perryman,1
Cullman,0042 GRANDVIEW COMM CTR,Lieutenant Governor,,DEM,Phillip Ensler,2
Cullman,0042 GRANDVIEW COMM CTR,"Public Service Commission, Place No. 1",,DEM,James O. Gordon,0
Cullman,0042 GRANDVIEW COMM CTR,"Public Service Commission, Place No. 1",,DEM,Jeff Ramsey,1
Cullman,0042 GRANDVIEW COMM CTR,"Public Service Commission, Place No. 1",,DEM,John Northrop,2
Cullman,0042 GRANDVIEW COMM CTR,U.S. House,4,DEM,Amanda N. Pusczek,3
Cullman,0042 GRANDVIEW COMM CTR,U.S. House,4,DEM,Unverified Candidate 3,0
Cullman,0042 GRANDVIEW COMM CTR,U.S. Senate,,DEM,Dakarai Larriett,1
Cullman,0042 GRANDVIEW COMM CTR,U.S. Senate,,DEM,Everett Wess,1
Cullman,0042 GRANDVIEW COMM CTR,U.S. Senate,,DEM,Kyle Sweetser,0
Cullman,0042 GRANDVIEW COMM CTR,U.S. Senate,,DEM,Mark S. Wheeler II,1
Cullman,0042 GRANDVIEW COMM CTR,Attorney General,,REP,Jay Mitchell,51
Cullman,0042 GRANDVIEW COMM CTR,Attorney General,,REP,Katherine Robertson,66
Cullman,0042 GRANDVIEW COMM CTR,Attorney General,,REP,Pamela L. Casey,49
Cullman,0042 GRANDVIEW COMM CTR,Commissioner of Agriculture and Industries,,REP,Christina Woerner McInnis,53
Cullman,0042 GRANDVIEW COMM CTR,Commissioner of Agriculture and Industries,,REP,Cory Hill,67
Cullman,0042 GRANDVIEW COMM CTR,Commissioner of Agriculture and Industries,,REP,Jack Williams,38
Cullman,0042 GRANDVIEW COMM CTR,"Cullman County Republican Executive Committee, At La",,REP,Unverified Candidate 1,75
Cullman,0042 GRANDVIEW COMM CTR,"Cullman County Republican Executive Committee, At La",,REP,Unverified Candidate 10,42
Cullman,0042 GRANDVIEW COMM CTR,"Cullman County Republican Executive Committee, At La",,REP,Unverified Candidate 2,48
Cullman,0042 GRANDVIEW COMM CTR,"Cullman County Republican Executive Committee, At La",,REP,Unverified Candidate 3,84
Cullman,0042 GRANDVIEW COMM CTR,"Cullman County Republican Executive Committee, At La",,REP,Unverified Candidate 4,83
Cullman,0042 GRANDVIEW COMM CTR,"Cullman County Republican Executive Committee, At La",,REP,Unverified Candidate 5,63
Cullman,0042 GRANDVIEW COMM CTR,"Cullman County Republican Executive Committee, At La",,REP,Unverified Candidate 6,46
Cullman,0042 GRANDVIEW COMM CTR,"Cullman County Republican Executive Committee, At La",,REP,Unverified Candidate 7,60
Cullman,0042 GRANDVIEW COMM CTR,"Cullman County Republican Executive Committee, At La",,REP,Unverified Candidate 8,49
Cullman,0042 GRANDVIEW COMM CTR,"Cullman County Republican Executive Committee, At La",,REP,Unverified Candidate 9,73
Cullman,0042 GRANDVIEW COMM CTR,"Cullman County Republican Executive Committee, East",,REP,Unverified Candidate 1,60
Cullman,0042 GRANDVIEW COMM CTR,"Cullman County Republican Executive Committee, East",,REP,Unverified Candidate 2,36
Cullman,0042 GRANDVIEW COMM CTR,"Cullman County Republican Executive Committee, East",,REP,Unverified Candidate 3,52
Cullman,0042 GRANDVIEW COMM CTR,"Cullman County Republican Executive Committee, East",,REP,Unverified Candidate 4,75
Cullman,0042 GRANDVIEW COMM CTR,"Cullman County Republican Executive Committee, West",,REP,Unverified Candidate 1,55
Cullman,0042 GRANDVIEW COMM CTR,"Cullman County Republican Executive Committee, West",,REP,Unverified Candidate 2,43
Cullman,0042 GRANDVIEW COMM CTR,"Cullman County Republican Executive Committee, West",,REP,Unverified Candidate 3,63
Cullman,0042 GRANDVIEW COMM CTR,"Cullman County Republican Executive Committee, West",,REP,Unverified Candidate 4,60
Cullman,0042 GRANDVIEW COMM CTR,Cullman County Revenue Commissioner,,REP,Kenneth Cornelius,57
Cullman,0042 GRANDVIEW COMM CTR,Cullman County Revenue Commissioner,,REP,Mike Pitts,117
Cullman,0042 GRANDVIEW COMM CTR,Cullman County Sheriff,,REP,Chad Whaley,117
Cullman,0042 GRANDVIEW COMM CTR,Cullman County Sheriff,,REP,Tim Creel,62
Cullman,0042 GRANDVIEW COMM CTR,Governor,,REP,"""Alabama"" Will Santivasci",9
Cullman,0042 GRANDVIEW COMM CTR,Governor,,REP,Ken McFeeters,14
Cullman,0042 GRANDVIEW COMM CTR,Governor,,REP,Thomas Tuberville,159
Cullman,0042 GRANDVIEW COMM CTR,Lieutenant Governor,,REP,George Childress,0
Cullman,0042 GRANDVIEW COMM CTR,Lieutenant Governor,,REP,John Wahl,70
Cullman,0042 GRANDVIEW COMM CTR,Lieutenant Governor,,REP,Nicole Jones Wadsworth,12
Cullman,0042 GRANDVIEW COMM CTR,Lieutenant Governor,,REP,Pat Bishop,9
Cullman,0042 GRANDVIEW COMM CTR,Lieutenant Governor,,REP,Rick Pate,13
Cullman,0042 GRANDVIEW COMM CTR,Lieutenant Governor,,REP,Stewart Hill Tankersley,3
Cullman,0042 GRANDVIEW COMM CTR,Lieutenant Governor,,REP,Wes Allen,59
Cullman,0042 GRANDVIEW COMM CTR,"Member, Cullman County Commission, District 1",,REP,Kenneth Walker,112
Cullman,0042 GRANDVIEW COMM CTR,"Member, Cullman County Commission, District 1",,REP,Reburn Miller,44
Cullman,0042 GRANDVIEW COMM CTR,"Member, Cullman County Commission, District 2",,REP,Josh Speakman,46
Cullman,0042 GRANDVIEW COMM CTR,"Member, Cullman County Commission, District 2",,REP,Richard Barnett,114
Cullman,0042 GRANDVIEW COMM CTR,"Public Service Commission, Place No. 1",,REP,Jeremy H. Oden,38
Cullman,0042 GRANDVIEW COMM CTR,"Public Service Commission, Place No. 1",,REP,Matt Gentry,143
Cullman,0042 GRANDVIEW COMM CTR,"Public Service Commission, Place No. 2",,REP,Brent Woodall,32
Cullman,0042 GRANDVIEW COMM CTR,"Public Service Commission, Place No. 2",,REP,Chris Beeker,41
Cullman,0042 GRANDVIEW COMM CTR,"Public Service Commission, Place No. 2",,REP,Jim Zig Zeigler,62
Cullman,0042 GRANDVIEW COMM CTR,"Public Service Commission, Place No. 2",,REP,Priscilla Andrews,17
Cullman,0042 GRANDVIEW COMM CTR,Secretary of State,,REP,Caroleene Dobson,108
Cullman,0042 GRANDVIEW COMM CTR,Secretary of State,,REP,Christopher Christian Horn,32
Cullman,0042 GRANDVIEW COMM CTR,Secretary of State,,REP,Glenda S. Jackson,18
Cullman,0042 GRANDVIEW COMM CTR,State Auditor,,REP,Andrew Sorrell,99
Cullman,0042 GRANDVIEW COMM CTR,State Auditor,,REP,Derek Chen,60
Cullman,0042 GRANDVIEW COMM CTR,State Board of Education,6,REP,Cathi Bradford,83
Cullman,0042 GRANDVIEW COMM CTR,State Board of Education,6,REP,Marie Manning,64
Cullman,0042 GRANDVIEW COMM CTR,"State Republican Executive Committee, Cullman County",,REP,Unverified Candidate 1,90
Cullman,0042 GRANDVIEW COMM CTR,"State Republican Executive Committee, Cullman County",,REP,Unverified Candidate 1,93
Cullman,0042 GRANDVIEW COMM CTR,"State Republican Executive Committee, Cullman County",,REP,Unverified Candidate 2,64
Cullman,0042 GRANDVIEW COMM CTR,"State Republican Executive Committee, Cullman County",,REP,Unverified Candidate 2,29
Cullman,0042 GRANDVIEW COMM CTR,"State Republican Executive Committee, Cullman County",,REP,Unverified Candidate 3,35
Cullman,0042 GRANDVIEW COMM CTR,State Senate,4,REP,Garlan Gudger,103
Cullman,0042 GRANDVIEW COMM CTR,State Senate,4,REP,J.R. Bowling,74
Cullman,0042 GRANDVIEW COMM CTR,State Treasurer,,REP,Steve Lolley,58
Cullman,0042 GRANDVIEW COMM CTR,State Treasurer,,REP,Young Boozer,98
Cullman,0042 GRANDVIEW COMM CTR,U.S. House,4,REP,Robert B. Aderholt,130
Cullman,0042 GRANDVIEW COMM CTR,U.S. House,4,REP,Tommy Barnes,41
Cullman,0042 GRANDVIEW COMM CTR,U.S. Senate,,REP,Barry Moore,42
Cullman,0042 GRANDVIEW COMM CTR,U.S. Senate,,REP,Dale Shelton Deas Jr.,0
Cullman,0042 GRANDVIEW COMM CTR,U.S. Senate,,REP,Jared Hudson,83
Cullman,0042 GRANDVIEW COMM CTR,U.S. Senate,,REP,Morgan Murphy,2
Cullman,0042 GRANDVIEW COMM CTR,U.S. Senate,,REP,Rodney Walker,13
Cullman,0042 GRANDVIEW COMM CTR,U.S. Senate,,REP,Seth Burton,1
Cullman,0042 GRANDVIEW COMM CTR,U.S. Senate,,REP,Steve Marshall,36
Cullman,0043 FRIENDSHIP BAPT CH,Proposed Statewide Amendment 1,,,No,47
Cullman,0043 FRIENDSHIP BAPT CH,Proposed Statewide Amendment 1,,,Yes,347
Cullman,0043 FRIENDSHIP BAPT CH,Proposed Statewide Amendment 2,,,No,146
Cullman,0043 FRIENDSHIP BAPT CH,Proposed Statewide Amendment 2,,,Yes,228
Cullman,0043 FRIENDSHIP BAPT CH,Lieutenant Governor,,DEM,Darryl D. Perryman,13
Cullman,0043 FRIENDSHIP BAPT CH,Lieutenant Governor,,DEM,Phillip Ensler,24
Cullman,0043 FRIENDSHIP BAPT CH,"Public Service Commission, Place No. 1",,DEM,James O. Gordon,10
Cullman,0043 FRIENDSHIP BAPT CH,"Public Service Commission, Place No. 1",,DEM,Jeff Ramsey,12
Cullman,0043 FRIENDSHIP BAPT CH,"Public Service Commission, Place No. 1",,DEM,John Northrop,13
Cullman,0043 FRIENDSHIP BAPT CH,U.S. House,4,DEM,Amanda N. Pusczek,20
Cullman,0043 FRIENDSHIP BAPT CH,U.S. House,4,DEM,Unverified Candidate 3,14
Cullman,0043 FRIENDSHIP BAPT CH,U.S. Senate,,DEM,Dakarai Larriett,13
Cullman,0043 FRIENDSHIP BAPT CH,U.S. Senate,,DEM,Everett Wess,7
Cullman,0043 FRIENDSHIP BAPT CH,U.S. Senate,,DEM,Kyle Sweetser,5
Cullman,0043 FRIENDSHIP BAPT CH,U.S. Senate,,DEM,Mark S. Wheeler II,11
Cullman,0043 FRIENDSHIP BAPT CH,Attorney General,,REP,Jay Mitchell,114
Cullman,0043 FRIENDSHIP BAPT CH,Attorney General,,REP,Katherine Robertson,151
Cullman,0043 FRIENDSHIP BAPT CH,Attorney General,,REP,Pamela L. Casey,91
Cullman,0043 FRIENDSHIP BAPT CH,Commissioner of Agriculture and Industries,,REP,Christina Woerner McInnis,100
Cullman,0043 FRIENDSHIP BAPT CH,Commissioner of Agriculture and Industries,,REP,Cory Hill,129
Cullman,0043 FRIENDSHIP BAPT CH,Commissioner of Agriculture and Industries,,REP,Jack Williams,95
Cullman,0043 FRIENDSHIP BAPT CH,"Cullman County Republican Executive Committee, At La",,REP,Unverified Candidate 1,166
Cullman,0043 FRIENDSHIP BAPT CH,"Cullman County Republican Executive Committee, At La",,REP,Unverified Candidate 10,104
Cullman,0043 FRIENDSHIP BAPT CH,"Cullman County Republican Executive Committee, At La",,REP,Unverified Candidate 2,114
Cullman,0043 FRIENDSHIP BAPT CH,"Cullman County Republican Executive Committee, At La",,REP,Unverified Candidate 3,201
Cullman,0043 FRIENDSHIP BAPT CH,"Cullman County Republican Executive Committee, At La",,REP,Unverified Candidate 4,189
Cullman,0043 FRIENDSHIP BAPT CH,"Cullman County Republican Executive Committee, At La",,REP,Unverified Candidate 5,167
Cullman,0043 FRIENDSHIP BAPT CH,"Cullman County Republican Executive Committee, At La",,REP,Unverified Candidate 6,87
Cullman,0043 FRIENDSHIP BAPT CH,"Cullman County Republican Executive Committee, At La",,REP,Unverified Candidate 7,145
Cullman,0043 FRIENDSHIP BAPT CH,"Cullman County Republican Executive Committee, At La",,REP,Unverified Candidate 8,123
Cullman,0043 FRIENDSHIP BAPT CH,"Cullman County Republican Executive Committee, At La",,REP,Unverified Candidate 9,150
Cullman,0043 FRIENDSHIP BAPT CH,"Cullman County Republican Executive Committee, East",,REP,Unverified Candidate 1,149
Cullman,0043 FRIENDSHIP BAPT CH,"Cullman County Republican Executive Committee, East",,REP,Unverified Candidate 2,74
Cullman,0043 FRIENDSHIP BAPT CH,"Cullman County Republican Executive Committee, East",,REP,Unverified Candidate 3,166
Cullman,0043 FRIENDSHIP BAPT CH,"Cullman County Republican Executive Committee, East",,REP,Unverified Candidate 4,133
Cullman,0043 FRIENDSHIP BAPT CH,"Cullman County Republican Executive Committee, West",,REP,Unverified Candidate 1,104
Cullman,0043 FRIENDSHIP BAPT CH,"Cullman County Republican Executive Committee, West",,REP,Unverified Candidate 2,162
Cullman,0043 FRIENDSHIP BAPT CH,"Cullman County Republican Executive Committee, West",,REP,Unverified Candidate 3,134
Cullman,0043 FRIENDSHIP BAPT CH,"Cullman County Republican Executive Committee, West",,REP,Unverified Candidate 4,126
Cullman,0043 FRIENDSHIP BAPT CH,Cullman County Revenue Commissioner,,REP,Kenneth Cornelius,171
Cullman,0043 FRIENDSHIP BAPT CH,Cullman County Revenue Commissioner,,REP,Mike Pitts,191
Cullman,0043 FRIENDSHIP BAPT CH,Cullman County Sheriff,,REP,Chad Whaley,261
Cullman,0043 FRIENDSHIP BAPT CH,Cullman County Sheriff,,REP,Tim Creel,130
Cullman,0043 FRIENDSHIP BAPT CH,Governor,,REP,"""Alabama"" Will Santivasci",12
Cullman,0043 FRIENDSHIP BAPT CH,Governor,,REP,Ken McFeeters,39
Cullman,0043 FRIENDSHIP BAPT CH,Governor,,REP,Thomas Tuberville,332
Cullman,0043 FRIENDSHIP BAPT CH,Lieutenant Governor,,REP,George Childress,7
Cullman,0043 FRIENDSHIP BAPT CH,Lieutenant Governor,,REP,John Wahl,148
Cullman,0043 FRIENDSHIP BAPT CH,Lieutenant Governor,,REP,Nicole Jones Wadsworth,27
Cullman,0043 FRIENDSHIP BAPT CH,Lieutenant Governor,,REP,Pat Bishop,15
Cullman,0043 FRIENDSHIP BAPT CH,Lieutenant Governor,,REP,Rick Pate,25
Cullman,0043 FRIENDSHIP BAPT CH,Lieutenant Governor,,REP,Stewart Hill Tankersley,6
Cullman,0043 FRIENDSHIP BAPT CH,Lieutenant Governor,,REP,Wes Allen,136
Cullman,0043 FRIENDSHIP BAPT CH,"Member, Cullman County Commission, District 1",,REP,Kenneth Walker,253
Cullman,0043 FRIENDSHIP BAPT CH,"Member, Cullman County Commission, District 1",,REP,Reburn Miller,83
Cullman,0043 FRIENDSHIP BAPT CH,"Member, Cullman County Commission, District 2",,REP,Josh Speakman,139
Cullman,0043 FRIENDSHIP BAPT CH,"Member, Cullman County Commission, District 2",,REP,Richard Barnett,194
Cullman,0043 FRIENDSHIP BAPT CH,"Public Service Commission, Place No. 1",,REP,Jeremy H. Oden,89
Cullman,0043 FRIENDSHIP BAPT CH,"Public Service Commission, Place No. 1",,REP,Matt Gentry,305
Cullman,0043 FRIENDSHIP BAPT CH,"Public Service Commission, Place No. 2",,REP,Brent Woodall,40
Cullman,0043 FRIENDSHIP BAPT CH,"Public Service Commission, Place No. 2",,REP,Chris Beeker,93
Cullman,0043 FRIENDSHIP BAPT CH,"Public Service Commission, Place No. 2",,REP,Jim Zig Zeigler,151
Cullman,0043 FRIENDSHIP BAPT CH,"Public Service Commission, Place No. 2",,REP,Priscilla Andrews,43
Cullman,0043 FRIENDSHIP BAPT CH,Secretary of State,,REP,Caroleene Dobson,234
Cullman,0043 FRIENDSHIP BAPT CH,Secretary of State,,REP,Christopher Christian Horn,60
Cullman,0043 FRIENDSHIP BAPT CH,Secretary of State,,REP,Glenda S. Jackson,35
Cullman,0043 FRIENDSHIP BAPT CH,State Auditor,,REP,Andrew Sorrell,240
Cullman,0043 FRIENDSHIP BAPT CH,State Auditor,,REP,Derek Chen,98
Cullman,0043 FRIENDSHIP BAPT CH,State Board of Education,6,REP,Cathi Bradford,219
Cullman,0043 FRIENDSHIP BAPT CH,State Board of Education,6,REP,Marie Manning,110
Cullman,0043 FRIENDSHIP BAPT CH,"State Republican Executive Committee, Cullman County",,REP,Unverified Candidate 1,204
Cullman,0043 FRIENDSHIP BAPT CH,"State Republican Executive Committee, Cullman County",,REP,Unverified Candidate 1,162
Cullman,0043 FRIENDSHIP BAPT CH,"State Republican Executive Committee, Cullman County",,REP,Unverified Candidate 2,129
Cullman,0043 FRIENDSHIP BAPT CH,"State Republican Executive Committee, Cullman County",,REP,Unverified Candidate 2,60
Cullman,0043 FRIENDSHIP BAPT CH,"State Republican Executive Committee, Cullman County",,REP,Unverified Candidate 3,91
Cullman,0043 FRIENDSHIP BAPT CH,State Senate,4,REP,Garlan Gudger,271
Cullman,0043 FRIENDSHIP BAPT CH,State Senate,4,REP,J.R. Bowling,116
Cullman,0043 FRIENDSHIP BAPT CH,State Treasurer,,REP,Steve Lolley,102
Cullman,0043 FRIENDSHIP BAPT CH,State Treasurer,,REP,Young Boozer,244
Cullman,0043 FRIENDSHIP BAPT CH,U.S. House,4,REP,Robert B. Aderholt,315
Cullman,0043 FRIENDSHIP BAPT CH,U.S. House,4,REP,Tommy Barnes,65
Cullman,0043 FRIENDSHIP BAPT CH,U.S. Senate,,REP,Barry Moore,113
Cullman,0043 FRIENDSHIP BAPT CH,U.S. Senate,,REP,Dale Shelton Deas Jr.,9
Cullman,0043 FRIENDSHIP BAPT CH,U.S. Senate,,REP,Jared Hudson,136
Cullman,0043 FRIENDSHIP BAPT CH,U.S. Senate,,REP,Morgan Murphy,2
Cullman,0043 FRIENDSHIP BAPT CH,U.S. Senate,,REP,Rodney Walker,17
Cullman,0043 FRIENDSHIP BAPT CH,U.S. Senate,,REP,Seth Burton,5
Cullman,0043 FRIENDSHIP BAPT CH,U.S. Senate,,REP,Steve Marshall,89
Cullman,0044 CENTER HILL COMM CTR,Proposed Statewide Amendment 1,,,No,15
Cullman,0044 CENTER HILL COMM CTR,Proposed Statewide Amendment 1,,,Yes,157
Cullman,0044 CENTER HILL COMM CTR,Proposed Statewide Amendment 2,,,No,67
Cullman,0044 CENTER HILL COMM CTR,Proposed Statewide Amendment 2,,,Yes,95
Cullman,0044 CENTER HILL COMM CTR,Lieutenant Governor,,DEM,Darryl D. Perryman,3
Cullman,0044 CENTER HILL COMM CTR,Lieutenant Governor,,DEM,Phillip Ensler,6
Cullman,0044 CENTER HILL COMM CTR,"Public Service Commission, Place No. 1",,DEM,James O. Gordon,4
Cullman,0044 CENTER HILL COMM CTR,"Public Service Commission, Place No. 1",,DEM,Jeff Ramsey,2
Cullman,0044 CENTER HILL COMM CTR,"Public Service Commission, Place No. 1",,DEM,John Northrop,3
Cullman,0044 CENTER HILL COMM CTR,U.S. House,4,DEM,Amanda N. Pusczek,9
Cullman,0044 CENTER HILL COMM CTR,U.S. House,4,DEM,Unverified Candidate 3,1
Cullman,0044 CENTER HILL COMM CTR,U.S. Senate,,DEM,Dakarai Larriett,4
Cullman,0044 CENTER HILL COMM CTR,U.S. Senate,,DEM,Everett Wess,1
Cullman,0044 CENTER HILL COMM CTR,U.S. Senate,,DEM,Kyle Sweetser,2
Cullman,0044 CENTER HILL COMM CTR,U.S. Senate,,DEM,Mark S. Wheeler II,2
Cullman,0044 CENTER HILL COMM CTR,Attorney General,,REP,Jay Mitchell,56
Cullman,0044 CENTER HILL COMM CTR,Attorney General,,REP,Katherine Robertson,43
Cullman,0044 CENTER HILL COMM CTR,Attorney General,,REP,Pamela L. Casey,61
Cullman,0044 CENTER HILL COMM CTR,Commissioner of Agriculture and Industries,,REP,Christina Woerner McInnis,26
Cullman,0044 CENTER HILL COMM CTR,Commissioner of Agriculture and Industries,,REP,Cory Hill,68
Cullman,0044 CENTER HILL COMM CTR,Commissioner of Agriculture and Industries,,REP,Jack Williams,51
Cullman,0044 CENTER HILL COMM CTR,"Cullman County Republican Executive Committee, At La",,REP,Unverified Candidate 1,73
Cullman,0044 CENTER HILL COMM CTR,"Cullman County Republican Executive Committee, At La",,REP,Unverified Candidate 10,42
Cullman,0044 CENTER HILL COMM CTR,"Cullman County Republican Executive Committee, At La",,REP,Unverified Candidate 2,37
Cullman,0044 CENTER HILL COMM CTR,"Cullman County Republican Executive Committee, At La",,REP,Unverified Candidate 3,94
Cullman,0044 CENTER HILL COMM CTR,"Cullman County Republican Executive Committee, At La",,REP,Unverified Candidate 4,75
Cullman,0044 CENTER HILL COMM CTR,"Cullman County Republican Executive Committee, At La",,REP,Unverified Candidate 5,111
Cullman,0044 CENTER HILL COMM CTR,"Cullman County Republican Executive Committee, At La",,REP,Unverified Candidate 6,36
Cullman,0044 CENTER HILL COMM CTR,"Cullman County Republican Executive Committee, At La",,REP,Unverified Candidate 7,53
Cullman,0044 CENTER HILL COMM CTR,"Cullman County Republican Executive Committee, At La",,REP,Unverified Candidate 8,53
Cullman,0044 CENTER HILL COMM CTR,"Cullman County Republican Executive Committee, At La",,REP,Unverified Candidate 9,59
Cullman,0044 CENTER HILL COMM CTR,"Cullman County Republican Executive Committee, East",,REP,Unverified Candidate 1,99
Cullman,0044 CENTER HILL COMM CTR,"Cullman County Republican Executive Committee, East",,REP,Unverified Candidate 2,26
Cullman,0044 CENTER HILL COMM CTR,"Cullman County Republican Executive Committee, East",,REP,Unverified Candidate 3,49
Cullman,0044 CENTER HILL COMM CTR,"Cullman County Republican Executive Committee, East",,REP,Unverified Candidate 4,52
Cullman,0044 CENTER HILL COMM CTR,"Cullman County Republican Executive Committee, West",,REP,Unverified Candidate 1,45
Cullman,0044 CENTER HILL COMM CTR,"Cullman County Republican Executive Committee, West",,REP,Unverified Candidate 2,56
Cullman,0044 CENTER HILL COMM CTR,"Cullman County Republican Executive Committee, West",,REP,Unverified Candidate 3,61
Cullman,0044 CENTER HILL COMM CTR,"Cullman County Republican Executive Committee, West",,REP,Unverified Candidate 4,68
Cullman,0044 CENTER HILL COMM CTR,Cullman County Revenue Commissioner,,REP,Kenneth Cornelius,87
Cullman,0044 CENTER HILL COMM CTR,Cullman County Revenue Commissioner,,REP,Mike Pitts,75
Cullman,0044 CENTER HILL COMM CTR,Cullman County Sheriff,,REP,Chad Whaley,163
Cullman,0044 CENTER HILL COMM CTR,Cullman County Sheriff,,REP,Tim Creel,15
Cullman,0044 CENTER HILL COMM CTR,Governor,,REP,"""Alabama"" Will Santivasci",4
Cullman,0044 CENTER HILL COMM CTR,Governor,,REP,Ken McFeeters,11
Cullman,0044 CENTER HILL COMM CTR,Governor,,REP,Thomas Tuberville,155
Cullman,0044 CENTER HILL COMM CTR,Hanceville / District No. 4,,REP,Unverified Candidate 1,60
Cullman,0044 CENTER HILL COMM CTR,Hanceville / District No. 4,,REP,Unverified Candidate 2,90
Cullman,0044 CENTER HILL COMM CTR,Lieutenant Governor,,REP,George Childress,3
Cullman,0044 CENTER HILL COMM CTR,Lieutenant Governor,,REP,John Wahl,49
Cullman,0044 CENTER HILL COMM CTR,Lieutenant Governor,,REP,Nicole Jones Wadsworth,6
Cullman,0044 CENTER HILL COMM CTR,Lieutenant Governor,,REP,Pat Bishop,15
Cullman,0044 CENTER HILL COMM CTR,Lieutenant Governor,,REP,Rick Pate,5
Cullman,0044 CENTER HILL COMM CTR,Lieutenant Governor,,REP,Stewart Hill Tankersley,6
Cullman,0044 CENTER HILL COMM CTR,Lieutenant Governor,,REP,Wes Allen,80
Cullman,0044 CENTER HILL COMM CTR,"Member, Cullman County Commission, District 1",,REP,Kenneth Walker,121
Cullman,0044 CENTER HILL COMM CTR,"Member, Cullman County Commission, District 1",,REP,Reburn Miller,16
Cullman,0044 CENTER HILL COMM CTR,"Member, Cullman County Commission, District 2",,REP,Josh Speakman,41
Cullman,0044 CENTER HILL COMM CTR,"Member, Cullman County Commission, District 2",,REP,Richard Barnett,94
Cullman,0044 CENTER HILL COMM CTR,"Public Service Commission, Place No. 1",,REP,Jeremy H. Oden,22
Cullman,0044 CENTER HILL COMM CTR,"Public Service Commission, Place No. 1",,REP,Matt Gentry,154
Cullman,0044 CENTER HILL COMM CTR,"Public Service Commission, Place No. 2",,REP,Brent Woodall,34
Cullman,0044 CENTER HILL COMM CTR,"Public Service Commission, Place No. 2",,REP,Chris Beeker,57
Cullman,0044 CENTER HILL COMM CTR,"Public Service Commission, Place No. 2",,REP,Jim Zig Zeigler,40
Cullman,0044 CENTER HILL COMM CTR,"Public Service Commission, Place No. 2",,REP,Priscilla Andrews,10
Cullman,0044 CENTER HILL COMM CTR,Secretary of State,,REP,Caroleene Dobson,100
Cullman,0044 CENTER HILL COMM CTR,Secretary of State,,REP,Christopher Christian Horn,34
Cullman,0044 CENTER HILL COMM CTR,Secretary of State,,REP,Glenda S. Jackson,14
Cullman,0044 CENTER HILL COMM CTR,State Auditor,,REP,Andrew Sorrell,88
Cullman,0044 CENTER HILL COMM CTR,State Auditor,,REP,Derek Chen,63
Cullman,0044 CENTER HILL COMM CTR,State Board of Education,6,REP,Cathi Bradford,113
Cullman,0044 CENTER HILL COMM CTR,State Board of Education,6,REP,Marie Manning,46
Cullman,0044 CENTER HILL COMM CTR,"State Republican Executive Committee, Cullman County",,REP,Unverified Candidate 1,107
Cullman,0044 CENTER HILL COMM CTR,"State Republican Executive Committee, Cullman County",,REP,Unverified Candidate 1,85
Cullman,0044 CENTER HILL COMM CTR,"State Republican Executive Committee, Cullman County",,REP,Unverified Candidate 2,48
Cullman,0044 CENTER HILL COMM CTR,"State Republican Executive Committee, Cullman County",,REP,Unverified Candidate 2,20
Cullman,0044 CENTER HILL COMM CTR,"State Republican Executive Committee, Cullman County",,REP,Unverified Candidate 3,36
Cullman,0044 CENTER HILL COMM CTR,State Senate,4,REP,Garlan Gudger,120
Cullman,0044 CENTER HILL COMM CTR,State Senate,4,REP,J.R. Bowling,51
Cullman,0044 CENTER HILL COMM CTR,State Treasurer,,REP,Steve Lolley,55
Cullman,0044 CENTER HILL COMM CTR,State Treasurer,,REP,Young Boozer,98
Cullman,0044 CENTER HILL COMM CTR,U.S. House,4,REP,Robert B. Aderholt,144
Cullman,0044 CENTER HILL COMM CTR,U.S. House,4,REP,Tommy Barnes,24
Cullman,0044 CENTER HILL COMM CTR,U.S. Senate,,REP,Barry Moore,41
Cullman,0044 CENTER HILL COMM CTR,U.S. Senate,,REP,Dale Shelton Deas Jr.,4
Cullman,0044 CENTER HILL COMM CTR,U.S. Senate,,REP,Jared Hudson,61
Cullman,0044 CENTER HILL COMM CTR,U.S. Senate,,REP,Morgan Murphy,4
Cullman,0044 CENTER HILL COMM CTR,U.S. Senate,,REP,Rodney Walker,4
Cullman,0044 CENTER HILL COMM CTR,U.S. Senate,,REP,Seth Burton,4
Cullman,0044 CENTER HILL COMM CTR,U.S. Senate,,REP,Steve Marshall,46
Cullman,0045 SIMCOE COMM CTR,Proposed Statewide Amendment 1,,,No,30
Cullman,0045 SIMCOE COMM CTR,Proposed Statewide Amendment 1,,,Yes,235
Cullman,0045 SIMCOE COMM CTR,Proposed Statewide Amendment 2,,,No,121
Cullman,0045 SIMCOE COMM CTR,Proposed Statewide Amendment 2,,,Yes,135
Cullman,0045 SIMCOE COMM CTR,Lieutenant Governor,,DEM,Darryl D. Perryman,7
Cullman,0045 SIMCOE COMM CTR,Lieutenant Governor,,DEM,Phillip Ensler,7
Cullman,0045 SIMCOE COMM CTR,"Public Service Commission, Place No. 1",,DEM,James O. Gordon,4
Cullman,0045 SIMCOE COMM CTR,"Public Service Commission, Place No. 1",,DEM,Jeff Ramsey,10
Cullman,0045 SIMCOE COMM CTR,"Public Service Commission, Place No. 1",,DEM,John Northrop,0
Cullman,0045 SIMCOE COMM CTR,U.S. House,4,DEM,Amanda N. Pusczek,8
Cullman,0045 SIMCOE COMM CTR,U.S. House,4,DEM,Unverified Candidate 3,6
Cullman,0045 SIMCOE COMM CTR,U.S. Senate,,DEM,Dakarai Larriett,2
Cullman,0045 SIMCOE COMM CTR,U.S. Senate,,DEM,Everett Wess,1
Cullman,0045 SIMCOE COMM CTR,U.S. Senate,,DEM,Kyle Sweetser,3
Cullman,0045 SIMCOE COMM CTR,U.S. Senate,,DEM,Mark S. Wheeler II,8
Cullman,0045 SIMCOE COMM CTR,Attorney General,,REP,Jay Mitchell,96
Cullman,0045 SIMCOE COMM CTR,Attorney General,,REP,Katherine Robertson,90
Cullman,0045 SIMCOE COMM CTR,Attorney General,,REP,Pamela L. Casey,70
Cullman,0045 SIMCOE COMM CTR,Commissioner of Agriculture and Industries,,REP,Christina Woerner McInnis,62
Cullman,0045 SIMCOE COMM CTR,Commissioner of Agriculture and Industries,,REP,Cory Hill,120
Cullman,0045 SIMCOE COMM CTR,Commissioner of Agriculture and Industries,,REP,Jack Williams,65
Cullman,0045 SIMCOE COMM CTR,"Cullman County Republican Executive Committee, At La",,REP,Unverified Candidate 1,111
Cullman,0045 SIMCOE COMM CTR,"Cullman County Republican Executive Committee, At La",,REP,Unverified Candidate 10,76
Cullman,0045 SIMCOE COMM CTR,"Cullman County Republican Executive Committee, At La",,REP,Unverified Candidate 2,102
Cullman,0045 SIMCOE COMM CTR,"Cullman County Republican Executive Committee, At La",,REP,Unverified Candidate 3,133
Cullman,0045 SIMCOE COMM CTR,"Cullman County Republican Executive Committee, At La",,REP,Unverified Candidate 4,131
Cullman,0045 SIMCOE COMM CTR,"Cullman County Republican Executive Committee, At La",,REP,Unverified Candidate 5,129
Cullman,0045 SIMCOE COMM CTR,"Cullman County Republican Executive Committee, At La",,REP,Unverified Candidate 6,63
Cullman,0045 SIMCOE COMM CTR,"Cullman County Republican Executive Committee, At La",,REP,Unverified Candidate 7,104
Cullman,0045 SIMCOE COMM CTR,"Cullman County Republican Executive Committee, At La",,REP,Unverified Candidate 8,88
Cullman,0045 SIMCOE COMM CTR,"Cullman County Republican Executive Committee, At La",,REP,Unverified Candidate 9,100
Cullman,0045 SIMCOE COMM CTR,"Cullman County Republican Executive Committee, East",,REP,Unverified Candidate 1,97
Cullman,0045 SIMCOE COMM CTR,"Cullman County Republican Executive Committee, East",,REP,Unverified Candidate 2,71
Cullman,0045 SIMCOE COMM CTR,"Cullman County Republican Executive Committee, East",,REP,Unverified Candidate 3,83
Cullman,0045 SIMCOE COMM CTR,"Cullman County Republican Executive Committee, East",,REP,Unverified Candidate 4,128
Cullman,0045 SIMCOE COMM CTR,"Cullman County Republican Executive Committee, West",,REP,Unverified Candidate 1,80
Cullman,0045 SIMCOE COMM CTR,"Cullman County Republican Executive Committee, West",,REP,Unverified Candidate 2,66
Cullman,0045 SIMCOE COMM CTR,"Cullman County Republican Executive Committee, West",,REP,Unverified Candidate 3,94
Cullman,0045 SIMCOE COMM CTR,"Cullman County Republican Executive Committee, West",,REP,Unverified Candidate 4,97
Cullman,0045 SIMCOE COMM CTR,Cullman County Revenue Commissioner,,REP,Kenneth Cornelius,126
Cullman,0045 SIMCOE COMM CTR,Cullman County Revenue Commissioner,,REP,Mike Pitts,128
Cullman,0045 SIMCOE COMM CTR,Cullman County Sheriff,,REP,Chad Whaley,176
Cullman,0045 SIMCOE COMM CTR,Cullman County Sheriff,,REP,Tim Creel,97
Cullman,0045 SIMCOE COMM CTR,Fairview / District No. 2,,REP,Unverified Candidate 1,92
Cullman,0045 SIMCOE COMM CTR,Fairview / District No. 2,,REP,Unverified Candidate 2,128
Cullman,0045 SIMCOE COMM CTR,Governor,,REP,"""Alabama"" Will Santivasci",9
Cullman,0045 SIMCOE COMM CTR,Governor,,REP,Ken McFeeters,15
Cullman,0045 SIMCOE COMM CTR,Governor,,REP,Thomas Tuberville,249
Cullman,0045 SIMCOE COMM CTR,Lieutenant Governor,,REP,George Childress,3
Cullman,0045 SIMCOE COMM CTR,Lieutenant Governor,,REP,John Wahl,117
Cullman,0045 SIMCOE COMM CTR,Lieutenant Governor,,REP,Nicole Jones Wadsworth,12
Cullman,0045 SIMCOE COMM CTR,Lieutenant Governor,,REP,Pat Bishop,16
Cullman,0045 SIMCOE COMM CTR,Lieutenant Governor,,REP,Rick Pate,11
Cullman,0045 SIMCOE COMM CTR,Lieutenant Governor,,REP,Stewart Hill Tankersley,5
Cullman,0045 SIMCOE COMM CTR,Lieutenant Governor,,REP,Wes Allen,100
Cullman,0045 SIMCOE COMM CTR,"Member, Cullman County Commission, District 1",,REP,Kenneth Walker,169
Cullman,0045 SIMCOE COMM CTR,"Member, Cullman County Commission, District 1",,REP,Reburn Miller,85
Cullman,0045 SIMCOE COMM CTR,"Member, Cullman County Commission, District 2",,REP,Josh Speakman,99
Cullman,0045 SIMCOE COMM CTR,"Member, Cullman County Commission, District 2",,REP,Richard Barnett,134
Cullman,0045 SIMCOE COMM CTR,"Public Service Commission, Place No. 1",,REP,Jeremy H. Oden,65
Cullman,0045 SIMCOE COMM CTR,"Public Service Commission, Place No. 1",,REP,Matt Gentry,206
Cullman,0045 SIMCOE COMM CTR,"Public Service Commission, Place No. 2",,REP,Brent Woodall,51
Cullman,0045 SIMCOE COMM CTR,"Public Service Commission, Place No. 2",,REP,Chris Beeker,53
Cullman,0045 SIMCOE COMM CTR,"Public Service Commission, Place No. 2",,REP,Jim Zig Zeigler,95
Cullman,0045 SIMCOE COMM CTR,"Public Service Commission, Place No. 2",,REP,Priscilla Andrews,30
Cullman,0045 SIMCOE COMM CTR,Secretary of State,,REP,Caroleene Dobson,178
Cullman,0045 SIMCOE COMM CTR,Secretary of State,,REP,Christopher Christian Horn,50
Cullman,0045 SIMCOE COMM CTR,Secretary of State,,REP,Glenda S. Jackson,22
Cullman,0045 SIMCOE COMM CTR,State Auditor,,REP,Andrew Sorrell,171
Cullman,0045 SIMCOE COMM CTR,State Auditor,,REP,Derek Chen,70
Cullman,0045 SIMCOE COMM CTR,State Board of Education,6,REP,Cathi Bradford,153
Cullman,0045 SIMCOE COMM CTR,State Board of Education,6,REP,Marie Manning,74
Cullman,0045 SIMCOE COMM CTR,"State Republican Executive Committee, Cullman County",,REP,Unverified Candidate 1,139
Cullman,0045 SIMCOE COMM CTR,"State Republican Executive Committee, Cullman County",,REP,Unverified Candidate 1,144
Cullman,0045 SIMCOE COMM CTR,"State Republican Executive Committee, Cullman County",,REP,Unverified Candidate 2,97
Cullman,0045 SIMCOE COMM CTR,"State Republican Executive Committee, Cullman County",,REP,Unverified Candidate 2,43
Cullman,0045 SIMCOE COMM CTR,"State Republican Executive Committee, Cullman County",,REP,Unverified Candidate 3,53
Cullman,0045 SIMCOE COMM CTR,State Senate,4,REP,Garlan Gudger,144
Cullman,0045 SIMCOE COMM CTR,State Senate,4,REP,J.R. Bowling,121
Cullman,0045 SIMCOE COMM CTR,State Treasurer,,REP,Steve Lolley,80
Cullman,0045 SIMCOE COMM CTR,State Treasurer,,REP,Young Boozer,161
Cullman,0045 SIMCOE COMM CTR,U.S. House,4,REP,Robert B. Aderholt,210
Cullman,0045 SIMCOE COMM CTR,U.S. House,4,REP,Tommy Barnes,53
Cullman,0045 SIMCOE COMM CTR,U.S. Senate,,REP,Barry Moore,70
Cullman,0045 SIMCOE COMM CTR,U.S. Senate,,REP,Dale Shelton Deas Jr.,2
Cullman,0045 SIMCOE COMM CTR,U.S. Senate,,REP,Jared Hudson,81
Cullman,0045 SIMCOE COMM CTR,U.S. Senate,,REP,Morgan Murphy,2
Cullman,0045 SIMCOE COMM CTR,U.S. Senate,,REP,Rodney Walker,26
Cullman,0045 SIMCOE COMM CTR,U.S. Senate,,REP,Seth Burton,5
Cullman,0045 SIMCOE COMM CTR,U.S. Senate,,REP,Steve Marshall,82
Cullman,0046 BALDWIN FAMILY LIFE CTR,Proposed Statewide Amendment 1,,,No,28
Cullman,0046 BALDWIN FAMILY LIFE CTR,Proposed Statewide Amendment 1,,,Yes,166
Cullman,0046 BALDWIN FAMILY LIFE CTR,Proposed Statewide Amendment 2,,,No,105
Cullman,0046 BALDWIN FAMILY LIFE CTR,Proposed Statewide Amendment 2,,,Yes,83
Cullman,0046 BALDWIN FAMILY LIFE CTR,Lieutenant Governor,,DEM,Darryl D. Perryman,3
Cullman,0046 BALDWIN FAMILY LIFE CTR,Lieutenant Governor,,DEM,Phillip Ensler,4
Cullman,0046 BALDWIN FAMILY LIFE CTR,"Public Service Commission, Place No. 1",,DEM,James O. Gordon,3
Cullman,0046 BALDWIN FAMILY LIFE CTR,"Public Service Commission, Place No. 1",,DEM,Jeff Ramsey,2
Cullman,0046 BALDWIN FAMILY LIFE CTR,"Public Service Commission, Place No. 1",,DEM,John Northrop,2
Cullman,0046 BALDWIN FAMILY LIFE CTR,U.S. House,4,DEM,Amanda N. Pusczek,3
Cullman,0046 BALDWIN FAMILY LIFE CTR,U.S. House,4,DEM,Unverified Candidate 3,4
Cullman,0046 BALDWIN FAMILY LIFE CTR,U.S. Senate,,DEM,Dakarai Larriett,0
Cullman,0046 BALDWIN FAMILY LIFE CTR,U.S. Senate,,DEM,Everett Wess,4
Cullman,0046 BALDWIN FAMILY LIFE CTR,U.S. Senate,,DEM,Kyle Sweetser,1
Cullman,0046 BALDWIN FAMILY LIFE CTR,U.S. Senate,,DEM,Mark S. Wheeler II,2
Cullman,0046 BALDWIN FAMILY LIFE CTR,Attorney General,,REP,Jay Mitchell,66
Cullman,0046 BALDWIN FAMILY LIFE CTR,Attorney General,,REP,Katherine Robertson,75
Cullman,0046 BALDWIN FAMILY LIFE CTR,Attorney General,,REP,Pamela L. Casey,38
Cullman,0046 BALDWIN FAMILY LIFE CTR,Commissioner of Agriculture and Industries,,REP,Christina Woerner McInnis,52
Cullman,0046 BALDWIN FAMILY LIFE CTR,Commissioner of Agriculture and Industries,,REP,Cory Hill,60
Cullman,0046 BALDWIN FAMILY LIFE CTR,Commissioner of Agriculture and Industries,,REP,Jack Williams,50
Cullman,0046 BALDWIN FAMILY LIFE CTR,"Cullman County Republican Executive Committee, At La",,REP,Unverified Candidate 1,71
Cullman,0046 BALDWIN FAMILY LIFE CTR,"Cullman County Republican Executive Committee, At La",,REP,Unverified Candidate 10,45
Cullman,0046 BALDWIN FAMILY LIFE CTR,"Cullman County Republican Executive Committee, At La",,REP,Unverified Candidate 2,48
Cullman,0046 BALDWIN FAMILY LIFE CTR,"Cullman County Republican Executive Committee, At La",,REP,Unverified Candidate 3,96
Cullman,0046 BALDWIN FAMILY LIFE CTR,"Cullman County Republican Executive Committee, At La",,REP,Unverified Candidate 4,85
Cullman,0046 BALDWIN FAMILY LIFE CTR,"Cullman County Republican Executive Committee, At La",,REP,Unverified Candidate 5,63
Cullman,0046 BALDWIN FAMILY LIFE CTR,"Cullman County Republican Executive Committee, At La",,REP,Unverified Candidate 6,41
Cullman,0046 BALDWIN FAMILY LIFE CTR,"Cullman County Republican Executive Committee, At La",,REP,Unverified Candidate 7,60
Cullman,0046 BALDWIN FAMILY LIFE CTR,"Cullman County Republican Executive Committee, At La",,REP,Unverified Candidate 8,54
Cullman,0046 BALDWIN FAMILY LIFE CTR,"Cullman County Republican Executive Committee, At La",,REP,Unverified Candidate 9,65
Cullman,0046 BALDWIN FAMILY LIFE CTR,"Cullman County Republican Executive Committee, East",,REP,Unverified Candidate 1,55
Cullman,0046 BALDWIN FAMILY LIFE CTR,"Cullman County Republican Executive Committee, East",,REP,Unverified Candidate 2,37
Cullman,0046 BALDWIN FAMILY LIFE CTR,"Cullman County Republican Executive Committee, East",,REP,Unverified Candidate 3,73
Cullman,0046 BALDWIN FAMILY LIFE CTR,"Cullman County Republican Executive Committee, East",,REP,Unverified Candidate 4,73
Cullman,0046 BALDWIN FAMILY LIFE CTR,"Cullman County Republican Executive Committee, West",,REP,Unverified Candidate 1,69
Cullman,0046 BALDWIN FAMILY LIFE CTR,"Cullman County Republican Executive Committee, West",,REP,Unverified Candidate 2,48
Cullman,0046 BALDWIN FAMILY LIFE CTR,"Cullman County Republican Executive Committee, West",,REP,Unverified Candidate 3,66
Cullman,0046 BALDWIN FAMILY LIFE CTR,"Cullman County Republican Executive Committee, West",,REP,Unverified Candidate 4,64
Cullman,0046 BALDWIN FAMILY LIFE CTR,Cullman County Revenue Commissioner,,REP,Kenneth Cornelius,82
Cullman,0046 BALDWIN FAMILY LIFE CTR,Cullman County Revenue Commissioner,,REP,Mike Pitts,101
Cullman,0046 BALDWIN FAMILY LIFE CTR,Cullman County Sheriff,,REP,Chad Whaley,108
Cullman,0046 BALDWIN FAMILY LIFE CTR,Cullman County Sheriff,,REP,Tim Creel,83
Cullman,0046 BALDWIN FAMILY LIFE CTR,Governor,,REP,"""Alabama"" Will Santivasci",8
Cullman,0046 BALDWIN FAMILY LIFE CTR,Governor,,REP,Ken McFeeters,9
Cullman,0046 BALDWIN FAMILY LIFE CTR,Governor,,REP,Thomas Tuberville,171
Cullman,0046 BALDWIN FAMILY LIFE CTR,Lieutenant Governor,,REP,George Childress,6
Cullman,0046 BALDWIN FAMILY LIFE CTR,Lieutenant Governor,,REP,John Wahl,72
Cullman,0046 BALDWIN FAMILY LIFE CTR,Lieutenant Governor,,REP,Nicole Jones Wadsworth,15
Cullman,0046 BALDWIN FAMILY LIFE CTR,Lieutenant Governor,,REP,Pat Bishop,11
Cullman,0046 BALDWIN FAMILY LIFE CTR,Lieutenant Governor,,REP,Rick Pate,10
Cullman,0046 BALDWIN FAMILY LIFE CTR,Lieutenant Governor,,REP,Stewart Hill Tankersley,7
Cullman,0046 BALDWIN FAMILY LIFE CTR,Lieutenant Governor,,REP,Wes Allen,55
Cullman,0046 BALDWIN FAMILY LIFE CTR,"Member, Cullman County Commission, District 1",,REP,Kenneth Walker,121
Cullman,0046 BALDWIN FAMILY LIFE CTR,"Member, Cullman County Commission, District 1",,REP,Reburn Miller,39
Cullman,0046 BALDWIN FAMILY LIFE CTR,"Member, Cullman County Commission, District 2",,REP,Josh Speakman,54
Cullman,0046 BALDWIN FAMILY LIFE CTR,"Member, Cullman County Commission, District 2",,REP,Richard Barnett,119
Cullman,0046 BALDWIN FAMILY LIFE CTR,"Public Service Commission, Place No. 1",,REP,Jeremy H. Oden,49
Cullman,0046 BALDWIN FAMILY LIFE CTR,"Public Service Commission, Place No. 1",,REP,Matt Gentry,142
Cullman,0046 BALDWIN FAMILY LIFE CTR,"Public Service Commission, Place No. 2",,REP,Brent Woodall,41
Cullman,0046 BALDWIN FAMILY LIFE CTR,"Public Service Commission, Place No. 2",,REP,Chris Beeker,39
Cullman,0046 BALDWIN FAMILY LIFE CTR,"Public Service Commission, Place No. 2",,REP,Jim Zig Zeigler,60
Cullman,0046 BALDWIN FAMILY LIFE CTR,"Public Service Commission, Place No. 2",,REP,Priscilla Andrews,15
Cullman,0046 BALDWIN FAMILY LIFE CTR,Secretary of State,,REP,Caroleene Dobson,111
Cullman,0046 BALDWIN FAMILY LIFE CTR,Secretary of State,,REP,Christopher Christian Horn,40
Cullman,0046 BALDWIN FAMILY LIFE CTR,Secretary of State,,REP,Glenda S. Jackson,16
Cullman,0046 BALDWIN FAMILY LIFE CTR,State Auditor,,REP,Andrew Sorrell,108
Cullman,0046 BALDWIN FAMILY LIFE CTR,State Auditor,,REP,Derek Chen,56
Cullman,0046 BALDWIN FAMILY LIFE CTR,State Board of Education,6,REP,Cathi Bradford,112
Cullman,0046 BALDWIN FAMILY LIFE CTR,State Board of Education,6,REP,Marie Manning,40
Cullman,0046 BALDWIN FAMILY LIFE CTR,"State Republican Executive Committee, Cullman County",,REP,Unverified Candidate 1,110
Cullman,0046 BALDWIN FAMILY LIFE CTR,"State Republican Executive Committee, Cullman County",,REP,Unverified Candidate 1,87
Cullman,0046 BALDWIN FAMILY LIFE CTR,"State Republican Executive Committee, Cullman County",,REP,Unverified Candidate 2,55
Cullman,0046 BALDWIN FAMILY LIFE CTR,"State Republican Executive Committee, Cullman County",,REP,Unverified Candidate 2,43
Cullman,0046 BALDWIN FAMILY LIFE CTR,"State Republican Executive Committee, Cullman County",,REP,Unverified Candidate 3,42
Cullman,0046 BALDWIN FAMILY LIFE CTR,State Senate,4,REP,Garlan Gudger,103
Cullman,0046 BALDWIN FAMILY LIFE CTR,State Senate,4,REP,J.R. Bowling,90
Cullman,0046 BALDWIN FAMILY LIFE CTR,State Treasurer,,REP,Steve Lolley,62
Cullman,0046 BALDWIN FAMILY LIFE CTR,State Treasurer,,REP,Young Boozer,103
Cullman,0046 BALDWIN FAMILY LIFE CTR,U.S. House,4,REP,Robert B. Aderholt,138
Cullman,0046 BALDWIN FAMILY LIFE CTR,U.S. House,4,REP,Tommy Barnes,44
Cullman,0046 BALDWIN FAMILY LIFE CTR,U.S. Senate,,REP,Barry Moore,48
Cullman,0046 BALDWIN FAMILY LIFE CTR,U.S. Senate,,REP,Dale Shelton Deas Jr.,5
Cullman,0046 BALDWIN FAMILY LIFE CTR,U.S. Senate,,REP,Jared Hudson,85
Cullman,0046 BALDWIN FAMILY LIFE CTR,U.S. Senate,,REP,Morgan Murphy,3
Cullman,0046 BALDWIN FAMILY LIFE CTR,U.S. Senate,,REP,Rodney Walker,7
Cullman,0046 BALDWIN FAMILY LIFE CTR,U.S. Senate,,REP,Seth Burton,4
Cullman,0046 BALDWIN FAMILY LIFE CTR,U.S. Senate,,REP,Steve Marshall,31
Cullman,0046 BALDWIN FAMILY LIFE CTR,West Point / District No. 1,,REP,Unverified Candidate 1,108
Cullman,0046 BALDWIN FAMILY LIFE CTR,West Point / District No. 1,,REP,Unverified Candidate 2,63
Cullman,0047 CULLMAN CO. HEALTH DEPT.,Proposed Statewide Amendment 1,,,No,30
Cullman,0047 CULLMAN CO. HEALTH DEPT.,Proposed Statewide Amendment 1,,,Yes,153
Cullman,0047 CULLMAN CO. HEALTH DEPT.,Proposed Statewide Amendment 2,,,No,87
Cullman,0047 CULLMAN CO. HEALTH DEPT.,Proposed Statewide Amendment 2,,,Yes,88
Cullman,0047 CULLMAN CO. HEALTH DEPT.,Lieutenant Governor,,DEM,Darryl D. Perryman,2
Cullman,0047 CULLMAN CO. HEALTH DEPT.,Lieutenant Governor,,DEM,Phillip Ensler,2
Cullman,0047 CULLMAN CO. HEALTH DEPT.,"Public Service Commission, Place No. 1",,DEM,James O. Gordon,3
Cullman,0047 CULLMAN CO. HEALTH DEPT.,"Public Service Commission, Place No. 1",,DEM,Jeff Ramsey,2
Cullman,0047 CULLMAN CO. HEALTH DEPT.,"Public Service Commission, Place No. 1",,DEM,John Northrop,0
Cullman,0047 CULLMAN CO. HEALTH DEPT.,U.S. House,4,DEM,Amanda N. Pusczek,2
Cullman,0047 CULLMAN CO. HEALTH DEPT.,U.S. House,4,DEM,Unverified Candidate 3,3
Cullman,0047 CULLMAN CO. HEALTH DEPT.,U.S. Senate,,DEM,Dakarai Larriett,0
Cullman,0047 CULLMAN CO. HEALTH DEPT.,U.S. Senate,,DEM,Everett Wess,2
Cullman,0047 CULLMAN CO. HEALTH DEPT.,U.S. Senate,,DEM,Kyle Sweetser,2
Cullman,0047 CULLMAN CO. HEALTH DEPT.,U.S. Senate,,DEM,Mark S. Wheeler II,1
Cullman,0047 CULLMAN CO. HEALTH DEPT.,Attorney General,,REP,Jay Mitchell,56
Cullman,0047 CULLMAN CO. HEALTH DEPT.,Attorney General,,REP,Katherine Robertson,70
Cullman,0047 CULLMAN CO. HEALTH DEPT.,Attorney General,,REP,Pamela L. Casey,48
Cullman,0047 CULLMAN CO. HEALTH DEPT.,Commissioner of Agriculture and Industries,,REP,Christina Woerner McInnis,48
Cullman,0047 CULLMAN CO. HEALTH DEPT.,Commissioner of Agriculture and Industries,,REP,Cory Hill,60
Cullman,0047 CULLMAN CO. HEALTH DEPT.,Commissioner of Agriculture and Industries,,REP,Jack Williams,54
Cullman,0047 CULLMAN CO. HEALTH DEPT.,"Cullman County Republican Executive Committee, At La",,REP,Unverified Candidate 1,96
Cullman,0047 CULLMAN CO. HEALTH DEPT.,"Cullman County Republican Executive Committee, At La",,REP,Unverified Candidate 10,57
Cullman,0047 CULLMAN CO. HEALTH DEPT.,"Cullman County Republican Executive Committee, At La",,REP,Unverified Candidate 2,50
Cullman,0047 CULLMAN CO. HEALTH DEPT.,"Cullman County Republican Executive Committee, At La",,REP,Unverified Candidate 3,94
Cullman,0047 CULLMAN CO. HEALTH DEPT.,"Cullman County Republican Executive Committee, At La",,REP,Unverified Candidate 4,95
Cullman,0047 CULLMAN CO. HEALTH DEPT.,"Cullman County Republican Executive Committee, At La",,REP,Unverified Candidate 5,72
Cullman,0047 CULLMAN CO. HEALTH DEPT.,"Cullman County Republican Executive Committee, At La",,REP,Unverified Candidate 6,54
Cullman,0047 CULLMAN CO. HEALTH DEPT.,"Cullman County Republican Executive Committee, At La",,REP,Unverified Candidate 7,62
Cullman,0047 CULLMAN CO. HEALTH DEPT.,"Cullman County Republican Executive Committee, At La",,REP,Unverified Candidate 8,61
Cullman,0047 CULLMAN CO. HEALTH DEPT.,"Cullman County Republican Executive Committee, At La",,REP,Unverified Candidate 9,80
Cullman,0047 CULLMAN CO. HEALTH DEPT.,"Cullman County Republican Executive Committee, East",,REP,Unverified Candidate 1,59
Cullman,0047 CULLMAN CO. HEALTH DEPT.,"Cullman County Republican Executive Committee, East",,REP,Unverified Candidate 2,42
Cullman,0047 CULLMAN CO. HEALTH DEPT.,"Cullman County Republican Executive Committee, East",,REP,Unverified Candidate 3,69
Cullman,0047 CULLMAN CO. HEALTH DEPT.,"Cullman County Republican Executive Committee, East",,REP,Unverified Candidate 4,80
Cullman,0047 CULLMAN CO. HEALTH DEPT.,"Cullman County Republican Executive Committee, West",,REP,Unverified Candidate 1,62
Cullman,0047 CULLMAN CO. HEALTH DEPT.,"Cullman County Republican Executive Committee, West",,REP,Unverified Candidate 2,57
Cullman,0047 CULLMAN CO. HEALTH DEPT.,"Cullman County Republican Executive Committee, West",,REP,Unverified Candidate 3,64
Cullman,0047 CULLMAN CO. HEALTH DEPT.,"Cullman County Republican Executive Committee, West",,REP,Unverified Candidate 4,58
Cullman,0047 CULLMAN CO. HEALTH DEPT.,Cullman County Revenue Commissioner,,REP,Kenneth Cornelius,94
Cullman,0047 CULLMAN CO. HEALTH DEPT.,Cullman County Revenue Commissioner,,REP,Mike Pitts,83
Cullman,0047 CULLMAN CO. HEALTH DEPT.,Cullman County Sheriff,,REP,Chad Whaley,129
Cullman,0047 CULLMAN CO. HEALTH DEPT.,Cullman County Sheriff,,REP,Tim Creel,55
Cullman,0047 CULLMAN CO. HEALTH DEPT.,Governor,,REP,"""Alabama"" Will Santivasci",12
Cullman,0047 CULLMAN CO. HEALTH DEPT.,Governor,,REP,Ken McFeeters,13
Cullman,0047 CULLMAN CO. HEALTH DEPT.,Governor,,REP,Thomas Tuberville,158
Cullman,0047 CULLMAN CO. HEALTH DEPT.,Lieutenant Governor,,REP,George Childress,4
Cullman,0047 CULLMAN CO. HEALTH DEPT.,Lieutenant Governor,,REP,John Wahl,74
Cullman,0047 CULLMAN CO. HEALTH DEPT.,Lieutenant Governor,,REP,Nicole Jones Wadsworth,12
Cullman,0047 CULLMAN CO. HEALTH DEPT.,Lieutenant Governor,,REP,Pat Bishop,8
Cullman,0047 CULLMAN CO. HEALTH DEPT.,Lieutenant Governor,,REP,Rick Pate,17
Cullman,0047 CULLMAN CO. HEALTH DEPT.,Lieutenant Governor,,REP,Stewart Hill Tankersley,2
Cullman,0047 CULLMAN CO. HEALTH DEPT.,Lieutenant Governor,,REP,Wes Allen,55
Cullman,0047 CULLMAN CO. HEALTH DEPT.,"Member, Cullman County Commission, District 1",,REP,Kenneth Walker,126
Cullman,0047 CULLMAN CO. HEALTH DEPT.,"Member, Cullman County Commission, District 1",,REP,Reburn Miller,41
Cullman,0047 CULLMAN CO. HEALTH DEPT.,"Member, Cullman County Commission, District 2",,REP,Josh Speakman,74
Cullman,0047 CULLMAN CO. HEALTH DEPT.,"Member, Cullman County Commission, District 2",,REP,Richard Barnett,94
Cullman,0047 CULLMAN CO. HEALTH DEPT.,"Public Service Commission, Place No. 1",,REP,Jeremy H. Oden,38
Cullman,0047 CULLMAN CO. HEALTH DEPT.,"Public Service Commission, Place No. 1",,REP,Matt Gentry,148
Cullman,0047 CULLMAN CO. HEALTH DEPT.,"Public Service Commission, Place No. 2",,REP,Brent Woodall,27
Cullman,0047 CULLMAN CO. HEALTH DEPT.,"Public Service Commission, Place No. 2",,REP,Chris Beeker,50
Cullman,0047 CULLMAN CO. HEALTH DEPT.,"Public Service Commission, Place No. 2",,REP,Jim Zig Zeigler,67
Cullman,0047 CULLMAN CO. HEALTH DEPT.,"Public Service Commission, Place No. 2",,REP,Priscilla Andrews,17
Cullman,0047 CULLMAN CO. HEALTH DEPT.,Secretary of State,,REP,Caroleene Dobson,98
Cullman,0047 CULLMAN CO. HEALTH DEPT.,Secretary of State,,REP,Christopher Christian Horn,37
Cullman,0047 CULLMAN CO. HEALTH DEPT.,Secretary of State,,REP,Glenda S. Jackson,26
Cullman,0047 CULLMAN CO. HEALTH DEPT.,State Auditor,,REP,Andrew Sorrell,120
Cullman,0047 CULLMAN CO. HEALTH DEPT.,State Auditor,,REP,Derek Chen,44
Cullman,0047 CULLMAN CO. HEALTH DEPT.,State Board of Education,6,REP,Cathi Bradford,82
Cullman,0047 CULLMAN CO. HEALTH DEPT.,State Board of Education,6,REP,Marie Manning,71
Cullman,0047 CULLMAN CO. HEALTH DEPT.,"State Republican Executive Committee, Cullman County",,REP,Unverified Candidate 1,93
Cullman,0047 CULLMAN CO. HEALTH DEPT.,"State Republican Executive Committee, Cullman County",,REP,Unverified Candidate 1,73
Cullman,0047 CULLMAN CO. HEALTH DEPT.,"State Republican Executive Committee, Cullman County",,REP,Unverified Candidate 2,70
Cullman,0047 CULLMAN CO. HEALTH DEPT.,"State Republican Executive Committee, Cullman County",,REP,Unverified Candidate 2,43
Cullman,0047 CULLMAN CO. HEALTH DEPT.,"State Republican Executive Committee, Cullman County",,REP,Unverified Candidate 3,51
Cullman,0047 CULLMAN CO. HEALTH DEPT.,State Senate,4,REP,Garlan Gudger,123
Cullman,0047 CULLMAN CO. HEALTH DEPT.,State Senate,4,REP,J.R. Bowling,64
Cullman,0047 CULLMAN CO. HEALTH DEPT.,State Treasurer,,REP,Steve Lolley,52
Cullman,0047 CULLMAN CO. HEALTH DEPT.,State Treasurer,,REP,Young Boozer,108
Cullman,0047 CULLMAN CO. HEALTH DEPT.,U.S. House,4,REP,Robert B. Aderholt,144
Cullman,0047 CULLMAN CO. HEALTH DEPT.,U.S. House,4,REP,Tommy Barnes,37
Cullman,0047 CULLMAN CO. HEALTH DEPT.,U.S. Senate,,REP,Barry Moore,48
Cullman,0047 CULLMAN CO. HEALTH DEPT.,U.S. Senate,,REP,Dale Shelton Deas Jr.,6
Cullman,0047 CULLMAN CO. HEALTH DEPT.,U.S. Senate,,REP,Jared Hudson,63
Cullman,0047 CULLMAN CO. HEALTH DEPT.,U.S. Senate,,REP,Morgan Murphy,0
Cullman,0047 CULLMAN CO. HEALTH DEPT.,U.S. Senate,,REP,Rodney Walker,11
Cullman,0047 CULLMAN CO. HEALTH DEPT.,U.S. Senate,,REP,Seth Burton,3
Cullman,0047 CULLMAN CO. HEALTH DEPT.,U.S. Senate,,REP,Steve Marshall,49
Cullman,0048 EAST POINT COMM CTR,Proposed Statewide Amendment 1,,,No,29
Cullman,0048 EAST POINT COMM CTR,Proposed Statewide Amendment 1,,,Yes,178
Cullman,0048 EAST POINT COMM CTR,Proposed Statewide Amendment 2,,,No,95
Cullman,0048 EAST POINT COMM CTR,Proposed Statewide Amendment 2,,,Yes,109
Cullman,0048 EAST POINT COMM CTR,Lieutenant Governor,,DEM,Darryl D. Perryman,3
Cullman,0048 EAST POINT COMM CTR,Lieutenant Governor,,DEM,Phillip Ensler,5
Cullman,0048 EAST POINT COMM CTR,"Public Service Commission, Place No. 1",,DEM,James O. Gordon,5
Cullman,0048 EAST POINT COMM CTR,"Public Service Commission, Place No. 1",,DEM,Jeff Ramsey,2
Cullman,0048 EAST POINT COMM CTR,"Public Service Commission, Place No. 1",,DEM,John Northrop,1
Cullman,0048 EAST POINT COMM CTR,U.S. House,4,DEM,Amanda N. Pusczek,3
Cullman,0048 EAST POINT COMM CTR,U.S. House,4,DEM,Unverified Candidate 3,5
Cullman,0048 EAST POINT COMM CTR,U.S. Senate,,DEM,Dakarai Larriett,1
Cullman,0048 EAST POINT COMM CTR,U.S. Senate,,DEM,Everett Wess,1
Cullman,0048 EAST POINT COMM CTR,U.S. Senate,,DEM,Kyle Sweetser,2
Cullman,0048 EAST POINT COMM CTR,U.S. Senate,,DEM,Mark S. Wheeler II,4
Cullman,0048 EAST POINT COMM CTR,Attorney General,,REP,Jay Mitchell,63
Cullman,0048 EAST POINT COMM CTR,Attorney General,,REP,Katherine Robertson,71
Cullman,0048 EAST POINT COMM CTR,Attorney General,,REP,Pamela L. Casey,68
Cullman,0048 EAST POINT COMM CTR,Commissioner of Agriculture and Industries,,REP,Christina Woerner McInnis,50
Cullman,0048 EAST POINT COMM CTR,Commissioner of Agriculture and Industries,,REP,Cory Hill,89
Cullman,0048 EAST POINT COMM CTR,Commissioner of Agriculture and Industries,,REP,Jack Williams,50
Cullman,0048 EAST POINT COMM CTR,"Cullman County Republican Executive Committee, At La",,REP,Unverified Candidate 1,100
Cullman,0048 EAST POINT COMM CTR,"Cullman County Republican Executive Committee, At La",,REP,Unverified Candidate 10,64
Cullman,0048 EAST POINT COMM CTR,"Cullman County Republican Executive Committee, At La",,REP,Unverified Candidate 2,64
Cullman,0048 EAST POINT COMM CTR,"Cullman County Republican Executive Committee, At La",,REP,Unverified Candidate 3,130
Cullman,0048 EAST POINT COMM CTR,"Cullman County Republican Executive Committee, At La",,REP,Unverified Candidate 4,114
Cullman,0048 EAST POINT COMM CTR,"Cullman County Republican Executive Committee, At La",,REP,Unverified Candidate 5,92
Cullman,0048 EAST POINT COMM CTR,"Cullman County Republican Executive Committee, At La",,REP,Unverified Candidate 6,51
Cullman,0048 EAST POINT COMM CTR,"Cullman County Republican Executive Committee, At La",,REP,Unverified Candidate 7,83
Cullman,0048 EAST POINT COMM CTR,"Cullman County Republican Executive Committee, At La",,REP,Unverified Candidate 8,79
Cullman,0048 EAST POINT COMM CTR,"Cullman County Republican Executive Committee, At La",,REP,Unverified Candidate 9,81
Cullman,0048 EAST POINT COMM CTR,"Cullman County Republican Executive Committee, East",,REP,Unverified Candidate 1,78
Cullman,0048 EAST POINT COMM CTR,"Cullman County Republican Executive Committee, East",,REP,Unverified Candidate 2,39
Cullman,0048 EAST POINT COMM CTR,"Cullman County Republican Executive Committee, East",,REP,Unverified Candidate 3,76
Cullman,0048 EAST POINT COMM CTR,"Cullman County Republican Executive Committee, East",,REP,Unverified Candidate 4,99
Cullman,0048 EAST POINT COMM CTR,"Cullman County Republican Executive Committee, West",,REP,Unverified Candidate 1,59
Cullman,0048 EAST POINT COMM CTR,"Cullman County Republican Executive Committee, West",,REP,Unverified Candidate 2,75
Cullman,0048 EAST POINT COMM CTR,"Cullman County Republican Executive Committee, West",,REP,Unverified Candidate 3,92
Cullman,0048 EAST POINT COMM CTR,"Cullman County Republican Executive Committee, West",,REP,Unverified Candidate 4,72
Cullman,0048 EAST POINT COMM CTR,Cullman County Revenue Commissioner,,REP,Kenneth Cornelius,89
Cullman,0048 EAST POINT COMM CTR,Cullman County Revenue Commissioner,,REP,Mike Pitts,120
Cullman,0048 EAST POINT COMM CTR,Cullman County Sheriff,,REP,Chad Whaley,140
Cullman,0048 EAST POINT COMM CTR,Cullman County Sheriff,,REP,Tim Creel,78
Cullman,0048 EAST POINT COMM CTR,Fairview / District No. 2,,REP,Unverified Candidate 1,72
Cullman,0048 EAST POINT COMM CTR,Fairview / District No. 2,,REP,Unverified Candidate 2,109
Cullman,0048 EAST POINT COMM CTR,Governor,,REP,"""Alabama"" Will Santivasci",7
Cullman,0048 EAST POINT COMM CTR,Governor,,REP,Ken McFeeters,9
Cullman,0048 EAST POINT COMM CTR,Governor,,REP,Thomas Tuberville,198
Cullman,0048 EAST POINT COMM CTR,Lieutenant Governor,,REP,George Childress,2
Cullman,0048 EAST POINT COMM CTR,Lieutenant Governor,,REP,John Wahl,94
Cullman,0048 EAST POINT COMM CTR,Lieutenant Governor,,REP,Nicole Jones Wadsworth,13
Cullman,0048 EAST POINT COMM CTR,Lieutenant Governor,,REP,Pat Bishop,18
Cullman,0048 EAST POINT COMM CTR,Lieutenant Governor,,REP,Rick Pate,8
Cullman,0048 EAST POINT COMM CTR,Lieutenant Governor,,REP,Stewart Hill Tankersley,3
Cullman,0048 EAST POINT COMM CTR,Lieutenant Governor,,REP,Wes Allen,76
Cullman,0048 EAST POINT COMM CTR,"Member, Cullman County Commission, District 1",,REP,Kenneth Walker,146
Cullman,0048 EAST POINT COMM CTR,"Member, Cullman County Commission, District 1",,REP,Reburn Miller,55
Cullman,0048 EAST POINT COMM CTR,"Member, Cullman County Commission, District 2",,REP,Josh Speakman,79
Cullman,0048 EAST POINT COMM CTR,"Member, Cullman County Commission, District 2",,REP,Richard Barnett,114
Cullman,0048 EAST POINT COMM CTR,"Public Service Commission, Place No. 1",,REP,Jeremy H. Oden,50
Cullman,0048 EAST POINT COMM CTR,"Public Service Commission, Place No. 1",,REP,Matt Gentry,173
Cullman,0048 EAST POINT COMM CTR,"Public Service Commission, Place No. 2",,REP,Brent Woodall,29
Cullman,0048 EAST POINT COMM CTR,"Public Service Commission, Place No. 2",,REP,Chris Beeker,45
Cullman,0048 EAST POINT COMM CTR,"Public Service Commission, Place No. 2",,REP,Jim Zig Zeigler,86
Cullman,0048 EAST POINT COMM CTR,"Public Service Commission, Place No. 2",,REP,Priscilla Andrews,32
Cullman,0048 EAST POINT COMM CTR,Secretary of State,,REP,Caroleene Dobson,122
Cullman,0048 EAST POINT COMM CTR,Secretary of State,,REP,Christopher Christian Horn,37
Cullman,0048 EAST POINT COMM CTR,Secretary of State,,REP,Glenda S. Jackson,35
Cullman,0048 EAST POINT COMM CTR,State Auditor,,REP,Andrew Sorrell,136
Cullman,0048 EAST POINT COMM CTR,State Auditor,,REP,Derek Chen,61
Cullman,0048 EAST POINT COMM CTR,State Board of Education,6,REP,Cathi Bradford,121
Cullman,0048 EAST POINT COMM CTR,State Board of Education,6,REP,Marie Manning,54
Cullman,0048 EAST POINT COMM CTR,"State Republican Executive Committee, Cullman County",,REP,Unverified Candidate 1,105
Cullman,0048 EAST POINT COMM CTR,"State Republican Executive Committee, Cullman County",,REP,Unverified Candidate 1,102
Cullman,0048 EAST POINT COMM CTR,"State Republican Executive Committee, Cullman County",,REP,Unverified Candidate 2,83
Cullman,0048 EAST POINT COMM CTR,"State Republican Executive Committee, Cullman County",,REP,Unverified Candidate 2,32
Cullman,0048 EAST POINT COMM CTR,"State Republican Executive Committee, Cullman County",,REP,Unverified Candidate 3,54
Cullman,0048 EAST POINT COMM CTR,State Senate,4,REP,Garlan Gudger,156
Cullman,0048 EAST POINT COMM CTR,State Senate,4,REP,J.R. Bowling,62
Cullman,0048 EAST POINT COMM CTR,State Treasurer,,REP,Steve Lolley,60
Cullman,0048 EAST POINT COMM CTR,State Treasurer,,REP,Young Boozer,138
Cullman,0048 EAST POINT COMM CTR,U.S. House,4,REP,Robert B. Aderholt,197
Cullman,0048 EAST POINT COMM CTR,U.S. House,4,REP,Tommy Barnes,19
Cullman,0048 EAST POINT COMM CTR,U.S. Senate,,REP,Barry Moore,61
Cullman,0048 EAST POINT COMM CTR,U.S. Senate,,REP,Dale Shelton Deas Jr.,4
Cullman,0048 EAST POINT COMM CTR,U.S. Senate,,REP,Jared Hudson,66
Cullman,0048 EAST POINT COMM CTR,U.S. Senate,,REP,Morgan Murphy,4
Cullman,0048 EAST POINT COMM CTR,U.S. Senate,,REP,Rodney Walker,12
Cullman,0048 EAST POINT COMM CTR,U.S. Senate,,REP,Seth Burton,3
Cullman,0048 EAST POINT COMM CTR,U.S. Senate,,REP,Steve Marshall,65
Cullman,0049 BOLTE WHITE GROVE CH,Proposed Statewide Amendment 1,,,No,34
Cullman,0049 BOLTE WHITE GROVE CH,Proposed Statewide Amendment 1,,,Yes,188
Cullman,0049 BOLTE WHITE GROVE CH,Proposed Statewide Amendment 2,,,No,112
Cullman,0049 BOLTE WHITE GROVE CH,Proposed Statewide Amendment 2,,,Yes,102
Cullman,0049 BOLTE WHITE GROVE CH,Lieutenant Governor,,DEM,Darryl D. Perryman,2
Cullman,0049 BOLTE WHITE GROVE CH,Lieutenant Governor,,DEM,Phillip Ensler,6
Cullman,0049 BOLTE WHITE GROVE CH,"Public Service Commission, Place No. 1",,DEM,James O. Gordon,6
Cullman,0049 BOLTE WHITE GROVE CH,"Public Service Commission, Place No. 1",,DEM,Jeff Ramsey,1
Cullman,0049 BOLTE WHITE GROVE CH,"Public Service Commission, Place No. 1",,DEM,John Northrop,1
Cullman,0049 BOLTE WHITE GROVE CH,U.S. House,4,DEM,Amanda N. Pusczek,7
Cullman,0049 BOLTE WHITE GROVE CH,U.S. House,4,DEM,Unverified Candidate 3,1
Cullman,0049 BOLTE WHITE GROVE CH,U.S. Senate,,DEM,Dakarai Larriett,4
Cullman,0049 BOLTE WHITE GROVE CH,U.S. Senate,,DEM,Everett Wess,1
Cullman,0049 BOLTE WHITE GROVE CH,U.S. Senate,,DEM,Kyle Sweetser,2
Cullman,0049 BOLTE WHITE GROVE CH,U.S. Senate,,DEM,Mark S. Wheeler II,1
Cullman,0049 BOLTE WHITE GROVE CH,Attorney General,,REP,Jay Mitchell,65
Cullman,0049 BOLTE WHITE GROVE CH,Attorney General,,REP,Katherine Robertson,83
Cullman,0049 BOLTE WHITE GROVE CH,Attorney General,,REP,Pamela L. Casey,69
Cullman,0049 BOLTE WHITE GROVE CH,Commissioner of Agriculture and Industries,,REP,Christina Woerner McInnis,49
Cullman,0049 BOLTE WHITE GROVE CH,Commissioner of Agriculture and Industries,,REP,Cory Hill,83
Cullman,0049 BOLTE WHITE GROVE CH,Commissioner of Agriculture and Industries,,REP,Jack Williams,69
Cullman,0049 BOLTE WHITE GROVE CH,"Cullman County Republican Executive Committee, At La",,REP,Unverified Candidate 1,106
Cullman,0049 BOLTE WHITE GROVE CH,"Cullman County Republican Executive Committee, At La",,REP,Unverified Candidate 10,64
Cullman,0049 BOLTE WHITE GROVE CH,"Cullman County Republican Executive Committee, At La",,REP,Unverified Candidate 2,84
Cullman,0049 BOLTE WHITE GROVE CH,"Cullman County Republican Executive Committee, At La",,REP,Unverified Candidate 3,107
Cullman,0049 BOLTE WHITE GROVE CH,"Cullman County Republican Executive Committee, At La",,REP,Unverified Candidate 4,104
Cullman,0049 BOLTE WHITE GROVE CH,"Cullman County Republican Executive Committee, At La",,REP,Unverified Candidate 5,109
Cullman,0049 BOLTE WHITE GROVE CH,"Cullman County Republican Executive Committee, At La",,REP,Unverified Candidate 6,66
Cullman,0049 BOLTE WHITE GROVE CH,"Cullman County Republican Executive Committee, At La",,REP,Unverified Candidate 7,103
Cullman,0049 BOLTE WHITE GROVE CH,"Cullman County Republican Executive Committee, At La",,REP,Unverified Candidate 8,83
Cullman,0049 BOLTE WHITE GROVE CH,"Cullman County Republican Executive Committee, At La",,REP,Unverified Candidate 9,84
Cullman,0049 BOLTE WHITE GROVE CH,"Cullman County Republican Executive Committee, East",,REP,Unverified Candidate 1,91
Cullman,0049 BOLTE WHITE GROVE CH,"Cullman County Republican Executive Committee, East",,REP,Unverified Candidate 2,60
Cullman,0049 BOLTE WHITE GROVE CH,"Cullman County Republican Executive Committee, East",,REP,Unverified Candidate 3,85
Cullman,0049 BOLTE WHITE GROVE CH,"Cullman County Republican Executive Committee, East",,REP,Unverified Candidate 4,95
Cullman,0049 BOLTE WHITE GROVE CH,"Cullman County Republican Executive Committee, West",,REP,Unverified Candidate 1,78
Cullman,0049 BOLTE WHITE GROVE CH,"Cullman County Republican Executive Committee, West",,REP,Unverified Candidate 2,63
Cullman,0049 BOLTE WHITE GROVE CH,"Cullman County Republican Executive Committee, West",,REP,Unverified Candidate 3,91
Cullman,0049 BOLTE WHITE GROVE CH,"Cullman County Republican Executive Committee, West",,REP,Unverified Candidate 4,100
Cullman,0049 BOLTE WHITE GROVE CH,Cullman County Revenue Commissioner,,REP,Kenneth Cornelius,91
Cullman,0049 BOLTE WHITE GROVE CH,Cullman County Revenue Commissioner,,REP,Mike Pitts,132
Cullman,0049 BOLTE WHITE GROVE CH,Cullman County Sheriff,,REP,Chad Whaley,143
Cullman,0049 BOLTE WHITE GROVE CH,Cullman County Sheriff,,REP,Tim Creel,88
Cullman,0049 BOLTE WHITE GROVE CH,Governor,,REP,"""Alabama"" Will Santivasci",14
Cullman,0049 BOLTE WHITE GROVE CH,Governor,,REP,Ken McFeeters,23
Cullman,0049 BOLTE WHITE GROVE CH,Governor,,REP,Thomas Tuberville,189
Cullman,0049 BOLTE WHITE GROVE CH,Hanceville / District No. 4,,REP,Unverified Candidate 1,117
Cullman,0049 BOLTE WHITE GROVE CH,Hanceville / District No. 4,,REP,Unverified Candidate 2,76
Cullman,0049 BOLTE WHITE GROVE CH,Lieutenant Governor,,REP,George Childress,1
Cullman,0049 BOLTE WHITE GROVE CH,Lieutenant Governor,,REP,John Wahl,79
Cullman,0049 BOLTE WHITE GROVE CH,Lieutenant Governor,,REP,Nicole Jones Wadsworth,19
Cullman,0049 BOLTE WHITE GROVE CH,Lieutenant Governor,,REP,Pat Bishop,12
Cullman,0049 BOLTE WHITE GROVE CH,Lieutenant Governor,,REP,Rick Pate,16
Cullman,0049 BOLTE WHITE GROVE CH,Lieutenant Governor,,REP,Stewart Hill Tankersley,3
Cullman,0049 BOLTE WHITE GROVE CH,Lieutenant Governor,,REP,Wes Allen,82
Cullman,0049 BOLTE WHITE GROVE CH,"Member, Cullman County Commission, District 1",,REP,Kenneth Walker,153
Cullman,0049 BOLTE WHITE GROVE CH,"Member, Cullman County Commission, District 1",,REP,Reburn Miller,46
Cullman,0049 BOLTE WHITE GROVE CH,"Member, Cullman County Commission, District 2",,REP,Josh Speakman,73
Cullman,0049 BOLTE WHITE GROVE CH,"Member, Cullman County Commission, District 2",,REP,Richard Barnett,129
Cullman,0049 BOLTE WHITE GROVE CH,"Public Service Commission, Place No. 1",,REP,Jeremy H. Oden,62
Cullman,0049 BOLTE WHITE GROVE CH,"Public Service Commission, Place No. 1",,REP,Matt Gentry,169
Cullman,0049 BOLTE WHITE GROVE CH,"Public Service Commission, Place No. 2",,REP,Brent Woodall,39
Cullman,0049 BOLTE WHITE GROVE CH,"Public Service Commission, Place No. 2",,REP,Chris Beeker,52
Cullman,0049 BOLTE WHITE GROVE CH,"Public Service Commission, Place No. 2",,REP,Jim Zig Zeigler,75
Cullman,0049 BOLTE WHITE GROVE CH,"Public Service Commission, Place No. 2",,REP,Priscilla Andrews,36
Cullman,0049 BOLTE WHITE GROVE CH,Secretary of State,,REP,Caroleene Dobson,118
Cullman,0049 BOLTE WHITE GROVE CH,Secretary of State,,REP,Christopher Christian Horn,53
Cullman,0049 BOLTE WHITE GROVE CH,Secretary of State,,REP,Glenda S. Jackson,33
Cullman,0049 BOLTE WHITE GROVE CH,State Auditor,,REP,Andrew Sorrell,141
Cullman,0049 BOLTE WHITE GROVE CH,State Auditor,,REP,Derek Chen,65
Cullman,0049 BOLTE WHITE GROVE CH,State Board of Education,6,REP,Cathi Bradford,131
Cullman,0049 BOLTE WHITE GROVE CH,State Board of Education,6,REP,Marie Manning,69
Cullman,0049 BOLTE WHITE GROVE CH,"State Republican Executive Committee, Cullman County",,REP,Unverified Candidate 1,135
Cullman,0049 BOLTE WHITE GROVE CH,"State Republican Executive Committee, Cullman County",,REP,Unverified Candidate 1,128
Cullman,0049 BOLTE WHITE GROVE CH,"State Republican Executive Committee, Cullman County",,REP,Unverified Candidate 2,70
Cullman,0049 BOLTE WHITE GROVE CH,"State Republican Executive Committee, Cullman County",,REP,Unverified Candidate 2,33
Cullman,0049 BOLTE WHITE GROVE CH,"State Republican Executive Committee, Cullman County",,REP,Unverified Candidate 3,55
Cullman,0049 BOLTE WHITE GROVE CH,State Senate,4,REP,Garlan Gudger,142
Cullman,0049 BOLTE WHITE GROVE CH,State Senate,4,REP,J.R. Bowling,89
Cullman,0049 BOLTE WHITE GROVE CH,State Treasurer,,REP,Steve Lolley,94
Cullman,0049 BOLTE WHITE GROVE CH,State Treasurer,,REP,Young Boozer,115
Cullman,0049 BOLTE WHITE GROVE CH,U.S. House,4,REP,Robert B. Aderholt,171
Cullman,0049 BOLTE WHITE GROVE CH,U.S. House,4,REP,Tommy Barnes,51
Cullman,0049 BOLTE WHITE GROVE CH,U.S. Senate,,REP,Barry Moore,53
Cullman,0049 BOLTE WHITE GROVE CH,U.S. Senate,,REP,Dale Shelton Deas Jr.,1
Cullman,0049 BOLTE WHITE GROVE CH,U.S. Senate,,REP,Jared Hudson,94
Cullman,0049 BOLTE WHITE GROVE CH,U.S. Senate,,REP,Morgan Murphy,2
Cullman,0049 BOLTE WHITE GROVE CH,U.S. Senate,,REP,Rodney Walker,12
Cullman,0049 BOLTE WHITE GROVE CH,U.S. Senate,,REP,Seth Burton,7
Cullman,0049 BOLTE WHITE GROVE CH,U.S. Senate,,REP,Steve Marshall,53
Cullman,0050 ABSENTEE,Proposed Statewide Amendment 1,,,No,35
Cullman,0050 ABSENTEE,Proposed Statewide Amendment 1,,,Yes,276
Cullman,0050 ABSENTEE,Proposed Statewide Amendment 2,,,No,145
Cullman,0050 ABSENTEE,Proposed Statewide Amendment 2,,,Yes,153
Cullman,0050 ABSENTEE,Lieutenant Governor,,DEM,Darryl D. Perryman,4
Cullman,0050 ABSENTEE,Lieutenant Governor,,DEM,Phillip Ensler,14
Cullman,0050 ABSENTEE,"Public Service Commission, Place No. 1",,DEM,James O. Gordon,6
Cullman,0050 ABSENTEE,"Public Service Commission, Place No. 1",,DEM,Jeff Ramsey,6
Cullman,0050 ABSENTEE,"Public Service Commission, Place No. 1",,DEM,John Northrop,6
Cullman,0050 ABSENTEE,State Democratic Executive Committee,,DEM,Darron Mitchell,2
Cullman,0050 ABSENTEE,State Democratic Executive Committee,,DEM,James Kinsman,0
Cullman,0050 ABSENTEE,U.S. House,4,DEM,Amanda N. Pusczek,11
Cullman,0050 ABSENTEE,U.S. House,4,DEM,Unverified Candidate 3,8
Cullman,0050 ABSENTEE,U.S. Senate,,DEM,Dakarai Larriett,4
Cullman,0050 ABSENTEE,U.S. Senate,,DEM,Everett Wess,4
Cullman,0050 ABSENTEE,U.S. Senate,,DEM,Kyle Sweetser,2
Cullman,0050 ABSENTEE,U.S. Senate,,DEM,Mark S. Wheeler II,7
Cullman,0050 ABSENTEE,Attorney General,,REP,Jay Mitchell,100
Cullman,0050 ABSENTEE,Attorney General,,REP,Katherine Robertson,111
Cullman,0050 ABSENTEE,Attorney General,,REP,Pamela L. Casey,76
Cullman,0050 ABSENTEE,City of Cullman,,REP,Unverified Candidate 1,25
Cullman,0050 ABSENTEE,City of Cullman,,REP,Unverified Candidate 2,57
Cullman,0050 ABSENTEE,City of Cullman,,REP,Unverified Candidate 3,52
Cullman,0050 ABSENTEE,City of Cullman,,REP,Unverified Candidate 4,45
Cullman,0050 ABSENTEE,Commissioner of Agriculture and Industries,,REP,Christina Woerner McInnis,90
Cullman,0050 ABSENTEE,Commissioner of Agriculture and Industries,,REP,Cory Hill,77
Cullman,0050 ABSENTEE,Commissioner of Agriculture and Industries,,REP,Jack Williams,80
Cullman,0050 ABSENTEE,"Cullman County Republican Executive Committee, At La",,REP,Unverified Candidate 1,152
Cullman,0050 ABSENTEE,"Cullman County Republican Executive Committee, At La",,REP,Unverified Candidate 10,82
Cullman,0050 ABSENTEE,"Cullman County Republican Executive Committee, At La",,REP,Unverified Candidate 2,102
Cullman,0050 ABSENTEE,"Cullman County Republican Executive Committee, At La",,REP,Unverified Candidate 3,142
Cullman,0050 ABSENTEE,"Cullman County Republican Executive Committee, At La",,REP,Unverified Candidate 4,150
Cullman,0050 ABSENTEE,"Cullman County Republican Executive Committee, At La",,REP,Unverified Candidate 5,138
Cullman,0050 ABSENTEE,"Cullman County Republican Executive Committee, At La",,REP,Unverified Candidate 6,82
Cullman,0050 ABSENTEE,"Cullman County Republican Executive Committee, At La",,REP,Unverified Candidate 7,111
Cullman,0050 ABSENTEE,"Cullman County Republican Executive Committee, At La",,REP,Unverified Candidate 8,111
Cullman,0050 ABSENTEE,"Cullman County Republican Executive Committee, At La",,REP,Unverified Candidate 9,138
Cullman,0050 ABSENTEE,"Cullman County Republican Executive Committee, East",,REP,Unverified Candidate 1,110
Cullman,0050 ABSENTEE,"Cullman County Republican Executive Committee, East",,REP,Unverified Candidate 2,57
Cullman,0050 ABSENTEE,"Cullman County Republican Executive Committee, East",,REP,Unverified Candidate 3,106
Cullman,0050 ABSENTEE,"Cullman County Republican Executive Committee, East",,REP,Unverified Candidate 4,150
Cullman,0050 ABSENTEE,"Cullman County Republican Executive Committee, West",,REP,Unverified Candidate 1,107
Cullman,0050 ABSENTEE,"Cullman County Republican Executive Committee, West",,REP,Unverified Candidate 2,122
Cullman,0050 ABSENTEE,"Cullman County Republican Executive Committee, West",,REP,Unverified Candidate 3,100
Cullman,0050 ABSENTEE,"Cullman County Republican Executive Committee, West",,REP,Unverified Candidate 4,98
Cullman,0050 ABSENTEE,Cullman County Revenue Commissioner,,REP,Kenneth Cornelius,128
Cullman,0050 ABSENTEE,Cullman County Revenue Commissioner,,REP,Mike Pitts,148
Cullman,0050 ABSENTEE,Cullman County Sheriff,,REP,Chad Whaley,206
Cullman,0050 ABSENTEE,Cullman County Sheriff,,REP,Tim Creel,89
Cullman,0050 ABSENTEE,Fairview / District No. 2,,REP,Unverified Candidate 1,4
Cullman,0050 ABSENTEE,Fairview / District No. 2,,REP,Unverified Candidate 2,13
Cullman,0050 ABSENTEE,Governor,,REP,"""Alabama"" Will Santivasci",9
Cullman,0050 ABSENTEE,Governor,,REP,Ken McFeeters,25
Cullman,0050 ABSENTEE,Governor,,REP,Thomas Tuberville,259
Cullman,0050 ABSENTEE,Hanceville / District No. 4,,REP,Unverified Candidate 1,27
Cullman,0050 ABSENTEE,Hanceville / District No. 4,,REP,Unverified Candidate 2,20
Cullman,0050 ABSENTEE,Lieutenant Governor,,REP,George Childress,5
Cullman,0050 ABSENTEE,Lieutenant Governor,,REP,John Wahl,68
Cullman,0050 ABSENTEE,Lieutenant Governor,,REP,Nicole Jones Wadsworth,25
Cullman,0050 ABSENTEE,Lieutenant Governor,,REP,Pat Bishop,23
Cullman,0050 ABSENTEE,Lieutenant Governor,,REP,Rick Pate,26
Cullman,0050 ABSENTEE,Lieutenant Governor,,REP,Stewart Hill Tankersley,8
Cullman,0050 ABSENTEE,Lieutenant Governor,,REP,Wes Allen,127
Cullman,0050 ABSENTEE,"Member, Cullman County Commission, District 1",,REP,Kenneth Walker,194
Cullman,0050 ABSENTEE,"Member, Cullman County Commission, District 1",,REP,Reburn Miller,75
Cullman,0050 ABSENTEE,"Member, Cullman County Commission, District 2",,REP,Josh Speakman,93
Cullman,0050 ABSENTEE,"Member, Cullman County Commission, District 2",,REP,Richard Barnett,173
Cullman,0050 ABSENTEE,"Public Service Commission, Place No. 1",,REP,Jeremy H. Oden,63
Cullman,0050 ABSENTEE,"Public Service Commission, Place No. 1",,REP,Matt Gentry,236
Cullman,0050 ABSENTEE,"Public Service Commission, Place No. 2",,REP,Brent Woodall,55
Cullman,0050 ABSENTEE,"Public Service Commission, Place No. 2",,REP,Chris Beeker,72
Cullman,0050 ABSENTEE,"Public Service Commission, Place No. 2",,REP,Jim Zig Zeigler,86
Cullman,0050 ABSENTEE,"Public Service Commission, Place No. 2",,REP,Priscilla Andrews,41
Cullman,0050 ABSENTEE,Secretary of State,,REP,Caroleene Dobson,165
Cullman,0050 ABSENTEE,Secretary of State,,REP,Christopher Christian Horn,59
Cullman,0050 ABSENTEE,Secretary of State,,REP,Glenda S. Jackson,33
Cullman,0050 ABSENTEE,State Auditor,,REP,Andrew Sorrell,167
Cullman,0050 ABSENTEE,State Auditor,,REP,Derek Chen,95
Cullman,0050 ABSENTEE,State Board of Education,6,REP,Cathi Bradford,149
Cullman,0050 ABSENTEE,State Board of Education,6,REP,Marie Manning,98
Cullman,0050 ABSENTEE,"State Republican Executive Committee, Cullman County",,REP,Unverified Candidate 1,158
Cullman,0050 ABSENTEE,"State Republican Executive Committee, Cullman County",,REP,Unverified Candidate 1,112
Cullman,0050 ABSENTEE,"State Republican Executive Committee, Cullman County",,REP,Unverified Candidate 2,97
Cullman,0050 ABSENTEE,"State Republican Executive Committee, Cullman County",,REP,Unverified Candidate 2,70
Cullman,0050 ABSENTEE,"State Republican Executive Committee, Cullman County",,REP,Unverified Candidate 3,70
Cullman,0050 ABSENTEE,State Senate,4,REP,Garlan Gudger,197
Cullman,0050 ABSENTEE,State Senate,4,REP,J.R. Bowling,100
Cullman,0050 ABSENTEE,State Treasurer,,REP,Steve Lolley,95
Cullman,0050 ABSENTEE,State Treasurer,,REP,Young Boozer,168
Cullman,0050 ABSENTEE,U.S. House,4,REP,Robert B. Aderholt,229
Cullman,0050 ABSENTEE,U.S. House,4,REP,Tommy Barnes,59
Cullman,0050 ABSENTEE,U.S. Senate,,REP,Barry Moore,62
Cullman,0050 ABSENTEE,U.S. Senate,,REP,Dale Shelton Deas Jr.,6
Cullman,0050 ABSENTEE,U.S. Senate,,REP,Jared Hudson,102
Cullman,0050 ABSENTEE,U.S. Senate,,REP,Morgan Murphy,11
Cullman,0050 ABSENTEE,U.S. Senate,,REP,Rodney Walker,12
Cullman,0050 ABSENTEE,U.S. Senate,,REP,Seth Burton,5
Cullman,0050 ABSENTEE,U.S. Senate,,REP,Steve Marshall,84
Cullman,0050 ABSENTEE,West Point / District No. 1,,REP,Unverified Candidate 1,9
Cullman,0050 ABSENTEE,West Point / District No. 1,,REP,Unverified Candidate 2,12
Cullman,0051 PROVISIONAL,Proposed Statewide Amendment 1,,,No,1
Cullman,0051 PROVISIONAL,Proposed Statewide Amendment 1,,,Yes,8
Cullman,0051 PROVISIONAL,Proposed Statewide Amendment 2,,,No,4
Cullman,0051 PROVISIONAL,Proposed Statewide Amendment 2,,,Yes,5
Cullman,0051 PROVISIONAL,Lieutenant Governor,,DEM,Darryl D. Perryman,0
Cullman,0051 PROVISIONAL,Lieutenant Governor,,DEM,Phillip Ensler,1
Cullman,0051 PROVISIONAL,"Public Service Commission, Place No. 1",,DEM,James O. Gordon,0
Cullman,0051 PROVISIONAL,"Public Service Commission, Place No. 1",,DEM,Jeff Ramsey,1
Cullman,0051 PROVISIONAL,"Public Service Commission, Place No. 1",,DEM,John Northrop,0
Cullman,0051 PROVISIONAL,State Democratic Executive Committee,,DEM,Darron Mitchell,0
Cullman,0051 PROVISIONAL,State Democratic Executive Committee,,DEM,James Kinsman,0
Cullman,0051 PROVISIONAL,U.S. House,4,DEM,Amanda N. Pusczek,0
Cullman,0051 PROVISIONAL,U.S. House,4,DEM,Shane Weaver,1
Cullman,0051 PROVISIONAL,U.S. Senate,,DEM,Dakarai Larriett,0
Cullman,0051 PROVISIONAL,U.S. Senate,,DEM,Everett Wess,0
Cullman,0051 PROVISIONAL,U.S. Senate,,DEM,Kyle Sweetser,1
Cullman,0051 PROVISIONAL,U.S. Senate,,DEM,Mark S. Wheeler II,0
Cullman,0051 PROVISIONAL,Attorney General,,REP,Jay Mitchell,3
Cullman,0051 PROVISIONAL,Attorney General,,REP,Katherine Robertson,0
Cullman,0051 PROVISIONAL,Attorney General,,REP,Pamela L. Casey,6
Cullman,0051 PROVISIONAL,City of Cullman,,REP,Unverified Candidate 1,0
Cullman,0051 PROVISIONAL,City of Cullman,,REP,Unverified Candidate 2,1
Cullman,0051 PROVISIONAL,City of Cullman,,REP,Unverified Candidate 3,0
Cullman,0051 PROVISIONAL,City of Cullman,,REP,Unverified Candidate 4,0
Cullman,0051 PROVISIONAL,Commissioner of Agriculture and Industries,,REP,Christina Woerner McInnis,5
Cullman,0051 PROVISIONAL,Commissioner of Agriculture and Industries,,REP,Cory Hill,2
Cullman,0051 PROVISIONAL,Commissioner of Agriculture and Industries,,REP,Jack Williams,2
Cullman,0051 PROVISIONAL,"Cullman County Republican Executive Committee, At La",,REP,Unverified Candidate 1,2
Cullman,0051 PROVISIONAL,"Cullman County Republican Executive Committee, At La",,REP,Unverified Candidate 10,0
Cullman,0051 PROVISIONAL,"Cullman County Republican Executive Committee, At La",,REP,Unverified Candidate 2,0
Cullman,0051 PROVISIONAL,"Cullman County Republican Executive Committee, At La",,REP,Unverified Candidate 3,5
Cullman,0051 PROVISIONAL,"Cullman County Republican Executive Committee, At La",,REP,Unverified Candidate 4,2
Cullman,0051 PROVISIONAL,"Cullman County Republican Executive Committee, At La",,REP,Unverified Candidate 5,2
Cullman,0051 PROVISIONAL,"Cullman County Republican Executive Committee, At La",,REP,Unverified Candidate 6,0
Cullman,0051 PROVISIONAL,"Cullman County Republican Executive Committee, At La",,REP,Unverified Candidate 7,2
Cullman,0051 PROVISIONAL,"Cullman County Republican Executive Committee, At La",,REP,Unverified Candidate 8,0
Cullman,0051 PROVISIONAL,"Cullman County Republican Executive Committee, At La",,REP,Unverified Candidate 9,3
Cullman,0051 PROVISIONAL,"Cullman County Republican Executive Committee, East",,REP,Unverified Candidate 1,2
Cullman,0051 PROVISIONAL,"Cullman County Republican Executive Committee, East",,REP,Unverified Candidate 2,1
Cullman,0051 PROVISIONAL,"Cullman County Republican Executive Committee, East",,REP,Unverified Candidate 3,4
Cullman,0051 PROVISIONAL,"Cullman County Republican Executive Committee, East",,REP,Unverified Candidate 4,2
Cullman,0051 PROVISIONAL,"Cullman County Republican Executive Committee, West",,REP,Unverified Candidate 1,3
Cullman,0051 PROVISIONAL,"Cullman County Republican Executive Committee, West",,REP,Unverified Candidate 2,1
Cullman,0051 PROVISIONAL,"Cullman County Republican Executive Committee, West",,REP,Unverified Candidate 3,4
Cullman,0051 PROVISIONAL,"Cullman County Republican Executive Committee, West",,REP,Unverified Candidate 4,1
Cullman,0051 PROVISIONAL,Cullman County Revenue Commissioner,,REP,Kenneth Cornelius,6
Cullman,0051 PROVISIONAL,Cullman County Revenue Commissioner,,REP,Mike Pitts,3
Cullman,0051 PROVISIONAL,Cullman County Sheriff,,REP,Chad Whaley,2
Cullman,0051 PROVISIONAL,Cullman County Sheriff,,REP,Tim Creel,7
Cullman,0051 PROVISIONAL,Fairview / District No. 2,,REP,Unverified Candidate 1,0
Cullman,0051 PROVISIONAL,Fairview / District No. 2,,REP,Unverified Candidate 2,1
Cullman,0051 PROVISIONAL,Governor,,REP,"""Alabama"" Will Santivasci",0
Cullman,0051 PROVISIONAL,Governor,,REP,Ken McFeeters,2
Cullman,0051 PROVISIONAL,Governor,,REP,Thomas Tuberville,7
Cullman,0051 PROVISIONAL,Hanceville / District No. 4,,REP,Unverified Candidate 1,2
Cullman,0051 PROVISIONAL,Hanceville / District No. 4,,REP,Unverified Candidate 2,2
Cullman,0051 PROVISIONAL,Lieutenant Governor,,REP,George Childress,0
Cullman,0051 PROVISIONAL,Lieutenant Governor,,REP,John Wahl,4
Cullman,0051 PROVISIONAL,Lieutenant Governor,,REP,Nicole Jones Wadsworth,2
Cullman,0051 PROVISIONAL,Lieutenant Governor,,REP,Pat Bishop,0
Cullman,0051 PROVISIONAL,Lieutenant Governor,,REP,Rick Pate,1
Cullman,0051 PROVISIONAL,Lieutenant Governor,,REP,Stewart Hill Tankersley,1
Cullman,0051 PROVISIONAL,Lieutenant Governor,,REP,Wes Allen,0
Cullman,0051 PROVISIONAL,"Member, Cullman County Commission, District 1",,REP,Kenneth Walker,3
Cullman,0051 PROVISIONAL,"Member, Cullman County Commission, District 1",,REP,Reburn Miller,4
Cullman,0051 PROVISIONAL,"Member, Cullman County Commission, District 2",,REP,Josh Speakman,4
Cullman,0051 PROVISIONAL,"Member, Cullman County Commission, District 2",,REP,Richard Barnett,4
Cullman,0051 PROVISIONAL,"Public Service Commission, Place No. 1",,REP,Jeremy H. Oden,3
Cullman,0051 PROVISIONAL,"Public Service Commission, Place No. 1",,REP,Matt Gentry,5
Cullman,0051 PROVISIONAL,"Public Service Commission, Place No. 2",,REP,Brent Woodall,2
Cullman,0051 PROVISIONAL,"Public Service Commission, Place No. 2",,REP,Chris Beeker,3
Cullman,0051 PROVISIONAL,"Public Service Commission, Place No. 2",,REP,Jim Zig Zeigler,2
Cullman,0051 PROVISIONAL,"Public Service Commission, Place No. 2",,REP,Priscilla Andrews,2
Cullman,0051 PROVISIONAL,Secretary of State,,REP,Caroleene Dobson,5
Cullman,0051 PROVISIONAL,Secretary of State,,REP,Christopher Christian Horn,3
Cullman,0051 PROVISIONAL,Secretary of State,,REP,Glenda S. Jackson,1
Cullman,0051 PROVISIONAL,State Auditor,,REP,Andrew Sorrell,7
Cullman,0051 PROVISIONAL,State Auditor,,REP,Derek Chen,2
Cullman,0051 PROVISIONAL,State Board of Education,6,REP,Cathi Bradford,4
Cullman,0051 PROVISIONAL,State Board of Education,6,REP,Marie Manning,5
Cullman,0051 PROVISIONAL,"State Republican Executive Committee, Cullman County",,REP,Unverified Candidate 1,4
Cullman,0051 PROVISIONAL,"State Republican Executive Committee, Cullman County",,REP,Unverified Candidate 1,5
Cullman,0051 PROVISIONAL,"State Republican Executive Committee, Cullman County",,REP,Unverified Candidate 2,5
Cullman,0051 PROVISIONAL,"State Republican Executive Committee, Cullman County",,REP,Unverified Candidate 2,2
Cullman,0051 PROVISIONAL,"State Republican Executive Committee, Cullman County",,REP,Unverified Candidate 3,2
Cullman,0051 PROVISIONAL,State Senate,4,REP,Garlan Gudger,2
Cullman,0051 PROVISIONAL,State Senate,4,REP,J.R. Bowling,7
Cullman,0051 PROVISIONAL,State Treasurer,,REP,Steve Lolley,2
Cullman,0051 PROVISIONAL,State Treasurer,,REP,Young Boozer,7
Cullman,0051 PROVISIONAL,U.S. House,4,REP,Robert B. Aderholt,5
Cullman,0051 PROVISIONAL,U.S. House,4,REP,Tommy Barnes,4
Cullman,0051 PROVISIONAL,U.S. Senate,,REP,Barry Moore,3
Cullman,0051 PROVISIONAL,U.S. Senate,,REP,Dale Shelton Deas Jr.,0
Cullman,0051 PROVISIONAL,U.S. Senate,,REP,Jared Hudson,0
Cullman,0051 PROVISIONAL,U.S. Senate,,REP,Morgan Murphy,1
Cullman,0051 PROVISIONAL,U.S. Senate,,REP,Rodney Walker,1
Cullman,0051 PROVISIONAL,U.S. Senate,,REP,Seth Burton,0
Cullman,0051 PROVISIONAL,U.S. Senate,,REP,Steve Marshall,4
Cullman,0051 PROVISIONAL,West Point / District No. 1,,REP,Unverified Candidate 1,1
Cullman,0051 PROVISIONAL,West Point / District No. 1,,REP,Unverified Candidate 2,2
