county,precinct,office,district,party,candidate,votes
Washington,0001 HOBSON FIRE HOUSE,Proposed Statewide Amendment 1,,,No,4
Washington,0001 HOBSON FIRE HOUSE,Proposed Statewide Amendment 1,,,Yes,121
Washington,0001 HOBSON FIRE HOUSE,Proposed Statewide Amendment 2,,,No,42
Washington,0001 HOBSON FIRE HOUSE,Proposed Statewide Amendment 2,,,Yes,79
Washington,0001 HOBSON FIRE HOUSE,Governor,,DEM,"Chad ""Chig"" Martin",0
Washington,0001 HOBSON FIRE HOUSE,Governor,,DEM,Doug Jones,0
Washington,0001 HOBSON FIRE HOUSE,Governor,,DEM,Jamel J. Brown,0
Washington,0001 HOBSON FIRE HOUSE,Governor,,DEM,Will Boyd,0
Washington,0001 HOBSON FIRE HOUSE,Governor,,DEM,Yolanda Rochelle Flowers,0
Washington,0001 HOBSON FIRE HOUSE,Lieutenant Governor,,DEM,Darryl D. Perryman,0
Washington,0001 HOBSON FIRE HOUSE,Lieutenant Governor,,DEM,Phillip Ensler,0
Washington,0001 HOBSON FIRE HOUSE,"Public Service Commission, Place No. 1",,DEM,James O. Gordon,0
Washington,0001 HOBSON FIRE HOUSE,"Public Service Commission, Place No. 1",,DEM,Jeff Ramsey,0
Washington,0001 HOBSON FIRE HOUSE,"Public Service Commission, Place No. 1",,DEM,John Northrop,0
Washington,0001 HOBSON FIRE HOUSE,State Democratic Executive Committee,,DEM,Edward Harris,0
Washington,0001 HOBSON FIRE HOUSE,State Democratic Executive Committee,,DEM,Joannee P. Barnes,0
Washington,0001 HOBSON FIRE HOUSE,State Democratic Executive Committee,,DEM,Talika Palmer,0
Washington,0001 HOBSON FIRE HOUSE,State Democratic Executive Committee,,DEM,Tony L. Cherry,0
Washington,0001 HOBSON FIRE HOUSE,U.S. Senate,,DEM,Dakarai Larriett,0
Washington,0001 HOBSON FIRE HOUSE,U.S. Senate,,DEM,Everett Wess,0
Washington,0001 HOBSON FIRE HOUSE,U.S. Senate,,DEM,Kyle Sweetser,0
Washington,0001 HOBSON FIRE HOUSE,U.S. Senate,,DEM,Mark S. Wheeler II,0
Washington,0001 HOBSON FIRE HOUSE,Attorney General,,REP,Katherine Robertson,46
Washington,0001 HOBSON FIRE HOUSE,Attorney General,,REP,Pamela L. Casey,38
Washington,0001 HOBSON FIRE HOUSE,Attorney General,,REP,Jay Mitchell,33
Washington,0001 HOBSON FIRE HOUSE,Commissioner of Agriculture and Industries,,REP,Cory Hill,31
Washington,0001 HOBSON FIRE HOUSE,Commissioner of Agriculture and Industries,,REP,Unverified Candidate 4,30
Washington,0001 HOBSON FIRE HOUSE,Commissioner of Agriculture and Industries,,REP,Unverified Candidate 5,55
Washington,0001 HOBSON FIRE HOUSE,Governor,,REP,Ken McFeeters,3
Washington,0001 HOBSON FIRE HOUSE,Governor,,REP,"""Alabama"" Will Santivasci",8
Washington,0001 HOBSON FIRE HOUSE,Governor,,REP,Thomas Tuberville,116
Washington,0001 HOBSON FIRE HOUSE,Lieutenant Governor,,REP,George Childress,2
Washington,0001 HOBSON FIRE HOUSE,Lieutenant Governor,,REP,Nicole Jones Wadsworth,2
Washington,0001 HOBSON FIRE HOUSE,Lieutenant Governor,,REP,Pat Bishop,1
Washington,0001 HOBSON FIRE HOUSE,Lieutenant Governor,,REP,Rick Pate,7
Washington,0001 HOBSON FIRE HOUSE,Lieutenant Governor,,REP,Stewart Hill Tankersley,2
Washington,0001 HOBSON FIRE HOUSE,Lieutenant Governor,,REP,Unverified Candidate 8,54
Washington,0001 HOBSON FIRE HOUSE,Lieutenant Governor,,REP,Wes Allen,53
Washington,0001 HOBSON FIRE HOUSE,"Public Service Commission, Place No. 1",,REP,Jeremy H. Oden,24
Washington,0001 HOBSON FIRE HOUSE,"Public Service Commission, Place No. 1",,REP,Matt Gentry,83
Washington,0001 HOBSON FIRE HOUSE,"Public Service Commission, Place No. 2",,REP,Brent Woodall,11
Washington,0001 HOBSON FIRE HOUSE,"Public Service Commission, Place No. 2",,REP,Chris Beeker,30
Washington,0001 HOBSON FIRE HOUSE,"Public Service Commission, Place No. 2",,REP,Jim Zig Zeigler,62
Washington,0001 HOBSON FIRE HOUSE,"Public Service Commission, Place No. 2",,REP,Priscilla Andrews,8
Washington,0001 HOBSON FIRE HOUSE,Secretary of State,,REP,Caroleene Dobson,100
Washington,0001 HOBSON FIRE HOUSE,Secretary of State,,REP,Christopher Christian Horn,11
Washington,0001 HOBSON FIRE HOUSE,Secretary of State,,REP,Glenda S. Jackson,8
Washington,0001 HOBSON FIRE HOUSE,State Auditor,,REP,Derek Chen,35
Washington,0001 HOBSON FIRE HOUSE,State Auditor,,REP,Andrew Sorrell,70
Washington,0001 HOBSON FIRE HOUSE,State House,65,REP,Dee Ann Campbell,26
Washington,0001 HOBSON FIRE HOUSE,State House,65,REP,Unverified Candidate 2,95
Washington,0001 HOBSON FIRE HOUSE,State Senate,22,REP,Greg Albritton,69
Washington,0001 HOBSON FIRE HOUSE,State Senate,22,REP,Terry L. Waters,56
Washington,0001 HOBSON FIRE HOUSE,State Treasurer,,REP,Steve Lolley,44
Washington,0001 HOBSON FIRE HOUSE,State Treasurer,,REP,Young Boozer,74
Washington,0001 HOBSON FIRE HOUSE,U.S. Senate,,REP,Barry Moore,38
Washington,0001 HOBSON FIRE HOUSE,U.S. Senate,,REP,Dale Shelton Deas Jr.,5
Washington,0001 HOBSON FIRE HOUSE,U.S. Senate,,REP,Jared Hudson,50
Washington,0001 HOBSON FIRE HOUSE,U.S. Senate,,REP,Morgan Murphy,0
Washington,0001 HOBSON FIRE HOUSE,U.S. Senate,,REP,Rodney Walker,6
Washington,0001 HOBSON FIRE HOUSE,U.S. Senate,,REP,Seth Burton,2
Washington,0001 HOBSON FIRE HOUSE,U.S. Senate,,REP,Steve Marshall,17
Washington,0001 HOBSON FIRE HOUSE,Washington County Coroner,,REP,Allen Carpenter,42
Washington,0001 HOBSON FIRE HOUSE,Washington County Coroner,,REP,Scott Giles,84
Washington,0001 HOBSON FIRE HOUSE,Washington County Sheriff,,REP,Brad Warrick,91
Washington,0001 HOBSON FIRE HOUSE,Washington County Sheriff,,REP,Deshone Holloway,4
Washington,0001 HOBSON FIRE HOUSE,Washington County Sheriff,,REP,Donald Wayne Crager,3
Washington,0001 HOBSON FIRE HOUSE,Washington County Sheriff,,REP,Jason McCuiston,31
Washington,0001 HOBSON FIRE HOUSE,Washington County Sheriff,,REP,Kesler Weaver Jr.,5
Washington,0001 HOBSON FIRE HOUSE,Washington County Sheriff,,REP,Tim Landrum,0
Washington,0002 FRANKVILLE FIRE HOUSE,Proposed Statewide Amendment 1,,,No,21
Washington,0002 FRANKVILLE FIRE HOUSE,Proposed Statewide Amendment 1,,,Yes,192
Washington,0002 FRANKVILLE FIRE HOUSE,Proposed Statewide Amendment 2,,,No,77
Washington,0002 FRANKVILLE FIRE HOUSE,Proposed Statewide Amendment 2,,,Yes,129
Washington,0002 FRANKVILLE FIRE HOUSE,Governor,,DEM,"Chad ""Chig"" Martin",2
Washington,0002 FRANKVILLE FIRE HOUSE,Governor,,DEM,Doug Jones,35
Washington,0002 FRANKVILLE FIRE HOUSE,Governor,,DEM,Jamel J. Brown,2
Washington,0002 FRANKVILLE FIRE HOUSE,Governor,,DEM,"Nathan ""Nate"" Mathis",2
Washington,0002 FRANKVILLE FIRE HOUSE,Governor,,DEM,Will Boyd,3
Washington,0002 FRANKVILLE FIRE HOUSE,Governor,,DEM,Yolanda Rochelle Flowers,0
Washington,0002 FRANKVILLE FIRE HOUSE,Lieutenant Governor,,DEM,Darryl D. Perryman,34
Washington,0002 FRANKVILLE FIRE HOUSE,Lieutenant Governor,,DEM,Phillip Ensler,12
Washington,0002 FRANKVILLE FIRE HOUSE,"Public Service Commission, Place No. 1",,DEM,James O. Gordon,35
Washington,0002 FRANKVILLE FIRE HOUSE,"Public Service Commission, Place No. 1",,DEM,Jeff Ramsey,4
Washington,0002 FRANKVILLE FIRE HOUSE,"Public Service Commission, Place No. 1",,DEM,John Northrop,4
Washington,0002 FRANKVILLE FIRE HOUSE,State Democratic Executive Committee,,DEM,Edward Harris,9
Washington,0002 FRANKVILLE FIRE HOUSE,State Democratic Executive Committee,,DEM,Joannee P. Barnes,41
Washington,0002 FRANKVILLE FIRE HOUSE,State Democratic Executive Committee,,DEM,Talika Palmer,3
Washington,0002 FRANKVILLE FIRE HOUSE,State Democratic Executive Committee,,DEM,Tony L. Cherry,37
Washington,0002 FRANKVILLE FIRE HOUSE,U.S. Senate,,DEM,Dakarai Larriett,6
Washington,0002 FRANKVILLE FIRE HOUSE,U.S. Senate,,DEM,Everett Wess,27
Washington,0002 FRANKVILLE FIRE HOUSE,U.S. Senate,,DEM,Kyle Sweetser,2
Washington,0002 FRANKVILLE FIRE HOUSE,U.S. Senate,,DEM,Mark S. Wheeler II,5
Washington,0002 FRANKVILLE FIRE HOUSE,Attorney General,,REP,Katherine Robertson,52
Washington,0002 FRANKVILLE FIRE HOUSE,Attorney General,,REP,Pamela L. Casey,37
Washington,0002 FRANKVILLE FIRE HOUSE,Attorney General,,REP,Jay Mitchell,53
Washington,0002 FRANKVILLE FIRE HOUSE,Commissioner of Agriculture and Industries,,REP,Cory Hill,43
Washington,0002 FRANKVILLE FIRE HOUSE,Commissioner of Agriculture and Industries,,REP,Unverified Candidate 4,27
Washington,0002 FRANKVILLE FIRE HOUSE,Commissioner of Agriculture and Industries,,REP,Unverified Candidate 5,69
Washington,0002 FRANKVILLE FIRE HOUSE,Governor,,REP,Ken McFeeters,13
Washington,0002 FRANKVILLE FIRE HOUSE,Governor,,REP,"""Alabama"" Will Santivasci",10
Washington,0002 FRANKVILLE FIRE HOUSE,Governor,,REP,Thomas Tuberville,139
Washington,0002 FRANKVILLE FIRE HOUSE,Lieutenant Governor,,REP,George Childress,8
Washington,0002 FRANKVILLE FIRE HOUSE,Lieutenant Governor,,REP,Nicole Jones Wadsworth,8
Washington,0002 FRANKVILLE FIRE HOUSE,Lieutenant Governor,,REP,Pat Bishop,10
Washington,0002 FRANKVILLE FIRE HOUSE,Lieutenant Governor,,REP,Rick Pate,7
Washington,0002 FRANKVILLE FIRE HOUSE,Lieutenant Governor,,REP,Stewart Hill Tankersley,3
Washington,0002 FRANKVILLE FIRE HOUSE,Lieutenant Governor,,REP,Unverified Candidate 8,49
Washington,0002 FRANKVILLE FIRE HOUSE,Lieutenant Governor,,REP,Wes Allen,64
Washington,0002 FRANKVILLE FIRE HOUSE,"Public Service Commission, Place No. 1",,REP,Jeremy H. Oden,31
Washington,0002 FRANKVILLE FIRE HOUSE,"Public Service Commission, Place No. 1",,REP,Matt Gentry,103
Washington,0002 FRANKVILLE FIRE HOUSE,"Public Service Commission, Place No. 2",,REP,Brent Woodall,30
Washington,0002 FRANKVILLE FIRE HOUSE,"Public Service Commission, Place No. 2",,REP,Chris Beeker,36
Washington,0002 FRANKVILLE FIRE HOUSE,"Public Service Commission, Place No. 2",,REP,Jim Zig Zeigler,56
Washington,0002 FRANKVILLE FIRE HOUSE,"Public Service Commission, Place No. 2",,REP,Priscilla Andrews,19
Washington,0002 FRANKVILLE FIRE HOUSE,Secretary of State,,REP,Caroleene Dobson,93
Washington,0002 FRANKVILLE FIRE HOUSE,Secretary of State,,REP,Christopher Christian Horn,34
Washington,0002 FRANKVILLE FIRE HOUSE,Secretary of State,,REP,Glenda S. Jackson,19
Washington,0002 FRANKVILLE FIRE HOUSE,State Auditor,,REP,Derek Chen,41
Washington,0002 FRANKVILLE FIRE HOUSE,State Auditor,,REP,Andrew Sorrell,96
Washington,0002 FRANKVILLE FIRE HOUSE,State House,65,REP,Dee Ann Campbell,53
Washington,0002 FRANKVILLE FIRE HOUSE,State House,65,REP,Unverified Candidate 2,102
Washington,0002 FRANKVILLE FIRE HOUSE,State Senate,22,REP,Greg Albritton,69
Washington,0002 FRANKVILLE FIRE HOUSE,State Senate,22,REP,Terry L. Waters,87
Washington,0002 FRANKVILLE FIRE HOUSE,State Treasurer,,REP,Steve Lolley,67
Washington,0002 FRANKVILLE FIRE HOUSE,State Treasurer,,REP,Young Boozer,76
Washington,0002 FRANKVILLE FIRE HOUSE,U.S. Senate,,REP,Barry Moore,70
Washington,0002 FRANKVILLE FIRE HOUSE,U.S. Senate,,REP,Dale Shelton Deas Jr.,10
Washington,0002 FRANKVILLE FIRE HOUSE,U.S. Senate,,REP,Jared Hudson,34
Washington,0002 FRANKVILLE FIRE HOUSE,U.S. Senate,,REP,Morgan Murphy,6
Washington,0002 FRANKVILLE FIRE HOUSE,U.S. Senate,,REP,Rodney Walker,10
Washington,0002 FRANKVILLE FIRE HOUSE,U.S. Senate,,REP,Seth Burton,5
Washington,0002 FRANKVILLE FIRE HOUSE,U.S. Senate,,REP,Steve Marshall,18
Washington,0002 FRANKVILLE FIRE HOUSE,Washington County Coroner,,REP,Allen Carpenter,97
Washington,0002 FRANKVILLE FIRE HOUSE,Washington County Coroner,,REP,Scott Giles,70
Washington,0002 FRANKVILLE FIRE HOUSE,Washington County Sheriff,,REP,Brad Warrick,106
Washington,0002 FRANKVILLE FIRE HOUSE,Washington County Sheriff,,REP,Deshone Holloway,10
Washington,0002 FRANKVILLE FIRE HOUSE,Washington County Sheriff,,REP,Donald Wayne Crager,0
Washington,0002 FRANKVILLE FIRE HOUSE,Washington County Sheriff,,REP,Jason McCuiston,45
Washington,0002 FRANKVILLE FIRE HOUSE,Washington County Sheriff,,REP,Kesler Weaver Jr.,8
Washington,0002 FRANKVILLE FIRE HOUSE,Washington County Sheriff,,REP,Tim Landrum,3
Washington,0003 MILLRY FIRE HOUSE,Proposed Statewide Amendment 1,,,No,52
Washington,0003 MILLRY FIRE HOUSE,Proposed Statewide Amendment 1,,,Yes,299
Washington,0003 MILLRY FIRE HOUSE,Proposed Statewide Amendment 2,,,No,169
Washington,0003 MILLRY FIRE HOUSE,Proposed Statewide Amendment 2,,,Yes,167
Washington,0003 MILLRY FIRE HOUSE,Governor,,DEM,"Chad ""Chig"" Martin",1
Washington,0003 MILLRY FIRE HOUSE,Governor,,DEM,Doug Jones,53
Washington,0003 MILLRY FIRE HOUSE,Governor,,DEM,Jamel J. Brown,4
Washington,0003 MILLRY FIRE HOUSE,Governor,,DEM,"Nathan ""Nate"" Mathis",1
Washington,0003 MILLRY FIRE HOUSE,Governor,,DEM,Will Boyd,6
Washington,0003 MILLRY FIRE HOUSE,Governor,,DEM,Yolanda Rochelle Flowers,4
Washington,0003 MILLRY FIRE HOUSE,Lieutenant Governor,,DEM,Darryl D. Perryman,37
Washington,0003 MILLRY FIRE HOUSE,Lieutenant Governor,,DEM,Phillip Ensler,22
Washington,0003 MILLRY FIRE HOUSE,"Public Service Commission, Place No. 1",,DEM,James O. Gordon,40
Washington,0003 MILLRY FIRE HOUSE,"Public Service Commission, Place No. 1",,DEM,Jeff Ramsey,12
Washington,0003 MILLRY FIRE HOUSE,"Public Service Commission, Place No. 1",,DEM,John Northrop,7
Washington,0003 MILLRY FIRE HOUSE,State Democratic Executive Committee,,DEM,Edward Harris,19
Washington,0003 MILLRY FIRE HOUSE,State Democratic Executive Committee,,DEM,Joannee P. Barnes,46
Washington,0003 MILLRY FIRE HOUSE,State Democratic Executive Committee,,DEM,Talika Palmer,10
Washington,0003 MILLRY FIRE HOUSE,State Democratic Executive Committee,,DEM,Tony L. Cherry,37
Washington,0003 MILLRY FIRE HOUSE,U.S. Senate,,DEM,Dakarai Larriett,10
Washington,0003 MILLRY FIRE HOUSE,U.S. Senate,,DEM,Everett Wess,31
Washington,0003 MILLRY FIRE HOUSE,U.S. Senate,,DEM,Kyle Sweetser,6
Washington,0003 MILLRY FIRE HOUSE,U.S. Senate,,DEM,Mark S. Wheeler II,10
Washington,0003 MILLRY FIRE HOUSE,Attorney General,,REP,Katherine Robertson,116
Washington,0003 MILLRY FIRE HOUSE,Attorney General,,REP,Pamela L. Casey,72
Washington,0003 MILLRY FIRE HOUSE,Attorney General,,REP,Jay Mitchell,82
Washington,0003 MILLRY FIRE HOUSE,Commissioner of Agriculture and Industries,,REP,Cory Hill,85
Washington,0003 MILLRY FIRE HOUSE,Commissioner of Agriculture and Industries,,REP,Unverified Candidate 4,53
Washington,0003 MILLRY FIRE HOUSE,Commissioner of Agriculture and Industries,,REP,Unverified Candidate 5,124
Washington,0003 MILLRY FIRE HOUSE,Governor,,REP,Ken McFeeters,25
Washington,0003 MILLRY FIRE HOUSE,Governor,,REP,"""Alabama"" Will Santivasci",11
Washington,0003 MILLRY FIRE HOUSE,Governor,,REP,Thomas Tuberville,270
Washington,0003 MILLRY FIRE HOUSE,Lieutenant Governor,,REP,George Childress,9
Washington,0003 MILLRY FIRE HOUSE,Lieutenant Governor,,REP,Nicole Jones Wadsworth,20
Washington,0003 MILLRY FIRE HOUSE,Lieutenant Governor,,REP,Pat Bishop,9
Washington,0003 MILLRY FIRE HOUSE,Lieutenant Governor,,REP,Rick Pate,11
Washington,0003 MILLRY FIRE HOUSE,Lieutenant Governor,,REP,Stewart Hill Tankersley,3
Washington,0003 MILLRY FIRE HOUSE,Lieutenant Governor,,REP,Unverified Candidate 8,89
Washington,0003 MILLRY FIRE HOUSE,Lieutenant Governor,,REP,Wes Allen,133
Washington,0003 MILLRY FIRE HOUSE,"Public Service Commission, Place No. 1",,REP,Jeremy H. Oden,72
Washington,0003 MILLRY FIRE HOUSE,"Public Service Commission, Place No. 1",,REP,Matt Gentry,179
Washington,0003 MILLRY FIRE HOUSE,"Public Service Commission, Place No. 2",,REP,Brent Woodall,49
Washington,0003 MILLRY FIRE HOUSE,"Public Service Commission, Place No. 2",,REP,Chris Beeker,62
Washington,0003 MILLRY FIRE HOUSE,"Public Service Commission, Place No. 2",,REP,Jim Zig Zeigler,112
Washington,0003 MILLRY FIRE HOUSE,"Public Service Commission, Place No. 2",,REP,Priscilla Andrews,32
Washington,0003 MILLRY FIRE HOUSE,Secretary of State,,REP,Caroleene Dobson,190
Washington,0003 MILLRY FIRE HOUSE,Secretary of State,,REP,Christopher Christian Horn,36
Washington,0003 MILLRY FIRE HOUSE,Secretary of State,,REP,Glenda S. Jackson,44
Washington,0003 MILLRY FIRE HOUSE,State Auditor,,REP,Derek Chen,95
Washington,0003 MILLRY FIRE HOUSE,State Auditor,,REP,Andrew Sorrell,158
Washington,0003 MILLRY FIRE HOUSE,State House,65,REP,Dee Ann Campbell,100
Washington,0003 MILLRY FIRE HOUSE,State House,65,REP,Unverified Candidate 2,189
Washington,0003 MILLRY FIRE HOUSE,State Senate,22,REP,Greg Albritton,136
Washington,0003 MILLRY FIRE HOUSE,State Senate,22,REP,Terry L. Waters,138
Washington,0003 MILLRY FIRE HOUSE,State Treasurer,,REP,Steve Lolley,119
Washington,0003 MILLRY FIRE HOUSE,State Treasurer,,REP,Young Boozer,141
Washington,0003 MILLRY FIRE HOUSE,U.S. Senate,,REP,Barry Moore,118
Washington,0003 MILLRY FIRE HOUSE,U.S. Senate,,REP,Dale Shelton Deas Jr.,9
Washington,0003 MILLRY FIRE HOUSE,U.S. Senate,,REP,Jared Hudson,61
Washington,0003 MILLRY FIRE HOUSE,U.S. Senate,,REP,Morgan Murphy,6
Washington,0003 MILLRY FIRE HOUSE,U.S. Senate,,REP,Rodney Walker,15
Washington,0003 MILLRY FIRE HOUSE,U.S. Senate,,REP,Seth Burton,11
Washington,0003 MILLRY FIRE HOUSE,U.S. Senate,,REP,Steve Marshall,53
Washington,0003 MILLRY FIRE HOUSE,Washington County Coroner,,REP,Allen Carpenter,70
Washington,0003 MILLRY FIRE HOUSE,Washington County Coroner,,REP,Scott Giles,240
Washington,0003 MILLRY FIRE HOUSE,Washington County Sheriff,,REP,Brad Warrick,199
Washington,0003 MILLRY FIRE HOUSE,Washington County Sheriff,,REP,Deshone Holloway,28
Washington,0003 MILLRY FIRE HOUSE,Washington County Sheriff,,REP,Donald Wayne Crager,3
Washington,0003 MILLRY FIRE HOUSE,Washington County Sheriff,,REP,Jason McCuiston,73
Washington,0003 MILLRY FIRE HOUSE,Washington County Sheriff,,REP,Kesler Weaver Jr.,13
Washington,0003 MILLRY FIRE HOUSE,Washington County Sheriff,,REP,Tim Landrum,3
Washington,0004 RED CREEK FIRE HOUSE,Proposed Statewide Amendment 1,,,No,20
Washington,0004 RED CREEK FIRE HOUSE,Proposed Statewide Amendment 1,,,Yes,125
Washington,0004 RED CREEK FIRE HOUSE,Proposed Statewide Amendment 2,,,No,76
Washington,0004 RED CREEK FIRE HOUSE,Proposed Statewide Amendment 2,,,Yes,63
Washington,0004 RED CREEK FIRE HOUSE,Governor,,DEM,"Chad ""Chig"" Martin",0
Washington,0004 RED CREEK FIRE HOUSE,Governor,,DEM,Doug Jones,2
Washington,0004 RED CREEK FIRE HOUSE,Governor,,DEM,Jamel J. Brown,0
Washington,0004 RED CREEK FIRE HOUSE,Governor,,DEM,"Nathan ""Nate"" Mathis",0
Washington,0004 RED CREEK FIRE HOUSE,Governor,,DEM,Will Boyd,0
Washington,0004 RED CREEK FIRE HOUSE,Governor,,DEM,Yolanda Rochelle Flowers,0
Washington,0004 RED CREEK FIRE HOUSE,Lieutenant Governor,,DEM,Darryl D. Perryman,1
Washington,0004 RED CREEK FIRE HOUSE,Lieutenant Governor,,DEM,Phillip Ensler,1
Washington,0004 RED CREEK FIRE HOUSE,"Public Service Commission, Place No. 1",,DEM,James O. Gordon,0
Washington,0004 RED CREEK FIRE HOUSE,"Public Service Commission, Place No. 1",,DEM,Jeff Ramsey,0
Washington,0004 RED CREEK FIRE HOUSE,"Public Service Commission, Place No. 1",,DEM,John Northrop,2
Washington,0004 RED CREEK FIRE HOUSE,State Democratic Executive Committee,,DEM,Edward Harris,1
Washington,0004 RED CREEK FIRE HOUSE,State Democratic Executive Committee,,DEM,Joannee P. Barnes,0
Washington,0004 RED CREEK FIRE HOUSE,State Democratic Executive Committee,,DEM,Talika Palmer,2
Washington,0004 RED CREEK FIRE HOUSE,State Democratic Executive Committee,,DEM,Tony L. Cherry,1
Washington,0004 RED CREEK FIRE HOUSE,U.S. Senate,,DEM,Dakarai Larriett,0
Washington,0004 RED CREEK FIRE HOUSE,U.S. Senate,,DEM,Everett Wess,0
Washington,0004 RED CREEK FIRE HOUSE,U.S. Senate,,DEM,Kyle Sweetser,2
Washington,0004 RED CREEK FIRE HOUSE,U.S. Senate,,DEM,Mark S. Wheeler II,0
Washington,0004 RED CREEK FIRE HOUSE,Attorney General,,REP,Katherine Robertson,55
Washington,0004 RED CREEK FIRE HOUSE,Attorney General,,REP,Pamela L. Casey,29
Washington,0004 RED CREEK FIRE HOUSE,Attorney General,,REP,Jay Mitchell,46
Washington,0004 RED CREEK FIRE HOUSE,Commissioner of Agriculture and Industries,,REP,Cory Hill,38
Washington,0004 RED CREEK FIRE HOUSE,Commissioner of Agriculture and Industries,,REP,Unverified Candidate 4,25
Washington,0004 RED CREEK FIRE HOUSE,Commissioner of Agriculture and Industries,,REP,Unverified Candidate 5,69
Washington,0004 RED CREEK FIRE HOUSE,Governor,,REP,Ken McFeeters,9
Washington,0004 RED CREEK FIRE HOUSE,Governor,,REP,"""Alabama"" Will Santivasci",4
Washington,0004 RED CREEK FIRE HOUSE,Governor,,REP,Thomas Tuberville,141
Washington,0004 RED CREEK FIRE HOUSE,Lieutenant Governor,,REP,George Childress,6
Washington,0004 RED CREEK FIRE HOUSE,Lieutenant Governor,,REP,Nicole Jones Wadsworth,3
Washington,0004 RED CREEK FIRE HOUSE,Lieutenant Governor,,REP,Pat Bishop,3
Washington,0004 RED CREEK FIRE HOUSE,Lieutenant Governor,,REP,Rick Pate,10
Washington,0004 RED CREEK FIRE HOUSE,Lieutenant Governor,,REP,Stewart Hill Tankersley,1
Washington,0004 RED CREEK FIRE HOUSE,Lieutenant Governor,,REP,Unverified Candidate 8,49
Washington,0004 RED CREEK FIRE HOUSE,Lieutenant Governor,,REP,Wes Allen,64
Washington,0004 RED CREEK FIRE HOUSE,"Public Service Commission, Place No. 1",,REP,Jeremy H. Oden,23
Washington,0004 RED CREEK FIRE HOUSE,"Public Service Commission, Place No. 1",,REP,Matt Gentry,94
Washington,0004 RED CREEK FIRE HOUSE,"Public Service Commission, Place No. 2",,REP,Brent Woodall,23
Washington,0004 RED CREEK FIRE HOUSE,"Public Service Commission, Place No. 2",,REP,Chris Beeker,24
Washington,0004 RED CREEK FIRE HOUSE,"Public Service Commission, Place No. 2",,REP,Jim Zig Zeigler,62
Washington,0004 RED CREEK FIRE HOUSE,"Public Service Commission, Place No. 2",,REP,Priscilla Andrews,13
Washington,0004 RED CREEK FIRE HOUSE,Secretary of State,,REP,Caroleene Dobson,91
Washington,0004 RED CREEK FIRE HOUSE,Secretary of State,,REP,Christopher Christian Horn,35
Washington,0004 RED CREEK FIRE HOUSE,Secretary of State,,REP,Glenda S. Jackson,10
Washington,0004 RED CREEK FIRE HOUSE,State Auditor,,REP,Derek Chen,32
Washington,0004 RED CREEK FIRE HOUSE,State Auditor,,REP,Andrew Sorrell,93
Washington,0004 RED CREEK FIRE HOUSE,State House,65,REP,Dee Ann Campbell,51
Washington,0004 RED CREEK FIRE HOUSE,State House,65,REP,Unverified Candidate 2,91
Washington,0004 RED CREEK FIRE HOUSE,State Senate,22,REP,Greg Albritton,86
Washington,0004 RED CREEK FIRE HOUSE,State Senate,22,REP,Terry L. Waters,63
Washington,0004 RED CREEK FIRE HOUSE,State Treasurer,,REP,Steve Lolley,61
Washington,0004 RED CREEK FIRE HOUSE,State Treasurer,,REP,Young Boozer,69
Washington,0004 RED CREEK FIRE HOUSE,U.S. Senate,,REP,Barry Moore,61
Washington,0004 RED CREEK FIRE HOUSE,U.S. Senate,,REP,Dale Shelton Deas Jr.,2
Washington,0004 RED CREEK FIRE HOUSE,U.S. Senate,,REP,Jared Hudson,31
Washington,0004 RED CREEK FIRE HOUSE,U.S. Senate,,REP,Morgan Murphy,4
Washington,0004 RED CREEK FIRE HOUSE,U.S. Senate,,REP,Rodney Walker,5
Washington,0004 RED CREEK FIRE HOUSE,U.S. Senate,,REP,Seth Burton,5
Washington,0004 RED CREEK FIRE HOUSE,U.S. Senate,,REP,Steve Marshall,29
Washington,0004 RED CREEK FIRE HOUSE,Washington County Coroner,,REP,Allen Carpenter,14
Washington,0004 RED CREEK FIRE HOUSE,Washington County Coroner,,REP,Scott Giles,150
Washington,0004 RED CREEK FIRE HOUSE,Washington County Sheriff,,REP,Brad Warrick,91
Washington,0004 RED CREEK FIRE HOUSE,Washington County Sheriff,,REP,Deshone Holloway,3
Washington,0004 RED CREEK FIRE HOUSE,Washington County Sheriff,,REP,Donald Wayne Crager,4
Washington,0004 RED CREEK FIRE HOUSE,Washington County Sheriff,,REP,Jason McCuiston,60
Washington,0004 RED CREEK FIRE HOUSE,Washington County Sheriff,,REP,Kesler Weaver Jr.,5
Washington,0004 RED CREEK FIRE HOUSE,Washington County Sheriff,,REP,Tim Landrum,2
Washington,0005 COPELAND FIRE HOUSE,Proposed Statewide Amendment 1,,,No,19
Washington,0005 COPELAND FIRE HOUSE,Proposed Statewide Amendment 1,,,Yes,133
Washington,0005 COPELAND FIRE HOUSE,Proposed Statewide Amendment 2,,,No,70
Washington,0005 COPELAND FIRE HOUSE,Proposed Statewide Amendment 2,,,Yes,71
Washington,0005 COPELAND FIRE HOUSE,Governor,,DEM,"Chad ""Chig"" Martin",0
Washington,0005 COPELAND FIRE HOUSE,Governor,,DEM,Doug Jones,2
Washington,0005 COPELAND FIRE HOUSE,Governor,,DEM,Jamel J. Brown,0
Washington,0005 COPELAND FIRE HOUSE,Governor,,DEM,"Nathan ""Nate"" Mathis",0
Washington,0005 COPELAND FIRE HOUSE,Governor,,DEM,Will Boyd,0
Washington,0005 COPELAND FIRE HOUSE,Governor,,DEM,Yolanda Rochelle Flowers,0
Washington,0005 COPELAND FIRE HOUSE,Lieutenant Governor,,DEM,Darryl D. Perryman,2
Washington,0005 COPELAND FIRE HOUSE,Lieutenant Governor,,DEM,Phillip Ensler,0
Washington,0005 COPELAND FIRE HOUSE,"Public Service Commission, Place No. 1",,DEM,James O. Gordon,0
Washington,0005 COPELAND FIRE HOUSE,"Public Service Commission, Place No. 1",,DEM,Jeff Ramsey,2
Washington,0005 COPELAND FIRE HOUSE,"Public Service Commission, Place No. 1",,DEM,John Northrop,0
Washington,0005 COPELAND FIRE HOUSE,State Democratic Executive Committee,,DEM,Edward Harris,2
Washington,0005 COPELAND FIRE HOUSE,State Democratic Executive Committee,,DEM,Joannee P. Barnes,0
Washington,0005 COPELAND FIRE HOUSE,State Democratic Executive Committee,,DEM,Talika Palmer,2
Washington,0005 COPELAND FIRE HOUSE,State Democratic Executive Committee,,DEM,Tony L. Cherry,0
Washington,0005 COPELAND FIRE HOUSE,U.S. Senate,,DEM,Dakarai Larriett,0
Washington,0005 COPELAND FIRE HOUSE,U.S. Senate,,DEM,Everett Wess,0
Washington,0005 COPELAND FIRE HOUSE,U.S. Senate,,DEM,Kyle Sweetser,0
Washington,0005 COPELAND FIRE HOUSE,U.S. Senate,,DEM,Mark S. Wheeler II,2
Washington,0005 COPELAND FIRE HOUSE,Attorney General,,REP,Katherine Robertson,63
Washington,0005 COPELAND FIRE HOUSE,Attorney General,,REP,Pamela L. Casey,34
Washington,0005 COPELAND FIRE HOUSE,Attorney General,,REP,Jay Mitchell,35
Washington,0005 COPELAND FIRE HOUSE,Commissioner of Agriculture and Industries,,REP,Cory Hill,30
Washington,0005 COPELAND FIRE HOUSE,Commissioner of Agriculture and Industries,,REP,Unverified Candidate 4,31
Washington,0005 COPELAND FIRE HOUSE,Commissioner of Agriculture and Industries,,REP,Unverified Candidate 5,71
Washington,0005 COPELAND FIRE HOUSE,Governor,,REP,Ken McFeeters,8
Washington,0005 COPELAND FIRE HOUSE,Governor,,REP,"""Alabama"" Will Santivasci",4
Washington,0005 COPELAND FIRE HOUSE,Governor,,REP,Thomas Tuberville,137
Washington,0005 COPELAND FIRE HOUSE,Lieutenant Governor,,REP,George Childress,4
Washington,0005 COPELAND FIRE HOUSE,Lieutenant Governor,,REP,Nicole Jones Wadsworth,4
Washington,0005 COPELAND FIRE HOUSE,Lieutenant Governor,,REP,Pat Bishop,0
Washington,0005 COPELAND FIRE HOUSE,Lieutenant Governor,,REP,Rick Pate,8
Washington,0005 COPELAND FIRE HOUSE,Lieutenant Governor,,REP,Stewart Hill Tankersley,1
Washington,0005 COPELAND FIRE HOUSE,Lieutenant Governor,,REP,Unverified Candidate 8,47
Washington,0005 COPELAND FIRE HOUSE,Lieutenant Governor,,REP,Wes Allen,71
Washington,0005 COPELAND FIRE HOUSE,"Public Service Commission, Place No. 1",,REP,Jeremy H. Oden,30
Washington,0005 COPELAND FIRE HOUSE,"Public Service Commission, Place No. 1",,REP,Matt Gentry,92
Washington,0005 COPELAND FIRE HOUSE,"Public Service Commission, Place No. 2",,REP,Brent Woodall,27
Washington,0005 COPELAND FIRE HOUSE,"Public Service Commission, Place No. 2",,REP,Chris Beeker,24
Washington,0005 COPELAND FIRE HOUSE,"Public Service Commission, Place No. 2",,REP,Jim Zig Zeigler,54
Washington,0005 COPELAND FIRE HOUSE,"Public Service Commission, Place No. 2",,REP,Priscilla Andrews,16
Washington,0005 COPELAND FIRE HOUSE,Secretary of State,,REP,Caroleene Dobson,108
Washington,0005 COPELAND FIRE HOUSE,Secretary of State,,REP,Christopher Christian Horn,19
Washington,0005 COPELAND FIRE HOUSE,Secretary of State,,REP,Glenda S. Jackson,9
Washington,0005 COPELAND FIRE HOUSE,State Auditor,,REP,Derek Chen,42
Washington,0005 COPELAND FIRE HOUSE,State Auditor,,REP,Andrew Sorrell,86
Washington,0005 COPELAND FIRE HOUSE,State House,65,REP,Dee Ann Campbell,50
Washington,0005 COPELAND FIRE HOUSE,State House,65,REP,Unverified Candidate 2,85
Washington,0005 COPELAND FIRE HOUSE,State Senate,22,REP,Greg Albritton,77
Washington,0005 COPELAND FIRE HOUSE,State Senate,22,REP,Terry L. Waters,62
Washington,0005 COPELAND FIRE HOUSE,State Treasurer,,REP,Steve Lolley,47
Washington,0005 COPELAND FIRE HOUSE,State Treasurer,,REP,Young Boozer,81
Washington,0005 COPELAND FIRE HOUSE,U.S. Senate,,REP,Barry Moore,56
Washington,0005 COPELAND FIRE HOUSE,U.S. Senate,,REP,Dale Shelton Deas Jr.,2
Washington,0005 COPELAND FIRE HOUSE,U.S. Senate,,REP,Jared Hudson,42
Washington,0005 COPELAND FIRE HOUSE,U.S. Senate,,REP,Morgan Murphy,4
Washington,0005 COPELAND FIRE HOUSE,U.S. Senate,,REP,Rodney Walker,4
Washington,0005 COPELAND FIRE HOUSE,U.S. Senate,,REP,Seth Burton,3
Washington,0005 COPELAND FIRE HOUSE,U.S. Senate,,REP,Steve Marshall,26
Washington,0005 COPELAND FIRE HOUSE,Washington County Coroner,,REP,Allen Carpenter,27
Washington,0005 COPELAND FIRE HOUSE,Washington County Coroner,,REP,Scott Giles,125
Washington,0005 COPELAND FIRE HOUSE,Washington County Sheriff,,REP,Brad Warrick,109
Washington,0005 COPELAND FIRE HOUSE,Washington County Sheriff,,REP,Deshone Holloway,5
Washington,0005 COPELAND FIRE HOUSE,Washington County Sheriff,,REP,Donald Wayne Crager,6
Washington,0005 COPELAND FIRE HOUSE,Washington County Sheriff,,REP,Jason McCuiston,26
Washington,0005 COPELAND FIRE HOUSE,Washington County Sheriff,,REP,Kesler Weaver Jr.,5
Washington,0005 COPELAND FIRE HOUSE,Washington County Sheriff,,REP,Tim Landrum,3
Washington,0006 YARBO FIRE HOUSE,Proposed Statewide Amendment 1,,,No,31
Washington,0006 YARBO FIRE HOUSE,Proposed Statewide Amendment 1,,,Yes,179
Washington,0006 YARBO FIRE HOUSE,Proposed Statewide Amendment 2,,,No,85
Washington,0006 YARBO FIRE HOUSE,Proposed Statewide Amendment 2,,,Yes,116
Washington,0006 YARBO FIRE HOUSE,Governor,,DEM,"Chad ""Chig"" Martin",0
Washington,0006 YARBO FIRE HOUSE,Governor,,DEM,Doug Jones,7
Washington,0006 YARBO FIRE HOUSE,Governor,,DEM,Jamel J. Brown,0
Washington,0006 YARBO FIRE HOUSE,Governor,,DEM,"Nathan ""Nate"" Mathis",0
Washington,0006 YARBO FIRE HOUSE,Governor,,DEM,Will Boyd,2
Washington,0006 YARBO FIRE HOUSE,Governor,,DEM,Yolanda Rochelle Flowers,0
Washington,0006 YARBO FIRE HOUSE,Lieutenant Governor,,DEM,Darryl D. Perryman,6
Washington,0006 YARBO FIRE HOUSE,Lieutenant Governor,,DEM,Phillip Ensler,3
Washington,0006 YARBO FIRE HOUSE,"Public Service Commission, Place No. 1",,DEM,James O. Gordon,6
Washington,0006 YARBO FIRE HOUSE,"Public Service Commission, Place No. 1",,DEM,Jeff Ramsey,1
Washington,0006 YARBO FIRE HOUSE,"Public Service Commission, Place No. 1",,DEM,John Northrop,2
Washington,0006 YARBO FIRE HOUSE,State Democratic Executive Committee,,DEM,Edward Harris,5
Washington,0006 YARBO FIRE HOUSE,State Democratic Executive Committee,,DEM,Joannee P. Barnes,7
Washington,0006 YARBO FIRE HOUSE,State Democratic Executive Committee,,DEM,Talika Palmer,2
Washington,0006 YARBO FIRE HOUSE,State Democratic Executive Committee,,DEM,Tony L. Cherry,4
Washington,0006 YARBO FIRE HOUSE,U.S. Senate,,DEM,Dakarai Larriett,4
Washington,0006 YARBO FIRE HOUSE,U.S. Senate,,DEM,Everett Wess,2
Washington,0006 YARBO FIRE HOUSE,U.S. Senate,,DEM,Kyle Sweetser,0
Washington,0006 YARBO FIRE HOUSE,U.S. Senate,,DEM,Mark S. Wheeler II,3
Washington,0006 YARBO FIRE HOUSE,Attorney General,,REP,Katherine Robertson,73
Washington,0006 YARBO FIRE HOUSE,Attorney General,,REP,Pamela L. Casey,54
Washington,0006 YARBO FIRE HOUSE,Attorney General,,REP,Jay Mitchell,55
Washington,0006 YARBO FIRE HOUSE,Commissioner of Agriculture and Industries,,REP,Cory Hill,39
Washington,0006 YARBO FIRE HOUSE,Commissioner of Agriculture and Industries,,REP,Unverified Candidate 4,32
Washington,0006 YARBO FIRE HOUSE,Commissioner of Agriculture and Industries,,REP,Unverified Candidate 5,112
Washington,0006 YARBO FIRE HOUSE,Governor,,REP,Ken McFeeters,26
Washington,0006 YARBO FIRE HOUSE,Governor,,REP,"""Alabama"" Will Santivasci",11
Washington,0006 YARBO FIRE HOUSE,Governor,,REP,Thomas Tuberville,162
Washington,0006 YARBO FIRE HOUSE,Lieutenant Governor,,REP,George Childress,13
Washington,0006 YARBO FIRE HOUSE,Lieutenant Governor,,REP,Nicole Jones Wadsworth,17
Washington,0006 YARBO FIRE HOUSE,Lieutenant Governor,,REP,Pat Bishop,11
Washington,0006 YARBO FIRE HOUSE,Lieutenant Governor,,REP,Rick Pate,13
Washington,0006 YARBO FIRE HOUSE,Lieutenant Governor,,REP,Stewart Hill Tankersley,2
Washington,0006 YARBO FIRE HOUSE,Lieutenant Governor,,REP,Unverified Candidate 8,56
Washington,0006 YARBO FIRE HOUSE,Lieutenant Governor,,REP,Wes Allen,81
Washington,0006 YARBO FIRE HOUSE,"Public Service Commission, Place No. 1",,REP,Jeremy H. Oden,44
Washington,0006 YARBO FIRE HOUSE,"Public Service Commission, Place No. 1",,REP,Matt Gentry,113
Washington,0006 YARBO FIRE HOUSE,"Public Service Commission, Place No. 2",,REP,Brent Woodall,30
Washington,0006 YARBO FIRE HOUSE,"Public Service Commission, Place No. 2",,REP,Chris Beeker,25
Washington,0006 YARBO FIRE HOUSE,"Public Service Commission, Place No. 2",,REP,Jim Zig Zeigler,98
Washington,0006 YARBO FIRE HOUSE,"Public Service Commission, Place No. 2",,REP,Priscilla Andrews,17
Washington,0006 YARBO FIRE HOUSE,Secretary of State,,REP,Caroleene Dobson,131
Washington,0006 YARBO FIRE HOUSE,Secretary of State,,REP,Christopher Christian Horn,29
Washington,0006 YARBO FIRE HOUSE,Secretary of State,,REP,Glenda S. Jackson,24
Washington,0006 YARBO FIRE HOUSE,State Auditor,,REP,Derek Chen,48
Washington,0006 YARBO FIRE HOUSE,State Auditor,,REP,Andrew Sorrell,121
Washington,0006 YARBO FIRE HOUSE,State House,65,REP,Dee Ann Campbell,58
Washington,0006 YARBO FIRE HOUSE,State House,65,REP,Unverified Candidate 2,140
Washington,0006 YARBO FIRE HOUSE,State Senate,22,REP,Greg Albritton,108
Washington,0006 YARBO FIRE HOUSE,State Senate,22,REP,Terry L. Waters,90
Washington,0006 YARBO FIRE HOUSE,State Treasurer,,REP,Steve Lolley,78
Washington,0006 YARBO FIRE HOUSE,State Treasurer,,REP,Young Boozer,101
Washington,0006 YARBO FIRE HOUSE,U.S. Senate,,REP,Barry Moore,78
Washington,0006 YARBO FIRE HOUSE,U.S. Senate,,REP,Dale Shelton Deas Jr.,7
Washington,0006 YARBO FIRE HOUSE,U.S. Senate,,REP,Jared Hudson,40
Washington,0006 YARBO FIRE HOUSE,U.S. Senate,,REP,Morgan Murphy,9
Washington,0006 YARBO FIRE HOUSE,U.S. Senate,,REP,Rodney Walker,8
Washington,0006 YARBO FIRE HOUSE,U.S. Senate,,REP,Seth Burton,6
Washington,0006 YARBO FIRE HOUSE,U.S. Senate,,REP,Steve Marshall,43
Washington,0006 YARBO FIRE HOUSE,Washington County Coroner,,REP,Allen Carpenter,103
Washington,0006 YARBO FIRE HOUSE,Washington County Coroner,,REP,Scott Giles,103
Washington,0006 YARBO FIRE HOUSE,Washington County Sheriff,,REP,Brad Warrick,157
Washington,0006 YARBO FIRE HOUSE,Washington County Sheriff,,REP,Deshone Holloway,15
Washington,0006 YARBO FIRE HOUSE,Washington County Sheriff,,REP,Donald Wayne Crager,5
Washington,0006 YARBO FIRE HOUSE,Washington County Sheriff,,REP,Jason McCuiston,32
Washington,0006 YARBO FIRE HOUSE,Washington County Sheriff,,REP,Kesler Weaver Jr.,3
Washington,0006 YARBO FIRE HOUSE,Washington County Sheriff,,REP,Tim Landrum,5
Washington,0007 LATON HILL FIRE HOUSE,Proposed Statewide Amendment 1,,,No,21
Washington,0007 LATON HILL FIRE HOUSE,Proposed Statewide Amendment 1,,,Yes,143
Washington,0007 LATON HILL FIRE HOUSE,Proposed Statewide Amendment 2,,,No,73
Washington,0007 LATON HILL FIRE HOUSE,Proposed Statewide Amendment 2,,,Yes,86
Washington,0007 LATON HILL FIRE HOUSE,Governor,,DEM,"Chad ""Chig"" Martin",0
Washington,0007 LATON HILL FIRE HOUSE,Governor,,DEM,Doug Jones,0
Washington,0007 LATON HILL FIRE HOUSE,Governor,,DEM,Jamel J. Brown,0
Washington,0007 LATON HILL FIRE HOUSE,Governor,,DEM,"Nathan ""Nate"" Mathis",0
Washington,0007 LATON HILL FIRE HOUSE,Governor,,DEM,Will Boyd,0
Washington,0007 LATON HILL FIRE HOUSE,Governor,,DEM,Yolanda Rochelle Flowers,0
Washington,0007 LATON HILL FIRE HOUSE,Lieutenant Governor,,DEM,Darryl D. Perryman,0
Washington,0007 LATON HILL FIRE HOUSE,Lieutenant Governor,,DEM,Phillip Ensler,0
Washington,0007 LATON HILL FIRE HOUSE,"Public Service Commission, Place No. 1",,DEM,James O. Gordon,0
Washington,0007 LATON HILL FIRE HOUSE,"Public Service Commission, Place No. 1",,DEM,Jeff Ramsey,0
Washington,0007 LATON HILL FIRE HOUSE,"Public Service Commission, Place No. 1",,DEM,John Northrop,0
Washington,0007 LATON HILL FIRE HOUSE,State Democratic Executive Committee,,DEM,Edward Harris,0
Washington,0007 LATON HILL FIRE HOUSE,State Democratic Executive Committee,,DEM,Joannee P. Barnes,0
Washington,0007 LATON HILL FIRE HOUSE,State Democratic Executive Committee,,DEM,Talika Palmer,0
Washington,0007 LATON HILL FIRE HOUSE,State Democratic Executive Committee,,DEM,Tony L. Cherry,0
Washington,0007 LATON HILL FIRE HOUSE,U.S. Senate,,DEM,Dakarai Larriett,0
Washington,0007 LATON HILL FIRE HOUSE,U.S. Senate,,DEM,Everett Wess,0
Washington,0007 LATON HILL FIRE HOUSE,U.S. Senate,,DEM,Kyle Sweetser,0
Washington,0007 LATON HILL FIRE HOUSE,U.S. Senate,,DEM,Mark S. Wheeler II,0
Washington,0007 LATON HILL FIRE HOUSE,Attorney General,,REP,Katherine Robertson,59
Washington,0007 LATON HILL FIRE HOUSE,Attorney General,,REP,Pamela L. Casey,36
Washington,0007 LATON HILL FIRE HOUSE,Attorney General,,REP,Jay Mitchell,53
Washington,0007 LATON HILL FIRE HOUSE,Commissioner of Agriculture and Industries,,REP,Cory Hill,21
Washington,0007 LATON HILL FIRE HOUSE,Commissioner of Agriculture and Industries,,REP,Unverified Candidate 4,25
Washington,0007 LATON HILL FIRE HOUSE,Commissioner of Agriculture and Industries,,REP,Unverified Candidate 5,106
Washington,0007 LATON HILL FIRE HOUSE,Governor,,REP,Ken McFeeters,10
Washington,0007 LATON HILL FIRE HOUSE,Governor,,REP,"""Alabama"" Will Santivasci",10
Washington,0007 LATON HILL FIRE HOUSE,Governor,,REP,Thomas Tuberville,151
Washington,0007 LATON HILL FIRE HOUSE,Lieutenant Governor,,REP,George Childress,13
Washington,0007 LATON HILL FIRE HOUSE,Lieutenant Governor,,REP,Nicole Jones Wadsworth,6
Washington,0007 LATON HILL FIRE HOUSE,Lieutenant Governor,,REP,Pat Bishop,2
Washington,0007 LATON HILL FIRE HOUSE,Lieutenant Governor,,REP,Rick Pate,13
Washington,0007 LATON HILL FIRE HOUSE,Lieutenant Governor,,REP,Stewart Hill Tankersley,2
Washington,0007 LATON HILL FIRE HOUSE,Lieutenant Governor,,REP,Unverified Candidate 8,53
Washington,0007 LATON HILL FIRE HOUSE,Lieutenant Governor,,REP,Wes Allen,66
Washington,0007 LATON HILL FIRE HOUSE,"Public Service Commission, Place No. 1",,REP,Jeremy H. Oden,30
Washington,0007 LATON HILL FIRE HOUSE,"Public Service Commission, Place No. 1",,REP,Matt Gentry,105
Washington,0007 LATON HILL FIRE HOUSE,"Public Service Commission, Place No. 2",,REP,Brent Woodall,26
Washington,0007 LATON HILL FIRE HOUSE,"Public Service Commission, Place No. 2",,REP,Chris Beeker,37
Washington,0007 LATON HILL FIRE HOUSE,"Public Service Commission, Place No. 2",,REP,Jim Zig Zeigler,57
Washington,0007 LATON HILL FIRE HOUSE,"Public Service Commission, Place No. 2",,REP,Priscilla Andrews,18
Washington,0007 LATON HILL FIRE HOUSE,Secretary of State,,REP,Caroleene Dobson,119
Washington,0007 LATON HILL FIRE HOUSE,Secretary of State,,REP,Christopher Christian Horn,27
Washington,0007 LATON HILL FIRE HOUSE,Secretary of State,,REP,Glenda S. Jackson,6
Washington,0007 LATON HILL FIRE HOUSE,State Auditor,,REP,Derek Chen,43
Washington,0007 LATON HILL FIRE HOUSE,State Auditor,,REP,Andrew Sorrell,100
Washington,0007 LATON HILL FIRE HOUSE,State House,65,REP,Dee Ann Campbell,53
Washington,0007 LATON HILL FIRE HOUSE,State House,65,REP,Unverified Candidate 2,103
Washington,0007 LATON HILL FIRE HOUSE,State Senate,22,REP,Greg Albritton,87
Washington,0007 LATON HILL FIRE HOUSE,State Senate,22,REP,Terry L. Waters,82
Washington,0007 LATON HILL FIRE HOUSE,State Treasurer,,REP,Steve Lolley,71
Washington,0007 LATON HILL FIRE HOUSE,State Treasurer,,REP,Young Boozer,81
Washington,0007 LATON HILL FIRE HOUSE,U.S. Senate,,REP,Barry Moore,78
Washington,0007 LATON HILL FIRE HOUSE,U.S. Senate,,REP,Dale Shelton Deas Jr.,2
Washington,0007 LATON HILL FIRE HOUSE,U.S. Senate,,REP,Jared Hudson,23
Washington,0007 LATON HILL FIRE HOUSE,U.S. Senate,,REP,Morgan Murphy,2
Washington,0007 LATON HILL FIRE HOUSE,U.S. Senate,,REP,Rodney Walker,9
Washington,0007 LATON HILL FIRE HOUSE,U.S. Senate,,REP,Seth Burton,14
Washington,0007 LATON HILL FIRE HOUSE,U.S. Senate,,REP,Steve Marshall,28
Washington,0007 LATON HILL FIRE HOUSE,Washington County Coroner,,REP,Allen Carpenter,61
Washington,0007 LATON HILL FIRE HOUSE,Washington County Coroner,,REP,Scott Giles,106
Washington,0007 LATON HILL FIRE HOUSE,Washington County Sheriff,,REP,Brad Warrick,103
Washington,0007 LATON HILL FIRE HOUSE,Washington County Sheriff,,REP,Deshone Holloway,3
Washington,0007 LATON HILL FIRE HOUSE,Washington County Sheriff,,REP,Donald Wayne Crager,17
Washington,0007 LATON HILL FIRE HOUSE,Washington County Sheriff,,REP,Jason McCuiston,43
Washington,0007 LATON HILL FIRE HOUSE,Washington County Sheriff,,REP,Kesler Weaver Jr.,8
Washington,0007 LATON HILL FIRE HOUSE,Washington County Sheriff,,REP,Tim Landrum,9
Washington,0008 FRUITDALE FIRE HOUSE,Proposed Statewide Amendment 1,,,No,27
Washington,0008 FRUITDALE FIRE HOUSE,Proposed Statewide Amendment 1,,,Yes,191
Washington,0008 FRUITDALE FIRE HOUSE,Proposed Statewide Amendment 2,,,No,85
Washington,0008 FRUITDALE FIRE HOUSE,Proposed Statewide Amendment 2,,,Yes,122
Washington,0008 FRUITDALE FIRE HOUSE,Governor,,DEM,Doug Jones,7
Washington,0008 FRUITDALE FIRE HOUSE,Governor,,DEM,Jamel J. Brown,2
Washington,0008 FRUITDALE FIRE HOUSE,Governor,,DEM,"Nathan ""Nate"" Mathis",0
Washington,0008 FRUITDALE FIRE HOUSE,Governor,,DEM,Will Boyd,0
Washington,0008 FRUITDALE FIRE HOUSE,Governor,,DEM,Yolanda Rochelle Flowers,3
Washington,0008 FRUITDALE FIRE HOUSE,Lieutenant Governor,,DEM,Darryl D. Perryman,7
Washington,0008 FRUITDALE FIRE HOUSE,Lieutenant Governor,,DEM,Phillip Ensler,4
Washington,0008 FRUITDALE FIRE HOUSE,"Public Service Commission, Place No. 1",,DEM,James O. Gordon,8
Washington,0008 FRUITDALE FIRE HOUSE,"Public Service Commission, Place No. 1",,DEM,Jeff Ramsey,2
Washington,0008 FRUITDALE FIRE HOUSE,"Public Service Commission, Place No. 1",,DEM,John Northrop,1
Washington,0008 FRUITDALE FIRE HOUSE,State Democratic Executive Committee,,DEM,Edward Harris,4
Washington,0008 FRUITDALE FIRE HOUSE,State Democratic Executive Committee,,DEM,Joannee P. Barnes,8
Washington,0008 FRUITDALE FIRE HOUSE,State Democratic Executive Committee,,DEM,Talika Palmer,4
Washington,0008 FRUITDALE FIRE HOUSE,State Democratic Executive Committee,,DEM,Tony L. Cherry,8
Washington,0008 FRUITDALE FIRE HOUSE,U.S. Senate,,DEM,Dakarai Larriett,4
Washington,0008 FRUITDALE FIRE HOUSE,U.S. Senate,,DEM,Everett Wess,5
Washington,0008 FRUITDALE FIRE HOUSE,U.S. Senate,,DEM,Kyle Sweetser,3
Washington,0008 FRUITDALE FIRE HOUSE,U.S. Senate,,DEM,Mark S. Wheeler II,0
Washington,0008 FRUITDALE FIRE HOUSE,Attorney General,,REP,Katherine Robertson,89
Washington,0008 FRUITDALE FIRE HOUSE,Attorney General,,REP,Pamela L. Casey,32
Washington,0008 FRUITDALE FIRE HOUSE,Attorney General,,REP,Jay Mitchell,63
Washington,0008 FRUITDALE FIRE HOUSE,Commissioner of Agriculture and Industries,,REP,Cory Hill,63
Washington,0008 FRUITDALE FIRE HOUSE,Commissioner of Agriculture and Industries,,REP,Unverified Candidate 4,40
Washington,0008 FRUITDALE FIRE HOUSE,Commissioner of Agriculture and Industries,,REP,Unverified Candidate 5,91
Washington,0008 FRUITDALE FIRE HOUSE,Governor,,REP,Ken McFeeters,16
Washington,0008 FRUITDALE FIRE HOUSE,Governor,,REP,"""Alabama"" Will Santivasci",12
Washington,0008 FRUITDALE FIRE HOUSE,Governor,,REP,Thomas Tuberville,174
Washington,0008 FRUITDALE FIRE HOUSE,Lieutenant Governor,,REP,George Childress,9
Washington,0008 FRUITDALE FIRE HOUSE,Lieutenant Governor,,REP,Nicole Jones Wadsworth,10
Washington,0008 FRUITDALE FIRE HOUSE,Lieutenant Governor,,REP,Pat Bishop,4
Washington,0008 FRUITDALE FIRE HOUSE,Lieutenant Governor,,REP,Rick Pate,9
Washington,0008 FRUITDALE FIRE HOUSE,Lieutenant Governor,,REP,Stewart Hill Tankersley,1
Washington,0008 FRUITDALE FIRE HOUSE,Lieutenant Governor,,REP,Unverified Candidate 8,69
Washington,0008 FRUITDALE FIRE HOUSE,Lieutenant Governor,,REP,Wes Allen,89
Washington,0008 FRUITDALE FIRE HOUSE,"Public Service Commission, Place No. 1",,REP,Jeremy H. Oden,37
Washington,0008 FRUITDALE FIRE HOUSE,"Public Service Commission, Place No. 1",,REP,Matt Gentry,140
Washington,0008 FRUITDALE FIRE HOUSE,"Public Service Commission, Place No. 2",,REP,Brent Woodall,38
Washington,0008 FRUITDALE FIRE HOUSE,"Public Service Commission, Place No. 2",,REP,Chris Beeker,48
Washington,0008 FRUITDALE FIRE HOUSE,"Public Service Commission, Place No. 2",,REP,Jim Zig Zeigler,65
Washington,0008 FRUITDALE FIRE HOUSE,"Public Service Commission, Place No. 2",,REP,Priscilla Andrews,26
Washington,0008 FRUITDALE FIRE HOUSE,Secretary of State,,REP,Caroleene Dobson,148
Washington,0008 FRUITDALE FIRE HOUSE,Secretary of State,,REP,Christopher Christian Horn,25
Washington,0008 FRUITDALE FIRE HOUSE,Secretary of State,,REP,Glenda S. Jackson,16
Washington,0008 FRUITDALE FIRE HOUSE,State Auditor,,REP,Derek Chen,67
Washington,0008 FRUITDALE FIRE HOUSE,State Auditor,,REP,Andrew Sorrell,108
Washington,0008 FRUITDALE FIRE HOUSE,State House,65,REP,Dee Ann Campbell,96
Washington,0008 FRUITDALE FIRE HOUSE,State House,65,REP,Unverified Candidate 2,106
Washington,0008 FRUITDALE FIRE HOUSE,State Senate,22,REP,Greg Albritton,119
Washington,0008 FRUITDALE FIRE HOUSE,State Senate,22,REP,Terry L. Waters,78
Washington,0008 FRUITDALE FIRE HOUSE,State Treasurer,,REP,Steve Lolley,70
Washington,0008 FRUITDALE FIRE HOUSE,State Treasurer,,REP,Young Boozer,113
Washington,0008 FRUITDALE FIRE HOUSE,U.S. Senate,,REP,Barry Moore,81
Washington,0008 FRUITDALE FIRE HOUSE,U.S. Senate,,REP,Dale Shelton Deas Jr.,6
Washington,0008 FRUITDALE FIRE HOUSE,U.S. Senate,,REP,Jared Hudson,34
Washington,0008 FRUITDALE FIRE HOUSE,U.S. Senate,,REP,Morgan Murphy,3
Washington,0008 FRUITDALE FIRE HOUSE,U.S. Senate,,REP,Rodney Walker,14
Washington,0008 FRUITDALE FIRE HOUSE,U.S. Senate,,REP,Seth Burton,9
Washington,0008 FRUITDALE FIRE HOUSE,U.S. Senate,,REP,Steve Marshall,41
Washington,0008 FRUITDALE FIRE HOUSE,Washington County Coroner,,REP,Allen Carpenter,57
Washington,0008 FRUITDALE FIRE HOUSE,Washington County Coroner,,REP,Scott Giles,134
Washington,0008 FRUITDALE FIRE HOUSE,Washington County Sheriff,,REP,Brad Warrick,81
Washington,0008 FRUITDALE FIRE HOUSE,Washington County Sheriff,,REP,Deshone Holloway,60
Washington,0008 FRUITDALE FIRE HOUSE,Washington County Sheriff,,REP,Donald Wayne Crager,20
Washington,0008 FRUITDALE FIRE HOUSE,Washington County Sheriff,,REP,Jason McCuiston,25
Washington,0008 FRUITDALE FIRE HOUSE,Washington County Sheriff,,REP,Kesler Weaver Jr.,6
Washington,0008 FRUITDALE FIRE HOUSE,Washington County Sheriff,,REP,Tim Landrum,19
Washington,0009 DEER PARK FIRE HOUSE,Proposed Statewide Amendment 1,,,No,71
Washington,0009 DEER PARK FIRE HOUSE,Proposed Statewide Amendment 1,,,Yes,213
Washington,0009 DEER PARK FIRE HOUSE,Proposed Statewide Amendment 2,,,No,151
Washington,0009 DEER PARK FIRE HOUSE,Proposed Statewide Amendment 2,,,Yes,126
Washington,0009 DEER PARK FIRE HOUSE,Governor,,DEM,"Chad ""Chig"" Martin",0
Washington,0009 DEER PARK FIRE HOUSE,Governor,,DEM,Doug Jones,30
Washington,0009 DEER PARK FIRE HOUSE,Governor,,DEM,Jamel J. Brown,3
Washington,0009 DEER PARK FIRE HOUSE,Governor,,DEM,"Nathan ""Nate"" Mathis",0
Washington,0009 DEER PARK FIRE HOUSE,Governor,,DEM,Will Boyd,2
Washington,0009 DEER PARK FIRE HOUSE,Governor,,DEM,Yolanda Rochelle Flowers,5
Washington,0009 DEER PARK FIRE HOUSE,Lieutenant Governor,,DEM,Darryl D. Perryman,20
Washington,0009 DEER PARK FIRE HOUSE,Lieutenant Governor,,DEM,Phillip Ensler,14
Washington,0009 DEER PARK FIRE HOUSE,"Public Service Commission, Place No. 1",,DEM,James O. Gordon,6
Washington,0009 DEER PARK FIRE HOUSE,"Public Service Commission, Place No. 1",,DEM,Jeff Ramsey,17
Washington,0009 DEER PARK FIRE HOUSE,"Public Service Commission, Place No. 1",,DEM,John Northrop,12
Washington,0009 DEER PARK FIRE HOUSE,State Democratic Executive Committee,,DEM,Edward Harris,22
Washington,0009 DEER PARK FIRE HOUSE,State Democratic Executive Committee,,DEM,Joannee P. Barnes,25
Washington,0009 DEER PARK FIRE HOUSE,State Democratic Executive Committee,,DEM,Talika Palmer,9
Washington,0009 DEER PARK FIRE HOUSE,State Democratic Executive Committee,,DEM,Tony L. Cherry,12
Washington,0009 DEER PARK FIRE HOUSE,U.S. Senate,,DEM,Dakarai Larriett,6
Washington,0009 DEER PARK FIRE HOUSE,U.S. Senate,,DEM,Everett Wess,12
Washington,0009 DEER PARK FIRE HOUSE,U.S. Senate,,DEM,Kyle Sweetser,3
Washington,0009 DEER PARK FIRE HOUSE,U.S. Senate,,DEM,Mark S. Wheeler II,15
Washington,0009 DEER PARK FIRE HOUSE,Attorney General,,REP,Katherine Robertson,85
Washington,0009 DEER PARK FIRE HOUSE,Attorney General,,REP,Pamela L. Casey,49
Washington,0009 DEER PARK FIRE HOUSE,Attorney General,,REP,Jay Mitchell,57
Washington,0009 DEER PARK FIRE HOUSE,Commissioner of Agriculture and Industries,,REP,Cory Hill,32
Washington,0009 DEER PARK FIRE HOUSE,Commissioner of Agriculture and Industries,,REP,Unverified Candidate 4,50
Washington,0009 DEER PARK FIRE HOUSE,Commissioner of Agriculture and Industries,,REP,Unverified Candidate 5,115
Washington,0009 DEER PARK FIRE HOUSE,Governor,,REP,Ken McFeeters,29
Washington,0009 DEER PARK FIRE HOUSE,Governor,,REP,"""Alabama"" Will Santivasci",14
Washington,0009 DEER PARK FIRE HOUSE,Governor,,REP,Thomas Tuberville,168
Washington,0009 DEER PARK FIRE HOUSE,Lieutenant Governor,,REP,George Childress,9
Washington,0009 DEER PARK FIRE HOUSE,Lieutenant Governor,,REP,John Wahl,66
Washington,0009 DEER PARK FIRE HOUSE,Lieutenant Governor,,REP,Nicole Jones Wadsworth,9
Washington,0009 DEER PARK FIRE HOUSE,Lieutenant Governor,,REP,Pat Bishop,10
Washington,0009 DEER PARK FIRE HOUSE,Lieutenant Governor,,REP,Rick Pate,18
Washington,0009 DEER PARK FIRE HOUSE,Lieutenant Governor,,REP,Stewart Hill Tankersley,6
Washington,0009 DEER PARK FIRE HOUSE,Lieutenant Governor,,REP,Wes Allen,85
Washington,0009 DEER PARK FIRE HOUSE,"Public Service Commission, Place No. 1",,REP,Jeremy H. Oden,39
Washington,0009 DEER PARK FIRE HOUSE,"Public Service Commission, Place No. 1",,REP,Matt Gentry,144
Washington,0009 DEER PARK FIRE HOUSE,"Public Service Commission, Place No. 2",,REP,Brent Woodall,41
Washington,0009 DEER PARK FIRE HOUSE,"Public Service Commission, Place No. 2",,REP,Chris Beeker,36
Washington,0009 DEER PARK FIRE HOUSE,"Public Service Commission, Place No. 2",,REP,Jim Zig Zeigler,74
Washington,0009 DEER PARK FIRE HOUSE,"Public Service Commission, Place No. 2",,REP,Priscilla Andrews,35
Washington,0009 DEER PARK FIRE HOUSE,Secretary of State,,REP,Caroleene Dobson,149
Washington,0009 DEER PARK FIRE HOUSE,Secretary of State,,REP,Christopher Christian Horn,32
Washington,0009 DEER PARK FIRE HOUSE,Secretary of State,,REP,Glenda S. Jackson,14
Washington,0009 DEER PARK FIRE HOUSE,State Auditor,,REP,Derek Chen,68
Washington,0009 DEER PARK FIRE HOUSE,State Auditor,,REP,Andrew Sorrell,118
Washington,0009 DEER PARK FIRE HOUSE,State House,65,REP,Dee Ann Campbell,74
Washington,0009 DEER PARK FIRE HOUSE,State House,65,REP,Unverified Candidate 2,134
Washington,0009 DEER PARK FIRE HOUSE,State Senate,22,REP,Greg Albritton,121
Washington,0009 DEER PARK FIRE HOUSE,State Senate,22,REP,Terry L. Waters,82
Washington,0009 DEER PARK FIRE HOUSE,State Treasurer,,REP,Steve Lolley,80
Washington,0009 DEER PARK FIRE HOUSE,State Treasurer,,REP,Young Boozer,114
Washington,0009 DEER PARK FIRE HOUSE,U.S. Senate,,REP,Barry Moore,70
Washington,0009 DEER PARK FIRE HOUSE,U.S. Senate,,REP,Dale Shelton Deas Jr.,8
Washington,0009 DEER PARK FIRE HOUSE,U.S. Senate,,REP,Jared Hudson,33
Washington,0009 DEER PARK FIRE HOUSE,U.S. Senate,,REP,Morgan Murphy,8
Washington,0009 DEER PARK FIRE HOUSE,U.S. Senate,,REP,Rodney Walker,16
Washington,0009 DEER PARK FIRE HOUSE,U.S. Senate,,REP,Seth Burton,13
Washington,0009 DEER PARK FIRE HOUSE,U.S. Senate,,REP,Steve Marshall,47
Washington,0009 DEER PARK FIRE HOUSE,Washington County Coroner,,REP,Allen Carpenter,98
Washington,0009 DEER PARK FIRE HOUSE,Washington County Coroner,,REP,Scott Giles,102
Washington,0009 DEER PARK FIRE HOUSE,Washington County Sheriff,,REP,Brad Warrick,52
Washington,0009 DEER PARK FIRE HOUSE,Washington County Sheriff,,REP,Deshone Holloway,131
Washington,0009 DEER PARK FIRE HOUSE,Washington County Sheriff,,REP,Donald Wayne Crager,12
Washington,0009 DEER PARK FIRE HOUSE,Washington County Sheriff,,REP,Jason McCuiston,28
Washington,0009 DEER PARK FIRE HOUSE,Washington County Sheriff,,REP,Kesler Weaver Jr.,9
Washington,0009 DEER PARK FIRE HOUSE,Washington County Sheriff,,REP,Tim Landrum,24
Washington,0010 CHARITY CHAPEL PHOUSE,Proposed Statewide Amendment 1,,,No,5
Washington,0010 CHARITY CHAPEL PHOUSE,Proposed Statewide Amendment 1,,,Yes,101
Washington,0010 CHARITY CHAPEL PHOUSE,Proposed Statewide Amendment 2,,,No,41
Washington,0010 CHARITY CHAPEL PHOUSE,Proposed Statewide Amendment 2,,,Yes,65
Washington,0010 CHARITY CHAPEL PHOUSE,Governor,,DEM,"Chad ""Chig"" Martin",0
Washington,0010 CHARITY CHAPEL PHOUSE,Governor,,DEM,Doug Jones,1
Washington,0010 CHARITY CHAPEL PHOUSE,Governor,,DEM,Jamel J. Brown,0
Washington,0010 CHARITY CHAPEL PHOUSE,Governor,,DEM,"Nathan ""Nate"" Mathis",0
Washington,0010 CHARITY CHAPEL PHOUSE,Governor,,DEM,Will Boyd,0
Washington,0010 CHARITY CHAPEL PHOUSE,Governor,,DEM,Yolanda Rochelle Flowers,0
Washington,0010 CHARITY CHAPEL PHOUSE,Lieutenant Governor,,DEM,Darryl D. Perryman,1
Washington,0010 CHARITY CHAPEL PHOUSE,Lieutenant Governor,,DEM,Phillip Ensler,0
Washington,0010 CHARITY CHAPEL PHOUSE,"Public Service Commission, Place No. 1",,DEM,James O. Gordon,1
Washington,0010 CHARITY CHAPEL PHOUSE,"Public Service Commission, Place No. 1",,DEM,Jeff Ramsey,0
Washington,0010 CHARITY CHAPEL PHOUSE,"Public Service Commission, Place No. 1",,DEM,John Northrop,0
Washington,0010 CHARITY CHAPEL PHOUSE,State Democratic Executive Committee,,DEM,Edward Harris,0
Washington,0010 CHARITY CHAPEL PHOUSE,State Democratic Executive Committee,,DEM,Joannee P. Barnes,0
Washington,0010 CHARITY CHAPEL PHOUSE,State Democratic Executive Committee,,DEM,Talika Palmer,1
Washington,0010 CHARITY CHAPEL PHOUSE,State Democratic Executive Committee,,DEM,Tony L. Cherry,1
Washington,0010 CHARITY CHAPEL PHOUSE,U.S. Senate,,DEM,Dakarai Larriett,1
Washington,0010 CHARITY CHAPEL PHOUSE,U.S. Senate,,DEM,Everett Wess,0
Washington,0010 CHARITY CHAPEL PHOUSE,U.S. Senate,,DEM,Kyle Sweetser,0
Washington,0010 CHARITY CHAPEL PHOUSE,U.S. Senate,,DEM,Mark S. Wheeler II,0
Washington,0010 CHARITY CHAPEL PHOUSE,Attorney General,,REP,Katherine Robertson,35
Washington,0010 CHARITY CHAPEL PHOUSE,Attorney General,,REP,Pamela L. Casey,19
Washington,0010 CHARITY CHAPEL PHOUSE,Attorney General,,REP,Jay Mitchell,50
Washington,0010 CHARITY CHAPEL PHOUSE,Commissioner of Agriculture and Industries,,REP,Cory Hill,12
Washington,0010 CHARITY CHAPEL PHOUSE,Commissioner of Agriculture and Industries,,REP,Unverified Candidate 4,21
Washington,0010 CHARITY CHAPEL PHOUSE,Commissioner of Agriculture and Industries,,REP,Unverified Candidate 5,68
Washington,0010 CHARITY CHAPEL PHOUSE,Governor,,REP,Ken McFeeters,3
Washington,0010 CHARITY CHAPEL PHOUSE,Governor,,REP,"""Alabama"" Will Santivasci",1
Washington,0010 CHARITY CHAPEL PHOUSE,Governor,,REP,Thomas Tuberville,101
Washington,0010 CHARITY CHAPEL PHOUSE,Lieutenant Governor,,REP,George Childress,1
Washington,0010 CHARITY CHAPEL PHOUSE,Lieutenant Governor,,REP,John Wahl,70
Washington,0010 CHARITY CHAPEL PHOUSE,Lieutenant Governor,,REP,Nicole Jones Wadsworth,9
Washington,0010 CHARITY CHAPEL PHOUSE,Lieutenant Governor,,REP,Pat Bishop,1
Washington,0010 CHARITY CHAPEL PHOUSE,Lieutenant Governor,,REP,Rick Pate,3
Washington,0010 CHARITY CHAPEL PHOUSE,Lieutenant Governor,,REP,Stewart Hill Tankersley,0
Washington,0010 CHARITY CHAPEL PHOUSE,Lieutenant Governor,,REP,Wes Allen,24
Washington,0010 CHARITY CHAPEL PHOUSE,"Public Service Commission, Place No. 1",,REP,Jeremy H. Oden,17
Washington,0010 CHARITY CHAPEL PHOUSE,"Public Service Commission, Place No. 1",,REP,Matt Gentry,79
Washington,0010 CHARITY CHAPEL PHOUSE,"Public Service Commission, Place No. 2",,REP,Brent Woodall,17
Washington,0010 CHARITY CHAPEL PHOUSE,"Public Service Commission, Place No. 2",,REP,Chris Beeker,8
Washington,0010 CHARITY CHAPEL PHOUSE,"Public Service Commission, Place No. 2",,REP,Jim Zig Zeigler,59
Washington,0010 CHARITY CHAPEL PHOUSE,"Public Service Commission, Place No. 2",,REP,Priscilla Andrews,10
Washington,0010 CHARITY CHAPEL PHOUSE,Secretary of State,,REP,Caroleene Dobson,83
Washington,0010 CHARITY CHAPEL PHOUSE,Secretary of State,,REP,Christopher Christian Horn,14
Washington,0010 CHARITY CHAPEL PHOUSE,Secretary of State,,REP,Glenda S. Jackson,5
Washington,0010 CHARITY CHAPEL PHOUSE,State Auditor,,REP,Derek Chen,27
Washington,0010 CHARITY CHAPEL PHOUSE,State Auditor,,REP,Andrew Sorrell,73
Washington,0010 CHARITY CHAPEL PHOUSE,State House,65,REP,Dee Ann Campbell,17
Washington,0010 CHARITY CHAPEL PHOUSE,State House,65,REP,Unverified Candidate 2,85
Washington,0010 CHARITY CHAPEL PHOUSE,State Senate,22,REP,Greg Albritton,74
Washington,0010 CHARITY CHAPEL PHOUSE,State Senate,22,REP,Terry L. Waters,33
Washington,0010 CHARITY CHAPEL PHOUSE,State Treasurer,,REP,Steve Lolley,30
Washington,0010 CHARITY CHAPEL PHOUSE,State Treasurer,,REP,Young Boozer,74
Washington,0010 CHARITY CHAPEL PHOUSE,U.S. Senate,,REP,Barry Moore,52
Washington,0010 CHARITY CHAPEL PHOUSE,U.S. Senate,,REP,Dale Shelton Deas Jr.,3
Washington,0010 CHARITY CHAPEL PHOUSE,U.S. Senate,,REP,Jared Hudson,15
Washington,0010 CHARITY CHAPEL PHOUSE,U.S. Senate,,REP,Morgan Murphy,2
Washington,0010 CHARITY CHAPEL PHOUSE,U.S. Senate,,REP,Rodney Walker,8
Washington,0010 CHARITY CHAPEL PHOUSE,U.S. Senate,,REP,Seth Burton,4
Washington,0010 CHARITY CHAPEL PHOUSE,U.S. Senate,,REP,Steve Marshall,20
Washington,0010 CHARITY CHAPEL PHOUSE,Washington County Coroner,,REP,Allen Carpenter,67
Washington,0010 CHARITY CHAPEL PHOUSE,Washington County Coroner,,REP,Scott Giles,36
Washington,0010 CHARITY CHAPEL PHOUSE,Washington County Sheriff,,REP,Brad Warrick,56
Washington,0010 CHARITY CHAPEL PHOUSE,Washington County Sheriff,,REP,Deshone Holloway,17
Washington,0010 CHARITY CHAPEL PHOUSE,Washington County Sheriff,,REP,Donald Wayne Crager,4
Washington,0010 CHARITY CHAPEL PHOUSE,Washington County Sheriff,,REP,Jason McCuiston,14
Washington,0010 CHARITY CHAPEL PHOUSE,Washington County Sheriff,,REP,Kesler Weaver Jr.,20
Washington,0010 CHARITY CHAPEL PHOUSE,Washington County Sheriff,,REP,Tim Landrum,3
Washington,0011 TIBBIE BAPTIST CH,Proposed Statewide Amendment 1,,,No,34
Washington,0011 TIBBIE BAPTIST CH,Proposed Statewide Amendment 1,,,Yes,241
Washington,0011 TIBBIE BAPTIST CH,Proposed Statewide Amendment 2,,,No,107
Washington,0011 TIBBIE BAPTIST CH,Proposed Statewide Amendment 2,,,Yes,147
Washington,0011 TIBBIE BAPTIST CH,Governor,,DEM,"Chad ""Chig"" Martin",1
Washington,0011 TIBBIE BAPTIST CH,Governor,,DEM,Doug Jones,3
Washington,0011 TIBBIE BAPTIST CH,Governor,,DEM,Jamel J. Brown,0
Washington,0011 TIBBIE BAPTIST CH,Governor,,DEM,"Nathan ""Nate"" Mathis",0
Washington,0011 TIBBIE BAPTIST CH,Governor,,DEM,Will Boyd,2
Washington,0011 TIBBIE BAPTIST CH,Governor,,DEM,Yolanda Rochelle Flowers,0
Washington,0011 TIBBIE BAPTIST CH,Lieutenant Governor,,DEM,Darryl D. Perryman,1
Washington,0011 TIBBIE BAPTIST CH,Lieutenant Governor,,DEM,Phillip Ensler,3
Washington,0011 TIBBIE BAPTIST CH,"Public Service Commission, Place No. 1",,DEM,James O. Gordon,3
Washington,0011 TIBBIE BAPTIST CH,"Public Service Commission, Place No. 1",,DEM,Jeff Ramsey,0
Washington,0011 TIBBIE BAPTIST CH,"Public Service Commission, Place No. 1",,DEM,John Northrop,1
Washington,0011 TIBBIE BAPTIST CH,State Democratic Executive Committee,,DEM,Edward Harris,3
Washington,0011 TIBBIE BAPTIST CH,State Democratic Executive Committee,,DEM,Joannee P. Barnes,2
Washington,0011 TIBBIE BAPTIST CH,State Democratic Executive Committee,,DEM,Talika Palmer,2
Washington,0011 TIBBIE BAPTIST CH,State Democratic Executive Committee,,DEM,Tony L. Cherry,0
Washington,0011 TIBBIE BAPTIST CH,U.S. Senate,,DEM,Dakarai Larriett,0
Washington,0011 TIBBIE BAPTIST CH,U.S. Senate,,DEM,Everett Wess,1
Washington,0011 TIBBIE BAPTIST CH,U.S. Senate,,DEM,Kyle Sweetser,1
Washington,0011 TIBBIE BAPTIST CH,U.S. Senate,,DEM,Mark S. Wheeler II,2
Washington,0011 TIBBIE BAPTIST CH,Attorney General,,REP,Katherine Robertson,97
Washington,0011 TIBBIE BAPTIST CH,Attorney General,,REP,Pamela L. Casey,54
Washington,0011 TIBBIE BAPTIST CH,Attorney General,,REP,Jay Mitchell,83
Washington,0011 TIBBIE BAPTIST CH,Commissioner of Agriculture and Industries,,REP,Cory Hill,52
Washington,0011 TIBBIE BAPTIST CH,Commissioner of Agriculture and Industries,,REP,Unverified Candidate 4,48
Washington,0011 TIBBIE BAPTIST CH,Commissioner of Agriculture and Industries,,REP,Unverified Candidate 5,145
Washington,0011 TIBBIE BAPTIST CH,Governor,,REP,Ken McFeeters,21
Washington,0011 TIBBIE BAPTIST CH,Governor,,REP,"""Alabama"" Will Santivasci",9
Washington,0011 TIBBIE BAPTIST CH,Governor,,REP,Thomas Tuberville,248
Washington,0011 TIBBIE BAPTIST CH,Lieutenant Governor,,REP,George Childress,14
Washington,0011 TIBBIE BAPTIST CH,Lieutenant Governor,,REP,John Wahl,101
Washington,0011 TIBBIE BAPTIST CH,Lieutenant Governor,,REP,Nicole Jones Wadsworth,9
Washington,0011 TIBBIE BAPTIST CH,Lieutenant Governor,,REP,Pat Bishop,6
Washington,0011 TIBBIE BAPTIST CH,Lieutenant Governor,,REP,Rick Pate,14
Washington,0011 TIBBIE BAPTIST CH,Lieutenant Governor,,REP,Stewart Hill Tankersley,2
Washington,0011 TIBBIE BAPTIST CH,Lieutenant Governor,,REP,Wes Allen,108
Washington,0011 TIBBIE BAPTIST CH,"Public Service Commission, Place No. 1",,REP,Jeremy H. Oden,36
Washington,0011 TIBBIE BAPTIST CH,"Public Service Commission, Place No. 1",,REP,Matt Gentry,187
Washington,0011 TIBBIE BAPTIST CH,"Public Service Commission, Place No. 2",,REP,Brent Woodall,58
Washington,0011 TIBBIE BAPTIST CH,"Public Service Commission, Place No. 2",,REP,Chris Beeker,50
Washington,0011 TIBBIE BAPTIST CH,"Public Service Commission, Place No. 2",,REP,Jim Zig Zeigler,102
Washington,0011 TIBBIE BAPTIST CH,"Public Service Commission, Place No. 2",,REP,Priscilla Andrews,24
Washington,0011 TIBBIE BAPTIST CH,Secretary of State,,REP,Caroleene Dobson,172
Washington,0011 TIBBIE BAPTIST CH,Secretary of State,,REP,Christopher Christian Horn,53
Washington,0011 TIBBIE BAPTIST CH,Secretary of State,,REP,Glenda S. Jackson,17
Washington,0011 TIBBIE BAPTIST CH,State Auditor,,REP,Derek Chen,64
Washington,0011 TIBBIE BAPTIST CH,State Auditor,,REP,Andrew Sorrell,168
Washington,0011 TIBBIE BAPTIST CH,State House,65,REP,Dee Ann Campbell,53
Washington,0011 TIBBIE BAPTIST CH,State House,65,REP,Unverified Candidate 2,221
Washington,0011 TIBBIE BAPTIST CH,State Senate,22,REP,Greg Albritton,150
Washington,0011 TIBBIE BAPTIST CH,State Senate,22,REP,Terry L. Waters,115
Washington,0011 TIBBIE BAPTIST CH,State Treasurer,,REP,Steve Lolley,120
Washington,0011 TIBBIE BAPTIST CH,State Treasurer,,REP,Young Boozer,126
Washington,0011 TIBBIE BAPTIST CH,U.S. Senate,,REP,Barry Moore,96
Washington,0011 TIBBIE BAPTIST CH,U.S. Senate,,REP,Dale Shelton Deas Jr.,6
Washington,0011 TIBBIE BAPTIST CH,U.S. Senate,,REP,Jared Hudson,50
Washington,0011 TIBBIE BAPTIST CH,U.S. Senate,,REP,Morgan Murphy,2
Washington,0011 TIBBIE BAPTIST CH,U.S. Senate,,REP,Rodney Walker,21
Washington,0011 TIBBIE BAPTIST CH,U.S. Senate,,REP,Seth Burton,21
Washington,0011 TIBBIE BAPTIST CH,U.S. Senate,,REP,Steve Marshall,43
Washington,0011 TIBBIE BAPTIST CH,Washington County Coroner,,REP,Allen Carpenter,155
Washington,0011 TIBBIE BAPTIST CH,Washington County Coroner,,REP,Scott Giles,106
Washington,0011 TIBBIE BAPTIST CH,Washington County Sheriff,,REP,Brad Warrick,171
Washington,0011 TIBBIE BAPTIST CH,Washington County Sheriff,,REP,Deshone Holloway,11
Washington,0011 TIBBIE BAPTIST CH,Washington County Sheriff,,REP,Donald Wayne Crager,3
Washington,0011 TIBBIE BAPTIST CH,Washington County Sheriff,,REP,Jason McCuiston,88
Washington,0011 TIBBIE BAPTIST CH,Washington County Sheriff,,REP,Kesler Weaver Jr.,15
Washington,0011 TIBBIE BAPTIST CH,Washington County Sheriff,,REP,Tim Landrum,4
Washington,0012 FAIRFORD FIRE HOUSE,Proposed Statewide Amendment 1,,,No,31
Washington,0012 FAIRFORD FIRE HOUSE,Proposed Statewide Amendment 1,,,Yes,144
Washington,0012 FAIRFORD FIRE HOUSE,Proposed Statewide Amendment 2,,,No,59
Washington,0012 FAIRFORD FIRE HOUSE,Proposed Statewide Amendment 2,,,Yes,107
Washington,0012 FAIRFORD FIRE HOUSE,Governor,,DEM,"Chad ""Chig"" Martin",0
Washington,0012 FAIRFORD FIRE HOUSE,Governor,,DEM,Doug Jones,20
Washington,0012 FAIRFORD FIRE HOUSE,Governor,,DEM,Jamel J. Brown,0
Washington,0012 FAIRFORD FIRE HOUSE,Governor,,DEM,"Nathan ""Nate"" Mathis",0
Washington,0012 FAIRFORD FIRE HOUSE,Governor,,DEM,Will Boyd,1
Washington,0012 FAIRFORD FIRE HOUSE,Governor,,DEM,Yolanda Rochelle Flowers,0
Washington,0012 FAIRFORD FIRE HOUSE,Lieutenant Governor,,DEM,Darryl D. Perryman,15
Washington,0012 FAIRFORD FIRE HOUSE,Lieutenant Governor,,DEM,Phillip Ensler,6
Washington,0012 FAIRFORD FIRE HOUSE,"Public Service Commission, Place No. 1",,DEM,James O. Gordon,16
Washington,0012 FAIRFORD FIRE HOUSE,"Public Service Commission, Place No. 1",,DEM,Jeff Ramsey,1
Washington,0012 FAIRFORD FIRE HOUSE,"Public Service Commission, Place No. 1",,DEM,John Northrop,2
Washington,0012 FAIRFORD FIRE HOUSE,State Democratic Executive Committee,,DEM,Edward Harris,6
Washington,0012 FAIRFORD FIRE HOUSE,State Democratic Executive Committee,,DEM,Joannee P. Barnes,19
Washington,0012 FAIRFORD FIRE HOUSE,State Democratic Executive Committee,,DEM,Talika Palmer,1
Washington,0012 FAIRFORD FIRE HOUSE,State Democratic Executive Committee,,DEM,Tony L. Cherry,14
Washington,0012 FAIRFORD FIRE HOUSE,U.S. Senate,,DEM,Dakarai Larriett,1
Washington,0012 FAIRFORD FIRE HOUSE,U.S. Senate,,DEM,Everett Wess,14
Washington,0012 FAIRFORD FIRE HOUSE,U.S. Senate,,DEM,Kyle Sweetser,2
Washington,0012 FAIRFORD FIRE HOUSE,U.S. Senate,,DEM,Mark S. Wheeler II,3
Washington,0012 FAIRFORD FIRE HOUSE,Attorney General,,REP,Katherine Robertson,61
Washington,0012 FAIRFORD FIRE HOUSE,Attorney General,,REP,Pamela L. Casey,32
Washington,0012 FAIRFORD FIRE HOUSE,Attorney General,,REP,Jay Mitchell,49
Washington,0012 FAIRFORD FIRE HOUSE,Commissioner of Agriculture and Industries,,REP,Cory Hill,27
Washington,0012 FAIRFORD FIRE HOUSE,Commissioner of Agriculture and Industries,,REP,Unverified Candidate 4,32
Washington,0012 FAIRFORD FIRE HOUSE,Commissioner of Agriculture and Industries,,REP,Unverified Candidate 5,85
Washington,0012 FAIRFORD FIRE HOUSE,Governor,,REP,Ken McFeeters,14
Washington,0012 FAIRFORD FIRE HOUSE,Governor,,REP,"""Alabama"" Will Santivasci",8
Washington,0012 FAIRFORD FIRE HOUSE,Governor,,REP,Thomas Tuberville,138
Washington,0012 FAIRFORD FIRE HOUSE,Lieutenant Governor,,REP,George Childress,4
Washington,0012 FAIRFORD FIRE HOUSE,Lieutenant Governor,,REP,John Wahl,74
Washington,0012 FAIRFORD FIRE HOUSE,Lieutenant Governor,,REP,Nicole Jones Wadsworth,13
Washington,0012 FAIRFORD FIRE HOUSE,Lieutenant Governor,,REP,Pat Bishop,3
Washington,0012 FAIRFORD FIRE HOUSE,Lieutenant Governor,,REP,Rick Pate,6
Washington,0012 FAIRFORD FIRE HOUSE,Lieutenant Governor,,REP,Stewart Hill Tankersley,1
Washington,0012 FAIRFORD FIRE HOUSE,Lieutenant Governor,,REP,Wes Allen,37
Washington,0012 FAIRFORD FIRE HOUSE,"Public Service Commission, Place No. 1",,REP,Jeremy H. Oden,18
Washington,0012 FAIRFORD FIRE HOUSE,"Public Service Commission, Place No. 1",,REP,Matt Gentry,114
Washington,0012 FAIRFORD FIRE HOUSE,"Public Service Commission, Place No. 2",,REP,Brent Woodall,27
Washington,0012 FAIRFORD FIRE HOUSE,"Public Service Commission, Place No. 2",,REP,Chris Beeker,15
Washington,0012 FAIRFORD FIRE HOUSE,"Public Service Commission, Place No. 2",,REP,Jim Zig Zeigler,76
Washington,0012 FAIRFORD FIRE HOUSE,"Public Service Commission, Place No. 2",,REP,Priscilla Andrews,22
Washington,0012 FAIRFORD FIRE HOUSE,Secretary of State,,REP,Caroleene Dobson,97
Washington,0012 FAIRFORD FIRE HOUSE,Secretary of State,,REP,Christopher Christian Horn,23
Washington,0012 FAIRFORD FIRE HOUSE,Secretary of State,,REP,Glenda S. Jackson,20
Washington,0012 FAIRFORD FIRE HOUSE,State Auditor,,REP,Derek Chen,42
Washington,0012 FAIRFORD FIRE HOUSE,State Auditor,,REP,Andrew Sorrell,94
Washington,0012 FAIRFORD FIRE HOUSE,State House,65,REP,Dee Ann Campbell,33
Washington,0012 FAIRFORD FIRE HOUSE,State House,65,REP,Unverified Candidate 3,124
Washington,0012 FAIRFORD FIRE HOUSE,State Senate,22,REP,Greg Albritton,95
Washington,0012 FAIRFORD FIRE HOUSE,State Senate,22,REP,Terry L. Waters,50
Washington,0012 FAIRFORD FIRE HOUSE,State Treasurer,,REP,Steve Lolley,51
Washington,0012 FAIRFORD FIRE HOUSE,State Treasurer,,REP,Young Boozer,87
Washington,0012 FAIRFORD FIRE HOUSE,U.S. Senate,,REP,Barry Moore,75
Washington,0012 FAIRFORD FIRE HOUSE,U.S. Senate,,REP,Dale Shelton Deas Jr.,0
Washington,0012 FAIRFORD FIRE HOUSE,U.S. Senate,,REP,Jared Hudson,6
Washington,0012 FAIRFORD FIRE HOUSE,U.S. Senate,,REP,Morgan Murphy,6
Washington,0012 FAIRFORD FIRE HOUSE,U.S. Senate,,REP,Rodney Walker,34
Washington,0012 FAIRFORD FIRE HOUSE,U.S. Senate,,REP,Seth Burton,2
Washington,0012 FAIRFORD FIRE HOUSE,U.S. Senate,,REP,Steve Marshall,19
Washington,0012 FAIRFORD FIRE HOUSE,Washington County Coroner,,REP,Allen Carpenter,104
Washington,0012 FAIRFORD FIRE HOUSE,Washington County Coroner,,REP,Scott Giles,44
Washington,0012 FAIRFORD FIRE HOUSE,Washington County Sheriff,,REP,Brad Warrick,27
Washington,0012 FAIRFORD FIRE HOUSE,Washington County Sheriff,,REP,Deshone Holloway,23
Washington,0012 FAIRFORD FIRE HOUSE,Washington County Sheriff,,REP,Donald Wayne Crager,1
Washington,0012 FAIRFORD FIRE HOUSE,Washington County Sheriff,,REP,Jason McCuiston,16
Washington,0012 FAIRFORD FIRE HOUSE,Washington County Sheriff,,REP,Kesler Weaver Jr.,108
Washington,0012 FAIRFORD FIRE HOUSE,Washington County Sheriff,,REP,Tim Landrum,2
Washington,0013 McINTOSH COMM CENTER,Proposed Statewide Amendment 1,,,No,127
Washington,0013 McINTOSH COMM CENTER,Proposed Statewide Amendment 1,,,Yes,135
Washington,0013 McINTOSH COMM CENTER,Proposed Statewide Amendment 2,,,No,89
Washington,0013 McINTOSH COMM CENTER,Proposed Statewide Amendment 2,,,Yes,173
Washington,0013 McINTOSH COMM CENTER,Governor,,DEM,"Chad ""Chig"" Martin",0
Washington,0013 McINTOSH COMM CENTER,Governor,,DEM,Doug Jones,128
Washington,0013 McINTOSH COMM CENTER,Governor,,DEM,Jamel J. Brown,6
Washington,0013 McINTOSH COMM CENTER,Governor,,DEM,"Nathan ""Nate"" Mathis",0
Washington,0013 McINTOSH COMM CENTER,Governor,,DEM,Will Boyd,10
Washington,0013 McINTOSH COMM CENTER,Governor,,DEM,Yolanda Rochelle Flowers,0
Washington,0013 McINTOSH COMM CENTER,Lieutenant Governor,,DEM,Darryl D. Perryman,91
Washington,0013 McINTOSH COMM CENTER,Lieutenant Governor,,DEM,Phillip Ensler,51
Washington,0013 McINTOSH COMM CENTER,"Public Service Commission, Place No. 1",,DEM,James O. Gordon,118
Washington,0013 McINTOSH COMM CENTER,"Public Service Commission, Place No. 1",,DEM,Jeff Ramsey,8
Washington,0013 McINTOSH COMM CENTER,"Public Service Commission, Place No. 1",,DEM,John Northrop,13
Washington,0013 McINTOSH COMM CENTER,State Democratic Executive Committee,,DEM,Edward Harris,46
Washington,0013 McINTOSH COMM CENTER,State Democratic Executive Committee,,DEM,Joannee P. Barnes,145
Washington,0013 McINTOSH COMM CENTER,State Democratic Executive Committee,,DEM,Talika Palmer,5
Washington,0013 McINTOSH COMM CENTER,State Democratic Executive Committee,,DEM,Tony L. Cherry,92
Washington,0013 McINTOSH COMM CENTER,U.S. Senate,,DEM,Dakarai Larriett,24
Washington,0013 McINTOSH COMM CENTER,U.S. Senate,,DEM,Everett Wess,88
Washington,0013 McINTOSH COMM CENTER,U.S. Senate,,DEM,Kyle Sweetser,9
Washington,0013 McINTOSH COMM CENTER,U.S. Senate,,DEM,Mark S. Wheeler II,15
Washington,0013 McINTOSH COMM CENTER,Attorney General,,REP,Katherine Robertson,17
Washington,0013 McINTOSH COMM CENTER,Attorney General,,REP,Pamela L. Casey,10
Washington,0013 McINTOSH COMM CENTER,Attorney General,,REP,Jay Mitchell,11
Washington,0013 McINTOSH COMM CENTER,Commissioner of Agriculture and Industries,,REP,Christina Woerner McInnis,16
Washington,0013 McINTOSH COMM CENTER,Commissioner of Agriculture and Industries,,REP,Cory Hill,9
Washington,0013 McINTOSH COMM CENTER,Commissioner of Agriculture and Industries,,REP,Jack Williams,15
Washington,0013 McINTOSH COMM CENTER,Governor,,REP,Ken McFeeters,19
Washington,0013 McINTOSH COMM CENTER,Governor,,REP,"""Alabama"" Will Santivasci",8
Washington,0013 McINTOSH COMM CENTER,Governor,,REP,Thomas Tuberville,19
Washington,0013 McINTOSH COMM CENTER,Lieutenant Governor,,REP,George Childress,4
Washington,0013 McINTOSH COMM CENTER,Lieutenant Governor,,REP,John Wahl,11
Washington,0013 McINTOSH COMM CENTER,Lieutenant Governor,,REP,Nicole Jones Wadsworth,3
Washington,0013 McINTOSH COMM CENTER,Lieutenant Governor,,REP,Pat Bishop,5
Washington,0013 McINTOSH COMM CENTER,Lieutenant Governor,,REP,Rick Pate,4
Washington,0013 McINTOSH COMM CENTER,Lieutenant Governor,,REP,Stewart Hill Tankersley,0
Washington,0013 McINTOSH COMM CENTER,Lieutenant Governor,,REP,Wes Allen,14
Washington,0013 McINTOSH COMM CENTER,"Public Service Commission, Place No. 1",,REP,Jeremy H. Oden,11
Washington,0013 McINTOSH COMM CENTER,"Public Service Commission, Place No. 1",,REP,Matt Gentry,27
Washington,0013 McINTOSH COMM CENTER,"Public Service Commission, Place No. 2",,REP,Brent Woodall,6
Washington,0013 McINTOSH COMM CENTER,"Public Service Commission, Place No. 2",,REP,Chris Beeker,6
Washington,0013 McINTOSH COMM CENTER,"Public Service Commission, Place No. 2",,REP,Jim Zig Zeigler,11
Washington,0013 McINTOSH COMM CENTER,"Public Service Commission, Place No. 2",,REP,Priscilla Andrews,15
Washington,0013 McINTOSH COMM CENTER,Secretary of State,,REP,Caroleene Dobson,22
Washington,0013 McINTOSH COMM CENTER,Secretary of State,,REP,Christopher Christian Horn,3
Washington,0013 McINTOSH COMM CENTER,Secretary of State,,REP,Glenda S. Jackson,11
Washington,0013 McINTOSH COMM CENTER,State Auditor,,REP,Derek Chen,18
Washington,0013 McINTOSH COMM CENTER,State Auditor,,REP,Andrew Sorrell,17
Washington,0013 McINTOSH COMM CENTER,State House,65,REP,Dee Ann Campbell,13
Washington,0013 McINTOSH COMM CENTER,State House,65,REP,Unverified Candidate 3,25
Washington,0013 McINTOSH COMM CENTER,State Senate,22,REP,Greg Albritton,13
Washington,0013 McINTOSH COMM CENTER,State Senate,22,REP,Terry L. Waters,23
Washington,0013 McINTOSH COMM CENTER,State Treasurer,,REP,Steve Lolley,12
Washington,0013 McINTOSH COMM CENTER,State Treasurer,,REP,Young Boozer,26
Washington,0013 McINTOSH COMM CENTER,U.S. Senate,,REP,Barry Moore,11
Washington,0013 McINTOSH COMM CENTER,U.S. Senate,,REP,Dale Shelton Deas Jr.,1
Washington,0013 McINTOSH COMM CENTER,U.S. Senate,,REP,Jared Hudson,11
Washington,0013 McINTOSH COMM CENTER,U.S. Senate,,REP,Morgan Murphy,1
Washington,0013 McINTOSH COMM CENTER,U.S. Senate,,REP,Rodney Walker,6
Washington,0013 McINTOSH COMM CENTER,U.S. Senate,,REP,Seth Burton,5
Washington,0013 McINTOSH COMM CENTER,U.S. Senate,,REP,Steve Marshall,3
Washington,0013 McINTOSH COMM CENTER,Washington County Coroner,,REP,Allen Carpenter,35
Washington,0013 McINTOSH COMM CENTER,Washington County Coroner,,REP,Scott Giles,8
Washington,0013 McINTOSH COMM CENTER,Washington County Sheriff,,REP,Brad Warrick,8
Washington,0013 McINTOSH COMM CENTER,Washington County Sheriff,,REP,Deshone Holloway,113
Washington,0013 McINTOSH COMM CENTER,Washington County Sheriff,,REP,Donald Wayne Crager,2
Washington,0013 McINTOSH COMM CENTER,Washington County Sheriff,,REP,Jason McCuiston,9
Washington,0013 McINTOSH COMM CENTER,Washington County Sheriff,,REP,Kesler Weaver Jr.,6
Washington,0013 McINTOSH COMM CENTER,Washington County Sheriff,,REP,Tim Landrum,0
Washington,0014 MOWA CHOCTAW COMM CT,Proposed Statewide Amendment 1,,,No,53
Washington,0014 MOWA CHOCTAW COMM CT,Proposed Statewide Amendment 1,,,Yes,222
Washington,0014 MOWA CHOCTAW COMM CT,Proposed Statewide Amendment 2,,,No,104
Washington,0014 MOWA CHOCTAW COMM CT,Proposed Statewide Amendment 2,,,Yes,167
Washington,0014 MOWA CHOCTAW COMM CT,Governor,,DEM,"Chad ""Chig"" Martin",0
Washington,0014 MOWA CHOCTAW COMM CT,Governor,,DEM,Doug Jones,50
Washington,0014 MOWA CHOCTAW COMM CT,Governor,,DEM,Jamel J. Brown,3
Washington,0014 MOWA CHOCTAW COMM CT,Governor,,DEM,"Nathan ""Nate"" Mathis",0
Washington,0014 MOWA CHOCTAW COMM CT,Governor,,DEM,Will Boyd,4
Washington,0014 MOWA CHOCTAW COMM CT,Governor,,DEM,Yolanda Rochelle Flowers,6
Washington,0014 MOWA CHOCTAW COMM CT,Lieutenant Governor,,DEM,Darryl D. Perryman,54
Washington,0014 MOWA CHOCTAW COMM CT,Lieutenant Governor,,DEM,Phillip Ensler,11
Washington,0014 MOWA CHOCTAW COMM CT,"Public Service Commission, Place No. 1",,DEM,James O. Gordon,55
Washington,0014 MOWA CHOCTAW COMM CT,"Public Service Commission, Place No. 1",,DEM,Jeff Ramsey,4
Washington,0014 MOWA CHOCTAW COMM CT,"Public Service Commission, Place No. 1",,DEM,John Northrop,5
Washington,0014 MOWA CHOCTAW COMM CT,State Democratic Executive Committee,,DEM,Edward Harris,21
Washington,0014 MOWA CHOCTAW COMM CT,State Democratic Executive Committee,,DEM,Joannee P. Barnes,64
Washington,0014 MOWA CHOCTAW COMM CT,State Democratic Executive Committee,,DEM,Talika Palmer,3
Washington,0014 MOWA CHOCTAW COMM CT,State Democratic Executive Committee,,DEM,Tony L. Cherry,43
Washington,0014 MOWA CHOCTAW COMM CT,U.S. Senate,,DEM,Dakarai Larriett,10
Washington,0014 MOWA CHOCTAW COMM CT,U.S. Senate,,DEM,Everett Wess,36
Washington,0014 MOWA CHOCTAW COMM CT,U.S. Senate,,DEM,Kyle Sweetser,8
Washington,0014 MOWA CHOCTAW COMM CT,U.S. Senate,,DEM,Mark S. Wheeler II,9
Washington,0014 MOWA CHOCTAW COMM CT,Attorney General,,REP,Katherine Robertson,55
Washington,0014 MOWA CHOCTAW COMM CT,Attorney General,,REP,Pamela L. Casey,58
Washington,0014 MOWA CHOCTAW COMM CT,Attorney General,,REP,Jay Mitchell,77
Washington,0014 MOWA CHOCTAW COMM CT,Commissioner of Agriculture and Industries,,REP,Christina Woerner McInnis,48
Washington,0014 MOWA CHOCTAW COMM CT,Commissioner of Agriculture and Industries,,REP,Cory Hill,26
Washington,0014 MOWA CHOCTAW COMM CT,Commissioner of Agriculture and Industries,,REP,Jack Williams,117
Washington,0014 MOWA CHOCTAW COMM CT,Governor,,REP,Ken McFeeters,24
Washington,0014 MOWA CHOCTAW COMM CT,Governor,,REP,"""Alabama"" Will Santivasci",20
Washington,0014 MOWA CHOCTAW COMM CT,Governor,,REP,Thomas Tuberville,152
Washington,0014 MOWA CHOCTAW COMM CT,Lieutenant Governor,,REP,George Childress,13
Washington,0014 MOWA CHOCTAW COMM CT,Lieutenant Governor,,REP,John Wahl,93
Washington,0014 MOWA CHOCTAW COMM CT,Lieutenant Governor,,REP,Nicole Jones Wadsworth,14
Washington,0014 MOWA CHOCTAW COMM CT,Lieutenant Governor,,REP,Pat Bishop,7
Washington,0014 MOWA CHOCTAW COMM CT,Lieutenant Governor,,REP,Rick Pate,11
Washington,0014 MOWA CHOCTAW COMM CT,Lieutenant Governor,,REP,Stewart Hill Tankersley,4
Washington,0014 MOWA CHOCTAW COMM CT,Lieutenant Governor,,REP,Wes Allen,48
Washington,0014 MOWA CHOCTAW COMM CT,"Public Service Commission, Place No. 1",,REP,Jeremy H. Oden,59
Washington,0014 MOWA CHOCTAW COMM CT,"Public Service Commission, Place No. 1",,REP,Matt Gentry,129
Washington,0014 MOWA CHOCTAW COMM CT,"Public Service Commission, Place No. 2",,REP,Brent Woodall,48
Washington,0014 MOWA CHOCTAW COMM CT,"Public Service Commission, Place No. 2",,REP,Chris Beeker,22
Washington,0014 MOWA CHOCTAW COMM CT,"Public Service Commission, Place No. 2",,REP,Jim Zig Zeigler,74
Washington,0014 MOWA CHOCTAW COMM CT,"Public Service Commission, Place No. 2",,REP,Priscilla Andrews,45
Washington,0014 MOWA CHOCTAW COMM CT,Secretary of State,,REP,Caroleene Dobson,112
Washington,0014 MOWA CHOCTAW COMM CT,Secretary of State,,REP,Christopher Christian Horn,44
Washington,0014 MOWA CHOCTAW COMM CT,Secretary of State,,REP,Glenda S. Jackson,36
Washington,0014 MOWA CHOCTAW COMM CT,State Auditor,,REP,Derek Chen,62
Washington,0014 MOWA CHOCTAW COMM CT,State Auditor,,REP,Andrew Sorrell,128
Washington,0014 MOWA CHOCTAW COMM CT,State House,65,REP,Dee Ann Campbell,76
Washington,0014 MOWA CHOCTAW COMM CT,State House,65,REP,Unverified Candidate 3,122
Washington,0014 MOWA CHOCTAW COMM CT,State Senate,22,REP,Greg Albritton,106
Washington,0014 MOWA CHOCTAW COMM CT,State Senate,22,REP,Terry L. Waters,90
Washington,0014 MOWA CHOCTAW COMM CT,State Treasurer,,REP,Steve Lolley,87
Washington,0014 MOWA CHOCTAW COMM CT,State Treasurer,,REP,Young Boozer,104
Washington,0014 MOWA CHOCTAW COMM CT,U.S. Senate,,REP,Barry Moore,87
Washington,0014 MOWA CHOCTAW COMM CT,U.S. Senate,,REP,Dale Shelton Deas Jr.,9
Washington,0014 MOWA CHOCTAW COMM CT,U.S. Senate,,REP,Jared Hudson,18
Washington,0014 MOWA CHOCTAW COMM CT,U.S. Senate,,REP,Morgan Murphy,12
Washington,0014 MOWA CHOCTAW COMM CT,U.S. Senate,,REP,Rodney Walker,31
Washington,0014 MOWA CHOCTAW COMM CT,U.S. Senate,,REP,Seth Burton,22
Washington,0014 MOWA CHOCTAW COMM CT,U.S. Senate,,REP,Steve Marshall,16
Washington,0014 MOWA CHOCTAW COMM CT,Washington County Coroner,,REP,Allen Carpenter,139
Washington,0014 MOWA CHOCTAW COMM CT,Washington County Coroner,,REP,Scott Giles,54
Washington,0014 MOWA CHOCTAW COMM CT,Washington County Sheriff,,REP,Brad Warrick,32
Washington,0014 MOWA CHOCTAW COMM CT,Washington County Sheriff,,REP,Deshone Holloway,35
Washington,0014 MOWA CHOCTAW COMM CT,Washington County Sheriff,,REP,Donald Wayne Crager,2
Washington,0014 MOWA CHOCTAW COMM CT,Washington County Sheriff,,REP,Jason McCuiston,27
Washington,0014 MOWA CHOCTAW COMM CT,Washington County Sheriff,,REP,Kesler Weaver Jr.,129
Washington,0014 MOWA CHOCTAW COMM CT,Washington County Sheriff,,REP,Tim Landrum,0
Washington,0015 WAGARVILLE FIRE HOUSE,Proposed Statewide Amendment 1,,,No,33
Washington,0015 WAGARVILLE FIRE HOUSE,Proposed Statewide Amendment 1,,,Yes,271
Washington,0015 WAGARVILLE FIRE HOUSE,Proposed Statewide Amendment 2,,,No,122
Washington,0015 WAGARVILLE FIRE HOUSE,Proposed Statewide Amendment 2,,,Yes,175
Washington,0015 WAGARVILLE FIRE HOUSE,Governor,,DEM,"Chad ""Chig"" Martin",1
Washington,0015 WAGARVILLE FIRE HOUSE,Governor,,DEM,Doug Jones,69
Washington,0015 WAGARVILLE FIRE HOUSE,Governor,,DEM,Jamel J. Brown,7
Washington,0015 WAGARVILLE FIRE HOUSE,Governor,,DEM,"Nathan ""Nate"" Mathis",4
Washington,0015 WAGARVILLE FIRE HOUSE,Governor,,DEM,Will Boyd,3
Washington,0015 WAGARVILLE FIRE HOUSE,Governor,,DEM,Yolanda Rochelle Flowers,2
Washington,0015 WAGARVILLE FIRE HOUSE,Lieutenant Governor,,DEM,Darryl D. Perryman,68
Washington,0015 WAGARVILLE FIRE HOUSE,Lieutenant Governor,,DEM,Phillip Ensler,22
Washington,0015 WAGARVILLE FIRE HOUSE,"Public Service Commission, Place No. 1",,DEM,James O. Gordon,56
Washington,0015 WAGARVILLE FIRE HOUSE,"Public Service Commission, Place No. 1",,DEM,Jeff Ramsey,20
Washington,0015 WAGARVILLE FIRE HOUSE,"Public Service Commission, Place No. 1",,DEM,John Northrop,12
Washington,0015 WAGARVILLE FIRE HOUSE,State Democratic Executive Committee,,DEM,Edward Harris,36
Washington,0015 WAGARVILLE FIRE HOUSE,State Democratic Executive Committee,,DEM,Joannee P. Barnes,77
Washington,0015 WAGARVILLE FIRE HOUSE,State Democratic Executive Committee,,DEM,Talika Palmer,10
Washington,0015 WAGARVILLE FIRE HOUSE,State Democratic Executive Committee,,DEM,Tony L. Cherry,52
Washington,0015 WAGARVILLE FIRE HOUSE,U.S. Senate,,DEM,Dakarai Larriett,19
Washington,0015 WAGARVILLE FIRE HOUSE,U.S. Senate,,DEM,Everett Wess,36
Washington,0015 WAGARVILLE FIRE HOUSE,U.S. Senate,,DEM,Kyle Sweetser,10
Washington,0015 WAGARVILLE FIRE HOUSE,U.S. Senate,,DEM,Mark S. Wheeler II,19
Washington,0015 WAGARVILLE FIRE HOUSE,Attorney General,,REP,Katherine Robertson,107
Washington,0015 WAGARVILLE FIRE HOUSE,Attorney General,,REP,Pamela L. Casey,39
Washington,0015 WAGARVILLE FIRE HOUSE,Attorney General,,REP,Jay Mitchell,62
Washington,0015 WAGARVILLE FIRE HOUSE,Commissioner of Agriculture and Industries,,REP,Christina Woerner McInnis,44
Washington,0015 WAGARVILLE FIRE HOUSE,Commissioner of Agriculture and Industries,,REP,Cory Hill,76
Washington,0015 WAGARVILLE FIRE HOUSE,Commissioner of Agriculture and Industries,,REP,Jack Williams,89
Washington,0015 WAGARVILLE FIRE HOUSE,Governor,,REP,Ken McFeeters,18
Washington,0015 WAGARVILLE FIRE HOUSE,Governor,,REP,"""Alabama"" Will Santivasci",9
Washington,0015 WAGARVILLE FIRE HOUSE,Governor,,REP,Thomas Tuberville,200
Washington,0015 WAGARVILLE FIRE HOUSE,Lieutenant Governor,,REP,George Childress,11
Washington,0015 WAGARVILLE FIRE HOUSE,Lieutenant Governor,,REP,John Wahl,81
Washington,0015 WAGARVILLE FIRE HOUSE,Lieutenant Governor,,REP,Nicole Jones Wadsworth,13
Washington,0015 WAGARVILLE FIRE HOUSE,Lieutenant Governor,,REP,Pat Bishop,5
Washington,0015 WAGARVILLE FIRE HOUSE,Lieutenant Governor,,REP,Rick Pate,6
Washington,0015 WAGARVILLE FIRE HOUSE,Lieutenant Governor,,REP,Stewart Hill Tankersley,5
Washington,0015 WAGARVILLE FIRE HOUSE,Lieutenant Governor,,REP,Wes Allen,88
Washington,0015 WAGARVILLE FIRE HOUSE,"Public Service Commission, Place No. 1",,REP,Jeremy H. Oden,43
Washington,0015 WAGARVILLE FIRE HOUSE,"Public Service Commission, Place No. 1",,REP,Matt Gentry,154
Washington,0015 WAGARVILLE FIRE HOUSE,"Public Service Commission, Place No. 2",,REP,Brent Woodall,23
Washington,0015 WAGARVILLE FIRE HOUSE,"Public Service Commission, Place No. 2",,REP,Chris Beeker,47
Washington,0015 WAGARVILLE FIRE HOUSE,"Public Service Commission, Place No. 2",,REP,Jim Zig Zeigler,106
Washington,0015 WAGARVILLE FIRE HOUSE,"Public Service Commission, Place No. 2",,REP,Priscilla Andrews,25
Washington,0015 WAGARVILLE FIRE HOUSE,Secretary of State,,REP,Caroleene Dobson,152
Washington,0015 WAGARVILLE FIRE HOUSE,Secretary of State,,REP,Christopher Christian Horn,37
Washington,0015 WAGARVILLE FIRE HOUSE,Secretary of State,,REP,Glenda S. Jackson,18
Washington,0015 WAGARVILLE FIRE HOUSE,State Auditor,,REP,Derek Chen,61
Washington,0015 WAGARVILLE FIRE HOUSE,State Auditor,,REP,Andrew Sorrell,142
Washington,0015 WAGARVILLE FIRE HOUSE,State House,65,REP,Dee Ann Campbell,57
Washington,0015 WAGARVILLE FIRE HOUSE,State House,65,REP,Unverified Candidate 3,158
Washington,0015 WAGARVILLE FIRE HOUSE,State Senate,22,REP,Greg Albritton,133
Washington,0015 WAGARVILLE FIRE HOUSE,State Senate,22,REP,Terry L. Waters,85
Washington,0015 WAGARVILLE FIRE HOUSE,State Treasurer,,REP,Steve Lolley,104
Washington,0015 WAGARVILLE FIRE HOUSE,State Treasurer,,REP,Young Boozer,101
Washington,0015 WAGARVILLE FIRE HOUSE,U.S. Senate,,REP,Barry Moore,63
Washington,0015 WAGARVILLE FIRE HOUSE,U.S. Senate,,REP,Dale Shelton Deas Jr.,5
Washington,0015 WAGARVILLE FIRE HOUSE,U.S. Senate,,REP,Jared Hudson,69
Washington,0015 WAGARVILLE FIRE HOUSE,U.S. Senate,,REP,Morgan Murphy,4
Washington,0015 WAGARVILLE FIRE HOUSE,U.S. Senate,,REP,Rodney Walker,24
Washington,0015 WAGARVILLE FIRE HOUSE,U.S. Senate,,REP,Seth Burton,11
Washington,0015 WAGARVILLE FIRE HOUSE,U.S. Senate,,REP,Steve Marshall,36
Washington,0015 WAGARVILLE FIRE HOUSE,Washington County Coroner,,REP,Allen Carpenter,119
Washington,0015 WAGARVILLE FIRE HOUSE,Washington County Coroner,,REP,Scott Giles,106
Washington,0015 WAGARVILLE FIRE HOUSE,Washington County Sheriff,,REP,Brad Warrick,126
Washington,0015 WAGARVILLE FIRE HOUSE,Washington County Sheriff,,REP,Deshone Holloway,10
Washington,0015 WAGARVILLE FIRE HOUSE,Washington County Sheriff,,REP,Donald Wayne Crager,5
Washington,0015 WAGARVILLE FIRE HOUSE,Washington County Sheriff,,REP,Jason McCuiston,80
Washington,0015 WAGARVILLE FIRE HOUSE,Washington County Sheriff,,REP,Kesler Weaver Jr.,10
Washington,0015 WAGARVILLE FIRE HOUSE,Washington County Sheriff,,REP,Tim Landrum,6
Washington,0016 LEROY FIRE HOUSE,Proposed Statewide Amendment 1,,,No,30
Washington,0016 LEROY FIRE HOUSE,Proposed Statewide Amendment 1,,,Yes,278
Washington,0016 LEROY FIRE HOUSE,Proposed Statewide Amendment 2,,,No,98
Washington,0016 LEROY FIRE HOUSE,Proposed Statewide Amendment 2,,,Yes,195
Washington,0016 LEROY FIRE HOUSE,Governor,,DEM,"Chad ""Chig"" Martin",3
Washington,0016 LEROY FIRE HOUSE,Governor,,DEM,Doug Jones,74
Washington,0016 LEROY FIRE HOUSE,Governor,,DEM,Jamel J. Brown,7
Washington,0016 LEROY FIRE HOUSE,Governor,,DEM,"Nathan ""Nate"" Mathis",0
Washington,0016 LEROY FIRE HOUSE,Governor,,DEM,Will Boyd,1
Washington,0016 LEROY FIRE HOUSE,Governor,,DEM,Yolanda Rochelle Flowers,1
Washington,0016 LEROY FIRE HOUSE,Lieutenant Governor,,DEM,Darryl D. Perryman,60
Washington,0016 LEROY FIRE HOUSE,Lieutenant Governor,,DEM,Phillip Ensler,16
Washington,0016 LEROY FIRE HOUSE,"Public Service Commission, Place No. 1",,DEM,James O. Gordon,59
Washington,0016 LEROY FIRE HOUSE,"Public Service Commission, Place No. 1",,DEM,Jeff Ramsey,13
Washington,0016 LEROY FIRE HOUSE,"Public Service Commission, Place No. 1",,DEM,John Northrop,5
Washington,0016 LEROY FIRE HOUSE,State Democratic Executive Committee,,DEM,Edward Harris,38
Washington,0016 LEROY FIRE HOUSE,State Democratic Executive Committee,,DEM,Joannee P. Barnes,72
Washington,0016 LEROY FIRE HOUSE,State Democratic Executive Committee,,DEM,Talika Palmer,13
Washington,0016 LEROY FIRE HOUSE,State Democratic Executive Committee,,DEM,Tony L. Cherry,40
Washington,0016 LEROY FIRE HOUSE,U.S. Senate,,DEM,Dakarai Larriett,11
Washington,0016 LEROY FIRE HOUSE,U.S. Senate,,DEM,Everett Wess,39
Washington,0016 LEROY FIRE HOUSE,U.S. Senate,,DEM,Kyle Sweetser,8
Washington,0016 LEROY FIRE HOUSE,U.S. Senate,,DEM,Mark S. Wheeler II,16
Washington,0016 LEROY FIRE HOUSE,Attorney General,,REP,Katherine Robertson,113
Washington,0016 LEROY FIRE HOUSE,Attorney General,,REP,Pamela L. Casey,41
Washington,0016 LEROY FIRE HOUSE,Attorney General,,REP,Jay Mitchell,60
Washington,0016 LEROY FIRE HOUSE,Commissioner of Agriculture and Industries,,REP,Christina Woerner McInnis,71
Washington,0016 LEROY FIRE HOUSE,Commissioner of Agriculture and Industries,,REP,Cory Hill,61
Washington,0016 LEROY FIRE HOUSE,Commissioner of Agriculture and Industries,,REP,Jack Williams,73
Washington,0016 LEROY FIRE HOUSE,Governor,,REP,Ken McFeeters,18
Washington,0016 LEROY FIRE HOUSE,Governor,,REP,"""Alabama"" Will Santivasci",6
Washington,0016 LEROY FIRE HOUSE,Governor,,REP,Thomas Tuberville,206
Washington,0016 LEROY FIRE HOUSE,Lieutenant Governor,,REP,George Childress,6
Washington,0016 LEROY FIRE HOUSE,Lieutenant Governor,,REP,John Wahl,94
Washington,0016 LEROY FIRE HOUSE,Lieutenant Governor,,REP,Nicole Jones Wadsworth,11
Washington,0016 LEROY FIRE HOUSE,Lieutenant Governor,,REP,Pat Bishop,3
Washington,0016 LEROY FIRE HOUSE,Lieutenant Governor,,REP,Rick Pate,4
Washington,0016 LEROY FIRE HOUSE,Lieutenant Governor,,REP,Stewart Hill Tankersley,4
Washington,0016 LEROY FIRE HOUSE,Lieutenant Governor,,REP,Wes Allen,94
Washington,0016 LEROY FIRE HOUSE,"Public Service Commission, Place No. 1",,REP,Jeremy H. Oden,33
Washington,0016 LEROY FIRE HOUSE,"Public Service Commission, Place No. 1",,REP,Matt Gentry,161
Washington,0016 LEROY FIRE HOUSE,"Public Service Commission, Place No. 2",,REP,Brent Woodall,36
Washington,0016 LEROY FIRE HOUSE,"Public Service Commission, Place No. 2",,REP,Chris Beeker,45
Washington,0016 LEROY FIRE HOUSE,"Public Service Commission, Place No. 2",,REP,Jim Zig Zeigler,90
Washington,0016 LEROY FIRE HOUSE,"Public Service Commission, Place No. 2",,REP,Priscilla Andrews,27
Washington,0016 LEROY FIRE HOUSE,Secretary of State,,REP,Caroleene Dobson,180
Washington,0016 LEROY FIRE HOUSE,Secretary of State,,REP,Christopher Christian Horn,30
Washington,0016 LEROY FIRE HOUSE,Secretary of State,,REP,Glenda S. Jackson,9
Washington,0016 LEROY FIRE HOUSE,State Auditor,,REP,Derek Chen,64
Washington,0016 LEROY FIRE HOUSE,State Auditor,,REP,Andrew Sorrell,144
Washington,0016 LEROY FIRE HOUSE,State House,65,REP,Dee Ann Campbell,58
Washington,0016 LEROY FIRE HOUSE,State House,65,REP,Unverified Candidate 3,160
Washington,0016 LEROY FIRE HOUSE,State Senate,22,REP,Greg Albritton,118
Washington,0016 LEROY FIRE HOUSE,State Senate,22,REP,Terry L. Waters,102
Washington,0016 LEROY FIRE HOUSE,State Treasurer,,REP,Steve Lolley,83
Washington,0016 LEROY FIRE HOUSE,State Treasurer,,REP,Young Boozer,133
Washington,0016 LEROY FIRE HOUSE,U.S. Senate,,REP,Barry Moore,61
Washington,0016 LEROY FIRE HOUSE,U.S. Senate,,REP,Dale Shelton Deas Jr.,4
Washington,0016 LEROY FIRE HOUSE,U.S. Senate,,REP,Jared Hudson,92
Washington,0016 LEROY FIRE HOUSE,U.S. Senate,,REP,Morgan Murphy,3
Washington,0016 LEROY FIRE HOUSE,U.S. Senate,,REP,Rodney Walker,9
Washington,0016 LEROY FIRE HOUSE,U.S. Senate,,REP,Seth Burton,6
Washington,0016 LEROY FIRE HOUSE,U.S. Senate,,REP,Steve Marshall,43
Washington,0016 LEROY FIRE HOUSE,Washington County Coroner,,REP,Allen Carpenter,107
Washington,0016 LEROY FIRE HOUSE,Washington County Coroner,,REP,Scott Giles,109
Washington,0016 LEROY FIRE HOUSE,Washington County Sheriff,,REP,Brad Warrick,122
Washington,0016 LEROY FIRE HOUSE,Washington County Sheriff,,REP,Deshone Holloway,6
Washington,0016 LEROY FIRE HOUSE,Washington County Sheriff,,REP,Donald Wayne Crager,2
Washington,0016 LEROY FIRE HOUSE,Washington County Sheriff,,REP,Jason McCuiston,87
Washington,0016 LEROY FIRE HOUSE,Washington County Sheriff,,REP,Kesler Weaver Jr.,16
Washington,0016 LEROY FIRE HOUSE,Washington County Sheriff,,REP,Tim Landrum,3
Washington,0017 ST STEPHENS NUTR CTR,Proposed Statewide Amendment 1,,,No,16
Washington,0017 ST STEPHENS NUTR CTR,Proposed Statewide Amendment 1,,,Yes,195
Washington,0017 ST STEPHENS NUTR CTR,Proposed Statewide Amendment 2,,,No,80
Washington,0017 ST STEPHENS NUTR CTR,Proposed Statewide Amendment 2,,,Yes,117
Washington,0017 ST STEPHENS NUTR CTR,Governor,,DEM,"Chad ""Chig"" Martin",0
Washington,0017 ST STEPHENS NUTR CTR,Governor,,DEM,Doug Jones,46
Washington,0017 ST STEPHENS NUTR CTR,Governor,,DEM,Jamel J. Brown,6
Washington,0017 ST STEPHENS NUTR CTR,Governor,,DEM,"Nathan ""Nate"" Mathis",1
Washington,0017 ST STEPHENS NUTR CTR,Governor,,DEM,Will Boyd,1
Washington,0017 ST STEPHENS NUTR CTR,Governor,,DEM,Yolanda Rochelle Flowers,3
Washington,0017 ST STEPHENS NUTR CTR,Lieutenant Governor,,DEM,Darryl D. Perryman,42
Washington,0017 ST STEPHENS NUTR CTR,Lieutenant Governor,,DEM,Phillip Ensler,14
Washington,0017 ST STEPHENS NUTR CTR,"Public Service Commission, Place No. 1",,DEM,James O. Gordon,46
Washington,0017 ST STEPHENS NUTR CTR,"Public Service Commission, Place No. 1",,DEM,Jeff Ramsey,2
Washington,0017 ST STEPHENS NUTR CTR,"Public Service Commission, Place No. 1",,DEM,John Northrop,7
Washington,0017 ST STEPHENS NUTR CTR,State Democratic Executive Committee,,DEM,Edward Harris,17
Washington,0017 ST STEPHENS NUTR CTR,State Democratic Executive Committee,,DEM,Joannee P. Barnes,54
Washington,0017 ST STEPHENS NUTR CTR,State Democratic Executive Committee,,DEM,Talika Palmer,3
Washington,0017 ST STEPHENS NUTR CTR,State Democratic Executive Committee,,DEM,Tony L. Cherry,40
Washington,0017 ST STEPHENS NUTR CTR,U.S. Senate,,DEM,Dakarai Larriett,7
Washington,0017 ST STEPHENS NUTR CTR,U.S. Senate,,DEM,Everett Wess,35
Washington,0017 ST STEPHENS NUTR CTR,U.S. Senate,,DEM,Kyle Sweetser,7
Washington,0017 ST STEPHENS NUTR CTR,U.S. Senate,,DEM,Mark S. Wheeler II,6
Washington,0017 ST STEPHENS NUTR CTR,Attorney General,,REP,Katherine Robertson,69
Washington,0017 ST STEPHENS NUTR CTR,Attorney General,,REP,Pamela L. Casey,34
Washington,0017 ST STEPHENS NUTR CTR,Attorney General,,REP,Jay Mitchell,39
Washington,0017 ST STEPHENS NUTR CTR,Commissioner of Agriculture and Industries,,REP,Christina Woerner McInnis,46
Washington,0017 ST STEPHENS NUTR CTR,Commissioner of Agriculture and Industries,,REP,Cory Hill,33
Washington,0017 ST STEPHENS NUTR CTR,Commissioner of Agriculture and Industries,,REP,Jack Williams,62
Washington,0017 ST STEPHENS NUTR CTR,Governor,,REP,Ken McFeeters,9
Washington,0017 ST STEPHENS NUTR CTR,Governor,,REP,"""Alabama"" Will Santivasci",2
Washington,0017 ST STEPHENS NUTR CTR,Governor,,REP,Thomas Tuberville,142
Washington,0017 ST STEPHENS NUTR CTR,Lieutenant Governor,,REP,George Childress,5
Washington,0017 ST STEPHENS NUTR CTR,Lieutenant Governor,,REP,John Wahl,53
Washington,0017 ST STEPHENS NUTR CTR,Lieutenant Governor,,REP,Nicole Jones Wadsworth,5
Washington,0017 ST STEPHENS NUTR CTR,Lieutenant Governor,,REP,Pat Bishop,5
Washington,0017 ST STEPHENS NUTR CTR,Lieutenant Governor,,REP,Rick Pate,4
Washington,0017 ST STEPHENS NUTR CTR,Lieutenant Governor,,REP,Stewart Hill Tankersley,1
Washington,0017 ST STEPHENS NUTR CTR,Lieutenant Governor,,REP,Wes Allen,75
Washington,0017 ST STEPHENS NUTR CTR,"Public Service Commission, Place No. 1",,REP,Jeremy H. Oden,16
Washington,0017 ST STEPHENS NUTR CTR,"Public Service Commission, Place No. 1",,REP,Matt Gentry,116
Washington,0017 ST STEPHENS NUTR CTR,"Public Service Commission, Place No. 2",,REP,Brent Woodall,22
Washington,0017 ST STEPHENS NUTR CTR,"Public Service Commission, Place No. 2",,REP,Chris Beeker,41
Washington,0017 ST STEPHENS NUTR CTR,"Public Service Commission, Place No. 2",,REP,Jim Zig Zeigler,64
Washington,0017 ST STEPHENS NUTR CTR,"Public Service Commission, Place No. 2",,REP,Priscilla Andrews,11
Washington,0017 ST STEPHENS NUTR CTR,Secretary of State,,REP,Caroleene Dobson,118
Washington,0017 ST STEPHENS NUTR CTR,Secretary of State,,REP,Christopher Christian Horn,22
Washington,0017 ST STEPHENS NUTR CTR,Secretary of State,,REP,Glenda S. Jackson,7
Washington,0017 ST STEPHENS NUTR CTR,State Auditor,,REP,Derek Chen,33
Washington,0017 ST STEPHENS NUTR CTR,State Auditor,,REP,Andrew Sorrell,104
Washington,0017 ST STEPHENS NUTR CTR,State House,65,REP,Dee Ann Campbell,37
Washington,0017 ST STEPHENS NUTR CTR,State House,65,REP,Unverified Candidate 3,105
Washington,0017 ST STEPHENS NUTR CTR,State Senate,22,REP,Greg Albritton,75
Washington,0017 ST STEPHENS NUTR CTR,State Senate,22,REP,Terry L. Waters,78
Washington,0017 ST STEPHENS NUTR CTR,State Treasurer,,REP,Steve Lolley,51
Washington,0017 ST STEPHENS NUTR CTR,State Treasurer,,REP,Young Boozer,88
Washington,0017 ST STEPHENS NUTR CTR,U.S. Senate,,REP,Barry Moore,50
Washington,0017 ST STEPHENS NUTR CTR,U.S. Senate,,REP,Dale Shelton Deas Jr.,4
Washington,0017 ST STEPHENS NUTR CTR,U.S. Senate,,REP,Jared Hudson,44
Washington,0017 ST STEPHENS NUTR CTR,U.S. Senate,,REP,Morgan Murphy,2
Washington,0017 ST STEPHENS NUTR CTR,U.S. Senate,,REP,Rodney Walker,4
Washington,0017 ST STEPHENS NUTR CTR,U.S. Senate,,REP,Seth Burton,8
Washington,0017 ST STEPHENS NUTR CTR,U.S. Senate,,REP,Steve Marshall,34
Washington,0017 ST STEPHENS NUTR CTR,Washington County Coroner,,REP,Allen Carpenter,81
Washington,0017 ST STEPHENS NUTR CTR,Washington County Coroner,,REP,Scott Giles,71
Washington,0017 ST STEPHENS NUTR CTR,Washington County Sheriff,,REP,Brad Warrick,98
Washington,0017 ST STEPHENS NUTR CTR,Washington County Sheriff,,REP,Deshone Holloway,0
Washington,0017 ST STEPHENS NUTR CTR,Washington County Sheriff,,REP,Donald Wayne Crager,2
Washington,0017 ST STEPHENS NUTR CTR,Washington County Sheriff,,REP,Jason McCuiston,46
Washington,0017 ST STEPHENS NUTR CTR,Washington County Sheriff,,REP,Kesler Weaver Jr.,11
Washington,0017 ST STEPHENS NUTR CTR,Washington County Sheriff,,REP,Tim Landrum,3
Washington,0018 SHERIFFS TRAIN CTR,Proposed Statewide Amendment 1,,,No,37
Washington,0018 SHERIFFS TRAIN CTR,Proposed Statewide Amendment 1,,,Yes,443
Washington,0018 SHERIFFS TRAIN CTR,Proposed Statewide Amendment 2,,,No,177
Washington,0018 SHERIFFS TRAIN CTR,Proposed Statewide Amendment 2,,,Yes,289
Washington,0018 SHERIFFS TRAIN CTR,Governor,,DEM,"Chad ""Chig"" Martin",1
Washington,0018 SHERIFFS TRAIN CTR,Governor,,DEM,Doug Jones,44
Washington,0018 SHERIFFS TRAIN CTR,Governor,,DEM,Jamel J. Brown,1
Washington,0018 SHERIFFS TRAIN CTR,Governor,,DEM,"Nathan ""Nate"" Mathis",3
Washington,0018 SHERIFFS TRAIN CTR,Governor,,DEM,Will Boyd,6
Washington,0018 SHERIFFS TRAIN CTR,Governor,,DEM,Yolanda Rochelle Flowers,8
Washington,0018 SHERIFFS TRAIN CTR,Lieutenant Governor,,DEM,Darryl D. Perryman,35
Washington,0018 SHERIFFS TRAIN CTR,Lieutenant Governor,,DEM,Phillip Ensler,24
Washington,0018 SHERIFFS TRAIN CTR,"Public Service Commission, Place No. 1",,DEM,James O. Gordon,34
Washington,0018 SHERIFFS TRAIN CTR,"Public Service Commission, Place No. 1",,DEM,Jeff Ramsey,13
Washington,0018 SHERIFFS TRAIN CTR,"Public Service Commission, Place No. 1",,DEM,John Northrop,8
Washington,0018 SHERIFFS TRAIN CTR,State Democratic Executive Committee,,DEM,Edward Harris,22
Washington,0018 SHERIFFS TRAIN CTR,State Democratic Executive Committee,,DEM,Joannee P. Barnes,47
Washington,0018 SHERIFFS TRAIN CTR,State Democratic Executive Committee,,DEM,Talika Palmer,13
Washington,0018 SHERIFFS TRAIN CTR,State Democratic Executive Committee,,DEM,Tony L. Cherry,32
Washington,0018 SHERIFFS TRAIN CTR,U.S. Senate,,DEM,Dakarai Larriett,8
Washington,0018 SHERIFFS TRAIN CTR,U.S. Senate,,DEM,Everett Wess,29
Washington,0018 SHERIFFS TRAIN CTR,U.S. Senate,,DEM,Kyle Sweetser,12
Washington,0018 SHERIFFS TRAIN CTR,U.S. Senate,,DEM,Mark S. Wheeler II,9
Washington,0018 SHERIFFS TRAIN CTR,Attorney General,,REP,Katherine Robertson,145
Washington,0018 SHERIFFS TRAIN CTR,Attorney General,,REP,Pamela L. Casey,127
Washington,0018 SHERIFFS TRAIN CTR,Attorney General,,REP,Jay Mitchell,111
Washington,0018 SHERIFFS TRAIN CTR,Commissioner of Agriculture and Industries,,REP,Christina Woerner McInnis,84
Washington,0018 SHERIFFS TRAIN CTR,Commissioner of Agriculture and Industries,,REP,Cory Hill,64
Washington,0018 SHERIFFS TRAIN CTR,Commissioner of Agriculture and Industries,,REP,Jack Williams,244
Washington,0018 SHERIFFS TRAIN CTR,Governor,,REP,Ken McFeeters,53
Washington,0018 SHERIFFS TRAIN CTR,Governor,,REP,"""Alabama"" Will Santivasci",35
Washington,0018 SHERIFFS TRAIN CTR,Governor,,REP,Thomas Tuberville,326
Washington,0018 SHERIFFS TRAIN CTR,Lieutenant Governor,,REP,George Childress,16
Washington,0018 SHERIFFS TRAIN CTR,Lieutenant Governor,,REP,John Wahl,146
Washington,0018 SHERIFFS TRAIN CTR,Lieutenant Governor,,REP,Nicole Jones Wadsworth,19
Washington,0018 SHERIFFS TRAIN CTR,Lieutenant Governor,,REP,Pat Bishop,20
Washington,0018 SHERIFFS TRAIN CTR,Lieutenant Governor,,REP,Rick Pate,24
Washington,0018 SHERIFFS TRAIN CTR,Lieutenant Governor,,REP,Stewart Hill Tankersley,4
Washington,0018 SHERIFFS TRAIN CTR,Lieutenant Governor,,REP,Wes Allen,171
Washington,0018 SHERIFFS TRAIN CTR,"Public Service Commission, Place No. 1",,REP,Jeremy H. Oden,61
Washington,0018 SHERIFFS TRAIN CTR,"Public Service Commission, Place No. 1",,REP,Matt Gentry,288
Washington,0018 SHERIFFS TRAIN CTR,"Public Service Commission, Place No. 2",,REP,Brent Woodall,68
Washington,0018 SHERIFFS TRAIN CTR,"Public Service Commission, Place No. 2",,REP,Chris Beeker,64
Washington,0018 SHERIFFS TRAIN CTR,"Public Service Commission, Place No. 2",,REP,Jim Zig Zeigler,185
Washington,0018 SHERIFFS TRAIN CTR,"Public Service Commission, Place No. 2",,REP,Priscilla Andrews,46
Washington,0018 SHERIFFS TRAIN CTR,Secretary of State,,REP,Caroleene Dobson,313
Washington,0018 SHERIFFS TRAIN CTR,Secretary of State,,REP,Christopher Christian Horn,52
Washington,0018 SHERIFFS TRAIN CTR,Secretary of State,,REP,Glenda S. Jackson,27
Washington,0018 SHERIFFS TRAIN CTR,State Auditor,,REP,Derek Chen,92
Washington,0018 SHERIFFS TRAIN CTR,State Auditor,,REP,Andrew Sorrell,271
Washington,0018 SHERIFFS TRAIN CTR,State House,65,REP,Dee Ann Campbell,129
Washington,0018 SHERIFFS TRAIN CTR,State House,65,REP,Unverified Candidate 3,268
Washington,0018 SHERIFFS TRAIN CTR,State Senate,22,REP,Greg Albritton,249
Washington,0018 SHERIFFS TRAIN CTR,State Senate,22,REP,Terry L. Waters,160
Washington,0018 SHERIFFS TRAIN CTR,State Treasurer,,REP,Steve Lolley,126
Washington,0018 SHERIFFS TRAIN CTR,State Treasurer,,REP,Young Boozer,252
Washington,0018 SHERIFFS TRAIN CTR,U.S. Senate,,REP,Barry Moore,132
Washington,0018 SHERIFFS TRAIN CTR,U.S. Senate,,REP,Dale Shelton Deas Jr.,9
Washington,0018 SHERIFFS TRAIN CTR,U.S. Senate,,REP,Jared Hudson,119
Washington,0018 SHERIFFS TRAIN CTR,U.S. Senate,,REP,Morgan Murphy,12
Washington,0018 SHERIFFS TRAIN CTR,U.S. Senate,,REP,Rodney Walker,26
Washington,0018 SHERIFFS TRAIN CTR,U.S. Senate,,REP,Seth Burton,17
Washington,0018 SHERIFFS TRAIN CTR,U.S. Senate,,REP,Steve Marshall,67
Washington,0018 SHERIFFS TRAIN CTR,Washington County Coroner,,REP,Allen Carpenter,188
Washington,0018 SHERIFFS TRAIN CTR,Washington County Coroner,,REP,Scott Giles,225
Washington,0018 SHERIFFS TRAIN CTR,Washington County Sheriff,,REP,Brad Warrick,264
Washington,0018 SHERIFFS TRAIN CTR,Washington County Sheriff,,REP,Deshone Holloway,22
Washington,0018 SHERIFFS TRAIN CTR,Washington County Sheriff,,REP,Donald Wayne Crager,13
Washington,0018 SHERIFFS TRAIN CTR,Washington County Sheriff,,REP,Jason McCuiston,115
Washington,0018 SHERIFFS TRAIN CTR,Washington County Sheriff,,REP,Kesler Weaver Jr.,20
Washington,0018 SHERIFFS TRAIN CTR,Washington County Sheriff,,REP,Tim Landrum,10
Washington,0019 MALCOM CENTER,Proposed Statewide Amendment 1,,,No,28
Washington,0019 MALCOM CENTER,Proposed Statewide Amendment 1,,,Yes,94
Washington,0019 MALCOM CENTER,Proposed Statewide Amendment 2,,,No,38
Washington,0019 MALCOM CENTER,Proposed Statewide Amendment 2,,,Yes,81
Washington,0019 MALCOM CENTER,Governor,,DEM,"Chad ""Chig"" Martin",0
Washington,0019 MALCOM CENTER,Governor,,DEM,Doug Jones,55
Washington,0019 MALCOM CENTER,Governor,,DEM,Jamel J. Brown,0
Washington,0019 MALCOM CENTER,Governor,,DEM,"Nathan ""Nate"" Mathis",0
Washington,0019 MALCOM CENTER,Governor,,DEM,Will Boyd,2
Washington,0019 MALCOM CENTER,Governor,,DEM,Yolanda Rochelle Flowers,0
Washington,0019 MALCOM CENTER,Lieutenant Governor,,DEM,Darryl D. Perryman,53
Washington,0019 MALCOM CENTER,Lieutenant Governor,,DEM,Phillip Ensler,5
Washington,0019 MALCOM CENTER,"Public Service Commission, Place No. 1",,DEM,James O. Gordon,54
Washington,0019 MALCOM CENTER,"Public Service Commission, Place No. 1",,DEM,Jeff Ramsey,3
Washington,0019 MALCOM CENTER,"Public Service Commission, Place No. 1",,DEM,John Northrop,2
Washington,0019 MALCOM CENTER,State Democratic Executive Committee,,DEM,Edward Harris,12
Washington,0019 MALCOM CENTER,State Democratic Executive Committee,,DEM,Joannee P. Barnes,59
Washington,0019 MALCOM CENTER,State Democratic Executive Committee,,DEM,Talika Palmer,4
Washington,0019 MALCOM CENTER,State Democratic Executive Committee,,DEM,Tony L. Cherry,47
Washington,0019 MALCOM CENTER,U.S. Senate,,DEM,Dakarai Larriett,10
Washington,0019 MALCOM CENTER,U.S. Senate,,DEM,Everett Wess,38
Washington,0019 MALCOM CENTER,U.S. Senate,,DEM,Kyle Sweetser,4
Washington,0019 MALCOM CENTER,U.S. Senate,,DEM,Mark S. Wheeler II,6
Washington,0019 MALCOM CENTER,Attorney General,,REP,Katherine Robertson,24
Washington,0019 MALCOM CENTER,Attorney General,,REP,Pamela L. Casey,10
Washington,0019 MALCOM CENTER,Attorney General,,REP,Jay Mitchell,11
Washington,0019 MALCOM CENTER,Commissioner of Agriculture and Industries,,REP,Christina Woerner McInnis,12
Washington,0019 MALCOM CENTER,Commissioner of Agriculture and Industries,,REP,Cory Hill,6
Washington,0019 MALCOM CENTER,Commissioner of Agriculture and Industries,,REP,Jack Williams,25
Washington,0019 MALCOM CENTER,Governor,,REP,Ken McFeeters,8
Washington,0019 MALCOM CENTER,Governor,,REP,"""Alabama"" Will Santivasci",2
Washington,0019 MALCOM CENTER,Governor,,REP,Thomas Tuberville,38
Washington,0019 MALCOM CENTER,Lieutenant Governor,,REP,George Childress,6
Washington,0019 MALCOM CENTER,Lieutenant Governor,,REP,John Wahl,23
Washington,0019 MALCOM CENTER,Lieutenant Governor,,REP,Nicole Jones Wadsworth,2
Washington,0019 MALCOM CENTER,Lieutenant Governor,,REP,Pat Bishop,1
Washington,0019 MALCOM CENTER,Lieutenant Governor,,REP,Rick Pate,1
Washington,0019 MALCOM CENTER,Lieutenant Governor,,REP,Stewart Hill Tankersley,0
Washington,0019 MALCOM CENTER,Lieutenant Governor,,REP,Wes Allen,12
Washington,0019 MALCOM CENTER,"Public Service Commission, Place No. 1",,REP,Jeremy H. Oden,10
Washington,0019 MALCOM CENTER,"Public Service Commission, Place No. 1",,REP,Matt Gentry,25
Washington,0019 MALCOM CENTER,"Public Service Commission, Place No. 2",,REP,Brent Woodall,4
Washington,0019 MALCOM CENTER,"Public Service Commission, Place No. 2",,REP,Chris Beeker,3
Washington,0019 MALCOM CENTER,"Public Service Commission, Place No. 2",,REP,Jim Zig Zeigler,20
Washington,0019 MALCOM CENTER,"Public Service Commission, Place No. 2",,REP,Priscilla Andrews,10
Washington,0019 MALCOM CENTER,Secretary of State,,REP,Caroleene Dobson,33
Washington,0019 MALCOM CENTER,Secretary of State,,REP,Christopher Christian Horn,5
Washington,0019 MALCOM CENTER,Secretary of State,,REP,Glenda S. Jackson,4
Washington,0019 MALCOM CENTER,State Auditor,,REP,Derek Chen,13
Washington,0019 MALCOM CENTER,State Auditor,,REP,Andrew Sorrell,27
Washington,0019 MALCOM CENTER,State House,65,REP,Dee Ann Campbell,14
Washington,0019 MALCOM CENTER,State House,65,REP,Unverified Candidate 3,33
Washington,0019 MALCOM CENTER,State Senate,22,REP,Greg Albritton,21
Washington,0019 MALCOM CENTER,State Senate,22,REP,Terry L. Waters,24
Washington,0019 MALCOM CENTER,State Treasurer,,REP,Steve Lolley,19
Washington,0019 MALCOM CENTER,State Treasurer,,REP,Young Boozer,20
Washington,0019 MALCOM CENTER,U.S. Senate,,REP,Barry Moore,21
Washington,0019 MALCOM CENTER,U.S. Senate,,REP,Dale Shelton Deas Jr.,1
Washington,0019 MALCOM CENTER,U.S. Senate,,REP,Jared Hudson,5
Washington,0019 MALCOM CENTER,U.S. Senate,,REP,Morgan Murphy,1
Washington,0019 MALCOM CENTER,U.S. Senate,,REP,Rodney Walker,4
Washington,0019 MALCOM CENTER,U.S. Senate,,REP,Seth Burton,4
Washington,0019 MALCOM CENTER,U.S. Senate,,REP,Steve Marshall,10
Washington,0019 MALCOM CENTER,Washington County Coroner,,REP,Allen Carpenter,31
Washington,0019 MALCOM CENTER,Washington County Coroner,,REP,Scott Giles,10
Washington,0019 MALCOM CENTER,Washington County Sheriff,,REP,Brad Warrick,15
Washington,0019 MALCOM CENTER,Washington County Sheriff,,REP,Deshone Holloway,23
Washington,0019 MALCOM CENTER,Washington County Sheriff,,REP,Donald Wayne Crager,2
Washington,0019 MALCOM CENTER,Washington County Sheriff,,REP,Jason McCuiston,3
Washington,0019 MALCOM CENTER,Washington County Sheriff,,REP,Kesler Weaver Jr.,13
Washington,0019 MALCOM CENTER,Washington County Sheriff,,REP,Tim Landrum,5
Washington,0020 PROVISIONAL,Proposed Statewide Amendment 1,,,No,1
Washington,0020 PROVISIONAL,Proposed Statewide Amendment 1,,,Yes,3
Washington,0020 PROVISIONAL,Proposed Statewide Amendment 2,,,No,2
Washington,0020 PROVISIONAL,Proposed Statewide Amendment 2,,,Yes,2
Washington,0020 PROVISIONAL,Governor,,DEM,"Chad ""Chig"" Martin",0
Washington,0020 PROVISIONAL,Governor,,DEM,Doug Jones,0
Washington,0020 PROVISIONAL,Governor,,DEM,Jamel J. Brown,0
Washington,0020 PROVISIONAL,Governor,,DEM,"Nathan ""Nate"" Mathis",0
Washington,0020 PROVISIONAL,Governor,,DEM,Will Boyd,0
Washington,0020 PROVISIONAL,Governor,,DEM,Yolanda Rochelle Flowers,0
Washington,0020 PROVISIONAL,Lieutenant Governor,,DEM,Darryl D. Perryman,0
Washington,0020 PROVISIONAL,Lieutenant Governor,,DEM,Phillip Ensler,0
Washington,0020 PROVISIONAL,"Public Service Commission, Place No. 1",,DEM,James O. Gordon,0
Washington,0020 PROVISIONAL,"Public Service Commission, Place No. 1",,DEM,Jeff Ramsey,0
Washington,0020 PROVISIONAL,"Public Service Commission, Place No. 1",,DEM,John Northrop,0
Washington,0020 PROVISIONAL,State Democratic Executive Committee,,DEM,Edward Harris,0
Washington,0020 PROVISIONAL,State Democratic Executive Committee,,DEM,Joannee P. Barnes,0
Washington,0020 PROVISIONAL,State Democratic Executive Committee,,DEM,Talika Palmer,0
Washington,0020 PROVISIONAL,State Democratic Executive Committee,,DEM,Tony L. Cherry,0
Washington,0020 PROVISIONAL,U.S. Senate,,DEM,Dakarai Larriett,0
Washington,0020 PROVISIONAL,U.S. Senate,,DEM,Everett Wess,0
Washington,0020 PROVISIONAL,U.S. Senate,,DEM,Kyle Sweetser,0
Washington,0020 PROVISIONAL,U.S. Senate,,DEM,Mark S. Wheeler II,0
Washington,0020 PROVISIONAL,Attorney General,,REP,Katherine Robertson,0
Washington,0020 PROVISIONAL,Attorney General,,REP,Pamela L. Casey,2
Washington,0020 PROVISIONAL,Attorney General,,REP,Jay Mitchell,1
Washington,0020 PROVISIONAL,Commissioner of Agriculture and Industries,,REP,Christina Woerner McInnis,3
Washington,0020 PROVISIONAL,Commissioner of Agriculture and Industries,,REP,Cory Hill,0
Washington,0020 PROVISIONAL,Commissioner of Agriculture and Industries,,REP,Jack Williams,1
Washington,0020 PROVISIONAL,Governor,,REP,Ken McFeeters,0
Washington,0020 PROVISIONAL,Governor,,REP,"""Alabama"" Will Santivasci",0
Washington,0020 PROVISIONAL,Governor,,REP,Thomas Tuberville,4
Washington,0020 PROVISIONAL,Lieutenant Governor,,REP,George Childress,0
Washington,0020 PROVISIONAL,Lieutenant Governor,,REP,John Wahl,0
Washington,0020 PROVISIONAL,Lieutenant Governor,,REP,Nicole Jones Wadsworth,0
Washington,0020 PROVISIONAL,Lieutenant Governor,,REP,Pat Bishop,1
Washington,0020 PROVISIONAL,Lieutenant Governor,,REP,Rick Pate,0
Washington,0020 PROVISIONAL,Lieutenant Governor,,REP,Stewart Hill Tankersley,0
Washington,0020 PROVISIONAL,Lieutenant Governor,,REP,Wes Allen,2
Washington,0020 PROVISIONAL,"Public Service Commission, Place No. 1",,REP,Jeremy H. Oden,2
Washington,0020 PROVISIONAL,"Public Service Commission, Place No. 1",,REP,Matt Gentry,2
Washington,0020 PROVISIONAL,"Public Service Commission, Place No. 2",,REP,Brent Woodall,0
Washington,0020 PROVISIONAL,"Public Service Commission, Place No. 2",,REP,Chris Beeker,3
Washington,0020 PROVISIONAL,"Public Service Commission, Place No. 2",,REP,Jim Zig Zeigler,0
Washington,0020 PROVISIONAL,"Public Service Commission, Place No. 2",,REP,Priscilla Andrews,0
Washington,0020 PROVISIONAL,Secretary of State,,REP,Caroleene Dobson,2
Washington,0020 PROVISIONAL,Secretary of State,,REP,Christopher Christian Horn,1
Washington,0020 PROVISIONAL,Secretary of State,,REP,Glenda S. Jackson,1
Washington,0020 PROVISIONAL,State Auditor,,REP,Derek Chen,0
Washington,0020 PROVISIONAL,State Auditor,,REP,Andrew Sorrell,4
Washington,0020 PROVISIONAL,State House,65,REP,Dee Ann Campbell,0
Washington,0020 PROVISIONAL,State House,65,REP,Unverified Candidate 3,4
Washington,0020 PROVISIONAL,State Senate,22,REP,Greg Albritton,3
Washington,0020 PROVISIONAL,State Senate,22,REP,Terry L. Waters,1
Washington,0020 PROVISIONAL,State Treasurer,,REP,Steve Lolley,1
Washington,0020 PROVISIONAL,State Treasurer,,REP,Young Boozer,3
Washington,0020 PROVISIONAL,U.S. Senate,,REP,Barry Moore,0
Washington,0020 PROVISIONAL,U.S. Senate,,REP,Dale Shelton Deas Jr.,0
Washington,0020 PROVISIONAL,U.S. Senate,,REP,Jared Hudson,0
Washington,0020 PROVISIONAL,U.S. Senate,,REP,Morgan Murphy,0
Washington,0020 PROVISIONAL,U.S. Senate,,REP,Rodney Walker,0
Washington,0020 PROVISIONAL,U.S. Senate,,REP,Seth Burton,0
Washington,0020 PROVISIONAL,U.S. Senate,,REP,Steve Marshall,3
Washington,0020 PROVISIONAL,Washington County Coroner,,REP,Allen Carpenter,2
Washington,0020 PROVISIONAL,Washington County Coroner,,REP,Scott Giles,1
Washington,0020 PROVISIONAL,Washington County Sheriff,,REP,Brad Warrick,0
Washington,0020 PROVISIONAL,Washington County Sheriff,,REP,Deshone Holloway,2
Washington,0020 PROVISIONAL,Washington County Sheriff,,REP,Donald Wayne Crager,0
Washington,0020 PROVISIONAL,Washington County Sheriff,,REP,Jason McCuiston,0
Washington,0020 PROVISIONAL,Washington County Sheriff,,REP,Kesler Weaver Jr.,2
Washington,0020 PROVISIONAL,Washington County Sheriff,,REP,Tim Landrum,0
Washington,0022 ABSENTEE,Proposed Statewide Amendment 1,,,No,9
Washington,0022 ABSENTEE,Proposed Statewide Amendment 1,,,Yes,122
Washington,0022 ABSENTEE,Proposed Statewide Amendment 2,,,No,39
Washington,0022 ABSENTEE,Proposed Statewide Amendment 2,,,Yes,87
Washington,0022 ABSENTEE,Governor,,DEM,"Chad ""Chig"" Martin",0
Washington,0022 ABSENTEE,Governor,,DEM,Doug Jones,10
Washington,0022 ABSENTEE,Governor,,DEM,Jamel J. Brown,0
Washington,0022 ABSENTEE,Governor,,DEM,"Nathan ""Nate"" Mathis",0
Washington,0022 ABSENTEE,Governor,,DEM,Will Boyd,3
Washington,0022 ABSENTEE,Governor,,DEM,Yolanda Rochelle Flowers,1
Washington,0022 ABSENTEE,Lieutenant Governor,,DEM,Darryl D. Perryman,9
Washington,0022 ABSENTEE,Lieutenant Governor,,DEM,Phillip Ensler,5
Washington,0022 ABSENTEE,"Public Service Commission, Place No. 1",,DEM,James O. Gordon,9
Washington,0022 ABSENTEE,"Public Service Commission, Place No. 1",,DEM,Jeff Ramsey,2
Washington,0022 ABSENTEE,"Public Service Commission, Place No. 1",,DEM,John Northrop,3
Washington,0022 ABSENTEE,State Democratic Executive Committee,,DEM,Edward Harris,4
Washington,0022 ABSENTEE,State Democratic Executive Committee,,DEM,Joannee P. Barnes,12
Washington,0022 ABSENTEE,State Democratic Executive Committee,,DEM,Talika Palmer,3
Washington,0022 ABSENTEE,State Democratic Executive Committee,,DEM,Tony L. Cherry,10
Washington,0022 ABSENTEE,U.S. Senate,,DEM,Dakarai Larriett,0
Washington,0022 ABSENTEE,U.S. Senate,,DEM,Everett Wess,7
Washington,0022 ABSENTEE,U.S. Senate,,DEM,Kyle Sweetser,3
Washington,0022 ABSENTEE,U.S. Senate,,DEM,Mark S. Wheeler II,4
Washington,0022 ABSENTEE,Attorney General,,REP,Katherine Robertson,54
Washington,0022 ABSENTEE,Attorney General,,REP,Pamela L. Casey,22
Washington,0022 ABSENTEE,Attorney General,,REP,Jay Mitchell,29
Washington,0022 ABSENTEE,Commissioner of Agriculture and Industries,,REP,Christina Woerner McInnis,23
Washington,0022 ABSENTEE,Commissioner of Agriculture and Industries,,REP,Cory Hill,22
Washington,0022 ABSENTEE,Commissioner of Agriculture and Industries,,REP,Jack Williams,60
Washington,0022 ABSENTEE,Governor,,REP,Ken McFeeters,15
Washington,0022 ABSENTEE,Governor,,REP,"""Alabama"" Will Santivasci",5
Washington,0022 ABSENTEE,Governor,,REP,Thomas Tuberville,97
Washington,0022 ABSENTEE,Lieutenant Governor,,REP,George Childress,7
Washington,0022 ABSENTEE,Lieutenant Governor,,REP,John Wahl,37
Washington,0022 ABSENTEE,Lieutenant Governor,,REP,Nicole Jones Wadsworth,3
Washington,0022 ABSENTEE,Lieutenant Governor,,REP,Pat Bishop,5
Washington,0022 ABSENTEE,Lieutenant Governor,,REP,Rick Pate,6
Washington,0022 ABSENTEE,Lieutenant Governor,,REP,Stewart Hill Tankersley,1
Washington,0022 ABSENTEE,Lieutenant Governor,,REP,Wes Allen,54
Washington,0022 ABSENTEE,"Public Service Commission, Place No. 1",,REP,Jeremy H. Oden,38
Washington,0022 ABSENTEE,"Public Service Commission, Place No. 1",,REP,Matt Gentry,54
Washington,0022 ABSENTEE,"Public Service Commission, Place No. 2",,REP,Brent Woodall,18
Washington,0022 ABSENTEE,"Public Service Commission, Place No. 2",,REP,Chris Beeker,31
Washington,0022 ABSENTEE,"Public Service Commission, Place No. 2",,REP,Jim Zig Zeigler,31
Washington,0022 ABSENTEE,"Public Service Commission, Place No. 2",,REP,Priscilla Andrews,19
Washington,0022 ABSENTEE,Secretary of State,,REP,Caroleene Dobson,86
Washington,0022 ABSENTEE,Secretary of State,,REP,Christopher Christian Horn,15
Washington,0022 ABSENTEE,Secretary of State,,REP,Glenda S. Jackson,7
Washington,0022 ABSENTEE,State Auditor,,REP,Derek Chen,25
Washington,0022 ABSENTEE,State Auditor,,REP,Andrew Sorrell,75
Washington,0022 ABSENTEE,State House,65,REP,Dee Ann Campbell,38
Washington,0022 ABSENTEE,State House,65,REP,Unverified Candidate 3,79
Washington,0022 ABSENTEE,State Senate,22,REP,Greg Albritton,76
Washington,0022 ABSENTEE,State Senate,22,REP,Terry L. Waters,40
Washington,0022 ABSENTEE,State Treasurer,,REP,Steve Lolley,38
Washington,0022 ABSENTEE,State Treasurer,,REP,Young Boozer,70
Washington,0022 ABSENTEE,U.S. Senate,,REP,Barry Moore,47
Washington,0022 ABSENTEE,U.S. Senate,,REP,Dale Shelton Deas Jr.,2
Washington,0022 ABSENTEE,U.S. Senate,,REP,Jared Hudson,22
Washington,0022 ABSENTEE,U.S. Senate,,REP,Morgan Murphy,4
Washington,0022 ABSENTEE,U.S. Senate,,REP,Rodney Walker,9
Washington,0022 ABSENTEE,U.S. Senate,,REP,Seth Burton,3
Washington,0022 ABSENTEE,U.S. Senate,,REP,Steve Marshall,28
Washington,0022 ABSENTEE,Washington County Coroner,,REP,Allen Carpenter,52
Washington,0022 ABSENTEE,Washington County Coroner,,REP,Scott Giles,65
Washington,0022 ABSENTEE,Washington County Sheriff,,REP,Brad Warrick,67
Washington,0022 ABSENTEE,Washington County Sheriff,,REP,Deshone Holloway,16
Washington,0022 ABSENTEE,Washington County Sheriff,,REP,Donald Wayne Crager,4
Washington,0022 ABSENTEE,Washington County Sheriff,,REP,Jason McCuiston,28
Washington,0022 ABSENTEE,Washington County Sheriff,,REP,Kesler Weaver Jr.,8
Washington,0022 ABSENTEE,Washington County Sheriff,,REP,Tim Landrum,5
