county,precinct,office,district,party,candidate,votes
Houston,0001 WATERMARK EAST,Proposed Statewide Amendment 1,,,No,65
Houston,0001 WATERMARK EAST,Proposed Statewide Amendment 1,,,Yes,553
Houston,0001 WATERMARK EAST,Proposed Statewide Amendment 2,,,No,288
Houston,0001 WATERMARK EAST,Proposed Statewide Amendment 2,,,Yes,321
Houston,0001 WATERMARK EAST,Governor,,DEM,"Chad ""Chig"" Martin",3
Houston,0001 WATERMARK EAST,Governor,,DEM,Doug Jones,81
Houston,0001 WATERMARK EAST,Governor,,DEM,Jamel J. Brown,10
Houston,0001 WATERMARK EAST,Governor,,DEM,"Nathan ""Nate"" Mathis",9
Houston,0001 WATERMARK EAST,Governor,,DEM,Will Boyd,27
Houston,0001 WATERMARK EAST,Governor,,DEM,Yolanda Rochelle Flowers,10
Houston,0001 WATERMARK EAST,Lieutenant Governor,,DEM,Darryl D. Perryman,63
Houston,0001 WATERMARK EAST,Lieutenant Governor,,DEM,Phillip Ensler,62
Houston,0001 WATERMARK EAST,"Public Service Commission, Place No. 1",,DEM,James O. Gordon,62
Houston,0001 WATERMARK EAST,"Public Service Commission, Place No. 1",,DEM,Jeff Ramsey,44
Houston,0001 WATERMARK EAST,"Public Service Commission, Place No. 1",,DEM,John Northrop,22
Houston,0001 WATERMARK EAST,U.S. Senate,,DEM,Dakarai Larriett,52
Houston,0001 WATERMARK EAST,U.S. Senate,,DEM,Everett Wess,29
Houston,0001 WATERMARK EAST,U.S. Senate,,DEM,Kyle Sweetser,19
Houston,0001 WATERMARK EAST,U.S. Senate,,DEM,Mark S. Wheeler II,28
Houston,0001 WATERMARK EAST,Attorney General,,REP,Pamela L. Casey,83
Houston,0001 WATERMARK EAST,Attorney General,,REP,Jay Mitchell,152
Houston,0001 WATERMARK EAST,Attorney General,,REP,Katherine Robertson,221
Houston,0001 WATERMARK EAST,"Chairman, Houston County Commission",,REP,Brandon Shoupe,182
Houston,0001 WATERMARK EAST,"Chairman, Houston County Commission",,REP,John Rogers,283
Houston,0001 WATERMARK EAST,Commissioner of Agriculture and Industries,,REP,Christina Woerner McInnis,124
Houston,0001 WATERMARK EAST,Commissioner of Agriculture and Industries,,REP,Cory Hill,174
Houston,0001 WATERMARK EAST,Commissioner of Agriculture and Industries,,REP,Jack Williams,125
Houston,0001 WATERMARK EAST,Governor,,REP,"""Alabama"" Will Santivasci",24
Houston,0001 WATERMARK EAST,Governor,,REP,Ken McFeeters,41
Houston,0001 WATERMARK EAST,Governor,,REP,Thomas Tuberville,416
Houston,0001 WATERMARK EAST,Houston County Coroner,,REP,Kendall Glover,413
Houston,0001 WATERMARK EAST,Houston County Coroner,,REP,Tony Diaz,59
Houston,0001 WATERMARK EAST,Houston County Revenue Commissioner,,REP,Greg Holland,263
Houston,0001 WATERMARK EAST,Houston County Revenue Commissioner,,REP,Richard Talley,187
Houston,0001 WATERMARK EAST,Lieutenant Governor,,REP,George Childress,10
Houston,0001 WATERMARK EAST,Lieutenant Governor,,REP,John Wahl,190
Houston,0001 WATERMARK EAST,Lieutenant Governor,,REP,Nicole Jones Wadsworth,22
Houston,0001 WATERMARK EAST,Lieutenant Governor,,REP,Pat Bishop,17
Houston,0001 WATERMARK EAST,Lieutenant Governor,,REP,Rick Pate,54
Houston,0001 WATERMARK EAST,Lieutenant Governor,,REP,Stewart Hill Tankersley,6
Houston,0001 WATERMARK EAST,Lieutenant Governor,,REP,Wes Allen,159
Houston,0001 WATERMARK EAST,"Member, Houston County Commission, District No. 2",,REP,Chris Love,205
Houston,0001 WATERMARK EAST,"Member, Houston County Commission, District No. 2",,REP,Tracy Adams,210
Houston,0001 WATERMARK EAST,"Member, Houston County Commission, District No. 2",,REP,Whitney Ingram Strength,68
Houston,0001 WATERMARK EAST,"Public Service Commission, Place No. 1",,REP,Jeremy H. Oden,92
Houston,0001 WATERMARK EAST,"Public Service Commission, Place No. 1",,REP,Matt Gentry,309
Houston,0001 WATERMARK EAST,"Public Service Commission, Place No. 2",,REP,Brent Woodall,100
Houston,0001 WATERMARK EAST,"Public Service Commission, Place No. 2",,REP,Chris Beeker,72
Houston,0001 WATERMARK EAST,"Public Service Commission, Place No. 2",,REP,Jim Zig Zeigler,194
Houston,0001 WATERMARK EAST,"Public Service Commission, Place No. 2",,REP,Priscilla Andrews,56
Houston,0001 WATERMARK EAST,Secretary of State,,REP,Caroleene Dobson,229
Houston,0001 WATERMARK EAST,Secretary of State,,REP,Christopher Christian Horn,141
Houston,0001 WATERMARK EAST,Secretary of State,,REP,Glenda S. Jackson,50
Houston,0001 WATERMARK EAST,State Auditor,,REP,Andrew Sorrell,343
Houston,0001 WATERMARK EAST,State Auditor,,REP,Derek Chen,97
Houston,0001 WATERMARK EAST,State Senate,29,REP,Donnie Chesteen,373
Houston,0001 WATERMARK EAST,State Senate,29,REP,Val Glasgow Paul,23
Houston,0001 WATERMARK EAST,State Senate,29,REP,Zachary J. Hurst,54
Houston,0001 WATERMARK EAST,State Treasurer,,REP,Steve Lolley,155
Houston,0001 WATERMARK EAST,State Treasurer,,REP,Young Boozer,284
Houston,0001 WATERMARK EAST,U.S. House,1,REP,Austin Sidwell,22
Houston,0001 WATERMARK EAST,U.S. House,1,REP,James (Jimmy) Dees,27
Houston,0001 WATERMARK EAST,U.S. House,1,REP,James Richardson,38
Houston,0001 WATERMARK EAST,U.S. House,1,REP,Jerry Carl,66
Houston,0001 WATERMARK EAST,U.S. House,1,REP,John Mills,29
Houston,0001 WATERMARK EAST,U.S. House,1,REP,Joshua McKee,62
Houston,0001 WATERMARK EAST,U.S. House,1,REP,Rhett Marques,189
Houston,0001 WATERMARK EAST,U.S. Senate,,REP,Barry Moore,355
Houston,0001 WATERMARK EAST,U.S. Senate,,REP,Dale Shelton Deas Jr.,2
Houston,0001 WATERMARK EAST,U.S. Senate,,REP,Jared Hudson,52
Houston,0001 WATERMARK EAST,U.S. Senate,,REP,Morgan Murphy,5
Houston,0001 WATERMARK EAST,U.S. Senate,,REP,Rodney Walker,11
Houston,0001 WATERMARK EAST,U.S. Senate,,REP,Seth Burton,9
Houston,0001 WATERMARK EAST,U.S. Senate,,REP,Steve Marshall,39
Houston,0002 BAY SPRINGS VFD,Proposed Statewide Amendment 1,,,No,37
Houston,0002 BAY SPRINGS VFD,Proposed Statewide Amendment 1,,,Yes,180
Houston,0002 BAY SPRINGS VFD,Proposed Statewide Amendment 2,,,No,98
Houston,0002 BAY SPRINGS VFD,Proposed Statewide Amendment 2,,,Yes,115
Houston,0002 BAY SPRINGS VFD,Governor,,DEM,"Chad ""Chig"" Martin",1
Houston,0002 BAY SPRINGS VFD,Governor,,DEM,Doug Jones,26
Houston,0002 BAY SPRINGS VFD,Governor,,DEM,Jamel J. Brown,3
Houston,0002 BAY SPRINGS VFD,Governor,,DEM,"Nathan ""Nate"" Mathis",3
Houston,0002 BAY SPRINGS VFD,Governor,,DEM,Will Boyd,3
Houston,0002 BAY SPRINGS VFD,Governor,,DEM,Yolanda Rochelle Flowers,1
Houston,0002 BAY SPRINGS VFD,Lieutenant Governor,,DEM,Darryl D. Perryman,16
Houston,0002 BAY SPRINGS VFD,Lieutenant Governor,,DEM,Phillip Ensler,19
Houston,0002 BAY SPRINGS VFD,"Public Service Commission, Place No. 1",,DEM,James O. Gordon,5
Houston,0002 BAY SPRINGS VFD,"Public Service Commission, Place No. 1",,DEM,Jeff Ramsey,18
Houston,0002 BAY SPRINGS VFD,"Public Service Commission, Place No. 1",,DEM,John Northrop,9
Houston,0002 BAY SPRINGS VFD,U.S. Senate,,DEM,Dakarai Larriett,8
Houston,0002 BAY SPRINGS VFD,U.S. Senate,,DEM,Everett Wess,14
Houston,0002 BAY SPRINGS VFD,U.S. Senate,,DEM,Kyle Sweetser,4
Houston,0002 BAY SPRINGS VFD,U.S. Senate,,DEM,Mark S. Wheeler II,9
Houston,0002 BAY SPRINGS VFD,Attorney General,,REP,Pamela L. Casey,30
Houston,0002 BAY SPRINGS VFD,Attorney General,,REP,Jay Mitchell,87
Houston,0002 BAY SPRINGS VFD,Attorney General,,REP,Katherine Robertson,57
Houston,0002 BAY SPRINGS VFD,"Chairman, Houston County Commission",,REP,Brandon Shoupe,120
Houston,0002 BAY SPRINGS VFD,"Chairman, Houston County Commission",,REP,John Rogers,61
Houston,0002 BAY SPRINGS VFD,Commissioner of Agriculture and Industries,,REP,Christina Woerner McInnis,53
Houston,0002 BAY SPRINGS VFD,Commissioner of Agriculture and Industries,,REP,Cory Hill,51
Houston,0002 BAY SPRINGS VFD,Commissioner of Agriculture and Industries,,REP,Jack Williams,58
Houston,0002 BAY SPRINGS VFD,Governor,,REP,"""Alabama"" Will Santivasci",8
Houston,0002 BAY SPRINGS VFD,Governor,,REP,Ken McFeeters,5
Houston,0002 BAY SPRINGS VFD,Governor,,REP,Thomas Tuberville,170
Houston,0002 BAY SPRINGS VFD,Houston County Coroner,,REP,Kendall Glover,154
Houston,0002 BAY SPRINGS VFD,Houston County Coroner,,REP,Tony Diaz,26
Houston,0002 BAY SPRINGS VFD,Houston County Revenue Commissioner,,REP,Greg Holland,119
Houston,0002 BAY SPRINGS VFD,Houston County Revenue Commissioner,,REP,Richard Talley,53
Houston,0002 BAY SPRINGS VFD,Lieutenant Governor,,REP,George Childress,4
Houston,0002 BAY SPRINGS VFD,Lieutenant Governor,,REP,John Wahl,71
Houston,0002 BAY SPRINGS VFD,Lieutenant Governor,,REP,Nicole Jones Wadsworth,6
Houston,0002 BAY SPRINGS VFD,Lieutenant Governor,,REP,Pat Bishop,2
Houston,0002 BAY SPRINGS VFD,Lieutenant Governor,,REP,Rick Pate,19
Houston,0002 BAY SPRINGS VFD,Lieutenant Governor,,REP,Stewart Hill Tankersley,3
Houston,0002 BAY SPRINGS VFD,Lieutenant Governor,,REP,Wes Allen,71
Houston,0002 BAY SPRINGS VFD,"Public Service Commission, Place No. 1",,REP,Jeremy H. Oden,22
Houston,0002 BAY SPRINGS VFD,"Public Service Commission, Place No. 1",,REP,Matt Gentry,135
Houston,0002 BAY SPRINGS VFD,"Public Service Commission, Place No. 2",,REP,Brent Woodall,41
Houston,0002 BAY SPRINGS VFD,"Public Service Commission, Place No. 2",,REP,Chris Beeker,17
Houston,0002 BAY SPRINGS VFD,"Public Service Commission, Place No. 2",,REP,Jim Zig Zeigler,80
Houston,0002 BAY SPRINGS VFD,"Public Service Commission, Place No. 2",,REP,Priscilla Andrews,17
Houston,0002 BAY SPRINGS VFD,Secretary of State,,REP,Caroleene Dobson,104
Houston,0002 BAY SPRINGS VFD,Secretary of State,,REP,Christopher Christian Horn,37
Houston,0002 BAY SPRINGS VFD,Secretary of State,,REP,Glenda S. Jackson,17
Houston,0002 BAY SPRINGS VFD,State Auditor,,REP,Andrew Sorrell,126
Houston,0002 BAY SPRINGS VFD,State Auditor,,REP,Derek Chen,36
Houston,0002 BAY SPRINGS VFD,State Senate,29,REP,Donnie Chesteen,140
Houston,0002 BAY SPRINGS VFD,State Senate,29,REP,Val Glasgow Paul,4
Houston,0002 BAY SPRINGS VFD,State Senate,29,REP,Zachary J. Hurst,24
Houston,0002 BAY SPRINGS VFD,State Treasurer,,REP,Steve Lolley,43
Houston,0002 BAY SPRINGS VFD,State Treasurer,,REP,Young Boozer,127
Houston,0002 BAY SPRINGS VFD,U.S. House,1,REP,Austin Sidwell,3
Houston,0002 BAY SPRINGS VFD,U.S. House,1,REP,James (Jimmy) Dees,7
Houston,0002 BAY SPRINGS VFD,U.S. House,1,REP,James Richardson,12
Houston,0002 BAY SPRINGS VFD,U.S. House,1,REP,Jerry Carl,28
Houston,0002 BAY SPRINGS VFD,U.S. House,1,REP,John Mills,4
Houston,0002 BAY SPRINGS VFD,U.S. House,1,REP,Joshua McKee,29
Houston,0002 BAY SPRINGS VFD,U.S. House,1,REP,Rhett Marques,85
Houston,0002 BAY SPRINGS VFD,U.S. Senate,,REP,Barry Moore,142
Houston,0002 BAY SPRINGS VFD,U.S. Senate,,REP,Dale Shelton Deas Jr.,1
Houston,0002 BAY SPRINGS VFD,U.S. Senate,,REP,Jared Hudson,18
Houston,0002 BAY SPRINGS VFD,U.S. Senate,,REP,Morgan Murphy,1
Houston,0002 BAY SPRINGS VFD,U.S. Senate,,REP,Rodney Walker,3
Houston,0002 BAY SPRINGS VFD,U.S. Senate,,REP,Seth Burton,3
Houston,0002 BAY SPRINGS VFD,U.S. Senate,,REP,Steve Marshall,15
Houston,0003 FIRST BAPTIST COLUMBIA,Proposed Statewide Amendment 1,,,No,42
Houston,0003 FIRST BAPTIST COLUMBIA,Proposed Statewide Amendment 1,,,Yes,239
Houston,0003 FIRST BAPTIST COLUMBIA,Proposed Statewide Amendment 2,,,No,124
Houston,0003 FIRST BAPTIST COLUMBIA,Proposed Statewide Amendment 2,,,Yes,151
Houston,0003 FIRST BAPTIST COLUMBIA,Governor,,DEM,"Chad ""Chig"" Martin",3
Houston,0003 FIRST BAPTIST COLUMBIA,Governor,,DEM,Doug Jones,24
Houston,0003 FIRST BAPTIST COLUMBIA,Governor,,DEM,Jamel J. Brown,4
Houston,0003 FIRST BAPTIST COLUMBIA,Governor,,DEM,"Nathan ""Nate"" Mathis",2
Houston,0003 FIRST BAPTIST COLUMBIA,Governor,,DEM,Will Boyd,6
Houston,0003 FIRST BAPTIST COLUMBIA,Governor,,DEM,Yolanda Rochelle Flowers,5
Houston,0003 FIRST BAPTIST COLUMBIA,Lieutenant Governor,,DEM,Darryl D. Perryman,20
Houston,0003 FIRST BAPTIST COLUMBIA,Lieutenant Governor,,DEM,Phillip Ensler,16
Houston,0003 FIRST BAPTIST COLUMBIA,"Member, Houston County Commission, District No. 1",,DEM,Unverified Candidate 1,13
Houston,0003 FIRST BAPTIST COLUMBIA,"Member, Houston County Commission, District No. 1",,DEM,Unverified Candidate 2,31
Houston,0003 FIRST BAPTIST COLUMBIA,"Public Service Commission, Place No. 1",,DEM,James O. Gordon,20
Houston,0003 FIRST BAPTIST COLUMBIA,"Public Service Commission, Place No. 1",,DEM,Jeff Ramsey,12
Houston,0003 FIRST BAPTIST COLUMBIA,"Public Service Commission, Place No. 1",,DEM,John Northrop,6
Houston,0003 FIRST BAPTIST COLUMBIA,U.S. Senate,,DEM,Dakarai Larriett,11
Houston,0003 FIRST BAPTIST COLUMBIA,U.S. Senate,,DEM,Everett Wess,9
Houston,0003 FIRST BAPTIST COLUMBIA,U.S. Senate,,DEM,Kyle Sweetser,6
Houston,0003 FIRST BAPTIST COLUMBIA,U.S. Senate,,DEM,Mark S. Wheeler II,10
Houston,0003 FIRST BAPTIST COLUMBIA,Attorney General,,REP,Pamela L. Casey,47
Houston,0003 FIRST BAPTIST COLUMBIA,Attorney General,,REP,Jay Mitchell,79
Houston,0003 FIRST BAPTIST COLUMBIA,Attorney General,,REP,Katherine Robertson,111
Houston,0003 FIRST BAPTIST COLUMBIA,"Chairman, Houston County Commission",,REP,Brandon Shoupe,100
Houston,0003 FIRST BAPTIST COLUMBIA,"Chairman, Houston County Commission",,REP,John Rogers,140
Houston,0003 FIRST BAPTIST COLUMBIA,Commissioner of Agriculture and Industries,,REP,Christina Woerner McInnis,78
Houston,0003 FIRST BAPTIST COLUMBIA,Commissioner of Agriculture and Industries,,REP,Cory Hill,86
Houston,0003 FIRST BAPTIST COLUMBIA,Commissioner of Agriculture and Industries,,REP,Jack Williams,57
Houston,0003 FIRST BAPTIST COLUMBIA,Governor,,REP,"""Alabama"" Will Santivasci",5
Houston,0003 FIRST BAPTIST COLUMBIA,Governor,,REP,Ken McFeeters,12
Houston,0003 FIRST BAPTIST COLUMBIA,Governor,,REP,Thomas Tuberville,231
Houston,0003 FIRST BAPTIST COLUMBIA,Houston County Coroner,,REP,Kendall Glover,197
Houston,0003 FIRST BAPTIST COLUMBIA,Houston County Coroner,,REP,Tony Diaz,41
Houston,0003 FIRST BAPTIST COLUMBIA,Houston County Revenue Commissioner,,REP,Greg Holland,158
Houston,0003 FIRST BAPTIST COLUMBIA,Houston County Revenue Commissioner,,REP,Richard Talley,73
Houston,0003 FIRST BAPTIST COLUMBIA,Lieutenant Governor,,REP,George Childress,5
Houston,0003 FIRST BAPTIST COLUMBIA,Lieutenant Governor,,REP,John Wahl,119
Houston,0003 FIRST BAPTIST COLUMBIA,Lieutenant Governor,,REP,Nicole Jones Wadsworth,8
Houston,0003 FIRST BAPTIST COLUMBIA,Lieutenant Governor,,REP,Pat Bishop,6
Houston,0003 FIRST BAPTIST COLUMBIA,Lieutenant Governor,,REP,Rick Pate,15
Houston,0003 FIRST BAPTIST COLUMBIA,Lieutenant Governor,,REP,Stewart Hill Tankersley,3
Houston,0003 FIRST BAPTIST COLUMBIA,Lieutenant Governor,,REP,Wes Allen,79
Houston,0003 FIRST BAPTIST COLUMBIA,"Member, Houston County Commission, District No. 1",,REP,Bobby Lewis,110
Houston,0003 FIRST BAPTIST COLUMBIA,"Member, Houston County Commission, District No. 1",,REP,Jeffery A. Williams,127
Houston,0003 FIRST BAPTIST COLUMBIA,"Public Service Commission, Place No. 1",,REP,Jeremy H. Oden,57
Houston,0003 FIRST BAPTIST COLUMBIA,"Public Service Commission, Place No. 1",,REP,Matt Gentry,162
Houston,0003 FIRST BAPTIST COLUMBIA,"Public Service Commission, Place No. 2",,REP,Brent Woodall,38
Houston,0003 FIRST BAPTIST COLUMBIA,"Public Service Commission, Place No. 2",,REP,Chris Beeker,42
Houston,0003 FIRST BAPTIST COLUMBIA,"Public Service Commission, Place No. 2",,REP,Jim Zig Zeigler,100
Houston,0003 FIRST BAPTIST COLUMBIA,"Public Service Commission, Place No. 2",,REP,Priscilla Andrews,45
Houston,0003 FIRST BAPTIST COLUMBIA,Secretary of State,,REP,Caroleene Dobson,139
Houston,0003 FIRST BAPTIST COLUMBIA,Secretary of State,,REP,Christopher Christian Horn,59
Houston,0003 FIRST BAPTIST COLUMBIA,Secretary of State,,REP,Glenda S. Jackson,19
Houston,0003 FIRST BAPTIST COLUMBIA,State Auditor,,REP,Andrew Sorrell,167
Houston,0003 FIRST BAPTIST COLUMBIA,State Auditor,,REP,Derek Chen,66
Houston,0003 FIRST BAPTIST COLUMBIA,State Senate,29,REP,Donnie Chesteen,183
Houston,0003 FIRST BAPTIST COLUMBIA,State Senate,29,REP,Val Glasgow Paul,10
Houston,0003 FIRST BAPTIST COLUMBIA,State Senate,29,REP,Zachary J. Hurst,34
Houston,0003 FIRST BAPTIST COLUMBIA,State Treasurer,,REP,Steve Lolley,77
Houston,0003 FIRST BAPTIST COLUMBIA,State Treasurer,,REP,Young Boozer,154
Houston,0003 FIRST BAPTIST COLUMBIA,U.S. House,1,REP,Austin Sidwell,5
Houston,0003 FIRST BAPTIST COLUMBIA,U.S. House,1,REP,James (Jimmy) Dees,15
Houston,0003 FIRST BAPTIST COLUMBIA,U.S. House,1,REP,James Richardson,24
Houston,0003 FIRST BAPTIST COLUMBIA,U.S. House,1,REP,Jerry Carl,52
Houston,0003 FIRST BAPTIST COLUMBIA,U.S. House,1,REP,John Mills,17
Houston,0003 FIRST BAPTIST COLUMBIA,U.S. House,1,REP,Joshua McKee,17
Houston,0003 FIRST BAPTIST COLUMBIA,U.S. House,1,REP,Rhett Marques,97
Houston,0003 FIRST BAPTIST COLUMBIA,U.S. Senate,,REP,Barry Moore,181
Houston,0003 FIRST BAPTIST COLUMBIA,U.S. Senate,,REP,Dale Shelton Deas Jr.,1
Houston,0003 FIRST BAPTIST COLUMBIA,U.S. Senate,,REP,Jared Hudson,33
Houston,0003 FIRST BAPTIST COLUMBIA,U.S. Senate,,REP,Morgan Murphy,1
Houston,0003 FIRST BAPTIST COLUMBIA,U.S. Senate,,REP,Rodney Walker,3
Houston,0003 FIRST BAPTIST COLUMBIA,U.S. Senate,,REP,Seth Burton,3
Houston,0003 FIRST BAPTIST COLUMBIA,U.S. Senate,,REP,Steve Marshall,22
Houston,0004 CALVARY BAPTIST CHURCH,Proposed Statewide Amendment 1,,,No,64
Houston,0004 CALVARY BAPTIST CHURCH,Proposed Statewide Amendment 1,,,Yes,446
Houston,0004 CALVARY BAPTIST CHURCH,Proposed Statewide Amendment 2,,,No,213
Houston,0004 CALVARY BAPTIST CHURCH,Proposed Statewide Amendment 2,,,Yes,273
Houston,0004 CALVARY BAPTIST CHURCH,Governor,,DEM,"Chad ""Chig"" Martin",5
Houston,0004 CALVARY BAPTIST CHURCH,Governor,,DEM,Doug Jones,39
Houston,0004 CALVARY BAPTIST CHURCH,Governor,,DEM,Jamel J. Brown,0
Houston,0004 CALVARY BAPTIST CHURCH,Governor,,DEM,"Nathan ""Nate"" Mathis",2
Houston,0004 CALVARY BAPTIST CHURCH,Governor,,DEM,Will Boyd,3
Houston,0004 CALVARY BAPTIST CHURCH,Governor,,DEM,Yolanda Rochelle Flowers,2
Houston,0004 CALVARY BAPTIST CHURCH,Lieutenant Governor,,DEM,Darryl D. Perryman,24
Houston,0004 CALVARY BAPTIST CHURCH,Lieutenant Governor,,DEM,Phillip Ensler,21
Houston,0004 CALVARY BAPTIST CHURCH,"Public Service Commission, Place No. 1",,DEM,James O. Gordon,19
Houston,0004 CALVARY BAPTIST CHURCH,"Public Service Commission, Place No. 1",,DEM,Jeff Ramsey,15
Houston,0004 CALVARY BAPTIST CHURCH,"Public Service Commission, Place No. 1",,DEM,John Northrop,10
Houston,0004 CALVARY BAPTIST CHURCH,U.S. Senate,,DEM,Dakarai Larriett,13
Houston,0004 CALVARY BAPTIST CHURCH,U.S. Senate,,DEM,Everett Wess,9
Houston,0004 CALVARY BAPTIST CHURCH,U.S. Senate,,DEM,Kyle Sweetser,6
Houston,0004 CALVARY BAPTIST CHURCH,U.S. Senate,,DEM,Mark S. Wheeler II,18
Houston,0004 CALVARY BAPTIST CHURCH,Attorney General,,REP,Pamela L. Casey,92
Houston,0004 CALVARY BAPTIST CHURCH,Attorney General,,REP,Jay Mitchell,152
Houston,0004 CALVARY BAPTIST CHURCH,Attorney General,,REP,Katherine Robertson,192
Houston,0004 CALVARY BAPTIST CHURCH,"Chairman, Houston County Commission",,REP,Brandon Shoupe,220
Houston,0004 CALVARY BAPTIST CHURCH,"Chairman, Houston County Commission",,REP,John Rogers,245
Houston,0004 CALVARY BAPTIST CHURCH,Commissioner of Agriculture and Industries,,REP,Christina Woerner McInnis,107
Houston,0004 CALVARY BAPTIST CHURCH,Commissioner of Agriculture and Industries,,REP,Cory Hill,170
Houston,0004 CALVARY BAPTIST CHURCH,Commissioner of Agriculture and Industries,,REP,Jack Williams,132
Houston,0004 CALVARY BAPTIST CHURCH,Governor,,REP,"""Alabama"" Will Santivasci",18
Houston,0004 CALVARY BAPTIST CHURCH,Governor,,REP,Ken McFeeters,34
Houston,0004 CALVARY BAPTIST CHURCH,Governor,,REP,Thomas Tuberville,414
Houston,0004 CALVARY BAPTIST CHURCH,Houston County Coroner,,REP,Kendall Glover,422
Houston,0004 CALVARY BAPTIST CHURCH,Houston County Coroner,,REP,Tony Diaz,43
Houston,0004 CALVARY BAPTIST CHURCH,Houston County Revenue Commissioner,,REP,Greg Holland,298
Houston,0004 CALVARY BAPTIST CHURCH,Houston County Revenue Commissioner,,REP,Richard Talley,148
Houston,0004 CALVARY BAPTIST CHURCH,Lieutenant Governor,,REP,George Childress,7
Houston,0004 CALVARY BAPTIST CHURCH,Lieutenant Governor,,REP,John Wahl,198
Houston,0004 CALVARY BAPTIST CHURCH,Lieutenant Governor,,REP,Nicole Jones Wadsworth,25
Houston,0004 CALVARY BAPTIST CHURCH,Lieutenant Governor,,REP,Pat Bishop,16
Houston,0004 CALVARY BAPTIST CHURCH,Lieutenant Governor,,REP,Rick Pate,31
Houston,0004 CALVARY BAPTIST CHURCH,Lieutenant Governor,,REP,Stewart Hill Tankersley,6
Houston,0004 CALVARY BAPTIST CHURCH,Lieutenant Governor,,REP,Wes Allen,164
Houston,0004 CALVARY BAPTIST CHURCH,"Member, Houston County Board of Education, District No. 2",,REP,Jessica L. Granger,71
Houston,0004 CALVARY BAPTIST CHURCH,"Member, Houston County Board of Education, District No. 2",,REP,Ricky Moore,118
Houston,0004 CALVARY BAPTIST CHURCH,"Member, Houston County Board of Education, District No. 2",,REP,Scott Long,232
Houston,0004 CALVARY BAPTIST CHURCH,"Member, Houston County Commission, District No. 2",,REP,Chris Love,210
Houston,0004 CALVARY BAPTIST CHURCH,"Member, Houston County Commission, District No. 2",,REP,Tracy Adams,235
Houston,0004 CALVARY BAPTIST CHURCH,"Member, Houston County Commission, District No. 2",,REP,Whitney Ingram Strength,31
Houston,0004 CALVARY BAPTIST CHURCH,"Public Service Commission, Place No. 1",,REP,Jeremy H. Oden,88
Houston,0004 CALVARY BAPTIST CHURCH,"Public Service Commission, Place No. 1",,REP,Matt Gentry,302
Houston,0004 CALVARY BAPTIST CHURCH,"Public Service Commission, Place No. 2",,REP,Brent Woodall,118
Houston,0004 CALVARY BAPTIST CHURCH,"Public Service Commission, Place No. 2",,REP,Chris Beeker,70
Houston,0004 CALVARY BAPTIST CHURCH,"Public Service Commission, Place No. 2",,REP,Jim Zig Zeigler,150
Houston,0004 CALVARY BAPTIST CHURCH,"Public Service Commission, Place No. 2",,REP,Priscilla Andrews,71
Houston,0004 CALVARY BAPTIST CHURCH,Secretary of State,,REP,Caroleene Dobson,203
Houston,0004 CALVARY BAPTIST CHURCH,Secretary of State,,REP,Christopher Christian Horn,115
Houston,0004 CALVARY BAPTIST CHURCH,Secretary of State,,REP,Glenda S. Jackson,80
Houston,0004 CALVARY BAPTIST CHURCH,State Auditor,,REP,Andrew Sorrell,342
Houston,0004 CALVARY BAPTIST CHURCH,State Auditor,,REP,Derek Chen,78
Houston,0004 CALVARY BAPTIST CHURCH,State Senate,29,REP,Donnie Chesteen,367
Houston,0004 CALVARY BAPTIST CHURCH,State Senate,29,REP,Val Glasgow Paul,21
Houston,0004 CALVARY BAPTIST CHURCH,State Senate,29,REP,Zachary J. Hurst,54
Houston,0004 CALVARY BAPTIST CHURCH,State Treasurer,,REP,Steve Lolley,154
Houston,0004 CALVARY BAPTIST CHURCH,State Treasurer,,REP,Young Boozer,269
Houston,0004 CALVARY BAPTIST CHURCH,U.S. House,1,REP,Austin Sidwell,11
Houston,0004 CALVARY BAPTIST CHURCH,U.S. House,1,REP,James (Jimmy) Dees,21
Houston,0004 CALVARY BAPTIST CHURCH,U.S. House,1,REP,James Richardson,42
Houston,0004 CALVARY BAPTIST CHURCH,U.S. House,1,REP,Jerry Carl,69
Houston,0004 CALVARY BAPTIST CHURCH,U.S. House,1,REP,John Mills,36
Houston,0004 CALVARY BAPTIST CHURCH,U.S. House,1,REP,Joshua McKee,50
Houston,0004 CALVARY BAPTIST CHURCH,U.S. House,1,REP,Rhett Marques,197
Houston,0004 CALVARY BAPTIST CHURCH,U.S. Senate,,REP,Barry Moore,331
Houston,0004 CALVARY BAPTIST CHURCH,U.S. Senate,,REP,Dale Shelton Deas Jr.,3
Houston,0004 CALVARY BAPTIST CHURCH,U.S. Senate,,REP,Jared Hudson,53
Houston,0004 CALVARY BAPTIST CHURCH,U.S. Senate,,REP,Morgan Murphy,7
Houston,0004 CALVARY BAPTIST CHURCH,U.S. Senate,,REP,Rodney Walker,16
Houston,0004 CALVARY BAPTIST CHURCH,U.S. Senate,,REP,Seth Burton,3
Houston,0004 CALVARY BAPTIST CHURCH,U.S. Senate,,REP,Steve Marshall,51
Houston,0005 COWARTS BAPTIST,Proposed Statewide Amendment 1,,,No,51
Houston,0005 COWARTS BAPTIST,Proposed Statewide Amendment 1,,,Yes,441
Houston,0005 COWARTS BAPTIST,Proposed Statewide Amendment 2,,,No,212
Houston,0005 COWARTS BAPTIST,Proposed Statewide Amendment 2,,,Yes,268
Houston,0005 COWARTS BAPTIST,Governor,,DEM,"Chad ""Chig"" Martin",7
Houston,0005 COWARTS BAPTIST,Governor,,DEM,Doug Jones,79
Houston,0005 COWARTS BAPTIST,Governor,,DEM,Jamel J. Brown,4
Houston,0005 COWARTS BAPTIST,Governor,,DEM,"Nathan ""Nate"" Mathis",5
Houston,0005 COWARTS BAPTIST,Governor,,DEM,Will Boyd,11
Houston,0005 COWARTS BAPTIST,Governor,,DEM,Yolanda Rochelle Flowers,6
Houston,0005 COWARTS BAPTIST,Lieutenant Governor,,DEM,Darryl D. Perryman,56
Houston,0005 COWARTS BAPTIST,Lieutenant Governor,,DEM,Phillip Ensler,47
Houston,0005 COWARTS BAPTIST,"Public Service Commission, Place No. 1",,DEM,James O. Gordon,49
Houston,0005 COWARTS BAPTIST,"Public Service Commission, Place No. 1",,DEM,Jeff Ramsey,37
Houston,0005 COWARTS BAPTIST,"Public Service Commission, Place No. 1",,DEM,John Northrop,14
Houston,0005 COWARTS BAPTIST,U.S. Senate,,DEM,Dakarai Larriett,42
Houston,0005 COWARTS BAPTIST,U.S. Senate,,DEM,Everett Wess,22
Houston,0005 COWARTS BAPTIST,U.S. Senate,,DEM,Kyle Sweetser,12
Houston,0005 COWARTS BAPTIST,U.S. Senate,,DEM,Mark S. Wheeler II,24
Houston,0005 COWARTS BAPTIST,Attorney General,,REP,Pamela L. Casey,74
Houston,0005 COWARTS BAPTIST,Attorney General,,REP,Jay Mitchell,133
Houston,0005 COWARTS BAPTIST,Attorney General,,REP,Katherine Robertson,172
Houston,0005 COWARTS BAPTIST,"Chairman, Houston County Commission",,REP,Brandon Shoupe,139
Houston,0005 COWARTS BAPTIST,"Chairman, Houston County Commission",,REP,John Rogers,248
Houston,0005 COWARTS BAPTIST,Commissioner of Agriculture and Industries,,REP,Christina Woerner McInnis,129
Houston,0005 COWARTS BAPTIST,Commissioner of Agriculture and Industries,,REP,Cory Hill,135
Houston,0005 COWARTS BAPTIST,Commissioner of Agriculture and Industries,,REP,Jack Williams,77
Houston,0005 COWARTS BAPTIST,Governor,,REP,"""Alabama"" Will Santivasci",19
Houston,0005 COWARTS BAPTIST,Governor,,REP,Ken McFeeters,25
Houston,0005 COWARTS BAPTIST,Governor,,REP,Thomas Tuberville,359
Houston,0005 COWARTS BAPTIST,Houston County Coroner,,REP,Kendall Glover,353
Houston,0005 COWARTS BAPTIST,Houston County Coroner,,REP,Tony Diaz,35
Houston,0005 COWARTS BAPTIST,Houston County Revenue Commissioner,,REP,Greg Holland,219
Houston,0005 COWARTS BAPTIST,Houston County Revenue Commissioner,,REP,Richard Talley,152
Houston,0005 COWARTS BAPTIST,Lieutenant Governor,,REP,George Childress,9
Houston,0005 COWARTS BAPTIST,Lieutenant Governor,,REP,John Wahl,185
Houston,0005 COWARTS BAPTIST,Lieutenant Governor,,REP,Nicole Jones Wadsworth,16
Houston,0005 COWARTS BAPTIST,Lieutenant Governor,,REP,Pat Bishop,12
Houston,0005 COWARTS BAPTIST,Lieutenant Governor,,REP,Rick Pate,15
Houston,0005 COWARTS BAPTIST,Lieutenant Governor,,REP,Stewart Hill Tankersley,5
Houston,0005 COWARTS BAPTIST,Lieutenant Governor,,REP,Wes Allen,143
Houston,0005 COWARTS BAPTIST,"Member, Houston County Commission, District No. 2",,REP,Chris Love,146
Houston,0005 COWARTS BAPTIST,"Member, Houston County Commission, District No. 2",,REP,Tracy Adams,197
Houston,0005 COWARTS BAPTIST,"Member, Houston County Commission, District No. 2",,REP,Whitney Ingram Strength,57
Houston,0005 COWARTS BAPTIST,"Public Service Commission, Place No. 1",,REP,Jeremy H. Oden,57
Houston,0005 COWARTS BAPTIST,"Public Service Commission, Place No. 1",,REP,Matt Gentry,271
Houston,0005 COWARTS BAPTIST,"Public Service Commission, Place No. 2",,REP,Brent Woodall,73
Houston,0005 COWARTS BAPTIST,"Public Service Commission, Place No. 2",,REP,Chris Beeker,52
Houston,0005 COWARTS BAPTIST,"Public Service Commission, Place No. 2",,REP,Jim Zig Zeigler,158
Houston,0005 COWARTS BAPTIST,"Public Service Commission, Place No. 2",,REP,Priscilla Andrews,56
Houston,0005 COWARTS BAPTIST,Secretary of State,,REP,Caroleene Dobson,213
Houston,0005 COWARTS BAPTIST,Secretary of State,,REP,Christopher Christian Horn,95
Houston,0005 COWARTS BAPTIST,Secretary of State,,REP,Glenda S. Jackson,32
Houston,0005 COWARTS BAPTIST,State Auditor,,REP,Andrew Sorrell,288
Houston,0005 COWARTS BAPTIST,State Auditor,,REP,Derek Chen,65
Houston,0005 COWARTS BAPTIST,State Senate,29,REP,Donnie Chesteen,294
Houston,0005 COWARTS BAPTIST,State Senate,29,REP,Val Glasgow Paul,10
Houston,0005 COWARTS BAPTIST,State Senate,29,REP,Zachary J. Hurst,56
Houston,0005 COWARTS BAPTIST,State Treasurer,,REP,Steve Lolley,130
Houston,0005 COWARTS BAPTIST,State Treasurer,,REP,Young Boozer,226
Houston,0005 COWARTS BAPTIST,U.S. House,1,REP,Austin Sidwell,18
Houston,0005 COWARTS BAPTIST,U.S. House,1,REP,James (Jimmy) Dees,21
Houston,0005 COWARTS BAPTIST,U.S. House,1,REP,James Richardson,31
Houston,0005 COWARTS BAPTIST,U.S. House,1,REP,Jerry Carl,52
Houston,0005 COWARTS BAPTIST,U.S. House,1,REP,John Mills,20
Houston,0005 COWARTS BAPTIST,U.S. House,1,REP,Joshua McKee,33
Houston,0005 COWARTS BAPTIST,U.S. House,1,REP,Rhett Marques,180
Houston,0005 COWARTS BAPTIST,U.S. Senate,,REP,Barry Moore,283
Houston,0005 COWARTS BAPTIST,U.S. Senate,,REP,Dale Shelton Deas Jr.,4
Houston,0005 COWARTS BAPTIST,U.S. Senate,,REP,Jared Hudson,43
Houston,0005 COWARTS BAPTIST,U.S. Senate,,REP,Morgan Murphy,5
Houston,0005 COWARTS BAPTIST,U.S. Senate,,REP,Rodney Walker,9
Houston,0005 COWARTS BAPTIST,U.S. Senate,,REP,Seth Burton,9
Houston,0005 COWARTS BAPTIST,U.S. Senate,,REP,Steve Marshall,41
Houston,0006 DOUG TEW COMM CTR,Proposed Statewide Amendment 1,,,No,93
Houston,0006 DOUG TEW COMM CTR,Proposed Statewide Amendment 1,,,Yes,640
Houston,0006 DOUG TEW COMM CTR,Proposed Statewide Amendment 2,,,No,298
Houston,0006 DOUG TEW COMM CTR,Proposed Statewide Amendment 2,,,Yes,413
Houston,0006 DOUG TEW COMM CTR,Governor,,DEM,"Chad ""Chig"" Martin",15
Houston,0006 DOUG TEW COMM CTR,Governor,,DEM,Doug Jones,157
Houston,0006 DOUG TEW COMM CTR,Governor,,DEM,Jamel J. Brown,30
Houston,0006 DOUG TEW COMM CTR,Governor,,DEM,"Nathan ""Nate"" Mathis",3
Houston,0006 DOUG TEW COMM CTR,Governor,,DEM,Will Boyd,35
Houston,0006 DOUG TEW COMM CTR,Governor,,DEM,Yolanda Rochelle Flowers,16
Houston,0006 DOUG TEW COMM CTR,Lieutenant Governor,,DEM,Darryl D. Perryman,104
Houston,0006 DOUG TEW COMM CTR,Lieutenant Governor,,DEM,Phillip Ensler,135
Houston,0006 DOUG TEW COMM CTR,"Public Service Commission, Place No. 1",,DEM,James O. Gordon,112
Houston,0006 DOUG TEW COMM CTR,"Public Service Commission, Place No. 1",,DEM,Jeff Ramsey,79
Houston,0006 DOUG TEW COMM CTR,"Public Service Commission, Place No. 1",,DEM,John Northrop,51
Houston,0006 DOUG TEW COMM CTR,U.S. Senate,,DEM,Dakarai Larriett,82
Houston,0006 DOUG TEW COMM CTR,U.S. Senate,,DEM,Everett Wess,74
Houston,0006 DOUG TEW COMM CTR,U.S. Senate,,DEM,Kyle Sweetser,34
Houston,0006 DOUG TEW COMM CTR,U.S. Senate,,DEM,Mark S. Wheeler II,49
Houston,0006 DOUG TEW COMM CTR,Attorney General,,REP,Jay Mitchell,139
Houston,0006 DOUG TEW COMM CTR,Attorney General,,REP,Katherine Robertson,219
Houston,0006 DOUG TEW COMM CTR,Attorney General,,REP,Pamela L. Casey,93
Houston,0006 DOUG TEW COMM CTR,"Chairman, Houston County Commission",,REP,Brandon Shoupe,329
Houston,0006 DOUG TEW COMM CTR,"Chairman, Houston County Commission",,REP,John Rogers,135
Houston,0006 DOUG TEW COMM CTR,Commissioner of Agriculture and Industries,,REP,Christina Woerner McInnis,155
Houston,0006 DOUG TEW COMM CTR,Commissioner of Agriculture and Industries,,REP,Cory Hill,141
Houston,0006 DOUG TEW COMM CTR,Commissioner of Agriculture and Industries,,REP,Jack Williams,113
Houston,0006 DOUG TEW COMM CTR,Governor,,REP,"""Alabama"" Will Santivasci",9
Houston,0006 DOUG TEW COMM CTR,Governor,,REP,Ken McFeeters,39
Houston,0006 DOUG TEW COMM CTR,Governor,,REP,Thomas Tuberville,434
Houston,0006 DOUG TEW COMM CTR,Houston County Coroner,,REP,Kendall Glover,419
Houston,0006 DOUG TEW COMM CTR,Houston County Coroner,,REP,Tony Diaz,44
Houston,0006 DOUG TEW COMM CTR,Houston County Revenue Commissioner,,REP,Greg Holland,301
Houston,0006 DOUG TEW COMM CTR,Houston County Revenue Commissioner,,REP,Richard Talley,141
Houston,0006 DOUG TEW COMM CTR,Lieutenant Governor,,REP,George Childress,9
Houston,0006 DOUG TEW COMM CTR,Lieutenant Governor,,REP,John Wahl,179
Houston,0006 DOUG TEW COMM CTR,Lieutenant Governor,,REP,Nicole Jones Wadsworth,20
Houston,0006 DOUG TEW COMM CTR,Lieutenant Governor,,REP,Pat Bishop,11
Houston,0006 DOUG TEW COMM CTR,Lieutenant Governor,,REP,Rick Pate,35
Houston,0006 DOUG TEW COMM CTR,Lieutenant Governor,,REP,Stewart Hill Tankersley,9
Houston,0006 DOUG TEW COMM CTR,Lieutenant Governor,,REP,Wes Allen,194
Houston,0006 DOUG TEW COMM CTR,"Member, Houston County Commission, District No. 2",,REP,Chris Love,29
Houston,0006 DOUG TEW COMM CTR,"Member, Houston County Commission, District No. 2",,REP,Tracy Adams,40
Houston,0006 DOUG TEW COMM CTR,"Member, Houston County Commission, District No. 2",,REP,Whitney Ingram Strength,10
Houston,0006 DOUG TEW COMM CTR,"Member, Houston County Commission, District No. 3",,REP,Ashley E. Enfinger,156
Houston,0006 DOUG TEW COMM CTR,"Member, Houston County Commission, District No. 3",,REP,Taylor Knight,180
Houston,0006 DOUG TEW COMM CTR,"Public Service Commission, Place No. 1",,REP,Jeremy H. Oden,89
Houston,0006 DOUG TEW COMM CTR,"Public Service Commission, Place No. 1",,REP,Matt Gentry,300
Houston,0006 DOUG TEW COMM CTR,"Public Service Commission, Place No. 2",,REP,Brent Woodall,85
Houston,0006 DOUG TEW COMM CTR,"Public Service Commission, Place No. 2",,REP,Chris Beeker,82
Houston,0006 DOUG TEW COMM CTR,"Public Service Commission, Place No. 2",,REP,Jim Zig Zeigler,177
Houston,0006 DOUG TEW COMM CTR,"Public Service Commission, Place No. 2",,REP,Priscilla Andrews,66
Houston,0006 DOUG TEW COMM CTR,Secretary of State,,REP,Caroleene Dobson,276
Houston,0006 DOUG TEW COMM CTR,Secretary of State,,REP,Christopher Christian Horn,75
Houston,0006 DOUG TEW COMM CTR,Secretary of State,,REP,Glenda S. Jackson,50
Houston,0006 DOUG TEW COMM CTR,State Auditor,,REP,Andrew Sorrell,313
Houston,0006 DOUG TEW COMM CTR,State Auditor,,REP,Derek Chen,112
Houston,0006 DOUG TEW COMM CTR,State Senate,29,REP,Donnie Chesteen,369
Houston,0006 DOUG TEW COMM CTR,State Senate,29,REP,Val Glasgow Paul,17
Houston,0006 DOUG TEW COMM CTR,State Senate,29,REP,Zachary J. Hurst,49
Houston,0006 DOUG TEW COMM CTR,State Treasurer,,REP,Steve Lolley,112
Houston,0006 DOUG TEW COMM CTR,State Treasurer,,REP,Young Boozer,326
Houston,0006 DOUG TEW COMM CTR,U.S. House,1,REP,Austin Sidwell,26
Houston,0006 DOUG TEW COMM CTR,U.S. House,1,REP,James (Jimmy) Dees,19
Houston,0006 DOUG TEW COMM CTR,U.S. House,1,REP,James Richardson,18
Houston,0006 DOUG TEW COMM CTR,U.S. House,1,REP,Jerry Carl,46
Houston,0006 DOUG TEW COMM CTR,U.S. House,1,REP,John Mills,14
Houston,0006 DOUG TEW COMM CTR,U.S. House,1,REP,Joshua McKee,47
Houston,0006 DOUG TEW COMM CTR,U.S. House,1,REP,Rhett Marques,275
Houston,0006 DOUG TEW COMM CTR,U.S. Senate,,REP,Barry Moore,324
Houston,0006 DOUG TEW COMM CTR,U.S. Senate,,REP,Dale Shelton Deas Jr.,5
Houston,0006 DOUG TEW COMM CTR,U.S. Senate,,REP,Jared Hudson,82
Houston,0006 DOUG TEW COMM CTR,U.S. Senate,,REP,Morgan Murphy,2
Houston,0006 DOUG TEW COMM CTR,U.S. Senate,,REP,Rodney Walker,9
Houston,0006 DOUG TEW COMM CTR,U.S. Senate,,REP,Seth Burton,8
Houston,0006 DOUG TEW COMM CTR,U.S. Senate,,REP,Steve Marshall,47
Houston,0007 ENTERPRISE CH,Proposed Statewide Amendment 1,,,No,23
Houston,0007 ENTERPRISE CH,Proposed Statewide Amendment 1,,,Yes,406
Houston,0007 ENTERPRISE CH,Proposed Statewide Amendment 2,,,No,162
Houston,0007 ENTERPRISE CH,Proposed Statewide Amendment 2,,,Yes,252
Houston,0007 ENTERPRISE CH,Governor,,DEM,"Chad ""Chig"" Martin",1
Houston,0007 ENTERPRISE CH,Governor,,DEM,Doug Jones,19
Houston,0007 ENTERPRISE CH,Governor,,DEM,Jamel J. Brown,2
Houston,0007 ENTERPRISE CH,Governor,,DEM,"Nathan ""Nate"" Mathis",0
Houston,0007 ENTERPRISE CH,Governor,,DEM,Will Boyd,5
Houston,0007 ENTERPRISE CH,Governor,,DEM,Yolanda Rochelle Flowers,5
Houston,0007 ENTERPRISE CH,Lieutenant Governor,,DEM,Darryl D. Perryman,16
Houston,0007 ENTERPRISE CH,Lieutenant Governor,,DEM,Phillip Ensler,13
Houston,0007 ENTERPRISE CH,"Public Service Commission, Place No. 1",,DEM,James O. Gordon,12
Houston,0007 ENTERPRISE CH,"Public Service Commission, Place No. 1",,DEM,Jeff Ramsey,10
Houston,0007 ENTERPRISE CH,"Public Service Commission, Place No. 1",,DEM,John Northrop,8
Houston,0007 ENTERPRISE CH,U.S. Senate,,DEM,Dakarai Larriett,11
Houston,0007 ENTERPRISE CH,U.S. Senate,,DEM,Everett Wess,7
Houston,0007 ENTERPRISE CH,U.S. Senate,,DEM,Kyle Sweetser,4
Houston,0007 ENTERPRISE CH,U.S. Senate,,DEM,Mark S. Wheeler II,9
Houston,0007 ENTERPRISE CH,Attorney General,,REP,Jay Mitchell,126
Houston,0007 ENTERPRISE CH,Attorney General,,REP,Katherine Robertson,179
Houston,0007 ENTERPRISE CH,Attorney General,,REP,Pamela L. Casey,73
Houston,0007 ENTERPRISE CH,"Chairman, Houston County Commission",,REP,Brandon Shoupe,139
Houston,0007 ENTERPRISE CH,"Chairman, Houston County Commission",,REP,John Rogers,257
Houston,0007 ENTERPRISE CH,Commissioner of Agriculture and Industries,,REP,Christina Woerner McInnis,113
Houston,0007 ENTERPRISE CH,Commissioner of Agriculture and Industries,,REP,Cory Hill,156
Houston,0007 ENTERPRISE CH,Commissioner of Agriculture and Industries,,REP,Jack Williams,88
Houston,0007 ENTERPRISE CH,Governor,,REP,"""Alabama"" Will Santivasci",16
Houston,0007 ENTERPRISE CH,Governor,,REP,Ken McFeeters,33
Houston,0007 ENTERPRISE CH,Governor,,REP,Thomas Tuberville,354
Houston,0007 ENTERPRISE CH,Houston County Coroner,,REP,Kendall Glover,347
Houston,0007 ENTERPRISE CH,Houston County Coroner,,REP,Tony Diaz,44
Houston,0007 ENTERPRISE CH,Houston County Revenue Commissioner,,REP,Greg Holland,255
Houston,0007 ENTERPRISE CH,Houston County Revenue Commissioner,,REP,Richard Talley,123
Houston,0007 ENTERPRISE CH,Lieutenant Governor,,REP,George Childress,4
Houston,0007 ENTERPRISE CH,Lieutenant Governor,,REP,John Wahl,172
Houston,0007 ENTERPRISE CH,Lieutenant Governor,,REP,Nicole Jones Wadsworth,14
Houston,0007 ENTERPRISE CH,Lieutenant Governor,,REP,Pat Bishop,11
Houston,0007 ENTERPRISE CH,Lieutenant Governor,,REP,Rick Pate,36
Houston,0007 ENTERPRISE CH,Lieutenant Governor,,REP,Stewart Hill Tankersley,3
Houston,0007 ENTERPRISE CH,Lieutenant Governor,,REP,Wes Allen,142
Houston,0007 ENTERPRISE CH,"Member, Houston County Board of Education, District No. 2",,REP,Jessica L. Granger,41
Houston,0007 ENTERPRISE CH,"Member, Houston County Board of Education, District No. 2",,REP,Ricky Moore,120
Houston,0007 ENTERPRISE CH,"Member, Houston County Board of Education, District No. 2",,REP,Scott Long,111
Houston,0007 ENTERPRISE CH,"Member, Houston County Commission, District No. 2",,REP,Chris Love,206
Houston,0007 ENTERPRISE CH,"Member, Houston County Commission, District No. 2",,REP,Tracy Adams,164
Houston,0007 ENTERPRISE CH,"Member, Houston County Commission, District No. 2",,REP,Whitney Ingram Strength,32
Houston,0007 ENTERPRISE CH,"Public Service Commission, Place No. 1",,REP,Jeremy H. Oden,66
Houston,0007 ENTERPRISE CH,"Public Service Commission, Place No. 1",,REP,Matt Gentry,270
Houston,0007 ENTERPRISE CH,"Public Service Commission, Place No. 2",,REP,Brent Woodall,85
Houston,0007 ENTERPRISE CH,"Public Service Commission, Place No. 2",,REP,Chris Beeker,65
Houston,0007 ENTERPRISE CH,"Public Service Commission, Place No. 2",,REP,Jim Zig Zeigler,138
Houston,0007 ENTERPRISE CH,"Public Service Commission, Place No. 2",,REP,Priscilla Andrews,70
Houston,0007 ENTERPRISE CH,Secretary of State,,REP,Caroleene Dobson,188
Houston,0007 ENTERPRISE CH,Secretary of State,,REP,Christopher Christian Horn,101
Houston,0007 ENTERPRISE CH,Secretary of State,,REP,Glenda S. Jackson,55
Houston,0007 ENTERPRISE CH,State Auditor,,REP,Andrew Sorrell,286
Houston,0007 ENTERPRISE CH,State Auditor,,REP,Derek Chen,79
Houston,0007 ENTERPRISE CH,State Senate,29,REP,Donnie Chesteen,323
Houston,0007 ENTERPRISE CH,State Senate,29,REP,Val Glasgow Paul,11
Houston,0007 ENTERPRISE CH,State Senate,29,REP,Zachary J. Hurst,40
Houston,0007 ENTERPRISE CH,State Treasurer,,REP,Steve Lolley,140
Houston,0007 ENTERPRISE CH,State Treasurer,,REP,Young Boozer,229
Houston,0007 ENTERPRISE CH,U.S. House,1,REP,Austin Sidwell,15
Houston,0007 ENTERPRISE CH,U.S. House,1,REP,James (Jimmy) Dees,22
Houston,0007 ENTERPRISE CH,U.S. House,1,REP,James Richardson,32
Houston,0007 ENTERPRISE CH,U.S. House,1,REP,Jerry Carl,67
Houston,0007 ENTERPRISE CH,U.S. House,1,REP,John Mills,14
Houston,0007 ENTERPRISE CH,U.S. House,1,REP,Joshua McKee,37
Houston,0007 ENTERPRISE CH,U.S. House,1,REP,Rhett Marques,169
Houston,0007 ENTERPRISE CH,U.S. Senate,,REP,Barry Moore,295
Houston,0007 ENTERPRISE CH,U.S. Senate,,REP,Dale Shelton Deas Jr.,3
Houston,0007 ENTERPRISE CH,U.S. Senate,,REP,Jared Hudson,43
Houston,0007 ENTERPRISE CH,U.S. Senate,,REP,Morgan Murphy,3
Houston,0007 ENTERPRISE CH,U.S. Senate,,REP,Rodney Walker,6
Houston,0007 ENTERPRISE CH,U.S. Senate,,REP,Seth Burton,12
Houston,0007 ENTERPRISE CH,U.S. Senate,,REP,Steve Marshall,34
Houston,0008 FARM CTR,Proposed Statewide Amendment 1,,,No,126
Houston,0008 FARM CTR,Proposed Statewide Amendment 1,,,Yes,923
Houston,0008 FARM CTR,Proposed Statewide Amendment 2,,,No,400
Houston,0008 FARM CTR,Proposed Statewide Amendment 2,,,Yes,623
Houston,0008 FARM CTR,Governor,,DEM,"Chad ""Chig"" Martin",9
Houston,0008 FARM CTR,Governor,,DEM,Doug Jones,256
Houston,0008 FARM CTR,Governor,,DEM,Jamel J. Brown,34
Houston,0008 FARM CTR,Governor,,DEM,"Nathan ""Nate"" Mathis",7
Houston,0008 FARM CTR,Governor,,DEM,Will Boyd,48
Houston,0008 FARM CTR,Governor,,DEM,Yolanda Rochelle Flowers,44
Houston,0008 FARM CTR,Lieutenant Governor,,DEM,Darryl D. Perryman,189
Houston,0008 FARM CTR,Lieutenant Governor,,DEM,Phillip Ensler,187
Houston,0008 FARM CTR,"Public Service Commission, Place No. 1",,DEM,James O. Gordon,197
Houston,0008 FARM CTR,"Public Service Commission, Place No. 1",,DEM,Jeff Ramsey,112
Houston,0008 FARM CTR,"Public Service Commission, Place No. 1",,DEM,John Northrop,59
Houston,0008 FARM CTR,U.S. Senate,,DEM,Dakarai Larriett,148
Houston,0008 FARM CTR,U.S. Senate,,DEM,Everett Wess,123
Houston,0008 FARM CTR,U.S. Senate,,DEM,Kyle Sweetser,40
Houston,0008 FARM CTR,U.S. Senate,,DEM,Mark S. Wheeler II,68
Houston,0008 FARM CTR,Attorney General,,REP,Jay Mitchell,201
Houston,0008 FARM CTR,Attorney General,,REP,Katherine Robertson,300
Houston,0008 FARM CTR,Attorney General,,REP,Pamela L. Casey,137
Houston,0008 FARM CTR,"Chairman, Houston County Commission",,REP,Brandon Shoupe,371
Houston,0008 FARM CTR,"Chairman, Houston County Commission",,REP,John Rogers,271
Houston,0008 FARM CTR,Commissioner of Agriculture and Industries,,REP,Christina Woerner McInnis,212
Houston,0008 FARM CTR,Commissioner of Agriculture and Industries,,REP,Cory Hill,225
Houston,0008 FARM CTR,Commissioner of Agriculture and Industries,,REP,Jack Williams,159
Houston,0008 FARM CTR,Governor,,REP,"""Alabama"" Will Santivasci",25
Houston,0008 FARM CTR,Governor,,REP,Ken McFeeters,60
Houston,0008 FARM CTR,Governor,,REP,Thomas Tuberville,573
Houston,0008 FARM CTR,Houston County Coroner,,REP,Kendall Glover,578
Houston,0008 FARM CTR,Houston County Coroner,,REP,Tony Diaz,71
Houston,0008 FARM CTR,Houston County Revenue Commissioner,,REP,Greg Holland,390
Houston,0008 FARM CTR,Houston County Revenue Commissioner,,REP,Richard Talley,248
Houston,0008 FARM CTR,Lieutenant Governor,,REP,George Childress,15
Houston,0008 FARM CTR,Lieutenant Governor,,REP,John Wahl,285
Houston,0008 FARM CTR,Lieutenant Governor,,REP,Nicole Jones Wadsworth,30
Houston,0008 FARM CTR,Lieutenant Governor,,REP,Pat Bishop,16
Houston,0008 FARM CTR,Lieutenant Governor,,REP,Rick Pate,38
Houston,0008 FARM CTR,Lieutenant Governor,,REP,Stewart Hill Tankersley,8
Houston,0008 FARM CTR,Lieutenant Governor,,REP,Wes Allen,254
Houston,0008 FARM CTR,"Member, Houston County Commission, District No. 2",,REP,Chris Love,222
Houston,0008 FARM CTR,"Member, Houston County Commission, District No. 2",,REP,Tracy Adams,344
Houston,0008 FARM CTR,"Member, Houston County Commission, District No. 2",,REP,Whitney Ingram Strength,79
Houston,0008 FARM CTR,"Public Service Commission, Place No. 1",,REP,Jeremy H. Oden,120
Houston,0008 FARM CTR,"Public Service Commission, Place No. 1",,REP,Matt Gentry,454
Houston,0008 FARM CTR,"Public Service Commission, Place No. 2",,REP,Brent Woodall,125
Houston,0008 FARM CTR,"Public Service Commission, Place No. 2",,REP,Chris Beeker,109
Houston,0008 FARM CTR,"Public Service Commission, Place No. 2",,REP,Jim Zig Zeigler,261
Houston,0008 FARM CTR,"Public Service Commission, Place No. 2",,REP,Priscilla Andrews,113
Houston,0008 FARM CTR,Secretary of State,,REP,Caroleene Dobson,360
Houston,0008 FARM CTR,Secretary of State,,REP,Christopher Christian Horn,160
Houston,0008 FARM CTR,Secretary of State,,REP,Glenda S. Jackson,68
Houston,0008 FARM CTR,State Auditor,,REP,Andrew Sorrell,491
Houston,0008 FARM CTR,State Auditor,,REP,Derek Chen,122
Houston,0008 FARM CTR,State Senate,29,REP,Donnie Chesteen,526
Houston,0008 FARM CTR,State Senate,29,REP,Val Glasgow Paul,20
Houston,0008 FARM CTR,State Senate,29,REP,Zachary J. Hurst,78
Houston,0008 FARM CTR,State Treasurer,,REP,Steve Lolley,178
Houston,0008 FARM CTR,State Treasurer,,REP,Young Boozer,440
Houston,0008 FARM CTR,U.S. House,1,REP,Austin Sidwell,16
Houston,0008 FARM CTR,U.S. House,1,REP,James (Jimmy) Dees,35
Houston,0008 FARM CTR,U.S. House,1,REP,James Richardson,31
Houston,0008 FARM CTR,U.S. House,1,REP,Jerry Carl,82
Houston,0008 FARM CTR,U.S. House,1,REP,John Mills,21
Houston,0008 FARM CTR,U.S. House,1,REP,Joshua McKee,55
Houston,0008 FARM CTR,U.S. House,1,REP,Rhett Marques,364
Houston,0008 FARM CTR,U.S. Senate,,REP,Barry Moore,464
Houston,0008 FARM CTR,U.S. Senate,,REP,Dale Shelton Deas Jr.,6
Houston,0008 FARM CTR,U.S. Senate,,REP,Jared Hudson,66
Houston,0008 FARM CTR,U.S. Senate,,REP,Morgan Murphy,2
Houston,0008 FARM CTR,U.S. Senate,,REP,Rodney Walker,11
Houston,0008 FARM CTR,U.S. Senate,,REP,Seth Burton,17
Houston,0008 FARM CTR,U.S. Senate,,REP,Steve Marshall,102
Houston,0009 GORDON CITY HALL,Proposed Statewide Amendment 1,,,No,19
Houston,0009 GORDON CITY HALL,Proposed Statewide Amendment 1,,,Yes,68
Houston,0009 GORDON CITY HALL,Proposed Statewide Amendment 2,,,No,41
Houston,0009 GORDON CITY HALL,Proposed Statewide Amendment 2,,,Yes,43
Houston,0009 GORDON CITY HALL,Governor,,DEM,"Chad ""Chig"" Martin",0
Houston,0009 GORDON CITY HALL,Governor,,DEM,Doug Jones,40
Houston,0009 GORDON CITY HALL,Governor,,DEM,Jamel J. Brown,5
Houston,0009 GORDON CITY HALL,Governor,,DEM,"Nathan ""Nate"" Mathis",3
Houston,0009 GORDON CITY HALL,Governor,,DEM,Will Boyd,5
Houston,0009 GORDON CITY HALL,Governor,,DEM,Yolanda Rochelle Flowers,4
Houston,0009 GORDON CITY HALL,Lieutenant Governor,,DEM,Darryl D. Perryman,22
Houston,0009 GORDON CITY HALL,Lieutenant Governor,,DEM,Phillip Ensler,23
Houston,0009 GORDON CITY HALL,"Member, Houston County Commission, District No. 1",,DEM,Unverified Candidate 1,16
Houston,0009 GORDON CITY HALL,"Member, Houston County Commission, District No. 1",,DEM,Unverified Candidate 2,49
Houston,0009 GORDON CITY HALL,"Public Service Commission, Place No. 1",,DEM,James O. Gordon,29
Houston,0009 GORDON CITY HALL,"Public Service Commission, Place No. 1",,DEM,Jeff Ramsey,12
Houston,0009 GORDON CITY HALL,"Public Service Commission, Place No. 1",,DEM,John Northrop,3
Houston,0009 GORDON CITY HALL,U.S. Senate,,DEM,Dakarai Larriett,11
Houston,0009 GORDON CITY HALL,U.S. Senate,,DEM,Everett Wess,10
Houston,0009 GORDON CITY HALL,U.S. Senate,,DEM,Kyle Sweetser,10
Houston,0009 GORDON CITY HALL,U.S. Senate,,DEM,Mark S. Wheeler II,13
Houston,0009 GORDON CITY HALL,Attorney General,,REP,Jay Mitchell,12
Houston,0009 GORDON CITY HALL,Attorney General,,REP,Katherine Robertson,13
Houston,0009 GORDON CITY HALL,Attorney General,,REP,Pamela L. Casey,7
Houston,0009 GORDON CITY HALL,"Chairman, Houston County Commission",,REP,Brandon Shoupe,8
Houston,0009 GORDON CITY HALL,"Chairman, Houston County Commission",,REP,John Rogers,25
Houston,0009 GORDON CITY HALL,Commissioner of Agriculture and Industries,,REP,Christina Woerner McInnis,7
Houston,0009 GORDON CITY HALL,Commissioner of Agriculture and Industries,,REP,Cory Hill,16
Houston,0009 GORDON CITY HALL,Commissioner of Agriculture and Industries,,REP,Jack Williams,7
Houston,0009 GORDON CITY HALL,Governor,,REP,"""Alabama"" Will Santivasci",1
Houston,0009 GORDON CITY HALL,Governor,,REP,Ken McFeeters,0
Houston,0009 GORDON CITY HALL,Governor,,REP,Thomas Tuberville,32
Houston,0009 GORDON CITY HALL,Houston County Coroner,,REP,Kendall Glover,30
Houston,0009 GORDON CITY HALL,Houston County Coroner,,REP,Tony Diaz,3
Houston,0009 GORDON CITY HALL,Houston County Revenue Commissioner,,REP,Greg Holland,26
Houston,0009 GORDON CITY HALL,Houston County Revenue Commissioner,,REP,Richard Talley,7
Houston,0009 GORDON CITY HALL,Lieutenant Governor,,REP,George Childress,0
Houston,0009 GORDON CITY HALL,Lieutenant Governor,,REP,John Wahl,8
Houston,0009 GORDON CITY HALL,Lieutenant Governor,,REP,Nicole Jones Wadsworth,0
Houston,0009 GORDON CITY HALL,Lieutenant Governor,,REP,Pat Bishop,1
Houston,0009 GORDON CITY HALL,Lieutenant Governor,,REP,Rick Pate,6
Houston,0009 GORDON CITY HALL,Lieutenant Governor,,REP,Stewart Hill Tankersley,0
Houston,0009 GORDON CITY HALL,Lieutenant Governor,,REP,Wes Allen,16
Houston,0009 GORDON CITY HALL,"Member, Houston County Commission, District No. 1",,REP,Bobby Lewis,17
Houston,0009 GORDON CITY HALL,"Member, Houston County Commission, District No. 1",,REP,Jeffery A. Williams,16
Houston,0009 GORDON CITY HALL,"Public Service Commission, Place No. 1",,REP,Jeremy H. Oden,5
Houston,0009 GORDON CITY HALL,"Public Service Commission, Place No. 1",,REP,Matt Gentry,23
Houston,0009 GORDON CITY HALL,"Public Service Commission, Place No. 2",,REP,Brent Woodall,10
Houston,0009 GORDON CITY HALL,"Public Service Commission, Place No. 2",,REP,Chris Beeker,3
Houston,0009 GORDON CITY HALL,"Public Service Commission, Place No. 2",,REP,Jim Zig Zeigler,14
Houston,0009 GORDON CITY HALL,"Public Service Commission, Place No. 2",,REP,Priscilla Andrews,3
Houston,0009 GORDON CITY HALL,Secretary of State,,REP,Caroleene Dobson,14
Houston,0009 GORDON CITY HALL,Secretary of State,,REP,Christopher Christian Horn,10
Houston,0009 GORDON CITY HALL,Secretary of State,,REP,Glenda S. Jackson,3
Houston,0009 GORDON CITY HALL,State Auditor,,REP,Andrew Sorrell,21
Houston,0009 GORDON CITY HALL,State Auditor,,REP,Derek Chen,9
Houston,0009 GORDON CITY HALL,State Senate,29,REP,Donnie Chesteen,28
Houston,0009 GORDON CITY HALL,State Senate,29,REP,Val Glasgow Paul,0
Houston,0009 GORDON CITY HALL,State Senate,29,REP,Zachary J. Hurst,3
Houston,0009 GORDON CITY HALL,State Treasurer,,REP,Steve Lolley,16
Houston,0009 GORDON CITY HALL,State Treasurer,,REP,Young Boozer,16
Houston,0009 GORDON CITY HALL,U.S. House,1,REP,Austin Sidwell,0
Houston,0009 GORDON CITY HALL,U.S. House,1,REP,James (Jimmy) Dees,4
Houston,0009 GORDON CITY HALL,U.S. House,1,REP,James Richardson,3
Houston,0009 GORDON CITY HALL,U.S. House,1,REP,Jerry Carl,1
Houston,0009 GORDON CITY HALL,U.S. House,1,REP,John Mills,0
Houston,0009 GORDON CITY HALL,U.S. House,1,REP,Joshua McKee,1
Houston,0009 GORDON CITY HALL,U.S. House,1,REP,Rhett Marques,18
Houston,0009 GORDON CITY HALL,U.S. Senate,,REP,Barry Moore,28
Houston,0009 GORDON CITY HALL,U.S. Senate,,REP,Dale Shelton Deas Jr.,0
Houston,0009 GORDON CITY HALL,U.S. Senate,,REP,Jared Hudson,2
Houston,0009 GORDON CITY HALL,U.S. Senate,,REP,Morgan Murphy,0
Houston,0009 GORDON CITY HALL,U.S. Senate,,REP,Rodney Walker,0
Houston,0009 GORDON CITY HALL,U.S. Senate,,REP,Seth Burton,1
Houston,0009 GORDON CITY HALL,U.S. Senate,,REP,Steve Marshall,1
Houston,0010 MEMPHIS BAPT CH,Proposed Statewide Amendment 1,,,No,57
Houston,0010 MEMPHIS BAPT CH,Proposed Statewide Amendment 1,,,Yes,512
Houston,0010 MEMPHIS BAPT CH,Proposed Statewide Amendment 2,,,No,228
Houston,0010 MEMPHIS BAPT CH,Proposed Statewide Amendment 2,,,Yes,325
Houston,0010 MEMPHIS BAPT CH,Governor,,DEM,"Chad ""Chig"" Martin",2
Houston,0010 MEMPHIS BAPT CH,Governor,,DEM,Doug Jones,48
Houston,0010 MEMPHIS BAPT CH,Governor,,DEM,Jamel J. Brown,9
Houston,0010 MEMPHIS BAPT CH,Governor,,DEM,"Nathan ""Nate"" Mathis",4
Houston,0010 MEMPHIS BAPT CH,Governor,,DEM,Will Boyd,6
Houston,0010 MEMPHIS BAPT CH,Governor,,DEM,Yolanda Rochelle Flowers,6
Houston,0010 MEMPHIS BAPT CH,Lieutenant Governor,,DEM,Darryl D. Perryman,37
Houston,0010 MEMPHIS BAPT CH,Lieutenant Governor,,DEM,Phillip Ensler,35
Houston,0010 MEMPHIS BAPT CH,"Public Service Commission, Place No. 1",,DEM,James O. Gordon,34
Houston,0010 MEMPHIS BAPT CH,"Public Service Commission, Place No. 1",,DEM,Jeff Ramsey,19
Houston,0010 MEMPHIS BAPT CH,"Public Service Commission, Place No. 1",,DEM,John Northrop,17
Houston,0010 MEMPHIS BAPT CH,U.S. Senate,,DEM,Dakarai Larriett,28
Houston,0010 MEMPHIS BAPT CH,U.S. Senate,,DEM,Everett Wess,19
Houston,0010 MEMPHIS BAPT CH,U.S. Senate,,DEM,Kyle Sweetser,9
Houston,0010 MEMPHIS BAPT CH,U.S. Senate,,DEM,Mark S. Wheeler II,14
Houston,0010 MEMPHIS BAPT CH,Attorney General,,REP,Jay Mitchell,146
Houston,0010 MEMPHIS BAPT CH,Attorney General,,REP,Katherine Robertson,228
Houston,0010 MEMPHIS BAPT CH,Attorney General,,REP,Pamela L. Casey,97
Houston,0010 MEMPHIS BAPT CH,"Chairman, Houston County Commission",,REP,Brandon Shoupe,236
Houston,0010 MEMPHIS BAPT CH,"Chairman, Houston County Commission",,REP,John Rogers,250
Houston,0010 MEMPHIS BAPT CH,Commissioner of Agriculture and Industries,,REP,Christina Woerner McInnis,123
Houston,0010 MEMPHIS BAPT CH,Commissioner of Agriculture and Industries,,REP,Cory Hill,181
Houston,0010 MEMPHIS BAPT CH,Commissioner of Agriculture and Industries,,REP,Jack Williams,126
Houston,0010 MEMPHIS BAPT CH,Governor,,REP,"""Alabama"" Will Santivasci",13
Houston,0010 MEMPHIS BAPT CH,Governor,,REP,Ken McFeeters,26
Houston,0010 MEMPHIS BAPT CH,Governor,,REP,Thomas Tuberville,459
Houston,0010 MEMPHIS BAPT CH,Houston County Coroner,,REP,Kendall Glover,451
Houston,0010 MEMPHIS BAPT CH,Houston County Coroner,,REP,Tony Diaz,44
Houston,0010 MEMPHIS BAPT CH,Houston County Revenue Commissioner,,REP,Greg Holland,292
Houston,0010 MEMPHIS BAPT CH,Houston County Revenue Commissioner,,REP,Richard Talley,194
Houston,0010 MEMPHIS BAPT CH,Lieutenant Governor,,REP,George Childress,12
Houston,0010 MEMPHIS BAPT CH,Lieutenant Governor,,REP,John Wahl,209
Houston,0010 MEMPHIS BAPT CH,Lieutenant Governor,,REP,Nicole Jones Wadsworth,13
Houston,0010 MEMPHIS BAPT CH,Lieutenant Governor,,REP,Pat Bishop,10
Houston,0010 MEMPHIS BAPT CH,Lieutenant Governor,,REP,Rick Pate,32
Houston,0010 MEMPHIS BAPT CH,Lieutenant Governor,,REP,Stewart Hill Tankersley,3
Houston,0010 MEMPHIS BAPT CH,Lieutenant Governor,,REP,Wes Allen,197
Houston,0010 MEMPHIS BAPT CH,"Member, Houston County Board of Education, District No. 2",,REP,Jessica L. Granger,29
Houston,0010 MEMPHIS BAPT CH,"Member, Houston County Board of Education, District No. 2",,REP,Ricky Moore,59
Houston,0010 MEMPHIS BAPT CH,"Member, Houston County Board of Education, District No. 2",,REP,Scott Long,112
Houston,0010 MEMPHIS BAPT CH,"Member, Houston County Commission, District No. 3",,REP,Ashley E. Enfinger,267
Houston,0010 MEMPHIS BAPT CH,"Member, Houston County Commission, District No. 3",,REP,Taylor Knight,213
Houston,0010 MEMPHIS BAPT CH,"Public Service Commission, Place No. 1",,REP,Jeremy H. Oden,69
Houston,0010 MEMPHIS BAPT CH,"Public Service Commission, Place No. 1",,REP,Matt Gentry,342
Houston,0010 MEMPHIS BAPT CH,"Public Service Commission, Place No. 2",,REP,Brent Woodall,99
Houston,0010 MEMPHIS BAPT CH,"Public Service Commission, Place No. 2",,REP,Chris Beeker,69
Houston,0010 MEMPHIS BAPT CH,"Public Service Commission, Place No. 2",,REP,Jim Zig Zeigler,197
Houston,0010 MEMPHIS BAPT CH,"Public Service Commission, Place No. 2",,REP,Priscilla Andrews,78
Houston,0010 MEMPHIS BAPT CH,Secretary of State,,REP,Caroleene Dobson,262
Houston,0010 MEMPHIS BAPT CH,Secretary of State,,REP,Christopher Christian Horn,107
Houston,0010 MEMPHIS BAPT CH,Secretary of State,,REP,Glenda S. Jackson,51
Houston,0010 MEMPHIS BAPT CH,State Auditor,,REP,Andrew Sorrell,356
Houston,0010 MEMPHIS BAPT CH,State Auditor,,REP,Derek Chen,85
Houston,0010 MEMPHIS BAPT CH,State Senate,29,REP,Donnie Chesteen,410
Houston,0010 MEMPHIS BAPT CH,State Senate,29,REP,Val Glasgow Paul,12
Houston,0010 MEMPHIS BAPT CH,State Senate,29,REP,Zachary J. Hurst,57
Houston,0010 MEMPHIS BAPT CH,State Treasurer,,REP,Steve Lolley,143
Houston,0010 MEMPHIS BAPT CH,State Treasurer,,REP,Young Boozer,318
Houston,0010 MEMPHIS BAPT CH,U.S. House,1,REP,Austin Sidwell,17
Houston,0010 MEMPHIS BAPT CH,U.S. House,1,REP,James (Jimmy) Dees,25
Houston,0010 MEMPHIS BAPT CH,U.S. House,1,REP,James Richardson,17
Houston,0010 MEMPHIS BAPT CH,U.S. House,1,REP,Jerry Carl,61
Houston,0010 MEMPHIS BAPT CH,U.S. House,1,REP,John Mills,19
Houston,0010 MEMPHIS BAPT CH,U.S. House,1,REP,Joshua McKee,56
Houston,0010 MEMPHIS BAPT CH,U.S. House,1,REP,Rhett Marques,253
Houston,0010 MEMPHIS BAPT CH,U.S. Senate,,REP,Barry Moore,365
Houston,0010 MEMPHIS BAPT CH,U.S. Senate,,REP,Dale Shelton Deas Jr.,2
Houston,0010 MEMPHIS BAPT CH,U.S. Senate,,REP,Jared Hudson,55
Houston,0010 MEMPHIS BAPT CH,U.S. Senate,,REP,Morgan Murphy,2
Houston,0010 MEMPHIS BAPT CH,U.S. Senate,,REP,Rodney Walker,5
Houston,0010 MEMPHIS BAPT CH,U.S. Senate,,REP,Seth Burton,5
Houston,0010 MEMPHIS BAPT CH,U.S. Senate,,REP,Steve Marshall,56
Houston,0011 WALTON PARK,Proposed Statewide Amendment 1,,,No,125
Houston,0011 WALTON PARK,Proposed Statewide Amendment 1,,,Yes,505
Houston,0011 WALTON PARK,Proposed Statewide Amendment 2,,,No,222
Houston,0011 WALTON PARK,Proposed Statewide Amendment 2,,,Yes,402
Houston,0011 WALTON PARK,Governor,,DEM,"Chad ""Chig"" Martin",9
Houston,0011 WALTON PARK,Governor,,DEM,Doug Jones,371
Houston,0011 WALTON PARK,Governor,,DEM,Jamel J. Brown,79
Houston,0011 WALTON PARK,Governor,,DEM,"Nathan ""Nate"" Mathis",37
Houston,0011 WALTON PARK,Governor,,DEM,Will Boyd,56
Houston,0011 WALTON PARK,Governor,,DEM,Yolanda Rochelle Flowers,42
Houston,0011 WALTON PARK,Lieutenant Governor,,DEM,Darryl D. Perryman,285
Houston,0011 WALTON PARK,Lieutenant Governor,,DEM,Phillip Ensler,252
Houston,0011 WALTON PARK,"Member, Houston County Commission, District No. 1",,DEM,Unverified Candidate 1,258
Houston,0011 WALTON PARK,"Member, Houston County Commission, District No. 1",,DEM,Unverified Candidate 2,345
Houston,0011 WALTON PARK,"Public Service Commission, Place No. 1",,DEM,James O. Gordon,313
Houston,0011 WALTON PARK,"Public Service Commission, Place No. 1",,DEM,Jeff Ramsey,143
Houston,0011 WALTON PARK,"Public Service Commission, Place No. 1",,DEM,John Northrop,71
Houston,0011 WALTON PARK,State Democratic Executive Committee,,DEM,Earl Jones,332
Houston,0011 WALTON PARK,State Democratic Executive Committee,,DEM,Larry E Matthews,259
Houston,0011 WALTON PARK,State Democratic Executive Committee,,DEM,Letetia Daniels Jackson,467
Houston,0011 WALTON PARK,State Democratic Executive Committee,,DEM,Sherri Johnson,117
Houston,0011 WALTON PARK,U.S. Senate,,DEM,Dakarai Larriett,183
Houston,0011 WALTON PARK,U.S. Senate,,DEM,Everett Wess,173
Houston,0011 WALTON PARK,U.S. Senate,,DEM,Kyle Sweetser,60
Houston,0011 WALTON PARK,U.S. Senate,,DEM,Mark S. Wheeler II,118
Houston,0011 WALTON PARK,Attorney General,,REP,Jay Mitchell,20
Houston,0011 WALTON PARK,Attorney General,,REP,Katherine Robertson,15
Houston,0011 WALTON PARK,Attorney General,,REP,Pamela L. Casey,15
Houston,0011 WALTON PARK,"Chairman, Houston County Commission",,REP,Brandon Shoupe,27
Houston,0011 WALTON PARK,"Chairman, Houston County Commission",,REP,John Rogers,24
Houston,0011 WALTON PARK,Commissioner of Agriculture and Industries,,REP,Christina Woerner McInnis,19
Houston,0011 WALTON PARK,Commissioner of Agriculture and Industries,,REP,Cory Hill,16
Houston,0011 WALTON PARK,Commissioner of Agriculture and Industries,,REP,Jack Williams,10
Houston,0011 WALTON PARK,Governor,,REP,"""Alabama"" Will Santivasci",6
Houston,0011 WALTON PARK,Governor,,REP,Ken McFeeters,5
Houston,0011 WALTON PARK,Governor,,REP,Thomas Tuberville,42
Houston,0011 WALTON PARK,Houston County Coroner,,REP,Kendall Glover,39
Houston,0011 WALTON PARK,Houston County Coroner,,REP,Tony Diaz,12
Houston,0011 WALTON PARK,Houston County Revenue Commissioner,,REP,Greg Holland,20
Houston,0011 WALTON PARK,Houston County Revenue Commissioner,,REP,Richard Talley,29
Houston,0011 WALTON PARK,Lieutenant Governor,,REP,George Childress,2
Houston,0011 WALTON PARK,Lieutenant Governor,,REP,John Wahl,22
Houston,0011 WALTON PARK,Lieutenant Governor,,REP,Nicole Jones Wadsworth,10
Houston,0011 WALTON PARK,Lieutenant Governor,,REP,Pat Bishop,2
Houston,0011 WALTON PARK,Lieutenant Governor,,REP,Rick Pate,1
Houston,0011 WALTON PARK,Lieutenant Governor,,REP,Stewart Hill Tankersley,3
Houston,0011 WALTON PARK,Lieutenant Governor,,REP,Wes Allen,12
Houston,0011 WALTON PARK,"Member, Houston County Commission, District No. 1",,REP,Bobby Lewis,25
Houston,0011 WALTON PARK,"Member, Houston County Commission, District No. 1",,REP,Jeffery A. Williams,24
Houston,0011 WALTON PARK,"Public Service Commission, Place No. 1",,REP,Jeremy H. Oden,10
Houston,0011 WALTON PARK,"Public Service Commission, Place No. 1",,REP,Matt Gentry,32
Houston,0011 WALTON PARK,"Public Service Commission, Place No. 2",,REP,Brent Woodall,13
Houston,0011 WALTON PARK,"Public Service Commission, Place No. 2",,REP,Chris Beeker,9
Houston,0011 WALTON PARK,"Public Service Commission, Place No. 2",,REP,Jim Zig Zeigler,13
Houston,0011 WALTON PARK,"Public Service Commission, Place No. 2",,REP,Priscilla Andrews,11
Houston,0011 WALTON PARK,Secretary of State,,REP,Caroleene Dobson,19
Houston,0011 WALTON PARK,Secretary of State,,REP,Christopher Christian Horn,17
Houston,0011 WALTON PARK,Secretary of State,,REP,Glenda S. Jackson,8
Houston,0011 WALTON PARK,State Auditor,,REP,Andrew Sorrell,38
Houston,0011 WALTON PARK,State Auditor,,REP,Derek Chen,11
Houston,0011 WALTON PARK,State House,,REP,David Money,29
Houston,0011 WALTON PARK,State House,,REP,Rick Rehm,24
Houston,0011 WALTON PARK,State Treasurer,,REP,Steve Lolley,20
Houston,0011 WALTON PARK,State Treasurer,,REP,Young Boozer,26
Houston,0011 WALTON PARK,U.S. House,1,REP,Austin Sidwell,2
Houston,0011 WALTON PARK,U.S. House,1,REP,James (Jimmy) Dees,1
Houston,0011 WALTON PARK,U.S. House,1,REP,James Richardson,3
Houston,0011 WALTON PARK,U.S. House,1,REP,Jerry Carl,17
Houston,0011 WALTON PARK,U.S. House,1,REP,John Mills,2
Houston,0011 WALTON PARK,U.S. House,1,REP,Joshua McKee,4
Houston,0011 WALTON PARK,U.S. House,1,REP,Rhett Marques,19
Houston,0011 WALTON PARK,U.S. Senate,,REP,Barry Moore,36
Houston,0011 WALTON PARK,U.S. Senate,,REP,Dale Shelton Deas Jr.,0
Houston,0011 WALTON PARK,U.S. Senate,,REP,Jared Hudson,8
Houston,0011 WALTON PARK,U.S. Senate,,REP,Morgan Murphy,2
Houston,0011 WALTON PARK,U.S. Senate,,REP,Rodney Walker,0
Houston,0011 WALTON PARK,U.S. Senate,,REP,Seth Burton,5
Houston,0011 WALTON PARK,U.S. Senate,,REP,Steve Marshall,2
Houston,0012 KINSEY SR CTR,Proposed Statewide Amendment 1,,,No,73
Houston,0012 KINSEY SR CTR,Proposed Statewide Amendment 1,,,Yes,484
Houston,0012 KINSEY SR CTR,Proposed Statewide Amendment 2,,,No,191
Houston,0012 KINSEY SR CTR,Proposed Statewide Amendment 2,,,Yes,346
Houston,0012 KINSEY SR CTR,Governor,,DEM,"Chad ""Chig"" Martin",12
Houston,0012 KINSEY SR CTR,Governor,,DEM,Doug Jones,119
Houston,0012 KINSEY SR CTR,Governor,,DEM,Jamel J. Brown,27
Houston,0012 KINSEY SR CTR,Governor,,DEM,"Nathan ""Nate"" Mathis",8
Houston,0012 KINSEY SR CTR,Governor,,DEM,Will Boyd,35
Houston,0012 KINSEY SR CTR,Governor,,DEM,Yolanda Rochelle Flowers,19
Houston,0012 KINSEY SR CTR,Lieutenant Governor,,DEM,Darryl D. Perryman,109
Houston,0012 KINSEY SR CTR,Lieutenant Governor,,DEM,Phillip Ensler,92
Houston,0012 KINSEY SR CTR,"Member, Houston County Commission, District No. 1",,DEM,Unverified Candidate 1,93
Houston,0012 KINSEY SR CTR,"Member, Houston County Commission, District No. 1",,DEM,Unverified Candidate 2,129
Houston,0012 KINSEY SR CTR,"Public Service Commission, Place No. 1",,DEM,James O. Gordon,90
Houston,0012 KINSEY SR CTR,"Public Service Commission, Place No. 1",,DEM,Jeff Ramsey,69
Houston,0012 KINSEY SR CTR,"Public Service Commission, Place No. 1",,DEM,John Northrop,40
Houston,0012 KINSEY SR CTR,State Democratic Executive Committee,,DEM,Earl Jones,128
Houston,0012 KINSEY SR CTR,State Democratic Executive Committee,,DEM,Larry E Matthews,87
Houston,0012 KINSEY SR CTR,State Democratic Executive Committee,,DEM,Letetia Daniels Jackson,191
Houston,0012 KINSEY SR CTR,State Democratic Executive Committee,,DEM,Sherri Johnson,32
Houston,0012 KINSEY SR CTR,U.S. Senate,,DEM,Dakarai Larriett,91
Houston,0012 KINSEY SR CTR,U.S. Senate,,DEM,Everett Wess,53
Houston,0012 KINSEY SR CTR,U.S. Senate,,DEM,Kyle Sweetser,28
Houston,0012 KINSEY SR CTR,U.S. Senate,,DEM,Mark S. Wheeler II,29
Houston,0012 KINSEY SR CTR,Attorney General,,REP,Jay Mitchell,89
Houston,0012 KINSEY SR CTR,Attorney General,,REP,Katherine Robertson,152
Houston,0012 KINSEY SR CTR,Attorney General,,REP,Pamela L. Casey,68
Houston,0012 KINSEY SR CTR,"Chairman, Houston County Commission",,REP,Brandon Shoupe,169
Houston,0012 KINSEY SR CTR,"Chairman, Houston County Commission",,REP,John Rogers,154
Houston,0012 KINSEY SR CTR,Commissioner of Agriculture and Industries,,REP,Christina Woerner McInnis,111
Houston,0012 KINSEY SR CTR,Commissioner of Agriculture and Industries,,REP,Cory Hill,115
Houston,0012 KINSEY SR CTR,Commissioner of Agriculture and Industries,,REP,Jack Williams,69
Houston,0012 KINSEY SR CTR,Governor,,REP,"""Alabama"" Will Santivasci",4
Houston,0012 KINSEY SR CTR,Governor,,REP,Ken McFeeters,21
Houston,0012 KINSEY SR CTR,Governor,,REP,Thomas Tuberville,312
Houston,0012 KINSEY SR CTR,Houston County Coroner,,REP,Kendall Glover,284
Houston,0012 KINSEY SR CTR,Houston County Coroner,,REP,Tony Diaz,40
Houston,0012 KINSEY SR CTR,Houston County Revenue Commissioner,,REP,Greg Holland,220
Houston,0012 KINSEY SR CTR,Houston County Revenue Commissioner,,REP,Richard Talley,93
Houston,0012 KINSEY SR CTR,Lieutenant Governor,,REP,George Childress,3
Houston,0012 KINSEY SR CTR,Lieutenant Governor,,REP,John Wahl,148
Houston,0012 KINSEY SR CTR,Lieutenant Governor,,REP,Nicole Jones Wadsworth,10
Houston,0012 KINSEY SR CTR,Lieutenant Governor,,REP,Pat Bishop,6
Houston,0012 KINSEY SR CTR,Lieutenant Governor,,REP,Rick Pate,22
Houston,0012 KINSEY SR CTR,Lieutenant Governor,,REP,Stewart Hill Tankersley,5
Houston,0012 KINSEY SR CTR,Lieutenant Governor,,REP,Wes Allen,129
Houston,0012 KINSEY SR CTR,"Member, Houston County Commission, District No. 1",,REP,Bobby Lewis,139
Houston,0012 KINSEY SR CTR,"Member, Houston County Commission, District No. 1",,REP,Jeffery A. Williams,171
Houston,0012 KINSEY SR CTR,"Public Service Commission, Place No. 1",,REP,Jeremy H. Oden,61
Houston,0012 KINSEY SR CTR,"Public Service Commission, Place No. 1",,REP,Matt Gentry,222
Houston,0012 KINSEY SR CTR,"Public Service Commission, Place No. 2",,REP,Brent Woodall,67
Houston,0012 KINSEY SR CTR,"Public Service Commission, Place No. 2",,REP,Chris Beeker,45
Houston,0012 KINSEY SR CTR,"Public Service Commission, Place No. 2",,REP,Jim Zig Zeigler,141
Houston,0012 KINSEY SR CTR,"Public Service Commission, Place No. 2",,REP,Priscilla Andrews,48
Houston,0012 KINSEY SR CTR,Secretary of State,,REP,Caroleene Dobson,192
Houston,0012 KINSEY SR CTR,Secretary of State,,REP,Christopher Christian Horn,67
Houston,0012 KINSEY SR CTR,Secretary of State,,REP,Glenda S. Jackson,34
Houston,0012 KINSEY SR CTR,State Auditor,,REP,Andrew Sorrell,246
Houston,0012 KINSEY SR CTR,State Auditor,,REP,Derek Chen,57
Houston,0012 KINSEY SR CTR,State House,,REP,David Money,172
Houston,0012 KINSEY SR CTR,State House,,REP,Rick Rehm,159
Houston,0012 KINSEY SR CTR,State Treasurer,,REP,Steve Lolley,119
Houston,0012 KINSEY SR CTR,State Treasurer,,REP,Young Boozer,188
Houston,0012 KINSEY SR CTR,U.S. House,1,REP,Austin Sidwell,11
Houston,0012 KINSEY SR CTR,U.S. House,1,REP,James (Jimmy) Dees,9
Houston,0012 KINSEY SR CTR,U.S. House,1,REP,James Richardson,29
Houston,0012 KINSEY SR CTR,U.S. House,1,REP,Jerry Carl,38
Houston,0012 KINSEY SR CTR,U.S. House,1,REP,John Mills,5
Houston,0012 KINSEY SR CTR,U.S. House,1,REP,Joshua McKee,28
Houston,0012 KINSEY SR CTR,U.S. House,1,REP,Rhett Marques,181
Houston,0012 KINSEY SR CTR,U.S. Senate,,REP,Barry Moore,237
Houston,0012 KINSEY SR CTR,U.S. Senate,,REP,Dale Shelton Deas Jr.,3
Houston,0012 KINSEY SR CTR,U.S. Senate,,REP,Jared Hudson,42
Houston,0012 KINSEY SR CTR,U.S. Senate,,REP,Morgan Murphy,1
Houston,0012 KINSEY SR CTR,U.S. Senate,,REP,Rodney Walker,7
Houston,0012 KINSEY SR CTR,U.S. Senate,,REP,Seth Burton,6
Houston,0012 KINSEY SR CTR,U.S. Senate,,REP,Steve Marshall,36
Houston,0013 DOTHAN CIVIC CTR,Proposed Statewide Amendment 1,,,No,92
Houston,0013 DOTHAN CIVIC CTR,Proposed Statewide Amendment 1,,,Yes,546
Houston,0013 DOTHAN CIVIC CTR,Proposed Statewide Amendment 2,,,No,234
Houston,0013 DOTHAN CIVIC CTR,Proposed Statewide Amendment 2,,,Yes,392
Houston,0013 DOTHAN CIVIC CTR,Governor,,DEM,"Chad ""Chig"" Martin",7
Houston,0013 DOTHAN CIVIC CTR,Governor,,DEM,Doug Jones,160
Houston,0013 DOTHAN CIVIC CTR,Governor,,DEM,Jamel J. Brown,21
Houston,0013 DOTHAN CIVIC CTR,Governor,,DEM,"Nathan ""Nate"" Mathis",2
Houston,0013 DOTHAN CIVIC CTR,Governor,,DEM,Will Boyd,23
Houston,0013 DOTHAN CIVIC CTR,Governor,,DEM,Yolanda Rochelle Flowers,27
Houston,0013 DOTHAN CIVIC CTR,Lieutenant Governor,,DEM,Darryl D. Perryman,106
Houston,0013 DOTHAN CIVIC CTR,Lieutenant Governor,,DEM,Phillip Ensler,112
Houston,0013 DOTHAN CIVIC CTR,"Member, Houston County Commission, District No. 1",,DEM,Unverified Candidate 1,45
Houston,0013 DOTHAN CIVIC CTR,"Member, Houston County Commission, District No. 1",,DEM,Unverified Candidate 2,100
Houston,0013 DOTHAN CIVIC CTR,"Public Service Commission, Place No. 1",,DEM,James O. Gordon,93
Houston,0013 DOTHAN CIVIC CTR,"Public Service Commission, Place No. 1",,DEM,Jeff Ramsey,77
Houston,0013 DOTHAN CIVIC CTR,"Public Service Commission, Place No. 1",,DEM,John Northrop,45
Houston,0013 DOTHAN CIVIC CTR,State Democratic Executive Committee,,DEM,Earl Jones,125
Houston,0013 DOTHAN CIVIC CTR,State Democratic Executive Committee,,DEM,Larry E Matthews,105
Houston,0013 DOTHAN CIVIC CTR,State Democratic Executive Committee,,DEM,Letetia Daniels Jackson,190
Houston,0013 DOTHAN CIVIC CTR,State Democratic Executive Committee,,DEM,Sherri Johnson,43
Houston,0013 DOTHAN CIVIC CTR,U.S. Senate,,DEM,Dakarai Larriett,66
Houston,0013 DOTHAN CIVIC CTR,U.S. Senate,,DEM,Everett Wess,73
Houston,0013 DOTHAN CIVIC CTR,U.S. Senate,,DEM,Kyle Sweetser,34
Houston,0013 DOTHAN CIVIC CTR,U.S. Senate,,DEM,Mark S. Wheeler II,49
Houston,0013 DOTHAN CIVIC CTR,Attorney General,,REP,Jay Mitchell,127
Houston,0013 DOTHAN CIVIC CTR,Attorney General,,REP,Katherine Robertson,223
Houston,0013 DOTHAN CIVIC CTR,Attorney General,,REP,Pamela L. Casey,55
Houston,0013 DOTHAN CIVIC CTR,"Chairman, Houston County Commission",,REP,Brandon Shoupe,283
Houston,0013 DOTHAN CIVIC CTR,"Chairman, Houston County Commission",,REP,John Rogers,118
Houston,0013 DOTHAN CIVIC CTR,Commissioner of Agriculture and Industries,,REP,Christina Woerner McInnis,126
Houston,0013 DOTHAN CIVIC CTR,Commissioner of Agriculture and Industries,,REP,Cory Hill,130
Houston,0013 DOTHAN CIVIC CTR,Commissioner of Agriculture and Industries,,REP,Jack Williams,101
Houston,0013 DOTHAN CIVIC CTR,Governor,,REP,"""Alabama"" Will Santivasci",19
Houston,0013 DOTHAN CIVIC CTR,Governor,,REP,Ken McFeeters,28
Houston,0013 DOTHAN CIVIC CTR,Governor,,REP,Thomas Tuberville,370
Houston,0013 DOTHAN CIVIC CTR,Houston County Coroner,,REP,Kendall Glover,381
Houston,0013 DOTHAN CIVIC CTR,Houston County Coroner,,REP,Tony Diaz,37
Houston,0013 DOTHAN CIVIC CTR,Houston County Revenue Commissioner,,REP,Greg Holland,286
Houston,0013 DOTHAN CIVIC CTR,Houston County Revenue Commissioner,,REP,Richard Talley,101
Houston,0013 DOTHAN CIVIC CTR,Lieutenant Governor,,REP,George Childress,4
Houston,0013 DOTHAN CIVIC CTR,Lieutenant Governor,,REP,John Wahl,117
Houston,0013 DOTHAN CIVIC CTR,Lieutenant Governor,,REP,Nicole Jones Wadsworth,27
Houston,0013 DOTHAN CIVIC CTR,Lieutenant Governor,,REP,Pat Bishop,12
Houston,0013 DOTHAN CIVIC CTR,Lieutenant Governor,,REP,Rick Pate,34
Houston,0013 DOTHAN CIVIC CTR,Lieutenant Governor,,REP,Stewart Hill Tankersley,11
Houston,0013 DOTHAN CIVIC CTR,Lieutenant Governor,,REP,Wes Allen,198
Houston,0013 DOTHAN CIVIC CTR,"Member, Houston County Commission, District No. 1",,REP,Bobby Lewis,20
Houston,0013 DOTHAN CIVIC CTR,"Member, Houston County Commission, District No. 1",,REP,Jeffery A. Williams,9
Houston,0013 DOTHAN CIVIC CTR,"Public Service Commission, Place No. 1",,REP,Jeremy H. Oden,73
Houston,0013 DOTHAN CIVIC CTR,"Public Service Commission, Place No. 1",,REP,Matt Gentry,255
Houston,0013 DOTHAN CIVIC CTR,"Public Service Commission, Place No. 2",,REP,Brent Woodall,63
Houston,0013 DOTHAN CIVIC CTR,"Public Service Commission, Place No. 2",,REP,Chris Beeker,77
Houston,0013 DOTHAN CIVIC CTR,"Public Service Commission, Place No. 2",,REP,Jim Zig Zeigler,155
Houston,0013 DOTHAN CIVIC CTR,"Public Service Commission, Place No. 2",,REP,Priscilla Andrews,57
Houston,0013 DOTHAN CIVIC CTR,Secretary of State,,REP,Caroleene Dobson,246
Houston,0013 DOTHAN CIVIC CTR,Secretary of State,,REP,Christopher Christian Horn,74
Houston,0013 DOTHAN CIVIC CTR,Secretary of State,,REP,Glenda S. Jackson,39
Houston,0013 DOTHAN CIVIC CTR,State Auditor,,REP,Andrew Sorrell,266
Houston,0013 DOTHAN CIVIC CTR,State Auditor,,REP,Derek Chen,109
Houston,0013 DOTHAN CIVIC CTR,State House,,REP,David Money,242
Houston,0013 DOTHAN CIVIC CTR,State House,,REP,Rick Rehm,168
Houston,0013 DOTHAN CIVIC CTR,State Treasurer,,REP,Steve Lolley,86
Houston,0013 DOTHAN CIVIC CTR,State Treasurer,,REP,Young Boozer,298
Houston,0013 DOTHAN CIVIC CTR,U.S. House,1,REP,Austin Sidwell,9
Houston,0013 DOTHAN CIVIC CTR,U.S. House,1,REP,James (Jimmy) Dees,13
Houston,0013 DOTHAN CIVIC CTR,U.S. House,1,REP,James Richardson,16
Houston,0013 DOTHAN CIVIC CTR,U.S. House,1,REP,Jerry Carl,32
Houston,0013 DOTHAN CIVIC CTR,U.S. House,1,REP,John Mills,9
Houston,0013 DOTHAN CIVIC CTR,U.S. House,1,REP,Joshua McKee,37
Houston,0013 DOTHAN CIVIC CTR,U.S. House,1,REP,Rhett Marques,256
Houston,0013 DOTHAN CIVIC CTR,U.S. Senate,,REP,Barry Moore,262
Houston,0013 DOTHAN CIVIC CTR,U.S. Senate,,REP,Dale Shelton Deas Jr.,7
Houston,0013 DOTHAN CIVIC CTR,U.S. Senate,,REP,Jared Hudson,75
Houston,0013 DOTHAN CIVIC CTR,U.S. Senate,,REP,Morgan Murphy,1
Houston,0013 DOTHAN CIVIC CTR,U.S. Senate,,REP,Rodney Walker,5
Houston,0013 DOTHAN CIVIC CTR,U.S. Senate,,REP,Seth Burton,9
Houston,0013 DOTHAN CIVIC CTR,U.S. Senate,,REP,Steve Marshall,59
Houston,0014 ANDREW BELLE COMM CTR,Proposed Statewide Amendment 1,,,No,42
Houston,0014 ANDREW BELLE COMM CTR,Proposed Statewide Amendment 1,,,Yes,180
Houston,0014 ANDREW BELLE COMM CTR,Proposed Statewide Amendment 2,,,No,92
Houston,0014 ANDREW BELLE COMM CTR,Proposed Statewide Amendment 2,,,Yes,125
Houston,0014 ANDREW BELLE COMM CTR,Governor,,DEM,"Chad ""Chig"" Martin",2
Houston,0014 ANDREW BELLE COMM CTR,Governor,,DEM,Doug Jones,93
Houston,0014 ANDREW BELLE COMM CTR,Governor,,DEM,Jamel J. Brown,15
Houston,0014 ANDREW BELLE COMM CTR,Governor,,DEM,"Nathan ""Nate"" Mathis",8
Houston,0014 ANDREW BELLE COMM CTR,Governor,,DEM,Will Boyd,11
Houston,0014 ANDREW BELLE COMM CTR,Governor,,DEM,Yolanda Rochelle Flowers,16
Houston,0014 ANDREW BELLE COMM CTR,Lieutenant Governor,,DEM,Darryl D. Perryman,72
Houston,0014 ANDREW BELLE COMM CTR,Lieutenant Governor,,DEM,Phillip Ensler,55
Houston,0014 ANDREW BELLE COMM CTR,"Member, Houston County Commission, District No. 1",,DEM,Unverified Candidate 1,66
Houston,0014 ANDREW BELLE COMM CTR,"Member, Houston County Commission, District No. 1",,DEM,Unverified Candidate 2,81
Houston,0014 ANDREW BELLE COMM CTR,"Public Service Commission, Place No. 1",,DEM,James O. Gordon,67
Houston,0014 ANDREW BELLE COMM CTR,"Public Service Commission, Place No. 1",,DEM,Jeff Ramsey,44
Houston,0014 ANDREW BELLE COMM CTR,"Public Service Commission, Place No. 1",,DEM,John Northrop,19
Houston,0014 ANDREW BELLE COMM CTR,State Democratic Executive Committee,,DEM,Earl Jones,77
Houston,0014 ANDREW BELLE COMM CTR,State Democratic Executive Committee,,DEM,Larry E Matthews,65
Houston,0014 ANDREW BELLE COMM CTR,State Democratic Executive Committee,,DEM,Letetia Daniels Jackson,126
Houston,0014 ANDREW BELLE COMM CTR,State Democratic Executive Committee,,DEM,Sherri Johnson,16
Houston,0014 ANDREW BELLE COMM CTR,U.S. Senate,,DEM,Dakarai Larriett,42
Houston,0014 ANDREW BELLE COMM CTR,U.S. Senate,,DEM,Everett Wess,44
Houston,0014 ANDREW BELLE COMM CTR,U.S. Senate,,DEM,Kyle Sweetser,15
Houston,0014 ANDREW BELLE COMM CTR,U.S. Senate,,DEM,Mark S. Wheeler II,28
Houston,0014 ANDREW BELLE COMM CTR,Attorney General,,REP,Jay Mitchell,21
Houston,0014 ANDREW BELLE COMM CTR,Attorney General,,REP,Katherine Robertson,40
Houston,0014 ANDREW BELLE COMM CTR,Attorney General,,REP,Pamela L. Casey,26
Houston,0014 ANDREW BELLE COMM CTR,"Chairman, Houston County Commission",,REP,Brandon Shoupe,50
Houston,0014 ANDREW BELLE COMM CTR,"Chairman, Houston County Commission",,REP,John Rogers,36
Houston,0014 ANDREW BELLE COMM CTR,Commissioner of Agriculture and Industries,,REP,Christina Woerner McInnis,29
Houston,0014 ANDREW BELLE COMM CTR,Commissioner of Agriculture and Industries,,REP,Cory Hill,33
Houston,0014 ANDREW BELLE COMM CTR,Commissioner of Agriculture and Industries,,REP,Jack Williams,20
Houston,0014 ANDREW BELLE COMM CTR,Governor,,REP,"""Alabama"" Will Santivasci",5
Houston,0014 ANDREW BELLE COMM CTR,Governor,,REP,Ken McFeeters,8
Houston,0014 ANDREW BELLE COMM CTR,Governor,,REP,Thomas Tuberville,75
Houston,0014 ANDREW BELLE COMM CTR,Houston County Coroner,,REP,Kendall Glover,67
Houston,0014 ANDREW BELLE COMM CTR,Houston County Coroner,,REP,Tony Diaz,18
Houston,0014 ANDREW BELLE COMM CTR,Houston County Revenue Commissioner,,REP,Greg Holland,56
Houston,0014 ANDREW BELLE COMM CTR,Houston County Revenue Commissioner,,REP,Richard Talley,25
Houston,0014 ANDREW BELLE COMM CTR,Lieutenant Governor,,REP,George Childress,1
Houston,0014 ANDREW BELLE COMM CTR,Lieutenant Governor,,REP,John Wahl,34
Houston,0014 ANDREW BELLE COMM CTR,Lieutenant Governor,,REP,Nicole Jones Wadsworth,5
Houston,0014 ANDREW BELLE COMM CTR,Lieutenant Governor,,REP,Pat Bishop,5
Houston,0014 ANDREW BELLE COMM CTR,Lieutenant Governor,,REP,Rick Pate,13
Houston,0014 ANDREW BELLE COMM CTR,Lieutenant Governor,,REP,Stewart Hill Tankersley,0
Houston,0014 ANDREW BELLE COMM CTR,Lieutenant Governor,,REP,Wes Allen,29
Houston,0014 ANDREW BELLE COMM CTR,"Member, Houston County Commission, District No. 1",,REP,Bobby Lewis,36
Houston,0014 ANDREW BELLE COMM CTR,"Member, Houston County Commission, District No. 1",,REP,Jeffery A. Williams,45
Houston,0014 ANDREW BELLE COMM CTR,"Public Service Commission, Place No. 1",,REP,Jeremy H. Oden,18
Houston,0014 ANDREW BELLE COMM CTR,"Public Service Commission, Place No. 1",,REP,Matt Gentry,62
Houston,0014 ANDREW BELLE COMM CTR,"Public Service Commission, Place No. 2",,REP,Brent Woodall,19
Houston,0014 ANDREW BELLE COMM CTR,"Public Service Commission, Place No. 2",,REP,Chris Beeker,13
Houston,0014 ANDREW BELLE COMM CTR,"Public Service Commission, Place No. 2",,REP,Jim Zig Zeigler,35
Houston,0014 ANDREW BELLE COMM CTR,"Public Service Commission, Place No. 2",,REP,Priscilla Andrews,14
Houston,0014 ANDREW BELLE COMM CTR,Secretary of State,,REP,Caroleene Dobson,54
Houston,0014 ANDREW BELLE COMM CTR,Secretary of State,,REP,Christopher Christian Horn,24
Houston,0014 ANDREW BELLE COMM CTR,Secretary of State,,REP,Glenda S. Jackson,6
Houston,0014 ANDREW BELLE COMM CTR,State Auditor,,REP,Andrew Sorrell,55
Houston,0014 ANDREW BELLE COMM CTR,State Auditor,,REP,Derek Chen,27
Houston,0014 ANDREW BELLE COMM CTR,State House,,REP,David Money,48
Houston,0014 ANDREW BELLE COMM CTR,State House,,REP,Rick Rehm,38
Houston,0014 ANDREW BELLE COMM CTR,State Treasurer,,REP,Steve Lolley,25
Houston,0014 ANDREW BELLE COMM CTR,State Treasurer,,REP,Young Boozer,57
Houston,0014 ANDREW BELLE COMM CTR,U.S. House,1,REP,Austin Sidwell,2
Houston,0014 ANDREW BELLE COMM CTR,U.S. House,1,REP,James (Jimmy) Dees,2
Houston,0014 ANDREW BELLE COMM CTR,U.S. House,1,REP,James Richardson,7
Houston,0014 ANDREW BELLE COMM CTR,U.S. House,1,REP,Jerry Carl,10
Houston,0014 ANDREW BELLE COMM CTR,U.S. House,1,REP,John Mills,6
Houston,0014 ANDREW BELLE COMM CTR,U.S. House,1,REP,Joshua McKee,6
Houston,0014 ANDREW BELLE COMM CTR,U.S. House,1,REP,Rhett Marques,49
Houston,0014 ANDREW BELLE COMM CTR,U.S. Senate,,REP,Barry Moore,55
Houston,0014 ANDREW BELLE COMM CTR,U.S. Senate,,REP,Dale Shelton Deas Jr.,1
Houston,0014 ANDREW BELLE COMM CTR,U.S. Senate,,REP,Jared Hudson,22
Houston,0014 ANDREW BELLE COMM CTR,U.S. Senate,,REP,Morgan Murphy,3
Houston,0014 ANDREW BELLE COMM CTR,U.S. Senate,,REP,Rodney Walker,1
Houston,0014 ANDREW BELLE COMM CTR,U.S. Senate,,REP,Seth Burton,2
Houston,0014 ANDREW BELLE COMM CTR,U.S. Senate,,REP,Steve Marshall,4
Houston,0015 ST. JOHN'S PARK,Proposed Statewide Amendment 1,,,No,28
Houston,0015 ST. JOHN'S PARK,Proposed Statewide Amendment 1,,,Yes,97
Houston,0015 ST. JOHN'S PARK,Proposed Statewide Amendment 2,,,No,56
Houston,0015 ST. JOHN'S PARK,Proposed Statewide Amendment 2,,,Yes,58
Houston,0015 ST. JOHN'S PARK,Governor,,DEM,"Chad ""Chig"" Martin",2
Houston,0015 ST. JOHN'S PARK,Governor,,DEM,Doug Jones,45
Houston,0015 ST. JOHN'S PARK,Governor,,DEM,Jamel J. Brown,0
Houston,0015 ST. JOHN'S PARK,Governor,,DEM,"Nathan ""Nate"" Mathis",3
Houston,0015 ST. JOHN'S PARK,Governor,,DEM,Will Boyd,2
Houston,0015 ST. JOHN'S PARK,Governor,,DEM,Yolanda Rochelle Flowers,6
Houston,0015 ST. JOHN'S PARK,Lieutenant Governor,,DEM,Darryl D. Perryman,24
Houston,0015 ST. JOHN'S PARK,Lieutenant Governor,,DEM,Phillip Ensler,19
Houston,0015 ST. JOHN'S PARK,"Public Service Commission, Place No. 1",,DEM,James O. Gordon,21
Houston,0015 ST. JOHN'S PARK,"Public Service Commission, Place No. 1",,DEM,Jeff Ramsey,16
Houston,0015 ST. JOHN'S PARK,"Public Service Commission, Place No. 1",,DEM,John Northrop,6
Houston,0015 ST. JOHN'S PARK,U.S. Senate,,DEM,Dakarai Larriett,22
Houston,0015 ST. JOHN'S PARK,U.S. Senate,,DEM,Everett Wess,7
Houston,0015 ST. JOHN'S PARK,U.S. Senate,,DEM,Kyle Sweetser,10
Houston,0015 ST. JOHN'S PARK,U.S. Senate,,DEM,Mark S. Wheeler II,7
Houston,0015 ST. JOHN'S PARK,Attorney General,,REP,Jay Mitchell,23
Houston,0015 ST. JOHN'S PARK,Attorney General,,REP,Katherine Robertson,30
Houston,0015 ST. JOHN'S PARK,Attorney General,,REP,Pamela L. Casey,19
Houston,0015 ST. JOHN'S PARK,"Chairman, Houston County Commission",,REP,Brandon Shoupe,22
Houston,0015 ST. JOHN'S PARK,"Chairman, Houston County Commission",,REP,John Rogers,50
Houston,0015 ST. JOHN'S PARK,Commissioner of Agriculture and Industries,,REP,Christina Woerner McInnis,13
Houston,0015 ST. JOHN'S PARK,Commissioner of Agriculture and Industries,,REP,Cory Hill,33
Houston,0015 ST. JOHN'S PARK,Commissioner of Agriculture and Industries,,REP,Jack Williams,21
Houston,0015 ST. JOHN'S PARK,Governor,,REP,"""Alabama"" Will Santivasci",4
Houston,0015 ST. JOHN'S PARK,Governor,,REP,Ken McFeeters,8
Houston,0015 ST. JOHN'S PARK,Governor,,REP,Thomas Tuberville,61
Houston,0015 ST. JOHN'S PARK,Houston County Coroner,,REP,Kendall Glover,57
Houston,0015 ST. JOHN'S PARK,Houston County Coroner,,REP,Tony Diaz,15
Houston,0015 ST. JOHN'S PARK,Houston County Revenue Commissioner,,REP,Greg Holland,39
Houston,0015 ST. JOHN'S PARK,Houston County Revenue Commissioner,,REP,Richard Talley,32
Houston,0015 ST. JOHN'S PARK,Lieutenant Governor,,REP,George Childress,7
Houston,0015 ST. JOHN'S PARK,Lieutenant Governor,,REP,John Wahl,26
Houston,0015 ST. JOHN'S PARK,Lieutenant Governor,,REP,Nicole Jones Wadsworth,3
Houston,0015 ST. JOHN'S PARK,Lieutenant Governor,,REP,Pat Bishop,2
Houston,0015 ST. JOHN'S PARK,Lieutenant Governor,,REP,Rick Pate,4
Houston,0015 ST. JOHN'S PARK,Lieutenant Governor,,REP,Stewart Hill Tankersley,3
Houston,0015 ST. JOHN'S PARK,Lieutenant Governor,,REP,Wes Allen,28
Houston,0015 ST. JOHN'S PARK,"Member, Houston County Commission, District No. 2",,REP,Chris Love,41
Houston,0015 ST. JOHN'S PARK,"Member, Houston County Commission, District No. 2",,REP,Tracy Adams,25
Houston,0015 ST. JOHN'S PARK,"Member, Houston County Commission, District No. 2",,REP,Whitney Ingram Strength,10
Houston,0015 ST. JOHN'S PARK,"Public Service Commission, Place No. 1",,REP,Jeremy H. Oden,16
Houston,0015 ST. JOHN'S PARK,"Public Service Commission, Place No. 1",,REP,Matt Gentry,50
Houston,0015 ST. JOHN'S PARK,"Public Service Commission, Place No. 2",,REP,Brent Woodall,27
Houston,0015 ST. JOHN'S PARK,"Public Service Commission, Place No. 2",,REP,Chris Beeker,14
Houston,0015 ST. JOHN'S PARK,"Public Service Commission, Place No. 2",,REP,Jim Zig Zeigler,23
Houston,0015 ST. JOHN'S PARK,"Public Service Commission, Place No. 2",,REP,Priscilla Andrews,4
Houston,0015 ST. JOHN'S PARK,Secretary of State,,REP,Caroleene Dobson,37
Houston,0015 ST. JOHN'S PARK,Secretary of State,,REP,Christopher Christian Horn,23
Houston,0015 ST. JOHN'S PARK,Secretary of State,,REP,Glenda S. Jackson,6
Houston,0015 ST. JOHN'S PARK,State Auditor,,REP,Andrew Sorrell,50
Houston,0015 ST. JOHN'S PARK,State Auditor,,REP,Derek Chen,19
Houston,0015 ST. JOHN'S PARK,State Senate,29,REP,Donnie Chesteen,51
Houston,0015 ST. JOHN'S PARK,State Senate,29,REP,Val Glasgow Paul,3
Houston,0015 ST. JOHN'S PARK,State Senate,29,REP,Zachary J. Hurst,16
Houston,0015 ST. JOHN'S PARK,State Treasurer,,REP,Steve Lolley,22
Houston,0015 ST. JOHN'S PARK,State Treasurer,,REP,Young Boozer,43
Houston,0015 ST. JOHN'S PARK,U.S. House,1,REP,Austin Sidwell,4
Houston,0015 ST. JOHN'S PARK,U.S. House,1,REP,James (Jimmy) Dees,6
Houston,0015 ST. JOHN'S PARK,U.S. House,1,REP,James Richardson,6
Houston,0015 ST. JOHN'S PARK,U.S. House,1,REP,Jerry Carl,14
Houston,0015 ST. JOHN'S PARK,U.S. House,1,REP,John Mills,7
Houston,0015 ST. JOHN'S PARK,U.S. House,1,REP,Joshua McKee,11
Houston,0015 ST. JOHN'S PARK,U.S. House,1,REP,Rhett Marques,19
Houston,0015 ST. JOHN'S PARK,U.S. Senate,,REP,Barry Moore,51
Houston,0015 ST. JOHN'S PARK,U.S. Senate,,REP,Dale Shelton Deas Jr.,0
Houston,0015 ST. JOHN'S PARK,U.S. Senate,,REP,Jared Hudson,9
Houston,0015 ST. JOHN'S PARK,U.S. Senate,,REP,Morgan Murphy,1
Houston,0015 ST. JOHN'S PARK,U.S. Senate,,REP,Rodney Walker,2
Houston,0015 ST. JOHN'S PARK,U.S. Senate,,REP,Seth Burton,0
Houston,0015 ST. JOHN'S PARK,U.S. Senate,,REP,Steve Marshall,10
Houston,0016 MADRID BAPT CH,Proposed Statewide Amendment 1,,,No,24
Houston,0016 MADRID BAPT CH,Proposed Statewide Amendment 1,,,Yes,218
Houston,0016 MADRID BAPT CH,Proposed Statewide Amendment 2,,,No,120
Houston,0016 MADRID BAPT CH,Proposed Statewide Amendment 2,,,Yes,116
Houston,0016 MADRID BAPT CH,Governor,,DEM,"Chad ""Chig"" Martin",4
Houston,0016 MADRID BAPT CH,Governor,,DEM,Doug Jones,24
Houston,0016 MADRID BAPT CH,Governor,,DEM,Jamel J. Brown,0
Houston,0016 MADRID BAPT CH,Governor,,DEM,"Nathan ""Nate"" Mathis",3
Houston,0016 MADRID BAPT CH,Governor,,DEM,Will Boyd,11
Houston,0016 MADRID BAPT CH,Governor,,DEM,Yolanda Rochelle Flowers,7
Houston,0016 MADRID BAPT CH,Lieutenant Governor,,DEM,Darryl D. Perryman,28
Houston,0016 MADRID BAPT CH,Lieutenant Governor,,DEM,Phillip Ensler,18
Houston,0016 MADRID BAPT CH,"Public Service Commission, Place No. 1",,DEM,James O. Gordon,25
Houston,0016 MADRID BAPT CH,"Public Service Commission, Place No. 1",,DEM,Jeff Ramsey,11
Houston,0016 MADRID BAPT CH,"Public Service Commission, Place No. 1",,DEM,John Northrop,10
Houston,0016 MADRID BAPT CH,U.S. Senate,,DEM,Dakarai Larriett,17
Houston,0016 MADRID BAPT CH,U.S. Senate,,DEM,Everett Wess,17
Houston,0016 MADRID BAPT CH,U.S. Senate,,DEM,Kyle Sweetser,2
Houston,0016 MADRID BAPT CH,U.S. Senate,,DEM,Mark S. Wheeler II,11
Houston,0016 MADRID BAPT CH,Attorney General,,REP,Jay Mitchell,54
Houston,0016 MADRID BAPT CH,Attorney General,,REP,Katherine Robertson,107
Houston,0016 MADRID BAPT CH,Attorney General,,REP,Pamela L. Casey,30
Houston,0016 MADRID BAPT CH,"Chairman, Houston County Commission",,REP,Brandon Shoupe,95
Houston,0016 MADRID BAPT CH,"Chairman, Houston County Commission",,REP,John Rogers,95
Houston,0016 MADRID BAPT CH,Commissioner of Agriculture and Industries,,REP,Christina Woerner McInnis,59
Houston,0016 MADRID BAPT CH,Commissioner of Agriculture and Industries,,REP,Cory Hill,79
Houston,0016 MADRID BAPT CH,Commissioner of Agriculture and Industries,,REP,Jack Williams,42
Houston,0016 MADRID BAPT CH,Governor,,REP,"""Alabama"" Will Santivasci",11
Houston,0016 MADRID BAPT CH,Governor,,REP,Ken McFeeters,8
Houston,0016 MADRID BAPT CH,Governor,,REP,Thomas Tuberville,179
Houston,0016 MADRID BAPT CH,Houston County Coroner,,REP,Kendall Glover,178
Houston,0016 MADRID BAPT CH,Houston County Coroner,,REP,Tony Diaz,15
Houston,0016 MADRID BAPT CH,Houston County Revenue Commissioner,,REP,Greg Holland,125
Houston,0016 MADRID BAPT CH,Houston County Revenue Commissioner,,REP,Richard Talley,68
Houston,0016 MADRID BAPT CH,Lieutenant Governor,,REP,George Childress,6
Houston,0016 MADRID BAPT CH,Lieutenant Governor,,REP,John Wahl,71
Houston,0016 MADRID BAPT CH,Lieutenant Governor,,REP,Nicole Jones Wadsworth,6
Houston,0016 MADRID BAPT CH,Lieutenant Governor,,REP,Pat Bishop,6
Houston,0016 MADRID BAPT CH,Lieutenant Governor,,REP,Rick Pate,18
Houston,0016 MADRID BAPT CH,Lieutenant Governor,,REP,Stewart Hill Tankersley,3
Houston,0016 MADRID BAPT CH,Lieutenant Governor,,REP,Wes Allen,80
Houston,0016 MADRID BAPT CH,"Member, Houston County Board of Education, District No. 2",,REP,Jessica L. Granger,22
Houston,0016 MADRID BAPT CH,"Member, Houston County Board of Education, District No. 2",,REP,Ricky Moore,24
Houston,0016 MADRID BAPT CH,"Member, Houston County Board of Education, District No. 2",,REP,Scott Long,44
Houston,0016 MADRID BAPT CH,"Member, Houston County Commission, District No. 3",,REP,Ashley E. Enfinger,127
Houston,0016 MADRID BAPT CH,"Member, Houston County Commission, District No. 3",,REP,Taylor Knight,65
Houston,0016 MADRID BAPT CH,"Public Service Commission, Place No. 1",,REP,Jeremy H. Oden,35
Houston,0016 MADRID BAPT CH,"Public Service Commission, Place No. 1",,REP,Matt Gentry,138
Houston,0016 MADRID BAPT CH,"Public Service Commission, Place No. 2",,REP,Brent Woodall,37
Houston,0016 MADRID BAPT CH,"Public Service Commission, Place No. 2",,REP,Chris Beeker,41
Houston,0016 MADRID BAPT CH,"Public Service Commission, Place No. 2",,REP,Jim Zig Zeigler,68
Houston,0016 MADRID BAPT CH,"Public Service Commission, Place No. 2",,REP,Priscilla Andrews,32
Houston,0016 MADRID BAPT CH,Secretary of State,,REP,Caroleene Dobson,113
Houston,0016 MADRID BAPT CH,Secretary of State,,REP,Christopher Christian Horn,41
Houston,0016 MADRID BAPT CH,Secretary of State,,REP,Glenda S. Jackson,18
Houston,0016 MADRID BAPT CH,State Auditor,,REP,Andrew Sorrell,138
Houston,0016 MADRID BAPT CH,State Auditor,,REP,Derek Chen,44
Houston,0016 MADRID BAPT CH,State Senate,29,REP,Donnie Chesteen,145
Houston,0016 MADRID BAPT CH,State Senate,29,REP,Val Glasgow Paul,6
Houston,0016 MADRID BAPT CH,State Senate,29,REP,Zachary J. Hurst,27
Houston,0016 MADRID BAPT CH,State Treasurer,,REP,Steve Lolley,73
Houston,0016 MADRID BAPT CH,State Treasurer,,REP,Young Boozer,109
Houston,0016 MADRID BAPT CH,U.S. House,1,REP,Austin Sidwell,5
Houston,0016 MADRID BAPT CH,U.S. House,1,REP,James (Jimmy) Dees,11
Houston,0016 MADRID BAPT CH,U.S. House,1,REP,James Richardson,15
Houston,0016 MADRID BAPT CH,U.S. House,1,REP,Jerry Carl,36
Houston,0016 MADRID BAPT CH,U.S. House,1,REP,John Mills,10
Houston,0016 MADRID BAPT CH,U.S. House,1,REP,Joshua McKee,9
Houston,0016 MADRID BAPT CH,U.S. House,1,REP,Rhett Marques,97
Houston,0016 MADRID BAPT CH,U.S. Senate,,REP,Barry Moore,121
Houston,0016 MADRID BAPT CH,U.S. Senate,,REP,Dale Shelton Deas Jr.,3
Houston,0016 MADRID BAPT CH,U.S. Senate,,REP,Jared Hudson,29
Houston,0016 MADRID BAPT CH,U.S. Senate,,REP,Morgan Murphy,3
Houston,0016 MADRID BAPT CH,U.S. Senate,,REP,Rodney Walker,7
Houston,0016 MADRID BAPT CH,U.S. Senate,,REP,Seth Burton,2
Houston,0016 MADRID BAPT CH,U.S. Senate,,REP,Steve Marshall,26
Houston,0017 LIBERTY BAPTIST CH,Proposed Statewide Amendment 1,,,No,24
Houston,0017 LIBERTY BAPTIST CH,Proposed Statewide Amendment 1,,,Yes,178
Houston,0017 LIBERTY BAPTIST CH,Proposed Statewide Amendment 2,,,No,85
Houston,0017 LIBERTY BAPTIST CH,Proposed Statewide Amendment 2,,,Yes,105
Houston,0017 LIBERTY BAPTIST CH,Governor,,DEM,"Chad ""Chig"" Martin",0
Houston,0017 LIBERTY BAPTIST CH,Governor,,DEM,Doug Jones,5
Houston,0017 LIBERTY BAPTIST CH,Governor,,DEM,Jamel J. Brown,2
Houston,0017 LIBERTY BAPTIST CH,Governor,,DEM,"Nathan ""Nate"" Mathis",0
Houston,0017 LIBERTY BAPTIST CH,Governor,,DEM,Will Boyd,1
Houston,0017 LIBERTY BAPTIST CH,Governor,,DEM,Yolanda Rochelle Flowers,0
Houston,0017 LIBERTY BAPTIST CH,Lieutenant Governor,,DEM,Darryl D. Perryman,2
Houston,0017 LIBERTY BAPTIST CH,Lieutenant Governor,,DEM,Phillip Ensler,7
Houston,0017 LIBERTY BAPTIST CH,"Public Service Commission, Place No. 1",,DEM,James O. Gordon,4
Houston,0017 LIBERTY BAPTIST CH,"Public Service Commission, Place No. 1",,DEM,Jeff Ramsey,2
Houston,0017 LIBERTY BAPTIST CH,"Public Service Commission, Place No. 1",,DEM,John Northrop,3
Houston,0017 LIBERTY BAPTIST CH,U.S. Senate,,DEM,Dakarai Larriett,1
Houston,0017 LIBERTY BAPTIST CH,U.S. Senate,,DEM,Everett Wess,1
Houston,0017 LIBERTY BAPTIST CH,U.S. Senate,,DEM,Kyle Sweetser,3
Houston,0017 LIBERTY BAPTIST CH,U.S. Senate,,DEM,Mark S. Wheeler II,3
Houston,0017 LIBERTY BAPTIST CH,Attorney General,,REP,Jay Mitchell,73
Houston,0017 LIBERTY BAPTIST CH,Attorney General,,REP,Katherine Robertson,64
Houston,0017 LIBERTY BAPTIST CH,Attorney General,,REP,Pamela L. Casey,51
Houston,0017 LIBERTY BAPTIST CH,"Chairman, Houston County Commission",,REP,Brandon Shoupe,77
Houston,0017 LIBERTY BAPTIST CH,"Chairman, Houston County Commission",,REP,John Rogers,120
Houston,0017 LIBERTY BAPTIST CH,Commissioner of Agriculture and Industries,,REP,Christina Woerner McInnis,52
Houston,0017 LIBERTY BAPTIST CH,Commissioner of Agriculture and Industries,,REP,Cory Hill,82
Houston,0017 LIBERTY BAPTIST CH,Commissioner of Agriculture and Industries,,REP,Jack Williams,41
Houston,0017 LIBERTY BAPTIST CH,Governor,,REP,"""Alabama"" Will Santivasci",5
Houston,0017 LIBERTY BAPTIST CH,Governor,,REP,Ken McFeeters,11
Houston,0017 LIBERTY BAPTIST CH,Governor,,REP,Thomas Tuberville,187
Houston,0017 LIBERTY BAPTIST CH,Houston County Coroner,,REP,Kendall Glover,173
Houston,0017 LIBERTY BAPTIST CH,Houston County Coroner,,REP,Tony Diaz,25
Houston,0017 LIBERTY BAPTIST CH,Houston County Revenue Commissioner,,REP,Greg Holland,115
Houston,0017 LIBERTY BAPTIST CH,Houston County Revenue Commissioner,,REP,Richard Talley,73
Houston,0017 LIBERTY BAPTIST CH,Lieutenant Governor,,REP,George Childress,6
Houston,0017 LIBERTY BAPTIST CH,Lieutenant Governor,,REP,John Wahl,92
Houston,0017 LIBERTY BAPTIST CH,Lieutenant Governor,,REP,Nicole Jones Wadsworth,10
Houston,0017 LIBERTY BAPTIST CH,Lieutenant Governor,,REP,Pat Bishop,2
Houston,0017 LIBERTY BAPTIST CH,Lieutenant Governor,,REP,Rick Pate,18
Houston,0017 LIBERTY BAPTIST CH,Lieutenant Governor,,REP,Stewart Hill Tankersley,3
Houston,0017 LIBERTY BAPTIST CH,Lieutenant Governor,,REP,Wes Allen,60
Houston,0017 LIBERTY BAPTIST CH,"Member, Houston County Board of Education, District No. 2",,REP,Jessica L. Granger,9
Houston,0017 LIBERTY BAPTIST CH,"Member, Houston County Board of Education, District No. 2",,REP,Ricky Moore,40
Houston,0017 LIBERTY BAPTIST CH,"Member, Houston County Board of Education, District No. 2",,REP,Scott Long,37
Houston,0017 LIBERTY BAPTIST CH,"Member, Houston County Commission, District No. 2",,REP,Chris Love,90
Houston,0017 LIBERTY BAPTIST CH,"Member, Houston County Commission, District No. 2",,REP,Tracy Adams,85
Houston,0017 LIBERTY BAPTIST CH,"Member, Houston County Commission, District No. 2",,REP,Whitney Ingram Strength,31
Houston,0017 LIBERTY BAPTIST CH,"Public Service Commission, Place No. 1",,REP,Jeremy H. Oden,39
Houston,0017 LIBERTY BAPTIST CH,"Public Service Commission, Place No. 1",,REP,Matt Gentry,120
Houston,0017 LIBERTY BAPTIST CH,"Public Service Commission, Place No. 2",,REP,Brent Woodall,29
Houston,0017 LIBERTY BAPTIST CH,"Public Service Commission, Place No. 2",,REP,Chris Beeker,32
Houston,0017 LIBERTY BAPTIST CH,"Public Service Commission, Place No. 2",,REP,Jim Zig Zeigler,79
Houston,0017 LIBERTY BAPTIST CH,"Public Service Commission, Place No. 2",,REP,Priscilla Andrews,29
Houston,0017 LIBERTY BAPTIST CH,Secretary of State,,REP,Caroleene Dobson,94
Houston,0017 LIBERTY BAPTIST CH,Secretary of State,,REP,Christopher Christian Horn,45
Houston,0017 LIBERTY BAPTIST CH,Secretary of State,,REP,Glenda S. Jackson,27
Houston,0017 LIBERTY BAPTIST CH,State Auditor,,REP,Andrew Sorrell,150
Houston,0017 LIBERTY BAPTIST CH,State Auditor,,REP,Derek Chen,28
Houston,0017 LIBERTY BAPTIST CH,State Senate,29,REP,Donnie Chesteen,164
Houston,0017 LIBERTY BAPTIST CH,State Senate,29,REP,Val Glasgow Paul,1
Houston,0017 LIBERTY BAPTIST CH,State Senate,29,REP,Zachary J. Hurst,17
Houston,0017 LIBERTY BAPTIST CH,State Treasurer,,REP,Steve Lolley,50
Houston,0017 LIBERTY BAPTIST CH,State Treasurer,,REP,Young Boozer,126
Houston,0017 LIBERTY BAPTIST CH,U.S. House,1,REP,Austin Sidwell,10
Houston,0017 LIBERTY BAPTIST CH,U.S. House,1,REP,James (Jimmy) Dees,7
Houston,0017 LIBERTY BAPTIST CH,U.S. House,1,REP,James Richardson,6
Houston,0017 LIBERTY BAPTIST CH,U.S. House,1,REP,Jerry Carl,38
Houston,0017 LIBERTY BAPTIST CH,U.S. House,1,REP,John Mills,14
Houston,0017 LIBERTY BAPTIST CH,U.S. House,1,REP,Joshua McKee,14
Houston,0017 LIBERTY BAPTIST CH,U.S. House,1,REP,Rhett Marques,86
Houston,0017 LIBERTY BAPTIST CH,U.S. Senate,,REP,Barry Moore,139
Houston,0017 LIBERTY BAPTIST CH,U.S. Senate,,REP,Dale Shelton Deas Jr.,0
Houston,0017 LIBERTY BAPTIST CH,U.S. Senate,,REP,Jared Hudson,29
Houston,0017 LIBERTY BAPTIST CH,U.S. Senate,,REP,Morgan Murphy,3
Houston,0017 LIBERTY BAPTIST CH,U.S. Senate,,REP,Rodney Walker,3
Houston,0017 LIBERTY BAPTIST CH,U.S. Senate,,REP,Seth Burton,4
Houston,0017 LIBERTY BAPTIST CH,U.S. Senate,,REP,Steve Marshall,21
Houston,0018 REHOBETH BC MPB,Proposed Statewide Amendment 1,,,No,82
Houston,0018 REHOBETH BC MPB,Proposed Statewide Amendment 1,,,Yes,667
Houston,0018 REHOBETH BC MPB,Proposed Statewide Amendment 2,,,No,334
Houston,0018 REHOBETH BC MPB,Proposed Statewide Amendment 2,,,Yes,385
Houston,0018 REHOBETH BC MPB,Governor,,DEM,"Chad ""Chig"" Martin",1
Houston,0018 REHOBETH BC MPB,Governor,,DEM,Doug Jones,39
Houston,0018 REHOBETH BC MPB,Governor,,DEM,Jamel J. Brown,2
Houston,0018 REHOBETH BC MPB,Governor,,DEM,"Nathan ""Nate"" Mathis",1
Houston,0018 REHOBETH BC MPB,Governor,,DEM,Will Boyd,11
Houston,0018 REHOBETH BC MPB,Governor,,DEM,Yolanda Rochelle Flowers,5
Houston,0018 REHOBETH BC MPB,Lieutenant Governor,,DEM,Darryl D. Perryman,16
Houston,0018 REHOBETH BC MPB,Lieutenant Governor,,DEM,Phillip Ensler,39
Houston,0018 REHOBETH BC MPB,"Public Service Commission, Place No. 1",,DEM,James O. Gordon,28
Houston,0018 REHOBETH BC MPB,"Public Service Commission, Place No. 1",,DEM,Jeff Ramsey,19
Houston,0018 REHOBETH BC MPB,"Public Service Commission, Place No. 1",,DEM,John Northrop,8
Houston,0018 REHOBETH BC MPB,U.S. Senate,,DEM,Dakarai Larriett,27
Houston,0018 REHOBETH BC MPB,U.S. Senate,,DEM,Everett Wess,6
Houston,0018 REHOBETH BC MPB,U.S. Senate,,DEM,Kyle Sweetser,10
Houston,0018 REHOBETH BC MPB,U.S. Senate,,DEM,Mark S. Wheeler II,12
Houston,0018 REHOBETH BC MPB,Attorney General,,REP,Jay Mitchell,190
Houston,0018 REHOBETH BC MPB,Attorney General,,REP,Katherine Robertson,296
Houston,0018 REHOBETH BC MPB,Attorney General,,REP,Pamela L. Casey,164
Houston,0018 REHOBETH BC MPB,"Chairman, Houston County Commission",,REP,Brandon Shoupe,375
Houston,0018 REHOBETH BC MPB,"Chairman, Houston County Commission",,REP,John Rogers,305
Houston,0018 REHOBETH BC MPB,Commissioner of Agriculture and Industries,,REP,Christina Woerner McInnis,206
Houston,0018 REHOBETH BC MPB,Commissioner of Agriculture and Industries,,REP,Cory Hill,231
Houston,0018 REHOBETH BC MPB,Commissioner of Agriculture and Industries,,REP,Jack Williams,170
Houston,0018 REHOBETH BC MPB,Governor,,REP,"""Alabama"" Will Santivasci",26
Houston,0018 REHOBETH BC MPB,Governor,,REP,Ken McFeeters,30
Houston,0018 REHOBETH BC MPB,Governor,,REP,Thomas Tuberville,637
Houston,0018 REHOBETH BC MPB,Houston County Coroner,,REP,Kendall Glover,594
Houston,0018 REHOBETH BC MPB,Houston County Coroner,,REP,Tony Diaz,92
Houston,0018 REHOBETH BC MPB,Houston County Revenue Commissioner,,REP,Greg Holland,445
Houston,0018 REHOBETH BC MPB,Houston County Revenue Commissioner,,REP,Richard Talley,221
Houston,0018 REHOBETH BC MPB,Lieutenant Governor,,REP,George Childress,13
Houston,0018 REHOBETH BC MPB,Lieutenant Governor,,REP,John Wahl,310
Houston,0018 REHOBETH BC MPB,Lieutenant Governor,,REP,Nicole Jones Wadsworth,27
Houston,0018 REHOBETH BC MPB,Lieutenant Governor,,REP,Pat Bishop,27
Houston,0018 REHOBETH BC MPB,Lieutenant Governor,,REP,Rick Pate,53
Houston,0018 REHOBETH BC MPB,Lieutenant Governor,,REP,Stewart Hill Tankersley,16
Houston,0018 REHOBETH BC MPB,Lieutenant Governor,,REP,Wes Allen,215
Houston,0018 REHOBETH BC MPB,"Member, Houston County Commission, District No. 3",,REP,Ashley E. Enfinger,519
Houston,0018 REHOBETH BC MPB,"Member, Houston County Commission, District No. 3",,REP,Taylor Knight,181
Houston,0018 REHOBETH BC MPB,"Public Service Commission, Place No. 1",,REP,Jeremy H. Oden,112
Houston,0018 REHOBETH BC MPB,"Public Service Commission, Place No. 1",,REP,Matt Gentry,476
Houston,0018 REHOBETH BC MPB,"Public Service Commission, Place No. 2",,REP,Brent Woodall,115
Houston,0018 REHOBETH BC MPB,"Public Service Commission, Place No. 2",,REP,Chris Beeker,115
Houston,0018 REHOBETH BC MPB,"Public Service Commission, Place No. 2",,REP,Jim Zig Zeigler,238
Houston,0018 REHOBETH BC MPB,"Public Service Commission, Place No. 2",,REP,Priscilla Andrews,144
Houston,0018 REHOBETH BC MPB,Secretary of State,,REP,Caroleene Dobson,377
Houston,0018 REHOBETH BC MPB,Secretary of State,,REP,Christopher Christian Horn,162
Houston,0018 REHOBETH BC MPB,Secretary of State,,REP,Glenda S. Jackson,70
Houston,0018 REHOBETH BC MPB,State Auditor,,REP,Andrew Sorrell,481
Houston,0018 REHOBETH BC MPB,State Auditor,,REP,Derek Chen,145
Houston,0018 REHOBETH BC MPB,State Senate,29,REP,Donnie Chesteen,567
Houston,0018 REHOBETH BC MPB,State Senate,29,REP,Val Glasgow Paul,17
Houston,0018 REHOBETH BC MPB,State Senate,29,REP,Zachary J. Hurst,71
Houston,0018 REHOBETH BC MPB,State Treasurer,,REP,Steve Lolley,204
Houston,0018 REHOBETH BC MPB,State Treasurer,,REP,Young Boozer,422
Houston,0018 REHOBETH BC MPB,U.S. House,1,REP,Austin Sidwell,21
Houston,0018 REHOBETH BC MPB,U.S. House,1,REP,James (Jimmy) Dees,30
Houston,0018 REHOBETH BC MPB,U.S. House,1,REP,James Richardson,49
Houston,0018 REHOBETH BC MPB,U.S. House,1,REP,Jerry Carl,112
Houston,0018 REHOBETH BC MPB,U.S. House,1,REP,John Mills,28
Houston,0018 REHOBETH BC MPB,U.S. House,1,REP,Joshua McKee,85
Houston,0018 REHOBETH BC MPB,U.S. House,1,REP,Rhett Marques,299
Houston,0018 REHOBETH BC MPB,U.S. Senate,,REP,Barry Moore,485
Houston,0018 REHOBETH BC MPB,U.S. Senate,,REP,Dale Shelton Deas Jr.,4
Houston,0018 REHOBETH BC MPB,U.S. Senate,,REP,Jared Hudson,107
Houston,0018 REHOBETH BC MPB,U.S. Senate,,REP,Morgan Murphy,4
Houston,0018 REHOBETH BC MPB,U.S. Senate,,REP,Rodney Walker,14
Houston,0018 REHOBETH BC MPB,U.S. Senate,,REP,Seth Burton,12
Houston,0018 REHOBETH BC MPB,U.S. Senate,,REP,Steve Marshall,59
Houston,0019 TAYLOR CITY HALL,Proposed Statewide Amendment 1,,,No,42
Houston,0019 TAYLOR CITY HALL,Proposed Statewide Amendment 1,,,Yes,425
Houston,0019 TAYLOR CITY HALL,Proposed Statewide Amendment 2,,,No,199
Houston,0019 TAYLOR CITY HALL,Proposed Statewide Amendment 2,,,Yes,250
Houston,0019 TAYLOR CITY HALL,Governor,,DEM,"Chad ""Chig"" Martin",5
Houston,0019 TAYLOR CITY HALL,Governor,,DEM,Doug Jones,40
Houston,0019 TAYLOR CITY HALL,Governor,,DEM,Jamel J. Brown,3
Houston,0019 TAYLOR CITY HALL,Governor,,DEM,"Nathan ""Nate"" Mathis",2
Houston,0019 TAYLOR CITY HALL,Governor,,DEM,Will Boyd,9
Houston,0019 TAYLOR CITY HALL,Governor,,DEM,Yolanda Rochelle Flowers,6
Houston,0019 TAYLOR CITY HALL,Lieutenant Governor,,DEM,Darryl D. Perryman,34
Houston,0019 TAYLOR CITY HALL,Lieutenant Governor,,DEM,Phillip Ensler,29
Houston,0019 TAYLOR CITY HALL,"Public Service Commission, Place No. 1",,DEM,James O. Gordon,35
Houston,0019 TAYLOR CITY HALL,"Public Service Commission, Place No. 1",,DEM,Jeff Ramsey,19
Houston,0019 TAYLOR CITY HALL,"Public Service Commission, Place No. 1",,DEM,John Northrop,8
Houston,0019 TAYLOR CITY HALL,U.S. Senate,,DEM,Dakarai Larriett,19
Houston,0019 TAYLOR CITY HALL,U.S. Senate,,DEM,Everett Wess,20
Houston,0019 TAYLOR CITY HALL,U.S. Senate,,DEM,Kyle Sweetser,8
Houston,0019 TAYLOR CITY HALL,U.S. Senate,,DEM,Mark S. Wheeler II,16
Houston,0019 TAYLOR CITY HALL,Attorney General,,REP,Jay Mitchell,123
Houston,0019 TAYLOR CITY HALL,Attorney General,,REP,Katherine Robertson,176
Houston,0019 TAYLOR CITY HALL,Attorney General,,REP,Pamela L. Casey,82
Houston,0019 TAYLOR CITY HALL,"Chairman, Houston County Commission",,REP,Brandon Shoupe,233
Houston,0019 TAYLOR CITY HALL,"Chairman, Houston County Commission",,REP,John Rogers,166
Houston,0019 TAYLOR CITY HALL,Commissioner of Agriculture and Industries,,REP,Christina Woerner McInnis,98
Houston,0019 TAYLOR CITY HALL,Commissioner of Agriculture and Industries,,REP,Cory Hill,156
Houston,0019 TAYLOR CITY HALL,Commissioner of Agriculture and Industries,,REP,Jack Williams,101
Houston,0019 TAYLOR CITY HALL,Governor,,REP,"""Alabama"" Will Santivasci",10
Houston,0019 TAYLOR CITY HALL,Governor,,REP,Ken McFeeters,29
Houston,0019 TAYLOR CITY HALL,Governor,,REP,Thomas Tuberville,366
Houston,0019 TAYLOR CITY HALL,Houston County Coroner,,REP,Kendall Glover,342
Houston,0019 TAYLOR CITY HALL,Houston County Coroner,,REP,Tony Diaz,59
Houston,0019 TAYLOR CITY HALL,Houston County Revenue Commissioner,,REP,Greg Holland,267
Houston,0019 TAYLOR CITY HALL,Houston County Revenue Commissioner,,REP,Richard Talley,124
Houston,0019 TAYLOR CITY HALL,Lieutenant Governor,,REP,George Childress,10
Houston,0019 TAYLOR CITY HALL,Lieutenant Governor,,REP,John Wahl,167
Houston,0019 TAYLOR CITY HALL,Lieutenant Governor,,REP,Nicole Jones Wadsworth,18
Houston,0019 TAYLOR CITY HALL,Lieutenant Governor,,REP,Pat Bishop,12
Houston,0019 TAYLOR CITY HALL,Lieutenant Governor,,REP,Rick Pate,36
Houston,0019 TAYLOR CITY HALL,Lieutenant Governor,,REP,Stewart Hill Tankersley,3
Houston,0019 TAYLOR CITY HALL,Lieutenant Governor,,REP,Wes Allen,140
Houston,0019 TAYLOR CITY HALL,"Member, Houston County Commission, District No. 3",,REP,Ashley E. Enfinger,239
Houston,0019 TAYLOR CITY HALL,"Member, Houston County Commission, District No. 3",,REP,Taylor Knight,165
Houston,0019 TAYLOR CITY HALL,"Public Service Commission, Place No. 1",,REP,Jeremy H. Oden,53
Houston,0019 TAYLOR CITY HALL,"Public Service Commission, Place No. 1",,REP,Matt Gentry,286
Houston,0019 TAYLOR CITY HALL,"Public Service Commission, Place No. 2",,REP,Brent Woodall,82
Houston,0019 TAYLOR CITY HALL,"Public Service Commission, Place No. 2",,REP,Chris Beeker,64
Houston,0019 TAYLOR CITY HALL,"Public Service Commission, Place No. 2",,REP,Jim Zig Zeigler,139
Houston,0019 TAYLOR CITY HALL,"Public Service Commission, Place No. 2",,REP,Priscilla Andrews,78
Houston,0019 TAYLOR CITY HALL,Secretary of State,,REP,Caroleene Dobson,206
Houston,0019 TAYLOR CITY HALL,Secretary of State,,REP,Christopher Christian Horn,109
Houston,0019 TAYLOR CITY HALL,Secretary of State,,REP,Glenda S. Jackson,42
Houston,0019 TAYLOR CITY HALL,State Auditor,,REP,Andrew Sorrell,295
Houston,0019 TAYLOR CITY HALL,State Auditor,,REP,Derek Chen,70
Houston,0019 TAYLOR CITY HALL,State Senate,29,REP,Donnie Chesteen,331
Houston,0019 TAYLOR CITY HALL,State Senate,29,REP,Val Glasgow Paul,11
Houston,0019 TAYLOR CITY HALL,State Senate,29,REP,Zachary J. Hurst,45
Houston,0019 TAYLOR CITY HALL,State Treasurer,,REP,Steve Lolley,123
Houston,0019 TAYLOR CITY HALL,State Treasurer,,REP,Young Boozer,253
Houston,0019 TAYLOR CITY HALL,U.S. House,1,REP,Austin Sidwell,17
Houston,0019 TAYLOR CITY HALL,U.S. House,1,REP,James (Jimmy) Dees,21
Houston,0019 TAYLOR CITY HALL,U.S. House,1,REP,James Richardson,32
Houston,0019 TAYLOR CITY HALL,U.S. House,1,REP,Jerry Carl,46
Houston,0019 TAYLOR CITY HALL,U.S. House,1,REP,John Mills,17
Houston,0019 TAYLOR CITY HALL,U.S. House,1,REP,Joshua McKee,47
Houston,0019 TAYLOR CITY HALL,U.S. House,1,REP,Rhett Marques,193
Houston,0019 TAYLOR CITY HALL,U.S. Senate,,REP,Barry Moore,284
Houston,0019 TAYLOR CITY HALL,U.S. Senate,,REP,Dale Shelton Deas Jr.,0
Houston,0019 TAYLOR CITY HALL,U.S. Senate,,REP,Jared Hudson,44
Houston,0019 TAYLOR CITY HALL,U.S. Senate,,REP,Morgan Murphy,3
Houston,0019 TAYLOR CITY HALL,U.S. Senate,,REP,Rodney Walker,13
Houston,0019 TAYLOR CITY HALL,U.S. Senate,,REP,Seth Burton,7
Houston,0019 TAYLOR CITY HALL,U.S. Senate,,REP,Steve Marshall,53
Houston,0020 VAUGHN BLUMBERG CTR,Proposed Statewide Amendment 1,,,No,91
Houston,0020 VAUGHN BLUMBERG CTR,Proposed Statewide Amendment 1,,,Yes,593
Houston,0020 VAUGHN BLUMBERG CTR,Proposed Statewide Amendment 2,,,No,271
Houston,0020 VAUGHN BLUMBERG CTR,Proposed Statewide Amendment 2,,,Yes,395
Houston,0020 VAUGHN BLUMBERG CTR,Governor,,DEM,"Chad ""Chig"" Martin",6
Houston,0020 VAUGHN BLUMBERG CTR,Governor,,DEM,Doug Jones,204
Houston,0020 VAUGHN BLUMBERG CTR,Governor,,DEM,Jamel J. Brown,27
Houston,0020 VAUGHN BLUMBERG CTR,Governor,,DEM,"Nathan ""Nate"" Mathis",7
Houston,0020 VAUGHN BLUMBERG CTR,Governor,,DEM,Will Boyd,32
Houston,0020 VAUGHN BLUMBERG CTR,Governor,,DEM,Yolanda Rochelle Flowers,22
Houston,0020 VAUGHN BLUMBERG CTR,Lieutenant Governor,,DEM,Darryl D. Perryman,147
Houston,0020 VAUGHN BLUMBERG CTR,Lieutenant Governor,,DEM,Phillip Ensler,129
Houston,0020 VAUGHN BLUMBERG CTR,"Public Service Commission, Place No. 1",,DEM,James O. Gordon,136
Houston,0020 VAUGHN BLUMBERG CTR,"Public Service Commission, Place No. 1",,DEM,Jeff Ramsey,91
Houston,0020 VAUGHN BLUMBERG CTR,"Public Service Commission, Place No. 1",,DEM,John Northrop,42
Houston,0020 VAUGHN BLUMBERG CTR,State Democratic Executive Committee,,DEM,Earl Jones,82
Houston,0020 VAUGHN BLUMBERG CTR,State Democratic Executive Committee,,DEM,Larry E Matthews,70
Houston,0020 VAUGHN BLUMBERG CTR,State Democratic Executive Committee,,DEM,Letetia Daniels Jackson,118
Houston,0020 VAUGHN BLUMBERG CTR,State Democratic Executive Committee,,DEM,Sherri Johnson,38
Houston,0020 VAUGHN BLUMBERG CTR,U.S. Senate,,DEM,Dakarai Larriett,104
Houston,0020 VAUGHN BLUMBERG CTR,U.S. Senate,,DEM,Everett Wess,85
Houston,0020 VAUGHN BLUMBERG CTR,U.S. Senate,,DEM,Kyle Sweetser,28
Houston,0020 VAUGHN BLUMBERG CTR,U.S. Senate,,DEM,Mark S. Wheeler II,56
Houston,0020 VAUGHN BLUMBERG CTR,Attorney General,,REP,Jay Mitchell,97
Houston,0020 VAUGHN BLUMBERG CTR,Attorney General,,REP,Katherine Robertson,199
Houston,0020 VAUGHN BLUMBERG CTR,Attorney General,,REP,Pamela L. Casey,76
Houston,0020 VAUGHN BLUMBERG CTR,"Chairman, Houston County Commission",,REP,Brandon Shoupe,249
Houston,0020 VAUGHN BLUMBERG CTR,"Chairman, Houston County Commission",,REP,John Rogers,129
Houston,0020 VAUGHN BLUMBERG CTR,Commissioner of Agriculture and Industries,,REP,Christina Woerner McInnis,129
Houston,0020 VAUGHN BLUMBERG CTR,Commissioner of Agriculture and Industries,,REP,Cory Hill,119
Houston,0020 VAUGHN BLUMBERG CTR,Commissioner of Agriculture and Industries,,REP,Jack Williams,107
Houston,0020 VAUGHN BLUMBERG CTR,Governor,,REP,"""Alabama"" Will Santivasci",17
Houston,0020 VAUGHN BLUMBERG CTR,Governor,,REP,Ken McFeeters,30
Houston,0020 VAUGHN BLUMBERG CTR,Governor,,REP,Thomas Tuberville,342
Houston,0020 VAUGHN BLUMBERG CTR,Houston County Coroner,,REP,Kendall Glover,319
Houston,0020 VAUGHN BLUMBERG CTR,Houston County Coroner,,REP,Tony Diaz,59
Houston,0020 VAUGHN BLUMBERG CTR,Houston County Revenue Commissioner,,REP,Greg Holland,256
Houston,0020 VAUGHN BLUMBERG CTR,Houston County Revenue Commissioner,,REP,Richard Talley,108
Houston,0020 VAUGHN BLUMBERG CTR,Lieutenant Governor,,REP,George Childress,13
Houston,0020 VAUGHN BLUMBERG CTR,Lieutenant Governor,,REP,John Wahl,150
Houston,0020 VAUGHN BLUMBERG CTR,Lieutenant Governor,,REP,Nicole Jones Wadsworth,16
Houston,0020 VAUGHN BLUMBERG CTR,Lieutenant Governor,,REP,Pat Bishop,12
Houston,0020 VAUGHN BLUMBERG CTR,Lieutenant Governor,,REP,Rick Pate,22
Houston,0020 VAUGHN BLUMBERG CTR,Lieutenant Governor,,REP,Stewart Hill Tankersley,3
Houston,0020 VAUGHN BLUMBERG CTR,Lieutenant Governor,,REP,Wes Allen,171
Houston,0020 VAUGHN BLUMBERG CTR,"Public Service Commission, Place No. 1",,REP,Jeremy H. Oden,68
Houston,0020 VAUGHN BLUMBERG CTR,"Public Service Commission, Place No. 1",,REP,Matt Gentry,262
Houston,0020 VAUGHN BLUMBERG CTR,"Public Service Commission, Place No. 2",,REP,Brent Woodall,61
Houston,0020 VAUGHN BLUMBERG CTR,"Public Service Commission, Place No. 2",,REP,Chris Beeker,70
Houston,0020 VAUGHN BLUMBERG CTR,"Public Service Commission, Place No. 2",,REP,Jim Zig Zeigler,155
Houston,0020 VAUGHN BLUMBERG CTR,"Public Service Commission, Place No. 2",,REP,Priscilla Andrews,62
Houston,0020 VAUGHN BLUMBERG CTR,Secretary of State,,REP,Caroleene Dobson,218
Houston,0020 VAUGHN BLUMBERG CTR,Secretary of State,,REP,Christopher Christian Horn,92
Houston,0020 VAUGHN BLUMBERG CTR,Secretary of State,,REP,Glenda S. Jackson,42
Houston,0020 VAUGHN BLUMBERG CTR,State Auditor,,REP,Andrew Sorrell,273
Houston,0020 VAUGHN BLUMBERG CTR,State Auditor,,REP,Derek Chen,92
Houston,0020 VAUGHN BLUMBERG CTR,State House,,REP,David Money,95
Houston,0020 VAUGHN BLUMBERG CTR,State House,,REP,Rick Rehm,127
Houston,0020 VAUGHN BLUMBERG CTR,State House,93,REP,Steve Clouse,119
Houston,0020 VAUGHN BLUMBERG CTR,State House,93,REP,Stormin' Norman Horton,39
Houston,0020 VAUGHN BLUMBERG CTR,State Senate,29,REP,Donnie Chesteen,303
Houston,0020 VAUGHN BLUMBERG CTR,State Senate,29,REP,Val Glasgow Paul,11
Houston,0020 VAUGHN BLUMBERG CTR,State Senate,29,REP,Zachary J. Hurst,45
Houston,0020 VAUGHN BLUMBERG CTR,State Treasurer,,REP,Steve Lolley,112
Houston,0020 VAUGHN BLUMBERG CTR,State Treasurer,,REP,Young Boozer,256
Houston,0020 VAUGHN BLUMBERG CTR,U.S. House,1,REP,Austin Sidwell,14
Houston,0020 VAUGHN BLUMBERG CTR,U.S. House,1,REP,James (Jimmy) Dees,21
Houston,0020 VAUGHN BLUMBERG CTR,U.S. House,1,REP,James Richardson,24
Houston,0020 VAUGHN BLUMBERG CTR,U.S. House,1,REP,Jerry Carl,53
Houston,0020 VAUGHN BLUMBERG CTR,U.S. House,1,REP,John Mills,11
Houston,0020 VAUGHN BLUMBERG CTR,U.S. House,1,REP,Joshua McKee,34
Houston,0020 VAUGHN BLUMBERG CTR,U.S. House,1,REP,Rhett Marques,203
Houston,0020 VAUGHN BLUMBERG CTR,U.S. Senate,,REP,Barry Moore,287
Houston,0020 VAUGHN BLUMBERG CTR,U.S. Senate,,REP,Dale Shelton Deas Jr.,6
Houston,0020 VAUGHN BLUMBERG CTR,U.S. Senate,,REP,Jared Hudson,45
Houston,0020 VAUGHN BLUMBERG CTR,U.S. Senate,,REP,Morgan Murphy,2
Houston,0020 VAUGHN BLUMBERG CTR,U.S. Senate,,REP,Rodney Walker,5
Houston,0020 VAUGHN BLUMBERG CTR,U.S. Senate,,REP,Seth Burton,5
Houston,0020 VAUGHN BLUMBERG CTR,U.S. Senate,,REP,Steve Marshall,42
Houston,0021 SELMA BAPT CH,Proposed Statewide Amendment 1,,,No,98
Houston,0021 SELMA BAPT CH,Proposed Statewide Amendment 1,,,Yes,682
Houston,0021 SELMA BAPT CH,Proposed Statewide Amendment 2,,,No,323
Houston,0021 SELMA BAPT CH,Proposed Statewide Amendment 2,,,Yes,432
Houston,0021 SELMA BAPT CH,Governor,,DEM,"Chad ""Chig"" Martin",5
Houston,0021 SELMA BAPT CH,Governor,,DEM,Doug Jones,118
Houston,0021 SELMA BAPT CH,Governor,,DEM,Jamel J. Brown,13
Houston,0021 SELMA BAPT CH,Governor,,DEM,"Nathan ""Nate"" Mathis",2
Houston,0021 SELMA BAPT CH,Governor,,DEM,Will Boyd,16
Houston,0021 SELMA BAPT CH,Governor,,DEM,Yolanda Rochelle Flowers,15
Houston,0021 SELMA BAPT CH,Lieutenant Governor,,DEM,Darryl D. Perryman,82
Houston,0021 SELMA BAPT CH,Lieutenant Governor,,DEM,Phillip Ensler,80
Houston,0021 SELMA BAPT CH,"Public Service Commission, Place No. 1",,DEM,James O. Gordon,72
Houston,0021 SELMA BAPT CH,"Public Service Commission, Place No. 1",,DEM,Jeff Ramsey,60
Houston,0021 SELMA BAPT CH,"Public Service Commission, Place No. 1",,DEM,John Northrop,28
Houston,0021 SELMA BAPT CH,U.S. Senate,,DEM,Dakarai Larriett,60
Houston,0021 SELMA BAPT CH,U.S. Senate,,DEM,Everett Wess,45
Houston,0021 SELMA BAPT CH,U.S. Senate,,DEM,Kyle Sweetser,19
Houston,0021 SELMA BAPT CH,U.S. Senate,,DEM,Mark S. Wheeler II,38
Houston,0021 SELMA BAPT CH,Attorney General,,REP,Jay Mitchell,200
Houston,0021 SELMA BAPT CH,Attorney General,,REP,Katherine Robertson,274
Houston,0021 SELMA BAPT CH,Attorney General,,REP,Pamela L. Casey,114
Houston,0021 SELMA BAPT CH,"Chairman, Houston County Commission",,REP,Brandon Shoupe,385
Houston,0021 SELMA BAPT CH,"Chairman, Houston County Commission",,REP,John Rogers,219
Houston,0021 SELMA BAPT CH,Commissioner of Agriculture and Industries,,REP,Christina Woerner McInnis,189
Houston,0021 SELMA BAPT CH,Commissioner of Agriculture and Industries,,REP,Cory Hill,228
Houston,0021 SELMA BAPT CH,Commissioner of Agriculture and Industries,,REP,Jack Williams,146
Houston,0021 SELMA BAPT CH,Governor,,REP,"""Alabama"" Will Santivasci",20
Houston,0021 SELMA BAPT CH,Governor,,REP,Ken McFeeters,43
Houston,0021 SELMA BAPT CH,Governor,,REP,Thomas Tuberville,551
Houston,0021 SELMA BAPT CH,Houston County Coroner,,REP,Kendall Glover,505
Houston,0021 SELMA BAPT CH,Houston County Coroner,,REP,Tony Diaz,100
Houston,0021 SELMA BAPT CH,Houston County Revenue Commissioner,,REP,Greg Holland,373
Houston,0021 SELMA BAPT CH,Houston County Revenue Commissioner,,REP,Richard Talley,211
Houston,0021 SELMA BAPT CH,Lieutenant Governor,,REP,George Childress,16
Houston,0021 SELMA BAPT CH,Lieutenant Governor,,REP,John Wahl,277
Houston,0021 SELMA BAPT CH,Lieutenant Governor,,REP,Nicole Jones Wadsworth,22
Houston,0021 SELMA BAPT CH,Lieutenant Governor,,REP,Pat Bishop,11
Houston,0021 SELMA BAPT CH,Lieutenant Governor,,REP,Rick Pate,29
Houston,0021 SELMA BAPT CH,Lieutenant Governor,,REP,Stewart Hill Tankersley,6
Houston,0021 SELMA BAPT CH,Lieutenant Governor,,REP,Wes Allen,238
Houston,0021 SELMA BAPT CH,"Member, Houston County Commission, District No. 3",,REP,Ashley E. Enfinger,311
Houston,0021 SELMA BAPT CH,"Member, Houston County Commission, District No. 3",,REP,Taylor Knight,245
Houston,0021 SELMA BAPT CH,"Public Service Commission, Place No. 1",,REP,Jeremy H. Oden,110
Houston,0021 SELMA BAPT CH,"Public Service Commission, Place No. 1",,REP,Matt Gentry,425
Houston,0021 SELMA BAPT CH,"Public Service Commission, Place No. 2",,REP,Brent Woodall,123
Houston,0021 SELMA BAPT CH,"Public Service Commission, Place No. 2",,REP,Chris Beeker,86
Houston,0021 SELMA BAPT CH,"Public Service Commission, Place No. 2",,REP,Jim Zig Zeigler,244
Houston,0021 SELMA BAPT CH,"Public Service Commission, Place No. 2",,REP,Priscilla Andrews,105
Houston,0021 SELMA BAPT CH,Secretary of State,,REP,Caroleene Dobson,338
Houston,0021 SELMA BAPT CH,Secretary of State,,REP,Christopher Christian Horn,137
Houston,0021 SELMA BAPT CH,Secretary of State,,REP,Glenda S. Jackson,63
Houston,0021 SELMA BAPT CH,State Auditor,,REP,Andrew Sorrell,459
Houston,0021 SELMA BAPT CH,State Auditor,,REP,Derek Chen,109
Houston,0021 SELMA BAPT CH,State Senate,29,REP,Donnie Chesteen,473
Houston,0021 SELMA BAPT CH,State Senate,29,REP,Val Glasgow Paul,11
Houston,0021 SELMA BAPT CH,State Senate,29,REP,Zachary J. Hurst,79
Houston,0021 SELMA BAPT CH,State Treasurer,,REP,Steve Lolley,178
Houston,0021 SELMA BAPT CH,State Treasurer,,REP,Young Boozer,393
Houston,0021 SELMA BAPT CH,U.S. House,1,REP,Austin Sidwell,18
Houston,0021 SELMA BAPT CH,U.S. House,1,REP,James (Jimmy) Dees,26
Houston,0021 SELMA BAPT CH,U.S. House,1,REP,James Richardson,34
Houston,0021 SELMA BAPT CH,U.S. House,1,REP,Jerry Carl,71
Houston,0021 SELMA BAPT CH,U.S. House,1,REP,John Mills,28
Houston,0021 SELMA BAPT CH,U.S. House,1,REP,Joshua McKee,67
Houston,0021 SELMA BAPT CH,U.S. House,1,REP,Rhett Marques,321
Houston,0021 SELMA BAPT CH,U.S. Senate,,REP,Barry Moore,464
Houston,0021 SELMA BAPT CH,U.S. Senate,,REP,Dale Shelton Deas Jr.,7
Houston,0021 SELMA BAPT CH,U.S. Senate,,REP,Jared Hudson,50
Houston,0021 SELMA BAPT CH,U.S. Senate,,REP,Morgan Murphy,3
Houston,0021 SELMA BAPT CH,U.S. Senate,,REP,Rodney Walker,13
Houston,0021 SELMA BAPT CH,U.S. Senate,,REP,Seth Burton,14
Houston,0021 SELMA BAPT CH,U.S. Senate,,REP,Steve Marshall,64
Houston,0022 WEBB CITY HALL,Proposed Statewide Amendment 1,,,No,22
Houston,0022 WEBB CITY HALL,Proposed Statewide Amendment 1,,,Yes,235
Houston,0022 WEBB CITY HALL,Proposed Statewide Amendment 2,,,No,107
Houston,0022 WEBB CITY HALL,Proposed Statewide Amendment 2,,,Yes,139
Houston,0022 WEBB CITY HALL,Governor,,DEM,"Chad ""Chig"" Martin",3
Houston,0022 WEBB CITY HALL,Governor,,DEM,Doug Jones,34
Houston,0022 WEBB CITY HALL,Governor,,DEM,Jamel J. Brown,5
Houston,0022 WEBB CITY HALL,Governor,,DEM,"Nathan ""Nate"" Mathis",1
Houston,0022 WEBB CITY HALL,Governor,,DEM,Will Boyd,7
Houston,0022 WEBB CITY HALL,Governor,,DEM,Yolanda Rochelle Flowers,4
Houston,0022 WEBB CITY HALL,Lieutenant Governor,,DEM,Darryl D. Perryman,25
Houston,0022 WEBB CITY HALL,Lieutenant Governor,,DEM,Phillip Ensler,25
Houston,0022 WEBB CITY HALL,"Member, Houston County Commission, District No. 1",,DEM,Unverified Candidate 1,30
Houston,0022 WEBB CITY HALL,"Member, Houston County Commission, District No. 1",,DEM,Unverified Candidate 2,22
Houston,0022 WEBB CITY HALL,"Public Service Commission, Place No. 1",,DEM,James O. Gordon,27
Houston,0022 WEBB CITY HALL,"Public Service Commission, Place No. 1",,DEM,Jeff Ramsey,13
Houston,0022 WEBB CITY HALL,"Public Service Commission, Place No. 1",,DEM,John Northrop,8
Houston,0022 WEBB CITY HALL,U.S. Senate,,DEM,Dakarai Larriett,13
Houston,0022 WEBB CITY HALL,U.S. Senate,,DEM,Everett Wess,14
Houston,0022 WEBB CITY HALL,U.S. Senate,,DEM,Kyle Sweetser,15
Houston,0022 WEBB CITY HALL,U.S. Senate,,DEM,Mark S. Wheeler II,7
Houston,0022 WEBB CITY HALL,Attorney General,,REP,Jay Mitchell,69
Houston,0022 WEBB CITY HALL,Attorney General,,REP,Katherine Robertson,89
Houston,0022 WEBB CITY HALL,Attorney General,,REP,Pamela L. Casey,39
Houston,0022 WEBB CITY HALL,"Chairman, Houston County Commission",,REP,Brandon Shoupe,81
Houston,0022 WEBB CITY HALL,"Chairman, Houston County Commission",,REP,John Rogers,128
Houston,0022 WEBB CITY HALL,Commissioner of Agriculture and Industries,,REP,Christina Woerner McInnis,68
Houston,0022 WEBB CITY HALL,Commissioner of Agriculture and Industries,,REP,Cory Hill,80
Houston,0022 WEBB CITY HALL,Commissioner of Agriculture and Industries,,REP,Jack Williams,43
Houston,0022 WEBB CITY HALL,Governor,,REP,"""Alabama"" Will Santivasci",4
Houston,0022 WEBB CITY HALL,Governor,,REP,Ken McFeeters,5
Houston,0022 WEBB CITY HALL,Governor,,REP,Thomas Tuberville,202
Houston,0022 WEBB CITY HALL,Houston County Coroner,,REP,Kendall Glover,174
Houston,0022 WEBB CITY HALL,Houston County Coroner,,REP,Tony Diaz,30
Houston,0022 WEBB CITY HALL,Houston County Revenue Commissioner,,REP,Greg Holland,125
Houston,0022 WEBB CITY HALL,Houston County Revenue Commissioner,,REP,Richard Talley,68
Houston,0022 WEBB CITY HALL,Lieutenant Governor,,REP,George Childress,2
Houston,0022 WEBB CITY HALL,Lieutenant Governor,,REP,John Wahl,105
Houston,0022 WEBB CITY HALL,Lieutenant Governor,,REP,Nicole Jones Wadsworth,9
Houston,0022 WEBB CITY HALL,Lieutenant Governor,,REP,Pat Bishop,4
Houston,0022 WEBB CITY HALL,Lieutenant Governor,,REP,Rick Pate,10
Houston,0022 WEBB CITY HALL,Lieutenant Governor,,REP,Stewart Hill Tankersley,3
Houston,0022 WEBB CITY HALL,Lieutenant Governor,,REP,Wes Allen,71
Houston,0022 WEBB CITY HALL,"Member, Houston County Commission, District No. 1",,REP,Bobby Lewis,82
Houston,0022 WEBB CITY HALL,"Member, Houston County Commission, District No. 1",,REP,Jeffery A. Williams,120
Houston,0022 WEBB CITY HALL,"Public Service Commission, Place No. 1",,REP,Jeremy H. Oden,27
Houston,0022 WEBB CITY HALL,"Public Service Commission, Place No. 1",,REP,Matt Gentry,151
Houston,0022 WEBB CITY HALL,"Public Service Commission, Place No. 2",,REP,Brent Woodall,23
Houston,0022 WEBB CITY HALL,"Public Service Commission, Place No. 2",,REP,Chris Beeker,38
Houston,0022 WEBB CITY HALL,"Public Service Commission, Place No. 2",,REP,Jim Zig Zeigler,95
Houston,0022 WEBB CITY HALL,"Public Service Commission, Place No. 2",,REP,Priscilla Andrews,36
Houston,0022 WEBB CITY HALL,Secretary of State,,REP,Caroleene Dobson,103
Houston,0022 WEBB CITY HALL,Secretary of State,,REP,Christopher Christian Horn,57
Houston,0022 WEBB CITY HALL,Secretary of State,,REP,Glenda S. Jackson,19
Houston,0022 WEBB CITY HALL,State Auditor,,REP,Andrew Sorrell,141
Houston,0022 WEBB CITY HALL,State Auditor,,REP,Derek Chen,52
Houston,0022 WEBB CITY HALL,State Senate,29,REP,Donnie Chesteen,0
Houston,0022 WEBB CITY HALL,State Senate,29,REP,Val Glasgow Paul,0
Houston,0022 WEBB CITY HALL,State Senate,29,REP,Zachary J. Hurst,0
Houston,0022 WEBB CITY HALL,State Treasurer,,REP,Steve Lolley,57
Houston,0022 WEBB CITY HALL,State Treasurer,,REP,Young Boozer,136
Houston,0022 WEBB CITY HALL,U.S. House,1,REP,Austin Sidwell,8
Houston,0022 WEBB CITY HALL,U.S. House,1,REP,James (Jimmy) Dees,9
Houston,0022 WEBB CITY HALL,U.S. House,1,REP,James Richardson,10
Houston,0022 WEBB CITY HALL,U.S. House,1,REP,Jerry Carl,40
Houston,0022 WEBB CITY HALL,U.S. House,1,REP,John Mills,12
Houston,0022 WEBB CITY HALL,U.S. House,1,REP,Joshua McKee,18
Houston,0022 WEBB CITY HALL,U.S. House,1,REP,Rhett Marques,101
Houston,0022 WEBB CITY HALL,U.S. Senate,,REP,Barry Moore,155
Houston,0022 WEBB CITY HALL,U.S. Senate,,REP,Dale Shelton Deas Jr.,0
Houston,0022 WEBB CITY HALL,U.S. Senate,,REP,Jared Hudson,31
Houston,0022 WEBB CITY HALL,U.S. Senate,,REP,Morgan Murphy,2
Houston,0022 WEBB CITY HALL,U.S. Senate,,REP,Rodney Walker,2
Houston,0022 WEBB CITY HALL,U.S. Senate,,REP,Seth Burton,1
Houston,0022 WEBB CITY HALL,U.S. Senate,,REP,Steve Marshall,19
Houston,0023 WESTGATE PARK,Proposed Statewide Amendment 1,,,No,139
Houston,0023 WESTGATE PARK,Proposed Statewide Amendment 1,,,Yes,1051
Houston,0023 WESTGATE PARK,Proposed Statewide Amendment 2,,,No,462
Houston,0023 WESTGATE PARK,Proposed Statewide Amendment 2,,,Yes,686
Houston,0023 WESTGATE PARK,Governor,,DEM,"Chad ""Chig"" Martin",18
Houston,0023 WESTGATE PARK,Governor,,DEM,Doug Jones,146
Houston,0023 WESTGATE PARK,Governor,,DEM,Jamel J. Brown,6
Houston,0023 WESTGATE PARK,Governor,,DEM,"Nathan ""Nate"" Mathis",6
Houston,0023 WESTGATE PARK,Governor,,DEM,Will Boyd,15
Houston,0023 WESTGATE PARK,Governor,,DEM,Yolanda Rochelle Flowers,18
Houston,0023 WESTGATE PARK,Lieutenant Governor,,DEM,Darryl D. Perryman,77
Houston,0023 WESTGATE PARK,Lieutenant Governor,,DEM,Phillip Ensler,121
Houston,0023 WESTGATE PARK,"Public Service Commission, Place No. 1",,DEM,James O. Gordon,97
Houston,0023 WESTGATE PARK,"Public Service Commission, Place No. 1",,DEM,Jeff Ramsey,61
Houston,0023 WESTGATE PARK,"Public Service Commission, Place No. 1",,DEM,John Northrop,32
Houston,0023 WESTGATE PARK,U.S. Senate,,DEM,Dakarai Larriett,67
Houston,0023 WESTGATE PARK,U.S. Senate,,DEM,Everett Wess,38
Houston,0023 WESTGATE PARK,U.S. Senate,,DEM,Kyle Sweetser,39
Houston,0023 WESTGATE PARK,U.S. Senate,,DEM,Mark S. Wheeler II,54
Houston,0023 WESTGATE PARK,Attorney General,,REP,Jay Mitchell,309
Houston,0023 WESTGATE PARK,Attorney General,,REP,Katherine Robertson,439
Houston,0023 WESTGATE PARK,Attorney General,,REP,Pamela L. Casey,180
Houston,0023 WESTGATE PARK,"Chairman, Houston County Commission",,REP,Brandon Shoupe,720
Houston,0023 WESTGATE PARK,"Chairman, Houston County Commission",,REP,John Rogers,241
Houston,0023 WESTGATE PARK,Commissioner of Agriculture and Industries,,REP,Christina Woerner McInnis,295
Houston,0023 WESTGATE PARK,Commissioner of Agriculture and Industries,,REP,Cory Hill,318
Houston,0023 WESTGATE PARK,Commissioner of Agriculture and Industries,,REP,Jack Williams,235
Houston,0023 WESTGATE PARK,Governor,,REP,"""Alabama"" Will Santivasci",33
Houston,0023 WESTGATE PARK,Governor,,REP,Ken McFeeters,77
Houston,0023 WESTGATE PARK,Governor,,REP,Thomas Tuberville,878
Houston,0023 WESTGATE PARK,Houston County Coroner,,REP,Kendall Glover,832
Houston,0023 WESTGATE PARK,Houston County Coroner,,REP,Tony Diaz,136
Houston,0023 WESTGATE PARK,Houston County Revenue Commissioner,,REP,Greg Holland,729
Houston,0023 WESTGATE PARK,Houston County Revenue Commissioner,,REP,Richard Talley,210
Houston,0023 WESTGATE PARK,Lieutenant Governor,,REP,George Childress,15
Houston,0023 WESTGATE PARK,Lieutenant Governor,,REP,John Wahl,362
Houston,0023 WESTGATE PARK,Lieutenant Governor,,REP,Nicole Jones Wadsworth,44
Houston,0023 WESTGATE PARK,Lieutenant Governor,,REP,Pat Bishop,21
Houston,0023 WESTGATE PARK,Lieutenant Governor,,REP,Rick Pate,76
Houston,0023 WESTGATE PARK,Lieutenant Governor,,REP,Stewart Hill Tankersley,31
Houston,0023 WESTGATE PARK,Lieutenant Governor,,REP,Wes Allen,409
Houston,0023 WESTGATE PARK,"Public Service Commission, Place No. 1",,REP,Jeremy H. Oden,154
Houston,0023 WESTGATE PARK,"Public Service Commission, Place No. 1",,REP,Matt Gentry,630
Houston,0023 WESTGATE PARK,"Public Service Commission, Place No. 2",,REP,Brent Woodall,151
Houston,0023 WESTGATE PARK,"Public Service Commission, Place No. 2",,REP,Chris Beeker,171
Houston,0023 WESTGATE PARK,"Public Service Commission, Place No. 2",,REP,Jim Zig Zeigler,419
Houston,0023 WESTGATE PARK,"Public Service Commission, Place No. 2",,REP,Priscilla Andrews,116
Houston,0023 WESTGATE PARK,Secretary of State,,REP,Caroleene Dobson,574
Houston,0023 WESTGATE PARK,Secretary of State,,REP,Christopher Christian Horn,201
Houston,0023 WESTGATE PARK,Secretary of State,,REP,Glenda S. Jackson,75
Houston,0023 WESTGATE PARK,State Auditor,,REP,Andrew Sorrell,668
Houston,0023 WESTGATE PARK,State Auditor,,REP,Derek Chen,211
Houston,0023 WESTGATE PARK,State House,93,REP,Steve Clouse,738
Houston,0023 WESTGATE PARK,State House,93,REP,Stormin' Norman Horton,196
Houston,0023 WESTGATE PARK,State Senate,29,REP,Donnie Chesteen,781
Houston,0023 WESTGATE PARK,State Senate,29,REP,Val Glasgow Paul,32
Houston,0023 WESTGATE PARK,State Senate,29,REP,Zachary J. Hurst,103
Houston,0023 WESTGATE PARK,State Treasurer,,REP,Steve Lolley,226
Houston,0023 WESTGATE PARK,State Treasurer,,REP,Young Boozer,684
Houston,0023 WESTGATE PARK,U.S. House,1,REP,Austin Sidwell,32
Houston,0023 WESTGATE PARK,U.S. House,1,REP,James (Jimmy) Dees,56
Houston,0023 WESTGATE PARK,U.S. House,1,REP,James Richardson,58
Houston,0023 WESTGATE PARK,U.S. House,1,REP,Jerry Carl,108
Houston,0023 WESTGATE PARK,U.S. House,1,REP,John Mills,31
Houston,0023 WESTGATE PARK,U.S. House,1,REP,Joshua McKee,77
Houston,0023 WESTGATE PARK,U.S. House,1,REP,Rhett Marques,534
Houston,0023 WESTGATE PARK,U.S. Senate,,REP,Barry Moore,666
Houston,0023 WESTGATE PARK,U.S. Senate,,REP,Dale Shelton Deas Jr.,24
Houston,0023 WESTGATE PARK,U.S. Senate,,REP,Jared Hudson,130
Houston,0023 WESTGATE PARK,U.S. Senate,,REP,Morgan Murphy,5
Houston,0023 WESTGATE PARK,U.S. Senate,,REP,Rodney Walker,13
Houston,0023 WESTGATE PARK,U.S. Senate,,REP,Seth Burton,13
Houston,0023 WESTGATE PARK,U.S. Senate,,REP,Steve Marshall,134
Houston,0024 WICKSBURG VFD,Proposed Statewide Amendment 1,,,No,45
Houston,0024 WICKSBURG VFD,Proposed Statewide Amendment 1,,,Yes,436
Houston,0024 WICKSBURG VFD,Proposed Statewide Amendment 2,,,No,210
Houston,0024 WICKSBURG VFD,Proposed Statewide Amendment 2,,,Yes,251
Houston,0024 WICKSBURG VFD,Governor,,DEM,"Chad ""Chig"" Martin",3
Houston,0024 WICKSBURG VFD,Governor,,DEM,Doug Jones,17
Houston,0024 WICKSBURG VFD,Governor,,DEM,Jamel J. Brown,1
Houston,0024 WICKSBURG VFD,Governor,,DEM,"Nathan ""Nate"" Mathis",7
Houston,0024 WICKSBURG VFD,Governor,,DEM,Will Boyd,11
Houston,0024 WICKSBURG VFD,Governor,,DEM,Yolanda Rochelle Flowers,2
Houston,0024 WICKSBURG VFD,Lieutenant Governor,,DEM,Darryl D. Perryman,9
Houston,0024 WICKSBURG VFD,Lieutenant Governor,,DEM,Phillip Ensler,28
Houston,0024 WICKSBURG VFD,"Public Service Commission, Place No. 1",,DEM,James O. Gordon,12
Houston,0024 WICKSBURG VFD,"Public Service Commission, Place No. 1",,DEM,Jeff Ramsey,13
Houston,0024 WICKSBURG VFD,"Public Service Commission, Place No. 1",,DEM,John Northrop,10
Houston,0024 WICKSBURG VFD,U.S. Senate,,DEM,Dakarai Larriett,13
Houston,0024 WICKSBURG VFD,U.S. Senate,,DEM,Everett Wess,9
Houston,0024 WICKSBURG VFD,U.S. Senate,,DEM,Kyle Sweetser,4
Houston,0024 WICKSBURG VFD,U.S. Senate,,DEM,Mark S. Wheeler II,11
Houston,0024 WICKSBURG VFD,Attorney General,,REP,Jay Mitchell,152
Houston,0024 WICKSBURG VFD,Attorney General,,REP,Katherine Robertson,155
Houston,0024 WICKSBURG VFD,Attorney General,,REP,Pamela L. Casey,105
Houston,0024 WICKSBURG VFD,"Chairman, Houston County Commission",,REP,Brandon Shoupe,312
Houston,0024 WICKSBURG VFD,"Chairman, Houston County Commission",,REP,John Rogers,123
Houston,0024 WICKSBURG VFD,Commissioner of Agriculture and Industries,,REP,Christina Woerner McInnis,138
Houston,0024 WICKSBURG VFD,Commissioner of Agriculture and Industries,,REP,Cory Hill,156
Houston,0024 WICKSBURG VFD,Commissioner of Agriculture and Industries,,REP,Jack Williams,103
Houston,0024 WICKSBURG VFD,Governor,,REP,"""Alabama"" Will Santivasci",21
Houston,0024 WICKSBURG VFD,Governor,,REP,Ken McFeeters,24
Houston,0024 WICKSBURG VFD,Governor,,REP,Thomas Tuberville,412
Houston,0024 WICKSBURG VFD,Houston County Coroner,,REP,Kendall Glover,321
Houston,0024 WICKSBURG VFD,Houston County Coroner,,REP,Tony Diaz,95
Houston,0024 WICKSBURG VFD,Houston County Revenue Commissioner,,REP,Greg Holland,288
Houston,0024 WICKSBURG VFD,Houston County Revenue Commissioner,,REP,Richard Talley,123
Houston,0024 WICKSBURG VFD,Lieutenant Governor,,REP,George Childress,7
Houston,0024 WICKSBURG VFD,Lieutenant Governor,,REP,John Wahl,205
Houston,0024 WICKSBURG VFD,Lieutenant Governor,,REP,Nicole Jones Wadsworth,14
Houston,0024 WICKSBURG VFD,Lieutenant Governor,,REP,Pat Bishop,9
Houston,0024 WICKSBURG VFD,Lieutenant Governor,,REP,Rick Pate,26
Houston,0024 WICKSBURG VFD,Lieutenant Governor,,REP,Stewart Hill Tankersley,13
Houston,0024 WICKSBURG VFD,Lieutenant Governor,,REP,Wes Allen,155
Houston,0024 WICKSBURG VFD,"Public Service Commission, Place No. 1",,REP,Jeremy H. Oden,68
Houston,0024 WICKSBURG VFD,"Public Service Commission, Place No. 1",,REP,Matt Gentry,310
Houston,0024 WICKSBURG VFD,"Public Service Commission, Place No. 2",,REP,Brent Woodall,101
Houston,0024 WICKSBURG VFD,"Public Service Commission, Place No. 2",,REP,Chris Beeker,53
Houston,0024 WICKSBURG VFD,"Public Service Commission, Place No. 2",,REP,Jim Zig Zeigler,188
Houston,0024 WICKSBURG VFD,"Public Service Commission, Place No. 2",,REP,Priscilla Andrews,49
Houston,0024 WICKSBURG VFD,Secretary of State,,REP,Caroleene Dobson,231
Houston,0024 WICKSBURG VFD,Secretary of State,,REP,Christopher Christian Horn,113
Houston,0024 WICKSBURG VFD,Secretary of State,,REP,Glenda S. Jackson,42
Houston,0024 WICKSBURG VFD,State Auditor,,REP,Andrew Sorrell,322
Houston,0024 WICKSBURG VFD,State Auditor,,REP,Derek Chen,82
Houston,0024 WICKSBURG VFD,State Senate,29,REP,Donnie Chesteen,342
Houston,0024 WICKSBURG VFD,State Senate,29,REP,Val Glasgow Paul,18
Houston,0024 WICKSBURG VFD,State Senate,29,REP,Zachary J. Hurst,59
Houston,0024 WICKSBURG VFD,State Treasurer,,REP,Steve Lolley,128
Houston,0024 WICKSBURG VFD,State Treasurer,,REP,Young Boozer,284
Houston,0024 WICKSBURG VFD,U.S. House,1,REP,Austin Sidwell,22
Houston,0024 WICKSBURG VFD,U.S. House,1,REP,James (Jimmy) Dees,9
Houston,0024 WICKSBURG VFD,U.S. House,1,REP,James Richardson,11
Houston,0024 WICKSBURG VFD,U.S. House,1,REP,Jerry Carl,57
Houston,0024 WICKSBURG VFD,U.S. House,1,REP,John Mills,22
Houston,0024 WICKSBURG VFD,U.S. House,1,REP,Joshua McKee,89
Houston,0024 WICKSBURG VFD,U.S. House,1,REP,Rhett Marques,189
Houston,0024 WICKSBURG VFD,U.S. Senate,,REP,Barry Moore,329
Houston,0024 WICKSBURG VFD,U.S. Senate,,REP,Dale Shelton Deas Jr.,3
Houston,0024 WICKSBURG VFD,U.S. Senate,,REP,Jared Hudson,65
Houston,0024 WICKSBURG VFD,U.S. Senate,,REP,Morgan Murphy,4
Houston,0024 WICKSBURG VFD,U.S. Senate,,REP,Rodney Walker,7
Houston,0024 WICKSBURG VFD,U.S. Senate,,REP,Seth Burton,6
Houston,0024 WICKSBURG VFD,U.S. Senate,,REP,Steve Marshall,33
Houston,0025 WIREGRASS PARK,Proposed Statewide Amendment 1,,,No,135
Houston,0025 WIREGRASS PARK,Proposed Statewide Amendment 1,,,Yes,548
Houston,0025 WIREGRASS PARK,Proposed Statewide Amendment 2,,,No,294
Houston,0025 WIREGRASS PARK,Proposed Statewide Amendment 2,,,Yes,374
Houston,0025 WIREGRASS PARK,Governor,,DEM,"Chad ""Chig"" Martin",17
Houston,0025 WIREGRASS PARK,Governor,,DEM,Doug Jones,267
Houston,0025 WIREGRASS PARK,Governor,,DEM,Jamel J. Brown,82
Houston,0025 WIREGRASS PARK,Governor,,DEM,"Nathan ""Nate"" Mathis",13
Houston,0025 WIREGRASS PARK,Governor,,DEM,Will Boyd,43
Houston,0025 WIREGRASS PARK,Governor,,DEM,Yolanda Rochelle Flowers,61
Houston,0025 WIREGRASS PARK,Lieutenant Governor,,DEM,Darryl D. Perryman,263
Houston,0025 WIREGRASS PARK,Lieutenant Governor,,DEM,Phillip Ensler,187
Houston,0025 WIREGRASS PARK,"Member, Houston County Commission, District No. 1",,DEM,Unverified Candidate 1,163
Houston,0025 WIREGRASS PARK,"Member, Houston County Commission, District No. 1",,DEM,Unverified Candidate 2,211
Houston,0025 WIREGRASS PARK,"Public Service Commission, Place No. 1",,DEM,James O. Gordon,248
Houston,0025 WIREGRASS PARK,"Public Service Commission, Place No. 1",,DEM,Jeff Ramsey,155
Houston,0025 WIREGRASS PARK,"Public Service Commission, Place No. 1",,DEM,John Northrop,45
Houston,0025 WIREGRASS PARK,State Democratic Executive Committee,,DEM,Earl Jones,273
Houston,0025 WIREGRASS PARK,State Democratic Executive Committee,,DEM,Larry E Matthews,197
Houston,0025 WIREGRASS PARK,State Democratic Executive Committee,,DEM,Letetia Daniels Jackson,402
Houston,0025 WIREGRASS PARK,State Democratic Executive Committee,,DEM,Sherri Johnson,72
Houston,0025 WIREGRASS PARK,U.S. Senate,,DEM,Dakarai Larriett,160
Houston,0025 WIREGRASS PARK,U.S. Senate,,DEM,Everett Wess,136
Houston,0025 WIREGRASS PARK,U.S. Senate,,DEM,Kyle Sweetser,60
Houston,0025 WIREGRASS PARK,U.S. Senate,,DEM,Mark S. Wheeler II,98
Houston,0025 WIREGRASS PARK,Attorney General,,REP,Jay Mitchell,56
Houston,0025 WIREGRASS PARK,Attorney General,,REP,Katherine Robertson,107
Houston,0025 WIREGRASS PARK,Attorney General,,REP,Pamela L. Casey,42
Houston,0025 WIREGRASS PARK,"Chairman, Houston County Commission",,REP,Brandon Shoupe,114
Houston,0025 WIREGRASS PARK,"Chairman, Houston County Commission",,REP,John Rogers,88
Houston,0025 WIREGRASS PARK,Commissioner of Agriculture and Industries,,REP,Christina Woerner McInnis,80
Houston,0025 WIREGRASS PARK,Commissioner of Agriculture and Industries,,REP,Cory Hill,61
Houston,0025 WIREGRASS PARK,Commissioner of Agriculture and Industries,,REP,Jack Williams,54
Houston,0025 WIREGRASS PARK,Governor,,REP,"""Alabama"" Will Santivasci",8
Houston,0025 WIREGRASS PARK,Governor,,REP,Ken McFeeters,18
Houston,0025 WIREGRASS PARK,Governor,,REP,Thomas Tuberville,182
Houston,0025 WIREGRASS PARK,Houston County Coroner,,REP,Kendall Glover,176
Houston,0025 WIREGRASS PARK,Houston County Coroner,,REP,Tony Diaz,32
Houston,0025 WIREGRASS PARK,Houston County Revenue Commissioner,,REP,Greg Holland,138
Houston,0025 WIREGRASS PARK,Houston County Revenue Commissioner,,REP,Richard Talley,59
Houston,0025 WIREGRASS PARK,Lieutenant Governor,,REP,George Childress,1
Houston,0025 WIREGRASS PARK,Lieutenant Governor,,REP,John Wahl,108
Houston,0025 WIREGRASS PARK,Lieutenant Governor,,REP,Nicole Jones Wadsworth,12
Houston,0025 WIREGRASS PARK,Lieutenant Governor,,REP,Pat Bishop,3
Houston,0025 WIREGRASS PARK,Lieutenant Governor,,REP,Rick Pate,9
Houston,0025 WIREGRASS PARK,Lieutenant Governor,,REP,Stewart Hill Tankersley,3
Houston,0025 WIREGRASS PARK,Lieutenant Governor,,REP,Wes Allen,66
Houston,0025 WIREGRASS PARK,"Member, Houston County Commission, District No. 1",,REP,Bobby Lewis,40
Houston,0025 WIREGRASS PARK,"Member, Houston County Commission, District No. 1",,REP,Jeffery A. Williams,40
Houston,0025 WIREGRASS PARK,"Member, Houston County Commission, District No. 2",,REP,Chris Love,39
Houston,0025 WIREGRASS PARK,"Member, Houston County Commission, District No. 2",,REP,Tracy Adams,70
Houston,0025 WIREGRASS PARK,"Member, Houston County Commission, District No. 2",,REP,Whitney Ingram Strength,9
Houston,0025 WIREGRASS PARK,"Public Service Commission, Place No. 1",,REP,Jeremy H. Oden,29
Houston,0025 WIREGRASS PARK,"Public Service Commission, Place No. 1",,REP,Matt Gentry,150
Houston,0025 WIREGRASS PARK,"Public Service Commission, Place No. 2",,REP,Brent Woodall,33
Houston,0025 WIREGRASS PARK,"Public Service Commission, Place No. 2",,REP,Chris Beeker,26
Houston,0025 WIREGRASS PARK,"Public Service Commission, Place No. 2",,REP,Jim Zig Zeigler,96
Houston,0025 WIREGRASS PARK,"Public Service Commission, Place No. 2",,REP,Priscilla Andrews,35
Houston,0025 WIREGRASS PARK,Secretary of State,,REP,Caroleene Dobson,106
Houston,0025 WIREGRASS PARK,Secretary of State,,REP,Christopher Christian Horn,54
Houston,0025 WIREGRASS PARK,Secretary of State,,REP,Glenda S. Jackson,30
Houston,0025 WIREGRASS PARK,State Auditor,,REP,Andrew Sorrell,159
Houston,0025 WIREGRASS PARK,State Auditor,,REP,Derek Chen,42
Houston,0025 WIREGRASS PARK,State House,,REP,David Money,108
Houston,0025 WIREGRASS PARK,State House,,REP,Rick Rehm,99
Houston,0025 WIREGRASS PARK,State Senate,29,REP,Donnie Chesteen,0
Houston,0025 WIREGRASS PARK,State Senate,29,REP,Val Glasgow Paul,0
Houston,0025 WIREGRASS PARK,State Senate,29,REP,Zachary J. Hurst,0
Houston,0025 WIREGRASS PARK,State Treasurer,,REP,Steve Lolley,57
Houston,0025 WIREGRASS PARK,State Treasurer,,REP,Young Boozer,137
Houston,0025 WIREGRASS PARK,U.S. House,1,REP,Austin Sidwell,8
Houston,0025 WIREGRASS PARK,U.S. House,1,REP,James (Jimmy) Dees,11
Houston,0025 WIREGRASS PARK,U.S. House,1,REP,James Richardson,16
Houston,0025 WIREGRASS PARK,U.S. House,1,REP,Jerry Carl,30
Houston,0025 WIREGRASS PARK,U.S. House,1,REP,John Mills,13
Houston,0025 WIREGRASS PARK,U.S. House,1,REP,Joshua McKee,22
Houston,0025 WIREGRASS PARK,U.S. House,1,REP,Rhett Marques,97
Houston,0025 WIREGRASS PARK,U.S. Senate,,REP,Barry Moore,159
Houston,0025 WIREGRASS PARK,U.S. Senate,,REP,Dale Shelton Deas Jr.,1
Houston,0025 WIREGRASS PARK,U.S. Senate,,REP,Jared Hudson,20
Houston,0025 WIREGRASS PARK,U.S. Senate,,REP,Morgan Murphy,2
Houston,0025 WIREGRASS PARK,U.S. Senate,,REP,Rodney Walker,1
Houston,0025 WIREGRASS PARK,U.S. Senate,,REP,Seth Burton,8
Houston,0025 WIREGRASS PARK,U.S. Senate,,REP,Steve Marshall,22
Houston,0026 DOTHAN 1ST ASSEMBLY CLC,Proposed Statewide Amendment 1,,,No,96
Houston,0026 DOTHAN 1ST ASSEMBLY CLC,Proposed Statewide Amendment 1,,,Yes,884
Houston,0026 DOTHAN 1ST ASSEMBLY CLC,Proposed Statewide Amendment 2,,,No,381
Houston,0026 DOTHAN 1ST ASSEMBLY CLC,Proposed Statewide Amendment 2,,,Yes,563
Houston,0026 DOTHAN 1ST ASSEMBLY CLC,Governor,,DEM,"Chad ""Chig"" Martin",9
Houston,0026 DOTHAN 1ST ASSEMBLY CLC,Governor,,DEM,Doug Jones,111
Houston,0026 DOTHAN 1ST ASSEMBLY CLC,Governor,,DEM,Jamel J. Brown,2
Houston,0026 DOTHAN 1ST ASSEMBLY CLC,Governor,,DEM,"Nathan ""Nate"" Mathis",4
Houston,0026 DOTHAN 1ST ASSEMBLY CLC,Governor,,DEM,Will Boyd,18
Houston,0026 DOTHAN 1ST ASSEMBLY CLC,Governor,,DEM,Yolanda Rochelle Flowers,8
Houston,0026 DOTHAN 1ST ASSEMBLY CLC,Lieutenant Governor,,DEM,Darryl D. Perryman,58
Houston,0026 DOTHAN 1ST ASSEMBLY CLC,Lieutenant Governor,,DEM,Phillip Ensler,83
Houston,0026 DOTHAN 1ST ASSEMBLY CLC,"Public Service Commission, Place No. 1",,DEM,James O. Gordon,65
Houston,0026 DOTHAN 1ST ASSEMBLY CLC,"Public Service Commission, Place No. 1",,DEM,Jeff Ramsey,50
Houston,0026 DOTHAN 1ST ASSEMBLY CLC,"Public Service Commission, Place No. 1",,DEM,John Northrop,19
Houston,0026 DOTHAN 1ST ASSEMBLY CLC,U.S. Senate,,DEM,Dakarai Larriett,54
Houston,0026 DOTHAN 1ST ASSEMBLY CLC,U.S. Senate,,DEM,Everett Wess,33
Houston,0026 DOTHAN 1ST ASSEMBLY CLC,U.S. Senate,,DEM,Kyle Sweetser,23
Houston,0026 DOTHAN 1ST ASSEMBLY CLC,U.S. Senate,,DEM,Mark S. Wheeler II,31
Houston,0026 DOTHAN 1ST ASSEMBLY CLC,Attorney General,,REP,Jay Mitchell,281
Houston,0026 DOTHAN 1ST ASSEMBLY CLC,Attorney General,,REP,Katherine Robertson,373
Houston,0026 DOTHAN 1ST ASSEMBLY CLC,Attorney General,,REP,Pamela L. Casey,137
Houston,0026 DOTHAN 1ST ASSEMBLY CLC,"Chairman, Houston County Commission",,REP,Brandon Shoupe,586
Houston,0026 DOTHAN 1ST ASSEMBLY CLC,"Chairman, Houston County Commission",,REP,John Rogers,217
Houston,0026 DOTHAN 1ST ASSEMBLY CLC,Commissioner of Agriculture and Industries,,REP,Christina Woerner McInnis,251
Houston,0026 DOTHAN 1ST ASSEMBLY CLC,Commissioner of Agriculture and Industries,,REP,Cory Hill,255
Houston,0026 DOTHAN 1ST ASSEMBLY CLC,Commissioner of Agriculture and Industries,,REP,Jack Williams,224
Houston,0026 DOTHAN 1ST ASSEMBLY CLC,Governor,,REP,"""Alabama"" Will Santivasci",24
Houston,0026 DOTHAN 1ST ASSEMBLY CLC,Governor,,REP,Ken McFeeters,59
Houston,0026 DOTHAN 1ST ASSEMBLY CLC,Governor,,REP,Thomas Tuberville,750
Houston,0026 DOTHAN 1ST ASSEMBLY CLC,Houston County Coroner,,REP,Kendall Glover,653
Houston,0026 DOTHAN 1ST ASSEMBLY CLC,Houston County Coroner,,REP,Tony Diaz,147
Houston,0026 DOTHAN 1ST ASSEMBLY CLC,Houston County Revenue Commissioner,,REP,Greg Holland,555
Houston,0026 DOTHAN 1ST ASSEMBLY CLC,Houston County Revenue Commissioner,,REP,Richard Talley,220
Houston,0026 DOTHAN 1ST ASSEMBLY CLC,Lieutenant Governor,,REP,George Childress,13
Houston,0026 DOTHAN 1ST ASSEMBLY CLC,Lieutenant Governor,,REP,John Wahl,359
Houston,0026 DOTHAN 1ST ASSEMBLY CLC,Lieutenant Governor,,REP,Nicole Jones Wadsworth,45
Houston,0026 DOTHAN 1ST ASSEMBLY CLC,Lieutenant Governor,,REP,Pat Bishop,20
Houston,0026 DOTHAN 1ST ASSEMBLY CLC,Lieutenant Governor,,REP,Rick Pate,50
Houston,0026 DOTHAN 1ST ASSEMBLY CLC,Lieutenant Governor,,REP,Stewart Hill Tankersley,18
Houston,0026 DOTHAN 1ST ASSEMBLY CLC,Lieutenant Governor,,REP,Wes Allen,314
Houston,0026 DOTHAN 1ST ASSEMBLY CLC,"Public Service Commission, Place No. 1",,REP,Jeremy H. Oden,127
Houston,0026 DOTHAN 1ST ASSEMBLY CLC,"Public Service Commission, Place No. 1",,REP,Matt Gentry,559
Houston,0026 DOTHAN 1ST ASSEMBLY CLC,"Public Service Commission, Place No. 2",,REP,Brent Woodall,146
Houston,0026 DOTHAN 1ST ASSEMBLY CLC,"Public Service Commission, Place No. 2",,REP,Chris Beeker,137
Houston,0026 DOTHAN 1ST ASSEMBLY CLC,"Public Service Commission, Place No. 2",,REP,Jim Zig Zeigler,357
Houston,0026 DOTHAN 1ST ASSEMBLY CLC,"Public Service Commission, Place No. 2",,REP,Priscilla Andrews,100
Houston,0026 DOTHAN 1ST ASSEMBLY CLC,Secretary of State,,REP,Caroleene Dobson,509
Houston,0026 DOTHAN 1ST ASSEMBLY CLC,Secretary of State,,REP,Christopher Christian Horn,164
Houston,0026 DOTHAN 1ST ASSEMBLY CLC,Secretary of State,,REP,Glenda S. Jackson,69
Houston,0026 DOTHAN 1ST ASSEMBLY CLC,State Auditor,,REP,Andrew Sorrell,589
Houston,0026 DOTHAN 1ST ASSEMBLY CLC,State Auditor,,REP,Derek Chen,170
Houston,0026 DOTHAN 1ST ASSEMBLY CLC,State Senate,29,REP,Donnie Chesteen,652
Houston,0026 DOTHAN 1ST ASSEMBLY CLC,State Senate,29,REP,Val Glasgow Paul,21
Houston,0026 DOTHAN 1ST ASSEMBLY CLC,State Senate,29,REP,Zachary J. Hurst,92
Houston,0026 DOTHAN 1ST ASSEMBLY CLC,State Treasurer,,REP,Steve Lolley,196
Houston,0026 DOTHAN 1ST ASSEMBLY CLC,State Treasurer,,REP,Young Boozer,580
Houston,0026 DOTHAN 1ST ASSEMBLY CLC,U.S. House,1,REP,Austin Sidwell,29
Houston,0026 DOTHAN 1ST ASSEMBLY CLC,U.S. House,1,REP,James (Jimmy) Dees,34
Houston,0026 DOTHAN 1ST ASSEMBLY CLC,U.S. House,1,REP,James Richardson,30
Houston,0026 DOTHAN 1ST ASSEMBLY CLC,U.S. House,1,REP,Jerry Carl,96
Houston,0026 DOTHAN 1ST ASSEMBLY CLC,U.S. House,1,REP,John Mills,32
Houston,0026 DOTHAN 1ST ASSEMBLY CLC,U.S. House,1,REP,Joshua McKee,74
Houston,0026 DOTHAN 1ST ASSEMBLY CLC,U.S. House,1,REP,Rhett Marques,477
Houston,0026 DOTHAN 1ST ASSEMBLY CLC,U.S. Senate,,REP,Barry Moore,592
Houston,0026 DOTHAN 1ST ASSEMBLY CLC,U.S. Senate,,REP,Dale Shelton Deas Jr.,10
Houston,0026 DOTHAN 1ST ASSEMBLY CLC,U.S. Senate,,REP,Jared Hudson,109
Houston,0026 DOTHAN 1ST ASSEMBLY CLC,U.S. Senate,,REP,Morgan Murphy,6
Houston,0026 DOTHAN 1ST ASSEMBLY CLC,U.S. Senate,,REP,Rodney Walker,11
Houston,0026 DOTHAN 1ST ASSEMBLY CLC,U.S. Senate,,REP,Seth Burton,12
Houston,0026 DOTHAN 1ST ASSEMBLY CLC,U.S. Senate,,REP,Steve Marshall,104
Houston,0027 MT. GILEAD BAPT CH,Proposed Statewide Amendment 1,,,No,84
Houston,0027 MT. GILEAD BAPT CH,Proposed Statewide Amendment 1,,,Yes,834
Houston,0027 MT. GILEAD BAPT CH,Proposed Statewide Amendment 2,,,No,347
Houston,0027 MT. GILEAD BAPT CH,Proposed Statewide Amendment 2,,,Yes,543
Houston,0027 MT. GILEAD BAPT CH,Governor,,DEM,"Chad ""Chig"" Martin",10
Houston,0027 MT. GILEAD BAPT CH,Governor,,DEM,Doug Jones,118
Houston,0027 MT. GILEAD BAPT CH,Governor,,DEM,Jamel J. Brown,8
Houston,0027 MT. GILEAD BAPT CH,Governor,,DEM,"Nathan ""Nate"" Mathis",3
Houston,0027 MT. GILEAD BAPT CH,Governor,,DEM,Will Boyd,27
Houston,0027 MT. GILEAD BAPT CH,Governor,,DEM,Yolanda Rochelle Flowers,13
Houston,0027 MT. GILEAD BAPT CH,Lieutenant Governor,,DEM,Darryl D. Perryman,87
Houston,0027 MT. GILEAD BAPT CH,Lieutenant Governor,,DEM,Phillip Ensler,82
Houston,0027 MT. GILEAD BAPT CH,"Public Service Commission, Place No. 1",,DEM,James O. Gordon,72
Houston,0027 MT. GILEAD BAPT CH,"Public Service Commission, Place No. 1",,DEM,Jeff Ramsey,66
Houston,0027 MT. GILEAD BAPT CH,"Public Service Commission, Place No. 1",,DEM,John Northrop,30
Houston,0027 MT. GILEAD BAPT CH,U.S. Senate,,DEM,Dakarai Larriett,78
Houston,0027 MT. GILEAD BAPT CH,U.S. Senate,,DEM,Everett Wess,41
Houston,0027 MT. GILEAD BAPT CH,U.S. Senate,,DEM,Kyle Sweetser,16
Houston,0027 MT. GILEAD BAPT CH,U.S. Senate,,DEM,Mark S. Wheeler II,38
Houston,0027 MT. GILEAD BAPT CH,Attorney General,,REP,Jay Mitchell,269
Houston,0027 MT. GILEAD BAPT CH,Attorney General,,REP,Katherine Robertson,333
Houston,0027 MT. GILEAD BAPT CH,Attorney General,,REP,Pamela L. Casey,106
Houston,0027 MT. GILEAD BAPT CH,"Chairman, Houston County Commission",,REP,Brandon Shoupe,522
Houston,0027 MT. GILEAD BAPT CH,"Chairman, Houston County Commission",,REP,John Rogers,198
Houston,0027 MT. GILEAD BAPT CH,Commissioner of Agriculture and Industries,,REP,Christina Woerner McInnis,254
Houston,0027 MT. GILEAD BAPT CH,Commissioner of Agriculture and Industries,,REP,Cory Hill,223
Houston,0027 MT. GILEAD BAPT CH,Commissioner of Agriculture and Industries,,REP,Jack Williams,182
Houston,0027 MT. GILEAD BAPT CH,Governor,,REP,"""Alabama"" Will Santivasci",30
Houston,0027 MT. GILEAD BAPT CH,Governor,,REP,Ken McFeeters,44
Houston,0027 MT. GILEAD BAPT CH,Governor,,REP,Thomas Tuberville,664
Houston,0027 MT. GILEAD BAPT CH,Houston County Coroner,,REP,Kendall Glover,586
Houston,0027 MT. GILEAD BAPT CH,Houston County Coroner,,REP,Tony Diaz,139
Houston,0027 MT. GILEAD BAPT CH,Houston County Revenue Commissioner,,REP,Greg Holland,445
Houston,0027 MT. GILEAD BAPT CH,Houston County Revenue Commissioner,,REP,Richard Talley,264
Houston,0027 MT. GILEAD BAPT CH,Lieutenant Governor,,REP,George Childress,13
Houston,0027 MT. GILEAD BAPT CH,Lieutenant Governor,,REP,John Wahl,310
Houston,0027 MT. GILEAD BAPT CH,Lieutenant Governor,,REP,Nicole Jones Wadsworth,30
Houston,0027 MT. GILEAD BAPT CH,Lieutenant Governor,,REP,Pat Bishop,21
Houston,0027 MT. GILEAD BAPT CH,Lieutenant Governor,,REP,Rick Pate,46
Houston,0027 MT. GILEAD BAPT CH,Lieutenant Governor,,REP,Stewart Hill Tankersley,24
Houston,0027 MT. GILEAD BAPT CH,Lieutenant Governor,,REP,Wes Allen,282
Houston,0027 MT. GILEAD BAPT CH,"Member, Houston County Commission, District No. 3",,REP,Ashley E. Enfinger,288
Houston,0027 MT. GILEAD BAPT CH,"Member, Houston County Commission, District No. 3",,REP,Taylor Knight,278
Houston,0027 MT. GILEAD BAPT CH,"Public Service Commission, Place No. 1",,REP,Jeremy H. Oden,108
Houston,0027 MT. GILEAD BAPT CH,"Public Service Commission, Place No. 1",,REP,Matt Gentry,524
Houston,0027 MT. GILEAD BAPT CH,"Public Service Commission, Place No. 2",,REP,Brent Woodall,105
Houston,0027 MT. GILEAD BAPT CH,"Public Service Commission, Place No. 2",,REP,Chris Beeker,146
Houston,0027 MT. GILEAD BAPT CH,"Public Service Commission, Place No. 2",,REP,Jim Zig Zeigler,308
Houston,0027 MT. GILEAD BAPT CH,"Public Service Commission, Place No. 2",,REP,Priscilla Andrews,119
Houston,0027 MT. GILEAD BAPT CH,Secretary of State,,REP,Caroleene Dobson,452
Houston,0027 MT. GILEAD BAPT CH,Secretary of State,,REP,Christopher Christian Horn,154
Houston,0027 MT. GILEAD BAPT CH,Secretary of State,,REP,Glenda S. Jackson,68
Houston,0027 MT. GILEAD BAPT CH,State Auditor,,REP,Andrew Sorrell,493
Houston,0027 MT. GILEAD BAPT CH,State Auditor,,REP,Derek Chen,188
Houston,0027 MT. GILEAD BAPT CH,State Senate,29,REP,Donnie Chesteen,597
Houston,0027 MT. GILEAD BAPT CH,State Senate,29,REP,Val Glasgow Paul,24
Houston,0027 MT. GILEAD BAPT CH,State Senate,29,REP,Zachary J. Hurst,73
Houston,0027 MT. GILEAD BAPT CH,State Treasurer,,REP,Steve Lolley,172
Houston,0027 MT. GILEAD BAPT CH,State Treasurer,,REP,Young Boozer,524
Houston,0027 MT. GILEAD BAPT CH,U.S. House,1,REP,Austin Sidwell,30
Houston,0027 MT. GILEAD BAPT CH,U.S. House,1,REP,James (Jimmy) Dees,37
Houston,0027 MT. GILEAD BAPT CH,U.S. House,1,REP,James Richardson,49
Houston,0027 MT. GILEAD BAPT CH,U.S. House,1,REP,Jerry Carl,110
Houston,0027 MT. GILEAD BAPT CH,U.S. House,1,REP,John Mills,33
Houston,0027 MT. GILEAD BAPT CH,U.S. House,1,REP,Joshua McKee,53
Houston,0027 MT. GILEAD BAPT CH,U.S. House,1,REP,Rhett Marques,369
Houston,0027 MT. GILEAD BAPT CH,U.S. Senate,,REP,Barry Moore,531
Houston,0027 MT. GILEAD BAPT CH,U.S. Senate,,REP,Dale Shelton Deas Jr.,13
Houston,0027 MT. GILEAD BAPT CH,U.S. Senate,,REP,Jared Hudson,98
Houston,0027 MT. GILEAD BAPT CH,U.S. Senate,,REP,Morgan Murphy,3
Houston,0027 MT. GILEAD BAPT CH,U.S. Senate,,REP,Rodney Walker,9
Houston,0027 MT. GILEAD BAPT CH,U.S. Senate,,REP,Seth Burton,15
Houston,0027 MT. GILEAD BAPT CH,U.S. Senate,,REP,Steve Marshall,68
Houston,0028 ABSENTEE,Proposed Statewide Amendment 1,,,No,24
Houston,0028 ABSENTEE,Proposed Statewide Amendment 1,,,Yes,201
Houston,0028 ABSENTEE,Proposed Statewide Amendment 2,,,No,90
Houston,0028 ABSENTEE,Proposed Statewide Amendment 2,,,Yes,125
Houston,0028 ABSENTEE,Governor,,DEM,"Chad ""Chig"" Martin",0
Houston,0028 ABSENTEE,Governor,,DEM,Doug Jones,32
Houston,0028 ABSENTEE,Governor,,DEM,Jamel J. Brown,2
Houston,0028 ABSENTEE,Governor,,DEM,"Nathan ""Nate"" Mathis",1
Houston,0028 ABSENTEE,Governor,,DEM,Will Boyd,5
Houston,0028 ABSENTEE,Governor,,DEM,Yolanda Rochelle Flowers,6
Houston,0028 ABSENTEE,Lieutenant Governor,,DEM,Darryl D. Perryman,18
Houston,0028 ABSENTEE,Lieutenant Governor,,DEM,Phillip Ensler,25
Houston,0028 ABSENTEE,"Member, Houston County Commission, District No. 1",,DEM,Unverified Candidate 1,3
Houston,0028 ABSENTEE,"Member, Houston County Commission, District No. 1",,DEM,Unverified Candidate 2,11
Houston,0028 ABSENTEE,"Public Service Commission, Place No. 1",,DEM,James O. Gordon,18
Houston,0028 ABSENTEE,"Public Service Commission, Place No. 1",,DEM,Jeff Ramsey,9
Houston,0028 ABSENTEE,"Public Service Commission, Place No. 1",,DEM,John Northrop,16
Houston,0028 ABSENTEE,State Democratic Executive Committee,,DEM,Earl Jones,3
Houston,0028 ABSENTEE,State Democratic Executive Committee,,DEM,Larry E Matthews,14
Houston,0028 ABSENTEE,State Democratic Executive Committee,,DEM,Letetia Daniels Jackson,17
Houston,0028 ABSENTEE,State Democratic Executive Committee,,DEM,Sherri Johnson,1
Houston,0028 ABSENTEE,U.S. Senate,,DEM,Dakarai Larriett,9
Houston,0028 ABSENTEE,U.S. Senate,,DEM,Everett Wess,16
Houston,0028 ABSENTEE,U.S. Senate,,DEM,Kyle Sweetser,10
Houston,0028 ABSENTEE,U.S. Senate,,DEM,Mark S. Wheeler II,9
Houston,0028 ABSENTEE,Attorney General,,REP,Jay Mitchell,52
Houston,0028 ABSENTEE,Attorney General,,REP,Katherine Robertson,85
Houston,0028 ABSENTEE,Attorney General,,REP,Pamela L. Casey,36
Houston,0028 ABSENTEE,"Chairman, Houston County Commission",,REP,Brandon Shoupe,112
Houston,0028 ABSENTEE,"Chairman, Houston County Commission",,REP,John Rogers,66
Houston,0028 ABSENTEE,Commissioner of Agriculture and Industries,,REP,Christina Woerner McInnis,43
Houston,0028 ABSENTEE,Commissioner of Agriculture and Industries,,REP,Cory Hill,66
Houston,0028 ABSENTEE,Commissioner of Agriculture and Industries,,REP,Jack Williams,48
Houston,0028 ABSENTEE,Governor,,REP,"""Alabama"" Will Santivasci",6
Houston,0028 ABSENTEE,Governor,,REP,Ken McFeeters,17
Houston,0028 ABSENTEE,Governor,,REP,Thomas Tuberville,155
Houston,0028 ABSENTEE,Houston County Coroner,,REP,Kendall Glover,155
Houston,0028 ABSENTEE,Houston County Coroner,,REP,Tony Diaz,22
Houston,0028 ABSENTEE,Houston County Revenue Commissioner,,REP,Greg Holland,125
Houston,0028 ABSENTEE,Houston County Revenue Commissioner,,REP,Richard Talley,50
Houston,0028 ABSENTEE,Lieutenant Governor,,REP,George Childress,5
Houston,0028 ABSENTEE,Lieutenant Governor,,REP,John Wahl,38
Houston,0028 ABSENTEE,Lieutenant Governor,,REP,Nicole Jones Wadsworth,11
Houston,0028 ABSENTEE,Lieutenant Governor,,REP,Pat Bishop,10
Houston,0028 ABSENTEE,Lieutenant Governor,,REP,Rick Pate,6
Houston,0028 ABSENTEE,Lieutenant Governor,,REP,Stewart Hill Tankersley,10
Houston,0028 ABSENTEE,Lieutenant Governor,,REP,Wes Allen,89
Houston,0028 ABSENTEE,"Member, Houston County Board of Education, District No. 2",,REP,Jessica L. Granger,3
Houston,0028 ABSENTEE,"Member, Houston County Board of Education, District No. 2",,REP,Ricky Moore,3
Houston,0028 ABSENTEE,"Member, Houston County Board of Education, District No. 2",,REP,Scott Long,9
Houston,0028 ABSENTEE,"Member, Houston County Commission, District No. 1",,REP,Bobby Lewis,10
Houston,0028 ABSENTEE,"Member, Houston County Commission, District No. 1",,REP,Jeffery A. Williams,13
Houston,0028 ABSENTEE,"Member, Houston County Commission, District No. 2",,REP,Chris Love,13
Houston,0028 ABSENTEE,"Member, Houston County Commission, District No. 2",,REP,Tracy Adams,13
Houston,0028 ABSENTEE,"Member, Houston County Commission, District No. 2",,REP,Whitney Ingram Strength,4
Houston,0028 ABSENTEE,"Member, Houston County Commission, District No. 3",,REP,Ashley E. Enfinger,36
Houston,0028 ABSENTEE,"Member, Houston County Commission, District No. 3",,REP,Taylor Knight,18
Houston,0028 ABSENTEE,"Public Service Commission, Place No. 1",,REP,Jeremy H. Oden,50
Houston,0028 ABSENTEE,"Public Service Commission, Place No. 1",,REP,Matt Gentry,104
Houston,0028 ABSENTEE,"Public Service Commission, Place No. 2",,REP,Brent Woodall,35
Houston,0028 ABSENTEE,"Public Service Commission, Place No. 2",,REP,Chris Beeker,38
Houston,0028 ABSENTEE,"Public Service Commission, Place No. 2",,REP,Jim Zig Zeigler,65
Houston,0028 ABSENTEE,"Public Service Commission, Place No. 2",,REP,Priscilla Andrews,23
Houston,0028 ABSENTEE,Secretary of State,,REP,Caroleene Dobson,97
Houston,0028 ABSENTEE,Secretary of State,,REP,Christopher Christian Horn,48
Houston,0028 ABSENTEE,Secretary of State,,REP,Glenda S. Jackson,25
Houston,0028 ABSENTEE,State Auditor,,REP,Andrew Sorrell,126
Houston,0028 ABSENTEE,State Auditor,,REP,Derek Chen,37
Houston,0028 ABSENTEE,State House,,REP,David Money,15
Houston,0028 ABSENTEE,State House,,REP,Rick Rehm,12
Houston,0028 ABSENTEE,State House,93,REP,Steve Clouse,31
Houston,0028 ABSENTEE,State House,93,REP,Stormin' Norman Horton,6
Houston,0028 ABSENTEE,State Senate,29,REP,Donnie Chesteen,127
Houston,0028 ABSENTEE,State Senate,29,REP,Val Glasgow Paul,5
Houston,0028 ABSENTEE,State Senate,29,REP,Zachary J. Hurst,14
Houston,0028 ABSENTEE,State Treasurer,,REP,Steve Lolley,56
Houston,0028 ABSENTEE,State Treasurer,,REP,Young Boozer,119
Houston,0028 ABSENTEE,U.S. House,1,REP,Austin Sidwell,7
Houston,0028 ABSENTEE,U.S. House,1,REP,James (Jimmy) Dees,8
Houston,0028 ABSENTEE,U.S. House,1,REP,James Richardson,5
Houston,0028 ABSENTEE,U.S. House,1,REP,Jerry Carl,19
Houston,0028 ABSENTEE,U.S. House,1,REP,John Mills,9
Houston,0028 ABSENTEE,U.S. House,1,REP,Joshua McKee,23
Houston,0028 ABSENTEE,U.S. House,1,REP,Rhett Marques,98
Houston,0028 ABSENTEE,U.S. Senate,,REP,Barry Moore,130
Houston,0028 ABSENTEE,U.S. Senate,,REP,Dale Shelton Deas Jr.,1
Houston,0028 ABSENTEE,U.S. Senate,,REP,Jared Hudson,20
Houston,0028 ABSENTEE,U.S. Senate,,REP,Morgan Murphy,4
Houston,0028 ABSENTEE,U.S. Senate,,REP,Rodney Walker,6
Houston,0028 ABSENTEE,U.S. Senate,,REP,Seth Burton,4
Houston,0028 ABSENTEE,U.S. Senate,,REP,Steve Marshall,15
Houston,0029 PROVISIONAL,Proposed Statewide Amendment 1,,,No,13
Houston,0029 PROVISIONAL,Proposed Statewide Amendment 1,,,Yes,43
Houston,0029 PROVISIONAL,Proposed Statewide Amendment 2,,,No,19
Houston,0029 PROVISIONAL,Proposed Statewide Amendment 2,,,Yes,34
Houston,0029 PROVISIONAL,Governor,,DEM,"Chad ""Chig"" Martin",0
Houston,0029 PROVISIONAL,Governor,,DEM,Doug Jones,12
Houston,0029 PROVISIONAL,Governor,,DEM,Jamel J. Brown,7
Houston,0029 PROVISIONAL,Governor,,DEM,"Nathan ""Nate"" Mathis",1
Houston,0029 PROVISIONAL,Governor,,DEM,Will Boyd,6
Houston,0029 PROVISIONAL,Governor,,DEM,Yolanda Rochelle Flowers,5
Houston,0029 PROVISIONAL,Lieutenant Governor,,DEM,Darryl D. Perryman,19
Houston,0029 PROVISIONAL,Lieutenant Governor,,DEM,Phillip Ensler,10
Houston,0029 PROVISIONAL,"Member, Houston County Commission, District No. 1",,DEM,Unverified Candidate 1,6
Houston,0029 PROVISIONAL,"Member, Houston County Commission, District No. 1",,DEM,Unverified Candidate 2,7
Houston,0029 PROVISIONAL,"Public Service Commission, Place No. 1",,DEM,James O. Gordon,14
Houston,0029 PROVISIONAL,"Public Service Commission, Place No. 1",,DEM,Jeff Ramsey,9
Houston,0029 PROVISIONAL,"Public Service Commission, Place No. 1",,DEM,John Northrop,6
Houston,0029 PROVISIONAL,State Democratic Executive Committee,,DEM,Earl Jones,3
Houston,0029 PROVISIONAL,State Democratic Executive Committee,,DEM,Larry E Matthews,8
Houston,0029 PROVISIONAL,State Democratic Executive Committee,,DEM,Letetia Daniels Jackson,9
Houston,0029 PROVISIONAL,State Democratic Executive Committee,,DEM,Sherri Johnson,2
Houston,0029 PROVISIONAL,U.S. Senate,,DEM,Dakarai Larriett,8
Houston,0029 PROVISIONAL,U.S. Senate,,DEM,Everett Wess,10
Houston,0029 PROVISIONAL,U.S. Senate,,DEM,Kyle Sweetser,5
Houston,0029 PROVISIONAL,U.S. Senate,,DEM,Mark S. Wheeler II,7
Houston,0029 PROVISIONAL,Attorney General,,REP,Jay Mitchell,7
Houston,0029 PROVISIONAL,Attorney General,,REP,Katherine Robertson,12
Houston,0029 PROVISIONAL,Attorney General,,REP,Pamela L. Casey,5
Houston,0029 PROVISIONAL,"Chairman, Houston County Commission",,REP,Brandon Shoupe,16
Houston,0029 PROVISIONAL,"Chairman, Houston County Commission",,REP,John Rogers,8
Houston,0029 PROVISIONAL,Commissioner of Agriculture and Industries,,REP,Christina Woerner McInnis,10
Houston,0029 PROVISIONAL,Commissioner of Agriculture and Industries,,REP,Cory Hill,11
Houston,0029 PROVISIONAL,Commissioner of Agriculture and Industries,,REP,Jack Williams,3
Houston,0029 PROVISIONAL,Governor,,REP,"""Alabama"" Will Santivasci",1
Houston,0029 PROVISIONAL,Governor,,REP,Ken McFeeters,1
Houston,0029 PROVISIONAL,Governor,,REP,Thomas Tuberville,24
Houston,0029 PROVISIONAL,Houston County Coroner,,REP,Kendall Glover,17
Houston,0029 PROVISIONAL,Houston County Coroner,,REP,Tony Diaz,8
Houston,0029 PROVISIONAL,Houston County Revenue Commissioner,,REP,Greg Holland,16
Houston,0029 PROVISIONAL,Houston County Revenue Commissioner,,REP,Richard Talley,9
Houston,0029 PROVISIONAL,Lieutenant Governor,,REP,George Childress,0
Houston,0029 PROVISIONAL,Lieutenant Governor,,REP,John Wahl,11
Houston,0029 PROVISIONAL,Lieutenant Governor,,REP,Nicole Jones Wadsworth,2
Houston,0029 PROVISIONAL,Lieutenant Governor,,REP,Pat Bishop,1
Houston,0029 PROVISIONAL,Lieutenant Governor,,REP,Rick Pate,1
Houston,0029 PROVISIONAL,Lieutenant Governor,,REP,Stewart Hill Tankersley,0
Houston,0029 PROVISIONAL,Lieutenant Governor,,REP,Wes Allen,10
Houston,0029 PROVISIONAL,"Member, Houston County Board of Education, District No. 2",,REP,Jessica L. Granger,1
Houston,0029 PROVISIONAL,"Member, Houston County Board of Education, District No. 2",,REP,Ricky Moore,0
Houston,0029 PROVISIONAL,"Member, Houston County Board of Education, District No. 2",,REP,Scott Long,0
Houston,0029 PROVISIONAL,"Member, Houston County Commission, District No. 1",,REP,Bobby Lewis,1
Houston,0029 PROVISIONAL,"Member, Houston County Commission, District No. 1",,REP,Jeffery A. Williams,1
Houston,0029 PROVISIONAL,"Member, Houston County Commission, District No. 2",,REP,Chris Love,0
Houston,0029 PROVISIONAL,"Member, Houston County Commission, District No. 2",,REP,Tracy Adams,2
Houston,0029 PROVISIONAL,"Member, Houston County Commission, District No. 2",,REP,Whitney Ingram Strength,1
Houston,0029 PROVISIONAL,"Member, Houston County Commission, District No. 3",,REP,Ashley E. Enfinger,8
Houston,0029 PROVISIONAL,"Member, Houston County Commission, District No. 3",,REP,Taylor Knight,3
Houston,0029 PROVISIONAL,"Public Service Commission, Place No. 1",,REP,Jeremy H. Oden,3
Houston,0029 PROVISIONAL,"Public Service Commission, Place No. 1",,REP,Matt Gentry,20
Houston,0029 PROVISIONAL,"Public Service Commission, Place No. 2",,REP,Brent Woodall,8
Houston,0029 PROVISIONAL,"Public Service Commission, Place No. 2",,REP,Chris Beeker,5
Houston,0029 PROVISIONAL,"Public Service Commission, Place No. 2",,REP,Jim Zig Zeigler,7
Houston,0029 PROVISIONAL,"Public Service Commission, Place No. 2",,REP,Priscilla Andrews,2
Houston,0029 PROVISIONAL,Secretary of State,,REP,Caroleene Dobson,12
Houston,0029 PROVISIONAL,Secretary of State,,REP,Christopher Christian Horn,6
Houston,0029 PROVISIONAL,Secretary of State,,REP,Glenda S. Jackson,4
Houston,0029 PROVISIONAL,State Auditor,,REP,Andrew Sorrell,19
Houston,0029 PROVISIONAL,State Auditor,,REP,Derek Chen,5
Houston,0029 PROVISIONAL,State House,,REP,David Money,0
Houston,0029 PROVISIONAL,State House,,REP,Rick Rehm,0
Houston,0029 PROVISIONAL,State House,93,REP,Steve Clouse,2
Houston,0029 PROVISIONAL,State House,93,REP,Stormin' Norman Horton,1
Houston,0029 PROVISIONAL,State Senate,29,REP,Donnie Chesteen,16
Houston,0029 PROVISIONAL,State Senate,29,REP,Val Glasgow Paul,0
Houston,0029 PROVISIONAL,State Senate,29,REP,Zachary J. Hurst,7
Houston,0029 PROVISIONAL,State Treasurer,,REP,Steve Lolley,8
Houston,0029 PROVISIONAL,State Treasurer,,REP,Young Boozer,15
Houston,0029 PROVISIONAL,U.S. House,1,REP,Austin Sidwell,1
Houston,0029 PROVISIONAL,U.S. House,1,REP,James (Jimmy) Dees,1
Houston,0029 PROVISIONAL,U.S. House,1,REP,James Richardson,1
Houston,0029 PROVISIONAL,U.S. House,1,REP,Jerry Carl,4
Houston,0029 PROVISIONAL,U.S. House,1,REP,John Mills,2
Houston,0029 PROVISIONAL,U.S. House,1,REP,Joshua McKee,6
Houston,0029 PROVISIONAL,U.S. House,1,REP,Rhett Marques,10
Houston,0029 PROVISIONAL,U.S. Senate,,REP,Barry Moore,15
Houston,0029 PROVISIONAL,U.S. Senate,,REP,Dale Shelton Deas Jr.,0
Houston,0029 PROVISIONAL,U.S. Senate,,REP,Jared Hudson,5
Houston,0029 PROVISIONAL,U.S. Senate,,REP,Morgan Murphy,1
Houston,0029 PROVISIONAL,U.S. Senate,,REP,Rodney Walker,0
Houston,0029 PROVISIONAL,U.S. Senate,,REP,Seth Burton,1
Houston,0029 PROVISIONAL,U.S. Senate,,REP,Steve Marshall,3
Houston,0030 ABSENTEE PROVISIONAL,Proposed Statewide Amendment 1,,,No,0
Houston,0030 ABSENTEE PROVISIONAL,Proposed Statewide Amendment 1,,,Yes,0
Houston,0030 ABSENTEE PROVISIONAL,Proposed Statewide Amendment 2,,,No,0
Houston,0030 ABSENTEE PROVISIONAL,Proposed Statewide Amendment 2,,,Yes,0
Houston,0030 ABSENTEE PROVISIONAL,Governor,,DEM,"Chad ""Chig"" Martin",0
Houston,0030 ABSENTEE PROVISIONAL,Governor,,DEM,Doug Jones,0
Houston,0030 ABSENTEE PROVISIONAL,Governor,,DEM,Jamel J. Brown,0
Houston,0030 ABSENTEE PROVISIONAL,Governor,,DEM,"Nathan ""Nate"" Mathis",0
Houston,0030 ABSENTEE PROVISIONAL,Governor,,DEM,Will Boyd,0
Houston,0030 ABSENTEE PROVISIONAL,Governor,,DEM,Yolanda Rochelle Flowers,0
Houston,0030 ABSENTEE PROVISIONAL,Lieutenant Governor,,DEM,Darryl D. Perryman,0
Houston,0030 ABSENTEE PROVISIONAL,Lieutenant Governor,,DEM,Phillip Ensler,0
Houston,0030 ABSENTEE PROVISIONAL,"Member, Houston County Commission, District No. 1",,DEM,Unverified Candidate 1,0
Houston,0030 ABSENTEE PROVISIONAL,"Member, Houston County Commission, District No. 1",,DEM,Unverified Candidate 2,0
Houston,0030 ABSENTEE PROVISIONAL,"Public Service Commission, Place No. 1",,DEM,James O. Gordon,0
Houston,0030 ABSENTEE PROVISIONAL,"Public Service Commission, Place No. 1",,DEM,Jeff Ramsey,0
Houston,0030 ABSENTEE PROVISIONAL,"Public Service Commission, Place No. 1",,DEM,John Northrop,0
Houston,0030 ABSENTEE PROVISIONAL,State Democratic Executive Committee,,DEM,Earl Jones,0
Houston,0030 ABSENTEE PROVISIONAL,State Democratic Executive Committee,,DEM,Larry E Matthews,0
Houston,0030 ABSENTEE PROVISIONAL,State Democratic Executive Committee,,DEM,Letetia Daniels Jackson,0
Houston,0030 ABSENTEE PROVISIONAL,State Democratic Executive Committee,,DEM,Sherri Johnson,0
Houston,0030 ABSENTEE PROVISIONAL,U.S. Senate,,DEM,Dakarai Larriett,0
Houston,0030 ABSENTEE PROVISIONAL,U.S. Senate,,DEM,Everett Wess,0
Houston,0030 ABSENTEE PROVISIONAL,U.S. Senate,,DEM,Kyle Sweetser,0
Houston,0030 ABSENTEE PROVISIONAL,U.S. Senate,,DEM,Mark S. Wheeler II,0
Houston,0030 ABSENTEE PROVISIONAL,Attorney General,,REP,Jay Mitchell,0
Houston,0030 ABSENTEE PROVISIONAL,Attorney General,,REP,Katherine Robertson,0
Houston,0030 ABSENTEE PROVISIONAL,Attorney General,,REP,Pamela L. Casey,0
Houston,0030 ABSENTEE PROVISIONAL,"Chairman, Houston County Commission",,REP,Brandon Shoupe,0
Houston,0030 ABSENTEE PROVISIONAL,"Chairman, Houston County Commission",,REP,John Rogers,0
Houston,0030 ABSENTEE PROVISIONAL,Commissioner of Agriculture and Industries,,REP,Christina Woerner McInnis,0
Houston,0030 ABSENTEE PROVISIONAL,Commissioner of Agriculture and Industries,,REP,Cory Hill,0
Houston,0030 ABSENTEE PROVISIONAL,Commissioner of Agriculture and Industries,,REP,Jack Williams,0
Houston,0030 ABSENTEE PROVISIONAL,Governor,,REP,"""Alabama"" Will Santivasci",0
Houston,0030 ABSENTEE PROVISIONAL,Governor,,REP,Ken McFeeters,0
Houston,0030 ABSENTEE PROVISIONAL,Governor,,REP,Thomas Tuberville,0
Houston,0030 ABSENTEE PROVISIONAL,Houston County Coroner,,REP,Kendall Glover,0
Houston,0030 ABSENTEE PROVISIONAL,Houston County Coroner,,REP,Tony Diaz,0
Houston,0030 ABSENTEE PROVISIONAL,Houston County Revenue Commissioner,,REP,Greg Holland,0
Houston,0030 ABSENTEE PROVISIONAL,Lieutenant Governor,,REP,George Childress,0
Houston,0030 ABSENTEE PROVISIONAL,Lieutenant Governor,,REP,John Wahl,0
Houston,0030 ABSENTEE PROVISIONAL,Lieutenant Governor,,REP,Nicole Jones Wadsworth,0
Houston,0030 ABSENTEE PROVISIONAL,Lieutenant Governor,,REP,Pat Bishop,0
Houston,0030 ABSENTEE PROVISIONAL,Lieutenant Governor,,REP,Rick Pate,0
Houston,0030 ABSENTEE PROVISIONAL,Lieutenant Governor,,REP,Stewart Hill Tankersley,0
Houston,0030 ABSENTEE PROVISIONAL,Lieutenant Governor,,REP,Wes Allen,0
Houston,0030 ABSENTEE PROVISIONAL,"Member, Houston County Board of Education, District No. 2",,REP,Jessica L. Granger,0
Houston,0030 ABSENTEE PROVISIONAL,"Member, Houston County Board of Education, District No. 2",,REP,Ricky Moore,0
Houston,0030 ABSENTEE PROVISIONAL,"Member, Houston County Board of Education, District No. 2",,REP,Scott Long,0
Houston,0030 ABSENTEE PROVISIONAL,"Member, Houston County Commission, District No. 1",,REP,Bobby Lewis,0
Houston,0030 ABSENTEE PROVISIONAL,"Member, Houston County Commission, District No. 1",,REP,Jeffery A. Williams,0
Houston,0030 ABSENTEE PROVISIONAL,"Member, Houston County Commission, District No. 2",,REP,Chris Love,0
Houston,0030 ABSENTEE PROVISIONAL,"Member, Houston County Commission, District No. 2",,REP,Tracy Adams,0
Houston,0030 ABSENTEE PROVISIONAL,"Member, Houston County Commission, District No. 2",,REP,Whitney Ingram Strength,0
Houston,0030 ABSENTEE PROVISIONAL,"Member, Houston County Commission, District No. 3",,REP,Ashley E. Enfinger,0
Houston,0030 ABSENTEE PROVISIONAL,"Member, Houston County Commission, District No. 3",,REP,Taylor Knight,0
Houston,0030 ABSENTEE PROVISIONAL,"Public Service Commission, Place No. 1",,REP,Jeremy H. Oden,0
Houston,0030 ABSENTEE PROVISIONAL,"Public Service Commission, Place No. 1",,REP,Matt Gentry,0
Houston,0030 ABSENTEE PROVISIONAL,"Public Service Commission, Place No. 2",,REP,Brent Woodall,0
Houston,0030 ABSENTEE PROVISIONAL,"Public Service Commission, Place No. 2",,REP,Chris Beeker,0
Houston,0030 ABSENTEE PROVISIONAL,"Public Service Commission, Place No. 2",,REP,Jim Zig Zeigler,0
Houston,0030 ABSENTEE PROVISIONAL,"Public Service Commission, Place No. 2",,REP,Priscilla Andrews,0
Houston,0030 ABSENTEE PROVISIONAL,Secretary of State,,REP,Caroleene Dobson,0
Houston,0030 ABSENTEE PROVISIONAL,Secretary of State,,REP,Christopher Christian Horn,0
Houston,0030 ABSENTEE PROVISIONAL,Secretary of State,,REP,Glenda S. Jackson,0
Houston,0030 ABSENTEE PROVISIONAL,State Auditor,,REP,Andrew Sorrell,0
Houston,0030 ABSENTEE PROVISIONAL,State Auditor,,REP,Derek Chen,0
Houston,0030 ABSENTEE PROVISIONAL,State House,,REP,David Money,0
Houston,0030 ABSENTEE PROVISIONAL,State House,,REP,Rick Rehm,0
Houston,0030 ABSENTEE PROVISIONAL,State House,93,REP,Steve Clouse,0
Houston,0030 ABSENTEE PROVISIONAL,State House,93,REP,Stormin' Norman Horton,0
Houston,0030 ABSENTEE PROVISIONAL,State Senate,29,REP,Donnie Chesteen,0
Houston,0030 ABSENTEE PROVISIONAL,State Senate,29,REP,Val Glasgow Paul,0
Houston,0030 ABSENTEE PROVISIONAL,State Senate,29,REP,Zachary J. Hurst,0
Houston,0030 ABSENTEE PROVISIONAL,State Treasurer,,REP,Steve Lolley,0
Houston,0030 ABSENTEE PROVISIONAL,State Treasurer,,REP,Young Boozer,0
Houston,0030 ABSENTEE PROVISIONAL,U.S. House,1,REP,Austin Sidwell,0
Houston,0030 ABSENTEE PROVISIONAL,U.S. House,1,REP,James (Jimmy) Dees,0
Houston,0030 ABSENTEE PROVISIONAL,U.S. House,1,REP,James Richardson,0
Houston,0030 ABSENTEE PROVISIONAL,U.S. House,1,REP,Jerry Carl,0
Houston,0030 ABSENTEE PROVISIONAL,U.S. House,1,REP,John Mills,0
Houston,0030 ABSENTEE PROVISIONAL,U.S. House,1,REP,Joshua McKee,0
Houston,0030 ABSENTEE PROVISIONAL,U.S. House,1,REP,Rhett Marques,0
Houston,0030 ABSENTEE PROVISIONAL,U.S. Senate,,REP,Barry Moore,0
Houston,0030 ABSENTEE PROVISIONAL,U.S. Senate,,REP,Dale Shelton Deas Jr.,0
Houston,0030 ABSENTEE PROVISIONAL,U.S. Senate,,REP,Jared Hudson,0
Houston,0030 ABSENTEE PROVISIONAL,U.S. Senate,,REP,Morgan Murphy,0
Houston,0030 ABSENTEE PROVISIONAL,U.S. Senate,,REP,Rodney Walker,0
Houston,0030 ABSENTEE PROVISIONAL,U.S. Senate,,REP,Seth Burton,0
Houston,0030 ABSENTEE PROVISIONAL,U.S. Senate,,REP,Steve Marshall,0
