county,precinct,office,district,party,candidate,votes
Chilton,0001 MAPLESVILLE LIBRARY,Proposed Statewide Amendment 1,,,No,58
Chilton,0001 MAPLESVILLE LIBRARY,Proposed Statewide Amendment 1,,,Yes,217
Chilton,0001 MAPLESVILLE LIBRARY,Proposed Statewide Amendment 2,,,No,143
Chilton,0001 MAPLESVILLE LIBRARY,Proposed Statewide Amendment 2,,,Yes,124
Chilton,0001 MAPLESVILLE LIBRARY,Governor,,DEM,"Chad ""Chig"" Martin",0
Chilton,0001 MAPLESVILLE LIBRARY,Governor,,DEM,Doug Jones,110
Chilton,0001 MAPLESVILLE LIBRARY,Governor,,DEM,Jamel J. Brown,3
Chilton,0001 MAPLESVILLE LIBRARY,Governor,,DEM,"Nathan ""Nate"" Mathis",1
Chilton,0001 MAPLESVILLE LIBRARY,Governor,,DEM,Will Boyd,5
Chilton,0001 MAPLESVILLE LIBRARY,Governor,,DEM,Yolanda Rochelle Flowers,3
Chilton,0001 MAPLESVILLE LIBRARY,Lieutenant Governor,,DEM,Darryl D. Perryman,32
Chilton,0001 MAPLESVILLE LIBRARY,Lieutenant Governor,,DEM,Phillip Ensler,75
Chilton,0001 MAPLESVILLE LIBRARY,"Public Service Commissioner, Place 1",,DEM,James O. Gordon,75
Chilton,0001 MAPLESVILLE LIBRARY,"Public Service Commissioner, Place 1",,DEM,Jeff Ramsey,23
Chilton,0001 MAPLESVILLE LIBRARY,"Public Service Commissioner, Place 1",,DEM,John Northrop,9
Chilton,0001 MAPLESVILLE LIBRARY,U.S. Senate,,DEM,Dakarai Larriett,35
Chilton,0001 MAPLESVILLE LIBRARY,U.S. Senate,,DEM,Everett Wess,60
Chilton,0001 MAPLESVILLE LIBRARY,U.S. Senate,,DEM,Kyle Sweetser,7
Chilton,0001 MAPLESVILLE LIBRARY,U.S. Senate,,DEM,Mark S. Wheeler II,5
Chilton,0001 MAPLESVILLE LIBRARY,Attorney General,,REP,Jay Mitchell,35
Chilton,0001 MAPLESVILLE LIBRARY,Attorney General,,REP,Katherine Robertson,78
Chilton,0001 MAPLESVILLE LIBRARY,Attorney General,,REP,Pamela L. Casey,40
Chilton,0001 MAPLESVILLE LIBRARY,Chilton County Revenue Commissioner,,REP,Brad Carter,64
Chilton,0001 MAPLESVILLE LIBRARY,Chilton County Revenue Commissioner,,REP,Evan Wyatt,29
Chilton,0001 MAPLESVILLE LIBRARY,Chilton County Revenue Commissioner,,REP,Michele Porter Headley,67
Chilton,0001 MAPLESVILLE LIBRARY,"Circuit Court Judge, 19Th Judicial Circuit, Place No",,REP,Carol Cook Carter,67
Chilton,0001 MAPLESVILLE LIBRARY,"Circuit Court Judge, 19Th Judicial Circuit, Place No",,REP,Bradley Earl Ekdahl,25
Chilton,0001 MAPLESVILLE LIBRARY,"Circuit Court Judge, 19Th Judicial Circuit, Place No",,REP,Ali Patterson,60
Chilton,0001 MAPLESVILLE LIBRARY,Commissioner of Agriculture and Industries,,REP,Christina Woerner McInnis,32
Chilton,0001 MAPLESVILLE LIBRARY,Commissioner of Agriculture and Industries,,REP,Cory Hill,82
Chilton,0001 MAPLESVILLE LIBRARY,Commissioner of Agriculture and Industries,,REP,Jack Williams,35
Chilton,0001 MAPLESVILLE LIBRARY,Governor,,REP,"""Alabama"" Will Santivasci",4
Chilton,0001 MAPLESVILLE LIBRARY,Governor,,REP,Ken McFeeters,9
Chilton,0001 MAPLESVILLE LIBRARY,Governor,,REP,Thomas Tuberville,150
Chilton,0001 MAPLESVILLE LIBRARY,Lieutenant Governor,,REP,George Childress,3
Chilton,0001 MAPLESVILLE LIBRARY,Lieutenant Governor,,REP,John Wahl,48
Chilton,0001 MAPLESVILLE LIBRARY,Lieutenant Governor,,REP,Nicole Jones Wadsworth,3
Chilton,0001 MAPLESVILLE LIBRARY,Lieutenant Governor,,REP,Pat Bishop,4
Chilton,0001 MAPLESVILLE LIBRARY,Lieutenant Governor,,REP,Rick Pate,4
Chilton,0001 MAPLESVILLE LIBRARY,Lieutenant Governor,,REP,Stewart Hill Tankersley,1
Chilton,0001 MAPLESVILLE LIBRARY,Lieutenant Governor,,REP,Wes Allen,97
Chilton,0001 MAPLESVILLE LIBRARY,"Public Service Commission, Place No. 1",,REP,Jeremy H. Oden,36
Chilton,0001 MAPLESVILLE LIBRARY,"Public Service Commission, Place No. 1",,REP,Matt Gentry,110
Chilton,0001 MAPLESVILLE LIBRARY,"Public Service Commission, Place No. 2",,REP,Brent Woodall,26
Chilton,0001 MAPLESVILLE LIBRARY,"Public Service Commission, Place No. 2",,REP,Chris Beeker,42
Chilton,0001 MAPLESVILLE LIBRARY,"Public Service Commission, Place No. 2",,REP,Jim Zig Zeigler,69
Chilton,0001 MAPLESVILLE LIBRARY,"Public Service Commission, Place No. 2",,REP,Priscilla Andrews,14
Chilton,0001 MAPLESVILLE LIBRARY,Secretary of State,,REP,Caroleene Dobson,86
Chilton,0001 MAPLESVILLE LIBRARY,Secretary of State,,REP,Christopher Christian Horn,27
Chilton,0001 MAPLESVILLE LIBRARY,Secretary of State,,REP,Glenda S. Jackson,27
Chilton,0001 MAPLESVILLE LIBRARY,State Auditor,,REP,Andrew Sorrell,89
Chilton,0001 MAPLESVILLE LIBRARY,State Auditor,,REP,Derek Chen,55
Chilton,0001 MAPLESVILLE LIBRARY,State Treasurer,,REP,Steve Lolley,46
Chilton,0001 MAPLESVILLE LIBRARY,State Treasurer,,REP,Young Boozer,102
Chilton,0001 MAPLESVILLE LIBRARY,"Superintendent, Chilton County Board of Education",,REP,Corey Clements,140
Chilton,0001 MAPLESVILLE LIBRARY,"Superintendent, Chilton County Board of Education",,REP,Jamie Gault,21
Chilton,0001 MAPLESVILLE LIBRARY,U.S. House,6,REP,Case Dixon,17
Chilton,0001 MAPLESVILLE LIBRARY,U.S. House,6,REP,Gary Palmer,140
Chilton,0001 MAPLESVILLE LIBRARY,U.S. Senate,,REP,Barry Moore,55
Chilton,0001 MAPLESVILLE LIBRARY,U.S. Senate,,REP,Dale Shelton Deas Jr.,4
Chilton,0001 MAPLESVILLE LIBRARY,U.S. Senate,,REP,Jared Hudson,42
Chilton,0001 MAPLESVILLE LIBRARY,U.S. Senate,,REP,Morgan Murphy,1
Chilton,0001 MAPLESVILLE LIBRARY,U.S. Senate,,REP,Rodney Walker,1
Chilton,0001 MAPLESVILLE LIBRARY,U.S. Senate,,REP,Seth Burton,1
Chilton,0001 MAPLESVILLE LIBRARY,U.S. Senate,,REP,Steve Marshall,51
Chilton,0002 HILLCREST BAPTIST CH,Proposed Statewide Amendment 1,,,No,19
Chilton,0002 HILLCREST BAPTIST CH,Proposed Statewide Amendment 1,,,Yes,257
Chilton,0002 HILLCREST BAPTIST CH,Proposed Statewide Amendment 2,,,No,117
Chilton,0002 HILLCREST BAPTIST CH,Proposed Statewide Amendment 2,,,Yes,149
Chilton,0002 HILLCREST BAPTIST CH,Governor,,DEM,"Chad ""Chig"" Martin",1
Chilton,0002 HILLCREST BAPTIST CH,Governor,,DEM,Doug Jones,35
Chilton,0002 HILLCREST BAPTIST CH,Governor,,DEM,Jamel J. Brown,1
Chilton,0002 HILLCREST BAPTIST CH,Governor,,DEM,"Nathan ""Nate"" Mathis",0
Chilton,0002 HILLCREST BAPTIST CH,Governor,,DEM,Will Boyd,3
Chilton,0002 HILLCREST BAPTIST CH,Governor,,DEM,Yolanda Rochelle Flowers,2
Chilton,0002 HILLCREST BAPTIST CH,Lieutenant Governor,,DEM,Darryl D. Perryman,25
Chilton,0002 HILLCREST BAPTIST CH,Lieutenant Governor,,DEM,Phillip Ensler,18
Chilton,0002 HILLCREST BAPTIST CH,"Public Service Commissioner, Place 1",,DEM,James O. Gordon,30
Chilton,0002 HILLCREST BAPTIST CH,"Public Service Commissioner, Place 1",,DEM,Jeff Ramsey,5
Chilton,0002 HILLCREST BAPTIST CH,"Public Service Commissioner, Place 1",,DEM,John Northrop,8
Chilton,0002 HILLCREST BAPTIST CH,U.S. Senate,,DEM,Dakarai Larriett,12
Chilton,0002 HILLCREST BAPTIST CH,U.S. Senate,,DEM,Everett Wess,20
Chilton,0002 HILLCREST BAPTIST CH,U.S. Senate,,DEM,Kyle Sweetser,3
Chilton,0002 HILLCREST BAPTIST CH,U.S. Senate,,DEM,Mark S. Wheeler II,7
Chilton,0002 HILLCREST BAPTIST CH,Attorney General,,REP,Jay Mitchell,64
Chilton,0002 HILLCREST BAPTIST CH,Attorney General,,REP,Katherine Robertson,127
Chilton,0002 HILLCREST BAPTIST CH,Attorney General,,REP,Pamela L. Casey,34
Chilton,0002 HILLCREST BAPTIST CH,Chilton County Revenue Commissioner,,REP,Brad Carter,97
Chilton,0002 HILLCREST BAPTIST CH,Chilton County Revenue Commissioner,,REP,Evan Wyatt,45
Chilton,0002 HILLCREST BAPTIST CH,Chilton County Revenue Commissioner,,REP,Michele Porter Headley,88
Chilton,0002 HILLCREST BAPTIST CH,"Circuit Court Judge, 19Th Judicial Circuit, Place No",,REP,Carol Cook Carter,89
Chilton,0002 HILLCREST BAPTIST CH,"Circuit Court Judge, 19Th Judicial Circuit, Place No",,REP,Bradley Earl Ekdahl,53
Chilton,0002 HILLCREST BAPTIST CH,"Circuit Court Judge, 19Th Judicial Circuit, Place No",,REP,Ali Patterson,79
Chilton,0002 HILLCREST BAPTIST CH,Commissioner of Agriculture and Industries,,REP,Christina Woerner McInnis,46
Chilton,0002 HILLCREST BAPTIST CH,Commissioner of Agriculture and Industries,,REP,Cory Hill,103
Chilton,0002 HILLCREST BAPTIST CH,Commissioner of Agriculture and Industries,,REP,Jack Williams,70
Chilton,0002 HILLCREST BAPTIST CH,Governor,,REP,"""Alabama"" Will Santivasci",3
Chilton,0002 HILLCREST BAPTIST CH,Governor,,REP,Ken McFeeters,6
Chilton,0002 HILLCREST BAPTIST CH,Governor,,REP,Thomas Tuberville,233
Chilton,0002 HILLCREST BAPTIST CH,Lieutenant Governor,,REP,George Childress,1
Chilton,0002 HILLCREST BAPTIST CH,Lieutenant Governor,,REP,John Wahl,85
Chilton,0002 HILLCREST BAPTIST CH,Lieutenant Governor,,REP,Nicole Jones Wadsworth,9
Chilton,0002 HILLCREST BAPTIST CH,Lieutenant Governor,,REP,Pat Bishop,4
Chilton,0002 HILLCREST BAPTIST CH,Lieutenant Governor,,REP,Rick Pate,2
Chilton,0002 HILLCREST BAPTIST CH,Lieutenant Governor,,REP,Stewart Hill Tankersley,0
Chilton,0002 HILLCREST BAPTIST CH,Lieutenant Governor,,REP,Wes Allen,129
Chilton,0002 HILLCREST BAPTIST CH,"Public Service Commission, Place No. 1",,REP,Jeremy H. Oden,54
Chilton,0002 HILLCREST BAPTIST CH,"Public Service Commission, Place No. 1",,REP,Matt Gentry,156
Chilton,0002 HILLCREST BAPTIST CH,"Public Service Commission, Place No. 2",,REP,Brent Woodall,32
Chilton,0002 HILLCREST BAPTIST CH,"Public Service Commission, Place No. 2",,REP,Chris Beeker,81
Chilton,0002 HILLCREST BAPTIST CH,"Public Service Commission, Place No. 2",,REP,Jim Zig Zeigler,96
Chilton,0002 HILLCREST BAPTIST CH,"Public Service Commission, Place No. 2",,REP,Priscilla Andrews,7
Chilton,0002 HILLCREST BAPTIST CH,Secretary of State,,REP,Caroleene Dobson,152
Chilton,0002 HILLCREST BAPTIST CH,Secretary of State,,REP,Christopher Christian Horn,34
Chilton,0002 HILLCREST BAPTIST CH,Secretary of State,,REP,Glenda S. Jackson,19
Chilton,0002 HILLCREST BAPTIST CH,State Auditor,,REP,Andrew Sorrell,137
Chilton,0002 HILLCREST BAPTIST CH,State Auditor,,REP,Derek Chen,79
Chilton,0002 HILLCREST BAPTIST CH,State Treasurer,,REP,Steve Lolley,51
Chilton,0002 HILLCREST BAPTIST CH,State Treasurer,,REP,Young Boozer,168
Chilton,0002 HILLCREST BAPTIST CH,"Superintendent, Chilton County Board of Education",,REP,Corey Clements,202
Chilton,0002 HILLCREST BAPTIST CH,"Superintendent, Chilton County Board of Education",,REP,Jamie Gault,30
Chilton,0002 HILLCREST BAPTIST CH,U.S. House,6,REP,Case Dixon,15
Chilton,0002 HILLCREST BAPTIST CH,U.S. House,6,REP,Gary Palmer,216
Chilton,0002 HILLCREST BAPTIST CH,U.S. Senate,,REP,Barry Moore,87
Chilton,0002 HILLCREST BAPTIST CH,U.S. Senate,,REP,Dale Shelton Deas Jr.,2
Chilton,0002 HILLCREST BAPTIST CH,U.S. Senate,,REP,Jared Hudson,46
Chilton,0002 HILLCREST BAPTIST CH,U.S. Senate,,REP,Morgan Murphy,1
Chilton,0002 HILLCREST BAPTIST CH,U.S. Senate,,REP,Rodney Walker,3
Chilton,0002 HILLCREST BAPTIST CH,U.S. Senate,,REP,Seth Burton,1
Chilton,0002 HILLCREST BAPTIST CH,U.S. Senate,,REP,Steve Marshall,94
Chilton,0003 FAIRVIEW FS,Proposed Statewide Amendment 1,,,No,37
Chilton,0003 FAIRVIEW FS,Proposed Statewide Amendment 1,,,Yes,246
Chilton,0003 FAIRVIEW FS,Proposed Statewide Amendment 2,,,No,133
Chilton,0003 FAIRVIEW FS,Proposed Statewide Amendment 2,,,Yes,145
Chilton,0003 FAIRVIEW FS,Governor,,DEM,"Chad ""Chig"" Martin",1
Chilton,0003 FAIRVIEW FS,Governor,,DEM,Doug Jones,17
Chilton,0003 FAIRVIEW FS,Governor,,DEM,Jamel J. Brown,0
Chilton,0003 FAIRVIEW FS,Governor,,DEM,"Nathan ""Nate"" Mathis",0
Chilton,0003 FAIRVIEW FS,Governor,,DEM,Will Boyd,3
Chilton,0003 FAIRVIEW FS,Governor,,DEM,Yolanda Rochelle Flowers,4
Chilton,0003 FAIRVIEW FS,Lieutenant Governor,,DEM,Darryl D. Perryman,12
Chilton,0003 FAIRVIEW FS,Lieutenant Governor,,DEM,Phillip Ensler,14
Chilton,0003 FAIRVIEW FS,"Public Service Commissioner, Place 1",,DEM,James O. Gordon,11
Chilton,0003 FAIRVIEW FS,"Public Service Commissioner, Place 1",,DEM,Jeff Ramsey,10
Chilton,0003 FAIRVIEW FS,"Public Service Commissioner, Place 1",,DEM,John Northrop,3
Chilton,0003 FAIRVIEW FS,U.S. Senate,,DEM,Dakarai Larriett,6
Chilton,0003 FAIRVIEW FS,U.S. Senate,,DEM,Everett Wess,10
Chilton,0003 FAIRVIEW FS,U.S. Senate,,DEM,Kyle Sweetser,5
Chilton,0003 FAIRVIEW FS,U.S. Senate,,DEM,Mark S. Wheeler II,5
Chilton,0003 FAIRVIEW FS,Attorney General,,REP,Jay Mitchell,74
Chilton,0003 FAIRVIEW FS,Attorney General,,REP,Katherine Robertson,121
Chilton,0003 FAIRVIEW FS,Attorney General,,REP,Pamela L. Casey,44
Chilton,0003 FAIRVIEW FS,Chilton County Revenue Commissioner,,REP,Brad Carter,72
Chilton,0003 FAIRVIEW FS,Chilton County Revenue Commissioner,,REP,Evan Wyatt,51
Chilton,0003 FAIRVIEW FS,Chilton County Revenue Commissioner,,REP,Michele Porter Headley,128
Chilton,0003 FAIRVIEW FS,"Circuit Court Judge, 19Th Judicial Circuit, Place No",,REP,Carol Cook Carter,85
Chilton,0003 FAIRVIEW FS,"Circuit Court Judge, 19Th Judicial Circuit, Place No",,REP,Bradley Earl Ekdahl,62
Chilton,0003 FAIRVIEW FS,"Circuit Court Judge, 19Th Judicial Circuit, Place No",,REP,Ali Patterson,88
Chilton,0003 FAIRVIEW FS,Commissioner of Agriculture and Industries,,REP,Christina Woerner McInnis,48
Chilton,0003 FAIRVIEW FS,Commissioner of Agriculture and Industries,,REP,Cory Hill,101
Chilton,0003 FAIRVIEW FS,Commissioner of Agriculture and Industries,,REP,Jack Williams,74
Chilton,0003 FAIRVIEW FS,Governor,,REP,"""Alabama"" Will Santivasci",14
Chilton,0003 FAIRVIEW FS,Governor,,REP,Ken McFeeters,12
Chilton,0003 FAIRVIEW FS,Governor,,REP,Thomas Tuberville,230
Chilton,0003 FAIRVIEW FS,Lieutenant Governor,,REP,George Childress,1
Chilton,0003 FAIRVIEW FS,Lieutenant Governor,,REP,John Wahl,87
Chilton,0003 FAIRVIEW FS,Lieutenant Governor,,REP,Nicole Jones Wadsworth,9
Chilton,0003 FAIRVIEW FS,Lieutenant Governor,,REP,Pat Bishop,1
Chilton,0003 FAIRVIEW FS,Lieutenant Governor,,REP,Rick Pate,26
Chilton,0003 FAIRVIEW FS,Lieutenant Governor,,REP,Stewart Hill Tankersley,6
Chilton,0003 FAIRVIEW FS,Lieutenant Governor,,REP,Wes Allen,112
Chilton,0003 FAIRVIEW FS,"Public Service Commission, Place No. 1",,REP,Jeremy H. Oden,54
Chilton,0003 FAIRVIEW FS,"Public Service Commission, Place No. 1",,REP,Matt Gentry,161
Chilton,0003 FAIRVIEW FS,"Public Service Commission, Place No. 2",,REP,Brent Woodall,49
Chilton,0003 FAIRVIEW FS,"Public Service Commission, Place No. 2",,REP,Chris Beeker,74
Chilton,0003 FAIRVIEW FS,"Public Service Commission, Place No. 2",,REP,Jim Zig Zeigler,87
Chilton,0003 FAIRVIEW FS,"Public Service Commission, Place No. 2",,REP,Priscilla Andrews,12
Chilton,0003 FAIRVIEW FS,Secretary of State,,REP,Caroleene Dobson,147
Chilton,0003 FAIRVIEW FS,Secretary of State,,REP,Christopher Christian Horn,52
Chilton,0003 FAIRVIEW FS,Secretary of State,,REP,Glenda S. Jackson,27
Chilton,0003 FAIRVIEW FS,State Auditor,,REP,Andrew Sorrell,145
Chilton,0003 FAIRVIEW FS,State Auditor,,REP,Derek Chen,77
Chilton,0003 FAIRVIEW FS,State Treasurer,,REP,Steve Lolley,60
Chilton,0003 FAIRVIEW FS,State Treasurer,,REP,Young Boozer,174
Chilton,0003 FAIRVIEW FS,"Superintendent, Chilton County Board of Education",,REP,Corey Clements,207
Chilton,0003 FAIRVIEW FS,"Superintendent, Chilton County Board of Education",,REP,Jamie Gault,45
Chilton,0003 FAIRVIEW FS,U.S. House,6,REP,Case Dixon,38
Chilton,0003 FAIRVIEW FS,U.S. House,6,REP,Gary Palmer,203
Chilton,0003 FAIRVIEW FS,U.S. Senate,,REP,Barry Moore,83
Chilton,0003 FAIRVIEW FS,U.S. Senate,,REP,Dale Shelton Deas Jr.,4
Chilton,0003 FAIRVIEW FS,U.S. Senate,,REP,Jared Hudson,70
Chilton,0003 FAIRVIEW FS,U.S. Senate,,REP,Morgan Murphy,1
Chilton,0003 FAIRVIEW FS,U.S. Senate,,REP,Rodney Walker,6
Chilton,0003 FAIRVIEW FS,U.S. Senate,,REP,Seth Burton,3
Chilton,0003 FAIRVIEW FS,U.S. Senate,,REP,Steve Marshall,73
Chilton,0004 ENTERPRISE FS,Proposed Statewide Amendment 1,,,No,43
Chilton,0004 ENTERPRISE FS,Proposed Statewide Amendment 1,,,Yes,308
Chilton,0004 ENTERPRISE FS,Proposed Statewide Amendment 2,,,No,159
Chilton,0004 ENTERPRISE FS,Proposed Statewide Amendment 2,,,Yes,175
Chilton,0004 ENTERPRISE FS,Governor,,DEM,"Chad ""Chig"" Martin",5
Chilton,0004 ENTERPRISE FS,Governor,,DEM,Doug Jones,41
Chilton,0004 ENTERPRISE FS,Governor,,DEM,Jamel J. Brown,3
Chilton,0004 ENTERPRISE FS,Governor,,DEM,"Nathan ""Nate"" Mathis",0
Chilton,0004 ENTERPRISE FS,Governor,,DEM,Will Boyd,9
Chilton,0004 ENTERPRISE FS,Governor,,DEM,Yolanda Rochelle Flowers,3
Chilton,0004 ENTERPRISE FS,Lieutenant Governor,,DEM,Darryl D. Perryman,30
Chilton,0004 ENTERPRISE FS,Lieutenant Governor,,DEM,Phillip Ensler,30
Chilton,0004 ENTERPRISE FS,"Public Service Commissioner, Place 1",,DEM,James O. Gordon,30
Chilton,0004 ENTERPRISE FS,"Public Service Commissioner, Place 1",,DEM,Jeff Ramsey,18
Chilton,0004 ENTERPRISE FS,"Public Service Commissioner, Place 1",,DEM,John Northrop,11
Chilton,0004 ENTERPRISE FS,U.S. Senate,,DEM,Dakarai Larriett,20
Chilton,0004 ENTERPRISE FS,U.S. Senate,,DEM,Everett Wess,17
Chilton,0004 ENTERPRISE FS,U.S. Senate,,DEM,Kyle Sweetser,6
Chilton,0004 ENTERPRISE FS,U.S. Senate,,DEM,Mark S. Wheeler II,17
Chilton,0004 ENTERPRISE FS,Attorney General,,REP,Jay Mitchell,79
Chilton,0004 ENTERPRISE FS,Attorney General,,REP,Katherine Robertson,131
Chilton,0004 ENTERPRISE FS,Attorney General,,REP,Pamela L. Casey,71
Chilton,0004 ENTERPRISE FS,Chilton County Revenue Commissioner,,REP,Brad Carter,114
Chilton,0004 ENTERPRISE FS,Chilton County Revenue Commissioner,,REP,Evan Wyatt,84
Chilton,0004 ENTERPRISE FS,Chilton County Revenue Commissioner,,REP,Michele Porter Headley,92
Chilton,0004 ENTERPRISE FS,"Circuit Court Judge, 19Th Judicial Circuit, Place No",,REP,Carol Cook Carter,142
Chilton,0004 ENTERPRISE FS,"Circuit Court Judge, 19Th Judicial Circuit, Place No",,REP,Bradley Earl Ekdahl,51
Chilton,0004 ENTERPRISE FS,"Circuit Court Judge, 19Th Judicial Circuit, Place No",,REP,Ali Patterson,85
Chilton,0004 ENTERPRISE FS,Commissioner of Agriculture and Industries,,REP,Christina Woerner McInnis,95
Chilton,0004 ENTERPRISE FS,Commissioner of Agriculture and Industries,,REP,Cory Hill,102
Chilton,0004 ENTERPRISE FS,Commissioner of Agriculture and Industries,,REP,Jack Williams,66
Chilton,0004 ENTERPRISE FS,Governor,,REP,"""Alabama"" Will Santivasci",9
Chilton,0004 ENTERPRISE FS,Governor,,REP,Ken McFeeters,9
Chilton,0004 ENTERPRISE FS,Governor,,REP,Thomas Tuberville,275
Chilton,0004 ENTERPRISE FS,Lieutenant Governor,,REP,George Childress,6
Chilton,0004 ENTERPRISE FS,Lieutenant Governor,,REP,John Wahl,108
Chilton,0004 ENTERPRISE FS,Lieutenant Governor,,REP,Nicole Jones Wadsworth,11
Chilton,0004 ENTERPRISE FS,Lieutenant Governor,,REP,Pat Bishop,7
Chilton,0004 ENTERPRISE FS,Lieutenant Governor,,REP,Rick Pate,26
Chilton,0004 ENTERPRISE FS,Lieutenant Governor,,REP,Stewart Hill Tankersley,10
Chilton,0004 ENTERPRISE FS,Lieutenant Governor,,REP,Wes Allen,117
Chilton,0004 ENTERPRISE FS,"Public Service Commission, Place No. 1",,REP,Jeremy H. Oden,65
Chilton,0004 ENTERPRISE FS,"Public Service Commission, Place No. 1",,REP,Matt Gentry,193
Chilton,0004 ENTERPRISE FS,"Public Service Commission, Place No. 2",,REP,Brent Woodall,47
Chilton,0004 ENTERPRISE FS,"Public Service Commission, Place No. 2",,REP,Chris Beeker,89
Chilton,0004 ENTERPRISE FS,"Public Service Commission, Place No. 2",,REP,Jim Zig Zeigler,95
Chilton,0004 ENTERPRISE FS,"Public Service Commission, Place No. 2",,REP,Priscilla Andrews,34
Chilton,0004 ENTERPRISE FS,Secretary of State,,REP,Caroleene Dobson,162
Chilton,0004 ENTERPRISE FS,Secretary of State,,REP,Christopher Christian Horn,64
Chilton,0004 ENTERPRISE FS,Secretary of State,,REP,Glenda S. Jackson,36
Chilton,0004 ENTERPRISE FS,State Auditor,,REP,Andrew Sorrell,178
Chilton,0004 ENTERPRISE FS,State Auditor,,REP,Derek Chen,96
Chilton,0004 ENTERPRISE FS,State Treasurer,,REP,Steve Lolley,78
Chilton,0004 ENTERPRISE FS,State Treasurer,,REP,Young Boozer,195
Chilton,0004 ENTERPRISE FS,"Superintendent, Chilton County Board of Education",,REP,Corey Clements,224
Chilton,0004 ENTERPRISE FS,"Superintendent, Chilton County Board of Education",,REP,Jamie Gault,58
Chilton,0004 ENTERPRISE FS,U.S. House,6,REP,Case Dixon,42
Chilton,0004 ENTERPRISE FS,U.S. House,6,REP,Gary Palmer,242
Chilton,0004 ENTERPRISE FS,U.S. Senate,,REP,Barry Moore,85
Chilton,0004 ENTERPRISE FS,U.S. Senate,,REP,Dale Shelton Deas Jr.,1
Chilton,0004 ENTERPRISE FS,U.S. Senate,,REP,Jared Hudson,96
Chilton,0004 ENTERPRISE FS,U.S. Senate,,REP,Morgan Murphy,3
Chilton,0004 ENTERPRISE FS,U.S. Senate,,REP,Rodney Walker,13
Chilton,0004 ENTERPRISE FS,U.S. Senate,,REP,Seth Burton,6
Chilton,0004 ENTERPRISE FS,U.S. Senate,,REP,Steve Marshall,81
Chilton,0005 VERBENA FS,Proposed Statewide Amendment 1,,,No,52
Chilton,0005 VERBENA FS,Proposed Statewide Amendment 1,,,Yes,353
Chilton,0005 VERBENA FS,Proposed Statewide Amendment 2,,,No,183
Chilton,0005 VERBENA FS,Proposed Statewide Amendment 2,,,Yes,200
Chilton,0005 VERBENA FS,Governor,,DEM,"Chad ""Chig"" Martin",3
Chilton,0005 VERBENA FS,Governor,,DEM,Doug Jones,47
Chilton,0005 VERBENA FS,Governor,,DEM,Jamel J. Brown,3
Chilton,0005 VERBENA FS,Governor,,DEM,"Nathan ""Nate"" Mathis",1
Chilton,0005 VERBENA FS,Governor,,DEM,Will Boyd,5
Chilton,0005 VERBENA FS,Governor,,DEM,Yolanda Rochelle Flowers,0
Chilton,0005 VERBENA FS,Lieutenant Governor,,DEM,Darryl D. Perryman,26
Chilton,0005 VERBENA FS,Lieutenant Governor,,DEM,Phillip Ensler,26
Chilton,0005 VERBENA FS,"Public Service Commissioner, Place 1",,DEM,James O. Gordon,22
Chilton,0005 VERBENA FS,"Public Service Commissioner, Place 1",,DEM,Jeff Ramsey,20
Chilton,0005 VERBENA FS,"Public Service Commissioner, Place 1",,DEM,John Northrop,10
Chilton,0005 VERBENA FS,U.S. Senate,,DEM,Dakarai Larriett,15
Chilton,0005 VERBENA FS,U.S. Senate,,DEM,Everett Wess,15
Chilton,0005 VERBENA FS,U.S. Senate,,DEM,Kyle Sweetser,9
Chilton,0005 VERBENA FS,U.S. Senate,,DEM,Mark S. Wheeler II,13
Chilton,0005 VERBENA FS,Attorney General,,REP,Jay Mitchell,110
Chilton,0005 VERBENA FS,Attorney General,,REP,Katherine Robertson,136
Chilton,0005 VERBENA FS,Attorney General,,REP,Pamela L. Casey,80
Chilton,0005 VERBENA FS,Chilton County Revenue Commissioner,,REP,Brad Carter,151
Chilton,0005 VERBENA FS,Chilton County Revenue Commissioner,,REP,Evan Wyatt,93
Chilton,0005 VERBENA FS,Chilton County Revenue Commissioner,,REP,Michele Porter Headley,94
Chilton,0005 VERBENA FS,"Circuit Court Judge, 19Th Judicial Circuit, Place No",,REP,Carol Cook Carter,156
Chilton,0005 VERBENA FS,"Circuit Court Judge, 19Th Judicial Circuit, Place No",,REP,Bradley Earl Ekdahl,94
Chilton,0005 VERBENA FS,"Circuit Court Judge, 19Th Judicial Circuit, Place No",,REP,Ali Patterson,69
Chilton,0005 VERBENA FS,Commissioner of Agriculture and Industries,,REP,Christina Woerner McInnis,94
Chilton,0005 VERBENA FS,Commissioner of Agriculture and Industries,,REP,Cory Hill,118
Chilton,0005 VERBENA FS,Commissioner of Agriculture and Industries,,REP,Jack Williams,103
Chilton,0005 VERBENA FS,Governor,,REP,"""Alabama"" Will Santivasci",12
Chilton,0005 VERBENA FS,Governor,,REP,Ken McFeeters,18
Chilton,0005 VERBENA FS,Governor,,REP,Thomas Tuberville,323
Chilton,0005 VERBENA FS,Lieutenant Governor,,REP,George Childress,8
Chilton,0005 VERBENA FS,Lieutenant Governor,,REP,John Wahl,117
Chilton,0005 VERBENA FS,Lieutenant Governor,,REP,Nicole Jones Wadsworth,17
Chilton,0005 VERBENA FS,Lieutenant Governor,,REP,Pat Bishop,9
Chilton,0005 VERBENA FS,Lieutenant Governor,,REP,Rick Pate,23
Chilton,0005 VERBENA FS,Lieutenant Governor,,REP,Stewart Hill Tankersley,7
Chilton,0005 VERBENA FS,Lieutenant Governor,,REP,Wes Allen,153
Chilton,0005 VERBENA FS,"Public Service Commission, Place No. 1",,REP,Jeremy H. Oden,76
Chilton,0005 VERBENA FS,"Public Service Commission, Place No. 1",,REP,Matt Gentry,234
Chilton,0005 VERBENA FS,"Public Service Commission, Place No. 2",,REP,Brent Woodall,61
Chilton,0005 VERBENA FS,"Public Service Commission, Place No. 2",,REP,Chris Beeker,104
Chilton,0005 VERBENA FS,"Public Service Commission, Place No. 2",,REP,Jim Zig Zeigler,110
Chilton,0005 VERBENA FS,"Public Service Commission, Place No. 2",,REP,Priscilla Andrews,39
Chilton,0005 VERBENA FS,Secretary of State,,REP,Caroleene Dobson,203
Chilton,0005 VERBENA FS,Secretary of State,,REP,Christopher Christian Horn,70
Chilton,0005 VERBENA FS,Secretary of State,,REP,Glenda S. Jackson,34
Chilton,0005 VERBENA FS,State Auditor,,REP,Andrew Sorrell,226
Chilton,0005 VERBENA FS,State Auditor,,REP,Derek Chen,88
Chilton,0005 VERBENA FS,State Treasurer,,REP,Steve Lolley,86
Chilton,0005 VERBENA FS,State Treasurer,,REP,Young Boozer,243
Chilton,0005 VERBENA FS,"Superintendent, Chilton County Board of Education",,REP,Corey Clements,237
Chilton,0005 VERBENA FS,"Superintendent, Chilton County Board of Education",,REP,Jamie Gault,94
Chilton,0005 VERBENA FS,U.S. House,6,REP,Case Dixon,70
Chilton,0005 VERBENA FS,U.S. House,6,REP,Gary Palmer,262
Chilton,0005 VERBENA FS,U.S. Senate,,REP,Barry Moore,113
Chilton,0005 VERBENA FS,U.S. Senate,,REP,Dale Shelton Deas Jr.,8
Chilton,0005 VERBENA FS,U.S. Senate,,REP,Jared Hudson,106
Chilton,0005 VERBENA FS,U.S. Senate,,REP,Morgan Murphy,3
Chilton,0005 VERBENA FS,U.S. Senate,,REP,Rodney Walker,8
Chilton,0005 VERBENA FS,U.S. Senate,,REP,Seth Burton,11
Chilton,0005 VERBENA FS,U.S. Senate,,REP,Steve Marshall,101
Chilton,0006 PROVIDENCE E CHILTON FS,Proposed Statewide Amendment 1,,,No,21
Chilton,0006 PROVIDENCE E CHILTON FS,Proposed Statewide Amendment 1,,,Yes,219
Chilton,0006 PROVIDENCE E CHILTON FS,Proposed Statewide Amendment 2,,,No,118
Chilton,0006 PROVIDENCE E CHILTON FS,Proposed Statewide Amendment 2,,,Yes,113
Chilton,0006 PROVIDENCE E CHILTON FS,Governor,,DEM,"Chad ""Chig"" Martin",0
Chilton,0006 PROVIDENCE E CHILTON FS,Governor,,DEM,Doug Jones,8
Chilton,0006 PROVIDENCE E CHILTON FS,Governor,,DEM,Jamel J. Brown,0
Chilton,0006 PROVIDENCE E CHILTON FS,Governor,,DEM,"Nathan ""Nate"" Mathis",0
Chilton,0006 PROVIDENCE E CHILTON FS,Governor,,DEM,Will Boyd,1
Chilton,0006 PROVIDENCE E CHILTON FS,Governor,,DEM,Yolanda Rochelle Flowers,0
Chilton,0006 PROVIDENCE E CHILTON FS,Lieutenant Governor,,DEM,Darryl D. Perryman,3
Chilton,0006 PROVIDENCE E CHILTON FS,Lieutenant Governor,,DEM,Phillip Ensler,6
Chilton,0006 PROVIDENCE E CHILTON FS,"Public Service Commissioner, Place 1",,DEM,James O. Gordon,2
Chilton,0006 PROVIDENCE E CHILTON FS,"Public Service Commissioner, Place 1",,DEM,Jeff Ramsey,5
Chilton,0006 PROVIDENCE E CHILTON FS,"Public Service Commissioner, Place 1",,DEM,John Northrop,1
Chilton,0006 PROVIDENCE E CHILTON FS,U.S. Senate,,DEM,Dakarai Larriett,2
Chilton,0006 PROVIDENCE E CHILTON FS,U.S. Senate,,DEM,Everett Wess,3
Chilton,0006 PROVIDENCE E CHILTON FS,U.S. Senate,,DEM,Kyle Sweetser,3
Chilton,0006 PROVIDENCE E CHILTON FS,U.S. Senate,,DEM,Mark S. Wheeler II,1
Chilton,0006 PROVIDENCE E CHILTON FS,Attorney General,,REP,Jay Mitchell,83
Chilton,0006 PROVIDENCE E CHILTON FS,Attorney General,,REP,Katherine Robertson,82
Chilton,0006 PROVIDENCE E CHILTON FS,Attorney General,,REP,Pamela L. Casey,52
Chilton,0006 PROVIDENCE E CHILTON FS,Chilton County Revenue Commissioner,,REP,Brad Carter,96
Chilton,0006 PROVIDENCE E CHILTON FS,Chilton County Revenue Commissioner,,REP,Evan Wyatt,54
Chilton,0006 PROVIDENCE E CHILTON FS,Chilton County Revenue Commissioner,,REP,Michele Porter Headley,85
Chilton,0006 PROVIDENCE E CHILTON FS,"Circuit Court Judge, 19Th Judicial Circuit, Place No",,REP,Carol Cook Carter,94
Chilton,0006 PROVIDENCE E CHILTON FS,"Circuit Court Judge, 19Th Judicial Circuit, Place No",,REP,Bradley Earl Ekdahl,65
Chilton,0006 PROVIDENCE E CHILTON FS,"Circuit Court Judge, 19Th Judicial Circuit, Place No",,REP,Ali Patterson,64
Chilton,0006 PROVIDENCE E CHILTON FS,Commissioner of Agriculture and Industries,,REP,Christina Woerner McInnis,50
Chilton,0006 PROVIDENCE E CHILTON FS,Commissioner of Agriculture and Industries,,REP,Cory Hill,87
Chilton,0006 PROVIDENCE E CHILTON FS,Commissioner of Agriculture and Industries,,REP,Jack Williams,74
Chilton,0006 PROVIDENCE E CHILTON FS,Governor,,REP,"""Alabama"" Will Santivasci",9
Chilton,0006 PROVIDENCE E CHILTON FS,Governor,,REP,Ken McFeeters,13
Chilton,0006 PROVIDENCE E CHILTON FS,Governor,,REP,Thomas Tuberville,218
Chilton,0006 PROVIDENCE E CHILTON FS,Lieutenant Governor,,REP,George Childress,3
Chilton,0006 PROVIDENCE E CHILTON FS,Lieutenant Governor,,REP,John Wahl,74
Chilton,0006 PROVIDENCE E CHILTON FS,Lieutenant Governor,,REP,Nicole Jones Wadsworth,17
Chilton,0006 PROVIDENCE E CHILTON FS,Lieutenant Governor,,REP,Pat Bishop,4
Chilton,0006 PROVIDENCE E CHILTON FS,Lieutenant Governor,,REP,Rick Pate,20
Chilton,0006 PROVIDENCE E CHILTON FS,Lieutenant Governor,,REP,Stewart Hill Tankersley,3
Chilton,0006 PROVIDENCE E CHILTON FS,Lieutenant Governor,,REP,Wes Allen,101
Chilton,0006 PROVIDENCE E CHILTON FS,"Public Service Commission, Place No. 1",,REP,Jeremy H. Oden,62
Chilton,0006 PROVIDENCE E CHILTON FS,"Public Service Commission, Place No. 1",,REP,Matt Gentry,145
Chilton,0006 PROVIDENCE E CHILTON FS,"Public Service Commission, Place No. 2",,REP,Brent Woodall,48
Chilton,0006 PROVIDENCE E CHILTON FS,"Public Service Commission, Place No. 2",,REP,Chris Beeker,59
Chilton,0006 PROVIDENCE E CHILTON FS,"Public Service Commission, Place No. 2",,REP,Jim Zig Zeigler,87
Chilton,0006 PROVIDENCE E CHILTON FS,"Public Service Commission, Place No. 2",,REP,Priscilla Andrews,19
Chilton,0006 PROVIDENCE E CHILTON FS,Secretary of State,,REP,Caroleene Dobson,121
Chilton,0006 PROVIDENCE E CHILTON FS,Secretary of State,,REP,Christopher Christian Horn,47
Chilton,0006 PROVIDENCE E CHILTON FS,Secretary of State,,REP,Glenda S. Jackson,35
Chilton,0006 PROVIDENCE E CHILTON FS,State Auditor,,REP,Andrew Sorrell,142
Chilton,0006 PROVIDENCE E CHILTON FS,State Auditor,,REP,Derek Chen,64
Chilton,0006 PROVIDENCE E CHILTON FS,State Treasurer,,REP,Steve Lolley,61
Chilton,0006 PROVIDENCE E CHILTON FS,State Treasurer,,REP,Young Boozer,148
Chilton,0006 PROVIDENCE E CHILTON FS,"Superintendent, Chilton County Board of Education",,REP,Corey Clements,166
Chilton,0006 PROVIDENCE E CHILTON FS,"Superintendent, Chilton County Board of Education",,REP,Jamie Gault,64
Chilton,0006 PROVIDENCE E CHILTON FS,U.S. House,6,REP,Case Dixon,38
Chilton,0006 PROVIDENCE E CHILTON FS,U.S. House,6,REP,Gary Palmer,192
Chilton,0006 PROVIDENCE E CHILTON FS,U.S. Senate,,REP,Barry Moore,60
Chilton,0006 PROVIDENCE E CHILTON FS,U.S. Senate,,REP,Dale Shelton Deas Jr.,3
Chilton,0006 PROVIDENCE E CHILTON FS,U.S. Senate,,REP,Jared Hudson,77
Chilton,0006 PROVIDENCE E CHILTON FS,U.S. Senate,,REP,Morgan Murphy,3
Chilton,0006 PROVIDENCE E CHILTON FS,U.S. Senate,,REP,Rodney Walker,9
Chilton,0006 PROVIDENCE E CHILTON FS,U.S. Senate,,REP,Seth Burton,2
Chilton,0006 PROVIDENCE E CHILTON FS,U.S. Senate,,REP,Steve Marshall,76
Chilton,0007 CANE CREEK GAP OF MTN,Proposed Statewide Amendment 1,,,No,18
Chilton,0007 CANE CREEK GAP OF MTN,Proposed Statewide Amendment 1,,,Yes,253
Chilton,0007 CANE CREEK GAP OF MTN,Proposed Statewide Amendment 2,,,No,131
Chilton,0007 CANE CREEK GAP OF MTN,Proposed Statewide Amendment 2,,,Yes,131
Chilton,0007 CANE CREEK GAP OF MTN,Governor,,DEM,"Chad ""Chig"" Martin",1
Chilton,0007 CANE CREEK GAP OF MTN,Governor,,DEM,Doug Jones,13
Chilton,0007 CANE CREEK GAP OF MTN,Governor,,DEM,Jamel J. Brown,0
Chilton,0007 CANE CREEK GAP OF MTN,Governor,,DEM,"Nathan ""Nate"" Mathis",0
Chilton,0007 CANE CREEK GAP OF MTN,Governor,,DEM,Will Boyd,0
Chilton,0007 CANE CREEK GAP OF MTN,Governor,,DEM,Yolanda Rochelle Flowers,0
Chilton,0007 CANE CREEK GAP OF MTN,Lieutenant Governor,,DEM,Darryl D. Perryman,4
Chilton,0007 CANE CREEK GAP OF MTN,Lieutenant Governor,,DEM,Phillip Ensler,8
Chilton,0007 CANE CREEK GAP OF MTN,"Public Service Commissioner, Place 1",,DEM,James O. Gordon,2
Chilton,0007 CANE CREEK GAP OF MTN,"Public Service Commissioner, Place 1",,DEM,Jeff Ramsey,4
Chilton,0007 CANE CREEK GAP OF MTN,"Public Service Commissioner, Place 1",,DEM,John Northrop,7
Chilton,0007 CANE CREEK GAP OF MTN,U.S. Senate,,DEM,Dakarai Larriett,1
Chilton,0007 CANE CREEK GAP OF MTN,U.S. Senate,,DEM,Everett Wess,3
Chilton,0007 CANE CREEK GAP OF MTN,U.S. Senate,,DEM,Kyle Sweetser,4
Chilton,0007 CANE CREEK GAP OF MTN,U.S. Senate,,DEM,Mark S. Wheeler II,6
Chilton,0007 CANE CREEK GAP OF MTN,Attorney General,,REP,Jay Mitchell,81
Chilton,0007 CANE CREEK GAP OF MTN,Attorney General,,REP,Katherine Robertson,103
Chilton,0007 CANE CREEK GAP OF MTN,Attorney General,,REP,Pamela L. Casey,46
Chilton,0007 CANE CREEK GAP OF MTN,Chilton County Revenue Commissioner,,REP,Brad Carter,90
Chilton,0007 CANE CREEK GAP OF MTN,Chilton County Revenue Commissioner,,REP,Evan Wyatt,59
Chilton,0007 CANE CREEK GAP OF MTN,Chilton County Revenue Commissioner,,REP,Michele Porter Headley,101
Chilton,0007 CANE CREEK GAP OF MTN,"Circuit Court Judge, 19Th Judicial Circuit, Place No",,REP,Carol Cook Carter,81
Chilton,0007 CANE CREEK GAP OF MTN,"Circuit Court Judge, 19Th Judicial Circuit, Place No",,REP,Bradley Earl Ekdahl,67
Chilton,0007 CANE CREEK GAP OF MTN,"Circuit Court Judge, 19Th Judicial Circuit, Place No",,REP,Ali Patterson,92
Chilton,0007 CANE CREEK GAP OF MTN,Commissioner of Agriculture and Industries,,REP,Christina Woerner McInnis,67
Chilton,0007 CANE CREEK GAP OF MTN,Commissioner of Agriculture and Industries,,REP,Cory Hill,102
Chilton,0007 CANE CREEK GAP OF MTN,Commissioner of Agriculture and Industries,,REP,Jack Williams,52
Chilton,0007 CANE CREEK GAP OF MTN,Governor,,REP,"""Alabama"" Will Santivasci",10
Chilton,0007 CANE CREEK GAP OF MTN,Governor,,REP,Ken McFeeters,8
Chilton,0007 CANE CREEK GAP OF MTN,Governor,,REP,Thomas Tuberville,239
Chilton,0007 CANE CREEK GAP OF MTN,Lieutenant Governor,,REP,George Childress,3
Chilton,0007 CANE CREEK GAP OF MTN,Lieutenant Governor,,REP,John Wahl,81
Chilton,0007 CANE CREEK GAP OF MTN,Lieutenant Governor,,REP,Nicole Jones Wadsworth,7
Chilton,0007 CANE CREEK GAP OF MTN,Lieutenant Governor,,REP,Pat Bishop,23
Chilton,0007 CANE CREEK GAP OF MTN,Lieutenant Governor,,REP,Rick Pate,11
Chilton,0007 CANE CREEK GAP OF MTN,Lieutenant Governor,,REP,Stewart Hill Tankersley,2
Chilton,0007 CANE CREEK GAP OF MTN,Lieutenant Governor,,REP,Wes Allen,114
Chilton,0007 CANE CREEK GAP OF MTN,"Public Service Commission, Place No. 1",,REP,Jeremy H. Oden,51
Chilton,0007 CANE CREEK GAP OF MTN,"Public Service Commission, Place No. 1",,REP,Matt Gentry,166
Chilton,0007 CANE CREEK GAP OF MTN,"Public Service Commission, Place No. 2",,REP,Brent Woodall,57
Chilton,0007 CANE CREEK GAP OF MTN,"Public Service Commission, Place No. 2",,REP,Chris Beeker,78
Chilton,0007 CANE CREEK GAP OF MTN,"Public Service Commission, Place No. 2",,REP,Jim Zig Zeigler,68
Chilton,0007 CANE CREEK GAP OF MTN,"Public Service Commission, Place No. 2",,REP,Priscilla Andrews,17
Chilton,0007 CANE CREEK GAP OF MTN,Secretary of State,,REP,Caroleene Dobson,141
Chilton,0007 CANE CREEK GAP OF MTN,Secretary of State,,REP,Christopher Christian Horn,56
Chilton,0007 CANE CREEK GAP OF MTN,Secretary of State,,REP,Glenda S. Jackson,25
Chilton,0007 CANE CREEK GAP OF MTN,State Auditor,,REP,Andrew Sorrell,155
Chilton,0007 CANE CREEK GAP OF MTN,State Auditor,,REP,Derek Chen,76
Chilton,0007 CANE CREEK GAP OF MTN,State Treasurer,,REP,Steve Lolley,69
Chilton,0007 CANE CREEK GAP OF MTN,State Treasurer,,REP,Young Boozer,162
Chilton,0007 CANE CREEK GAP OF MTN,"Superintendent, Chilton County Board of Education",,REP,Corey Clements,204
Chilton,0007 CANE CREEK GAP OF MTN,"Superintendent, Chilton County Board of Education",,REP,Jamie Gault,42
Chilton,0007 CANE CREEK GAP OF MTN,U.S. House,6,REP,Case Dixon,42
Chilton,0007 CANE CREEK GAP OF MTN,U.S. House,6,REP,Gary Palmer,200
Chilton,0007 CANE CREEK GAP OF MTN,U.S. Senate,,REP,Barry Moore,63
Chilton,0007 CANE CREEK GAP OF MTN,U.S. Senate,,REP,Dale Shelton Deas Jr.,4
Chilton,0007 CANE CREEK GAP OF MTN,U.S. Senate,,REP,Jared Hudson,98
Chilton,0007 CANE CREEK GAP OF MTN,U.S. Senate,,REP,Morgan Murphy,3
Chilton,0007 CANE CREEK GAP OF MTN,U.S. Senate,,REP,Rodney Walker,7
Chilton,0007 CANE CREEK GAP OF MTN,U.S. Senate,,REP,Seth Burton,2
Chilton,0007 CANE CREEK GAP OF MTN,U.S. Senate,,REP,Steve Marshall,74
Chilton,0009 UNION GROVE BAPTIST CH,Proposed Statewide Amendment 1,,,No,48
Chilton,0009 UNION GROVE BAPTIST CH,Proposed Statewide Amendment 1,,,Yes,390
Chilton,0009 UNION GROVE BAPTIST CH,Proposed Statewide Amendment 2,,,No,208
Chilton,0009 UNION GROVE BAPTIST CH,Proposed Statewide Amendment 2,,,Yes,202
Chilton,0009 UNION GROVE BAPTIST CH,Governor,,DEM,"Chad ""Chig"" Martin",1
Chilton,0009 UNION GROVE BAPTIST CH,Governor,,DEM,Doug Jones,12
Chilton,0009 UNION GROVE BAPTIST CH,Governor,,DEM,Jamel J. Brown,1
Chilton,0009 UNION GROVE BAPTIST CH,Governor,,DEM,"Nathan ""Nate"" Mathis",0
Chilton,0009 UNION GROVE BAPTIST CH,Governor,,DEM,Will Boyd,2
Chilton,0009 UNION GROVE BAPTIST CH,Governor,,DEM,Yolanda Rochelle Flowers,1
Chilton,0009 UNION GROVE BAPTIST CH,Lieutenant Governor,,DEM,Darryl D. Perryman,7
Chilton,0009 UNION GROVE BAPTIST CH,Lieutenant Governor,,DEM,Phillip Ensler,8
Chilton,0009 UNION GROVE BAPTIST CH,"Public Service Commissioner, Place 1",,DEM,James O. Gordon,5
Chilton,0009 UNION GROVE BAPTIST CH,"Public Service Commissioner, Place 1",,DEM,Jeff Ramsey,9
Chilton,0009 UNION GROVE BAPTIST CH,"Public Service Commissioner, Place 1",,DEM,John Northrop,1
Chilton,0009 UNION GROVE BAPTIST CH,U.S. Senate,,DEM,Dakarai Larriett,7
Chilton,0009 UNION GROVE BAPTIST CH,U.S. Senate,,DEM,Everett Wess,5
Chilton,0009 UNION GROVE BAPTIST CH,U.S. Senate,,DEM,Kyle Sweetser,2
Chilton,0009 UNION GROVE BAPTIST CH,U.S. Senate,,DEM,Mark S. Wheeler II,1
Chilton,0009 UNION GROVE BAPTIST CH,Attorney General,,REP,Jay Mitchell,130
Chilton,0009 UNION GROVE BAPTIST CH,Attorney General,,REP,Katherine Robertson,187
Chilton,0009 UNION GROVE BAPTIST CH,Attorney General,,REP,Pamela L. Casey,82
Chilton,0009 UNION GROVE BAPTIST CH,Chilton County Revenue Commissioner,,REP,Brad Carter,139
Chilton,0009 UNION GROVE BAPTIST CH,Chilton County Revenue Commissioner,,REP,Evan Wyatt,70
Chilton,0009 UNION GROVE BAPTIST CH,Chilton County Revenue Commissioner,,REP,Michele Porter Headley,206
Chilton,0009 UNION GROVE BAPTIST CH,"Circuit Court Judge, 19Th Judicial Circuit, Place No",,REP,Carol Cook Carter,123
Chilton,0009 UNION GROVE BAPTIST CH,"Circuit Court Judge, 19Th Judicial Circuit, Place No",,REP,Bradley Earl Ekdahl,94
Chilton,0009 UNION GROVE BAPTIST CH,"Circuit Court Judge, 19Th Judicial Circuit, Place No",,REP,Ali Patterson,168
Chilton,0009 UNION GROVE BAPTIST CH,Commissioner of Agriculture and Industries,,REP,Christina Woerner McInnis,94
Chilton,0009 UNION GROVE BAPTIST CH,Commissioner of Agriculture and Industries,,REP,Cory Hill,167
Chilton,0009 UNION GROVE BAPTIST CH,Commissioner of Agriculture and Industries,,REP,Jack Williams,120
Chilton,0009 UNION GROVE BAPTIST CH,Governor,,REP,"""Alabama"" Will Santivasci",13
Chilton,0009 UNION GROVE BAPTIST CH,Governor,,REP,Ken McFeeters,22
Chilton,0009 UNION GROVE BAPTIST CH,Governor,,REP,Thomas Tuberville,389
Chilton,0009 UNION GROVE BAPTIST CH,Lieutenant Governor,,REP,George Childress,6
Chilton,0009 UNION GROVE BAPTIST CH,Lieutenant Governor,,REP,John Wahl,153
Chilton,0009 UNION GROVE BAPTIST CH,Lieutenant Governor,,REP,Nicole Jones Wadsworth,12
Chilton,0009 UNION GROVE BAPTIST CH,Lieutenant Governor,,REP,Pat Bishop,10
Chilton,0009 UNION GROVE BAPTIST CH,Lieutenant Governor,,REP,Rick Pate,47
Chilton,0009 UNION GROVE BAPTIST CH,Lieutenant Governor,,REP,Stewart Hill Tankersley,2
Chilton,0009 UNION GROVE BAPTIST CH,Lieutenant Governor,,REP,Wes Allen,165
Chilton,0009 UNION GROVE BAPTIST CH,"Public Service Commission, Place No. 1",,REP,Jeremy H. Oden,92
Chilton,0009 UNION GROVE BAPTIST CH,"Public Service Commission, Place No. 1",,REP,Matt Gentry,276
Chilton,0009 UNION GROVE BAPTIST CH,"Public Service Commission, Place No. 2",,REP,Brent Woodall,80
Chilton,0009 UNION GROVE BAPTIST CH,"Public Service Commission, Place No. 2",,REP,Chris Beeker,98
Chilton,0009 UNION GROVE BAPTIST CH,"Public Service Commission, Place No. 2",,REP,Jim Zig Zeigler,169
Chilton,0009 UNION GROVE BAPTIST CH,"Public Service Commission, Place No. 2",,REP,Priscilla Andrews,32
Chilton,0009 UNION GROVE BAPTIST CH,Secretary of State,,REP,Caroleene Dobson,240
Chilton,0009 UNION GROVE BAPTIST CH,Secretary of State,,REP,Christopher Christian Horn,78
Chilton,0009 UNION GROVE BAPTIST CH,Secretary of State,,REP,Glenda S. Jackson,48
Chilton,0009 UNION GROVE BAPTIST CH,State Auditor,,REP,Andrew Sorrell,273
Chilton,0009 UNION GROVE BAPTIST CH,State Auditor,,REP,Derek Chen,105
Chilton,0009 UNION GROVE BAPTIST CH,State Treasurer,,REP,Steve Lolley,124
Chilton,0009 UNION GROVE BAPTIST CH,State Treasurer,,REP,Young Boozer,261
Chilton,0009 UNION GROVE BAPTIST CH,"Superintendent, Chilton County Board of Education",,REP,Corey Clements,344
Chilton,0009 UNION GROVE BAPTIST CH,"Superintendent, Chilton County Board of Education",,REP,Jamie Gault,53
Chilton,0009 UNION GROVE BAPTIST CH,U.S. House,6,REP,Case Dixon,72
Chilton,0009 UNION GROVE BAPTIST CH,U.S. House,6,REP,Gary Palmer,337
Chilton,0009 UNION GROVE BAPTIST CH,U.S. Senate,,REP,Barry Moore,139
Chilton,0009 UNION GROVE BAPTIST CH,U.S. Senate,,REP,Dale Shelton Deas Jr.,7
Chilton,0009 UNION GROVE BAPTIST CH,U.S. Senate,,REP,Jared Hudson,149
Chilton,0009 UNION GROVE BAPTIST CH,U.S. Senate,,REP,Morgan Murphy,3
Chilton,0009 UNION GROVE BAPTIST CH,U.S. Senate,,REP,Rodney Walker,9
Chilton,0009 UNION GROVE BAPTIST CH,U.S. Senate,,REP,Seth Burton,6
Chilton,0009 UNION GROVE BAPTIST CH,U.S. Senate,,REP,Steve Marshall,101
Chilton,0010 JEMISON CITY HALL,Proposed Statewide Amendment 1,,,No,70
Chilton,0010 JEMISON CITY HALL,Proposed Statewide Amendment 1,,,Yes,647
Chilton,0010 JEMISON CITY HALL,Proposed Statewide Amendment 2,,,No,305
Chilton,0010 JEMISON CITY HALL,Proposed Statewide Amendment 2,,,Yes,405
Chilton,0010 JEMISON CITY HALL,Governor,,DEM,"Chad ""Chig"" Martin",2
Chilton,0010 JEMISON CITY HALL,Governor,,DEM,Doug Jones,128
Chilton,0010 JEMISON CITY HALL,Governor,,DEM,Jamel J. Brown,6
Chilton,0010 JEMISON CITY HALL,Governor,,DEM,"Nathan ""Nate"" Mathis",2
Chilton,0010 JEMISON CITY HALL,Governor,,DEM,Will Boyd,21
Chilton,0010 JEMISON CITY HALL,Governor,,DEM,Yolanda Rochelle Flowers,6
Chilton,0010 JEMISON CITY HALL,Lieutenant Governor,,DEM,Darryl D. Perryman,55
Chilton,0010 JEMISON CITY HALL,Lieutenant Governor,,DEM,Phillip Ensler,95
Chilton,0010 JEMISON CITY HALL,"Public Service Commissioner, Place 1",,DEM,James O. Gordon,94
Chilton,0010 JEMISON CITY HALL,"Public Service Commissioner, Place 1",,DEM,Jeff Ramsey,38
Chilton,0010 JEMISON CITY HALL,"Public Service Commissioner, Place 1",,DEM,John Northrop,19
Chilton,0010 JEMISON CITY HALL,U.S. Senate,,DEM,Dakarai Larriett,46
Chilton,0010 JEMISON CITY HALL,U.S. Senate,,DEM,Everett Wess,77
Chilton,0010 JEMISON CITY HALL,U.S. Senate,,DEM,Kyle Sweetser,13
Chilton,0010 JEMISON CITY HALL,U.S. Senate,,DEM,Mark S. Wheeler II,17
Chilton,0010 JEMISON CITY HALL,Attorney General,,REP,Jay Mitchell,178
Chilton,0010 JEMISON CITY HALL,Attorney General,,REP,Katherine Robertson,232
Chilton,0010 JEMISON CITY HALL,Attorney General,,REP,Pamela L. Casey,127
Chilton,0010 JEMISON CITY HALL,Chilton County Revenue Commissioner,,REP,Brad Carter,193
Chilton,0010 JEMISON CITY HALL,Chilton County Revenue Commissioner,,REP,Evan Wyatt,64
Chilton,0010 JEMISON CITY HALL,Chilton County Revenue Commissioner,,REP,Michele Porter Headley,303
Chilton,0010 JEMISON CITY HALL,"Circuit Court Judge, 19Th Judicial Circuit, Place No",,REP,Carol Cook Carter,191
Chilton,0010 JEMISON CITY HALL,"Circuit Court Judge, 19Th Judicial Circuit, Place No",,REP,Bradley Earl Ekdahl,141
Chilton,0010 JEMISON CITY HALL,"Circuit Court Judge, 19Th Judicial Circuit, Place No",,REP,Ali Patterson,190
Chilton,0010 JEMISON CITY HALL,Commissioner of Agriculture and Industries,,REP,Christina Woerner McInnis,156
Chilton,0010 JEMISON CITY HALL,Commissioner of Agriculture and Industries,,REP,Cory Hill,213
Chilton,0010 JEMISON CITY HALL,Commissioner of Agriculture and Industries,,REP,Jack Williams,149
Chilton,0010 JEMISON CITY HALL,Governor,,REP,"""Alabama"" Will Santivasci",25
Chilton,0010 JEMISON CITY HALL,Governor,,REP,Ken McFeeters,28
Chilton,0010 JEMISON CITY HALL,Governor,,REP,Thomas Tuberville,504
Chilton,0010 JEMISON CITY HALL,Lieutenant Governor,,REP,George Childress,10
Chilton,0010 JEMISON CITY HALL,Lieutenant Governor,,REP,John Wahl,193
Chilton,0010 JEMISON CITY HALL,Lieutenant Governor,,REP,Nicole Jones Wadsworth,21
Chilton,0010 JEMISON CITY HALL,Lieutenant Governor,,REP,Pat Bishop,18
Chilton,0010 JEMISON CITY HALL,Lieutenant Governor,,REP,Rick Pate,49
Chilton,0010 JEMISON CITY HALL,Lieutenant Governor,,REP,Stewart Hill Tankersley,8
Chilton,0010 JEMISON CITY HALL,Lieutenant Governor,,REP,Wes Allen,236
Chilton,0010 JEMISON CITY HALL,"Public Service Commission, Place No. 1",,REP,Jeremy H. Oden,113
Chilton,0010 JEMISON CITY HALL,"Public Service Commission, Place No. 1",,REP,Matt Gentry,391
Chilton,0010 JEMISON CITY HALL,"Public Service Commission, Place No. 2",,REP,Brent Woodall,86
Chilton,0010 JEMISON CITY HALL,"Public Service Commission, Place No. 2",,REP,Chris Beeker,150
Chilton,0010 JEMISON CITY HALL,"Public Service Commission, Place No. 2",,REP,Jim Zig Zeigler,212
Chilton,0010 JEMISON CITY HALL,"Public Service Commission, Place No. 2",,REP,Priscilla Andrews,60
Chilton,0010 JEMISON CITY HALL,Secretary of State,,REP,Caroleene Dobson,317
Chilton,0010 JEMISON CITY HALL,Secretary of State,,REP,Christopher Christian Horn,119
Chilton,0010 JEMISON CITY HALL,Secretary of State,,REP,Glenda S. Jackson,69
Chilton,0010 JEMISON CITY HALL,State Auditor,,REP,Andrew Sorrell,391
Chilton,0010 JEMISON CITY HALL,State Auditor,,REP,Derek Chen,129
Chilton,0010 JEMISON CITY HALL,State Treasurer,,REP,Steve Lolley,176
Chilton,0010 JEMISON CITY HALL,State Treasurer,,REP,Young Boozer,341
Chilton,0010 JEMISON CITY HALL,"Superintendent, Chilton County Board of Education",,REP,Corey Clements,454
Chilton,0010 JEMISON CITY HALL,"Superintendent, Chilton County Board of Education",,REP,Jamie Gault,96
Chilton,0010 JEMISON CITY HALL,U.S. House,6,REP,Case Dixon,89
Chilton,0010 JEMISON CITY HALL,U.S. House,6,REP,Gary Palmer,455
Chilton,0010 JEMISON CITY HALL,U.S. Senate,,REP,Barry Moore,142
Chilton,0010 JEMISON CITY HALL,U.S. Senate,,REP,Dale Shelton Deas Jr.,7
Chilton,0010 JEMISON CITY HALL,U.S. Senate,,REP,Jared Hudson,188
Chilton,0010 JEMISON CITY HALL,U.S. Senate,,REP,Morgan Murphy,4
Chilton,0010 JEMISON CITY HALL,U.S. Senate,,REP,Rodney Walker,9
Chilton,0010 JEMISON CITY HALL,U.S. Senate,,REP,Seth Burton,8
Chilton,0010 JEMISON CITY HALL,U.S. Senate,,REP,Steve Marshall,188
Chilton,0011 PROVIDENCE BAPTIST CH,Proposed Statewide Amendment 1,,,No,44
Chilton,0011 PROVIDENCE BAPTIST CH,Proposed Statewide Amendment 1,,,Yes,321
Chilton,0011 PROVIDENCE BAPTIST CH,Proposed Statewide Amendment 2,,,No,174
Chilton,0011 PROVIDENCE BAPTIST CH,Proposed Statewide Amendment 2,,,Yes,179
Chilton,0011 PROVIDENCE BAPTIST CH,Governor,,DEM,"Chad ""Chig"" Martin",5
Chilton,0011 PROVIDENCE BAPTIST CH,Governor,,DEM,Doug Jones,27
Chilton,0011 PROVIDENCE BAPTIST CH,Governor,,DEM,Jamel J. Brown,0
Chilton,0011 PROVIDENCE BAPTIST CH,Governor,,DEM,"Nathan ""Nate"" Mathis",1
Chilton,0011 PROVIDENCE BAPTIST CH,Governor,,DEM,Will Boyd,7
Chilton,0011 PROVIDENCE BAPTIST CH,Governor,,DEM,Yolanda Rochelle Flowers,4
Chilton,0011 PROVIDENCE BAPTIST CH,Lieutenant Governor,,DEM,Darryl D. Perryman,21
Chilton,0011 PROVIDENCE BAPTIST CH,Lieutenant Governor,,DEM,Phillip Ensler,23
Chilton,0011 PROVIDENCE BAPTIST CH,"Public Service Commissioner, Place 1",,DEM,James O. Gordon,18
Chilton,0011 PROVIDENCE BAPTIST CH,"Public Service Commissioner, Place 1",,DEM,Jeff Ramsey,12
Chilton,0011 PROVIDENCE BAPTIST CH,"Public Service Commissioner, Place 1",,DEM,John Northrop,12
Chilton,0011 PROVIDENCE BAPTIST CH,U.S. Senate,,DEM,Dakarai Larriett,9
Chilton,0011 PROVIDENCE BAPTIST CH,U.S. Senate,,DEM,Everett Wess,5
Chilton,0011 PROVIDENCE BAPTIST CH,U.S. Senate,,DEM,Kyle Sweetser,16
Chilton,0011 PROVIDENCE BAPTIST CH,U.S. Senate,,DEM,Mark S. Wheeler II,14
Chilton,0011 PROVIDENCE BAPTIST CH,Attorney General,,REP,Jay Mitchell,98
Chilton,0011 PROVIDENCE BAPTIST CH,Attorney General,,REP,Katherine Robertson,135
Chilton,0011 PROVIDENCE BAPTIST CH,Attorney General,,REP,Pamela L. Casey,74
Chilton,0011 PROVIDENCE BAPTIST CH,Chilton County Revenue Commissioner,,REP,Brad Carter,112
Chilton,0011 PROVIDENCE BAPTIST CH,Chilton County Revenue Commissioner,,REP,Evan Wyatt,85
Chilton,0011 PROVIDENCE BAPTIST CH,Chilton County Revenue Commissioner,,REP,Michele Porter Headley,101
Chilton,0011 PROVIDENCE BAPTIST CH,"Circuit Court Judge, 19Th Judicial Circuit, Place No",,REP,Carol Cook Carter,112
Chilton,0011 PROVIDENCE BAPTIST CH,"Circuit Court Judge, 19Th Judicial Circuit, Place No",,REP,Bradley Earl Ekdahl,100
Chilton,0011 PROVIDENCE BAPTIST CH,"Circuit Court Judge, 19Th Judicial Circuit, Place No",,REP,Ali Patterson,78
Chilton,0011 PROVIDENCE BAPTIST CH,Commissioner of Agriculture and Industries,,REP,Christina Woerner McInnis,84
Chilton,0011 PROVIDENCE BAPTIST CH,Commissioner of Agriculture and Industries,,REP,Cory Hill,125
Chilton,0011 PROVIDENCE BAPTIST CH,Commissioner of Agriculture and Industries,,REP,Jack Williams,92
Chilton,0011 PROVIDENCE BAPTIST CH,Governor,,REP,"""Alabama"" Will Santivasci",8
Chilton,0011 PROVIDENCE BAPTIST CH,Governor,,REP,Ken McFeeters,18
Chilton,0011 PROVIDENCE BAPTIST CH,Governor,,REP,Thomas Tuberville,298
Chilton,0011 PROVIDENCE BAPTIST CH,Lieutenant Governor,,REP,George Childress,6
Chilton,0011 PROVIDENCE BAPTIST CH,Lieutenant Governor,,REP,John Wahl,108
Chilton,0011 PROVIDENCE BAPTIST CH,Lieutenant Governor,,REP,Nicole Jones Wadsworth,11
Chilton,0011 PROVIDENCE BAPTIST CH,Lieutenant Governor,,REP,Pat Bishop,16
Chilton,0011 PROVIDENCE BAPTIST CH,Lieutenant Governor,,REP,Rick Pate,24
Chilton,0011 PROVIDENCE BAPTIST CH,Lieutenant Governor,,REP,Stewart Hill Tankersley,5
Chilton,0011 PROVIDENCE BAPTIST CH,Lieutenant Governor,,REP,Wes Allen,145
Chilton,0011 PROVIDENCE BAPTIST CH,"Public Service Commission, Place No. 1",,REP,Jeremy H. Oden,76
Chilton,0011 PROVIDENCE BAPTIST CH,"Public Service Commission, Place No. 1",,REP,Matt Gentry,222
Chilton,0011 PROVIDENCE BAPTIST CH,"Public Service Commission, Place No. 2",,REP,Brent Woodall,73
Chilton,0011 PROVIDENCE BAPTIST CH,"Public Service Commission, Place No. 2",,REP,Chris Beeker,100
Chilton,0011 PROVIDENCE BAPTIST CH,"Public Service Commission, Place No. 2",,REP,Jim Zig Zeigler,100
Chilton,0011 PROVIDENCE BAPTIST CH,"Public Service Commission, Place No. 2",,REP,Priscilla Andrews,30
Chilton,0011 PROVIDENCE BAPTIST CH,Secretary of State,,REP,Caroleene Dobson,190
Chilton,0011 PROVIDENCE BAPTIST CH,Secretary of State,,REP,Christopher Christian Horn,68
Chilton,0011 PROVIDENCE BAPTIST CH,Secretary of State,,REP,Glenda S. Jackson,42
Chilton,0011 PROVIDENCE BAPTIST CH,State Auditor,,REP,Andrew Sorrell,203
Chilton,0011 PROVIDENCE BAPTIST CH,State Auditor,,REP,Derek Chen,89
Chilton,0011 PROVIDENCE BAPTIST CH,State Treasurer,,REP,Steve Lolley,115
Chilton,0011 PROVIDENCE BAPTIST CH,State Treasurer,,REP,Young Boozer,191
Chilton,0011 PROVIDENCE BAPTIST CH,"Superintendent, Chilton County Board of Education",,REP,Corey Clements,241
Chilton,0011 PROVIDENCE BAPTIST CH,"Superintendent, Chilton County Board of Education",,REP,Jamie Gault,56
Chilton,0011 PROVIDENCE BAPTIST CH,U.S. House,6,REP,Case Dixon,60
Chilton,0011 PROVIDENCE BAPTIST CH,U.S. House,6,REP,Gary Palmer,256
Chilton,0011 PROVIDENCE BAPTIST CH,U.S. Senate,,REP,Barry Moore,96
Chilton,0011 PROVIDENCE BAPTIST CH,U.S. Senate,,REP,Dale Shelton Deas Jr.,5
Chilton,0011 PROVIDENCE BAPTIST CH,U.S. Senate,,REP,Jared Hudson,95
Chilton,0011 PROVIDENCE BAPTIST CH,U.S. Senate,,REP,Morgan Murphy,0
Chilton,0011 PROVIDENCE BAPTIST CH,U.S. Senate,,REP,Rodney Walker,3
Chilton,0011 PROVIDENCE BAPTIST CH,U.S. Senate,,REP,Seth Burton,6
Chilton,0011 PROVIDENCE BAPTIST CH,U.S. Senate,,REP,Steve Marshall,116
Chilton,0012 MARS HILL/W CHILTON FS,Proposed Statewide Amendment 1,,,No,21
Chilton,0012 MARS HILL/W CHILTON FS,Proposed Statewide Amendment 1,,,Yes,248
Chilton,0012 MARS HILL/W CHILTON FS,Proposed Statewide Amendment 2,,,No,120
Chilton,0012 MARS HILL/W CHILTON FS,Proposed Statewide Amendment 2,,,Yes,139
Chilton,0012 MARS HILL/W CHILTON FS,Governor,,DEM,"Chad ""Chig"" Martin",3
Chilton,0012 MARS HILL/W CHILTON FS,Governor,,DEM,Doug Jones,25
Chilton,0012 MARS HILL/W CHILTON FS,Governor,,DEM,Jamel J. Brown,2
Chilton,0012 MARS HILL/W CHILTON FS,Governor,,DEM,"Nathan ""Nate"" Mathis",1
Chilton,0012 MARS HILL/W CHILTON FS,Governor,,DEM,Will Boyd,0
Chilton,0012 MARS HILL/W CHILTON FS,Governor,,DEM,Yolanda Rochelle Flowers,1
Chilton,0012 MARS HILL/W CHILTON FS,Lieutenant Governor,,DEM,Darryl D. Perryman,13
Chilton,0012 MARS HILL/W CHILTON FS,Lieutenant Governor,,DEM,Phillip Ensler,16
Chilton,0012 MARS HILL/W CHILTON FS,"Public Service Commissioner, Place 1",,DEM,James O. Gordon,14
Chilton,0012 MARS HILL/W CHILTON FS,"Public Service Commissioner, Place 1",,DEM,Jeff Ramsey,6
Chilton,0012 MARS HILL/W CHILTON FS,"Public Service Commissioner, Place 1",,DEM,John Northrop,9
Chilton,0012 MARS HILL/W CHILTON FS,U.S. Senate,,DEM,Dakarai Larriett,11
Chilton,0012 MARS HILL/W CHILTON FS,U.S. Senate,,DEM,Everett Wess,8
Chilton,0012 MARS HILL/W CHILTON FS,U.S. Senate,,DEM,Kyle Sweetser,5
Chilton,0012 MARS HILL/W CHILTON FS,U.S. Senate,,DEM,Mark S. Wheeler II,5
Chilton,0012 MARS HILL/W CHILTON FS,Attorney General,,REP,Jay Mitchell,90
Chilton,0012 MARS HILL/W CHILTON FS,Attorney General,,REP,Katherine Robertson,82
Chilton,0012 MARS HILL/W CHILTON FS,Attorney General,,REP,Pamela L. Casey,54
Chilton,0012 MARS HILL/W CHILTON FS,Chilton County Revenue Commissioner,,REP,Brad Carter,88
Chilton,0012 MARS HILL/W CHILTON FS,Chilton County Revenue Commissioner,,REP,Evan Wyatt,46
Chilton,0012 MARS HILL/W CHILTON FS,Chilton County Revenue Commissioner,,REP,Michele Porter Headley,107
Chilton,0012 MARS HILL/W CHILTON FS,"Circuit Court Judge, 19Th Judicial Circuit, Place No",,REP,Carol Cook Carter,74
Chilton,0012 MARS HILL/W CHILTON FS,"Circuit Court Judge, 19Th Judicial Circuit, Place No",,REP,Bradley Earl Ekdahl,66
Chilton,0012 MARS HILL/W CHILTON FS,"Circuit Court Judge, 19Th Judicial Circuit, Place No",,REP,Ali Patterson,86
Chilton,0012 MARS HILL/W CHILTON FS,Commissioner of Agriculture and Industries,,REP,Christina Woerner McInnis,69
Chilton,0012 MARS HILL/W CHILTON FS,Commissioner of Agriculture and Industries,,REP,Cory Hill,100
Chilton,0012 MARS HILL/W CHILTON FS,Commissioner of Agriculture and Industries,,REP,Jack Williams,56
Chilton,0012 MARS HILL/W CHILTON FS,Governor,,REP,"""Alabama"" Will Santivasci",4
Chilton,0012 MARS HILL/W CHILTON FS,Governor,,REP,Ken McFeeters,10
Chilton,0012 MARS HILL/W CHILTON FS,Governor,,REP,Thomas Tuberville,228
Chilton,0012 MARS HILL/W CHILTON FS,Lieutenant Governor,,REP,George Childress,10
Chilton,0012 MARS HILL/W CHILTON FS,Lieutenant Governor,,REP,John Wahl,104
Chilton,0012 MARS HILL/W CHILTON FS,Lieutenant Governor,,REP,Nicole Jones Wadsworth,7
Chilton,0012 MARS HILL/W CHILTON FS,Lieutenant Governor,,REP,Pat Bishop,6
Chilton,0012 MARS HILL/W CHILTON FS,Lieutenant Governor,,REP,Rick Pate,22
Chilton,0012 MARS HILL/W CHILTON FS,Lieutenant Governor,,REP,Stewart Hill Tankersley,3
Chilton,0012 MARS HILL/W CHILTON FS,Lieutenant Governor,,REP,Wes Allen,81
Chilton,0012 MARS HILL/W CHILTON FS,"Public Service Commission, Place No. 1",,REP,Jeremy H. Oden,38
Chilton,0012 MARS HILL/W CHILTON FS,"Public Service Commission, Place No. 1",,REP,Matt Gentry,183
Chilton,0012 MARS HILL/W CHILTON FS,"Public Service Commission, Place No. 2",,REP,Brent Woodall,33
Chilton,0012 MARS HILL/W CHILTON FS,"Public Service Commission, Place No. 2",,REP,Chris Beeker,63
Chilton,0012 MARS HILL/W CHILTON FS,"Public Service Commission, Place No. 2",,REP,Jim Zig Zeigler,105
Chilton,0012 MARS HILL/W CHILTON FS,"Public Service Commission, Place No. 2",,REP,Priscilla Andrews,24
Chilton,0012 MARS HILL/W CHILTON FS,Secretary of State,,REP,Caroleene Dobson,105
Chilton,0012 MARS HILL/W CHILTON FS,Secretary of State,,REP,Christopher Christian Horn,66
Chilton,0012 MARS HILL/W CHILTON FS,Secretary of State,,REP,Glenda S. Jackson,43
Chilton,0012 MARS HILL/W CHILTON FS,State Auditor,,REP,Andrew Sorrell,169
Chilton,0012 MARS HILL/W CHILTON FS,State Auditor,,REP,Derek Chen,51
Chilton,0012 MARS HILL/W CHILTON FS,State Treasurer,,REP,Steve Lolley,81
Chilton,0012 MARS HILL/W CHILTON FS,State Treasurer,,REP,Young Boozer,138
Chilton,0012 MARS HILL/W CHILTON FS,"Superintendent, Chilton County Board of Education",,REP,Corey Clements,201
Chilton,0012 MARS HILL/W CHILTON FS,"Superintendent, Chilton County Board of Education",,REP,Jamie Gault,41
Chilton,0012 MARS HILL/W CHILTON FS,U.S. House,6,REP,Case Dixon,36
Chilton,0012 MARS HILL/W CHILTON FS,U.S. House,6,REP,Gary Palmer,198
Chilton,0012 MARS HILL/W CHILTON FS,U.S. Senate,,REP,Barry Moore,69
Chilton,0012 MARS HILL/W CHILTON FS,U.S. Senate,,REP,Dale Shelton Deas Jr.,2
Chilton,0012 MARS HILL/W CHILTON FS,U.S. Senate,,REP,Jared Hudson,79
Chilton,0012 MARS HILL/W CHILTON FS,U.S. Senate,,REP,Morgan Murphy,2
Chilton,0012 MARS HILL/W CHILTON FS,U.S. Senate,,REP,Rodney Walker,8
Chilton,0012 MARS HILL/W CHILTON FS,U.S. Senate,,REP,Seth Burton,3
Chilton,0012 MARS HILL/W CHILTON FS,U.S. Senate,,REP,Steve Marshall,69
Chilton,0013 THORSBY TOWN HALL,Proposed Statewide Amendment 1,,,No,44
Chilton,0013 THORSBY TOWN HALL,Proposed Statewide Amendment 1,,,Yes,478
Chilton,0013 THORSBY TOWN HALL,Proposed Statewide Amendment 2,,,No,209
Chilton,0013 THORSBY TOWN HALL,Proposed Statewide Amendment 2,,,Yes,283
Chilton,0013 THORSBY TOWN HALL,Governor,,DEM,"Chad ""Chig"" Martin",1
Chilton,0013 THORSBY TOWN HALL,Governor,,DEM,Doug Jones,43
Chilton,0013 THORSBY TOWN HALL,Governor,,DEM,Jamel J. Brown,2
Chilton,0013 THORSBY TOWN HALL,Governor,,DEM,"Nathan ""Nate"" Mathis",2
Chilton,0013 THORSBY TOWN HALL,Governor,,DEM,Will Boyd,5
Chilton,0013 THORSBY TOWN HALL,Governor,,DEM,Yolanda Rochelle Flowers,1
Chilton,0013 THORSBY TOWN HALL,Lieutenant Governor,,DEM,Darryl D. Perryman,20
Chilton,0013 THORSBY TOWN HALL,Lieutenant Governor,,DEM,Phillip Ensler,29
Chilton,0013 THORSBY TOWN HALL,"Public Service Commissioner, Place 1",,DEM,James O. Gordon,22
Chilton,0013 THORSBY TOWN HALL,"Public Service Commissioner, Place 1",,DEM,Jeff Ramsey,23
Chilton,0013 THORSBY TOWN HALL,"Public Service Commissioner, Place 1",,DEM,John Northrop,6
Chilton,0013 THORSBY TOWN HALL,U.S. Senate,,DEM,Dakarai Larriett,16
Chilton,0013 THORSBY TOWN HALL,U.S. Senate,,DEM,Everett Wess,20
Chilton,0013 THORSBY TOWN HALL,U.S. Senate,,DEM,Kyle Sweetser,8
Chilton,0013 THORSBY TOWN HALL,U.S. Senate,,DEM,Mark S. Wheeler II,8
Chilton,0013 THORSBY TOWN HALL,Attorney General,,REP,Jay Mitchell,149
Chilton,0013 THORSBY TOWN HALL,Attorney General,,REP,Katherine Robertson,183
Chilton,0013 THORSBY TOWN HALL,Attorney General,,REP,Pamela L. Casey,101
Chilton,0013 THORSBY TOWN HALL,Chilton County Revenue Commissioner,,REP,Brad Carter,170
Chilton,0013 THORSBY TOWN HALL,Chilton County Revenue Commissioner,,REP,Evan Wyatt,74
Chilton,0013 THORSBY TOWN HALL,Chilton County Revenue Commissioner,,REP,Michele Porter Headley,237
Chilton,0013 THORSBY TOWN HALL,"Circuit Court Judge, 19Th Judicial Circuit, Place No",,REP,Carol Cook Carter,157
Chilton,0013 THORSBY TOWN HALL,"Circuit Court Judge, 19Th Judicial Circuit, Place No",,REP,Bradley Earl Ekdahl,101
Chilton,0013 THORSBY TOWN HALL,"Circuit Court Judge, 19Th Judicial Circuit, Place No",,REP,Ali Patterson,185
Chilton,0013 THORSBY TOWN HALL,Commissioner of Agriculture and Industries,,REP,Christina Woerner McInnis,111
Chilton,0013 THORSBY TOWN HALL,Commissioner of Agriculture and Industries,,REP,Cory Hill,164
Chilton,0013 THORSBY TOWN HALL,Commissioner of Agriculture and Industries,,REP,Jack Williams,144
Chilton,0013 THORSBY TOWN HALL,Governor,,REP,"""Alabama"" Will Santivasci",22
Chilton,0013 THORSBY TOWN HALL,Governor,,REP,Ken McFeeters,25
Chilton,0013 THORSBY TOWN HALL,Governor,,REP,Thomas Tuberville,419
Chilton,0013 THORSBY TOWN HALL,Lieutenant Governor,,REP,George Childress,7
Chilton,0013 THORSBY TOWN HALL,Lieutenant Governor,,REP,John Wahl,156
Chilton,0013 THORSBY TOWN HALL,Lieutenant Governor,,REP,Nicole Jones Wadsworth,21
Chilton,0013 THORSBY TOWN HALL,Lieutenant Governor,,REP,Pat Bishop,12
Chilton,0013 THORSBY TOWN HALL,Lieutenant Governor,,REP,Rick Pate,30
Chilton,0013 THORSBY TOWN HALL,Lieutenant Governor,,REP,Stewart Hill Tankersley,3
Chilton,0013 THORSBY TOWN HALL,Lieutenant Governor,,REP,Wes Allen,212
Chilton,0013 THORSBY TOWN HALL,"Public Service Commission, Place No. 1",,REP,Jeremy H. Oden,95
Chilton,0013 THORSBY TOWN HALL,"Public Service Commission, Place No. 1",,REP,Matt Gentry,314
Chilton,0013 THORSBY TOWN HALL,"Public Service Commission, Place No. 2",,REP,Brent Woodall,68
Chilton,0013 THORSBY TOWN HALL,"Public Service Commission, Place No. 2",,REP,Chris Beeker,126
Chilton,0013 THORSBY TOWN HALL,"Public Service Commission, Place No. 2",,REP,Jim Zig Zeigler,188
Chilton,0013 THORSBY TOWN HALL,"Public Service Commission, Place No. 2",,REP,Priscilla Andrews,35
Chilton,0013 THORSBY TOWN HALL,Secretary of State,,REP,Caroleene Dobson,240
Chilton,0013 THORSBY TOWN HALL,Secretary of State,,REP,Christopher Christian Horn,96
Chilton,0013 THORSBY TOWN HALL,Secretary of State,,REP,Glenda S. Jackson,63
Chilton,0013 THORSBY TOWN HALL,State Auditor,,REP,Andrew Sorrell,296
Chilton,0013 THORSBY TOWN HALL,State Auditor,,REP,Derek Chen,132
Chilton,0013 THORSBY TOWN HALL,State Treasurer,,REP,Steve Lolley,128
Chilton,0013 THORSBY TOWN HALL,State Treasurer,,REP,Young Boozer,298
Chilton,0013 THORSBY TOWN HALL,"Superintendent, Chilton County Board of Education",,REP,Corey Clements,431
Chilton,0013 THORSBY TOWN HALL,"Superintendent, Chilton County Board of Education",,REP,Jamie Gault,45
Chilton,0013 THORSBY TOWN HALL,U.S. House,6,REP,Case Dixon,71
Chilton,0013 THORSBY TOWN HALL,U.S. House,6,REP,Gary Palmer,378
Chilton,0013 THORSBY TOWN HALL,U.S. Senate,,REP,Barry Moore,159
Chilton,0013 THORSBY TOWN HALL,U.S. Senate,,REP,Dale Shelton Deas Jr.,10
Chilton,0013 THORSBY TOWN HALL,U.S. Senate,,REP,Jared Hudson,137
Chilton,0013 THORSBY TOWN HALL,U.S. Senate,,REP,Morgan Murphy,4
Chilton,0013 THORSBY TOWN HALL,U.S. Senate,,REP,Rodney Walker,12
Chilton,0013 THORSBY TOWN HALL,U.S. Senate,,REP,Seth Burton,7
Chilton,0013 THORSBY TOWN HALL,U.S. Senate,,REP,Steve Marshall,127
Chilton,0014 COLLINS CHAPEL FS,Proposed Statewide Amendment 1,,,No,10
Chilton,0014 COLLINS CHAPEL FS,Proposed Statewide Amendment 1,,,Yes,176
Chilton,0014 COLLINS CHAPEL FS,Proposed Statewide Amendment 2,,,No,71
Chilton,0014 COLLINS CHAPEL FS,Proposed Statewide Amendment 2,,,Yes,106
Chilton,0014 COLLINS CHAPEL FS,Governor,,DEM,"Chad ""Chig"" Martin",0
Chilton,0014 COLLINS CHAPEL FS,Governor,,DEM,Doug Jones,8
Chilton,0014 COLLINS CHAPEL FS,Governor,,DEM,Jamel J. Brown,0
Chilton,0014 COLLINS CHAPEL FS,Governor,,DEM,"Nathan ""Nate"" Mathis",0
Chilton,0014 COLLINS CHAPEL FS,Governor,,DEM,Will Boyd,1
Chilton,0014 COLLINS CHAPEL FS,Governor,,DEM,Yolanda Rochelle Flowers,0
Chilton,0014 COLLINS CHAPEL FS,Lieutenant Governor,,DEM,Darryl D. Perryman,4
Chilton,0014 COLLINS CHAPEL FS,Lieutenant Governor,,DEM,Phillip Ensler,3
Chilton,0014 COLLINS CHAPEL FS,"Public Service Commissioner, Place 1",,DEM,James O. Gordon,4
Chilton,0014 COLLINS CHAPEL FS,"Public Service Commissioner, Place 1",,DEM,Jeff Ramsey,2
Chilton,0014 COLLINS CHAPEL FS,"Public Service Commissioner, Place 1",,DEM,John Northrop,2
Chilton,0014 COLLINS CHAPEL FS,U.S. Senate,,DEM,Dakarai Larriett,3
Chilton,0014 COLLINS CHAPEL FS,U.S. Senate,,DEM,Everett Wess,3
Chilton,0014 COLLINS CHAPEL FS,U.S. Senate,,DEM,Kyle Sweetser,1
Chilton,0014 COLLINS CHAPEL FS,U.S. Senate,,DEM,Mark S. Wheeler II,2
Chilton,0014 COLLINS CHAPEL FS,Attorney General,,REP,Jay Mitchell,49
Chilton,0014 COLLINS CHAPEL FS,Attorney General,,REP,Katherine Robertson,83
Chilton,0014 COLLINS CHAPEL FS,Attorney General,,REP,Pamela L. Casey,37
Chilton,0014 COLLINS CHAPEL FS,Chilton County Revenue Commissioner,,REP,Brad Carter,93
Chilton,0014 COLLINS CHAPEL FS,Chilton County Revenue Commissioner,,REP,Evan Wyatt,31
Chilton,0014 COLLINS CHAPEL FS,Chilton County Revenue Commissioner,,REP,Michele Porter Headley,61
Chilton,0014 COLLINS CHAPEL FS,"Circuit Court Judge, 19Th Judicial Circuit, Place No",,REP,Carol Cook Carter,56
Chilton,0014 COLLINS CHAPEL FS,"Circuit Court Judge, 19Th Judicial Circuit, Place No",,REP,Bradley Earl Ekdahl,40
Chilton,0014 COLLINS CHAPEL FS,"Circuit Court Judge, 19Th Judicial Circuit, Place No",,REP,Ali Patterson,74
Chilton,0014 COLLINS CHAPEL FS,Commissioner of Agriculture and Industries,,REP,Christina Woerner McInnis,48
Chilton,0014 COLLINS CHAPEL FS,Commissioner of Agriculture and Industries,,REP,Cory Hill,74
Chilton,0014 COLLINS CHAPEL FS,Commissioner of Agriculture and Industries,,REP,Jack Williams,33
Chilton,0014 COLLINS CHAPEL FS,Governor,,REP,"""Alabama"" Will Santivasci",5
Chilton,0014 COLLINS CHAPEL FS,Governor,,REP,Ken McFeeters,15
Chilton,0014 COLLINS CHAPEL FS,Governor,,REP,Thomas Tuberville,163
Chilton,0014 COLLINS CHAPEL FS,Lieutenant Governor,,REP,George Childress,3
Chilton,0014 COLLINS CHAPEL FS,Lieutenant Governor,,REP,John Wahl,58
Chilton,0014 COLLINS CHAPEL FS,Lieutenant Governor,,REP,Nicole Jones Wadsworth,4
Chilton,0014 COLLINS CHAPEL FS,Lieutenant Governor,,REP,Pat Bishop,3
Chilton,0014 COLLINS CHAPEL FS,Lieutenant Governor,,REP,Rick Pate,8
Chilton,0014 COLLINS CHAPEL FS,Lieutenant Governor,,REP,Stewart Hill Tankersley,4
Chilton,0014 COLLINS CHAPEL FS,Lieutenant Governor,,REP,Wes Allen,97
Chilton,0014 COLLINS CHAPEL FS,"Public Service Commission, Place No. 1",,REP,Jeremy H. Oden,31
Chilton,0014 COLLINS CHAPEL FS,"Public Service Commission, Place No. 1",,REP,Matt Gentry,125
Chilton,0014 COLLINS CHAPEL FS,"Public Service Commission, Place No. 2",,REP,Brent Woodall,28
Chilton,0014 COLLINS CHAPEL FS,"Public Service Commission, Place No. 2",,REP,Chris Beeker,59
Chilton,0014 COLLINS CHAPEL FS,"Public Service Commission, Place No. 2",,REP,Jim Zig Zeigler,61
Chilton,0014 COLLINS CHAPEL FS,"Public Service Commission, Place No. 2",,REP,Priscilla Andrews,8
Chilton,0014 COLLINS CHAPEL FS,Secretary of State,,REP,Caroleene Dobson,96
Chilton,0014 COLLINS CHAPEL FS,Secretary of State,,REP,Christopher Christian Horn,32
Chilton,0014 COLLINS CHAPEL FS,Secretary of State,,REP,Glenda S. Jackson,23
Chilton,0014 COLLINS CHAPEL FS,State Auditor,,REP,Andrew Sorrell,98
Chilton,0014 COLLINS CHAPEL FS,State Auditor,,REP,Derek Chen,62
Chilton,0014 COLLINS CHAPEL FS,State Treasurer,,REP,Steve Lolley,42
Chilton,0014 COLLINS CHAPEL FS,State Treasurer,,REP,Young Boozer,122
Chilton,0014 COLLINS CHAPEL FS,"Superintendent, Chilton County Board of Education",,REP,Corey Clements,168
Chilton,0014 COLLINS CHAPEL FS,"Superintendent, Chilton County Board of Education",,REP,Jamie Gault,16
Chilton,0014 COLLINS CHAPEL FS,U.S. House,6,REP,Case Dixon,35
Chilton,0014 COLLINS CHAPEL FS,U.S. House,6,REP,Gary Palmer,142
Chilton,0014 COLLINS CHAPEL FS,U.S. Senate,,REP,Barry Moore,46
Chilton,0014 COLLINS CHAPEL FS,U.S. Senate,,REP,Dale Shelton Deas Jr.,1
Chilton,0014 COLLINS CHAPEL FS,U.S. Senate,,REP,Jared Hudson,61
Chilton,0014 COLLINS CHAPEL FS,U.S. Senate,,REP,Morgan Murphy,5
Chilton,0014 COLLINS CHAPEL FS,U.S. Senate,,REP,Rodney Walker,4
Chilton,0014 COLLINS CHAPEL FS,U.S. Senate,,REP,Seth Burton,0
Chilton,0014 COLLINS CHAPEL FS,U.S. Senate,,REP,Steve Marshall,58
Chilton,0015 ISABELLA FS,Proposed Statewide Amendment 1,,,No,21
Chilton,0015 ISABELLA FS,Proposed Statewide Amendment 1,,,Yes,199
Chilton,0015 ISABELLA FS,Proposed Statewide Amendment 2,,,No,88
Chilton,0015 ISABELLA FS,Proposed Statewide Amendment 2,,,Yes,123
Chilton,0015 ISABELLA FS,Governor,,DEM,"Chad ""Chig"" Martin",0
Chilton,0015 ISABELLA FS,Governor,,DEM,Doug Jones,29
Chilton,0015 ISABELLA FS,Governor,,DEM,Jamel J. Brown,2
Chilton,0015 ISABELLA FS,Governor,,DEM,"Nathan ""Nate"" Mathis",0
Chilton,0015 ISABELLA FS,Governor,,DEM,Will Boyd,4
Chilton,0015 ISABELLA FS,Governor,,DEM,Yolanda Rochelle Flowers,0
Chilton,0015 ISABELLA FS,Lieutenant Governor,,DEM,Darryl D. Perryman,14
Chilton,0015 ISABELLA FS,Lieutenant Governor,,DEM,Phillip Ensler,21
Chilton,0015 ISABELLA FS,"Public Service Commissioner, Place 1",,DEM,James O. Gordon,24
Chilton,0015 ISABELLA FS,"Public Service Commissioner, Place 1",,DEM,Jeff Ramsey,6
Chilton,0015 ISABELLA FS,"Public Service Commissioner, Place 1",,DEM,John Northrop,6
Chilton,0015 ISABELLA FS,U.S. Senate,,DEM,Dakarai Larriett,7
Chilton,0015 ISABELLA FS,U.S. Senate,,DEM,Everett Wess,21
Chilton,0015 ISABELLA FS,U.S. Senate,,DEM,Kyle Sweetser,4
Chilton,0015 ISABELLA FS,U.S. Senate,,DEM,Mark S. Wheeler II,4
Chilton,0015 ISABELLA FS,Attorney General,,REP,Jay Mitchell,62
Chilton,0015 ISABELLA FS,Attorney General,,REP,Katherine Robertson,83
Chilton,0015 ISABELLA FS,Attorney General,,REP,Pamela L. Casey,29
Chilton,0015 ISABELLA FS,Chilton County Revenue Commissioner,,REP,Brad Carter,82
Chilton,0015 ISABELLA FS,Chilton County Revenue Commissioner,,REP,Evan Wyatt,27
Chilton,0015 ISABELLA FS,Chilton County Revenue Commissioner,,REP,Michele Porter Headley,78
Chilton,0015 ISABELLA FS,"Circuit Court Judge, 19Th Judicial Circuit, Place No",,REP,Carol Cook Carter,61
Chilton,0015 ISABELLA FS,"Circuit Court Judge, 19Th Judicial Circuit, Place No",,REP,Bradley Earl Ekdahl,39
Chilton,0015 ISABELLA FS,"Circuit Court Judge, 19Th Judicial Circuit, Place No",,REP,Ali Patterson,79
Chilton,0015 ISABELLA FS,Commissioner of Agriculture and Industries,,REP,Christina Woerner McInnis,49
Chilton,0015 ISABELLA FS,Commissioner of Agriculture and Industries,,REP,Cory Hill,71
Chilton,0015 ISABELLA FS,Commissioner of Agriculture and Industries,,REP,Jack Williams,43
Chilton,0015 ISABELLA FS,Governor,,REP,"""Alabama"" Will Santivasci",4
Chilton,0015 ISABELLA FS,Governor,,REP,Ken McFeeters,9
Chilton,0015 ISABELLA FS,Governor,,REP,Thomas Tuberville,175
Chilton,0015 ISABELLA FS,Lieutenant Governor,,REP,George Childress,4
Chilton,0015 ISABELLA FS,Lieutenant Governor,,REP,John Wahl,61
Chilton,0015 ISABELLA FS,Lieutenant Governor,,REP,Nicole Jones Wadsworth,10
Chilton,0015 ISABELLA FS,Lieutenant Governor,,REP,Pat Bishop,2
Chilton,0015 ISABELLA FS,Lieutenant Governor,,REP,Rick Pate,11
Chilton,0015 ISABELLA FS,Lieutenant Governor,,REP,Stewart Hill Tankersley,3
Chilton,0015 ISABELLA FS,Lieutenant Governor,,REP,Wes Allen,79
Chilton,0015 ISABELLA FS,"Public Service Commission, Place No. 1",,REP,Jeremy H. Oden,28
Chilton,0015 ISABELLA FS,"Public Service Commission, Place No. 1",,REP,Matt Gentry,132
Chilton,0015 ISABELLA FS,"Public Service Commission, Place No. 2",,REP,Brent Woodall,24
Chilton,0015 ISABELLA FS,"Public Service Commission, Place No. 2",,REP,Chris Beeker,50
Chilton,0015 ISABELLA FS,"Public Service Commission, Place No. 2",,REP,Jim Zig Zeigler,76
Chilton,0015 ISABELLA FS,"Public Service Commission, Place No. 2",,REP,Priscilla Andrews,10
Chilton,0015 ISABELLA FS,Secretary of State,,REP,Caroleene Dobson,102
Chilton,0015 ISABELLA FS,Secretary of State,,REP,Christopher Christian Horn,35
Chilton,0015 ISABELLA FS,Secretary of State,,REP,Glenda S. Jackson,20
Chilton,0015 ISABELLA FS,State Auditor,,REP,Andrew Sorrell,103
Chilton,0015 ISABELLA FS,State Auditor,,REP,Derek Chen,62
Chilton,0015 ISABELLA FS,State Treasurer,,REP,Steve Lolley,35
Chilton,0015 ISABELLA FS,State Treasurer,,REP,Young Boozer,130
Chilton,0015 ISABELLA FS,"Superintendent, Chilton County Board of Education",,REP,Corey Clements,169
Chilton,0015 ISABELLA FS,"Superintendent, Chilton County Board of Education",,REP,Jamie Gault,16
Chilton,0015 ISABELLA FS,U.S. House,6,REP,Case Dixon,36
Chilton,0015 ISABELLA FS,U.S. House,6,REP,Gary Palmer,144
Chilton,0015 ISABELLA FS,U.S. Senate,,REP,Barry Moore,53
Chilton,0015 ISABELLA FS,U.S. Senate,,REP,Dale Shelton Deas Jr.,0
Chilton,0015 ISABELLA FS,U.S. Senate,,REP,Jared Hudson,54
Chilton,0015 ISABELLA FS,U.S. Senate,,REP,Morgan Murphy,1
Chilton,0015 ISABELLA FS,U.S. Senate,,REP,Rodney Walker,5
Chilton,0015 ISABELLA FS,U.S. Senate,,REP,Seth Burton,0
Chilton,0015 ISABELLA FS,U.S. Senate,,REP,Steve Marshall,67
Chilton,0016 SR. COMM. CTR.,Proposed Statewide Amendment 1,,,No,105
Chilton,0016 SR. COMM. CTR.,Proposed Statewide Amendment 1,,,Yes,355
Chilton,0016 SR. COMM. CTR.,Proposed Statewide Amendment 2,,,No,158
Chilton,0016 SR. COMM. CTR.,Proposed Statewide Amendment 2,,,Yes,283
Chilton,0016 SR. COMM. CTR.,Governor,,DEM,"Chad ""Chig"" Martin",5
Chilton,0016 SR. COMM. CTR.,Governor,,DEM,Doug Jones,180
Chilton,0016 SR. COMM. CTR.,Governor,,DEM,Jamel J. Brown,12
Chilton,0016 SR. COMM. CTR.,Governor,,DEM,"Nathan ""Nate"" Mathis",2
Chilton,0016 SR. COMM. CTR.,Governor,,DEM,Will Boyd,35
Chilton,0016 SR. COMM. CTR.,Governor,,DEM,Yolanda Rochelle Flowers,7
Chilton,0016 SR. COMM. CTR.,Lieutenant Governor,,DEM,Darryl D. Perryman,69
Chilton,0016 SR. COMM. CTR.,Lieutenant Governor,,DEM,Phillip Ensler,157
Chilton,0016 SR. COMM. CTR.,"Public Service Commissioner, Place 1",,DEM,James O. Gordon,162
Chilton,0016 SR. COMM. CTR.,"Public Service Commissioner, Place 1",,DEM,Jeff Ramsey,33
Chilton,0016 SR. COMM. CTR.,"Public Service Commissioner, Place 1",,DEM,John Northrop,27
Chilton,0016 SR. COMM. CTR.,U.S. Senate,,DEM,Dakarai Larriett,57
Chilton,0016 SR. COMM. CTR.,U.S. Senate,,DEM,Everett Wess,127
Chilton,0016 SR. COMM. CTR.,U.S. Senate,,DEM,Kyle Sweetser,23
Chilton,0016 SR. COMM. CTR.,U.S. Senate,,DEM,Mark S. Wheeler II,24
Chilton,0016 SR. COMM. CTR.,Attorney General,,REP,Jay Mitchell,79
Chilton,0016 SR. COMM. CTR.,Attorney General,,REP,Katherine Robertson,93
Chilton,0016 SR. COMM. CTR.,Attorney General,,REP,Pamela L. Casey,43
Chilton,0016 SR. COMM. CTR.,Chilton County Revenue Commissioner,,REP,Brad Carter,92
Chilton,0016 SR. COMM. CTR.,Chilton County Revenue Commissioner,,REP,Evan Wyatt,55
Chilton,0016 SR. COMM. CTR.,Chilton County Revenue Commissioner,,REP,Michele Porter Headley,79
Chilton,0016 SR. COMM. CTR.,"Circuit Court Judge, 19Th Judicial Circuit, Place No",,REP,Carol Cook Carter,96
Chilton,0016 SR. COMM. CTR.,"Circuit Court Judge, 19Th Judicial Circuit, Place No",,REP,Bradley Earl Ekdahl,62
Chilton,0016 SR. COMM. CTR.,"Circuit Court Judge, 19Th Judicial Circuit, Place No",,REP,Ali Patterson,51
Chilton,0016 SR. COMM. CTR.,Commissioner of Agriculture and Industries,,REP,Christina Woerner McInnis,46
Chilton,0016 SR. COMM. CTR.,Commissioner of Agriculture and Industries,,REP,Cory Hill,79
Chilton,0016 SR. COMM. CTR.,Commissioner of Agriculture and Industries,,REP,Jack Williams,73
Chilton,0016 SR. COMM. CTR.,Governor,,REP,"""Alabama"" Will Santivasci",13
Chilton,0016 SR. COMM. CTR.,Governor,,REP,Ken McFeeters,12
Chilton,0016 SR. COMM. CTR.,Governor,,REP,Thomas Tuberville,205
Chilton,0016 SR. COMM. CTR.,Lieutenant Governor,,REP,George Childress,5
Chilton,0016 SR. COMM. CTR.,Lieutenant Governor,,REP,John Wahl,67
Chilton,0016 SR. COMM. CTR.,Lieutenant Governor,,REP,Nicole Jones Wadsworth,12
Chilton,0016 SR. COMM. CTR.,Lieutenant Governor,,REP,Pat Bishop,3
Chilton,0016 SR. COMM. CTR.,Lieutenant Governor,,REP,Rick Pate,20
Chilton,0016 SR. COMM. CTR.,Lieutenant Governor,,REP,Stewart Hill Tankersley,8
Chilton,0016 SR. COMM. CTR.,Lieutenant Governor,,REP,Wes Allen,97
Chilton,0016 SR. COMM. CTR.,"Public Service Commission, Place No. 1",,REP,Jeremy H. Oden,46
Chilton,0016 SR. COMM. CTR.,"Public Service Commission, Place No. 1",,REP,Matt Gentry,153
Chilton,0016 SR. COMM. CTR.,"Public Service Commission, Place No. 2",,REP,Brent Woodall,37
Chilton,0016 SR. COMM. CTR.,"Public Service Commission, Place No. 2",,REP,Chris Beeker,62
Chilton,0016 SR. COMM. CTR.,"Public Service Commission, Place No. 2",,REP,Jim Zig Zeigler,80
Chilton,0016 SR. COMM. CTR.,"Public Service Commission, Place No. 2",,REP,Priscilla Andrews,21
Chilton,0016 SR. COMM. CTR.,Secretary of State,,REP,Caroleene Dobson,106
Chilton,0016 SR. COMM. CTR.,Secretary of State,,REP,Christopher Christian Horn,50
Chilton,0016 SR. COMM. CTR.,Secretary of State,,REP,Glenda S. Jackson,31
Chilton,0016 SR. COMM. CTR.,State Auditor,,REP,Andrew Sorrell,137
Chilton,0016 SR. COMM. CTR.,State Auditor,,REP,Derek Chen,57
Chilton,0016 SR. COMM. CTR.,State Treasurer,,REP,Steve Lolley,71
Chilton,0016 SR. COMM. CTR.,State Treasurer,,REP,Young Boozer,127
Chilton,0016 SR. COMM. CTR.,"Superintendent, Chilton County Board of Education",,REP,Corey Clements,190
Chilton,0016 SR. COMM. CTR.,"Superintendent, Chilton County Board of Education",,REP,Jamie Gault,35
Chilton,0016 SR. COMM. CTR.,U.S. House,6,REP,Case Dixon,39
Chilton,0016 SR. COMM. CTR.,U.S. House,6,REP,Gary Palmer,179
Chilton,0016 SR. COMM. CTR.,U.S. Senate,,REP,Barry Moore,80
Chilton,0016 SR. COMM. CTR.,U.S. Senate,,REP,Dale Shelton Deas Jr.,8
Chilton,0016 SR. COMM. CTR.,U.S. Senate,,REP,Jared Hudson,75
Chilton,0016 SR. COMM. CTR.,U.S. Senate,,REP,Morgan Murphy,3
Chilton,0016 SR. COMM. CTR.,U.S. Senate,,REP,Rodney Walker,5
Chilton,0016 SR. COMM. CTR.,U.S. Senate,,REP,Seth Burton,5
Chilton,0016 SR. COMM. CTR.,U.S. Senate,,REP,Steve Marshall,47
Chilton,0017 LIBRARY CLANTON,Proposed Statewide Amendment 1,,,No,57
Chilton,0017 LIBRARY CLANTON,Proposed Statewide Amendment 1,,,Yes,465
Chilton,0017 LIBRARY CLANTON,Proposed Statewide Amendment 2,,,No,193
Chilton,0017 LIBRARY CLANTON,Proposed Statewide Amendment 2,,,Yes,309
Chilton,0017 LIBRARY CLANTON,Governor,,DEM,"Chad ""Chig"" Martin",0
Chilton,0017 LIBRARY CLANTON,Governor,,DEM,Doug Jones,29
Chilton,0017 LIBRARY CLANTON,Governor,,DEM,Jamel J. Brown,4
Chilton,0017 LIBRARY CLANTON,Governor,,DEM,"Nathan ""Nate"" Mathis",0
Chilton,0017 LIBRARY CLANTON,Governor,,DEM,Will Boyd,3
Chilton,0017 LIBRARY CLANTON,Governor,,DEM,Yolanda Rochelle Flowers,1
Chilton,0017 LIBRARY CLANTON,Lieutenant Governor,,DEM,Darryl D. Perryman,15
Chilton,0017 LIBRARY CLANTON,Lieutenant Governor,,DEM,Phillip Ensler,20
Chilton,0017 LIBRARY CLANTON,"Public Service Commissioner, Place 1",,DEM,James O. Gordon,16
Chilton,0017 LIBRARY CLANTON,"Public Service Commissioner, Place 1",,DEM,Jeff Ramsey,12
Chilton,0017 LIBRARY CLANTON,"Public Service Commissioner, Place 1",,DEM,John Northrop,7
Chilton,0017 LIBRARY CLANTON,U.S. Senate,,DEM,Dakarai Larriett,13
Chilton,0017 LIBRARY CLANTON,U.S. Senate,,DEM,Everett Wess,13
Chilton,0017 LIBRARY CLANTON,U.S. Senate,,DEM,Kyle Sweetser,4
Chilton,0017 LIBRARY CLANTON,U.S. Senate,,DEM,Mark S. Wheeler II,4
Chilton,0017 LIBRARY CLANTON,Attorney General,,REP,Jay Mitchell,149
Chilton,0017 LIBRARY CLANTON,Attorney General,,REP,Katherine Robertson,223
Chilton,0017 LIBRARY CLANTON,Attorney General,,REP,Pamela L. Casey,101
Chilton,0017 LIBRARY CLANTON,Chilton County Revenue Commissioner,,REP,Brad Carter,201
Chilton,0017 LIBRARY CLANTON,Chilton County Revenue Commissioner,,REP,Evan Wyatt,116
Chilton,0017 LIBRARY CLANTON,Chilton County Revenue Commissioner,,REP,Michele Porter Headley,183
Chilton,0017 LIBRARY CLANTON,"Circuit Court Judge, 19Th Judicial Circuit, Place No",,REP,Carol Cook Carter,220
Chilton,0017 LIBRARY CLANTON,"Circuit Court Judge, 19Th Judicial Circuit, Place No",,REP,Bradley Earl Ekdahl,132
Chilton,0017 LIBRARY CLANTON,"Circuit Court Judge, 19Th Judicial Circuit, Place No",,REP,Ali Patterson,117
Chilton,0017 LIBRARY CLANTON,Commissioner of Agriculture and Industries,,REP,Christina Woerner McInnis,118
Chilton,0017 LIBRARY CLANTON,Commissioner of Agriculture and Industries,,REP,Cory Hill,185
Chilton,0017 LIBRARY CLANTON,Commissioner of Agriculture and Industries,,REP,Jack Williams,146
Chilton,0017 LIBRARY CLANTON,Governor,,REP,"""Alabama"" Will Santivasci",20
Chilton,0017 LIBRARY CLANTON,Governor,,REP,Ken McFeeters,27
Chilton,0017 LIBRARY CLANTON,Governor,,REP,Thomas Tuberville,448
Chilton,0017 LIBRARY CLANTON,Lieutenant Governor,,REP,George Childress,5
Chilton,0017 LIBRARY CLANTON,Lieutenant Governor,,REP,John Wahl,142
Chilton,0017 LIBRARY CLANTON,Lieutenant Governor,,REP,Nicole Jones Wadsworth,21
Chilton,0017 LIBRARY CLANTON,Lieutenant Governor,,REP,Pat Bishop,6
Chilton,0017 LIBRARY CLANTON,Lieutenant Governor,,REP,Rick Pate,43
Chilton,0017 LIBRARY CLANTON,Lieutenant Governor,,REP,Stewart Hill Tankersley,6
Chilton,0017 LIBRARY CLANTON,Lieutenant Governor,,REP,Wes Allen,253
Chilton,0017 LIBRARY CLANTON,"Public Service Commission, Place No. 1",,REP,Jeremy H. Oden,100
Chilton,0017 LIBRARY CLANTON,"Public Service Commission, Place No. 1",,REP,Matt Gentry,339
Chilton,0017 LIBRARY CLANTON,"Public Service Commission, Place No. 2",,REP,Brent Woodall,86
Chilton,0017 LIBRARY CLANTON,"Public Service Commission, Place No. 2",,REP,Chris Beeker,158
Chilton,0017 LIBRARY CLANTON,"Public Service Commission, Place No. 2",,REP,Jim Zig Zeigler,176
Chilton,0017 LIBRARY CLANTON,"Public Service Commission, Place No. 2",,REP,Priscilla Andrews,29
Chilton,0017 LIBRARY CLANTON,Secretary of State,,REP,Caroleene Dobson,293
Chilton,0017 LIBRARY CLANTON,Secretary of State,,REP,Christopher Christian Horn,96
Chilton,0017 LIBRARY CLANTON,Secretary of State,,REP,Glenda S. Jackson,56
Chilton,0017 LIBRARY CLANTON,State Auditor,,REP,Andrew Sorrell,275
Chilton,0017 LIBRARY CLANTON,State Auditor,,REP,Derek Chen,170
Chilton,0017 LIBRARY CLANTON,State Treasurer,,REP,Steve Lolley,120
Chilton,0017 LIBRARY CLANTON,State Treasurer,,REP,Young Boozer,334
Chilton,0017 LIBRARY CLANTON,"Superintendent, Chilton County Board of Education",,REP,Corey Clements,403
Chilton,0017 LIBRARY CLANTON,"Superintendent, Chilton County Board of Education",,REP,Jamie Gault,92
Chilton,0017 LIBRARY CLANTON,U.S. House,6,REP,Case Dixon,65
Chilton,0017 LIBRARY CLANTON,U.S. House,6,REP,Gary Palmer,416
Chilton,0017 LIBRARY CLANTON,U.S. Senate,,REP,Barry Moore,130
Chilton,0017 LIBRARY CLANTON,U.S. Senate,,REP,Dale Shelton Deas Jr.,7
Chilton,0017 LIBRARY CLANTON,U.S. Senate,,REP,Jared Hudson,126
Chilton,0017 LIBRARY CLANTON,U.S. Senate,,REP,Morgan Murphy,3
Chilton,0017 LIBRARY CLANTON,U.S. Senate,,REP,Rodney Walker,18
Chilton,0017 LIBRARY CLANTON,U.S. Senate,,REP,Seth Burton,14
Chilton,0017 LIBRARY CLANTON,U.S. Senate,,REP,Steve Marshall,188
Chilton,0018 CLANTON REC.,Proposed Statewide Amendment 1,,,No,85
Chilton,0018 CLANTON REC.,Proposed Statewide Amendment 1,,,Yes,765
Chilton,0018 CLANTON REC.,Proposed Statewide Amendment 2,,,No,345
Chilton,0018 CLANTON REC.,Proposed Statewide Amendment 2,,,Yes,473
Chilton,0018 CLANTON REC.,Governor,,DEM,"Chad ""Chig"" Martin",5
Chilton,0018 CLANTON REC.,Governor,,DEM,Doug Jones,67
Chilton,0018 CLANTON REC.,Governor,,DEM,Jamel J. Brown,3
Chilton,0018 CLANTON REC.,Governor,,DEM,"Nathan ""Nate"" Mathis",0
Chilton,0018 CLANTON REC.,Governor,,DEM,Will Boyd,10
Chilton,0018 CLANTON REC.,Governor,,DEM,Yolanda Rochelle Flowers,2
Chilton,0018 CLANTON REC.,Lieutenant Governor,,DEM,Darryl D. Perryman,30
Chilton,0018 CLANTON REC.,Lieutenant Governor,,DEM,Phillip Ensler,53
Chilton,0018 CLANTON REC.,"Public Service Commissioner, Place 1",,DEM,James O. Gordon,41
Chilton,0018 CLANTON REC.,"Public Service Commissioner, Place 1",,DEM,Jeff Ramsey,33
Chilton,0018 CLANTON REC.,"Public Service Commissioner, Place 1",,DEM,John Northrop,10
Chilton,0018 CLANTON REC.,U.S. Senate,,DEM,Dakarai Larriett,36
Chilton,0018 CLANTON REC.,U.S. Senate,,DEM,Everett Wess,20
Chilton,0018 CLANTON REC.,U.S. Senate,,DEM,Kyle Sweetser,16
Chilton,0018 CLANTON REC.,U.S. Senate,,DEM,Mark S. Wheeler II,11
Chilton,0018 CLANTON REC.,Attorney General,,REP,Jay Mitchell,250
Chilton,0018 CLANTON REC.,Attorney General,,REP,Katherine Robertson,322
Chilton,0018 CLANTON REC.,Attorney General,,REP,Pamela L. Casey,167
Chilton,0018 CLANTON REC.,Chilton County Revenue Commissioner,,REP,Brad Carter,354
Chilton,0018 CLANTON REC.,Chilton County Revenue Commissioner,,REP,Evan Wyatt,120
Chilton,0018 CLANTON REC.,Chilton County Revenue Commissioner,,REP,Michele Porter Headley,319
Chilton,0018 CLANTON REC.,"Circuit Court Judge, 19Th Judicial Circuit, Place No",,REP,Carol Cook Carter,325
Chilton,0018 CLANTON REC.,"Circuit Court Judge, 19Th Judicial Circuit, Place No",,REP,Bradley Earl Ekdahl,195
Chilton,0018 CLANTON REC.,"Circuit Court Judge, 19Th Judicial Circuit, Place No",,REP,Ali Patterson,233
Chilton,0018 CLANTON REC.,Commissioner of Agriculture and Industries,,REP,Christina Woerner McInnis,209
Chilton,0018 CLANTON REC.,Commissioner of Agriculture and Industries,,REP,Cory Hill,285
Chilton,0018 CLANTON REC.,Commissioner of Agriculture and Industries,,REP,Jack Williams,211
Chilton,0018 CLANTON REC.,Governor,,REP,"""Alabama"" Will Santivasci",40
Chilton,0018 CLANTON REC.,Governor,,REP,Ken McFeeters,64
Chilton,0018 CLANTON REC.,Governor,,REP,Thomas Tuberville,667
Chilton,0018 CLANTON REC.,Lieutenant Governor,,REP,George Childress,13
Chilton,0018 CLANTON REC.,Lieutenant Governor,,REP,John Wahl,205
Chilton,0018 CLANTON REC.,Lieutenant Governor,,REP,Nicole Jones Wadsworth,34
Chilton,0018 CLANTON REC.,Lieutenant Governor,,REP,Pat Bishop,21
Chilton,0018 CLANTON REC.,Lieutenant Governor,,REP,Rick Pate,67
Chilton,0018 CLANTON REC.,Lieutenant Governor,,REP,Stewart Hill Tankersley,4
Chilton,0018 CLANTON REC.,Lieutenant Governor,,REP,Wes Allen,400
Chilton,0018 CLANTON REC.,"Public Service Commission, Place No. 1",,REP,Jeremy H. Oden,135
Chilton,0018 CLANTON REC.,"Public Service Commission, Place No. 1",,REP,Matt Gentry,548
Chilton,0018 CLANTON REC.,"Public Service Commission, Place No. 2",,REP,Brent Woodall,157
Chilton,0018 CLANTON REC.,"Public Service Commission, Place No. 2",,REP,Chris Beeker,234
Chilton,0018 CLANTON REC.,"Public Service Commission, Place No. 2",,REP,Jim Zig Zeigler,231
Chilton,0018 CLANTON REC.,"Public Service Commission, Place No. 2",,REP,Priscilla Andrews,65
Chilton,0018 CLANTON REC.,Secretary of State,,REP,Caroleene Dobson,456
Chilton,0018 CLANTON REC.,Secretary of State,,REP,Christopher Christian Horn,154
Chilton,0018 CLANTON REC.,Secretary of State,,REP,Glenda S. Jackson,82
Chilton,0018 CLANTON REC.,State Auditor,,REP,Andrew Sorrell,466
Chilton,0018 CLANTON REC.,State Auditor,,REP,Derek Chen,251
Chilton,0018 CLANTON REC.,State Treasurer,,REP,Steve Lolley,214
Chilton,0018 CLANTON REC.,State Treasurer,,REP,Young Boozer,500
Chilton,0018 CLANTON REC.,"Superintendent, Chilton County Board of Education",,REP,Corey Clements,643
Chilton,0018 CLANTON REC.,"Superintendent, Chilton County Board of Education",,REP,Jamie Gault,141
Chilton,0018 CLANTON REC.,U.S. House,6,REP,Case Dixon,111
Chilton,0018 CLANTON REC.,U.S. House,6,REP,Gary Palmer,639
Chilton,0018 CLANTON REC.,U.S. Senate,,REP,Barry Moore,188
Chilton,0018 CLANTON REC.,U.S. Senate,,REP,Dale Shelton Deas Jr.,16
Chilton,0018 CLANTON REC.,U.S. Senate,,REP,Jared Hudson,242
Chilton,0018 CLANTON REC.,U.S. Senate,,REP,Morgan Murphy,13
Chilton,0018 CLANTON REC.,U.S. Senate,,REP,Rodney Walker,10
Chilton,0018 CLANTON REC.,U.S. Senate,,REP,Seth Burton,13
Chilton,0018 CLANTON REC.,U.S. Senate,,REP,Steve Marshall,274
Chilton,0020 CAMBELL BD FBC ANNEX,Proposed Statewide Amendment 1,,,No,42
Chilton,0020 CAMBELL BD FBC ANNEX,Proposed Statewide Amendment 1,,,Yes,382
Chilton,0020 CAMBELL BD FBC ANNEX,Proposed Statewide Amendment 2,,,No,162
Chilton,0020 CAMBELL BD FBC ANNEX,Proposed Statewide Amendment 2,,,Yes,250
Chilton,0020 CAMBELL BD FBC ANNEX,Governor,,DEM,"Chad ""Chig"" Martin",2
Chilton,0020 CAMBELL BD FBC ANNEX,Governor,,DEM,Doug Jones,53
Chilton,0020 CAMBELL BD FBC ANNEX,Governor,,DEM,Jamel J. Brown,1
Chilton,0020 CAMBELL BD FBC ANNEX,Governor,,DEM,"Nathan ""Nate"" Mathis",0
Chilton,0020 CAMBELL BD FBC ANNEX,Governor,,DEM,Will Boyd,6
Chilton,0020 CAMBELL BD FBC ANNEX,Governor,,DEM,Yolanda Rochelle Flowers,3
Chilton,0020 CAMBELL BD FBC ANNEX,Lieutenant Governor,,DEM,Darryl D. Perryman,27
Chilton,0020 CAMBELL BD FBC ANNEX,Lieutenant Governor,,DEM,Phillip Ensler,28
Chilton,0020 CAMBELL BD FBC ANNEX,"Public Service Commissioner, Place 1",,DEM,James O. Gordon,30
Chilton,0020 CAMBELL BD FBC ANNEX,"Public Service Commissioner, Place 1",,DEM,Jeff Ramsey,16
Chilton,0020 CAMBELL BD FBC ANNEX,"Public Service Commissioner, Place 1",,DEM,John Northrop,7
Chilton,0020 CAMBELL BD FBC ANNEX,U.S. Senate,,DEM,Dakarai Larriett,16
Chilton,0020 CAMBELL BD FBC ANNEX,U.S. Senate,,DEM,Everett Wess,17
Chilton,0020 CAMBELL BD FBC ANNEX,U.S. Senate,,DEM,Kyle Sweetser,13
Chilton,0020 CAMBELL BD FBC ANNEX,U.S. Senate,,DEM,Mark S. Wheeler II,9
Chilton,0020 CAMBELL BD FBC ANNEX,Attorney General,,REP,Jay Mitchell,90
Chilton,0020 CAMBELL BD FBC ANNEX,Attorney General,,REP,Katherine Robertson,152
Chilton,0020 CAMBELL BD FBC ANNEX,Attorney General,,REP,Pamela L. Casey,91
Chilton,0020 CAMBELL BD FBC ANNEX,Chilton County Revenue Commissioner,,REP,Brad Carter,152
Chilton,0020 CAMBELL BD FBC ANNEX,Chilton County Revenue Commissioner,,REP,Evan Wyatt,56
Chilton,0020 CAMBELL BD FBC ANNEX,Chilton County Revenue Commissioner,,REP,Michele Porter Headley,152
Chilton,0020 CAMBELL BD FBC ANNEX,"Circuit Court Judge, 19Th Judicial Circuit, Place No",,REP,Carol Cook Carter,160
Chilton,0020 CAMBELL BD FBC ANNEX,"Circuit Court Judge, 19Th Judicial Circuit, Place No",,REP,Bradley Earl Ekdahl,74
Chilton,0020 CAMBELL BD FBC ANNEX,"Circuit Court Judge, 19Th Judicial Circuit, Place No",,REP,Ali Patterson,111
Chilton,0020 CAMBELL BD FBC ANNEX,Commissioner of Agriculture and Industries,,REP,Christina Woerner McInnis,122
Chilton,0020 CAMBELL BD FBC ANNEX,Commissioner of Agriculture and Industries,,REP,Cory Hill,118
Chilton,0020 CAMBELL BD FBC ANNEX,Commissioner of Agriculture and Industries,,REP,Jack Williams,80
Chilton,0020 CAMBELL BD FBC ANNEX,Governor,,REP,"""Alabama"" Will Santivasci",14
Chilton,0020 CAMBELL BD FBC ANNEX,Governor,,REP,Ken McFeeters,26
Chilton,0020 CAMBELL BD FBC ANNEX,Governor,,REP,Thomas Tuberville,318
Chilton,0020 CAMBELL BD FBC ANNEX,Lieutenant Governor,,REP,George Childress,2
Chilton,0020 CAMBELL BD FBC ANNEX,Lieutenant Governor,,REP,John Wahl,106
Chilton,0020 CAMBELL BD FBC ANNEX,Lieutenant Governor,,REP,Nicole Jones Wadsworth,22
Chilton,0020 CAMBELL BD FBC ANNEX,Lieutenant Governor,,REP,Pat Bishop,12
Chilton,0020 CAMBELL BD FBC ANNEX,Lieutenant Governor,,REP,Rick Pate,13
Chilton,0020 CAMBELL BD FBC ANNEX,Lieutenant Governor,,REP,Stewart Hill Tankersley,5
Chilton,0020 CAMBELL BD FBC ANNEX,Lieutenant Governor,,REP,Wes Allen,179
Chilton,0020 CAMBELL BD FBC ANNEX,"Public Service Commission, Place No. 1",,REP,Jeremy H. Oden,80
Chilton,0020 CAMBELL BD FBC ANNEX,"Public Service Commission, Place No. 1",,REP,Matt Gentry,230
Chilton,0020 CAMBELL BD FBC ANNEX,"Public Service Commission, Place No. 2",,REP,Brent Woodall,61
Chilton,0020 CAMBELL BD FBC ANNEX,"Public Service Commission, Place No. 2",,REP,Chris Beeker,108
Chilton,0020 CAMBELL BD FBC ANNEX,"Public Service Commission, Place No. 2",,REP,Jim Zig Zeigler,110
Chilton,0020 CAMBELL BD FBC ANNEX,"Public Service Commission, Place No. 2",,REP,Priscilla Andrews,40
Chilton,0020 CAMBELL BD FBC ANNEX,Secretary of State,,REP,Caroleene Dobson,202
Chilton,0020 CAMBELL BD FBC ANNEX,Secretary of State,,REP,Christopher Christian Horn,70
Chilton,0020 CAMBELL BD FBC ANNEX,Secretary of State,,REP,Glenda S. Jackson,39
Chilton,0020 CAMBELL BD FBC ANNEX,State Auditor,,REP,Andrew Sorrell,205
Chilton,0020 CAMBELL BD FBC ANNEX,State Auditor,,REP,Derek Chen,124
Chilton,0020 CAMBELL BD FBC ANNEX,State Treasurer,,REP,Steve Lolley,91
Chilton,0020 CAMBELL BD FBC ANNEX,State Treasurer,,REP,Young Boozer,237
Chilton,0020 CAMBELL BD FBC ANNEX,"Superintendent, Chilton County Board of Education",,REP,Corey Clements,308
Chilton,0020 CAMBELL BD FBC ANNEX,"Superintendent, Chilton County Board of Education",,REP,Jamie Gault,53
Chilton,0020 CAMBELL BD FBC ANNEX,U.S. House,6,REP,Case Dixon,50
Chilton,0020 CAMBELL BD FBC ANNEX,U.S. House,6,REP,Gary Palmer,291
Chilton,0020 CAMBELL BD FBC ANNEX,U.S. Senate,,REP,Barry Moore,81
Chilton,0020 CAMBELL BD FBC ANNEX,U.S. Senate,,REP,Dale Shelton Deas Jr.,7
Chilton,0020 CAMBELL BD FBC ANNEX,U.S. Senate,,REP,Jared Hudson,128
Chilton,0020 CAMBELL BD FBC ANNEX,U.S. Senate,,REP,Morgan Murphy,5
Chilton,0020 CAMBELL BD FBC ANNEX,U.S. Senate,,REP,Rodney Walker,11
Chilton,0020 CAMBELL BD FBC ANNEX,U.S. Senate,,REP,Seth Burton,5
Chilton,0020 CAMBELL BD FBC ANNEX,U.S. Senate,,REP,Steve Marshall,109
Chilton,0021 ABSENTEE,Proposed Statewide Amendment 1,,,No,13
Chilton,0021 ABSENTEE,Proposed Statewide Amendment 1,,,Yes,94
Chilton,0021 ABSENTEE,Proposed Statewide Amendment 2,,,No,47
Chilton,0021 ABSENTEE,Proposed Statewide Amendment 2,,,Yes,51
Chilton,0021 ABSENTEE,Governor,,DEM,"Chad ""Chig"" Martin",0
Chilton,0021 ABSENTEE,Governor,,DEM,Doug Jones,7
Chilton,0021 ABSENTEE,Governor,,DEM,Jamel J. Brown,0
Chilton,0021 ABSENTEE,Governor,,DEM,"Nathan ""Nate"" Mathis",0
Chilton,0021 ABSENTEE,Governor,,DEM,Will Boyd,1
Chilton,0021 ABSENTEE,Governor,,DEM,Yolanda Rochelle Flowers,0
Chilton,0021 ABSENTEE,Lieutenant Governor,,DEM,Darryl D. Perryman,1
Chilton,0021 ABSENTEE,Lieutenant Governor,,DEM,Phillip Ensler,7
Chilton,0021 ABSENTEE,"Public Service Commissioner, Place 1",,DEM,James O. Gordon,5
Chilton,0021 ABSENTEE,"Public Service Commissioner, Place 1",,DEM,Jeff Ramsey,2
Chilton,0021 ABSENTEE,"Public Service Commissioner, Place 1",,DEM,John Northrop,1
Chilton,0021 ABSENTEE,U.S. Senate,,DEM,Dakarai Larriett,3
Chilton,0021 ABSENTEE,U.S. Senate,,DEM,Everett Wess,3
Chilton,0021 ABSENTEE,U.S. Senate,,DEM,Kyle Sweetser,0
Chilton,0021 ABSENTEE,U.S. Senate,,DEM,Mark S. Wheeler II,2
Chilton,0021 ABSENTEE,Attorney General,,REP,Jay Mitchell,22
Chilton,0021 ABSENTEE,Attorney General,,REP,Katherine Robertson,48
Chilton,0021 ABSENTEE,Attorney General,,REP,Pamela L. Casey,28
Chilton,0021 ABSENTEE,Chilton County Revenue Commissioner,,REP,Brad Carter,29
Chilton,0021 ABSENTEE,Chilton County Revenue Commissioner,,REP,Evan Wyatt,21
Chilton,0021 ABSENTEE,Chilton County Revenue Commissioner,,REP,Michele Porter Headley,57
Chilton,0021 ABSENTEE,"Circuit Court Judge, 19Th Judicial Circuit, Place No",,REP,Carol Cook Carter,46
Chilton,0021 ABSENTEE,"Circuit Court Judge, 19Th Judicial Circuit, Place No",,REP,Bradley Earl Ekdahl,15
Chilton,0021 ABSENTEE,"Circuit Court Judge, 19Th Judicial Circuit, Place No",,REP,Ali Patterson,38
Chilton,0021 ABSENTEE,Commissioner of Agriculture and Industries,,REP,Christina Woerner McInnis,29
Chilton,0021 ABSENTEE,Commissioner of Agriculture and Industries,,REP,Cory Hill,34
Chilton,0021 ABSENTEE,Commissioner of Agriculture and Industries,,REP,Jack Williams,28
Chilton,0021 ABSENTEE,Governor,,REP,"""Alabama"" Will Santivasci",5
Chilton,0021 ABSENTEE,Governor,,REP,Ken McFeeters,10
Chilton,0021 ABSENTEE,Governor,,REP,Thomas Tuberville,89
Chilton,0021 ABSENTEE,Lieutenant Governor,,REP,George Childress,2
Chilton,0021 ABSENTEE,Lieutenant Governor,,REP,John Wahl,19
Chilton,0021 ABSENTEE,Lieutenant Governor,,REP,Nicole Jones Wadsworth,3
Chilton,0021 ABSENTEE,Lieutenant Governor,,REP,Pat Bishop,1
Chilton,0021 ABSENTEE,Lieutenant Governor,,REP,Rick Pate,15
Chilton,0021 ABSENTEE,Lieutenant Governor,,REP,Stewart Hill Tankersley,3
Chilton,0021 ABSENTEE,Lieutenant Governor,,REP,Wes Allen,54
Chilton,0021 ABSENTEE,"Public Service Commission, Place No. 1",,REP,Jeremy H. Oden,21
Chilton,0021 ABSENTEE,"Public Service Commission, Place No. 1",,REP,Matt Gentry,64
Chilton,0021 ABSENTEE,"Public Service Commission, Place No. 2",,REP,Brent Woodall,14
Chilton,0021 ABSENTEE,"Public Service Commission, Place No. 2",,REP,Chris Beeker,29
Chilton,0021 ABSENTEE,"Public Service Commission, Place No. 2",,REP,Jim Zig Zeigler,35
Chilton,0021 ABSENTEE,"Public Service Commission, Place No. 2",,REP,Priscilla Andrews,8
Chilton,0021 ABSENTEE,Secretary of State,,REP,Caroleene Dobson,49
Chilton,0021 ABSENTEE,Secretary of State,,REP,Christopher Christian Horn,14
Chilton,0021 ABSENTEE,Secretary of State,,REP,Glenda S. Jackson,13
Chilton,0021 ABSENTEE,State Auditor,,REP,Andrew Sorrell,46
Chilton,0021 ABSENTEE,State Auditor,,REP,Derek Chen,45
Chilton,0021 ABSENTEE,State Treasurer,,REP,Steve Lolley,20
Chilton,0021 ABSENTEE,State Treasurer,,REP,Young Boozer,70
Chilton,0021 ABSENTEE,"Superintendent, Chilton County Board of Education",,REP,Corey Clements,82
Chilton,0021 ABSENTEE,"Superintendent, Chilton County Board of Education",,REP,Jamie Gault,22
Chilton,0021 ABSENTEE,U.S. House,6,REP,Case Dixon,20
Chilton,0021 ABSENTEE,U.S. House,6,REP,Gary Palmer,78
Chilton,0021 ABSENTEE,U.S. Senate,,REP,Barry Moore,21
Chilton,0021 ABSENTEE,U.S. Senate,,REP,Dale Shelton Deas Jr.,2
Chilton,0021 ABSENTEE,U.S. Senate,,REP,Jared Hudson,33
Chilton,0021 ABSENTEE,U.S. Senate,,REP,Morgan Murphy,2
Chilton,0021 ABSENTEE,U.S. Senate,,REP,Rodney Walker,5
Chilton,0021 ABSENTEE,U.S. Senate,,REP,Seth Burton,1
Chilton,0021 ABSENTEE,U.S. Senate,,REP,Steve Marshall,37
Chilton,0022 PROVISIONAL,Proposed Statewide Amendment 1,,,No,0
Chilton,0022 PROVISIONAL,Proposed Statewide Amendment 1,,,Yes,7
Chilton,0022 PROVISIONAL,Proposed Statewide Amendment 2,,,No,3
Chilton,0022 PROVISIONAL,Proposed Statewide Amendment 2,,,Yes,4
Chilton,0022 PROVISIONAL,Governor,,DEM,"Chad ""Chig"" Martin",0
Chilton,0022 PROVISIONAL,Governor,,DEM,Doug Jones,0
Chilton,0022 PROVISIONAL,Governor,,DEM,Jamel J. Brown,1
Chilton,0022 PROVISIONAL,Governor,,DEM,"Nathan ""Nate"" Mathis",0
Chilton,0022 PROVISIONAL,Governor,,DEM,Will Boyd,0
Chilton,0022 PROVISIONAL,Governor,,DEM,Yolanda Rochelle Flowers,0
Chilton,0022 PROVISIONAL,Lieutenant Governor,,DEM,Darryl D. Perryman,0
Chilton,0022 PROVISIONAL,Lieutenant Governor,,DEM,Phillip Ensler,1
Chilton,0022 PROVISIONAL,"Public Service Commissioner, Place 1",,DEM,James O. Gordon,1
Chilton,0022 PROVISIONAL,"Public Service Commissioner, Place 1",,DEM,Jeff Ramsey,0
Chilton,0022 PROVISIONAL,"Public Service Commissioner, Place 1",,DEM,John Northrop,0
Chilton,0022 PROVISIONAL,U.S. Senate,,DEM,Dakarai Larriett,1
Chilton,0022 PROVISIONAL,U.S. Senate,,DEM,Everett Wess,0
Chilton,0022 PROVISIONAL,U.S. Senate,,DEM,Kyle Sweetser,0
Chilton,0022 PROVISIONAL,U.S. Senate,,DEM,Mark S. Wheeler II,0
Chilton,0022 PROVISIONAL,Attorney General,,REP,Jay Mitchell,4
Chilton,0022 PROVISIONAL,Attorney General,,REP,Katherine Robertson,2
Chilton,0022 PROVISIONAL,Attorney General,,REP,Pamela L. Casey,0
Chilton,0022 PROVISIONAL,Chilton County Revenue Commissioner,,REP,Brad Carter,1
Chilton,0022 PROVISIONAL,Chilton County Revenue Commissioner,,REP,Evan Wyatt,2
Chilton,0022 PROVISIONAL,Chilton County Revenue Commissioner,,REP,Michele Porter Headley,2
Chilton,0022 PROVISIONAL,"Circuit Court Judge, 19Th Judicial Circuit, Place No",,REP,Carol Cook Carter,3
Chilton,0022 PROVISIONAL,"Circuit Court Judge, 19Th Judicial Circuit, Place No",,REP,Bradley Earl Ekdahl,1
Chilton,0022 PROVISIONAL,"Circuit Court Judge, 19Th Judicial Circuit, Place No",,REP,Ali Patterson,1
Chilton,0022 PROVISIONAL,Commissioner of Agriculture and Industries,,REP,Christina Woerner McInnis,3
Chilton,0022 PROVISIONAL,Commissioner of Agriculture and Industries,,REP,Cory Hill,2
Chilton,0022 PROVISIONAL,Commissioner of Agriculture and Industries,,REP,Jack Williams,1
Chilton,0022 PROVISIONAL,Governor,,REP,"""Alabama"" Will Santivasci",0
Chilton,0022 PROVISIONAL,Governor,,REP,Ken McFeeters,0
Chilton,0022 PROVISIONAL,Governor,,REP,Thomas Tuberville,6
Chilton,0022 PROVISIONAL,Lieutenant Governor,,REP,George Childress,0
Chilton,0022 PROVISIONAL,Lieutenant Governor,,REP,John Wahl,1
Chilton,0022 PROVISIONAL,Lieutenant Governor,,REP,Nicole Jones Wadsworth,0
Chilton,0022 PROVISIONAL,Lieutenant Governor,,REP,Pat Bishop,2
Chilton,0022 PROVISIONAL,Lieutenant Governor,,REP,Rick Pate,0
Chilton,0022 PROVISIONAL,Lieutenant Governor,,REP,Stewart Hill Tankersley,0
Chilton,0022 PROVISIONAL,Lieutenant Governor,,REP,Wes Allen,3
Chilton,0022 PROVISIONAL,"Public Service Commission, Place No. 1",,REP,Jeremy H. Oden,2
Chilton,0022 PROVISIONAL,"Public Service Commission, Place No. 1",,REP,Matt Gentry,3
Chilton,0022 PROVISIONAL,"Public Service Commission, Place No. 2",,REP,Brent Woodall,1
Chilton,0022 PROVISIONAL,"Public Service Commission, Place No. 2",,REP,Chris Beeker,0
Chilton,0022 PROVISIONAL,"Public Service Commission, Place No. 2",,REP,Jim Zig Zeigler,3
Chilton,0022 PROVISIONAL,"Public Service Commission, Place No. 2",,REP,Priscilla Andrews,2
Chilton,0022 PROVISIONAL,Secretary of State,,REP,Caroleene Dobson,5
Chilton,0022 PROVISIONAL,Secretary of State,,REP,Christopher Christian Horn,0
Chilton,0022 PROVISIONAL,Secretary of State,,REP,Glenda S. Jackson,1
Chilton,0022 PROVISIONAL,State Auditor,,REP,Andrew Sorrell,4
Chilton,0022 PROVISIONAL,State Auditor,,REP,Derek Chen,1
Chilton,0022 PROVISIONAL,State Treasurer,,REP,Steve Lolley,1
Chilton,0022 PROVISIONAL,State Treasurer,,REP,Young Boozer,5
Chilton,0022 PROVISIONAL,"Superintendent, Chilton County Board of Education",,REP,Corey Clements,4
Chilton,0022 PROVISIONAL,"Superintendent, Chilton County Board of Education",,REP,Jamie Gault,1
Chilton,0022 PROVISIONAL,U.S. House,6,REP,Case Dixon,2
Chilton,0022 PROVISIONAL,U.S. House,6,REP,Gary Palmer,4
Chilton,0022 PROVISIONAL,U.S. Senate,,REP,Barry Moore,3
Chilton,0022 PROVISIONAL,U.S. Senate,,REP,Dale Shelton Deas Jr.,0
Chilton,0022 PROVISIONAL,U.S. Senate,,REP,Jared Hudson,1
Chilton,0022 PROVISIONAL,U.S. Senate,,REP,Morgan Murphy,0
Chilton,0022 PROVISIONAL,U.S. Senate,,REP,Rodney Walker,0
Chilton,0022 PROVISIONAL,U.S. Senate,,REP,Seth Burton,1
Chilton,0022 PROVISIONAL,U.S. Senate,,REP,Steve Marshall,0
