county,precinct,office,district,party,candidate,votes
Fayette,ABSENTEE,Governor,,DEM,"Chad ""Chig"" Martin",0
Fayette,ABSENTEE,Governor,,DEM,Doug Jones,11
Fayette,ABSENTEE,Governor,,DEM,Jamel J. Brown,1
Fayette,ABSENTEE,Governor,,DEM,"Nathan ""Nate"" Mathis",0
Fayette,ABSENTEE,Governor,,DEM,Will Boyd,1
Fayette,ABSENTEE,Governor,,DEM,Yolanda Rochelle Flowers,0
Fayette,ABSENTEE,Lieutenant Governor,,DEM,Darryl D. Perryman,6
Fayette,ABSENTEE,Lieutenant Governor,,DEM,Phillip Ensler,4
Fayette,ABSENTEE,U.S. Senate,,DEM,Dakarai Larriett,4
Fayette,ABSENTEE,U.S. Senate,,DEM,Everett Wess,1
Fayette,ABSENTEE,U.S. Senate,,DEM,Kyle Sweetser,2
Fayette,ABSENTEE,U.S. Senate,,DEM,Mark S. Wheeler II,4
Fayette,ABSENTEE,"Public Service Commissioner, Place 1",,DEM,James O. Gordon,5
Fayette,ABSENTEE,"Public Service Commissioner, Place 1",,DEM,Jeff Ramsey,4
Fayette,ABSENTEE,"Public Service Commissioner, Place 1",,DEM,John Northrop,3
Fayette,ABSENTEE,U.S. House,4,DEM,Amanda N. Pusczek,2
Fayette,ABSENTEE,U.S. House,4,DEM,Shane Weaver,9
Fayette,ABSENTEE,U.S. Senate,,REP,Barry Moore,23
Fayette,ABSENTEE,U.S. Senate,,REP,Dale Shelton Deas Jr.,0
Fayette,ABSENTEE,U.S. Senate,,REP,Jared Hudson,15
Fayette,ABSENTEE,U.S. Senate,,REP,Morgan Murphy,0
Fayette,ABSENTEE,U.S. Senate,,REP,Rodney Walker,3
Fayette,ABSENTEE,U.S. Senate,,REP,Seth Burton,1
Fayette,ABSENTEE,U.S. Senate,,REP,Steve Marshall,25
Fayette,ABSENTEE,Attorney General,,REP,Jay Mitchell,20
Fayette,ABSENTEE,Attorney General,,REP,Katherine Robertson,34
Fayette,ABSENTEE,Attorney General,,REP,Pamela L. Casey,9
Fayette,ABSENTEE,Commissioner of Agriculture and Industries,,REP,Christina Woerner McInnis,9
Fayette,ABSENTEE,Commissioner of Agriculture and Industries,,REP,Cory Hill,26
Fayette,ABSENTEE,Commissioner of Agriculture and Industries,,REP,Jack Williams,23
Fayette,ABSENTEE,Fayette County Coroner,,REP,"Daniel Ewald, III",13
Fayette,ABSENTEE,Fayette County Coroner,,REP,"Timothy ""TK"" Kimbrell",58
Fayette,ABSENTEE,Fayette County Revenue Commissioner,,REP,Carrie Edmonson,15
Fayette,ABSENTEE,Fayette County Revenue Commissioner,,REP,Jeananne Edwards,40
Fayette,ABSENTEE,Fayette County Revenue Commissioner,,REP,Jerry M. Nichols,22
Fayette,ABSENTEE,Fayette County Sheriff,,REP,Byron Yerby,60
Fayette,ABSENTEE,Fayette County Sheriff,,REP,Roger Morrison,20
Fayette,ABSENTEE,Governor,,REP,"""Alabama"" Will Santivasci",1
Fayette,ABSENTEE,Governor,,REP,Ken McFeeters,6
Fayette,ABSENTEE,Governor,,REP,Thomas Tuberville,65
Fayette,ABSENTEE,Lieutenant Governor,,REP,George Childress,1
Fayette,ABSENTEE,Lieutenant Governor,,REP,John Wahl,16
Fayette,ABSENTEE,Lieutenant Governor,,REP,Nicole Jones Wadsworth,5
Fayette,ABSENTEE,Lieutenant Governor,,REP,Pat Bishop,1
Fayette,ABSENTEE,Lieutenant Governor,,REP,Rick Pate,1
Fayette,ABSENTEE,Lieutenant Governor,,REP,Stewart Hill Tankersley,2
Fayette,ABSENTEE,Lieutenant Governor,,REP,Wes Allen,44
Fayette,ABSENTEE,"Public Service Commission, Place No. 1",,REP,Jeremy H. Oden,25
Fayette,ABSENTEE,"Public Service Commission, Place No. 1",,REP,Matt Gentry,29
Fayette,ABSENTEE,"Public Service Commission, Place No. 2",,REP,Brent Woodall,5
Fayette,ABSENTEE,"Public Service Commission, Place No. 2",,REP,Chris Beeker,14
Fayette,ABSENTEE,"Public Service Commission, Place No. 2",,REP,Jim Zig Zeigler,31
Fayette,ABSENTEE,"Public Service Commission, Place No. 2",,REP,Priscilla Andrews,8
Fayette,ABSENTEE,Secretary of State,,REP,Caroleene Dobson,28
Fayette,ABSENTEE,Secretary of State,,REP,Christopher Christian Horn,13
Fayette,ABSENTEE,Secretary of State,,REP,Glenda S. Jackson,14
Fayette,ABSENTEE,State Auditor,,REP,Andrew Sorrell,40
Fayette,ABSENTEE,State Auditor,,REP,Derek Chen,20
Fayette,ABSENTEE,State Treasurer,,REP,Steve Lolley,18
Fayette,ABSENTEE,State Treasurer,,REP,Young Boozer,42
Fayette,ABSENTEE,Superintendent. Fayette County Board of Education,,REP,Jeremy Madden,38
Fayette,ABSENTEE,Superintendent. Fayette County Board of Education,,REP,Steve Herring,14
Fayette,ABSENTEE,Superintendent. Fayette County Board of Education,,REP,Steve Sawyer,22
Fayette,ABSENTEE,U.S. House,4,REP,Robert B. Aderholt,60
Fayette,ABSENTEE,U.S. House,4,REP,Tommy Barnes,12
Fayette,BERRY CIVIC CTR.,Governor,,DEM,"Chad ""Chig"" Martin",0
Fayette,BERRY CIVIC CTR.,Governor,,DEM,Doug Jones,9
Fayette,BERRY CIVIC CTR.,Governor,,DEM,Jamel J. Brown,1
Fayette,BERRY CIVIC CTR.,Governor,,DEM,"Nathan ""Nate"" Mathis",1
Fayette,BERRY CIVIC CTR.,Governor,,DEM,Will Boyd,1
Fayette,BERRY CIVIC CTR.,Governor,,DEM,Yolanda Rochelle Flowers,1
Fayette,BERRY CIVIC CTR.,Lieutenant Governor,,DEM,Darryl D. Perryman,5
Fayette,BERRY CIVIC CTR.,Lieutenant Governor,,DEM,Phillip Ensler,6
Fayette,BERRY CIVIC CTR.,U.S. Senate,,DEM,Dakarai Larriett,5
Fayette,BERRY CIVIC CTR.,U.S. Senate,,DEM,Everett Wess,3
Fayette,BERRY CIVIC CTR.,U.S. Senate,,DEM,Kyle Sweetser,2
Fayette,BERRY CIVIC CTR.,U.S. Senate,,DEM,Mark S. Wheeler II,3
Fayette,BERRY CIVIC CTR.,"Public Service Commissioner, Place 1",,DEM,James O. Gordon,2
Fayette,BERRY CIVIC CTR.,"Public Service Commissioner, Place 1",,DEM,Jeff Ramsey,3
Fayette,BERRY CIVIC CTR.,"Public Service Commissioner, Place 1",,DEM,John Northrop,4
Fayette,BERRY CIVIC CTR.,U.S. House,4,DEM,Amanda N. Pusczek,4
Fayette,BERRY CIVIC CTR.,U.S. House,4,DEM,Shane Weaver,5
Fayette,BERRY CIVIC CTR.,U.S. Senate,,REP,Barry Moore,123
Fayette,BERRY CIVIC CTR.,U.S. Senate,,REP,Dale Shelton Deas Jr.,7
Fayette,BERRY CIVIC CTR.,U.S. Senate,,REP,Jared Hudson,122
Fayette,BERRY CIVIC CTR.,U.S. Senate,,REP,Morgan Murphy,3
Fayette,BERRY CIVIC CTR.,U.S. Senate,,REP,Rodney Walker,8
Fayette,BERRY CIVIC CTR.,U.S. Senate,,REP,Seth Burton,13
Fayette,BERRY CIVIC CTR.,U.S. Senate,,REP,Steve Marshall,91
Fayette,BERRY CIVIC CTR.,Attorney General,,REP,Jay Mitchell,141
Fayette,BERRY CIVIC CTR.,Attorney General,,REP,Katherine Robertson,142
Fayette,BERRY CIVIC CTR.,Attorney General,,REP,Pamela L. Casey,63
Fayette,BERRY CIVIC CTR.,Commissioner of Agriculture and Industries,,REP,Christina Woerner McInnis,90
Fayette,BERRY CIVIC CTR.,Commissioner of Agriculture and Industries,,REP,Cory Hill,116
Fayette,BERRY CIVIC CTR.,Commissioner of Agriculture and Industries,,REP,Jack Williams,118
Fayette,BERRY CIVIC CTR.,Fayette County Coroner,,REP,"Daniel Ewald, III",126
Fayette,BERRY CIVIC CTR.,Fayette County Coroner,,REP,"Timothy ""TK"" Kimbrell",273
Fayette,BERRY CIVIC CTR.,Fayette County Revenue Commissioner,,REP,Carrie Edmonson,250
Fayette,BERRY CIVIC CTR.,Fayette County Revenue Commissioner,,REP,Jeananne Edwards,89
Fayette,BERRY CIVIC CTR.,Fayette County Revenue Commissioner,,REP,Jerry M. Nichols,69
Fayette,BERRY CIVIC CTR.,Fayette County Sheriff,,REP,Byron Yerby,248
Fayette,BERRY CIVIC CTR.,Fayette County Sheriff,,REP,Roger Morrison,172
Fayette,BERRY CIVIC CTR.,Governor,,REP,"""Alabama"" Will Santivasci",27
Fayette,BERRY CIVIC CTR.,Governor,,REP,Ken McFeeters,25
Fayette,BERRY CIVIC CTR.,Governor,,REP,Thomas Tuberville,351
Fayette,BERRY CIVIC CTR.,Lieutenant Governor,,REP,George Childress,6
Fayette,BERRY CIVIC CTR.,Lieutenant Governor,,REP,John Wahl,138
Fayette,BERRY CIVIC CTR.,Lieutenant Governor,,REP,Nicole Jones Wadsworth,24
Fayette,BERRY CIVIC CTR.,Lieutenant Governor,,REP,Pat Bishop,10
Fayette,BERRY CIVIC CTR.,Lieutenant Governor,,REP,Rick Pate,33
Fayette,BERRY CIVIC CTR.,Lieutenant Governor,,REP,Stewart Hill Tankersley,9
Fayette,BERRY CIVIC CTR.,Lieutenant Governor,,REP,Wes Allen,149
Fayette,BERRY CIVIC CTR.,"Public Service Commission, Place No. 1",,REP,Jeremy H. Oden,106
Fayette,BERRY CIVIC CTR.,"Public Service Commission, Place No. 1",,REP,Matt Gentry,228
Fayette,BERRY CIVIC CTR.,"Public Service Commission, Place No. 2",,REP,Brent Woodall,56
Fayette,BERRY CIVIC CTR.,"Public Service Commission, Place No. 2",,REP,Chris Beeker,82
Fayette,BERRY CIVIC CTR.,"Public Service Commission, Place No. 2",,REP,Jim Zig Zeigler,168
Fayette,BERRY CIVIC CTR.,"Public Service Commission, Place No. 2",,REP,Priscilla Andrews,37
Fayette,BERRY CIVIC CTR.,Secretary of State,,REP,Caroleene Dobson,165
Fayette,BERRY CIVIC CTR.,Secretary of State,,REP,Christopher Christian Horn,103
Fayette,BERRY CIVIC CTR.,Secretary of State,,REP,Glenda S. Jackson,64
Fayette,BERRY CIVIC CTR.,State Auditor,,REP,Andrew Sorrell,236
Fayette,BERRY CIVIC CTR.,State Auditor,,REP,Derek Chen,101
Fayette,BERRY CIVIC CTR.,State Treasurer,,REP,Steve Lolley,156
Fayette,BERRY CIVIC CTR.,State Treasurer,,REP,Young Boozer,184
Fayette,BERRY CIVIC CTR.,Superintendent. Fayette County Board of Education,,REP,Jeremy Madden,120
Fayette,BERRY CIVIC CTR.,Superintendent. Fayette County Board of Education,,REP,Steve Herring,89
Fayette,BERRY CIVIC CTR.,Superintendent. Fayette County Board of Education,,REP,Steve Sawyer,194
Fayette,BERRY CIVIC CTR.,U.S. House,4,REP,Robert B. Aderholt,292
Fayette,BERRY CIVIC CTR.,U.S. House,4,REP,Tommy Barnes,88
Fayette,BOLEY SPRINGS VFD,Governor,,DEM,"Chad ""Chig"" Martin",0
Fayette,BOLEY SPRINGS VFD,Governor,,DEM,Doug Jones,0
Fayette,BOLEY SPRINGS VFD,Governor,,DEM,Jamel J. Brown,0
Fayette,BOLEY SPRINGS VFD,Governor,,DEM,"Nathan ""Nate"" Mathis",0
Fayette,BOLEY SPRINGS VFD,Governor,,DEM,Will Boyd,0
Fayette,BOLEY SPRINGS VFD,Governor,,DEM,Yolanda Rochelle Flowers,0
Fayette,BOLEY SPRINGS VFD,Lieutenant Governor,,DEM,Darryl D. Perryman,0
Fayette,BOLEY SPRINGS VFD,Lieutenant Governor,,DEM,Phillip Ensler,0
Fayette,BOLEY SPRINGS VFD,U.S. Senate,,DEM,Dakarai Larriett,0
Fayette,BOLEY SPRINGS VFD,U.S. Senate,,DEM,Everett Wess,0
Fayette,BOLEY SPRINGS VFD,U.S. Senate,,DEM,Kyle Sweetser,0
Fayette,BOLEY SPRINGS VFD,U.S. Senate,,DEM,Mark S. Wheeler II,0
Fayette,BOLEY SPRINGS VFD,"Public Service Commissioner, Place 1",,DEM,James O. Gordon,0
Fayette,BOLEY SPRINGS VFD,"Public Service Commissioner, Place 1",,DEM,Jeff Ramsey,0
Fayette,BOLEY SPRINGS VFD,"Public Service Commissioner, Place 1",,DEM,John Northrop,0
Fayette,BOLEY SPRINGS VFD,U.S. House,4,DEM,Amanda N. Pusczek,0
Fayette,BOLEY SPRINGS VFD,U.S. House,4,DEM,Shane Weaver,0
Fayette,BOLEY SPRINGS VFD,U.S. Senate,,REP,Barry Moore,55
Fayette,BOLEY SPRINGS VFD,U.S. Senate,,REP,Dale Shelton Deas Jr.,1
Fayette,BOLEY SPRINGS VFD,U.S. Senate,,REP,Jared Hudson,42
Fayette,BOLEY SPRINGS VFD,U.S. Senate,,REP,Morgan Murphy,4
Fayette,BOLEY SPRINGS VFD,U.S. Senate,,REP,Rodney Walker,8
Fayette,BOLEY SPRINGS VFD,U.S. Senate,,REP,Seth Burton,6
Fayette,BOLEY SPRINGS VFD,U.S. Senate,,REP,Steve Marshall,35
Fayette,BOLEY SPRINGS VFD,Attorney General,,REP,Jay Mitchell,65
Fayette,BOLEY SPRINGS VFD,Attorney General,,REP,Katherine Robertson,56
Fayette,BOLEY SPRINGS VFD,Attorney General,,REP,Pamela L. Casey,28
Fayette,BOLEY SPRINGS VFD,Commissioner of Agriculture and Industries,,REP,Christina Woerner McInnis,37
Fayette,BOLEY SPRINGS VFD,Commissioner of Agriculture and Industries,,REP,Cory Hill,53
Fayette,BOLEY SPRINGS VFD,Commissioner of Agriculture and Industries,,REP,Jack Williams,49
Fayette,BOLEY SPRINGS VFD,Fayette County Coroner,,REP,"Daniel Ewald, III",54
Fayette,BOLEY SPRINGS VFD,Fayette County Coroner,,REP,"Timothy ""TK"" Kimbrell",101
Fayette,BOLEY SPRINGS VFD,Fayette County Revenue Commissioner,,REP,Carrie Edmonson,78
Fayette,BOLEY SPRINGS VFD,Fayette County Revenue Commissioner,,REP,Jeananne Edwards,46
Fayette,BOLEY SPRINGS VFD,Fayette County Revenue Commissioner,,REP,Jerry M. Nichols,32
Fayette,BOLEY SPRINGS VFD,Fayette County Sheriff,,REP,Byron Yerby,71
Fayette,BOLEY SPRINGS VFD,Fayette County Sheriff,,REP,Roger Morrison,84
Fayette,BOLEY SPRINGS VFD,Governor,,REP,"""Alabama"" Will Santivasci",8
Fayette,BOLEY SPRINGS VFD,Governor,,REP,Ken McFeeters,9
Fayette,BOLEY SPRINGS VFD,Governor,,REP,Thomas Tuberville,144
Fayette,BOLEY SPRINGS VFD,Lieutenant Governor,,REP,George Childress,3
Fayette,BOLEY SPRINGS VFD,Lieutenant Governor,,REP,John Wahl,56
Fayette,BOLEY SPRINGS VFD,Lieutenant Governor,,REP,Nicole Jones Wadsworth,13
Fayette,BOLEY SPRINGS VFD,Lieutenant Governor,,REP,Pat Bishop,4
Fayette,BOLEY SPRINGS VFD,Lieutenant Governor,,REP,Rick Pate,6
Fayette,BOLEY SPRINGS VFD,Lieutenant Governor,,REP,Stewart Hill Tankersley,3
Fayette,BOLEY SPRINGS VFD,Lieutenant Governor,,REP,Wes Allen,69
Fayette,BOLEY SPRINGS VFD,"Public Service Commission, Place No. 1",,REP,Jeremy H. Oden,47
Fayette,BOLEY SPRINGS VFD,"Public Service Commission, Place No. 1",,REP,Matt Gentry,91
Fayette,BOLEY SPRINGS VFD,"Public Service Commission, Place No. 2",,REP,Brent Woodall,22
Fayette,BOLEY SPRINGS VFD,"Public Service Commission, Place No. 2",,REP,Chris Beeker,49
Fayette,BOLEY SPRINGS VFD,"Public Service Commission, Place No. 2",,REP,Jim Zig Zeigler,51
Fayette,BOLEY SPRINGS VFD,"Public Service Commission, Place No. 2",,REP,Priscilla Andrews,16
Fayette,BOLEY SPRINGS VFD,Secretary of State,,REP,Caroleene Dobson,78
Fayette,BOLEY SPRINGS VFD,Secretary of State,,REP,Christopher Christian Horn,45
Fayette,BOLEY SPRINGS VFD,Secretary of State,,REP,Glenda S. Jackson,18
Fayette,BOLEY SPRINGS VFD,State Auditor,,REP,Andrew Sorrell,82
Fayette,BOLEY SPRINGS VFD,State Auditor,,REP,Derek Chen,65
Fayette,BOLEY SPRINGS VFD,State Treasurer,,REP,Steve Lolley,78
Fayette,BOLEY SPRINGS VFD,State Treasurer,,REP,Young Boozer,68
Fayette,BOLEY SPRINGS VFD,Superintendent. Fayette County Board of Education,,REP,Jeremy Madden,65
Fayette,BOLEY SPRINGS VFD,Superintendent. Fayette County Board of Education,,REP,Steve Herring,22
Fayette,BOLEY SPRINGS VFD,Superintendent. Fayette County Board of Education,,REP,Steve Sawyer,73
Fayette,BOLEY SPRINGS VFD,U.S. House,4,REP,Robert B. Aderholt,115
Fayette,BOLEY SPRINGS VFD,U.S. House,4,REP,Tommy Barnes,43
Fayette,BROWNS-GLEN ALLEN,Governor,,DEM,"Chad ""Chig"" Martin",1
Fayette,BROWNS-GLEN ALLEN,Governor,,DEM,Doug Jones,0
Fayette,BROWNS-GLEN ALLEN,Governor,,DEM,Jamel J. Brown,0
Fayette,BROWNS-GLEN ALLEN,Governor,,DEM,"Nathan ""Nate"" Mathis",1
Fayette,BROWNS-GLEN ALLEN,Governor,,DEM,Will Boyd,0
Fayette,BROWNS-GLEN ALLEN,Governor,,DEM,Yolanda Rochelle Flowers,1
Fayette,BROWNS-GLEN ALLEN,Lieutenant Governor,,DEM,Darryl D. Perryman,1
Fayette,BROWNS-GLEN ALLEN,Lieutenant Governor,,DEM,Phillip Ensler,2
Fayette,BROWNS-GLEN ALLEN,U.S. Senate,,DEM,Dakarai Larriett,0
Fayette,BROWNS-GLEN ALLEN,U.S. Senate,,DEM,Everett Wess,1
Fayette,BROWNS-GLEN ALLEN,U.S. Senate,,DEM,Kyle Sweetser,2
Fayette,BROWNS-GLEN ALLEN,U.S. Senate,,DEM,Mark S. Wheeler II,0
Fayette,BROWNS-GLEN ALLEN,"Public Service Commissioner, Place 1",,DEM,James O. Gordon,2
Fayette,BROWNS-GLEN ALLEN,"Public Service Commissioner, Place 1",,DEM,Jeff Ramsey,0
Fayette,BROWNS-GLEN ALLEN,"Public Service Commissioner, Place 1",,DEM,John Northrop,1
Fayette,BROWNS-GLEN ALLEN,U.S. House,4,DEM,Amanda N. Pusczek,1
Fayette,BROWNS-GLEN ALLEN,U.S. House,4,DEM,Shane Weaver,2
Fayette,BROWNS-GLEN ALLEN,U.S. Senate,,REP,Barry Moore,17
Fayette,BROWNS-GLEN ALLEN,U.S. Senate,,REP,Dale Shelton Deas Jr.,0
Fayette,BROWNS-GLEN ALLEN,U.S. Senate,,REP,Jared Hudson,25
Fayette,BROWNS-GLEN ALLEN,U.S. Senate,,REP,Morgan Murphy,2
Fayette,BROWNS-GLEN ALLEN,U.S. Senate,,REP,Rodney Walker,1
Fayette,BROWNS-GLEN ALLEN,U.S. Senate,,REP,Seth Burton,5
Fayette,BROWNS-GLEN ALLEN,U.S. Senate,,REP,Steve Marshall,27
Fayette,BROWNS-GLEN ALLEN,Attorney General,,REP,Jay Mitchell,21
Fayette,BROWNS-GLEN ALLEN,Attorney General,,REP,Katherine Robertson,28
Fayette,BROWNS-GLEN ALLEN,Attorney General,,REP,Pamela L. Casey,23
Fayette,BROWNS-GLEN ALLEN,Commissioner of Agriculture and Industries,,REP,Christina Woerner McInnis,14
Fayette,BROWNS-GLEN ALLEN,Commissioner of Agriculture and Industries,,REP,Cory Hill,34
Fayette,BROWNS-GLEN ALLEN,Commissioner of Agriculture and Industries,,REP,Jack Williams,22
Fayette,BROWNS-GLEN ALLEN,Fayette County Coroner,,REP,"Daniel Ewald, III",17
Fayette,BROWNS-GLEN ALLEN,Fayette County Coroner,,REP,"Timothy ""TK"" Kimbrell",61
Fayette,BROWNS-GLEN ALLEN,Fayette County Revenue Commissioner,,REP,Carrie Edmonson,19
Fayette,BROWNS-GLEN ALLEN,Fayette County Revenue Commissioner,,REP,Jeananne Edwards,34
Fayette,BROWNS-GLEN ALLEN,Fayette County Revenue Commissioner,,REP,Jerry M. Nichols,28
Fayette,BROWNS-GLEN ALLEN,Fayette County Sheriff,,REP,Byron Yerby,64
Fayette,BROWNS-GLEN ALLEN,Fayette County Sheriff,,REP,Roger Morrison,23
Fayette,BROWNS-GLEN ALLEN,Governor,,REP,"""Alabama"" Will Santivasci",4
Fayette,BROWNS-GLEN ALLEN,Governor,,REP,Ken McFeeters,5
Fayette,BROWNS-GLEN ALLEN,Governor,,REP,Thomas Tuberville,72
Fayette,BROWNS-GLEN ALLEN,Lieutenant Governor,,REP,George Childress,1
Fayette,BROWNS-GLEN ALLEN,Lieutenant Governor,,REP,John Wahl,24
Fayette,BROWNS-GLEN ALLEN,Lieutenant Governor,,REP,Nicole Jones Wadsworth,6
Fayette,BROWNS-GLEN ALLEN,Lieutenant Governor,,REP,Pat Bishop,1
Fayette,BROWNS-GLEN ALLEN,Lieutenant Governor,,REP,Rick Pate,10
Fayette,BROWNS-GLEN ALLEN,Lieutenant Governor,,REP,Stewart Hill Tankersley,2
Fayette,BROWNS-GLEN ALLEN,Lieutenant Governor,,REP,Wes Allen,31
Fayette,BROWNS-GLEN ALLEN,"Public Service Commission, Place No. 1",,REP,Jeremy H. Oden,23
Fayette,BROWNS-GLEN ALLEN,"Public Service Commission, Place No. 1",,REP,Matt Gentry,45
Fayette,BROWNS-GLEN ALLEN,"Public Service Commission, Place No. 2",,REP,Brent Woodall,13
Fayette,BROWNS-GLEN ALLEN,"Public Service Commission, Place No. 2",,REP,Chris Beeker,12
Fayette,BROWNS-GLEN ALLEN,"Public Service Commission, Place No. 2",,REP,Jim Zig Zeigler,40
Fayette,BROWNS-GLEN ALLEN,"Public Service Commission, Place No. 2",,REP,Priscilla Andrews,6
Fayette,BROWNS-GLEN ALLEN,Secretary of State,,REP,Caroleene Dobson,32
Fayette,BROWNS-GLEN ALLEN,Secretary of State,,REP,Christopher Christian Horn,23
Fayette,BROWNS-GLEN ALLEN,Secretary of State,,REP,Glenda S. Jackson,14
Fayette,BROWNS-GLEN ALLEN,State Auditor,,REP,Andrew Sorrell,54
Fayette,BROWNS-GLEN ALLEN,State Auditor,,REP,Derek Chen,17
Fayette,BROWNS-GLEN ALLEN,State Treasurer,,REP,Steve Lolley,43
Fayette,BROWNS-GLEN ALLEN,State Treasurer,,REP,Young Boozer,31
Fayette,BROWNS-GLEN ALLEN,Superintendent. Fayette County Board of Education,,REP,Jeremy Madden,26
Fayette,BROWNS-GLEN ALLEN,Superintendent. Fayette County Board of Education,,REP,Steve Herring,28
Fayette,BROWNS-GLEN ALLEN,Superintendent. Fayette County Board of Education,,REP,Steve Sawyer,31
Fayette,BROWNS-GLEN ALLEN,U.S. House,4,REP,Robert B. Aderholt,62
Fayette,BROWNS-GLEN ALLEN,U.S. House,4,REP,Tommy Barnes,20
Fayette,BROWNS-WHITES CHAPEL,Governor,,DEM,"Chad ""Chig"" Martin",0
Fayette,BROWNS-WHITES CHAPEL,Governor,,DEM,Doug Jones,10
Fayette,BROWNS-WHITES CHAPEL,Governor,,DEM,Jamel J. Brown,0
Fayette,BROWNS-WHITES CHAPEL,Governor,,DEM,"Nathan ""Nate"" Mathis",0
Fayette,BROWNS-WHITES CHAPEL,Governor,,DEM,Will Boyd,1
Fayette,BROWNS-WHITES CHAPEL,Governor,,DEM,Yolanda Rochelle Flowers,0
Fayette,BROWNS-WHITES CHAPEL,Lieutenant Governor,,DEM,Darryl D. Perryman,4
Fayette,BROWNS-WHITES CHAPEL,Lieutenant Governor,,DEM,Phillip Ensler,6
Fayette,BROWNS-WHITES CHAPEL,U.S. Senate,,DEM,Dakarai Larriett,4
Fayette,BROWNS-WHITES CHAPEL,U.S. Senate,,DEM,Everett Wess,1
Fayette,BROWNS-WHITES CHAPEL,U.S. Senate,,DEM,Kyle Sweetser,1
Fayette,BROWNS-WHITES CHAPEL,U.S. Senate,,DEM,Mark S. Wheeler II,4
Fayette,BROWNS-WHITES CHAPEL,"Public Service Commissioner, Place 1",,DEM,James O. Gordon,7
Fayette,BROWNS-WHITES CHAPEL,"Public Service Commissioner, Place 1",,DEM,Jeff Ramsey,1
Fayette,BROWNS-WHITES CHAPEL,"Public Service Commissioner, Place 1",,DEM,John Northrop,2
Fayette,BROWNS-WHITES CHAPEL,U.S. House,4,DEM,Amanda N. Pusczek,1
Fayette,BROWNS-WHITES CHAPEL,U.S. House,4,DEM,Shane Weaver,9
Fayette,BROWNS-WHITES CHAPEL,U.S. Senate,,REP,Barry Moore,42
Fayette,BROWNS-WHITES CHAPEL,U.S. Senate,,REP,Dale Shelton Deas Jr.,1
Fayette,BROWNS-WHITES CHAPEL,U.S. Senate,,REP,Jared Hudson,30
Fayette,BROWNS-WHITES CHAPEL,U.S. Senate,,REP,Morgan Murphy,0
Fayette,BROWNS-WHITES CHAPEL,U.S. Senate,,REP,Rodney Walker,8
Fayette,BROWNS-WHITES CHAPEL,U.S. Senate,,REP,Seth Burton,2
Fayette,BROWNS-WHITES CHAPEL,U.S. Senate,,REP,Steve Marshall,46
Fayette,BROWNS-WHITES CHAPEL,Attorney General,,REP,Jay Mitchell,31
Fayette,BROWNS-WHITES CHAPEL,Attorney General,,REP,Katherine Robertson,57
Fayette,BROWNS-WHITES CHAPEL,Attorney General,,REP,Pamela L. Casey,37
Fayette,BROWNS-WHITES CHAPEL,Commissioner of Agriculture and Industries,,REP,Christina Woerner McInnis,23
Fayette,BROWNS-WHITES CHAPEL,Commissioner of Agriculture and Industries,,REP,Cory Hill,50
Fayette,BROWNS-WHITES CHAPEL,Commissioner of Agriculture and Industries,,REP,Jack Williams,43
Fayette,BROWNS-WHITES CHAPEL,Fayette County Coroner,,REP,"Daniel Ewald, III",20
Fayette,BROWNS-WHITES CHAPEL,Fayette County Coroner,,REP,"Timothy ""TK"" Kimbrell",106
Fayette,BROWNS-WHITES CHAPEL,Fayette County Revenue Commissioner,,REP,Carrie Edmonson,33
Fayette,BROWNS-WHITES CHAPEL,Fayette County Revenue Commissioner,,REP,Jeananne Edwards,56
Fayette,BROWNS-WHITES CHAPEL,Fayette County Revenue Commissioner,,REP,Jerry M. Nichols,47
Fayette,BROWNS-WHITES CHAPEL,Fayette County Sheriff,,REP,Byron Yerby,110
Fayette,BROWNS-WHITES CHAPEL,Fayette County Sheriff,,REP,Roger Morrison,30
Fayette,BROWNS-WHITES CHAPEL,Governor,,REP,"""Alabama"" Will Santivasci",5
Fayette,BROWNS-WHITES CHAPEL,Governor,,REP,Ken McFeeters,10
Fayette,BROWNS-WHITES CHAPEL,Governor,,REP,Thomas Tuberville,119
Fayette,BROWNS-WHITES CHAPEL,Lieutenant Governor,,REP,George Childress,1
Fayette,BROWNS-WHITES CHAPEL,Lieutenant Governor,,REP,John Wahl,46
Fayette,BROWNS-WHITES CHAPEL,Lieutenant Governor,,REP,Nicole Jones Wadsworth,6
Fayette,BROWNS-WHITES CHAPEL,Lieutenant Governor,,REP,Pat Bishop,3
Fayette,BROWNS-WHITES CHAPEL,Lieutenant Governor,,REP,Rick Pate,10
Fayette,BROWNS-WHITES CHAPEL,Lieutenant Governor,,REP,Stewart Hill Tankersley,1
Fayette,BROWNS-WHITES CHAPEL,Lieutenant Governor,,REP,Wes Allen,56
Fayette,BROWNS-WHITES CHAPEL,"Public Service Commission, Place No. 1",,REP,Jeremy H. Oden,42
Fayette,BROWNS-WHITES CHAPEL,"Public Service Commission, Place No. 1",,REP,Matt Gentry,72
Fayette,BROWNS-WHITES CHAPEL,"Public Service Commission, Place No. 2",,REP,Brent Woodall,16
Fayette,BROWNS-WHITES CHAPEL,"Public Service Commission, Place No. 2",,REP,Chris Beeker,35
Fayette,BROWNS-WHITES CHAPEL,"Public Service Commission, Place No. 2",,REP,Jim Zig Zeigler,52
Fayette,BROWNS-WHITES CHAPEL,"Public Service Commission, Place No. 2",,REP,Priscilla Andrews,13
Fayette,BROWNS-WHITES CHAPEL,Secretary of State,,REP,Caroleene Dobson,53
Fayette,BROWNS-WHITES CHAPEL,Secretary of State,,REP,Christopher Christian Horn,34
Fayette,BROWNS-WHITES CHAPEL,Secretary of State,,REP,Glenda S. Jackson,25
Fayette,BROWNS-WHITES CHAPEL,State Auditor,,REP,Andrew Sorrell,88
Fayette,BROWNS-WHITES CHAPEL,State Auditor,,REP,Derek Chen,33
Fayette,BROWNS-WHITES CHAPEL,State Treasurer,,REP,Steve Lolley,62
Fayette,BROWNS-WHITES CHAPEL,State Treasurer,,REP,Young Boozer,61
Fayette,BROWNS-WHITES CHAPEL,Superintendent. Fayette County Board of Education,,REP,Jeremy Madden,44
Fayette,BROWNS-WHITES CHAPEL,Superintendent. Fayette County Board of Education,,REP,Steve Herring,38
Fayette,BROWNS-WHITES CHAPEL,Superintendent. Fayette County Board of Education,,REP,Steve Sawyer,47
Fayette,BROWNS-WHITES CHAPEL,U.S. House,4,REP,Robert B. Aderholt,105
Fayette,BROWNS-WHITES CHAPEL,U.S. House,4,REP,Tommy Barnes,26
Fayette,BYLOR-BANKSTON VC,Governor,,DEM,"Chad ""Chig"" Martin",0
Fayette,BYLOR-BANKSTON VC,Governor,,DEM,Doug Jones,3
Fayette,BYLOR-BANKSTON VC,Governor,,DEM,Jamel J. Brown,0
Fayette,BYLOR-BANKSTON VC,Governor,,DEM,"Nathan ""Nate"" Mathis",0
Fayette,BYLOR-BANKSTON VC,Governor,,DEM,Will Boyd,1
Fayette,BYLOR-BANKSTON VC,Governor,,DEM,Yolanda Rochelle Flowers,0
Fayette,BYLOR-BANKSTON VC,Lieutenant Governor,,DEM,Darryl D. Perryman,1
Fayette,BYLOR-BANKSTON VC,Lieutenant Governor,,DEM,Phillip Ensler,1
Fayette,BYLOR-BANKSTON VC,U.S. Senate,,DEM,Dakarai Larriett,0
Fayette,BYLOR-BANKSTON VC,U.S. Senate,,DEM,Everett Wess,1
Fayette,BYLOR-BANKSTON VC,U.S. Senate,,DEM,Kyle Sweetser,0
Fayette,BYLOR-BANKSTON VC,U.S. Senate,,DEM,Mark S. Wheeler II,1
Fayette,BYLOR-BANKSTON VC,"Public Service Commissioner, Place 1",,DEM,James O. Gordon,1
Fayette,BYLOR-BANKSTON VC,"Public Service Commissioner, Place 1",,DEM,Jeff Ramsey,0
Fayette,BYLOR-BANKSTON VC,"Public Service Commissioner, Place 1",,DEM,John Northrop,1
Fayette,BYLOR-BANKSTON VC,U.S. House,4,DEM,Amanda N. Pusczek,1
Fayette,BYLOR-BANKSTON VC,U.S. House,4,DEM,Shane Weaver,1
Fayette,BYLOR-BANKSTON VC,U.S. Senate,,REP,Barry Moore,60
Fayette,BYLOR-BANKSTON VC,U.S. Senate,,REP,Dale Shelton Deas Jr.,2
Fayette,BYLOR-BANKSTON VC,U.S. Senate,,REP,Jared Hudson,85
Fayette,BYLOR-BANKSTON VC,U.S. Senate,,REP,Morgan Murphy,3
Fayette,BYLOR-BANKSTON VC,U.S. Senate,,REP,Rodney Walker,12
Fayette,BYLOR-BANKSTON VC,U.S. Senate,,REP,Seth Burton,3
Fayette,BYLOR-BANKSTON VC,U.S. Senate,,REP,Steve Marshall,61
Fayette,BYLOR-BANKSTON VC,Attorney General,,REP,Jay Mitchell,92
Fayette,BYLOR-BANKSTON VC,Attorney General,,REP,Katherine Robertson,85
Fayette,BYLOR-BANKSTON VC,Attorney General,,REP,Pamela L. Casey,38
Fayette,BYLOR-BANKSTON VC,Commissioner of Agriculture and Industries,,REP,Christina Woerner McInnis,48
Fayette,BYLOR-BANKSTON VC,Commissioner of Agriculture and Industries,,REP,Cory Hill,89
Fayette,BYLOR-BANKSTON VC,Commissioner of Agriculture and Industries,,REP,Jack Williams,68
Fayette,BYLOR-BANKSTON VC,Fayette County Coroner,,REP,"Daniel Ewald, III",63
Fayette,BYLOR-BANKSTON VC,Fayette County Coroner,,REP,"Timothy ""TK"" Kimbrell",169
Fayette,BYLOR-BANKSTON VC,Fayette County Revenue Commissioner,,REP,Carrie Edmonson,119
Fayette,BYLOR-BANKSTON VC,Fayette County Revenue Commissioner,,REP,Jeananne Edwards,81
Fayette,BYLOR-BANKSTON VC,Fayette County Revenue Commissioner,,REP,Jerry M. Nichols,42
Fayette,BYLOR-BANKSTON VC,Fayette County Sheriff,,REP,Byron Yerby,133
Fayette,BYLOR-BANKSTON VC,Fayette County Sheriff,,REP,Roger Morrison,124
Fayette,BYLOR-BANKSTON VC,Governor,,REP,"""Alabama"" Will Santivasci",9
Fayette,BYLOR-BANKSTON VC,Governor,,REP,Ken McFeeters,19
Fayette,BYLOR-BANKSTON VC,Governor,,REP,Thomas Tuberville,210
Fayette,BYLOR-BANKSTON VC,Lieutenant Governor,,REP,George Childress,5
Fayette,BYLOR-BANKSTON VC,Lieutenant Governor,,REP,John Wahl,93
Fayette,BYLOR-BANKSTON VC,Lieutenant Governor,,REP,Nicole Jones Wadsworth,11
Fayette,BYLOR-BANKSTON VC,Lieutenant Governor,,REP,Pat Bishop,6
Fayette,BYLOR-BANKSTON VC,Lieutenant Governor,,REP,Rick Pate,12
Fayette,BYLOR-BANKSTON VC,Lieutenant Governor,,REP,Stewart Hill Tankersley,6
Fayette,BYLOR-BANKSTON VC,Lieutenant Governor,,REP,Wes Allen,88
Fayette,BYLOR-BANKSTON VC,"Public Service Commission, Place No. 1",,REP,Jeremy H. Oden,63
Fayette,BYLOR-BANKSTON VC,"Public Service Commission, Place No. 1",,REP,Matt Gentry,141
Fayette,BYLOR-BANKSTON VC,"Public Service Commission, Place No. 2",,REP,Brent Woodall,35
Fayette,BYLOR-BANKSTON VC,"Public Service Commission, Place No. 2",,REP,Chris Beeker,59
Fayette,BYLOR-BANKSTON VC,"Public Service Commission, Place No. 2",,REP,Jim Zig Zeigler,88
Fayette,BYLOR-BANKSTON VC,"Public Service Commission, Place No. 2",,REP,Priscilla Andrews,26
Fayette,BYLOR-BANKSTON VC,Secretary of State,,REP,Caroleene Dobson,116
Fayette,BYLOR-BANKSTON VC,Secretary of State,,REP,Christopher Christian Horn,67
Fayette,BYLOR-BANKSTON VC,Secretary of State,,REP,Glenda S. Jackson,21
Fayette,BYLOR-BANKSTON VC,State Auditor,,REP,Andrew Sorrell,148
Fayette,BYLOR-BANKSTON VC,State Auditor,,REP,Derek Chen,55
Fayette,BYLOR-BANKSTON VC,State Treasurer,,REP,Steve Lolley,86
Fayette,BYLOR-BANKSTON VC,State Treasurer,,REP,Young Boozer,124
Fayette,BYLOR-BANKSTON VC,Superintendent. Fayette County Board of Education,,REP,Jeremy Madden,75
Fayette,BYLOR-BANKSTON VC,Superintendent. Fayette County Board of Education,,REP,Steve Herring,39
Fayette,BYLOR-BANKSTON VC,Superintendent. Fayette County Board of Education,,REP,Steve Sawyer,130
Fayette,BYLOR-BANKSTON VC,U.S. House,4,REP,Robert B. Aderholt,187
Fayette,BYLOR-BANKSTON VC,U.S. House,4,REP,Tommy Barnes,48
Fayette,CL CREEK VC CEDAR GROVE,Governor,,REP,"""Alabama"" Will Santivasci",2
Fayette,CL CREEK VC CEDAR GROVE,Governor,,REP,Ken McFeeters,11
Fayette,CL CREEK VC CEDAR GROVE,Governor,,REP,Thomas Tuberville,73
Fayette,CL CREEK VC CEDAR GROVE,Lieutenant Governor,,REP,George Childress,1
Fayette,CL CREEK VC CEDAR GROVE,Lieutenant Governor,,REP,John Wahl,25
Fayette,CL CREEK VC CEDAR GROVE,Lieutenant Governor,,REP,Nicole Jones Wadsworth,5
Fayette,CL CREEK VC CEDAR GROVE,Lieutenant Governor,,REP,Pat Bishop,2
Fayette,CL CREEK VC CEDAR GROVE,Lieutenant Governor,,REP,Rick Pate,14
Fayette,CL CREEK VC CEDAR GROVE,Lieutenant Governor,,REP,Stewart Hill Tankersley,0
Fayette,CL CREEK VC CEDAR GROVE,Lieutenant Governor,,REP,Wes Allen,37
Fayette,CL CREEK VC CEDAR GROVE,U.S. House,4,REP,Robert B. Aderholt,74
Fayette,CL CREEK VC CEDAR GROVE,U.S. House,4,REP,Tommy Barnes,9
Fayette,CL CREEK VC-CEDAR GROVE,Governor,,DEM,"Chad ""Chig"" Martin",0
Fayette,CL CREEK VC-CEDAR GROVE,Governor,,DEM,Doug Jones,1
Fayette,CL CREEK VC-CEDAR GROVE,Governor,,DEM,Jamel J. Brown,0
Fayette,CL CREEK VC-CEDAR GROVE,Governor,,DEM,"Nathan ""Nate"" Mathis",0
Fayette,CL CREEK VC-CEDAR GROVE,Governor,,DEM,Will Boyd,1
Fayette,CL CREEK VC-CEDAR GROVE,Governor,,DEM,Yolanda Rochelle Flowers,0
Fayette,CL CREEK VC-CEDAR GROVE,Lieutenant Governor,,DEM,Darryl D. Perryman,0
Fayette,CL CREEK VC-CEDAR GROVE,Lieutenant Governor,,DEM,Phillip Ensler,2
Fayette,CL CREEK VC-CEDAR GROVE,U.S. Senate,,DEM,Dakarai Larriett,1
Fayette,CL CREEK VC-CEDAR GROVE,U.S. Senate,,DEM,Everett Wess,1
Fayette,CL CREEK VC-CEDAR GROVE,U.S. Senate,,DEM,Kyle Sweetser,0
Fayette,CL CREEK VC-CEDAR GROVE,U.S. Senate,,DEM,Mark S. Wheeler II,0
Fayette,CL CREEK VC-CEDAR GROVE,"Public Service Commissioner, Place 1",,DEM,James O. Gordon,1
Fayette,CL CREEK VC-CEDAR GROVE,"Public Service Commissioner, Place 1",,DEM,Jeff Ramsey,1
Fayette,CL CREEK VC-CEDAR GROVE,"Public Service Commissioner, Place 1",,DEM,John Northrop,0
Fayette,CL CREEK VC-CEDAR GROVE,U.S. House,4,DEM,Amanda N. Pusczek,1
Fayette,CL CREEK VC-CEDAR GROVE,U.S. House,4,DEM,Shane Weaver,1
Fayette,CL CREEK VC-CEDAR GROVE,U.S. Senate,,REP,Barry Moore,21
Fayette,CL CREEK VC-CEDAR GROVE,U.S. Senate,,REP,Dale Shelton Deas Jr.,2
Fayette,CL CREEK VC-CEDAR GROVE,U.S. Senate,,REP,Jared Hudson,38
Fayette,CL CREEK VC-CEDAR GROVE,U.S. Senate,,REP,Morgan Murphy,2
Fayette,CL CREEK VC-CEDAR GROVE,U.S. Senate,,REP,Rodney Walker,2
Fayette,CL CREEK VC-CEDAR GROVE,U.S. Senate,,REP,Seth Burton,2
Fayette,CL CREEK VC-CEDAR GROVE,U.S. Senate,,REP,Steve Marshall,17
Fayette,CL CREEK VC-CEDAR GROVE,Attorney General,,REP,Jay Mitchell,31
Fayette,CL CREEK VC-CEDAR GROVE,Attorney General,,REP,Katherine Robertson,25
Fayette,CL CREEK VC-CEDAR GROVE,Attorney General,,REP,Pamela L. Casey,15
Fayette,CL CREEK VC-CEDAR GROVE,Commissioner of Agriculture and Industries,,REP,Christina Woerner McInnis,18
Fayette,CL CREEK VC-CEDAR GROVE,Commissioner of Agriculture and Industries,,REP,Cory Hill,45
Fayette,CL CREEK VC-CEDAR GROVE,Commissioner of Agriculture and Industries,,REP,Jack Williams,13
Fayette,CL CREEK VC-CEDAR GROVE,Fayette County Coroner,,REP,"Daniel Ewald, III",14
Fayette,CL CREEK VC-CEDAR GROVE,Fayette County Coroner,,REP,"Timothy ""TK"" Kimbrell",70
Fayette,CL CREEK VC-CEDAR GROVE,Fayette County Revenue Commissioner,,REP,Carrie Edmonson,26
Fayette,CL CREEK VC-CEDAR GROVE,Fayette County Revenue Commissioner,,REP,Jeananne Edwards,42
Fayette,CL CREEK VC-CEDAR GROVE,Fayette County Revenue Commissioner,,REP,Jerry M. Nichols,18
Fayette,CL CREEK VC-CEDAR GROVE,Fayette County Sheriff,,REP,Byron Yerby,75
Fayette,CL CREEK VC-CEDAR GROVE,Fayette County Sheriff,,REP,Roger Morrison,17
Fayette,CL CREEK VC-CEDAR GROVE,"Public Service Commission, Place No. 1",,REP,Jeremy H. Oden,18
Fayette,CL CREEK VC-CEDAR GROVE,"Public Service Commission, Place No. 1",,REP,Matt Gentry,53
Fayette,CL CREEK VC-CEDAR GROVE,"Public Service Commission, Place No. 2",,REP,Brent Woodall,9
Fayette,CL CREEK VC-CEDAR GROVE,"Public Service Commission, Place No. 2",,REP,Chris Beeker,20
Fayette,CL CREEK VC-CEDAR GROVE,"Public Service Commission, Place No. 2",,REP,Jim Zig Zeigler,36
Fayette,CL CREEK VC-CEDAR GROVE,"Public Service Commission, Place No. 2",,REP,Priscilla Andrews,7
Fayette,CL CREEK VC-CEDAR GROVE,Secretary of State,,REP,Caroleene Dobson,41
Fayette,CL CREEK VC-CEDAR GROVE,Secretary of State,,REP,Christopher Christian Horn,14
Fayette,CL CREEK VC-CEDAR GROVE,Secretary of State,,REP,Glenda S. Jackson,9
Fayette,CL CREEK VC-CEDAR GROVE,State Auditor,,REP,Andrew Sorrell,46
Fayette,CL CREEK VC-CEDAR GROVE,State Auditor,,REP,Derek Chen,22
Fayette,CL CREEK VC-CEDAR GROVE,State Treasurer,,REP,Steve Lolley,29
Fayette,CL CREEK VC-CEDAR GROVE,State Treasurer,,REP,Young Boozer,45
Fayette,CL CREEK VC-CEDAR GROVE,Superintendent. Fayette County Board of Education,,REP,Jeremy Madden,27
Fayette,CL CREEK VC-CEDAR GROVE,Superintendent. Fayette County Board of Education,,REP,Steve Herring,16
Fayette,CL CREEK VC-CEDAR GROVE,Superintendent. Fayette County Board of Education,,REP,Steve Sawyer,46
Fayette,COLE-PAUL HUBBERT,Governor,,DEM,"Chad ""Chig"" Martin",0
Fayette,COLE-PAUL HUBBERT,Governor,,DEM,Doug Jones,6
Fayette,COLE-PAUL HUBBERT,Governor,,DEM,Jamel J. Brown,0
Fayette,COLE-PAUL HUBBERT,Governor,,DEM,"Nathan ""Nate"" Mathis",0
Fayette,COLE-PAUL HUBBERT,Governor,,DEM,Will Boyd,1
Fayette,COLE-PAUL HUBBERT,Governor,,DEM,Yolanda Rochelle Flowers,0
Fayette,COLE-PAUL HUBBERT,Lieutenant Governor,,DEM,Darryl D. Perryman,1
Fayette,COLE-PAUL HUBBERT,Lieutenant Governor,,DEM,Phillip Ensler,3
Fayette,COLE-PAUL HUBBERT,U.S. Senate,,DEM,Dakarai Larriett,0
Fayette,COLE-PAUL HUBBERT,U.S. Senate,,DEM,Everett Wess,3
Fayette,COLE-PAUL HUBBERT,U.S. Senate,,DEM,Kyle Sweetser,0
Fayette,COLE-PAUL HUBBERT,U.S. Senate,,DEM,Mark S. Wheeler II,1
Fayette,COLE-PAUL HUBBERT,"Public Service Commissioner, Place 1",,DEM,James O. Gordon,2
Fayette,COLE-PAUL HUBBERT,"Public Service Commissioner, Place 1",,DEM,Jeff Ramsey,1
Fayette,COLE-PAUL HUBBERT,"Public Service Commissioner, Place 1",,DEM,John Northrop,1
Fayette,COLE-PAUL HUBBERT,U.S. House,4,DEM,Amanda N. Pusczek,1
Fayette,COLE-PAUL HUBBERT,U.S. House,4,DEM,Shane Weaver,3
Fayette,COLE-PAUL HUBBERT,U.S. Senate,,REP,Barry Moore,33
Fayette,COLE-PAUL HUBBERT,U.S. Senate,,REP,Dale Shelton Deas Jr.,1
Fayette,COLE-PAUL HUBBERT,U.S. Senate,,REP,Jared Hudson,30
Fayette,COLE-PAUL HUBBERT,U.S. Senate,,REP,Morgan Murphy,1
Fayette,COLE-PAUL HUBBERT,U.S. Senate,,REP,Rodney Walker,6
Fayette,COLE-PAUL HUBBERT,U.S. Senate,,REP,Seth Burton,6
Fayette,COLE-PAUL HUBBERT,U.S. Senate,,REP,Steve Marshall,32
Fayette,COLE-PAUL HUBBERT,Attorney General,,REP,Jay Mitchell,29
Fayette,COLE-PAUL HUBBERT,Attorney General,,REP,Katherine Robertson,52
Fayette,COLE-PAUL HUBBERT,Attorney General,,REP,Pamela L. Casey,24
Fayette,COLE-PAUL HUBBERT,Commissioner of Agriculture and Industries,,REP,Christina Woerner McInnis,22
Fayette,COLE-PAUL HUBBERT,Commissioner of Agriculture and Industries,,REP,Cory Hill,58
Fayette,COLE-PAUL HUBBERT,Commissioner of Agriculture and Industries,,REP,Jack Williams,28
Fayette,COLE-PAUL HUBBERT,Fayette County Coroner,,REP,"Daniel Ewald, III",26
Fayette,COLE-PAUL HUBBERT,Fayette County Coroner,,REP,"Timothy ""TK"" Kimbrell",93
Fayette,COLE-PAUL HUBBERT,Fayette County Revenue Commissioner,,REP,Carrie Edmonson,41
Fayette,COLE-PAUL HUBBERT,Fayette County Revenue Commissioner,,REP,Jeananne Edwards,45
Fayette,COLE-PAUL HUBBERT,Fayette County Revenue Commissioner,,REP,Jerry M. Nichols,34
Fayette,COLE-PAUL HUBBERT,Fayette County Sheriff,,REP,Byron Yerby,88
Fayette,COLE-PAUL HUBBERT,Fayette County Sheriff,,REP,Roger Morrison,37
Fayette,COLE-PAUL HUBBERT,Governor,,REP,"""Alabama"" Will Santivasci",4
Fayette,COLE-PAUL HUBBERT,Governor,,REP,Ken McFeeters,5
Fayette,COLE-PAUL HUBBERT,Governor,,REP,Thomas Tuberville,110
Fayette,COLE-PAUL HUBBERT,Lieutenant Governor,,REP,George Childress,3
Fayette,COLE-PAUL HUBBERT,Lieutenant Governor,,REP,John Wahl,38
Fayette,COLE-PAUL HUBBERT,Lieutenant Governor,,REP,Nicole Jones Wadsworth,4
Fayette,COLE-PAUL HUBBERT,Lieutenant Governor,,REP,Pat Bishop,1
Fayette,COLE-PAUL HUBBERT,Lieutenant Governor,,REP,Rick Pate,11
Fayette,COLE-PAUL HUBBERT,Lieutenant Governor,,REP,Stewart Hill Tankersley,1
Fayette,COLE-PAUL HUBBERT,Lieutenant Governor,,REP,Wes Allen,50
Fayette,COLE-PAUL HUBBERT,"Public Service Commission, Place No. 1",,REP,Jeremy H. Oden,25
Fayette,COLE-PAUL HUBBERT,"Public Service Commission, Place No. 1",,REP,Matt Gentry,77
Fayette,COLE-PAUL HUBBERT,"Public Service Commission, Place No. 2",,REP,Brent Woodall,11
Fayette,COLE-PAUL HUBBERT,"Public Service Commission, Place No. 2",,REP,Chris Beeker,38
Fayette,COLE-PAUL HUBBERT,"Public Service Commission, Place No. 2",,REP,Jim Zig Zeigler,38
Fayette,COLE-PAUL HUBBERT,"Public Service Commission, Place No. 2",,REP,Priscilla Andrews,12
Fayette,COLE-PAUL HUBBERT,Secretary of State,,REP,Caroleene Dobson,62
Fayette,COLE-PAUL HUBBERT,Secretary of State,,REP,Christopher Christian Horn,19
Fayette,COLE-PAUL HUBBERT,Secretary of State,,REP,Glenda S. Jackson,11
Fayette,COLE-PAUL HUBBERT,State Auditor,,REP,Andrew Sorrell,77
Fayette,COLE-PAUL HUBBERT,State Auditor,,REP,Derek Chen,26
Fayette,COLE-PAUL HUBBERT,State Treasurer,,REP,Steve Lolley,43
Fayette,COLE-PAUL HUBBERT,State Treasurer,,REP,Young Boozer,57
Fayette,COLE-PAUL HUBBERT,Superintendent. Fayette County Board of Education,,REP,Jeremy Madden,22
Fayette,COLE-PAUL HUBBERT,Superintendent. Fayette County Board of Education,,REP,Steve Herring,29
Fayette,COLE-PAUL HUBBERT,Superintendent. Fayette County Board of Education,,REP,Steve Sawyer,70
Fayette,COLE-PAUL HUBBERT,U.S. House,4,REP,Robert B. Aderholt,82
Fayette,COLE-PAUL HUBBERT,U.S. House,4,REP,Tommy Barnes,29
Fayette,COLLINS VT CTR-MT VERNO,Governor,,DEM,"Chad ""Chig"" Martin",0
Fayette,COLLINS VT CTR-MT VERNO,Governor,,DEM,Doug Jones,3
Fayette,COLLINS VT CTR-MT VERNO,Governor,,DEM,Jamel J. Brown,0
Fayette,COLLINS VT CTR-MT VERNO,Governor,,DEM,"Nathan ""Nate"" Mathis",0
Fayette,COLLINS VT CTR-MT VERNO,Governor,,DEM,Will Boyd,0
Fayette,COLLINS VT CTR-MT VERNO,Governor,,DEM,Yolanda Rochelle Flowers,0
Fayette,COLLINS VT CTR-MT VERNO,Lieutenant Governor,,DEM,Darryl D. Perryman,2
Fayette,COLLINS VT CTR-MT VERNO,Lieutenant Governor,,DEM,Phillip Ensler,1
Fayette,COLLINS VT CTR-MT VERNO,U.S. Senate,,DEM,Dakarai Larriett,1
Fayette,COLLINS VT CTR-MT VERNO,U.S. Senate,,DEM,Everett Wess,0
Fayette,COLLINS VT CTR-MT VERNO,U.S. Senate,,DEM,Kyle Sweetser,1
Fayette,COLLINS VT CTR-MT VERNO,U.S. Senate,,DEM,Mark S. Wheeler II,1
Fayette,COLLINS VT CTR-MT VERNO,"Public Service Commissioner, Place 1",,DEM,James O. Gordon,1
Fayette,COLLINS VT CTR-MT VERNO,"Public Service Commissioner, Place 1",,DEM,Jeff Ramsey,1
Fayette,COLLINS VT CTR-MT VERNO,"Public Service Commissioner, Place 1",,DEM,John Northrop,1
Fayette,COLLINS VT CTR-MT VERNO,U.S. House,4,DEM,Amanda N. Pusczek,2
Fayette,COLLINS VT CTR-MT VERNO,U.S. House,4,DEM,Shane Weaver,1
Fayette,COLLINS VT CTR-MT VERNO,U.S. Senate,,REP,Barry Moore,44
Fayette,COLLINS VT CTR-MT VERNO,U.S. Senate,,REP,Dale Shelton Deas Jr.,3
Fayette,COLLINS VT CTR-MT VERNO,U.S. Senate,,REP,Jared Hudson,52
Fayette,COLLINS VT CTR-MT VERNO,U.S. Senate,,REP,Morgan Murphy,0
Fayette,COLLINS VT CTR-MT VERNO,U.S. Senate,,REP,Rodney Walker,11
Fayette,COLLINS VT CTR-MT VERNO,U.S. Senate,,REP,Seth Burton,2
Fayette,COLLINS VT CTR-MT VERNO,U.S. Senate,,REP,Steve Marshall,61
Fayette,COLLINS VT CTR-MT VERNO,Attorney General,,REP,Jay Mitchell,52
Fayette,COLLINS VT CTR-MT VERNO,Attorney General,,REP,Katherine Robertson,79
Fayette,COLLINS VT CTR-MT VERNO,Attorney General,,REP,Pamela L. Casey,39
Fayette,COLLINS VT CTR-MT VERNO,Commissioner of Agriculture and Industries,,REP,Christina Woerner McInnis,35
Fayette,COLLINS VT CTR-MT VERNO,Commissioner of Agriculture and Industries,,REP,Cory Hill,99
Fayette,COLLINS VT CTR-MT VERNO,Commissioner of Agriculture and Industries,,REP,Jack Williams,28
Fayette,COLLINS VT CTR-MT VERNO,Fayette County Coroner,,REP,"Daniel Ewald, III",53
Fayette,COLLINS VT CTR-MT VERNO,Fayette County Coroner,,REP,"Timothy ""TK"" Kimbrell",132
Fayette,COLLINS VT CTR-MT VERNO,Fayette County Revenue Commissioner,,REP,Carrie Edmonson,37
Fayette,COLLINS VT CTR-MT VERNO,Fayette County Revenue Commissioner,,REP,Jeananne Edwards,118
Fayette,COLLINS VT CTR-MT VERNO,Fayette County Revenue Commissioner,,REP,Jerry M. Nichols,28
Fayette,COLLINS VT CTR-MT VERNO,Fayette County Sheriff,,REP,Byron Yerby,129
Fayette,COLLINS VT CTR-MT VERNO,Fayette County Sheriff,,REP,Roger Morrison,64
Fayette,COLLINS VT CTR-MT VERNO,Governor,,REP,"""Alabama"" Will Santivasci",5
Fayette,COLLINS VT CTR-MT VERNO,Governor,,REP,Ken McFeeters,11
Fayette,COLLINS VT CTR-MT VERNO,Governor,,REP,Thomas Tuberville,174
Fayette,COLLINS VT CTR-MT VERNO,Lieutenant Governor,,REP,George Childress,6
Fayette,COLLINS VT CTR-MT VERNO,Lieutenant Governor,,REP,John Wahl,53
Fayette,COLLINS VT CTR-MT VERNO,Lieutenant Governor,,REP,Nicole Jones Wadsworth,7
Fayette,COLLINS VT CTR-MT VERNO,Lieutenant Governor,,REP,Pat Bishop,1
Fayette,COLLINS VT CTR-MT VERNO,Lieutenant Governor,,REP,Rick Pate,9
Fayette,COLLINS VT CTR-MT VERNO,Lieutenant Governor,,REP,Stewart Hill Tankersley,4
Fayette,COLLINS VT CTR-MT VERNO,Lieutenant Governor,,REP,Wes Allen,94
Fayette,COLLINS VT CTR-MT VERNO,"Public Service Commission, Place No. 1",,REP,Jeremy H. Oden,31
Fayette,COLLINS VT CTR-MT VERNO,"Public Service Commission, Place No. 1",,REP,Matt Gentry,125
Fayette,COLLINS VT CTR-MT VERNO,"Public Service Commission, Place No. 2",,REP,Brent Woodall,15
Fayette,COLLINS VT CTR-MT VERNO,"Public Service Commission, Place No. 2",,REP,Chris Beeker,61
Fayette,COLLINS VT CTR-MT VERNO,"Public Service Commission, Place No. 2",,REP,Jim Zig Zeigler,68
Fayette,COLLINS VT CTR-MT VERNO,"Public Service Commission, Place No. 2",,REP,Priscilla Andrews,15
Fayette,COLLINS VT CTR-MT VERNO,Secretary of State,,REP,Caroleene Dobson,100
Fayette,COLLINS VT CTR-MT VERNO,Secretary of State,,REP,Christopher Christian Horn,37
Fayette,COLLINS VT CTR-MT VERNO,Secretary of State,,REP,Glenda S. Jackson,22
Fayette,COLLINS VT CTR-MT VERNO,State Auditor,,REP,Andrew Sorrell,100
Fayette,COLLINS VT CTR-MT VERNO,State Auditor,,REP,Derek Chen,62
Fayette,COLLINS VT CTR-MT VERNO,State Treasurer,,REP,Steve Lolley,70
Fayette,COLLINS VT CTR-MT VERNO,State Treasurer,,REP,Young Boozer,93
Fayette,COLLINS VT CTR-MT VERNO,Superintendent. Fayette County Board of Education,,REP,Jeremy Madden,82
Fayette,COLLINS VT CTR-MT VERNO,Superintendent. Fayette County Board of Education,,REP,Steve Herring,18
Fayette,COLLINS VT CTR-MT VERNO,Superintendent. Fayette County Board of Education,,REP,Steve Sawyer,94
Fayette,COLLINS VT CTR-MT VERNO,U.S. House,4,REP,Robert B. Aderholt,142
Fayette,COLLINS VT CTR-MT VERNO,U.S. House,4,REP,Tommy Barnes,37
Fayette,COVIN BAPT CH,Governor,,DEM,"Chad ""Chig"" Martin",0
Fayette,COVIN BAPT CH,Governor,,DEM,Doug Jones,32
Fayette,COVIN BAPT CH,Governor,,DEM,Jamel J. Brown,2
Fayette,COVIN BAPT CH,Governor,,DEM,"Nathan ""Nate"" Mathis",0
Fayette,COVIN BAPT CH,Governor,,DEM,Will Boyd,2
Fayette,COVIN BAPT CH,Governor,,DEM,Yolanda Rochelle Flowers,0
Fayette,COVIN BAPT CH,Lieutenant Governor,,DEM,Darryl D. Perryman,3
Fayette,COVIN BAPT CH,Lieutenant Governor,,DEM,Phillip Ensler,32
Fayette,COVIN BAPT CH,U.S. Senate,,DEM,Dakarai Larriett,6
Fayette,COVIN BAPT CH,U.S. Senate,,DEM,Everett Wess,26
Fayette,COVIN BAPT CH,U.S. Senate,,DEM,Kyle Sweetser,2
Fayette,COVIN BAPT CH,U.S. Senate,,DEM,Mark S. Wheeler II,1
Fayette,COVIN BAPT CH,"Public Service Commissioner, Place 1",,DEM,James O. Gordon,31
Fayette,COVIN BAPT CH,"Public Service Commissioner, Place 1",,DEM,Jeff Ramsey,2
Fayette,COVIN BAPT CH,"Public Service Commissioner, Place 1",,DEM,John Northrop,3
Fayette,COVIN BAPT CH,U.S. House,4,DEM,Amanda N. Pusczek,24
Fayette,COVIN BAPT CH,U.S. House,4,DEM,Shane Weaver,9
Fayette,COVIN BAPT CH,U.S. Senate,,REP,Barry Moore,18
Fayette,COVIN BAPT CH,U.S. Senate,,REP,Dale Shelton Deas Jr.,2
Fayette,COVIN BAPT CH,U.S. Senate,,REP,Jared Hudson,15
Fayette,COVIN BAPT CH,U.S. Senate,,REP,Morgan Murphy,0
Fayette,COVIN BAPT CH,U.S. Senate,,REP,Rodney Walker,8
Fayette,COVIN BAPT CH,U.S. Senate,,REP,Seth Burton,2
Fayette,COVIN BAPT CH,U.S. Senate,,REP,Steve Marshall,29
Fayette,COVIN BAPT CH,Attorney General,,REP,Jay Mitchell,23
Fayette,COVIN BAPT CH,Attorney General,,REP,Katherine Robertson,34
Fayette,COVIN BAPT CH,Attorney General,,REP,Pamela L. Casey,22
Fayette,COVIN BAPT CH,Commissioner of Agriculture and Industries,,REP,Christina Woerner McInnis,17
Fayette,COVIN BAPT CH,Commissioner of Agriculture and Industries,,REP,Cory Hill,36
Fayette,COVIN BAPT CH,Commissioner of Agriculture and Industries,,REP,Jack Williams,18
Fayette,COVIN BAPT CH,Fayette County Coroner,,REP,"Daniel Ewald, III",18
Fayette,COVIN BAPT CH,Fayette County Coroner,,REP,"Timothy ""TK"" Kimbrell",61
Fayette,COVIN BAPT CH,Fayette County Revenue Commissioner,,REP,Carrie Edmonson,12
Fayette,COVIN BAPT CH,Fayette County Revenue Commissioner,,REP,Jeananne Edwards,51
Fayette,COVIN BAPT CH,Fayette County Revenue Commissioner,,REP,Jerry M. Nichols,18
Fayette,COVIN BAPT CH,Fayette County Sheriff,,REP,Byron Yerby,70
Fayette,COVIN BAPT CH,Fayette County Sheriff,,REP,Roger Morrison,11
Fayette,COVIN BAPT CH,Governor,,REP,"""Alabama"" Will Santivasci",4
Fayette,COVIN BAPT CH,Governor,,REP,Ken McFeeters,9
Fayette,COVIN BAPT CH,Governor,,REP,Thomas Tuberville,63
Fayette,COVIN BAPT CH,Lieutenant Governor,,REP,George Childress,2
Fayette,COVIN BAPT CH,Lieutenant Governor,,REP,John Wahl,14
Fayette,COVIN BAPT CH,Lieutenant Governor,,REP,Nicole Jones Wadsworth,5
Fayette,COVIN BAPT CH,Lieutenant Governor,,REP,Pat Bishop,5
Fayette,COVIN BAPT CH,Lieutenant Governor,,REP,Rick Pate,4
Fayette,COVIN BAPT CH,Lieutenant Governor,,REP,Stewart Hill Tankersley,5
Fayette,COVIN BAPT CH,Lieutenant Governor,,REP,Wes Allen,41
Fayette,COVIN BAPT CH,"Public Service Commission, Place No. 1",,REP,Jeremy H. Oden,21
Fayette,COVIN BAPT CH,"Public Service Commission, Place No. 1",,REP,Matt Gentry,50
Fayette,COVIN BAPT CH,"Public Service Commission, Place No. 2",,REP,Brent Woodall,18
Fayette,COVIN BAPT CH,"Public Service Commission, Place No. 2",,REP,Chris Beeker,19
Fayette,COVIN BAPT CH,"Public Service Commission, Place No. 2",,REP,Jim Zig Zeigler,32
Fayette,COVIN BAPT CH,"Public Service Commission, Place No. 2",,REP,Priscilla Andrews,6
Fayette,COVIN BAPT CH,Secretary of State,,REP,Caroleene Dobson,41
Fayette,COVIN BAPT CH,Secretary of State,,REP,Christopher Christian Horn,19
Fayette,COVIN BAPT CH,Secretary of State,,REP,Glenda S. Jackson,11
Fayette,COVIN BAPT CH,State Auditor,,REP,Andrew Sorrell,46
Fayette,COVIN BAPT CH,State Auditor,,REP,Derek Chen,28
Fayette,COVIN BAPT CH,State Treasurer,,REP,Steve Lolley,27
Fayette,COVIN BAPT CH,State Treasurer,,REP,Young Boozer,47
Fayette,COVIN BAPT CH,Superintendent. Fayette County Board of Education,,REP,Jeremy Madden,43
Fayette,COVIN BAPT CH,Superintendent. Fayette County Board of Education,,REP,Steve Herring,7
Fayette,COVIN BAPT CH,Superintendent. Fayette County Board of Education,,REP,Steve Sawyer,32
Fayette,COVIN BAPT CH,U.S. House,4,REP,Robert B. Aderholt,62
Fayette,COVIN BAPT CH,U.S. House,4,REP,Tommy Barnes,14
Fayette,ELM GROVE CH,Governor,,DEM,"Chad ""Chig"" Martin",0
Fayette,ELM GROVE CH,Governor,,DEM,Doug Jones,3
Fayette,ELM GROVE CH,Governor,,DEM,Jamel J. Brown,0
Fayette,ELM GROVE CH,Governor,,DEM,"Nathan ""Nate"" Mathis",0
Fayette,ELM GROVE CH,Governor,,DEM,Will Boyd,0
Fayette,ELM GROVE CH,Governor,,DEM,Yolanda Rochelle Flowers,0
Fayette,ELM GROVE CH,Lieutenant Governor,,DEM,Darryl D. Perryman,1
Fayette,ELM GROVE CH,Lieutenant Governor,,DEM,Phillip Ensler,1
Fayette,ELM GROVE CH,U.S. Senate,,DEM,Dakarai Larriett,1
Fayette,ELM GROVE CH,U.S. Senate,,DEM,Everett Wess,1
Fayette,ELM GROVE CH,U.S. Senate,,DEM,Kyle Sweetser,0
Fayette,ELM GROVE CH,U.S. Senate,,DEM,Mark S. Wheeler II,0
Fayette,ELM GROVE CH,"Public Service Commissioner, Place 1",,DEM,James O. Gordon,1
Fayette,ELM GROVE CH,"Public Service Commissioner, Place 1",,DEM,Jeff Ramsey,0
Fayette,ELM GROVE CH,"Public Service Commissioner, Place 1",,DEM,John Northrop,1
Fayette,ELM GROVE CH,U.S. House,4,DEM,Amanda N. Pusczek,0
Fayette,ELM GROVE CH,U.S. House,4,DEM,Shane Weaver,2
Fayette,ELM GROVE CH,U.S. Senate,,REP,Barry Moore,16
Fayette,ELM GROVE CH,U.S. Senate,,REP,Dale Shelton Deas Jr.,2
Fayette,ELM GROVE CH,U.S. Senate,,REP,Jared Hudson,21
Fayette,ELM GROVE CH,U.S. Senate,,REP,Morgan Murphy,0
Fayette,ELM GROVE CH,U.S. Senate,,REP,Rodney Walker,1
Fayette,ELM GROVE CH,U.S. Senate,,REP,Seth Burton,2
Fayette,ELM GROVE CH,U.S. Senate,,REP,Steve Marshall,28
Fayette,ELM GROVE CH,Attorney General,,REP,Jay Mitchell,22
Fayette,ELM GROVE CH,Attorney General,,REP,Katherine Robertson,27
Fayette,ELM GROVE CH,Attorney General,,REP,Pamela L. Casey,20
Fayette,ELM GROVE CH,Commissioner of Agriculture and Industries,,REP,Christina Woerner McInnis,16
Fayette,ELM GROVE CH,Commissioner of Agriculture and Industries,,REP,Cory Hill,32
Fayette,ELM GROVE CH,Commissioner of Agriculture and Industries,,REP,Jack Williams,16
Fayette,ELM GROVE CH,Fayette County Coroner,,REP,"Daniel Ewald, III",10
Fayette,ELM GROVE CH,Fayette County Coroner,,REP,"Timothy ""TK"" Kimbrell",57
Fayette,ELM GROVE CH,Fayette County Revenue Commissioner,,REP,Carrie Edmonson,21
Fayette,ELM GROVE CH,Fayette County Revenue Commissioner,,REP,Jeananne Edwards,13
Fayette,ELM GROVE CH,Fayette County Revenue Commissioner,,REP,Jerry M. Nichols,34
Fayette,ELM GROVE CH,Fayette County Sheriff,,REP,Byron Yerby,51
Fayette,ELM GROVE CH,Fayette County Sheriff,,REP,Roger Morrison,22
Fayette,ELM GROVE CH,Governor,,REP,"""Alabama"" Will Santivasci",6
Fayette,ELM GROVE CH,Governor,,REP,Ken McFeeters,8
Fayette,ELM GROVE CH,Governor,,REP,Thomas Tuberville,56
Fayette,ELM GROVE CH,Lieutenant Governor,,REP,George Childress,1
Fayette,ELM GROVE CH,Lieutenant Governor,,REP,John Wahl,23
Fayette,ELM GROVE CH,Lieutenant Governor,,REP,Nicole Jones Wadsworth,3
Fayette,ELM GROVE CH,Lieutenant Governor,,REP,Pat Bishop,1
Fayette,ELM GROVE CH,Lieutenant Governor,,REP,Rick Pate,7
Fayette,ELM GROVE CH,Lieutenant Governor,,REP,Stewart Hill Tankersley,1
Fayette,ELM GROVE CH,Lieutenant Governor,,REP,Wes Allen,34
Fayette,ELM GROVE CH,"Public Service Commission, Place No. 1",,REP,Jeremy H. Oden,20
Fayette,ELM GROVE CH,"Public Service Commission, Place No. 1",,REP,Matt Gentry,47
Fayette,ELM GROVE CH,"Public Service Commission, Place No. 2",,REP,Brent Woodall,7
Fayette,ELM GROVE CH,"Public Service Commission, Place No. 2",,REP,Chris Beeker,22
Fayette,ELM GROVE CH,"Public Service Commission, Place No. 2",,REP,Jim Zig Zeigler,28
Fayette,ELM GROVE CH,"Public Service Commission, Place No. 2",,REP,Priscilla Andrews,6
Fayette,ELM GROVE CH,Secretary of State,,REP,Caroleene Dobson,46
Fayette,ELM GROVE CH,Secretary of State,,REP,Christopher Christian Horn,14
Fayette,ELM GROVE CH,Secretary of State,,REP,Glenda S. Jackson,2
Fayette,ELM GROVE CH,State Auditor,,REP,Andrew Sorrell,48
Fayette,ELM GROVE CH,State Auditor,,REP,Derek Chen,21
Fayette,ELM GROVE CH,State Treasurer,,REP,Steve Lolley,26
Fayette,ELM GROVE CH,State Treasurer,,REP,Young Boozer,42
Fayette,ELM GROVE CH,Superintendent. Fayette County Board of Education,,REP,Jeremy Madden,38
Fayette,ELM GROVE CH,Superintendent. Fayette County Board of Education,,REP,Steve Herring,11
Fayette,ELM GROVE CH,Superintendent. Fayette County Board of Education,,REP,Steve Sawyer,18
Fayette,ELM GROVE CH,U.S. House,4,REP,Robert B. Aderholt,61
Fayette,ELM GROVE CH,U.S. House,4,REP,Tommy Barnes,11
Fayette,FAYETTE CIVIC CTR.,Governor,,DEM,"Chad ""Chig"" Martin",3
Fayette,FAYETTE CIVIC CTR.,Governor,,DEM,Doug Jones,90
Fayette,FAYETTE CIVIC CTR.,Governor,,DEM,Jamel J. Brown,1
Fayette,FAYETTE CIVIC CTR.,Governor,,DEM,"Nathan ""Nate"" Mathis",0
Fayette,FAYETTE CIVIC CTR.,Governor,,DEM,Will Boyd,5
Fayette,FAYETTE CIVIC CTR.,Governor,,DEM,Yolanda Rochelle Flowers,6
Fayette,FAYETTE CIVIC CTR.,Lieutenant Governor,,DEM,Darryl D. Perryman,38
Fayette,FAYETTE CIVIC CTR.,Lieutenant Governor,,DEM,Phillip Ensler,53
Fayette,FAYETTE CIVIC CTR.,U.S. Senate,,DEM,Dakarai Larriett,22
Fayette,FAYETTE CIVIC CTR.,U.S. Senate,,DEM,Everett Wess,42
Fayette,FAYETTE CIVIC CTR.,U.S. Senate,,DEM,Kyle Sweetser,14
Fayette,FAYETTE CIVIC CTR.,U.S. Senate,,DEM,Mark S. Wheeler II,15
Fayette,FAYETTE CIVIC CTR.,"Public Service Commissioner, Place 1",,DEM,James O. Gordon,61
Fayette,FAYETTE CIVIC CTR.,"Public Service Commissioner, Place 1",,DEM,Jeff Ramsey,17
Fayette,FAYETTE CIVIC CTR.,"Public Service Commissioner, Place 1",,DEM,John Northrop,17
Fayette,FAYETTE CIVIC CTR.,U.S. House,4,DEM,Amanda N. Pusczek,64
Fayette,FAYETTE CIVIC CTR.,U.S. House,4,DEM,Shane Weaver,29
Fayette,FAYETTE CIVIC CTR.,U.S. Senate,,REP,Barry Moore,192
Fayette,FAYETTE CIVIC CTR.,U.S. Senate,,REP,Dale Shelton Deas Jr.,10
Fayette,FAYETTE CIVIC CTR.,U.S. Senate,,REP,Jared Hudson,259
Fayette,FAYETTE CIVIC CTR.,U.S. Senate,,REP,Morgan Murphy,12
Fayette,FAYETTE CIVIC CTR.,U.S. Senate,,REP,Rodney Walker,41
Fayette,FAYETTE CIVIC CTR.,U.S. Senate,,REP,Seth Burton,19
Fayette,FAYETTE CIVIC CTR.,U.S. Senate,,REP,Steve Marshall,192
Fayette,FAYETTE CIVIC CTR.,Attorney General,,REP,Jay Mitchell,244
Fayette,FAYETTE CIVIC CTR.,Attorney General,,REP,Katherine Robertson,292
Fayette,FAYETTE CIVIC CTR.,Attorney General,,REP,Pamela L. Casey,175
Fayette,FAYETTE CIVIC CTR.,Commissioner of Agriculture and Industries,,REP,Christina Woerner McInnis,164
Fayette,FAYETTE CIVIC CTR.,Commissioner of Agriculture and Industries,,REP,Cory Hill,332
Fayette,FAYETTE CIVIC CTR.,Commissioner of Agriculture and Industries,,REP,Jack Williams,171
Fayette,FAYETTE CIVIC CTR.,Fayette County Coroner,,REP,"Daniel Ewald, III",193
Fayette,FAYETTE CIVIC CTR.,Fayette County Coroner,,REP,"Timothy ""TK"" Kimbrell",576
Fayette,FAYETTE CIVIC CTR.,Fayette County Revenue Commissioner,,REP,Carrie Edmonson,120
Fayette,FAYETTE CIVIC CTR.,Fayette County Revenue Commissioner,,REP,Jeananne Edwards,466
Fayette,FAYETTE CIVIC CTR.,Fayette County Revenue Commissioner,,REP,Jerry M. Nichols,196
Fayette,FAYETTE CIVIC CTR.,Fayette County Sheriff,,REP,Byron Yerby,545
Fayette,FAYETTE CIVIC CTR.,Fayette County Sheriff,,REP,Roger Morrison,251
Fayette,FAYETTE CIVIC CTR.,Governor,,REP,"""Alabama"" Will Santivasci",44
Fayette,FAYETTE CIVIC CTR.,Governor,,REP,Ken McFeeters,78
Fayette,FAYETTE CIVIC CTR.,Governor,,REP,Thomas Tuberville,632
Fayette,FAYETTE CIVIC CTR.,Lieutenant Governor,,REP,George Childress,20
Fayette,FAYETTE CIVIC CTR.,Lieutenant Governor,,REP,John Wahl,198
Fayette,FAYETTE CIVIC CTR.,Lieutenant Governor,,REP,Nicole Jones Wadsworth,42
Fayette,FAYETTE CIVIC CTR.,Lieutenant Governor,,REP,Pat Bishop,11
Fayette,FAYETTE CIVIC CTR.,Lieutenant Governor,,REP,Rick Pate,49
Fayette,FAYETTE CIVIC CTR.,Lieutenant Governor,,REP,Stewart Hill Tankersley,7
Fayette,FAYETTE CIVIC CTR.,Lieutenant Governor,,REP,Wes Allen,392
Fayette,FAYETTE CIVIC CTR.,"Public Service Commission, Place No. 1",,REP,Jeremy H. Oden,181
Fayette,FAYETTE CIVIC CTR.,"Public Service Commission, Place No. 1",,REP,Matt Gentry,476
Fayette,FAYETTE CIVIC CTR.,"Public Service Commission, Place No. 2",,REP,Brent Woodall,91
Fayette,FAYETTE CIVIC CTR.,"Public Service Commission, Place No. 2",,REP,Chris Beeker,193
Fayette,FAYETTE CIVIC CTR.,"Public Service Commission, Place No. 2",,REP,Jim Zig Zeigler,291
Fayette,FAYETTE CIVIC CTR.,"Public Service Commission, Place No. 2",,REP,Priscilla Andrews,93
Fayette,FAYETTE CIVIC CTR.,Secretary of State,,REP,Caroleene Dobson,360
Fayette,FAYETTE CIVIC CTR.,Secretary of State,,REP,Christopher Christian Horn,175
Fayette,FAYETTE CIVIC CTR.,Secretary of State,,REP,Glenda S. Jackson,117
Fayette,FAYETTE CIVIC CTR.,State Auditor,,REP,Andrew Sorrell,468
Fayette,FAYETTE CIVIC CTR.,State Auditor,,REP,Derek Chen,198
Fayette,FAYETTE CIVIC CTR.,State Treasurer,,REP,Steve Lolley,271
Fayette,FAYETTE CIVIC CTR.,State Treasurer,,REP,Young Boozer,411
Fayette,FAYETTE CIVIC CTR.,Superintendent. Fayette County Board of Education,,REP,Jeremy Madden,390
Fayette,FAYETTE CIVIC CTR.,Superintendent. Fayette County Board of Education,,REP,Steve Herring,117
Fayette,FAYETTE CIVIC CTR.,Superintendent. Fayette County Board of Education,,REP,Steve Sawyer,292
Fayette,FAYETTE CIVIC CTR.,U.S. House,4,REP,Robert B. Aderholt,603
Fayette,FAYETTE CIVIC CTR.,U.S. House,4,REP,Tommy Barnes,138
Fayette,FAYETTE YOUTH CTR.,Governor,,DEM,"Chad ""Chig"" Martin",0
Fayette,FAYETTE YOUTH CTR.,Governor,,DEM,Doug Jones,59
Fayette,FAYETTE YOUTH CTR.,Governor,,DEM,Jamel J. Brown,2
Fayette,FAYETTE YOUTH CTR.,Governor,,DEM,"Nathan ""Nate"" Mathis",1
Fayette,FAYETTE YOUTH CTR.,Governor,,DEM,Will Boyd,3
Fayette,FAYETTE YOUTH CTR.,Governor,,DEM,Yolanda Rochelle Flowers,4
Fayette,FAYETTE YOUTH CTR.,Lieutenant Governor,,DEM,Darryl D. Perryman,21
Fayette,FAYETTE YOUTH CTR.,Lieutenant Governor,,DEM,Phillip Ensler,47
Fayette,FAYETTE YOUTH CTR.,U.S. Senate,,DEM,Dakarai Larriett,14
Fayette,FAYETTE YOUTH CTR.,U.S. Senate,,DEM,Everett Wess,35
Fayette,FAYETTE YOUTH CTR.,U.S. Senate,,DEM,Kyle Sweetser,7
Fayette,FAYETTE YOUTH CTR.,U.S. Senate,,DEM,Mark S. Wheeler II,11
Fayette,FAYETTE YOUTH CTR.,"Public Service Commissioner, Place 1",,DEM,James O. Gordon,40
Fayette,FAYETTE YOUTH CTR.,"Public Service Commissioner, Place 1",,DEM,Jeff Ramsey,23
Fayette,FAYETTE YOUTH CTR.,"Public Service Commissioner, Place 1",,DEM,John Northrop,5
Fayette,FAYETTE YOUTH CTR.,U.S. House,4,DEM,Amanda N. Pusczek,46
Fayette,FAYETTE YOUTH CTR.,U.S. House,4,DEM,Shane Weaver,21
Fayette,FAYETTE YOUTH CTR.,U.S. Senate,,REP,Barry Moore,144
Fayette,FAYETTE YOUTH CTR.,U.S. Senate,,REP,Dale Shelton Deas Jr.,6
Fayette,FAYETTE YOUTH CTR.,U.S. Senate,,REP,Jared Hudson,92
Fayette,FAYETTE YOUTH CTR.,U.S. Senate,,REP,Morgan Murphy,4
Fayette,FAYETTE YOUTH CTR.,U.S. Senate,,REP,Rodney Walker,21
Fayette,FAYETTE YOUTH CTR.,U.S. Senate,,REP,Seth Burton,10
Fayette,FAYETTE YOUTH CTR.,U.S. Senate,,REP,Steve Marshall,91
Fayette,FAYETTE YOUTH CTR.,Attorney General,,REP,Jay Mitchell,123
Fayette,FAYETTE YOUTH CTR.,Attorney General,,REP,Katherine Robertson,152
Fayette,FAYETTE YOUTH CTR.,Attorney General,,REP,Pamela L. Casey,91
Fayette,FAYETTE YOUTH CTR.,Commissioner of Agriculture and Industries,,REP,Christina Woerner McInnis,120
Fayette,FAYETTE YOUTH CTR.,Commissioner of Agriculture and Industries,,REP,Cory Hill,149
Fayette,FAYETTE YOUTH CTR.,Commissioner of Agriculture and Industries,,REP,Jack Williams,83
Fayette,FAYETTE YOUTH CTR.,Fayette County Coroner,,REP,"Daniel Ewald, III",107
Fayette,FAYETTE YOUTH CTR.,Fayette County Coroner,,REP,"Timothy ""TK"" Kimbrell",291
Fayette,FAYETTE YOUTH CTR.,Fayette County Revenue Commissioner,,REP,Carrie Edmonson,67
Fayette,FAYETTE YOUTH CTR.,Fayette County Revenue Commissioner,,REP,Jeananne Edwards,218
Fayette,FAYETTE YOUTH CTR.,Fayette County Revenue Commissioner,,REP,Jerry M. Nichols,113
Fayette,FAYETTE YOUTH CTR.,Fayette County Sheriff,,REP,Byron Yerby,304
Fayette,FAYETTE YOUTH CTR.,Fayette County Sheriff,,REP,Roger Morrison,100
Fayette,FAYETTE YOUTH CTR.,Governor,,REP,"""Alabama"" Will Santivasci",18
Fayette,FAYETTE YOUTH CTR.,Governor,,REP,Ken McFeeters,40
Fayette,FAYETTE YOUTH CTR.,Governor,,REP,Thomas Tuberville,324
Fayette,FAYETTE YOUTH CTR.,Lieutenant Governor,,REP,George Childress,13
Fayette,FAYETTE YOUTH CTR.,Lieutenant Governor,,REP,John Wahl,137
Fayette,FAYETTE YOUTH CTR.,Lieutenant Governor,,REP,Nicole Jones Wadsworth,23
Fayette,FAYETTE YOUTH CTR.,Lieutenant Governor,,REP,Pat Bishop,8
Fayette,FAYETTE YOUTH CTR.,Lieutenant Governor,,REP,Rick Pate,21
Fayette,FAYETTE YOUTH CTR.,Lieutenant Governor,,REP,Stewart Hill Tankersley,6
Fayette,FAYETTE YOUTH CTR.,Lieutenant Governor,,REP,Wes Allen,166
Fayette,FAYETTE YOUTH CTR.,"Public Service Commission, Place No. 1",,REP,Jeremy H. Oden,89
Fayette,FAYETTE YOUTH CTR.,"Public Service Commission, Place No. 1",,REP,Matt Gentry,259
Fayette,FAYETTE YOUTH CTR.,"Public Service Commission, Place No. 2",,REP,Brent Woodall,61
Fayette,FAYETTE YOUTH CTR.,"Public Service Commission, Place No. 2",,REP,Chris Beeker,99
Fayette,FAYETTE YOUTH CTR.,"Public Service Commission, Place No. 2",,REP,Jim Zig Zeigler,138
Fayette,FAYETTE YOUTH CTR.,"Public Service Commission, Place No. 2",,REP,Priscilla Andrews,53
Fayette,FAYETTE YOUTH CTR.,Secretary of State,,REP,Caroleene Dobson,211
Fayette,FAYETTE YOUTH CTR.,Secretary of State,,REP,Christopher Christian Horn,81
Fayette,FAYETTE YOUTH CTR.,Secretary of State,,REP,Glenda S. Jackson,59
Fayette,FAYETTE YOUTH CTR.,State Auditor,,REP,Andrew Sorrell,237
Fayette,FAYETTE YOUTH CTR.,State Auditor,,REP,Derek Chen,115
Fayette,FAYETTE YOUTH CTR.,State Treasurer,,REP,Steve Lolley,150
Fayette,FAYETTE YOUTH CTR.,State Treasurer,,REP,Young Boozer,211
Fayette,FAYETTE YOUTH CTR.,Superintendent. Fayette County Board of Education,,REP,Jeremy Madden,159
Fayette,FAYETTE YOUTH CTR.,Superintendent. Fayette County Board of Education,,REP,Steve Herring,86
Fayette,FAYETTE YOUTH CTR.,Superintendent. Fayette County Board of Education,,REP,Steve Sawyer,158
Fayette,FAYETTE YOUTH CTR.,U.S. House,4,REP,Robert B. Aderholt,296
Fayette,FAYETTE YOUTH CTR.,U.S. House,4,REP,Tommy Barnes,80
Fayette,FORDS-REHOBETH BAPT,Governor,,DEM,"Chad ""Chig"" Martin",0
Fayette,FORDS-REHOBETH BAPT,Governor,,DEM,Doug Jones,4
Fayette,FORDS-REHOBETH BAPT,Governor,,DEM,Jamel J. Brown,0
Fayette,FORDS-REHOBETH BAPT,Governor,,DEM,"Nathan ""Nate"" Mathis",0
Fayette,FORDS-REHOBETH BAPT,Governor,,DEM,Will Boyd,0
Fayette,FORDS-REHOBETH BAPT,Governor,,DEM,Yolanda Rochelle Flowers,0
Fayette,FORDS-REHOBETH BAPT,Lieutenant Governor,,DEM,Darryl D. Perryman,1
Fayette,FORDS-REHOBETH BAPT,Lieutenant Governor,,DEM,Phillip Ensler,3
Fayette,FORDS-REHOBETH BAPT,U.S. Senate,,DEM,Dakarai Larriett,0
Fayette,FORDS-REHOBETH BAPT,U.S. Senate,,DEM,Everett Wess,1
Fayette,FORDS-REHOBETH BAPT,U.S. Senate,,DEM,Kyle Sweetser,0
Fayette,FORDS-REHOBETH BAPT,U.S. Senate,,DEM,Mark S. Wheeler II,3
Fayette,FORDS-REHOBETH BAPT,"Public Service Commissioner, Place 1",,DEM,James O. Gordon,1
Fayette,FORDS-REHOBETH BAPT,"Public Service Commissioner, Place 1",,DEM,Jeff Ramsey,2
Fayette,FORDS-REHOBETH BAPT,"Public Service Commissioner, Place 1",,DEM,John Northrop,1
Fayette,FORDS-REHOBETH BAPT,U.S. House,4,DEM,Amanda N. Pusczek,4
Fayette,FORDS-REHOBETH BAPT,U.S. House,4,DEM,Shane Weaver,0
Fayette,FORDS-REHOBETH BAPT,U.S. Senate,,REP,Barry Moore,14
Fayette,FORDS-REHOBETH BAPT,U.S. Senate,,REP,Dale Shelton Deas Jr.,1
Fayette,FORDS-REHOBETH BAPT,U.S. Senate,,REP,Jared Hudson,25
Fayette,FORDS-REHOBETH BAPT,U.S. Senate,,REP,Morgan Murphy,0
Fayette,FORDS-REHOBETH BAPT,U.S. Senate,,REP,Rodney Walker,4
Fayette,FORDS-REHOBETH BAPT,U.S. Senate,,REP,Seth Burton,0
Fayette,FORDS-REHOBETH BAPT,U.S. Senate,,REP,Steve Marshall,16
Fayette,FORDS-REHOBETH BAPT,Attorney General,,REP,Jay Mitchell,20
Fayette,FORDS-REHOBETH BAPT,Attorney General,,REP,Katherine Robertson,27
Fayette,FORDS-REHOBETH BAPT,Attorney General,,REP,Pamela L. Casey,11
Fayette,FORDS-REHOBETH BAPT,Commissioner of Agriculture and Industries,,REP,Christina Woerner McInnis,9
Fayette,FORDS-REHOBETH BAPT,Commissioner of Agriculture and Industries,,REP,Cory Hill,39
Fayette,FORDS-REHOBETH BAPT,Commissioner of Agriculture and Industries,,REP,Jack Williams,8
Fayette,FORDS-REHOBETH BAPT,Fayette County Coroner,,REP,"Daniel Ewald, III",6
Fayette,FORDS-REHOBETH BAPT,Fayette County Coroner,,REP,"Timothy ""TK"" Kimbrell",66
Fayette,FORDS-REHOBETH BAPT,Fayette County Revenue Commissioner,,REP,Carrie Edmonson,17
Fayette,FORDS-REHOBETH BAPT,Fayette County Revenue Commissioner,,REP,Jeananne Edwards,32
Fayette,FORDS-REHOBETH BAPT,Fayette County Revenue Commissioner,,REP,Jerry M. Nichols,23
Fayette,FORDS-REHOBETH BAPT,Fayette County Sheriff,,REP,Byron Yerby,53
Fayette,FORDS-REHOBETH BAPT,Fayette County Sheriff,,REP,Roger Morrison,21
Fayette,FORDS-REHOBETH BAPT,Governor,,REP,"""Alabama"" Will Santivasci",2
Fayette,FORDS-REHOBETH BAPT,Governor,,REP,Ken McFeeters,5
Fayette,FORDS-REHOBETH BAPT,Governor,,REP,Thomas Tuberville,60
Fayette,FORDS-REHOBETH BAPT,Lieutenant Governor,,REP,George Childress,0
Fayette,FORDS-REHOBETH BAPT,Lieutenant Governor,,REP,John Wahl,16
Fayette,FORDS-REHOBETH BAPT,Lieutenant Governor,,REP,Nicole Jones Wadsworth,3
Fayette,FORDS-REHOBETH BAPT,Lieutenant Governor,,REP,Pat Bishop,1
Fayette,FORDS-REHOBETH BAPT,Lieutenant Governor,,REP,Rick Pate,4
Fayette,FORDS-REHOBETH BAPT,Lieutenant Governor,,REP,Stewart Hill Tankersley,0
Fayette,FORDS-REHOBETH BAPT,Lieutenant Governor,,REP,Wes Allen,34
Fayette,FORDS-REHOBETH BAPT,"Public Service Commission, Place No. 1",,REP,Jeremy H. Oden,11
Fayette,FORDS-REHOBETH BAPT,"Public Service Commission, Place No. 1",,REP,Matt Gentry,44
Fayette,FORDS-REHOBETH BAPT,"Public Service Commission, Place No. 2",,REP,Brent Woodall,12
Fayette,FORDS-REHOBETH BAPT,"Public Service Commission, Place No. 2",,REP,Chris Beeker,16
Fayette,FORDS-REHOBETH BAPT,"Public Service Commission, Place No. 2",,REP,Jim Zig Zeigler,22
Fayette,FORDS-REHOBETH BAPT,"Public Service Commission, Place No. 2",,REP,Priscilla Andrews,5
Fayette,FORDS-REHOBETH BAPT,Secretary of State,,REP,Caroleene Dobson,37
Fayette,FORDS-REHOBETH BAPT,Secretary of State,,REP,Christopher Christian Horn,12
Fayette,FORDS-REHOBETH BAPT,Secretary of State,,REP,Glenda S. Jackson,0
Fayette,FORDS-REHOBETH BAPT,State Auditor,,REP,Andrew Sorrell,37
Fayette,FORDS-REHOBETH BAPT,State Auditor,,REP,Derek Chen,19
Fayette,FORDS-REHOBETH BAPT,State Treasurer,,REP,Steve Lolley,24
Fayette,FORDS-REHOBETH BAPT,State Treasurer,,REP,Young Boozer,31
Fayette,FORDS-REHOBETH BAPT,Superintendent. Fayette County Board of Education,,REP,Jeremy Madden,35
Fayette,FORDS-REHOBETH BAPT,Superintendent. Fayette County Board of Education,,REP,Steve Herring,12
Fayette,FORDS-REHOBETH BAPT,Superintendent. Fayette County Board of Education,,REP,Steve Sawyer,23
Fayette,FORDS-REHOBETH BAPT,U.S. House,4,REP,Robert B. Aderholt,47
Fayette,FORDS-REHOBETH BAPT,U.S. House,4,REP,Tommy Barnes,17
Fayette,GEORGES CREEK/PEA RIDGE,Governor,,DEM,"Chad ""Chig"" Martin",0
Fayette,GEORGES CREEK/PEA RIDGE,Governor,,DEM,Doug Jones,1
Fayette,GEORGES CREEK/PEA RIDGE,Governor,,DEM,Jamel J. Brown,0
Fayette,GEORGES CREEK/PEA RIDGE,Governor,,DEM,"Nathan ""Nate"" Mathis",0
Fayette,GEORGES CREEK/PEA RIDGE,Governor,,DEM,Will Boyd,0
Fayette,GEORGES CREEK/PEA RIDGE,Governor,,DEM,Yolanda Rochelle Flowers,0
Fayette,GEORGES CREEK/PEA RIDGE,Lieutenant Governor,,DEM,Darryl D. Perryman,0
Fayette,GEORGES CREEK/PEA RIDGE,Lieutenant Governor,,DEM,Phillip Ensler,1
Fayette,GEORGES CREEK/PEA RIDGE,U.S. Senate,,DEM,Dakarai Larriett,0
Fayette,GEORGES CREEK/PEA RIDGE,U.S. Senate,,DEM,Everett Wess,0
Fayette,GEORGES CREEK/PEA RIDGE,U.S. Senate,,DEM,Kyle Sweetser,1
Fayette,GEORGES CREEK/PEA RIDGE,U.S. Senate,,DEM,Mark S. Wheeler II,0
Fayette,GEORGES CREEK/PEA RIDGE,"Public Service Commissioner, Place 1",,DEM,James O. Gordon,1
Fayette,GEORGES CREEK/PEA RIDGE,"Public Service Commissioner, Place 1",,DEM,Jeff Ramsey,0
Fayette,GEORGES CREEK/PEA RIDGE,"Public Service Commissioner, Place 1",,DEM,John Northrop,0
Fayette,GEORGES CREEK/PEA RIDGE,U.S. House,4,DEM,Amanda N. Pusczek,0
Fayette,GEORGES CREEK/PEA RIDGE,U.S. House,4,DEM,Shane Weaver,1
Fayette,GEORGES CREEK/PEA RIDGE,U.S. Senate,,REP,Barry Moore,24
Fayette,GEORGES CREEK/PEA RIDGE,U.S. Senate,,REP,Dale Shelton Deas Jr.,7
Fayette,GEORGES CREEK/PEA RIDGE,U.S. Senate,,REP,Jared Hudson,13
Fayette,GEORGES CREEK/PEA RIDGE,U.S. Senate,,REP,Morgan Murphy,1
Fayette,GEORGES CREEK/PEA RIDGE,U.S. Senate,,REP,Rodney Walker,2
Fayette,GEORGES CREEK/PEA RIDGE,U.S. Senate,,REP,Seth Burton,4
Fayette,GEORGES CREEK/PEA RIDGE,U.S. Senate,,REP,Steve Marshall,36
Fayette,GEORGES CREEK/PEA RIDGE,Attorney General,,REP,Jay Mitchell,34
Fayette,GEORGES CREEK/PEA RIDGE,Attorney General,,REP,Katherine Robertson,37
Fayette,GEORGES CREEK/PEA RIDGE,Attorney General,,REP,Pamela L. Casey,13
Fayette,GEORGES CREEK/PEA RIDGE,Commissioner of Agriculture and Industries,,REP,Christina Woerner McInnis,16
Fayette,GEORGES CREEK/PEA RIDGE,Commissioner of Agriculture and Industries,,REP,Cory Hill,33
Fayette,GEORGES CREEK/PEA RIDGE,Commissioner of Agriculture and Industries,,REP,Jack Williams,31
Fayette,GEORGES CREEK/PEA RIDGE,Fayette County Coroner,,REP,"Daniel Ewald, III",28
Fayette,GEORGES CREEK/PEA RIDGE,Fayette County Coroner,,REP,"Timothy ""TK"" Kimbrell",73
Fayette,GEORGES CREEK/PEA RIDGE,Fayette County Revenue Commissioner,,REP,Carrie Edmonson,65
Fayette,GEORGES CREEK/PEA RIDGE,Fayette County Revenue Commissioner,,REP,Jeananne Edwards,25
Fayette,GEORGES CREEK/PEA RIDGE,Fayette County Revenue Commissioner,,REP,Jerry M. Nichols,13
Fayette,GEORGES CREEK/PEA RIDGE,Fayette County Sheriff,,REP,Byron Yerby,50
Fayette,GEORGES CREEK/PEA RIDGE,Fayette County Sheriff,,REP,Roger Morrison,57
Fayette,GEORGES CREEK/PEA RIDGE,Governor,,REP,"""Alabama"" Will Santivasci",12
Fayette,GEORGES CREEK/PEA RIDGE,Governor,,REP,Ken McFeeters,5
Fayette,GEORGES CREEK/PEA RIDGE,Governor,,REP,Thomas Tuberville,83
Fayette,GEORGES CREEK/PEA RIDGE,Lieutenant Governor,,REP,George Childress,4
Fayette,GEORGES CREEK/PEA RIDGE,Lieutenant Governor,,REP,John Wahl,30
Fayette,GEORGES CREEK/PEA RIDGE,Lieutenant Governor,,REP,Nicole Jones Wadsworth,4
Fayette,GEORGES CREEK/PEA RIDGE,Lieutenant Governor,,REP,Pat Bishop,3
Fayette,GEORGES CREEK/PEA RIDGE,Lieutenant Governor,,REP,Rick Pate,1
Fayette,GEORGES CREEK/PEA RIDGE,Lieutenant Governor,,REP,Stewart Hill Tankersley,3
Fayette,GEORGES CREEK/PEA RIDGE,Lieutenant Governor,,REP,Wes Allen,42
Fayette,GEORGES CREEK/PEA RIDGE,"Public Service Commission, Place No. 1",,REP,Jeremy H. Oden,16
Fayette,GEORGES CREEK/PEA RIDGE,"Public Service Commission, Place No. 1",,REP,Matt Gentry,62
Fayette,GEORGES CREEK/PEA RIDGE,"Public Service Commission, Place No. 2",,REP,Brent Woodall,17
Fayette,GEORGES CREEK/PEA RIDGE,"Public Service Commission, Place No. 2",,REP,Chris Beeker,13
Fayette,GEORGES CREEK/PEA RIDGE,"Public Service Commission, Place No. 2",,REP,Jim Zig Zeigler,41
Fayette,GEORGES CREEK/PEA RIDGE,"Public Service Commission, Place No. 2",,REP,Priscilla Andrews,10
Fayette,GEORGES CREEK/PEA RIDGE,Secretary of State,,REP,Caroleene Dobson,45
Fayette,GEORGES CREEK/PEA RIDGE,Secretary of State,,REP,Christopher Christian Horn,23
Fayette,GEORGES CREEK/PEA RIDGE,Secretary of State,,REP,Glenda S. Jackson,9
Fayette,GEORGES CREEK/PEA RIDGE,State Auditor,,REP,Andrew Sorrell,61
Fayette,GEORGES CREEK/PEA RIDGE,State Auditor,,REP,Derek Chen,21
Fayette,GEORGES CREEK/PEA RIDGE,State Treasurer,,REP,Steve Lolley,36
Fayette,GEORGES CREEK/PEA RIDGE,State Treasurer,,REP,Young Boozer,45
Fayette,GEORGES CREEK/PEA RIDGE,Superintendent. Fayette County Board of Education,,REP,Jeremy Madden,29
Fayette,GEORGES CREEK/PEA RIDGE,Superintendent. Fayette County Board of Education,,REP,Steve Herring,18
Fayette,GEORGES CREEK/PEA RIDGE,Superintendent. Fayette County Board of Education,,REP,Steve Sawyer,55
Fayette,GEORGES CREEK/PEA RIDGE,U.S. House,4,REP,Robert B. Aderholt,72
Fayette,GEORGES CREEK/PEA RIDGE,U.S. House,4,REP,Tommy Barnes,22
Fayette,GILPEN-LAWRENCE MILL,Governor,,DEM,"Chad ""Chig"" Martin",0
Fayette,GILPEN-LAWRENCE MILL,Governor,,DEM,Doug Jones,4
Fayette,GILPEN-LAWRENCE MILL,Governor,,DEM,Jamel J. Brown,0
Fayette,GILPEN-LAWRENCE MILL,Governor,,DEM,"Nathan ""Nate"" Mathis",0
Fayette,GILPEN-LAWRENCE MILL,Governor,,DEM,Will Boyd,0
Fayette,GILPEN-LAWRENCE MILL,Governor,,DEM,Yolanda Rochelle Flowers,0
Fayette,GILPEN-LAWRENCE MILL,Lieutenant Governor,,DEM,Darryl D. Perryman,3
Fayette,GILPEN-LAWRENCE MILL,Lieutenant Governor,,DEM,Phillip Ensler,1
Fayette,GILPEN-LAWRENCE MILL,U.S. Senate,,DEM,Dakarai Larriett,3
Fayette,GILPEN-LAWRENCE MILL,U.S. Senate,,DEM,Everett Wess,1
Fayette,GILPEN-LAWRENCE MILL,U.S. Senate,,DEM,Kyle Sweetser,0
Fayette,GILPEN-LAWRENCE MILL,U.S. Senate,,DEM,Mark S. Wheeler II,0
Fayette,GILPEN-LAWRENCE MILL,"Public Service Commissioner, Place 1",,DEM,James O. Gordon,0
Fayette,GILPEN-LAWRENCE MILL,"Public Service Commissioner, Place 1",,DEM,Jeff Ramsey,4
Fayette,GILPEN-LAWRENCE MILL,"Public Service Commissioner, Place 1",,DEM,John Northrop,0
Fayette,GILPEN-LAWRENCE MILL,U.S. House,4,DEM,Amanda N. Pusczek,4
Fayette,GILPEN-LAWRENCE MILL,U.S. House,4,DEM,Shane Weaver,0
Fayette,GILPEN-LAWRENCE MILL,U.S. Senate,,REP,Barry Moore,56
Fayette,GILPEN-LAWRENCE MILL,U.S. Senate,,REP,Dale Shelton Deas Jr.,8
Fayette,GILPEN-LAWRENCE MILL,U.S. Senate,,REP,Jared Hudson,68
Fayette,GILPEN-LAWRENCE MILL,U.S. Senate,,REP,Morgan Murphy,3
Fayette,GILPEN-LAWRENCE MILL,U.S. Senate,,REP,Rodney Walker,11
Fayette,GILPEN-LAWRENCE MILL,U.S. Senate,,REP,Seth Burton,13
Fayette,GILPEN-LAWRENCE MILL,U.S. Senate,,REP,Steve Marshall,66
Fayette,GILPEN-LAWRENCE MILL,Attorney General,,REP,Jay Mitchell,71
Fayette,GILPEN-LAWRENCE MILL,Attorney General,,REP,Katherine Robertson,88
Fayette,GILPEN-LAWRENCE MILL,Attorney General,,REP,Pamela L. Casey,58
Fayette,GILPEN-LAWRENCE MILL,Commissioner of Agriculture and Industries,,REP,Christina Woerner McInnis,34
Fayette,GILPEN-LAWRENCE MILL,Commissioner of Agriculture and Industries,,REP,Cory Hill,135
Fayette,GILPEN-LAWRENCE MILL,Commissioner of Agriculture and Industries,,REP,Jack Williams,41
Fayette,GILPEN-LAWRENCE MILL,Fayette County Coroner,,REP,"Daniel Ewald, III",53
Fayette,GILPEN-LAWRENCE MILL,Fayette County Coroner,,REP,"Timothy ""TK"" Kimbrell",178
Fayette,GILPEN-LAWRENCE MILL,Fayette County Revenue Commissioner,,REP,Carrie Edmonson,24
Fayette,GILPEN-LAWRENCE MILL,Fayette County Revenue Commissioner,,REP,Jeananne Edwards,148
Fayette,GILPEN-LAWRENCE MILL,Fayette County Revenue Commissioner,,REP,Jerry M. Nichols,70
Fayette,GILPEN-LAWRENCE MILL,Fayette County Sheriff,,REP,Byron Yerby,187
Fayette,GILPEN-LAWRENCE MILL,Fayette County Sheriff,,REP,Roger Morrison,62
Fayette,GILPEN-LAWRENCE MILL,Governor,,REP,"""Alabama"" Will Santivasci",12
Fayette,GILPEN-LAWRENCE MILL,Governor,,REP,Ken McFeeters,18
Fayette,GILPEN-LAWRENCE MILL,Governor,,REP,Thomas Tuberville,209
Fayette,GILPEN-LAWRENCE MILL,Lieutenant Governor,,REP,George Childress,1
Fayette,GILPEN-LAWRENCE MILL,Lieutenant Governor,,REP,John Wahl,81
Fayette,GILPEN-LAWRENCE MILL,Lieutenant Governor,,REP,Nicole Jones Wadsworth,6
Fayette,GILPEN-LAWRENCE MILL,Lieutenant Governor,,REP,Pat Bishop,3
Fayette,GILPEN-LAWRENCE MILL,Lieutenant Governor,,REP,Rick Pate,20
Fayette,GILPEN-LAWRENCE MILL,Lieutenant Governor,,REP,Stewart Hill Tankersley,5
Fayette,GILPEN-LAWRENCE MILL,Lieutenant Governor,,REP,Wes Allen,110
Fayette,GILPEN-LAWRENCE MILL,"Public Service Commission, Place No. 1",,REP,Jeremy H. Oden,43
Fayette,GILPEN-LAWRENCE MILL,"Public Service Commission, Place No. 1",,REP,Matt Gentry,160
Fayette,GILPEN-LAWRENCE MILL,"Public Service Commission, Place No. 2",,REP,Brent Woodall,28
Fayette,GILPEN-LAWRENCE MILL,"Public Service Commission, Place No. 2",,REP,Chris Beeker,60
Fayette,GILPEN-LAWRENCE MILL,"Public Service Commission, Place No. 2",,REP,Jim Zig Zeigler,87
Fayette,GILPEN-LAWRENCE MILL,"Public Service Commission, Place No. 2",,REP,Priscilla Andrews,26
Fayette,GILPEN-LAWRENCE MILL,Secretary of State,,REP,Caroleene Dobson,113
Fayette,GILPEN-LAWRENCE MILL,Secretary of State,,REP,Christopher Christian Horn,47
Fayette,GILPEN-LAWRENCE MILL,Secretary of State,,REP,Glenda S. Jackson,35
Fayette,GILPEN-LAWRENCE MILL,State Auditor,,REP,Andrew Sorrell,138
Fayette,GILPEN-LAWRENCE MILL,State Auditor,,REP,Derek Chen,68
Fayette,GILPEN-LAWRENCE MILL,State Treasurer,,REP,Steve Lolley,93
Fayette,GILPEN-LAWRENCE MILL,State Treasurer,,REP,Young Boozer,122
Fayette,GILPEN-LAWRENCE MILL,Superintendent. Fayette County Board of Education,,REP,Jeremy Madden,90
Fayette,GILPEN-LAWRENCE MILL,Superintendent. Fayette County Board of Education,,REP,Steve Herring,43
Fayette,GILPEN-LAWRENCE MILL,Superintendent. Fayette County Board of Education,,REP,Steve Sawyer,113
Fayette,GILPEN-LAWRENCE MILL,U.S. House,4,REP,Robert B. Aderholt,172
Fayette,GILPEN-LAWRENCE MILL,U.S. House,4,REP,Tommy Barnes,66
Fayette,HICO VT CTR-NEWTONVILLE,Governor,,DEM,"Chad ""Chig"" Martin",0
Fayette,HICO VT CTR-NEWTONVILLE,Governor,,DEM,Doug Jones,23
Fayette,HICO VT CTR-NEWTONVILLE,Governor,,DEM,Jamel J. Brown,0
Fayette,HICO VT CTR-NEWTONVILLE,Governor,,DEM,"Nathan ""Nate"" Mathis",0
Fayette,HICO VT CTR-NEWTONVILLE,Governor,,DEM,Will Boyd,2
Fayette,HICO VT CTR-NEWTONVILLE,Governor,,DEM,Yolanda Rochelle Flowers,0
Fayette,HICO VT CTR-NEWTONVILLE,Lieutenant Governor,,DEM,Darryl D. Perryman,2
Fayette,HICO VT CTR-NEWTONVILLE,Lieutenant Governor,,DEM,Phillip Ensler,21
Fayette,HICO VT CTR-NEWTONVILLE,U.S. Senate,,DEM,Dakarai Larriett,0
Fayette,HICO VT CTR-NEWTONVILLE,U.S. Senate,,DEM,Everett Wess,18
Fayette,HICO VT CTR-NEWTONVILLE,U.S. Senate,,DEM,Kyle Sweetser,0
Fayette,HICO VT CTR-NEWTONVILLE,U.S. Senate,,DEM,Mark S. Wheeler II,3
Fayette,HICO VT CTR-NEWTONVILLE,"Public Service Commissioner, Place 1",,DEM,James O. Gordon,23
Fayette,HICO VT CTR-NEWTONVILLE,"Public Service Commissioner, Place 1",,DEM,Jeff Ramsey,1
Fayette,HICO VT CTR-NEWTONVILLE,"Public Service Commissioner, Place 1",,DEM,John Northrop,1
Fayette,HICO VT CTR-NEWTONVILLE,U.S. House,4,DEM,Amanda N. Pusczek,18
Fayette,HICO VT CTR-NEWTONVILLE,U.S. House,4,DEM,Shane Weaver,5
Fayette,HICO VT CTR-NEWTONVILLE,U.S. Senate,,REP,Barry Moore,26
Fayette,HICO VT CTR-NEWTONVILLE,U.S. Senate,,REP,Dale Shelton Deas Jr.,2
Fayette,HICO VT CTR-NEWTONVILLE,U.S. Senate,,REP,Jared Hudson,21
Fayette,HICO VT CTR-NEWTONVILLE,U.S. Senate,,REP,Morgan Murphy,1
Fayette,HICO VT CTR-NEWTONVILLE,U.S. Senate,,REP,Rodney Walker,1
Fayette,HICO VT CTR-NEWTONVILLE,U.S. Senate,,REP,Seth Burton,2
Fayette,HICO VT CTR-NEWTONVILLE,U.S. Senate,,REP,Steve Marshall,21
Fayette,HICO VT CTR-NEWTONVILLE,Attorney General,,REP,Jay Mitchell,19
Fayette,HICO VT CTR-NEWTONVILLE,Attorney General,,REP,Katherine Robertson,32
Fayette,HICO VT CTR-NEWTONVILLE,Attorney General,,REP,Pamela L. Casey,20
Fayette,HICO VT CTR-NEWTONVILLE,Commissioner of Agriculture and Industries,,REP,Christina Woerner McInnis,17
Fayette,HICO VT CTR-NEWTONVILLE,Commissioner of Agriculture and Industries,,REP,Cory Hill,35
Fayette,HICO VT CTR-NEWTONVILLE,Commissioner of Agriculture and Industries,,REP,Jack Williams,16
Fayette,HICO VT CTR-NEWTONVILLE,Fayette County Coroner,,REP,"Daniel Ewald, III",18
Fayette,HICO VT CTR-NEWTONVILLE,Fayette County Coroner,,REP,"Timothy ""TK"" Kimbrell",55
Fayette,HICO VT CTR-NEWTONVILLE,Fayette County Revenue Commissioner,,REP,Carrie Edmonson,19
Fayette,HICO VT CTR-NEWTONVILLE,Fayette County Revenue Commissioner,,REP,Jeananne Edwards,40
Fayette,HICO VT CTR-NEWTONVILLE,Fayette County Revenue Commissioner,,REP,Jerry M. Nichols,16
Fayette,HICO VT CTR-NEWTONVILLE,Fayette County Sheriff,,REP,Byron Yerby,51
Fayette,HICO VT CTR-NEWTONVILLE,Fayette County Sheriff,,REP,Roger Morrison,23
Fayette,HICO VT CTR-NEWTONVILLE,Governor,,REP,"""Alabama"" Will Santivasci",0
Fayette,HICO VT CTR-NEWTONVILLE,Governor,,REP,Ken McFeeters,8
Fayette,HICO VT CTR-NEWTONVILLE,Governor,,REP,Thomas Tuberville,66
Fayette,HICO VT CTR-NEWTONVILLE,Lieutenant Governor,,REP,George Childress,0
Fayette,HICO VT CTR-NEWTONVILLE,Lieutenant Governor,,REP,John Wahl,31
Fayette,HICO VT CTR-NEWTONVILLE,Lieutenant Governor,,REP,Nicole Jones Wadsworth,4
Fayette,HICO VT CTR-NEWTONVILLE,Lieutenant Governor,,REP,Pat Bishop,3
Fayette,HICO VT CTR-NEWTONVILLE,Lieutenant Governor,,REP,Rick Pate,3
Fayette,HICO VT CTR-NEWTONVILLE,Lieutenant Governor,,REP,Stewart Hill Tankersley,3
Fayette,HICO VT CTR-NEWTONVILLE,Lieutenant Governor,,REP,Wes Allen,27
Fayette,HICO VT CTR-NEWTONVILLE,"Public Service Commission, Place No. 1",,REP,Jeremy H. Oden,11
Fayette,HICO VT CTR-NEWTONVILLE,"Public Service Commission, Place No. 1",,REP,Matt Gentry,58
Fayette,HICO VT CTR-NEWTONVILLE,"Public Service Commission, Place No. 2",,REP,Brent Woodall,8
Fayette,HICO VT CTR-NEWTONVILLE,"Public Service Commission, Place No. 2",,REP,Chris Beeker,19
Fayette,HICO VT CTR-NEWTONVILLE,"Public Service Commission, Place No. 2",,REP,Jim Zig Zeigler,33
Fayette,HICO VT CTR-NEWTONVILLE,"Public Service Commission, Place No. 2",,REP,Priscilla Andrews,8
Fayette,HICO VT CTR-NEWTONVILLE,Secretary of State,,REP,Caroleene Dobson,53
Fayette,HICO VT CTR-NEWTONVILLE,Secretary of State,,REP,Christopher Christian Horn,7
Fayette,HICO VT CTR-NEWTONVILLE,Secretary of State,,REP,Glenda S. Jackson,7
Fayette,HICO VT CTR-NEWTONVILLE,State Auditor,,REP,Andrew Sorrell,44
Fayette,HICO VT CTR-NEWTONVILLE,State Auditor,,REP,Derek Chen,28
Fayette,HICO VT CTR-NEWTONVILLE,State Treasurer,,REP,Steve Lolley,28
Fayette,HICO VT CTR-NEWTONVILLE,State Treasurer,,REP,Young Boozer,43
Fayette,HICO VT CTR-NEWTONVILLE,Superintendent. Fayette County Board of Education,,REP,Jeremy Madden,27
Fayette,HICO VT CTR-NEWTONVILLE,Superintendent. Fayette County Board of Education,,REP,Steve Herring,10
Fayette,HICO VT CTR-NEWTONVILLE,Superintendent. Fayette County Board of Education,,REP,Steve Sawyer,36
Fayette,HICO VT CTR-NEWTONVILLE,U.S. House,4,REP,Robert B. Aderholt,61
Fayette,HICO VT CTR-NEWTONVILLE,U.S. House,4,REP,Tommy Barnes,12
Fayette,LEE-BELK COMM. CTR.,Governor,,DEM,"Chad ""Chig"" Martin",0
Fayette,LEE-BELK COMM. CTR.,Governor,,DEM,Doug Jones,2
Fayette,LEE-BELK COMM. CTR.,Governor,,DEM,Jamel J. Brown,0
Fayette,LEE-BELK COMM. CTR.,Governor,,DEM,"Nathan ""Nate"" Mathis",0
Fayette,LEE-BELK COMM. CTR.,Governor,,DEM,Will Boyd,2
Fayette,LEE-BELK COMM. CTR.,Governor,,DEM,Yolanda Rochelle Flowers,0
Fayette,LEE-BELK COMM. CTR.,Lieutenant Governor,,DEM,Darryl D. Perryman,2
Fayette,LEE-BELK COMM. CTR.,Lieutenant Governor,,DEM,Phillip Ensler,2
Fayette,LEE-BELK COMM. CTR.,U.S. Senate,,DEM,Dakarai Larriett,2
Fayette,LEE-BELK COMM. CTR.,U.S. Senate,,DEM,Everett Wess,2
Fayette,LEE-BELK COMM. CTR.,U.S. Senate,,DEM,Kyle Sweetser,0
Fayette,LEE-BELK COMM. CTR.,U.S. Senate,,DEM,Mark S. Wheeler II,0
Fayette,LEE-BELK COMM. CTR.,"Public Service Commissioner, Place 1",,DEM,James O. Gordon,1
Fayette,LEE-BELK COMM. CTR.,"Public Service Commissioner, Place 1",,DEM,Jeff Ramsey,1
Fayette,LEE-BELK COMM. CTR.,"Public Service Commissioner, Place 1",,DEM,John Northrop,1
Fayette,LEE-BELK COMM. CTR.,U.S. House,4,DEM,Amanda N. Pusczek,3
Fayette,LEE-BELK COMM. CTR.,U.S. House,4,DEM,Shane Weaver,1
Fayette,LEE-BELK COMM. CTR.,U.S. Senate,,REP,Barry Moore,31
Fayette,LEE-BELK COMM. CTR.,U.S. Senate,,REP,Dale Shelton Deas Jr.,1
Fayette,LEE-BELK COMM. CTR.,U.S. Senate,,REP,Jared Hudson,27
Fayette,LEE-BELK COMM. CTR.,U.S. Senate,,REP,Morgan Murphy,1
Fayette,LEE-BELK COMM. CTR.,U.S. Senate,,REP,Rodney Walker,5
Fayette,LEE-BELK COMM. CTR.,U.S. Senate,,REP,Seth Burton,5
Fayette,LEE-BELK COMM. CTR.,U.S. Senate,,REP,Steve Marshall,27
Fayette,LEE-BELK COMM. CTR.,Attorney General,,REP,Jay Mitchell,37
Fayette,LEE-BELK COMM. CTR.,Attorney General,,REP,Katherine Robertson,34
Fayette,LEE-BELK COMM. CTR.,Attorney General,,REP,Pamela L. Casey,28
Fayette,LEE-BELK COMM. CTR.,Commissioner of Agriculture and Industries,,REP,Christina Woerner McInnis,24
Fayette,LEE-BELK COMM. CTR.,Commissioner of Agriculture and Industries,,REP,Cory Hill,31
Fayette,LEE-BELK COMM. CTR.,Commissioner of Agriculture and Industries,,REP,Jack Williams,35
Fayette,LEE-BELK COMM. CTR.,Fayette County Coroner,,REP,"Daniel Ewald, III",26
Fayette,LEE-BELK COMM. CTR.,Fayette County Coroner,,REP,"Timothy ""TK"" Kimbrell",77
Fayette,LEE-BELK COMM. CTR.,Fayette County Revenue Commissioner,,REP,Carrie Edmonson,10
Fayette,LEE-BELK COMM. CTR.,Fayette County Revenue Commissioner,,REP,Jeananne Edwards,71
Fayette,LEE-BELK COMM. CTR.,Fayette County Revenue Commissioner,,REP,Jerry M. Nichols,25
Fayette,LEE-BELK COMM. CTR.,Fayette County Sheriff,,REP,Byron Yerby,87
Fayette,LEE-BELK COMM. CTR.,Fayette County Sheriff,,REP,Roger Morrison,24
Fayette,LEE-BELK COMM. CTR.,Governor,,REP,"""Alabama"" Will Santivasci",10
Fayette,LEE-BELK COMM. CTR.,Governor,,REP,Ken McFeeters,5
Fayette,LEE-BELK COMM. CTR.,Governor,,REP,Thomas Tuberville,95
Fayette,LEE-BELK COMM. CTR.,Lieutenant Governor,,REP,George Childress,4
Fayette,LEE-BELK COMM. CTR.,Lieutenant Governor,,REP,John Wahl,30
Fayette,LEE-BELK COMM. CTR.,Lieutenant Governor,,REP,Nicole Jones Wadsworth,6
Fayette,LEE-BELK COMM. CTR.,Lieutenant Governor,,REP,Pat Bishop,3
Fayette,LEE-BELK COMM. CTR.,Lieutenant Governor,,REP,Rick Pate,9
Fayette,LEE-BELK COMM. CTR.,Lieutenant Governor,,REP,Stewart Hill Tankersley,1
Fayette,LEE-BELK COMM. CTR.,Lieutenant Governor,,REP,Wes Allen,46
Fayette,LEE-BELK COMM. CTR.,"Public Service Commission, Place No. 1",,REP,Jeremy H. Oden,31
Fayette,LEE-BELK COMM. CTR.,"Public Service Commission, Place No. 1",,REP,Matt Gentry,68
Fayette,LEE-BELK COMM. CTR.,"Public Service Commission, Place No. 2",,REP,Brent Woodall,16
Fayette,LEE-BELK COMM. CTR.,"Public Service Commission, Place No. 2",,REP,Chris Beeker,29
Fayette,LEE-BELK COMM. CTR.,"Public Service Commission, Place No. 2",,REP,Jim Zig Zeigler,28
Fayette,LEE-BELK COMM. CTR.,"Public Service Commission, Place No. 2",,REP,Priscilla Andrews,19
Fayette,LEE-BELK COMM. CTR.,Secretary of State,,REP,Caroleene Dobson,42
Fayette,LEE-BELK COMM. CTR.,Secretary of State,,REP,Christopher Christian Horn,34
Fayette,LEE-BELK COMM. CTR.,Secretary of State,,REP,Glenda S. Jackson,14
Fayette,LEE-BELK COMM. CTR.,State Auditor,,REP,Andrew Sorrell,70
Fayette,LEE-BELK COMM. CTR.,State Auditor,,REP,Derek Chen,24
Fayette,LEE-BELK COMM. CTR.,State Treasurer,,REP,Steve Lolley,39
Fayette,LEE-BELK COMM. CTR.,State Treasurer,,REP,Young Boozer,56
Fayette,LEE-BELK COMM. CTR.,Superintendent. Fayette County Board of Education,,REP,Jeremy Madden,37
Fayette,LEE-BELK COMM. CTR.,Superintendent. Fayette County Board of Education,,REP,Steve Herring,18
Fayette,LEE-BELK COMM. CTR.,Superintendent. Fayette County Board of Education,,REP,Steve Sawyer,53
Fayette,LEE-BELK COMM. CTR.,U.S. House,4,REP,Robert B. Aderholt,86
Fayette,LEE-BELK COMM. CTR.,U.S. House,4,REP,Tommy Barnes,21
Fayette,LEE-OAK RIDGE VT CTR,Governor,,DEM,"Chad ""Chig"" Martin",0
Fayette,LEE-OAK RIDGE VT CTR,Governor,,DEM,Doug Jones,1
Fayette,LEE-OAK RIDGE VT CTR,Governor,,DEM,Jamel J. Brown,0
Fayette,LEE-OAK RIDGE VT CTR,Governor,,DEM,"Nathan ""Nate"" Mathis",0
Fayette,LEE-OAK RIDGE VT CTR,Governor,,DEM,Will Boyd,0
Fayette,LEE-OAK RIDGE VT CTR,Governor,,DEM,Yolanda Rochelle Flowers,0
Fayette,LEE-OAK RIDGE VT CTR,Lieutenant Governor,,DEM,Darryl D. Perryman,1
Fayette,LEE-OAK RIDGE VT CTR,Lieutenant Governor,,DEM,Phillip Ensler,0
Fayette,LEE-OAK RIDGE VT CTR,U.S. Senate,,DEM,Dakarai Larriett,0
Fayette,LEE-OAK RIDGE VT CTR,U.S. Senate,,DEM,Everett Wess,0
Fayette,LEE-OAK RIDGE VT CTR,U.S. Senate,,DEM,Kyle Sweetser,0
Fayette,LEE-OAK RIDGE VT CTR,U.S. Senate,,DEM,Mark S. Wheeler II,1
Fayette,LEE-OAK RIDGE VT CTR,"Public Service Commissioner, Place 1",,DEM,James O. Gordon,1
Fayette,LEE-OAK RIDGE VT CTR,"Public Service Commissioner, Place 1",,DEM,Jeff Ramsey,0
Fayette,LEE-OAK RIDGE VT CTR,"Public Service Commissioner, Place 1",,DEM,John Northrop,0
Fayette,LEE-OAK RIDGE VT CTR,U.S. House,4,DEM,Amanda N. Pusczek,0
Fayette,LEE-OAK RIDGE VT CTR,U.S. House,4,DEM,Shane Weaver,1
Fayette,LEE-OAK RIDGE VT CTR,U.S. Senate,,REP,Barry Moore,23
Fayette,LEE-OAK RIDGE VT CTR,U.S. Senate,,REP,Dale Shelton Deas Jr.,1
Fayette,LEE-OAK RIDGE VT CTR,U.S. Senate,,REP,Jared Hudson,26
Fayette,LEE-OAK RIDGE VT CTR,U.S. Senate,,REP,Morgan Murphy,2
Fayette,LEE-OAK RIDGE VT CTR,U.S. Senate,,REP,Rodney Walker,3
Fayette,LEE-OAK RIDGE VT CTR,U.S. Senate,,REP,Seth Burton,1
Fayette,LEE-OAK RIDGE VT CTR,U.S. Senate,,REP,Steve Marshall,24
Fayette,LEE-OAK RIDGE VT CTR,Attorney General,,REP,Jay Mitchell,22
Fayette,LEE-OAK RIDGE VT CTR,Attorney General,,REP,Katherine Robertson,28
Fayette,LEE-OAK RIDGE VT CTR,Attorney General,,REP,Pamela L. Casey,24
Fayette,LEE-OAK RIDGE VT CTR,Commissioner of Agriculture and Industries,,REP,Christina Woerner McInnis,16
Fayette,LEE-OAK RIDGE VT CTR,Commissioner of Agriculture and Industries,,REP,Cory Hill,40
Fayette,LEE-OAK RIDGE VT CTR,Commissioner of Agriculture and Industries,,REP,Jack Williams,18
Fayette,LEE-OAK RIDGE VT CTR,Fayette County Coroner,,REP,"Daniel Ewald, III",23
Fayette,LEE-OAK RIDGE VT CTR,Fayette County Coroner,,REP,"Timothy ""TK"" Kimbrell",61
Fayette,LEE-OAK RIDGE VT CTR,Fayette County Revenue Commissioner,,REP,Carrie Edmonson,20
Fayette,LEE-OAK RIDGE VT CTR,Fayette County Revenue Commissioner,,REP,Jeananne Edwards,34
Fayette,LEE-OAK RIDGE VT CTR,Fayette County Revenue Commissioner,,REP,Jerry M. Nichols,29
Fayette,LEE-OAK RIDGE VT CTR,Fayette County Sheriff,,REP,Byron Yerby,63
Fayette,LEE-OAK RIDGE VT CTR,Fayette County Sheriff,,REP,Roger Morrison,22
Fayette,LEE-OAK RIDGE VT CTR,Governor,,REP,"""Alabama"" Will Santivasci",0
Fayette,LEE-OAK RIDGE VT CTR,Governor,,REP,Ken McFeeters,6
Fayette,LEE-OAK RIDGE VT CTR,Governor,,REP,Thomas Tuberville,73
Fayette,LEE-OAK RIDGE VT CTR,Lieutenant Governor,,REP,George Childress,0
Fayette,LEE-OAK RIDGE VT CTR,Lieutenant Governor,,REP,John Wahl,32
Fayette,LEE-OAK RIDGE VT CTR,Lieutenant Governor,,REP,Nicole Jones Wadsworth,4
Fayette,LEE-OAK RIDGE VT CTR,Lieutenant Governor,,REP,Pat Bishop,3
Fayette,LEE-OAK RIDGE VT CTR,Lieutenant Governor,,REP,Rick Pate,1
Fayette,LEE-OAK RIDGE VT CTR,Lieutenant Governor,,REP,Stewart Hill Tankersley,1
Fayette,LEE-OAK RIDGE VT CTR,Lieutenant Governor,,REP,Wes Allen,38
Fayette,LEE-OAK RIDGE VT CTR,"Public Service Commission, Place No. 1",,REP,Jeremy H. Oden,34
Fayette,LEE-OAK RIDGE VT CTR,"Public Service Commission, Place No. 1",,REP,Matt Gentry,38
Fayette,LEE-OAK RIDGE VT CTR,"Public Service Commission, Place No. 2",,REP,Brent Woodall,12
Fayette,LEE-OAK RIDGE VT CTR,"Public Service Commission, Place No. 2",,REP,Chris Beeker,14
Fayette,LEE-OAK RIDGE VT CTR,"Public Service Commission, Place No. 2",,REP,Jim Zig Zeigler,32
Fayette,LEE-OAK RIDGE VT CTR,"Public Service Commission, Place No. 2",,REP,Priscilla Andrews,13
Fayette,LEE-OAK RIDGE VT CTR,Secretary of State,,REP,Caroleene Dobson,48
Fayette,LEE-OAK RIDGE VT CTR,Secretary of State,,REP,Christopher Christian Horn,17
Fayette,LEE-OAK RIDGE VT CTR,Secretary of State,,REP,Glenda S. Jackson,7
Fayette,LEE-OAK RIDGE VT CTR,State Auditor,,REP,Andrew Sorrell,60
Fayette,LEE-OAK RIDGE VT CTR,State Auditor,,REP,Derek Chen,12
Fayette,LEE-OAK RIDGE VT CTR,State Treasurer,,REP,Steve Lolley,39
Fayette,LEE-OAK RIDGE VT CTR,State Treasurer,,REP,Young Boozer,36
Fayette,LEE-OAK RIDGE VT CTR,Superintendent. Fayette County Board of Education,,REP,Jeremy Madden,33
Fayette,LEE-OAK RIDGE VT CTR,Superintendent. Fayette County Board of Education,,REP,Steve Herring,23
Fayette,LEE-OAK RIDGE VT CTR,Superintendent. Fayette County Board of Education,,REP,Steve Sawyer,26
Fayette,LEE-OAK RIDGE VT CTR,U.S. House,4,REP,Robert B. Aderholt,64
Fayette,LEE-OAK RIDGE VT CTR,U.S. House,4,REP,Tommy Barnes,13
Fayette,PROVISIONAL,Governor,,DEM,"Chad ""Chig"" Martin",0
Fayette,PROVISIONAL,Governor,,DEM,Doug Jones,0
Fayette,PROVISIONAL,Governor,,DEM,Jamel J. Brown,0
Fayette,PROVISIONAL,Governor,,DEM,"Nathan ""Nate"" Mathis",0
Fayette,PROVISIONAL,Governor,,DEM,Will Boyd,0
Fayette,PROVISIONAL,Governor,,DEM,Yolanda Rochelle Flowers,0
Fayette,PROVISIONAL,Lieutenant Governor,,DEM,Darryl D. Perryman,0
Fayette,PROVISIONAL,Lieutenant Governor,,DEM,Phillip Ensler,0
Fayette,PROVISIONAL,U.S. Senate,,DEM,Dakarai Larriett,0
Fayette,PROVISIONAL,U.S. Senate,,DEM,Everett Wess,0
Fayette,PROVISIONAL,U.S. Senate,,DEM,Kyle Sweetser,0
Fayette,PROVISIONAL,U.S. Senate,,DEM,Mark S. Wheeler II,0
Fayette,PROVISIONAL,"Public Service Commissioner, Place 1",,DEM,James O. Gordon,0
Fayette,PROVISIONAL,"Public Service Commissioner, Place 1",,DEM,Jeff Ramsey,0
Fayette,PROVISIONAL,"Public Service Commissioner, Place 1",,DEM,John Northrop,0
Fayette,PROVISIONAL,U.S. House,4,DEM,Amanda N. Pusczek,0
Fayette,PROVISIONAL,U.S. House,4,DEM,Shane Weaver,0
Fayette,PROVISIONAL,U.S. Senate,,REP,Barry Moore,2
Fayette,PROVISIONAL,U.S. Senate,,REP,Dale Shelton Deas Jr.,0
Fayette,PROVISIONAL,U.S. Senate,,REP,Jared Hudson,1
Fayette,PROVISIONAL,U.S. Senate,,REP,Morgan Murphy,0
Fayette,PROVISIONAL,U.S. Senate,,REP,Rodney Walker,0
Fayette,PROVISIONAL,U.S. Senate,,REP,Seth Burton,0
Fayette,PROVISIONAL,U.S. Senate,,REP,Steve Marshall,0
Fayette,PROVISIONAL,Attorney General,,REP,Jay Mitchell,2
Fayette,PROVISIONAL,Attorney General,,REP,Katherine Robertson,0
Fayette,PROVISIONAL,Attorney General,,REP,Pamela L. Casey,1
Fayette,PROVISIONAL,Commissioner of Agriculture and Industries,,REP,Christina Woerner McInnis,2
Fayette,PROVISIONAL,Commissioner of Agriculture and Industries,,REP,Cory Hill,0
Fayette,PROVISIONAL,Commissioner of Agriculture and Industries,,REP,Jack Williams,1
Fayette,PROVISIONAL,Fayette County Coroner,,REP,"Daniel Ewald, III",0
Fayette,PROVISIONAL,Fayette County Coroner,,REP,"Timothy ""TK"" Kimbrell",3
Fayette,PROVISIONAL,Fayette County Revenue Commissioner,,REP,Carrie Edmonson,2
Fayette,PROVISIONAL,Fayette County Revenue Commissioner,,REP,Jeananne Edwards,0
Fayette,PROVISIONAL,Fayette County Revenue Commissioner,,REP,Jerry M. Nichols,1
Fayette,PROVISIONAL,Fayette County Sheriff,,REP,Byron Yerby,1
Fayette,PROVISIONAL,Fayette County Sheriff,,REP,Roger Morrison,2
Fayette,PROVISIONAL,Governor,,REP,"""Alabama"" Will Santivasci",0
Fayette,PROVISIONAL,Governor,,REP,Ken McFeeters,0
Fayette,PROVISIONAL,Governor,,REP,Thomas Tuberville,3
Fayette,PROVISIONAL,Lieutenant Governor,,REP,George Childress,0
Fayette,PROVISIONAL,Lieutenant Governor,,REP,John Wahl,1
Fayette,PROVISIONAL,Lieutenant Governor,,REP,Nicole Jones Wadsworth,0
Fayette,PROVISIONAL,Lieutenant Governor,,REP,Pat Bishop,0
Fayette,PROVISIONAL,Lieutenant Governor,,REP,Rick Pate,0
Fayette,PROVISIONAL,Lieutenant Governor,,REP,Stewart Hill Tankersley,0
Fayette,PROVISIONAL,Lieutenant Governor,,REP,Wes Allen,2
Fayette,PROVISIONAL,"Public Service Commission, Place No. 1",,REP,Jeremy H. Oden,1
Fayette,PROVISIONAL,"Public Service Commission, Place No. 1",,REP,Matt Gentry,2
Fayette,PROVISIONAL,"Public Service Commission, Place No. 2",,REP,Brent Woodall,0
Fayette,PROVISIONAL,"Public Service Commission, Place No. 2",,REP,Chris Beeker,0
Fayette,PROVISIONAL,"Public Service Commission, Place No. 2",,REP,Jim Zig Zeigler,2
Fayette,PROVISIONAL,"Public Service Commission, Place No. 2",,REP,Priscilla Andrews,1
Fayette,PROVISIONAL,Secretary of State,,REP,Caroleene Dobson,2
Fayette,PROVISIONAL,Secretary of State,,REP,Christopher Christian Horn,1
Fayette,PROVISIONAL,Secretary of State,,REP,Glenda S. Jackson,0
Fayette,PROVISIONAL,State Auditor,,REP,Andrew Sorrell,3
Fayette,PROVISIONAL,State Auditor,,REP,Derek Chen,0
Fayette,PROVISIONAL,State Treasurer,,REP,Steve Lolley,1
Fayette,PROVISIONAL,State Treasurer,,REP,Young Boozer,2
Fayette,PROVISIONAL,Superintendent. Fayette County Board of Education,,REP,Jeremy Madden,1
Fayette,PROVISIONAL,Superintendent. Fayette County Board of Education,,REP,Steve Herring,1
Fayette,PROVISIONAL,Superintendent. Fayette County Board of Education,,REP,Steve Sawyer,1
Fayette,PROVISIONAL,U.S. House,4,REP,Robert B. Aderholt,2
Fayette,PROVISIONAL,U.S. House,4,REP,Tommy Barnes,1
Fayette,RIDGE-CONCORD BAPT CH,Governor,,DEM,"Chad ""Chig"" Martin",0
Fayette,RIDGE-CONCORD BAPT CH,Governor,,DEM,Doug Jones,7
Fayette,RIDGE-CONCORD BAPT CH,Governor,,DEM,Jamel J. Brown,0
Fayette,RIDGE-CONCORD BAPT CH,Governor,,DEM,"Nathan ""Nate"" Mathis",0
Fayette,RIDGE-CONCORD BAPT CH,Governor,,DEM,Will Boyd,1
Fayette,RIDGE-CONCORD BAPT CH,Governor,,DEM,Yolanda Rochelle Flowers,0
Fayette,RIDGE-CONCORD BAPT CH,Lieutenant Governor,,DEM,Darryl D. Perryman,3
Fayette,RIDGE-CONCORD BAPT CH,Lieutenant Governor,,DEM,Phillip Ensler,5
Fayette,RIDGE-CONCORD BAPT CH,U.S. Senate,,DEM,Dakarai Larriett,1
Fayette,RIDGE-CONCORD BAPT CH,U.S. Senate,,DEM,Everett Wess,5
Fayette,RIDGE-CONCORD BAPT CH,U.S. Senate,,DEM,Kyle Sweetser,1
Fayette,RIDGE-CONCORD BAPT CH,U.S. Senate,,DEM,Mark S. Wheeler II,1
Fayette,RIDGE-CONCORD BAPT CH,"Public Service Commissioner, Place 1",,DEM,James O. Gordon,5
Fayette,RIDGE-CONCORD BAPT CH,"Public Service Commissioner, Place 1",,DEM,Jeff Ramsey,3
Fayette,RIDGE-CONCORD BAPT CH,"Public Service Commissioner, Place 1",,DEM,John Northrop,0
Fayette,RIDGE-CONCORD BAPT CH,U.S. House,4,DEM,Amanda N. Pusczek,6
Fayette,RIDGE-CONCORD BAPT CH,U.S. House,4,DEM,Shane Weaver,2
Fayette,RIDGE-CONCORD BAPT CH,U.S. Senate,,REP,Barry Moore,33
Fayette,RIDGE-CONCORD BAPT CH,U.S. Senate,,REP,Dale Shelton Deas Jr.,1
Fayette,RIDGE-CONCORD BAPT CH,U.S. Senate,,REP,Jared Hudson,24
Fayette,RIDGE-CONCORD BAPT CH,U.S. Senate,,REP,Morgan Murphy,1
Fayette,RIDGE-CONCORD BAPT CH,U.S. Senate,,REP,Rodney Walker,3
Fayette,RIDGE-CONCORD BAPT CH,U.S. Senate,,REP,Seth Burton,0
Fayette,RIDGE-CONCORD BAPT CH,U.S. Senate,,REP,Steve Marshall,19
Fayette,RIDGE-CONCORD BAPT CH,Attorney General,,REP,Jay Mitchell,37
Fayette,RIDGE-CONCORD BAPT CH,Attorney General,,REP,Katherine Robertson,26
Fayette,RIDGE-CONCORD BAPT CH,Attorney General,,REP,Pamela L. Casey,11
Fayette,RIDGE-CONCORD BAPT CH,Commissioner of Agriculture and Industries,,REP,Christina Woerner McInnis,25
Fayette,RIDGE-CONCORD BAPT CH,Commissioner of Agriculture and Industries,,REP,Cory Hill,30
Fayette,RIDGE-CONCORD BAPT CH,Commissioner of Agriculture and Industries,,REP,Jack Williams,22
Fayette,RIDGE-CONCORD BAPT CH,Fayette County Coroner,,REP,"Daniel Ewald, III",17
Fayette,RIDGE-CONCORD BAPT CH,Fayette County Coroner,,REP,"Timothy ""TK"" Kimbrell",64
Fayette,RIDGE-CONCORD BAPT CH,Fayette County Revenue Commissioner,,REP,Carrie Edmonson,20
Fayette,RIDGE-CONCORD BAPT CH,Fayette County Revenue Commissioner,,REP,Jeananne Edwards,37
Fayette,RIDGE-CONCORD BAPT CH,Fayette County Revenue Commissioner,,REP,Jerry M. Nichols,24
Fayette,RIDGE-CONCORD BAPT CH,Fayette County Sheriff,,REP,Byron Yerby,56
Fayette,RIDGE-CONCORD BAPT CH,Fayette County Sheriff,,REP,Roger Morrison,31
Fayette,RIDGE-CONCORD BAPT CH,Governor,,REP,"""Alabama"" Will Santivasci",2
Fayette,RIDGE-CONCORD BAPT CH,Governor,,REP,Ken McFeeters,3
Fayette,RIDGE-CONCORD BAPT CH,Governor,,REP,Thomas Tuberville,79
Fayette,RIDGE-CONCORD BAPT CH,Lieutenant Governor,,REP,George Childress,1
Fayette,RIDGE-CONCORD BAPT CH,Lieutenant Governor,,REP,John Wahl,40
Fayette,RIDGE-CONCORD BAPT CH,Lieutenant Governor,,REP,Nicole Jones Wadsworth,4
Fayette,RIDGE-CONCORD BAPT CH,Lieutenant Governor,,REP,Pat Bishop,3
Fayette,RIDGE-CONCORD BAPT CH,Lieutenant Governor,,REP,Rick Pate,3
Fayette,RIDGE-CONCORD BAPT CH,Lieutenant Governor,,REP,Stewart Hill Tankersley,0
Fayette,RIDGE-CONCORD BAPT CH,Lieutenant Governor,,REP,Wes Allen,32
Fayette,RIDGE-CONCORD BAPT CH,"Public Service Commission, Place No. 1",,REP,Jeremy H. Oden,16
Fayette,RIDGE-CONCORD BAPT CH,"Public Service Commission, Place No. 1",,REP,Matt Gentry,59
Fayette,RIDGE-CONCORD BAPT CH,"Public Service Commission, Place No. 2",,REP,Brent Woodall,7
Fayette,RIDGE-CONCORD BAPT CH,"Public Service Commission, Place No. 2",,REP,Chris Beeker,15
Fayette,RIDGE-CONCORD BAPT CH,"Public Service Commission, Place No. 2",,REP,Jim Zig Zeigler,48
Fayette,RIDGE-CONCORD BAPT CH,"Public Service Commission, Place No. 2",,REP,Priscilla Andrews,6
Fayette,RIDGE-CONCORD BAPT CH,Secretary of State,,REP,Caroleene Dobson,49
Fayette,RIDGE-CONCORD BAPT CH,Secretary of State,,REP,Christopher Christian Horn,17
Fayette,RIDGE-CONCORD BAPT CH,Secretary of State,,REP,Glenda S. Jackson,10
Fayette,RIDGE-CONCORD BAPT CH,State Auditor,,REP,Andrew Sorrell,49
Fayette,RIDGE-CONCORD BAPT CH,State Auditor,,REP,Derek Chen,27
Fayette,RIDGE-CONCORD BAPT CH,State Treasurer,,REP,Steve Lolley,24
Fayette,RIDGE-CONCORD BAPT CH,State Treasurer,,REP,Young Boozer,51
Fayette,RIDGE-CONCORD BAPT CH,Superintendent. Fayette County Board of Education,,REP,Jeremy Madden,37
Fayette,RIDGE-CONCORD BAPT CH,Superintendent. Fayette County Board of Education,,REP,Steve Herring,17
Fayette,RIDGE-CONCORD BAPT CH,Superintendent. Fayette County Board of Education,,REP,Steve Sawyer,31
Fayette,RIDGE-CONCORD BAPT CH,U.S. House,4,REP,Robert B. Aderholt,73
Fayette,RIDGE-CONCORD BAPT CH,U.S. House,4,REP,Tommy Barnes,6
Fayette,RUSSELL VT CTR BOBO,Governor,,DEM,"Chad ""Chig"" Martin",0
Fayette,RUSSELL VT CTR BOBO,Governor,,DEM,Doug Jones,10
Fayette,RUSSELL VT CTR BOBO,Governor,,DEM,Jamel J. Brown,1
Fayette,RUSSELL VT CTR BOBO,Governor,,DEM,"Nathan ""Nate"" Mathis",0
Fayette,RUSSELL VT CTR BOBO,Governor,,DEM,Will Boyd,0
Fayette,RUSSELL VT CTR BOBO,Governor,,DEM,Yolanda Rochelle Flowers,1
Fayette,RUSSELL VT CTR BOBO,Lieutenant Governor,,DEM,Darryl D. Perryman,4
Fayette,RUSSELL VT CTR BOBO,Lieutenant Governor,,DEM,Phillip Ensler,6
Fayette,RUSSELL VT CTR BOBO,U.S. Senate,,DEM,Dakarai Larriett,0
Fayette,RUSSELL VT CTR BOBO,U.S. Senate,,DEM,Everett Wess,1
Fayette,RUSSELL VT CTR BOBO,U.S. Senate,,DEM,Kyle Sweetser,5
Fayette,RUSSELL VT CTR BOBO,U.S. Senate,,DEM,Mark S. Wheeler II,5
Fayette,RUSSELL VT CTR BOBO,"Public Service Commissioner, Place 1",,DEM,James O. Gordon,5
Fayette,RUSSELL VT CTR BOBO,"Public Service Commissioner, Place 1",,DEM,Jeff Ramsey,4
Fayette,RUSSELL VT CTR BOBO,"Public Service Commissioner, Place 1",,DEM,John Northrop,3
Fayette,RUSSELL VT CTR BOBO,U.S. House,4,DEM,Amanda N. Pusczek,7
Fayette,RUSSELL VT CTR BOBO,U.S. House,4,DEM,Shane Weaver,5
Fayette,RUSSELL VT CTR BOBO,U.S. Senate,,REP,Barry Moore,75
Fayette,RUSSELL VT CTR BOBO,U.S. Senate,,REP,Dale Shelton Deas Jr.,4
Fayette,RUSSELL VT CTR BOBO,U.S. Senate,,REP,Jared Hudson,77
Fayette,RUSSELL VT CTR BOBO,U.S. Senate,,REP,Morgan Murphy,5
Fayette,RUSSELL VT CTR BOBO,U.S. Senate,,REP,Rodney Walker,10
Fayette,RUSSELL VT CTR BOBO,U.S. Senate,,REP,Seth Burton,3
Fayette,RUSSELL VT CTR BOBO,U.S. Senate,,REP,Steve Marshall,69
Fayette,RUSSELL VT CTR BOBO,Attorney General,,REP,Jay Mitchell,85
Fayette,RUSSELL VT CTR BOBO,Attorney General,,REP,Katherine Robertson,80
Fayette,RUSSELL VT CTR BOBO,Attorney General,,REP,Pamela L. Casey,80
Fayette,RUSSELL VT CTR BOBO,Commissioner of Agriculture and Industries,,REP,Christina Woerner McInnis,64
Fayette,RUSSELL VT CTR BOBO,Commissioner of Agriculture and Industries,,REP,Cory Hill,68
Fayette,RUSSELL VT CTR BOBO,Commissioner of Agriculture and Industries,,REP,Jack Williams,96
Fayette,RUSSELL VT CTR BOBO,Fayette County Coroner,,REP,"Daniel Ewald, III",50
Fayette,RUSSELL VT CTR BOBO,Fayette County Coroner,,REP,"Timothy ""TK"" Kimbrell",196
Fayette,RUSSELL VT CTR BOBO,Fayette County Revenue Commissioner,,REP,Carrie Edmonson,95
Fayette,RUSSELL VT CTR BOBO,Fayette County Revenue Commissioner,,REP,Jeananne Edwards,63
Fayette,RUSSELL VT CTR BOBO,Fayette County Revenue Commissioner,,REP,Jerry M. Nichols,84
Fayette,RUSSELL VT CTR BOBO,Fayette County Sheriff,,REP,Byron Yerby,152
Fayette,RUSSELL VT CTR BOBO,Fayette County Sheriff,,REP,Roger Morrison,103
Fayette,RUSSELL VT CTR BOBO,Governor,,REP,"""Alabama"" Will Santivasci",10
Fayette,RUSSELL VT CTR BOBO,Governor,,REP,Ken McFeeters,14
Fayette,RUSSELL VT CTR BOBO,Governor,,REP,Thomas Tuberville,234
Fayette,RUSSELL VT CTR BOBO,Lieutenant Governor,,REP,George Childress,3
Fayette,RUSSELL VT CTR BOBO,Lieutenant Governor,,REP,John Wahl,96
Fayette,RUSSELL VT CTR BOBO,Lieutenant Governor,,REP,Nicole Jones Wadsworth,20
Fayette,RUSSELL VT CTR BOBO,Lieutenant Governor,,REP,Pat Bishop,7
Fayette,RUSSELL VT CTR BOBO,Lieutenant Governor,,REP,Rick Pate,19
Fayette,RUSSELL VT CTR BOBO,Lieutenant Governor,,REP,Stewart Hill Tankersley,3
Fayette,RUSSELL VT CTR BOBO,Lieutenant Governor,,REP,Wes Allen,94
Fayette,RUSSELL VT CTR BOBO,"Public Service Commission, Place No. 1",,REP,Jeremy H. Oden,72
Fayette,RUSSELL VT CTR BOBO,"Public Service Commission, Place No. 1",,REP,Matt Gentry,152
Fayette,RUSSELL VT CTR BOBO,"Public Service Commission, Place No. 2",,REP,Brent Woodall,38
Fayette,RUSSELL VT CTR BOBO,"Public Service Commission, Place No. 2",,REP,Chris Beeker,53
Fayette,RUSSELL VT CTR BOBO,"Public Service Commission, Place No. 2",,REP,Jim Zig Zeigler,109
Fayette,RUSSELL VT CTR BOBO,"Public Service Commission, Place No. 2",,REP,Priscilla Andrews,26
Fayette,RUSSELL VT CTR BOBO,Secretary of State,,REP,Caroleene Dobson,105
Fayette,RUSSELL VT CTR BOBO,Secretary of State,,REP,Christopher Christian Horn,78
Fayette,RUSSELL VT CTR BOBO,Secretary of State,,REP,Glenda S. Jackson,41
Fayette,RUSSELL VT CTR BOBO,State Auditor,,REP,Andrew Sorrell,182
Fayette,RUSSELL VT CTR BOBO,State Auditor,,REP,Derek Chen,53
Fayette,RUSSELL VT CTR BOBO,State Treasurer,,REP,Steve Lolley,140
Fayette,RUSSELL VT CTR BOBO,State Treasurer,,REP,Young Boozer,100
Fayette,RUSSELL VT CTR BOBO,Superintendent. Fayette County Board of Education,,REP,Jeremy Madden,101
Fayette,RUSSELL VT CTR BOBO,Superintendent. Fayette County Board of Education,,REP,Steve Herring,64
Fayette,RUSSELL VT CTR BOBO,Superintendent. Fayette County Board of Education,,REP,Steve Sawyer,88
Fayette,RUSSELL VT CTR BOBO,U.S. House,4,REP,Robert B. Aderholt,211
Fayette,RUSSELL VT CTR BOBO,U.S. House,4,REP,Tommy Barnes,40
Fayette,STONEWALL-CANNAN CC,Governor,,DEM,"Chad ""Chig"" Martin",0
Fayette,STONEWALL-CANNAN CC,Governor,,DEM,Doug Jones,20
Fayette,STONEWALL-CANNAN CC,Governor,,DEM,Jamel J. Brown,0
Fayette,STONEWALL-CANNAN CC,Governor,,DEM,"Nathan ""Nate"" Mathis",0
Fayette,STONEWALL-CANNAN CC,Governor,,DEM,Will Boyd,2
Fayette,STONEWALL-CANNAN CC,Governor,,DEM,Yolanda Rochelle Flowers,1
Fayette,STONEWALL-CANNAN CC,Lieutenant Governor,,DEM,Darryl D. Perryman,6
Fayette,STONEWALL-CANNAN CC,Lieutenant Governor,,DEM,Phillip Ensler,16
Fayette,STONEWALL-CANNAN CC,U.S. Senate,,DEM,Dakarai Larriett,5
Fayette,STONEWALL-CANNAN CC,U.S. Senate,,DEM,Everett Wess,12
Fayette,STONEWALL-CANNAN CC,U.S. Senate,,DEM,Kyle Sweetser,0
Fayette,STONEWALL-CANNAN CC,U.S. Senate,,DEM,Mark S. Wheeler II,4
Fayette,STONEWALL-CANNAN CC,"Public Service Commissioner, Place 1",,DEM,James O. Gordon,17
Fayette,STONEWALL-CANNAN CC,"Public Service Commissioner, Place 1",,DEM,Jeff Ramsey,3
Fayette,STONEWALL-CANNAN CC,"Public Service Commissioner, Place 1",,DEM,John Northrop,2
Fayette,STONEWALL-CANNAN CC,U.S. House,4,DEM,Amanda N. Pusczek,14
Fayette,STONEWALL-CANNAN CC,U.S. House,4,DEM,Shane Weaver,7
Fayette,STONEWALL-CANNAN CC,U.S. Senate,,REP,Barry Moore,4
Fayette,STONEWALL-CANNAN CC,U.S. Senate,,REP,Dale Shelton Deas Jr.,0
Fayette,STONEWALL-CANNAN CC,U.S. Senate,,REP,Jared Hudson,8
Fayette,STONEWALL-CANNAN CC,U.S. Senate,,REP,Morgan Murphy,1
Fayette,STONEWALL-CANNAN CC,U.S. Senate,,REP,Rodney Walker,3
Fayette,STONEWALL-CANNAN CC,U.S. Senate,,REP,Seth Burton,1
Fayette,STONEWALL-CANNAN CC,U.S. Senate,,REP,Steve Marshall,7
Fayette,STONEWALL-CANNAN CC,Attorney General,,REP,Jay Mitchell,7
Fayette,STONEWALL-CANNAN CC,Attorney General,,REP,Katherine Robertson,6
Fayette,STONEWALL-CANNAN CC,Attorney General,,REP,Pamela L. Casey,9
Fayette,STONEWALL-CANNAN CC,Commissioner of Agriculture and Industries,,REP,Christina Woerner McInnis,8
Fayette,STONEWALL-CANNAN CC,Commissioner of Agriculture and Industries,,REP,Cory Hill,7
Fayette,STONEWALL-CANNAN CC,Commissioner of Agriculture and Industries,,REP,Jack Williams,7
Fayette,STONEWALL-CANNAN CC,Fayette County Coroner,,REP,"Daniel Ewald, III",8
Fayette,STONEWALL-CANNAN CC,Fayette County Coroner,,REP,"Timothy ""TK"" Kimbrell",21
Fayette,STONEWALL-CANNAN CC,Fayette County Revenue Commissioner,,REP,Carrie Edmonson,12
Fayette,STONEWALL-CANNAN CC,Fayette County Revenue Commissioner,,REP,Jeananne Edwards,12
Fayette,STONEWALL-CANNAN CC,Fayette County Revenue Commissioner,,REP,Jerry M. Nichols,4
Fayette,STONEWALL-CANNAN CC,Fayette County Sheriff,,REP,Byron Yerby,28
Fayette,STONEWALL-CANNAN CC,Fayette County Sheriff,,REP,Roger Morrison,4
Fayette,STONEWALL-CANNAN CC,Governor,,REP,"""Alabama"" Will Santivasci",1
Fayette,STONEWALL-CANNAN CC,Governor,,REP,Ken McFeeters,18
Fayette,STONEWALL-CANNAN CC,Governor,,REP,Thomas Tuberville,10
Fayette,STONEWALL-CANNAN CC,Lieutenant Governor,,REP,George Childress,1
Fayette,STONEWALL-CANNAN CC,Lieutenant Governor,,REP,John Wahl,5
Fayette,STONEWALL-CANNAN CC,Lieutenant Governor,,REP,Nicole Jones Wadsworth,2
Fayette,STONEWALL-CANNAN CC,Lieutenant Governor,,REP,Pat Bishop,2
Fayette,STONEWALL-CANNAN CC,Lieutenant Governor,,REP,Rick Pate,6
Fayette,STONEWALL-CANNAN CC,Lieutenant Governor,,REP,Stewart Hill Tankersley,1
Fayette,STONEWALL-CANNAN CC,Lieutenant Governor,,REP,Wes Allen,8
Fayette,STONEWALL-CANNAN CC,"Public Service Commission, Place No. 1",,REP,Jeremy H. Oden,11
Fayette,STONEWALL-CANNAN CC,"Public Service Commission, Place No. 1",,REP,Matt Gentry,13
Fayette,STONEWALL-CANNAN CC,"Public Service Commission, Place No. 2",,REP,Brent Woodall,4
Fayette,STONEWALL-CANNAN CC,"Public Service Commission, Place No. 2",,REP,Chris Beeker,2
Fayette,STONEWALL-CANNAN CC,"Public Service Commission, Place No. 2",,REP,Jim Zig Zeigler,6
Fayette,STONEWALL-CANNAN CC,"Public Service Commission, Place No. 2",,REP,Priscilla Andrews,9
Fayette,STONEWALL-CANNAN CC,Secretary of State,,REP,Caroleene Dobson,8
Fayette,STONEWALL-CANNAN CC,Secretary of State,,REP,Christopher Christian Horn,4
Fayette,STONEWALL-CANNAN CC,Secretary of State,,REP,Glenda S. Jackson,7
Fayette,STONEWALL-CANNAN CC,State Auditor,,REP,Andrew Sorrell,12
Fayette,STONEWALL-CANNAN CC,State Auditor,,REP,Derek Chen,13
Fayette,STONEWALL-CANNAN CC,State Treasurer,,REP,Steve Lolley,9
Fayette,STONEWALL-CANNAN CC,State Treasurer,,REP,Young Boozer,16
Fayette,STONEWALL-CANNAN CC,Superintendent. Fayette County Board of Education,,REP,Jeremy Madden,18
Fayette,STONEWALL-CANNAN CC,Superintendent. Fayette County Board of Education,,REP,Steve Herring,4
Fayette,STONEWALL-CANNAN CC,Superintendent. Fayette County Board of Education,,REP,Steve Sawyer,9
Fayette,STONEWALL-CANNAN CC,U.S. House,4,REP,Robert B. Aderholt,10
Fayette,STONEWALL-CANNAN CC,U.S. House,4,REP,Tommy Barnes,13
Fayette,THOMPSON-KIRKLAND CC,Governor,,DEM,"Chad ""Chig"" Martin",0
Fayette,THOMPSON-KIRKLAND CC,Governor,,DEM,Doug Jones,0
Fayette,THOMPSON-KIRKLAND CC,Governor,,DEM,Jamel J. Brown,0
Fayette,THOMPSON-KIRKLAND CC,Governor,,DEM,"Nathan ""Nate"" Mathis",0
Fayette,THOMPSON-KIRKLAND CC,Governor,,DEM,Will Boyd,0
Fayette,THOMPSON-KIRKLAND CC,Governor,,DEM,Yolanda Rochelle Flowers,0
Fayette,THOMPSON-KIRKLAND CC,Lieutenant Governor,,DEM,Darryl D. Perryman,0
Fayette,THOMPSON-KIRKLAND CC,Lieutenant Governor,,DEM,Phillip Ensler,0
Fayette,THOMPSON-KIRKLAND CC,U.S. Senate,,DEM,Dakarai Larriett,0
Fayette,THOMPSON-KIRKLAND CC,U.S. Senate,,DEM,Everett Wess,0
Fayette,THOMPSON-KIRKLAND CC,U.S. Senate,,DEM,Kyle Sweetser,0
Fayette,THOMPSON-KIRKLAND CC,U.S. Senate,,DEM,Mark S. Wheeler II,0
Fayette,THOMPSON-KIRKLAND CC,"Public Service Commissioner, Place 1",,DEM,James O. Gordon,0
Fayette,THOMPSON-KIRKLAND CC,"Public Service Commissioner, Place 1",,DEM,Jeff Ramsey,0
Fayette,THOMPSON-KIRKLAND CC,"Public Service Commissioner, Place 1",,DEM,John Northrop,0
Fayette,THOMPSON-KIRKLAND CC,U.S. House,4,DEM,Amanda N. Pusczek,0
Fayette,THOMPSON-KIRKLAND CC,U.S. House,4,DEM,Shane Weaver,0
Fayette,THOMPSON-KIRKLAND CC,U.S. Senate,,REP,Barry Moore,27
Fayette,THOMPSON-KIRKLAND CC,U.S. Senate,,REP,Dale Shelton Deas Jr.,2
Fayette,THOMPSON-KIRKLAND CC,U.S. Senate,,REP,Jared Hudson,30
Fayette,THOMPSON-KIRKLAND CC,U.S. Senate,,REP,Morgan Murphy,0
Fayette,THOMPSON-KIRKLAND CC,U.S. Senate,,REP,Rodney Walker,4
Fayette,THOMPSON-KIRKLAND CC,U.S. Senate,,REP,Seth Burton,1
Fayette,THOMPSON-KIRKLAND CC,U.S. Senate,,REP,Steve Marshall,37
Fayette,THOMPSON-KIRKLAND CC,Attorney General,,REP,Jay Mitchell,38
Fayette,THOMPSON-KIRKLAND CC,Attorney General,,REP,Katherine Robertson,42
Fayette,THOMPSON-KIRKLAND CC,Attorney General,,REP,Pamela L. Casey,18
Fayette,THOMPSON-KIRKLAND CC,Commissioner of Agriculture and Industries,,REP,Christina Woerner McInnis,18
Fayette,THOMPSON-KIRKLAND CC,Commissioner of Agriculture and Industries,,REP,Cory Hill,52
Fayette,THOMPSON-KIRKLAND CC,Commissioner of Agriculture and Industries,,REP,Jack Williams,25
Fayette,THOMPSON-KIRKLAND CC,Fayette County Coroner,,REP,"Daniel Ewald, III",14
Fayette,THOMPSON-KIRKLAND CC,Fayette County Coroner,,REP,"Timothy ""TK"" Kimbrell",88
Fayette,THOMPSON-KIRKLAND CC,Fayette County Revenue Commissioner,,REP,Carrie Edmonson,16
Fayette,THOMPSON-KIRKLAND CC,Fayette County Revenue Commissioner,,REP,Jeananne Edwards,66
Fayette,THOMPSON-KIRKLAND CC,Fayette County Revenue Commissioner,,REP,Jerry M. Nichols,24
Fayette,THOMPSON-KIRKLAND CC,Fayette County Sheriff,,REP,Byron Yerby,76
Fayette,THOMPSON-KIRKLAND CC,Fayette County Sheriff,,REP,Roger Morrison,32
Fayette,THOMPSON-KIRKLAND CC,Governor,,REP,"""Alabama"" Will Santivasci",5
Fayette,THOMPSON-KIRKLAND CC,Governor,,REP,Ken McFeeters,11
Fayette,THOMPSON-KIRKLAND CC,Governor,,REP,Thomas Tuberville,88
Fayette,THOMPSON-KIRKLAND CC,Lieutenant Governor,,REP,George Childress,1
Fayette,THOMPSON-KIRKLAND CC,Lieutenant Governor,,REP,John Wahl,35
Fayette,THOMPSON-KIRKLAND CC,Lieutenant Governor,,REP,Nicole Jones Wadsworth,3
Fayette,THOMPSON-KIRKLAND CC,Lieutenant Governor,,REP,Pat Bishop,4
Fayette,THOMPSON-KIRKLAND CC,Lieutenant Governor,,REP,Rick Pate,12
Fayette,THOMPSON-KIRKLAND CC,Lieutenant Governor,,REP,Stewart Hill Tankersley,0
Fayette,THOMPSON-KIRKLAND CC,Lieutenant Governor,,REP,Wes Allen,47
Fayette,THOMPSON-KIRKLAND CC,"Public Service Commission, Place No. 1",,REP,Jeremy H. Oden,31
Fayette,THOMPSON-KIRKLAND CC,"Public Service Commission, Place No. 1",,REP,Matt Gentry,64
Fayette,THOMPSON-KIRKLAND CC,"Public Service Commission, Place No. 2",,REP,Brent Woodall,13
Fayette,THOMPSON-KIRKLAND CC,"Public Service Commission, Place No. 2",,REP,Chris Beeker,37
Fayette,THOMPSON-KIRKLAND CC,"Public Service Commission, Place No. 2",,REP,Jim Zig Zeigler,40
Fayette,THOMPSON-KIRKLAND CC,"Public Service Commission, Place No. 2",,REP,Priscilla Andrews,4
Fayette,THOMPSON-KIRKLAND CC,Secretary of State,,REP,Caroleene Dobson,48
Fayette,THOMPSON-KIRKLAND CC,Secretary of State,,REP,Christopher Christian Horn,21
Fayette,THOMPSON-KIRKLAND CC,Secretary of State,,REP,Glenda S. Jackson,21
Fayette,THOMPSON-KIRKLAND CC,State Auditor,,REP,Andrew Sorrell,74
Fayette,THOMPSON-KIRKLAND CC,State Auditor,,REP,Derek Chen,22
Fayette,THOMPSON-KIRKLAND CC,State Treasurer,,REP,Steve Lolley,47
Fayette,THOMPSON-KIRKLAND CC,State Treasurer,,REP,Young Boozer,49
Fayette,THOMPSON-KIRKLAND CC,Superintendent. Fayette County Board of Education,,REP,Jeremy Madden,36
Fayette,THOMPSON-KIRKLAND CC,Superintendent. Fayette County Board of Education,,REP,Steve Herring,22
Fayette,THOMPSON-KIRKLAND CC,Superintendent. Fayette County Board of Education,,REP,Steve Sawyer,48
Fayette,THOMPSON-KIRKLAND CC,U.S. House,4,REP,Robert B. Aderholt,76
Fayette,THOMPSON-KIRKLAND CC,U.S. House,4,REP,Tommy Barnes,24
Fayette,TRINITY CHURCH OF GOD,Governor,,DEM,"Chad ""Chig"" Martin",0
Fayette,TRINITY CHURCH OF GOD,Governor,,DEM,Doug Jones,12
Fayette,TRINITY CHURCH OF GOD,Governor,,DEM,Jamel J. Brown,0
Fayette,TRINITY CHURCH OF GOD,Governor,,DEM,"Nathan ""Nate"" Mathis",0
Fayette,TRINITY CHURCH OF GOD,Governor,,DEM,Will Boyd,1
Fayette,TRINITY CHURCH OF GOD,Governor,,DEM,Yolanda Rochelle Flowers,0
Fayette,TRINITY CHURCH OF GOD,Lieutenant Governor,,DEM,Darryl D. Perryman,0
Fayette,TRINITY CHURCH OF GOD,Lieutenant Governor,,DEM,Phillip Ensler,13
Fayette,TRINITY CHURCH OF GOD,U.S. Senate,,DEM,Dakarai Larriett,0
Fayette,TRINITY CHURCH OF GOD,U.S. Senate,,DEM,Everett Wess,11
Fayette,TRINITY CHURCH OF GOD,U.S. Senate,,DEM,Kyle Sweetser,2
Fayette,TRINITY CHURCH OF GOD,U.S. Senate,,DEM,Mark S. Wheeler II,0
Fayette,TRINITY CHURCH OF GOD,"Public Service Commissioner, Place 1",,DEM,James O. Gordon,11
Fayette,TRINITY CHURCH OF GOD,"Public Service Commissioner, Place 1",,DEM,Jeff Ramsey,1
Fayette,TRINITY CHURCH OF GOD,"Public Service Commissioner, Place 1",,DEM,John Northrop,0
Fayette,TRINITY CHURCH OF GOD,U.S. House,4,DEM,Amanda N. Pusczek,11
Fayette,TRINITY CHURCH OF GOD,U.S. House,4,DEM,Shane Weaver,1
Fayette,TRINITY CHURCH OF GOD,U.S. Senate,,REP,Barry Moore,50
Fayette,TRINITY CHURCH OF GOD,U.S. Senate,,REP,Dale Shelton Deas Jr.,2
Fayette,TRINITY CHURCH OF GOD,U.S. Senate,,REP,Jared Hudson,70
Fayette,TRINITY CHURCH OF GOD,U.S. Senate,,REP,Morgan Murphy,2
Fayette,TRINITY CHURCH OF GOD,U.S. Senate,,REP,Rodney Walker,5
Fayette,TRINITY CHURCH OF GOD,U.S. Senate,,REP,Seth Burton,4
Fayette,TRINITY CHURCH OF GOD,U.S. Senate,,REP,Steve Marshall,64
Fayette,TRINITY CHURCH OF GOD,Attorney General,,REP,Jay Mitchell,73
Fayette,TRINITY CHURCH OF GOD,Attorney General,,REP,Katherine Robertson,76
Fayette,TRINITY CHURCH OF GOD,Attorney General,,REP,Pamela L. Casey,39
Fayette,TRINITY CHURCH OF GOD,Commissioner of Agriculture and Industries,,REP,Christina Woerner McInnis,41
Fayette,TRINITY CHURCH OF GOD,Commissioner of Agriculture and Industries,,REP,Cory Hill,78
Fayette,TRINITY CHURCH OF GOD,Commissioner of Agriculture and Industries,,REP,Jack Williams,63
Fayette,TRINITY CHURCH OF GOD,Fayette County Coroner,,REP,"Daniel Ewald, III",35
Fayette,TRINITY CHURCH OF GOD,Fayette County Coroner,,REP,"Timothy ""TK"" Kimbrell",167
Fayette,TRINITY CHURCH OF GOD,Fayette County Revenue Commissioner,,REP,Carrie Edmonson,65
Fayette,TRINITY CHURCH OF GOD,Fayette County Revenue Commissioner,,REP,Jeananne Edwards,103
Fayette,TRINITY CHURCH OF GOD,Fayette County Revenue Commissioner,,REP,Jerry M. Nichols,32
Fayette,TRINITY CHURCH OF GOD,Fayette County Sheriff,,REP,Byron Yerby,139
Fayette,TRINITY CHURCH OF GOD,Fayette County Sheriff,,REP,Roger Morrison,68
Fayette,TRINITY CHURCH OF GOD,Governor,,REP,"""Alabama"" Will Santivasci",9
Fayette,TRINITY CHURCH OF GOD,Governor,,REP,Ken McFeeters,4
Fayette,TRINITY CHURCH OF GOD,Governor,,REP,Thomas Tuberville,190
Fayette,TRINITY CHURCH OF GOD,Lieutenant Governor,,REP,George Childress,7
Fayette,TRINITY CHURCH OF GOD,Lieutenant Governor,,REP,John Wahl,72
Fayette,TRINITY CHURCH OF GOD,Lieutenant Governor,,REP,Nicole Jones Wadsworth,10
Fayette,TRINITY CHURCH OF GOD,Lieutenant Governor,,REP,Pat Bishop,3
Fayette,TRINITY CHURCH OF GOD,Lieutenant Governor,,REP,Rick Pate,15
Fayette,TRINITY CHURCH OF GOD,Lieutenant Governor,,REP,Stewart Hill Tankersley,2
Fayette,TRINITY CHURCH OF GOD,Lieutenant Governor,,REP,Wes Allen,87
Fayette,TRINITY CHURCH OF GOD,"Public Service Commission, Place No. 1",,REP,Jeremy H. Oden,50
Fayette,TRINITY CHURCH OF GOD,"Public Service Commission, Place No. 1",,REP,Matt Gentry,128
Fayette,TRINITY CHURCH OF GOD,"Public Service Commission, Place No. 2",,REP,Brent Woodall,22
Fayette,TRINITY CHURCH OF GOD,"Public Service Commission, Place No. 2",,REP,Chris Beeker,43
Fayette,TRINITY CHURCH OF GOD,"Public Service Commission, Place No. 2",,REP,Jim Zig Zeigler,90
Fayette,TRINITY CHURCH OF GOD,"Public Service Commission, Place No. 2",,REP,Priscilla Andrews,20
Fayette,TRINITY CHURCH OF GOD,Secretary of State,,REP,Caroleene Dobson,103
Fayette,TRINITY CHURCH OF GOD,Secretary of State,,REP,Christopher Christian Horn,46
Fayette,TRINITY CHURCH OF GOD,Secretary of State,,REP,Glenda S. Jackson,22
Fayette,TRINITY CHURCH OF GOD,State Auditor,,REP,Andrew Sorrell,138
Fayette,TRINITY CHURCH OF GOD,State Auditor,,REP,Derek Chen,42
Fayette,TRINITY CHURCH OF GOD,State Treasurer,,REP,Steve Lolley,77
Fayette,TRINITY CHURCH OF GOD,State Treasurer,,REP,Young Boozer,108
Fayette,TRINITY CHURCH OF GOD,Superintendent. Fayette County Board of Education,,REP,Jeremy Madden,65
Fayette,TRINITY CHURCH OF GOD,Superintendent. Fayette County Board of Education,,REP,Steve Herring,33
Fayette,TRINITY CHURCH OF GOD,Superintendent. Fayette County Board of Education,,REP,Steve Sawyer,104
Fayette,TRINITY CHURCH OF GOD,U.S. House,4,REP,Robert B. Aderholt,158
Fayette,TRINITY CHURCH OF GOD,U.S. House,4,REP,Tommy Barnes,37
Fayette,WEBSTER WAYSIDE CC,Attorney General,,REP,Jay Mitchell,44
Fayette,WEBSTER WAYSIDE CC,Attorney General,,REP,Katherine Robertson,42
Fayette,WEBSTER WAYSIDE CC,Attorney General,,REP,Pamela L. Casey,27
Fayette,WEBSTER WAYSIDE CC,Commissioner of Agriculture and Industries,,REP,Christina Woerner McInnis,20
Fayette,WEBSTER WAYSIDE CC,Commissioner of Agriculture and Industries,,REP,Cory Hill,56
Fayette,WEBSTER WAYSIDE CC,Commissioner of Agriculture and Industries,,REP,Jack Williams,31
Fayette,WEBSTER WAYSIDE CC,"Public Service Commission, Place No. 1",,REP,Jeremy H. Oden,27
Fayette,WEBSTER WAYSIDE CC,"Public Service Commission, Place No. 1",,REP,Matt Gentry,79
Fayette,WEBSTER WAYSIDE CC,"Public Service Commission, Place No. 2",,REP,Brent Woodall,18
Fayette,WEBSTER WAYSIDE CC,"Public Service Commission, Place No. 2",,REP,Chris Beeker,26
Fayette,WEBSTER WAYSIDE CC,"Public Service Commission, Place No. 2",,REP,Jim Zig Zeigler,40
Fayette,WEBSTER WAYSIDE CC,"Public Service Commission, Place No. 2",,REP,Priscilla Andrews,20
Fayette,WEBSTER WAYSIDE CC,Secretary of State,,REP,Caroleene Dobson,70
Fayette,WEBSTER WAYSIDE CC,Secretary of State,,REP,Christopher Christian Horn,20
Fayette,WEBSTER WAYSIDE CC,Secretary of State,,REP,Glenda S. Jackson,13
Fayette,WEBSTER WAYSIDE CC,State Auditor,,REP,Andrew Sorrell,75
Fayette,WEBSTER WAYSIDE CC,State Auditor,,REP,Derek Chen,32
Fayette,WEBSTER WAYSIDE CC,State Treasurer,,REP,Steve Lolley,58
Fayette,WEBSTER WAYSIDE CC,State Treasurer,,REP,Young Boozer,55
Fayette,WEBSTER-WAYSIDE CC,Governor,,DEM,"Chad ""Chig"" Martin",0
Fayette,WEBSTER-WAYSIDE CC,Governor,,DEM,Doug Jones,2
Fayette,WEBSTER-WAYSIDE CC,Governor,,DEM,Jamel J. Brown,0
Fayette,WEBSTER-WAYSIDE CC,Governor,,DEM,"Nathan ""Nate"" Mathis",0
Fayette,WEBSTER-WAYSIDE CC,Governor,,DEM,Will Boyd,0
Fayette,WEBSTER-WAYSIDE CC,Governor,,DEM,Yolanda Rochelle Flowers,0
Fayette,WEBSTER-WAYSIDE CC,Lieutenant Governor,,DEM,Darryl D. Perryman,0
Fayette,WEBSTER-WAYSIDE CC,Lieutenant Governor,,DEM,Phillip Ensler,1
Fayette,WEBSTER-WAYSIDE CC,U.S. Senate,,DEM,Dakarai Larriett,0
Fayette,WEBSTER-WAYSIDE CC,U.S. Senate,,DEM,Everett Wess,0
Fayette,WEBSTER-WAYSIDE CC,U.S. Senate,,DEM,Kyle Sweetser,0
Fayette,WEBSTER-WAYSIDE CC,U.S. Senate,,DEM,Mark S. Wheeler II,1
Fayette,WEBSTER-WAYSIDE CC,"Public Service Commissioner, Place 1",,DEM,James O. Gordon,1
Fayette,WEBSTER-WAYSIDE CC,"Public Service Commissioner, Place 1",,DEM,Jeff Ramsey,0
Fayette,WEBSTER-WAYSIDE CC,"Public Service Commissioner, Place 1",,DEM,John Northrop,0
Fayette,WEBSTER-WAYSIDE CC,U.S. House,4,DEM,Amanda N. Pusczek,0
Fayette,WEBSTER-WAYSIDE CC,U.S. House,4,DEM,Shane Weaver,1
Fayette,WEBSTER-WAYSIDE CC,U.S. Senate,,REP,Barry Moore,37
Fayette,WEBSTER-WAYSIDE CC,U.S. Senate,,REP,Dale Shelton Deas Jr.,4
Fayette,WEBSTER-WAYSIDE CC,U.S. Senate,,REP,Jared Hudson,18
Fayette,WEBSTER-WAYSIDE CC,U.S. Senate,,REP,Morgan Murphy,4
Fayette,WEBSTER-WAYSIDE CC,U.S. Senate,,REP,Rodney Walker,3
Fayette,WEBSTER-WAYSIDE CC,U.S. Senate,,REP,Seth Burton,2
Fayette,WEBSTER-WAYSIDE CC,U.S. Senate,,REP,Steve Marshall,42
Fayette,WEBSTER-WAYSIDE CC,Fayette County Coroner,,REP,"Daniel Ewald, III",15
Fayette,WEBSTER-WAYSIDE CC,Fayette County Coroner,,REP,"Timothy ""TK"" Kimbrell",93
Fayette,WEBSTER-WAYSIDE CC,Fayette County Revenue Commissioner,,REP,Carrie Edmonson,65
Fayette,WEBSTER-WAYSIDE CC,Fayette County Revenue Commissioner,,REP,Jeananne Edwards,38
Fayette,WEBSTER-WAYSIDE CC,Fayette County Revenue Commissioner,,REP,Jerry M. Nichols,16
Fayette,WEBSTER-WAYSIDE CC,Fayette County Sheriff,,REP,Byron Yerby,68
Fayette,WEBSTER-WAYSIDE CC,Fayette County Sheriff,,REP,Roger Morrison,50
Fayette,WEBSTER-WAYSIDE CC,Governor,,REP,"""Alabama"" Will Santivasci",2
Fayette,WEBSTER-WAYSIDE CC,Governor,,REP,Ken McFeeters,13
Fayette,WEBSTER-WAYSIDE CC,Governor,,REP,Thomas Tuberville,104
Fayette,WEBSTER-WAYSIDE CC,Lieutenant Governor,,REP,George Childress,3
Fayette,WEBSTER-WAYSIDE CC,Lieutenant Governor,,REP,John Wahl,32
Fayette,WEBSTER-WAYSIDE CC,Lieutenant Governor,,REP,Nicole Jones Wadsworth,9
Fayette,WEBSTER-WAYSIDE CC,Lieutenant Governor,,REP,Pat Bishop,8
Fayette,WEBSTER-WAYSIDE CC,Lieutenant Governor,,REP,Rick Pate,3
Fayette,WEBSTER-WAYSIDE CC,Lieutenant Governor,,REP,Stewart Hill Tankersley,0
Fayette,WEBSTER-WAYSIDE CC,Lieutenant Governor,,REP,Wes Allen,57
Fayette,WEBSTER-WAYSIDE CC,Superintendent. Fayette County Board of Education,,REP,Jeremy Madden,62
Fayette,WEBSTER-WAYSIDE CC,Superintendent. Fayette County Board of Education,,REP,Steve Herring,16
Fayette,WEBSTER-WAYSIDE CC,Superintendent. Fayette County Board of Education,,REP,Steve Sawyer,35
Fayette,WEBSTER-WAYSIDE CC,U.S. House,4,REP,Robert B. Aderholt,98
Fayette,WEBSTER-WAYSIDE CC,U.S. House,4,REP,Tommy Barnes,21
